snapshot_utc,exchange,underlying,instrument,expiry,strike,type,mark_price,bid,ask,mark_iv,delta,gamma,vega,theta,open_interest,volume_24h,underlying_price
2026-07-29 03:43:13,deribit,BTC,BTC-28AUG26-59000-P,2026-08-28,59000,put,0.01574814,0.0155,0.0165,39.69,,,,,893.1,89.1,63882.61
2026-07-29 03:43:13,deribit,BTC,BTC-29JUL26-64000-C,2026-07-29,64000,call,0.00076013,0.0006,0.001,29.14,,,,,364.1,395.7,63665.36
2026-07-29 03:43:13,deribit,BTC,BTC-26MAR27-106000-P,2027-03-26,106000,put,0.63485401,0.6285,0.6395,41.32,,,,,0.0,0.0,65403.41
2026-07-29 03:43:13,deribit,BTC,BTC-28AUG26-105000-C,2026-08-28,105000,call,0.00015929,0.0001,0.0002,61.25,,,,,168.2,0.0,63882.23
2026-07-29 03:43:13,deribit,BTC,BTC-25SEP26-300000-P,2026-09-25,300000,put,3.68021973,3.52,3.8475,84.97,,,,,0.0,0.0,64100.31
2026-07-29 03:43:13,deribit,BTC,BTC-28AUG26-48000-C,2026-08-28,48000,call,0.25085165,0.2485,0.254,56.58,,,,,37.5,0.0,63882.23
2026-07-29 03:43:13,deribit,BTC,BTC-25DEC26-210000-P,2026-12-25,210000,put,2.24261486,2.133,2.362,58.79,,,,,0.0,0.0,64765.8
2026-07-29 03:43:13,deribit,BTC,BTC-25SEP26-35000-P,2026-09-25,35000,put,0.00160874,0.0015,0.0016,73.96,,,,,887.7,0.3,64100.14
2026-07-29 03:43:13,deribit,BTC,BTC-25SEP26-64000-P,2026-09-25,64000,put,0.05748185,0.0565,0.058,36.64,,,,,558.4,34.2,64100.31
2026-07-29 03:43:13,deribit,BTC,BTC-25SEP26-135000-P,2026-09-25,135000,put,1.10627591,1.034,1.1845,63.62,,,,,11.5,0.0,64100.14
2026-07-29 03:43:13,deribit,BTC,BTC-28AUG26-56000-P,2026-08-28,56000,put,0.00863106,0.008,0.009,43.22,,,,,795.2,80.0,63882.23
2026-07-29 03:43:13,deribit,BTC,BTC-25DEC26-80000-C,2026-12-25,80000,call,0.03099571,0.031,0.0315,39.26,,,,,8111.3,113.1,64766.18
2026-07-29 03:43:13,deribit,BTC,BTC-25DEC26-105000-P,2026-12-25,105000,put,0.62623672,0.619,0.635,42.24,,,,,109.4,0.0,64766.18
2026-07-29 03:43:13,deribit,BTC,BTC-29JUL26-66500-P,2026-07-29,66500,put,0.04451383,0.013,0.0815,41.33,,,,,0.0,0.0,63665.36
2026-07-29 03:43:13,deribit,BTC,BTC-25DEC26-200000-P,2026-12-25,200000,put,2.08826153,1.984,2.2025,57.93,,,,,0.0,0.0,64765.8
2026-07-29 03:43:13,deribit,BTC,BTC-31JUL26-115000-C,2026-07-31,115000,call,0.0,,0.0001,72.82,,,,,182.3,0.0,63682.34
2026-07-29 03:43:13,deribit,BTC,BTC-26MAR27-60000-C,2027-03-26,60000,call,0.17794413,0.177,0.1795,42.97,,,,,719.3,0.0,65403.41
2026-07-29 03:43:13,deribit,BTC,BTC-25DEC26-170000-P,2026-12-25,170000,put,1.62520108,1.5365,1.723,53.08,,,,,0.0,0.0,64766.18
2026-07-29 03:43:13,deribit,BTC,BTC-28AUG26-63000-C,2026-08-28,63000,call,0.04843716,0.0475,0.049,36.15,,,,,839.6,0.3,63882.23
2026-07-29 03:43:13,deribit,BTC,BTC-7AUG26-68000-P,2026-08-07,68000,put,0.07017551,0.0655,0.073,34.49,,,,,0.3,0.2,63735.71
2026-07-29 03:43:13,deribit,BTC,BTC-25DEC26-72000-C,2026-12-25,72000,call,0.05865957,0.058,0.0595,39.21,,,,,1121.4,0.0,64766.18
2026-07-29 03:43:13,deribit,BTC,BTC-25SEP26-78000-C,2026-09-25,78000,call,0.00572551,0.0055,0.006,35.21,,,,,4301.8,145.2,64100.31
2026-07-29 03:43:13,deribit,BTC,BTC-25DEC26-40000-P,2026-12-25,40000,put,0.01169748,0.0115,0.012,56.28,,,,,4119.5,114.8,64766.18
2026-07-29 03:43:13,deribit,BTC,BTC-25DEC26-135000-C,2026-12-25,135000,call,0.00123725,0.0011,0.0013,48.1,,,,,1089.8,3.0,64766.18
2026-07-29 03:43:13,deribit,BTC,BTC-31JUL26-65500-P,2026-07-31,65500,put,0.03127702,0.0275,0.0335,38.23,,,,,0.7,0.0,63682.34
2026-07-29 03:43:13,deribit,BTC,BTC-31JUL26-81000-C,2026-07-31,81000,call,6e-08,,0.0001,70.45,,,,,1462.6,0.0,63682.34
2026-07-29 03:43:13,deribit,BTC,BTC-7AUG26-64000-C,2026-08-07,64000,call,0.02058089,0.02,0.021,35.64,,,,,594.0,512.2,63735.88
2026-07-29 03:43:13,deribit,BTC,BTC-28AUG26-66000-P,2026-08-28,66000,put,0.05885885,0.0575,0.06,34.42,,,,,240.0,0.4,63882.23
2026-07-29 03:43:13,deribit,BTC,BTC-30JUL26-71000-C,2026-07-30,71000,call,6.1e-07,,0.0001,50.97,,,,,94.2,3.3,63665.36
2026-07-29 03:43:13,deribit,BTC,BTC-31JUL26-77000-C,2026-07-31,77000,call,3.65e-06,,0.0001,70.45,,,,,2720.0,0.0,63681.96
2026-07-29 03:43:13,deribit,BTC,BTC-7AUG26-66000-P,2026-08-07,66000,put,0.04432778,0.0425,0.046,34.47,,,,,60.1,0.1,63735.88
2026-07-29 03:43:13,deribit,BTC,BTC-25DEC26-104000-P,2026-12-25,104000,put,0.61097542,0.6035,0.679,41.86,,,,,0.0,0.0,64766.18
2026-07-29 03:43:13,deribit,BTC,BTC-1AUG26-65000-P,2026-08-01,65000,put,0.02644164,0.024,0.028,36.64,,,,,0.0,0.0,63665.36
2026-07-29 03:43:13,deribit,BTC,BTC-29JUL26-62500-C,2026-07-29,62500,call,0.01838258,0.0041,0.052,40.98,,,,,0.1,0.1,63665.36
2026-07-29 03:43:13,deribit,BTC,BTC-30JUL26-59000-C,2026-07-30,59000,call,0.07353287,0.0405,0.107,62.12,,,,,0.0,0.0,63665.36
2026-07-29 03:43:13,deribit,BTC,BTC-25JUN27-68000-P,2027-06-25,68000,put,0.17807209,0.176,0.179,42.7,,,,,9.1,2.1,66117.5
2026-07-29 03:43:13,deribit,BTC,BTC-25DEC26-85000-P,2026-12-25,85000,put,0.3329862,0.3275,0.3395,39.43,,,,,548.3,0.0,64766.18
2026-07-29 03:43:13,deribit,BTC,BTC-25DEC26-84000-P,2026-12-25,84000,put,0.3192792,0.314,0.3255,39.37,,,,,47.0,0.0,64766.18
2026-07-29 03:43:13,deribit,BTC,BTC-29JUL26-58000-C,2026-07-29,58000,call,0.08899546,0.057,0.12,65.22,,,,,0.0,0.0,63665.36
2026-07-29 03:43:13,deribit,BTC,BTC-31JUL26-85000-C,2026-07-31,85000,call,0.0,,0.0001,70.46,,,,,1276.2,0.0,63682.34
2026-07-29 03:43:13,deribit,BTC,BTC-25SEP26-84000-P,2026-09-25,84000,put,0.31307373,0.306,0.317,38.07,,,,,34.7,0.2,64100.31
2026-07-29 03:43:13,deribit,BTC,BTC-26MAR27-180000-P,2027-03-26,180000,put,1.75338172,1.6595,1.859,49.57,,,,,0.0,0.0,65403.41
2026-07-29 03:43:13,deribit,BTC,BTC-25JUN27-72000-C,2027-06-25,72000,call,0.12564894,0.1245,0.127,42.22,,,,,13.8,0.0,66116.9
2026-07-29 03:43:13,deribit,BTC,BTC-14AUG26-68000-C,2026-08-14,68000,call,0.0074005,0.007,0.008,33.84,,,,,550.8,253.7,63782.72
2026-07-29 03:43:13,deribit,BTC,BTC-29JUL26-66500-C,2026-07-29,66500,call,0.0,,0.0001,41.33,,,,,60.5,3.3,63665.36
2026-07-29 03:43:13,deribit,BTC,BTC-31JUL26-102000-P,2026-07-31,102000,put,0.60171251,0.593,0.607,70.5,,,,,0.1,0.0,63681.96
2026-07-29 03:43:13,deribit,BTC,BTC-31JUL26-92000-P,2026-07-31,92000,put,0.44468187,0.437,0.4495,70.5,,,,,0.4,0.0,63682.34
2026-07-29 03:43:13,deribit,BTC,BTC-25JUN27-110000-P,2027-06-25,110000,put,0.68854759,0.681,0.6915,42.12,,,,,0.2,0.0,66117.5
2026-07-29 03:43:13,deribit,BTC,BTC-25SEP26-150000-C,2026-09-25,150000,call,0.00012812,,0.0002,69.5,,,,,737.8,0.2,64100.14
2026-07-29 03:43:13,deribit,BTC,BTC-7AUG26-62000-P,2026-08-07,62000,put,0.01248955,0.012,0.013,37.92,,,,,428.6,41.1,63735.71
2026-07-29 03:43:13,deribit,BTC,BTC-25SEP26-165000-P,2026-09-25,165000,put,1.57417716,1.4875,1.6685,71.63,,,,,0.0,0.0,64100.31
2026-07-29 03:43:13,deribit,BTC,BTC-25SEP26-60000-C,2026-09-25,60000,call,0.09714735,0.096,0.0985,38.84,,,,,932.3,0.0,64100.31
2026-07-29 03:43:13,deribit,BTC,BTC-25SEP26-110000-P,2026-09-25,110000,put,0.7165647,0.707,0.7215,53.18,,,,,116.1,0.0,64100.31
2026-07-29 03:43:13,deribit,BTC,BTC-28AUG26-66000-C,2026-08-28,66000,call,0.02570527,0.025,0.0265,34.42,,,,,1246.2,21.2,63882.23
2026-07-29 03:43:13,deribit,BTC,BTC-25DEC26-130000-C,2026-12-25,130000,call,0.00141907,0.0012,0.0015,46.83,,,,,1565.4,1.3,64766.18
2026-07-29 03:43:13,deribit,BTC,BTC-14AUG26-64000-P,2026-08-14,64000,put,0.03162017,0.031,0.032,35.53,,,,,33.3,10.0,63782.34
2026-07-29 03:43:13,deribit,BTC,BTC-25SEP26-240000-C,2026-09-25,240000,call,5.9e-07,,0.0003,74.86,,,,,222.5,0.0,64100.31
2026-07-29 03:43:13,deribit,BTC,BTC-31JUL26-84000-P,2026-07-31,84000,put,0.31905737,0.313,0.3225,70.45,,,,,30.2,2.2,63681.96
2026-07-29 03:43:13,deribit,BTC,BTC-26MAR27-92000-C,2027-03-26,92000,call,0.02966184,0.029,0.0305,40.4,,,,,117.2,0.0,65403.41
2026-07-29 03:43:13,deribit,BTC,BTC-25JUN27-58000-P,2027-06-25,58000,put,0.10354079,0.102,0.1045,44.51,,,,,15.4,0.0,66116.9
2026-07-29 03:43:13,deribit,BTC,BTC-31JUL26-104000-P,2026-07-31,104000,put,0.63311864,0.624,0.6385,70.5,,,,,0.0,0.0,63681.96
2026-07-29 03:43:13,deribit,BTC,BTC-26MAR27-96000-P,2027-03-26,96000,put,0.49172362,0.486,0.4955,40.65,,,,,1.5,0.0,65403.41
2026-07-29 03:43:13,deribit,BTC,BTC-28AUG26-64000-P,2026-08-28,64000,put,0.04160558,0.041,0.042,35.44,,,,,472.4,17.1,63882.23
2026-07-29 03:43:13,deribit,BTC,BTC-1AUG26-67000-P,2026-08-01,67000,put,0.0531329,0.0475,0.0685,37.3,,,,,0.0,0.0,63665.36
2026-07-29 03:43:13,deribit,BTC,BTC-30JUL26-66000-C,2026-07-30,66000,call,0.00057223,0.0005,0.0007,40.16,,,,,186.2,178.7,63665.36
2026-07-29 03:43:13,deribit,BTC,BTC-25SEP26-115000-P,2026-09-25,115000,put,0.79446778,0.7845,0.7995,55.51,,,,,90.3,0.0,64100.31
2026-07-29 03:43:13,deribit,BTC,BTC-25JUN27-74000-C,2027-06-25,74000,call,0.11506026,0.114,0.1165,42.04,,,,,12.9,0.4,66117.5
2026-07-29 03:43:13,deribit,BTC,BTC-25JUN27-68000-C,2027-06-25,68000,call,0.14958512,0.1485,0.151,42.7,,,,,9.1,1.4,66117.5
2026-07-29 03:43:13,deribit,BTC,BTC-25SEP26-75000-C,2026-09-25,75000,call,0.00971815,0.0095,0.01,34.83,,,,,2999.7,2.8,64100.31
2026-07-29 03:43:13,deribit,BTC,BTC-31JUL26-105000-P,2026-07-31,105000,put,0.6488217,0.64,0.654,70.5,,,,,1.0,0.1,63682.34
2026-07-29 03:43:13,deribit,BTC,BTC-28AUG26-83000-P,2026-08-28,83000,put,0.300047,0.2935,0.304,42.33,,,,,0.0,0.0,63882.23
2026-07-29 03:43:13,deribit,BTC,BTC-26MAR27-65000-P,2027-03-26,65000,put,0.13135119,0.13,0.1325,41.86,,,,,663.1,0.0,65403.41
2026-07-29 03:43:13,deribit,BTC,BTC-14AUG26-58000-C,2026-08-14,58000,call,0.09704528,0.0945,0.1005,42.69,,,,,0.0,0.0,63782.72
2026-07-29 03:43:13,deribit,BTC,BTC-31JUL26-66000-C,2026-07-31,66000,call,0.00168463,0.0016,0.0019,38.46,,,,,1529.9,651.4,63682.34
2026-07-29 03:43:13,deribit,BTC,BTC-1AUG26-62000-P,2026-08-01,62000,put,0.00568924,0.0055,0.006,42.11,,,,,0.0,0.0,63665.36
2026-07-29 03:43:13,deribit,BTC,BTC-25DEC26-210000-C,2026-12-25,210000,call,0.00015982,0.0001,0.0003,58.79,,,,,150.4,0.0,64766.18
2026-07-29 03:43:13,deribit,BTC,BTC-25DEC26-92000-C,2026-12-25,92000,call,0.01190624,0.0115,0.012,40.09,,,,,250.4,15.4,64766.18
2026-07-29 03:43:13,deribit,BTC,BTC-25SEP26-240000-P,2026-09-25,240000,put,2.74417606,2.618,2.878,74.86,,,,,0.0,0.0,64100.31
2026-07-29 03:43:13,deribit,BTC,BTC-26MAR27-90000-C,2027-03-26,90000,call,0.03315861,0.0325,0.034,40.31,,,,,506.9,0.2,65403.41
2026-07-29 03:43:13,deribit,BTC,BTC-1AUG26-58000-C,2026-08-01,58000,call,0.09007681,0.0565,0.123,56.2,,,,,0.0,0.0,63665.36
2026-07-29 03:43:13,deribit,BTC,BTC-14AUG26-67000-P,2026-08-14,67000,put,0.06131917,0.059,0.0635,34.25,,,,,0.0,0.0,63782.72
2026-07-29 03:43:13,deribit,BTC,BTC-25SEP26-95000-P,2026-09-25,95000,put,0.48299562,0.4755,0.4875,43.98,,,,,147.6,0.0,64100.31
2026-07-29 03:43:13,deribit,BTC,BTC-25DEC26-86000-C,2026-12-25,86000,call,0.01891571,0.0185,0.019,39.46,,,,,304.3,16.6,64766.18
2026-07-29 03:43:13,deribit,BTC,BTC-29JUL26-61500-P,2026-07-29,61500,put,1.11e-06,,0.0001,46.86,,,,,244.6,215.1,63665.36
2026-07-29 03:43:13,deribit,BTC,BTC-25JUN27-90000-P,2027-06-25,90000,put,0.41770814,0.412,0.42,41.41,,,,,0.3,0.0,66117.5
2026-07-29 03:43:13,deribit,BTC,BTC-31JUL26-50000-P,2026-07-31,50000,put,2.139e-05,,0.0001,102.23,,,,,3157.3,150.0,63682.34
2026-07-29 03:43:13,deribit,BTC,BTC-26MAR27-160000-P,2027-03-26,160000,put,1.44841456,1.364,1.5445,47.59,,,,,0.0,0.0,65403.38
2026-07-29 03:43:13,deribit,BTC,BTC-25DEC26-74000-C,2026-12-25,74000,call,0.05002048,0.0495,0.0505,39.13,,,,,140.0,62.4,64765.8
2026-07-29 03:43:13,deribit,BTC,BTC-31JUL26-63500-C,2026-07-31,63500,call,0.01403837,0.0135,0.0145,40.81,,,,,143.3,136.1,63682.34
2026-07-29 03:43:13,deribit,BTC,BTC-31JUL26-73000-P,2026-07-31,73000,put,0.14637878,0.141,0.15,65.2,,,,,97.6,0.0,63682.34
2026-07-29 03:43:13,deribit,BTC,BTC-7AUG26-67000-P,2026-08-07,67000,put,0.0565915,0.0525,0.0595,34.21,,,,,51.9,0.1,63735.71
2026-07-29 03:43:13,deribit,BTC,BTC-25SEP26-58000-P,2026-09-25,58000,put,0.02490981,0.0245,0.0255,40.32,,,,,784.3,70.1,64100.31
2026-07-29 03:43:13,deribit,BTC,BTC-31JUL26-67500-C,2026-07-31,67500,call,0.00055808,0.0005,0.0007,43.13,,,,,32.2,24.1,63682.34
2026-07-29 03:43:13,deribit,BTC,BTC-25DEC26-54000-C,2026-12-25,54000,call,0.20659994,0.205,0.2085,44.23,,,,,33.0,0.0,64765.8
2026-07-29 03:43:13,deribit,BTC,BTC-25DEC26-200000-C,2026-12-25,200000,call,0.00020911,0.0001,0.0004,57.93,,,,,951.1,0.0,64765.8
2026-07-29 03:43:13,deribit,BTC,BTC-1AUG26-70000-P,2026-08-01,70000,put,0.09931097,0.062,0.14,46.34,,,,,0.0,0.0,63665.36
2026-07-29 03:43:13,deribit,BTC,BTC-1AUG26-64000-P,2026-08-01,64000,put,0.01672518,0.016,0.0175,37.93,,,,,0.0,0.0,63665.36
2026-07-29 03:43:13,deribit,BTC,BTC-31JUL26-46000-P,2026-07-31,46000,put,3.4e-07,,0.0001,103.19,,,,,1658.6,0.0,63682.34
2026-07-29 03:43:13,deribit,BTC,BTC-31JUL26-61000-C,2026-07-31,61000,call,0.04454477,0.043,0.046,49.43,,,,,836.4,90.8,63682.34
2026-07-29 03:43:13,deribit,BTC,BTC-25SEP26-320000-C,2026-09-25,320000,call,1.8e-07,,0.0001,85.42,,,,,276.6,0.0,64100.31
2026-07-29 03:43:13,deribit,BTC,BTC-25JUN27-72000-P,2027-06-25,72000,put,0.21463514,0.211,0.2155,42.22,,,,,1.3,0.0,66117.5
2026-07-29 03:43:13,deribit,BTC,BTC-29JUL26-63000-C,2026-07-29,63000,call,0.01074997,0.0075,0.0145,34.43,,,,,15.1,14.8,63665.36
2026-07-29 03:43:13,deribit,BTC,BTC-25DEC26-45000-C,2026-12-25,45000,call,0.3229144,0.3215,0.325,50.86,,,,,54.2,0.0,64766.18
2026-07-29 03:43:13,deribit,BTC,BTC-25JUN27-70000-C,2027-06-25,70000,call,0.13714054,0.136,0.1385,42.44,,,,,184.8,0.0,66116.9
2026-07-29 03:43:13,deribit,BTC,BTC-29JUL26-60000-C,2026-07-29,60000,call,0.05758151,0.0245,0.09,54.34,,,,,0.0,0.0,63665.36
2026-07-29 03:43:13,deribit,BTC,BTC-25DEC26-68000-P,2026-12-25,68000,put,0.13031027,0.128,0.1315,39.68,,,,,356.8,0.0,64766.18
2026-07-29 03:43:13,deribit,BTC,BTC-31JUL26-87000-C,2026-07-31,87000,call,0.0,,0.0001,70.47,,,,,377.4,0.0,63681.96
2026-07-29 03:43:13,deribit,BTC,BTC-26MAR27-98000-P,2027-03-26,98000,put,0.51983599,0.514,0.524,40.76,,,,,0.2,0.0,65403.41
2026-07-29 03:43:13,deribit,BTC,BTC-25DEC26-115000-P,2026-12-25,115000,put,0.77845046,0.77,0.8505,43.99,,,,,0.6,0.0,64766.18
2026-07-29 03:43:13,deribit,BTC,BTC-28AUG26-100000-P,2026-08-28,100000,put,0.56556067,0.557,0.57,56.47,,,,,0.1,0.0,63882.23
2026-07-29 03:43:13,deribit,BTC,BTC-31JUL26-94000-C,2026-07-31,94000,call,0.0,,0.0001,70.5,,,,,892.6,0.0,63682.34
2026-07-29 03:43:13,deribit,BTC,BTC-25JUN27-78000-P,2027-06-25,78000,put,0.27589373,0.2725,0.2775,41.71,,,,,0.3,0.0,66116.9
2026-07-29 03:43:13,deribit,BTC,BTC-7AUG26-70000-C,2026-08-07,70000,call,0.00135313,0.0012,0.0016,36.55,,,,,6673.5,61.7,63735.84
2026-07-29 03:43:13,deribit,BTC,BTC-25SEP26-84000-C,2026-09-25,84000,call,0.00261232,0.0026,0.0028,38.07,,,,,1503.3,7.3,64100.14
2026-07-29 03:43:13,deribit,BTC,BTC-25DEC26-102000-P,2026-12-25,102000,put,0.58084656,0.574,0.6485,41.59,,,,,7.7,0.0,64766.18
2026-07-29 03:43:13,deribit,BTC,BTC-31JUL26-61000-P,2026-07-31,61000,put,0.00243166,0.0023,0.0026,49.43,,,,,1492.3,320.6,63682.34
2026-07-29 03:43:13,deribit,BTC,BTC-1AUG26-67000-C,2026-08-01,67000,call,0.00115676,0.001,0.0014,37.3,,,,,24.5,24.5,63665.36
2026-07-29 03:43:13,deribit,BTC,BTC-25JUN27-120000-C,2027-06-25,120000,call,0.01689957,0.016,0.018,42.58,,,,,58.0,0.0,66116.9
2026-07-29 03:43:13,deribit,BTC,BTC-25SEP26-165000-C,2026-09-25,165000,call,5.652e-05,,0.0002,71.63,,,,,192.5,0.0,64100.31
2026-07-29 03:43:13,deribit,BTC,BTC-28AUG26-98000-P,2026-08-28,98000,put,0.53428365,0.526,0.5385,55.11,,,,,0.0,0.0,63882.23
2026-07-29 03:43:13,deribit,BTC,BTC-29JUL26-58000-P,2026-07-29,58000,put,0.0,,0.0001,65.22,,,,,28.7,0.5,63665.36
2026-07-29 03:43:13,deribit,BTC,BTC-25SEP26-65000-P,2026-09-25,65000,put,0.06528526,0.0645,0.066,36.19,,,,,645.8,50.0,64100.31
2026-07-29 03:43:13,deribit,BTC,BTC-31JUL26-58000-C,2026-07-31,58000,call,0.08973027,0.087,0.0935,63.44,,,,,257.2,0.0,63682.34
2026-07-29 03:43:13,deribit,BTC,BTC-26MAR27-170000-P,2027-03-26,170000,put,1.60085177,1.512,1.702,48.68,,,,,0.1,0.0,65403.41
2026-07-29 03:43:13,deribit,BTC,BTC-14AUG26-80000-C,2026-08-14,80000,call,0.00039993,0.0003,0.0005,46.73,,,,,376.6,0.0,63782.34
2026-07-29 03:43:13,deribit,BTC,BTC-31JUL26-62000-C,2026-07-31,62000,call,0.03086383,0.029,0.034,45.47,,,,,1451.1,4.6,63681.96
2026-07-29 03:43:13,deribit,BTC,BTC-25SEP26-160000-P,2026-09-25,160000,put,1.49620036,1.4115,1.5875,71.63,,,,,0.6,0.0,64100.31
2026-07-29 03:43:13,deribit,BTC,BTC-25SEP26-80000-P,2026-09-25,80000,put,0.25236147,0.2465,0.256,36.07,,,,,613.0,0.0,64100.31
2026-07-29 03:43:13,deribit,BTC,BTC-1AUG26-61500-C,2026-08-01,61500,call,0.03863841,0.035,0.0555,43.36,,,,,0.0,0.0,63665.36
2026-07-29 03:43:13,deribit,BTC,BTC-25SEP26-180000-C,2026-09-25,180000,call,1.78e-05,,0.0002,71.63,,,,,748.1,0.0,64100.31
2026-07-29 03:43:13,deribit,BTC,BTC-1AUG26-64500-C,2026-08-01,64500,call,0.00846197,0.008,0.009,37.12,,,,,7.9,7.9,63665.36
2026-07-29 03:43:13,deribit,BTC,BTC-26MAR27-90000-P,2027-03-26,90000,put,0.40924446,0.404,0.413,40.31,,,,,14.0,0.0,65403.41
2026-07-29 03:43:13,deribit,BTC,BTC-1AUG26-65500-C,2026-08-01,65500,call,0.00396805,0.0038,0.0043,36.43,,,,,0.6,0.6,63665.36
2026-07-29 03:43:13,deribit,BTC,BTC-26MAR27-54000-P,2027-03-26,54000,put,0.0623037,0.0615,0.0635,44.9,,,,,58.7,0.0,65403.41
2026-07-29 03:43:13,deribit,BTC,BTC-28AUG26-90000-C,2026-08-28,90000,call,0.00046005,0.0004,0.0005,49.67,,,,,330.4,2.0,63882.23
2026-07-29 03:43:13,deribit,BTC,BTC-30JUL26-65000-C,2026-07-30,65000,call,0.00222797,0.0021,0.0025,39.75,,,,,160.2,81.9,63665.36
2026-07-29 03:43:13,deribit,BTC,BTC-31JUL26-80000-C,2026-07-31,80000,call,1.8e-07,,0.0001,70.45,,,,,7014.4,0.0,63681.96
2026-07-29 03:43:13,deribit,BTC,BTC-26MAR27-60000-P,2027-03-26,60000,put,0.09532357,0.094,0.0965,42.97,,,,,619.2,0.0,65403.41
2026-07-29 03:43:13,deribit,BTC,BTC-31JUL26-60000-C,2026-07-31,60000,call,0.05919501,0.057,0.061,53.83,,,,,1034.6,0.1,63682.34
2026-07-29 03:43:13,deribit,BTC,BTC-1AUG26-57000-P,2026-08-01,57000,put,0.0005089,0.0004,0.0006,60.73,,,,,2.8,2.8,63665.36
2026-07-29 03:43:13,deribit,BTC,BTC-25DEC26-65000-C,2026-12-25,65000,call,0.10065112,0.1,0.1015,40.21,,,,,654.2,9.8,64766.18
2026-07-29 03:43:13,deribit,BTC,BTC-7AUG26-71000-C,2026-08-07,71000,call,0.000922,0.0009,0.0011,37.95,,,,,1358.8,23.3,63735.71
2026-07-29 03:43:13,deribit,BTC,BTC-31JUL26-56000-C,2026-07-31,56000,call,0.12087081,0.118,0.125,74.62,,,,,41.3,0.0,63682.34
2026-07-29 03:43:13,deribit,BTC,BTC-28AUG26-53000-C,2026-08-28,53000,call,0.17557105,0.173,0.179,48.3,,,,,5.9,0.0,63882.23
2026-07-29 03:43:13,deribit,BTC,BTC-25DEC26-190000-C,2026-12-25,190000,call,0.00023561,0.0001,0.0004,56.2,,,,,990.6,0.0,64766.18
2026-07-29 03:43:13,deribit,BTC,BTC-25SEP26-105000-P,2026-09-25,105000,put,0.6385628,0.63,0.643,49.24,,,,,104.6,0.0,64100.14
2026-07-29 03:43:13,deribit,BTC,BTC-31JUL26-60000-P,2026-07-31,60000,put,0.00137885,0.0013,0.0015,53.83,,,,,2806.7,239.8,63682.34
2026-07-29 03:43:13,deribit,BTC,BTC-25DEC26-230000-P,2026-12-25,230000,put,2.55140464,2.4315,2.682,62.24,,,,,0.0,0.0,64766.18
2026-07-29 03:43:13,deribit,BTC,BTC-25SEP26-72000-C,2026-09-25,72000,call,0.01648505,0.016,0.017,34.73,,,,,2626.0,133.3,64100.31
2026-07-29 03:43:13,deribit,BTC,BTC-30JUL26-63500-P,2026-07-30,63500,put,0.00836656,0.008,0.0085,42.59,,,,,101.7,25.8,63665.36
2026-07-29 03:43:13,deribit,BTC,BTC-25SEP26-130000-P,2026-09-25,130000,put,1.02830421,0.96,1.104,61.71,,,,,21.4,0.0,64100.31
2026-07-29 03:43:13,deribit,BTC,BTC-1AUG26-62500-C,2026-08-01,62500,call,0.02615904,0.0255,0.0275,40.69,,,,,5.0,5.0,63665.36
2026-07-29 03:43:13,deribit,BTC,BTC-25SEP26-70000-P,2026-09-25,70000,put,0.1153,0.1135,0.117,34.88,,,,,1529.6,2.7,64100.14
2026-07-29 03:43:13,deribit,BTC,BTC-26MAR27-150000-C,2027-03-26,150000,call,0.00271789,0.0025,0.0031,46.43,,,,,1898.9,0.4,65403.41
2026-07-29 03:43:13,deribit,BTC,BTC-25DEC26-45000-P,2026-12-25,45000,put,0.01772619,0.017,0.018,50.86,,,,,2895.6,226.6,64766.18
2026-07-29 03:43:13,deribit,BTC,BTC-1AUG26-69000-P,2026-08-01,69000,put,0.08374666,0.0475,0.1245,43.18,,,,,0.0,0.0,63665.36
2026-07-29 03:43:13,deribit,BTC,BTC-25JUN27-60000-C,2027-06-25,60000,call,0.20890426,0.2075,0.211,44.05,,,,,943.0,0.0,66116.9
2026-07-29 03:43:13,deribit,BTC,BTC-31JUL26-55000-P,2026-07-31,55000,put,0.00014888,0.0001,0.0002,78.7,,,,,1227.3,14.0,63682.34
2026-07-29 03:43:13,deribit,BTC,BTC-29JUL26-68000-P,2026-07-29,68000,put,0.06807429,0.0325,0.1065,44.47,,,,,0.0,0.0,63665.36
2026-07-29 03:43:13,deribit,BTC,BTC-29JUL26-61000-C,2026-07-29,61000,call,0.04187461,0.0125,0.074,48.35,,,,,0.0,0.0,63665.36
2026-07-29 03:43:13,deribit,BTC,BTC-30JUL26-61000-C,2026-07-30,61000,call,0.04288996,0.0385,0.049,52.09,,,,,0.0,0.0,63665.36
2026-07-29 03:43:13,deribit,BTC,BTC-14AUG26-50000-P,2026-08-14,50000,put,0.00080582,0.0008,0.0011,56.7,,,,,0.0,0.0,63782.34
2026-07-29 03:43:13,deribit,BTC,BTC-7AUG26-53000-C,2026-08-07,53000,call,0.16914642,0.1665,0.173,58.03,,,,,0.0,0.0,63735.71
2026-07-29 03:43:13,deribit,BTC,BTC-31JUL26-45000-C,2026-07-31,45000,call,0.29336222,0.291,0.297,103.19,,,,,0.0,0.0,63681.96
2026-07-29 03:43:13,deribit,BTC,BTC-30JUL26-63500-C,2026-07-30,63500,call,0.01103548,0.0105,0.0115,42.59,,,,,17.7,11.9,63665.36
2026-07-29 03:43:13,deribit,BTC,BTC-25SEP26-220000-C,2026-09-25,220000,call,1.27e-06,,0.0002,72.81,,,,,232.5,0.0,64100.14
2026-07-29 03:43:13,deribit,BTC,BTC-26MAR27-106000-C,2027-03-26,106000,call,0.01415034,0.0135,0.015,41.32,,,,,46.6,0.0,65403.41
2026-07-29 03:43:13,deribit,BTC,BTC-28AUG26-80000-C,2026-08-28,80000,call,0.00109597,0.001,0.0012,39.28,,,,,1888.5,2.9,63882.23
2026-07-29 03:43:13,deribit,BTC,BTC-25SEP26-100000-C,2026-09-25,100000,call,0.00068326,0.0006,0.0007,46.9,,,,,3606.1,0.1,64100.31
2026-07-29 03:43:13,deribit,BTC,BTC-26MAR27-98000-C,2027-03-26,98000,call,0.02144959,0.021,0.022,40.76,,,,,95.3,0.0,65403.41
2026-07-29 03:43:13,deribit,BTC,BTC-14AUG26-65000-P,2026-08-14,65000,put,0.03997899,0.0395,0.0405,34.74,,,,,29.0,6.4,63782.72
2026-07-29 03:43:13,deribit,BTC,BTC-31JUL26-92000-C,2026-07-31,92000,call,0.0,,0.0001,70.5,,,,,444.7,0.0,63682.34
2026-07-29 03:43:13,deribit,BTC,BTC-25SEP26-60000-P,2026-09-25,60000,put,0.03319122,0.0325,0.034,38.84,,,,,4494.5,127.2,64100.14
2026-07-29 03:43:13,deribit,BTC,BTC-7AUG26-61000-P,2026-08-07,61000,put,0.00870446,0.008,0.009,39.41,,,,,437.0,16.2,63735.84
2026-07-29 03:43:13,deribit,BTC,BTC-25DEC26-72000-P,2026-12-25,72000,put,0.17035844,0.1685,0.171,39.21,,,,,335.5,0.4,64765.8
2026-07-29 03:43:13,deribit,BTC,BTC-26MAR27-56000-C,2027-03-26,56000,call,0.21596372,0.214,0.2175,44.2,,,,,16.9,0.0,65403.41
2026-07-29 03:43:13,deribit,BTC,BTC-28AUG26-62000-P,2026-08-28,62000,put,0.02860663,0.028,0.0295,36.91,,,,,798.1,19.4,63882.23
2026-07-29 03:43:13,deribit,BTC,BTC-30JUL26-65500-P,2026-07-30,65500,put,0.02989171,0.0255,0.033,39.76,,,,,2.9,0.9,63665.36
2026-07-29 03:43:13,deribit,BTC,BTC-25JUN27-55000-C,2027-06-25,55000,call,0.25428564,0.253,0.2565,45.3,,,,,0.3,0.1,66116.9
2026-07-29 03:43:13,deribit,BTC,BTC-1AUG26-57000-C,2026-08-01,57000,call,0.10554412,0.073,0.1385,60.73,,,,,0.0,0.0,63665.36
2026-07-29 03:43:13,deribit,BTC,BTC-31JUL26-83000-P,2026-07-31,83000,put,0.30335431,0.2975,0.3075,70.45,,,,,29.5,0.0,63682.34
2026-07-29 03:43:13,deribit,BTC,BTC-29JUL26-61500-C,2026-07-29,61500,call,0.03402216,0.0125,0.067,46.86,,,,,0.0,0.0,63665.36
2026-07-29 03:43:13,deribit,BTC,BTC-25DEC26-56000-C,2026-12-25,56000,call,0.18388141,0.182,0.186,43.23,,,,,41.4,0.0,64766.18
2026-07-29 03:43:13,deribit,BTC,BTC-25SEP26-52000-P,2026-09-25,52000,put,0.01058395,0.01,0.011,46.15,,,,,1091.2,64.4,64100.14
2026-07-29 03:43:13,deribit,BTC,BTC-26MAR27-86000-P,2027-03-26,86000,put,0.35655651,0.352,0.36,40.23,,,,,1.7,0.0,65403.41
2026-07-29 03:43:13,deribit,BTC,BTC-26MAR27-40000-P,2027-03-26,40000,put,0.02110836,0.021,0.0215,53.22,,,,,1159.5,2.4,65403.41
2026-07-29 03:43:13,deribit,BTC,BTC-26MAR27-120000-C,2027-03-26,120000,call,0.00743915,0.007,0.008,42.68,,,,,328.2,6.1,65403.41
2026-07-29 03:43:13,deribit,BTC,BTC-31JUL26-77000-P,2026-07-31,77000,put,0.20913957,0.2035,0.213,70.45,,,,,245.0,2.0,63682.34
2026-07-29 03:43:13,deribit,BTC,BTC-1AUG26-63500-C,2026-08-01,63500,call,0.0159473,0.0155,0.0165,38.77,,,,,12.9,12.9,63665.36
2026-07-29 03:43:13,deribit,BTC,BTC-25JUN27-140000-C,2027-06-25,140000,call,0.00918124,0.0085,0.01,44.36,,,,,208.2,0.9,66117.5
2026-07-29 03:43:13,deribit,BTC,BTC-30JUL26-69000-P,2026-07-30,69000,put,0.08372928,0.047,0.1225,48.66,,,,,0.0,0.0,63665.36
2026-07-29 03:43:13,deribit,BTC,BTC-25SEP26-190000-C,2026-09-25,190000,call,1.096e-05,,0.0002,72.81,,,,,772.5,0.0,64100.14
2026-07-29 03:43:13,deribit,BTC,BTC-7AUG26-62000-C,2026-08-07,62000,call,0.03972492,0.039,0.0405,37.92,,,,,101.9,0.6,63735.71
2026-07-29 03:43:13,deribit,BTC,BTC-29JUL26-71000-P,2026-07-29,71000,put,0.11519521,0.078,0.1555,44.52,,,,,0.0,0.0,63665.36
2026-07-29 03:43:13,deribit,BTC,BTC-29JUL26-62000-P,2026-07-29,62000,put,1.064e-05,,0.0001,44.57,,,,,50.6,52.2,63665.36
2026-07-29 03:43:13,deribit,BTC,BTC-26MAR27-56000-P,2027-03-26,56000,put,0.07218453,0.071,0.073,44.2,,,,,80.4,0.0,65403.41
2026-07-29 03:43:13,deribit,BTC,BTC-25JUN27-56000-C,2027-06-25,56000,call,0.24469447,0.2435,0.247,45.02,,,,,1.9,0.0,66116.9
2026-07-29 03:43:13,deribit,BTC,BTC-25SEP26-64000-C,2026-09-25,64000,call,0.05903506,0.0585,0.06,36.64,,,,,408.6,81.2,64100.31
2026-07-29 03:43:13,deribit,BTC,BTC-28AUG26-40000-P,2026-08-28,40000,put,0.00069547,0.0006,0.0008,72.38,,,,,433.8,19.3,63882.23
2026-07-29 03:43:13,deribit,BTC,BTC-31JUL26-46000-C,2026-07-31,46000,call,0.2776594,0.275,0.281,103.19,,,,,0.0,0.0,63682.34
2026-07-29 03:43:13,deribit,BTC,BTC-31JUL26-57000-C,2026-07-31,57000,call,0.1052698,0.1025,0.1095,68.98,,,,,3.7,0.0,63682.34
2026-07-29 03:43:13,deribit,BTC,BTC-1AUG26-65000-C,2026-08-01,65000,call,0.00586776,0.0055,0.0065,36.64,,,,,10.5,10.5,63665.36
2026-07-29 03:43:13,deribit,BTC,BTC-31JUL26-94000-P,2026-07-31,94000,put,0.476088,0.4685,0.481,70.5,,,,,1.3,0.0,63682.34
2026-07-29 03:43:13,deribit,BTC,BTC-7AUG26-77000-C,2026-08-07,77000,call,0.000379,0.0002,0.0005,52.77,,,,,1030.4,19.6,63735.71
2026-07-29 03:43:13,deribit,BTC,BTC-25SEP26-220000-P,2026-09-25,220000,put,2.43216211,2.3165,2.555,72.81,,,,,1.8,0.0,64100.14
2026-07-29 03:43:13,deribit,BTC,BTC-25DEC26-50000-C,2026-12-25,50000,call,0.25584321,0.254,0.258,46.73,,,,,260.8,0.0,64766.18
2026-07-29 03:43:13,deribit,BTC,BTC-14AUG26-52000-C,2026-08-14,52000,call,0.18603607,0.1555,0.217,52.85,,,,,0.0,0.0,63782.72
2026-07-29 03:43:13,deribit,BTC,BTC-1AUG26-61000-P,2026-08-01,61000,put,0.00322516,0.0031,0.0034,44.89,,,,,10.0,10.0,63665.36
2026-07-29 03:43:13,deribit,BTC,BTC-7AUG26-75000-P,2026-08-07,75000,put,0.17714911,0.171,0.181,47.06,,,,,0.5,0.5,63735.88
2026-07-29 03:43:13,deribit,BTC,BTC-25JUN27-84000-C,2027-06-25,84000,call,0.07352567,0.0725,0.075,41.45,,,,,2.1,0.0,66117.5
2026-07-29 03:43:13,deribit,BTC,BTC-31JUL26-56000-P,2026-07-31,56000,put,0.00024238,0.0002,0.0003,74.62,,,,,2482.2,58.1,63682.34
2026-07-29 03:43:13,deribit,BTC,BTC-31JUL26-88000-C,2026-07-31,88000,call,0.0,,0.0001,70.47,,,,,588.7,0.1,63682.34
2026-07-29 03:43:13,deribit,BTC,BTC-25SEP26-40000-P,2026-09-25,40000,put,0.00258978,0.0025,0.0026,64.17,,,,,2287.0,10.8,64100.31
2026-07-29 03:43:13,deribit,BTC,BTC-25SEP26-280000-P,2026-09-25,280000,put,3.36820511,3.221,3.5245,81.51,,,,,0.0,0.0,64100.31
2026-07-29 03:43:13,deribit,BTC,BTC-30JUL26-62500-P,2026-07-30,62500,put,0.00358675,0.0035,0.0038,45.69,,,,,74.9,44.5,63665.36
2026-07-29 03:43:13,deribit,BTC,BTC-29JUL26-63000-P,2026-07-29,63000,put,0.00028938,0.0002,0.0004,34.43,,,,,303.9,345.3,63665.36
2026-07-29 03:43:13,deribit,BTC,BTC-7AUG26-69000-P,2026-08-07,69000,put,0.08461127,0.08,0.088,35.15,,,,,0.0,0.0,63735.71
2026-07-29 03:43:13,deribit,BTC,BTC-1AUG26-56000-P,2026-08-01,56000,put,0.00034995,0.0003,0.0005,65.09,,,,,12.0,15.4,63665.36
2026-07-29 03:43:13,deribit,BTC,BTC-25JUN27-88000-P,2027-06-25,88000,put,0.39255867,0.3875,0.3945,41.39,,,,,0.0,0.0,66116.9
2026-07-29 03:43:13,deribit,BTC,BTC-29JUL26-64500-P,2026-07-29,64500,put,0.01320414,0.0085,0.0175,32.72,,,,,67.6,6.3,63665.36
2026-07-29 03:43:13,deribit,BTC,BTC-31JUL26-63000-P,2026-07-31,63000,put,0.00833669,0.008,0.009,42.39,,,,,963.7,237.3,63682.34
2026-07-29 03:43:13,deribit,BTC,BTC-31JUL26-110000-P,2026-07-31,110000,put,0.72733702,0.7195,0.7325,70.83,,,,,46.2,0.0,63682.34
2026-07-29 03:43:13,deribit,BTC,BTC-31JUL26-96000-C,2026-07-31,96000,call,0.0,,0.0001,70.5,,,,,281.8,0.0,63682.34
2026-07-29 03:43:13,deribit,BTC,BTC-31JUL26-102000-C,2026-07-31,102000,call,0.0,,0.0001,70.5,,,,,460.8,0.0,63682.34
2026-07-29 03:43:13,deribit,BTC,BTC-29JUL26-70000-C,2026-07-29,70000,call,0.0,,0.0001,44.5,,,,,4.8,0.0,63665.36
2026-07-29 03:43:13,deribit,BTC,BTC-26MAR27-82000-P,2027-03-26,82000,put,0.30627725,0.302,0.3085,40.26,,,,,3.8,0.0,65403.41
2026-07-29 03:43:13,deribit,BTC,BTC-25DEC26-64000-C,2026-12-25,64000,call,0.10831403,0.1075,0.1095,40.46,,,,,392.7,0.2,64766.18
2026-07-29 03:43:13,deribit,BTC,BTC-26MAR27-95000-P,2027-03-26,95000,put,0.47767218,0.472,0.4815,40.55,,,,,0.6,0.1,65403.38
2026-07-29 03:43:13,deribit,BTC,BTC-31JUL26-110000-C,2026-07-31,110000,call,0.0,,0.0001,70.83,,,,,194.2,0.0,63681.96
2026-07-29 03:43:13,deribit,BTC,BTC-25DEC26-95000-C,2026-12-25,95000,call,0.00944368,0.009,0.01,40.38,,,,,1298.2,0.0,64766.18
2026-07-29 03:43:13,deribit,BTC,BTC-31JUL26-120000-P,2026-07-31,120000,put,0.88436766,0.8745,0.892,77.21,,,,,3.5,0.0,63682.34
2026-07-29 03:43:13,deribit,BTC,BTC-25SEP26-95000-C,2026-09-25,95000,call,0.00092617,0.0009,0.001,43.98,,,,,1866.4,0.0,64100.31
2026-07-29 03:43:13,deribit,BTC,BTC-7AUG26-64000-P,2026-08-07,64000,put,0.02472502,0.024,0.025,35.64,,,,,86.9,4.1,63735.88
2026-07-29 03:43:13,deribit,BTC,BTC-25SEP26-35000-C,2026-09-25,35000,call,0.45558315,0.454,0.457,73.96,,,,,29.3,0.0,64100.31
2026-07-29 03:43:13,deribit,BTC,BTC-25DEC26-240000-P,2026-12-25,240000,put,2.70576301,2.5805,2.8415,62.3,,,,,0.0,0.0,64766.18
2026-07-29 03:43:13,deribit,BTC,BTC-28AUG26-86000-P,2026-08-28,86000,put,0.34678901,0.34,0.351,45.06,,,,,0.0,0.0,63882.23
2026-07-29 03:43:13,deribit,BTC,BTC-31JUL26-62500-C,2026-07-31,62500,call,0.02465951,0.0235,0.0265,43.83,,,,,0.1,0.0,63681.96
2026-07-29 03:43:13,deribit,BTC,BTC-25JUN27-105000-C,2027-06-25,105000,call,0.02994582,0.029,0.031,41.76,,,,,48.2,3.2,66117.5
2026-07-29 03:43:13,deribit,BTC,BTC-31JUL26-65500-C,2026-07-31,65500,call,0.00272633,0.0026,0.003,38.23,,,,,34.8,7.2,63682.34
2026-07-29 03:43:13,deribit,BTC,BTC-25DEC26-86000-P,2026-12-25,86000,put,0.34677825,0.3405,0.364,39.46,,,,,23.4,0.0,64766.18
2026-07-29 03:43:13,deribit,BTC,BTC-28AUG26-79000-C,2026-08-28,79000,call,0.00122624,0.0011,0.0014,38.16,,,,,357.0,6.0,63882.23
2026-07-29 03:43:13,deribit,BTC,BTC-25SEP26-200000-C,2026-09-25,200000,call,5.29e-06,,0.0002,72.81,,,,,1009.2,0.0,64100.31
2026-07-29 03:43:13,deribit,BTC,BTC-28AUG26-78000-P,2026-08-28,78000,put,0.22246289,0.2165,0.226,37.38,,,,,4.1,0.0,63882.23
2026-07-29 03:43:13,deribit,BTC,BTC-26MAR27-150000-P,2027-03-26,150000,put,1.29616647,1.2165,1.3875,46.43,,,,,0.5,0.0,65403.38
2026-07-29 03:43:13,deribit,BTC,BTC-25SEP26-45000-P,2026-09-25,45000,put,0.00436763,0.0043,0.0044,55.6,,,,,1949.4,5.4,64100.31
2026-07-29 03:43:13,deribit,BTC,BTC-25DEC26-20000-C,2026-12-25,20000,call,0.69304943,0.692,0.6945,86.88,,,,,0.0,0.0,64766.18
2026-07-29 03:43:13,deribit,BTC,BTC-26MAR27-110000-C,2027-03-26,110000,call,0.0115406,0.011,0.012,41.58,,,,,522.5,0.0,65403.41
2026-07-29 03:43:13,deribit,BTC,BTC-25SEP26-145000-C,2026-09-25,145000,call,0.00017558,0.0001,0.0002,68.89,,,,,495.0,0.0,64100.14
2026-07-29 03:43:13,deribit,BTC,BTC-26MAR27-125000-C,2027-03-26,125000,call,0.00618003,0.0055,0.007,43.37,,,,,121.7,0.0,65403.41
2026-07-29 03:43:13,deribit,BTC,BTC-25DEC26-150000-P,2026-12-25,150000,put,1.31673687,1.237,1.4045,50.42,,,,,2.0,0.0,64765.8
2026-07-29 03:43:13,deribit,BTC,BTC-25JUN27-120000-P,2027-06-25,120000,put,0.83187658,0.824,0.835,42.58,,,,,0.0,0.0,66116.9
2026-07-29 03:43:13,deribit,BTC,BTC-25SEP26-160000-C,2026-09-25,160000,call,8.338e-05,,0.0004,71.63,,,,,1444.3,0.2,64100.31
2026-07-29 03:43:13,deribit,BTC,BTC-25JUN27-64000-P,2027-06-25,64000,put,0.14508312,0.1435,0.146,43.25,,,,,14.0,0.5,66117.5
2026-07-29 03:43:13,deribit,BTC,BTC-25JUN27-95000-C,2027-06-25,95000,call,0.04550279,0.0445,0.0465,41.47,,,,,10.8,0.0,66116.9
2026-07-29 03:43:13,deribit,BTC,BTC-25DEC26-98000-C,2026-12-25,98000,call,0.00770643,0.0075,0.008,40.89,,,,,206.6,0.0,64765.8
2026-07-29 03:43:13,deribit,BTC,BTC-14AUG26-52000-P,2026-08-14,52000,put,0.00130952,0.0013,0.0017,52.85,,,,,0.0,0.0,63782.72
2026-07-29 03:43:13,deribit,BTC,BTC-31JUL26-93000-P,2026-07-31,93000,put,0.46038494,0.453,0.465,70.5,,,,,0.5,0.0,63682.34
2026-07-29 03:43:13,deribit,BTC,BTC-25DEC26-108000-P,2026-12-25,108000,put,0.67163759,0.664,0.741,42.6,,,,,0.0,0.0,64765.8
2026-07-29 03:43:13,deribit,BTC,BTC-25JUN27-74000-P,2027-06-25,74000,put,0.23429608,0.231,0.2355,42.04,,,,,0.1,0.0,66117.5
2026-07-29 03:43:13,deribit,BTC,BTC-28AUG26-94000-P,2026-08-28,94000,put,0.47180201,0.464,0.476,53.16,,,,,0.0,0.0,63882.61
2026-07-29 03:43:13,deribit,BTC,BTC-25SEP26-86000-C,2026-09-25,86000,call,0.0020561,0.0019,0.0022,39.01,,,,,664.7,0.0,64100.14
2026-07-29 03:43:13,deribit,BTC,BTC-25DEC26-115000-C,2026-12-25,115000,call,0.00282032,0.0026,0.0031,43.99,,,,,2339.6,1.1,64766.18
2026-07-29 03:43:13,deribit,BTC,BTC-31JUL26-64000-P,2026-07-31,64000,put,0.01492159,0.0145,0.0155,39.69,,,,,838.8,36.0,63682.34
2026-07-29 03:43:13,deribit,BTC,BTC-31JUL26-93000-C,2026-07-31,93000,call,0.0,,0.0001,70.5,,,,,106.6,0.0,63682.34
2026-07-29 03:43:13,deribit,BTC,BTC-26MAR27-140000-P,2027-03-26,140000,put,1.14421159,1.0695,1.232,45.2,,,,,0.0,0.0,65403.41
2026-07-29 03:43:13,deribit,BTC,BTC-25DEC26-80000-P,2026-12-25,80000,put,0.26621668,0.2605,0.2715,39.26,,,,,952.0,0.5,64766.18
2026-07-29 03:43:13,deribit,BTC,BTC-25SEP26-56000-P,2026-09-25,56000,put,0.018602,0.018,0.019,41.99,,,,,1164.8,129.0,64100.31
2026-07-29 03:43:13,deribit,BTC,BTC-28AUG26-50000-P,2026-08-28,50000,put,0.00303445,0.0028,0.0032,52.87,,,,,1320.1,12.5,63882.23
2026-07-29 03:43:13,deribit,BTC,BTC-7AUG26-55000-P,2026-08-07,55000,put,0.00113488,0.001,0.0011,52.07,,,,,239.7,108.0,63735.71
2026-07-29 03:43:13,deribit,BTC,BTC-31JUL26-59000-C,2026-07-31,59000,call,0.07432674,0.072,0.078,58.38,,,,,196.7,0.2,63682.34
2026-07-29 03:43:13,deribit,BTC,BTC-26MAR27-70000-P,2027-03-26,70000,put,0.17492702,0.172,0.176,41.08,,,,,211.8,0.1,65403.38
2026-07-29 03:43:13,deribit,BTC,BTC-25JUN27-86000-C,2027-06-25,86000,call,0.0672714,0.066,0.0685,41.41,,,,,1.6,0.0,66116.9
2026-07-29 03:43:13,deribit,BTC,BTC-30JUL26-65000-P,2026-07-30,65000,put,0.02311805,0.019,0.026,39.75,,,,,22.3,0.0,63665.36
2026-07-29 03:43:13,deribit,BTC,BTC-31JUL26-86000-P,2026-07-31,86000,put,0.35046349,0.343,0.355,70.46,,,,,15.2,0.0,63682.34
2026-07-29 03:43:13,deribit,BTC,BTC-26MAR27-64000-C,2027-03-26,64000,call,0.1449375,0.144,0.146,42.04,,,,,85.4,0.0,65403.41
2026-07-29 03:43:13,deribit,BTC,BTC-25DEC26-82000-P,2026-12-25,82000,put,0.29237632,0.287,0.297,39.29,,,,,158.7,0.0,64765.8
2026-07-29 03:43:13,deribit,BTC,BTC-28AUG26-78000-C,2026-08-28,78000,call,0.0014632,0.0013,0.0017,37.38,,,,,1095.9,0.3,63882.23
2026-07-29 03:43:13,deribit,BTC,BTC-25DEC26-90000-P,2026-12-25,90000,put,0.4034354,0.398,0.4105,39.83,,,,,590.5,0.0,64765.8
2026-07-29 03:43:13,deribit,BTC,BTC-31JUL26-95000-C,2026-07-31,95000,call,0.0,,0.0001,70.5,,,,,135.8,0.0,63682.34
2026-07-29 03:43:13,deribit,BTC,BTC-28AUG26-92000-C,2026-08-28,92000,call,0.00036023,0.0003,0.0004,50.91,,,,,59.2,0.9,63882.23
2026-07-29 03:43:13,deribit,BTC,BTC-26MAR27-50000-C,2027-03-26,50000,call,0.28165312,0.2795,0.284,46.7,,,,,20.5,0.0,65403.41
2026-07-29 03:43:13,deribit,BTC,BTC-31JUL26-78000-P,2026-07-31,78000,put,0.22484038,0.219,0.228,70.45,,,,,444.4,0.0,63682.34
2026-07-29 03:43:13,deribit,BTC,BTC-28AUG26-79000-P,2026-08-28,79000,put,0.23787978,0.232,0.2415,38.16,,,,,0.3,0.0,63882.23
2026-07-29 03:43:13,deribit,BTC,BTC-7AUG26-72000-C,2026-08-07,72000,call,0.00068173,0.0006,0.0008,39.8,,,,,5602.9,13.5,63735.84
2026-07-29 03:43:13,deribit,BTC,BTC-25JUN27-140000-P,2027-06-25,140000,put,1.12665442,1.0495,1.2205,44.36,,,,,0.0,0.0,66117.5
2026-07-29 03:43:13,deribit,BTC,BTC-25DEC26-180000-P,2026-12-25,180000,put,1.77949213,1.6855,1.8825,53.92,,,,,0.0,0.0,64765.8
2026-07-29 03:43:13,deribit,BTC,BTC-28AUG26-88000-P,2026-08-28,88000,put,0.37806043,0.3705,0.382,47.61,,,,,0.0,0.0,63882.23
2026-07-29 03:43:13,deribit,BTC,BTC-31JUL26-98000-P,2026-07-31,98000,put,0.53890026,0.5305,0.544,70.5,,,,,0.1,0.0,63682.34
2026-07-29 03:43:13,deribit,BTC,BTC-28AUG26-96000-P,2026-08-28,96000,put,0.50299925,0.495,0.5075,53.36,,,,,0.1,0.0,63882.23
2026-07-29 03:43:13,deribit,BTC,BTC-28AUG26-86000-C,2026-08-28,86000,call,0.00055858,0.0005,0.0007,45.06,,,,,165.7,0.0,63882.23
2026-07-29 03:43:13,deribit,BTC,BTC-25JUN27-76000-C,2027-06-25,76000,call,0.1051828,0.104,0.1065,41.86,,,,,13.7,0.0,66116.9
2026-07-29 03:43:13,deribit,BTC,BTC-25DEC26-35000-P,2026-12-25,35000,put,0.00778651,0.0075,0.008,62.59,,,,,2310.1,3.5,64766.18
2026-07-29 03:43:13,deribit,BTC,BTC-31JUL26-75000-P,2026-07-31,75000,put,0.17775191,0.1725,0.1815,70.45,,,,,225.2,0.5,63682.34
2026-07-29 03:43:13,deribit,BTC,BTC-7AUG26-71000-P,2026-08-07,71000,put,0.1148944,0.1095,0.1195,37.95,,,,,0.0,0.0,63735.71
2026-07-29 03:43:13,deribit,BTC,BTC-25SEP26-150000-P,2026-09-25,150000,put,1.34023779,1.2615,1.4255,69.5,,,,,0.7,0.0,64100.31
2026-07-29 03:43:13,deribit,BTC,BTC-28AUG26-57000-C,2026-08-28,57000,call,0.11832675,0.116,0.1215,42.06,,,,,26.5,0.0,63882.23
2026-07-29 03:43:13,deribit,BTC,BTC-26MAR27-50000-P,2027-03-26,50000,put,0.04613598,0.045,0.047,46.7,,,,,2023.6,0.1,65403.41
2026-07-29 03:43:13,deribit,BTC,BTC-29JUL26-64000-P,2026-07-29,64000,put,0.00600652,0.005,0.007,29.14,,,,,65.7,29.1,63665.36
2026-07-29 03:43:13,deribit,BTC,BTC-26MAR27-190000-C,2027-03-26,190000,call,0.00099643,0.0008,0.0014,50.51,,,,,881.3,0.2,65403.41
2026-07-29 03:43:13,deribit,BTC,BTC-31JUL26-76000-P,2026-07-31,76000,put,0.19344203,0.188,0.1965,70.45,,,,,431.3,1.0,63681.96
2026-07-29 03:43:13,deribit,BTC,BTC-25DEC26-110000-C,2026-12-25,110000,call,0.00364609,0.0034,0.0039,42.96,,,,,2640.4,1.2,64766.18
2026-07-29 03:43:13,deribit,BTC,BTC-28AUG26-48000-P,2026-08-28,48000,put,0.00223608,0.002,0.0024,56.58,,,,,843.6,1.4,63882.61
2026-07-29 03:43:13,deribit,BTC,BTC-31JUL26-104000-C,2026-07-31,104000,call,0.0,,0.0001,70.5,,,,,511.1,0.0,63682.34
2026-07-29 03:43:13,deribit,BTC,BTC-25SEP26-88000-P,2026-09-25,88000,put,0.37450261,0.367,0.38,39.95,,,,,5.4,0.6,64100.31
2026-07-29 03:43:13,deribit,BTC,BTC-30JUL26-60000-P,2026-07-30,60000,put,0.00040054,0.0003,0.0005,56.7,,,,,67.2,35.8,63665.36
2026-07-29 03:43:13,deribit,BTC,BTC-29JUL26-59000-C,2026-07-29,59000,call,0.07328849,0.0405,0.1045,58.96,,,,,0.0,0.0,63665.36
2026-07-29 03:43:13,deribit,BTC,BTC-14AUG26-60000-C,2026-08-14,60000,call,0.07030154,0.068,0.0735,39.74,,,,,0.0,0.0,63782.72
2026-07-29 03:43:13,deribit,BTC,BTC-31JUL26-63500-P,2026-07-31,63500,put,0.01118293,0.011,0.0115,40.81,,,,,198.6,152.9,63681.96
2026-07-29 03:43:13,deribit,BTC,BTC-1AUG26-63500-P,2026-08-01,63500,put,0.01296947,0.0125,0.0135,38.77,,,,,10.3,10.3,63665.36
2026-07-29 03:43:13,deribit,BTC,BTC-26MAR27-76000-P,2027-03-26,76000,put,0.2361596,0.233,0.2375,40.43,,,,,19.2,0.0,65403.41
2026-07-29 03:43:13,deribit,BTC,BTC-25SEP26-76000-C,2026-09-25,76000,call,0.00810364,0.008,0.0085,34.88,,,,,2283.7,66.9,64100.14
2026-07-29 03:43:13,deribit,BTC,BTC-29JUL26-59000-P,2026-07-29,59000,put,0.0,,0.0002,58.96,,,,,21.8,0.1,63665.36
2026-07-29 03:43:13,deribit,BTC,BTC-30JUL26-57000-C,2026-07-30,57000,call,0.1047806,0.0725,0.1355,68.08,,,,,0.0,0.0,63665.36
2026-07-29 03:43:13,deribit,BTC,BTC-25SEP26-110000-C,2026-09-25,110000,call,0.00048427,0.0004,0.0005,53.18,,,,,1301.1,0.0,64100.31
2026-07-29 03:43:13,deribit,BTC,BTC-25DEC26-82000-C,2026-12-25,82000,call,0.02627483,0.026,0.0265,39.29,,,,,485.3,8.0,64765.8
2026-07-29 03:43:13,deribit,BTC,BTC-25SEP26-55000-P,2026-09-25,55000,put,0.01609069,0.0155,0.0165,42.91,,,,,3227.8,17.4,64100.31
2026-07-29 03:43:13,deribit,BTC,BTC-25DEC26-130000-P,2026-12-25,130000,put,1.00865315,0.9995,1.087,46.83,,,,,52.1,0.0,64766.18
2026-07-29 03:43:13,deribit,BTC,BTC-25DEC26-106000-C,2026-12-25,106000,call,0.0046092,0.0044,0.0049,42.25,,,,,319.2,0.4,64765.8
2026-07-29 03:43:13,deribit,BTC,BTC-7AUG26-60000-C,2026-08-07,60000,call,0.06466898,0.062,0.0685,41.13,,,,,10.0,6.1,63735.71
2026-07-29 03:43:13,deribit,BTC,BTC-25DEC26-30000-C,2026-12-25,30000,call,0.54166558,0.5405,0.543,69.11,,,,,289.3,0.0,64766.18
2026-07-29 03:43:13,deribit,BTC,BTC-25DEC26-180000-C,2026-12-25,180000,call,0.00024496,0.0002,0.0005,53.92,,,,,923.8,0.0,64766.18
2026-07-29 03:43:13,deribit,BTC,BTC-31JUL26-68000-P,2026-07-31,68000,put,0.06827119,0.0625,0.0715,45.94,,,,,400.6,0.2,63682.34
2026-07-29 03:43:13,deribit,BTC,BTC-25SEP26-74000-P,2026-09-25,74000,put,0.1660552,0.1615,0.169,34.76,,,,,110.7,0.0,64100.14
2026-07-29 03:43:13,deribit,BTC,BTC-25DEC26-106000-P,2026-12-25,106000,put,0.64127699,0.634,0.71,42.25,,,,,0.1,0.0,64765.8
2026-07-29 03:43:13,deribit,BTC,BTC-28AUG26-84000-P,2026-08-28,84000,put,0.3156362,0.3085,0.3195,43.42,,,,,0.7,0.0,63882.23
2026-07-29 03:43:13,deribit,BTC,BTC-26MAR27-88000-P,2027-03-26,88000,put,0.38265098,0.3775,0.386,40.26,,,,,4.4,0.0,65403.41
2026-07-29 03:43:13,deribit,BTC,BTC-14AUG26-64000-C,2026-08-14,64000,call,0.02820668,0.0275,0.029,35.53,,,,,100.4,89.8,63782.72
2026-07-29 03:43:13,deribit,BTC,BTC-7AUG26-58000-C,2026-08-07,58000,call,0.09302076,0.0905,0.096,45.27,,,,,0.0,0.0,63735.88
2026-07-29 03:43:13,deribit,BTC,BTC-31JUL26-89000-C,2026-07-31,89000,call,0.0,,0.0001,70.48,,,,,237.4,0.0,63681.96
2026-07-29 03:43:13,deribit,BTC,BTC-1AUG26-60000-C,2026-08-01,60000,call,0.05979409,0.0555,0.0705,48.1,,,,,0.0,0.0,63665.36
2026-07-29 03:43:13,deribit,BTC,BTC-30JUL26-61000-P,2026-07-30,61000,put,0.00095604,0.0009,0.001,52.09,,,,,76.1,55.9,63665.36
2026-07-29 03:43:13,deribit,BTC,BTC-31JUL26-57000-P,2026-07-31,57000,put,0.00034444,0.0003,0.0004,68.98,,,,,540.5,74.2,63681.96
2026-07-29 03:43:13,deribit,BTC,BTC-25DEC26-62000-P,2026-12-25,62000,put,0.08213005,0.081,0.083,41.01,,,,,693.2,0.7,64766.18
2026-07-29 03:43:13,deribit,BTC,BTC-7AUG26-66000-C,2026-08-07,66000,call,0.00880414,0.0085,0.0095,34.47,,,,,492.8,227.6,63735.71
2026-07-29 03:43:13,deribit,BTC,BTC-25SEP26-45000-C,2026-09-25,45000,call,0.30233473,0.3005,0.3055,55.6,,,,,153.4,0.0,64100.31
2026-07-29 03:43:13,deribit,BTC,BTC-31JUL26-52000-C,2026-07-31,52000,call,0.18348696,0.1805,0.1875,93.04,,,,,0.5,0.0,63682.34
2026-07-29 03:43:13,deribit,BTC,BTC-30JUL26-61500-P,2026-07-30,61500,put,0.00147233,0.0014,0.0016,49.72,,,,,1.9,2.0,63665.36
2026-07-29 03:43:13,deribit,BTC,BTC-26MAR27-200000-C,2027-03-26,200000,call,0.00077834,0.0007,0.001,51.2,,,,,498.5,0.2,65403.41
2026-07-29 03:43:13,deribit,BTC,BTC-30JUL26-59000-P,2026-07-30,59000,put,0.00018694,0.0001,0.0003,62.12,,,,,59.4,42.9,63665.36
2026-07-29 03:43:13,deribit,BTC,BTC-14AUG26-50000-C,2026-08-14,50000,call,0.21688903,0.1885,0.2465,56.7,,,,,0.0,0.0,63782.72
2026-07-29 03:43:13,deribit,BTC,BTC-31JUL26-96000-P,2026-07-31,96000,put,0.50749413,0.499,0.5125,70.5,,,,,0.1,0.0,63682.34
2026-07-29 03:43:13,deribit,BTC,BTC-31JUL26-66500-P,2026-07-31,66500,put,0.04534049,0.0405,0.048,39.42,,,,,0.0,0.0,63682.34
2026-07-29 03:43:13,deribit,BTC,BTC-25DEC26-140000-P,2026-12-25,140000,put,1.1626256,1.089,1.2455,48.76,,,,,0.2,0.0,64766.18
2026-07-29 03:43:13,deribit,BTC,BTC-25SEP26-125000-P,2026-09-25,125000,put,0.95030056,0.9395,1.0225,58.7,,,,,22.7,0.0,64100.31
2026-07-29 03:43:13,deribit,BTC,BTC-28AUG26-92000-P,2026-08-28,92000,put,0.44051372,0.433,0.445,50.91,,,,,1.3,0.0,63882.23
2026-07-29 03:43:13,deribit,BTC,BTC-25JUN27-55000-P,2027-06-25,55000,put,0.0861501,0.085,0.0875,45.3,,,,,7.3,0.0,66116.9
2026-07-29 03:43:13,deribit,BTC,BTC-7AUG26-60000-P,2026-08-07,60000,put,0.0060541,0.0055,0.0065,41.13,,,,,1549.0,204.0,63735.71
2026-07-29 03:43:13,deribit,BTC,BTC-26MAR27-102000-P,2027-03-26,102000,put,0.57693944,0.5705,0.581,41.04,,,,,0.0,0.0,65403.41
2026-07-29 03:43:13,deribit,BTC,BTC-28AUG26-75000-P,2026-08-28,75000,put,0.17669361,0.1715,0.1805,35.25,,,,,34.0,0.0,63882.23
2026-07-29 03:43:13,deribit,BTC,BTC-26MAR27-96000-C,2027-03-26,96000,call,0.02391653,0.0235,0.0245,40.65,,,,,124.9,0.0,65403.41
2026-07-29 03:43:13,deribit,BTC,BTC-25SEP26-98000-P,2026-09-25,98000,put,0.52960146,0.5215,0.5355,45.46,,,,,0.1,0.0,64100.31
2026-07-29 03:43:13,deribit,BTC,BTC-25SEP26-40000-C,2026-09-25,40000,call,0.37856053,0.377,0.3805,64.17,,,,,34.3,0.0,64100.31
2026-07-29 03:43:13,deribit,BTC,BTC-28AUG26-77000-C,2026-08-28,77000,call,0.00175513,0.0018,0.002,36.6,,,,,225.4,0.1,63882.23
2026-07-29 03:43:13,deribit,BTC,BTC-25JUN27-100000-P,2027-06-25,100000,put,0.54934793,0.543,0.552,41.61,,,,,0.0,0.0,66116.9
2026-07-29 03:43:13,deribit,BTC,BTC-25SEP26-155000-C,2026-09-25,155000,call,9.924e-05,,0.0002,70.38,,,,,363.0,0.0,64100.14
2026-07-29 03:43:13,deribit,BTC,BTC-31JUL26-45000-P,2026-07-31,45000,put,9e-08,,0.0001,103.19,,,,,1063.6,0.0,63681.96
2026-07-29 03:43:13,deribit,BTC,BTC-28AUG26-82000-P,2026-08-28,82000,put,0.28444422,0.2775,0.2885,41.06,,,,,1.0,0.0,63882.23
2026-07-29 03:43:13,deribit,BTC,BTC-29JUL26-71000-C,2026-07-29,71000,call,0.0,,0.0001,44.52,,,,,3.2,0.0,63665.36
2026-07-29 03:43:13,deribit,BTC,BTC-25DEC26-70000-P,2026-12-25,70000,put,0.14957551,0.148,0.151,39.4,,,,,1034.9,0.0,64766.18
2026-07-29 03:43:13,deribit,BTC,BTC-25SEP26-68000-P,2026-09-25,68000,put,0.09315792,0.092,0.094,35.2,,,,,640.7,0.0,64100.31
2026-07-29 03:43:13,deribit,BTC,BTC-30JUL26-62000-P,2026-07-30,62000,put,0.00228441,0.0022,0.0025,47.5,,,,,153.3,100.7,63665.36
2026-07-29 03:43:13,deribit,BTC,BTC-30JUL26-62000-C,2026-07-30,62000,call,0.02851234,0.025,0.0435,47.5,,,,,0.0,0.0,63665.36
2026-07-29 03:43:13,deribit,BTC,BTC-25DEC26-125000-C,2026-12-25,125000,call,0.00176602,0.0016,0.0018,45.93,,,,,596.1,0.4,64766.18
2026-07-29 03:43:13,deribit,BTC,BTC-26MAR27-95000-C,2027-03-26,95000,call,0.02515474,0.0245,0.026,40.55,,,,,176.4,0.0,65403.38
2026-07-29 03:43:13,deribit,BTC,BTC-25JUN27-40000-P,2027-06-25,40000,put,0.03085787,0.0295,0.032,52.14,,,,,475.9,0.6,66116.9
2026-07-29 03:43:13,deribit,BTC,BTC-25DEC26-70000-C,2026-12-25,70000,call,0.06875717,0.068,0.0695,39.4,,,,,1095.4,100.0,64766.18
2026-07-29 03:43:13,deribit,BTC,BTC-31JUL26-79000-C,2026-07-31,79000,call,5.2e-07,,0.0001,70.45,,,,,1606.2,0.0,63682.34
2026-07-29 03:43:13,deribit,BTC,BTC-25DEC26-30000-P,2026-12-25,30000,put,0.00487344,0.0047,0.005,69.11,,,,,2161.8,2.9,64765.8
2026-07-29 03:43:13,deribit,BTC,BTC-25SEP26-140000-C,2026-09-25,140000,call,0.00017724,0.0001,0.0003,66.34,,,,,1184.5,1.1,64100.31
2026-07-29 03:43:13,deribit,BTC,BTC-25JUN27-95000-P,2027-06-25,95000,put,0.48235959,0.4765,0.485,41.47,,,,,20.0,0.0,66116.9
2026-07-29 03:43:13,deribit,BTC,BTC-25DEC26-100000-C,2026-12-25,100000,call,0.00653929,0.0065,0.007,40.97,,,,,3672.0,101.6,64765.8
2026-07-29 03:43:13,deribit,BTC,BTC-25JUN27-82000-P,2027-06-25,82000,put,0.32063511,0.316,0.3225,41.52,,,,,0.1,0.0,66116.9
2026-07-29 03:43:13,deribit,BTC,BTC-25SEP26-180000-P,2026-09-25,180000,put,1.8081494,1.713,1.909,71.63,,,,,7.3,0.0,64100.31
2026-07-29 03:43:13,deribit,BTC,BTC-31JUL26-74000-P,2026-07-31,74000,put,0.16205544,0.157,0.1655,66.71,,,,,177.2,54.6,63681.96
2026-07-29 03:43:13,deribit,BTC,BTC-31JUL26-85000-P,2026-07-31,85000,put,0.33476043,0.328,0.339,70.46,,,,,22.2,0.2,63682.34
2026-07-29 03:43:13,deribit,BTC,BTC-26MAR27-62000-P,2027-03-26,62000,put,0.10872964,0.1075,0.1095,42.46,,,,,254.1,0.0,65403.41
2026-07-29 03:43:13,deribit,BTC,BTC-25SEP26-102000-P,2026-09-25,102000,put,0.59177805,0.5835,0.598,46.93,,,,,0.4,0.0,64100.31
2026-07-29 03:43:13,deribit,BTC,BTC-28AUG26-59000-C,2026-08-28,59000,call,0.09217145,0.0895,0.0955,39.69,,,,,414.1,0.0,63882.23
2026-07-29 03:43:13,deribit,BTC,BTC-14AUG26-75000-P,2026-08-14,75000,put,0.17670351,0.171,0.1805,39.13,,,,,0.0,0.0,63782.72
2026-07-29 03:43:13,deribit,BTC,BTC-30JUL26-61500-C,2026-07-30,61500,call,0.03555326,0.0315,0.045,49.72,,,,,0.0,0.0,63665.36
2026-07-29 03:43:13,deribit,BTC,BTC-14AUG26-67000-C,2026-08-14,67000,call,0.01087068,0.0105,0.011,34.25,,,,,168.1,90.0,63782.72
2026-07-29 03:43:13,deribit,BTC,BTC-30JUL26-66500-C,2026-07-30,66500,call,0.00027446,0.0002,0.0004,40.69,,,,,238.2,251.4,63665.36
2026-07-29 03:43:13,deribit,BTC,BTC-7AUG26-77000-P,2026-08-07,77000,put,0.20848991,0.202,0.2135,52.77,,,,,0.0,0.0,63735.71
2026-07-29 03:43:13,deribit,BTC,BTC-30JUL26-71000-P,2026-07-30,71000,put,0.1151267,0.078,0.1555,50.97,,,,,0.0,0.0,63665.36
2026-07-29 03:43:13,deribit,BTC,BTC-29JUL26-70000-P,2026-07-29,70000,put,0.09948824,0.0625,0.1385,44.5,,,,,0.0,0.0,63665.36
2026-07-29 03:43:13,deribit,BTC,BTC-25DEC26-105000-C,2026-12-25,105000,call,0.00500921,0.0046,0.0055,42.24,,,,,834.0,50.4,64766.18
2026-07-29 03:43:13,deribit,BTC,BTC-29JUL26-63500-P,2026-07-29,63500,put,0.00154845,0.0013,0.0018,30.08,,,,,97.3,119.0,63665.36
2026-07-29 03:43:13,deribit,BTC,BTC-14AUG26-58000-P,2026-08-14,58000,put,0.00638875,0.006,0.007,42.69,,,,,347.2,318.5,63782.72
2026-07-29 03:43:13,deribit,BTC,BTC-25DEC26-52000-C,2026-12-25,52000,call,0.23058064,0.229,0.2325,45.37,,,,,0.0,0.0,64766.18
2026-07-29 03:43:13,deribit,BTC,BTC-25DEC26-58000-P,2026-12-25,58000,put,0.05812319,0.0575,0.059,42.35,,,,,2054.5,4.0,64766.18
2026-07-29 03:43:13,deribit,BTC,BTC-1AUG26-71000-P,2026-08-01,71000,put,0.11494911,0.0775,0.157,50.1,,,,,0.0,0.0,63665.36
2026-07-29 03:43:13,deribit,BTC,BTC-31JUL26-79000-P,2026-07-31,79000,put,0.24054256,0.235,0.2435,70.45,,,,,144.2,0.0,63682.34
2026-07-29 03:43:13,deribit,BTC,BTC-25SEP26-145000-P,2026-09-25,145000,put,1.26228159,1.186,1.345,68.89,,,,,0.2,0.0,64100.14
2026-07-29 03:43:13,deribit,BTC,BTC-30JUL26-69000-C,2026-07-30,69000,call,1.519e-05,,0.0001,48.66,,,,,81.0,4.5,63665.36
2026-07-29 03:43:13,deribit,BTC,BTC-28AUG26-105000-P,2026-08-28,105000,put,0.64381273,0.635,0.6485,61.25,,,,,0.7,0.1,63882.23
2026-07-29 03:43:13,deribit,BTC,BTC-25DEC26-94000-P,2026-12-25,94000,put,0.46159845,0.4555,0.5225,40.3,,,,,5.2,0.0,64766.18
2026-07-29 03:43:13,deribit,BTC,BTC-31JUL26-66000-P,2026-07-31,66000,put,0.03808684,0.0345,0.0405,38.46,,,,,607.6,3.2,63682.34
2026-07-29 03:43:13,deribit,BTC,BTC-25DEC26-220000-C,2026-12-25,220000,call,0.00011466,,0.0003,59.25,,,,,252.8,0.0,64765.8
2026-07-29 03:43:13,deribit,BTC,BTC-26MAR27-80000-C,2027-03-26,80000,call,0.05893417,0.058,0.06,40.29,,,,,915.1,1.6,65403.41
2026-07-29 03:43:13,deribit,BTC,BTC-25SEP26-175000-P,2026-09-25,175000,put,1.73015406,1.6365,1.8295,71.63,,,,,0.2,0.0,64100.31
2026-07-29 03:43:13,deribit,BTC,BTC-25JUN27-66000-C,2027-06-25,66000,call,0.16274891,0.1615,0.1645,42.93,,,,,23.1,0.7,66117.5
2026-07-29 03:43:13,deribit,BTC,BTC-25DEC26-56000-P,2026-12-25,56000,put,0.04853609,0.0475,0.0495,43.23,,,,,463.0,123.3,64766.18
2026-07-29 03:43:13,deribit,BTC,BTC-28AUG26-75000-C,2026-08-28,75000,call,0.00265544,0.0025,0.0029,35.25,,,,,2703.9,18.3,63882.23
2026-07-29 03:43:13,deribit,BTC,BTC-25SEP26-75000-P,2026-09-25,75000,put,0.17977298,0.175,0.183,34.83,,,,,2967.4,0.0,64100.31
2026-07-29 03:43:13,deribit,BTC,BTC-25JUN27-66000-P,2027-06-25,66000,put,0.16098626,0.159,0.162,42.93,,,,,32.3,0.0,66117.5
2026-07-29 03:43:13,deribit,BTC,BTC-25DEC26-94000-C,2026-12-25,94000,call,0.01021381,0.01,0.0105,40.3,,,,,113.5,0.9,64766.18
2026-07-29 03:43:13,deribit,BTC,BTC-14AUG26-62000-P,2026-08-14,62000,put,0.01888427,0.0185,0.0195,37.28,,,,,143.6,2.0,63782.72
2026-07-29 03:43:13,deribit,BTC,BTC-25DEC26-140000-C,2026-12-25,140000,call,0.0009889,0.0008,0.0012,48.76,,,,,1474.8,1.0,64765.8
2026-07-29 03:43:13,deribit,BTC,BTC-28AUG26-72000-C,2026-08-28,72000,call,0.00541963,0.005,0.006,33.79,,,,,2718.2,17.2,63882.23
2026-07-29 03:43:13,deribit,BTC,BTC-25SEP26-90000-C,2026-09-25,90000,call,0.00132821,0.0012,0.0015,40.92,,,,,3021.5,3.6,64100.31
2026-07-29 03:43:13,deribit,BTC,BTC-30JUL26-64000-C,2026-07-30,64000,call,0.00685156,0.0065,0.0075,40.54,,,,,28.5,15.6,63665.36
2026-07-29 03:43:13,deribit,BTC,BTC-25SEP26-56000-C,2026-09-25,56000,call,0.14496106,0.1425,0.148,41.99,,,,,12.2,0.0,64100.31
2026-07-29 03:43:13,deribit,BTC,BTC-25DEC26-76000-P,2026-12-25,76000,put,0.21601209,0.2135,0.2175,39.08,,,,,142.1,0.0,64766.18
2026-07-29 03:43:13,deribit,BTC,BTC-25DEC26-250000-C,2026-12-25,250000,call,7.629e-05,,0.0002,62.75,,,,,1256.0,0.0,64766.18
2026-07-29 03:43:13,deribit,BTC,BTC-25JUN27-85000-C,2027-06-25,85000,call,0.07038307,0.0695,0.0715,41.45,,,,,7.5,0.1,66117.5
2026-07-29 03:43:13,deribit,BTC,BTC-25JUN27-45000-P,2027-06-25,45000,put,0.0439839,0.043,0.045,49.17,,,,,235.6,10.4,66116.9
2026-07-29 03:43:13,deribit,BTC,BTC-25SEP26-62000-C,2026-09-25,62000,call,0.07672462,0.076,0.078,37.64,,,,,682.2,3.0,64100.14
2026-07-29 03:43:13,deribit,BTC,BTC-31JUL26-58000-P,2026-07-31,58000,put,0.00050797,0.0004,0.0006,63.44,,,,,1778.0,115.5,63682.34
2026-07-29 03:43:13,deribit,BTC,BTC-26MAR27-70000-C,2027-03-26,70000,call,0.10465101,0.104,0.1055,41.08,,,,,752.8,0.0,65403.41
2026-07-29 03:43:13,deribit,BTC,BTC-7AUG26-75000-C,2026-08-07,75000,call,0.0004177,0.0003,0.0006,47.06,,,,,2539.0,2.0,63735.71
2026-07-29 03:43:13,deribit,BTC,BTC-25JUN27-160000-P,2027-06-25,160000,put,1.42541149,1.34,1.5255,46.02,,,,,0.0,0.0,66117.5
2026-07-29 03:43:13,deribit,BTC,BTC-31JUL26-67000-C,2026-07-31,67000,call,0.00075276,0.0007,0.0009,41.05,,,,,2048.7,49.6,63681.96
2026-07-29 03:43:13,deribit,BTC,BTC-25SEP26-70000-C,2026-09-25,70000,call,0.02324882,0.023,0.024,34.88,,,,,2082.6,18.6,64100.31
2026-07-29 03:43:13,deribit,BTC,BTC-14AUG26-70000-P,2026-08-14,70000,put,0.10105398,0.096,0.1045,34.4,,,,,0.0,0.0,63782.72
2026-07-29 03:43:13,deribit,BTC,BTC-14AUG26-66000-C,2026-08-14,66000,call,0.01532372,0.0145,0.0155,34.54,,,,,79.9,45.6,63782.34
2026-07-29 03:43:13,deribit,BTC,BTC-28AUG26-88000-C,2026-08-28,88000,call,0.00052232,0.0004,0.0007,47.61,,,,,185.7,0.5,63882.23
2026-07-29 03:43:13,deribit,BTC,BTC-31JUL26-82000-P,2026-07-31,82000,put,0.28765126,0.282,0.291,70.45,,,,,92.0,0.0,63682.34
2026-07-29 03:43:13,deribit,BTC,BTC-25SEP26-260000-P,2026-09-25,260000,put,3.05619065,2.9195,3.201,78.83,,,,,0.0,0.0,64100.31
2026-07-29 03:43:13,deribit,BTC,BTC-30JUL26-70000-C,2026-07-30,70000,call,4.28e-06,,0.0001,50.97,,,,,202.2,0.4,63665.36
2026-07-29 03:43:13,deribit,BTC,BTC-28AUG26-55000-P,2026-08-28,55000,put,0.00714786,0.0065,0.0075,44.64,,,,,797.4,323.7,63882.23
2026-07-29 03:43:13,deribit,BTC,BTC-28AUG26-77000-P,2026-08-28,77000,put,0.20710098,0.201,0.211,36.6,,,,,3.4,0.0,63882.23
2026-07-29 03:43:13,deribit,BTC,BTC-26MAR27-85000-C,2027-03-26,85000,call,0.0441122,0.0435,0.045,40.22,,,,,65.1,0.0,65403.41
2026-07-29 03:43:13,deribit,BTC,BTC-31JUL26-48000-P,2026-07-31,48000,put,3.36e-06,,0.0001,103.19,,,,,1028.7,0.0,63681.96
2026-07-29 03:43:13,deribit,BTC,BTC-31JUL26-55000-C,2026-07-31,55000,call,0.13648037,0.1335,0.141,78.7,,,,,11.5,0.0,63682.34
2026-07-29 03:43:13,deribit,BTC,BTC-31JUL26-80000-P,2026-07-31,80000,put,0.25624529,0.251,0.2595,70.45,,,,,385.1,0.1,63682.34
2026-07-29 03:43:13,deribit,BTC,BTC-26MAR27-45000-P,2027-03-26,45000,put,0.03114491,0.0305,0.032,49.47,,,,,192.8,12.8,65403.41
2026-07-29 03:43:13,deribit,BTC,BTC-25DEC26-110000-P,2026-12-25,110000,put,0.70207492,0.6945,0.712,42.96,,,,,54.1,0.0,64765.8
2026-07-29 03:43:13,deribit,BTC,BTC-31JUL26-71000-P,2026-07-31,71000,put,0.1150543,0.11,0.1185,59.02,,,,,110.7,0.0,63682.34
2026-07-29 03:43:13,deribit,BTC,BTC-14AUG26-80000-P,2026-08-14,80000,put,0.25466678,0.2485,0.2585,46.73,,,,,0.0,0.0,63782.72
2026-07-29 03:43:13,deribit,BTC,BTC-28AUG26-67000-P,2026-08-28,67000,put,0.06900808,0.0675,0.07,34.02,,,,,117.8,0.2,63882.23
2026-07-29 03:43:13,deribit,BTC,BTC-26MAR27-52000-P,2027-03-26,52000,put,0.05367636,0.0525,0.0545,45.74,,,,,111.9,0.0,65403.41
2026-07-29 03:43:13,deribit,BTC,BTC-31JUL26-115000-P,2026-07-31,115000,put,0.80585234,0.796,0.8115,72.82,,,,,3.2,0.0,63682.34
2026-07-29 03:43:13,deribit,BTC,BTC-25DEC26-65000-P,2026-12-25,65000,put,0.10426815,0.103,0.105,40.21,,,,,696.7,2.6,64765.8
2026-07-29 03:43:13,deribit,BTC,BTC-29JUL26-57000-C,2026-07-29,57000,call,0.10470243,0.073,0.1355,66.62,,,,,0.0,0.0,63665.36
2026-07-29 03:43:13,deribit,BTC,BTC-31JUL26-83000-C,2026-07-31,83000,call,1e-08,,0.0001,70.45,,,,,1199.8,0.0,63682.34
2026-07-29 03:43:13,deribit,BTC,BTC-1AUG26-61500-P,2026-08-01,61500,put,0.00425831,0.0041,0.0043,43.36,,,,,12.8,13.3,63665.36
2026-07-29 03:43:13,deribit,BTC,BTC-31JUL26-69000-C,2026-07-31,69000,call,0.00030768,0.0003,0.0004,50.79,,,,,3183.6,198.7,63682.34
2026-07-29 03:43:13,deribit,BTC,BTC-25JUN27-130000-C,2027-06-25,130000,call,0.01217138,0.0115,0.013,43.39,,,,,79.9,5.7,66116.9
2026-07-29 03:43:13,deribit,BTC,BTC-28AUG26-63000-P,2026-08-28,63000,put,0.03462922,0.034,0.035,36.15,,,,,671.0,26.9,63882.23
2026-07-29 03:43:13,deribit,BTC,BTC-28AUG26-110000-P,2026-08-28,110000,put,0.72202367,0.713,0.7275,63.6,,,,,0.0,0.0,63882.23
2026-07-29 03:43:13,deribit,BTC,BTC-25DEC26-40000-C,2026-12-25,40000,call,0.394087,0.3925,0.396,56.28,,,,,250.8,0.0,64766.18
2026-07-29 03:43:13,deribit,BTC,BTC-25JUN27-60000-P,2027-06-25,60000,put,0.11639276,0.115,0.117,44.05,,,,,71.5,250.9,66117.5
2026-07-29 03:43:13,deribit,BTC,BTC-30JUL26-72000-P,2026-07-30,72000,put,0.13083216,0.0925,0.172,50.97,,,,,0.0,0.0,63665.36
2026-07-29 03:43:13,deribit,BTC,BTC-25DEC26-125000-P,2026-12-25,125000,put,0.93179878,0.923,0.9475,45.93,,,,,8.4,0.0,64766.18
2026-07-29 03:43:13,deribit,BTC,BTC-25DEC26-135000-P,2026-12-25,135000,put,1.08567263,1.0145,1.1665,48.1,,,,,0.6,0.0,64766.18
2026-07-29 03:43:13,deribit,BTC,BTC-26MAR27-105000-C,2027-03-26,105000,call,0.01490193,0.0145,0.0155,41.25,,,,,183.2,0.0,65403.41
2026-07-29 03:43:13,deribit,BTC,BTC-1AUG26-66000-P,2026-08-01,66000,put,0.03891735,0.035,0.06,36.49,,,,,0.0,0.0,63665.36
2026-07-29 03:43:13,deribit,BTC,BTC-26MAR27-100000-P,2027-03-26,100000,put,0.54834655,0.5425,0.5525,40.94,,,,,12.1,0.0,65403.38
2026-07-29 03:43:13,deribit,BTC,BTC-28AUG26-58000-P,2026-08-28,58000,put,0.01292465,0.0125,0.0135,40.86,,,,,914.4,43.3,63882.61
2026-07-29 03:43:13,deribit,BTC,BTC-31JUL26-65000-C,2026-07-31,65000,call,0.0043748,0.0043,0.0047,38.5,,,,,2096.5,136.6,63682.34
2026-07-29 03:43:13,deribit,BTC,BTC-28AUG26-81000-P,2026-08-28,81000,put,0.26893689,0.262,0.2725,40.34,,,,,0.1,0.0,63882.23
2026-07-29 03:43:13,deribit,BTC,BTC-31JUL26-100000-P,2026-07-31,100000,put,0.57030639,0.563,0.5745,70.5,,,,,99.5,0.0,63681.96
2026-07-29 03:43:13,deribit,BTC,BTC-1AUG26-65500-P,2026-08-01,65500,put,0.03239249,0.0285,0.0445,36.43,,,,,0.0,0.0,63665.36
2026-07-29 03:43:13,deribit,BTC,BTC-1AUG26-63000-P,2026-08-01,63000,put,0.00988327,0.0095,0.0105,39.61,,,,,24.4,24.4,63665.36
2026-07-29 03:43:13,deribit,BTC,BTC-31JUL26-106000-P,2026-07-31,106000,put,0.66452477,0.6555,0.67,70.51,,,,,0.0,0.0,63681.96
2026-07-29 03:43:13,deribit,BTC,BTC-26MAR27-110000-P,2027-03-26,110000,put,0.69340289,0.6865,0.698,41.58,,,,,1.7,0.0,65403.41
2026-07-29 03:43:13,deribit,BTC,BTC-25JUN27-130000-P,2027-06-25,130000,put,0.97839648,0.9695,0.982,43.39,,,,,0.0,0.0,66116.9
2026-07-29 03:43:13,deribit,BTC,BTC-31JUL26-54000-P,2026-07-31,54000,put,0.00014812,0.0001,0.0002,87.36,,,,,2081.0,346.2,63682.34
2026-07-29 03:43:13,deribit,BTC,BTC-25DEC26-20000-P,2026-12-25,20000,put,0.00185468,0.0017,0.002,86.88,,,,,2.0,2.4,64765.8
2026-07-29 03:43:13,deribit,BTC,BTC-26MAR27-52000-C,2027-03-26,52000,call,0.25861418,0.2565,0.261,45.74,,,,,5.1,0.0,65403.41
2026-07-29 03:43:13,deribit,BTC,BTC-25SEP26-90000-P,2026-09-25,90000,put,0.40539401,0.398,0.4095,40.92,,,,,587.5,0.0,64100.31
2026-07-29 03:43:13,deribit,BTC,BTC-29JUL26-65500-P,2026-07-29,65500,put,0.02880764,0.0235,0.033,37.97,,,,,1.7,0.0,63665.36
2026-07-29 03:43:13,deribit,BTC,BTC-25JUN27-50000-P,2027-06-25,50000,put,0.06212642,0.061,0.0635,46.94,,,,,284.9,252.1,66116.9
2026-07-29 03:43:13,deribit,BTC,BTC-25SEP26-320000-P,2026-09-25,320000,put,3.99223413,3.824,4.1705,85.42,,,,,25.1,0.0,64100.31
2026-07-29 03:43:13,deribit,BTC,BTC-26MAR27-68000-C,2027-03-26,68000,call,0.1168389,0.116,0.118,41.33,,,,,39.1,0.0,65403.41
2026-07-29 03:43:13,deribit,BTC,BTC-31JUL26-81000-P,2026-07-31,81000,put,0.27194824,0.2665,0.276,70.45,,,,,114.0,0.0,63682.34
2026-07-29 03:43:13,deribit,BTC,BTC-28AUG26-46000-P,2026-08-28,46000,put,0.00166656,0.0016,0.0018,60.42,,,,,664.5,5.0,63882.61
2026-07-29 03:43:13,deribit,BTC,BTC-25DEC26-52000-P,2026-12-25,52000,put,0.03347427,0.033,0.034,45.37,,,,,148.0,9.8,64766.18
2026-07-29 03:43:13,deribit,BTC,BTC-25JUN27-80000-C,2027-06-25,80000,call,0.08797556,0.087,0.089,41.61,,,,,63.1,2.3,66117.5
2026-07-29 03:43:13,deribit,BTC,BTC-31JUL26-88000-P,2026-07-31,88000,put,0.38186962,0.375,0.386,70.47,,,,,2.1,0.6,63682.34
2026-07-29 03:43:13,deribit,BTC,BTC-26MAR27-140000-C,2027-03-26,140000,call,0.00365958,0.0033,0.0041,45.2,,,,,756.5,0.0,65403.41
2026-07-29 03:43:13,deribit,BTC,BTC-7AUG26-67000-C,2026-08-07,67000,call,0.00537811,0.005,0.006,34.21,,,,,733.9,108.1,63735.71
2026-07-29 03:43:13,deribit,BTC,BTC-31JUL26-50000-C,2026-07-31,50000,call,0.21486819,0.212,0.2185,102.23,,,,,3.4,0.0,63682.34
2026-07-29 03:43:13,deribit,BTC,BTC-30JUL26-67500-P,2026-07-30,67500,put,0.06028686,0.024,0.0995,46.64,,,,,0.0,0.0,63665.36
2026-07-29 03:43:13,deribit,BTC,BTC-25SEP26-94000-C,2026-09-25,94000,call,0.00100548,0.0008,0.0011,43.46,,,,,167.8,0.2,64100.31
2026-07-29 03:43:13,deribit,BTC,BTC-30JUL26-67000-P,2026-07-30,67000,put,0.05247247,0.0165,0.0915,43.08,,,,,0.0,0.0,63665.36
2026-07-29 03:43:13,deribit,BTC,BTC-30JUL26-67000-C,2026-07-30,67000,call,0.00017039,0.0002,0.0003,43.08,,,,,79.9,20.8,63665.36
2026-07-29 03:43:13,deribit,BTC,BTC-1AUG26-70000-C,2026-08-01,70000,call,0.00023141,0.0001,0.0003,46.34,,,,,76.3,76.3,63665.36
2026-07-29 03:43:13,deribit,BTC,BTC-25DEC26-62000-C,2026-12-25,62000,call,0.1248338,0.124,0.126,41.01,,,,,241.1,0.2,64766.18
2026-07-29 03:43:13,deribit,BTC,BTC-29JUL26-64500-C,2026-07-29,64500,call,0.00010427,0.0001,0.0002,32.72,,,,,213.2,255.5,63665.36
2026-07-29 03:43:13,deribit,BTC,BTC-25JUN27-82000-C,2027-06-25,82000,call,0.08040082,0.079,0.0815,41.52,,,,,23.3,0.0,66117.5
2026-07-29 03:43:13,deribit,BTC,BTC-25JUN27-110000-C,2027-06-25,110000,call,0.02481866,0.024,0.026,42.12,,,,,139.3,10.0,66116.9
2026-07-29 03:43:13,deribit,BTC,BTC-25SEP26-30000-C,2026-09-25,30000,call,0.53292491,0.532,0.534,84.29,,,,,132.3,0.0,64100.31
2026-07-29 03:43:13,deribit,BTC,BTC-31JUL26-108000-P,2026-07-31,108000,put,0.6959309,0.6865,0.7015,70.6,,,,,0.0,0.0,63682.34
2026-07-29 03:43:13,deribit,BTC,BTC-25JUN27-85000-P,2027-06-25,85000,put,0.35599178,0.351,0.358,41.45,,,,,4.5,0.0,66117.5
2026-07-29 03:43:13,deribit,BTC,BTC-31JUL26-66500-C,2026-07-31,66500,call,0.00108674,0.001,0.0013,39.42,,,,,130.5,17.1,63682.34
2026-07-29 03:43:13,deribit,BTC,BTC-31JUL26-73000-C,2026-07-31,73000,call,5.512e-05,,0.0001,65.2,,,,,2037.4,29.3,63682.34
2026-07-29 03:43:13,deribit,BTC,BTC-26MAR27-108000-C,2027-03-26,108000,call,0.01291181,0.0125,0.0135,41.55,,,,,57.0,0.0,65403.38
2026-07-29 03:43:13,deribit,BTC,BTC-31JUL26-74000-C,2026-07-31,74000,call,2.871e-05,,0.0001,66.71,,,,,670.1,37.5,63681.96
2026-07-29 03:43:13,deribit,BTC,BTC-25DEC26-96000-C,2026-12-25,96000,call,0.00891587,0.0085,0.009,40.65,,,,,309.6,0.1,64766.18
2026-07-29 03:43:13,deribit,BTC,BTC-14AUG26-70000-C,2026-08-14,70000,call,0.00357048,0.0034,0.0038,34.4,,,,,715.1,131.7,63782.34
2026-07-29 03:43:13,deribit,BTC,BTC-25SEP26-170000-C,2026-09-25,170000,call,3.838e-05,,0.0002,71.63,,,,,359.5,0.0,64100.14
2026-07-29 03:43:13,deribit,BTC,BTC-25JUN27-170000-C,2027-06-25,170000,call,0.00430346,0.004,0.0042,46.79,,,,,17.0,5.5,66117.5
2026-07-29 03:43:13,deribit,BTC,BTC-25DEC26-60000-C,2026-12-25,60000,call,0.14286661,0.142,0.145,41.61,,,,,785.7,0.0,64766.18
2026-07-29 03:43:13,deribit,BTC,BTC-25SEP26-190000-P,2026-09-25,190000,put,1.96414988,1.8645,2.072,72.81,,,,,0.0,0.0,64100.14
2026-07-29 03:43:13,deribit,BTC,BTC-28AUG26-83000-C,2026-08-28,83000,call,0.0007781,0.0007,0.0009,42.33,,,,,250.1,0.0,63882.23
2026-07-29 03:43:13,deribit,BTC,BTC-25DEC26-68000-C,2026-12-25,68000,call,0.08037244,0.0795,0.0815,39.68,,,,,555.4,14.0,64766.18
2026-07-29 03:43:13,deribit,BTC,BTC-14AUG26-63000-P,2026-08-14,63000,put,0.02461561,0.024,0.025,36.37,,,,,297.4,268.2,63782.72
2026-07-29 03:43:13,deribit,BTC,BTC-31JUL26-98000-C,2026-07-31,98000,call,0.0,,0.0001,70.5,,,,,1165.3,0.0,63682.34
2026-07-29 03:43:13,deribit,BTC,BTC-14AUG26-61000-P,2026-08-14,61000,put,0.01431812,0.014,0.015,38.27,,,,,279.1,156.0,63782.72
2026-07-29 03:43:13,deribit,BTC,BTC-28AUG26-73000-C,2026-08-28,73000,call,0.00414825,0.0041,0.0043,34.02,,,,,1722.2,21.3,63882.23
2026-07-29 03:43:13,deribit,BTC,BTC-25JUN27-40000-C,2027-06-25,40000,call,0.42586554,0.424,0.4285,52.14,,,,,16.9,0.0,66117.5
2026-07-29 03:43:13,deribit,BTC,BTC-28AUG26-74000-C,2026-08-28,74000,call,0.0032898,0.0032,0.0035,34.58,,,,,1890.2,6.9,63882.23
2026-07-29 03:43:13,deribit,BTC,BTC-1AUG26-62500-P,2026-08-01,62500,put,0.00748007,0.007,0.008,40.69,,,,,12.2,12.2,63665.36
2026-07-29 03:43:13,deribit,BTC,BTC-31JUL26-64500-C,2026-07-31,64500,call,0.0067571,0.0065,0.0075,39.05,,,,,413.5,451.1,63682.34
2026-07-29 03:43:13,deribit,BTC,BTC-7AUG26-65000-P,2026-08-07,65000,put,0.03355467,0.033,0.0345,34.81,,,,,79.0,1.9,63735.84
2026-07-29 03:43:13,deribit,BTC,BTC-25SEP26-94000-P,2026-09-25,94000,put,0.46747421,0.4595,0.4715,43.46,,,,,1.3,0.0,64100.31
2026-07-29 03:43:13,deribit,BTC,BTC-26MAR27-100000-C,2027-03-26,100000,call,0.01938083,0.019,0.02,40.94,,,,,556.4,0.0,65403.41
2026-07-29 03:43:13,deribit,BTC,BTC-26MAR27-68000-P,2027-03-26,68000,put,0.15653559,0.155,0.1575,41.33,,,,,65.1,0.0,65403.41
2026-07-29 03:43:13,deribit,BTC,BTC-30JUL26-63000-C,2026-07-30,63000,call,0.01610164,0.015,0.017,44.22,,,,,18.4,17.0,63665.36
2026-07-29 03:43:13,deribit,BTC,BTC-30JUL26-65500-C,2026-07-30,65500,call,0.00114863,0.001,0.0013,39.76,,,,,87.6,41.7,63665.36
2026-07-29 03:43:13,deribit,BTC,BTC-26MAR27-55000-P,2027-03-26,55000,put,0.06715231,0.066,0.068,44.56,,,,,1354.1,0.0,65403.41
2026-07-29 03:43:13,deribit,BTC,BTC-31JUL26-84000-C,2026-07-31,84000,call,0.0,,0.0001,70.45,,,,,743.5,0.0,63682.34
2026-07-29 03:43:13,deribit,BTC,BTC-25JUN27-150000-C,2027-06-25,150000,call,0.00672687,0.006,0.0075,44.91,,,,,87.6,0.0,66117.5
2026-07-29 03:43:13,deribit,BTC,BTC-25SEP26-58000-C,2026-09-25,58000,call,0.12006741,0.118,0.123,40.32,,,,,485.8,0.0,64100.31
2026-07-29 03:43:13,deribit,BTC,BTC-25JUN27-52000-P,2027-06-25,52000,put,0.07100624,0.0695,0.072,46.23,,,,,18.9,1.2,66117.5
2026-07-29 03:43:13,deribit,BTC,BTC-25SEP26-78000-P,2026-09-25,78000,put,0.22258254,0.2175,0.226,35.21,,,,,629.4,0.0,64100.31
2026-07-29 03:43:13,deribit,BTC,BTC-30JUL26-72000-C,2026-07-30,72000,call,7e-08,,0.0001,50.97,,,,,1.0,0.0,63665.36
2026-07-29 03:43:13,deribit,BTC,BTC-28AUG26-67000-C,2026-08-28,67000,call,0.02020066,0.0195,0.021,34.02,,,,,980.9,157.9,63882.23
2026-07-29 03:43:13,deribit,BTC,BTC-7AUG26-72000-P,2026-08-07,72000,put,0.13034417,0.125,0.134,39.8,,,,,0.0,0.0,63735.71
2026-07-29 03:43:13,deribit,BTC,BTC-26MAR27-125000-P,2027-03-26,125000,put,0.91738718,0.9095,0.9305,43.37,,,,,0.0,0.0,65403.41
2026-07-29 03:43:13,deribit,BTC,BTC-26MAR27-115000-C,2027-03-26,115000,call,0.00942964,0.009,0.01,42.32,,,,,764.1,0.0,65403.41
2026-07-29 03:43:13,deribit,BTC,BTC-1AUG26-66000-C,2026-08-01,66000,call,0.00264234,0.0026,0.003,36.49,,,,,30.7,61.2,63665.36
2026-07-29 03:43:13,deribit,BTC,BTC-1AUG26-63000-C,2026-08-01,63000,call,0.02071167,0.02,0.0215,39.61,,,,,35.0,35.0,63665.36
2026-07-29 03:43:13,deribit,BTC,BTC-26MAR27-86000-C,2027-03-26,86000,call,0.04164599,0.041,0.0425,40.23,,,,,117.1,5.0,65403.41
2026-07-29 03:43:13,deribit,BTC,BTC-30JUL26-58000-P,2026-07-30,58000,put,8.412e-05,,0.0002,66.92,,,,,26.9,24.4,63665.36
2026-07-29 03:43:13,deribit,BTC,BTC-28AUG26-46000-C,2026-08-28,46000,call,0.28158981,0.2795,0.285,60.42,,,,,1.0,0.0,63882.23
2026-07-29 03:43:13,deribit,BTC,BTC-7AUG26-55000-C,2026-08-07,55000,call,0.13819852,0.1355,0.142,52.07,,,,,0.0,0.0,63735.84
2026-07-29 03:43:13,deribit,BTC,BTC-25JUN27-80000-P,2027-06-25,80000,put,0.29796024,0.2935,0.2995,41.61,,,,,0.4,0.0,66117.5
2026-07-29 03:43:13,deribit,BTC,BTC-25DEC26-55000-P,2026-12-25,55000,put,0.0443073,0.0435,0.045,43.72,,,,,1099.8,10.8,64766.18
2026-07-29 03:43:13,deribit,BTC,BTC-25SEP26-98000-C,2026-09-25,98000,call,0.00072982,0.0007,0.0008,45.46,,,,,304.4,0.0,64100.14
2026-07-29 03:43:13,deribit,BTC,BTC-7AUG26-68000-C,2026-08-07,68000,call,0.00327106,0.0031,0.0035,34.49,,,,,1347.2,147.0,63735.84
2026-07-29 03:43:13,deribit,BTC,BTC-25JUN27-30000-P,2027-06-25,30000,put,0.01479316,0.014,0.015,60.57,,,,,266.3,8.1,66116.9
2026-07-29 03:43:13,deribit,BTC,BTC-25SEP26-100000-P,2026-09-25,100000,put,0.56075637,0.552,0.565,46.9,,,,,272.4,0.0,64100.14
2026-07-29 03:43:13,deribit,BTC,BTC-28AUG26-64000-C,2026-08-28,64000,call,0.03975968,0.0395,0.0405,35.44,,,,,413.4,10.8,63882.23
2026-07-29 03:43:13,deribit,BTC,BTC-7AUG26-63000-P,2026-08-07,63000,put,0.01777846,0.017,0.018,36.72,,,,,86.7,11.8,63735.88
2026-07-29 03:43:13,deribit,BTC,BTC-25SEP26-102000-C,2026-09-25,102000,call,0.00050348,0.0004,0.0006,46.93,,,,,93.5,2.6,64100.31
2026-07-29 03:43:13,deribit,BTC,BTC-28AUG26-71000-C,2026-08-28,71000,call,0.00714861,0.0065,0.0075,33.71,,,,,1080.7,96.1,63882.23
2026-07-29 03:43:13,deribit,BTC,BTC-26MAR27-102000-C,2027-03-26,102000,call,0.01739441,0.017,0.018,41.04,,,,,105.8,0.0,65403.41
2026-07-29 03:43:13,deribit,BTC,BTC-7AUG26-58000-P,2026-08-07,58000,put,0.00302736,0.0028,0.0032,45.27,,,,,942.9,168.5,63735.84
2026-07-29 03:43:13,deribit,BTC,BTC-25DEC26-78000-P,2026-12-25,78000,put,0.240586,0.236,0.243,39.12,,,,,234.6,0.0,64765.8
2026-07-29 03:43:13,deribit,BTC,BTC-28AUG26-71000-P,2026-08-28,71000,put,0.11857141,0.114,0.1215,33.71,,,,,8.1,0.0,63882.23
2026-07-29 03:43:13,deribit,BTC,BTC-25JUN27-76000-P,2027-06-25,76000,put,0.25466824,0.2515,0.256,41.86,,,,,0.1,0.0,66116.9
2026-07-29 03:43:13,deribit,BTC,BTC-25SEP26-80000-C,2026-09-25,80000,call,0.00430298,0.0043,0.0045,36.07,,,,,3556.4,38.7,64100.31
2026-07-29 03:43:13,deribit,BTC,BTC-25JUN27-78000-C,2027-06-25,78000,call,0.09615868,0.095,0.0975,41.71,,,,,8.9,0.0,66117.5
2026-07-29 03:43:13,deribit,BTC,BTC-28AUG26-58000-C,2026-08-28,58000,call,0.1050018,0.1025,0.108,40.86,,,,,164.3,0.0,63882.23
2026-07-29 03:43:13,deribit,BTC,BTC-31JUL26-72000-P,2026-07-31,72000,put,0.13073807,0.126,0.1345,64.42,,,,,364.2,3.1,63682.34
2026-07-29 03:43:13,deribit,BTC,BTC-25JUN27-62000-C,2027-06-25,62000,call,0.1925498,0.1915,0.1945,43.65,,,,,94.2,0.1,66116.9
2026-07-29 03:43:13,deribit,BTC,BTC-25SEP26-92000-P,2026-09-25,92000,put,0.4363944,0.4285,0.4405,42.08,,,,,4.0,0.0,64100.31
2026-07-29 03:43:13,deribit,BTC,BTC-30JUL26-68000-P,2026-07-30,68000,put,0.06806961,0.0325,0.1075,46.97,,,,,0.0,0.0,63665.36
2026-07-29 03:43:13,deribit,BTC,BTC-26MAR27-58000-C,2027-03-26,58000,call,0.19634757,0.1945,0.1985,43.55,,,,,5.1,0.0,65403.41
2026-07-29 03:43:13,deribit,BTC,BTC-26MAR27-94000-C,2027-03-26,94000,call,0.02662897,0.026,0.0275,40.53,,,,,128.3,5.0,65403.41
2026-07-29 03:43:13,deribit,BTC,BTC-28AUG26-53000-P,2026-08-28,53000,put,0.00522468,0.0049,0.0055,48.3,,,,,556.1,6.3,63882.23
2026-07-29 03:43:13,deribit,BTC,BTC-26MAR27-72000-C,2027-03-26,72000,call,0.09359211,0.0925,0.095,40.87,,,,,64.1,0.0,65403.41
2026-07-29 03:43:13,deribit,BTC,BTC-25JUN27-50000-C,2027-06-25,50000,call,0.305886,0.304,0.3085,46.94,,,,,16.9,0.0,66116.9
2026-07-29 03:43:13,deribit,BTC,BTC-25DEC26-55000-C,2026-12-25,55000,call,0.19509288,0.1935,0.197,43.72,,,,,42.8,0.0,64766.18
2026-07-29 03:43:13,deribit,BTC,BTC-25SEP26-52000-C,2026-09-25,52000,call,0.19934593,0.197,0.2025,46.15,,,,,75.0,0.0,64100.14
2026-07-29 03:43:13,deribit,BTC,BTC-31JUL26-90000-P,2026-07-31,90000,put,0.41327575,0.4055,0.4295,70.5,,,,,14.8,0.0,63682.34
2026-07-29 03:43:13,deribit,BTC,BTC-25DEC26-240000-C,2026-12-25,240000,call,0.00010011,,0.0002,62.3,,,,,874.4,0.0,64766.18
2026-07-29 03:43:13,deribit,BTC,BTC-28AUG26-69000-P,2026-08-28,69000,put,0.09226003,0.088,0.095,33.64,,,,,50.0,0.1,63882.23
2026-07-29 03:43:13,deribit,BTC,BTC-14AUG26-55000-C,2026-08-14,55000,call,0.14064748,0.138,0.1445,47.95,,,,,0.0,0.0,63782.72
2026-07-29 03:43:13,deribit,BTC,BTC-31JUL26-105000-C,2026-07-31,105000,call,0.0,,0.0001,70.5,,,,,516.1,0.0,63682.34
2026-07-29 03:43:13,deribit,BTC,BTC-29JUL26-61000-P,2026-07-29,61000,put,7e-08,,0.0001,48.35,,,,,224.1,241.3,63665.36
2026-07-29 03:43:13,deribit,BTC,BTC-26MAR27-66000-P,2027-03-26,66000,put,0.13939657,0.138,0.1405,41.66,,,,,124.9,8.0,65403.41
2026-07-29 03:43:13,deribit,BTC,BTC-30JUL26-57000-P,2026-07-30,57000,put,2.267e-05,,0.0001,68.08,,,,,42.6,6.1,63665.36
2026-07-29 03:43:13,deribit,BTC,BTC-30JUL26-68000-C,2026-07-30,68000,call,6.152e-05,,0.0001,46.97,,,,,93.7,22.9,63665.36
2026-07-29 03:43:13,deribit,BTC,BTC-25DEC26-75000-C,2026-12-25,75000,call,0.04611155,0.0455,0.0465,39.08,,,,,1326.5,5.0,64765.8
2026-07-29 03:43:13,deribit,BTC,BTC-29JUL26-69000-C,2026-07-29,69000,call,0.0,,0.0001,44.47,,,,,124.3,0.0,63665.36
2026-07-29 03:43:13,deribit,BTC,BTC-1AUG26-68000-C,2026-08-01,68000,call,0.00056943,0.0005,0.0007,39.41,,,,,30.8,30.8,63665.36
2026-07-29 03:43:13,deribit,BTC,BTC-26MAR27-35000-P,2027-03-26,35000,put,0.01432741,0.014,0.015,57.87,,,,,558.6,7.4,65403.41
2026-07-29 03:43:13,deribit,BTC,BTC-25JUN27-30000-C,2027-06-25,30000,call,0.5610489,0.56,0.563,60.57,,,,,31.6,2.0,66116.9
2026-07-29 03:43:13,deribit,BTC,BTC-31JUL26-72000-C,2026-07-31,72000,call,0.00011747,,0.0002,64.42,,,,,26200.3,42.4,63682.34
2026-07-29 03:43:13,deribit,BTC,BTC-28AUG26-61000-P,2026-08-28,61000,put,0.02352366,0.023,0.024,37.76,,,,,572.7,31.0,63882.23
2026-07-29 03:43:13,deribit,BTC,BTC-25SEP26-50000-P,2026-09-25,50000,put,0.00807467,0.008,0.0085,48.55,,,,,3557.2,130.1,64100.31
2026-07-29 03:43:13,deribit,BTC,BTC-7AUG26-80000-P,2026-08-07,80000,put,0.25551396,0.2485,0.26,60.8,,,,,0.1,0.1,63735.71
2026-07-29 03:43:13,deribit,BTC,BTC-26MAR27-64000-P,2027-03-26,64000,put,0.12347556,0.122,0.1245,42.04,,,,,144.1,0.0,65403.41
2026-07-29 03:43:13,deribit,BTC,BTC-28AUG26-61000-C,2026-08-28,61000,call,0.06863928,0.068,0.07,37.76,,,,,588.3,1.2,63882.23
2026-07-29 03:43:13,deribit,BTC,BTC-31JUL26-70000-P,2026-07-31,70000,put,0.09944621,0.094,0.103,56.05,,,,,884.4,0.2,63682.34
2026-07-29 03:43:13,deribit,BTC,BTC-26MAR27-115000-P,2027-03-26,115000,put,0.76774021,0.7605,0.7725,42.32,,,,,1.0,0.0,65403.41
2026-07-29 03:43:13,deribit,BTC,BTC-26MAR27-35000-C,2027-03-26,35000,call,0.47918941,0.4785,0.4815,57.87,,,,,4.0,0.0,65403.38
2026-07-29 03:43:13,deribit,BTC,BTC-25JUN27-54000-P,2027-06-25,54000,put,0.08086806,0.0795,0.082,45.6,,,,,17.8,1.0,66117.5
2026-07-29 03:43:13,deribit,BTC,BTC-1AUG26-68000-P,2026-08-01,68000,put,0.06824671,0.032,0.1085,39.41,,,,,0.0,0.0,63665.36
2026-07-29 03:43:13,deribit,BTC,BTC-14AUG26-63000-C,2026-08-14,63000,call,0.03688045,0.0365,0.0375,36.37,,,,,27.9,5.2,63782.34
2026-07-29 03:43:13,deribit,BTC,BTC-25SEP26-140000-P,2026-09-25,140000,put,1.18427959,1.1105,1.265,66.34,,,,,1.4,0.0,64100.31
2026-07-29 03:43:13,deribit,BTC,BTC-31JUL26-90000-C,2026-07-31,90000,call,0.0,,0.0001,70.5,,,,,1314.5,0.0,63681.96
2026-07-29 03:43:13,deribit,BTC,BTC-31JUL26-91000-P,2026-07-31,91000,put,0.42897881,0.4215,0.4335,70.5,,,,,0.2,0.0,63682.34
2026-07-29 03:43:13,deribit,BTC,BTC-30JUL26-63000-P,2026-07-30,63000,put,0.00557972,0.0055,0.006,44.22,,,,,144.4,158.4,63665.36
2026-07-29 03:43:13,deribit,BTC,BTC-28AUG26-70000-C,2026-08-28,70000,call,0.00937567,0.009,0.01,33.68,,,,,1173.6,19.5,63882.61
2026-07-29 03:43:13,deribit,BTC,BTC-26MAR27-108000-P,2027-03-26,108000,put,0.66419479,0.6575,0.669,41.55,,,,,0.0,0.0,65403.41
2026-07-29 03:43:13,deribit,BTC,BTC-26MAR27-180000-C,2027-03-26,180000,call,0.00124342,0.001,0.0017,49.57,,,,,641.6,0.2,65403.41
2026-07-29 03:43:13,deribit,BTC,BTC-26MAR27-84000-P,2027-03-26,84000,put,0.33107564,0.3275,0.3335,40.23,,,,,55.1,0.0,65403.38
2026-07-29 03:43:13,deribit,BTC,BTC-28AUG26-76000-P,2026-08-28,76000,put,0.19183852,0.186,0.1955,35.9,,,,,5.4,0.0,63882.23
2026-07-29 03:43:13,deribit,BTC,BTC-31JUL26-78000-C,2026-07-31,78000,call,1.4e-06,,0.0001,70.45,,,,,1171.4,0.0,63682.34
2026-07-29 03:43:13,deribit,BTC,BTC-7AUG26-65000-C,2026-08-07,65000,call,0.01371323,0.013,0.0145,34.81,,,,,188.5,15.3,63735.71
2026-07-29 03:43:13,deribit,BTC,BTC-31JUL26-70000-C,2026-07-31,70000,call,0.00023174,0.0002,0.0003,56.05,,,,,25445.9,32.3,63682.34
2026-07-29 03:43:13,deribit,BTC,BTC-7AUG26-61000-C,2026-08-07,61000,call,0.05162958,0.0495,0.055,39.41,,,,,33.5,0.0,63735.71
2026-07-29 03:43:13,deribit,BTC,BTC-7AUG26-69000-C,2026-08-07,69000,call,0.00201754,0.0019,0.0022,35.15,,,,,728.1,94.7,63735.84
2026-07-29 03:43:13,deribit,BTC,BTC-25SEP26-120000-C,2026-09-25,120000,call,0.00021777,0.0002,0.0005,55.76,,,,,1139.4,0.0,64100.31
2026-07-29 03:43:13,deribit,BTC,BTC-25SEP26-170000-P,2026-09-25,170000,put,1.65216267,1.563,1.7485,71.63,,,,,0.0,0.0,64100.31
2026-07-29 03:43:13,deribit,BTC,BTC-28AUG26-72000-P,2026-08-28,72000,put,0.13249627,0.1285,0.1355,33.79,,,,,86.1,0.0,63882.23
2026-07-29 03:43:13,deribit,BTC,BTC-26MAR27-88000-C,2027-03-26,88000,call,0.03714505,0.0365,0.038,40.26,,,,,58.3,0.1,65403.38
2026-07-29 03:43:13,deribit,BTC,BTC-26MAR27-74000-P,2027-03-26,74000,put,0.21475561,0.212,0.216,40.62,,,,,55.0,0.0,65403.41
2026-07-29 03:43:13,deribit,BTC,BTC-26MAR27-170000-C,2027-03-26,170000,call,0.00161004,0.0014,0.002,48.68,,,,,248.9,0.3,65403.41
2026-07-29 03:43:13,deribit,BTC,BTC-7AUG26-70000-P,2026-08-07,70000,put,0.09963632,0.0945,0.103,36.55,,,,,0.3,0.3,63735.88
2026-07-29 03:43:13,deribit,BTC,BTC-28AUG26-73000-P,2026-08-28,73000,put,0.14687873,0.142,0.15,34.02,,,,,4.7,0.0,63882.23
2026-07-29 03:43:13,deribit,BTC,BTC-26MAR27-74000-C,2027-03-26,74000,call,0.08332098,0.0825,0.0845,40.62,,,,,50.0,0.2,65403.41
2026-07-29 03:43:13,deribit,BTC,BTC-14AUG26-72000-C,2026-08-14,72000,call,0.00179916,0.0017,0.0019,35.69,,,,,447.3,2.4,63782.72
2026-07-29 03:43:13,deribit,BTC,BTC-25DEC26-64000-P,2026-12-25,64000,put,0.09649081,0.0955,0.097,40.46,,,,,251.4,5.4,64766.18
2026-07-29 03:43:13,deribit,BTC,BTC-28AUG26-84000-C,2026-08-28,84000,call,0.00071346,0.0006,0.0009,43.42,,,,,58.9,0.2,63882.23
2026-07-29 03:43:13,deribit,BTC,BTC-26MAR27-54000-C,2027-03-26,54000,call,0.23666221,0.235,0.239,44.9,,,,,0.0,0.0,65403.38
2026-07-29 03:43:13,deribit,BTC,BTC-31JUL26-67500-P,2026-07-31,67500,put,0.06051489,0.0555,0.064,43.13,,,,,0.0,0.0,63681.96
2026-07-29 03:43:13,deribit,BTC,BTC-7AUG26-53000-P,2026-08-07,53000,put,0.00070328,0.0006,0.0007,58.03,,,,,124.4,38.0,63735.88
2026-07-29 03:43:13,deribit,BTC,BTC-25SEP26-115000-C,2026-09-25,115000,call,0.0003837,0.0003,0.0004,55.51,,,,,2175.3,7.2,64100.14
2026-07-29 03:43:13,deribit,BTC,BTC-28AUG26-60000-C,2026-08-28,60000,call,0.08005989,0.078,0.083,38.71,,,,,369.7,0.8,63882.23
2026-07-29 03:43:13,deribit,BTC,BTC-25JUN27-84000-P,2027-06-25,84000,put,0.34400957,0.3395,0.346,41.45,,,,,0.0,0.0,66116.9
2026-07-29 03:43:13,deribit,BTC,BTC-26MAR27-120000-P,2027-03-26,120000,put,0.84219802,0.8345,0.852,42.68,,,,,1.8,0.0,65403.38
2026-07-29 03:43:13,deribit,BTC,BTC-31JUL26-52000-P,2026-07-31,52000,put,4.629e-05,,0.0001,93.04,,,,,1541.4,214.7,63682.34
2026-07-29 03:43:13,deribit,BTC,BTC-26MAR27-104000-P,2027-03-26,104000,put,0.60576869,0.5995,0.61,41.15,,,,,0.0,0.0,65403.41
2026-07-29 03:43:13,deribit,BTC,BTC-28AUG26-57000-P,2026-08-28,57000,put,0.01059575,0.01,0.011,42.06,,,,,540.3,233.0,63882.61
2026-07-29 03:43:13,deribit,BTC,BTC-26MAR27-94000-P,2027-03-26,94000,put,0.46387474,0.4585,0.4675,40.53,,,,,9.0,0.0,65403.41
2026-07-29 03:43:13,deribit,BTC,BTC-25DEC26-100000-P,2026-12-25,100000,put,0.5505655,0.544,0.559,40.97,,,,,303.1,0.0,64766.18
2026-07-29 03:43:13,deribit,BTC,BTC-25DEC26-75000-P,2026-12-25,75000,put,0.20413121,0.2015,0.205,39.08,,,,,897.1,0.0,64766.18
2026-07-29 03:43:13,deribit,BTC,BTC-28AUG26-70000-P,2026-08-28,70000,put,0.10514462,0.101,0.108,33.68,,,,,181.0,1.1,63882.23
2026-07-29 03:43:13,deribit,BTC,BTC-28AUG26-60000-P,2026-08-28,60000,put,0.01929042,0.019,0.02,38.71,,,,,1908.3,320.2,63882.61
2026-07-29 03:43:13,deribit,BTC,BTC-30JUL26-64500-P,2026-07-30,64500,put,0.01714526,0.015,0.0175,40.3,,,,,34.7,6.0,63665.36
2026-07-29 03:43:13,deribit,BTC,BTC-25SEP26-130000-C,2026-09-25,130000,call,0.00020917,0.0001,0.0004,61.71,,,,,1431.6,0.0,64100.31
2026-07-29 03:43:13,deribit,BTC,BTC-30JUL26-62500-C,2026-07-30,62500,call,0.02196167,0.019,0.0245,45.69,,,,,0.1,0.0,63665.36
2026-07-29 03:43:13,deribit,BTC,BTC-26MAR27-76000-C,2027-03-26,76000,call,0.07414565,0.0735,0.075,40.43,,,,,279.5,1.0,65403.41
2026-07-29 03:43:13,deribit,BTC,BTC-29JUL26-66000-P,2026-07-29,66000,put,0.03666036,0.013,0.074,38.78,,,,,0.4,0.0,63665.36
2026-07-29 03:43:13,deribit,BTC,BTC-31JUL26-95000-P,2026-07-31,95000,put,0.49179107,0.484,0.4965,70.5,,,,,0.4,0.1,63681.96
2026-07-29 03:43:13,deribit,BTC,BTC-25JUN27-92000-C,2027-06-25,92000,call,0.0517346,0.0505,0.053,41.41,,,,,1.1,0.1,66116.9
2026-07-29 03:43:13,deribit,BTC,BTC-25SEP26-92000-C,2026-09-25,92000,call,0.00112713,0.001,0.0013,42.08,,,,,489.2,4.0,64100.14
2026-07-29 03:43:13,deribit,BTC,BTC-29JUL26-60000-P,2026-07-29,60000,put,0.0,,0.0001,54.34,,,,,89.1,32.6,63665.36
2026-07-29 03:43:13,deribit,BTC,BTC-25SEP26-125000-C,2026-09-25,125000,call,0.00020917,0.0001,0.0004,58.7,,,,,2329.4,0.1,64100.14
2026-07-29 03:43:13,deribit,BTC,BTC-1AUG26-59000-C,2026-08-01,59000,call,0.07475891,0.07,0.0795,51.79,,,,,0.0,0.0,63665.36
2026-07-29 03:43:13,deribit,BTC,BTC-29JUL26-65500-C,2026-07-29,65500,call,7.9e-07,,0.0001,37.97,,,,,116.4,163.4,63665.36
2026-07-29 03:43:13,deribit,BTC,BTC-31JUL26-91000-C,2026-07-31,91000,call,0.0,,0.0001,70.5,,,,,286.2,0.0,63682.34
2026-07-29 03:43:13,deribit,BTC,BTC-25DEC26-120000-P,2026-12-25,120000,put,0.85498823,0.847,0.8665,44.8,,,,,35.5,0.0,64766.18
2026-07-29 03:43:13,deribit,BTC,BTC-28AUG26-56000-C,2026-08-28,56000,call,0.1320159,0.1295,0.1355,43.22,,,,,59.4,0.0,63882.23
2026-07-29 03:43:13,deribit,BTC,BTC-25JUN27-70000-P,2027-06-25,70000,put,0.19587713,0.1935,0.197,42.44,,,,,9.4,0.0,66117.5
2026-07-29 03:43:13,deribit,BTC,BTC-25DEC26-220000-P,2026-12-25,220000,put,2.39697232,2.282,2.5215,59.25,,,,,0.0,0.0,64766.18
2026-07-29 03:43:13,deribit,BTC,BTC-26MAR27-65000-C,2027-03-26,65000,call,0.13752347,0.1365,0.139,41.86,,,,,211.6,0.0,65403.41
2026-07-29 03:43:13,deribit,BTC,BTC-26MAR27-130000-C,2027-03-26,130000,call,0.00520695,0.0049,0.0055,44.08,,,,,1058.1,0.0,65403.41
2026-07-29 03:43:13,deribit,BTC,BTC-25SEP26-175000-C,2026-09-25,175000,call,2.611e-05,,0.0002,71.63,,,,,1355.9,0.0,64100.31
2026-07-29 03:43:13,deribit,BTC,BTC-31JUL26-62500-P,2026-07-31,62500,put,0.006101,0.006,0.0065,43.83,,,,,2.4,2.7,63682.34
2026-07-29 03:43:13,deribit,BTC,BTC-28AUG26-74000-P,2026-08-28,74000,put,0.16167412,0.156,0.165,34.58,,,,,3.3,0.0,63882.23
2026-07-29 03:43:13,deribit,BTC,BTC-28AUG26-50000-C,2026-08-28,50000,call,0.22034234,0.218,0.224,52.87,,,,,51.0,0.0,63882.23
2026-07-29 03:43:13,deribit,BTC,BTC-14AUG26-65000-C,2026-08-14,65000,call,0.02088717,0.0205,0.0215,34.74,,,,,59.2,40.0,63782.34
2026-07-29 03:43:13,deribit,BTC,BTC-26MAR27-84000-C,2027-03-26,84000,call,0.04674444,0.046,0.0475,40.23,,,,,237.7,1.0,65403.41
2026-07-29 03:43:13,deribit,BTC,BTC-25JUN27-160000-C,2027-06-25,160000,call,0.00544215,0.005,0.0055,46.02,,,,,501.5,0.1,66117.5
2026-07-29 03:43:13,deribit,BTC,BTC-25JUN27-170000-P,2027-06-25,170000,put,1.57552089,1.4845,1.6805,46.79,,,,,14.6,0.0,66117.5
2026-07-29 03:43:13,deribit,BTC,BTC-1AUG26-69000-C,2026-08-01,69000,call,0.00036825,0.0003,0.0005,43.18,,,,,310.9,310.9,63665.36
2026-07-29 03:43:13,deribit,BTC,BTC-25SEP26-86000-P,2026-09-25,86000,put,0.34371898,0.3365,0.3495,39.01,,,,,11.6,0.0,64100.14
2026-07-29 03:43:13,deribit,BTC,BTC-29JUL26-65000-C,2026-07-29,65000,call,6.15e-06,,0.0001,33.74,,,,,71.6,65.7,63665.36
2026-07-29 03:43:13,deribit,BTC,BTC-25SEP26-68000-C,2026-09-25,68000,call,0.0323082,0.032,0.033,35.2,,,,,827.1,16.3,64100.31
2026-07-29 03:43:13,deribit,BTC,BTC-14AUG26-62000-C,2026-08-14,62000,call,0.04682745,0.0465,0.0475,37.28,,,,,1.6,0.6,63782.34
2026-07-29 03:43:13,deribit,BTC,BTC-25SEP26-280000-C,2026-09-25,280000,call,4e-07,,0.0001,81.51,,,,,94.0,0.0,64100.14
2026-07-29 03:43:13,deribit,BTC,BTC-25DEC26-230000-C,2026-12-25,230000,call,0.00014435,,0.0002,62.24,,,,,195.9,0.0,64766.18
2026-07-29 03:43:13,deribit,BTC,BTC-29JUL26-67000-P,2026-07-29,67000,put,0.05236731,0.017,0.0905,44.35,,,,,0.0,0.0,63665.36
2026-07-29 03:43:13,deribit,BTC,BTC-30JUL26-64000-P,2026-07-30,64000,put,0.01203564,0.0115,0.0125,40.54,,,,,88.3,11.5,63665.36
2026-07-29 03:43:13,deribit,BTC,BTC-25DEC26-50000-P,2026-12-25,50000,put,0.02785632,0.027,0.0285,46.73,,,,,1831.2,240.6,64766.18
2026-07-29 03:43:13,deribit,BTC,BTC-28AUG26-65000-C,2026-08-28,65000,call,0.0321821,0.0315,0.033,34.87,,,,,1120.0,28.7,63882.23
2026-07-29 03:43:13,deribit,BTC,BTC-31JUL26-120000-C,2026-07-31,120000,call,0.0,,0.0001,77.21,,,,,1059.4,0.0,63682.34
2026-07-29 03:43:13,deribit,BTC,BTC-28AUG26-68000-P,2026-08-28,68000,put,0.08015634,0.0785,0.082,33.73,,,,,87.9,0.0,63882.23
2026-07-29 03:43:13,deribit,BTC,BTC-28AUG26-76000-C,2026-08-28,76000,call,0.00214652,0.002,0.0023,35.9,,,,,699.0,0.7,63882.23
2026-07-29 03:43:13,deribit,BTC,BTC-31JUL26-63000-C,2026-07-31,63000,call,0.01904366,0.0185,0.0195,42.39,,,,,1187.9,22.5,63682.34
2026-07-29 03:43:13,deribit,BTC,BTC-25DEC26-54000-P,2026-12-25,54000,put,0.04037409,0.0395,0.041,44.23,,,,,1807.9,0.2,64765.8
2026-07-29 03:43:13,deribit,BTC,BTC-25DEC26-92000-P,2026-12-25,92000,put,0.43241035,0.426,0.4905,40.09,,,,,4.5,0.0,64766.18
2026-07-29 03:43:13,deribit,BTC,BTC-28AUG26-40000-C,2026-08-28,40000,call,0.37454178,0.3725,0.3775,72.38,,,,,23.5,0.0,63882.23
2026-07-29 03:43:13,deribit,BTC,BTC-26MAR27-78000-P,2027-03-26,78000,put,0.2585925,0.2555,0.26,40.31,,,,,182.7,0.0,65403.41
2026-07-29 03:43:13,deribit,BTC,BTC-25SEP26-54000-C,2026-09-25,54000,call,0.1715927,0.169,0.175,44.01,,,,,7.2,0.0,64100.14
2026-07-29 03:43:13,deribit,BTC,BTC-25DEC26-108000-C,2026-12-25,108000,call,0.00408928,0.0039,0.0043,42.6,,,,,122.2,0.0,64766.18
2026-07-29 03:43:13,deribit,BTC,BTC-25DEC26-60000-P,2026-12-25,60000,put,0.06928234,0.0685,0.07,41.61,,,,,6454.2,105.0,64766.18
2026-07-29 03:43:13,deribit,BTC,BTC-25JUN27-58000-C,2027-06-25,58000,call,0.2263019,0.225,0.2285,44.51,,,,,4.7,0.0,66116.9
2026-07-29 03:43:13,deribit,BTC,BTC-25DEC26-250000-P,2026-12-25,250000,put,2.86014181,2.7295,3.001,62.75,,,,,10.0,0.0,64766.18
2026-07-29 03:43:13,deribit,BTC,BTC-25SEP26-85000-C,2026-09-25,85000,call,0.00225559,0.0021,0.0024,38.36,,,,,1227.2,0.0,64100.14
2026-07-29 03:43:13,deribit,BTC,BTC-26MAR27-190000-P,2027-03-26,190000,put,1.9060313,1.807,2.0165,50.51,,,,,0.9,0.0,65403.41
2026-07-29 03:43:13,deribit,BTC,BTC-25DEC26-160000-C,2026-12-25,160000,call,0.00050464,0.0004,0.0008,51.93,,,,,1226.9,0.2,64766.18
2026-07-29 03:43:13,deribit,BTC,BTC-25DEC26-88000-P,2026-12-25,88000,put,0.37470398,0.3685,0.434,39.5,,,,,4.1,0.0,64766.18
2026-07-29 03:43:13,deribit,BTC,BTC-25SEP26-96000-P,2026-09-25,96000,put,0.49849699,0.4905,0.505,44.29,,,,,1.0,0.0,64100.31
2026-07-29 03:43:13,deribit,BTC,BTC-25DEC26-96000-P,2026-12-25,96000,put,0.49118103,0.4845,0.5345,40.65,,,,,11.2,0.0,64765.8
2026-07-29 03:43:13,deribit,BTC,BTC-31JUL26-87000-P,2026-07-31,87000,put,0.36616656,0.3585,0.3705,70.47,,,,,8.1,0.0,63682.34
2026-07-29 03:43:13,deribit,BTC,BTC-31JUL26-67000-P,2026-07-31,67000,put,0.05285803,0.0485,0.0565,41.05,,,,,252.0,0.0,63682.34
2026-07-29 03:43:13,deribit,BTC,BTC-25DEC26-90000-C,2026-12-25,90000,call,0.01381181,0.0135,0.014,39.83,,,,,3092.3,13.1,64766.18
2026-07-29 03:43:13,deribit,BTC,BTC-26MAR27-66000-C,2027-03-26,66000,call,0.1302792,0.1295,0.1315,41.66,,,,,18.5,0.1,65403.41
2026-07-29 03:43:13,deribit,BTC,BTC-25JUN27-62000-P,2027-06-25,62000,put,0.13028792,0.1285,0.131,43.65,,,,,15.5,0.2,66117.5
2026-07-29 03:43:13,deribit,BTC,BTC-26MAR27-200000-P,2027-03-26,200000,put,2.05870979,1.955,2.174,51.2,,,,,1.0,0.0,65403.41
2026-07-29 03:43:13,deribit,BTC,BTC-26MAR27-45000-C,2027-03-26,45000,call,0.34311034,0.3415,0.3455,49.47,,,,,3.2,0.0,65403.41
2026-07-29 03:43:13,deribit,BTC,BTC-25SEP26-30000-P,2026-09-25,30000,put,0.00094685,0.0008,0.001,84.29,,,,,2346.9,7.9,64100.14
2026-07-29 03:43:13,deribit,BTC,BTC-26MAR27-160000-C,2027-03-26,160000,call,0.00206941,0.0019,0.0024,47.59,,,,,855.0,0.2,65403.41
2026-07-29 03:43:13,deribit,BTC,BTC-25SEP26-260000-C,2026-09-25,260000,call,5.6e-07,,0.0001,78.83,,,,,293.8,0.0,64100.31
2026-07-29 03:43:13,deribit,BTC,BTC-31JUL26-69000-P,2026-07-31,69000,put,0.08381909,0.078,0.087,50.79,,,,,209.6,0.0,63682.34
2026-07-29 03:43:13,deribit,BTC,BTC-25DEC26-66000-P,2026-12-25,66000,put,0.11259245,0.1115,0.113,40.03,,,,,366.2,4.5,64766.18
2026-07-29 03:43:13,deribit,BTC,BTC-25SEP26-82000-C,2026-09-25,82000,call,0.0033925,0.0033,0.0035,37.2,,,,,2501.3,8.2,64100.14
2026-07-29 03:43:13,deribit,BTC,BTC-14AUG26-66000-P,2026-08-14,66000,put,0.05009388,0.0485,0.0515,34.54,,,,,3.0,0.0,63782.72
2026-07-29 03:43:13,deribit,BTC,BTC-30JUL26-58000-C,2026-07-30,58000,call,0.08913605,0.0565,0.121,66.92,,,,,0.0,0.0,63665.36
2026-07-29 03:43:13,deribit,BTC,BTC-31JUL26-64500-P,2026-07-31,64500,put,0.01960472,0.019,0.02,39.05,,,,,38.7,50.6,63682.34
2026-07-29 03:43:13,deribit,BTC,BTC-26MAR27-92000-P,2027-03-26,92000,put,0.4363103,0.431,0.44,40.4,,,,,0.2,0.0,65403.41
2026-07-29 03:43:13,deribit,BTC,BTC-25DEC26-190000-P,2026-12-25,190000,put,1.93388541,1.835,2.0425,56.2,,,,,0.0,0.0,64766.18
2026-07-29 03:43:13,deribit,BTC,BTC-1AUG26-56000-C,2026-08-01,56000,call,0.12108631,0.0895,0.1525,65.09,,,,,0.0,0.0,63665.36
2026-07-29 03:43:13,deribit,BTC,BTC-30JUL26-66000-P,2026-07-30,66000,put,0.03716831,0.013,0.075,40.16,,,,,1.2,0.0,63665.36
2026-07-29 03:43:13,deribit,BTC,BTC-25DEC26-35000-C,2026-12-25,35000,call,0.46737734,0.466,0.469,62.59,,,,,77.6,0.0,64766.18
2026-07-29 03:43:13,deribit,BTC,BTC-25DEC26-160000-P,2026-12-25,160000,put,1.47094657,1.387,1.5635,51.93,,,,,0.0,0.0,64766.18
2026-07-29 03:43:13,deribit,BTC,BTC-31JUL26-86000-C,2026-07-31,86000,call,0.0,,0.0001,70.46,,,,,496.0,0.0,63681.96
2026-07-29 03:43:13,deribit,BTC,BTC-25DEC26-120000-C,2026-12-25,120000,call,0.00215678,0.002,0.0023,44.8,,,,,6033.0,0.0,64766.18
2026-07-29 03:43:13,deribit,BTC,BTC-26MAR27-72000-P,2027-03-26,72000,put,0.19444743,0.1915,0.1955,40.87,,,,,139.1,0.1,65403.38
2026-07-29 03:43:13,deribit,BTC,BTC-31JUL26-89000-P,2026-07-31,89000,put,0.39757268,0.3905,0.402,70.48,,,,,5.9,0.0,63682.34
2026-07-29 03:43:13,deribit,BTC,BTC-30JUL26-70000-P,2026-07-30,70000,put,0.09942437,0.0625,0.1395,50.97,,,,,0.0,0.0,63665.36
2026-07-29 03:43:13,deribit,BTC,BTC-25DEC26-150000-C,2026-12-25,150000,call,0.00069756,0.0005,0.0009,50.42,,,,,1630.1,12.0,64766.18
2026-07-29 03:43:13,deribit,BTC,BTC-29JUL26-69000-P,2026-07-29,69000,put,0.08378126,0.0475,0.123,44.47,,,,,0.0,0.0,63665.36
2026-07-29 03:43:13,deribit,BTC,BTC-26MAR27-58000-P,2027-03-26,58000,put,0.08314769,0.082,0.084,43.55,,,,,109.6,0.0,65403.41
2026-07-29 03:43:13,deribit,BTC,BTC-28AUG26-54000-P,2026-08-28,54000,put,0.00606608,0.0055,0.0065,46.39,,,,,1095.0,276.4,63882.23
2026-07-29 03:43:13,deribit,BTC,BTC-28AUG26-81000-C,2026-08-28,81000,call,0.00097567,0.0008,0.0011,40.34,,,,,1151.5,0.1,63882.23
2026-07-29 03:43:13,deribit,BTC,BTC-30JUL26-60000-C,2026-07-30,60000,call,0.05804047,0.0235,0.0915,56.7,,,,,0.0,0.0,63665.36
2026-07-29 03:43:13,deribit,BTC,BTC-31JUL26-59000-P,2026-07-31,59000,put,0.0008075,0.0007,0.0009,58.38,,,,,2168.9,12.5,63682.34
2026-07-29 03:43:13,deribit,BTC,BTC-28AUG26-95000-C,2026-08-28,95000,call,0.00028518,0.0003,0.0004,53.36,,,,,11.6,0.0,63882.23
2026-07-29 03:43:13,deribit,BTC,BTC-25JUN27-100000-C,2027-06-25,100000,call,0.03686709,0.036,0.038,41.61,,,,,63.7,2.3,66116.9
2026-07-29 03:43:13,deribit,BTC,BTC-29JUL26-67000-C,2026-07-29,67000,call,0.0,,0.0001,44.35,,,,,79.7,10.7,63665.36
2026-07-29 03:43:13,deribit,BTC,BTC-25SEP26-88000-C,2026-09-25,88000,call,0.00163828,0.0015,0.0018,39.95,,,,,650.1,0.0,64100.31
2026-07-29 03:43:13,deribit,BTC,BTC-29JUL26-65000-P,2026-07-29,65000,put,0.02095951,0.016,0.0255,33.74,,,,,6.3,1.1,63665.36
2026-07-29 03:43:13,deribit,BTC,BTC-25DEC26-66000-C,2026-12-25,66000,call,0.09353515,0.093,0.0945,40.03,,,,,261.9,4.2,64766.18
2026-07-29 03:43:13,deribit,BTC,BTC-25DEC26-102000-C,2026-12-25,102000,call,0.00593983,0.0055,0.006,41.59,,,,,169.0,1.4,64766.18
2026-07-29 03:43:13,deribit,BTC,BTC-28AUG26-69000-C,2026-08-28,69000,call,0.01214492,0.012,0.0125,33.64,,,,,631.5,22.2,63882.23
2026-07-29 03:43:13,deribit,BTC,BTC-26MAR27-104000-C,2027-03-26,104000,call,0.01564434,0.015,0.0165,41.15,,,,,101.2,0.0,65403.41
2026-07-29 03:43:13,deribit,BTC,BTC-1AUG26-64500-P,2026-08-01,64500,put,0.02118528,0.0205,0.022,37.12,,,,,0.0,0.0,63665.36
2026-07-29 03:43:13,deribit,BTC,BTC-28AUG26-95000-P,2026-08-28,95000,put,0.48740019,0.479,0.4915,53.36,,,,,0.2,0.1,63882.23
2026-07-29 03:43:13,deribit,BTC,BTC-25DEC26-170000-C,2026-12-25,170000,call,0.00035653,0.0002,0.0006,53.08,,,,,2384.4,0.4,64765.8
2026-07-29 03:43:13,deribit,BTC,BTC-25SEP26-65000-C,2026-09-25,65000,call,0.05123774,0.051,0.052,36.19,,,,,773.7,45.9,64100.31
2026-07-29 03:43:13,deribit,BTC,BTC-14AUG26-55000-P,2026-08-14,55000,put,0.00295594,0.0028,0.0031,47.95,,,,,269.1,243.0,63782.72
2026-07-29 03:43:13,deribit,BTC,BTC-26MAR27-130000-P,2027-03-26,130000,put,0.99286238,0.9845,1.0765,44.08,,,,,0.2,0.0,65403.41
2026-07-29 03:43:13,deribit,BTC,BTC-26MAR27-80000-P,2027-03-26,80000,put,0.28210675,0.2785,0.284,40.29,,,,,139.1,0.5,65403.41
2026-07-29 03:43:13,deribit,BTC,BTC-14AUG26-61000-C,2026-08-14,61000,call,0.05793964,0.0565,0.061,38.27,,,,,0.0,0.0,63782.72
2026-07-29 03:43:13,deribit,BTC,BTC-28AUG26-62000-C,2026-08-28,62000,call,0.05806841,0.0575,0.059,36.91,,,,,896.2,0.1,63882.23
2026-07-29 03:43:13,deribit,BTC,BTC-25SEP26-300000-C,2026-09-25,300000,call,3.9e-07,,0.0001,84.97,,,,,192.5,0.2,64100.14
2026-07-29 03:43:13,deribit,BTC,BTC-26MAR27-40000-C,2027-03-26,40000,call,0.40952208,0.408,0.412,53.22,,,,,81.3,0.0,65403.41
2026-07-29 03:43:13,deribit,BTC,BTC-25JUN27-64000-C,2027-06-25,64000,call,0.17709538,0.176,0.179,43.25,,,,,17.3,0.5,66117.5
2026-07-29 03:43:13,deribit,BTC,BTC-25SEP26-135000-C,2026-09-25,135000,call,0.00017721,0.0001,0.0003,63.62,,,,,275.6,0.0,64100.31
2026-07-29 03:43:13,deribit,BTC,BTC-25SEP26-72000-P,2026-09-25,72000,put,0.13973769,0.1355,0.1425,34.73,,,,,274.9,0.0,64100.14
2026-07-29 03:43:13,deribit,BTC,BTC-26MAR27-85000-P,2027-03-26,85000,put,0.34373306,0.339,0.347,40.22,,,,,0.8,0.0,65403.41
2026-07-29 03:43:13,deribit,BTC,BTC-28AUG26-55000-C,2026-08-28,55000,call,0.14618653,0.144,0.1495,44.64,,,,,5.8,0.0,63882.23
2026-07-29 03:43:13,deribit,BTC,BTC-25SEP26-62000-P,2026-09-25,62000,put,0.04396995,0.0435,0.0445,37.64,,,,,1086.9,533.4,64100.31
2026-07-29 03:43:13,deribit,BTC,BTC-31JUL26-76000-C,2026-07-31,76000,call,9.17e-06,,0.0001,70.45,,,,,2773.8,277.0,63681.96
2026-07-29 03:43:13,deribit,BTC,BTC-30JUL26-67500-C,2026-07-30,67500,call,0.00013177,0.0001,0.0002,46.64,,,,,9.6,3.4,63665.36
2026-07-29 03:43:13,deribit,BTC,BTC-26MAR27-55000-C,2027-03-26,55000,call,0.22622116,0.2245,0.2285,44.56,,,,,28.6,0.0,65403.41
2026-07-29 03:43:13,deribit,BTC,BTC-26MAR27-62000-C,2027-03-26,62000,call,0.16077089,0.16,0.1625,42.46,,,,,42.2,0.0,65403.41
2026-07-29 03:43:13,deribit,BTC,BTC-1AUG26-60000-P,2026-08-01,60000,put,0.00186228,0.0017,0.002,48.1,,,,,4.6,4.6,63665.36
2026-07-29 03:43:13,deribit,BTC,BTC-28AUG26-110000-C,2026-08-28,110000,call,0.00010102,,0.0002,63.6,,,,,105.0,0.1,63882.23
2026-07-29 03:43:13,deribit,BTC,BTC-31JUL26-48000-C,2026-07-31,48000,call,0.2462563,0.244,0.25,103.19,,,,,2.0,0.0,63682.34
2026-07-29 03:43:13,deribit,BTC,BTC-25JUN27-150000-P,2027-06-25,150000,put,1.27544813,1.1945,1.3725,44.91,,,,,0.0,0.0,66116.9
2026-07-29 03:43:13,deribit,BTC,BTC-29JUL26-66000-C,2026-07-29,66000,call,3e-08,,0.0001,38.78,,,,,69.6,11.7,63665.36
2026-07-29 03:43:13,deribit,BTC,BTC-25SEP26-120000-P,2026-09-25,120000,put,0.8723055,0.862,0.8775,55.76,,,,,172.3,0.0,64100.31
2026-07-29 03:43:13,deribit,BTC,BTC-1AUG26-61000-C,2026-08-01,61000,call,0.04545583,0.0415,0.072,44.89,,,,,0.0,0.0,63665.36
2026-07-29 03:43:13,deribit,BTC,BTC-25JUN27-52000-C,2027-06-25,52000,call,0.2845162,0.283,0.287,46.23,,,,,0.6,0.0,66117.5
2026-07-29 03:43:13,deribit,BTC,BTC-28AUG26-94000-C,2026-08-28,94000,call,0.00034084,0.0003,0.0005,53.16,,,,,194.8,0.0,63882.23
2026-07-29 03:43:13,deribit,BTC,BTC-25SEP26-50000-C,2026-09-25,50000,call,0.22803811,0.2255,0.2315,48.55,,,,,30.5,0.0,64100.31
2026-07-29 03:43:13,deribit,BTC,BTC-28AUG26-96000-C,2026-08-28,96000,call,0.0002304,0.0002,0.0004,53.36,,,,,23.4,0.0,63882.23
2026-07-29 03:43:13,deribit,BTC,BTC-31JUL26-75000-C,2026-07-31,75000,call,2.213e-05,,0.0001,70.45,,,,,4067.1,418.1,63681.96
2026-07-29 03:43:13,deribit,BTC,BTC-25SEP26-96000-C,2026-09-25,96000,call,0.00082681,0.0007,0.0009,44.29,,,,,307.4,0.0,64100.14
2026-07-29 03:43:13,deribit,BTC,BTC-26MAR27-112000-C,2027-03-26,112000,call,0.01066555,0.01,0.0115,41.91,,,,,63.2,0.0,65403.41
2026-07-29 03:43:13,deribit,BTC,BTC-26MAR27-82000-C,2027-03-26,82000,call,0.05252536,0.052,0.0535,40.26,,,,,663.6,3.0,65403.41
2026-07-29 03:43:13,deribit,BTC,BTC-31JUL26-108000-C,2026-07-31,108000,call,0.0,,0.0001,70.6,,,,,375.1,0.0,63682.34
2026-07-29 03:43:13,deribit,BTC,BTC-1AUG26-58000-P,2026-08-01,58000,put,0.00074273,0.0006,0.0007,56.2,,,,,6.7,6.7,63665.36
2026-07-29 03:43:13,deribit,BTC,BTC-25SEP26-55000-C,2026-09-25,55000,call,0.15805048,0.1555,0.161,42.91,,,,,83.9,0.0,64100.14
2026-07-29 03:43:13,deribit,BTC,BTC-31JUL26-68000-C,2026-07-31,68000,call,0.00046285,0.0004,0.0006,45.94,,,,,4683.7,28.0,63682.34
2026-07-29 03:43:13,deribit,BTC,BTC-31JUL26-100000-C,2026-07-31,100000,call,0.0,,0.0001,70.5,,,,,1802.6,0.0,63682.34
2026-07-29 03:43:13,deribit,BTC,BTC-25JUN27-88000-C,2027-06-25,88000,call,0.06157553,0.0605,0.063,41.39,,,,,2.8,0.0,66116.9
2026-07-29 03:43:13,deribit,BTC,BTC-25DEC26-74000-P,2026-12-25,74000,put,0.19259988,0.19,0.194,39.13,,,,,106.0,3.4,64765.8
2026-07-29 03:43:13,deribit,BTC,BTC-25JUN27-45000-C,2027-06-25,45000,call,0.36336752,0.3615,0.366,49.17,,,,,0.4,0.0,66116.9
2026-07-29 03:43:13,deribit,BTC,BTC-1AUG26-59000-P,2026-08-01,59000,put,0.00112596,0.001,0.0012,51.79,,,,,2.2,2.2,63665.36
2026-07-29 03:43:13,deribit,BTC,BTC-25SEP26-74000-C,2026-09-25,74000,call,0.0116011,0.0115,0.012,34.76,,,,,727.1,11.8,64100.31
2026-07-29 03:43:13,deribit,BTC,BTC-31JUL26-64000-C,2026-07-31,64000,call,0.0099255,0.0095,0.0105,39.69,,,,,1347.3,649.7,63682.34
2026-07-29 03:43:13,deribit,BTC,BTC-29JUL26-62000-C,2026-07-29,62000,call,0.0261782,0.013,0.059,44.57,,,,,0.0,0.0,63665.36
2026-07-29 03:43:13,deribit,BTC,BTC-25JUN27-54000-C,2027-06-25,54000,call,0.26412841,0.2625,0.2665,45.6,,,,,0.6,0.5,66116.9
2026-07-29 03:43:13,deribit,BTC,BTC-14AUG26-75000-C,2026-08-14,75000,call,0.00082833,0.0007,0.001,39.13,,,,,355.6,1.6,63782.34
2026-07-29 03:43:13,deribit,BTC,BTC-25DEC26-84000-C,2026-12-25,84000,call,0.02229718,0.022,0.0225,39.37,,,,,758.9,1.2,64766.18
2026-07-29 03:43:13,deribit,BTC,BTC-28AUG26-85000-C,2026-08-28,85000,call,0.00065458,0.0005,0.0008,44.48,,,,,318.6,0.1,63882.23
2026-07-29 03:43:13,deribit,BTC,BTC-7AUG26-80000-C,2026-08-07,80000,call,0.00033379,0.0003,0.0004,60.8,,,,,415.0,168.0,63735.88
2026-07-29 03:43:13,deribit,BTC,BTC-25SEP26-76000-P,2026-09-25,76000,put,0.19375921,0.189,0.197,34.88,,,,,599.6,0.0,64100.14
2026-07-29 03:43:13,deribit,BTC,BTC-28AUG26-98000-C,2026-08-28,98000,call,0.00020712,0.0001,0.0003,55.11,,,,,154.0,0.0,63882.23
2026-07-29 03:43:13,deribit,BTC,BTC-25SEP26-54000-P,2026-09-25,54000,put,0.01403218,0.0135,0.0145,44.01,,,,,372.9,1.4,64100.31
2026-07-29 03:43:13,deribit,BTC,BTC-28AUG26-100000-C,2026-08-28,100000,call,0.00017645,0.0001,0.0003,56.47,,,,,155.1,0.0,63882.23
2026-07-29 03:43:13,deribit,BTC,BTC-25DEC26-76000-C,2026-12-25,76000,call,0.04255217,0.042,0.043,39.08,,,,,339.4,0.5,64766.18
2026-07-29 03:43:13,deribit,BTC,BTC-25JUN27-86000-P,2027-06-25,86000,put,0.36800492,0.363,0.3705,41.41,,,,,0.0,0.0,66117.5
2026-07-29 03:43:13,deribit,BTC,BTC-1AUG26-71000-C,2026-08-01,71000,call,0.00016841,0.0001,0.0002,50.1,,,,,0.0,0.0,63665.36
2026-07-29 03:43:13,deribit,BTC,BTC-29JUL26-68000-C,2026-07-29,68000,call,0.0,,0.0001,44.47,,,,,108.1,0.0,63665.36
2026-07-29 03:43:13,deribit,BTC,BTC-29JUL26-63500-C,2026-07-29,63500,call,0.00415555,0.0036,0.0047,30.08,,,,,92.6,123.5,63665.36
2026-07-29 03:43:13,deribit,BTC,BTC-14AUG26-72000-P,2026-08-14,72000,put,0.13063933,0.1255,0.134,35.69,,,,,0.0,0.0,63782.34
2026-07-29 03:43:13,deribit,BTC,BTC-25JUN27-92000-P,2027-06-25,92000,put,0.44321697,0.4375,0.4455,41.41,,,,,0.0,0.0,66117.5
2026-07-29 03:43:13,deribit,BTC,BTC-28AUG26-82000-C,2026-08-28,82000,call,0.00082916,0.0009,0.001,41.06,,,,,1525.5,1.6,63882.23
2026-07-29 03:43:13,deribit,BTC,BTC-7AUG26-63000-C,2026-08-07,63000,call,0.02932408,0.029,0.03,36.72,,,,,78.6,54.6,63735.71
2026-07-29 03:43:13,deribit,BTC,BTC-25DEC26-104000-C,2026-12-25,104000,call,0.00518817,0.0049,0.0055,41.86,,,,,84.3,0.0,64766.18
2026-07-29 03:43:13,deribit,BTC,BTC-25SEP26-66000-C,2026-09-25,66000,call,0.04422393,0.0435,0.045,35.82,,,,,971.0,1.5,64100.31
2026-07-29 03:43:13,deribit,BTC,BTC-30JUL26-64500-C,2026-07-30,64500,call,0.00410818,0.0039,0.0044,40.3,,,,,54.5,60.6,63665.36
2026-07-29 03:43:13,deribit,BTC,BTC-25SEP26-155000-P,2026-09-25,155000,put,1.41821256,1.337,1.5075,70.38,,,,,0.1,0.0,64100.31
2026-07-29 03:43:13,deribit,BTC,BTC-25SEP26-105000-C,2026-09-25,105000,call,0.00048603,0.0004,0.0006,49.24,,,,,1208.3,0.5,64100.31
2026-07-29 03:43:13,deribit,BTC,BTC-31JUL26-71000-C,2026-07-31,71000,call,0.00013676,0.0001,0.0002,59.02,,,,,2804.3,16.0,63682.34
2026-07-29 03:43:13,deribit,BTC,BTC-25DEC26-88000-C,2026-12-25,88000,call,0.01596092,0.0155,0.0165,39.5,,,,,2496.9,15.5,64766.18
2026-07-29 03:43:13,deribit,BTC,BTC-14AUG26-68000-P,2026-08-14,68000,put,0.07352733,0.069,0.0765,33.84,,,,,0.0,0.0,63782.72
2026-07-29 03:43:13,deribit,BTC,BTC-1AUG26-62000-C,2026-08-01,62000,call,0.03221878,0.0175,0.0495,42.11,,,,,0.0,0.0,63665.36
2026-07-29 03:43:13,deribit,BTC,BTC-25JUN27-56000-P,2027-06-25,56000,put,0.09168374,0.0905,0.093,45.02,,,,,41.5,0.0,66117.5
2026-07-29 03:43:13,deribit,BTC,BTC-26MAR27-105000-P,2027-03-26,105000,put,0.62031594,0.614,0.6245,41.25,,,,,0.0,0.0,65403.41
2026-07-29 03:43:13,deribit,BTC,BTC-28AUG26-80000-P,2026-08-28,80000,put,0.25340334,0.247,0.257,39.28,,,,,12.8,0.0,63882.23
2026-07-29 03:43:13,deribit,BTC,BTC-31JUL26-54000-C,2026-07-31,54000,call,0.15218267,0.149,0.1565,87.36,,,,,1.6,0.0,63681.96
2026-07-29 03:43:13,deribit,BTC,BTC-1AUG26-64000-C,2026-08-01,64000,call,0.01185244,0.0115,0.0125,37.93,,,,,33.7,33.7,63665.36
2026-07-29 03:43:13,deribit,BTC,BTC-25JUN27-105000-P,2027-06-25,105000,put,0.61805109,0.6115,0.621,41.76,,,,,0.0,0.0,66117.5
2026-07-29 03:43:13,deribit,BTC,BTC-28AUG26-52000-P,2026-08-28,52000,put,0.00423384,0.004,0.0044,49.47,,,,,1116.6,15.8,63882.23
2026-07-29 03:43:13,deribit,BTC,BTC-25SEP26-82000-P,2026-09-25,82000,put,0.28265245,0.2765,0.2865,37.2,,,,,194.1,0.0,64100.31
2026-07-29 03:43:13,deribit,BTC,BTC-26MAR27-112000-P,2027-03-26,112000,put,0.72310716,0.716,0.728,41.91,,,,,0.0,0.0,65403.41
2026-07-29 03:43:13,deribit,BTC,BTC-31JUL26-82000-C,2026-07-31,82000,call,2e-08,,0.0001,70.45,,,,,3188.1,0.1,63682.34
2026-07-29 03:43:13,deribit,BTC,BTC-29JUL26-57000-P,2026-07-29,57000,put,0.0,,0.0001,66.62,,,,,11.3,0.0,63665.36
2026-07-29 03:43:13,deribit,BTC,BTC-14AUG26-60000-P,2026-08-14,60000,put,0.01100168,0.0105,0.0115,39.74,,,,,905.8,204.4,63782.72
2026-07-29 03:43:13,deribit,BTC,BTC-25DEC26-58000-C,2026-12-25,58000,call,0.16258799,0.161,0.164,42.35,,,,,41.8,0.0,64766.18
2026-07-29 03:43:13,deribit,BTC,BTC-31JUL26-65000-P,2026-07-31,65000,put,0.02507395,0.0225,0.027,38.5,,,,,595.8,30.8,63682.34
2026-07-29 03:43:13,deribit,BTC,BTC-28AUG26-65000-P,2026-08-28,65000,put,0.04968184,0.049,0.0505,34.87,,,,,746.4,4.2,63882.23
2026-07-29 03:43:13,deribit,BTC,BTC-30JUL26-66500-P,2026-07-30,66500,put,0.04472354,0.0125,0.0825,40.69,,,,,0.0,0.0,63665.36
2026-07-29 03:43:13,deribit,BTC,BTC-25SEP26-66000-P,2026-09-25,66000,put,0.07387218,0.073,0.0745,35.82,,,,,847.1,9.1,64100.31
2026-07-29 03:43:13,deribit,BTC,BTC-25JUN27-90000-C,2027-06-25,90000,call,0.05647538,0.0555,0.0575,41.41,,,,,78.2,1.0,66117.5
2026-07-29 03:43:13,deribit,BTC,BTC-25DEC26-85000-C,2026-12-25,85000,call,0.02056392,0.0205,0.021,39.43,,,,,2249.1,55.3,64765.8
2026-07-29 03:43:13,deribit,BTC,BTC-25DEC26-98000-P,2026-12-25,98000,put,0.52085211,0.5145,0.557,40.89,,,,,1.1,0.0,64766.18
2026-07-29 03:43:13,deribit,BTC,BTC-26MAR27-78000-C,2027-03-26,78000,call,0.06599923,0.0655,0.0665,40.31,,,,,377.7,6.0,65403.41
2026-07-29 03:43:13,deribit,BTC,BTC-28AUG26-90000-P,2026-08-28,90000,put,0.40930585,0.402,0.4135,49.67,,,,,4.8,0.0,63882.23
2026-07-29 03:43:13,deribit,BTC,BTC-28AUG26-85000-P,2026-08-28,85000,put,0.33123117,0.324,0.335,44.48,,,,,0.6,0.2,63882.23
2026-07-29 03:43:13,deribit,BTC,BTC-25SEP26-200000-P,2026-09-25,200000,put,2.12015151,2.015,2.2335,72.81,,,,,0.1,0.0,64100.31
2026-07-29 03:43:13,deribit,BTC,BTC-28AUG26-68000-C,2026-08-28,68000,call,0.01569507,0.015,0.0165,33.73,,,,,701.8,68.0,63882.23
2026-07-29 03:43:13,deribit,BTC,BTC-28AUG26-52000-C,2026-08-28,52000,call,0.19023405,0.188,0.193,49.47,,,,,51.0,0.0,63882.23
2026-07-29 03:43:13,deribit,BTC,BTC-25DEC26-78000-C,2026-12-25,78000,call,0.03624555,0.0355,0.0365,39.12,,,,,401.4,0.8,64766.18
2026-07-29 03:43:13,deribit,BTC,BTC-25SEP26-85000-P,2026-09-25,85000,put,0.32831773,0.3215,0.332,38.36,,,,,454.5,2.0,64100.31
2026-07-29 03:43:13,deribit,BTC,BTC-28AUG26-54000-C,2026-08-28,54000,call,0.1607586,0.1585,0.1645,46.39,,,,,8.2,0.0,63882.23
2026-07-29 03:43:13,deribit,BTC,BTC-29JUL26-62500-P,2026-07-29,62500,put,6.851e-05,,0.0001,40.98,,,,,384.7,222.3,63665.36
2026-07-29 03:43:13,deribit,BTC,BTC-31JUL26-106000-C,2026-07-31,106000,call,0.0,,0.0001,70.51,,,,,44.6,0.0,63682.34
2026-07-29 03:43:13,deribit,BTC,BTC-31JUL26-62000-P,2026-07-31,62000,put,0.00445379,0.0043,0.0047,45.47,,,,,1904.5,119.6,63682.34
2026-07-29 03:43:13,deribit,BTC,BTC-25DEC26-95000-P,2026-12-25,95000,put,0.47626858,0.4695,0.4835,40.38,,,,,85.9,0.0,64766.18
2026-07-29 03:43:13,deribit,ETH,ETH-14AUG26-1950-P,2026-08-14,1950,put,0.059192,0.056,0.0605,50.79,,,,,328.0,150.0,1895.33
2026-07-29 03:43:13,deribit,ETH,ETH-31JUL26-3000-P,2026-07-31,3000,put,0.582946,0.521,0.6485,102.41,,,,,5.0,0.0,1895.14
2026-07-29 03:43:13,deribit,ETH,ETH-25DEC26-7000-C,2026-12-25,7000,call,0.000601,0.0003,0.0009,71.89,,,,,2825.0,0.0,1910.43
2026-07-29 03:43:13,deribit,ETH,ETH-30JUL26-1975-P,2026-07-30,1975,put,0.044436,0.0405,0.0485,61.38,,,,,667.0,0.0,1894.38
2026-07-29 03:43:13,deribit,ETH,ETH-30JUL26-2000-C,2026-07-30,2000,call,0.001153,0.0011,0.0014,64.36,,,,,1682.0,1489.0,1894.38
2026-07-29 03:43:13,deribit,ETH,ETH-30JUL26-1825-P,2026-07-30,1825,put,0.003007,0.0028,0.0033,65.52,,,,,279.0,267.0,1894.38
2026-07-29 03:43:13,deribit,ETH,ETH-1AUG26-1700-C,2026-08-01,1700,call,0.104305,0.094,0.117,71.04,,,,,0.0,0.0,1894.38
2026-07-29 03:43:13,deribit,ETH,ETH-31JUL26-1550-C,2026-07-31,1550,call,0.182403,0.181,0.186,111.52,,,,,1657.0,0.0,1895.16
2026-07-29 03:43:13,deribit,ETH,ETH-30JUL26-1880-C,2026-07-30,1880,call,0.017706,0.017,0.0185,59.72,,,,,218.0,90.0,1894.38
2026-07-29 03:43:13,deribit,ETH,ETH-28AUG26-2250-C,2026-08-28,2250,call,0.010349,0.01,0.011,52.33,,,,,1992.0,2.0,1895.07
2026-07-29 03:43:13,deribit,ETH,ETH-25DEC26-1800-P,2026-12-25,1800,put,0.109115,0.1085,0.11,55.24,,,,,4672.0,2.0,1910.43
2026-07-29 03:43:13,deribit,ETH,ETH-30JUL26-1600-C,2026-07-30,1600,call,0.15558,0.1465,0.168,109.27,,,,,0.0,0.0,1894.38
2026-07-29 03:43:13,deribit,ETH,ETH-25JUN27-1400-P,2027-06-25,1400,put,0.083855,0.0825,0.085,60.39,,,,,1714.0,1.0,1948.26
2026-07-29 03:43:13,deribit,ETH,ETH-25JUN27-1600-C,2027-06-25,1600,call,0.303051,0.2995,0.3065,59.09,,,,,367.0,0.0,1948.26
2026-07-29 03:43:13,deribit,ETH,ETH-25DEC26-5000-C,2026-12-25,5000,call,0.002354,0.002,0.0027,65.15,,,,,4268.0,0.0,1910.45
2026-07-29 03:43:13,deribit,ETH,ETH-29JUL26-1860-C,2026-07-29,1860,call,0.018548,0.0075,0.0435,56.24,,,,,68.0,117.0,1894.38
2026-07-29 03:43:13,deribit,ETH,ETH-1AUG26-1780-P,2026-08-01,1780,put,0.004018,0.0038,0.0043,62.22,,,,,50.0,50.0,1894.38
2026-07-29 03:43:13,deribit,ETH,ETH-30JUL26-1960-P,2026-07-30,1960,put,0.037396,0.0285,0.0445,59.95,,,,,3.0,0.0,1894.38
2026-07-29 03:43:13,deribit,ETH,ETH-1AUG26-1900-C,2026-08-01,1900,call,0.019041,0.0185,0.0195,54.45,,,,,1.0,1.0,1894.38
2026-07-29 03:43:13,deribit,ETH,ETH-26MAR27-2900-P,2027-03-26,2900,put,0.560761,0.546,0.574,56.69,,,,,258.0,0.0,1928.52
2026-07-29 03:43:13,deribit,ETH,ETH-25JUN27-4500-C,2027-06-25,4500,call,0.025689,0.025,0.0265,59.42,,,,,1213.0,152.0,1948.26
2026-07-29 03:43:13,deribit,ETH,ETH-25SEP26-4500-C,2026-09-25,4500,call,0.000347,0.0003,0.0005,76.97,,,,,8535.0,0.0,1898.49
2026-07-29 03:43:13,deribit,ETH,ETH-28AUG26-1100-P,2026-08-28,1100,put,0.000557,0.0004,0.0007,80.56,,,,,1529.0,10.0,1895.07
2026-07-29 03:43:13,deribit,ETH,ETH-31JUL26-2100-C,2026-07-31,2100,call,0.000544,0.0005,0.0007,68.27,,,,,8368.0,60.0,1895.16
2026-07-29 03:43:13,deribit,ETH,ETH-26MAR27-4400-P,2027-03-26,4400,put,1.294667,1.2685,1.326,59.88,,,,,0.0,0.0,1928.5
2026-07-29 03:43:13,deribit,ETH,ETH-31JUL26-2900-P,2026-07-31,2900,put,0.530182,0.471,0.593,102.41,,,,,3.0,0.0,1895.16
2026-07-29 03:43:13,deribit,ETH,ETH-14AUG26-1850-P,2026-08-14,1850,put,0.032165,0.0315,0.0325,51.93,,,,,1040.0,502.0,1895.33
2026-07-29 03:43:13,deribit,ETH,ETH-30JUL26-1960-C,2026-07-30,1960,call,0.002913,0.0028,0.0033,59.95,,,,,11.0,11.0,1894.38
2026-07-29 03:43:13,deribit,ETH,ETH-25SEP26-7000-C,2026-09-25,7000,call,2.8e-05,,0.0001,90.94,,,,,2032.0,0.0,1898.49
2026-07-29 03:43:13,deribit,ETH,ETH-25SEP26-11000-P,2026-09-25,11000,put,4.794118,4.5715,5.036,110.93,,,,,0.0,0.0,1898.49
2026-07-29 03:43:13,deribit,ETH,ETH-1AUG26-1980-C,2026-08-01,1980,call,0.005587,0.005,0.006,54.44,,,,,25.0,25.0,1894.38
2026-07-29 03:43:13,deribit,ETH,ETH-29JUL26-1825-P,2026-07-29,1825,put,4.4e-05,,0.0001,70.76,,,,,489.0,166.0,1894.38
2026-07-29 03:43:13,deribit,ETH,ETH-25SEP26-3300-P,2026-09-25,3300,put,0.739934,0.672,0.8185,63.44,,,,,3.0,0.0,1898.47
2026-07-29 03:43:13,deribit,ETH,ETH-26MAR27-1000-C,2027-03-26,1000,call,0.50286,0.499,0.5075,67.3,,,,,270.0,0.0,1928.5
2026-07-29 03:43:13,deribit,ETH,ETH-29JUL26-1600-C,2026-07-29,1600,call,0.155411,0.146,0.166,91.2,,,,,0.0,0.0,1894.38
2026-07-29 03:43:13,deribit,ETH,ETH-25JUN27-1500-C,2027-06-25,1500,call,0.332899,0.3295,0.3365,59.66,,,,,52.0,0.0,1948.26
2026-07-29 03:43:13,deribit,ETH,ETH-25SEP26-8000-C,2026-09-25,8000,call,1.2e-05,,0.0002,94.35,,,,,1092.0,0.0,1898.49
2026-07-29 03:43:13,deribit,ETH,ETH-31JUL26-1875-C,2026-07-31,1875,call,0.023451,0.0225,0.025,57.45,,,,,176.0,176.0,1895.14
2026-07-29 03:43:13,deribit,ETH,ETH-30JUL26-2025-C,2026-07-30,2025,call,0.000695,0.0006,0.0009,68.04,,,,,121.0,46.0,1894.38
2026-07-29 03:43:13,deribit,ETH,ETH-25DEC26-6500-P,2026-12-25,6500,put,2.403143,2.272,2.5485,70.39,,,,,0.0,0.0,1910.43
2026-07-29 03:43:13,deribit,ETH,ETH-25SEP26-4200-P,2026-09-25,4200,put,1.212768,1.1275,1.3085,73.86,,,,,551.0,0.0,1898.47
2026-07-29 03:43:13,deribit,ETH,ETH-26MAR27-3600-C,2027-03-26,3600,call,0.02699,0.026,0.028,57.93,,,,,1990.0,0.0,1928.5
2026-07-29 03:43:13,deribit,ETH,ETH-26MAR27-3400-P,2027-03-26,3400,put,0.795999,0.7765,0.8675,57.5,,,,,6.0,0.0,1928.5
2026-07-29 03:43:13,deribit,ETH,ETH-1AUG26-1860-P,2026-08-01,1860,put,0.012739,0.0125,0.0135,56.15,,,,,3.0,3.0,1894.38
2026-07-29 03:43:13,deribit,ETH,ETH-31JUL26-3400-P,2026-07-31,3400,put,0.794006,0.725,0.867,116.34,,,,,4.0,0.0,1895.16
2026-07-29 03:43:13,deribit,ETH,ETH-25DEC26-2600-C,2026-12-25,2600,call,0.042524,0.042,0.0435,54.96,,,,,5357.0,0.0,1910.43
2026-07-29 03:43:13,deribit,ETH,ETH-31JUL26-1950-P,2026-07-31,1950,put,0.035672,0.0315,0.037,56.16,,,,,2060.0,43.0,1895.16
2026-07-29 03:43:13,deribit,ETH,ETH-25JUN27-2400-C,2027-06-25,2400,call,0.140527,0.139,0.1425,57.21,,,,,644.0,1.0,1948.26
2026-07-29 03:43:13,deribit,ETH,ETH-31JUL26-1925-C,2026-07-31,1925,call,0.010554,0.01,0.011,55.67,,,,,196.0,2.0,1895.14
2026-07-29 03:43:13,deribit,ETH,ETH-25JUN27-5000-C,2027-06-25,5000,call,0.018768,0.018,0.0195,60.26,,,,,48.0,24.0,1948.26
2026-07-29 03:43:13,deribit,ETH,ETH-25JUN27-2500-P,2027-06-25,2500,put,0.411072,0.4025,0.4635,57.18,,,,,5.0,0.0,1948.26
2026-07-29 03:43:13,deribit,ETH,ETH-14AUG26-1700-C,2026-08-14,1700,call,0.114071,0.1065,0.122,56.51,,,,,0.0,0.0,1895.33
2026-07-29 03:43:13,deribit,ETH,ETH-31JUL26-2300-C,2026-07-31,2300,call,1.7e-05,,0.0001,80.46,,,,,22110.0,0.0,1895.14
2026-07-29 03:43:13,deribit,ETH,ETH-28AUG26-1750-P,2026-08-28,1750,put,0.02816,0.0275,0.029,53.26,,,,,2724.0,85.0,1895.07
2026-07-29 03:43:13,deribit,ETH,ETH-31JUL26-1860-P,2026-07-31,1860,put,0.009989,0.0095,0.0105,58.12,,,,,224.0,225.0,1895.14
2026-07-29 03:43:13,deribit,ETH,ETH-25DEC26-4200-C,2026-12-25,4200,call,0.004941,0.0045,0.0055,61.72,,,,,4058.0,0.0,1910.43
2026-07-29 03:43:13,deribit,ETH,ETH-7AUG26-2200-C,2026-08-07,2200,call,0.002035,0.0019,0.0023,57.16,,,,,10417.0,57.0,1895.12
2026-07-29 03:43:13,deribit,ETH,ETH-25SEP26-8500-C,2026-09-25,8500,call,1.2e-05,,0.0002,97.73,,,,,1253.0,0.0,1898.47
2026-07-29 03:43:13,deribit,ETH,ETH-26MAR27-5000-P,2027-03-26,5000,put,1.601068,1.494,1.7265,61.52,,,,,0.0,0.0,1928.5
2026-07-29 03:43:13,deribit,ETH,ETH-25SEP26-4500-P,2026-09-25,4500,put,1.370664,1.2795,1.4725,76.97,,,,,6.0,0.0,1898.49
2026-07-29 03:43:13,deribit,ETH,ETH-30JUL26-1840-C,2026-07-30,1840,call,0.033029,0.027,0.04,63.43,,,,,0.0,0.0,1894.38
2026-07-29 03:43:13,deribit,ETH,ETH-30JUL26-1940-C,2026-07-30,1940,call,0.004787,0.0046,0.005,58.91,,,,,235.0,234.0,1894.38
2026-07-29 03:43:13,deribit,ETH,ETH-14AUG26-1700-P,2026-08-14,1700,put,0.011012,0.0105,0.0115,56.51,,,,,653.0,25.0,1895.33
2026-07-29 03:43:13,deribit,ETH,ETH-14AUG26-2100-C,2026-08-14,2100,call,0.010577,0.01,0.011,51.6,,,,,498.0,60.0,1895.33
2026-07-29 03:43:13,deribit,ETH,ETH-28AUG26-1400-P,2026-08-28,1400,put,0.003642,0.0034,0.0038,65.35,,,,,6725.0,30.0,1895.07
2026-07-29 03:43:13,deribit,ETH,ETH-26MAR27-800-C,2027-03-26,800,call,0.596663,0.5925,0.617,73.45,,,,,0.0,0.0,1928.52
2026-07-29 03:43:13,deribit,ETH,ETH-26MAR27-4400-C,2027-03-26,4400,call,0.013184,0.0125,0.014,59.88,,,,,1075.0,5.0,1928.5
2026-07-29 03:43:13,deribit,ETH,ETH-25DEC26-3000-P,2026-12-25,3000,put,0.592434,0.576,0.604,56.12,,,,,780.0,0.0,1910.45
2026-07-29 03:43:13,deribit,ETH,ETH-25SEP26-2500-P,2026-09-25,2500,put,0.328305,0.3185,0.3355,53.59,,,,,3154.0,0.0,1898.49
2026-07-29 03:43:13,deribit,ETH,ETH-25SEP26-13000-C,2026-09-25,13000,call,8e-06,,0.0003,119.8,,,,,1873.0,0.0,1898.49
2026-07-29 03:43:13,deribit,ETH,ETH-25SEP26-7200-P,2026-09-25,7200,put,2.792528,2.647,2.9515,90.95,,,,,0.0,0.0,1898.49
2026-07-29 03:43:13,deribit,ETH,ETH-25JUN27-1900-P,2027-06-25,1900,put,0.201984,0.2015,0.2055,57.78,,,,,3022.0,0.0,1948.26
2026-07-29 03:43:13,deribit,ETH,ETH-29JUL26-2075-P,2026-07-29,2075,put,0.095327,0.053,0.141,74.93,,,,,0.0,0.0,1894.38
2026-07-29 03:43:13,deribit,ETH,ETH-31JUL26-2650-C,2026-07-31,2650,call,0.0,,0.0001,94.36,,,,,3026.0,0.0,1895.16
2026-07-29 03:43:13,deribit,ETH,ETH-1AUG26-2020-C,2026-08-01,2020,call,0.002952,0.0028,0.0033,56.29,,,,,11.0,11.0,1894.38
2026-07-29 03:43:13,deribit,ETH,ETH-25DEC26-4500-C,2026-12-25,4500,call,0.003595,0.0033,0.0039,62.86,,,,,2666.0,250.0,1910.45
2026-07-29 03:43:13,deribit,ETH,ETH-7AUG26-1800-C,2026-08-07,1800,call,0.064422,0.059,0.0705,54.36,,,,,210.0,0.0,1895.12
2026-07-29 03:43:13,deribit,ETH,ETH-7AUG26-1750-P,2026-08-07,1750,put,0.008839,0.0085,0.0095,56.56,,,,,1710.0,14.0,1895.12
2026-07-29 03:43:13,deribit,ETH,ETH-25JUN27-1400-C,2027-06-25,1400,call,0.365265,0.362,0.369,60.39,,,,,50.0,0.0,1948.26
2026-07-29 03:43:13,deribit,ETH,ETH-31JUL26-1980-C,2026-07-31,1980,call,0.00383,0.0037,0.0042,57.21,,,,,1158.0,1158.0,1895.14
2026-07-29 03:43:13,deribit,ETH,ETH-26MAR27-2300-C,2027-03-26,2300,call,0.115907,0.115,0.1175,56.28,,,,,5096.0,2302.0,1928.5
2026-07-29 03:43:13,deribit,ETH,ETH-31JUL26-1300-C,2026-07-31,1300,call,0.314061,0.306,0.328,137.19,,,,,50.0,0.0,1895.16
2026-07-29 03:43:13,deribit,ETH,ETH-30JUL26-1920-C,2026-07-30,1920,call,0.007551,0.007,0.008,57.72,,,,,109.0,78.0,1894.38
2026-07-29 03:43:13,deribit,ETH,ETH-28AUG26-1850-C,2026-08-28,1850,call,0.070987,0.07,0.072,51.5,,,,,4183.0,0.0,1895.07
2026-07-29 03:43:13,deribit,ETH,ETH-25SEP26-6400-C,2026-09-25,6400,call,6.1e-05,,0.0002,90.05,,,,,1923.0,0.0,1898.49
2026-07-29 03:43:13,deribit,ETH,ETH-25DEC26-3500-P,2026-12-25,3500,put,0.842912,0.82,0.898,58.25,,,,,52.0,0.0,1910.43
2026-07-29 03:43:13,deribit,ETH,ETH-26MAR27-6000-C,2027-03-26,6000,call,0.004817,0.0043,0.005,64.56,,,,,4032.0,0.0,1928.5
2026-07-29 03:43:13,deribit,ETH,ETH-30JUL26-2075-C,2026-07-30,2075,call,0.000269,0.0002,0.0004,75.23,,,,,138.0,0.0,1894.38
2026-07-29 03:43:13,deribit,ETH,ETH-31JUL26-1450-P,2026-07-31,1450,put,0.00015,0.0001,0.0002,135.2,,,,,6681.0,732.0,1895.14
2026-07-29 03:43:13,deribit,ETH,ETH-29JUL26-1775-P,2026-07-29,1775,put,0.0,,0.0001,76.82,,,,,82.0,32.0,1894.38
2026-07-29 03:43:13,deribit,ETH,ETH-31JUL26-1500-P,2026-07-31,1500,put,0.000151,0.0001,0.0002,119.77,,,,,13032.0,98.0,1895.14
2026-07-29 03:43:13,deribit,ETH,ETH-28AUG26-1200-C,2026-08-28,1200,call,0.367826,0.361,0.3785,74.92,,,,,51.0,0.0,1895.05
2026-07-29 03:43:13,deribit,ETH,ETH-26MAR27-3500-P,2027-03-26,3500,put,0.844589,0.8245,0.949,57.68,,,,,23.0,0.0,1928.5
2026-07-29 03:43:13,deribit,ETH,ETH-25SEP26-3500-P,2026-09-25,3500,put,0.844785,0.8285,0.856,65.89,,,,,1133.0,0.0,1898.49
2026-07-29 03:43:13,deribit,ETH,ETH-25DEC26-5200-C,2026-12-25,5200,call,0.001999,0.0017,0.0023,65.93,,,,,8849.0,0.0,1910.45
2026-07-29 03:43:13,deribit,ETH,ETH-25SEP26-6500-C,2026-09-25,6500,call,5.2e-05,,0.0002,90.05,,,,,1337.0,0.0,1898.49
2026-07-29 03:43:13,deribit,ETH,ETH-29JUL26-1700-P,2026-07-29,1700,put,0.0,,0.0001,91.01,,,,,611.0,2.0,1894.38
2026-07-29 03:43:13,deribit,ETH,ETH-1AUG26-1880-C,2026-08-01,1880,call,0.024743,0.024,0.0255,55.28,,,,,51.0,52.0,1894.38
2026-07-29 03:43:13,deribit,ETH,ETH-31JUL26-2550-C,2026-07-31,2550,call,0.0,,0.0001,88.0,,,,,2237.0,0.0,1895.14
2026-07-29 03:43:13,deribit,ETH,ETH-31JUL26-1840-C,2026-07-31,1840,call,0.036246,0.031,0.0615,59.51,,,,,0.0,0.0,1895.14
2026-07-29 03:43:13,deribit,ETH,ETH-25SEP26-8000-P,2026-09-25,8000,put,3.213909,3.052,3.39,94.35,,,,,0.0,0.0,1898.49
2026-07-29 03:43:13,deribit,ETH,ETH-1AUG26-1700-P,2026-08-01,1700,put,0.001328,0.0012,0.0015,71.04,,,,,89.0,89.0,1894.38
2026-07-29 03:43:13,deribit,ETH,ETH-25SEP26-6800-C,2026-09-25,6800,call,3.2e-05,,0.0002,90.05,,,,,1462.0,0.0,1898.47
2026-07-29 03:43:13,deribit,ETH,ETH-25DEC26-4600-P,2026-12-25,4600,put,1.411099,1.3165,1.5225,63.34,,,,,0.0,0.0,1910.43
2026-07-29 03:43:13,deribit,ETH,ETH-26MAR27-900-C,2027-03-26,900,call,0.549184,0.5365,0.5725,70.19,,,,,68.0,0.0,1928.5
2026-07-29 03:43:13,deribit,ETH,ETH-28AUG26-2500-C,2026-08-28,2500,call,0.003317,0.0031,0.0033,56.36,,,,,29247.0,9732.0,1895.05
2026-07-29 03:43:13,deribit,ETH,ETH-25SEP26-3600-C,2026-09-25,3600,call,0.001021,0.0008,0.0012,67.02,,,,,2715.0,0.0,1898.49
2026-07-29 03:43:13,deribit,ETH,ETH-31JUL26-1940-P,2026-07-31,1940,put,0.031715,0.027,0.037,55.81,,,,,80.0,0.0,1895.14
2026-07-29 03:43:13,deribit,ETH,ETH-25SEP26-4600-P,2026-09-25,4600,put,1.423318,1.3305,1.5275,78.24,,,,,38.0,0.0,1898.47
2026-07-29 03:43:13,deribit,ETH,ETH-26MAR27-900-P,2027-03-26,900,put,0.015851,0.0155,0.0165,70.19,,,,,767.0,0.0,1928.52
2026-07-29 03:43:13,deribit,ETH,ETH-25JUN27-2600-P,2027-06-25,2600,put,0.451093,0.4415,0.4955,57.2,,,,,0.0,0.0,1948.26
2026-07-29 03:43:13,deribit,ETH,ETH-29JUL26-1700-C,2026-07-29,1700,call,0.102624,0.093,0.113,91.01,,,,,0.0,0.0,1894.38
2026-07-29 03:43:13,deribit,ETH,ETH-25SEP26-15000-P,2026-09-25,15000,put,6.901065,6.5975,7.231,127.3,,,,,0.0,0.0,1898.49
2026-07-29 03:43:13,deribit,ETH,ETH-7AUG26-2400-P,2026-08-07,2400,put,0.26691,0.218,0.3215,66.42,,,,,0.0,0.0,1895.12
2026-07-29 03:43:13,deribit,ETH,ETH-25SEP26-12000-P,2026-09-25,12000,put,5.320854,5.078,5.585,115.57,,,,,0.0,0.0,1898.49
2026-07-29 03:43:13,deribit,ETH,ETH-14AUG26-1750-C,2026-08-14,1750,call,0.092583,0.086,0.0995,54.56,,,,,0.0,0.0,1895.33
2026-07-29 03:43:13,deribit,ETH,ETH-7AUG26-2050-C,2026-08-07,2050,call,0.00783,0.0075,0.0085,52.05,,,,,4044.0,381.0,1895.12
2026-07-29 03:43:13,deribit,ETH,ETH-1AUG26-1840-P,2026-08-01,1840,put,0.009582,0.009,0.01,57.26,,,,,3001.0,3002.0,1894.38
2026-07-29 03:43:13,deribit,ETH,ETH-14AUG26-2050-P,2026-08-14,2050,put,0.096755,0.087,0.122,51.03,,,,,176.0,0.0,1895.33
2026-07-29 03:43:13,deribit,ETH,ETH-31JUL26-2150-C,2026-07-31,2150,call,0.000263,0.0002,0.0004,72.95,,,,,17411.0,37.0,1895.16
2026-07-29 03:43:13,deribit,ETH,ETH-29JUL26-1750-P,2026-07-29,1750,put,0.0,,0.0001,84.44,,,,,934.0,462.0,1894.38
2026-07-29 03:43:13,deribit,ETH,ETH-25DEC26-3000-C,2026-12-25,3000,call,0.022123,0.0215,0.023,56.12,,,,,5054.0,100.0,1910.45
2026-07-29 03:43:13,deribit,ETH,ETH-25DEC26-4200-P,2026-12-25,4200,put,1.203376,1.1155,1.3085,61.72,,,,,62.0,0.0,1910.43
2026-07-29 03:43:13,deribit,ETH,ETH-30JUL26-1940-P,2026-07-30,1940,put,0.028715,0.0215,0.0345,58.91,,,,,0.0,0.0,1894.38
2026-07-29 03:43:13,deribit,ETH,ETH-26MAR27-2100-C,2027-03-26,2100,call,0.147695,0.1465,0.1495,56.39,,,,,482.0,0.0,1928.52
2026-07-29 03:43:13,deribit,ETH,ETH-26MAR27-1300-C,2027-03-26,1300,call,0.374643,0.37,0.397,61.27,,,,,50.0,0.0,1928.5
2026-07-29 03:43:13,deribit,ETH,ETH-25DEC26-2200-P,2026-12-25,2200,put,0.236453,0.2285,0.242,54.5,,,,,9286.0,8.0,1910.45
2026-07-29 03:43:13,deribit,ETH,ETH-31JUL26-3200-C,2026-07-31,3200,call,0.0,,0.0001,105.54,,,,,4995.0,0.0,1895.16
2026-07-29 03:43:13,deribit,ETH,ETH-31JUL26-2350-C,2026-07-31,2350,call,9e-06,,0.0001,84.04,,,,,8268.0,83.0,1895.16
2026-07-29 03:43:13,deribit,ETH,ETH-7AUG26-1800-P,2026-08-07,1800,put,0.01422,0.0135,0.015,54.36,,,,,5795.0,80.0,1895.12
2026-07-29 03:43:13,deribit,ETH,ETH-25SEP26-1500-C,2026-09-25,1500,call,0.226955,0.223,0.233,58.64,,,,,976.0,0.0,1898.49
2026-07-29 03:43:13,deribit,ETH,ETH-31JUL26-2500-P,2026-07-31,2500,put,0.319122,0.311,0.3245,84.42,,,,,457.0,0.0,1895.14
2026-07-29 03:43:13,deribit,ETH,ETH-28AUG26-3000-P,2026-08-28,3000,put,0.583732,0.522,0.6515,67.06,,,,,0.0,0.0,1895.05
2026-07-29 03:43:13,deribit,ETH,ETH-14AUG26-2400-P,2026-08-14,2400,put,0.267849,0.2185,0.325,59.24,,,,,0.0,0.0,1895.33
2026-07-29 03:43:13,deribit,ETH,ETH-31JUL26-3000-C,2026-07-31,3000,call,0.0,,0.0001,102.41,,,,,3416.0,0.0,1895.16
2026-07-29 03:43:13,deribit,ETH,ETH-25DEC26-2100-C,2026-12-25,2100,call,0.100928,0.1,0.102,54.55,,,,,1397.0,0.0,1910.45
2026-07-29 03:43:13,deribit,ETH,ETH-7AUG26-1600-C,2026-08-07,1600,call,0.157937,0.149,0.173,66.37,,,,,0.0,0.0,1895.12
2026-07-29 03:43:13,deribit,ETH,ETH-31JUL26-2900-C,2026-07-31,2900,call,0.0,,0.0001,102.41,,,,,13514.0,0.0,1895.14
2026-07-29 03:43:13,deribit,ETH,ETH-30JUL26-1750-P,2026-07-30,1750,put,0.000622,0.0005,0.0007,78.05,,,,,522.0,282.0,1894.38
2026-07-29 03:43:13,deribit,ETH,ETH-30JUL26-2075-P,2026-07-30,2075,put,0.095449,0.053,0.143,75.23,,,,,0.0,0.0,1894.38
2026-07-29 03:43:13,deribit,ETH,ETH-31JUL26-1860-C,2026-07-31,1860,call,0.028557,0.0275,0.03,58.12,,,,,18.0,18.0,1895.14
2026-07-29 03:43:13,deribit,ETH,ETH-30JUL26-2050-P,2026-07-30,2050,put,0.082429,0.041,0.13,72.11,,,,,0.0,0.0,1894.38
2026-07-29 03:43:13,deribit,ETH,ETH-30JUL26-2200-C,2026-07-30,2200,call,2.1e-05,,0.0001,87.88,,,,,802.0,51.0,1894.38
2026-07-29 03:43:13,deribit,ETH,ETH-1AUG26-1600-C,2026-08-01,1600,call,0.15613,0.1465,0.171,83.78,,,,,0.0,0.0,1894.38
2026-07-29 03:43:13,deribit,ETH,ETH-7AUG26-1700-C,2026-08-07,1700,call,0.108548,0.1,0.1175,59.67,,,,,50.0,0.0,1895.12
2026-07-29 03:43:13,deribit,ETH,ETH-26MAR27-4800-C,2027-03-26,4800,call,0.009723,0.009,0.0105,60.95,,,,,2851.0,0.0,1928.5
2026-07-29 03:43:13,deribit,ETH,ETH-25SEP26-3100-C,2026-09-25,3100,call,0.002521,0.0023,0.0027,60.95,,,,,2226.0,500.0,1898.49
2026-07-29 03:43:13,deribit,ETH,ETH-31JUL26-1850-C,2026-07-31,1850,call,0.032288,0.0315,0.0335,58.76,,,,,11039.0,10.0,1895.16
2026-07-29 03:43:13,deribit,ETH,ETH-25SEP26-1600-P,2026-09-25,1600,put,0.026227,0.0255,0.027,56.09,,,,,7439.0,28.0,1898.49
2026-07-29 03:43:13,deribit,ETH,ETH-25DEC26-3300-C,2026-12-25,3300,call,0.014195,0.0135,0.015,57.3,,,,,1850.0,0.0,1910.43
2026-07-29 03:43:13,deribit,ETH,ETH-7AUG26-1950-C,2026-08-07,1950,call,0.020411,0.02,0.021,51.24,,,,,3612.0,74.0,1895.12
2026-07-29 03:43:13,deribit,ETH,ETH-1AUG26-1750-P,2026-08-01,1750,put,0.00262,0.0024,0.0029,65.29,,,,,6.0,6.0,1894.38
2026-07-29 03:43:13,deribit,ETH,ETH-28AUG26-3400-P,2026-08-28,3400,put,0.794354,0.725,0.8695,73.61,,,,,1.0,0.0,1895.05
2026-07-29 03:43:13,deribit,ETH,ETH-28AUG26-2400-C,2026-08-28,2400,call,0.005098,0.0048,0.0055,54.56,,,,,18156.0,6130.0,1895.07
2026-07-29 03:43:13,deribit,ETH,ETH-29JUL26-2200-C,2026-07-29,2200,call,0.0,,0.0001,81.29,,,,,750.0,0.0,1894.38
2026-07-29 03:43:13,deribit,ETH,ETH-31JUL26-1600-C,2026-07-31,1600,call,0.156115,0.154,0.1595,99.92,,,,,3324.0,18.0,1895.14
2026-07-29 03:43:13,deribit,ETH,ETH-28AUG26-2400-P,2026-08-28,2400,put,0.271528,0.2565,0.3275,54.56,,,,,2.0,0.0,1895.07
2026-07-29 03:43:13,deribit,ETH,ETH-29JUL26-1920-C,2026-07-29,1920,call,0.000422,0.0004,0.0006,45.29,,,,,233.0,201.0,1894.38
2026-07-29 03:43:13,deribit,ETH,ETH-30JUL26-2020-P,2026-07-30,2020,put,0.066914,0.0285,0.114,67.22,,,,,0.0,0.0,1894.38
2026-07-29 03:43:13,deribit,ETH,ETH-1AUG26-2040-C,2026-08-01,2040,call,0.002165,0.002,0.0024,57.48,,,,,0.0,0.0,1894.38
2026-07-29 03:43:13,deribit,ETH,ETH-1AUG26-2060-C,2026-08-01,2060,call,0.001613,0.0015,0.002,58.9,,,,,0.0,0.0,1894.38
2026-07-29 03:43:13,deribit,ETH,ETH-1AUG26-1980-P,2026-08-01,1980,put,0.050356,0.042,0.0635,54.44,,,,,0.0,0.0,1894.38
2026-07-29 03:43:13,deribit,ETH,ETH-25DEC26-1200-C,2026-12-25,1200,call,0.392167,0.3875,0.3985,63.89,,,,,341.0,0.0,1910.43
2026-07-29 03:43:13,deribit,ETH,ETH-25DEC26-3500-C,2026-12-25,3500,call,0.010883,0.0105,0.0115,58.25,,,,,28522.0,0.0,1910.43
2026-07-29 03:43:13,deribit,ETH,ETH-26MAR27-2500-P,2027-03-26,2500,put,0.387459,0.376,0.394,56.33,,,,,560.0,0.0,1928.5
2026-07-29 03:43:13,deribit,ETH,ETH-25DEC26-1200-P,2026-12-25,1200,put,0.020292,0.0195,0.021,63.89,,,,,6053.0,203.0,1910.43
2026-07-29 03:43:13,deribit,ETH,ETH-25SEP26-4400-C,2026-09-25,4400,call,0.000433,0.0003,0.0006,76.89,,,,,4345.0,1.0,1898.49
2026-07-29 03:43:13,deribit,ETH,ETH-26MAR27-1300-P,2027-03-26,1300,put,0.048718,0.048,0.0495,61.27,,,,,1365.0,0.0,1928.5
2026-07-29 03:43:13,deribit,ETH,ETH-25JUN27-4500-P,2027-06-25,4500,put,1.335442,1.312,1.4285,59.42,,,,,1.0,0.0,1948.26
2026-07-29 03:43:13,deribit,ETH,ETH-31JUL26-1980-P,2026-07-31,1980,put,0.048578,0.04,0.058,57.21,,,,,0.0,0.0,1895.14
2026-07-29 03:43:13,deribit,ETH,ETH-31JUL26-2025-C,2026-07-31,2025,call,0.001651,0.0016,0.0019,60.03,,,,,665.0,534.0,1895.16
2026-07-29 03:43:13,deribit,ETH,ETH-25DEC26-2700-C,2026-12-25,2700,call,0.035952,0.035,0.037,55.21,,,,,3078.0,1.0,1910.43
2026-07-29 03:43:13,deribit,ETH,ETH-28AUG26-1600-P,2026-08-28,1600,put,0.011965,0.0115,0.0125,57.33,,,,,11796.0,356.0,1895.07
2026-07-29 03:43:13,deribit,ETH,ETH-1AUG26-2200-P,2026-08-01,2200,put,0.161145,0.117,0.2115,70.68,,,,,0.0,0.0,1894.38
2026-07-29 03:43:13,deribit,ETH,ETH-25JUN27-1800-C,2027-06-25,1800,call,0.250679,0.2465,0.251,58.34,,,,,1251.0,0.0,1948.26
2026-07-29 03:43:13,deribit,ETH,ETH-25SEP26-2000-C,2026-09-25,2000,call,0.0607,0.06,0.0615,51.94,,,,,11229.0,3762.0,1898.47
2026-07-29 03:43:13,deribit,ETH,ETH-30JUL26-1980-C,2026-07-30,1980,call,0.00181,0.0017,0.0021,61.91,,,,,16.0,16.0,1894.38
2026-07-29 03:43:13,deribit,ETH,ETH-25DEC26-4500-P,2026-12-25,4500,put,1.359061,1.266,1.469,62.86,,,,,3.0,0.0,1910.43
2026-07-29 03:43:13,deribit,ETH,ETH-1AUG26-1820-C,2026-08-01,1820,call,0.046838,0.0405,0.054,58.71,,,,,0.0,0.0,1894.38
2026-07-29 03:43:13,deribit,ETH,ETH-25DEC26-2900-P,2026-12-25,2900,put,0.543935,0.5265,0.589,55.82,,,,,173.0,0.0,1910.43
2026-07-29 03:43:13,deribit,ETH,ETH-25JUN27-2000-C,2027-06-25,2000,call,0.206006,0.2045,0.2075,57.6,,,,,1831.0,20.0,1948.26
2026-07-29 03:43:13,deribit,ETH,ETH-25DEC26-4800-P,2026-12-25,4800,put,1.515267,1.417,1.6305,64.26,,,,,77.0,0.0,1910.43
2026-07-29 03:43:13,deribit,ETH,ETH-31JUL26-2000-C,2026-07-31,2000,call,0.002605,0.0025,0.0029,58.2,,,,,27811.0,1292.0,1895.14
2026-07-29 03:43:13,deribit,ETH,ETH-25JUN27-3000-C,2027-06-25,3000,call,0.081302,0.0795,0.083,57.41,,,,,469.0,0.0,1948.26
2026-07-29 03:43:13,deribit,ETH,ETH-25DEC26-5000-P,2026-12-25,5000,put,1.619539,1.5175,1.7385,65.15,,,,,2.0,0.0,1910.43
2026-07-29 03:43:13,deribit,ETH,ETH-26MAR27-3800-P,2027-03-26,3800,put,0.992555,0.97,1.0905,58.34,,,,,1.0,0.0,1928.5
2026-07-29 03:43:13,deribit,ETH,ETH-25DEC26-2300-P,2026-12-25,2300,put,0.275307,0.266,0.282,54.55,,,,,5186.0,0.0,1910.43
2026-07-29 03:43:13,deribit,ETH,ETH-25SEP26-6000-P,2026-09-25,6000,put,2.160539,2.0395,2.294,90.05,,,,,0.0,0.0,1898.49
2026-07-29 03:43:13,deribit,ETH,ETH-25DEC26-2100-P,2026-12-25,2100,put,0.200146,0.194,0.205,54.55,,,,,2632.0,60.0,1910.43
2026-07-29 03:43:13,deribit,ETH,ETH-1AUG26-2060-P,2026-08-01,2060,put,0.088594,0.0765,0.133,58.9,,,,,0.0,0.0,1894.38
2026-07-29 03:43:13,deribit,ETH,ETH-29JUL26-1880-P,2026-07-29,1880,put,0.001416,0.0012,0.0017,47.33,,,,,2116.0,2690.0,1894.38
2026-07-29 03:43:13,deribit,ETH,ETH-26MAR27-2200-C,2027-03-26,2200,call,0.130866,0.1295,0.1325,56.32,,,,,3006.0,10.0,1928.5
2026-07-29 03:43:13,deribit,ETH,ETH-14AUG26-1850-C,2026-08-14,1850,call,0.056082,0.055,0.057,51.93,,,,,127.0,75.0,1895.33
2026-07-29 03:43:13,deribit,ETH,ETH-29JUL26-1875-P,2026-07-29,1875,put,0.001002,0.0008,0.0012,49.3,,,,,1093.0,397.0,1894.38
2026-07-29 03:43:13,deribit,ETH,ETH-1AUG26-1920-P,2026-08-01,1920,put,0.027397,0.022,0.0315,53.83,,,,,0.0,0.0,1894.38
2026-07-29 03:43:13,deribit,ETH,ETH-25DEC26-3100-C,2026-12-25,3100,call,0.01907,0.0185,0.02,56.55,,,,,2442.0,0.0,1910.43
2026-07-29 03:43:13,deribit,ETH,ETH-28AUG26-1950-C,2026-08-28,1950,call,0.045755,0.045,0.0465,50.85,,,,,4572.0,187.0,1895.07
2026-07-29 03:43:13,deribit,ETH,ETH-26MAR27-1600-C,2027-03-26,1600,call,0.26856,0.266,0.273,58.11,,,,,937.0,0.0,1928.5
2026-07-29 03:43:13,deribit,ETH,ETH-1AUG26-2200-C,2026-08-01,2200,call,0.000291,0.0002,0.0005,70.68,,,,,50.0,50.0,1894.38
2026-07-29 03:43:13,deribit,ETH,ETH-25DEC26-3200-C,2026-12-25,3200,call,0.01643,0.016,0.017,56.93,,,,,67381.0,50.0,1910.43
2026-07-29 03:43:13,deribit,ETH,ETH-25DEC26-4400-C,2026-12-25,4400,call,0.003955,0.0036,0.0043,62.42,,,,,2341.0,0.0,1910.45
2026-07-29 03:43:13,deribit,ETH,ETH-26MAR27-4000-C,2027-03-26,4000,call,0.018554,0.018,0.0195,58.89,,,,,1788.0,0.0,1928.5
2026-07-29 03:43:13,deribit,ETH,ETH-25SEP26-7400-P,2026-09-25,7400,put,2.89787,2.7485,3.0605,90.95,,,,,0.0,0.0,1898.49
2026-07-29 03:43:13,deribit,ETH,ETH-29JUL26-1850-C,2026-07-29,1850,call,0.023638,0.013,0.0615,60.1,,,,,0.0,0.0,1894.38
2026-07-29 03:43:13,deribit,ETH,ETH-29JUL26-1800-C,2026-07-29,1800,call,0.049842,0.0285,0.087,75.63,,,,,87.0,0.0,1894.38
2026-07-29 03:43:13,deribit,ETH,ETH-28AUG26-1300-C,2026-08-28,1300,call,0.315984,0.3085,0.3305,69.98,,,,,51.0,0.0,1895.07
2026-07-29 03:43:13,deribit,ETH,ETH-30JUL26-1775-P,2026-07-30,1775,put,0.001031,0.0009,0.0012,73.57,,,,,62.0,26.0,1894.38
2026-07-29 03:43:13,deribit,ETH,ETH-30JUL26-2060-P,2026-07-30,2060,put,0.087622,0.046,0.1355,73.26,,,,,0.0,0.0,1894.38
2026-07-29 03:43:13,deribit,ETH,ETH-25SEP26-2800-P,2026-09-25,2800,put,0.479919,0.467,0.4885,57.26,,,,,1287.0,0.0,1898.49
2026-07-29 03:43:13,deribit,ETH,ETH-29JUL26-2050-C,2026-07-29,2050,call,0.0,,0.0001,67.42,,,,,261.0,151.0,1894.38
2026-07-29 03:43:13,deribit,ETH,ETH-28AUG26-1500-C,2026-08-28,1500,call,0.215082,0.2125,0.2205,60.99,,,,,473.0,0.0,1895.07
2026-07-29 03:43:13,deribit,ETH,ETH-31JUL26-1925-P,2026-07-31,1925,put,0.026278,0.0255,0.0275,55.67,,,,,13.0,0.0,1895.14
2026-07-29 03:43:13,deribit,ETH,ETH-25SEP26-6200-C,2026-09-25,6200,call,8.4e-05,,0.0002,90.05,,,,,2026.0,0.0,1898.47
2026-07-29 03:43:13,deribit,ETH,ETH-31JUL26-2050-C,2026-07-31,2050,call,0.001096,0.001,0.0013,62.49,,,,,17199.0,2511.0,1895.16
2026-07-29 03:43:13,deribit,ETH,ETH-28AUG26-2800-P,2026-08-28,2800,put,0.4787,0.4205,0.544,62.84,,,,,0.0,0.0,1895.05
2026-07-29 03:43:13,deribit,ETH,ETH-29JUL26-1825-C,2026-07-29,1825,call,0.036684,0.0035,0.074,70.76,,,,,0.0,0.0,1894.38
2026-07-29 03:43:13,deribit,ETH,ETH-26MAR27-4600-C,2027-03-26,4600,call,0.011251,0.0105,0.012,60.39,,,,,946.0,0.0,1928.5
2026-07-29 03:43:13,deribit,ETH,ETH-25SEP26-1700-P,2026-09-25,1700,put,0.039882,0.039,0.0405,54.31,,,,,3741.0,379.0,1898.47
2026-07-29 03:43:13,deribit,ETH,ETH-26MAR27-2000-C,2027-03-26,2000,call,0.166666,0.1655,0.1685,56.5,,,,,1860.0,0.0,1928.5
2026-07-29 03:43:13,deribit,ETH,ETH-25SEP26-5600-P,2026-09-25,5600,put,1.949904,1.8365,2.075,88.16,,,,,0.0,0.0,1898.49
2026-07-29 03:43:13,deribit,ETH,ETH-29JUL26-1940-C,2026-07-29,1940,call,0.000126,,0.0002,55.64,,,,,136.0,135.0,1894.38
2026-07-29 03:43:13,deribit,ETH,ETH-25SEP26-5500-C,2026-09-25,5500,call,0.000175,0.0001,0.0003,86.87,,,,,1483.0,0.0,1898.47
2026-07-29 03:43:13,deribit,ETH,ETH-25JUN27-5000-P,2027-06-25,5000,put,1.58516,1.56,1.663,60.26,,,,,0.0,0.0,1948.26
2026-07-29 03:43:13,deribit,ETH,ETH-25JUN27-3500-C,2027-06-25,3500,call,0.053309,0.052,0.0545,57.9,,,,,1822.0,40.0,1948.26
2026-07-29 03:43:13,deribit,ETH,ETH-25JUN27-3600-P,2027-06-25,3600,put,0.896996,0.8425,1.008,58.02,,,,,0.0,0.0,1948.26
2026-07-29 03:43:13,deribit,ETH,ETH-25SEP26-1700-C,2026-09-25,1700,call,0.144429,0.142,0.15,54.31,,,,,2528.0,0.0,1898.47
2026-07-29 03:43:13,deribit,ETH,ETH-26MAR27-1400-P,2027-03-26,1400,put,0.06242,0.0615,0.063,59.95,,,,,1536.0,0.0,1928.5
2026-07-29 03:43:13,deribit,ETH,ETH-14AUG26-2000-C,2026-08-14,2000,call,0.021659,0.021,0.0225,50.84,,,,,585.0,117.0,1895.33
2026-07-29 03:43:13,deribit,ETH,ETH-25SEP26-7500-P,2026-09-25,7500,put,2.950542,2.799,3.1155,90.95,,,,,0.0,0.0,1898.49
2026-07-29 03:43:13,deribit,ETH,ETH-26MAR27-1800-P,2027-03-26,1800,put,0.145309,0.1445,0.1465,56.99,,,,,3906.0,0.0,1928.5
2026-07-29 03:43:13,deribit,ETH,ETH-25SEP26-2200-C,2026-09-25,2200,call,0.031416,0.031,0.032,52.09,,,,,5545.0,826.0,1898.49
2026-07-29 03:43:13,deribit,ETH,ETH-26MAR27-3500-C,2027-03-26,3500,call,0.029773,0.029,0.0305,57.68,,,,,4426.0,0.0,1928.5
2026-07-29 03:43:13,deribit,ETH,ETH-25SEP26-5500-P,2026-09-25,5500,put,1.89723,1.786,2.0205,86.87,,,,,1.0,0.0,1898.47
2026-07-29 03:43:13,deribit,ETH,ETH-25JUN27-1500-P,2027-06-25,1500,put,0.102817,0.1015,0.1045,59.66,,,,,421.0,0.0,1948.26
2026-07-29 03:43:13,deribit,ETH,ETH-28AUG26-2600-P,2026-08-28,2600,put,0.374248,0.319,0.4355,58.48,,,,,3.0,0.0,1895.07
2026-07-29 03:43:13,deribit,ETH,ETH-26MAR27-3600-P,2027-03-26,3600,put,0.893658,0.8725,0.99,57.93,,,,,1.0,0.0,1928.5
2026-07-29 03:43:13,deribit,ETH,ETH-25SEP26-2900-C,2026-09-25,2900,call,0.003916,0.0036,0.0042,58.39,,,,,5453.0,250.0,1898.49
2026-07-29 03:43:13,deribit,ETH,ETH-26MAR27-1900-C,2027-03-26,1900,call,0.188106,0.187,0.19,56.72,,,,,2363.0,0.0,1928.52
2026-07-29 03:43:13,deribit,ETH,ETH-31JUL26-1940-C,2026-07-31,1940,call,0.008076,0.0075,0.0085,55.81,,,,,169.0,168.0,1895.14
2026-07-29 03:43:13,deribit,ETH,ETH-25SEP26-5400-P,2026-09-25,5400,put,1.844563,1.7355,1.9655,85.84,,,,,4.0,0.0,1898.47
2026-07-29 03:43:13,deribit,ETH,ETH-28AUG26-3600-C,2026-08-28,3600,call,0.000138,0.0001,0.0003,75.74,,,,,1088.0,0.0,1895.07
2026-07-29 03:43:13,deribit,ETH,ETH-25SEP26-1900-P,2026-09-25,1900,put,0.083444,0.0825,0.084,52.21,,,,,7422.0,2447.0,1898.49
2026-07-29 03:43:13,deribit,ETH,ETH-25SEP26-3400-P,2026-09-25,3400,put,0.792333,0.776,0.801,64.68,,,,,870.0,0.0,1898.49
2026-07-29 03:43:13,deribit,ETH,ETH-26MAR27-1900-P,2027-03-26,1900,put,0.173292,0.1715,0.1745,56.72,,,,,2308.0,0.0,1928.5
2026-07-29 03:43:13,deribit,ETH,ETH-28AUG26-3800-C,2026-08-28,3800,call,0.000102,,0.0003,79.3,,,,,382.0,1.0,1895.07
2026-07-29 03:43:13,deribit,ETH,ETH-14AUG26-2100-P,2026-08-14,2100,put,0.118564,0.102,0.1295,51.6,,,,,0.0,0.0,1895.33
2026-07-29 03:43:13,deribit,ETH,ETH-25SEP26-7400-C,2026-09-25,7400,call,1.5e-05,,0.0002,90.95,,,,,1019.0,0.0,1898.47
2026-07-29 03:43:13,deribit,ETH,ETH-29JUL26-1925-C,2026-07-29,1925,call,0.000306,0.0003,0.0004,47.96,,,,,1171.0,340.0,1894.38
2026-07-29 03:43:13,deribit,ETH,ETH-25SEP26-5200-P,2026-09-25,5200,put,1.73924,1.634,1.856,84.02,,,,,3.0,0.0,1898.49
2026-07-29 03:43:13,deribit,ETH,ETH-29JUL26-1940-P,2026-07-29,1940,put,0.024191,0.0105,0.067,55.64,,,,,3.0,0.0,1894.38
2026-07-29 03:43:13,deribit,ETH,ETH-25SEP26-14000-P,2026-09-25,14000,put,6.374328,6.091,6.682,123.7,,,,,0.0,0.0,1898.49
2026-07-29 03:43:13,deribit,ETH,ETH-25DEC26-2600-P,2026-12-25,2600,put,0.40346,0.3915,0.413,54.96,,,,,1065.0,0.0,1910.45
2026-07-29 03:43:13,deribit,ETH,ETH-25SEP26-6400-P,2026-09-25,6400,put,2.371179,2.242,2.513,90.05,,,,,0.0,0.0,1898.49
2026-07-29 03:43:13,deribit,ETH,ETH-29JUL26-1725-C,2026-07-29,1725,call,0.089427,0.0515,0.1245,90.1,,,,,0.0,0.0,1894.38
2026-07-29 03:43:13,deribit,ETH,ETH-28AUG26-2050-P,2026-08-28,2050,put,0.11002,0.1025,0.118,50.8,,,,,170.0,0.0,1895.07
2026-07-29 03:43:13,deribit,ETH,ETH-25SEP26-6600-P,2026-09-25,6600,put,2.47651,2.343,2.6225,90.05,,,,,0.0,0.0,1898.49
2026-07-29 03:43:13,deribit,ETH,ETH-25SEP26-2800-C,2026-09-25,2800,call,0.005055,0.0047,0.0055,57.26,,,,,7384.0,100.0,1898.49
2026-07-29 03:43:13,deribit,ETH,ETH-28AUG26-1950-P,2026-08-28,1950,put,0.07473,0.0725,0.0755,50.85,,,,,2423.0,168.0,1895.05
2026-07-29 03:43:13,deribit,ETH,ETH-25DEC26-2900-C,2026-12-25,2900,call,0.025968,0.025,0.0265,55.82,,,,,2260.0,81.0,1910.43
2026-07-29 03:43:13,deribit,ETH,ETH-29JUL26-2000-P,2026-07-29,2000,put,0.055737,0.0285,0.0995,65.45,,,,,0.0,0.0,1894.38
2026-07-29 03:43:13,deribit,ETH,ETH-31JUL26-4000-C,2026-07-31,4000,call,0.0,,0.0001,118.7,,,,,8690.0,0.0,1895.16
2026-07-29 03:43:13,deribit,ETH,ETH-26MAR27-2700-P,2027-03-26,2700,put,0.471901,0.46,0.533,56.46,,,,,147.0,0.0,1928.5
2026-07-29 03:43:13,deribit,ETH,ETH-31JUL26-1750-P,2026-07-31,1750,put,0.001601,0.0014,0.0018,69.85,,,,,4473.0,682.0,1895.14
2026-07-29 03:43:13,deribit,ETH,ETH-7AUG26-1600-P,2026-08-07,1600,put,0.002201,0.002,0.0024,66.37,,,,,19700.0,2080.0,1895.12
2026-07-29 03:43:13,deribit,ETH,ETH-25SEP26-3500-C,2026-09-25,3500,call,0.001205,0.001,0.0014,65.89,,,,,15554.0,0.0,1898.49
2026-07-29 03:43:13,deribit,ETH,ETH-30JUL26-1920-P,2026-07-30,1920,put,0.020923,0.018,0.0225,57.72,,,,,132.0,136.0,1894.38
2026-07-29 03:43:13,deribit,ETH,ETH-25SEP26-1800-C,2026-09-25,1800,call,0.110504,0.1095,0.112,52.95,,,,,2303.0,19.0,1898.49
2026-07-29 03:43:13,deribit,ETH,ETH-1AUG26-2000-P,2026-08-01,2000,put,0.059384,0.0495,0.0695,55.3,,,,,0.0,0.0,1894.38
2026-07-29 03:43:13,deribit,ETH,ETH-31JUL26-3800-C,2026-07-31,3800,call,0.0,,0.0001,118.7,,,,,2692.0,0.0,1895.16
2026-07-29 03:43:13,deribit,ETH,ETH-31JUL26-1300-P,2026-07-31,1300,put,4e-06,,0.0001,137.19,,,,,12026.0,1.0,1895.14
2026-07-29 03:43:13,deribit,ETH,ETH-26MAR27-3400-C,2027-03-26,3400,call,0.033035,0.0325,0.034,57.5,,,,,1869.0,0.0,1928.5
2026-07-29 03:43:13,deribit,ETH,ETH-31JUL26-2000-P,2026-07-31,2000,put,0.057904,0.0515,0.06,58.2,,,,,3275.0,5.0,1895.14
2026-07-29 03:43:13,deribit,ETH,ETH-25JUN27-900-P,2027-06-25,900,put,0.024409,0.0235,0.025,68.15,,,,,641.0,0.0,1948.26
2026-07-29 03:43:13,deribit,ETH,ETH-7AUG26-1700-P,2026-08-07,1700,put,0.005579,0.005,0.006,59.67,,,,,6536.0,573.0,1895.12
2026-07-29 03:43:13,deribit,ETH,ETH-29JUL26-2020-C,2026-07-29,2020,call,0.0,,0.0001,65.61,,,,,235.0,237.0,1894.38
2026-07-29 03:43:13,deribit,ETH,ETH-25JUN27-1300-C,2027-06-25,1300,call,0.400138,0.3965,0.4035,61.32,,,,,108.0,0.0,1948.26
2026-07-29 03:43:13,deribit,ETH,ETH-30JUL26-1875-P,2026-07-30,1875,put,0.009002,0.0085,0.0095,60.15,,,,,792.0,541.0,1894.38
2026-07-29 03:43:13,deribit,ETH,ETH-28AUG26-1600-C,2026-08-28,1600,call,0.167678,0.164,0.1735,57.33,,,,,885.0,0.0,1895.07
2026-07-29 03:43:13,deribit,ETH,ETH-25DEC26-1500-C,2026-12-25,1500,call,0.265218,0.261,0.271,58.0,,,,,823.0,40.0,1910.43
2026-07-29 03:43:13,deribit,ETH,ETH-30JUL26-1775-C,2026-07-30,1775,call,0.06419,0.0545,0.0765,73.57,,,,,0.0,0.0,1894.38
2026-07-29 03:43:13,deribit,ETH,ETH-30JUL26-1825-C,2026-07-30,1825,call,0.039776,0.0375,0.0455,65.52,,,,,334.0,210.0,1894.38
2026-07-29 03:43:13,deribit,ETH,ETH-28AUG26-1300-P,2026-08-28,1300,put,0.001967,0.0018,0.0022,69.98,,,,,8096.0,2.0,1895.07
2026-07-29 03:43:13,deribit,ETH,ETH-25SEP26-5000-P,2026-09-25,5000,put,1.633899,1.533,1.7465,81.38,,,,,2.0,0.0,1898.47
2026-07-29 03:43:13,deribit,ETH,ETH-28AUG26-1450-C,2026-08-28,1450,call,0.23983,0.2325,0.2485,63.28,,,,,51.0,0.0,1895.05
2026-07-29 03:43:13,deribit,ETH,ETH-7AUG26-1850-C,2026-08-07,1850,call,0.046267,0.045,0.047,52.81,,,,,599.0,0.0,1895.12
2026-07-29 03:43:13,deribit,ETH,ETH-31JUL26-1960-P,2026-07-31,1960,put,0.039792,0.0315,0.0485,56.41,,,,,0.0,0.0,1895.16
2026-07-29 03:43:13,deribit,ETH,ETH-1AUG26-1750-C,2026-08-01,1750,call,0.079214,0.0705,0.0885,65.29,,,,,0.0,0.0,1894.38
2026-07-29 03:43:13,deribit,ETH,ETH-31JUL26-3600-C,2026-07-31,3600,call,0.0,,0.0001,118.7,,,,,2043.0,1.0,1895.14
2026-07-29 03:43:13,deribit,ETH,ETH-29JUL26-2025-C,2026-07-29,2025,call,0.0,,0.0001,65.61,,,,,123.0,2.0,1894.38
2026-07-29 03:43:13,deribit,ETH,ETH-25DEC26-11000-P,2026-12-25,11000,put,4.758012,4.537,4.771,84.69,,,,,109.0,0.0,1910.45
2026-07-29 03:43:13,deribit,ETH,ETH-30JUL26-2040-P,2026-07-30,2040,put,0.077243,0.036,0.125,70.64,,,,,0.0,0.0,1894.38
2026-07-29 03:43:13,deribit,ETH,ETH-25DEC26-2800-C,2026-12-25,2800,call,0.03051,0.03,0.0315,55.5,,,,,8293.0,1.0,1910.45
2026-07-29 03:43:13,deribit,ETH,ETH-25JUN27-1800-P,2027-06-25,1800,put,0.17458,0.173,0.1765,58.34,,,,,299.0,0.0,1948.26
2026-07-29 03:43:13,deribit,ETH,ETH-25DEC26-3400-P,2026-12-25,3400,put,0.792095,0.77,0.8625,57.78,,,,,89.0,0.0,1910.43
2026-07-29 03:43:13,deribit,ETH,ETH-25DEC26-8000-P,2026-12-25,8000,put,3.187883,3.027,3.3665,75.09,,,,,0.0,0.0,1910.43
2026-07-29 03:43:13,deribit,ETH,ETH-1AUG26-1720-P,2026-08-01,1720,put,0.001741,0.0015,0.0019,68.72,,,,,17.0,17.0,1894.38
2026-07-29 03:43:13,deribit,ETH,ETH-28AUG26-1800-P,2026-08-28,1800,put,0.036688,0.036,0.037,52.26,,,,,2853.0,303.0,1895.05
2026-07-29 03:43:13,deribit,ETH,ETH-25DEC26-1000-P,2026-12-25,1000,put,0.010288,0.0095,0.011,69.64,,,,,19194.0,80.0,1910.43
2026-07-29 03:43:13,deribit,ETH,ETH-30JUL26-1820-C,2026-07-30,1820,call,0.042104,0.035,0.0505,66.25,,,,,0.0,0.0,1894.38
2026-07-29 03:43:13,deribit,ETH,ETH-31JUL26-1920-P,2026-07-31,1920,put,0.024587,0.024,0.026,55.64,,,,,116.0,85.0,1895.16
2026-07-29 03:43:13,deribit,ETH,ETH-26MAR27-3300-P,2027-03-26,3300,put,0.747754,0.729,0.8345,57.29,,,,,1.0,0.0,1928.5
2026-07-29 03:43:13,deribit,ETH,ETH-31JUL26-1750-C,2026-07-31,1750,call,0.078215,0.076,0.082,69.85,,,,,6718.0,4.0,1895.14
2026-07-29 03:43:13,deribit,ETH,ETH-14AUG26-2200-P,2026-08-14,2200,put,0.166075,0.1525,0.215,53.71,,,,,0.0,0.0,1895.33
2026-07-29 03:43:13,deribit,ETH,ETH-31JUL26-2200-P,2026-07-31,2200,put,0.160989,0.1545,0.1655,79.32,,,,,2344.0,4.0,1895.16
2026-07-29 03:43:13,deribit,ETH,ETH-25SEP26-14000-C,2026-09-25,14000,call,8e-06,,0.0003,123.7,,,,,1212.0,0.0,1898.49
2026-07-29 03:43:13,deribit,ETH,ETH-1AUG26-2000-C,2026-08-01,2000,call,0.004063,0.0039,0.0044,55.3,,,,,24.0,24.0,1894.38
2026-07-29 03:43:13,deribit,ETH,ETH-28AUG26-2000-P,2026-08-28,2000,put,0.09143,0.0865,0.0925,50.71,,,,,491.0,0.0,1895.05
2026-07-29 03:43:13,deribit,ETH,ETH-28AUG26-3600-P,2026-08-28,3600,put,0.899784,0.8265,0.98,75.74,,,,,18.0,0.0,1895.05
2026-07-29 03:43:13,deribit,ETH,ETH-31JUL26-2500-C,2026-07-31,2500,call,0.0,,0.0001,84.42,,,,,2565.0,0.0,1895.16
2026-07-29 03:43:13,deribit,ETH,ETH-14AUG26-2200-C,2026-08-14,2200,call,0.005327,0.005,0.006,53.71,,,,,855.0,21.0,1895.33
2026-07-29 03:43:13,deribit,ETH,ETH-25DEC26-1400-C,2026-12-25,1400,call,0.304853,0.3,0.311,59.57,,,,,946.0,0.0,1910.43
2026-07-29 03:43:13,deribit,ETH,ETH-26MAR27-2600-P,2027-03-26,2600,put,0.429055,0.4175,0.437,56.38,,,,,626.0,0.0,1928.5
2026-07-29 03:43:13,deribit,ETH,ETH-25SEP26-4600-C,2026-09-25,4600,call,0.000327,0.0002,0.0005,78.24,,,,,3385.0,1.0,1898.47
2026-07-29 03:43:13,deribit,ETH,ETH-30JUL26-1850-C,2026-07-30,1850,call,0.028854,0.023,0.0355,62.63,,,,,100.0,100.0,1894.38
2026-07-29 03:43:13,deribit,ETH,ETH-26MAR27-2800-C,2027-03-26,2800,call,0.064013,0.063,0.065,56.57,,,,,4817.0,10.0,1928.5
2026-07-29 03:43:13,deribit,ETH,ETH-25SEP26-10000-C,2026-09-25,10000,call,9e-06,,0.0001,105.8,,,,,1561.0,0.0,1898.49
2026-07-29 03:43:13,deribit,ETH,ETH-14AUG26-1900-P,2026-08-14,1900,put,0.044248,0.0435,0.045,51.16,,,,,657.0,85.0,1895.33
2026-07-29 03:43:13,deribit,ETH,ETH-30JUL26-2100-C,2026-07-30,2100,call,0.00017,0.0001,0.0003,78.61,,,,,1090.0,1067.0,1894.38
2026-07-29 03:43:13,deribit,ETH,ETH-25JUN27-2300-C,2027-06-25,2300,call,0.154533,0.153,0.156,57.26,,,,,218.0,0.0,1948.26
2026-07-29 03:43:13,deribit,ETH,ETH-25JUN27-2700-C,2027-06-25,2700,call,0.106343,0.1045,0.1085,57.23,,,,,92.0,3.0,1948.26
2026-07-29 03:43:13,deribit,ETH,ETH-30JUL26-1860-P,2026-07-30,1860,put,0.006515,0.006,0.007,61.32,,,,,117.0,26.0,1894.38
2026-07-29 03:43:13,deribit,ETH,ETH-28AUG26-1900-P,2026-08-28,1900,put,0.059912,0.059,0.0605,51.07,,,,,3286.0,1136.0,1895.07
2026-07-29 03:43:13,deribit,ETH,ETH-25SEP26-3800-P,2026-09-25,3800,put,1.002394,0.984,1.014,69.65,,,,,954.0,0.0,1898.49
2026-07-29 03:43:13,deribit,ETH,ETH-25SEP26-16000-C,2026-09-25,16000,call,7e-06,,0.0001,130.17,,,,,7426.0,0.0,1898.49
2026-07-29 03:43:13,deribit,ETH,ETH-29JUL26-1875-C,2026-07-29,1875,call,0.01125,0.006,0.019,49.3,,,,,185.0,136.0,1894.38
2026-07-29 03:43:13,deribit,ETH,ETH-25DEC26-3300-P,2026-12-25,3300,put,0.741537,0.708,0.7925,57.3,,,,,10.0,0.0,1910.45
2026-07-29 03:43:13,deribit,ETH,ETH-25DEC26-3400-C,2026-12-25,3400,call,0.012409,0.012,0.013,57.78,,,,,12544.0,0.0,1910.43
2026-07-29 03:43:13,deribit,ETH,ETH-31JUL26-1400-P,2026-07-31,1400,put,5.7e-05,,0.0001,137.19,,,,,9689.0,34.0,1895.16
2026-07-29 03:43:13,deribit,ETH,ETH-25SEP26-3200-C,2026-09-25,3200,call,0.002057,0.0018,0.0023,62.19,,,,,7795.0,250.0,1898.49
2026-07-29 03:43:13,deribit,ETH,ETH-25SEP26-6200-P,2026-09-25,6200,put,2.265855,2.1405,2.4035,90.05,,,,,0.0,0.0,1898.47
2026-07-29 03:43:13,deribit,ETH,ETH-25DEC26-2000-C,2026-12-25,2000,call,0.119572,0.1185,0.1215,54.6,,,,,3940.0,168.0,1910.45
2026-07-29 03:43:13,deribit,ETH,ETH-28AUG26-1700-C,2026-08-28,1700,call,0.124292,0.123,0.128,54.42,,,,,1011.0,2.0,1895.07
2026-07-29 03:43:13,deribit,ETH,ETH-25SEP26-1000-P,2026-09-25,1000,put,0.001589,0.0014,0.0018,77.76,,,,,8822.0,1.0,1898.49
2026-07-29 03:43:13,deribit,ETH,ETH-31JUL26-1500-C,2026-07-31,1500,call,0.208678,0.2,0.225,119.77,,,,,249.0,0.0,1895.14
2026-07-29 03:43:13,deribit,ETH,ETH-25SEP26-1000-C,2026-09-25,1000,call,0.474852,0.47,0.4815,77.76,,,,,125.0,0.0,1898.47
2026-07-29 03:43:13,deribit,ETH,ETH-30JUL26-2080-P,2026-07-30,2080,put,0.098082,0.056,0.1465,76.66,,,,,0.0,0.0,1894.38
2026-07-29 03:43:13,deribit,ETH,ETH-25JUN27-3800-P,2027-06-25,3800,put,0.992619,0.9455,1.111,58.31,,,,,2.0,0.0,1948.26
2026-07-29 03:43:13,deribit,ETH,ETH-31JUL26-1400-C,2026-07-31,1400,call,0.261349,0.253,0.273,137.19,,,,,100.0,0.0,1895.14
2026-07-29 03:43:13,deribit,ETH,ETH-25DEC26-1800-C,2026-12-25,1800,call,0.166928,0.166,0.169,55.24,,,,,2476.0,0.0,1910.43
2026-07-29 03:43:13,deribit,ETH,ETH-14AUG26-1950-C,2026-08-14,1950,call,0.030347,0.0295,0.031,50.79,,,,,1069.0,298.0,1895.33
2026-07-29 03:43:13,deribit,ETH,ETH-25DEC26-800-P,2026-12-25,800,put,0.004999,0.0045,0.0055,77.56,,,,,5679.0,80.0,1910.43
2026-07-29 03:43:13,deribit,ETH,ETH-30JUL26-2080-C,2026-07-30,2080,call,0.000262,0.0002,0.0004,76.66,,,,,9.0,5.0,1894.38
2026-07-29 03:43:13,deribit,ETH,ETH-7AUG26-2400-C,2026-08-07,2400,call,0.000513,0.0004,0.0007,66.42,,,,,912.0,1.0,1895.12
2026-07-29 03:43:13,deribit,ETH,ETH-26MAR27-4800-P,2027-03-26,4800,put,1.498614,1.3945,1.621,60.95,,,,,0.0,0.0,1928.5
2026-07-29 03:43:13,deribit,ETH,ETH-31JUL26-4200-P,2026-07-31,4200,put,1.216125,1.1305,1.306,118.7,,,,,0.0,0.0,1895.14
2026-07-29 03:43:13,deribit,ETH,ETH-25SEP26-5200-C,2026-09-25,5200,call,0.000207,0.0001,0.0004,84.02,,,,,1681.0,0.0,1898.49
2026-07-29 03:43:13,deribit,ETH,ETH-28AUG26-3400-C,2026-08-28,3400,call,0.000244,0.0002,0.0004,73.61,,,,,462.0,5.0,1895.05
2026-07-29 03:43:13,deribit,ETH,ETH-30JUL26-1780-P,2026-07-30,1780,put,0.00114,0.001,0.0013,72.65,,,,,106.0,108.0,1894.38
2026-07-29 03:43:13,deribit,ETH,ETH-31JUL26-2700-P,2026-07-31,2700,put,0.424652,0.4175,0.431,95.24,,,,,630.0,0.0,1895.14
2026-07-29 03:43:13,deribit,ETH,ETH-29JUL26-1800-P,2026-07-29,1800,put,5e-06,,0.0001,75.63,,,,,808.0,1728.0,1894.38
2026-07-29 03:43:13,deribit,ETH,ETH-31JUL26-2600-P,2026-07-31,2600,put,0.371887,0.319,0.4285,93.45,,,,,29.0,0.0,1895.16
2026-07-29 03:43:13,deribit,ETH,ETH-25JUN27-3000-P,2027-06-25,3000,put,0.621138,0.609,0.6585,57.41,,,,,59.0,0.0,1948.26
2026-07-29 03:43:13,deribit,ETH,ETH-28AUG26-2000-C,2026-08-28,2000,call,0.036071,0.0355,0.0365,50.71,,,,,4789.0,377.0,1895.05
2026-07-29 03:43:13,deribit,ETH,ETH-26MAR27-800-P,2027-03-26,800,put,0.011478,0.011,0.012,73.45,,,,,788.0,0.0,1928.5
2026-07-29 03:43:13,deribit,ETH,ETH-25DEC26-1500-P,2026-12-25,1500,put,0.050374,0.0495,0.0515,58.0,,,,,16341.0,2.0,1910.43
2026-07-29 03:43:13,deribit,ETH,ETH-25DEC26-2000-P,2026-12-25,2000,put,0.166446,0.165,0.1675,54.6,,,,,10174.0,62.0,1910.45
2026-07-29 03:43:13,deribit,ETH,ETH-30JUL26-2040-C,2026-07-30,2040,call,0.000535,0.0004,0.0007,70.64,,,,,9.0,5.0,1894.38
2026-07-29 03:43:13,deribit,ETH,ETH-28AUG26-2200-P,2026-08-28,2200,put,0.174038,0.162,0.2255,51.58,,,,,181.0,0.0,1895.07
2026-07-29 03:43:13,deribit,ETH,ETH-26MAR27-4200-C,2027-03-26,4200,call,0.015586,0.015,0.0165,59.39,,,,,2776.0,0.0,1928.5
2026-07-29 03:43:13,deribit,ETH,ETH-25DEC26-800-C,2026-12-25,800,call,0.58625,0.582,0.6045,77.56,,,,,171.0,0.0,1910.43
2026-07-29 03:43:13,deribit,ETH,ETH-26MAR27-4500-C,2027-03-26,4500,call,0.012291,0.012,0.013,60.25,,,,,2406.0,0.0,1928.52
2026-07-29 03:43:13,deribit,ETH,ETH-25DEC26-5500-C,2026-12-25,5500,call,0.001599,0.0013,0.0019,67.12,,,,,1646.0,0.0,1910.45
2026-07-29 03:43:13,deribit,ETH,ETH-25DEC26-4000-C,2026-12-25,4000,call,0.005906,0.0055,0.0065,60.45,,,,,16429.0,2.0,1910.45
2026-07-29 03:43:13,deribit,ETH,ETH-7AUG26-1950-P,2026-08-07,1950,put,0.049358,0.047,0.051,51.24,,,,,520.0,4.0,1895.12
2026-07-29 03:43:13,deribit,ETH,ETH-29JUL26-1820-P,2026-07-29,1820,put,2.7e-05,,0.0001,71.3,,,,,660.0,1160.0,1894.38
2026-07-29 03:43:13,deribit,ETH,ETH-25SEP26-9000-P,2026-09-25,9000,put,3.740644,3.5585,3.9385,100.09,,,,,0.0,0.0,1898.49
2026-07-29 03:43:13,deribit,ETH,ETH-29JUL26-2075-C,2026-07-29,2075,call,0.0,,0.0001,74.93,,,,,456.0,205.0,1894.38
2026-07-29 03:43:13,deribit,ETH,ETH-14AUG26-1800-C,2026-08-14,1800,call,0.073129,0.0695,0.0795,53.08,,,,,52.0,0.0,1895.33
2026-07-29 03:43:13,deribit,ETH,ETH-25SEP26-1200-C,2026-09-25,1200,call,0.372245,0.3655,0.387,69.01,,,,,138.0,0.0,1898.47
2026-07-29 03:43:13,deribit,ETH,ETH-29JUL26-1840-P,2026-07-29,1840,put,0.000125,,0.0002,66.15,,,,,687.0,1187.0,1894.38
2026-07-29 03:43:13,deribit,ETH,ETH-29JUL26-1950-P,2026-07-29,1950,put,0.029453,0.025,0.0335,64.15,,,,,404.0,0.0,1894.38
2026-07-29 03:43:13,deribit,ETH,ETH-29JUL26-1750-C,2026-07-29,1750,call,0.076231,0.038,0.1115,84.44,,,,,0.0,0.0,1894.38
2026-07-29 03:43:13,deribit,ETH,ETH-28AUG26-1700-P,2026-08-28,1700,put,0.021347,0.021,0.022,54.42,,,,,8584.0,7162.0,1895.05
2026-07-29 03:43:13,deribit,ETH,ETH-25SEP26-2300-P,2026-09-25,2300,put,0.233936,0.225,0.2405,52.49,,,,,1212.0,0.0,1898.49
2026-07-29 03:43:13,deribit,ETH,ETH-29JUL26-2020-P,2026-07-29,2020,put,0.066294,0.029,0.1105,65.61,,,,,0.0,0.0,1894.38
2026-07-29 03:43:13,deribit,ETH,ETH-29JUL26-1860-P,2026-07-29,1860,put,0.000383,0.0002,0.0005,56.24,,,,,838.0,778.0,1894.38
2026-07-29 03:43:13,deribit,ETH,ETH-25JUN27-2100-P,2027-06-25,2100,put,0.264965,0.259,0.272,57.44,,,,,87.0,0.0,1948.26
2026-07-29 03:43:13,deribit,ETH,ETH-25DEC26-1000-C,2026-12-25,1000,call,0.486851,0.477,0.512,69.64,,,,,54.0,0.0,1910.43
2026-07-29 03:43:13,deribit,ETH,ETH-25DEC26-2800-P,2026-12-25,2800,put,0.496133,0.4805,0.5065,55.5,,,,,2205.0,0.0,1910.43
2026-07-29 03:43:13,deribit,ETH,ETH-25SEP26-3000-C,2026-09-25,3000,call,0.00311,0.0029,0.0031,59.64,,,,,28633.0,1.0,1898.49
2026-07-29 03:43:13,deribit,ETH,ETH-30JUL26-1700-P,2026-07-30,1700,put,0.000249,0.0002,0.0003,87.79,,,,,331.0,150.0,1894.38
2026-07-29 03:43:13,deribit,ETH,ETH-25SEP26-4000-P,2026-09-25,4000,put,1.107588,1.0265,1.1995,72.24,,,,,140.0,0.0,1898.49
2026-07-29 03:43:13,deribit,ETH,ETH-7AUG26-2000-C,2026-08-07,2000,call,0.012777,0.012,0.0135,51.41,,,,,17799.0,64.0,1895.12
2026-07-29 03:43:13,deribit,ETH,ETH-30JUL26-1700-C,2026-07-30,1700,call,0.102993,0.093,0.114,87.79,,,,,0.0,0.0,1894.38
2026-07-29 03:43:13,deribit,ETH,ETH-14AUG26-2050-C,2026-08-14,2050,call,0.015149,0.0145,0.016,51.03,,,,,462.0,3.0,1895.33
2026-07-29 03:43:13,deribit,ETH,ETH-7AUG26-1400-C,2026-08-07,1400,call,0.261684,0.254,0.27,83.07,,,,,0.0,0.0,1895.12
2026-07-29 03:43:13,deribit,ETH,ETH-30JUL26-1860-C,2026-07-30,1860,call,0.024811,0.0205,0.031,61.32,,,,,5.0,0.0,1894.38
2026-07-29 03:43:13,deribit,ETH,ETH-25SEP26-6500-P,2026-09-25,6500,put,2.423844,2.2925,2.568,90.05,,,,,0.0,0.0,1898.47
2026-07-29 03:43:13,deribit,ETH,ETH-25DEC26-4400-P,2026-12-25,4400,put,1.307077,1.216,1.415,62.42,,,,,20.0,0.0,1910.45
2026-07-29 03:43:13,deribit,ETH,ETH-31JUL26-3600-P,2026-07-31,3600,put,0.899536,0.825,0.978,118.7,,,,,0.0,0.0,1895.16
2026-07-29 03:43:13,deribit,ETH,ETH-31JUL26-4000-P,2026-07-31,4000,put,1.110595,1.028,1.1965,118.7,,,,,0.0,0.0,1895.16
2026-07-29 03:43:13,deribit,ETH,ETH-28AUG26-2200-C,2026-08-28,2200,call,0.013143,0.013,0.0135,51.58,,,,,7426.0,20.0,1895.07
2026-07-29 03:43:13,deribit,ETH,ETH-25SEP26-3400-C,2026-09-25,3400,call,0.001426,0.0012,0.0016,64.68,,,,,7117.0,0.0,1898.49
2026-07-29 03:43:13,deribit,ETH,ETH-25SEP26-5800-P,2026-09-25,5800,put,2.055219,1.938,2.185,89.19,,,,,0.0,0.0,1898.47
2026-07-29 03:43:13,deribit,ETH,ETH-25SEP26-4400-P,2026-09-25,4400,put,1.318076,1.229,1.416,76.89,,,,,281.0,0.0,1898.47
2026-07-29 03:43:13,deribit,ETH,ETH-28AUG26-2350-P,2026-08-28,2350,put,0.246415,0.2315,0.288,53.67,,,,,100.0,0.0,1895.07
2026-07-29 03:43:13,deribit,ETH,ETH-25JUN27-1200-C,2027-06-25,1200,call,0.437476,0.434,0.441,62.52,,,,,55.0,0.0,1948.26
2026-07-29 03:43:13,deribit,ETH,ETH-31JUL26-1650-P,2026-07-31,1650,put,0.000502,0.0004,0.0006,88.45,,,,,16911.0,25.0,1895.16
2026-07-29 03:43:13,deribit,ETH,ETH-30JUL26-2200-P,2026-07-30,2200,put,0.161176,0.1165,0.211,87.88,,,,,0.0,0.0,1894.38
2026-07-29 03:43:13,deribit,ETH,ETH-31JUL26-1960-C,2026-07-31,1960,call,0.0056,0.005,0.006,56.41,,,,,302.0,302.0,1895.14
2026-07-29 03:43:13,deribit,ETH,ETH-25DEC26-1300-P,2026-12-25,1300,put,0.027831,0.027,0.0285,61.55,,,,,1910.0,0.0,1910.45
2026-07-29 03:43:13,deribit,ETH,ETH-25SEP26-2600-C,2026-09-25,2600,call,0.008543,0.008,0.009,54.7,,,,,9793.0,1920.0,1898.49
2026-07-29 03:43:13,deribit,ETH,ETH-30JUL26-2000-P,2026-07-30,2000,put,0.056749,0.0455,0.094,64.36,,,,,0.0,0.0,1894.38
2026-07-29 03:43:13,deribit,ETH,ETH-30JUL26-1925-P,2026-07-30,1925,put,0.022788,0.019,0.024,58.1,,,,,400.0,112.0,1894.38
2026-07-29 03:43:13,deribit,ETH,ETH-25DEC26-7000-P,2026-12-25,7000,put,2.664659,2.524,2.8225,71.89,,,,,0.0,0.0,1910.43
2026-07-29 03:43:13,deribit,ETH,ETH-26MAR27-1200-P,2027-03-26,1200,put,0.037519,0.037,0.038,62.92,,,,,1237.0,1.0,1928.5
2026-07-29 03:43:13,deribit,ETH,ETH-25JUN27-4000-C,2027-06-25,4000,call,0.036366,0.0355,0.0375,58.63,,,,,4379.0,0.0,1948.26
2026-07-29 03:43:13,deribit,ETH,ETH-25SEP26-7000-P,2026-09-25,7000,put,2.687188,2.5455,2.8415,90.94,,,,,0.0,0.0,1898.49
2026-07-29 03:43:13,deribit,ETH,ETH-29JUL26-1840-C,2026-07-29,1840,call,0.028847,0.0026,0.0665,66.15,,,,,0.0,0.0,1894.38
2026-07-29 03:43:13,deribit,ETH,ETH-25SEP26-1900-C,2026-09-25,1900,call,0.082643,0.082,0.084,52.21,,,,,2889.0,265.0,1898.49
2026-07-29 03:43:13,deribit,ETH,ETH-25DEC26-2300-C,2026-12-25,2300,call,0.071402,0.0705,0.0725,54.55,,,,,3423.0,177.0,1910.43
2026-07-29 03:43:13,deribit,ETH,ETH-26MAR27-1800-C,2027-03-26,1800,call,0.211975,0.211,0.215,56.99,,,,,3788.0,1.0,1928.5
2026-07-29 03:43:13,deribit,ETH,ETH-28AUG26-2050-C,2026-08-28,2050,call,0.028277,0.028,0.029,50.8,,,,,4533.0,1037.0,1895.07
2026-07-29 03:43:13,deribit,ETH,ETH-1AUG26-1740-C,2026-08-01,1740,call,0.084157,0.075,0.0935,66.44,,,,,0.0,0.0,1894.38
2026-07-29 03:43:13,deribit,ETH,ETH-31JUL26-1550-P,2026-07-31,1550,put,0.000258,0.0002,0.0003,111.52,,,,,6793.0,5.0,1895.14
2026-07-29 03:43:13,deribit,ETH,ETH-28AUG26-1800-C,2026-08-28,1800,call,0.086865,0.084,0.0905,52.26,,,,,6112.0,0.0,1895.07
2026-07-29 03:43:13,deribit,ETH,ETH-30JUL26-1900-C,2026-07-30,1900,call,0.011837,0.0115,0.0125,58.14,,,,,244.0,256.0,1894.38
2026-07-29 03:43:13,deribit,ETH,ETH-25JUN27-1900-C,2027-06-25,1900,call,0.226755,0.2255,0.228,57.78,,,,,65.0,0.0,1948.26
2026-07-29 03:43:13,deribit,ETH,ETH-26MAR27-3700-C,2027-03-26,3700,call,0.024485,0.0235,0.0255,58.15,,,,,1467.0,0.0,1928.5
2026-07-29 03:43:13,deribit,ETH,ETH-26MAR27-5000-C,2027-03-26,5000,call,0.008473,0.008,0.009,61.52,,,,,1214.0,1.0,1928.5
2026-07-29 03:43:13,deribit,ETH,ETH-26MAR27-2000-P,2027-03-26,2000,put,0.203704,0.202,0.205,56.5,,,,,1510.0,0.0,1928.5
2026-07-29 03:43:13,deribit,ETH,ETH-14AUG26-2400-C,2026-08-14,2400,call,0.001578,0.0014,0.0016,59.24,,,,,357.0,5.0,1895.33
2026-07-29 03:43:13,deribit,ETH,ETH-29JUL26-1600-P,2026-07-29,1600,put,0.0,,0.0001,91.2,,,,,770.0,0.0,1894.38
2026-07-29 03:43:13,deribit,ETH,ETH-25SEP26-2100-P,2026-09-25,2100,put,0.15009,0.1485,0.151,51.95,,,,,2776.0,36.0,1898.47
2026-07-29 03:43:13,deribit,ETH,ETH-29JUL26-1900-C,2026-07-29,1900,call,0.00246,0.0021,0.0028,42.47,,,,,556.0,511.0,1894.38
2026-07-29 03:43:13,deribit,ETH,ETH-26MAR27-1200-C,2027-03-26,1200,call,0.415296,0.411,0.4205,62.92,,,,,69.0,0.0,1928.5
2026-07-29 03:43:13,deribit,ETH,ETH-30JUL26-1800-C,2026-07-30,1800,call,0.051712,0.0435,0.061,69.38,,,,,0.0,0.0,1894.38
2026-07-29 03:43:13,deribit,ETH,ETH-31JUL26-2450-C,2026-07-31,2450,call,1e-06,,0.0001,84.1,,,,,4406.0,0.0,1895.14
2026-07-29 03:43:13,deribit,ETH,ETH-25SEP26-2700-P,2026-09-25,2700,put,0.428648,0.417,0.436,55.85,,,,,527.0,0.0,1898.49
2026-07-29 03:43:13,deribit,ETH,ETH-30JUL26-1950-C,2026-07-30,1950,call,0.003725,0.0036,0.004,59.27,,,,,340.0,61.0,1894.38
2026-07-29 03:43:13,deribit,ETH,ETH-29JUL26-2025-P,2026-07-29,2025,put,0.068933,0.0285,0.1135,65.61,,,,,0.0,0.0,1894.38
2026-07-29 03:43:13,deribit,ETH,ETH-26MAR27-2500-C,2027-03-26,2500,call,0.091162,0.09,0.0925,56.33,,,,,8811.0,0.0,1928.5
2026-07-29 03:43:13,deribit,ETH,ETH-25SEP26-16000-P,2026-09-25,16000,put,7.427802,7.104,7.7795,130.17,,,,,30.0,0.0,1898.49
2026-07-29 03:43:13,deribit,ETH,ETH-1AUG26-1760-C,2026-08-01,1760,call,0.074336,0.066,0.083,64.24,,,,,0.0,0.0,1894.38
2026-07-29 03:43:13,deribit,ETH,ETH-25SEP26-2300-C,2026-09-25,2300,call,0.022441,0.022,0.023,52.49,,,,,9905.0,812.0,1898.47
2026-07-29 03:43:13,deribit,ETH,ETH-25SEP26-1400-P,2026-09-25,1400,put,0.01102,0.0105,0.0115,61.81,,,,,9610.0,27.0,1898.49
2026-07-29 03:43:13,deribit,ETH,ETH-26MAR27-1500-P,2027-03-26,1500,put,0.078771,0.078,0.0795,58.87,,,,,4047.0,50.0,1928.5
2026-07-29 03:43:13,deribit,ETH,ETH-29JUL26-2100-P,2026-07-29,2100,put,0.108523,0.065,0.1545,78.72,,,,,0.0,0.0,1894.38
2026-07-29 03:43:13,deribit,ETH,ETH-26MAR27-4500-P,2027-03-26,4500,put,1.345626,1.319,1.3925,60.25,,,,,0.0,0.0,1928.5
2026-07-29 03:43:13,deribit,ETH,ETH-30JUL26-1820-P,2026-07-30,1820,put,0.002696,0.0025,0.003,66.25,,,,,10.0,14.0,1894.38
2026-07-29 03:43:13,deribit,ETH,ETH-30JUL26-1780-C,2026-07-30,1780,call,0.06166,0.0525,0.072,72.65,,,,,0.0,0.0,1894.38
2026-07-29 03:43:13,deribit,ETH,ETH-25JUN27-2700-P,2027-06-25,2700,put,0.492195,0.482,0.5495,57.23,,,,,0.0,0.0,1948.26
2026-07-29 03:43:13,deribit,ETH,ETH-25SEP26-1600-C,2026-09-25,1600,call,0.183448,0.179,0.1895,56.09,,,,,3575.0,0.0,1898.49
2026-07-29 03:43:13,deribit,ETH,ETH-26MAR27-3000-P,2027-03-26,3000,put,0.606508,0.591,0.62,56.83,,,,,352.0,0.0,1928.5
2026-07-29 03:43:13,deribit,ETH,ETH-25JUN27-2900-C,2027-06-25,2900,call,0.088807,0.087,0.091,57.34,,,,,0.0,0.0,1948.26
2026-07-29 03:43:13,deribit,ETH,ETH-25JUN27-1700-P,2027-06-25,1700,put,0.148231,0.147,0.1495,58.66,,,,,2966.0,2501.0,1948.26
2026-07-29 03:43:13,deribit,ETH,ETH-31JUL26-2750-P,2026-07-31,2750,put,0.451034,0.395,0.51,95.84,,,,,2.0,0.0,1895.16
2026-07-29 03:43:13,deribit,ETH,ETH-25DEC26-5200-P,2026-12-25,5200,put,1.723871,1.618,1.846,65.93,,,,,0.0,0.0,1910.45
2026-07-29 03:43:13,deribit,ETH,ETH-25DEC26-4800-C,2026-12-25,4800,call,0.00277,0.0025,0.0031,64.26,,,,,2512.0,0.0,1910.43
2026-07-29 03:43:13,deribit,ETH,ETH-31JUL26-2750-C,2026-07-31,2750,call,0.0,,0.0001,95.84,,,,,659.0,0.0,1895.16
2026-07-29 03:43:13,deribit,ETH,ETH-14AUG26-1600-P,2026-08-14,1600,put,0.005405,0.0049,0.006,61.78,,,,,1380.0,249.0,1895.33
2026-07-29 03:43:13,deribit,ETH,ETH-1AUG26-1880-P,2026-08-01,1880,put,0.016745,0.016,0.0175,55.28,,,,,94.0,94.0,1894.38
2026-07-29 03:43:13,deribit,ETH,ETH-31JUL26-3200-P,2026-07-31,3200,put,0.688476,0.6235,0.758,105.54,,,,,3.0,0.0,1895.14
2026-07-29 03:43:13,deribit,ETH,ETH-25JUN27-2000-P,2027-06-25,2000,put,0.232563,0.232,0.236,57.6,,,,,51.0,0.0,1948.26
2026-07-29 03:43:13,deribit,ETH,ETH-7AUG26-1850-P,2026-08-07,1850,put,0.022448,0.022,0.023,52.81,,,,,1366.0,265.0,1895.12
2026-07-29 03:43:13,deribit,ETH,ETH-26MAR27-1500-C,2027-03-26,1500,call,0.300993,0.2875,0.306,58.87,,,,,244.0,0.0,1928.5
2026-07-29 03:43:13,deribit,ETH,ETH-14AUG26-1750-P,2026-08-14,1750,put,0.015905,0.0155,0.0165,54.56,,,,,1028.0,5.0,1895.33
2026-07-29 03:43:13,deribit,ETH,ETH-25SEP26-3800-C,2026-09-25,3800,call,0.000792,0.0006,0.001,69.65,,,,,2011.0,0.0,1898.47
2026-07-29 03:43:13,deribit,ETH,ETH-25DEC26-2700-P,2026-12-25,2700,put,0.449231,0.4345,0.4595,55.21,,,,,441.0,0.0,1910.43
2026-07-29 03:43:13,deribit,ETH,ETH-31JUL26-2800-P,2026-07-31,2800,put,0.477417,0.4195,0.5375,97.13,,,,,2.0,0.0,1895.16
2026-07-29 03:43:13,deribit,ETH,ETH-25SEP26-7500-C,2026-09-25,7500,call,1.3e-05,,0.0002,90.95,,,,,1322.0,0.0,1898.49
2026-07-29 03:43:13,deribit,ETH,ETH-25SEP26-6800-P,2026-09-25,6800,put,2.581845,2.4445,2.732,90.05,,,,,0.0,0.0,1898.47
2026-07-29 03:43:13,deribit,ETH,ETH-31JUL26-2200-C,2026-07-31,2200,call,0.000162,0.0001,0.0003,79.32,,,,,9168.0,2.0,1895.14
2026-07-29 03:43:13,deribit,ETH,ETH-31JUL26-2450-P,2026-07-31,2450,put,0.29274,0.242,0.3455,84.1,,,,,241.0,0.0,1895.16
2026-07-29 03:43:13,deribit,ETH,ETH-29JUL26-1820-C,2026-07-29,1820,call,0.039307,0.0007,0.0765,71.3,,,,,0.0,0.0,1894.38
2026-07-29 03:43:13,deribit,ETH,ETH-14AUG26-2000-P,2026-08-14,2000,put,0.076884,0.071,0.082,50.84,,,,,43.0,0.0,1895.33
2026-07-29 03:43:13,deribit,ETH,ETH-25SEP26-3300-C,2026-09-25,3300,call,0.001702,0.0015,0.0019,63.44,,,,,17691.0,0.0,1898.47
2026-07-29 03:43:13,deribit,ETH,ETH-7AUG26-2200-P,2026-08-07,2200,put,0.162899,0.117,0.2145,57.16,,,,,11.0,0.0,1895.12
2026-07-29 03:43:13,deribit,ETH,ETH-31JUL26-2150-P,2026-07-31,2150,put,0.134708,0.1295,0.139,72.95,,,,,1134.0,4.0,1895.14
2026-07-29 03:43:13,deribit,ETH,ETH-26MAR27-3300-C,2027-03-26,3300,call,0.036642,0.036,0.0375,57.29,,,,,1921.0,0.0,1928.5
2026-07-29 03:43:13,deribit,ETH,ETH-25SEP26-2200-P,2026-09-25,2200,put,0.190238,0.183,0.195,52.09,,,,,5535.0,0.0,1898.49
2026-07-29 03:43:13,deribit,ETH,ETH-25DEC26-1300-C,2026-12-25,1300,call,0.347364,0.331,0.3535,61.55,,,,,50.0,0.0,1910.43
2026-07-29 03:43:13,deribit,ETH,ETH-25SEP26-3200-P,2026-09-25,3200,put,0.687616,0.673,0.697,62.19,,,,,1334.0,0.0,1898.49
2026-07-29 03:43:13,deribit,ETH,ETH-28AUG26-2600-C,2026-08-28,2600,call,0.002282,0.0021,0.0025,58.48,,,,,3430.0,750.0,1895.05
2026-07-29 03:43:13,deribit,ETH,ETH-26MAR27-3000-C,2027-03-26,3000,call,0.050952,0.05,0.052,56.83,,,,,4695.0,2.0,1928.5
2026-07-29 03:43:13,deribit,ETH,ETH-7AUG26-2100-P,2026-08-07,2100,put,0.112991,0.0965,0.1525,53.46,,,,,0.0,0.0,1895.12
2026-07-29 03:43:13,deribit,ETH,ETH-29JUL26-2100-C,2026-07-29,2100,call,0.0,,0.0001,78.72,,,,,1719.0,50.0,1894.38
2026-07-29 03:43:13,deribit,ETH,ETH-25SEP26-1200-P,2026-09-25,1200,put,0.004329,0.0041,0.0046,69.01,,,,,13064.0,1504.0,1898.49
2026-07-29 03:43:13,deribit,ETH,ETH-25DEC26-1900-P,2026-12-25,1900,put,0.136058,0.135,0.137,54.84,,,,,3441.0,628.0,1910.43
2026-07-29 03:43:13,deribit,ETH,ETH-1AUG26-1740-P,2026-08-01,1740,put,0.002287,0.0021,0.0025,66.44,,,,,5.0,5.0,1894.38
2026-07-29 03:43:13,deribit,ETH,ETH-29JUL26-1975-P,2026-07-29,1975,put,0.042548,0.0375,0.047,65.27,,,,,471.0,0.0,1894.38
2026-07-29 03:43:13,deribit,ETH,ETH-25SEP26-7200-C,2026-09-25,7200,call,2e-05,,0.0002,90.95,,,,,1160.0,0.0,1898.47
2026-07-29 03:43:13,deribit,ETH,ETH-28AUG26-1550-C,2026-08-28,1550,call,0.191011,0.1835,0.1995,59.11,,,,,167.0,0.0,1895.07
2026-07-29 03:43:13,deribit,ETH,ETH-25JUN27-3200-C,2027-06-25,3200,call,0.068382,0.067,0.07,57.58,,,,,223.0,0.0,1948.26
2026-07-29 03:43:13,deribit,ETH,ETH-28AUG26-3200-C,2026-08-28,3200,call,0.000413,0.0003,0.0006,70.67,,,,,1008.0,1.0,1895.07
2026-07-29 03:43:13,deribit,ETH,ETH-30JUL26-1980-P,2026-07-30,1980,put,0.04685,0.037,0.085,61.91,,,,,0.0,0.0,1894.38
2026-07-29 03:43:13,deribit,ETH,ETH-29JUL26-1900-P,2026-07-29,1900,put,0.00541,0.0047,0.0065,42.47,,,,,453.0,304.0,1894.38
2026-07-29 03:43:13,deribit,ETH,ETH-1AUG26-1960-P,2026-08-01,1960,put,0.041947,0.036,0.0465,54.01,,,,,0.0,0.0,1894.38
2026-07-29 03:43:13,deribit,ETH,ETH-28AUG26-1000-C,2026-08-28,1000,call,0.47262,0.467,0.481,86.84,,,,,50.0,0.0,1895.05
2026-07-29 03:43:13,deribit,ETH,ETH-25SEP26-6600-C,2026-09-25,6600,call,4.4e-05,,0.0002,90.05,,,,,1414.0,0.0,1898.49
2026-07-29 03:43:13,deribit,ETH,ETH-29JUL26-1775-C,2026-07-29,1775,call,0.063034,0.029,0.0995,76.82,,,,,0.0,0.0,1894.38
2026-07-29 03:43:13,deribit,ETH,ETH-7AUG26-2100-C,2026-08-07,2100,call,0.004893,0.0046,0.0055,53.46,,,,,28437.0,2570.0,1895.12
2026-07-29 03:43:13,deribit,ETH,ETH-1AUG26-2040-P,2026-08-01,2040,put,0.078593,0.067,0.1205,57.48,,,,,0.0,0.0,1894.38
2026-07-29 03:43:13,deribit,ETH,ETH-26MAR27-3100-C,2027-03-26,3100,call,0.045575,0.045,0.0465,56.97,,,,,1667.0,0.0,1928.5
2026-07-29 03:43:13,deribit,ETH,ETH-1AUG26-1900-P,2026-08-01,1900,put,0.021596,0.021,0.0225,54.45,,,,,2.0,2.0,1894.38
2026-07-29 03:43:13,deribit,ETH,ETH-31JUL26-2250-C,2026-07-31,2250,call,5.4e-05,0.0001,0.0002,79.82,,,,,4335.0,22.0,1895.16
2026-07-29 03:43:13,deribit,ETH,ETH-31JUL26-1000-P,2026-07-31,1000,put,0.0,,0.0001,137.19,,,,,9466.0,0.0,1895.14
2026-07-29 03:43:13,deribit,ETH,ETH-25SEP26-2400-P,2026-09-25,2400,put,0.280201,0.2705,0.287,53.02,,,,,2115.0,0.0,1898.47
2026-07-29 03:43:13,deribit,ETH,ETH-25SEP26-2900-P,2026-09-25,2900,put,0.531454,0.4705,0.604,58.39,,,,,49.0,0.0,1898.49
2026-07-29 03:43:13,deribit,ETH,ETH-25SEP26-15000-C,2026-09-25,15000,call,7e-06,,0.0002,127.3,,,,,878.0,0.0,1898.49
2026-07-29 03:43:13,deribit,ETH,ETH-28AUG26-2150-P,2026-08-28,2150,put,0.151591,0.1085,0.1755,51.3,,,,,83.0,0.0,1895.07
2026-07-29 03:43:13,deribit,ETH,ETH-25SEP26-5600-C,2026-09-25,5600,call,0.000175,0.0001,0.0003,88.16,,,,,6163.0,0.0,1898.49
2026-07-29 03:43:13,deribit,ETH,ETH-7AUG26-2050-P,2026-08-07,2050,put,0.089544,0.079,0.1115,52.05,,,,,10.0,0.0,1895.12
2026-07-29 03:43:13,deribit,ETH,ETH-29JUL26-1980-C,2026-07-29,1980,call,5e-06,,0.0001,65.34,,,,,5.0,5.0,1894.38
2026-07-29 03:43:13,deribit,ETH,ETH-26MAR27-2700-C,2027-03-26,2700,call,0.0719,0.071,0.073,56.46,,,,,2840.0,5.0,1928.5
2026-07-29 03:43:13,deribit,ETH,ETH-7AUG26-2000-P,2026-08-07,2000,put,0.068108,0.0625,0.0695,51.41,,,,,257.0,36.0,1895.12
2026-07-29 03:43:13,deribit,ETH,ETH-25SEP26-3000-P,2026-09-25,3000,put,0.583322,0.57,0.5925,59.64,,,,,7566.0,0.0,1898.49
2026-07-29 03:43:13,deribit,ETH,ETH-29JUL26-1920-P,2026-07-29,1920,put,0.013929,0.0055,0.022,45.29,,,,,231.0,372.0,1894.38
2026-07-29 03:43:13,deribit,ETH,ETH-25DEC26-3600-P,2026-12-25,3600,put,0.893884,0.87,0.9665,58.64,,,,,93.0,0.0,1910.45
2026-07-29 03:43:13,deribit,ETH,ETH-25SEP26-5000-C,2026-09-25,5000,call,0.000213,0.0001,0.0004,81.38,,,,,4100.0,0.0,1898.47
2026-07-29 03:43:13,deribit,ETH,ETH-31JUL26-1800-P,2026-07-31,1800,put,0.003602,0.0034,0.0038,63.43,,,,,11262.0,206.0,1895.14
2026-07-29 03:43:13,deribit,ETH,ETH-25JUN27-2200-C,2027-06-25,2200,call,0.169902,0.1685,0.1715,57.31,,,,,1060.0,0.0,1948.26
2026-07-29 03:43:13,deribit,ETH,ETH-28AUG26-2250-P,2026-08-28,2250,put,0.197628,0.1845,0.2525,52.33,,,,,14.0,0.0,1895.07
2026-07-29 03:43:13,deribit,ETH,ETH-25DEC26-3600-C,2026-12-25,3600,call,0.009511,0.009,0.01,58.64,,,,,2229.0,0.0,1910.43
2026-07-29 03:43:13,deribit,ETH,ETH-25JUN27-900-C,2027-06-25,900,call,0.562458,0.559,0.5655,68.15,,,,,2.0,0.0,1948.26
2026-07-29 03:43:13,deribit,ETH,ETH-25DEC26-9000-C,2026-12-25,9000,call,0.000318,0.0002,0.0005,78.98,,,,,1908.0,0.0,1910.43
2026-07-29 03:43:13,deribit,ETH,ETH-25SEP26-2700-C,2026-09-25,2700,call,0.006457,0.006,0.007,55.85,,,,,4422.0,0.0,1898.49
2026-07-29 03:43:13,deribit,ETH,ETH-25SEP26-11000-C,2026-09-25,11000,call,9e-06,,0.0002,110.93,,,,,2766.0,0.0,1898.47
2026-07-29 03:43:13,deribit,ETH,ETH-28AUG26-2100-P,2026-08-28,2100,put,0.130108,0.1245,0.132,50.96,,,,,467.0,0.0,1895.05
2026-07-29 03:43:13,deribit,ETH,ETH-25SEP26-10000-P,2026-09-25,10000,put,4.267381,4.065,4.4875,105.8,,,,,0.0,0.0,1898.49
2026-07-29 03:43:13,deribit,ETH,ETH-25DEC26-2200-C,2026-12-25,2200,call,0.084891,0.084,0.086,54.5,,,,,52962.0,1.0,1910.43
2026-07-29 03:43:13,deribit,ETH,ETH-30JUL26-1875-C,2026-07-30,1875,call,0.019381,0.017,0.0235,60.15,,,,,127.0,209.0,1894.38
2026-07-29 03:43:13,deribit,ETH,ETH-26MAR27-2100-P,2027-03-26,2100,put,0.236584,0.23,0.24,56.39,,,,,486.0,0.0,1928.5
2026-07-29 03:43:13,deribit,ETH,ETH-30JUL26-1800-P,2026-07-30,1800,put,0.001748,0.0016,0.002,69.38,,,,,580.0,24.0,1894.38
2026-07-29 03:43:13,deribit,ETH,ETH-1AUG26-1800-P,2026-08-01,1800,put,0.005418,0.005,0.006,60.58,,,,,2.0,2.0,1894.38
2026-07-29 03:43:13,deribit,ETH,ETH-31JUL26-1200-P,2026-07-31,1200,put,0.0,,0.0001,137.19,,,,,12695.0,1.0,1895.14
2026-07-29 03:43:13,deribit,ETH,ETH-31JUL26-3400-C,2026-07-31,3400,call,0.0,,0.0001,116.34,,,,,2541.0,0.0,1895.16
2026-07-29 03:43:13,deribit,ETH,ETH-31JUL26-1880-C,2026-07-31,1880,call,0.021851,0.021,0.0225,57.18,,,,,191.0,333.0,1895.14
2026-07-29 03:43:13,deribit,ETH,ETH-25JUN27-2500-C,2027-06-25,2500,call,0.127875,0.126,0.13,57.18,,,,,2980.0,0.0,1948.26
2026-07-29 03:43:13,deribit,ETH,ETH-25DEC26-4000-P,2026-12-25,4000,put,1.099654,1.0155,1.2015,60.45,,,,,223.0,0.0,1910.43
2026-07-29 03:43:13,deribit,ETH,ETH-25JUN27-800-P,2027-06-25,800,put,0.01829,0.0175,0.019,70.96,,,,,664.0,1.0,1948.26
2026-07-29 03:43:13,deribit,ETH,ETH-26MAR27-6000-P,2027-03-26,6000,put,2.11593,1.99,2.258,64.56,,,,,1.0,0.0,1928.5
2026-07-29 03:43:13,deribit,ETH,ETH-25SEP26-3100-P,2026-09-25,3100,put,0.635407,0.571,0.7095,60.95,,,,,0.0,0.0,1898.49
2026-07-29 03:43:13,deribit,ETH,ETH-25DEC26-1600-C,2026-12-25,1600,call,0.228861,0.2255,0.2345,56.79,,,,,621.0,0.0,1910.43
2026-07-29 03:43:13,deribit,ETH,ETH-26MAR27-3100-P,2027-03-26,3100,put,0.652984,0.6205,0.6685,56.97,,,,,99.0,0.0,1928.5
2026-07-29 03:43:13,deribit,ETH,ETH-31JUL26-3100-P,2026-07-31,3100,put,0.635711,0.5725,0.703,102.54,,,,,0.0,0.0,1895.14
2026-07-29 03:43:13,deribit,ETH,ETH-25JUN27-3400-P,2027-06-25,3400,put,0.802976,0.7435,0.9185,57.78,,,,,2.0,0.0,1948.26
2026-07-29 03:43:13,deribit,ETH,ETH-7AUG26-1900-P,2026-08-07,1900,put,0.03406,0.0335,0.035,51.73,,,,,1628.0,162.0,1895.12
2026-07-29 03:43:13,deribit,ETH,ETH-31JUL26-4200-C,2026-07-31,4200,call,0.0,,0.0001,118.7,,,,,1180.0,0.0,1895.16
2026-07-29 03:43:13,deribit,ETH,ETH-25SEP26-13000-P,2026-09-25,13000,put,5.847591,5.5845,6.1335,119.8,,,,,0.0,0.0,1898.49
2026-07-29 03:43:13,deribit,ETH,ETH-25DEC26-3800-P,2026-12-25,3800,put,0.996519,0.9155,1.0955,59.58,,,,,26.0,0.0,1910.43
2026-07-29 03:43:13,deribit,ETH,ETH-25JUN27-1200-P,2027-06-25,1200,put,0.05341,0.0525,0.0545,62.52,,,,,360.0,0.0,1948.26
2026-07-29 03:43:13,deribit,ETH,ETH-31JUL26-1700-C,2026-07-31,1700,call,0.1038,0.1015,0.1075,77.94,,,,,2781.0,5.0,1895.14
2026-07-29 03:43:13,deribit,ETH,ETH-25SEP26-1300-P,2026-09-25,1300,put,0.007006,0.0065,0.0075,65.32,,,,,1379.0,6.0,1898.47
2026-07-29 03:43:13,deribit,ETH,ETH-25SEP26-1400-C,2026-09-25,1400,call,0.273588,0.27,0.2795,61.81,,,,,285.0,0.0,1898.49
2026-07-29 03:43:13,deribit,ETH,ETH-28AUG26-1450-P,2026-08-28,1450,put,0.004965,0.0046,0.0055,63.28,,,,,7710.0,4052.0,1895.07
2026-07-29 03:43:13,deribit,ETH,ETH-28AUG26-3200-P,2026-08-28,3200,put,0.688987,0.6225,0.7605,70.67,,,,,3.0,0.0,1895.07
2026-07-29 03:43:13,deribit,ETH,ETH-1AUG26-1760-P,2026-08-01,1760,put,0.003019,0.0028,0.0033,64.24,,,,,0.0,0.0,1894.38
2026-07-29 03:43:13,deribit,ETH,ETH-31JUL26-2650-P,2026-07-31,2650,put,0.398269,0.3435,0.4555,94.36,,,,,52.0,0.0,1895.16
2026-07-29 03:43:13,deribit,ETH,ETH-26MAR27-5500-C,2027-03-26,5500,call,0.006179,0.0055,0.007,62.92,,,,,1943.0,0.0,1928.52
2026-07-29 03:43:13,deribit,ETH,ETH-25SEP26-3600-P,2026-09-25,3600,put,0.897274,0.88,0.909,67.02,,,,,569.0,0.0,1898.49
2026-07-29 03:43:13,deribit,ETH,ETH-25SEP26-1300-C,2026-09-25,1300,call,0.322248,0.314,0.344,65.32,,,,,69.0,0.0,1898.47
2026-07-29 03:43:13,deribit,ETH,ETH-1AUG26-1820-P,2026-08-01,1820,put,0.007181,0.0065,0.0075,58.71,,,,,6.0,6.0,1894.38
2026-07-29 03:43:13,deribit,ETH,ETH-25DEC26-1600-P,2026-12-25,1600,put,0.06636,0.0655,0.067,56.79,,,,,7409.0,2.0,1910.45
2026-07-29 03:43:13,deribit,ETH,ETH-29JUL26-2050-P,2026-07-29,2050,put,0.08213,0.041,0.1265,67.42,,,,,0.0,0.0,1894.38
2026-07-29 03:43:13,deribit,ETH,ETH-25DEC26-11000-C,2026-12-25,11000,call,0.000206,0.0001,0.0004,84.69,,,,,2143.0,0.0,1910.43
2026-07-29 03:43:13,deribit,ETH,ETH-25JUN27-1000-C,2027-06-25,1000,call,0.518934,0.5155,0.522,65.92,,,,,58.0,0.0,1948.26
2026-07-29 03:43:13,deribit,ETH,ETH-25JUN27-2300-P,2027-06-25,2300,put,0.335074,0.327,0.34,57.26,,,,,85.0,0.0,1948.26
2026-07-29 03:43:13,deribit,ETH,ETH-30JUL26-1950-P,2026-07-30,1950,put,0.03293,0.0245,0.0515,59.27,,,,,34.0,18.0,1894.38
2026-07-29 03:43:13,deribit,ETH,ETH-31JUL26-3100-C,2026-07-31,3100,call,0.0,,0.0001,102.54,,,,,2638.0,0.0,1895.16
2026-07-29 03:43:13,deribit,ETH,ETH-31JUL26-1875-P,2026-07-31,1875,put,0.012792,0.0125,0.0135,57.45,,,,,675.0,267.0,1895.14
2026-07-29 03:43:13,deribit,ETH,ETH-30JUL26-1975-C,2026-07-30,1975,call,0.002036,0.0019,0.0024,61.38,,,,,701.0,327.0,1894.38
2026-07-29 03:43:13,deribit,ETH,ETH-29JUL26-1850-P,2026-07-29,1850,put,0.000195,0.0001,0.0003,60.1,,,,,388.0,365.0,1894.38
2026-07-29 03:43:13,deribit,ETH,ETH-30JUL26-1880-P,2026-07-30,1880,put,0.009966,0.0095,0.0105,59.72,,,,,164.0,166.0,1894.38
2026-07-29 03:43:13,deribit,ETH,ETH-1AUG26-2050-C,2026-08-01,2050,call,0.001881,0.0018,0.0022,58.29,,,,,3.0,3.0,1894.38
2026-07-29 03:43:13,deribit,ETH,ETH-31JUL26-2550-P,2026-07-31,2550,put,0.345505,0.2935,0.401,88.0,,,,,108.0,0.0,1895.16
2026-07-29 03:43:13,deribit,ETH,ETH-28AUG26-1500-P,2026-08-28,1500,put,0.006601,0.006,0.007,60.99,,,,,4195.0,503.0,1895.07
2026-07-29 03:43:13,deribit,ETH,ETH-7AUG26-1900-C,2026-08-07,1900,call,0.031495,0.031,0.032,51.73,,,,,978.0,156.0,1895.12
2026-07-29 03:43:13,deribit,ETH,ETH-30JUL26-2025-P,2026-07-30,2025,put,0.069485,0.0285,0.1165,68.04,,,,,2.0,0.0,1894.38
2026-07-29 03:43:13,deribit,ETH,ETH-28AUG26-2100-C,2026-08-28,2100,call,0.021981,0.0215,0.0225,50.96,,,,,8595.0,4.0,1895.05
2026-07-29 03:43:13,deribit,ETH,ETH-25JUN27-3200-P,2027-06-25,3200,put,0.710873,0.6805,0.77,57.58,,,,,0.0,0.0,1948.26
2026-07-29 03:43:13,deribit,ETH,ETH-29JUL26-2000-C,2026-07-29,2000,call,0.0,,0.0001,65.45,,,,,1177.0,2491.0,1894.38
2026-07-29 03:43:13,deribit,ETH,ETH-25SEP26-9000-C,2026-09-25,9000,call,1e-05,,0.0004,100.09,,,,,1519.0,0.0,1898.49
2026-07-29 03:43:13,deribit,ETH,ETH-25JUN27-2100-C,2027-06-25,2100,call,0.18708,0.186,0.1885,57.44,,,,,8.0,0.0,1948.26
2026-07-29 03:43:13,deribit,ETH,ETH-26MAR27-3200-C,2027-03-26,3200,call,0.040849,0.04,0.042,57.13,,,,,1242.0,0.0,1928.5
2026-07-29 03:43:13,deribit,ETH,ETH-31JUL26-1800-C,2026-07-31,1800,call,0.053834,0.0525,0.0595,63.43,,,,,13256.0,3.0,1895.14
2026-07-29 03:43:13,deribit,ETH,ETH-25DEC26-3800-C,2026-12-25,3800,call,0.007458,0.007,0.008,59.58,,,,,2882.0,0.0,1910.43
2026-07-29 03:43:13,deribit,ETH,ETH-25SEP26-4800-C,2026-09-25,4800,call,0.000293,0.0002,0.0005,80.66,,,,,1980.0,0.0,1898.47
2026-07-29 03:43:13,deribit,ETH,ETH-26MAR27-2400-C,2027-03-26,2400,call,0.102813,0.1015,0.104,56.31,,,,,1772.0,0.0,1928.5
2026-07-29 03:43:13,deribit,ETH,ETH-26MAR27-4000-P,2027-03-26,4000,put,1.09263,1.0695,1.1705,58.89,,,,,0.0,0.0,1928.5
2026-07-29 03:43:13,deribit,ETH,ETH-31JUL26-1840-P,2026-07-31,1840,put,0.00712,0.0065,0.0075,59.51,,,,,0.0,0.0,1895.14
2026-07-29 03:43:13,deribit,ETH,ETH-28AUG26-1200-P,2026-08-28,1200,put,0.001041,0.0009,0.0012,74.92,,,,,7278.0,10.0,1895.05
2026-07-29 03:43:13,deribit,ETH,ETH-1AUG26-2020-P,2026-08-01,2020,put,0.068827,0.058,0.098,56.29,,,,,0.0,0.0,1894.38
2026-07-29 03:43:13,deribit,ETH,ETH-25SEP26-4000-C,2026-09-25,4000,call,0.00064,0.0006,0.0008,72.24,,,,,12124.0,0.0,1898.49
2026-07-29 03:43:13,deribit,ETH,ETH-29JUL26-1980-P,2026-07-29,1980,put,0.045184,0.0285,0.089,65.34,,,,,0.0,0.0,1894.38
2026-07-29 03:43:13,deribit,ETH,ETH-25SEP26-2100-C,2026-09-25,2100,call,0.043942,0.0435,0.0445,51.95,,,,,6169.0,772.0,1898.49
2026-07-29 03:43:13,deribit,ETH,ETH-25DEC26-2500-P,2026-12-25,2500,put,0.359019,0.348,0.3665,54.75,,,,,1075.0,90.0,1910.43
2026-07-29 03:43:13,deribit,ETH,ETH-31JUL26-2100-P,2026-07-31,2100,put,0.108607,0.103,0.111,68.27,,,,,862.0,1.0,1895.16
2026-07-29 03:43:13,deribit,ETH,ETH-26MAR27-4600-P,2027-03-26,4600,put,1.396437,1.311,1.4425,60.39,,,,,0.0,0.0,1928.5
2026-07-29 03:43:13,deribit,ETH,ETH-26MAR27-3700-P,2027-03-26,3700,put,0.943005,0.9215,1.0105,58.15,,,,,0.0,0.0,1928.5
2026-07-29 03:43:13,deribit,ETH,ETH-26MAR27-2200-P,2027-03-26,2200,put,0.271607,0.264,0.276,56.32,,,,,1707.0,21.0,1928.5
2026-07-29 03:43:13,deribit,ETH,ETH-25DEC26-1700-C,2026-12-25,1700,call,0.19606,0.195,0.1985,55.89,,,,,368.0,18.0,1910.43
2026-07-29 03:43:13,deribit,ETH,ETH-25SEP26-6000-C,2026-09-25,6000,call,0.000116,,0.0002,90.05,,,,,3183.0,0.0,1898.47
2026-07-29 03:43:13,deribit,ETH,ETH-28AUG26-1650-P,2026-08-28,1650,put,0.016014,0.0155,0.0165,55.75,,,,,6492.0,724.0,1895.05
2026-07-29 03:43:13,deribit,ETH,ETH-30JUL26-2060-C,2026-07-30,2060,call,0.000359,0.0003,0.0005,73.26,,,,,9.0,5.0,1894.38
2026-07-29 03:43:13,deribit,ETH,ETH-30JUL26-1925-C,2026-07-30,1925,call,0.006777,0.0065,0.0075,58.1,,,,,1008.0,147.0,1894.38
2026-07-29 03:43:13,deribit,ETH,ETH-25DEC26-3200-P,2026-12-25,3200,put,0.691428,0.673,0.704,56.93,,,,,251.0,5.0,1910.45
2026-07-29 03:43:13,deribit,ETH,ETH-25SEP26-5400-C,2026-09-25,5400,call,0.000182,0.0001,0.0003,85.84,,,,,1177.0,0.0,1898.49
2026-07-29 03:43:13,deribit,ETH,ETH-25DEC26-10000-C,2026-12-25,10000,call,0.000307,0.0002,0.0004,83.32,,,,,1675.0,0.0,1910.43
2026-07-29 03:43:13,deribit,ETH,ETH-1AUG26-1920-C,2026-08-01,1920,call,0.014288,0.0135,0.015,53.83,,,,,80.0,81.0,1894.38
2026-07-29 03:43:13,deribit,ETH,ETH-31JUL26-1950-C,2026-07-31,1950,call,0.006757,0.0065,0.0075,56.16,,,,,13188.0,994.0,1895.16
2026-07-29 03:43:13,deribit,ETH,ETH-31JUL26-1700-P,2026-07-31,1700,put,0.000803,0.0007,0.0009,77.94,,,,,11666.0,1418.0,1895.14
2026-07-29 03:43:13,deribit,ETH,ETH-28AUG26-3000-C,2026-08-28,3000,call,0.000694,0.0006,0.0008,67.06,,,,,1502.0,260.0,1895.07
2026-07-29 03:43:13,deribit,ETH,ETH-25JUN27-2800-C,2027-06-25,2800,call,0.097118,0.0955,0.099,57.27,,,,,21.0,0.0,1948.26
2026-07-29 03:43:13,deribit,ETH,ETH-25SEP26-4800-P,2026-09-25,4800,put,1.528632,1.4315,1.637,80.66,,,,,110.0,0.0,1898.49
2026-07-29 03:43:13,deribit,ETH,ETH-28AUG26-2150-C,2026-08-28,2150,call,0.01708,0.0165,0.0175,51.3,,,,,3704.0,20.0,1895.05
2026-07-29 03:43:13,deribit,ETH,ETH-25DEC26-5500-P,2026-12-25,5500,put,1.880502,1.769,2.0085,67.12,,,,,0.0,0.0,1910.43
2026-07-29 03:43:13,deribit,ETH,ETH-25SEP26-4200-C,2026-09-25,4200,call,0.000472,0.0005,0.0007,73.86,,,,,2467.0,0.0,1898.47
2026-07-29 03:43:13,deribit,ETH,ETH-28AUG26-2500-P,2026-08-28,2500,put,0.322516,0.27,0.3835,56.36,,,,,4.0,0.0,1895.05
2026-07-29 03:43:13,deribit,ETH,ETH-25JUN27-2800-P,2027-06-25,2800,put,0.534298,0.5235,0.5835,57.27,,,,,0.0,0.0,1948.26
2026-07-29 03:43:13,deribit,ETH,ETH-28AUG26-1850-P,2026-08-28,1850,put,0.047194,0.0465,0.048,51.5,,,,,1945.0,629.0,1895.07
2026-07-29 03:43:13,deribit,ETH,ETH-1AUG26-1860-C,2026-08-01,1860,call,0.03129,0.0285,0.0355,56.15,,,,,173.0,173.0,1894.38
2026-07-29 03:43:13,deribit,ETH,ETH-25JUN27-2600-C,2027-06-25,2600,call,0.116569,0.115,0.1185,57.2,,,,,37.0,0.0,1948.26
2026-07-29 03:43:13,deribit,ETH,ETH-29JUL26-2040-C,2026-07-29,2040,call,0.0,,0.0001,66.17,,,,,17.0,3.0,1894.38
2026-07-29 03:43:13,deribit,ETH,ETH-25JUN27-1300-P,2027-06-25,1300,put,0.0674,0.066,0.0685,61.32,,,,,1321.0,0.0,1948.26
2026-07-29 03:43:13,deribit,ETH,ETH-26MAR27-5500-P,2027-03-26,5500,put,1.858033,1.744,1.992,62.92,,,,,0.0,0.0,1928.5
2026-07-29 03:43:13,deribit,ETH,ETH-26MAR27-1400-C,2027-03-26,1400,call,0.336493,0.3325,0.3415,59.95,,,,,56.0,0.0,1928.5
2026-07-29 03:43:13,deribit,ETH,ETH-25JUN27-2400-P,2027-06-25,2400,put,0.372396,0.3645,0.413,57.21,,,,,2.0,0.0,1948.26
2026-07-29 03:43:13,deribit,ETH,ETH-31JUL26-2300-P,2026-07-31,2300,put,0.21361,0.2085,0.2185,80.46,,,,,2773.0,4.0,1895.16
2026-07-29 03:43:13,deribit,ETH,ETH-26MAR27-1600-P,2027-03-26,1600,put,0.09819,0.0975,0.099,58.11,,,,,1557.0,11.0,1928.5
2026-07-29 03:43:13,deribit,ETH,ETH-25JUN27-3800-C,2027-06-25,3800,call,0.04216,0.041,0.043,58.31,,,,,377.0,0.0,1948.26
2026-07-29 03:43:13,deribit,ETH,ETH-14AUG26-1600-C,2026-08-14,1600,call,0.161225,0.1525,0.1705,61.78,,,,,0.0,0.0,1895.33
2026-07-29 03:43:13,deribit,ETH,ETH-25DEC26-2500-C,2026-12-25,2500,call,0.050427,0.0495,0.0515,54.75,,,,,23322.0,286.0,1910.43
2026-07-29 03:43:13,deribit,ETH,ETH-31JUL26-2400-C,2026-07-31,2400,call,2e-06,,0.0001,84.1,,,,,9837.0,0.0,1895.14
2026-07-29 03:43:13,deribit,ETH,ETH-26MAR27-2400-P,2027-03-26,2400,put,0.347259,0.3375,0.353,56.31,,,,,357.0,0.0,1928.5
2026-07-29 03:43:13,deribit,ETH,ETH-28AUG26-2350-C,2026-08-28,2350,call,0.006369,0.006,0.007,53.67,,,,,3279.0,1750.0,1895.05
2026-07-29 03:43:13,deribit,ETH,ETH-1AUG26-1940-P,2026-08-01,1940,put,0.034259,0.0285,0.0395,53.82,,,,,0.0,0.0,1894.38
2026-07-29 03:43:13,deribit,ETH,ETH-28AUG26-1550-P,2026-08-28,1550,put,0.008914,0.0085,0.0095,59.11,,,,,4950.0,2.0,1895.07
2026-07-29 03:43:13,deribit,ETH,ETH-31JUL26-2350-P,2026-07-31,2350,put,0.239983,0.2345,0.2445,84.04,,,,,532.0,7.0,1895.14
2026-07-29 03:43:13,deribit,ETH,ETH-31JUL26-1900-P,2026-07-31,1900,put,0.018687,0.018,0.0195,56.36,,,,,5522.0,829.0,1895.16
2026-07-29 03:43:13,deribit,ETH,ETH-25DEC26-6000-P,2026-12-25,6000,put,2.141776,2.0205,2.2795,69.09,,,,,0.0,0.0,1910.43
2026-07-29 03:43:13,deribit,ETH,ETH-26MAR27-1700-C,2027-03-26,1700,call,0.238863,0.238,0.242,57.48,,,,,1337.0,0.0,1928.5
2026-07-29 03:43:13,deribit,ETH,ETH-31JUL26-2700-C,2026-07-31,2700,call,0.0,,0.0001,95.24,,,,,4865.0,0.0,1895.14
2026-07-29 03:43:13,deribit,ETH,ETH-25JUN27-1000-P,2027-06-25,1000,put,0.032212,0.0315,0.033,65.92,,,,,4448.0,3.0,1948.26
2026-07-29 03:43:13,deribit,ETH,ETH-31JUL26-1825-C,2026-07-31,1825,call,0.042576,0.0355,0.0495,60.94,,,,,1.0,1.0,1895.14
2026-07-29 03:43:13,deribit,ETH,ETH-7AUG26-1400-P,2026-08-07,1400,put,0.000415,0.0003,0.0006,83.07,,,,,2585.0,0.0,1895.12
2026-07-29 03:43:13,deribit,ETH,ETH-29JUL26-1960-P,2026-07-29,1960,put,0.034666,0.0036,0.078,65.04,,,,,0.0,0.0,1894.38
2026-07-29 03:43:13,deribit,ETH,ETH-25SEP26-2000-P,2026-09-25,2000,put,0.114174,0.112,0.115,51.94,,,,,12972.0,44.0,1898.47
2026-07-29 03:43:13,deribit,ETH,ETH-28AUG26-3800-P,2026-08-28,3800,put,1.005284,0.927,1.0885,79.3,,,,,0.0,0.0,1895.07
2026-07-29 03:43:13,deribit,ETH,ETH-14AUG26-1800-P,2026-08-14,1800,put,0.022832,0.022,0.0235,53.08,,,,,399.0,12.0,1895.33
2026-07-29 03:43:13,deribit,ETH,ETH-30JUL26-2020-C,2026-07-30,2020,call,0.000762,0.0007,0.0009,67.22,,,,,1.0,1.0,1894.38
2026-07-29 03:43:13,deribit,ETH,ETH-25DEC26-1400-P,2026-12-25,1400,put,0.037665,0.037,0.0385,59.57,,,,,14006.0,0.0,1910.43
2026-07-29 03:43:13,deribit,ETH,ETH-31JUL26-1975-P,2026-07-31,1975,put,0.046311,0.0375,0.0555,56.93,,,,,170.0,18.0,1895.14
2026-07-29 03:43:13,deribit,ETH,ETH-28AUG26-1900-C,2026-08-28,1900,call,0.057321,0.0565,0.058,51.07,,,,,5331.0,3868.0,1895.07
2026-07-29 03:43:13,deribit,ETH,ETH-28AUG26-2300-C,2026-08-28,2300,call,0.008095,0.0075,0.0085,52.96,,,,,3862.0,3.0,1895.05
2026-07-29 03:43:13,deribit,ETH,ETH-25SEP26-1800-P,2026-09-25,1800,put,0.058631,0.058,0.059,52.95,,,,,4493.0,152.0,1898.49
2026-07-29 03:43:13,deribit,ETH,ETH-25DEC26-9000-P,2026-12-25,9000,put,3.71125,3.5305,3.9115,78.98,,,,,0.0,0.0,1910.43
2026-07-29 03:43:13,deribit,ETH,ETH-25JUN27-3600-C,2027-06-25,3600,call,0.049193,0.048,0.0505,58.02,,,,,2.0,0.0,1948.26
2026-07-29 03:43:13,deribit,ETH,ETH-25JUN27-4000-P,2027-06-25,4000,put,1.08948,1.0475,1.1745,58.63,,,,,0.0,0.0,1948.26
2026-07-29 03:43:13,deribit,ETH,ETH-31JUL26-1825-P,2026-07-31,1825,put,0.005535,0.005,0.006,60.94,,,,,36.0,16.0,1895.14
2026-07-29 03:43:13,deribit,ETH,ETH-30JUL26-1850-P,2026-07-30,1850,put,0.00528,0.005,0.0055,62.63,,,,,461.0,251.0,1894.38
2026-07-29 03:43:13,deribit,ETH,ETH-25DEC26-4600-C,2026-12-25,4600,call,0.00329,0.003,0.0036,63.34,,,,,10279.0,5.0,1910.43
2026-07-29 03:43:13,deribit,ETH,ETH-25DEC26-10000-P,2026-12-25,10000,put,4.234676,4.0335,4.4565,83.32,,,,,0.0,0.0,1910.43
2026-07-29 03:43:13,deribit,ETH,ETH-1AUG26-2100-P,2026-08-01,2100,put,0.10904,0.066,0.1585,62.31,,,,,0.0,0.0,1894.38
2026-07-29 03:43:13,deribit,ETH,ETH-1AUG26-1600-P,2026-08-01,1600,put,0.000387,0.0003,0.0005,83.78,,,,,386.0,417.0,1894.38
2026-07-29 03:43:13,deribit,ETH,ETH-29JUL26-1880-C,2026-07-29,1880,call,0.009024,0.008,0.0095,47.33,,,,,218.0,268.0,1894.38
2026-07-29 03:43:13,deribit,ETH,ETH-26MAR27-3200-P,2027-03-26,3200,put,0.70011,0.6685,0.787,57.13,,,,,20.0,0.0,1928.5
2026-07-29 03:43:13,deribit,ETH,ETH-26MAR27-2600-C,2027-03-26,2600,call,0.080906,0.08,0.082,56.38,,,,,2569.0,7.0,1928.5
2026-07-29 03:43:13,deribit,ETH,ETH-25SEP26-2500-C,2026-09-25,2500,call,0.011462,0.011,0.0115,53.59,,,,,24786.0,1400.0,1898.47
2026-07-29 03:43:13,deribit,ETH,ETH-31JUL26-1920-C,2026-07-31,1920,call,0.011501,0.011,0.012,55.64,,,,,483.0,481.0,1895.14
2026-07-29 03:43:13,deribit,ETH,ETH-25JUN27-1700-C,2027-06-25,1700,call,0.275658,0.272,0.279,58.66,,,,,654.0,0.0,1948.26
2026-07-29 03:43:13,deribit,ETH,ETH-25SEP26-2600-P,2026-09-25,2600,put,0.378059,0.3675,0.385,54.7,,,,,8412.0,0.0,1898.49
2026-07-29 03:43:13,deribit,ETH,ETH-31JUL26-2400-P,2026-07-31,2400,put,0.26636,0.2175,0.319,84.1,,,,,93.0,7.0,1895.16
2026-07-29 03:43:13,deribit,ETH,ETH-31JUL26-1880-P,2026-07-31,1880,put,0.013831,0.0135,0.0145,57.18,,,,,125.0,126.0,1895.14
2026-07-29 03:43:13,deribit,ETH,ETH-31JUL26-1900-C,2026-07-31,1900,call,0.016154,0.0155,0.0165,56.36,,,,,14650.0,458.0,1895.14
2026-07-29 03:43:13,deribit,ETH,ETH-28AUG26-2300-P,2026-08-28,2300,put,0.221758,0.2075,0.2775,52.96,,,,,3.0,0.0,1895.07
2026-07-29 03:43:13,deribit,ETH,ETH-30JUL26-1840-P,2026-07-30,1840,put,0.004177,0.004,0.0044,63.43,,,,,208.0,205.0,1894.38
2026-07-29 03:43:13,deribit,ETH,ETH-29JUL26-1975-C,2026-07-29,1975,call,8e-06,,0.0001,65.27,,,,,962.0,671.0,1894.38
2026-07-29 03:43:13,deribit,ETH,ETH-29JUL26-1725-P,2026-07-29,1725,put,0.0,,0.0001,90.1,,,,,1015.0,110.0,1894.38
2026-07-29 03:43:13,deribit,ETH,ETH-25DEC26-8000-C,2026-12-25,8000,call,0.000388,0.0003,0.0007,75.09,,,,,2427.0,0.0,1910.45
2026-07-29 03:43:13,deribit,ETH,ETH-30JUL26-1600-P,2026-07-30,1600,put,5.6e-05,,0.0001,109.27,,,,,278.0,76.0,1894.38
2026-07-29 03:43:13,deribit,ETH,ETH-25JUN27-1600-P,2027-06-25,1600,put,0.124297,0.123,0.1255,59.09,,,,,1261.0,8.0,1948.26
2026-07-29 03:43:13,deribit,ETH,ETH-30JUL26-1900-P,2026-07-30,1900,put,0.014653,0.014,0.0155,58.14,,,,,378.0,280.0,1894.38
2026-07-29 03:43:13,deribit,ETH,ETH-31JUL26-2025-P,2026-07-31,2025,put,0.070139,0.058,0.111,60.03,,,,,0.0,0.0,1895.16
2026-07-29 03:43:13,deribit,ETH,ETH-1AUG26-1940-C,2026-08-01,1940,call,0.010597,0.01,0.011,53.82,,,,,8.0,8.0,1894.38
2026-07-29 03:43:13,deribit,ETH,ETH-25DEC26-3100-P,2026-12-25,3100,put,0.641724,0.6055,0.7175,56.55,,,,,0.0,0.0,1910.45
2026-07-29 03:43:13,deribit,ETH,ETH-25DEC26-6500-C,2026-12-25,6500,call,0.000804,0.0005,0.0011,70.39,,,,,1765.0,0.0,1910.45
2026-07-29 03:43:13,deribit,ETH,ETH-28AUG26-1000-P,2026-08-28,1000,put,0.000299,0.0002,0.0004,86.84,,,,,2928.0,2.0,1895.05
2026-07-29 03:43:13,deribit,ETH,ETH-31JUL26-1850-P,2026-07-31,1850,put,0.008439,0.008,0.009,58.76,,,,,7214.0,369.0,1895.14
2026-07-29 03:43:13,deribit,ETH,ETH-26MAR27-3800-C,2027-03-26,3800,call,0.022183,0.0215,0.023,58.34,,,,,1233.0,0.0,1928.5
2026-07-29 03:43:13,deribit,ETH,ETH-31JUL26-4400-C,2026-07-31,4400,call,0.0,,0.0001,118.7,,,,,988.0,0.0,1895.16
2026-07-29 03:43:13,deribit,ETH,ETH-25SEP26-1500-P,2026-09-25,1500,put,0.017061,0.0165,0.0175,58.64,,,,,12085.0,3.0,1898.49
2026-07-29 03:43:13,deribit,ETH,ETH-31JUL26-2050-P,2026-07-31,2050,put,0.082776,0.078,0.0855,62.49,,,,,687.0,1.0,1895.14
2026-07-29 03:43:13,deribit,ETH,ETH-31JUL26-1450-C,2026-07-31,1450,call,0.235059,0.2265,0.2505,135.2,,,,,1.0,0.0,1895.14
2026-07-29 03:43:13,deribit,ETH,ETH-25DEC26-2400-P,2026-12-25,2400,put,0.316226,0.3055,0.323,54.62,,,,,1716.0,0.0,1910.45
2026-07-29 03:43:13,deribit,ETH,ETH-14AUG26-1900-C,2026-08-14,1900,call,0.041784,0.041,0.0425,51.16,,,,,204.0,254.0,1895.33
2026-07-29 03:43:13,deribit,ETH,ETH-31JUL26-3800-P,2026-07-31,3800,put,1.005065,0.927,1.088,118.7,,,,,0.0,0.0,1895.14
2026-07-29 03:43:13,deribit,ETH,ETH-26MAR27-2300-P,2027-03-26,2300,put,0.308501,0.3,0.3135,56.28,,,,,1583.0,7.0,1928.5
2026-07-29 03:43:13,deribit,ETH,ETH-26MAR27-1700-P,2027-03-26,1700,put,0.120345,0.1195,0.121,57.48,,,,,1509.0,1.0,1928.5
2026-07-29 03:43:13,deribit,ETH,ETH-31JUL26-1650-C,2026-07-31,1650,call,0.129882,0.1275,0.1335,88.45,,,,,5847.0,2.0,1895.16
2026-07-29 03:43:13,deribit,ETH,ETH-25SEP26-12000-C,2026-09-25,12000,call,8e-06,,0.0002,115.57,,,,,1341.0,0.0,1898.49
2026-07-29 03:43:13,deribit,ETH,ETH-25JUN27-2900-P,2027-06-25,2900,put,0.577314,0.5655,0.621,57.34,,,,,3.0,0.0,1948.26
2026-07-29 03:43:13,deribit,ETH,ETH-28AUG26-1400-C,2026-08-28,1400,call,0.26489,0.2545,0.2865,65.35,,,,,100.0,0.0,1895.05
2026-07-29 03:43:13,deribit,ETH,ETH-28AUG26-2800-C,2026-08-28,2800,call,0.001197,0.0012,0.0014,62.84,,,,,4726.0,427.0,1895.07
2026-07-29 03:43:13,deribit,ETH,ETH-26MAR27-4200-P,2027-03-26,4200,put,1.193365,1.1335,1.2935,59.39,,,,,5.0,0.0,1928.5
2026-07-29 03:43:13,deribit,ETH,ETH-1AUG26-1720-C,2026-08-01,1720,call,0.094164,0.085,0.1045,68.72,,,,,0.0,0.0,1894.38
2026-07-29 03:43:13,deribit,ETH,ETH-31JUL26-1600-P,2026-07-31,1600,put,0.000353,0.0003,0.0004,99.92,,,,,14234.0,132.0,1895.16
2026-07-29 03:43:13,deribit,ETH,ETH-25SEP26-5800-C,2026-09-25,5800,call,0.000144,0.0001,0.0002,89.19,,,,,4884.0,0.0,1898.49
2026-07-29 03:43:13,deribit,ETH,ETH-25DEC26-1900-C,2026-12-25,1900,call,0.141528,0.141,0.1435,54.84,,,,,1696.0,500.0,1910.43
2026-07-29 03:43:13,deribit,ETH,ETH-1AUG26-2050-P,2026-08-01,2050,put,0.083586,0.072,0.1265,58.29,,,,,0.0,0.0,1894.38
2026-07-29 03:43:13,deribit,ETH,ETH-26MAR27-1000-P,2027-03-26,1000,put,0.021379,0.0205,0.022,67.3,,,,,7532.0,6.0,1928.5
2026-07-29 03:43:13,deribit,ETH,ETH-25JUN27-3500-P,2027-06-25,3500,put,0.849784,0.833,0.8675,57.9,,,,,302.0,0.0,1948.26
2026-07-29 03:43:13,deribit,ETH,ETH-30JUL26-2050-C,2026-07-30,2050,call,0.000444,0.0004,0.0006,72.11,,,,,95.0,33.0,1894.38
2026-07-29 03:43:13,deribit,ETH,ETH-29JUL26-1960-C,2026-07-29,1960,call,4.4e-05,,0.0002,65.04,,,,,14.0,10.0,1894.38
2026-07-29 03:43:13,deribit,ETH,ETH-31JUL26-2250-P,2026-07-31,2250,put,0.187264,0.1825,0.1925,79.82,,,,,706.0,0.0,1895.16
2026-07-29 03:43:13,deribit,ETH,ETH-7AUG26-1750-C,2026-08-07,1750,call,0.085424,0.078,0.108,56.56,,,,,105.0,50.0,1895.12
2026-07-29 03:43:13,deribit,ETH,ETH-28AUG26-1750-C,2026-08-28,1750,call,0.104721,0.102,0.1085,53.26,,,,,4254.0,0.0,1895.07
2026-07-29 03:43:13,deribit,ETH,ETH-25JUN27-3400-C,2027-06-25,3400,call,0.05783,0.0565,0.0595,57.78,,,,,144.0,0.0,1948.26
2026-07-29 03:43:13,deribit,ETH,ETH-1AUG26-2100-C,2026-08-01,2100,call,0.000953,0.0009,0.0012,62.31,,,,,2.0,2.0,1894.38
2026-07-29 03:43:13,deribit,ETH,ETH-26MAR27-2800-P,2027-03-26,2800,put,0.515866,0.502,0.567,56.57,,,,,12.0,0.0,1928.52
2026-07-29 03:43:13,deribit,ETH,ETH-30JUL26-2100-P,2026-07-30,2100,put,0.108546,0.0655,0.1565,78.61,,,,,0.0,0.0,1894.38
2026-07-29 03:43:13,deribit,ETH,ETH-25DEC26-2400-C,2026-12-25,2400,call,0.059978,0.059,0.061,54.62,,,,,11835.0,0.0,1910.43
2026-07-29 03:43:13,deribit,ETH,ETH-29JUL26-2200-P,2026-07-29,2200,put,0.16131,0.117,0.2095,81.29,,,,,0.0,0.0,1894.38
2026-07-29 03:43:13,deribit,ETH,ETH-25DEC26-1700-P,2026-12-25,1700,put,0.085902,0.085,0.087,55.89,,,,,12626.0,2668.0,1910.45
2026-07-29 03:43:13,deribit,ETH,ETH-25SEP26-8500-P,2026-09-25,8500,put,3.477278,3.3055,3.6645,97.73,,,,,0.0,0.0,1898.49
2026-07-29 03:43:13,deribit,ETH,ETH-1AUG26-1960-C,2026-08-01,1960,call,0.007732,0.007,0.0085,54.01,,,,,6.0,6.0,1894.38
2026-07-29 03:43:13,deribit,ETH,ETH-29JUL26-1925-P,2026-07-29,1925,put,0.016452,0.012,0.0205,47.96,,,,,676.0,60.0,1894.38
2026-07-29 03:43:13,deribit,ETH,ETH-31JUL26-4400-P,2026-07-31,4400,put,1.321655,1.231,1.416,118.7,,,,,0.0,0.0,1895.16
2026-07-29 03:43:13,deribit,ETH,ETH-1AUG26-1780-C,2026-08-01,1780,call,0.064782,0.0565,0.0735,62.22,,,,,0.0,0.0,1894.38
2026-07-29 03:43:13,deribit,ETH,ETH-30JUL26-1750-C,2026-07-30,1750,call,0.076976,0.0665,0.0905,78.05,,,,,0.0,0.0,1894.38
2026-07-29 03:43:13,deribit,ETH,ETH-1AUG26-1800-C,2026-08-01,1800,call,0.055629,0.0485,0.0645,60.58,,,,,0.0,0.0,1894.38
2026-07-29 03:43:13,deribit,ETH,ETH-29JUL26-2040-P,2026-07-29,2040,put,0.076851,0.036,0.121,66.17,,,,,0.0,0.0,1894.38
2026-07-29 03:43:13,deribit,ETH,ETH-31JUL26-1975-C,2026-07-31,1975,call,0.004205,0.0041,0.0046,56.93,,,,,1555.0,51.0,1895.14
2026-07-29 03:43:13,deribit,ETH,ETH-25SEP26-2400-C,2026-09-25,2400,call,0.016032,0.0155,0.0165,53.02,,,,,11967.0,0.0,1898.49
2026-07-29 03:43:13,deribit,ETH,ETH-26MAR27-2900-C,2027-03-26,2900,call,0.057056,0.056,0.058,56.69,,,,,1578.0,0.0,1928.52
2026-07-29 03:43:13,deribit,ETH,ETH-25DEC26-6000-C,2026-12-25,6000,call,0.001155,0.0009,0.0015,69.09,,,,,10375.0,0.0,1910.45
2026-07-29 03:43:13,deribit,ETH,ETH-31JUL26-1000-C,2026-07-31,1000,call,0.472351,0.4665,0.4785,137.19,,,,,86.0,0.0,1895.16
2026-07-29 03:43:13,deribit,ETH,ETH-25JUN27-2200-P,2027-06-25,2200,put,0.299115,0.292,0.3065,57.31,,,,,66.0,0.0,1948.26
2026-07-29 03:43:13,deribit,ETH,ETH-28AUG26-1650-C,2026-08-28,1650,call,0.145343,0.1415,0.1505,55.75,,,,,1609.0,0.0,1895.07
2026-07-29 03:43:13,deribit,ETH,ETH-31JUL26-2600-C,2026-07-31,2600,call,0.0,,0.0001,93.45,,,,,4371.0,0.0,1895.16
2026-07-29 03:43:13,deribit,ETH,ETH-28AUG26-1100-C,2026-08-28,1100,call,0.42011,0.4145,0.4335,80.56,,,,,50.0,0.0,1895.05
2026-07-29 03:43:13,deribit,ETH,ETH-1AUG26-1840-C,2026-08-01,1840,call,0.038686,0.035,0.043,57.26,,,,,50.0,50.0,1894.38
2026-07-29 03:43:13,deribit,ETH,ETH-29JUL26-1950-C,2026-07-29,1950,call,0.00011,0.0001,0.0002,64.15,,,,,1816.0,3508.0,1894.38
2026-07-29 03:43:13,deribit,ETH,ETH-25JUN27-800-C,2027-06-25,800,call,0.607667,0.6045,0.6105,70.96,,,,,114.0,0.0,1948.26
2026-07-29 03:43:13,deribit,ETH,ETH-31JUL26-1200-C,2026-07-31,1200,call,0.366822,0.3655,0.37,137.19,,,,,302.0,18.0,1895.16
2026-07-29 03:43:13,deribit,ETH,ETH-31JUL26-2800-C,2026-07-31,2800,call,0.0,,0.0001,97.13,,,,,6437.0,0.0,1895.14
