snapshot_utc,exchange,underlying,instrument,expiry,strike,type,mark_price,bid,ask,mark_iv,delta,gamma,vega,theta,open_interest,volume_24h,underlying_price
2026-07-28 03:39:18,deribit,BTC,BTC-28AUG26-59000-P,2026-08-28,59000,put,0.01815169,0.0175,0.0185,39.94,,,,,829.7,8.9,63479.32
2026-07-28 03:39:18,deribit,BTC,BTC-29JUL26-64000-C,2026-07-29,64000,call,0.00410721,0.004,0.0043,37.89,,,,,23.7,25.6,63272.07
2026-07-28 03:39:18,deribit,BTC,BTC-28JUL26-70000-C,2026-07-28,70000,call,0.0,,0.0001,46.07,,,,,10.4,0.0,63272.07
2026-07-28 03:39:18,deribit,BTC,BTC-26MAR27-106000-P,2027-03-26,106000,put,0.64466264,0.639,0.6525,41.73,,,,,0.0,0.0,65018.15
2026-07-28 03:39:18,deribit,BTC,BTC-28AUG26-105000-C,2026-08-28,105000,call,0.00021457,0.0001,0.0004,62.72,,,,,168.2,0.1,63479.32
2026-07-28 03:39:18,deribit,BTC,BTC-25SEP26-300000-P,2026-09-25,300000,put,3.71037963,3.5525,3.8815,84.97,,,,,0.0,0.0,63688.91
2026-07-28 03:39:18,deribit,BTC,BTC-28AUG26-48000-C,2026-08-28,48000,call,0.24629939,0.243,0.249,55.58,,,,,37.5,0.0,63479.32
2026-07-28 03:39:18,deribit,BTC,BTC-25DEC26-210000-P,2026-12-25,210000,put,2.26394841,2.154,2.3845,58.61,,,,,0.0,0.0,64342.16
2026-07-28 03:39:18,deribit,BTC,BTC-25SEP26-35000-P,2026-09-25,35000,put,0.00183228,0.0017,0.0019,74.11,,,,,887.4,7.9,63688.92
2026-07-28 03:39:18,deribit,BTC,BTC-25SEP26-64000-P,2026-09-25,64000,put,0.06230734,0.0615,0.063,37.19,,,,,561.8,43.4,63688.91
2026-07-28 03:39:18,deribit,BTC,BTC-25SEP26-135000-P,2026-09-25,135000,put,1.11985141,1.0485,1.199,63.67,,,,,11.5,0.0,63688.92
2026-07-28 03:39:18,deribit,BTC,BTC-28JUL26-67000-C,2026-07-28,67000,call,0.0,,0.0001,44.85,,,,,179.7,163.4,63272.07
2026-07-28 03:39:18,deribit,BTC,BTC-28AUG26-56000-P,2026-08-28,56000,put,0.00990646,0.0095,0.0105,43.05,,,,,815.4,18.2,63479.32
2026-07-28 03:39:18,deribit,BTC,BTC-25DEC26-80000-C,2026-12-25,80000,call,0.03065741,0.0305,0.031,39.64,,,,,8075.4,375.8,64342.22
2026-07-28 03:39:18,deribit,BTC,BTC-25DEC26-105000-P,2026-12-25,105000,put,0.63701597,0.629,0.6525,42.71,,,,,109.4,0.0,64342.22
2026-07-28 03:39:18,deribit,BTC,BTC-29JUL26-66500-P,2026-07-29,66500,put,0.05111864,0.0155,0.0895,42.24,,,,,0.0,0.0,63272.07
2026-07-28 03:39:18,deribit,BTC,BTC-25DEC26-200000-P,2026-12-25,200000,put,2.10859037,2.004,2.224,58.09,,,,,0.0,0.0,64342.16
2026-07-28 03:39:18,deribit,BTC,BTC-31JUL26-115000-C,2026-07-31,115000,call,0.0,,0.0001,72.75,,,,,182.3,0.0,63290.89
2026-07-28 03:39:18,deribit,BTC,BTC-28JUL26-67500-C,2026-07-28,67500,call,0.0,,0.0001,45.23,,,,,262.5,72.4,63272.07
2026-07-28 03:39:18,deribit,BTC,BTC-25DEC26-170000-P,2026-12-25,170000,put,1.64249061,1.553,1.7415,53.38,,,,,0.0,0.0,64342.22
2026-07-28 03:39:18,deribit,BTC,BTC-26MAR27-60000-C,2027-03-26,60000,call,0.17635295,0.1745,0.1775,43.3,,,,,719.3,0.0,65018.15
2026-07-28 03:39:18,deribit,BTC,BTC-28AUG26-63000-C,2026-08-28,63000,call,0.0462987,0.0455,0.047,36.53,,,,,839.4,2.0,63479.32
2026-07-28 03:39:18,deribit,BTC,BTC-28JUL26-73000-P,2026-07-28,73000,put,0.15372987,0.115,0.1955,49.25,,,,,0.0,0.0,63272.07
2026-07-28 03:39:18,deribit,BTC,BTC-7AUG26-68000-P,2026-08-07,68000,put,0.0771714,0.074,0.083,35.96,,,,,0.1,0.0,63341.15
2026-07-28 03:39:18,deribit,BTC,BTC-25DEC26-72000-C,2026-12-25,72000,call,0.05789316,0.057,0.0585,39.63,,,,,1121.4,0.0,64342.22
2026-07-28 03:39:18,deribit,BTC,BTC-25SEP26-78000-C,2026-09-25,78000,call,0.00589993,0.0055,0.006,36.01,,,,,4261.1,60.5,63688.91
2026-07-28 03:39:18,deribit,BTC,BTC-25DEC26-40000-P,2026-12-25,40000,put,0.01260457,0.0125,0.013,56.57,,,,,4080.9,23.9,64342.22
2026-07-28 03:39:18,deribit,BTC,BTC-25DEC26-135000-C,2026-12-25,135000,call,0.00126443,0.0011,0.0014,48.42,,,,,1086.8,7.3,64342.22
2026-07-28 03:39:18,deribit,BTC,BTC-31JUL26-65500-P,2026-07-31,65500,put,0.03861462,0.035,0.043,40.11,,,,,0.7,0.7,63290.89
2026-07-28 03:39:18,deribit,BTC,BTC-31JUL26-81000-C,2026-07-31,81000,call,8.5e-07,,0.0001,68.02,,,,,1462.6,0.0,63290.89
2026-07-28 03:39:18,deribit,BTC,BTC-7AUG26-64000-C,2026-08-07,64000,call,0.01963914,0.019,0.02,36.57,,,,,238.5,155.1,63341.11
2026-07-28 03:39:18,deribit,BTC,BTC-28AUG26-66000-P,2026-08-28,66000,put,0.06459899,0.0635,0.0665,35.15,,,,,240.2,3.8,63479.32
2026-07-28 03:39:18,deribit,BTC,BTC-30JUL26-71000-C,2026-07-30,71000,call,1.916e-05,,0.0002,50.53,,,,,90.9,61.6,63272.07
2026-07-28 03:39:18,deribit,BTC,BTC-31JUL26-77000-C,2026-07-31,77000,call,1.957e-05,,0.0001,68.02,,,,,2720.0,0.0,63290.83
2026-07-28 03:39:18,deribit,BTC,BTC-25DEC26-104000-P,2026-12-25,104000,put,0.62178449,0.6125,0.69,42.52,,,,,0.0,0.0,64342.22
2026-07-28 03:39:18,deribit,BTC,BTC-7AUG26-66000-P,2026-08-07,66000,put,0.05083912,0.048,0.0545,35.73,,,,,60.1,6.4,63341.11
2026-07-28 03:39:18,deribit,BTC,BTC-29JUL26-62500-C,2026-07-29,62500,call,0.01708704,0.0145,0.0185,43.22,,,,,0.0,0.0,63272.07
2026-07-28 03:39:18,deribit,BTC,BTC-30JUL26-59000-C,2026-07-30,59000,call,0.06865038,0.0635,0.0945,56.2,,,,,0.0,0.0,63272.07
2026-07-28 03:39:18,deribit,BTC,BTC-25JUN27-68000-P,2027-06-25,68000,put,0.18232912,0.181,0.184,42.82,,,,,7.7,1.0,65741.68
2026-07-28 03:39:18,deribit,BTC,BTC-25DEC26-85000-P,2026-12-25,85000,put,0.34138761,0.3355,0.3475,39.75,,,,,548.3,0.0,64342.22
2026-07-28 03:39:18,deribit,BTC,BTC-25DEC26-84000-P,2026-12-25,84000,put,0.32757449,0.3215,0.3325,39.71,,,,,47.0,0.0,64342.22
2026-07-28 03:39:18,deribit,BTC,BTC-29JUL26-58000-C,2026-07-29,58000,call,0.08349355,0.05,0.116,64.74,,,,,0.0,0.0,63272.07
2026-07-28 03:39:18,deribit,BTC,BTC-31JUL26-85000-C,2026-07-31,85000,call,3e-08,,0.0001,68.03,,,,,1276.2,0.0,63290.89
2026-07-28 03:39:18,deribit,BTC,BTC-25SEP26-84000-P,2026-09-25,84000,put,0.32171488,0.3165,0.328,38.97,,,,,34.7,0.0,63688.91
2026-07-28 03:39:18,deribit,BTC,BTC-26MAR27-180000-P,2027-03-26,180000,put,1.76977136,1.6755,1.877,50.07,,,,,0.0,0.0,65018.15
2026-07-28 03:39:18,deribit,BTC,BTC-28JUL26-73000-C,2026-07-28,73000,call,0.0,,0.0001,49.25,,,,,0.0,0.0,63272.07
2026-07-28 03:39:18,deribit,BTC,BTC-25JUN27-72000-C,2027-06-25,72000,call,0.12420055,0.123,0.125,42.33,,,,,13.8,0.0,65741.86
2026-07-28 03:39:18,deribit,BTC,BTC-14AUG26-68000-C,2026-08-14,68000,call,0.00758187,0.007,0.0075,35.09,,,,,301.5,41.0,63384.49
2026-07-28 03:39:18,deribit,BTC,BTC-29JUL26-66500-C,2026-07-29,66500,call,0.00017407,0.0001,0.0003,42.24,,,,,58.5,5.4,63272.07
2026-07-28 03:39:18,deribit,BTC,BTC-31JUL26-102000-P,2026-07-31,102000,put,0.61160151,0.602,0.634,68.13,,,,,0.1,0.0,63290.83
2026-07-28 03:39:18,deribit,BTC,BTC-31JUL26-92000-P,2026-07-31,92000,put,0.45360136,0.4455,0.476,68.12,,,,,0.4,0.0,63290.89
2026-07-28 03:39:18,deribit,BTC,BTC-28JUL26-66000-C,2026-07-28,66000,call,0.0,,0.0001,37.82,,,,,147.3,135.5,63272.07
2026-07-28 03:39:18,deribit,BTC,BTC-25JUN27-110000-P,2027-06-25,110000,put,0.69776102,0.6935,0.7045,42.24,,,,,0.2,0.0,65741.68
2026-07-28 03:39:18,deribit,BTC,BTC-25SEP26-150000-C,2026-09-25,150000,call,0.00012096,,0.0002,69.04,,,,,737.8,0.9,63688.92
2026-07-28 03:39:18,deribit,BTC,BTC-7AUG26-62000-P,2026-08-07,62000,put,0.01633473,0.016,0.017,38.75,,,,,406.4,46.9,63341.15
2026-07-28 03:39:18,deribit,BTC,BTC-25SEP26-165000-P,2026-09-25,165000,put,1.59076582,1.5035,1.686,71.52,,,,,0.0,0.0,63688.91
2026-07-28 03:39:18,deribit,BTC,BTC-25SEP26-60000-C,2026-09-25,60000,call,0.0942913,0.0935,0.0955,39.16,,,,,932.3,0.5,63688.91
2026-07-28 03:39:18,deribit,BTC,BTC-25SEP26-110000-P,2026-09-25,110000,put,0.72757229,0.7205,0.736,52.62,,,,,116.1,0.0,63688.91
2026-07-28 03:39:18,deribit,BTC,BTC-28JUL26-66000-P,2026-07-28,66000,put,0.04309824,0.0125,0.0805,37.82,,,,,12.0,12.0,63272.07
2026-07-28 03:39:18,deribit,BTC,BTC-28AUG26-66000-C,2026-08-28,66000,call,0.02489178,0.0245,0.0255,35.15,,,,,1232.4,170.1,63479.32
2026-07-28 03:39:18,deribit,BTC,BTC-25DEC26-130000-C,2026-12-25,130000,call,0.00149561,0.0013,0.0016,47.35,,,,,1564.1,53.9,64342.22
2026-07-28 03:39:18,deribit,BTC,BTC-14AUG26-64000-P,2026-08-14,64000,put,0.03652303,0.036,0.037,36.14,,,,,25.1,0.1,63384.49
2026-07-28 03:39:18,deribit,BTC,BTC-25SEP26-240000-C,2026-09-25,240000,call,6.5e-07,,0.0003,74.86,,,,,222.5,0.0,63688.91
2026-07-28 03:39:18,deribit,BTC,BTC-31JUL26-84000-P,2026-07-31,84000,put,0.3272013,0.3225,0.3345,68.02,,,,,30.2,0.0,63290.83
2026-07-28 03:39:18,deribit,BTC,BTC-26MAR27-92000-C,2027-03-26,92000,call,0.02980784,0.029,0.0305,40.81,,,,,117.2,0.0,65018.15
2026-07-28 03:39:18,deribit,BTC,BTC-25JUN27-58000-P,2027-06-25,58000,put,0.1069762,0.1055,0.1085,44.78,,,,,15.4,0.5,65741.86
2026-07-28 03:39:18,deribit,BTC,BTC-31JUL26-104000-P,2026-07-31,104000,put,0.64320154,0.634,0.665,68.13,,,,,0.0,0.0,63290.83
2026-07-28 03:39:18,deribit,BTC,BTC-26MAR27-96000-P,2027-03-26,96000,put,0.5003997,0.4955,0.5075,40.96,,,,,1.5,0.0,65018.15
2026-07-28 03:39:18,deribit,BTC,BTC-28AUG26-64000-P,2026-08-28,64000,put,0.04633449,0.0455,0.047,35.98,,,,,468.0,13.6,63479.32
2026-07-28 03:39:18,deribit,BTC,BTC-30JUL26-66000-C,2026-07-30,66000,call,0.00148782,0.0014,0.0016,41.69,,,,,13.9,7.3,63272.07
2026-07-28 03:39:18,deribit,BTC,BTC-25SEP26-115000-P,2026-09-25,115000,put,0.80597523,0.7985,0.817,54.7,,,,,90.3,0.0,63688.91
2026-07-28 03:39:18,deribit,BTC,BTC-25JUN27-74000-C,2027-06-25,74000,call,0.11368475,0.1125,0.1145,42.14,,,,,12.9,0.0,65741.68
2026-07-28 03:39:18,deribit,BTC,BTC-25JUN27-68000-C,2027-06-25,68000,call,0.14798683,0.1465,0.149,42.82,,,,,8.5,1.8,65741.68
2026-07-28 03:39:18,deribit,BTC,BTC-25SEP26-75000-C,2026-09-25,75000,call,0.00991617,0.0095,0.01,35.69,,,,,2999.5,112.6,63688.91
2026-07-28 03:39:18,deribit,BTC,BTC-31JUL26-105000-P,2026-07-31,105000,put,0.65900155,0.6495,0.685,68.13,,,,,1.1,0.0,63290.89
2026-07-28 03:39:18,deribit,BTC,BTC-28AUG26-83000-P,2026-08-28,83000,put,0.30840752,0.301,0.335,43.37,,,,,0.0,0.0,63479.32
2026-07-28 03:39:18,deribit,BTC,BTC-26MAR27-65000-P,2027-03-26,65000,put,0.13597778,0.135,0.137,42.19,,,,,663.1,0.1,65018.15
2026-07-28 03:39:18,deribit,BTC,BTC-14AUG26-58000-C,2026-08-14,58000,call,0.0928515,0.0885,0.096,42.54,,,,,0.0,0.0,63384.49
2026-07-28 03:39:18,deribit,BTC,BTC-31JUL26-66000-C,2026-07-31,66000,call,0.00253051,0.0024,0.0027,40.13,,,,,1828.0,568.7,63290.89
2026-07-28 03:39:18,deribit,BTC,BTC-25DEC26-210000-C,2026-12-25,210000,call,0.00015106,0.0001,0.0003,58.61,,,,,150.4,0.0,64342.22
2026-07-28 03:39:18,deribit,BTC,BTC-25DEC26-92000-C,2026-12-25,92000,call,0.01163762,0.011,0.012,40.25,,,,,250.0,3.7,64342.22
2026-07-28 03:39:18,deribit,BTC,BTC-25SEP26-240000-P,2026-09-25,240000,put,2.768304,2.642,2.9055,74.86,,,,,0.0,0.0,63688.91
2026-07-28 03:39:18,deribit,BTC,BTC-26MAR27-90000-C,2027-03-26,90000,call,0.03326653,0.0325,0.0335,40.72,,,,,506.7,0.7,65018.15
2026-07-28 03:39:18,deribit,BTC,BTC-14AUG26-67000-P,2026-08-14,67000,put,0.06768356,0.065,0.0715,35.08,,,,,0.0,0.0,63384.49
2026-07-28 03:39:18,deribit,BTC,BTC-25DEC26-86000-C,2026-12-25,86000,call,0.01867796,0.018,0.019,39.76,,,,,295.2,1.6,64342.22
2026-07-28 03:39:18,deribit,BTC,BTC-25SEP26-95000-P,2026-09-25,95000,put,0.49261813,0.487,0.5,44.65,,,,,147.6,0.0,63688.91
2026-07-28 03:39:18,deribit,BTC,BTC-29JUL26-61500-P,2026-07-29,61500,put,0.00188943,0.0018,0.0021,46.62,,,,,48.5,22.9,63272.07
2026-07-28 03:39:18,deribit,BTC,BTC-25JUN27-90000-P,2027-06-25,90000,put,0.42504471,0.422,0.429,41.61,,,,,0.3,0.0,65741.68
2026-07-28 03:39:18,deribit,BTC,BTC-31JUL26-50000-P,2026-07-31,50000,put,7.903e-05,,0.0001,93.14,,,,,3237.2,222.5,63290.89
2026-07-28 03:39:18,deribit,BTC,BTC-26MAR27-160000-P,2027-03-26,160000,put,1.46293248,1.3785,1.5605,47.82,,,,,0.0,0.0,65018.09
2026-07-28 03:39:18,deribit,BTC,BTC-25DEC26-74000-C,2026-12-25,74000,call,0.04935645,0.0485,0.05,39.52,,,,,98.3,0.1,64342.16
2026-07-28 03:39:18,deribit,BTC,BTC-31JUL26-63500-C,2026-07-31,63500,call,0.01373403,0.0135,0.014,41.09,,,,,9.0,9.1,63290.89
2026-07-28 03:39:18,deribit,BTC,BTC-31JUL26-73000-P,2026-07-31,73000,put,0.15356706,0.1495,0.1585,63.35,,,,,97.6,0.0,63290.89
2026-07-28 03:39:18,deribit,BTC,BTC-7AUG26-67000-P,2026-08-07,67000,put,0.06345422,0.0605,0.068,35.68,,,,,54.0,14.3,63341.15
2026-07-28 03:39:18,deribit,BTC,BTC-25SEP26-58000-P,2026-09-25,58000,put,0.02735556,0.027,0.0275,40.51,,,,,766.1,80.1,63688.91
2026-07-28 03:39:18,deribit,BTC,BTC-31JUL26-67500-C,2026-07-31,67500,call,0.00105097,0.0009,0.0012,43.88,,,,,12.5,12.6,63290.89
2026-07-28 03:39:18,deribit,BTC,BTC-25DEC26-54000-C,2026-12-25,54000,call,0.20383831,0.202,0.2055,44.61,,,,,33.0,0.0,64342.16
2026-07-28 03:39:18,deribit,BTC,BTC-25DEC26-200000-C,2026-12-25,200000,call,0.00021193,0.0001,0.0004,58.09,,,,,951.1,0.0,64342.16
2026-07-28 03:39:18,deribit,BTC,BTC-31JUL26-46000-P,2026-07-31,46000,put,6.07e-06,,0.0001,99.61,,,,,1658.6,0.0,63290.89
2026-07-28 03:39:18,deribit,BTC,BTC-31JUL26-61000-C,2026-07-31,61000,call,0.04105792,0.0395,0.0415,47.15,,,,,922.2,22.2,63290.89
2026-07-28 03:39:18,deribit,BTC,BTC-28JUL26-65500-C,2026-07-28,65500,call,2e-08,,0.0001,36.48,,,,,100.2,83.4,63272.07
2026-07-28 03:39:18,deribit,BTC,BTC-25SEP26-320000-C,2026-09-25,320000,call,2e-07,,0.0001,85.42,,,,,276.6,0.0,63688.91
2026-07-28 03:39:18,deribit,BTC,BTC-25JUN27-72000-P,2027-06-25,72000,put,0.21938651,0.2175,0.221,42.33,,,,,1.3,0.0,65741.68
2026-07-28 03:39:18,deribit,BTC,BTC-29JUL26-63000-C,2026-07-29,63000,call,0.01164896,0.011,0.012,41.08,,,,,0.6,0.6,63272.07
2026-07-28 03:39:18,deribit,BTC,BTC-25DEC26-45000-C,2026-12-25,45000,call,0.31979356,0.3175,0.3215,51.27,,,,,54.2,0.0,64342.22
2026-07-28 03:39:18,deribit,BTC,BTC-25JUN27-70000-C,2027-06-25,70000,call,0.13552863,0.134,0.1365,42.53,,,,,184.8,1.0,65741.86
2026-07-28 03:39:18,deribit,BTC,BTC-29JUL26-60000-C,2026-07-29,60000,call,0.05225985,0.0175,0.0855,53.45,,,,,0.0,0.0,63272.07
2026-07-28 03:39:18,deribit,BTC,BTC-25DEC26-68000-P,2026-12-25,68000,put,0.13637423,0.135,0.1375,40.22,,,,,357.0,8.0,64342.22
2026-07-28 03:39:18,deribit,BTC,BTC-31JUL26-87000-C,2026-07-31,87000,call,0.0,,0.0001,68.05,,,,,377.4,0.0,63290.83
2026-07-28 03:39:18,deribit,BTC,BTC-25DEC26-115000-P,2026-12-25,115000,put,0.790288,0.7805,0.8635,44.6,,,,,0.6,0.0,64342.22
2026-07-28 03:39:18,deribit,BTC,BTC-26MAR27-98000-P,2027-03-26,98000,put,0.5286083,0.5245,0.536,41.01,,,,,0.2,0.0,65018.15
2026-07-28 03:39:18,deribit,BTC,BTC-28AUG26-100000-P,2026-08-28,100000,put,0.57552894,0.566,0.599,57.37,,,,,0.1,0.0,63479.32
2026-07-28 03:39:18,deribit,BTC,BTC-31JUL26-94000-C,2026-07-31,94000,call,0.0,,0.0001,68.12,,,,,892.6,0.0,63290.89
2026-07-28 03:39:18,deribit,BTC,BTC-25JUN27-78000-P,2027-06-25,78000,put,0.28156984,0.2795,0.284,41.85,,,,,0.3,0.0,65741.86
2026-07-28 03:39:18,deribit,BTC,BTC-7AUG26-70000-C,2026-08-07,70000,call,0.00167672,0.0015,0.0018,38.16,,,,,6650.5,81.5,63341.11
2026-07-28 03:39:18,deribit,BTC,BTC-25SEP26-84000-C,2026-09-25,84000,call,0.0028087,0.0026,0.0029,38.97,,,,,1497.9,7.0,63688.92
2026-07-28 03:39:18,deribit,BTC,BTC-31JUL26-61000-P,2026-07-31,61000,put,0.00485882,0.0047,0.0049,47.15,,,,,1436.7,590.0,63290.89
2026-07-28 03:39:18,deribit,BTC,BTC-25DEC26-102000-P,2026-12-25,102000,put,0.59129207,0.583,0.66,42.01,,,,,7.7,0.0,64342.22
2026-07-28 03:39:18,deribit,BTC,BTC-25JUN27-120000-C,2027-06-25,120000,call,0.01703618,0.016,0.018,42.88,,,,,58.0,13.6,65741.86
2026-07-28 03:39:18,deribit,BTC,BTC-25SEP26-165000-C,2026-09-25,165000,call,5.726e-05,,0.0002,71.52,,,,,192.5,0.0,63688.91
2026-07-28 03:39:18,deribit,BTC,BTC-28AUG26-98000-P,2026-08-28,98000,put,0.54402858,0.5345,0.5685,55.28,,,,,0.0,0.0,63479.32
2026-07-28 03:39:18,deribit,BTC,BTC-29JUL26-58000-P,2026-07-29,58000,put,0.00010686,0.0001,0.0002,64.74,,,,,28.2,26.0,63272.07
2026-07-28 03:39:18,deribit,BTC,BTC-25SEP26-65000-P,2026-09-25,65000,put,0.07055696,0.07,0.0715,36.82,,,,,645.8,44.3,63688.91
2026-07-28 03:39:18,deribit,BTC,BTC-31JUL26-58000-C,2026-07-31,58000,call,0.08463238,0.082,0.087,56.55,,,,,257.2,0.0,63290.89
2026-07-28 03:39:18,deribit,BTC,BTC-26MAR27-170000-P,2027-03-26,170000,put,1.61628268,1.5275,1.718,48.94,,,,,0.1,0.0,65018.15
2026-07-28 03:39:18,deribit,BTC,BTC-14AUG26-80000-C,2026-08-14,80000,call,0.00049881,0.0004,0.0006,47.78,,,,,376.6,376.6,63384.49
2026-07-28 03:39:18,deribit,BTC,BTC-31JUL26-62000-C,2026-07-31,62000,call,0.02864742,0.027,0.0295,44.7,,,,,1452.3,2.4,63290.83
2026-07-28 03:39:18,deribit,BTC,BTC-25SEP26-160000-P,2026-09-25,160000,put,1.51228647,1.428,1.605,71.52,,,,,0.6,0.0,63688.91
2026-07-28 03:39:18,deribit,BTC,BTC-25SEP26-80000-P,2026-09-25,80000,put,0.26056717,0.2565,0.268,36.84,,,,,613.0,0.0,63688.91
2026-07-28 03:39:18,deribit,BTC,BTC-28JUL26-67000-P,2026-07-28,67000,put,0.05890276,0.0235,0.0975,44.85,,,,,0.0,0.0,63272.07
2026-07-28 03:39:18,deribit,BTC,BTC-25SEP26-180000-C,2026-09-25,180000,call,1.819e-05,,0.0002,71.52,,,,,748.1,0.0,63688.91
2026-07-28 03:39:18,deribit,BTC,BTC-26MAR27-90000-P,2027-03-26,90000,put,0.417489,0.413,0.4235,40.72,,,,,14.0,0.0,65018.09
2026-07-28 03:39:18,deribit,BTC,BTC-26MAR27-54000-P,2027-03-26,54000,put,0.06523928,0.064,0.066,45.25,,,,,58.7,0.0,65018.15
2026-07-28 03:39:18,deribit,BTC,BTC-28AUG26-90000-C,2026-08-28,90000,call,0.00054096,0.0004,0.0007,50.63,,,,,330.4,1.3,63479.32
2026-07-28 03:39:18,deribit,BTC,BTC-28JUL26-64000-P,2026-07-28,64000,put,0.01170249,0.0095,0.0155,33.79,,,,,385.5,357.0,63272.07
2026-07-28 03:39:18,deribit,BTC,BTC-30JUL26-65000-C,2026-07-30,65000,call,0.00356087,0.0034,0.0037,40.95,,,,,109.6,100.1,63272.07
2026-07-28 03:39:18,deribit,BTC,BTC-31JUL26-80000-C,2026-07-31,80000,call,1.93e-06,,0.0001,68.02,,,,,7014.4,0.0,63290.83
2026-07-28 03:39:18,deribit,BTC,BTC-26MAR27-60000-P,2027-03-26,60000,put,0.09916794,0.098,0.1,43.3,,,,,619.2,15.2,65018.15
2026-07-28 03:39:18,deribit,BTC,BTC-31JUL26-60000-C,2026-07-31,60000,call,0.05484886,0.0525,0.0565,49.96,,,,,1034.7,75.6,63290.89
2026-07-28 03:39:18,deribit,BTC,BTC-25DEC26-65000-C,2026-12-25,65000,call,0.09904849,0.0985,0.1,40.58,,,,,645.6,0.3,64342.22
2026-07-28 03:39:18,deribit,BTC,BTC-7AUG26-71000-C,2026-08-07,71000,call,0.00125034,0.0011,0.0014,39.9,,,,,1369.9,548.6,63341.15
2026-07-28 03:39:18,deribit,BTC,BTC-31JUL26-56000-C,2026-07-31,56000,call,0.11559184,0.1115,0.118,63.38,,,,,41.3,0.0,63290.89
2026-07-28 03:39:18,deribit,BTC,BTC-28AUG26-53000-C,2026-08-28,53000,call,0.17076765,0.1665,0.174,47.31,,,,,5.9,0.0,63479.32
2026-07-28 03:39:18,deribit,BTC,BTC-25DEC26-190000-C,2026-12-25,190000,call,0.00021559,0.0001,0.0004,55.88,,,,,990.6,0.2,64342.22
2026-07-28 03:39:18,deribit,BTC,BTC-25SEP26-105000-P,2026-09-25,105000,put,0.64917762,0.6425,0.6575,50.02,,,,,104.6,0.0,63688.92
2026-07-28 03:39:18,deribit,BTC,BTC-31JUL26-60000-P,2026-07-31,60000,put,0.00284974,0.0027,0.003,49.96,,,,,2737.2,232.0,63290.89
2026-07-28 03:39:18,deribit,BTC,BTC-25DEC26-230000-P,2026-12-25,230000,put,2.57477742,2.4545,2.707,62.24,,,,,0.0,0.0,64342.22
2026-07-28 03:39:18,deribit,BTC,BTC-25SEP26-72000-C,2026-09-25,72000,call,0.0165856,0.016,0.0165,35.62,,,,,2524.4,312.5,63688.91
2026-07-28 03:39:18,deribit,BTC,BTC-30JUL26-63500-P,2026-07-30,63500,put,0.01478792,0.0145,0.015,42.14,,,,,93.4,88.0,63272.07
2026-07-28 03:39:18,deribit,BTC,BTC-25SEP26-130000-P,2026-09-25,130000,put,1.04137775,0.973,1.118,61.78,,,,,21.4,0.0,63688.91
2026-07-28 03:39:18,deribit,BTC,BTC-25SEP26-70000-P,2026-09-25,70000,put,0.1220584,0.12,0.124,35.6,,,,,1528.5,52.1,63688.92
2026-07-28 03:39:18,deribit,BTC,BTC-26MAR27-150000-C,2027-03-26,150000,call,0.00280396,0.0026,0.0031,46.8,,,,,1898.7,1.5,65018.15
2026-07-28 03:39:18,deribit,BTC,BTC-25DEC26-45000-P,2026-12-25,45000,put,0.01917871,0.019,0.0195,51.27,,,,,2779.5,145.0,64342.22
2026-07-28 03:39:18,deribit,BTC,BTC-25JUN27-60000-C,2027-06-25,60000,call,0.20735945,0.2055,0.2085,44.29,,,,,943.0,0.0,65741.86
2026-07-28 03:39:18,deribit,BTC,BTC-31JUL26-55000-P,2026-07-31,55000,put,0.00028197,0.0002,0.0004,68.08,,,,,1217.4,195.3,63290.89
2026-07-28 03:39:18,deribit,BTC,BTC-29JUL26-68000-P,2026-07-29,68000,put,0.07466038,0.0385,0.114,42.47,,,,,0.0,0.0,63272.07
2026-07-28 03:39:18,deribit,BTC,BTC-28JUL26-72000-P,2026-07-28,72000,put,0.13792535,0.0995,0.179,49.25,,,,,0.0,0.0,63272.07
2026-07-28 03:39:18,deribit,BTC,BTC-29JUL26-61000-C,2026-07-29,61000,call,0.03717762,0.0325,0.0695,48.93,,,,,0.0,0.0,63272.07
2026-07-28 03:39:18,deribit,BTC,BTC-30JUL26-61000-C,2026-07-30,61000,call,0.03938036,0.0355,0.056,49.01,,,,,0.0,0.0,63272.07
2026-07-28 03:39:18,deribit,BTC,BTC-31JUL26-45000-C,2026-07-31,45000,call,0.28900165,0.2855,0.293,99.61,,,,,0.0,0.0,63290.83
2026-07-28 03:39:18,deribit,BTC,BTC-7AUG26-53000-C,2026-08-07,53000,call,0.16414276,0.1595,0.168,55.48,,,,,0.0,0.0,63341.15
2026-07-28 03:39:18,deribit,BTC,BTC-30JUL26-63500-C,2026-07-30,63500,call,0.01138727,0.011,0.012,42.14,,,,,7.2,7.2,63272.07
2026-07-28 03:39:18,deribit,BTC,BTC-25SEP26-220000-C,2026-09-25,220000,call,1.37e-06,,0.0002,72.81,,,,,232.5,0.0,63688.92
2026-07-28 03:39:18,deribit,BTC,BTC-26MAR27-106000-C,2027-03-26,106000,call,0.01435617,0.0135,0.015,41.73,,,,,46.6,0.0,65018.15
2026-07-28 03:39:18,deribit,BTC,BTC-28AUG26-80000-C,2026-08-28,80000,call,0.00128989,0.0011,0.0015,40.59,,,,,1888.2,22.9,63479.32
2026-07-28 03:39:18,deribit,BTC,BTC-25SEP26-100000-C,2026-09-25,100000,call,0.00075002,0.0006,0.0008,47.62,,,,,3606.2,47.2,63688.91
2026-07-28 03:39:18,deribit,BTC,BTC-26MAR27-98000-C,2027-03-26,98000,call,0.02134382,0.021,0.022,41.01,,,,,95.3,0.0,65018.15
2026-07-28 03:39:18,deribit,BTC,BTC-14AUG26-65000-P,2026-08-14,65000,put,0.0456581,0.045,0.0465,35.69,,,,,23.1,5.2,63384.49
2026-07-28 03:39:18,deribit,BTC,BTC-31JUL26-92000-C,2026-07-31,92000,call,0.0,,0.0001,68.12,,,,,444.7,0.0,63290.89
2026-07-28 03:39:18,deribit,BTC,BTC-25SEP26-60000-P,2026-09-25,60000,put,0.03636714,0.036,0.0365,39.16,,,,,4460.4,230.4,63688.92
2026-07-28 03:39:18,deribit,BTC,BTC-7AUG26-61000-P,2026-08-07,61000,put,0.01176746,0.0115,0.012,40.08,,,,,436.4,212.6,63341.15
2026-07-28 03:39:18,deribit,BTC,BTC-25DEC26-72000-P,2026-12-25,72000,put,0.1769094,0.175,0.1775,39.63,,,,,335.5,0.2,64342.16
2026-07-28 03:39:18,deribit,BTC,BTC-26MAR27-56000-C,2027-03-26,56000,call,0.21402616,0.2115,0.2155,44.51,,,,,16.9,0.0,65018.15
2026-07-28 03:39:18,deribit,BTC,BTC-28JUL26-60000-P,2026-07-28,60000,put,5e-08,,0.0001,57.9,,,,,45.3,0.0,63272.07
2026-07-28 03:39:18,deribit,BTC,BTC-28AUG26-62000-P,2026-08-28,62000,put,0.03231262,0.0315,0.033,37.3,,,,,801.8,23.3,63479.32
2026-07-28 03:39:18,deribit,BTC,BTC-30JUL26-65500-P,2026-07-30,65500,put,0.03730871,0.0325,0.042,41.16,,,,,2.9,4.0,63272.07
2026-07-28 03:39:18,deribit,BTC,BTC-25JUN27-55000-C,2027-06-25,55000,call,0.25254313,0.2505,0.254,45.55,,,,,0.2,0.0,65741.86
2026-07-28 03:39:18,deribit,BTC,BTC-31JUL26-83000-P,2026-07-31,83000,put,0.31140138,0.306,0.3185,68.02,,,,,29.5,0.0,63290.89
2026-07-28 03:39:18,deribit,BTC,BTC-29JUL26-61500-C,2026-07-29,61500,call,0.02996324,0.026,0.049,46.62,,,,,0.0,0.0,63272.07
2026-07-28 03:39:18,deribit,BTC,BTC-25DEC26-56000-C,2026-12-25,56000,call,0.18125899,0.1795,0.183,43.59,,,,,41.4,0.0,64342.22
2026-07-28 03:39:18,deribit,BTC,BTC-25SEP26-52000-P,2026-09-25,52000,put,0.01191015,0.0115,0.0125,46.42,,,,,1039.1,53.5,63688.92
2026-07-28 03:39:18,deribit,BTC,BTC-26MAR27-86000-P,2027-03-26,86000,put,0.36418872,0.361,0.3705,40.56,,,,,1.7,0.0,65018.15
2026-07-28 03:39:18,deribit,BTC,BTC-26MAR27-40000-P,2027-03-26,40000,put,0.02243208,0.022,0.023,53.61,,,,,1157.5,10.5,65018.15
2026-07-28 03:39:18,deribit,BTC,BTC-26MAR27-120000-C,2027-03-26,120000,call,0.00776114,0.007,0.0085,43.24,,,,,328.2,2.8,65018.15
2026-07-28 03:39:18,deribit,BTC,BTC-31JUL26-77000-P,2026-07-31,77000,put,0.21662071,0.2115,0.222,68.02,,,,,245.0,0.0,63290.89
2026-07-28 03:39:18,deribit,BTC,BTC-28JUL26-57000-P,2026-07-28,57000,put,0.0,,0.0001,67.32,,,,,4.3,0.0,63272.07
2026-07-28 03:39:18,deribit,BTC,BTC-25JUN27-140000-C,2027-06-25,140000,call,0.00926162,0.0085,0.01,44.62,,,,,207.3,150.8,65741.68
2026-07-28 03:39:18,deribit,BTC,BTC-30JUL26-69000-P,2026-07-30,69000,put,0.09049644,0.054,0.1315,50.36,,,,,0.0,0.0,63272.07
2026-07-28 03:39:18,deribit,BTC,BTC-25SEP26-190000-C,2026-09-25,190000,call,1.156e-05,,0.0002,72.81,,,,,772.5,0.0,63688.92
2026-07-28 03:39:18,deribit,BTC,BTC-7AUG26-62000-C,2026-08-07,62000,call,0.03751034,0.037,0.038,38.75,,,,,101.3,0.0,63341.15
2026-07-28 03:39:18,deribit,BTC,BTC-29JUL26-71000-P,2026-07-29,71000,put,0.12206114,0.0845,0.163,43.17,,,,,0.0,0.0,63272.07
2026-07-28 03:39:18,deribit,BTC,BTC-29JUL26-62000-P,2026-07-29,62000,put,0.00299889,0.0028,0.0032,44.58,,,,,29.4,25.0,63272.07
2026-07-28 03:39:18,deribit,BTC,BTC-26MAR27-56000-P,2027-03-26,56000,put,0.07532014,0.0745,0.0765,44.51,,,,,80.4,0.1,65018.15
2026-07-28 03:39:18,deribit,BTC,BTC-25JUN27-56000-C,2027-06-25,56000,call,0.24310535,0.241,0.244,45.31,,,,,1.9,0.1,65741.86
2026-07-28 03:39:18,deribit,BTC,BTC-25SEP26-64000-C,2026-09-25,64000,call,0.05742645,0.0565,0.058,37.19,,,,,330.6,43.8,63688.91
2026-07-28 03:39:18,deribit,BTC,BTC-28AUG26-40000-P,2026-08-28,40000,put,0.00076477,0.0006,0.0009,71.25,,,,,442.9,0.1,63479.32
2026-07-28 03:39:18,deribit,BTC,BTC-31JUL26-46000-C,2026-07-31,46000,call,0.27320539,0.269,0.277,99.61,,,,,0.0,0.0,63290.89
2026-07-28 03:39:18,deribit,BTC,BTC-31JUL26-57000-C,2026-07-31,57000,call,0.10002372,0.095,0.1065,59.81,,,,,3.7,0.0,63290.89
2026-07-28 03:39:18,deribit,BTC,BTC-31JUL26-94000-P,2026-07-31,94000,put,0.48520139,0.477,0.51,68.12,,,,,1.3,0.0,63290.89
2026-07-28 03:39:18,deribit,BTC,BTC-7AUG26-77000-C,2026-08-07,77000,call,0.00039906,0.0003,0.0005,51.86,,,,,1012.0,7.0,63341.15
2026-07-28 03:39:18,deribit,BTC,BTC-25SEP26-220000-P,2026-09-25,220000,put,2.45427945,2.338,2.58,72.81,,,,,1.8,0.0,63688.92
2026-07-28 03:39:18,deribit,BTC,BTC-25DEC26-50000-C,2026-12-25,50000,call,0.25279453,0.251,0.2545,47.1,,,,,260.8,0.0,64342.22
2026-07-28 03:39:18,deribit,BTC,BTC-7AUG26-75000-P,2026-08-07,75000,put,0.18455382,0.178,0.1995,47.2,,,,,0.1,0.1,63341.11
2026-07-28 03:39:18,deribit,BTC,BTC-25JUN27-84000-C,2027-06-25,84000,call,0.07277163,0.0715,0.0735,41.61,,,,,2.1,0.0,65741.68
2026-07-28 03:39:18,deribit,BTC,BTC-31JUL26-56000-P,2026-07-31,56000,put,0.00039267,0.0003,0.0005,63.38,,,,,2521.7,40.6,63290.89
2026-07-28 03:39:18,deribit,BTC,BTC-31JUL26-88000-C,2026-07-31,88000,call,0.0,,0.0001,68.05,,,,,588.7,0.0,63290.89
2026-07-28 03:39:18,deribit,BTC,BTC-25SEP26-40000-P,2026-09-25,40000,put,0.00298119,0.0029,0.003,64.48,,,,,2289.1,59.2,63688.91
2026-07-28 03:39:18,deribit,BTC,BTC-25SEP26-280000-P,2026-09-25,280000,put,3.39635436,3.249,3.556,81.51,,,,,0.0,0.0,63688.91
2026-07-28 03:39:18,deribit,BTC,BTC-30JUL26-62500-P,2026-07-30,62500,put,0.00835435,0.008,0.0085,44.6,,,,,41.4,49.7,63272.07
2026-07-28 03:39:18,deribit,BTC,BTC-28JUL26-68000-C,2026-07-28,68000,call,0.0,,0.0001,45.98,,,,,76.4,22.5,63272.07
2026-07-28 03:39:18,deribit,BTC,BTC-29JUL26-63000-P,2026-07-29,63000,put,0.00728066,0.007,0.0075,41.08,,,,,35.9,27.9,63272.07
2026-07-28 03:39:18,deribit,BTC,BTC-7AUG26-69000-P,2026-08-07,69000,put,0.09171361,0.088,0.097,36.74,,,,,0.0,0.0,63341.15
2026-07-28 03:39:18,deribit,BTC,BTC-25JUN27-88000-P,2027-06-25,88000,put,0.39965985,0.395,0.404,41.59,,,,,0.0,0.0,65741.86
2026-07-28 03:39:18,deribit,BTC,BTC-29JUL26-64500-P,2026-07-29,64500,put,0.02146772,0.018,0.0255,37.23,,,,,63.5,19.1,63272.07
2026-07-28 03:39:18,deribit,BTC,BTC-31JUL26-63000-P,2026-07-31,63000,put,0.01349464,0.013,0.014,42.22,,,,,957.3,90.8,63290.89
2026-07-28 03:39:18,deribit,BTC,BTC-31JUL26-110000-P,2026-07-31,110000,put,0.73800163,0.7325,0.7455,68.88,,,,,46.2,0.0,63290.89
2026-07-28 03:39:18,deribit,BTC,BTC-31JUL26-102000-C,2026-07-31,102000,call,0.0,,0.0001,68.13,,,,,460.8,0.0,63290.89
2026-07-28 03:39:18,deribit,BTC,BTC-31JUL26-96000-C,2026-07-31,96000,call,0.0,,0.0001,68.12,,,,,281.8,0.0,63290.89
2026-07-28 03:39:18,deribit,BTC,BTC-29JUL26-70000-C,2026-07-29,70000,call,1e-07,,0.0001,42.99,,,,,4.8,3.4,63272.07
2026-07-28 03:39:18,deribit,BTC,BTC-26MAR27-82000-P,2027-03-26,82000,put,0.31329815,0.311,0.318,40.54,,,,,3.8,0.0,65018.15
2026-07-28 03:39:18,deribit,BTC,BTC-25DEC26-64000-C,2026-12-25,64000,call,0.10652021,0.106,0.1075,40.8,,,,,392.8,1.6,64342.22
2026-07-28 03:39:18,deribit,BTC,BTC-26MAR27-95000-P,2027-03-26,95000,put,0.48643691,0.482,0.4935,40.95,,,,,0.6,0.0,65018.09
2026-07-28 03:39:18,deribit,BTC,BTC-31JUL26-110000-C,2026-07-31,110000,call,0.0,,0.0001,68.88,,,,,194.2,0.0,63290.83
2026-07-28 03:39:18,deribit,BTC,BTC-25DEC26-95000-C,2026-12-25,95000,call,0.00953514,0.009,0.01,40.84,,,,,1298.2,0.0,64342.22
2026-07-28 03:39:18,deribit,BTC,BTC-31JUL26-120000-P,2026-07-31,120000,put,0.89600177,0.8845,0.9235,77.21,,,,,3.5,0.0,63290.89
2026-07-28 03:39:18,deribit,BTC,BTC-25SEP26-95000-C,2026-09-25,95000,call,0.00099805,0.0009,0.0011,44.65,,,,,1866.4,2.2,63688.91
2026-07-28 03:39:18,deribit,BTC,BTC-7AUG26-64000-P,2026-08-07,64000,put,0.03003851,0.0295,0.0305,36.57,,,,,83.9,12.1,63341.11
2026-07-28 03:39:18,deribit,BTC,BTC-25SEP26-35000-C,2026-09-25,35000,call,0.45228804,0.451,0.454,74.11,,,,,29.3,0.0,63688.91
2026-07-28 03:39:18,deribit,BTC,BTC-25DEC26-240000-P,2026-12-25,240000,put,2.73015283,2.605,2.867,62.3,,,,,0.0,0.0,64342.22
2026-07-28 03:39:18,deribit,BTC,BTC-28AUG26-86000-P,2026-08-28,86000,put,0.35547878,0.348,0.3785,46.58,,,,,0.0,0.0,63479.32
2026-07-28 03:39:18,deribit,BTC,BTC-31JUL26-62500-C,2026-07-31,62500,call,0.02307159,0.0225,0.0235,43.38,,,,,0.1,0.1,63290.83
2026-07-28 03:39:18,deribit,BTC,BTC-25JUN27-105000-C,2027-06-25,105000,call,0.0298224,0.0285,0.031,41.97,,,,,47.1,0.0,65741.68
2026-07-28 03:39:18,deribit,BTC,BTC-31JUL26-65500-C,2026-07-31,65500,call,0.00371365,0.0035,0.0038,40.11,,,,,31.2,31.3,63290.89
2026-07-28 03:39:18,deribit,BTC,BTC-25DEC26-86000-P,2026-12-25,86000,put,0.35528068,0.35,0.4175,39.76,,,,,23.4,0.0,64342.22
2026-07-28 03:39:18,deribit,BTC,BTC-28AUG26-79000-C,2026-08-28,79000,call,0.00147426,0.0013,0.0016,39.65,,,,,352.7,0.0,63479.32
2026-07-28 03:39:18,deribit,BTC,BTC-25SEP26-200000-C,2026-09-25,200000,call,5.63e-06,,0.0002,72.81,,,,,1009.2,0.0,63688.91
2026-07-28 03:39:18,deribit,BTC,BTC-28AUG26-78000-P,2026-08-28,78000,put,0.23048635,0.2235,0.2505,38.89,,,,,4.1,0.0,63479.32
2026-07-28 03:39:18,deribit,BTC,BTC-26MAR27-150000-P,2027-03-26,150000,put,1.30984142,1.2305,1.403,46.8,,,,,0.5,0.0,65018.09
2026-07-28 03:39:18,deribit,BTC,BTC-25SEP26-45000-P,2026-09-25,45000,put,0.0051862,0.0049,0.0055,56.36,,,,,1950.2,12.8,63688.91
2026-07-28 03:39:18,deribit,BTC,BTC-26MAR27-110000-C,2027-03-26,110000,call,0.01179315,0.011,0.0125,42.04,,,,,522.5,1.1,65018.15
2026-07-28 03:39:18,deribit,BTC,BTC-25SEP26-145000-C,2026-09-25,145000,call,0.00017886,0.0001,0.0002,68.89,,,,,495.0,0.0,63688.92
2026-07-28 03:39:18,deribit,BTC,BTC-28JUL26-58000-P,2026-07-28,58000,put,0.0,,0.0001,61.49,,,,,25.1,0.0,63272.07
2026-07-28 03:39:18,deribit,BTC,BTC-26MAR27-125000-C,2027-03-26,125000,call,0.00647372,0.006,0.007,43.94,,,,,121.7,1.0,65018.15
2026-07-28 03:39:18,deribit,BTC,BTC-25DEC26-150000-P,2026-12-25,150000,put,1.3319796,1.2535,1.4205,50.57,,,,,2.0,0.0,64342.16
2026-07-28 03:39:18,deribit,BTC,BTC-25JUN27-120000-P,2027-06-25,120000,put,0.84234611,0.8375,0.8495,42.88,,,,,0.0,0.0,65741.86
2026-07-28 03:39:18,deribit,BTC,BTC-25SEP26-160000-C,2026-09-25,160000,call,8.424e-05,,0.0003,71.52,,,,,1444.3,0.0,63688.91
2026-07-28 03:39:18,deribit,BTC,BTC-25JUN27-64000-P,2027-06-25,64000,put,0.14925743,0.148,0.1505,43.49,,,,,14.0,0.3,65741.68
2026-07-28 03:39:18,deribit,BTC,BTC-25JUN27-95000-C,2027-06-25,95000,call,0.04509833,0.044,0.046,41.64,,,,,10.8,0.2,65741.86
2026-07-28 03:39:18,deribit,BTC,BTC-25DEC26-98000-C,2026-12-25,98000,call,0.00759634,0.007,0.008,41.11,,,,,206.6,6.7,64342.16
2026-07-28 03:39:18,deribit,BTC,BTC-31JUL26-93000-P,2026-07-31,93000,put,0.46940138,0.4605,0.487,68.12,,,,,0.5,0.0,63290.89
2026-07-28 03:39:18,deribit,BTC,BTC-25DEC26-108000-P,2026-12-25,108000,put,0.68273623,0.6735,0.753,43.1,,,,,0.0,0.0,64342.16
2026-07-28 03:39:18,deribit,BTC,BTC-25JUN27-74000-P,2027-06-25,74000,put,0.23929254,0.2375,0.241,42.14,,,,,0.1,0.0,65741.68
2026-07-28 03:39:18,deribit,BTC,BTC-28AUG26-94000-P,2026-08-28,94000,put,0.48119051,0.472,0.505,53.94,,,,,0.0,0.0,63479.38
2026-07-28 03:39:18,deribit,BTC,BTC-25SEP26-86000-C,2026-09-25,86000,call,0.00221809,0.002,0.0024,39.87,,,,,664.7,0.1,63688.92
2026-07-28 03:39:18,deribit,BTC,BTC-25DEC26-115000-C,2026-12-25,115000,call,0.0029704,0.0027,0.0032,44.6,,,,,2340.5,2.1,64342.22
2026-07-28 03:39:18,deribit,BTC,BTC-31JUL26-64000-P,2026-07-31,64000,put,0.02139005,0.021,0.022,40.41,,,,,860.4,63.8,63290.89
2026-07-28 03:39:18,deribit,BTC,BTC-31JUL26-93000-C,2026-07-31,93000,call,0.0,,0.0001,68.12,,,,,106.6,0.0,63290.89
2026-07-28 03:39:18,deribit,BTC,BTC-26MAR27-140000-P,2027-03-26,140000,put,1.15703804,1.0825,1.246,45.65,,,,,0.0,0.0,65018.15
2026-07-28 03:39:18,deribit,BTC,BTC-25DEC26-80000-P,2026-12-25,80000,put,0.27400878,0.268,0.278,39.64,,,,,952.0,0.0,64342.22
2026-07-28 03:39:18,deribit,BTC,BTC-25SEP26-56000-P,2026-09-25,56000,put,0.02073804,0.02,0.021,42.32,,,,,1088.4,65.3,63688.91
2026-07-28 03:39:18,deribit,BTC,BTC-28AUG26-50000-P,2026-08-28,50000,put,0.00330849,0.0032,0.0035,51.85,,,,,1318.3,8.6,63479.32
2026-07-28 03:39:18,deribit,BTC,BTC-7AUG26-55000-P,2026-08-07,55000,put,0.00157339,0.0015,0.0017,50.79,,,,,131.8,7.2,63341.15
2026-07-28 03:39:18,deribit,BTC,BTC-31JUL26-59000-C,2026-07-31,59000,call,0.06954653,0.0655,0.072,53.51,,,,,196.9,0.1,63290.89
2026-07-28 03:39:18,deribit,BTC,BTC-26MAR27-70000-P,2027-03-26,70000,put,0.18028398,0.179,0.1825,41.38,,,,,211.8,0.0,65018.09
2026-07-28 03:39:18,deribit,BTC,BTC-25JUN27-86000-C,2027-06-25,86000,call,0.06663638,0.0655,0.0675,41.58,,,,,1.6,0.0,65741.86
2026-07-28 03:39:18,deribit,BTC,BTC-30JUL26-65000-P,2026-07-30,65000,put,0.03066391,0.0265,0.0345,40.95,,,,,22.3,22.7,63272.07
2026-07-28 03:39:18,deribit,BTC,BTC-31JUL26-86000-P,2026-07-31,86000,put,0.35880128,0.3515,0.3755,68.04,,,,,15.2,0.0,63290.89
2026-07-28 03:39:18,deribit,BTC,BTC-26MAR27-64000-C,2027-03-26,64000,call,0.14371195,0.1425,0.1445,42.4,,,,,85.4,0.0,65018.15
2026-07-28 03:39:18,deribit,BTC,BTC-25DEC26-82000-P,2026-12-25,82000,put,0.30040064,0.2955,0.305,39.64,,,,,158.7,0.0,64342.16
2026-07-28 03:39:18,deribit,BTC,BTC-28AUG26-78000-C,2026-08-28,78000,call,0.00174147,0.0016,0.0019,38.89,,,,,1095.7,2.0,63479.32
2026-07-28 03:39:18,deribit,BTC,BTC-25DEC26-90000-P,2026-12-25,90000,put,0.41231204,0.4065,0.4185,40.03,,,,,590.5,0.0,64342.16
2026-07-28 03:39:18,deribit,BTC,BTC-31JUL26-95000-C,2026-07-31,95000,call,0.0,,0.0001,68.12,,,,,135.8,0.0,63290.89
2026-07-28 03:39:18,deribit,BTC,BTC-28AUG26-92000-C,2026-08-28,92000,call,0.00048652,0.0004,0.0006,52.66,,,,,59.4,3.1,63479.32
2026-07-28 03:39:18,deribit,BTC,BTC-26MAR27-50000-C,2027-03-26,50000,call,0.27935504,0.277,0.2815,46.99,,,,,20.5,0.0,65018.15
2026-07-28 03:39:18,deribit,BTC,BTC-31JUL26-78000-P,2026-07-31,78000,put,0.23241044,0.228,0.239,68.02,,,,,444.4,0.0,63290.89
2026-07-28 03:39:18,deribit,BTC,BTC-28AUG26-79000-P,2026-08-28,79000,put,0.24597228,0.239,0.255,39.65,,,,,0.3,0.0,63479.32
2026-07-28 03:39:18,deribit,BTC,BTC-25JUN27-140000-P,2027-06-25,140000,put,1.13878988,1.061,1.2335,44.62,,,,,0.0,0.0,65741.68
2026-07-28 03:39:18,deribit,BTC,BTC-7AUG26-72000-C,2026-08-07,72000,call,0.00092868,0.0008,0.001,41.47,,,,,5594.0,13.1,63341.11
2026-07-28 03:39:18,deribit,BTC,BTC-25DEC26-180000-P,2026-12-25,180000,put,1.7977934,1.704,1.902,54.19,,,,,0.0,0.0,64342.16
2026-07-28 03:39:18,deribit,BTC,BTC-28AUG26-88000-P,2026-08-28,88000,put,0.38691225,0.3785,0.4065,48.84,,,,,0.0,0.0,63479.32
2026-07-28 03:39:18,deribit,BTC,BTC-31JUL26-98000-P,2026-07-31,98000,put,0.54840145,0.5395,0.5775,68.12,,,,,0.1,0.0,63290.89
2026-07-28 03:39:18,deribit,BTC,BTC-28JUL26-62500-P,2026-07-28,62500,put,0.00038674,0.0003,0.0005,41.33,,,,,215.4,50.7,63272.07
2026-07-28 03:39:18,deribit,BTC,BTC-28AUG26-96000-P,2026-08-28,96000,put,0.51263052,0.504,0.541,55.28,,,,,0.1,0.0,63479.32
2026-07-28 03:39:18,deribit,BTC,BTC-28AUG26-86000-C,2026-08-28,86000,call,0.00070878,0.0006,0.0008,46.58,,,,,165.7,0.6,63479.32
2026-07-28 03:39:18,deribit,BTC,BTC-25JUN27-76000-C,2027-06-25,76000,call,0.10395311,0.1025,0.105,41.97,,,,,13.7,0.1,65741.86
2026-07-28 03:39:18,deribit,BTC,BTC-28JUL26-63500-P,2026-07-28,63500,put,0.00517663,0.005,0.006,34.29,,,,,54.8,67.9,63272.07
2026-07-28 03:39:18,deribit,BTC,BTC-31JUL26-75000-P,2026-07-31,75000,put,0.18508105,0.1815,0.19,68.02,,,,,225.3,0.1,63290.89
2026-07-28 03:39:18,deribit,BTC,BTC-25DEC26-35000-P,2026-12-25,35000,put,0.00844792,0.008,0.0085,62.95,,,,,2309.6,101.7,64342.22
2026-07-28 03:39:18,deribit,BTC,BTC-7AUG26-71000-P,2026-08-07,71000,put,0.12216215,0.116,0.133,39.9,,,,,0.0,0.0,63341.15
2026-07-28 03:39:18,deribit,BTC,BTC-25SEP26-150000-P,2026-09-25,150000,put,1.35531056,1.2765,1.443,69.04,,,,,0.7,0.0,63688.91
2026-07-28 03:39:18,deribit,BTC,BTC-28AUG26-57000-C,2026-08-28,57000,call,0.11405046,0.11,0.117,41.75,,,,,26.5,0.0,63479.32
2026-07-28 03:39:18,deribit,BTC,BTC-26MAR27-50000-P,2027-03-26,50000,put,0.04836753,0.0475,0.0495,46.99,,,,,2023.5,0.2,65018.15
2026-07-28 03:39:18,deribit,BTC,BTC-29JUL26-64000-P,2026-07-29,64000,put,0.0155426,0.0135,0.019,37.89,,,,,43.1,26.2,63272.07
2026-07-28 03:39:18,deribit,BTC,BTC-26MAR27-190000-C,2027-03-26,190000,call,0.00107645,0.0009,0.0014,51.07,,,,,881.1,0.0,65018.15
2026-07-28 03:39:18,deribit,BTC,BTC-31JUL26-76000-P,2026-07-31,76000,put,0.20084123,0.1975,0.206,68.02,,,,,432.1,3.0,63290.83
2026-07-28 03:39:18,deribit,BTC,BTC-25DEC26-110000-C,2026-12-25,110000,call,0.00377768,0.0035,0.004,43.49,,,,,2640.3,3.1,64342.22
2026-07-28 03:39:18,deribit,BTC,BTC-28JUL26-71000-C,2026-07-28,71000,call,0.0,,0.0001,47.33,,,,,0.1,0.0,63272.07
2026-07-28 03:39:18,deribit,BTC,BTC-28AUG26-48000-P,2026-08-28,48000,put,0.00245009,0.0023,0.0026,55.58,,,,,843.5,3.1,63479.38
2026-07-28 03:39:18,deribit,BTC,BTC-31JUL26-104000-C,2026-07-31,104000,call,0.0,,0.0001,68.13,,,,,511.1,0.0,63290.89
2026-07-28 03:39:18,deribit,BTC,BTC-25SEP26-88000-P,2026-09-25,88000,put,0.38353612,0.3755,0.4075,40.96,,,,,4.8,0.0,63688.92
2026-07-28 03:39:18,deribit,BTC,BTC-30JUL26-60000-P,2026-07-30,60000,put,0.0017326,0.0016,0.0019,52.37,,,,,36.3,31.4,63272.07
2026-07-28 03:39:18,deribit,BTC,BTC-29JUL26-59000-C,2026-07-29,59000,call,0.0678081,0.0335,0.101,59.26,,,,,0.0,0.0,63272.07
2026-07-28 03:39:18,deribit,BTC,BTC-14AUG26-60000-C,2026-08-14,60000,call,0.06679127,0.0645,0.0695,39.85,,,,,0.0,0.0,63384.49
2026-07-28 03:39:18,deribit,BTC,BTC-31JUL26-63500-P,2026-07-31,63500,put,0.01703497,0.0165,0.0175,41.09,,,,,57.6,72.2,63290.83
2026-07-28 03:39:18,deribit,BTC,BTC-26MAR27-76000-P,2027-03-26,76000,put,0.24269644,0.241,0.2475,40.82,,,,,19.2,0.0,65018.15
2026-07-28 03:39:18,deribit,BTC,BTC-25SEP26-76000-C,2026-09-25,76000,call,0.00833435,0.008,0.0085,35.77,,,,,2277.1,38.1,63688.92
2026-07-28 03:39:18,deribit,BTC,BTC-29JUL26-59000-P,2026-07-29,59000,put,0.0002251,0.0002,0.0003,59.26,,,,,35.2,18.5,63272.07
2026-07-28 03:39:18,deribit,BTC,BTC-30JUL26-57000-C,2026-07-30,57000,call,0.0995861,0.0665,0.132,63.49,,,,,0.0,0.0,63272.07
2026-07-28 03:39:18,deribit,BTC,BTC-25SEP26-110000-C,2026-09-25,110000,call,0.00043325,0.0004,0.0005,52.62,,,,,1301.1,21.1,63688.91
2026-07-28 03:39:18,deribit,BTC,BTC-25DEC26-82000-C,2026-12-25,82000,call,0.02596549,0.025,0.026,39.64,,,,,479.6,7.6,64342.16
2026-07-28 03:39:18,deribit,BTC,BTC-25SEP26-55000-P,2026-09-25,55000,put,0.01788658,0.0175,0.0185,43.14,,,,,3215.3,26.4,63688.91
2026-07-28 03:39:18,deribit,BTC,BTC-25DEC26-130000-P,2026-12-25,130000,put,1.02194159,0.953,1.1015,47.35,,,,,52.1,0.0,64342.22
2026-07-28 03:39:18,deribit,BTC,BTC-25DEC26-106000-C,2026-12-25,106000,call,0.00471416,0.0044,0.0049,42.71,,,,,319.0,35.3,64342.16
2026-07-28 03:39:18,deribit,BTC,BTC-7AUG26-60000-C,2026-08-07,60000,call,0.06109795,0.059,0.062,41.46,,,,,4.0,4.0,63341.15
2026-07-28 03:39:18,deribit,BTC,BTC-25DEC26-30000-C,2026-12-25,30000,call,0.53921021,0.538,0.54,69.89,,,,,289.3,0.0,64342.22
2026-07-28 03:39:18,deribit,BTC,BTC-25DEC26-180000-C,2026-12-25,180000,call,0.00025281,0.0002,0.0005,54.19,,,,,923.8,0.2,64342.22
2026-07-28 03:39:18,deribit,BTC,BTC-31JUL26-68000-P,2026-07-31,68000,put,0.0752137,0.071,0.081,45.36,,,,,400.8,25.2,63290.89
2026-07-28 03:39:18,deribit,BTC,BTC-25SEP26-74000-P,2026-09-25,74000,put,0.17369003,0.169,0.1795,35.65,,,,,110.7,0.0,63688.92
2026-07-28 03:39:18,deribit,BTC,BTC-25DEC26-106000-P,2026-12-25,106000,put,0.65215473,0.643,0.7215,42.71,,,,,0.1,0.0,64342.16
2026-07-28 03:39:18,deribit,BTC,BTC-28AUG26-84000-P,2026-08-28,84000,put,0.32411551,0.3165,0.344,44.65,,,,,0.7,0.0,63479.32
2026-07-28 03:39:18,deribit,BTC,BTC-26MAR27-88000-P,2027-03-26,88000,put,0.39063152,0.387,0.396,40.65,,,,,4.4,0.0,65018.09
2026-07-28 03:39:18,deribit,BTC,BTC-14AUG26-64000-C,2026-08-14,64000,call,0.02681102,0.0265,0.0275,36.14,,,,,11.6,10.3,63384.49
2026-07-28 03:39:18,deribit,BTC,BTC-7AUG26-58000-C,2026-08-07,58000,call,0.08853647,0.084,0.092,44.82,,,,,0.0,0.0,63341.11
2026-07-28 03:39:18,deribit,BTC,BTC-31JUL26-89000-C,2026-07-31,89000,call,0.0,,0.0001,68.08,,,,,237.4,0.0,63290.83
2026-07-28 03:39:18,deribit,BTC,BTC-28JUL26-64000-C,2026-07-28,64000,call,0.00021329,0.0001,0.0002,33.79,,,,,82.6,98.8,63272.07
2026-07-28 03:39:18,deribit,BTC,BTC-30JUL26-61000-P,2026-07-30,61000,put,0.00327706,0.0032,0.0035,49.01,,,,,27.5,19.2,63272.07
2026-07-28 03:39:18,deribit,BTC,BTC-31JUL26-57000-P,2026-07-31,57000,put,0.00062457,0.0005,0.0007,59.81,,,,,517.8,71.7,63290.83
2026-07-28 03:39:18,deribit,BTC,BTC-25DEC26-62000-P,2026-12-25,62000,put,0.0864363,0.0855,0.0875,41.37,,,,,692.9,11.0,64342.22
2026-07-28 03:39:18,deribit,BTC,BTC-7AUG26-66000-C,2026-08-07,66000,call,0.00886477,0.0085,0.0095,35.73,,,,,306.8,113.0,63341.15
2026-07-28 03:39:18,deribit,BTC,BTC-25SEP26-45000-C,2026-09-25,45000,call,0.29862932,0.295,0.3015,56.36,,,,,153.4,0.0,63688.91
2026-07-28 03:39:18,deribit,BTC,BTC-28JUL26-69000-P,2026-07-28,69000,put,0.0905118,0.0535,0.13,46.07,,,,,0.0,0.0,63272.07
2026-07-28 03:39:18,deribit,BTC,BTC-31JUL26-52000-C,2026-07-31,52000,call,0.17854002,0.174,0.183,84.06,,,,,0.5,0.0,63290.89
2026-07-28 03:39:18,deribit,BTC,BTC-26MAR27-200000-C,2027-03-26,200000,call,0.00078884,0.0007,0.001,51.39,,,,,498.4,0.0,65018.15
2026-07-28 03:39:18,deribit,BTC,BTC-30JUL26-59000-P,2026-07-30,59000,put,0.00094391,0.0008,0.001,56.2,,,,,33.5,31.5,63272.07
2026-07-28 03:39:18,deribit,BTC,BTC-31JUL26-96000-P,2026-07-31,96000,put,0.51680142,0.5075,0.54,68.12,,,,,0.1,0.0,63290.89
2026-07-28 03:39:18,deribit,BTC,BTC-31JUL26-66500-P,2026-07-31,66500,put,0.05252305,0.0485,0.0575,41.03,,,,,0.0,0.0,63290.89
2026-07-28 03:39:18,deribit,BTC,BTC-25DEC26-140000-P,2026-12-25,140000,put,1.1769516,1.103,1.261,49.49,,,,,0.2,0.0,64342.22
2026-07-28 03:39:18,deribit,BTC,BTC-25SEP26-125000-P,2026-09-25,125000,put,0.96287163,0.951,1.0365,58.81,,,,,22.7,0.0,63688.91
2026-07-28 03:39:18,deribit,BTC,BTC-28JUL26-71000-P,2026-07-28,71000,put,0.12212083,0.0845,0.1625,47.33,,,,,0.0,0.0,63272.07
2026-07-28 03:39:18,deribit,BTC,BTC-28AUG26-92000-P,2026-08-28,92000,put,0.44977535,0.441,0.4705,52.66,,,,,1.3,0.0,63479.32
2026-07-28 03:39:18,deribit,BTC,BTC-7AUG26-60000-P,2026-08-07,60000,put,0.00834737,0.008,0.009,41.46,,,,,1378.6,246.1,63341.15
2026-07-28 03:39:18,deribit,BTC,BTC-25JUN27-55000-P,2027-06-25,55000,put,0.08914351,0.088,0.0905,45.55,,,,,7.3,1.0,65741.86
2026-07-28 03:39:18,deribit,BTC,BTC-26MAR27-102000-P,2027-03-26,102000,put,0.58617165,0.581,0.594,41.32,,,,,0.0,0.0,65018.15
2026-07-28 03:39:18,deribit,BTC,BTC-28AUG26-75000-P,2026-08-28,75000,put,0.18448333,0.179,0.19,36.67,,,,,34.0,0.0,63479.32
2026-07-28 03:39:18,deribit,BTC,BTC-26MAR27-96000-C,2027-03-26,96000,call,0.02389572,0.023,0.0245,40.96,,,,,124.9,0.0,65018.15
2026-07-28 03:39:18,deribit,BTC,BTC-25SEP26-98000-P,2026-09-25,98000,put,0.53956313,0.5305,0.5705,46.47,,,,,0.1,0.0,63688.91
2026-07-28 03:39:18,deribit,BTC,BTC-25SEP26-40000-C,2026-09-25,40000,call,0.37493063,0.373,0.3765,64.48,,,,,34.3,0.0,63688.91
2026-07-28 03:39:18,deribit,BTC,BTC-28AUG26-77000-C,2026-08-28,77000,call,0.00203735,0.0019,0.0022,38.01,,,,,225.4,1.0,63479.32
2026-07-28 03:39:18,deribit,BTC,BTC-25SEP26-155000-C,2026-09-25,155000,call,9.713e-05,,0.0002,70.11,,,,,363.0,0.0,63688.92
2026-07-28 03:39:18,deribit,BTC,BTC-25JUN27-100000-P,2027-06-25,100000,put,0.55766927,0.553,0.564,41.79,,,,,0.0,0.0,65741.86
2026-07-28 03:39:18,deribit,BTC,BTC-31JUL26-45000-P,2026-07-31,45000,put,2.32e-06,,0.0001,99.61,,,,,1063.6,0.0,63290.83
2026-07-28 03:39:18,deribit,BTC,BTC-28AUG26-82000-P,2026-08-28,82000,put,0.29276643,0.285,0.3075,42.46,,,,,1.0,0.0,63479.32
2026-07-28 03:39:18,deribit,BTC,BTC-29JUL26-71000-C,2026-07-29,71000,call,1e-08,,0.0001,43.17,,,,,3.2,3.2,63272.07
2026-07-28 03:39:18,deribit,BTC,BTC-25DEC26-70000-P,2026-12-25,70000,put,0.15576782,0.154,0.158,39.83,,,,,1034.9,25.1,64342.22
2026-07-28 03:39:18,deribit,BTC,BTC-25SEP26-68000-P,2026-09-25,68000,put,0.09937694,0.0985,0.1005,35.88,,,,,640.7,0.6,63688.91
2026-07-28 03:39:18,deribit,BTC,BTC-30JUL26-62000-P,2026-07-30,62000,put,0.00616047,0.006,0.0065,45.99,,,,,56.0,55.5,63272.07
2026-07-28 03:39:18,deribit,BTC,BTC-30JUL26-62000-C,2026-07-30,62000,call,0.02646219,0.023,0.0285,45.99,,,,,0.0,0.0,63272.07
2026-07-28 03:39:18,deribit,BTC,BTC-25DEC26-125000-C,2026-12-25,125000,call,0.00187426,0.0017,0.0019,46.52,,,,,595.8,8.9,64342.22
2026-07-28 03:39:18,deribit,BTC,BTC-26MAR27-95000-C,2027-03-26,95000,call,0.02531318,0.0245,0.026,40.95,,,,,176.4,0.0,65018.09
2026-07-28 03:39:18,deribit,BTC,BTC-25JUN27-40000-P,2027-06-25,40000,put,0.0324214,0.0315,0.0335,52.51,,,,,475.9,3.6,65741.86
2026-07-28 03:39:18,deribit,BTC,BTC-25DEC26-70000-C,2026-12-25,70000,call,0.06783537,0.067,0.0685,39.83,,,,,996.1,0.0,64342.22
2026-07-28 03:39:18,deribit,BTC,BTC-31JUL26-79000-C,2026-07-31,79000,call,4.29e-06,,0.0001,68.02,,,,,1606.2,0.0,63290.89
2026-07-28 03:39:18,deribit,BTC,BTC-25DEC26-30000-P,2026-12-25,30000,put,0.00546697,0.005,0.006,69.89,,,,,2161.8,12.1,64342.16
2026-07-28 03:39:18,deribit,BTC,BTC-25SEP26-140000-C,2026-09-25,140000,call,0.00018066,0.0001,0.0003,66.36,,,,,1184.6,0.0,63688.91
2026-07-28 03:39:18,deribit,BTC,BTC-25JUN27-95000-P,2027-06-25,95000,put,0.49013536,0.485,0.4955,41.64,,,,,20.0,0.0,65741.86
2026-07-28 03:39:18,deribit,BTC,BTC-25DEC26-100000-C,2026-12-25,100000,call,0.00691438,0.0065,0.007,41.77,,,,,3572.0,144.0,64342.16
2026-07-28 03:39:18,deribit,BTC,BTC-25JUN27-82000-P,2027-06-25,82000,put,0.32685934,0.3245,0.33,41.67,,,,,0.1,0.0,65741.86
2026-07-28 03:39:18,deribit,BTC,BTC-25SEP26-180000-P,2026-09-25,180000,put,1.82624571,1.731,1.93,71.52,,,,,7.3,0.0,63688.91
2026-07-28 03:39:18,deribit,BTC,BTC-31JUL26-74000-P,2026-07-31,74000,put,0.16930332,0.165,0.174,64.9,,,,,130.2,0.0,63290.83
2026-07-28 03:39:18,deribit,BTC,BTC-31JUL26-85000-P,2026-07-31,85000,put,0.34300128,0.335,0.36,68.03,,,,,22.2,0.0,63290.89
2026-07-28 03:39:18,deribit,BTC,BTC-26MAR27-62000-P,2027-03-26,62000,put,0.11285313,0.112,0.114,42.78,,,,,254.1,0.0,65018.15
2026-07-28 03:39:18,deribit,BTC,BTC-25SEP26-102000-P,2026-09-25,102000,put,0.60217374,0.592,0.6285,48.48,,,,,0.4,0.0,63688.91
2026-07-28 03:39:18,deribit,BTC,BTC-28AUG26-59000-C,2026-08-28,59000,call,0.08871646,0.085,0.091,39.94,,,,,414.1,0.0,63479.32
2026-07-28 03:39:18,deribit,BTC,BTC-14AUG26-75000-P,2026-08-14,75000,put,0.18431915,0.1785,0.202,40.81,,,,,0.0,0.0,63384.49
2026-07-28 03:39:18,deribit,BTC,BTC-14AUG26-67000-C,2026-08-14,67000,call,0.0106413,0.01,0.011,35.08,,,,,98.7,24.6,63384.49
2026-07-28 03:39:18,deribit,BTC,BTC-30JUL26-66500-C,2026-07-30,66500,call,0.00096802,0.0008,0.0011,42.5,,,,,32.9,20.7,63272.07
2026-07-28 03:39:18,deribit,BTC,BTC-7AUG26-77000-P,2026-08-07,77000,put,0.21603581,0.209,0.2265,51.86,,,,,0.0,0.0,63341.15
2026-07-28 03:39:18,deribit,BTC,BTC-30JUL26-71000-P,2026-07-30,71000,put,0.12193171,0.084,0.1635,50.53,,,,,0.0,0.0,63272.07
2026-07-28 03:39:18,deribit,BTC,BTC-29JUL26-70000-P,2026-07-29,70000,put,0.10625755,0.0695,0.1465,42.99,,,,,0.0,0.0,63272.07
2026-07-28 03:39:18,deribit,BTC,BTC-25DEC26-105000-C,2026-12-25,105000,call,0.00511729,0.0047,0.0055,42.71,,,,,834.1,5.2,64342.22
2026-07-28 03:39:18,deribit,BTC,BTC-29JUL26-63500-P,2026-07-29,63500,put,0.01073178,0.0105,0.011,38.94,,,,,27.5,31.6,63272.07
2026-07-28 03:39:18,deribit,BTC,BTC-14AUG26-58000-P,2026-08-14,58000,put,0.00790301,0.0075,0.0085,42.54,,,,,122.0,60.3,63384.49
2026-07-28 03:39:18,deribit,BTC,BTC-25DEC26-52000-C,2026-12-25,52000,call,0.22769823,0.226,0.2295,45.76,,,,,0.0,0.0,64342.22
2026-07-28 03:39:18,deribit,BTC,BTC-25DEC26-58000-P,2026-12-25,58000,put,0.06158822,0.061,0.0625,42.71,,,,,2054.6,5.9,64342.22
2026-07-28 03:39:18,deribit,BTC,BTC-31JUL26-79000-P,2026-07-31,79000,put,0.24820546,0.243,0.2535,68.02,,,,,144.2,0.0,63290.89
2026-07-28 03:39:18,deribit,BTC,BTC-25SEP26-145000-P,2026-09-25,145000,put,1.27686214,1.2,1.3615,68.89,,,,,0.2,0.0,63688.92
2026-07-28 03:39:18,deribit,BTC,BTC-28JUL26-60000-C,2026-07-28,60000,call,0.05172893,0.018,0.0835,57.9,,,,,0.0,0.0,63272.07
2026-07-28 03:39:18,deribit,BTC,BTC-30JUL26-69000-C,2026-07-30,69000,call,0.00018706,0.0001,0.0003,50.36,,,,,77.2,53.0,63272.07
2026-07-28 03:39:18,deribit,BTC,BTC-28AUG26-105000-P,2026-08-28,105000,put,0.65429422,0.6445,0.683,62.72,,,,,0.6,0.0,63479.32
2026-07-28 03:39:18,deribit,BTC,BTC-25DEC26-94000-P,2026-12-25,94000,put,0.47098069,0.465,0.5235,40.51,,,,,5.2,0.0,64342.22
2026-07-28 03:39:18,deribit,BTC,BTC-31JUL26-66000-P,2026-07-31,66000,put,0.04533148,0.043,0.0475,40.13,,,,,607.6,4.0,63290.89
2026-07-28 03:39:18,deribit,BTC,BTC-25DEC26-220000-C,2026-12-25,220000,call,0.00010738,,0.0003,59.04,,,,,252.8,0.0,64342.16
2026-07-28 03:39:18,deribit,BTC,BTC-26MAR27-80000-C,2027-03-26,80000,call,0.05850497,0.058,0.0595,40.6,,,,,915.1,0.0,65018.15
2026-07-28 03:39:18,deribit,BTC,BTC-25SEP26-175000-P,2026-09-25,175000,put,1.74774781,1.6555,1.848,71.52,,,,,0.2,0.0,63688.91
2026-07-28 03:39:18,deribit,BTC,BTC-25JUN27-66000-C,2027-06-25,66000,call,0.16138309,0.16,0.1625,43.14,,,,,23.1,1.2,65741.68
2026-07-28 03:39:18,deribit,BTC,BTC-25DEC26-56000-P,2026-12-25,56000,put,0.05160495,0.051,0.0525,43.59,,,,,345.3,3.1,64342.22
2026-07-28 03:39:18,deribit,BTC,BTC-28AUG26-75000-C,2026-08-28,75000,call,0.00299787,0.0029,0.0031,36.67,,,,,2692.9,14.3,63479.32
2026-07-28 03:39:18,deribit,BTC,BTC-25SEP26-75000-P,2026-09-25,75000,put,0.18751097,0.183,0.1935,35.69,,,,,2967.4,0.0,63688.91
2026-07-28 03:39:18,deribit,BTC,BTC-25JUN27-66000-P,2027-06-25,66000,put,0.16530355,0.164,0.167,43.14,,,,,32.3,0.3,65741.68
2026-07-28 03:39:18,deribit,BTC,BTC-25DEC26-94000-C,2026-12-25,94000,call,0.01004283,0.0095,0.0105,40.51,,,,,113.9,3.9,64342.22
2026-07-28 03:39:18,deribit,BTC,BTC-14AUG26-62000-P,2026-08-14,62000,put,0.02264884,0.022,0.023,37.86,,,,,142.3,114.9,63384.49
2026-07-28 03:39:18,deribit,BTC,BTC-25DEC26-140000-C,2026-12-25,140000,call,0.0010867,0.0009,0.0013,49.49,,,,,1473.8,2.2,64342.16
2026-07-28 03:39:18,deribit,BTC,BTC-25SEP26-90000-C,2026-09-25,90000,call,0.00155055,0.0015,0.0017,42.18,,,,,3020.6,30.0,63688.91
2026-07-28 03:39:18,deribit,BTC,BTC-28AUG26-72000-C,2026-08-28,72000,call,0.00560421,0.005,0.006,34.79,,,,,2709.5,6.7,63479.32
2026-07-28 03:39:18,deribit,BTC,BTC-30JUL26-64000-C,2026-07-30,64000,call,0.00801614,0.0075,0.0085,41.55,,,,,21.7,12.3,63272.07
2026-07-28 03:39:18,deribit,BTC,BTC-25SEP26-56000-C,2026-09-25,56000,call,0.14146726,0.138,0.1435,42.32,,,,,12.2,0.0,63688.91
2026-07-28 03:39:18,deribit,BTC,BTC-25DEC26-76000-P,2026-12-25,76000,put,0.22324781,0.219,0.226,39.49,,,,,142.1,0.0,64342.22
2026-07-28 03:39:18,deribit,BTC,BTC-25DEC26-250000-C,2026-12-25,250000,call,7.531e-05,,0.0002,62.75,,,,,1256.0,0.0,64342.22
2026-07-28 03:39:18,deribit,BTC,BTC-25JUN27-85000-C,2027-06-25,85000,call,0.06964053,0.0685,0.0705,41.59,,,,,7.4,0.0,65741.68
2026-07-28 03:39:18,deribit,BTC,BTC-25JUN27-45000-P,2027-06-25,45000,put,0.04613022,0.045,0.0475,49.57,,,,,230.5,5.0,65741.86
2026-07-28 03:39:18,deribit,BTC,BTC-25SEP26-62000-C,2026-09-25,62000,call,0.07456941,0.0735,0.0755,38.13,,,,,682.2,0.0,63688.92
2026-07-28 03:39:18,deribit,BTC,BTC-31JUL26-58000-P,2026-07-31,58000,put,0.00103324,0.001,0.0011,56.55,,,,,1765.4,264.7,63290.89
2026-07-28 03:39:18,deribit,BTC,BTC-26MAR27-70000-C,2027-03-26,70000,call,0.10366649,0.103,0.1045,41.38,,,,,752.8,3.1,65018.15
2026-07-28 03:39:18,deribit,BTC,BTC-7AUG26-75000-C,2026-08-07,75000,call,0.00049205,0.0004,0.0005,47.2,,,,,2538.0,65.7,63341.15
2026-07-28 03:39:18,deribit,BTC,BTC-25JUN27-160000-P,2027-06-25,160000,put,1.43913125,1.3535,1.541,46.1,,,,,0.0,0.0,65741.68
2026-07-28 03:39:18,deribit,BTC,BTC-31JUL26-67000-C,2026-07-31,67000,call,0.00136835,0.0013,0.0015,42.38,,,,,2080.3,464.2,63290.83
2026-07-28 03:39:18,deribit,BTC,BTC-25SEP26-70000-C,2026-09-25,70000,call,0.02296992,0.0225,0.023,35.6,,,,,2074.7,309.8,63688.91
2026-07-28 03:39:18,deribit,BTC,BTC-28JUL26-70000-P,2026-07-28,70000,put,0.10631631,0.0695,0.146,46.07,,,,,0.0,0.0,63272.07
2026-07-28 03:39:18,deribit,BTC,BTC-14AUG26-70000-P,2026-08-14,70000,put,0.10817089,0.104,0.114,35.57,,,,,0.0,0.0,63384.49
2026-07-28 03:39:18,deribit,BTC,BTC-28JUL26-59000-C,2026-07-28,59000,call,0.06753339,0.0345,0.0985,61.49,,,,,0.0,0.0,63272.07
2026-07-28 03:39:18,deribit,BTC,BTC-14AUG26-66000-C,2026-08-14,66000,call,0.01468651,0.014,0.015,35.17,,,,,37.4,4.8,63384.49
2026-07-28 03:39:18,deribit,BTC,BTC-28AUG26-88000-C,2026-08-28,88000,call,0.00063597,0.0005,0.0007,48.84,,,,,185.5,0.0,63479.32
2026-07-28 03:39:18,deribit,BTC,BTC-31JUL26-82000-P,2026-07-31,82000,put,0.29560158,0.291,0.3015,68.02,,,,,92.0,0.0,63290.89
2026-07-28 03:39:18,deribit,BTC,BTC-25SEP26-260000-P,2026-09-25,260000,put,3.08232925,2.9455,3.2305,78.83,,,,,0.0,0.0,63688.91
2026-07-28 03:39:18,deribit,BTC,BTC-30JUL26-70000-C,2026-07-30,70000,call,6.367e-05,,0.0002,50.53,,,,,201.8,200.8,63272.07
2026-07-28 03:39:18,deribit,BTC,BTC-28JUL26-63500-C,2026-07-28,63500,call,0.00158969,0.0014,0.0017,34.29,,,,,12.6,13.6,63272.07
2026-07-28 03:39:18,deribit,BTC,BTC-28AUG26-55000-P,2026-08-28,55000,put,0.00819339,0.008,0.0085,44.39,,,,,699.6,78.4,63479.32
2026-07-28 03:39:18,deribit,BTC,BTC-28AUG26-77000-P,2026-08-28,77000,put,0.21502909,0.2085,0.2405,38.01,,,,,3.4,0.0,63479.32
2026-07-28 03:39:18,deribit,BTC,BTC-26MAR27-85000-C,2027-03-26,85000,call,0.04391298,0.0435,0.0445,40.55,,,,,65.1,0.0,65018.15
2026-07-28 03:39:18,deribit,BTC,BTC-31JUL26-48000-P,2026-07-31,48000,put,3.389e-05,,0.0001,99.61,,,,,1028.7,156.6,63290.83
2026-07-28 03:39:18,deribit,BTC,BTC-31JUL26-55000-C,2026-07-31,55000,call,0.13128115,0.1265,0.1385,68.08,,,,,11.5,0.0,63290.89
2026-07-28 03:39:18,deribit,BTC,BTC-31JUL26-80000-P,2026-07-31,80000,put,0.26400312,0.2595,0.2695,68.02,,,,,385.2,0.0,63290.89
2026-07-28 03:39:18,deribit,BTC,BTC-26MAR27-45000-P,2027-03-26,45000,put,0.03274744,0.032,0.0335,49.74,,,,,181.1,30.1,65018.15
2026-07-28 03:39:18,deribit,BTC,BTC-25DEC26-110000-P,2026-12-25,110000,put,0.71338582,0.7055,0.7295,43.49,,,,,54.1,0.0,64342.16
2026-07-28 03:39:18,deribit,BTC,BTC-31JUL26-71000-P,2026-07-31,71000,put,0.12209127,0.118,0.1275,56.51,,,,,110.7,0.1,63290.89
2026-07-28 03:39:18,deribit,BTC,BTC-14AUG26-80000-P,2026-08-14,80000,put,0.26263883,0.2555,0.2755,47.78,,,,,0.0,0.0,63384.49
2026-07-28 03:39:18,deribit,BTC,BTC-28JUL26-65000-P,2026-07-28,65000,put,0.02729462,0.024,0.0315,36.19,,,,,183.5,26.0,63272.07
2026-07-28 03:39:18,deribit,BTC,BTC-28AUG26-67000-P,2026-08-28,67000,put,0.0751053,0.074,0.0765,34.76,,,,,117.8,4.3,63479.32
2026-07-28 03:39:18,deribit,BTC,BTC-26MAR27-52000-P,2027-03-26,52000,put,0.05630145,0.055,0.0575,46.08,,,,,111.9,0.1,65018.15
2026-07-28 03:39:18,deribit,BTC,BTC-31JUL26-115000-P,2026-07-31,115000,put,0.8170017,0.806,0.8425,72.75,,,,,3.2,0.0,63290.89
2026-07-28 03:39:18,deribit,BTC,BTC-25DEC26-65000-P,2026-12-25,65000,put,0.10927148,0.1085,0.1105,40.58,,,,,696.7,20.3,64342.16
2026-07-28 03:39:18,deribit,BTC,BTC-29JUL26-57000-C,2026-07-29,57000,call,0.09922128,0.0665,0.1305,66.46,,,,,0.0,0.0,63272.07
2026-07-28 03:39:18,deribit,BTC,BTC-31JUL26-83000-C,2026-07-31,83000,call,1.5e-07,,0.0001,68.02,,,,,1199.8,0.0,63290.89
2026-07-28 03:39:18,deribit,BTC,BTC-31JUL26-69000-C,2026-07-31,69000,call,0.00052413,0.0004,0.0006,48.68,,,,,3198.4,360.4,63290.89
2026-07-28 03:39:18,deribit,BTC,BTC-28JUL26-61000-C,2026-07-28,61000,call,0.03592908,0.013,0.069,54.88,,,,,0.0,0.0,63272.07
2026-07-28 03:39:18,deribit,BTC,BTC-28JUL26-57000-C,2026-07-28,57000,call,0.09914243,0.067,0.129,67.32,,,,,0.0,0.0,63272.07
2026-07-28 03:39:18,deribit,BTC,BTC-28AUG26-63000-P,2026-08-28,63000,put,0.03874648,0.0385,0.0395,36.53,,,,,658.1,3.2,63479.32
2026-07-28 03:39:18,deribit,BTC,BTC-25JUN27-130000-C,2027-06-25,130000,call,0.01227563,0.0115,0.013,43.66,,,,,85.6,23.0,65741.86
2026-07-28 03:39:18,deribit,BTC,BTC-28AUG26-110000-P,2026-08-28,110000,put,0.73294131,0.723,0.7655,62.94,,,,,0.0,0.0,63479.32
2026-07-28 03:39:18,deribit,BTC,BTC-25DEC26-40000-C,2026-12-25,40000,call,0.39092889,0.3885,0.3925,56.57,,,,,250.8,0.0,64342.22
2026-07-28 03:39:18,deribit,BTC,BTC-25JUN27-60000-P,2027-06-25,60000,put,0.12001442,0.1185,0.1215,44.29,,,,,320.8,0.3,65741.68
2026-07-28 03:39:18,deribit,BTC,BTC-30JUL26-72000-P,2026-07-30,72000,put,0.13771937,0.1,0.1795,50.53,,,,,0.0,0.0,63272.07
2026-07-28 03:39:18,deribit,BTC,BTC-25DEC26-135000-P,2026-12-25,135000,put,1.09941988,1.028,1.1815,48.42,,,,,0.6,0.0,64342.22
2026-07-28 03:39:18,deribit,BTC,BTC-25DEC26-125000-P,2026-12-25,125000,put,0.94461078,0.934,1.0215,46.52,,,,,8.4,0.0,64342.22
2026-07-28 03:39:18,deribit,BTC,BTC-26MAR27-105000-C,2027-03-26,105000,call,0.01514552,0.0145,0.016,41.69,,,,,183.2,0.0,65018.15
2026-07-28 03:39:18,deribit,BTC,BTC-26MAR27-100000-P,2027-03-26,100000,put,0.55733942,0.553,0.565,41.2,,,,,12.1,0.0,65018.09
2026-07-28 03:39:18,deribit,BTC,BTC-28AUG26-58000-P,2026-08-28,58000,put,0.01486076,0.0145,0.0155,40.93,,,,,907.7,172.9,63479.32
2026-07-28 03:39:18,deribit,BTC,BTC-31JUL26-65000-C,2026-07-31,65000,call,0.00531566,0.005,0.0055,40.11,,,,,2097.4,53.9,63290.89
2026-07-28 03:39:18,deribit,BTC,BTC-28AUG26-81000-P,2026-08-28,81000,put,0.27715624,0.27,0.2955,41.61,,,,,0.1,0.0,63479.32
2026-07-28 03:39:18,deribit,BTC,BTC-31JUL26-100000-P,2026-07-31,100000,put,0.58000148,0.5745,0.5865,68.13,,,,,99.5,0.0,63290.83
2026-07-28 03:39:18,deribit,BTC,BTC-31JUL26-106000-P,2026-07-31,106000,put,0.67480157,0.665,0.6935,68.15,,,,,0.0,0.0,63290.83
2026-07-28 03:39:18,deribit,BTC,BTC-26MAR27-110000-P,2027-03-26,110000,put,0.70362062,0.6985,0.711,42.04,,,,,1.7,0.0,65018.15
2026-07-28 03:39:18,deribit,BTC,BTC-25JUN27-130000-P,2027-06-25,130000,put,0.98969472,0.984,1.015,43.66,,,,,0.0,0.0,65741.86
2026-07-28 03:39:18,deribit,BTC,BTC-31JUL26-54000-P,2026-07-31,54000,put,0.00017707,0.0001,0.0003,71.41,,,,,2092.7,40.3,63290.89
2026-07-28 03:39:18,deribit,BTC,BTC-26MAR27-52000-C,2027-03-26,52000,call,0.25652846,0.2545,0.2585,46.08,,,,,5.1,0.0,65018.15
2026-07-28 03:39:18,deribit,BTC,BTC-25SEP26-90000-P,2026-09-25,90000,put,0.41466431,0.409,0.4215,42.18,,,,,587.5,0.0,63688.91
2026-07-28 03:39:18,deribit,BTC,BTC-29JUL26-65500-P,2026-07-29,65500,put,0.03566781,0.03,0.0415,38.2,,,,,1.7,0.1,63272.07
2026-07-28 03:39:18,deribit,BTC,BTC-28JUL26-65500-P,2026-07-28,65500,put,0.035196,0.029,0.0415,36.48,,,,,9.9,10.9,63272.07
2026-07-28 03:39:18,deribit,BTC,BTC-25JUN27-50000-P,2027-06-25,50000,put,0.06464739,0.0635,0.066,47.25,,,,,33.1,0.1,65741.86
2026-07-28 03:39:18,deribit,BTC,BTC-25SEP26-320000-P,2026-09-25,320000,put,4.02440468,3.856,4.207,85.42,,,,,25.1,0.0,63688.91
2026-07-28 03:39:18,deribit,BTC,BTC-31JUL26-81000-P,2026-07-31,81000,put,0.27980205,0.2745,0.2855,68.02,,,,,114.0,0.0,63290.89
2026-07-28 03:39:18,deribit,BTC,BTC-26MAR27-68000-C,2027-03-26,68000,call,0.11582813,0.115,0.1165,41.67,,,,,39.1,0.0,65018.15
2026-07-28 03:39:18,deribit,BTC,BTC-28AUG26-46000-P,2026-08-28,46000,put,0.00182391,0.0017,0.002,59.37,,,,,664.1,2.6,63479.38
2026-07-28 03:39:18,deribit,BTC,BTC-25JUN27-80000-C,2027-06-25,80000,call,0.08699836,0.0855,0.088,41.75,,,,,61.0,0.2,65741.68
2026-07-28 03:39:18,deribit,BTC,BTC-25DEC26-52000-P,2026-12-25,52000,put,0.03587663,0.035,0.0365,45.76,,,,,148.0,0.1,64342.22
2026-07-28 03:39:18,deribit,BTC,BTC-31JUL26-88000-P,2026-07-31,88000,put,0.3904013,0.382,0.412,68.05,,,,,2.1,0.0,63290.89
2026-07-28 03:39:18,deribit,BTC,BTC-26MAR27-140000-C,2027-03-26,140000,call,0.00380307,0.0034,0.0042,45.65,,,,,756.5,5.1,65018.15
2026-07-28 03:39:18,deribit,BTC,BTC-7AUG26-67000-C,2026-08-07,67000,call,0.00569238,0.0055,0.006,35.68,,,,,675.7,250.3,63341.15
2026-07-28 03:39:18,deribit,BTC,BTC-31JUL26-50000-C,2026-07-31,50000,call,0.21007829,0.2055,0.2145,93.14,,,,,3.4,0.0,63290.89
2026-07-28 03:39:18,deribit,BTC,BTC-30JUL26-67500-P,2026-07-30,67500,put,0.06711268,0.0315,0.1075,45.98,,,,,0.0,0.0,63272.07
2026-07-28 03:39:18,deribit,BTC,BTC-25SEP26-94000-C,2026-09-25,94000,call,0.00108062,0.001,0.0012,44.13,,,,,167.6,5.0,63688.91
2026-07-28 03:39:18,deribit,BTC,BTC-30JUL26-67000-P,2026-07-30,67000,put,0.05936007,0.024,0.099,43.71,,,,,0.0,0.0,63272.07
2026-07-28 03:39:18,deribit,BTC,BTC-30JUL26-67000-C,2026-07-30,67000,call,0.00065387,0.0005,0.0008,43.71,,,,,68.6,76.6,63272.07
2026-07-28 03:39:18,deribit,BTC,BTC-25DEC26-62000-C,2026-12-25,62000,call,0.12283898,0.1215,0.124,41.37,,,,,241.1,0.2,64342.22
2026-07-28 03:39:18,deribit,BTC,BTC-29JUL26-64500-C,2026-07-29,64500,call,0.0021305,0.002,0.0023,37.23,,,,,42.8,32.6,63272.07
2026-07-28 03:39:18,deribit,BTC,BTC-25JUN27-82000-C,2027-06-25,82000,call,0.07956422,0.0785,0.0805,41.67,,,,,23.3,0.0,65741.68
2026-07-28 03:39:18,deribit,BTC,BTC-25JUN27-110000-C,2027-06-25,110000,call,0.02456025,0.0235,0.0255,42.24,,,,,129.3,76.0,65741.86
2026-07-28 03:39:18,deribit,BTC,BTC-31JUL26-108000-P,2026-07-31,108000,put,0.7064016,0.6965,0.7315,68.35,,,,,0.0,0.0,63290.89
2026-07-28 03:39:18,deribit,BTC,BTC-25SEP26-30000-C,2026-09-25,30000,call,0.53010321,0.529,0.531,85.05,,,,,132.3,0.0,63688.91
2026-07-28 03:39:18,deribit,BTC,BTC-25JUN27-85000-P,2027-06-25,85000,put,0.36256839,0.36,0.366,41.59,,,,,4.5,0.0,65741.68
2026-07-28 03:39:18,deribit,BTC,BTC-31JUL26-66500-C,2026-07-31,66500,call,0.00182207,0.0017,0.002,41.03,,,,,121.6,125.7,63290.89
2026-07-28 03:39:18,deribit,BTC,BTC-31JUL26-73000-C,2026-07-31,73000,call,0.00016598,,0.0002,63.35,,,,,2031.3,47.7,63290.89
2026-07-28 03:39:18,deribit,BTC,BTC-26MAR27-108000-C,2027-03-26,108000,call,0.01305891,0.0125,0.0135,41.92,,,,,57.0,0.0,65018.09
2026-07-28 03:39:18,deribit,BTC,BTC-31JUL26-74000-C,2026-07-31,74000,call,0.00010222,,0.0001,64.9,,,,,730.8,39.9,63290.83
2026-07-28 03:39:18,deribit,BTC,BTC-25DEC26-96000-C,2026-12-25,96000,call,0.00900246,0.0085,0.009,41.1,,,,,309.6,0.0,64342.22
2026-07-28 03:39:18,deribit,BTC,BTC-14AUG26-70000-C,2026-08-14,70000,call,0.00379838,0.0036,0.0038,35.57,,,,,588.7,5.6,63384.49
2026-07-28 03:39:18,deribit,BTC,BTC-25SEP26-170000-C,2026-09-25,170000,call,3.9e-05,,0.0002,71.52,,,,,359.5,0.0,63688.92
2026-07-28 03:39:18,deribit,BTC,BTC-25JUN27-170000-C,2027-06-25,170000,call,0.00425502,0.0039,0.0045,46.87,,,,,11.5,2.3,65741.68
2026-07-28 03:39:18,deribit,BTC,BTC-25DEC26-60000-C,2026-12-25,60000,call,0.14056722,0.139,0.142,41.93,,,,,785.7,0.8,64342.22
2026-07-28 03:39:18,deribit,BTC,BTC-25SEP26-190000-P,2026-09-25,190000,put,1.98325172,1.8835,2.092,72.81,,,,,0.0,0.0,63688.92
2026-07-28 03:39:18,deribit,BTC,BTC-28AUG26-83000-C,2026-08-28,83000,call,0.00089694,0.0008,0.001,43.37,,,,,250.1,11.5,63479.32
2026-07-28 03:39:18,deribit,BTC,BTC-25DEC26-68000-C,2026-12-25,68000,call,0.07952556,0.079,0.08,40.22,,,,,550.4,88.6,64342.22
2026-07-28 03:39:18,deribit,BTC,BTC-28JUL26-58000-C,2026-07-28,58000,call,0.08333791,0.05,0.1145,61.49,,,,,0.0,0.0,63272.07
2026-07-28 03:39:18,deribit,BTC,BTC-14AUG26-63000-P,2026-08-14,63000,put,0.02884782,0.0285,0.0295,36.85,,,,,39.6,14.6,63384.49
2026-07-28 03:39:18,deribit,BTC,BTC-31JUL26-98000-C,2026-07-31,98000,call,0.0,,0.0001,68.12,,,,,1165.3,0.0,63290.89
2026-07-28 03:39:18,deribit,BTC,BTC-14AUG26-61000-P,2026-08-14,61000,put,0.01744195,0.017,0.018,38.74,,,,,133.6,121.0,63384.49
2026-07-28 03:39:18,deribit,BTC,BTC-28AUG26-73000-C,2026-08-28,73000,call,0.00446228,0.0043,0.0046,35.27,,,,,1722.0,370.4,63479.32
2026-07-28 03:39:18,deribit,BTC,BTC-25JUN27-40000-C,2027-06-25,40000,call,0.42398475,0.4215,0.426,52.51,,,,,16.9,16.8,65741.68
2026-07-28 03:39:18,deribit,BTC,BTC-28AUG26-74000-C,2026-08-28,74000,call,0.00357658,0.0034,0.0037,35.8,,,,,1890.0,8.2,63479.32
2026-07-28 03:39:18,deribit,BTC,BTC-31JUL26-64500-C,2026-07-31,64500,call,0.00752127,0.007,0.008,40.43,,,,,98.2,99.4,63290.89
2026-07-28 03:39:18,deribit,BTC,BTC-7AUG26-65000-P,2026-08-07,65000,put,0.03966539,0.039,0.041,36.1,,,,,78.0,2.7,63341.15
2026-07-28 03:39:18,deribit,BTC,BTC-25SEP26-94000-P,2026-09-25,94000,put,0.47699944,0.468,0.5015,44.13,,,,,1.3,0.0,63688.92
2026-07-28 03:39:18,deribit,BTC,BTC-26MAR27-100000-C,2027-03-26,100000,call,0.01931445,0.0185,0.02,41.2,,,,,556.4,0.0,65018.15
2026-07-28 03:39:18,deribit,BTC,BTC-26MAR27-68000-P,2027-03-26,68000,put,0.16168511,0.1605,0.1635,41.67,,,,,65.1,0.0,65018.15
2026-07-28 03:39:18,deribit,BTC,BTC-28JUL26-61000-P,2026-07-28,61000,put,4.73e-06,,0.0001,54.88,,,,,174.9,21.1,63272.07
2026-07-28 03:39:18,deribit,BTC,BTC-30JUL26-63000-C,2026-07-30,63000,call,0.01574365,0.015,0.016,43.46,,,,,4.5,4.5,63272.07
2026-07-28 03:39:18,deribit,BTC,BTC-30JUL26-65500-C,2026-07-30,65500,call,0.00230488,0.0021,0.0024,41.16,,,,,58.0,18.5,63272.07
2026-07-28 03:39:18,deribit,BTC,BTC-26MAR27-55000-P,2027-03-26,55000,put,0.07010367,0.069,0.071,44.86,,,,,1354.1,0.1,65018.15
2026-07-28 03:39:18,deribit,BTC,BTC-31JUL26-84000-C,2026-07-31,84000,call,6e-08,,0.0001,68.02,,,,,743.5,0.0,63290.89
2026-07-28 03:39:18,deribit,BTC,BTC-25JUN27-150000-C,2027-06-25,150000,call,0.0070116,0.0065,0.0075,45.39,,,,,87.6,1.0,65741.68
2026-07-28 03:39:18,deribit,BTC,BTC-25SEP26-58000-C,2026-09-25,58000,call,0.11668224,0.114,0.119,40.51,,,,,485.8,0.0,63688.91
2026-07-28 03:39:18,deribit,BTC,BTC-28JUL26-67500-P,2026-07-28,67500,put,0.06680502,0.0315,0.1055,45.23,,,,,0.0,0.0,63272.07
2026-07-28 03:39:18,deribit,BTC,BTC-25JUN27-52000-P,2027-06-25,52000,put,0.07368216,0.0725,0.075,46.51,,,,,18.0,0.1,65741.68
2026-07-28 03:39:18,deribit,BTC,BTC-25SEP26-78000-P,2026-09-25,78000,put,0.23059852,0.227,0.2365,36.01,,,,,629.4,0.0,63688.91
2026-07-28 03:39:18,deribit,BTC,BTC-30JUL26-72000-C,2026-07-30,72000,call,5.24e-06,,0.0001,50.53,,,,,1.0,1.0,63272.07
2026-07-28 03:39:18,deribit,BTC,BTC-28AUG26-67000-C,2026-08-28,67000,call,0.01964496,0.019,0.02,34.76,,,,,904.0,54.2,63479.32
2026-07-28 03:39:18,deribit,BTC,BTC-26MAR27-125000-P,2027-03-26,125000,put,0.92900494,0.92,1.0125,43.94,,,,,0.0,0.0,65018.15
2026-07-28 03:39:18,deribit,BTC,BTC-7AUG26-72000-P,2026-08-07,72000,put,0.13762798,0.1315,0.148,41.47,,,,,0.0,0.0,63341.15
2026-07-28 03:39:18,deribit,BTC,BTC-26MAR27-115000-C,2027-03-26,115000,call,0.00953121,0.009,0.01,42.65,,,,,764.1,0.0,65018.15
2026-07-28 03:39:18,deribit,BTC,BTC-26MAR27-86000-C,2027-03-26,86000,call,0.04148724,0.041,0.042,40.56,,,,,112.1,20.7,65018.15
2026-07-28 03:39:18,deribit,BTC,BTC-30JUL26-58000-P,2026-07-30,58000,put,0.00049119,0.0004,0.0006,59.48,,,,,19.9,20.0,63272.07
2026-07-28 03:39:18,deribit,BTC,BTC-28AUG26-46000-C,2026-08-28,46000,call,0.27717949,0.2735,0.29,59.37,,,,,1.0,0.0,63479.32
2026-07-28 03:39:18,deribit,BTC,BTC-7AUG26-55000-C,2026-08-07,55000,call,0.13326143,0.1285,0.138,50.79,,,,,0.0,0.0,63341.15
2026-07-28 03:39:18,deribit,BTC,BTC-25JUN27-80000-P,2027-06-25,80000,put,0.30387165,0.3015,0.3065,41.75,,,,,0.4,0.0,65741.68
2026-07-28 03:39:18,deribit,BTC,BTC-25DEC26-55000-P,2026-12-25,55000,put,0.04712624,0.0465,0.048,44.06,,,,,1089.1,250.0,64342.22
2026-07-28 03:39:18,deribit,BTC,BTC-25SEP26-98000-C,2026-09-25,98000,call,0.00083926,0.0007,0.0009,46.47,,,,,304.4,0.0,63688.92
2026-07-28 03:39:18,deribit,BTC,BTC-7AUG26-68000-C,2026-08-07,68000,call,0.00362206,0.0034,0.0036,35.96,,,,,1237.2,75.1,63341.15
2026-07-28 03:39:18,deribit,BTC,BTC-25JUN27-30000-P,2027-06-25,30000,put,0.01544541,0.0145,0.016,60.77,,,,,268.8,7.1,65741.86
2026-07-28 03:39:18,deribit,BTC,BTC-25SEP26-100000-P,2026-09-25,100000,put,0.57087641,0.565,0.5785,47.62,,,,,272.4,0.0,63688.92
2026-07-28 03:39:18,deribit,BTC,BTC-28AUG26-64000-C,2026-08-28,64000,call,0.03813357,0.0375,0.0385,35.98,,,,,412.0,1.3,63479.32
2026-07-28 03:39:18,deribit,BTC,BTC-7AUG26-63000-P,2026-08-07,63000,put,0.02225421,0.022,0.023,37.41,,,,,85.9,54.3,63341.11
2026-07-28 03:39:18,deribit,BTC,BTC-28AUG26-71000-C,2026-08-28,71000,call,0.00729038,0.007,0.0075,34.69,,,,,1149.9,32.6,63479.32
2026-07-28 03:39:18,deribit,BTC,BTC-25SEP26-102000-C,2026-09-25,102000,call,0.00064481,0.0005,0.0007,48.48,,,,,92.0,0.0,63688.91
2026-07-28 03:39:18,deribit,BTC,BTC-26MAR27-102000-C,2027-03-26,102000,call,0.01738618,0.017,0.018,41.32,,,,,105.8,0.0,65018.15
2026-07-28 03:39:18,deribit,BTC,BTC-25DEC26-78000-P,2026-12-25,78000,put,0.24804292,0.2455,0.251,39.48,,,,,234.6,0.0,64342.16
2026-07-28 03:39:18,deribit,BTC,BTC-7AUG26-58000-P,2026-08-07,58000,put,0.0042109,0.004,0.0044,44.82,,,,,976.2,732.9,63341.15
2026-07-28 03:39:18,deribit,BTC,BTC-28AUG26-71000-P,2026-08-28,71000,put,0.12576328,0.121,0.131,34.69,,,,,8.1,0.0,63479.32
2026-07-28 03:39:18,deribit,BTC,BTC-25JUN27-76000-P,2027-06-25,76000,put,0.25998273,0.258,0.2625,41.97,,,,,0.1,0.0,65741.86
2026-07-28 03:39:18,deribit,BTC,BTC-25SEP26-80000-C,2026-09-25,80000,call,0.00446605,0.0044,0.0045,36.84,,,,,3567.5,51.8,63688.91
2026-07-28 03:39:18,deribit,BTC,BTC-25JUN27-78000-C,2027-06-25,78000,call,0.09511838,0.094,0.096,41.85,,,,,8.9,0.0,65741.68
2026-07-28 03:39:18,deribit,BTC,BTC-28AUG26-58000-C,2026-08-28,58000,call,0.10117867,0.0975,0.104,40.93,,,,,164.3,0.0,63479.32
2026-07-28 03:39:18,deribit,BTC,BTC-31JUL26-72000-P,2026-07-31,72000,put,0.13778516,0.1335,0.1425,58.73,,,,,364.3,1.1,63290.89
2026-07-28 03:39:18,deribit,BTC,BTC-25JUN27-62000-C,2027-06-25,62000,call,0.19094057,0.1895,0.192,43.84,,,,,94.2,0.0,65741.86
2026-07-28 03:39:18,deribit,BTC,BTC-25SEP26-92000-P,2026-09-25,92000,put,0.44578195,0.4375,0.474,43.05,,,,,4.0,0.0,63688.91
2026-07-28 03:39:18,deribit,BTC,BTC-30JUL26-68000-P,2026-07-30,68000,put,0.07483943,0.039,0.1155,46.83,,,,,0.0,0.0,63272.07
2026-07-28 03:39:18,deribit,BTC,BTC-26MAR27-58000-C,2027-03-26,58000,call,0.19460015,0.193,0.1955,43.88,,,,,5.1,0.0,65018.15
2026-07-28 03:39:18,deribit,BTC,BTC-26MAR27-94000-C,2027-03-26,94000,call,0.02676853,0.026,0.0275,40.93,,,,,123.3,0.0,65018.15
2026-07-28 03:39:18,deribit,BTC,BTC-28AUG26-53000-P,2026-08-28,53000,put,0.00568404,0.0055,0.006,47.31,,,,,554.0,373.2,63479.32
2026-07-28 03:39:18,deribit,BTC,BTC-26MAR27-72000-C,2027-03-26,72000,call,0.09267086,0.092,0.0935,41.15,,,,,64.1,3.0,65018.15
2026-07-28 03:39:18,deribit,BTC,BTC-25JUN27-50000-C,2027-06-25,50000,call,0.30410159,0.301,0.3055,47.25,,,,,16.9,0.0,65741.86
2026-07-28 03:39:18,deribit,BTC,BTC-25DEC26-55000-C,2026-12-25,55000,call,0.19232217,0.1905,0.194,44.06,,,,,42.8,0.0,64342.22
2026-07-28 03:39:18,deribit,BTC,BTC-28JUL26-59000-P,2026-07-28,59000,put,0.0,,0.0001,61.49,,,,,2.1,0.0,63272.07
2026-07-28 03:39:18,deribit,BTC,BTC-25SEP26-52000-C,2026-09-25,52000,call,0.19544442,0.192,0.1985,46.42,,,,,75.0,0.0,63688.92
2026-07-28 03:39:18,deribit,BTC,BTC-31JUL26-90000-P,2026-07-31,90000,put,0.42200133,0.4135,0.439,68.12,,,,,14.8,0.3,63290.89
2026-07-28 03:39:18,deribit,BTC,BTC-28AUG26-69000-P,2026-08-28,69000,put,0.09906614,0.0955,0.1035,34.57,,,,,50.1,0.5,63479.32
2026-07-28 03:39:18,deribit,BTC,BTC-25DEC26-240000-C,2026-12-25,240000,call,9.871e-05,,0.0002,62.3,,,,,874.4,0.0,64342.22
2026-07-28 03:39:18,deribit,BTC,BTC-14AUG26-55000-C,2026-08-14,55000,call,0.1359563,0.1315,0.1385,47.43,,,,,0.0,0.0,63384.49
2026-07-28 03:39:18,deribit,BTC,BTC-31JUL26-105000-C,2026-07-31,105000,call,0.0,,0.0001,68.13,,,,,516.1,0.0,63290.89
2026-07-28 03:39:18,deribit,BTC,BTC-29JUL26-61000-P,2026-07-29,61000,put,0.00120197,0.0011,0.0014,48.93,,,,,49.8,10.3,63272.07
2026-07-28 03:39:18,deribit,BTC,BTC-26MAR27-66000-P,2027-03-26,66000,put,0.14420916,0.143,0.146,41.99,,,,,128.8,1.0,65018.15
2026-07-28 03:39:18,deribit,BTC,BTC-30JUL26-57000-P,2026-07-30,57000,put,0.00027645,0.0002,0.0004,63.49,,,,,36.5,35.0,63272.07
2026-07-28 03:39:18,deribit,BTC,BTC-30JUL26-68000-C,2026-07-30,68000,call,0.00033164,0.0003,0.0004,46.83,,,,,90.3,90.1,63272.07
2026-07-28 03:39:18,deribit,BTC,BTC-25DEC26-75000-C,2026-12-25,75000,call,0.04558917,0.045,0.046,39.51,,,,,1326.3,0.0,64342.16
2026-07-28 03:39:18,deribit,BTC,BTC-29JUL26-69000-C,2026-07-29,69000,call,1.06e-06,,0.0001,42.48,,,,,124.3,4.4,63272.07
2026-07-28 03:39:18,deribit,BTC,BTC-26MAR27-35000-P,2027-03-26,35000,put,0.01520725,0.015,0.016,58.2,,,,,556.8,15.8,65018.15
2026-07-28 03:39:18,deribit,BTC,BTC-25JUN27-30000-C,2027-06-25,30000,call,0.55911792,0.5575,0.561,60.77,,,,,29.6,17.6,65741.86
2026-07-28 03:39:18,deribit,BTC,BTC-31JUL26-72000-C,2026-07-31,72000,call,0.0001841,0.0001,0.0003,58.73,,,,,26169.0,83.7,63290.89
2026-07-28 03:39:18,deribit,BTC,BTC-28AUG26-61000-P,2026-08-28,61000,put,0.02676118,0.026,0.0275,38.1,,,,,574.4,15.3,63479.32
2026-07-28 03:39:18,deribit,BTC,BTC-25SEP26-50000-P,2026-09-25,50000,put,0.00914502,0.0085,0.0095,48.83,,,,,3560.7,9.3,63688.91
2026-07-28 03:39:18,deribit,BTC,BTC-7AUG26-80000-P,2026-08-07,80000,put,0.2633527,0.256,0.2705,59.51,,,,,0.0,0.0,63341.15
2026-07-28 03:39:18,deribit,BTC,BTC-26MAR27-64000-P,2027-03-26,64000,put,0.12804794,0.127,0.129,42.4,,,,,144.1,0.0,65018.15
2026-07-28 03:39:18,deribit,BTC,BTC-28AUG26-61000-C,2026-08-28,61000,call,0.06581967,0.064,0.0665,38.1,,,,,588.3,0.0,63479.32
2026-07-28 03:39:18,deribit,BTC,BTC-31JUL26-70000-P,2026-07-31,70000,put,0.1063988,0.102,0.1115,52.94,,,,,884.6,0.0,63290.89
2026-07-28 03:39:18,deribit,BTC,BTC-26MAR27-115000-P,2027-03-26,115000,put,0.77825994,0.773,0.7865,42.65,,,,,1.0,0.0,65018.15
2026-07-28 03:39:18,deribit,BTC,BTC-26MAR27-35000-C,2027-03-26,35000,call,0.47689851,0.4755,0.478,58.2,,,,,4.0,0.0,65018.09
2026-07-28 03:39:18,deribit,BTC,BTC-25JUN27-54000-P,2027-06-25,54000,put,0.08370418,0.0825,0.085,45.84,,,,,17.0,0.5,65741.68
2026-07-28 03:39:18,deribit,BTC,BTC-14AUG26-63000-C,2026-08-14,63000,call,0.03491256,0.0345,0.0355,36.85,,,,,22.9,20.9,63384.49
2026-07-28 03:39:18,deribit,BTC,BTC-25SEP26-140000-P,2026-09-25,140000,put,1.19835762,1.1245,1.28,66.36,,,,,1.4,0.0,63688.91
2026-07-28 03:39:18,deribit,BTC,BTC-28JUL26-63000-P,2026-07-28,63000,put,0.00160769,0.0014,0.0018,37.54,,,,,94.5,138.3,63272.07
2026-07-28 03:39:18,deribit,BTC,BTC-31JUL26-90000-C,2026-07-31,90000,call,0.0,,0.0001,68.12,,,,,1314.5,0.0,63290.83
2026-07-28 03:39:18,deribit,BTC,BTC-31JUL26-91000-P,2026-07-31,91000,put,0.43780135,0.43,0.452,68.12,,,,,0.2,0.0,63290.89
2026-07-28 03:39:18,deribit,BTC,BTC-30JUL26-63000-P,2026-07-30,63000,put,0.01124352,0.011,0.0115,43.46,,,,,28.9,27.3,63272.07
2026-07-28 03:39:18,deribit,BTC,BTC-28AUG26-70000-C,2026-08-28,70000,call,0.00947803,0.009,0.01,34.69,,,,,1181.4,87.7,63479.38
2026-07-28 03:39:18,deribit,BTC,BTC-26MAR27-108000-P,2027-03-26,108000,put,0.67412588,0.669,0.6825,41.92,,,,,0.0,0.0,65018.15
2026-07-28 03:39:18,deribit,BTC,BTC-26MAR27-180000-C,2027-03-26,180000,call,0.00132641,0.0011,0.0017,50.07,,,,,641.4,1.0,65018.15
2026-07-28 03:39:18,deribit,BTC,BTC-26MAR27-84000-P,2027-03-26,84000,put,0.33847392,0.335,0.344,40.56,,,,,55.1,0.0,65018.09
2026-07-28 03:39:18,deribit,BTC,BTC-28AUG26-76000-P,2026-08-28,76000,put,0.19966567,0.193,0.222,37.22,,,,,5.4,0.0,63479.32
2026-07-28 03:39:18,deribit,BTC,BTC-31JUL26-78000-C,2026-07-31,78000,call,9.29e-06,,0.0001,68.02,,,,,1171.4,0.0,63290.89
2026-07-28 03:39:18,deribit,BTC,BTC-7AUG26-65000-C,2026-08-07,65000,call,0.01347852,0.013,0.014,36.1,,,,,177.6,110.1,63341.11
2026-07-28 03:39:18,deribit,BTC,BTC-31JUL26-70000-C,2026-07-31,70000,call,0.00039777,0.0003,0.0004,52.94,,,,,25436.2,312.8,63290.89
2026-07-28 03:39:18,deribit,BTC,BTC-7AUG26-61000-C,2026-08-07,61000,call,0.04873056,0.047,0.05,40.08,,,,,33.5,1.0,63341.15
2026-07-28 03:39:18,deribit,BTC,BTC-7AUG26-69000-C,2026-08-07,69000,call,0.00237678,0.0022,0.0024,36.74,,,,,706.4,53.5,63341.15
2026-07-28 03:39:18,deribit,BTC,BTC-25SEP26-120000-C,2026-09-25,120000,call,0.00022266,0.0002,0.0005,55.89,,,,,1139.4,0.2,63688.91
2026-07-28 03:39:18,deribit,BTC,BTC-25SEP26-170000-P,2026-09-25,170000,put,1.66925387,1.58,1.7675,71.52,,,,,0.0,0.0,63688.91
2026-07-28 03:39:18,deribit,BTC,BTC-28AUG26-72000-P,2026-08-28,72000,put,0.13983026,0.136,0.1445,34.79,,,,,86.1,0.0,63479.32
2026-07-28 03:39:18,deribit,BTC,BTC-28JUL26-64500-C,2026-07-28,64500,call,2.329e-05,,0.0001,36.17,,,,,62.2,52.8,63272.07
2026-07-28 03:39:18,deribit,BTC,BTC-26MAR27-88000-C,2027-03-26,88000,call,0.03716954,0.0365,0.038,40.65,,,,,58.4,0.7,65018.09
2026-07-28 03:39:18,deribit,BTC,BTC-26MAR27-74000-P,2027-03-26,74000,put,0.22089161,0.219,0.2225,40.97,,,,,55.0,0.0,65018.15
2026-07-28 03:39:18,deribit,BTC,BTC-26MAR27-170000-C,2027-03-26,170000,call,0.00164022,0.0015,0.0019,48.94,,,,,248.7,0.2,65018.15
2026-07-28 03:39:18,deribit,BTC,BTC-7AUG26-70000-P,2026-08-07,70000,put,0.10680104,0.101,0.1195,38.16,,,,,0.0,0.0,63341.15
2026-07-28 03:39:18,deribit,BTC,BTC-28AUG26-73000-P,2026-08-28,73000,put,0.15444146,0.1505,0.161,35.27,,,,,4.7,0.0,63479.32
2026-07-28 03:39:18,deribit,BTC,BTC-26MAR27-74000-C,2027-03-26,74000,call,0.08275312,0.082,0.0835,40.97,,,,,49.8,0.0,65018.15
2026-07-28 03:39:18,deribit,BTC,BTC-14AUG26-72000-C,2026-08-14,72000,call,0.00204354,0.0019,0.0022,36.99,,,,,445.2,18.8,63384.49
2026-07-28 03:39:18,deribit,BTC,BTC-25DEC26-64000-P,2026-12-25,64000,put,0.10120131,0.1005,0.1025,40.8,,,,,251.4,4.6,64342.22
2026-07-28 03:39:18,deribit,BTC,BTC-28AUG26-84000-C,2026-08-28,84000,call,0.00085179,0.0007,0.001,44.65,,,,,58.9,0.2,63479.32
2026-07-28 03:39:18,deribit,BTC,BTC-26MAR27-54000-C,2027-03-26,54000,call,0.2347058,0.2325,0.2365,45.25,,,,,0.0,0.0,65018.09
2026-07-28 03:39:18,deribit,BTC,BTC-31JUL26-67500-P,2026-07-31,67500,put,0.06755197,0.0615,0.078,43.88,,,,,0.0,0.0,63290.83
2026-07-28 03:39:18,deribit,BTC,BTC-7AUG26-53000-P,2026-08-07,53000,put,0.00087974,0.0008,0.001,55.48,,,,,89.1,4.9,63341.11
2026-07-28 03:39:18,deribit,BTC,BTC-25SEP26-115000-C,2026-09-25,115000,call,0.00032987,0.0003,0.0004,54.7,,,,,2179.2,0.7,63688.92
2026-07-28 03:39:18,deribit,BTC,BTC-28AUG26-60000-C,2026-08-28,60000,call,0.07678709,0.074,0.0785,38.89,,,,,369.3,0.3,63479.32
2026-07-28 03:39:18,deribit,BTC,BTC-26MAR27-120000-P,2027-03-26,120000,put,0.85339112,0.845,0.9,43.24,,,,,1.8,0.1,65018.09
2026-07-28 03:39:18,deribit,BTC,BTC-25JUN27-84000-P,2027-06-25,84000,put,0.35048858,0.348,0.3545,41.61,,,,,0.0,0.0,65741.86
2026-07-28 03:39:18,deribit,BTC,BTC-28JUL26-63000-C,2026-07-28,63000,call,0.00592301,0.005,0.0065,37.54,,,,,13.3,17.3,63272.07
2026-07-28 03:39:18,deribit,BTC,BTC-31JUL26-52000-P,2026-07-31,52000,put,0.00014079,0.0001,0.0002,84.06,,,,,1541.4,557.4,63290.89
2026-07-28 03:39:18,deribit,BTC,BTC-26MAR27-104000-P,2027-03-26,104000,put,0.61534732,0.6105,0.623,41.53,,,,,0.0,0.0,65018.15
2026-07-28 03:39:18,deribit,BTC,BTC-28JUL26-66500-P,2026-07-28,66500,put,0.0510005,0.0155,0.089,44.84,,,,,0.1,0.1,63272.07
2026-07-28 03:39:18,deribit,BTC,BTC-28AUG26-57000-P,2026-08-28,57000,put,0.01197941,0.0115,0.0125,41.75,,,,,640.8,7.3,63479.32
2026-07-28 03:39:18,deribit,BTC,BTC-26MAR27-94000-P,2027-03-26,94000,put,0.47251201,0.4675,0.479,40.93,,,,,9.0,0.0,65018.15
2026-07-28 03:39:18,deribit,BTC,BTC-25DEC26-100000-P,2026-12-25,100000,put,0.5611036,0.554,0.573,41.77,,,,,303.1,0.0,64342.22
2026-07-28 03:39:18,deribit,BTC,BTC-25DEC26-75000-P,2026-12-25,75000,put,0.21123109,0.209,0.214,39.51,,,,,897.1,0.0,64342.22
2026-07-28 03:39:18,deribit,BTC,BTC-28AUG26-70000-P,2026-08-28,70000,put,0.11219779,0.1085,0.1165,34.69,,,,,181.0,100.0,63479.32
2026-07-28 03:39:18,deribit,BTC,BTC-28AUG26-60000-P,2026-08-28,60000,put,0.02197546,0.0215,0.0225,38.89,,,,,1807.4,189.0,63479.32
2026-07-28 03:39:18,deribit,BTC,BTC-30JUL26-64500-P,2026-07-30,64500,put,0.0246176,0.022,0.0275,41.07,,,,,32.4,28.7,63272.07
2026-07-28 03:39:18,deribit,BTC,BTC-25SEP26-130000-C,2026-09-25,130000,call,0.00021343,0.0001,0.0004,61.78,,,,,1431.6,0.3,63688.91
2026-07-28 03:39:18,deribit,BTC,BTC-30JUL26-62500-C,2026-07-30,62500,call,0.02075527,0.02,0.021,44.6,,,,,0.1,0.1,63272.07
2026-07-28 03:39:18,deribit,BTC,BTC-26MAR27-76000-C,2027-03-26,76000,call,0.07379746,0.073,0.0745,40.82,,,,,279.5,2.0,65018.15
2026-07-28 03:39:18,deribit,BTC,BTC-29JUL26-66000-P,2026-07-29,66000,put,0.0433409,0.0125,0.082,40.18,,,,,0.4,0.2,63272.07
2026-07-28 03:39:18,deribit,BTC,BTC-31JUL26-95000-P,2026-07-31,95000,put,0.5010014,0.492,0.5135,68.12,,,,,0.4,0.0,63290.83
2026-07-28 03:39:18,deribit,BTC,BTC-25JUN27-92000-C,2027-06-25,92000,call,0.05119684,0.05,0.052,41.56,,,,,1.0,0.0,65741.86
2026-07-28 03:39:18,deribit,BTC,BTC-25SEP26-92000-C,2026-09-25,92000,call,0.00126566,0.0011,0.0014,43.05,,,,,485.6,0.7,63688.92
2026-07-28 03:39:18,deribit,BTC,BTC-29JUL26-60000-P,2026-07-29,60000,put,0.00048052,0.0004,0.0006,53.45,,,,,57.6,50.7,63272.07
2026-07-28 03:39:18,deribit,BTC,BTC-25SEP26-125000-C,2026-09-25,125000,call,0.00021363,0.0001,0.0004,58.81,,,,,2329.4,0.2,63688.92
2026-07-28 03:39:18,deribit,BTC,BTC-29JUL26-65500-C,2026-07-29,65500,call,0.00052691,0.0004,0.0007,38.2,,,,,97.3,102.4,63272.07
2026-07-28 03:39:18,deribit,BTC,BTC-31JUL26-91000-C,2026-07-31,91000,call,0.0,,0.0001,68.12,,,,,286.2,0.0,63290.89
2026-07-28 03:39:18,deribit,BTC,BTC-25DEC26-120000-P,2026-12-25,120000,put,0.86738316,0.8585,0.8855,45.61,,,,,35.5,0.0,64342.22
2026-07-28 03:39:18,deribit,BTC,BTC-28AUG26-56000-C,2026-08-28,56000,call,0.12773065,0.1245,0.131,43.05,,,,,59.4,0.0,63479.32
2026-07-28 03:39:18,deribit,BTC,BTC-25DEC26-220000-P,2026-12-25,220000,put,2.41932366,2.304,2.545,59.04,,,,,0.0,0.0,64342.22
2026-07-28 03:39:18,deribit,BTC,BTC-25JUN27-70000-P,2027-06-25,70000,put,0.20029276,0.1985,0.2025,42.53,,,,,9.4,0.3,65741.68
2026-07-28 03:39:18,deribit,BTC,BTC-26MAR27-65000-C,2027-03-26,65000,call,0.13626154,0.135,0.1375,42.19,,,,,211.6,0.0,65018.15
2026-07-28 03:39:18,deribit,BTC,BTC-26MAR27-130000-C,2027-03-26,130000,call,0.00550793,0.005,0.006,44.7,,,,,1058.1,0.2,65018.15
2026-07-28 03:39:18,deribit,BTC,BTC-25SEP26-175000-C,2026-09-25,175000,call,2.661e-05,,0.0002,71.52,,,,,1355.9,0.0,63688.91
2026-07-28 03:39:18,deribit,BTC,BTC-31JUL26-62500-P,2026-07-31,62500,put,0.01057252,0.01,0.011,43.38,,,,,0.0,0.0,63290.89
2026-07-28 03:39:18,deribit,BTC,BTC-28AUG26-74000-P,2026-08-28,74000,put,0.1693089,0.164,0.176,35.8,,,,,3.3,0.0,63479.32
2026-07-28 03:39:18,deribit,BTC,BTC-28AUG26-50000-C,2026-08-28,50000,call,0.21565152,0.2125,0.2185,51.85,,,,,51.0,0.0,63479.32
2026-07-28 03:39:18,deribit,BTC,BTC-14AUG26-65000-C,2026-08-14,65000,call,0.02016934,0.0195,0.0205,35.69,,,,,20.7,22.3,63384.49
2026-07-28 03:39:18,deribit,BTC,BTC-26MAR27-84000-C,2027-03-26,84000,call,0.04653294,0.046,0.0475,40.56,,,,,237.7,0.1,65018.15
2026-07-28 03:39:18,deribit,BTC,BTC-25JUN27-160000-C,2027-06-25,160000,call,0.00538467,0.005,0.0055,46.1,,,,,501.4,7.0,65741.68
2026-07-28 03:39:18,deribit,BTC,BTC-25JUN27-170000-P,2027-06-25,170000,put,1.59011075,1.5,1.6965,46.87,,,,,14.6,14.6,65741.68
2026-07-28 03:39:18,deribit,BTC,BTC-25SEP26-86000-P,2026-09-25,86000,put,0.35252679,0.345,0.384,39.87,,,,,11.6,0.0,63688.92
2026-07-28 03:39:18,deribit,BTC,BTC-29JUL26-65000-C,2026-07-29,65000,call,0.00107281,0.0009,0.0012,37.51,,,,,55.9,53.9,63272.07
2026-07-28 03:39:18,deribit,BTC,BTC-28JUL26-64500-P,2026-07-28,64500,put,0.01941475,0.015,0.0255,36.17,,,,,68.3,110.2,63272.07
2026-07-28 03:39:18,deribit,BTC,BTC-25SEP26-68000-C,2026-09-25,68000,call,0.03169098,0.031,0.032,35.88,,,,,818.2,16.3,63688.91
2026-07-28 03:39:18,deribit,BTC,BTC-28JUL26-62000-P,2026-07-28,62000,put,9.878e-05,,0.0001,46.68,,,,,154.2,68.4,63272.07
2026-07-28 03:39:18,deribit,BTC,BTC-14AUG26-62000-C,2026-08-14,62000,call,0.04449033,0.044,0.045,37.86,,,,,1.3,0.1,63384.49
2026-07-28 03:39:18,deribit,BTC,BTC-25SEP26-280000-C,2026-09-25,280000,call,4.5e-07,,0.0001,81.51,,,,,94.0,0.0,63688.92
2026-07-28 03:39:18,deribit,BTC,BTC-25DEC26-230000-C,2026-12-25,230000,call,0.00014222,,0.0002,62.24,,,,,195.9,0.0,64342.22
2026-07-28 03:39:18,deribit,BTC,BTC-29JUL26-67000-P,2026-07-29,67000,put,0.05892121,0.0235,0.098,42.47,,,,,0.0,0.0,63272.07
2026-07-28 03:39:18,deribit,BTC,BTC-30JUL26-64000-P,2026-07-30,64000,put,0.01931759,0.018,0.02,41.55,,,,,78.4,73.6,63272.07
2026-07-28 03:39:18,deribit,BTC,BTC-25DEC26-50000-P,2026-12-25,50000,put,0.02988914,0.0295,0.0305,47.1,,,,,1747.5,1.6,64342.22
2026-07-28 03:39:18,deribit,BTC,BTC-28AUG26-65000-C,2026-08-28,65000,call,0.03100888,0.0305,0.0315,35.53,,,,,1117.8,30.7,63479.32
2026-07-28 03:39:18,deribit,BTC,BTC-31JUL26-120000-C,2026-07-31,120000,call,0.0,,0.0001,77.21,,,,,1059.4,0.0,63290.89
2026-07-28 03:39:18,deribit,BTC,BTC-28AUG26-68000-P,2026-08-28,68000,put,0.08677205,0.0835,0.0895,34.71,,,,,87.9,0.1,63479.32
2026-07-28 03:39:18,deribit,BTC,BTC-31JUL26-63000-C,2026-07-31,63000,call,0.01809371,0.0175,0.0185,42.22,,,,,1190.0,10.9,63290.89
2026-07-28 03:39:18,deribit,BTC,BTC-28AUG26-76000-C,2026-08-28,76000,call,0.00242707,0.0022,0.0026,37.22,,,,,699.1,6.4,63479.32
2026-07-28 03:39:18,deribit,BTC,BTC-25DEC26-54000-P,2026-12-25,54000,put,0.04310049,0.0425,0.044,44.61,,,,,1808.1,0.0,64342.16
2026-07-28 03:39:18,deribit,BTC,BTC-25DEC26-92000-P,2026-12-25,92000,put,0.4414917,0.435,0.505,40.25,,,,,4.5,0.0,64342.22
2026-07-28 03:39:18,deribit,BTC,BTC-28AUG26-40000-C,2026-08-28,40000,call,0.37063919,0.3675,0.378,71.25,,,,,23.5,0.0,63479.32
2026-07-28 03:39:18,deribit,BTC,BTC-26MAR27-78000-P,2027-03-26,78000,put,0.26535883,0.2635,0.2675,40.68,,,,,182.7,0.0,65018.15
2026-07-28 03:39:18,deribit,BTC,BTC-25SEP26-54000-C,2026-09-25,54000,call,0.16762639,0.1645,0.1695,44.07,,,,,7.2,0.0,63688.92
2026-07-28 03:39:18,deribit,BTC,BTC-25DEC26-108000-C,2026-12-25,108000,call,0.00421188,0.0039,0.0044,43.1,,,,,122.2,0.0,64342.22
2026-07-28 03:39:18,deribit,BTC,BTC-25DEC26-60000-P,2026-12-25,60000,put,0.07308075,0.0725,0.074,41.93,,,,,6454.0,21.5,64342.22
2026-07-28 03:39:18,deribit,BTC,BTC-25JUN27-58000-C,2027-06-25,58000,call,0.22474307,0.223,0.226,44.78,,,,,4.7,0.0,65741.86
2026-07-28 03:39:18,deribit,BTC,BTC-28JUL26-68000-P,2026-07-28,68000,put,0.07470728,0.0385,0.113,45.98,,,,,0.0,0.0,63272.07
2026-07-28 03:39:18,deribit,BTC,BTC-25DEC26-250000-P,2026-12-25,250000,put,2.88554835,2.755,3.0285,62.75,,,,,10.0,0.0,64342.22
2026-07-28 03:39:18,deribit,BTC,BTC-25SEP26-85000-C,2026-09-25,85000,call,0.00247773,0.0023,0.0026,39.38,,,,,1227.2,3.1,63688.92
2026-07-28 03:39:18,deribit,BTC,BTC-26MAR27-190000-P,2027-03-26,190000,put,1.9233239,1.8245,2.0355,51.07,,,,,0.9,0.0,65018.15
2026-07-28 03:39:18,deribit,BTC,BTC-25DEC26-160000-C,2026-12-25,160000,call,0.00051524,0.0004,0.0008,52.18,,,,,1226.9,0.1,64342.22
2026-07-28 03:39:18,deribit,BTC,BTC-25DEC26-88000-P,2026-12-25,88000,put,0.38355334,0.3775,0.416,39.87,,,,,4.1,0.0,64342.22
2026-07-28 03:39:18,deribit,BTC,BTC-25DEC26-96000-P,2026-12-25,96000,put,0.50102411,0.495,0.558,41.1,,,,,11.2,0.0,64342.16
2026-07-28 03:39:18,deribit,BTC,BTC-25SEP26-96000-P,2026-09-25,96000,put,0.50827277,0.4995,0.5365,45.33,,,,,1.0,0.0,63688.92
2026-07-28 03:39:18,deribit,BTC,BTC-31JUL26-87000-P,2026-07-31,87000,put,0.37460129,0.3665,0.3865,68.05,,,,,8.1,0.0,63290.89
2026-07-28 03:39:18,deribit,BTC,BTC-31JUL26-67000-P,2026-07-31,67000,put,0.05996934,0.057,0.0645,42.38,,,,,252.1,14.2,63290.89
2026-07-28 03:39:18,deribit,BTC,BTC-25DEC26-90000-C,2026-12-25,90000,call,0.01354175,0.013,0.014,40.03,,,,,3087.6,27.2,64342.22
2026-07-28 03:39:18,deribit,BTC,BTC-26MAR27-66000-C,2027-03-26,66000,call,0.12911267,0.128,0.13,41.99,,,,,18.6,0.1,65018.15
2026-07-28 03:39:18,deribit,BTC,BTC-25JUN27-62000-P,2027-06-25,62000,put,0.13401736,0.133,0.1355,43.84,,,,,15.4,0.3,65741.68
2026-07-28 03:39:18,deribit,BTC,BTC-26MAR27-200000-P,2027-03-26,200000,put,2.07683879,1.973,2.194,51.39,,,,,1.0,0.0,65018.15
2026-07-28 03:39:18,deribit,BTC,BTC-26MAR27-45000-C,2027-03-26,45000,call,0.3406362,0.3385,0.3425,49.74,,,,,3.2,0.0,65018.15
2026-07-28 03:39:18,deribit,BTC,BTC-25SEP26-30000-P,2026-09-25,30000,put,0.00114113,0.001,0.0012,85.05,,,,,2339.2,13.9,63688.92
2026-07-28 03:39:18,deribit,BTC,BTC-28JUL26-62500-C,2026-07-28,62500,call,0.01260431,0.0085,0.0375,41.33,,,,,0.0,0.0,63272.07
2026-07-28 03:39:18,deribit,BTC,BTC-25SEP26-260000-C,2026-09-25,260000,call,6.1e-07,,0.0003,78.83,,,,,293.8,0.0,63688.91
2026-07-28 03:39:18,deribit,BTC,BTC-26MAR27-160000-C,2027-03-26,160000,call,0.00209252,0.0019,0.0024,47.82,,,,,854.9,0.3,65018.15
2026-07-28 03:39:18,deribit,BTC,BTC-31JUL26-69000-P,2026-07-31,69000,put,0.09072515,0.0865,0.096,48.68,,,,,209.6,0.3,63290.89
2026-07-28 03:39:18,deribit,BTC,BTC-25DEC26-66000-P,2026-12-25,66000,put,0.11763049,0.117,0.119,40.33,,,,,363.5,81.4,64342.22
2026-07-28 03:39:18,deribit,BTC,BTC-25SEP26-82000-C,2026-09-25,82000,call,0.00353323,0.0033,0.0037,37.94,,,,,2497.5,14.4,63688.92
2026-07-28 03:39:18,deribit,BTC,BTC-14AUG26-66000-P,2026-08-14,66000,put,0.05595202,0.055,0.059,35.17,,,,,3.0,0.2,63384.49
2026-07-28 03:39:18,deribit,BTC,BTC-30JUL26-58000-C,2026-07-30,58000,call,0.08399925,0.0505,0.117,59.48,,,,,0.0,0.0,63272.07
2026-07-28 03:39:18,deribit,BTC,BTC-31JUL26-64500-P,2026-07-31,64500,put,0.02662222,0.0255,0.028,40.43,,,,,59.6,65.4,63290.89
2026-07-28 03:39:18,deribit,BTC,BTC-26MAR27-92000-P,2027-03-26,92000,put,0.44479082,0.4405,0.4515,40.81,,,,,0.2,0.0,65018.15
2026-07-28 03:39:18,deribit,BTC,BTC-25DEC26-190000-P,2026-12-25,190000,put,1.9531751,1.8535,2.0625,55.88,,,,,0.0,0.0,64342.22
2026-07-28 03:39:18,deribit,BTC,BTC-30JUL26-66000-P,2026-07-30,66000,put,0.04439245,0.035,0.0495,41.69,,,,,1.2,1.2,63272.07
2026-07-28 03:39:18,deribit,BTC,BTC-25DEC26-35000-C,2026-12-25,35000,call,0.46448169,0.463,0.465,62.95,,,,,77.6,0.0,64342.22
2026-07-28 03:39:18,deribit,BTC,BTC-25DEC26-160000-P,2026-12-25,160000,put,1.48721798,1.403,1.5815,52.18,,,,,0.0,0.0,64342.22
2026-07-28 03:39:18,deribit,BTC,BTC-31JUL26-86000-C,2026-07-31,86000,call,1e-08,,0.0001,68.04,,,,,496.0,0.5,63290.83
2026-07-28 03:39:18,deribit,BTC,BTC-25DEC26-120000-C,2026-12-25,120000,call,0.0023561,0.0021,0.0025,45.61,,,,,6033.0,2.7,64342.22
2026-07-28 03:39:18,deribit,BTC,BTC-26MAR27-72000-P,2027-03-26,72000,put,0.20004885,0.1985,0.203,41.15,,,,,139.2,0.0,65018.09
2026-07-28 03:39:18,deribit,BTC,BTC-31JUL26-89000-P,2026-07-31,89000,put,0.40620132,0.398,0.4195,68.08,,,,,5.9,0.0,63290.89
2026-07-28 03:39:18,deribit,BTC,BTC-30JUL26-70000-P,2026-07-30,70000,put,0.10617463,0.0695,0.1475,50.53,,,,,0.0,0.0,63272.07
2026-07-28 03:39:18,deribit,BTC,BTC-28JUL26-65000-C,2026-07-28,65000,call,9e-07,,0.0001,36.19,,,,,220.4,18.2,63272.07
2026-07-28 03:39:18,deribit,BTC,BTC-25DEC26-150000-C,2026-12-25,150000,call,0.00069578,0.0005,0.0009,50.57,,,,,1640.1,21.0,64342.22
2026-07-28 03:39:18,deribit,BTC,BTC-29JUL26-69000-P,2026-07-29,69000,put,0.09045483,0.0535,0.13,42.48,,,,,0.0,0.0,63272.07
2026-07-28 03:39:18,deribit,BTC,BTC-26MAR27-58000-P,2027-03-26,58000,put,0.08665464,0.0855,0.0875,43.88,,,,,109.6,1.5,65018.15
2026-07-28 03:39:18,deribit,BTC,BTC-28AUG26-54000-P,2026-08-28,54000,put,0.00672779,0.0065,0.007,45.66,,,,,1098.3,49.5,63479.32
2026-07-28 03:39:18,deribit,BTC,BTC-28AUG26-81000-C,2026-08-28,81000,call,0.00115195,0.001,0.0013,41.61,,,,,1151.5,0.0,63479.32
2026-07-28 03:39:18,deribit,BTC,BTC-30JUL26-60000-C,2026-07-30,60000,call,0.05363749,0.049,0.085,52.37,,,,,0.0,0.0,63272.07
2026-07-28 03:39:18,deribit,BTC,BTC-31JUL26-59000-P,2026-07-31,59000,put,0.0017474,0.0017,0.0018,53.51,,,,,2167.6,539.6,63290.89
2026-07-28 03:39:18,deribit,BTC,BTC-28AUG26-95000-C,2026-08-28,95000,call,0.00033289,0.0003,0.0005,54.13,,,,,11.6,0.0,63479.32
2026-07-28 03:39:18,deribit,BTC,BTC-25JUN27-100000-C,2027-06-25,100000,call,0.03657766,0.0355,0.0375,41.79,,,,,61.7,2.5,65741.86
2026-07-28 03:39:18,deribit,BTC,BTC-29JUL26-67000-C,2026-07-29,67000,call,7.479e-05,,0.0001,42.47,,,,,69.2,73.4,63272.07
2026-07-28 03:39:18,deribit,BTC,BTC-25SEP26-88000-C,2026-09-25,88000,call,0.00182489,0.0016,0.002,40.96,,,,,650.1,0.0,63688.91
2026-07-28 03:39:18,deribit,BTC,BTC-29JUL26-65000-P,2026-07-29,65000,put,0.02831187,0.0235,0.033,37.51,,,,,6.3,6.3,63272.07
2026-07-28 03:39:18,deribit,BTC,BTC-25DEC26-66000-C,2026-12-25,66000,call,0.09186561,0.0915,0.092,40.33,,,,,260.5,6.2,64342.22
2026-07-28 03:39:18,deribit,BTC,BTC-25DEC26-102000-C,2026-12-25,102000,call,0.00601907,0.0055,0.0065,42.01,,,,,169.0,0.4,64342.22
2026-07-28 03:39:18,deribit,BTC,BTC-28AUG26-69000-C,2026-08-28,69000,call,0.01209952,0.0115,0.0125,34.57,,,,,631.3,19.2,63479.32
2026-07-28 03:39:18,deribit,BTC,BTC-26MAR27-104000-C,2027-03-26,104000,call,0.01580135,0.015,0.0165,41.53,,,,,101.2,0.0,65018.15
2026-07-28 03:39:18,deribit,BTC,BTC-28AUG26-95000-P,2026-08-28,95000,put,0.49688114,0.4885,0.524,54.13,,,,,0.1,0.0,63479.32
2026-07-28 03:39:18,deribit,BTC,BTC-25DEC26-170000-C,2026-12-25,170000,call,0.00036894,0.0002,0.0006,53.38,,,,,2384.0,5.3,64342.16
2026-07-28 03:39:18,deribit,BTC,BTC-25SEP26-65000-C,2026-09-25,65000,call,0.0499748,0.049,0.0505,36.82,,,,,760.6,4.5,63688.91
2026-07-28 03:39:18,deribit,BTC,BTC-14AUG26-55000-P,2026-08-14,55000,put,0.00367755,0.0037,0.0039,47.43,,,,,68.0,9.3,63384.49
2026-07-28 03:39:18,deribit,BTC,BTC-26MAR27-130000-P,2027-03-26,130000,put,1.0049404,0.996,1.0905,44.7,,,,,0.2,0.0,65018.15
2026-07-28 03:39:18,deribit,BTC,BTC-26MAR27-80000-P,2027-03-26,80000,put,0.28892495,0.287,0.292,40.6,,,,,139.6,0.0,65018.15
2026-07-28 03:39:18,deribit,BTC,BTC-14AUG26-61000-C,2026-08-14,61000,call,0.05506019,0.054,0.056,38.74,,,,,0.0,0.0,63384.49
2026-07-28 03:39:18,deribit,BTC,BTC-28AUG26-62000-C,2026-08-28,62000,call,0.05561797,0.0545,0.056,37.3,,,,,896.2,15.0,63479.32
2026-07-28 03:39:18,deribit,BTC,BTC-25SEP26-300000-C,2026-09-25,300000,call,4.4e-07,,0.0001,84.97,,,,,192.5,0.0,63688.92
2026-07-28 03:39:18,deribit,BTC,BTC-26MAR27-40000-C,2027-03-26,40000,call,0.40722209,0.4055,0.4095,53.61,,,,,81.3,1.5,65018.15
2026-07-28 03:39:18,deribit,BTC,BTC-25SEP26-135000-C,2026-09-25,135000,call,0.00018077,0.0001,0.0003,63.67,,,,,275.6,0.0,63688.91
2026-07-28 03:39:18,deribit,BTC,BTC-25JUN27-64000-C,2027-06-25,64000,call,0.1757588,0.174,0.177,43.49,,,,,16.8,0.3,65741.68
2026-07-28 03:39:18,deribit,BTC,BTC-25SEP26-72000-P,2026-09-25,72000,put,0.1470766,0.144,0.1525,35.62,,,,,274.9,0.0,63688.92
2026-07-28 03:39:18,deribit,BTC,BTC-26MAR27-85000-P,2027-03-26,85000,put,0.35123421,0.348,0.357,40.55,,,,,0.8,0.0,65018.15
2026-07-28 03:39:18,deribit,BTC,BTC-28AUG26-55000-C,2026-08-28,55000,call,0.14177072,0.1385,0.1445,44.39,,,,,5.8,0.0,63479.32
2026-07-28 03:39:18,deribit,BTC,BTC-25SEP26-62000-P,2026-09-25,62000,put,0.04804777,0.048,0.0485,38.13,,,,,983.8,21.0,63688.91
2026-07-28 03:39:18,deribit,BTC,BTC-31JUL26-76000-C,2026-07-31,76000,call,4.011e-05,,0.0001,68.02,,,,,2887.1,0.9,63290.83
2026-07-28 03:39:18,deribit,BTC,BTC-30JUL26-67500-C,2026-07-30,67500,call,0.00050568,0.0004,0.0006,45.98,,,,,6.5,6.5,63272.07
2026-07-28 03:39:18,deribit,BTC,BTC-26MAR27-55000-C,2027-03-26,55000,call,0.22418993,0.222,0.226,44.86,,,,,28.6,0.0,65018.15
2026-07-28 03:39:18,deribit,BTC,BTC-26MAR27-62000-C,2027-03-26,62000,call,0.15927765,0.158,0.16,42.78,,,,,42.2,0.0,65018.15
2026-07-28 03:39:18,deribit,BTC,BTC-28AUG26-110000-C,2026-08-28,110000,call,9.597e-05,,0.0003,62.94,,,,,105.0,1.2,63479.32
2026-07-28 03:39:18,deribit,BTC,BTC-31JUL26-48000-C,2026-07-31,48000,call,0.24163318,0.237,0.245,99.61,,,,,2.0,0.0,63290.89
2026-07-28 03:39:18,deribit,BTC,BTC-25JUN27-150000-P,2027-06-25,150000,put,1.28864901,1.207,1.3865,45.39,,,,,0.0,0.0,65741.86
2026-07-28 03:39:18,deribit,BTC,BTC-29JUL26-66000-C,2026-07-29,66000,call,0.00029816,0.0002,0.0004,40.18,,,,,59.3,4.4,63272.07
2026-07-28 03:39:18,deribit,BTC,BTC-25SEP26-120000-P,2026-09-25,120000,put,0.88437434,0.8765,0.894,55.89,,,,,172.3,0.0,63688.91
2026-07-28 03:39:18,deribit,BTC,BTC-28AUG26-94000-C,2026-08-28,94000,call,0.0003954,0.0003,0.0005,53.94,,,,,194.8,2.3,63479.32
2026-07-28 03:39:18,deribit,BTC,BTC-25JUN27-52000-C,2027-06-25,52000,call,0.28271452,0.2805,0.284,46.51,,,,,0.6,0.0,65741.68
2026-07-28 03:39:18,deribit,BTC,BTC-25SEP26-50000-C,2026-09-25,50000,call,0.22408182,0.221,0.227,48.83,,,,,30.5,0.0,63688.91
2026-07-28 03:39:18,deribit,BTC,BTC-28AUG26-96000-C,2026-08-28,96000,call,0.00032913,0.0002,0.0005,55.28,,,,,23.4,0.2,63479.32
2026-07-28 03:39:18,deribit,BTC,BTC-28JUL26-72000-C,2026-07-28,72000,call,0.0,,0.0001,49.25,,,,,0.0,0.0,63272.07
2026-07-28 03:39:18,deribit,BTC,BTC-28JUL26-69000-C,2026-07-28,69000,call,0.0,,0.0001,46.07,,,,,19.9,1.2,63272.07
2026-07-28 03:39:18,deribit,BTC,BTC-31JUL26-75000-C,2026-07-31,75000,call,7.994e-05,,0.0001,68.02,,,,,4301.9,36.2,63290.83
2026-07-28 03:39:18,deribit,BTC,BTC-25SEP26-96000-C,2026-09-25,96000,call,0.00095142,0.0008,0.0011,45.33,,,,,307.4,0.0,63688.92
2026-07-28 03:39:18,deribit,BTC,BTC-26MAR27-112000-C,2027-03-26,112000,call,0.01077908,0.01,0.0115,42.25,,,,,63.2,0.0,65018.15
2026-07-28 03:39:18,deribit,BTC,BTC-26MAR27-82000-C,2027-03-26,82000,call,0.05211767,0.0515,0.0525,40.54,,,,,663.6,9.1,65018.15
2026-07-28 03:39:18,deribit,BTC,BTC-31JUL26-108000-C,2026-07-31,108000,call,0.0,,0.0001,68.35,,,,,375.1,0.0,63290.89
2026-07-28 03:39:18,deribit,BTC,BTC-25SEP26-55000-C,2026-09-25,55000,call,0.15431706,0.1505,0.1575,43.14,,,,,83.9,0.0,63688.92
2026-07-28 03:39:18,deribit,BTC,BTC-28JUL26-66500-C,2026-07-28,66500,call,0.0,,0.0001,44.84,,,,,261.4,142.4,63272.07
2026-07-28 03:39:18,deribit,BTC,BTC-31JUL26-68000-C,2026-07-31,68000,call,0.00081269,0.0007,0.0009,45.36,,,,,4680.4,353.6,63290.89
2026-07-28 03:39:18,deribit,BTC,BTC-31JUL26-100000-C,2026-07-31,100000,call,0.0,,0.0001,68.13,,,,,1802.6,0.0,63290.89
2026-07-28 03:39:18,deribit,BTC,BTC-25JUN27-88000-C,2027-06-25,88000,call,0.06109923,0.06,0.062,41.59,,,,,2.8,0.0,65741.86
2026-07-28 03:39:18,deribit,BTC,BTC-25DEC26-74000-P,2026-12-25,74000,put,0.19945647,0.1955,0.202,39.52,,,,,102.6,0.0,64342.16
2026-07-28 03:39:18,deribit,BTC,BTC-25JUN27-45000-C,2027-06-25,45000,call,0.361639,0.3595,0.3635,49.57,,,,,0.4,0.0,65741.86
2026-07-28 03:39:18,deribit,BTC,BTC-25SEP26-74000-C,2026-09-25,74000,call,0.0117965,0.0115,0.012,35.65,,,,,722.9,2.6,63688.91
2026-07-28 03:39:18,deribit,BTC,BTC-31JUL26-64000-C,2026-07-31,64000,call,0.01018911,0.01,0.0105,40.41,,,,,857.4,109.9,63290.89
2026-07-28 03:39:18,deribit,BTC,BTC-29JUL26-62000-C,2026-07-29,62000,call,0.02317086,0.0195,0.027,44.58,,,,,0.0,0.0,63272.07
2026-07-28 03:39:18,deribit,BTC,BTC-25JUN27-54000-C,2027-06-25,54000,call,0.26231472,0.26,0.2635,45.84,,,,,0.3,0.0,65741.86
2026-07-28 03:39:18,deribit,BTC,BTC-14AUG26-75000-C,2026-08-14,75000,call,0.00106288,0.0009,0.0012,40.81,,,,,356.5,125.7,63384.49
2026-07-28 03:39:18,deribit,BTC,BTC-25DEC26-84000-C,2026-12-25,84000,call,0.02205555,0.0215,0.022,39.71,,,,,759.0,54.5,64342.22
2026-07-28 03:39:18,deribit,BTC,BTC-28AUG26-85000-C,2026-08-28,85000,call,0.00078712,0.0006,0.0009,45.71,,,,,318.6,0.2,63479.32
2026-07-28 03:39:18,deribit,BTC,BTC-7AUG26-80000-C,2026-08-07,80000,call,0.00035348,0.0003,0.0004,59.51,,,,,248.5,199.6,63341.11
2026-07-28 03:39:18,deribit,BTC,BTC-25SEP26-76000-P,2026-09-25,76000,put,0.20163041,0.198,0.207,35.77,,,,,599.6,0.0,63688.92
2026-07-28 03:39:18,deribit,BTC,BTC-28AUG26-98000-C,2026-08-28,98000,call,0.00022091,0.0001,0.0004,55.28,,,,,154.0,1.0,63479.32
2026-07-28 03:39:18,deribit,BTC,BTC-25SEP26-54000-P,2026-09-25,54000,put,0.01549465,0.015,0.016,44.07,,,,,372.5,3.1,63688.91
2026-07-28 03:39:18,deribit,BTC,BTC-28AUG26-100000-C,2026-08-28,100000,call,0.00021499,0.0001,0.0004,57.37,,,,,155.1,1.0,63479.32
2026-07-28 03:39:18,deribit,BTC,BTC-25DEC26-76000-C,2026-12-25,76000,call,0.042064,0.0415,0.0425,39.49,,,,,339.3,0.8,64342.22
2026-07-28 03:39:18,deribit,BTC,BTC-25JUN27-86000-P,2027-06-25,86000,put,0.37477517,0.372,0.3795,41.58,,,,,0.0,0.0,65741.68
2026-07-28 03:39:18,deribit,BTC,BTC-29JUL26-68000-C,2026-07-29,68000,call,1.029e-05,,0.0001,42.47,,,,,108.1,48.8,63272.07
2026-07-28 03:39:18,deribit,BTC,BTC-29JUL26-63500-C,2026-07-29,63500,call,0.00719824,0.007,0.0075,38.94,,,,,4.9,4.9,63272.07
2026-07-28 03:39:18,deribit,BTC,BTC-14AUG26-72000-P,2026-08-14,72000,put,0.13796955,0.1315,0.161,36.99,,,,,0.0,0.0,63384.49
2026-07-28 03:39:18,deribit,BTC,BTC-25JUN27-92000-P,2027-06-25,92000,put,0.45060111,0.447,0.456,41.56,,,,,0.0,0.0,65741.68
2026-07-28 03:39:18,deribit,BTC,BTC-28AUG26-82000-C,2026-08-28,82000,call,0.00100899,0.0009,0.0012,42.46,,,,,1526.5,0.0,63479.32
2026-07-28 03:39:18,deribit,BTC,BTC-25DEC26-104000-C,2026-12-25,104000,call,0.0054277,0.005,0.0055,42.52,,,,,84.3,0.0,64342.22
2026-07-28 03:39:18,deribit,BTC,BTC-7AUG26-63000-C,2026-08-07,63000,call,0.02764233,0.027,0.028,37.41,,,,,24.7,0.0,63341.15
2026-07-28 03:39:18,deribit,BTC,BTC-25SEP26-66000-C,2026-09-25,66000,call,0.04319941,0.0425,0.0435,36.47,,,,,971.0,251.5,63688.91
2026-07-28 03:39:18,deribit,BTC,BTC-30JUL26-64500-C,2026-07-30,64500,call,0.00541536,0.005,0.006,41.07,,,,,3.2,3.3,63272.07
2026-07-28 03:39:18,deribit,BTC,BTC-25SEP26-155000-P,2026-09-25,155000,put,1.43379305,1.352,1.5235,70.11,,,,,0.1,0.0,63688.91
2026-07-28 03:39:18,deribit,BTC,BTC-25SEP26-105000-C,2026-09-25,105000,call,0.0005449,0.0005,0.0006,50.02,,,,,1208.3,0.0,63688.91
2026-07-28 03:39:18,deribit,BTC,BTC-31JUL26-71000-C,2026-07-31,71000,call,0.00029022,0.0002,0.0004,56.51,,,,,2808.2,119.5,63290.89
2026-07-28 03:39:18,deribit,BTC,BTC-25DEC26-88000-C,2026-12-25,88000,call,0.01586683,0.0155,0.016,39.87,,,,,2483.2,30.8,64342.22
2026-07-28 03:39:18,deribit,BTC,BTC-14AUG26-68000-P,2026-08-14,68000,put,0.08040088,0.0765,0.0845,35.09,,,,,0.0,0.0,63384.49
2026-07-28 03:39:18,deribit,BTC,BTC-25JUN27-56000-P,2027-06-25,56000,put,0.09491665,0.0935,0.0965,45.31,,,,,41.5,1.0,65741.68
2026-07-28 03:39:18,deribit,BTC,BTC-26MAR27-105000-P,2027-03-26,105000,put,0.63007174,0.6245,0.637,41.69,,,,,0.0,0.0,65018.15
2026-07-28 03:39:18,deribit,BTC,BTC-28AUG26-80000-P,2026-08-28,80000,put,0.26154105,0.254,0.2805,40.59,,,,,12.8,0.0,63479.32
2026-07-28 03:39:18,deribit,BTC,BTC-31JUL26-54000-C,2026-07-31,54000,call,0.14697627,0.142,0.1515,71.41,,,,,1.6,0.0,63290.83
2026-07-28 03:39:18,deribit,BTC,BTC-25JUN27-105000-P,2027-06-25,105000,put,0.62696858,0.6215,0.6335,41.97,,,,,0.0,0.0,65741.68
2026-07-28 03:39:18,deribit,BTC,BTC-28AUG26-52000-P,2026-08-28,52000,put,0.00470697,0.0045,0.0049,48.71,,,,,1105.8,8.8,63479.32
2026-07-28 03:39:18,deribit,BTC,BTC-25SEP26-82000-P,2026-09-25,82000,put,0.29103688,0.286,0.297,37.94,,,,,194.1,0.0,63688.91
2026-07-28 03:39:18,deribit,BTC,BTC-26MAR27-112000-P,2027-03-26,112000,put,0.73336705,0.7275,0.742,42.25,,,,,0.0,0.0,65018.15
2026-07-28 03:39:18,deribit,BTC,BTC-31JUL26-82000-C,2026-07-31,82000,call,3.6e-07,,0.0001,68.02,,,,,3188.2,0.0,63290.89
2026-07-28 03:39:18,deribit,BTC,BTC-29JUL26-57000-P,2026-07-29,57000,put,3.092e-05,,0.0001,66.46,,,,,11.3,0.0,63272.07
2026-07-28 03:39:18,deribit,BTC,BTC-14AUG26-60000-P,2026-08-14,60000,put,0.01339628,0.013,0.014,39.85,,,,,806.9,637.0,63384.49
2026-07-28 03:39:18,deribit,BTC,BTC-25DEC26-58000-C,2026-12-25,58000,call,0.16015848,0.159,0.1615,42.71,,,,,41.8,0.0,64342.22
2026-07-28 03:39:18,deribit,BTC,BTC-31JUL26-65000-P,2026-07-31,65000,put,0.03231662,0.031,0.0345,40.11,,,,,602.8,30.9,63290.89
2026-07-28 03:39:18,deribit,BTC,BTC-28AUG26-65000-P,2026-08-28,65000,put,0.05496294,0.0545,0.0555,35.53,,,,,747.2,224.3,63479.32
2026-07-28 03:39:18,deribit,BTC,BTC-30JUL26-66500-P,2026-07-30,66500,put,0.05177343,0.0455,0.064,42.5,,,,,0.0,0.0,63272.07
2026-07-28 03:39:18,deribit,BTC,BTC-25SEP26-66000-P,2026-09-25,66000,put,0.07948283,0.0785,0.081,36.47,,,,,853.1,44.9,63688.91
2026-07-28 03:39:18,deribit,BTC,BTC-25JUN27-90000-C,2027-06-25,90000,call,0.05606226,0.055,0.057,41.61,,,,,78.2,0.0,65741.68
2026-07-28 03:39:18,deribit,BTC,BTC-25DEC26-85000-C,2026-12-25,85000,call,0.02032677,0.02,0.0205,39.75,,,,,2200.4,114.8,64342.16
2026-07-28 03:39:18,deribit,BTC,BTC-25DEC26-98000-P,2026-12-25,98000,put,0.53070177,0.5235,0.577,41.11,,,,,1.1,0.0,64342.22
2026-07-28 03:39:18,deribit,BTC,BTC-28AUG26-90000-P,2026-08-28,90000,put,0.41832352,0.4095,0.4425,50.63,,,,,4.8,4.3,63479.32
2026-07-28 03:39:18,deribit,BTC,BTC-26MAR27-78000-C,2027-03-26,78000,call,0.06569935,0.065,0.0665,40.68,,,,,377.7,1.0,65018.15
2026-07-28 03:39:18,deribit,BTC,BTC-28AUG26-85000-P,2026-08-28,85000,put,0.33980398,0.332,0.3615,45.71,,,,,0.4,0.0,63479.32
2026-07-28 03:39:18,deribit,BTC,BTC-25SEP26-200000-P,2026-09-25,200000,put,2.14025842,2.0345,2.255,72.81,,,,,0.1,0.0,63688.91
2026-07-28 03:39:18,deribit,BTC,BTC-28AUG26-68000-C,2026-08-28,68000,call,0.01555856,0.015,0.016,34.71,,,,,667.3,42.5,63479.32
2026-07-28 03:39:18,deribit,BTC,BTC-28AUG26-52000-C,2026-08-28,52000,call,0.18554372,0.183,0.188,48.71,,,,,51.0,0.0,63479.32
2026-07-28 03:39:18,deribit,BTC,BTC-25DEC26-78000-C,2026-12-25,78000,call,0.03577533,0.035,0.036,39.48,,,,,401.3,6.3,64342.22
2026-07-28 03:39:18,deribit,BTC,BTC-28JUL26-62000-C,2026-07-28,62000,call,0.02021861,0.0085,0.053,46.68,,,,,0.0,0.0,63272.07
2026-07-28 03:39:18,deribit,BTC,BTC-25SEP26-85000-P,2026-09-25,85000,put,0.33708517,0.332,0.3435,39.38,,,,,454.5,0.0,63688.91
2026-07-28 03:39:18,deribit,BTC,BTC-28AUG26-54000-C,2026-08-28,54000,call,0.15605826,0.1535,0.159,45.66,,,,,8.2,0.0,63479.32
2026-07-28 03:39:18,deribit,BTC,BTC-29JUL26-62500-P,2026-07-29,62500,put,0.0048169,0.0045,0.005,43.22,,,,,421.2,1450.4,63272.07
2026-07-28 03:39:18,deribit,BTC,BTC-31JUL26-106000-C,2026-07-31,106000,call,0.0,,0.0001,68.15,,,,,44.6,0.0,63290.89
2026-07-28 03:39:18,deribit,BTC,BTC-31JUL26-62000-P,2026-07-31,62000,put,0.00824834,0.008,0.0085,44.7,,,,,1885.6,65.1,63290.89
2026-07-28 03:39:18,deribit,BTC,BTC-25DEC26-95000-P,2026-12-25,95000,put,0.48601489,0.4795,0.493,40.84,,,,,85.9,0.0,64342.22
2026-07-28 03:39:18,deribit,ETH,ETH-14AUG26-1950-P,2026-08-14,1950,put,0.065606,0.0605,0.0695,49.91,,,,,178.0,159.0,1878.47
2026-07-28 03:39:18,deribit,ETH,ETH-31JUL26-3000-P,2026-07-31,3000,put,0.597078,0.5365,0.664,102.41,,,,,5.0,0.0,1878.34
2026-07-28 03:39:18,deribit,ETH,ETH-25DEC26-7000-C,2026-12-25,7000,call,0.000717,0.0005,0.001,73.28,,,,,2825.0,0.0,1894.62
2026-07-28 03:39:18,deribit,ETH,ETH-30JUL26-1975-P,2026-07-30,1975,put,0.054242,0.05,0.058,55.95,,,,,667.0,720.0,1877.49
2026-07-28 03:39:18,deribit,ETH,ETH-30JUL26-2000-C,2026-07-30,2000,call,0.001681,0.0015,0.0018,57.93,,,,,721.0,676.0,1877.49
2026-07-28 03:39:18,deribit,ETH,ETH-30JUL26-1825-P,2026-07-30,1825,put,0.006572,0.006,0.007,56.36,,,,,19.0,8.0,1877.49
2026-07-28 03:39:18,deribit,ETH,ETH-31JUL26-1550-C,2026-07-31,1550,call,0.175125,0.172,0.177,89.69,,,,,1657.0,0.0,1878.36
2026-07-28 03:39:18,deribit,ETH,ETH-30JUL26-1880-C,2026-07-30,1880,call,0.016138,0.0155,0.0165,53.87,,,,,140.0,140.0,1877.49
2026-07-28 03:39:18,deribit,ETH,ETH-28AUG26-2250-C,2026-08-28,2250,call,0.00959,0.009,0.01,52.1,,,,,2062.0,527.0,1878.01
2026-07-28 03:39:18,deribit,ETH,ETH-25DEC26-1800-P,2026-12-25,1800,put,0.112652,0.1115,0.1135,54.87,,,,,4671.0,1.0,1894.62
2026-07-28 03:39:18,deribit,ETH,ETH-30JUL26-1600-C,2026-07-30,1600,call,0.148243,0.139,0.1555,84.3,,,,,0.0,0.0,1877.49
2026-07-28 03:39:18,deribit,ETH,ETH-25JUN27-1400-P,2027-06-25,1400,put,0.086057,0.085,0.087,60.18,,,,,1714.0,0.0,1930.91
2026-07-28 03:39:18,deribit,ETH,ETH-25JUN27-1600-C,2027-06-25,1600,call,0.29882,0.2945,0.302,58.88,,,,,367.0,30.0,1930.93
2026-07-28 03:39:18,deribit,ETH,ETH-25DEC26-5000-C,2026-12-25,5000,call,0.002456,0.0021,0.0028,65.74,,,,,4268.0,50.0,1894.64
2026-07-28 03:39:18,deribit,ETH,ETH-29JUL26-1860-C,2026-07-29,1860,call,0.016747,0.0145,0.0175,50.23,,,,,2.0,2.0,1877.49
2026-07-28 03:39:18,deribit,ETH,ETH-30JUL26-1960-P,2026-07-30,1960,put,0.047171,0.0385,0.0565,55.02,,,,,3.0,3.0,1877.49
2026-07-28 03:39:18,deribit,ETH,ETH-26MAR27-2900-P,2027-03-26,2900,put,0.571668,0.5575,0.5855,56.6,,,,,258.0,0.0,1912.66
2026-07-28 03:39:18,deribit,ETH,ETH-25JUN27-4500-C,2027-06-25,4500,call,0.025256,0.0245,0.026,59.53,,,,,1078.0,4.0,1930.91
2026-07-28 03:39:18,deribit,ETH,ETH-25SEP26-4500-C,2026-09-25,4500,call,0.000461,0.0003,0.0006,79.17,,,,,8535.0,0.0,1881.86
2026-07-28 03:39:18,deribit,ETH,ETH-28AUG26-1100-P,2026-08-28,1100,put,0.000708,0.0006,0.0009,80.49,,,,,1529.0,180.0,1878.01
2026-07-28 03:39:18,deribit,ETH,ETH-31JUL26-2100-C,2026-07-31,2100,call,0.000762,0.0007,0.0009,64.0,,,,,8408.0,628.0,1878.34
2026-07-28 03:39:18,deribit,ETH,ETH-26MAR27-4400-P,2027-03-26,4400,put,1.313718,1.2885,1.3915,60.34,,,,,0.0,0.0,1912.64
2026-07-28 03:39:18,deribit,ETH,ETH-31JUL26-2900-P,2026-07-31,2900,put,0.543843,0.485,0.6085,102.41,,,,,3.0,0.0,1878.36
2026-07-28 03:39:18,deribit,ETH,ETH-14AUG26-1850-P,2026-08-14,1850,put,0.036164,0.0355,0.037,50.48,,,,,538.0,577.0,1878.47
2026-07-28 03:39:18,deribit,ETH,ETH-30JUL26-1960-C,2026-07-30,1960,call,0.003602,0.0033,0.0038,55.02,,,,,0.0,0.0,1877.49
2026-07-28 03:39:18,deribit,ETH,ETH-25SEP26-7000-C,2026-09-25,7000,call,2.9e-05,,0.0001,90.94,,,,,2032.0,0.0,1881.86
2026-07-28 03:39:18,deribit,ETH,ETH-25SEP26-11000-P,2026-09-25,11000,put,4.84529,4.6215,5.09,110.93,,,,,0.0,0.0,1881.86
2026-07-28 03:39:18,deribit,ETH,ETH-29JUL26-1825-P,2026-07-29,1825,put,0.002742,0.0025,0.0029,53.07,,,,,352.0,346.0,1877.49
2026-07-28 03:39:18,deribit,ETH,ETH-25SEP26-3300-P,2026-09-25,3300,put,0.755492,0.687,0.8355,64.75,,,,,3.0,0.0,1881.87
2026-07-28 03:39:18,deribit,ETH,ETH-26MAR27-1000-C,2027-03-26,1000,call,0.498881,0.495,0.5025,66.76,,,,,270.0,0.0,1912.64
2026-07-28 03:39:18,deribit,ETH,ETH-29JUL26-1600-C,2026-07-29,1600,call,0.147996,0.1385,0.155,84.72,,,,,0.0,0.0,1877.49
2026-07-28 03:39:18,deribit,ETH,ETH-28JUL26-1880-P,2026-07-28,1880,put,0.004727,0.004,0.0049,45.47,,,,,57.0,67.0,1877.5
2026-07-28 03:39:18,deribit,ETH,ETH-25JUN27-1500-C,2027-06-25,1500,call,0.328654,0.3245,0.3315,59.45,,,,,52.0,2.0,1930.93
2026-07-28 03:39:18,deribit,ETH,ETH-25SEP26-8000-C,2026-09-25,8000,call,1.3e-05,,0.0002,94.35,,,,,1092.0,0.0,1881.86
2026-07-28 03:39:18,deribit,ETH,ETH-31JUL26-1875-C,2026-07-31,1875,call,0.020896,0.02,0.0215,53.67,,,,,3.0,3.0,1878.34
2026-07-28 03:39:18,deribit,ETH,ETH-30JUL26-2025-C,2026-07-30,2025,call,0.001096,0.001,0.0012,60.41,,,,,85.0,85.0,1877.49
2026-07-28 03:39:18,deribit,ETH,ETH-25DEC26-6500-P,2026-12-25,6500,put,2.431604,2.2995,2.5815,71.59,,,,,0.0,0.0,1894.62
2026-07-28 03:39:18,deribit,ETH,ETH-25SEP26-4200-P,2026-09-25,4200,put,1.232418,1.147,1.3295,75.58,,,,,551.0,0.0,1881.87
2026-07-28 03:39:18,deribit,ETH,ETH-26MAR27-3600-C,2027-03-26,3600,call,0.026477,0.026,0.027,58.02,,,,,1990.0,0.0,1912.64
2026-07-28 03:39:18,deribit,ETH,ETH-26MAR27-3400-P,2027-03-26,3400,put,0.809875,0.736,0.9065,57.55,,,,,6.0,0.0,1912.64
2026-07-28 03:39:18,deribit,ETH,ETH-28JUL26-1600-C,2026-07-28,1600,call,0.147832,0.1125,0.18,89.21,,,,,0.0,0.0,1877.5
2026-07-28 03:39:18,deribit,ETH,ETH-31JUL26-3400-P,2026-07-31,3400,put,0.810022,0.741,0.886,116.34,,,,,4.0,0.0,1878.36
2026-07-28 03:39:18,deribit,ETH,ETH-25DEC26-2600-C,2026-12-25,2600,call,0.041103,0.0405,0.0415,54.88,,,,,5381.0,3306.0,1894.62
2026-07-28 03:39:18,deribit,ETH,ETH-31JUL26-1950-P,2026-07-31,1950,put,0.044841,0.043,0.049,53.68,,,,,2103.0,943.0,1878.36
2026-07-28 03:39:18,deribit,ETH,ETH-25JUN27-2400-C,2027-06-25,2400,call,0.137911,0.1365,0.1395,57.17,,,,,644.0,2.0,1930.91
2026-07-28 03:39:18,deribit,ETH,ETH-31JUL26-1925-C,2026-07-31,1925,call,0.010136,0.0095,0.0105,53.46,,,,,194.0,195.0,1878.34
2026-07-28 03:39:18,deribit,ETH,ETH-25JUN27-5000-C,2027-06-25,5000,call,0.018516,0.0175,0.0195,60.41,,,,,24.0,24.0,1930.91
2026-07-28 03:39:18,deribit,ETH,ETH-25JUN27-2500-P,2027-06-25,2500,put,0.420232,0.4135,0.4285,57.18,,,,,5.0,0.0,1930.91
2026-07-28 03:39:18,deribit,ETH,ETH-14AUG26-1700-C,2026-08-14,1700,call,0.107102,0.1,0.1125,53.77,,,,,0.0,0.0,1878.47
2026-07-28 03:39:18,deribit,ETH,ETH-31JUL26-2300-C,2026-07-31,2300,call,9.3e-05,,0.0001,80.77,,,,,22112.0,505.0,1878.34
2026-07-28 03:39:18,deribit,ETH,ETH-28AUG26-1750-P,2026-08-28,1750,put,0.029707,0.029,0.03,51.11,,,,,2701.0,1.0,1878.01
2026-07-28 03:39:18,deribit,ETH,ETH-31JUL26-1860-P,2026-07-31,1860,put,0.015518,0.015,0.016,54.09,,,,,0.0,0.0,1878.34
2026-07-28 03:39:18,deribit,ETH,ETH-25DEC26-4200-C,2026-12-25,4200,call,0.005053,0.0046,0.0055,62.24,,,,,4058.0,0.0,1894.62
2026-07-28 03:39:18,deribit,ETH,ETH-7AUG26-2200-C,2026-08-07,2200,call,0.002163,0.002,0.0022,57.5,,,,,10411.0,208.0,1878.31
2026-07-28 03:39:18,deribit,ETH,ETH-25SEP26-8500-C,2026-09-25,8500,call,1.2e-05,,0.0002,97.73,,,,,1253.0,0.0,1881.87
2026-07-28 03:39:18,deribit,ETH,ETH-26MAR27-5000-P,2027-03-26,5000,put,1.622566,1.517,1.7515,61.85,,,,,0.0,0.0,1912.64
2026-07-28 03:39:18,deribit,ETH,ETH-28JUL26-1920-C,2026-07-28,1920,call,0.000194,0.0001,0.0003,56.51,,,,,225.0,225.0,1877.5
2026-07-28 03:39:18,deribit,ETH,ETH-25SEP26-4500-P,2026-09-25,4500,put,1.391712,1.2995,1.495,79.17,,,,,6.0,0.0,1881.86
2026-07-28 03:39:18,deribit,ETH,ETH-30JUL26-1840-C,2026-07-30,1840,call,0.028982,0.025,0.031,55.41,,,,,0.0,0.0,1877.49
2026-07-28 03:39:18,deribit,ETH,ETH-30JUL26-1940-C,2026-07-30,1940,call,0.005431,0.005,0.0055,54.48,,,,,1.0,1.0,1877.49
2026-07-28 03:39:18,deribit,ETH,ETH-14AUG26-1700-P,2026-08-14,1700,put,0.01206,0.0115,0.0125,53.77,,,,,653.0,85.0,1878.47
2026-07-28 03:39:18,deribit,ETH,ETH-14AUG26-2100-C,2026-08-14,2100,call,0.009954,0.0095,0.0105,51.63,,,,,459.0,224.0,1878.47
2026-07-28 03:39:18,deribit,ETH,ETH-28AUG26-1400-P,2026-08-28,1400,put,0.003946,0.0037,0.004,63.78,,,,,6719.0,6.0,1878.01
2026-07-28 03:39:18,deribit,ETH,ETH-28JUL26-1940-C,2026-07-28,1940,call,9.4e-05,,0.0001,68.99,,,,,51.0,51.0,1877.5
2026-07-28 03:39:18,deribit,ETH,ETH-26MAR27-800-C,2027-03-26,800,call,0.593426,0.5895,0.597,72.97,,,,,0.0,0.0,1912.66
2026-07-28 03:39:18,deribit,ETH,ETH-26MAR27-4400-C,2027-03-26,4400,call,0.013353,0.013,0.014,60.34,,,,,1081.0,4.0,1912.64
2026-07-28 03:39:18,deribit,ETH,ETH-25DEC26-3000-P,2026-12-25,3000,put,0.60509,0.593,0.621,56.31,,,,,780.0,20.0,1894.64
2026-07-28 03:39:18,deribit,ETH,ETH-25SEP26-2500-P,2026-09-25,2500,put,0.339803,0.3325,0.3495,54.15,,,,,3154.0,0.0,1881.86
2026-07-28 03:39:18,deribit,ETH,ETH-25SEP26-13000-C,2026-09-25,13000,call,9e-06,,0.0003,119.8,,,,,1873.0,0.0,1881.86
2026-07-28 03:39:18,deribit,ETH,ETH-28JUL26-1875-P,2026-07-28,1875,put,0.003341,0.0031,0.0034,44.88,,,,,1383.0,1158.0,1877.5
2026-07-28 03:39:18,deribit,ETH,ETH-25SEP26-7200-P,2026-09-25,7200,put,2.826023,2.6795,2.986,90.95,,,,,0.0,0.0,1881.86
2026-07-28 03:39:18,deribit,ETH,ETH-25JUN27-1900-P,2027-06-25,1900,put,0.207218,0.206,0.21,57.71,,,,,3022.0,0.0,1930.91
2026-07-28 03:39:18,deribit,ETH,ETH-29JUL26-2075-P,2026-07-29,2075,put,0.105093,0.063,0.1535,74.87,,,,,0.0,0.0,1877.49
2026-07-28 03:39:18,deribit,ETH,ETH-31JUL26-2650-C,2026-07-31,2650,call,1e-06,,0.0001,94.36,,,,,3026.0,0.0,1878.36
2026-07-28 03:39:18,deribit,ETH,ETH-25DEC26-4500-C,2026-12-25,4500,call,0.003752,0.0034,0.0041,63.53,,,,,2416.0,0.0,1894.64
2026-07-28 03:39:18,deribit,ETH,ETH-7AUG26-1800-C,2026-08-07,1800,call,0.058728,0.0555,0.0605,51.94,,,,,210.0,100.0,1878.31
2026-07-28 03:39:18,deribit,ETH,ETH-7AUG26-1750-P,2026-08-07,1750,put,0.010482,0.01,0.011,53.44,,,,,1698.0,127.0,1878.31
2026-07-28 03:39:18,deribit,ETH,ETH-28JUL26-1980-C,2026-07-28,1980,call,4e-06,,0.0001,76.22,,,,,3.0,3.0,1877.5
2026-07-28 03:39:18,deribit,ETH,ETH-25JUN27-1400-C,2027-06-25,1400,call,0.361037,0.357,0.364,60.18,,,,,50.0,0.0,1930.91
2026-07-28 03:39:18,deribit,ETH,ETH-31JUL26-1980-C,2026-07-31,1980,call,0.004087,0.0039,0.0044,54.58,,,,,0.0,0.0,1878.36
2026-07-28 03:39:18,deribit,ETH,ETH-26MAR27-2300-C,2027-03-26,2300,call,0.1131,0.112,0.114,56.11,,,,,4223.0,1951.0,1912.64
2026-07-28 03:39:18,deribit,ETH,ETH-31JUL26-1300-C,2026-07-31,1300,call,0.307951,0.301,0.313,123.78,,,,,50.0,0.0,1878.36
2026-07-28 03:39:18,deribit,ETH,ETH-30JUL26-1920-C,2026-07-30,1920,call,0.007894,0.0075,0.0085,53.64,,,,,52.0,52.0,1877.49
2026-07-28 03:39:18,deribit,ETH,ETH-28AUG26-1850-C,2026-08-28,1850,call,0.065624,0.065,0.0665,50.03,,,,,4183.0,0.0,1878.01
2026-07-28 03:39:18,deribit,ETH,ETH-25SEP26-6400-C,2026-09-25,6400,call,5.8e-05,,0.0002,89.53,,,,,1923.0,0.0,1881.86
2026-07-28 03:39:18,deribit,ETH,ETH-26MAR27-6000-C,2027-03-26,6000,call,0.004998,0.0045,0.0055,65.13,,,,,4032.0,0.0,1912.64
2026-07-28 03:39:18,deribit,ETH,ETH-25DEC26-3500-P,2026-12-25,3500,put,0.858049,0.8365,0.9005,58.51,,,,,52.0,0.0,1894.62
2026-07-28 03:39:18,deribit,ETH,ETH-30JUL26-2075-C,2026-07-30,2075,call,0.000511,0.0004,0.0006,65.9,,,,,138.0,38.0,1877.49
2026-07-28 03:39:18,deribit,ETH,ETH-31JUL26-1450-P,2026-07-31,1450,put,0.00014,0.0001,0.0002,107.69,,,,,6056.0,117.0,1878.34
2026-07-28 03:39:18,deribit,ETH,ETH-29JUL26-1775-P,2026-07-29,1775,put,0.000732,0.0006,0.0009,60.85,,,,,81.0,17.0,1877.49
2026-07-28 03:39:18,deribit,ETH,ETH-31JUL26-1500-P,2026-07-31,1500,put,0.000185,0.0002,0.0003,97.94,,,,,12955.0,115.0,1878.34
2026-07-28 03:39:18,deribit,ETH,ETH-28AUG26-1200-C,2026-08-28,1200,call,0.362308,0.3565,0.3675,74.54,,,,,51.0,0.0,1877.99
2026-07-28 03:39:18,deribit,ETH,ETH-26MAR27-3500-P,2027-03-26,3500,put,0.85913,0.84,0.9575,57.83,,,,,23.0,0.0,1912.64
2026-07-28 03:39:18,deribit,ETH,ETH-25SEP26-3500-P,2026-09-25,3500,put,0.861263,0.849,0.875,67.41,,,,,1133.0,0.0,1881.86
2026-07-28 03:39:18,deribit,ETH,ETH-28JUL26-1750-P,2026-07-28,1750,put,1e-06,,0.0001,86.86,,,,,589.0,35.0,1877.5
2026-07-28 03:39:18,deribit,ETH,ETH-25DEC26-5200-C,2026-12-25,5200,call,0.002017,0.0018,0.0023,66.23,,,,,8849.0,0.0,1894.64
2026-07-28 03:39:18,deribit,ETH,ETH-25SEP26-6500-C,2026-09-25,6500,call,4.9e-05,,0.0002,89.53,,,,,1337.0,0.0,1881.86
2026-07-28 03:39:18,deribit,ETH,ETH-29JUL26-1700-P,2026-07-29,1700,put,0.000144,0.0001,0.0002,75.61,,,,,1014.0,817.0,1877.49
2026-07-28 03:39:18,deribit,ETH,ETH-31JUL26-2550-C,2026-07-31,2550,call,2e-06,,0.0001,88.0,,,,,2237.0,0.0,1878.34
2026-07-28 03:39:18,deribit,ETH,ETH-25SEP26-8000-P,2026-09-25,8000,put,3.251126,3.0885,3.429,94.35,,,,,0.0,0.0,1881.86
2026-07-28 03:39:18,deribit,ETH,ETH-25SEP26-6800-C,2026-09-25,6800,call,3.1e-05,,0.0002,89.53,,,,,1462.0,0.0,1881.87
2026-07-28 03:39:18,deribit,ETH,ETH-26MAR27-900-C,2027-03-26,900,call,0.545666,0.542,0.5495,69.79,,,,,68.0,0.0,1912.64
2026-07-28 03:39:18,deribit,ETH,ETH-25DEC26-4600-P,2026-12-25,4600,put,1.431313,1.3365,1.545,64.04,,,,,0.0,0.0,1894.62
2026-07-28 03:39:18,deribit,ETH,ETH-28AUG26-2500-C,2026-08-28,2500,call,0.00336,0.0031,0.0035,56.99,,,,,27358.0,364.0,1878.01
2026-07-28 03:39:18,deribit,ETH,ETH-25SEP26-3600-C,2026-09-25,3600,call,0.001198,0.001,0.0014,68.56,,,,,2715.0,0.0,1881.86
2026-07-28 03:39:18,deribit,ETH,ETH-31JUL26-1940-P,2026-07-31,1940,put,0.040731,0.036,0.047,53.54,,,,,80.0,81.0,1878.34
2026-07-28 03:39:18,deribit,ETH,ETH-25SEP26-4600-P,2026-09-25,4600,put,1.444766,1.351,1.55,79.29,,,,,38.0,0.0,1881.87
2026-07-28 03:39:18,deribit,ETH,ETH-26MAR27-900-P,2027-03-26,900,put,0.016195,0.0155,0.017,69.79,,,,,767.0,0.0,1912.66
2026-07-28 03:39:18,deribit,ETH,ETH-25JUN27-2600-P,2027-06-25,2600,put,0.460811,0.454,0.47,57.18,,,,,0.0,0.0,1930.91
2026-07-28 03:39:18,deribit,ETH,ETH-29JUL26-1700-C,2026-07-29,1700,call,0.094884,0.085,0.102,75.61,,,,,0.0,0.0,1877.49
2026-07-28 03:39:18,deribit,ETH,ETH-25SEP26-15000-P,2026-09-25,15000,put,6.970845,6.6655,7.3045,127.3,,,,,0.0,0.0,1881.86
2026-07-28 03:39:18,deribit,ETH,ETH-25SEP26-12000-P,2026-09-25,12000,put,5.376679,5.1325,5.6435,115.57,,,,,0.0,0.0,1881.86
2026-07-28 03:39:18,deribit,ETH,ETH-7AUG26-2400-P,2026-08-07,2400,put,0.27843,0.2295,0.3355,67.91,,,,,0.0,0.0,1878.31
2026-07-28 03:39:18,deribit,ETH,ETH-14AUG26-1750-C,2026-08-14,1750,call,0.086184,0.08,0.091,52.34,,,,,0.0,0.0,1878.47
2026-07-28 03:39:18,deribit,ETH,ETH-28JUL26-1840-C,2026-07-28,1840,call,0.02027,0.011,0.04,55.49,,,,,0.0,0.0,1877.5
2026-07-28 03:39:18,deribit,ETH,ETH-7AUG26-2050-C,2026-08-07,2050,call,0.007415,0.007,0.008,51.91,,,,,3961.0,32.0,1878.31
2026-07-28 03:39:18,deribit,ETH,ETH-14AUG26-2050-P,2026-08-14,2050,put,0.105209,0.098,0.1145,50.68,,,,,176.0,6.0,1878.47
2026-07-28 03:39:18,deribit,ETH,ETH-31JUL26-2150-C,2026-07-31,2150,call,0.000395,0.0003,0.0005,67.7,,,,,17401.0,1658.0,1878.36
2026-07-28 03:39:18,deribit,ETH,ETH-29JUL26-1750-P,2026-07-29,1750,put,0.000388,0.0003,0.0005,65.03,,,,,477.0,360.0,1877.49
2026-07-28 03:39:18,deribit,ETH,ETH-25DEC26-3000-C,2026-12-25,3000,call,0.0217,0.021,0.0225,56.31,,,,,5164.0,166.0,1894.64
2026-07-28 03:39:18,deribit,ETH,ETH-25DEC26-4200-P,2026-12-25,4200,put,1.221798,1.1335,1.328,62.24,,,,,62.0,0.0,1894.62
2026-07-28 03:39:18,deribit,ETH,ETH-30JUL26-1940-P,2026-07-30,1940,put,0.038351,0.033,0.045,54.48,,,,,0.0,0.0,1877.49
2026-07-28 03:39:18,deribit,ETH,ETH-26MAR27-2100-C,2027-03-26,2100,call,0.144436,0.1435,0.1455,56.2,,,,,482.0,0.0,1912.66
2026-07-28 03:39:18,deribit,ETH,ETH-26MAR27-1300-C,2027-03-26,1300,call,0.370134,0.3655,0.3735,60.84,,,,,50.0,0.0,1912.64
2026-07-28 03:39:18,deribit,ETH,ETH-31JUL26-3200-C,2026-07-31,3200,call,0.0,,0.0001,105.54,,,,,4995.0,0.0,1878.36
2026-07-28 03:39:18,deribit,ETH,ETH-25DEC26-2200-P,2026-12-25,2200,put,0.243015,0.2385,0.2495,54.17,,,,,9278.0,0.0,1894.64
2026-07-28 03:39:18,deribit,ETH,ETH-31JUL26-2350-C,2026-07-31,2350,call,5.5e-05,,0.0001,84.02,,,,,8349.0,335.0,1878.36
2026-07-28 03:39:18,deribit,ETH,ETH-7AUG26-1800-P,2026-08-07,1800,put,0.017027,0.0165,0.0175,51.94,,,,,5785.0,133.0,1878.31
2026-07-28 03:39:18,deribit,ETH,ETH-25SEP26-1500-C,2026-09-25,1500,call,0.220719,0.217,0.223,57.47,,,,,976.0,0.0,1881.86
2026-07-28 03:39:18,deribit,ETH,ETH-31JUL26-2500-P,2026-07-31,2500,put,0.330902,0.3255,0.339,84.42,,,,,457.0,0.0,1878.34
2026-07-28 03:39:18,deribit,ETH,ETH-28AUG26-3000-P,2026-08-28,3000,put,0.598156,0.5365,0.6685,67.86,,,,,0.0,0.0,1877.99
2026-07-28 03:39:18,deribit,ETH,ETH-14AUG26-2400-P,2026-08-14,2400,put,0.279312,0.2295,0.3375,60.14,,,,,0.0,0.0,1878.47
2026-07-28 03:39:18,deribit,ETH,ETH-31JUL26-3000-C,2026-07-31,3000,call,0.0,,0.0001,102.41,,,,,3416.0,0.0,1878.36
2026-07-28 03:39:18,deribit,ETH,ETH-25DEC26-2100-C,2026-12-25,2100,call,0.097518,0.0965,0.0985,54.19,,,,,1397.0,1.0,1894.64
2026-07-28 03:39:18,deribit,ETH,ETH-7AUG26-1600-C,2026-08-07,1600,call,0.150722,0.142,0.1575,62.22,,,,,0.0,0.0,1878.31
2026-07-28 03:39:18,deribit,ETH,ETH-31JUL26-2900-C,2026-07-31,2900,call,0.0,,0.0001,102.41,,,,,13514.0,0.0,1878.34
2026-07-28 03:39:18,deribit,ETH,ETH-30JUL26-1750-P,2026-07-30,1750,put,0.001608,0.0015,0.0018,63.67,,,,,254.0,243.0,1877.49
2026-07-28 03:39:18,deribit,ETH,ETH-30JUL26-2075-P,2026-07-30,2075,put,0.105309,0.063,0.1545,65.9,,,,,0.0,0.0,1877.49
2026-07-28 03:39:18,deribit,ETH,ETH-31JUL26-1860-C,2026-07-31,1860,call,0.025329,0.024,0.026,54.09,,,,,0.0,0.0,1878.36
2026-07-28 03:39:18,deribit,ETH,ETH-30JUL26-2050-P,2026-07-30,2050,put,0.09221,0.0505,0.1405,62.86,,,,,0.0,0.0,1877.49
2026-07-28 03:39:18,deribit,ETH,ETH-30JUL26-2200-C,2026-07-30,2200,call,0.000146,0.0001,0.0002,82.4,,,,,751.0,633.0,1877.49
2026-07-28 03:39:18,deribit,ETH,ETH-28JUL26-1880-C,2026-07-28,1880,call,0.00343,0.0031,0.0036,45.47,,,,,43.0,43.0,1877.5
2026-07-28 03:39:18,deribit,ETH,ETH-28JUL26-1860-P,2026-07-28,1860,put,0.001134,0.0008,0.0012,48.37,,,,,0.0,0.0,1877.5
2026-07-28 03:39:18,deribit,ETH,ETH-7AUG26-1700-C,2026-08-07,1700,call,0.101406,0.094,0.107,55.86,,,,,50.0,50.0,1878.31
2026-07-28 03:39:18,deribit,ETH,ETH-26MAR27-4800-C,2027-03-26,4800,call,0.01001,0.0095,0.0105,61.55,,,,,2851.0,20.0,1912.64
2026-07-28 03:39:18,deribit,ETH,ETH-25SEP26-3100-C,2026-09-25,3100,call,0.002718,0.0025,0.0029,62.03,,,,,1978.0,0.0,1881.86
2026-07-28 03:39:18,deribit,ETH,ETH-31JUL26-1850-C,2026-07-31,1850,call,0.028597,0.0275,0.0295,54.47,,,,,11047.0,593.0,1878.36
2026-07-28 03:39:18,deribit,ETH,ETH-25SEP26-1600-P,2026-09-25,1600,put,0.027535,0.027,0.028,55.03,,,,,7422.0,575.0,1881.86
2026-07-28 03:39:18,deribit,ETH,ETH-25DEC26-3300-C,2026-12-25,3300,call,0.014026,0.0135,0.0145,57.57,,,,,1850.0,0.0,1894.62
2026-07-28 03:39:18,deribit,ETH,ETH-7AUG26-1950-C,2026-08-07,1950,call,0.018382,0.018,0.019,50.27,,,,,3758.0,750.0,1878.31
2026-07-28 03:39:18,deribit,ETH,ETH-28AUG26-3400-P,2026-08-28,3400,put,0.810637,0.7415,0.8885,73.79,,,,,1.0,0.0,1877.99
2026-07-28 03:39:18,deribit,ETH,ETH-28AUG26-2400-C,2026-08-28,2400,call,0.005024,0.0046,0.0055,55.03,,,,,12027.0,381.0,1877.99
2026-07-28 03:39:18,deribit,ETH,ETH-29JUL26-2200-C,2026-07-29,2200,call,4e-06,,0.0001,81.29,,,,,750.0,750.0,1877.49
2026-07-28 03:39:18,deribit,ETH,ETH-31JUL26-1600-C,2026-07-31,1600,call,0.14862,0.1455,0.1505,80.15,,,,,3324.0,136.0,1878.34
2026-07-28 03:39:18,deribit,ETH,ETH-28AUG26-2400-P,2026-08-28,2400,put,0.282938,0.2405,0.2995,55.03,,,,,2.0,0.0,1878.01
2026-07-28 03:39:18,deribit,ETH,ETH-29JUL26-1920-C,2026-07-29,1920,call,0.003409,0.0031,0.0036,48.95,,,,,63.0,68.0,1877.49
2026-07-28 03:39:18,deribit,ETH,ETH-30JUL26-2020-P,2026-07-30,2020,put,0.076725,0.0355,0.1245,60.1,,,,,0.0,0.0,1877.49
2026-07-28 03:39:18,deribit,ETH,ETH-25DEC26-1200-C,2026-12-25,1200,call,0.387412,0.3815,0.391,63.25,,,,,341.0,1.0,1894.62
2026-07-28 03:39:18,deribit,ETH,ETH-25DEC26-3500-C,2026-12-25,3500,call,0.010761,0.01,0.0115,58.51,,,,,28522.0,0.0,1894.62
2026-07-28 03:39:18,deribit,ETH,ETH-28JUL26-2000-C,2026-07-28,2000,call,0.0,,0.0001,76.22,,,,,1437.0,950.0,1877.5
2026-07-28 03:39:18,deribit,ETH,ETH-28JUL26-1825-P,2026-07-28,1825,put,0.000101,,0.0001,62.15,,,,,2127.0,1862.0,1877.5
2026-07-28 03:39:18,deribit,ETH,ETH-26MAR27-2500-P,2027-03-26,2500,put,0.395809,0.3885,0.4045,56.18,,,,,560.0,0.0,1912.64
2026-07-28 03:39:18,deribit,ETH,ETH-25DEC26-1200-P,2026-12-25,1200,put,0.020768,0.02,0.0215,63.25,,,,,6071.0,350.0,1894.62
2026-07-28 03:39:18,deribit,ETH,ETH-25SEP26-4400-C,2026-09-25,4400,call,0.000477,0.0004,0.0007,77.68,,,,,4345.0,0.0,1881.86
2026-07-28 03:39:18,deribit,ETH,ETH-26MAR27-1300-P,2027-03-26,1300,put,0.049787,0.049,0.0505,60.84,,,,,1389.0,60.0,1912.64
2026-07-28 03:39:18,deribit,ETH,ETH-25JUN27-4500-P,2027-06-25,4500,put,1.355736,1.3025,1.448,59.53,,,,,1.0,0.0,1930.91
2026-07-28 03:39:18,deribit,ETH,ETH-31JUL26-1980-P,2026-07-31,1980,put,0.058159,0.0335,0.068,54.58,,,,,0.0,0.0,1878.34
2026-07-28 03:39:18,deribit,ETH,ETH-31JUL26-2025-C,2026-07-31,2025,call,0.002041,0.0018,0.0022,57.47,,,,,152.0,152.0,1878.36
2026-07-28 03:39:18,deribit,ETH,ETH-25DEC26-2700-C,2026-12-25,2700,call,0.034788,0.034,0.0355,55.17,,,,,3078.0,974.0,1894.62
2026-07-28 03:39:18,deribit,ETH,ETH-28AUG26-1600-P,2026-08-28,1600,put,0.01241,0.012,0.013,55.0,,,,,11460.0,2788.0,1878.01
2026-07-28 03:39:18,deribit,ETH,ETH-25JUN27-1800-C,2027-06-25,1800,call,0.246726,0.2425,0.247,58.17,,,,,1251.0,0.0,1930.93
2026-07-28 03:39:18,deribit,ETH,ETH-25SEP26-2000-C,2026-09-25,2000,call,0.057233,0.0565,0.058,51.38,,,,,9453.0,2150.0,1881.87
2026-07-28 03:39:18,deribit,ETH,ETH-30JUL26-1980-C,2026-07-30,1980,call,0.002435,0.0022,0.0027,56.27,,,,,0.0,0.0,1877.49
2026-07-28 03:39:18,deribit,ETH,ETH-25DEC26-4500-P,2026-12-25,4500,put,1.378836,1.2855,1.49,63.53,,,,,3.0,0.0,1894.62
2026-07-28 03:39:18,deribit,ETH,ETH-25DEC26-2900-P,2026-12-25,2900,put,0.555889,0.531,0.5725,55.9,,,,,173.0,10.0,1894.62
2026-07-28 03:39:18,deribit,ETH,ETH-25JUN27-2000-C,2027-06-25,2000,call,0.202668,0.2015,0.204,57.53,,,,,1811.0,40.0,1930.93
2026-07-28 03:39:18,deribit,ETH,ETH-25DEC26-4800-P,2026-12-25,4800,put,1.536334,1.4375,1.6535,64.95,,,,,77.0,0.0,1894.62
2026-07-28 03:39:18,deribit,ETH,ETH-31JUL26-2000-C,2026-07-31,2000,call,0.002972,0.0028,0.0032,55.71,,,,,28019.0,1691.0,1878.34
2026-07-28 03:39:18,deribit,ETH,ETH-25JUN27-3000-C,2027-06-25,3000,call,0.079667,0.078,0.081,57.42,,,,,469.0,4.0,1930.91
2026-07-28 03:39:18,deribit,ETH,ETH-25DEC26-5000-P,2026-12-25,5000,put,1.641438,1.539,1.762,65.74,,,,,2.0,0.0,1894.62
2026-07-28 03:39:18,deribit,ETH,ETH-26MAR27-3800-P,2027-03-26,3800,put,1.008576,0.9875,1.0625,58.52,,,,,1.0,0.0,1912.64
2026-07-28 03:39:18,deribit,ETH,ETH-25DEC26-2300-P,2026-12-25,2300,put,0.282712,0.2785,0.2925,54.26,,,,,5186.0,0.0,1894.62
2026-07-28 03:39:18,deribit,ETH,ETH-25SEP26-6000-P,2026-09-25,6000,put,2.188446,2.0665,2.3235,89.53,,,,,0.0,0.0,1881.86
2026-07-28 03:39:18,deribit,ETH,ETH-25DEC26-2100-P,2026-12-25,2100,put,0.205891,0.2015,0.2095,54.19,,,,,2573.0,175.0,1894.62
2026-07-28 03:39:18,deribit,ETH,ETH-29JUL26-1880-P,2026-07-29,1880,put,0.011667,0.011,0.012,48.9,,,,,21.0,21.0,1877.49
2026-07-28 03:39:18,deribit,ETH,ETH-26MAR27-2200-C,2027-03-26,2200,call,0.127778,0.127,0.129,56.12,,,,,3015.0,0.0,1912.64
2026-07-28 03:39:18,deribit,ETH,ETH-14AUG26-1850-C,2026-08-14,1850,call,0.051357,0.0505,0.052,50.48,,,,,103.0,50.0,1878.47
2026-07-28 03:39:18,deribit,ETH,ETH-29JUL26-1875-P,2026-07-29,1875,put,0.010401,0.01,0.011,49.21,,,,,995.0,675.0,1877.49
2026-07-28 03:39:18,deribit,ETH,ETH-25DEC26-3100-C,2026-12-25,3100,call,0.018655,0.018,0.0195,56.7,,,,,2442.0,465.0,1894.62
2026-07-28 03:39:18,deribit,ETH,ETH-28AUG26-1950-C,2026-08-28,1950,call,0.041782,0.041,0.0425,49.67,,,,,4753.0,707.0,1878.01
2026-07-28 03:39:18,deribit,ETH,ETH-26MAR27-1600-C,2027-03-26,1600,call,0.264043,0.261,0.2675,57.74,,,,,937.0,0.0,1912.64
2026-07-28 03:39:18,deribit,ETH,ETH-25DEC26-3200-C,2026-12-25,3200,call,0.016099,0.0155,0.017,57.1,,,,,67431.0,0.0,1894.62
2026-07-28 03:39:18,deribit,ETH,ETH-25DEC26-4400-C,2026-12-25,4400,call,0.00414,0.0038,0.0045,63.13,,,,,2341.0,0.0,1894.64
2026-07-28 03:39:18,deribit,ETH,ETH-26MAR27-4000-C,2027-03-26,4000,call,0.018319,0.0175,0.019,59.06,,,,,1788.0,1.0,1912.64
2026-07-28 03:39:18,deribit,ETH,ETH-25SEP26-7400-P,2026-09-25,7400,put,2.932296,2.7815,3.097,90.95,,,,,0.0,0.0,1881.86
2026-07-28 03:39:18,deribit,ETH,ETH-29JUL26-1850-C,2026-07-29,1850,call,0.020372,0.015,0.0225,50.77,,,,,0.0,0.0,1877.49
2026-07-28 03:39:18,deribit,ETH,ETH-29JUL26-1800-C,2026-07-29,1800,call,0.042883,0.035,0.0485,56.66,,,,,87.0,0.0,1877.49
2026-07-28 03:39:18,deribit,ETH,ETH-28JUL26-2100-P,2026-07-28,2100,put,0.11847,0.076,0.165,76.48,,,,,0.0,0.0,1877.5
2026-07-28 03:39:18,deribit,ETH,ETH-28AUG26-1300-C,2026-08-28,1300,call,0.309971,0.303,0.3155,68.61,,,,,51.0,0.0,1878.01
2026-07-28 03:39:18,deribit,ETH,ETH-30JUL26-1775-P,2026-07-30,1775,put,0.002564,0.0024,0.0028,60.88,,,,,38.0,0.0,1877.49
2026-07-28 03:39:18,deribit,ETH,ETH-30JUL26-2060-P,2026-07-30,2060,put,0.097453,0.0555,0.146,64.31,,,,,0.0,0.0,1877.49
2026-07-28 03:39:18,deribit,ETH,ETH-25SEP26-2800-P,2026-09-25,2800,put,0.493047,0.4835,0.504,57.98,,,,,1287.0,0.0,1881.86
2026-07-28 03:39:18,deribit,ETH,ETH-29JUL26-2050-C,2026-07-29,2050,call,0.000183,0.0001,0.0003,69.05,,,,,110.0,109.0,1877.49
2026-07-28 03:39:18,deribit,ETH,ETH-28AUG26-1500-C,2026-08-28,1500,call,0.208226,0.2045,0.211,58.94,,,,,473.0,0.0,1878.01
2026-07-28 03:39:18,deribit,ETH,ETH-31JUL26-1925-P,2026-07-31,1925,put,0.034928,0.033,0.0395,53.46,,,,,13.0,14.0,1878.34
2026-07-28 03:39:18,deribit,ETH,ETH-25SEP26-6200-C,2026-09-25,6200,call,8e-05,,0.0002,89.53,,,,,2026.0,0.0,1881.87
2026-07-28 03:39:18,deribit,ETH,ETH-31JUL26-2050-C,2026-07-31,2050,call,0.001442,0.0013,0.0016,59.56,,,,,19703.0,218.0,1878.36
2026-07-28 03:39:18,deribit,ETH,ETH-28AUG26-2800-P,2026-08-28,2800,put,0.492213,0.4345,0.5595,63.84,,,,,0.0,0.0,1877.99
2026-07-28 03:39:18,deribit,ETH,ETH-29JUL26-1825-C,2026-07-29,1825,call,0.030919,0.0245,0.035,53.07,,,,,0.0,0.0,1877.49
2026-07-28 03:39:18,deribit,ETH,ETH-26MAR27-4600-C,2027-03-26,4600,call,0.011512,0.011,0.012,60.94,,,,,946.0,0.0,1912.64
2026-07-28 03:39:18,deribit,ETH,ETH-25SEP26-1700-P,2026-09-25,1700,put,0.04192,0.0415,0.0425,53.3,,,,,3787.0,406.0,1881.87
2026-07-28 03:39:18,deribit,ETH,ETH-26MAR27-2000-C,2027-03-26,2000,call,0.163184,0.162,0.1645,56.3,,,,,1860.0,1500.0,1912.64
2026-07-28 03:39:18,deribit,ETH,ETH-25SEP26-5600-P,2026-09-25,5600,put,1.975959,1.862,2.1025,88.22,,,,,0.0,0.0,1881.86
2026-07-28 03:39:18,deribit,ETH,ETH-29JUL26-1940-C,2026-07-29,1940,call,0.001858,0.0016,0.002,50.33,,,,,7.0,7.0,1877.49
2026-07-28 03:39:18,deribit,ETH,ETH-25SEP26-5500-C,2026-09-25,5500,call,0.00018,0.0001,0.0004,86.95,,,,,1483.0,0.0,1881.87
2026-07-28 03:39:18,deribit,ETH,ETH-25JUN27-5000-P,2027-06-25,5000,put,1.60794,1.536,1.7145,60.41,,,,,0.0,0.0,1930.91
2026-07-28 03:39:18,deribit,ETH,ETH-25JUN27-3500-C,2027-06-25,3500,call,0.052223,0.051,0.0535,57.94,,,,,1802.0,0.0,1930.93
2026-07-28 03:39:18,deribit,ETH,ETH-25JUN27-3600-P,2027-06-25,3600,put,0.912581,0.888,0.9895,58.08,,,,,0.0,0.0,1930.91
2026-07-28 03:39:18,deribit,ETH,ETH-25SEP26-1700-C,2026-09-25,1700,call,0.138558,0.135,0.1405,53.3,,,,,2528.0,100.0,1881.86
2026-07-28 03:39:18,deribit,ETH,ETH-26MAR27-1400-P,2027-03-26,1400,put,0.063873,0.063,0.0645,59.55,,,,,1536.0,20.0,1912.64
2026-07-28 03:39:18,deribit,ETH,ETH-14AUG26-2000-C,2026-08-14,2000,call,0.019682,0.019,0.02,50.16,,,,,514.0,242.0,1878.47
2026-07-28 03:39:18,deribit,ETH,ETH-25SEP26-7500-P,2026-09-25,7500,put,2.985432,2.833,3.1525,90.95,,,,,0.0,0.0,1881.86
2026-07-28 03:39:18,deribit,ETH,ETH-26MAR27-1800-P,2027-03-26,1800,put,0.149012,0.148,0.15,56.73,,,,,3906.0,24.0,1912.64
2026-07-28 03:39:18,deribit,ETH,ETH-25SEP26-2200-C,2026-09-25,2200,call,0.029563,0.029,0.03,51.81,,,,,4855.0,128.0,1881.86
2026-07-28 03:39:18,deribit,ETH,ETH-26MAR27-3500-C,2027-03-26,3500,call,0.029294,0.0285,0.03,57.83,,,,,4426.0,50.0,1912.64
2026-07-28 03:39:18,deribit,ETH,ETH-25SEP26-5500-P,2026-09-25,5500,put,1.922821,1.8105,2.047,86.95,,,,,1.0,0.0,1881.87
2026-07-28 03:39:18,deribit,ETH,ETH-25JUN27-1500-P,2027-06-25,1500,put,0.105461,0.104,0.1065,59.45,,,,,421.0,0.0,1930.91
2026-07-28 03:39:18,deribit,ETH,ETH-28AUG26-2600-P,2026-08-28,2600,put,0.386762,0.3325,0.4505,59.16,,,,,3.0,0.0,1878.01
2026-07-28 03:39:18,deribit,ETH,ETH-26MAR27-3600-P,2027-03-26,3600,put,0.908594,0.8555,0.932,58.02,,,,,1.0,0.0,1912.64
2026-07-28 03:39:18,deribit,ETH,ETH-25SEP26-2900-C,2026-09-25,2900,call,0.004053,0.0038,0.0043,59.2,,,,,5203.0,0.0,1881.86
2026-07-28 03:39:18,deribit,ETH,ETH-26MAR27-1900-C,2027-03-26,1900,call,0.184343,0.1835,0.1855,56.49,,,,,2363.0,1000.0,1912.66
2026-07-28 03:39:18,deribit,ETH,ETH-31JUL26-1940-C,2026-07-31,1940,call,0.007954,0.0075,0.0085,53.54,,,,,1.0,1.0,1878.34
2026-07-28 03:39:18,deribit,ETH,ETH-25SEP26-5400-P,2026-09-25,5400,put,1.869708,1.7595,1.992,86.63,,,,,4.0,0.0,1881.87
2026-07-28 03:39:18,deribit,ETH,ETH-28AUG26-3600-C,2026-08-28,3600,call,0.000205,0.0001,0.0004,78.22,,,,,1088.0,151.0,1878.01
2026-07-28 03:39:18,deribit,ETH,ETH-25SEP26-1900-P,2026-09-25,1900,put,0.087987,0.087,0.0885,51.56,,,,,5215.0,1823.0,1881.86
2026-07-28 03:39:18,deribit,ETH,ETH-25SEP26-3400-P,2026-09-25,3400,put,0.808327,0.7965,0.822,65.96,,,,,870.0,0.0,1881.86
2026-07-28 03:39:18,deribit,ETH,ETH-26MAR27-1900-P,2027-03-26,1900,put,0.177682,0.176,0.18,56.49,,,,,2308.0,0.0,1912.64
2026-07-28 03:39:18,deribit,ETH,ETH-28AUG26-3800-C,2026-08-28,3800,call,0.000108,,0.0003,79.3,,,,,381.0,1.0,1878.01
2026-07-28 03:39:18,deribit,ETH,ETH-28JUL26-2050-P,2026-07-28,2050,put,0.09184,0.05,0.1375,76.22,,,,,0.0,0.0,1877.5
2026-07-28 03:39:18,deribit,ETH,ETH-14AUG26-2100-P,2026-08-14,2100,put,0.127844,0.108,0.139,51.63,,,,,0.0,0.0,1878.47
2026-07-28 03:39:18,deribit,ETH,ETH-25SEP26-7400-C,2026-09-25,7400,call,1.6e-05,,0.0002,90.95,,,,,1019.0,0.0,1881.87
2026-07-28 03:39:18,deribit,ETH,ETH-29JUL26-1925-C,2026-07-29,1925,call,0.002922,0.0027,0.0031,49.17,,,,,1170.0,861.0,1877.49
2026-07-28 03:39:18,deribit,ETH,ETH-25SEP26-5200-P,2026-09-25,5200,put,1.763436,1.6575,1.881,84.14,,,,,3.0,0.0,1881.86
2026-07-28 03:39:18,deribit,ETH,ETH-29JUL26-1940-P,2026-07-29,1940,put,0.034919,0.026,0.044,50.33,,,,,3.0,3.0,1877.49
2026-07-28 03:39:18,deribit,ETH,ETH-25SEP26-14000-P,2026-09-25,14000,put,6.439457,6.154,6.7505,123.7,,,,,0.0,0.0,1881.86
2026-07-28 03:39:18,deribit,ETH,ETH-25DEC26-2600-P,2026-12-25,2600,put,0.413374,0.4035,0.4265,54.88,,,,,1065.0,0.0,1894.64
2026-07-28 03:39:18,deribit,ETH,ETH-25SEP26-6400-P,2026-09-25,6400,put,2.400948,2.2705,2.5445,89.53,,,,,0.0,0.0,1881.86
2026-07-28 03:39:18,deribit,ETH,ETH-29JUL26-1725-C,2026-07-29,1725,call,0.081659,0.043,0.1185,70.26,,,,,0.0,0.0,1877.49
2026-07-28 03:39:18,deribit,ETH,ETH-28AUG26-2050-P,2026-08-28,2050,put,0.117238,0.1135,0.1235,49.95,,,,,170.0,0.0,1878.01
2026-07-28 03:39:18,deribit,ETH,ETH-25SEP26-6600-P,2026-09-25,6600,put,2.50721,2.3725,2.6545,89.53,,,,,0.0,0.0,1881.86
2026-07-28 03:39:18,deribit,ETH,ETH-25SEP26-2800-C,2026-09-25,2800,call,0.005158,0.0048,0.0055,57.98,,,,,7434.0,749.0,1881.86
2026-07-28 03:39:18,deribit,ETH,ETH-28AUG26-1950-P,2026-08-28,1950,put,0.080088,0.078,0.0835,49.67,,,,,2408.0,1132.0,1877.99
2026-07-28 03:39:18,deribit,ETH,ETH-25DEC26-2900-C,2026-12-25,2900,call,0.02528,0.0245,0.026,55.9,,,,,2259.0,1847.0,1894.62
2026-07-28 03:39:18,deribit,ETH,ETH-29JUL26-2000-P,2026-07-29,2000,put,0.06541,0.029,0.1115,58.81,,,,,0.0,0.0,1877.49
2026-07-28 03:39:18,deribit,ETH,ETH-31JUL26-4000-C,2026-07-31,4000,call,0.0,,0.0001,118.7,,,,,8690.0,0.0,1878.36
2026-07-28 03:39:18,deribit,ETH,ETH-26MAR27-2700-P,2027-03-26,2700,put,0.481568,0.473,0.492,56.34,,,,,147.0,0.0,1912.64
2026-07-28 03:39:18,deribit,ETH,ETH-31JUL26-1750-P,2026-07-31,1750,put,0.002836,0.0026,0.0031,61.11,,,,,3960.0,35.0,1878.36
2026-07-28 03:39:18,deribit,ETH,ETH-7AUG26-1600-P,2026-08-07,1600,put,0.002543,0.0024,0.0027,62.22,,,,,18844.0,3627.0,1878.31
2026-07-28 03:39:18,deribit,ETH,ETH-25SEP26-3500-C,2026-09-25,3500,call,0.001401,0.0012,0.0016,67.41,,,,,15554.0,0.0,1881.86
2026-07-28 03:39:18,deribit,ETH,ETH-30JUL26-1920-P,2026-07-30,1920,put,0.030166,0.0275,0.034,53.64,,,,,1.0,1.0,1877.49
2026-07-28 03:39:18,deribit,ETH,ETH-25SEP26-1800-C,2026-09-25,1800,call,0.105343,0.1045,0.1065,52.13,,,,,2303.0,0.0,1881.86
2026-07-28 03:39:18,deribit,ETH,ETH-31JUL26-3800-C,2026-07-31,3800,call,0.0,,0.0001,118.7,,,,,2692.0,0.0,1878.36
2026-07-28 03:39:18,deribit,ETH,ETH-31JUL26-1300-P,2026-07-31,1300,put,1.9e-05,,0.0001,123.78,,,,,12026.0,2.0,1878.34
2026-07-28 03:39:18,deribit,ETH,ETH-26MAR27-3400-C,2027-03-26,3400,call,0.03232,0.0315,0.033,57.55,,,,,1869.0,0.0,1912.64
2026-07-28 03:39:18,deribit,ETH,ETH-28JUL26-1775-P,2026-07-28,1775,put,2e-06,,0.0001,76.06,,,,,221.0,0.0,1877.5
2026-07-28 03:39:18,deribit,ETH,ETH-31JUL26-2000-P,2026-07-31,2000,put,0.067693,0.0635,0.0735,55.71,,,,,3279.0,116.0,1878.34
2026-07-28 03:39:18,deribit,ETH,ETH-25JUN27-900-P,2027-06-25,900,put,0.025154,0.0245,0.026,68.0,,,,,641.0,53.0,1930.91
2026-07-28 03:39:18,deribit,ETH,ETH-7AUG26-1700-P,2026-08-07,1700,put,0.006465,0.0065,0.007,55.86,,,,,5969.0,2170.0,1878.31
2026-07-28 03:39:18,deribit,ETH,ETH-29JUL26-2020-C,2026-07-29,2020,call,0.000292,0.0002,0.0004,63.16,,,,,0.0,0.0,1877.49
2026-07-28 03:39:18,deribit,ETH,ETH-28JUL26-1700-P,2026-07-28,1700,put,0.0,,0.0001,87.24,,,,,1761.0,0.0,1877.5
2026-07-28 03:39:18,deribit,ETH,ETH-25JUN27-1300-C,2027-06-25,1300,call,0.395856,0.392,0.399,61.07,,,,,108.0,0.0,1930.93
2026-07-28 03:39:18,deribit,ETH,ETH-30JUL26-1875-P,2026-07-30,1875,put,0.015811,0.015,0.0165,54.01,,,,,290.0,290.0,1877.49
2026-07-28 03:39:18,deribit,ETH,ETH-28AUG26-1600-C,2026-08-28,1600,call,0.160467,0.1575,0.1635,55.0,,,,,885.0,0.0,1878.01
2026-07-28 03:39:18,deribit,ETH,ETH-25DEC26-1500-C,2026-12-25,1500,call,0.259991,0.2555,0.2635,57.36,,,,,783.0,10.0,1894.62
2026-07-28 03:39:18,deribit,ETH,ETH-30JUL26-1775-C,2026-07-30,1775,call,0.057495,0.0495,0.0635,60.88,,,,,0.0,0.0,1877.49
2026-07-28 03:39:18,deribit,ETH,ETH-30JUL26-1825-C,2026-07-30,1825,call,0.034882,0.0315,0.0365,56.36,,,,,124.0,100.0,1877.49
2026-07-28 03:39:18,deribit,ETH,ETH-28AUG26-1300-P,2026-08-28,1300,put,0.002175,0.002,0.0023,68.61,,,,,8094.0,242.0,1878.01
2026-07-28 03:39:18,deribit,ETH,ETH-28AUG26-1450-C,2026-08-28,1450,call,0.23317,0.2255,0.239,61.35,,,,,51.0,0.0,1877.99
2026-07-28 03:39:18,deribit,ETH,ETH-25SEP26-5000-P,2026-09-25,5000,put,1.657182,1.555,1.7705,82.07,,,,,2.0,0.0,1881.87
2026-07-28 03:39:18,deribit,ETH,ETH-7AUG26-1850-C,2026-08-07,1850,call,0.041745,0.041,0.0425,50.93,,,,,599.0,321.0,1878.31
2026-07-28 03:39:18,deribit,ETH,ETH-31JUL26-1960-P,2026-07-31,1960,put,0.049095,0.0435,0.0565,53.77,,,,,0.0,0.0,1878.36
2026-07-28 03:39:18,deribit,ETH,ETH-31JUL26-3600-C,2026-07-31,3600,call,0.0,,0.0001,118.7,,,,,2043.0,0.0,1878.34
2026-07-28 03:39:18,deribit,ETH,ETH-29JUL26-2025-C,2026-07-29,2025,call,0.000284,0.0002,0.0004,64.69,,,,,121.0,123.0,1877.49
2026-07-28 03:39:18,deribit,ETH,ETH-25DEC26-11000-P,2026-12-25,11000,put,4.805971,4.5845,4.8185,84.89,,,,,109.0,0.0,1894.64
2026-07-28 03:39:18,deribit,ETH,ETH-30JUL26-2040-P,2026-07-30,2040,put,0.087031,0.045,0.1355,62.09,,,,,0.0,0.0,1877.49
2026-07-28 03:39:18,deribit,ETH,ETH-25DEC26-2800-C,2026-12-25,2800,call,0.029591,0.029,0.03,55.52,,,,,8293.0,2812.0,1894.64
2026-07-28 03:39:18,deribit,ETH,ETH-25JUN27-1800-P,2027-06-25,1800,put,0.178895,0.177,0.181,58.17,,,,,299.0,0.0,1930.91
2026-07-28 03:39:18,deribit,ETH,ETH-25DEC26-3400-P,2026-12-25,3400,put,0.806777,0.765,0.878,58.05,,,,,89.0,0.0,1894.62
2026-07-28 03:39:18,deribit,ETH,ETH-25DEC26-8000-P,2026-12-25,8000,put,3.222769,3.061,3.4035,75.36,,,,,0.0,0.0,1894.62
2026-07-28 03:39:18,deribit,ETH,ETH-28AUG26-1800-P,2026-08-28,1800,put,0.038994,0.0385,0.0395,50.32,,,,,2681.0,1107.0,1877.99
2026-07-28 03:39:18,deribit,ETH,ETH-25DEC26-1000-P,2026-12-25,1000,put,0.01058,0.01,0.011,69.11,,,,,19275.0,22.0,1894.62
2026-07-28 03:39:18,deribit,ETH,ETH-30JUL26-1820-C,2026-07-30,1820,call,0.036961,0.031,0.04,56.74,,,,,0.0,0.0,1877.49
2026-07-28 03:39:18,deribit,ETH,ETH-28JUL26-1950-C,2026-07-28,1950,call,6.9e-05,,0.0001,75.06,,,,,1835.0,1222.0,1877.5
2026-07-28 03:39:18,deribit,ETH,ETH-31JUL26-1920-P,2026-07-31,1920,put,0.033073,0.0315,0.037,53.38,,,,,34.0,34.0,1878.36
2026-07-28 03:39:18,deribit,ETH,ETH-26MAR27-3300-P,2027-03-26,3300,put,0.761109,0.7435,0.8215,57.33,,,,,1.0,0.0,1912.64
2026-07-28 03:39:18,deribit,ETH,ETH-31JUL26-1750-C,2026-07-31,1750,call,0.071206,0.068,0.073,61.11,,,,,6721.0,194.0,1878.36
2026-07-28 03:39:18,deribit,ETH,ETH-14AUG26-2200-P,2026-08-14,2200,put,0.176361,0.1485,0.215,54.11,,,,,0.0,0.0,1878.47
2026-07-28 03:39:18,deribit,ETH,ETH-31JUL26-2200-P,2026-07-31,2200,put,0.171444,0.1665,0.1785,72.9,,,,,2348.0,0.0,1878.36
2026-07-28 03:39:18,deribit,ETH,ETH-25SEP26-14000-C,2026-09-25,14000,call,8e-06,,0.0001,123.7,,,,,1212.0,0.0,1881.86
2026-07-28 03:39:18,deribit,ETH,ETH-28AUG26-2000-P,2026-08-28,2000,put,0.097778,0.0935,0.1015,49.72,,,,,491.0,38.0,1877.99
2026-07-28 03:39:18,deribit,ETH,ETH-28AUG26-3600-P,2026-08-28,3600,put,0.917077,0.8435,0.999,78.22,,,,,18.0,0.0,1877.99
2026-07-28 03:39:18,deribit,ETH,ETH-31JUL26-2500-C,2026-07-31,2500,call,3e-06,,0.0001,84.42,,,,,2565.0,0.0,1878.36
2026-07-28 03:39:18,deribit,ETH,ETH-14AUG26-2200-C,2026-08-14,2200,call,0.005238,0.0049,0.0055,54.11,,,,,834.0,235.0,1878.47
2026-07-28 03:39:18,deribit,ETH,ETH-25DEC26-1400-C,2026-12-25,1400,call,0.299632,0.2945,0.3035,58.88,,,,,946.0,0.0,1894.62
2026-07-28 03:39:18,deribit,ETH,ETH-26MAR27-2600-P,2027-03-26,2600,put,0.43811,0.4285,0.448,56.26,,,,,626.0,0.0,1912.64
2026-07-28 03:39:18,deribit,ETH,ETH-25SEP26-4600-C,2026-09-25,4600,call,0.000376,0.0003,0.0006,79.29,,,,,3384.0,0.0,1881.87
2026-07-28 03:39:18,deribit,ETH,ETH-30JUL26-1850-C,2026-07-30,1850,call,0.025387,0.0225,0.027,55.01,,,,,100.0,100.0,1877.49
2026-07-28 03:39:18,deribit,ETH,ETH-26MAR27-2800-C,2027-03-26,2800,call,0.062277,0.0615,0.063,56.46,,,,,4817.0,1700.0,1912.64
2026-07-28 03:39:18,deribit,ETH,ETH-25SEP26-10000-C,2026-09-25,10000,call,1e-05,,0.0001,105.8,,,,,1561.0,0.0,1881.86
2026-07-28 03:39:18,deribit,ETH,ETH-14AUG26-1900-P,2026-08-14,1900,put,0.049511,0.0485,0.05,50.07,,,,,638.0,121.0,1878.47
2026-07-28 03:39:18,deribit,ETH,ETH-30JUL26-2100-C,2026-07-30,2100,call,0.00038,0.0003,0.0005,69.22,,,,,508.0,522.0,1877.49
2026-07-28 03:39:18,deribit,ETH,ETH-25JUN27-2300-C,2027-06-25,2300,call,0.151729,0.15,0.1535,57.21,,,,,218.0,0.0,1930.91
2026-07-28 03:39:18,deribit,ETH,ETH-25JUN27-2700-C,2027-06-25,2700,call,0.10422,0.1025,0.1055,57.2,,,,,89.0,0.0,1930.91
2026-07-28 03:39:18,deribit,ETH,ETH-30JUL26-1860-P,2026-07-30,1860,put,0.012395,0.012,0.013,54.71,,,,,113.0,113.0,1877.49
2026-07-28 03:39:18,deribit,ETH,ETH-28AUG26-1900-P,2026-08-28,1900,put,0.064357,0.0635,0.065,49.78,,,,,2513.0,785.0,1878.01
2026-07-28 03:39:18,deribit,ETH,ETH-25SEP26-3800-P,2026-09-25,3800,put,1.020199,0.942,1.1095,71.02,,,,,954.0,0.0,1881.86
2026-07-28 03:39:18,deribit,ETH,ETH-25SEP26-16000-C,2026-09-25,16000,call,7e-06,,0.0001,130.17,,,,,7426.0,0.0,1881.86
2026-07-28 03:39:18,deribit,ETH,ETH-29JUL26-1875-C,2026-07-29,1875,call,0.011953,0.0115,0.0125,49.21,,,,,49.0,3.0,1877.49
2026-07-28 03:39:18,deribit,ETH,ETH-25DEC26-3300-P,2026-12-25,3300,put,0.755754,0.7355,0.7765,57.57,,,,,10.0,20.0,1894.64
2026-07-28 03:39:18,deribit,ETH,ETH-25DEC26-3400-C,2026-12-25,3400,call,0.01227,0.0115,0.013,58.05,,,,,12544.0,230.0,1894.62
2026-07-28 03:39:18,deribit,ETH,ETH-28JUL26-2100-C,2026-07-28,2100,call,0.0,,0.0001,76.48,,,,,1376.0,609.0,1877.5
2026-07-28 03:39:18,deribit,ETH,ETH-31JUL26-1400-P,2026-07-31,1400,put,8.4e-05,,0.0001,114.71,,,,,9661.0,107.0,1878.36
2026-07-28 03:39:18,deribit,ETH,ETH-25SEP26-3200-C,2026-09-25,3200,call,0.002261,0.002,0.0025,63.39,,,,,7795.0,0.0,1881.86
2026-07-28 03:39:18,deribit,ETH,ETH-25SEP26-6200-P,2026-09-25,6200,put,2.294693,2.169,2.434,89.53,,,,,0.0,0.0,1881.87
2026-07-28 03:39:18,deribit,ETH,ETH-28AUG26-1700-C,2026-08-28,1700,call,0.117175,0.1135,0.1195,52.15,,,,,1010.0,1.0,1878.01
2026-07-28 03:39:18,deribit,ETH,ETH-25DEC26-2000-C,2026-12-25,2000,call,0.116016,0.115,0.117,54.31,,,,,3939.0,20.0,1894.64
2026-07-28 03:39:18,deribit,ETH,ETH-25SEP26-1000-P,2026-09-25,1000,put,0.001723,0.0015,0.002,77.09,,,,,8822.0,110.0,1881.86
2026-07-28 03:39:18,deribit,ETH,ETH-31JUL26-1500-C,2026-07-31,1500,call,0.201646,0.193,0.2075,97.94,,,,,249.0,0.0,1878.34
2026-07-28 03:39:18,deribit,ETH,ETH-25SEP26-1000-C,2026-09-25,1000,call,0.470334,0.465,0.4745,77.09,,,,,125.0,0.0,1881.87
2026-07-28 03:39:18,deribit,ETH,ETH-30JUL26-2080-P,2026-07-30,2080,put,0.107912,0.066,0.157,65.91,,,,,0.0,0.0,1877.49
2026-07-28 03:39:18,deribit,ETH,ETH-28JUL26-1750-C,2026-07-28,1750,call,0.067942,0.0295,0.104,86.86,,,,,0.0,0.0,1877.5
2026-07-28 03:39:18,deribit,ETH,ETH-31JUL26-1400-C,2026-07-31,1400,call,0.254781,0.247,0.261,114.71,,,,,100.0,0.0,1878.34
2026-07-28 03:39:18,deribit,ETH,ETH-25JUN27-3800-P,2027-06-25,3800,put,1.009025,0.99,1.0645,58.28,,,,,2.0,0.0,1930.91
2026-07-28 03:39:18,deribit,ETH,ETH-25DEC26-1800-C,2026-12-25,1800,call,0.162618,0.162,0.164,54.87,,,,,2476.0,3.0,1894.62
2026-07-28 03:39:18,deribit,ETH,ETH-14AUG26-1950-C,2026-08-14,1950,call,0.027566,0.027,0.028,49.91,,,,,1063.0,485.0,1878.47
2026-07-28 03:39:18,deribit,ETH,ETH-25DEC26-800-P,2026-12-25,800,put,0.005187,0.0049,0.0055,77.17,,,,,5679.0,3.0,1894.62
2026-07-28 03:39:18,deribit,ETH,ETH-30JUL26-2080-C,2026-07-30,2080,call,0.000451,0.0003,0.0007,65.91,,,,,4.0,4.0,1877.49
2026-07-28 03:39:18,deribit,ETH,ETH-26MAR27-4800-P,2027-03-26,4800,put,1.519499,1.417,1.6465,61.55,,,,,0.0,0.0,1912.64
2026-07-28 03:39:18,deribit,ETH,ETH-7AUG26-2400-C,2026-08-07,2400,call,0.000699,0.0006,0.0008,67.91,,,,,911.0,8.0,1878.31
2026-07-28 03:39:18,deribit,ETH,ETH-25SEP26-5200-C,2026-09-25,5200,call,0.000213,0.0001,0.0004,84.14,,,,,1681.0,0.0,1881.86
2026-07-28 03:39:18,deribit,ETH,ETH-31JUL26-4200-P,2026-07-31,4200,put,1.23591,1.151,1.3295,118.7,,,,,0.0,0.0,1878.34
2026-07-28 03:39:18,deribit,ETH,ETH-28AUG26-3400-C,2026-08-28,3400,call,0.000258,0.0002,0.0005,73.79,,,,,457.0,171.0,1877.99
2026-07-28 03:39:18,deribit,ETH,ETH-30JUL26-1780-P,2026-07-30,1780,put,0.002852,0.0026,0.0031,60.58,,,,,0.0,0.0,1877.49
2026-07-28 03:39:18,deribit,ETH,ETH-31JUL26-2700-P,2026-07-31,2700,put,0.437371,0.4305,0.443,95.24,,,,,630.0,0.0,1878.34
2026-07-28 03:39:18,deribit,ETH,ETH-29JUL26-1800-P,2026-07-29,1800,put,0.001393,0.0012,0.0015,56.66,,,,,414.0,406.0,1877.49
2026-07-28 03:39:18,deribit,ETH,ETH-31JUL26-2600-P,2026-07-31,2600,put,0.384137,0.3315,0.4425,93.45,,,,,29.0,0.0,1878.36
2026-07-28 03:39:18,deribit,ETH,ETH-25JUN27-3000-P,2027-06-25,3000,put,0.633283,0.624,0.645,57.42,,,,,59.0,0.0,1930.91
2026-07-28 03:39:18,deribit,ETH,ETH-28AUG26-2000-C,2026-08-28,2000,call,0.032849,0.032,0.0335,49.72,,,,,4785.0,368.0,1877.99
2026-07-28 03:39:18,deribit,ETH,ETH-26MAR27-800-P,2027-03-26,800,put,0.011674,0.011,0.0125,72.97,,,,,788.0,97.0,1912.64
2026-07-28 03:39:18,deribit,ETH,ETH-25DEC26-1500-P,2026-12-25,1500,put,0.051685,0.051,0.0525,57.36,,,,,16339.0,351.0,1894.62
2026-07-28 03:39:18,deribit,ETH,ETH-25DEC26-2000-P,2026-12-25,2000,put,0.171609,0.169,0.178,54.31,,,,,10154.0,212.0,1894.64
2026-07-28 03:39:18,deribit,ETH,ETH-30JUL26-2040-C,2026-07-30,2040,call,0.000867,0.0007,0.001,62.09,,,,,4.0,4.0,1877.49
2026-07-28 03:39:18,deribit,ETH,ETH-28AUG26-2200-P,2026-08-28,2200,put,0.183549,0.167,0.236,51.29,,,,,181.0,11.0,1877.99
2026-07-28 03:39:18,deribit,ETH,ETH-28JUL26-1925-C,2026-07-28,1925,call,0.000186,0.0001,0.0003,61.36,,,,,774.0,366.0,1877.5
2026-07-28 03:39:18,deribit,ETH,ETH-26MAR27-4200-C,2027-03-26,4200,call,0.015532,0.015,0.016,59.67,,,,,2776.0,0.0,1912.64
2026-07-28 03:39:18,deribit,ETH,ETH-25DEC26-800-C,2026-12-25,800,call,0.58295,0.579,0.586,77.17,,,,,171.0,0.0,1894.62
2026-07-28 03:39:18,deribit,ETH,ETH-25DEC26-5500-C,2026-12-25,5500,call,0.001725,0.0014,0.0021,67.94,,,,,1646.0,0.0,1894.64
2026-07-28 03:39:18,deribit,ETH,ETH-26MAR27-4500-C,2027-03-26,4500,call,0.012437,0.012,0.013,60.69,,,,,2406.0,30.0,1912.66
2026-07-28 03:39:18,deribit,ETH,ETH-25DEC26-4000-C,2026-12-25,4000,call,0.005926,0.0055,0.0065,60.81,,,,,16428.0,0.0,1894.64
2026-07-28 03:39:18,deribit,ETH,ETH-28JUL26-1925-P,2026-07-28,1925,put,0.02545,0.0205,0.0315,61.36,,,,,1214.0,1515.0,1877.5
2026-07-28 03:39:18,deribit,ETH,ETH-7AUG26-1950-P,2026-08-07,1950,put,0.056538,0.055,0.06,50.27,,,,,516.0,76.0,1878.31
2026-07-28 03:39:18,deribit,ETH,ETH-29JUL26-1820-P,2026-07-29,1820,put,0.002408,0.0022,0.0026,53.86,,,,,0.0,0.0,1877.49
2026-07-28 03:39:18,deribit,ETH,ETH-28JUL26-1850-P,2026-07-28,1850,put,0.0005,0.0004,0.0006,50.67,,,,,1381.0,1224.0,1877.5
2026-07-28 03:39:18,deribit,ETH,ETH-25SEP26-9000-P,2026-09-25,9000,put,3.782513,3.599,3.9825,100.09,,,,,0.0,0.0,1881.86
2026-07-28 03:39:18,deribit,ETH,ETH-29JUL26-2075-C,2026-07-29,2075,call,0.000144,0.0001,0.0002,74.87,,,,,4.0,4.0,1877.49
2026-07-28 03:39:18,deribit,ETH,ETH-14AUG26-1800-C,2026-08-14,1800,call,0.067424,0.0635,0.069,51.19,,,,,52.0,50.0,1878.47
2026-07-28 03:39:18,deribit,ETH,ETH-25SEP26-1200-C,2026-09-25,1200,call,0.366876,0.3605,0.372,67.96,,,,,138.0,0.0,1881.87
2026-07-28 03:39:18,deribit,ETH,ETH-29JUL26-1840-P,2026-07-29,1840,put,0.004174,0.0039,0.0043,51.52,,,,,9.0,9.0,1877.49
2026-07-28 03:39:18,deribit,ETH,ETH-29JUL26-1950-P,2026-07-29,1950,put,0.039768,0.0355,0.0435,51.31,,,,,404.0,417.0,1877.49
2026-07-28 03:39:18,deribit,ETH,ETH-29JUL26-1750-C,2026-07-29,1750,call,0.068503,0.0295,0.1055,65.03,,,,,0.0,0.0,1877.49
2026-07-28 03:39:18,deribit,ETH,ETH-28AUG26-1700-P,2026-08-28,1700,put,0.022364,0.022,0.023,52.15,,,,,2584.0,51.0,1878.01
2026-07-28 03:39:18,deribit,ETH,ETH-25SEP26-2300-P,2026-09-25,2300,put,0.243366,0.2365,0.252,52.33,,,,,1212.0,0.0,1881.86
2026-07-28 03:39:18,deribit,ETH,ETH-29JUL26-2020-P,2026-07-29,2020,put,0.075953,0.035,0.123,63.16,,,,,0.0,0.0,1877.49
2026-07-28 03:39:18,deribit,ETH,ETH-29JUL26-1860-P,2026-07-29,1860,put,0.007208,0.007,0.0075,50.23,,,,,107.0,108.0,1877.49
2026-07-28 03:39:18,deribit,ETH,ETH-25JUN27-2100-P,2027-06-25,2100,put,0.271434,0.2655,0.2775,57.37,,,,,87.0,0.0,1930.91
2026-07-28 03:39:18,deribit,ETH,ETH-25DEC26-1000-C,2026-12-25,1000,call,0.482783,0.478,0.4865,69.11,,,,,54.0,0.0,1894.62
2026-07-28 03:39:18,deribit,ETH,ETH-25DEC26-2800-P,2026-12-25,2800,put,0.507421,0.496,0.522,55.52,,,,,2205.0,0.0,1894.62
2026-07-28 03:39:18,deribit,ETH,ETH-28JUL26-1875-C,2026-07-28,1875,call,0.004708,0.0044,0.005,44.88,,,,,310.0,141.0,1877.5
2026-07-28 03:39:18,deribit,ETH,ETH-25SEP26-3000-C,2026-09-25,3000,call,0.003271,0.003,0.0035,60.54,,,,,28632.0,1.0,1881.86
2026-07-28 03:39:18,deribit,ETH,ETH-30JUL26-1700-P,2026-07-30,1700,put,0.000657,0.0006,0.0008,69.94,,,,,203.0,100.0,1877.49
2026-07-28 03:39:18,deribit,ETH,ETH-25SEP26-4000-P,2026-09-25,4000,put,1.126245,1.0445,1.2195,72.93,,,,,140.0,0.0,1881.86
2026-07-28 03:39:18,deribit,ETH,ETH-7AUG26-2000-C,2026-08-07,2000,call,0.011669,0.011,0.012,50.77,,,,,17771.0,3254.0,1878.31
2026-07-28 03:39:18,deribit,ETH,ETH-30JUL26-1700-C,2026-07-30,1700,call,0.095521,0.0855,0.103,69.94,,,,,0.0,0.0,1877.49
2026-07-28 03:39:18,deribit,ETH,ETH-14AUG26-2050-C,2026-08-14,2050,call,0.013936,0.0135,0.0145,50.68,,,,,461.0,112.0,1878.47
2026-07-28 03:39:18,deribit,ETH,ETH-7AUG26-1400-C,2026-08-07,1400,call,0.255217,0.247,0.2615,79.95,,,,,0.0,0.0,1878.31
2026-07-28 03:39:18,deribit,ETH,ETH-30JUL26-1860-C,2026-07-30,1860,call,0.022069,0.0205,0.023,54.71,,,,,5.0,5.0,1877.49
2026-07-28 03:39:18,deribit,ETH,ETH-25SEP26-6500-P,2026-09-25,6500,put,2.454079,2.3215,2.599,89.53,,,,,0.0,0.0,1881.87
2026-07-28 03:39:18,deribit,ETH,ETH-25DEC26-4400-P,2026-12-25,4400,put,1.326444,1.2345,1.436,63.13,,,,,20.0,0.0,1894.64
2026-07-28 03:39:18,deribit,ETH,ETH-31JUL26-3600-P,2026-07-31,3600,put,0.916494,0.843,0.9965,118.7,,,,,0.0,0.0,1878.36
2026-07-28 03:39:18,deribit,ETH,ETH-28JUL26-1940-P,2026-07-28,1940,put,0.033347,0.0035,0.077,68.99,,,,,0.0,0.0,1877.5
2026-07-28 03:39:18,deribit,ETH,ETH-31JUL26-4000-P,2026-07-31,4000,put,1.129438,1.048,1.218,118.7,,,,,0.0,0.0,1878.36
2026-07-28 03:39:18,deribit,ETH,ETH-28AUG26-2200-C,2026-08-28,2200,call,0.012127,0.0115,0.0125,51.29,,,,,7447.0,1952.0,1878.01
2026-07-28 03:39:18,deribit,ETH,ETH-25SEP26-3400-C,2026-09-25,3400,call,0.001604,0.0014,0.0018,65.96,,,,,7117.0,0.0,1881.86
2026-07-28 03:39:18,deribit,ETH,ETH-25SEP26-4400-P,2026-09-25,4400,put,1.338589,1.2485,1.4405,77.68,,,,,281.0,0.0,1881.87
2026-07-28 03:39:18,deribit,ETH,ETH-25SEP26-5800-P,2026-09-25,5800,put,2.082209,1.964,2.213,89.44,,,,,0.0,0.0,1881.87
2026-07-28 03:39:18,deribit,ETH,ETH-28AUG26-2350-P,2026-08-28,2350,put,0.257346,0.215,0.2865,53.75,,,,,100.0,0.0,1878.01
2026-07-28 03:39:18,deribit,ETH,ETH-25JUN27-1200-C,2027-06-25,1200,call,0.433417,0.4295,0.4365,62.31,,,,,55.0,0.0,1930.91
2026-07-28 03:39:18,deribit,ETH,ETH-28JUL26-1860-C,2026-07-28,1860,call,0.010489,0.0085,0.012,48.37,,,,,0.0,0.0,1877.5
2026-07-28 03:39:18,deribit,ETH,ETH-31JUL26-1650-P,2026-07-31,1650,put,0.000682,0.0006,0.0008,72.66,,,,,16911.0,8.0,1878.36
2026-07-28 03:39:18,deribit,ETH,ETH-30JUL26-2200-P,2026-07-30,2200,put,0.171499,0.127,0.2235,82.4,,,,,0.0,0.0,1877.49
2026-07-28 03:39:18,deribit,ETH,ETH-31JUL26-1960-C,2026-07-31,1960,call,0.00567,0.005,0.006,53.77,,,,,0.0,0.0,1878.34
2026-07-28 03:39:18,deribit,ETH,ETH-25DEC26-1300-P,2026-12-25,1300,put,0.028447,0.028,0.029,60.86,,,,,1910.0,0.0,1894.64
2026-07-28 03:39:18,deribit,ETH,ETH-25SEP26-2600-C,2026-09-25,2600,call,0.008555,0.008,0.009,55.36,,,,,8554.0,2001.0,1881.86
2026-07-28 03:39:18,deribit,ETH,ETH-30JUL26-2000-P,2026-07-30,2000,put,0.066548,0.0295,0.1105,57.93,,,,,0.0,0.0,1877.49
2026-07-28 03:39:18,deribit,ETH,ETH-28JUL26-1850-C,2026-07-28,1850,call,0.015181,0.0027,0.035,50.67,,,,,50.0,0.0,1877.5
2026-07-28 03:39:18,deribit,ETH,ETH-30JUL26-1925-P,2026-07-30,1925,put,0.032171,0.0305,0.036,53.97,,,,,340.0,357.0,1877.49
2026-07-28 03:39:18,deribit,ETH,ETH-25DEC26-7000-P,2026-12-25,7000,put,2.695292,2.554,2.856,73.28,,,,,0.0,0.0,1894.62
2026-07-28 03:39:18,deribit,ETH,ETH-25JUN27-4000-C,2027-06-25,4000,call,0.035552,0.0345,0.0365,58.65,,,,,4379.0,3.0,1930.93
2026-07-28 03:39:18,deribit,ETH,ETH-26MAR27-1200-P,2027-03-26,1200,put,0.038231,0.0375,0.039,62.43,,,,,1263.0,1.0,1912.64
2026-07-28 03:39:18,deribit,ETH,ETH-25SEP26-7000-P,2026-09-25,7000,put,2.719753,2.577,2.8755,90.94,,,,,0.0,0.0,1881.86
2026-07-28 03:39:18,deribit,ETH,ETH-28JUL26-2040-C,2026-07-28,2040,call,0.0,,0.0001,76.22,,,,,2.0,2.0,1877.5
2026-07-28 03:39:18,deribit,ETH,ETH-29JUL26-1840-C,2026-07-29,1840,call,0.024364,0.021,0.0265,51.52,,,,,0.0,0.0,1877.49
2026-07-28 03:39:18,deribit,ETH,ETH-25SEP26-1900-C,2026-09-25,1900,call,0.078348,0.0775,0.0795,51.56,,,,,2951.0,1362.0,1881.86
2026-07-28 03:39:18,deribit,ETH,ETH-25DEC26-2300-C,2026-12-25,2300,call,0.06878,0.068,0.0695,54.26,,,,,3255.0,50.0,1894.62
2026-07-28 03:39:18,deribit,ETH,ETH-26MAR27-1800-C,2027-03-26,1800,call,0.207953,0.2065,0.2095,56.73,,,,,3789.0,0.0,1912.64
2026-07-28 03:39:18,deribit,ETH,ETH-28AUG26-2050-C,2026-08-28,2050,call,0.025686,0.025,0.0265,49.95,,,,,4661.0,6.0,1878.01
2026-07-28 03:39:18,deribit,ETH,ETH-31JUL26-1550-P,2026-07-31,1550,put,0.000282,0.0002,0.0004,89.69,,,,,6829.0,0.0,1878.34
2026-07-28 03:39:18,deribit,ETH,ETH-28AUG26-1800-C,2026-08-28,1800,call,0.080558,0.078,0.0825,50.32,,,,,6112.0,3.0,1878.01
2026-07-28 03:39:18,deribit,ETH,ETH-30JUL26-1900-C,2026-07-30,1900,call,0.011365,0.011,0.012,53.3,,,,,208.0,461.0,1877.49
2026-07-28 03:39:18,deribit,ETH,ETH-28JUL26-2025-C,2026-07-28,2025,call,0.0,,0.0001,76.22,,,,,1369.0,678.0,1877.5
2026-07-28 03:39:18,deribit,ETH,ETH-25JUN27-1900-C,2027-06-25,1900,call,0.223262,0.222,0.2245,57.71,,,,,65.0,0.0,1930.91
2026-07-28 03:39:18,deribit,ETH,ETH-26MAR27-3700-C,2027-03-26,3700,call,0.024204,0.0235,0.025,58.36,,,,,1467.0,0.0,1912.64
2026-07-28 03:39:18,deribit,ETH,ETH-28JUL26-1900-P,2026-07-28,1900,put,0.012722,0.0085,0.016,49.03,,,,,1077.0,801.0,1877.5
2026-07-28 03:39:18,deribit,ETH,ETH-26MAR27-5000-C,2027-03-26,5000,call,0.008515,0.008,0.009,61.85,,,,,1214.0,23.0,1912.64
2026-07-28 03:39:18,deribit,ETH,ETH-26MAR27-2000-P,2027-03-26,2000,put,0.208804,0.207,0.21,56.3,,,,,1510.0,0.0,1912.64
2026-07-28 03:39:18,deribit,ETH,ETH-14AUG26-2400-C,2026-08-14,2400,call,0.001725,0.0015,0.0019,60.14,,,,,352.0,40.0,1878.47
2026-07-28 03:39:18,deribit,ETH,ETH-29JUL26-1600-P,2026-07-29,1600,put,5e-06,,0.0001,84.72,,,,,770.0,0.0,1877.49
2026-07-28 03:39:18,deribit,ETH,ETH-28JUL26-1900-C,2026-07-28,1900,call,0.000773,0.0006,0.0008,49.03,,,,,1639.0,401.0,1877.5
2026-07-28 03:39:18,deribit,ETH,ETH-25SEP26-2100-P,2026-09-25,2100,put,0.157176,0.1555,0.1625,51.48,,,,,2762.0,0.0,1881.87
2026-07-28 03:39:18,deribit,ETH,ETH-29JUL26-1900-C,2026-07-29,1900,call,0.006175,0.0055,0.0065,48.52,,,,,176.0,68.0,1877.49
2026-07-28 03:39:18,deribit,ETH,ETH-28JUL26-1920-P,2026-07-28,1920,put,0.022795,0.0115,0.0655,56.51,,,,,0.0,0.0,1877.5
2026-07-28 03:39:18,deribit,ETH,ETH-26MAR27-1200-C,2027-03-26,1200,call,0.410859,0.407,0.4145,62.43,,,,,69.0,0.0,1912.64
2026-07-28 03:39:18,deribit,ETH,ETH-30JUL26-1800-C,2026-07-30,1800,call,0.045719,0.0385,0.05,58.35,,,,,0.0,0.0,1877.49
2026-07-28 03:39:18,deribit,ETH,ETH-31JUL26-2450-C,2026-07-31,2450,call,8e-06,,0.0001,84.09,,,,,4406.0,1183.0,1878.34
2026-07-28 03:39:18,deribit,ETH,ETH-25SEP26-2700-P,2026-09-25,2700,put,0.441291,0.4325,0.4515,56.57,,,,,527.0,0.0,1881.86
2026-07-28 03:39:18,deribit,ETH,ETH-30JUL26-1950-C,2026-07-30,1950,call,0.004413,0.0041,0.0046,54.64,,,,,285.0,249.0,1877.49
2026-07-28 03:39:18,deribit,ETH,ETH-29JUL26-2025-P,2026-07-29,2025,put,0.078608,0.0375,0.1255,64.69,,,,,0.0,0.0,1877.49
2026-07-28 03:39:18,deribit,ETH,ETH-28JUL26-1700-C,2026-07-28,1700,call,0.094572,0.057,0.129,87.24,,,,,0.0,0.0,1877.5
2026-07-28 03:39:18,deribit,ETH,ETH-28JUL26-1975-P,2026-07-28,1975,put,0.051901,0.029,0.096,76.22,,,,,217.0,248.0,1877.5
2026-07-28 03:39:18,deribit,ETH,ETH-26MAR27-2500-C,2027-03-26,2500,call,0.088784,0.088,0.0895,56.18,,,,,8811.0,7570.0,1912.64
2026-07-28 03:39:18,deribit,ETH,ETH-25SEP26-16000-P,2026-09-25,16000,put,7.502234,7.176,7.8575,130.17,,,,,30.0,0.0,1881.86
2026-07-28 03:39:18,deribit,ETH,ETH-25SEP26-2300-C,2026-09-25,2300,call,0.021171,0.0205,0.0215,52.33,,,,,9841.0,1531.0,1881.86
2026-07-28 03:39:18,deribit,ETH,ETH-25SEP26-1400-P,2026-09-25,1400,put,0.011406,0.011,0.012,60.52,,,,,9609.0,123.0,1881.86
2026-07-28 03:39:18,deribit,ETH,ETH-26MAR27-1500-P,2027-03-26,1500,put,0.080746,0.0795,0.0815,58.53,,,,,4097.0,0.0,1912.64
2026-07-28 03:39:18,deribit,ETH,ETH-29JUL26-2100-P,2026-07-29,2100,put,0.118358,0.076,0.167,78.79,,,,,0.0,0.0,1877.49
2026-07-28 03:39:18,deribit,ETH,ETH-26MAR27-4500-P,2027-03-26,4500,put,1.365083,1.3395,1.483,60.69,,,,,0.0,0.0,1912.64
2026-07-28 03:39:18,deribit,ETH,ETH-30JUL26-1820-P,2026-07-30,1820,put,0.00599,0.0055,0.0065,56.74,,,,,0.0,0.0,1877.49
2026-07-28 03:39:18,deribit,ETH,ETH-30JUL26-1780-C,2026-07-30,1780,call,0.055121,0.047,0.061,60.58,,,,,0.0,0.0,1877.49
2026-07-28 03:39:18,deribit,ETH,ETH-25JUN27-2700-P,2027-06-25,2700,put,0.502474,0.495,0.5125,57.2,,,,,0.0,0.0,1930.91
2026-07-28 03:39:18,deribit,ETH,ETH-25SEP26-1600-C,2026-09-25,1600,call,0.177312,0.1735,0.1795,55.03,,,,,3575.0,0.0,1881.86
2026-07-28 03:39:18,deribit,ETH,ETH-26MAR27-3000-P,2027-03-26,3000,put,0.618047,0.6035,0.6325,56.77,,,,,352.0,0.0,1912.64
2026-07-28 03:39:18,deribit,ETH,ETH-25JUN27-2900-C,2027-06-25,2900,call,0.086995,0.0855,0.0885,57.33,,,,,0.0,0.0,1930.91
2026-07-28 03:39:18,deribit,ETH,ETH-25JUN27-1700-P,2027-06-25,1700,put,0.151844,0.1505,0.1535,58.44,,,,,466.0,150.0,1930.91
2026-07-28 03:39:18,deribit,ETH,ETH-31JUL26-2750-P,2026-07-31,2750,put,0.463989,0.4085,0.5255,95.84,,,,,2.0,0.0,1878.36
2026-07-28 03:39:18,deribit,ETH,ETH-25DEC26-5200-P,2026-12-25,5200,put,1.746559,1.6405,1.8705,66.23,,,,,0.0,0.0,1894.64
2026-07-28 03:39:18,deribit,ETH,ETH-25DEC26-4800-C,2026-12-25,4800,call,0.002911,0.0026,0.0033,64.95,,,,,2512.0,0.0,1894.62
2026-07-28 03:39:18,deribit,ETH,ETH-31JUL26-2750-C,2026-07-31,2750,call,0.0,,0.0001,95.84,,,,,659.0,0.0,1878.36
2026-07-28 03:39:18,deribit,ETH,ETH-14AUG26-1600-P,2026-08-14,1600,put,0.005662,0.0055,0.006,58.28,,,,,1331.0,708.0,1878.47
2026-07-28 03:39:18,deribit,ETH,ETH-31JUL26-3200-P,2026-07-31,3200,put,0.70355,0.639,0.775,105.54,,,,,3.0,0.0,1878.34
2026-07-28 03:39:18,deribit,ETH,ETH-28JUL26-1600-P,2026-07-28,1600,put,0.0,,0.0001,89.21,,,,,1166.0,0.0,1877.5
2026-07-28 03:39:18,deribit,ETH,ETH-25JUN27-2000-P,2027-06-25,2000,put,0.238412,0.237,0.241,57.53,,,,,51.0,5.0,1930.91
2026-07-28 03:39:18,deribit,ETH,ETH-7AUG26-1850-P,2026-08-07,1850,put,0.026663,0.026,0.027,50.93,,,,,1110.0,370.0,1878.31
2026-07-28 03:39:18,deribit,ETH,ETH-26MAR27-1500-C,2027-03-26,1500,call,0.296531,0.2925,0.2995,58.53,,,,,244.0,0.0,1912.64
2026-07-28 03:39:18,deribit,ETH,ETH-14AUG26-1750-P,2026-08-14,1750,put,0.017759,0.017,0.0185,52.34,,,,,1025.0,592.0,1878.47
2026-07-28 03:39:18,deribit,ETH,ETH-25DEC26-2700-P,2026-12-25,2700,put,0.459838,0.4485,0.474,55.17,,,,,441.0,0.0,1894.62
2026-07-28 03:39:18,deribit,ETH,ETH-25SEP26-3800-C,2026-09-25,3800,call,0.000921,0.0007,0.0011,71.02,,,,,2011.0,0.0,1881.87
2026-07-28 03:39:18,deribit,ETH,ETH-31JUL26-2800-P,2026-07-31,2800,put,0.490607,0.434,0.553,97.13,,,,,2.0,0.0,1878.36
2026-07-28 03:39:18,deribit,ETH,ETH-25SEP26-7500-C,2026-09-25,7500,call,1.4e-05,,0.0002,90.95,,,,,1322.0,0.0,1881.86
2026-07-28 03:39:18,deribit,ETH,ETH-25SEP26-6800-P,2026-09-25,6800,put,2.613477,2.475,2.765,89.53,,,,,0.0,0.0,1881.87
2026-07-28 03:39:18,deribit,ETH,ETH-28JUL26-1725-C,2026-07-28,1725,call,0.081257,0.043,0.1165,87.13,,,,,0.0,0.0,1877.5
2026-07-28 03:39:18,deribit,ETH,ETH-31JUL26-2200-C,2026-07-31,2200,call,0.000253,0.0002,0.0003,72.9,,,,,9248.0,224.0,1878.34
2026-07-28 03:39:18,deribit,ETH,ETH-31JUL26-2450-P,2026-07-31,2450,put,0.304289,0.255,0.3595,84.09,,,,,241.0,0.0,1878.36
2026-07-28 03:39:18,deribit,ETH,ETH-28JUL26-2050-C,2026-07-28,2050,call,0.0,,0.0001,76.22,,,,,2210.0,2015.0,1877.5
2026-07-28 03:39:18,deribit,ETH,ETH-29JUL26-1820-C,2026-07-29,1820,call,0.033248,0.0265,0.038,53.86,,,,,0.0,0.0,1877.49
2026-07-28 03:39:18,deribit,ETH,ETH-14AUG26-2000-P,2026-08-14,2000,put,0.084338,0.0805,0.0895,50.16,,,,,43.0,43.0,1878.47
2026-07-28 03:39:18,deribit,ETH,ETH-25SEP26-3300-C,2026-09-25,3300,call,0.001908,0.0017,0.0021,64.75,,,,,17691.0,0.0,1881.87
2026-07-28 03:39:18,deribit,ETH,ETH-7AUG26-2200-P,2026-08-07,2200,put,0.173416,0.1275,0.227,57.5,,,,,11.0,1.0,1878.31
2026-07-28 03:39:18,deribit,ETH,ETH-31JUL26-2150-P,2026-07-31,2150,put,0.144968,0.14,0.152,67.7,,,,,1138.0,0.0,1878.34
2026-07-28 03:39:18,deribit,ETH,ETH-26MAR27-3300-C,2027-03-26,3300,call,0.035835,0.035,0.0365,57.33,,,,,1921.0,0.0,1912.64
2026-07-28 03:39:18,deribit,ETH,ETH-25SEP26-2200-P,2026-09-25,2200,put,0.198619,0.193,0.206,51.81,,,,,5535.0,4.0,1881.86
2026-07-28 03:39:18,deribit,ETH,ETH-25DEC26-1300-C,2026-12-25,1300,call,0.342311,0.337,0.346,60.86,,,,,50.0,0.0,1894.62
2026-07-28 03:39:18,deribit,ETH,ETH-25SEP26-3200-P,2026-09-25,3200,put,0.702706,0.6925,0.715,63.39,,,,,1334.0,0.0,1881.86
2026-07-28 03:39:18,deribit,ETH,ETH-28AUG26-2600-C,2026-08-28,2600,call,0.002355,0.0021,0.0025,59.16,,,,,2680.0,6.0,1878.01
2026-07-28 03:39:18,deribit,ETH,ETH-26MAR27-3000-C,2027-03-26,3000,call,0.049617,0.049,0.0505,56.77,,,,,4695.0,605.0,1912.64
2026-07-28 03:39:18,deribit,ETH,ETH-7AUG26-2100-P,2026-08-07,2100,put,0.122774,0.085,0.146,53.4,,,,,0.0,0.0,1878.31
2026-07-28 03:39:18,deribit,ETH,ETH-29JUL26-2100-C,2026-07-29,2100,call,9.7e-05,,0.0001,78.79,,,,,1744.0,1783.0,1877.49
2026-07-28 03:39:18,deribit,ETH,ETH-25SEP26-1200-P,2026-09-25,1200,put,0.004542,0.0043,0.0048,67.96,,,,,11816.0,3.0,1881.86
2026-07-28 03:39:18,deribit,ETH,ETH-25DEC26-1900-P,2026-12-25,1900,put,0.140518,0.1395,0.142,54.56,,,,,3013.0,31.0,1894.62
2026-07-28 03:39:18,deribit,ETH,ETH-29JUL26-1975-P,2026-07-29,1975,put,0.052412,0.048,0.0585,54.8,,,,,471.0,504.0,1877.49
2026-07-28 03:39:18,deribit,ETH,ETH-25SEP26-7200-C,2026-09-25,7200,call,2.1e-05,,0.0002,90.95,,,,,1160.0,0.0,1881.87
2026-07-28 03:39:18,deribit,ETH,ETH-28AUG26-1550-C,2026-08-28,1550,call,0.18407,0.1765,0.1905,57.1,,,,,167.0,0.0,1878.01
2026-07-28 03:39:18,deribit,ETH,ETH-25JUN27-3200-C,2027-06-25,3200,call,0.067004,0.0655,0.0685,57.6,,,,,223.0,3.0,1930.91
2026-07-28 03:39:18,deribit,ETH,ETH-28AUG26-3200-C,2026-08-28,3200,call,0.000514,0.0004,0.0006,72.3,,,,,1007.0,10.0,1878.01
2026-07-28 03:39:18,deribit,ETH,ETH-30JUL26-1980-P,2026-07-30,1980,put,0.056653,0.0465,0.0985,56.27,,,,,0.0,0.0,1877.49
2026-07-28 03:39:18,deribit,ETH,ETH-29JUL26-1900-P,2026-07-29,1900,put,0.017936,0.016,0.0205,48.52,,,,,344.0,322.0,1877.49
2026-07-28 03:39:18,deribit,ETH,ETH-25SEP26-6600-C,2026-09-25,6600,call,4.2e-05,,0.0002,89.53,,,,,1414.0,0.0,1881.86
2026-07-28 03:39:18,deribit,ETH,ETH-28AUG26-1000-C,2026-08-28,1000,call,0.467865,0.4625,0.472,85.22,,,,,50.0,0.0,1877.99
2026-07-28 03:39:18,deribit,ETH,ETH-29JUL26-1775-C,2026-07-29,1775,call,0.055534,0.035,0.0885,60.85,,,,,0.0,0.0,1877.49
2026-07-28 03:39:18,deribit,ETH,ETH-7AUG26-2100-C,2026-08-07,2100,call,0.00476,0.0045,0.0049,53.4,,,,,25927.0,54.0,1878.31
2026-07-28 03:39:18,deribit,ETH,ETH-28JUL26-1975-C,2026-07-28,1975,call,7e-06,,0.0001,76.22,,,,,1165.0,715.0,1877.5
2026-07-28 03:39:18,deribit,ETH,ETH-26MAR27-3100-C,2027-03-26,3100,call,0.044381,0.0435,0.045,56.93,,,,,1667.0,532.0,1912.64
2026-07-28 03:39:18,deribit,ETH,ETH-31JUL26-2250-C,2026-07-31,2250,call,0.000145,0.0001,0.0002,76.55,,,,,4341.0,9.0,1878.36
2026-07-28 03:39:18,deribit,ETH,ETH-31JUL26-1000-P,2026-07-31,1000,put,0.0,,0.0001,123.78,,,,,9466.0,0.0,1878.34
2026-07-28 03:39:18,deribit,ETH,ETH-25SEP26-2400-P,2026-09-25,2400,put,0.290727,0.2835,0.299,53.18,,,,,2115.0,0.0,1881.87
2026-07-28 03:39:18,deribit,ETH,ETH-25SEP26-2900-P,2026-09-25,2900,put,0.545082,0.4835,0.6185,59.2,,,,,49.0,0.0,1881.86
2026-07-28 03:39:18,deribit,ETH,ETH-25SEP26-15000-C,2026-09-25,15000,call,8e-06,,0.0002,127.3,,,,,878.0,0.0,1881.86
2026-07-28 03:39:18,deribit,ETH,ETH-28AUG26-2150-P,2026-08-28,2150,put,0.160428,0.1245,0.1715,50.82,,,,,83.0,0.0,1878.01
2026-07-28 03:39:18,deribit,ETH,ETH-25SEP26-5600-C,2026-09-25,5600,call,0.00018,0.0001,0.0003,88.22,,,,,6163.0,0.0,1881.86
2026-07-28 03:39:18,deribit,ETH,ETH-7AUG26-2050-P,2026-08-07,2050,put,0.09881,0.0675,0.1095,51.91,,,,,10.0,10.0,1878.31
2026-07-28 03:39:18,deribit,ETH,ETH-29JUL26-1980-C,2026-07-29,1980,call,0.000644,0.0005,0.0008,55.78,,,,,2.0,2.0,1877.49
2026-07-28 03:39:18,deribit,ETH,ETH-26MAR27-2700-C,2027-03-26,2700,call,0.06998,0.069,0.071,56.34,,,,,2840.0,0.0,1912.64
2026-07-28 03:39:18,deribit,ETH,ETH-7AUG26-2000-P,2026-08-07,2000,put,0.076444,0.074,0.081,50.77,,,,,257.0,265.0,1878.31
2026-07-28 03:39:18,deribit,ETH,ETH-25SEP26-3000-P,2026-09-25,3000,put,0.597439,0.588,0.609,60.54,,,,,7566.0,0.0,1881.86
2026-07-28 03:39:18,deribit,ETH,ETH-29JUL26-1920-P,2026-07-29,1920,put,0.02582,0.021,0.0325,48.95,,,,,100.0,100.0,1877.49
2026-07-28 03:39:18,deribit,ETH,ETH-25DEC26-3600-P,2026-12-25,3600,put,0.909582,0.887,1.002,59.01,,,,,93.0,0.0,1894.64
2026-07-28 03:39:18,deribit,ETH,ETH-25SEP26-5000-C,2026-09-25,5000,call,0.000237,0.0001,0.0004,82.07,,,,,4100.0,0.0,1881.87
2026-07-28 03:39:18,deribit,ETH,ETH-31JUL26-1800-P,2026-07-31,1800,put,0.006318,0.006,0.0065,57.28,,,,,11175.0,861.0,1878.34
2026-07-28 03:39:18,deribit,ETH,ETH-28AUG26-2250-P,2026-08-28,2250,put,0.207635,0.176,0.2205,52.1,,,,,14.0,0.0,1878.01
2026-07-28 03:39:18,deribit,ETH,ETH-25JUN27-2200-C,2027-06-25,2200,call,0.166978,0.1655,0.1685,57.27,,,,,1060.0,33.0,1930.93
2026-07-28 03:39:18,deribit,ETH,ETH-25DEC26-3600-C,2026-12-25,3600,call,0.009515,0.009,0.01,59.01,,,,,2229.0,0.0,1894.62
2026-07-28 03:39:18,deribit,ETH,ETH-25DEC26-9000-C,2026-12-25,9000,call,0.000359,0.0002,0.0006,79.89,,,,,1908.0,0.0,1894.62
2026-07-28 03:39:18,deribit,ETH,ETH-25JUN27-900-C,2027-06-25,900,call,0.559069,0.5555,0.5615,68.0,,,,,2.0,0.0,1930.91
2026-07-28 03:39:18,deribit,ETH,ETH-25SEP26-2700-C,2026-09-25,2700,call,0.00654,0.006,0.007,56.57,,,,,4422.0,100.0,1881.86
2026-07-28 03:39:18,deribit,ETH,ETH-25SEP26-11000-C,2026-09-25,11000,call,9e-06,,0.0002,110.93,,,,,2766.0,0.0,1881.87
2026-07-28 03:39:18,deribit,ETH,ETH-28JUL26-1960-P,2026-07-28,1960,put,0.043937,0.029,0.0885,76.22,,,,,0.0,0.0,1877.5
2026-07-28 03:39:18,deribit,ETH,ETH-28AUG26-2100-P,2026-08-28,2100,put,0.138179,0.1325,0.1445,50.28,,,,,467.0,0.0,1877.99
2026-07-28 03:39:18,deribit,ETH,ETH-25SEP26-10000-P,2026-09-25,10000,put,4.313901,4.11,4.536,105.8,,,,,0.0,0.0,1881.86
2026-07-28 03:39:18,deribit,ETH,ETH-25DEC26-2200-C,2026-12-25,2200,call,0.081863,0.081,0.0825,54.17,,,,,52961.0,30.0,1894.62
2026-07-28 03:39:18,deribit,ETH,ETH-30JUL26-1875-C,2026-07-30,1875,call,0.017499,0.017,0.018,54.01,,,,,18.0,218.0,1877.49
2026-07-28 03:39:18,deribit,ETH,ETH-26MAR27-2100-P,2027-03-26,2100,put,0.242337,0.2375,0.245,56.2,,,,,486.0,0.0,1912.64
2026-07-28 03:39:18,deribit,ETH,ETH-30JUL26-1800-P,2026-07-30,1800,put,0.004099,0.0039,0.0043,58.35,,,,,566.0,57.0,1877.49
2026-07-28 03:39:18,deribit,ETH,ETH-31JUL26-1200-P,2026-07-31,1200,put,1e-06,,0.0001,123.78,,,,,12695.0,0.0,1878.34
2026-07-28 03:39:18,deribit,ETH,ETH-31JUL26-3400-C,2026-07-31,3400,call,0.0,,0.0001,116.34,,,,,2541.0,0.0,1878.36
2026-07-28 03:39:18,deribit,ETH,ETH-31JUL26-1880-C,2026-07-31,1880,call,0.019471,0.019,0.02,53.38,,,,,0.0,0.0,1878.34
2026-07-28 03:39:18,deribit,ETH,ETH-25JUN27-2500-C,2027-06-25,2500,call,0.125553,0.124,0.127,57.18,,,,,2980.0,0.0,1930.93
2026-07-28 03:39:18,deribit,ETH,ETH-25DEC26-4000-P,2026-12-25,4000,put,1.117112,1.0325,1.2205,60.81,,,,,223.0,0.0,1894.62
2026-07-28 03:39:18,deribit,ETH,ETH-25JUN27-800-P,2027-06-25,800,put,0.018688,0.018,0.0195,70.64,,,,,664.0,603.0,1930.91
2026-07-28 03:39:18,deribit,ETH,ETH-26MAR27-6000-P,2027-03-26,6000,put,2.141859,2.018,2.289,65.13,,,,,1.0,0.0,1912.64
2026-07-28 03:39:18,deribit,ETH,ETH-25SEP26-3100-P,2026-09-25,3100,put,0.650025,0.585,0.727,62.03,,,,,0.0,0.0,1881.86
2026-07-28 03:39:18,deribit,ETH,ETH-25DEC26-1600-C,2026-12-25,1600,call,0.223775,0.22,0.2265,56.22,,,,,621.0,1.0,1894.62
2026-07-28 03:39:18,deribit,ETH,ETH-26MAR27-3100-P,2027-03-26,3100,put,0.665093,0.649,0.76,56.93,,,,,99.0,0.0,1912.64
2026-07-28 03:39:18,deribit,ETH,ETH-31JUL26-3100-P,2026-07-31,3100,put,0.650314,0.5875,0.719,102.54,,,,,0.0,0.0,1878.34
2026-07-28 03:39:18,deribit,ETH,ETH-25JUN27-3400-P,2027-06-25,3400,put,0.817442,0.801,0.878,57.82,,,,,2.0,0.0,1930.93
2026-07-28 03:39:18,deribit,ETH,ETH-7AUG26-1900-P,2026-08-07,1900,put,0.039831,0.039,0.0405,50.38,,,,,1595.0,978.0,1878.31
2026-07-28 03:39:18,deribit,ETH,ETH-31JUL26-4200-C,2026-07-31,4200,call,0.0,,0.0001,118.7,,,,,1180.0,0.0,1878.36
2026-07-28 03:39:18,deribit,ETH,ETH-25SEP26-13000-P,2026-09-25,13000,put,5.908068,5.643,6.1965,119.8,,,,,0.0,0.0,1881.86
2026-07-28 03:39:18,deribit,ETH,ETH-25DEC26-3800-P,2026-12-25,3800,put,1.013134,0.932,1.1135,59.99,,,,,26.0,0.0,1894.62
2026-07-28 03:39:18,deribit,ETH,ETH-25JUN27-1200-P,2027-06-25,1200,put,0.054863,0.054,0.0555,62.31,,,,,360.0,3.0,1930.93
2026-07-28 03:39:18,deribit,ETH,ETH-31JUL26-1700-C,2026-07-31,1700,call,0.09632,0.093,0.0985,66.33,,,,,2781.0,39.0,1878.34
2026-07-28 03:39:18,deribit,ETH,ETH-25SEP26-1300-P,2026-09-25,1300,put,0.007251,0.007,0.0075,64.07,,,,,1379.0,4.0,1881.87
2026-07-28 03:39:18,deribit,ETH,ETH-25SEP26-1400-C,2026-09-25,1400,call,0.267462,0.264,0.2695,60.52,,,,,285.0,0.0,1881.86
2026-07-28 03:39:18,deribit,ETH,ETH-28AUG26-1450-P,2026-08-28,1450,put,0.005243,0.005,0.0055,61.35,,,,,5766.0,3.0,1878.01
2026-07-28 03:39:18,deribit,ETH,ETH-28AUG26-3200-P,2026-08-28,3200,put,0.7044,0.639,0.779,72.3,,,,,3.0,0.0,1878.01
2026-07-28 03:39:18,deribit,ETH,ETH-31JUL26-2650-P,2026-07-31,2650,put,0.410754,0.357,0.47,94.36,,,,,52.0,0.0,1878.36
2026-07-28 03:39:18,deribit,ETH,ETH-26MAR27-5500-C,2027-03-26,5500,call,0.006506,0.006,0.007,63.68,,,,,1943.0,1.0,1912.66
2026-07-28 03:39:18,deribit,ETH,ETH-25SEP26-3600-P,2026-09-25,3600,put,0.914199,0.902,0.9305,68.56,,,,,569.0,0.0,1881.86
2026-07-28 03:39:18,deribit,ETH,ETH-25SEP26-1300-C,2026-09-25,1300,call,0.316445,0.31,0.3215,64.07,,,,,69.0,0.0,1881.87
2026-07-28 03:39:18,deribit,ETH,ETH-25DEC26-1600-P,2026-12-25,1600,put,0.068249,0.0675,0.069,56.22,,,,,7408.0,0.0,1894.64
2026-07-28 03:39:18,deribit,ETH,ETH-29JUL26-2050-P,2026-07-29,2050,put,0.091819,0.0505,0.1395,69.05,,,,,0.0,0.0,1877.49
2026-07-28 03:39:18,deribit,ETH,ETH-25DEC26-11000-C,2026-12-25,11000,call,0.00021,0.0001,0.0004,84.89,,,,,2143.0,0.0,1894.62
2026-07-28 03:39:18,deribit,ETH,ETH-25JUN27-1000-C,2027-06-25,1000,call,0.51526,0.5115,0.518,65.73,,,,,58.0,1.0,1930.91
2026-07-28 03:39:18,deribit,ETH,ETH-25JUN27-2300-P,2027-06-25,2300,put,0.342834,0.337,0.35,57.21,,,,,85.0,0.0,1930.91
2026-07-28 03:39:18,deribit,ETH,ETH-30JUL26-1950-P,2026-07-30,1950,put,0.042657,0.0365,0.0505,54.64,,,,,34.0,41.0,1877.49
2026-07-28 03:39:18,deribit,ETH,ETH-31JUL26-3100-C,2026-07-31,3100,call,0.0,,0.0001,102.54,,,,,2638.0,0.0,1878.36
2026-07-28 03:39:18,deribit,ETH,ETH-31JUL26-1875-P,2026-07-31,1875,put,0.01907,0.0185,0.0195,53.67,,,,,410.0,410.0,1878.34
2026-07-28 03:39:18,deribit,ETH,ETH-28JUL26-1980-P,2026-07-28,1980,put,0.054562,0.0285,0.099,76.22,,,,,0.0,0.0,1877.5
2026-07-28 03:39:18,deribit,ETH,ETH-30JUL26-1975-C,2026-07-30,1975,call,0.002686,0.0024,0.0029,55.95,,,,,692.0,678.0,1877.49
2026-07-28 03:39:18,deribit,ETH,ETH-29JUL26-1850-P,2026-07-29,1850,put,0.005507,0.005,0.006,50.77,,,,,74.0,66.0,1877.49
2026-07-28 03:39:18,deribit,ETH,ETH-30JUL26-1880-P,2026-07-30,1880,put,0.017113,0.0165,0.0175,53.87,,,,,1.0,1.0,1877.49
2026-07-28 03:39:18,deribit,ETH,ETH-31JUL26-2550-P,2026-07-31,2550,put,0.357519,0.306,0.415,88.0,,,,,108.0,0.0,1878.36
2026-07-28 03:39:18,deribit,ETH,ETH-28JUL26-2000-P,2026-07-28,2000,put,0.06521,0.029,0.11,76.22,,,,,1.0,1.0,1877.5
2026-07-28 03:39:18,deribit,ETH,ETH-28AUG26-1500-P,2026-08-28,1500,put,0.006922,0.0065,0.0075,58.94,,,,,4140.0,76.0,1878.01
2026-07-28 03:39:18,deribit,ETH,ETH-7AUG26-1900-C,2026-08-07,1900,call,0.028294,0.0275,0.029,50.38,,,,,978.0,18.0,1878.31
2026-07-28 03:39:18,deribit,ETH,ETH-30JUL26-2025-P,2026-07-30,2025,put,0.079273,0.038,0.1275,60.41,,,,,2.0,2.0,1877.49
2026-07-28 03:39:18,deribit,ETH,ETH-28AUG26-2100-C,2026-08-28,2100,call,0.020004,0.0195,0.0205,50.28,,,,,8593.0,293.0,1877.99
2026-07-28 03:39:18,deribit,ETH,ETH-25JUN27-3200-P,2027-06-25,3200,put,0.724194,0.709,0.8265,57.6,,,,,0.0,0.0,1930.91
2026-07-28 03:39:18,deribit,ETH,ETH-29JUL26-2000-C,2026-07-29,2000,call,0.000399,0.0003,0.0005,58.81,,,,,1749.0,72.0,1877.49
2026-07-28 03:39:18,deribit,ETH,ETH-25SEP26-9000-C,2026-09-25,9000,call,1e-05,,0.0004,100.09,,,,,1519.0,0.0,1881.86
2026-07-28 03:39:18,deribit,ETH,ETH-25JUN27-2100-C,2027-06-25,2100,call,0.183903,0.1825,0.1855,57.37,,,,,8.0,2.0,1930.91
2026-07-28 03:39:18,deribit,ETH,ETH-26MAR27-3200-C,2027-03-26,3200,call,0.039849,0.039,0.0405,57.13,,,,,1297.0,455.0,1912.64
2026-07-28 03:39:18,deribit,ETH,ETH-31JUL26-1800-C,2026-07-31,1800,call,0.048071,0.044,0.05,57.28,,,,,13256.0,193.0,1878.34
2026-07-28 03:39:18,deribit,ETH,ETH-25DEC26-3800-C,2026-12-25,3800,call,0.007508,0.007,0.008,59.99,,,,,2882.0,310.0,1894.62
2026-07-28 03:39:18,deribit,ETH,ETH-25SEP26-4800-C,2026-09-25,4800,call,0.000315,0.0002,0.0005,81.17,,,,,1980.0,0.0,1881.87
2026-07-28 03:39:18,deribit,ETH,ETH-26MAR27-2400-C,2027-03-26,2400,call,0.100163,0.0995,0.101,56.13,,,,,1772.0,0.0,1912.64
2026-07-28 03:39:18,deribit,ETH,ETH-26MAR27-4000-P,2027-03-26,4000,put,1.10956,1.087,1.217,59.06,,,,,0.0,0.0,1912.64
2026-07-28 03:39:18,deribit,ETH,ETH-28AUG26-1200-P,2026-08-28,1200,put,0.001265,0.0012,0.0014,74.54,,,,,7278.0,10.0,1877.99
2026-07-28 03:39:18,deribit,ETH,ETH-25SEP26-4000-C,2026-09-25,4000,call,0.000688,0.0006,0.0009,72.93,,,,,12124.0,0.0,1881.86
2026-07-28 03:39:18,deribit,ETH,ETH-29JUL26-1980-P,2026-07-29,1980,put,0.055004,0.0285,0.1005,55.78,,,,,0.0,0.0,1877.49
2026-07-28 03:39:18,deribit,ETH,ETH-25SEP26-2100-C,2026-09-25,2100,call,0.041259,0.0405,0.042,51.48,,,,,5404.0,668.0,1881.86
2026-07-28 03:39:18,deribit,ETH,ETH-25DEC26-2500-P,2026-12-25,2500,put,0.368182,0.3585,0.3785,54.62,,,,,1165.0,20.0,1894.62
2026-07-28 03:39:18,deribit,ETH,ETH-31JUL26-2100-P,2026-07-31,2100,put,0.118717,0.114,0.1235,64.0,,,,,863.0,0.0,1878.36
2026-07-28 03:39:18,deribit,ETH,ETH-26MAR27-4600-P,2027-03-26,4600,put,1.416439,1.3895,1.525,60.94,,,,,0.0,0.0,1912.64
2026-07-28 03:39:18,deribit,ETH,ETH-26MAR27-3700-P,2027-03-26,3700,put,0.958602,0.938,1.07,58.36,,,,,0.0,0.0,1912.64
2026-07-28 03:39:18,deribit,ETH,ETH-25DEC26-1700-C,2026-12-25,1700,call,0.191299,0.1895,0.1925,55.42,,,,,368.0,0.0,1894.62
2026-07-28 03:39:18,deribit,ETH,ETH-26MAR27-2200-P,2027-03-26,2200,put,0.27796,0.2725,0.284,56.12,,,,,1686.0,0.0,1912.64
2026-07-28 03:39:18,deribit,ETH,ETH-25SEP26-6000-C,2026-09-25,6000,call,0.000111,,0.0002,89.53,,,,,3183.0,1.0,1881.87
2026-07-28 03:39:18,deribit,ETH,ETH-28AUG26-1650-P,2026-08-28,1650,put,0.01673,0.016,0.017,53.49,,,,,6611.0,0.0,1877.99
2026-07-28 03:39:18,deribit,ETH,ETH-30JUL26-2060-C,2026-07-30,2060,call,0.00064,0.0005,0.0008,64.31,,,,,4.0,4.0,1877.49
2026-07-28 03:39:18,deribit,ETH,ETH-30JUL26-1925-C,2026-07-30,1925,call,0.007237,0.0065,0.0075,53.97,,,,,891.0,345.0,1877.49
2026-07-28 03:39:18,deribit,ETH,ETH-25DEC26-3200-P,2026-12-25,3200,put,0.705048,0.6915,0.723,57.1,,,,,251.0,0.0,1894.64
2026-07-28 03:39:18,deribit,ETH,ETH-25SEP26-5400-C,2026-09-25,5400,call,0.000206,0.0001,0.0003,86.63,,,,,1177.0,0.0,1881.86
2026-07-28 03:39:18,deribit,ETH,ETH-25DEC26-10000-C,2026-12-25,10000,call,0.000315,0.0002,0.0004,83.56,,,,,1675.0,0.0,1894.62
2026-07-28 03:39:18,deribit,ETH,ETH-31JUL26-1950-C,2026-07-31,1950,call,0.00674,0.006,0.007,53.68,,,,,13138.0,389.0,1878.36
2026-07-28 03:39:18,deribit,ETH,ETH-31JUL26-1700-P,2026-07-31,1700,put,0.001331,0.0012,0.0015,66.33,,,,,11703.0,259.0,1878.34
2026-07-28 03:39:18,deribit,ETH,ETH-28AUG26-3000-C,2026-08-28,3000,call,0.000763,0.0006,0.0009,67.86,,,,,1357.0,10.0,1878.01
2026-07-28 03:39:18,deribit,ETH,ETH-25SEP26-4800-P,2026-09-25,4800,put,1.550983,1.453,1.6605,81.17,,,,,110.0,0.0,1881.86
2026-07-28 03:39:18,deribit,ETH,ETH-25JUN27-2800-C,2027-06-25,2800,call,0.09515,0.0935,0.0965,57.26,,,,,21.0,0.0,1930.91
2026-07-28 03:39:18,deribit,ETH,ETH-28AUG26-2150-C,2026-08-28,2150,call,0.01563,0.015,0.016,50.82,,,,,3703.0,751.0,1877.99
2026-07-28 03:39:18,deribit,ETH,ETH-25DEC26-5500-P,2026-12-25,5500,put,1.904606,1.7925,2.0345,67.94,,,,,0.0,0.0,1894.62
2026-07-28 03:39:18,deribit,ETH,ETH-25SEP26-4200-C,2026-09-25,4200,call,0.000583,0.0005,0.0008,75.58,,,,,2467.0,0.0,1881.87
2026-07-28 03:39:18,deribit,ETH,ETH-28AUG26-2500-P,2026-08-28,2500,put,0.33452,0.282,0.3965,56.99,,,,,4.0,0.0,1877.99
2026-07-28 03:39:18,deribit,ETH,ETH-28JUL26-1825-C,2026-07-28,1825,call,0.028098,0.01,0.0655,62.15,,,,,139.0,0.0,1877.5
2026-07-28 03:39:18,deribit,ETH,ETH-25JUN27-2800-P,2027-06-25,2800,put,0.545191,0.5375,0.5555,57.26,,,,,0.0,0.0,1930.91
2026-07-28 03:39:18,deribit,ETH,ETH-28AUG26-1850-P,2026-08-28,1850,put,0.050683,0.05,0.051,50.03,,,,,1395.0,56.0,1878.01
2026-07-28 03:39:18,deribit,ETH,ETH-25JUN27-2600-C,2027-06-25,2600,call,0.114345,0.1125,0.1155,57.18,,,,,37.0,0.0,1930.91
2026-07-28 03:39:18,deribit,ETH,ETH-29JUL26-2040-C,2026-07-29,2040,call,0.000183,0.0001,0.0003,65.75,,,,,14.0,14.0,1877.49
2026-07-28 03:39:18,deribit,ETH,ETH-25JUN27-1300-P,2027-06-25,1300,put,0.069089,0.068,0.07,61.07,,,,,1321.0,150.0,1930.91
2026-07-28 03:39:18,deribit,ETH,ETH-26MAR27-5500-P,2027-03-26,5500,put,1.881962,1.7675,2.0205,63.68,,,,,0.0,0.0,1912.64
2026-07-28 03:39:18,deribit,ETH,ETH-26MAR27-1400-C,2027-03-26,1400,call,0.331939,0.328,0.335,59.55,,,,,56.0,0.0,1912.64
2026-07-28 03:39:18,deribit,ETH,ETH-25JUN27-2400-P,2027-06-25,2400,put,0.380803,0.375,0.3885,57.17,,,,,2.0,2.0,1930.93
2026-07-28 03:39:18,deribit,ETH,ETH-31JUL26-2300-P,2026-07-31,2300,put,0.22452,0.2195,0.232,80.77,,,,,2773.0,30.0,1878.36
2026-07-28 03:39:18,deribit,ETH,ETH-26MAR27-1600-P,2027-03-26,1600,put,0.10054,0.0995,0.1015,57.74,,,,,1567.0,1.0,1912.64
2026-07-28 03:39:18,deribit,ETH,ETH-25JUN27-3800-C,2027-06-25,3800,call,0.041112,0.04,0.042,58.28,,,,,377.0,148.0,1930.91
2026-07-28 03:39:18,deribit,ETH,ETH-14AUG26-1600-C,2026-08-14,1600,call,0.153936,0.146,0.16,58.28,,,,,0.0,0.0,1878.47
2026-07-28 03:39:18,deribit,ETH,ETH-25DEC26-2500-C,2026-12-25,2500,call,0.048691,0.048,0.0495,54.62,,,,,23054.0,973.0,1894.62
2026-07-28 03:39:18,deribit,ETH,ETH-31JUL26-2400-C,2026-07-31,2400,call,2.2e-05,,0.0001,84.08,,,,,9837.0,1189.0,1878.34
2026-07-28 03:39:18,deribit,ETH,ETH-26MAR27-2400-P,2027-03-26,2400,put,0.354907,0.348,0.363,56.13,,,,,357.0,0.0,1912.64
2026-07-28 03:39:18,deribit,ETH,ETH-28AUG26-2350-C,2026-08-28,2350,call,0.006055,0.0055,0.0065,53.75,,,,,2279.0,800.0,1877.99
2026-07-28 03:39:18,deribit,ETH,ETH-28AUG26-1550-P,2026-08-28,1550,put,0.00939,0.009,0.0095,57.1,,,,,4985.0,6.0,1878.01
2026-07-28 03:39:18,deribit,ETH,ETH-28JUL26-2025-P,2026-07-28,2025,put,0.078525,0.0375,0.1235,76.22,,,,,0.0,0.0,1877.5
2026-07-28 03:39:18,deribit,ETH,ETH-31JUL26-2350-P,2026-07-31,2350,put,0.2511,0.246,0.256,84.02,,,,,538.0,0.0,1878.34
2026-07-28 03:39:18,deribit,ETH,ETH-31JUL26-1900-P,2026-07-31,1900,put,0.026208,0.025,0.0285,53.25,,,,,5397.0,1394.0,1878.36
2026-07-28 03:39:18,deribit,ETH,ETH-25DEC26-6000-P,2026-12-25,6000,put,2.167978,2.0465,2.308,69.56,,,,,0.0,0.0,1894.62
2026-07-28 03:39:18,deribit,ETH,ETH-26MAR27-1700-C,2027-03-26,1700,call,0.234575,0.233,0.2365,57.17,,,,,1337.0,0.0,1912.64
2026-07-28 03:39:18,deribit,ETH,ETH-31JUL26-2700-C,2026-07-31,2700,call,1e-06,,0.0001,95.24,,,,,4865.0,0.0,1878.34
2026-07-28 03:39:18,deribit,ETH,ETH-25JUN27-1000-P,2027-06-25,1000,put,0.033131,0.0325,0.034,65.73,,,,,4445.0,0.0,1930.91
2026-07-28 03:39:18,deribit,ETH,ETH-31JUL26-1825-C,2026-07-31,1825,call,0.037629,0.0345,0.0395,55.35,,,,,0.0,0.0,1878.34
2026-07-28 03:39:18,deribit,ETH,ETH-7AUG26-1400-P,2026-08-07,1400,put,0.00056,0.0005,0.0007,79.95,,,,,2623.0,1289.0,1878.31
2026-07-28 03:39:18,deribit,ETH,ETH-29JUL26-1960-P,2026-07-29,1960,put,0.044751,0.03,0.077,52.49,,,,,0.0,0.0,1877.49
2026-07-28 03:39:18,deribit,ETH,ETH-25SEP26-2000-P,2026-09-25,2000,put,0.120011,0.1175,0.1235,51.38,,,,,12961.0,45.0,1881.86
2026-07-28 03:39:18,deribit,ETH,ETH-28AUG26-3800-P,2026-08-28,3800,put,1.023473,0.9465,1.1095,79.3,,,,,0.0,0.0,1878.01
2026-07-28 03:39:18,deribit,ETH,ETH-14AUG26-1800-P,2026-08-14,1800,put,0.025615,0.025,0.0265,51.19,,,,,397.0,80.0,1878.47
2026-07-28 03:39:18,deribit,ETH,ETH-30JUL26-2020-C,2026-07-30,2020,call,0.00121,0.001,0.0014,60.1,,,,,0.0,0.0,1877.49
2026-07-28 03:39:18,deribit,ETH,ETH-25DEC26-1400-P,2026-12-25,1400,put,0.038547,0.038,0.039,58.88,,,,,14006.0,1.0,1894.62
2026-07-28 03:39:18,deribit,ETH,ETH-31JUL26-1975-P,2026-07-31,1975,put,0.055803,0.046,0.099,54.18,,,,,152.0,154.0,1878.34
2026-07-28 03:39:18,deribit,ETH,ETH-28AUG26-1900-C,2026-08-28,1900,call,0.052675,0.052,0.0535,49.78,,,,,2590.0,50.0,1878.01
2026-07-28 03:39:18,deribit,ETH,ETH-28AUG26-2300-C,2026-08-28,2300,call,0.00756,0.007,0.008,52.83,,,,,3861.0,1235.0,1877.99
2026-07-28 03:39:18,deribit,ETH,ETH-25SEP26-1800-P,2026-09-25,1800,put,0.061843,0.061,0.0625,52.13,,,,,4350.0,328.0,1881.86
2026-07-28 03:39:18,deribit,ETH,ETH-25DEC26-9000-P,2026-12-25,9000,put,3.750527,3.5685,3.9535,79.89,,,,,0.0,0.0,1894.62
2026-07-28 03:39:18,deribit,ETH,ETH-25JUN27-3600-C,2027-06-25,3600,call,0.048243,0.047,0.0495,58.08,,,,,2.0,0.0,1930.93
2026-07-28 03:39:18,deribit,ETH,ETH-25JUN27-4000-P,2027-06-25,4000,put,1.107039,1.0415,1.2105,58.65,,,,,0.0,0.0,1930.91
2026-07-28 03:39:18,deribit,ETH,ETH-31JUL26-1825-P,2026-07-31,1825,put,0.009186,0.0085,0.01,55.35,,,,,20.0,20.0,1878.34
2026-07-28 03:39:18,deribit,ETH,ETH-30JUL26-1850-P,2026-07-30,1850,put,0.010388,0.01,0.011,55.01,,,,,220.0,200.0,1877.49
2026-07-28 03:39:18,deribit,ETH,ETH-25DEC26-4600-C,2026-12-25,4600,call,0.003449,0.0031,0.0038,64.04,,,,,10274.0,255.0,1894.62
2026-07-28 03:39:18,deribit,ETH,ETH-25DEC26-10000-P,2026-12-25,10000,put,4.278279,4.076,4.503,83.56,,,,,0.0,0.0,1894.62
2026-07-28 03:39:18,deribit,ETH,ETH-29JUL26-1880-C,2026-07-29,1880,call,0.010557,0.01,0.011,48.9,,,,,3.0,3.0,1877.49
2026-07-28 03:39:18,deribit,ETH,ETH-26MAR27-3200-P,2027-03-26,3200,put,0.712841,0.6955,0.8135,57.13,,,,,20.0,0.0,1912.64
2026-07-28 03:39:18,deribit,ETH,ETH-26MAR27-2600-C,2027-03-26,2600,call,0.078803,0.078,0.0795,56.26,,,,,2569.0,24.0,1912.64
2026-07-28 03:39:18,deribit,ETH,ETH-25SEP26-2500-C,2026-09-25,2500,call,0.01133,0.0105,0.012,54.15,,,,,24186.0,183.0,1881.87
2026-07-28 03:39:18,deribit,ETH,ETH-31JUL26-1920-C,2026-07-31,1920,call,0.010943,0.0105,0.0115,53.38,,,,,2.0,2.0,1878.34
2026-07-28 03:39:18,deribit,ETH,ETH-25JUN27-1700-C,2027-06-25,1700,call,0.271462,0.2675,0.2745,58.44,,,,,654.0,0.0,1930.93
2026-07-28 03:39:18,deribit,ETH,ETH-25SEP26-2600-P,2026-09-25,2600,put,0.390167,0.3815,0.4005,55.36,,,,,8412.0,0.0,1881.86
2026-07-28 03:39:18,deribit,ETH,ETH-31JUL26-2400-P,2026-07-31,2400,put,0.277685,0.229,0.3325,84.08,,,,,100.0,1.0,1878.36
2026-07-28 03:39:18,deribit,ETH,ETH-31JUL26-1880-P,2026-07-31,1880,put,0.020307,0.0195,0.021,53.38,,,,,0.0,0.0,1878.34
2026-07-28 03:39:18,deribit,ETH,ETH-31JUL26-1900-C,2026-07-31,1900,call,0.014725,0.014,0.015,53.25,,,,,14470.0,150.0,1878.34
2026-07-28 03:39:18,deribit,ETH,ETH-28AUG26-2300-P,2026-08-28,2300,put,0.232228,0.218,0.258,52.83,,,,,3.0,0.0,1878.01
2026-07-28 03:39:18,deribit,ETH,ETH-30JUL26-1840-P,2026-07-30,1840,put,0.008659,0.008,0.009,55.41,,,,,3.0,3.0,1877.49
2026-07-28 03:39:18,deribit,ETH,ETH-29JUL26-1975-C,2026-07-29,1975,call,0.000714,0.0006,0.0008,54.8,,,,,1231.0,926.0,1877.49
2026-07-28 03:39:18,deribit,ETH,ETH-29JUL26-1725-P,2026-07-29,1725,put,0.000231,0.0001,0.0003,70.26,,,,,915.0,937.0,1877.49
2026-07-28 03:39:18,deribit,ETH,ETH-25DEC26-8000-C,2026-12-25,8000,call,0.000398,0.0003,0.0007,75.36,,,,,2427.0,0.0,1894.64
2026-07-28 03:39:18,deribit,ETH,ETH-30JUL26-1600-P,2026-07-30,1600,put,0.000136,0.0001,0.0002,84.3,,,,,202.0,111.0,1877.49
2026-07-28 03:39:18,deribit,ETH,ETH-25JUN27-1600-P,2027-06-25,1600,put,0.127415,0.126,0.1285,58.88,,,,,1261.0,5.0,1930.91
2026-07-28 03:39:18,deribit,ETH,ETH-28JUL26-1800-P,2026-07-28,1800,put,8e-06,,0.0001,65.21,,,,,1667.0,1628.0,1877.5
2026-07-28 03:39:18,deribit,ETH,ETH-30JUL26-1900-P,2026-07-30,1900,put,0.022988,0.0215,0.0255,53.3,,,,,253.0,275.0,1877.49
2026-07-28 03:39:18,deribit,ETH,ETH-31JUL26-2025-P,2026-07-31,2025,put,0.080069,0.0685,0.125,57.47,,,,,0.0,0.0,1878.36
2026-07-28 03:39:18,deribit,ETH,ETH-28JUL26-1840-P,2026-07-28,1840,put,0.000262,0.0001,0.0003,55.49,,,,,0.0,0.0,1877.5
2026-07-28 03:39:18,deribit,ETH,ETH-25DEC26-3100-P,2026-12-25,3100,put,0.654824,0.6365,0.7035,56.7,,,,,0.0,0.0,1894.64
2026-07-28 03:39:18,deribit,ETH,ETH-28JUL26-1800-C,2026-07-28,1800,call,0.041319,0.0285,0.078,65.21,,,,,0.0,0.0,1877.5
2026-07-28 03:39:18,deribit,ETH,ETH-25DEC26-6500-C,2026-12-25,6500,call,0.000928,0.0007,0.0012,71.59,,,,,1765.0,0.0,1894.64
2026-07-28 03:39:18,deribit,ETH,ETH-28AUG26-1000-P,2026-08-28,1000,put,0.000329,0.0003,0.0005,85.22,,,,,2927.0,15.0,1878.01
2026-07-28 03:39:18,deribit,ETH,ETH-31JUL26-1850-P,2026-07-31,1850,put,0.013462,0.013,0.014,54.47,,,,,7402.0,1099.0,1878.34
2026-07-28 03:39:18,deribit,ETH,ETH-26MAR27-3800-C,2027-03-26,3800,call,0.021897,0.0215,0.0225,58.52,,,,,1233.0,0.0,1912.64
2026-07-28 03:39:18,deribit,ETH,ETH-28JUL26-1960-C,2026-07-28,1960,call,3.2e-05,,0.0001,76.22,,,,,8.0,8.0,1877.5
2026-07-28 03:39:18,deribit,ETH,ETH-31JUL26-4400-C,2026-07-31,4400,call,0.0,,0.0001,118.7,,,,,988.0,0.0,1878.36
2026-07-28 03:39:18,deribit,ETH,ETH-25SEP26-1500-P,2026-09-25,1500,put,0.017803,0.017,0.0185,57.47,,,,,12085.0,1271.0,1881.86
2026-07-28 03:39:18,deribit,ETH,ETH-31JUL26-2050-P,2026-07-31,2050,put,0.092779,0.088,0.0995,59.56,,,,,687.0,0.0,1878.34
2026-07-28 03:39:18,deribit,ETH,ETH-31JUL26-1450-C,2026-07-31,1450,call,0.228219,0.22,0.2345,107.69,,,,,1.0,0.0,1878.34
2026-07-28 03:39:18,deribit,ETH,ETH-25DEC26-2400-P,2026-12-25,2400,put,0.324514,0.316,0.3345,54.41,,,,,1716.0,0.0,1894.64
2026-07-28 03:39:18,deribit,ETH,ETH-14AUG26-1900-C,2026-08-14,1900,call,0.038087,0.0375,0.0385,50.07,,,,,62.0,0.0,1878.47
2026-07-28 03:39:18,deribit,ETH,ETH-28JUL26-1725-P,2026-07-28,1725,put,0.0,,0.0001,87.13,,,,,314.0,0.0,1877.5
2026-07-28 03:39:18,deribit,ETH,ETH-31JUL26-3800-P,2026-07-31,3800,put,1.022966,0.946,1.1075,118.7,,,,,0.0,0.0,1878.34
2026-07-28 03:39:18,deribit,ETH,ETH-26MAR27-2300-P,2027-03-26,2300,put,0.315564,0.3115,0.321,56.11,,,,,1576.0,0.0,1912.64
2026-07-28 03:39:18,deribit,ETH,ETH-26MAR27-1700-P,2027-03-26,1700,put,0.123353,0.1225,0.1245,57.17,,,,,1509.0,1.0,1912.64
2026-07-28 03:39:18,deribit,ETH,ETH-31JUL26-1650-C,2026-07-31,1650,call,0.122289,0.119,0.1245,72.66,,,,,5848.0,30.0,1878.36
2026-07-28 03:39:18,deribit,ETH,ETH-28JUL26-1950-P,2026-07-28,1950,put,0.038649,0.0345,0.0445,75.06,,,,,782.0,697.0,1877.5
2026-07-28 03:39:18,deribit,ETH,ETH-25SEP26-12000-C,2026-09-25,12000,call,9e-06,,0.0002,115.57,,,,,1341.0,0.0,1881.86
2026-07-28 03:39:18,deribit,ETH,ETH-25JUN27-2900-P,2027-06-25,2900,put,0.588823,0.5805,0.5995,57.33,,,,,3.0,0.0,1930.93
2026-07-28 03:39:18,deribit,ETH,ETH-28AUG26-1400-C,2026-08-28,1400,call,0.258496,0.251,0.264,63.78,,,,,100.0,0.0,1877.99
2026-07-28 03:39:18,deribit,ETH,ETH-28AUG26-2800-C,2026-08-28,2800,call,0.001313,0.0011,0.0015,63.84,,,,,4725.0,1.0,1878.01
2026-07-28 03:39:18,deribit,ETH,ETH-26MAR27-4200-P,2027-03-26,4200,put,1.211335,1.1875,1.3155,59.67,,,,,5.0,0.0,1912.64
2026-07-28 03:39:18,deribit,ETH,ETH-31JUL26-1600-P,2026-07-31,1600,put,0.000395,0.0003,0.0005,80.15,,,,,14264.0,91.0,1878.36
2026-07-28 03:39:18,deribit,ETH,ETH-25SEP26-5800-C,2026-09-25,5800,call,0.000152,0.0001,0.0002,89.44,,,,,4884.0,0.0,1881.86
2026-07-28 03:39:18,deribit,ETH,ETH-25DEC26-1900-C,2026-12-25,1900,call,0.137705,0.1365,0.139,54.56,,,,,1196.0,0.0,1894.62
2026-07-28 03:39:18,deribit,ETH,ETH-26MAR27-1000-P,2027-03-26,1000,put,0.021692,0.021,0.0225,66.76,,,,,7532.0,250.0,1912.64
2026-07-28 03:39:18,deribit,ETH,ETH-28JUL26-2040-P,2026-07-28,2040,put,0.086514,0.045,0.132,76.22,,,,,0.0,0.0,1877.5
2026-07-28 03:39:18,deribit,ETH,ETH-25JUN27-3500-P,2027-06-25,3500,put,0.864774,0.848,0.8805,57.94,,,,,302.0,0.0,1930.91
2026-07-28 03:39:18,deribit,ETH,ETH-30JUL26-2050-C,2026-07-30,2050,call,0.000722,0.0006,0.0008,62.86,,,,,65.0,59.0,1877.49
2026-07-28 03:39:18,deribit,ETH,ETH-29JUL26-1960-C,2026-07-29,1960,call,0.00104,0.0009,0.0012,52.49,,,,,5.0,5.0,1877.49
2026-07-28 03:39:18,deribit,ETH,ETH-31JUL26-2250-P,2026-07-31,2250,put,0.197954,0.193,0.2025,76.55,,,,,706.0,0.0,1878.36
2026-07-28 03:39:18,deribit,ETH,ETH-7AUG26-1750-C,2026-08-07,1750,call,0.078803,0.072,0.084,53.44,,,,,105.0,55.0,1878.31
2026-07-28 03:39:18,deribit,ETH,ETH-28AUG26-1750-C,2026-08-28,1750,call,0.097894,0.095,0.0995,51.11,,,,,4254.0,0.0,1878.01
2026-07-28 03:39:18,deribit,ETH,ETH-25JUN27-3400-C,2027-06-25,3400,call,0.056678,0.0555,0.058,57.82,,,,,144.0,2.0,1930.91
2026-07-28 03:39:18,deribit,ETH,ETH-26MAR27-2800-P,2027-03-26,2800,put,0.526145,0.517,0.538,56.46,,,,,12.0,0.0,1912.66
2026-07-28 03:39:18,deribit,ETH,ETH-30JUL26-2100-P,2026-07-30,2100,put,0.11849,0.076,0.168,69.22,,,,,0.0,0.0,1877.49
2026-07-28 03:39:18,deribit,ETH,ETH-25DEC26-2400-C,2026-12-25,2400,call,0.057803,0.057,0.0585,54.41,,,,,11835.0,259.0,1894.62
2026-07-28 03:39:18,deribit,ETH,ETH-29JUL26-2200-P,2026-07-29,2200,put,0.171516,0.127,0.221,81.29,,,,,0.0,0.0,1877.49
2026-07-28 03:39:18,deribit,ETH,ETH-25DEC26-1700-P,2026-12-25,1700,put,0.088553,0.0875,0.0895,55.42,,,,,12625.0,95.0,1894.64
2026-07-28 03:39:18,deribit,ETH,ETH-25SEP26-8500-P,2026-09-25,8500,put,3.51682,3.344,3.706,97.73,,,,,0.0,0.0,1881.86
2026-07-28 03:39:18,deribit,ETH,ETH-29JUL26-1925-P,2026-07-29,1925,put,0.027995,0.0255,0.0325,49.17,,,,,638.0,170.0,1877.49
2026-07-28 03:39:18,deribit,ETH,ETH-31JUL26-4400-P,2026-07-31,4400,put,1.342382,1.253,1.4405,118.7,,,,,0.0,0.0,1878.36
2026-07-28 03:39:18,deribit,ETH,ETH-30JUL26-1750-C,2026-07-30,1750,call,0.06985,0.0605,0.076,63.67,,,,,0.0,0.0,1877.49
2026-07-28 03:39:18,deribit,ETH,ETH-29JUL26-2040-P,2026-07-29,2040,put,0.086495,0.0455,0.1335,65.75,,,,,0.0,0.0,1877.49
2026-07-28 03:39:18,deribit,ETH,ETH-31JUL26-1975-C,2026-07-31,1975,call,0.004393,0.0042,0.0047,54.18,,,,,1506.0,1509.0,1878.34
2026-07-28 03:39:18,deribit,ETH,ETH-25SEP26-2400-C,2026-09-25,2400,call,0.015393,0.015,0.016,53.18,,,,,11967.0,2630.0,1881.86
2026-07-28 03:39:18,deribit,ETH,ETH-26MAR27-2900-C,2027-03-26,2900,call,0.055518,0.055,0.056,56.6,,,,,1578.0,0.0,1912.66
2026-07-28 03:39:18,deribit,ETH,ETH-25DEC26-6000-C,2026-12-25,6000,call,0.001199,0.0009,0.0015,69.56,,,,,10375.0,0.0,1894.64
2026-07-28 03:39:18,deribit,ETH,ETH-31JUL26-1000-C,2026-07-31,1000,call,0.467641,0.4625,0.472,123.78,,,,,86.0,0.0,1878.36
2026-07-28 03:39:18,deribit,ETH,ETH-25JUN27-2200-P,2027-06-25,2200,put,0.306296,0.3,0.313,57.27,,,,,66.0,60.0,1930.91
2026-07-28 03:39:18,deribit,ETH,ETH-28AUG26-1650-C,2026-08-28,1650,call,0.138164,0.1345,0.141,53.49,,,,,1609.0,0.0,1878.01
2026-07-28 03:39:18,deribit,ETH,ETH-31JUL26-2600-C,2026-07-31,2600,call,2e-06,,0.0001,93.45,,,,,4421.0,50.0,1878.36
2026-07-28 03:39:18,deribit,ETH,ETH-28AUG26-1100-C,2026-08-28,1100,call,0.414997,0.4095,0.4195,80.49,,,,,50.0,50.0,1877.99
2026-07-28 03:39:18,deribit,ETH,ETH-29JUL26-1950-C,2026-07-29,1950,call,0.001382,0.0012,0.0015,51.31,,,,,528.0,23.0,1877.49
2026-07-28 03:39:18,deribit,ETH,ETH-25JUN27-800-C,2027-06-25,800,call,0.604391,0.601,0.607,70.64,,,,,114.0,0.0,1930.91
2026-07-28 03:39:18,deribit,ETH,ETH-28JUL26-1775-C,2026-07-28,1775,call,0.054629,0.029,0.091,76.06,,,,,0.0,0.0,1877.5
2026-07-28 03:39:18,deribit,ETH,ETH-31JUL26-1200-C,2026-07-31,1200,call,0.36117,0.358,0.3625,123.78,,,,,284.0,0.0,1878.36
2026-07-28 03:39:18,deribit,ETH,ETH-31JUL26-2800-C,2026-07-31,2800,call,0.0,,0.0001,97.13,,,,,6437.0,0.0,1878.34
