snapshot_utc,exchange,underlying,instrument,expiry,strike,type,mark_price,bid,ask,mark_iv,delta,gamma,vega,theta,open_interest,volume_24h,underlying_price
2026-08-14 02:47:51,deribit,BTC,BTC-25SEP26-84000-P,2026-09-25,84000,put,0.3165277,0.3125,0.322,38.31,,,,,34.7,0.0,63850.41
2026-08-14 02:47:51,deribit,BTC,BTC-26MAR27-180000-P,2027-03-26,180000,put,1.76094938,1.667,1.866,49.41,,,,,0.0,0.0,65215.87
2026-08-14 02:47:51,deribit,BTC,BTC-25JUN27-72000-C,2027-06-25,72000,call,0.11817134,0.117,0.1195,41.53,,,,,24.8,0.0,65937.31
2026-08-14 02:47:51,deribit,BTC,BTC-14AUG26-68000-C,2026-08-14,68000,call,0.0,,0.0001,47.06,,,,,2599.8,0.2,63483.32
2026-08-14 02:47:51,deribit,BTC,BTC-16AUG26-61500-P,2026-08-16,61500,put,0.00038482,0.0003,0.0005,24.91,,,,,16.3,0.2,63514.79
2026-08-14 02:47:51,deribit,BTC,BTC-14AUG26-59000-P,2026-08-14,59000,put,0.0,,0.0001,58.05,,,,,284.6,0.0,63483.32
2026-08-14 02:47:51,deribit,BTC,BTC-16AUG26-66000-P,2026-08-16,66000,put,0.03938138,0.007,0.077,26.32,,,,,0.2,0.0,63514.85
2026-08-14 02:47:51,deribit,BTC,BTC-25JUN27-110000-P,2027-06-25,110000,put,0.68901285,0.685,0.7095,41.31,,,,,0.3,0.0,65937.35
2026-08-14 02:47:51,deribit,BTC,BTC-15AUG26-70000-P,2026-08-15,70000,put,0.10229472,0.0655,0.1425,47.23,,,,,0.0,0.0,63504.07
2026-08-14 02:47:51,deribit,BTC,BTC-25SEP26-150000-C,2026-09-25,150000,call,2.567e-05,,0.0001,72.57,,,,,736.7,0.0,63850.35
2026-08-14 02:47:51,deribit,BTC,BTC-15AUG26-64000-P,2026-08-15,64000,put,0.01005479,0.0095,0.011,22.71,,,,,143.2,38.7,63504.07
2026-08-14 02:47:51,deribit,BTC,BTC-25SEP26-165000-P,2026-09-25,165000,put,1.58417864,1.497,1.6785,75.32,,,,,0.0,0.0,63850.41
2026-08-14 02:47:51,deribit,BTC,BTC-25SEP26-60000-C,2026-09-25,60000,call,0.0837894,0.0825,0.0855,36.28,,,,,854.3,0.4,63850.41
2026-08-14 02:47:51,deribit,BTC,BTC-25SEP26-110000-P,2026-09-25,110000,put,0.72293944,0.717,0.73,56.12,,,,,116.1,0.0,63850.41
2026-08-14 02:47:51,deribit,BTC,BTC-21AUG26-60000-C,2026-08-21,60000,call,0.05764456,0.055,0.0615,30.69,,,,,1.0,1.0,63550.23
2026-08-14 02:47:51,deribit,BTC,BTC-17AUG26-65000-P,2026-08-17,65000,put,0.02469524,0.021,0.0385,22.35,,,,,0.0,0.0,63525.09
2026-08-14 02:47:51,deribit,BTC,BTC-28AUG26-66000-C,2026-08-28,66000,call,0.00874019,0.0085,0.009,28.33,,,,,1062.5,262.2,63618.86
2026-08-14 02:47:51,deribit,BTC,BTC-25DEC26-130000-C,2026-12-25,130000,call,0.0008853,0.0007,0.0011,46.95,,,,,1584.4,1.0,64567.21
2026-08-14 02:47:51,deribit,BTC,BTC-14AUG26-64000-P,2026-08-14,64000,put,0.00824935,0.007,0.01,20.56,,,,,504.7,55.9,63483.35
2026-08-14 02:47:51,deribit,BTC,BTC-25SEP26-240000-C,2026-09-25,240000,call,1e-08,,0.0001,75.51,,,,,220.0,0.0,63850.41
2026-08-14 02:47:51,deribit,BTC,BTC-26MAR27-92000-C,2027-03-26,92000,call,0.02496355,0.0245,0.0255,39.75,,,,,126.2,0.0,65215.87
2026-08-14 02:47:51,deribit,BTC,BTC-25JUN27-58000-P,2027-06-25,58000,put,0.09799533,0.097,0.099,43.58,,,,,15.4,0.0,65937.31
2026-08-14 02:47:51,deribit,BTC,BTC-26MAR27-96000-P,2027-03-26,96000,put,0.49179365,0.487,0.496,40.0,,,,,1.6,0.0,65215.87
2026-08-14 02:47:51,deribit,BTC,BTC-30OCT26-88000-C,2026-10-30,88000,call,0.00266605,0.0025,0.0029,37.59,,,,,6.3,1.2,64122.23
2026-08-14 02:47:51,deribit,BTC,BTC-28AUG26-64000-P,2026-08-28,64000,put,0.02637782,0.0255,0.027,29.45,,,,,821.6,44.2,63618.86
2026-08-14 02:47:51,deribit,BTC,BTC-30OCT26-62000-C,2026-10-30,62000,call,0.08499055,0.084,0.086,37.26,,,,,13.5,0.0,64122.23
2026-08-14 02:47:51,deribit,BTC,BTC-25SEP26-115000-P,2026-09-25,115000,put,0.80124238,0.795,0.8085,59.97,,,,,92.4,0.0,63850.41
2026-08-14 02:47:51,deribit,BTC,BTC-25JUN27-74000-C,2027-06-25,74000,call,0.10772376,0.1065,0.109,41.36,,,,,13.3,0.0,65937.35
2026-08-14 02:47:51,deribit,BTC,BTC-25JUN27-68000-C,2027-06-25,68000,call,0.14182278,0.1405,0.143,41.95,,,,,10.1,1.1,65937.35
2026-08-14 02:47:51,deribit,BTC,BTC-14AUG26-62500-P,2026-08-14,62500,put,2.326e-05,,0.0001,27.65,,,,,408.6,121.8,63483.35
2026-08-14 02:47:51,deribit,BTC,BTC-25SEP26-75000-C,2026-09-25,75000,call,0.00438052,0.0043,0.0045,33.47,,,,,3487.1,264.1,63850.41
2026-08-14 02:47:51,deribit,BTC,BTC-28AUG26-83000-P,2026-08-28,83000,put,0.30475077,0.2915,0.3345,49.05,,,,,0.1,0.0,63618.86
2026-08-14 02:47:51,deribit,BTC,BTC-26MAR27-65000-P,2027-03-26,65000,put,0.12548412,0.1245,0.1265,40.9,,,,,656.6,0.0,65215.87
2026-08-14 02:47:51,deribit,BTC,BTC-30OCT26-57000-C,2026-10-30,57000,call,0.13801778,0.136,0.1395,39.72,,,,,0.0,0.0,64122.23
2026-08-14 02:47:51,deribit,BTC,BTC-14AUG26-58000-C,2026-08-14,58000,call,0.08637562,0.081,0.1175,60.13,,,,,0.0,0.0,63483.32
2026-08-14 02:47:51,deribit,BTC,BTC-25DEC26-210000-C,2026-12-25,210000,call,0.00010647,,0.0002,60.4,,,,,151.7,0.1,64567.21
2026-08-14 02:47:51,deribit,BTC,BTC-25DEC26-92000-C,2026-12-25,92000,call,0.00849024,0.008,0.0085,39.37,,,,,255.7,1.2,64567.21
2026-08-14 02:47:51,deribit,BTC,BTC-25SEP26-240000-P,2026-09-25,240000,put,2.75879029,2.632,2.895,75.51,,,,,0.0,0.0,63850.41
2026-08-14 02:47:51,deribit,BTC,BTC-26MAR27-90000-C,2027-03-26,90000,call,0.0282559,0.0275,0.029,39.7,,,,,506.0,1.0,65215.87
2026-08-14 02:47:51,deribit,BTC,BTC-14AUG26-67000-P,2026-08-14,67000,put,0.05539368,0.054,0.0565,40.96,,,,,5.9,0.1,63483.32
2026-08-14 02:47:51,deribit,BTC,BTC-17AUG26-68000-P,2026-08-17,68000,put,0.07062675,0.035,0.11,33.69,,,,,0.0,0.0,63525.09
2026-08-14 02:47:51,deribit,BTC,BTC-25SEP26-95000-P,2026-09-25,95000,put,0.48814253,0.483,0.4945,45.21,,,,,147.6,0.0,63850.41
2026-08-14 02:47:51,deribit,BTC,BTC-25DEC26-86000-C,2026-12-25,86000,call,0.0140411,0.0135,0.0145,38.51,,,,,333.1,0.3,64567.21
2026-08-14 02:47:51,deribit,BTC,BTC-16AUG26-57000-P,2026-08-16,57000,put,2.11e-05,,0.0001,48.31,,,,,0.0,0.0,63514.85
2026-08-14 02:47:51,deribit,BTC,BTC-25JUN27-90000-P,2027-06-25,90000,put,0.41595526,0.413,0.431,40.87,,,,,0.4,0.0,65937.35
2026-08-14 02:47:51,deribit,BTC,BTC-30OCT26-68000-P,2026-10-30,68000,put,0.10201762,0.101,0.1035,35.76,,,,,4.0,0.0,64122.23
2026-08-14 02:47:51,deribit,BTC,BTC-21AUG26-72000-C,2026-08-21,72000,call,0.0003483,0.0003,0.0004,41.3,,,,,815.9,72.0,63550.23
2026-08-14 02:47:51,deribit,BTC,BTC-26MAR27-160000-P,2027-03-26,160000,put,1.4548897,1.3715,1.5505,47.38,,,,,0.0,0.0,65215.81
2026-08-14 02:47:51,deribit,BTC,BTC-25DEC26-74000-C,2026-12-25,74000,call,0.0421279,0.0415,0.0425,38.19,,,,,150.2,0.4,64567.09
2026-08-14 02:47:51,deribit,BTC,BTC-25SEP26-58000-P,2026-09-25,58000,put,0.01616739,0.016,0.0165,37.85,,,,,1416.9,38.5,63850.41
2026-08-14 02:47:51,deribit,BTC,BTC-25DEC26-54000-C,2026-12-25,54000,call,0.19839323,0.196,0.2,43.15,,,,,33.1,0.0,64567.09
2026-08-14 02:47:51,deribit,BTC,BTC-25DEC26-200000-C,2026-12-25,200000,call,0.00016186,0.0001,0.0002,60.15,,,,,951.9,0.6,64567.09
2026-08-14 02:47:51,deribit,BTC,BTC-17AUG26-70000-C,2026-08-17,70000,call,0.00014422,0.0001,0.0002,44.29,,,,,0.0,0.0,63525.06
2026-08-14 02:47:51,deribit,BTC,BTC-25SEP26-320000-C,2026-09-25,320000,call,0.0,,0.0001,85.42,,,,,276.6,0.0,63850.41
2026-08-14 02:47:51,deribit,BTC,BTC-25JUN27-72000-P,2027-06-25,72000,put,0.21011762,0.208,0.212,41.53,,,,,1.3,0.0,65937.35
2026-08-14 02:47:51,deribit,BTC,BTC-21AUG26-64000-P,2026-08-21,64000,put,0.01850473,0.018,0.019,26.1,,,,,193.1,20.0,63550.23
2026-08-14 02:47:51,deribit,BTC,BTC-25DEC26-45000-C,2026-12-25,45000,call,0.3170316,0.3145,0.319,49.8,,,,,54.3,0.0,64567.21
2026-08-14 02:47:51,deribit,BTC,BTC-21AUG26-58000-C,2026-08-21,58000,call,0.08792712,0.082,0.0915,35.1,,,,,0.0,0.0,63550.23
2026-08-14 02:47:51,deribit,BTC,BTC-25JUN27-70000-C,2027-06-25,70000,call,0.12956373,0.1285,0.1305,41.74,,,,,192.7,0.1,65937.31
2026-08-14 02:47:51,deribit,BTC,BTC-21AUG26-61000-C,2026-08-21,61000,call,0.0434463,0.041,0.0465,29.06,,,,,10.1,6.1,63550.28
2026-08-14 02:47:51,deribit,BTC,BTC-25DEC26-68000-P,2026-12-25,68000,put,0.12463503,0.1235,0.126,38.78,,,,,458.7,5.6,64567.21
2026-08-14 02:47:51,deribit,BTC,BTC-26MAR27-98000-P,2027-03-26,98000,put,0.52013238,0.5155,0.5245,40.02,,,,,0.2,0.0,65215.87
2026-08-14 02:47:51,deribit,BTC,BTC-25DEC26-115000-P,2026-12-25,115000,put,0.78289217,0.7495,0.789,43.79,,,,,0.7,0.0,64567.21
2026-08-14 02:47:51,deribit,BTC,BTC-28AUG26-100000-P,2026-08-28,100000,put,0.57187025,0.548,0.578,59.75,,,,,0.5,0.0,63618.86
2026-08-14 02:47:51,deribit,BTC,BTC-25JUN27-78000-P,2027-06-25,78000,put,0.2722634,0.2695,0.275,41.1,,,,,0.4,0.0,65937.31
2026-08-14 02:47:51,deribit,BTC,BTC-30OCT26-48000-P,2026-10-30,48000,put,0.00818446,0.008,0.0085,47.6,,,,,175.9,2.4,64122.23
2026-08-14 02:47:51,deribit,BTC,BTC-4SEP26-61000-P,2026-09-04,61000,put,0.01418105,0.0135,0.0145,32.67,,,,,16.0,16.0,63679.1
2026-08-14 02:47:51,deribit,BTC,BTC-25SEP26-84000-C,2026-09-25,84000,call,0.0009511,0.0009,0.001,38.31,,,,,1676.0,0.0,63850.35
2026-08-14 02:47:51,deribit,BTC,BTC-25DEC26-102000-P,2026-12-25,102000,put,0.5836623,0.552,0.5905,40.96,,,,,7.8,0.0,64567.21
2026-08-14 02:47:51,deribit,BTC,BTC-25JUN27-120000-C,2027-06-25,120000,call,0.01375656,0.013,0.0145,41.79,,,,,120.5,0.7,65937.31
2026-08-14 02:47:51,deribit,BTC,BTC-15AUG26-71000-P,2026-08-15,71000,put,0.11804065,0.0805,0.158,47.3,,,,,0.0,0.0,63503.96
2026-08-14 02:47:51,deribit,BTC,BTC-25SEP26-165000-C,2026-09-25,165000,call,1.032e-05,,0.0001,75.32,,,,,184.2,0.0,63850.41
2026-08-14 02:47:51,deribit,BTC,BTC-28AUG26-98000-P,2026-08-28,98000,put,0.54043479,0.5175,0.5465,59.46,,,,,0.0,0.0,63618.91
2026-08-14 02:47:51,deribit,BTC,BTC-25SEP26-65000-P,2026-09-25,65000,put,0.05588531,0.055,0.0565,33.86,,,,,688.6,5.6,63850.41
2026-08-14 02:47:51,deribit,BTC,BTC-16AUG26-56000-P,2026-08-16,56000,put,2.243e-05,,0.0001,55.8,,,,,7.0,0.9,63514.85
2026-08-14 02:47:51,deribit,BTC,BTC-26MAR27-170000-P,2027-03-26,170000,put,1.60788184,1.5195,1.7085,48.5,,,,,0.1,0.0,65215.87
2026-08-14 02:47:51,deribit,BTC,BTC-14AUG26-80000-C,2026-08-14,80000,call,0.0,,0.0001,51.26,,,,,905.1,0.0,63483.35
2026-08-14 02:47:51,deribit,BTC,BTC-25SEP26-160000-P,2026-09-25,160000,put,1.50587684,1.422,1.597,75.32,,,,,0.6,0.0,63850.41
2026-08-14 02:47:51,deribit,BTC,BTC-25SEP26-80000-P,2026-09-25,80000,put,0.25447441,0.2505,0.26,35.2,,,,,612.6,0.0,63850.41
2026-08-14 02:47:51,deribit,BTC,BTC-21AUG26-56000-P,2026-08-21,56000,put,0.00028435,0.0002,0.0003,41.32,,,,,101.8,1.3,63550.23
2026-08-14 02:47:51,deribit,BTC,BTC-17AUG26-66000-C,2026-08-17,66000,call,0.00054465,0.0005,0.0007,25.25,,,,,13.5,18.5,63525.09
2026-08-14 02:47:51,deribit,BTC,BTC-17AUG26-57000-C,2026-08-17,57000,call,0.10278784,0.0705,0.134,45.73,,,,,0.0,0.0,63525.06
2026-08-14 02:47:51,deribit,BTC,BTC-16AUG26-67000-P,2026-08-16,67000,put,0.05498526,0.0195,0.0945,30.83,,,,,0.0,0.0,63514.85
2026-08-14 02:47:51,deribit,BTC,BTC-25SEP26-180000-C,2026-09-25,180000,call,2.49e-06,,0.0001,75.32,,,,,748.1,0.0,63850.41
2026-08-14 02:47:51,deribit,BTC,BTC-26MAR27-90000-P,2027-03-26,90000,put,0.40829761,0.4045,0.412,39.7,,,,,14.1,0.0,65215.81
2026-08-14 02:47:51,deribit,BTC,BTC-30OCT26-80000-P,2026-10-30,80000,put,0.25512792,0.24,0.2795,35.68,,,,,0.7,0.0,64122.23
2026-08-14 02:47:51,deribit,BTC,BTC-26MAR27-54000-P,2027-03-26,54000,put,0.0564615,0.0555,0.0575,43.7,,,,,58.7,0.0,65215.87
2026-08-14 02:47:51,deribit,BTC,BTC-28AUG26-90000-C,2026-08-28,90000,call,2.465e-05,,0.0001,55.07,,,,,368.4,0.0,63618.86
2026-08-14 02:47:51,deribit,BTC,BTC-17AUG26-67000-C,2026-08-17,67000,call,0.00034938,0.0003,0.0004,30.34,,,,,0.8,0.8,63525.06
2026-08-14 02:47:51,deribit,BTC,BTC-26MAR27-60000-P,2027-03-26,60000,put,0.0890636,0.088,0.09,41.85,,,,,613.2,0.0,65215.87
2026-08-14 02:47:51,deribit,BTC,BTC-25DEC26-65000-C,2026-12-25,65000,call,0.09141695,0.091,0.092,39.27,,,,,1014.6,4.7,64567.21
2026-08-14 02:47:51,deribit,BTC,BTC-16AUG26-63000-C,2026-08-16,63000,call,0.01116645,0.0105,0.012,20.37,,,,,72.0,52.0,63514.85
2026-08-14 02:47:51,deribit,BTC,BTC-28AUG26-53000-C,2026-08-28,53000,call,0.16759513,0.165,0.1705,46.04,,,,,10.9,0.0,63618.86
2026-08-14 02:47:51,deribit,BTC,BTC-25DEC26-190000-C,2026-12-25,190000,call,0.0001971,0.0001,0.0003,58.72,,,,,993.0,0.1,64567.21
2026-08-14 02:47:51,deribit,BTC,BTC-25SEP26-105000-P,2026-09-25,105000,put,0.64465079,0.639,0.652,52.44,,,,,104.6,0.0,63850.35
2026-08-14 02:47:51,deribit,BTC,BTC-25DEC26-230000-P,2026-12-25,230000,put,2.56226487,2.4425,2.693,63.04,,,,,0.0,0.0,64567.21
2026-08-14 02:47:51,deribit,BTC,BTC-25SEP26-72000-C,2026-09-25,72000,call,0.00856598,0.008,0.009,32.88,,,,,3372.1,149.5,63850.41
2026-08-14 02:47:51,deribit,BTC,BTC-25SEP26-130000-P,2026-09-25,130000,put,1.03605185,0.968,1.1105,63.53,,,,,21.4,0.0,63850.41
2026-08-14 02:47:51,deribit,BTC,BTC-25SEP26-70000-P,2026-09-25,70000,put,0.10983319,0.1075,0.113,32.88,,,,,1522.8,0.5,63850.35
2026-08-14 02:47:51,deribit,BTC,BTC-26MAR27-150000-C,2027-03-26,150000,call,0.00197956,0.0018,0.0023,46.19,,,,,1913.1,0.6,65215.87
2026-08-14 02:47:51,deribit,BTC,BTC-25DEC26-45000-P,2026-12-25,45000,put,0.01398108,0.0135,0.0145,49.8,,,,,2905.8,5.3,64567.21
2026-08-14 02:47:51,deribit,BTC,BTC-30OCT26-67000-P,2026-10-30,67000,put,0.09214506,0.091,0.0935,35.94,,,,,14.1,0.0,64122.23
2026-08-14 02:47:51,deribit,BTC,BTC-16AUG26-64500-C,2026-08-16,64500,call,0.00134357,0.0011,0.0015,20.02,,,,,153.7,1.5,63514.85
2026-08-14 02:47:51,deribit,BTC,BTC-25JUN27-60000-C,2027-06-25,60000,call,0.20100813,0.1995,0.202,43.18,,,,,943.2,0.1,65937.31
2026-08-14 02:47:51,deribit,BTC,BTC-14AUG26-63500-P,2026-08-14,63500,put,0.00201724,0.0016,0.0024,19.38,,,,,149.0,90.5,63483.32
2026-08-14 02:47:51,deribit,BTC,BTC-15AUG26-60000-C,2026-08-15,60000,call,0.05523227,0.021,0.087,40.36,,,,,0.0,0.0,63504.07
2026-08-14 02:47:51,deribit,BTC,BTC-14AUG26-50000-P,2026-08-14,50000,put,0.0,,0.0001,71.24,,,,,156.5,0.0,63483.35
2026-08-14 02:47:51,deribit,BTC,BTC-21AUG26-67000-C,2026-08-21,67000,call,0.00138539,0.0013,0.0015,26.69,,,,,1798.9,626.5,63550.28
2026-08-14 02:47:51,deribit,BTC,BTC-4SEP26-68000-C,2026-09-04,68000,call,0.00751996,0.007,0.008,30.18,,,,,23.6,32.9,63679.1
2026-08-14 02:47:51,deribit,BTC,BTC-30OCT26-59000-C,2026-10-30,59000,call,0.11512513,0.113,0.1165,38.58,,,,,1.0,0.0,64122.23
2026-08-14 02:47:51,deribit,BTC,BTC-25SEP26-220000-C,2026-09-25,220000,call,6e-08,,0.0001,75.38,,,,,230.1,0.0,63850.35
2026-08-14 02:47:51,deribit,BTC,BTC-26MAR27-106000-C,2027-03-26,106000,call,0.01124127,0.0105,0.012,40.73,,,,,43.7,0.1,65215.87
2026-08-14 02:47:51,deribit,BTC,BTC-30OCT26-48000-C,2026-10-30,48000,call,0.25961341,0.2575,0.262,47.6,,,,,0.1,0.0,64122.23
2026-08-14 02:47:51,deribit,BTC,BTC-28AUG26-80000-C,2026-08-28,80000,call,0.00014407,0.0001,0.0002,44.64,,,,,2145.8,0.0,63618.86
2026-08-14 02:47:51,deribit,BTC,BTC-25SEP26-100000-C,2026-09-25,100000,call,0.00024668,0.0002,0.0005,49.44,,,,,3632.8,0.0,63850.41
2026-08-14 02:47:51,deribit,BTC,BTC-26MAR27-98000-C,2027-03-26,98000,call,0.01742029,0.017,0.018,40.02,,,,,102.1,0.1,65215.87
2026-08-14 02:47:51,deribit,BTC,BTC-30OCT26-88000-P,2026-10-30,88000,put,0.3750463,0.3525,0.38,37.59,,,,,0.0,0.0,64122.23
2026-08-14 02:47:51,deribit,BTC,BTC-14AUG26-65000-P,2026-08-14,65000,put,0.02389187,0.0225,0.025,31.74,,,,,91.7,8.3,63483.32
2026-08-14 02:47:51,deribit,BTC,BTC-15AUG26-57000-C,2026-08-15,57000,call,0.10242165,0.0705,0.1325,56.18,,,,,0.0,0.0,63504.07
2026-08-14 02:47:51,deribit,BTC,BTC-25SEP26-60000-P,2026-09-25,60000,put,0.02348697,0.023,0.024,36.28,,,,,4999.6,164.6,63850.35
2026-08-14 02:47:51,deribit,BTC,BTC-25DEC26-72000-P,2026-12-25,72000,put,0.16558912,0.163,0.167,38.34,,,,,330.5,0.0,64567.09
2026-08-14 02:47:51,deribit,BTC,BTC-26MAR27-56000-C,2027-03-26,56000,call,0.20728363,0.2055,0.209,42.97,,,,,16.9,0.0,65215.87
2026-08-14 02:47:51,deribit,BTC,BTC-28AUG26-62000-P,2026-08-28,62000,put,0.01322909,0.0125,0.0135,30.65,,,,,904.7,24.0,63618.86
2026-08-14 02:47:51,deribit,BTC,BTC-25JUN27-55000-C,2027-06-25,55000,call,0.24659658,0.245,0.2475,44.32,,,,,2.5,0.0,65937.31
2026-08-14 02:47:51,deribit,BTC,BTC-17AUG26-57000-P,2026-08-17,57000,put,7.549e-05,,0.0001,45.73,,,,,0.0,0.0,63525.09
2026-08-14 02:47:51,deribit,BTC,BTC-4SEP26-63000-C,2026-09-04,63000,call,0.03567647,0.035,0.0365,31.41,,,,,2.5,2.5,63679.1
2026-08-14 02:47:51,deribit,BTC,BTC-25DEC26-56000-C,2026-12-25,56000,call,0.17533152,0.1725,0.177,42.2,,,,,41.4,0.0,64567.21
2026-08-14 02:47:51,deribit,BTC,BTC-4SEP26-75000-P,2026-09-04,75000,put,0.17851274,0.1675,0.205,33.77,,,,,0.0,0.0,63679.1
2026-08-14 02:47:51,deribit,BTC,BTC-16AUG26-66000-C,2026-08-16,66000,call,0.00024875,0.0002,0.0003,26.32,,,,,47.7,22.7,63514.79
2026-08-14 02:47:51,deribit,BTC,BTC-25SEP26-52000-P,2026-09-25,52000,put,0.00573563,0.0055,0.006,44.99,,,,,1287.4,1.9,63850.35
2026-08-14 02:47:51,deribit,BTC,BTC-26MAR27-86000-P,2027-03-26,86000,put,0.35470959,0.3515,0.3945,39.56,,,,,1.8,0.0,65215.87
2026-08-14 02:47:51,deribit,BTC,BTC-26MAR27-40000-P,2027-03-26,40000,put,0.01773236,0.017,0.0185,52.04,,,,,1135.4,1.0,65215.87
2026-08-14 02:47:51,deribit,BTC,BTC-26MAR27-120000-C,2027-03-26,120000,call,0.00549038,0.005,0.006,41.96,,,,,328.8,0.0,65215.87
2026-08-14 02:47:51,deribit,BTC,BTC-4SEP26-58000-C,2026-09-04,58000,call,0.09490787,0.093,0.1005,35.56,,,,,0.0,0.0,63679.1
2026-08-14 02:47:51,deribit,BTC,BTC-30OCT26-80000-C,2026-10-30,80000,call,0.00750951,0.007,0.008,35.68,,,,,239.2,6.6,64122.23
2026-08-14 02:47:51,deribit,BTC,BTC-25JUN27-140000-C,2027-06-25,140000,call,0.0069941,0.0065,0.0075,43.43,,,,,213.6,0.0,65937.35
2026-08-14 02:47:51,deribit,BTC,BTC-16AUG26-60000-C,2026-08-16,60000,call,0.05543405,0.021,0.0875,32.29,,,,,0.0,0.0,63514.85
2026-08-14 02:47:51,deribit,BTC,BTC-25SEP26-190000-C,2026-09-25,190000,call,9.9e-07,,0.0001,75.38,,,,,772.5,0.0,63850.35
2026-08-14 02:47:51,deribit,BTC,BTC-26MAR27-56000-P,2027-03-26,56000,put,0.06597625,0.065,0.067,42.97,,,,,83.2,0.0,65215.87
2026-08-14 02:47:51,deribit,BTC,BTC-25JUN27-56000-C,2027-06-25,56000,call,0.23692941,0.2355,0.238,44.06,,,,,2.0,0.0,65937.31
2026-08-14 02:47:51,deribit,BTC,BTC-25SEP26-64000-C,2026-09-25,64000,call,0.04532352,0.0445,0.046,34.24,,,,,737.5,101.7,63850.41
2026-08-14 02:47:51,deribit,BTC,BTC-28AUG26-40000-P,2026-08-28,40000,put,9.76e-06,,0.0001,69.36,,,,,753.2,2.6,63618.86
2026-08-14 02:47:51,deribit,BTC,BTC-25SEP26-220000-P,2026-09-25,220000,put,2.44555782,2.3295,2.571,75.38,,,,,1.8,0.0,63850.41
2026-08-14 02:47:51,deribit,BTC,BTC-25DEC26-50000-C,2026-12-25,50000,call,0.24873078,0.2465,0.251,45.7,,,,,260.8,0.0,64567.21
2026-08-14 02:47:51,deribit,BTC,BTC-14AUG26-52000-C,2026-08-14,52000,call,0.18088849,0.178,0.2035,71.24,,,,,0.0,0.0,63483.32
2026-08-14 02:47:51,deribit,BTC,BTC-30OCT26-45000-P,2026-10-30,45000,put,0.00574025,0.0055,0.006,51.27,,,,,49.9,3.1,64122.23
2026-08-14 02:47:51,deribit,BTC,BTC-30OCT26-69000-C,2026-10-30,69000,call,0.03639164,0.0355,0.037,35.62,,,,,39.7,15.2,64122.23
2026-08-14 02:47:51,deribit,BTC,BTC-25JUN27-84000-C,2027-06-25,84000,call,0.06745508,0.0665,0.0685,40.91,,,,,2.7,0.0,65937.35
2026-08-14 02:47:51,deribit,BTC,BTC-25SEP26-40000-P,2026-09-25,40000,put,0.00124684,0.0012,0.0013,66.41,,,,,2326.4,36.7,63850.41
2026-08-14 02:47:51,deribit,BTC,BTC-25SEP26-280000-P,2026-09-25,280000,put,3.38525534,3.2375,3.5445,81.51,,,,,0.0,0.0,63850.41
2026-08-14 02:47:51,deribit,BTC,BTC-30OCT26-69000-P,2026-10-30,69000,put,0.11246252,0.111,0.114,35.62,,,,,0.1,0.0,64122.23
2026-08-14 02:47:51,deribit,BTC,BTC-30OCT26-62000-P,2026-10-30,62000,put,0.05189482,0.0515,0.0525,37.26,,,,,54.5,30.5,64122.23
2026-08-14 02:47:51,deribit,BTC,BTC-25JUN27-88000-P,2027-06-25,88000,put,0.39052311,0.3875,0.394,40.85,,,,,0.1,0.0,65937.31
2026-08-14 02:47:51,deribit,BTC,BTC-30OCT26-40000-C,2026-10-30,40000,call,0.37953484,0.3775,0.3815,58.38,,,,,0.0,0.0,64122.23
2026-08-14 02:47:51,deribit,BTC,BTC-30OCT26-86000-P,2026-10-30,86000,put,0.3445825,0.324,0.3495,37.02,,,,,0.1,0.0,64122.23
2026-08-14 02:47:51,deribit,BTC,BTC-26MAR27-82000-P,2027-03-26,82000,put,0.30339629,0.3,0.3065,39.5,,,,,3.9,0.0,65215.87
2026-08-14 02:47:51,deribit,BTC,BTC-25DEC26-64000-C,2026-12-25,64000,call,0.09896621,0.0985,0.0995,39.48,,,,,420.9,0.2,64567.21
2026-08-14 02:47:51,deribit,BTC,BTC-17AUG26-62500-P,2026-08-17,62500,put,0.00266705,0.0024,0.0029,22.55,,,,,2.2,2.3,63525.09
2026-08-14 02:47:51,deribit,BTC,BTC-26MAR27-95000-P,2027-03-26,95000,put,0.47758769,0.473,0.4815,39.9,,,,,0.6,0.0,65215.81
2026-08-14 02:47:51,deribit,BTC,BTC-25DEC26-95000-C,2026-12-25,95000,call,0.00649705,0.006,0.007,39.61,,,,,1302.3,0.5,64567.21
2026-08-14 02:47:51,deribit,BTC,BTC-25SEP26-95000-C,2026-09-25,95000,call,0.00028805,0.0002,0.0004,45.21,,,,,1861.6,0.1,63850.41
2026-08-14 02:47:51,deribit,BTC,BTC-25SEP26-35000-C,2026-09-25,35000,call,0.45255502,0.4505,0.454,76.97,,,,,29.3,0.0,63850.41
2026-08-14 02:47:51,deribit,BTC,BTC-14AUG26-65500-P,2026-08-14,65500,put,0.03176552,0.013,0.069,32.24,,,,,0.0,0.0,63483.32
2026-08-14 02:47:51,deribit,BTC,BTC-25DEC26-240000-P,2026-12-25,240000,put,2.71713899,2.592,2.8535,64.69,,,,,0.0,0.0,64567.21
2026-08-14 02:47:51,deribit,BTC,BTC-28AUG26-86000-P,2026-08-28,86000,put,0.35186643,0.336,0.357,52.25,,,,,0.0,0.0,63618.86
2026-08-14 02:47:51,deribit,BTC,BTC-25JUN27-105000-C,2027-06-25,105000,call,0.02600562,0.025,0.027,41.23,,,,,100.4,2.0,65937.35
2026-08-14 02:47:51,deribit,BTC,BTC-25DEC26-86000-P,2026-12-25,86000,put,0.345989,0.327,0.377,38.51,,,,,23.4,0.0,64567.21
2026-08-14 02:47:51,deribit,BTC,BTC-28AUG26-79000-C,2026-08-28,79000,call,0.00014417,0.0001,0.0002,42.48,,,,,1126.5,136.4,63618.86
2026-08-14 02:47:51,deribit,BTC,BTC-25SEP26-200000-C,2026-09-25,200000,call,3.9e-07,,0.0001,75.38,,,,,1009.2,0.0,63850.41
2026-08-14 02:47:51,deribit,BTC,BTC-28AUG26-78000-P,2026-08-28,78000,put,0.22624957,0.2215,0.2305,41.61,,,,,4.1,0.0,63618.86
2026-08-14 02:47:51,deribit,BTC,BTC-15AUG26-59000-P,2026-08-15,59000,put,4.943e-05,,0.0001,50.17,,,,,9.1,1.1,63504.07
2026-08-14 02:47:51,deribit,BTC,BTC-26MAR27-150000-P,2027-03-26,150000,put,1.30204909,1.223,1.3925,46.19,,,,,0.5,0.0,65215.81
2026-08-14 02:47:51,deribit,BTC,BTC-25SEP26-45000-P,2026-09-25,45000,put,0.00204235,0.0019,0.0022,55.86,,,,,2176.5,0.6,63850.41
2026-08-14 02:47:51,deribit,BTC,BTC-25DEC26-20000-C,2026-12-25,20000,call,0.69139442,0.6905,0.6925,85.78,,,,,2.7,0.0,64567.21
2026-08-14 02:47:51,deribit,BTC,BTC-26MAR27-110000-C,2027-03-26,110000,call,0.00899597,0.0085,0.0095,40.98,,,,,532.9,0.0,65215.87
2026-08-14 02:47:51,deribit,BTC,BTC-25SEP26-145000-C,2026-09-25,145000,call,2.548e-05,,0.0001,69.92,,,,,493.2,0.0,63850.35
2026-08-14 02:47:51,deribit,BTC,BTC-26MAR27-125000-C,2027-03-26,125000,call,0.00458538,0.0043,0.0049,42.81,,,,,126.1,0.0,65215.87
2026-08-14 02:47:51,deribit,BTC,BTC-25DEC26-150000-P,2026-12-25,150000,put,1.32369584,1.245,1.4115,52.05,,,,,2.0,0.0,64567.21
2026-08-14 02:47:51,deribit,BTC,BTC-25JUN27-120000-P,2027-06-25,120000,put,0.83366701,0.829,0.8555,41.79,,,,,0.1,0.0,65937.31
2026-08-14 02:47:51,deribit,BTC,BTC-30OCT26-63000-P,2026-10-30,63000,put,0.05873614,0.058,0.0595,36.95,,,,,332.5,2.2,64122.23
2026-08-14 02:47:51,deribit,BTC,BTC-25SEP26-160000-C,2026-09-25,160000,call,1.666e-05,,0.0002,75.32,,,,,1444.3,0.0,63850.41
2026-08-14 02:47:51,deribit,BTC,BTC-25JUN27-64000-P,2027-06-25,64000,put,0.13993475,0.1385,0.1415,42.48,,,,,13.2,0.0,65937.35
2026-08-14 02:47:51,deribit,BTC,BTC-16AUG26-65500-C,2026-08-16,65500,call,0.00030877,0.0003,0.0004,22.86,,,,,515.2,5.6,63514.79
2026-08-14 02:47:51,deribit,BTC,BTC-25JUN27-95000-C,2027-06-25,95000,call,0.04051734,0.0395,0.0415,40.91,,,,,26.8,2.1,65937.31
2026-08-14 02:47:51,deribit,BTC,BTC-25DEC26-98000-C,2026-12-25,98000,call,0.00544267,0.005,0.0055,40.55,,,,,210.1,0.2,64567.09
2026-08-14 02:47:51,deribit,BTC,BTC-14AUG26-52000-P,2026-08-14,52000,put,0.0,,0.0001,71.24,,,,,304.8,37.4,63483.32
2026-08-14 02:47:51,deribit,BTC,BTC-4SEP26-65000-P,2026-09-04,65000,put,0.04128375,0.0405,0.042,30.64,,,,,0.3,0.3,63679.1
2026-08-14 02:47:51,deribit,BTC,BTC-25DEC26-108000-P,2026-12-25,108000,put,0.6753714,0.671,0.6955,42.3,,,,,0.1,0.0,64567.21
2026-08-14 02:47:51,deribit,BTC,BTC-21AUG26-56000-C,2026-08-21,56000,call,0.11909227,0.1155,0.1225,41.32,,,,,0.0,0.0,63550.23
2026-08-14 02:47:51,deribit,BTC,BTC-14AUG26-64500-C,2026-08-14,64500,call,1.845e-05,,0.0001,27.22,,,,,220.0,75.5,63483.32
2026-08-14 02:47:51,deribit,BTC,BTC-25JUN27-74000-P,2027-06-25,74000,put,0.23000188,0.2275,0.232,41.36,,,,,0.1,0.0,65937.35
2026-08-14 02:47:51,deribit,BTC,BTC-28AUG26-94000-P,2026-08-28,94000,put,0.47757237,0.4555,0.483,59.46,,,,,0.0,0.0,63618.91
2026-08-14 02:47:51,deribit,BTC,BTC-25SEP26-86000-C,2026-09-25,86000,call,0.00069656,0.0006,0.0008,39.29,,,,,898.4,0.0,63850.35
2026-08-14 02:47:51,deribit,BTC,BTC-17AUG26-56000-C,2026-08-17,56000,call,0.11848134,0.0865,0.1485,46.52,,,,,0.0,0.0,63525.09
2026-08-14 02:47:51,deribit,BTC,BTC-25DEC26-115000-C,2026-12-25,115000,call,0.0018022,0.0016,0.002,43.79,,,,,2339.9,0.0,64567.21
2026-08-14 02:47:51,deribit,BTC,BTC-4SEP26-64000-P,2026-09-04,64000,put,0.03247067,0.032,0.033,31.0,,,,,11.6,11.6,63679.1
2026-08-14 02:47:51,deribit,BTC,BTC-26MAR27-140000-P,2027-03-26,140000,put,1.1494799,1.0755,1.235,45.01,,,,,0.0,0.0,65215.87
2026-08-14 02:47:51,deribit,BTC,BTC-25DEC26-80000-P,2026-12-25,80000,put,0.26352817,0.26,0.2665,38.28,,,,,951.8,0.0,64567.21
2026-08-14 02:47:51,deribit,BTC,BTC-25SEP26-56000-P,2026-09-25,56000,put,0.01099721,0.0105,0.0115,39.57,,,,,1386.6,5.8,63850.41
2026-08-14 02:47:51,deribit,BTC,BTC-28AUG26-50000-P,2026-08-28,50000,put,0.00034849,0.0003,0.0004,53.25,,,,,2786.7,35.1,63618.86
2026-08-14 02:47:51,deribit,BTC,BTC-26MAR27-70000-P,2027-03-26,70000,put,0.1698604,0.168,0.1705,40.26,,,,,211.8,0.0,65215.81
2026-08-14 02:47:51,deribit,BTC,BTC-16AUG26-69000-P,2026-08-16,69000,put,0.08644071,0.0495,0.126,42.9,,,,,0.0,0.0,63514.85
2026-08-14 02:47:51,deribit,BTC,BTC-25JUN27-86000-C,2027-06-25,86000,call,0.06132515,0.06,0.0625,40.84,,,,,2.9,0.0,65937.31
2026-08-14 02:47:51,deribit,BTC,BTC-16AUG26-62000-C,2026-08-16,62000,call,0.02455616,0.0002,0.0575,22.85,,,,,0.0,0.0,63514.85
2026-08-14 02:47:51,deribit,BTC,BTC-15AUG26-65500-P,2026-08-15,65500,put,0.03172357,0.013,0.069,30.66,,,,,0.0,0.0,63504.07
2026-08-14 02:47:51,deribit,BTC,BTC-15AUG26-64000-C,2026-08-15,64000,call,0.00224363,0.002,0.0023,22.71,,,,,91.8,39.9,63504.07
2026-08-14 02:47:51,deribit,BTC,BTC-26MAR27-64000-C,2027-03-26,64000,call,0.1361321,0.135,0.137,41.05,,,,,135.2,0.0,65215.87
2026-08-14 02:47:51,deribit,BTC,BTC-4SEP26-60000-P,2026-09-04,60000,put,0.01047012,0.01,0.011,33.44,,,,,24.2,24.5,63679.1
2026-08-14 02:47:51,deribit,BTC,BTC-25DEC26-82000-P,2026-12-25,82000,put,0.29027687,0.2865,0.2935,38.28,,,,,158.8,0.0,64567.09
2026-08-14 02:47:51,deribit,BTC,BTC-28AUG26-78000-C,2026-08-28,78000,call,0.00019246,0.0002,0.0003,41.61,,,,,1406.1,104.1,63618.86
2026-08-14 02:47:51,deribit,BTC,BTC-4SEP26-61000-C,2026-09-04,61000,call,0.05625143,0.0545,0.0575,32.67,,,,,5.3,6.9,63679.1
2026-08-14 02:47:51,deribit,BTC,BTC-25DEC26-90000-P,2026-12-25,90000,put,0.40365859,0.3995,0.4075,38.83,,,,,590.6,0.0,64567.09
2026-08-14 02:47:51,deribit,BTC,BTC-28AUG26-92000-C,2026-08-28,92000,call,2.496e-05,,0.0001,58.29,,,,,112.6,0.0,63618.86
2026-08-14 02:47:51,deribit,BTC,BTC-26MAR27-50000-C,2027-03-26,50000,call,0.27403754,0.272,0.276,45.4,,,,,20.6,0.0,65215.87
2026-08-14 02:47:51,deribit,BTC,BTC-16AUG26-61000-C,2026-08-16,61000,call,0.03979432,0.007,0.072,26.75,,,,,0.0,0.0,63514.85
2026-08-14 02:47:51,deribit,BTC,BTC-28AUG26-79000-P,2026-08-28,79000,put,0.24191996,0.2285,0.247,42.48,,,,,0.7,0.0,63618.86
2026-08-14 02:47:51,deribit,BTC,BTC-30OCT26-74000-P,2026-10-30,74000,put,0.17224451,0.1695,0.1955,35.41,,,,,0.3,0.0,64122.23
2026-08-14 02:47:51,deribit,BTC,BTC-25JUN27-140000-P,2027-06-25,140000,put,1.13022297,1.054,1.2215,43.43,,,,,0.0,0.0,65937.35
2026-08-14 02:47:51,deribit,BTC,BTC-15AUG26-62500-P,2026-08-15,62500,put,0.00090748,0.0008,0.0011,24.45,,,,,67.3,59.5,63503.96
2026-08-14 02:47:51,deribit,BTC,BTC-16AUG26-62000-P,2026-08-16,62000,put,0.00071106,0.0006,0.0008,22.85,,,,,43.8,4.6,63514.79
2026-08-14 02:47:51,deribit,BTC,BTC-25DEC26-180000-P,2026-12-25,180000,put,1.788004,1.6945,1.8915,56.48,,,,,0.0,0.0,64567.21
2026-08-14 02:47:51,deribit,BTC,BTC-28AUG26-88000-P,2026-08-28,88000,put,0.38327465,0.3645,0.389,52.74,,,,,0.0,0.0,63618.86
2026-08-14 02:47:51,deribit,BTC,BTC-28AUG26-96000-P,2026-08-28,96000,put,0.50900158,0.488,0.5145,59.46,,,,,0.2,0.0,63618.86
2026-08-14 02:47:51,deribit,BTC,BTC-28AUG26-86000-C,2026-08-28,86000,call,5.988e-05,,0.0001,52.25,,,,,158.9,30.0,63618.86
2026-08-14 02:47:51,deribit,BTC,BTC-25JUN27-76000-C,2027-06-25,76000,call,0.09807634,0.097,0.099,41.21,,,,,20.9,0.1,65937.31
2026-08-14 02:47:51,deribit,BTC,BTC-25DEC26-35000-P,2026-12-25,35000,put,0.00548164,0.005,0.006,61.24,,,,,2366.1,9.3,64567.21
2026-08-14 02:47:51,deribit,BTC,BTC-25SEP26-150000-P,2026-09-25,150000,put,1.3492696,1.2705,1.4355,72.57,,,,,0.7,0.0,63850.41
2026-08-14 02:47:51,deribit,BTC,BTC-28AUG26-57000-C,2026-08-28,57000,call,0.10614706,0.1035,0.109,37.44,,,,,28.5,0.0,63618.86
2026-08-14 02:47:51,deribit,BTC,BTC-30OCT26-61000-C,2026-10-30,61000,call,0.09443938,0.0935,0.0955,37.65,,,,,1.2,0.0,64122.23
2026-08-14 02:47:51,deribit,BTC,BTC-26MAR27-50000-P,2027-03-26,50000,put,0.04072738,0.04,0.0415,45.4,,,,,2109.1,0.0,65215.87
2026-08-14 02:47:51,deribit,BTC,BTC-26MAR27-190000-C,2027-03-26,190000,call,0.00068503,0.0006,0.001,50.38,,,,,881.7,1.9,65215.87
2026-08-14 02:47:51,deribit,BTC,BTC-4SEP26-70000-C,2026-09-04,70000,call,0.00361945,0.0034,0.0038,30.53,,,,,130.4,134.9,63679.1
2026-08-14 02:47:51,deribit,BTC,BTC-25DEC26-110000-C,2026-12-25,110000,call,0.00239086,0.0021,0.0027,42.73,,,,,2639.8,0.0,64567.21
2026-08-14 02:47:51,deribit,BTC,BTC-17AUG26-58000-P,2026-08-17,58000,put,0.00014188,0.0001,0.0002,42.28,,,,,0.0,0.0,63525.06
2026-08-14 02:47:51,deribit,BTC,BTC-28AUG26-48000-P,2026-08-28,48000,put,0.00024517,0.0002,0.0003,58.61,,,,,1515.8,34.1,63618.86
2026-08-14 02:47:51,deribit,BTC,BTC-17AUG26-64500-P,2026-08-17,64500,put,0.01796917,0.015,0.0315,21.4,,,,,0.0,0.0,63525.06
2026-08-14 02:47:51,deribit,BTC,BTC-25SEP26-88000-P,2026-09-25,88000,put,0.37877103,0.3605,0.384,40.55,,,,,5.7,0.0,63850.46
2026-08-14 02:47:51,deribit,BTC,BTC-21AUG26-59000-C,2026-08-21,59000,call,0.07259505,0.067,0.076,32.74,,,,,0.0,0.0,63550.23
2026-08-14 02:47:51,deribit,BTC,BTC-14AUG26-63500-C,2026-08-14,63500,call,0.00175607,0.0014,0.0021,19.38,,,,,416.9,426.7,63483.32
2026-08-14 02:47:51,deribit,BTC,BTC-16AUG26-68000-C,2026-08-16,68000,call,0.00010884,,0.0002,37.91,,,,,5.9,5.8,63514.79
2026-08-14 02:47:51,deribit,BTC,BTC-4SEP26-62000-C,2026-09-04,62000,call,0.04531187,0.0445,0.046,31.96,,,,,0.0,0.0,63679.1
2026-08-14 02:47:51,deribit,BTC,BTC-14AUG26-60000-C,2026-08-14,60000,call,0.05487134,0.049,0.0865,49.98,,,,,1.0,1.0,63483.32
2026-08-14 02:47:51,deribit,BTC,BTC-26MAR27-76000-P,2027-03-26,76000,put,0.23201333,0.23,0.234,39.62,,,,,19.2,0.0,65215.87
2026-08-14 02:47:51,deribit,BTC,BTC-25SEP26-76000-C,2026-09-25,76000,call,0.00350202,0.0034,0.0035,33.71,,,,,2817.6,6.1,63850.35
2026-08-14 02:47:51,deribit,BTC,BTC-30OCT26-64000-C,2026-10-30,64000,call,0.06798942,0.0675,0.069,36.61,,,,,422.7,2.6,64122.17
2026-08-14 02:47:51,deribit,BTC,BTC-25SEP26-110000-C,2026-09-25,110000,call,0.00016056,0.0001,0.0002,56.12,,,,,1324.7,0.0,63850.41
2026-08-14 02:47:51,deribit,BTC,BTC-25DEC26-82000-C,2026-12-25,82000,call,0.02028004,0.02,0.0205,38.28,,,,,542.1,1.0,64567.09
2026-08-14 02:47:51,deribit,BTC,BTC-17AUG26-65000-C,2026-08-17,65000,call,0.00147249,0.0013,0.0017,22.35,,,,,5.7,5.7,63525.06
2026-08-14 02:47:51,deribit,BTC,BTC-15AUG26-61500-P,2026-08-15,61500,put,0.00023889,0.0002,0.0003,30.6,,,,,113.4,111.3,63503.96
2026-08-14 02:47:51,deribit,BTC,BTC-25SEP26-55000-P,2026-09-25,55000,put,0.00946901,0.009,0.01,41.09,,,,,2567.8,0.6,63850.41
2026-08-14 02:47:51,deribit,BTC,BTC-25DEC26-130000-P,2026-12-25,130000,put,1.01429118,0.946,1.092,46.95,,,,,54.9,0.0,64567.21
2026-08-14 02:47:51,deribit,BTC,BTC-25DEC26-106000-C,2026-12-25,106000,call,0.0029886,0.0027,0.0032,41.75,,,,,320.2,0.0,64567.09
2026-08-14 02:47:51,deribit,BTC,BTC-16AUG26-64000-C,2026-08-16,64000,call,0.00306664,0.0028,0.0033,19.7,,,,,13.1,0.3,63514.85
2026-08-14 02:47:51,deribit,BTC,BTC-25DEC26-30000-C,2026-12-25,30000,call,0.53881063,0.538,0.54,68.41,,,,,291.0,0.0,64567.21
2026-08-14 02:47:51,deribit,BTC,BTC-25DEC26-180000-C,2026-12-25,180000,call,0.00021124,0.0001,0.0004,56.48,,,,,923.8,0.1,64567.21
2026-08-14 02:47:51,deribit,BTC,BTC-25SEP26-74000-P,2026-09-25,74000,put,0.16433881,0.161,0.168,33.08,,,,,110.7,0.0,63850.35
2026-08-14 02:47:51,deribit,BTC,BTC-25DEC26-106000-P,2026-12-25,106000,put,0.64469182,0.613,0.651,41.75,,,,,0.2,0.0,64567.09
2026-08-14 02:47:51,deribit,BTC,BTC-28AUG26-84000-P,2026-08-28,84000,put,0.32046189,0.3055,0.3255,50.62,,,,,0.8,0.0,63618.91
2026-08-14 02:47:51,deribit,BTC,BTC-26MAR27-88000-P,2027-03-26,88000,put,0.38114796,0.3775,0.3845,39.58,,,,,4.5,0.0,65215.81
2026-08-14 02:47:51,deribit,BTC,BTC-30OCT26-57000-P,2026-10-30,57000,put,0.0269459,0.0265,0.0275,39.72,,,,,106.2,7.1,64122.23
2026-08-14 02:47:51,deribit,BTC,BTC-14AUG26-64000-C,2026-08-14,64000,call,0.00011211,,0.0001,20.56,,,,,386.2,231.7,63483.32
2026-08-14 02:47:51,deribit,BTC,BTC-17AUG26-69000-P,2026-08-17,69000,put,0.08633005,0.05,0.1265,38.55,,,,,0.0,0.0,63525.09
2026-08-14 02:47:51,deribit,BTC,BTC-15AUG26-64500-C,2026-08-15,64500,call,0.00092145,0.0008,0.0011,24.05,,,,,199.2,73.9,63503.96
2026-08-14 02:47:51,deribit,BTC,BTC-25DEC26-62000-P,2026-12-25,62000,put,0.07568213,0.075,0.0765,39.99,,,,,985.5,16.5,64567.21
2026-08-14 02:47:51,deribit,BTC,BTC-25SEP26-45000-C,2026-09-25,45000,call,0.29726917,0.2945,0.299,55.86,,,,,224.8,0.0,63850.41
2026-08-14 02:47:51,deribit,BTC,BTC-16AUG26-65000-C,2026-08-16,65000,call,0.00062643,0.0005,0.0007,21.31,,,,,36.8,5.6,63514.85
2026-08-14 02:47:51,deribit,BTC,BTC-26MAR27-200000-C,2027-03-26,200000,call,0.00054023,0.0003,0.0008,51.21,,,,,497.1,1.0,65215.87
2026-08-14 02:47:51,deribit,BTC,BTC-14AUG26-50000-C,2026-08-14,50000,call,0.21239278,0.209,0.2385,71.24,,,,,0.0,0.0,63483.32
2026-08-14 02:47:51,deribit,BTC,BTC-15AUG26-69000-P,2026-08-15,69000,put,0.08655204,0.0505,0.126,45.34,,,,,0.0,0.0,63503.96
2026-08-14 02:47:51,deribit,BTC,BTC-30OCT26-60000-P,2026-10-30,60000,put,0.04021204,0.0395,0.041,38.1,,,,,564.5,344.7,64122.23
2026-08-14 02:47:51,deribit,BTC,BTC-17AUG26-60000-P,2026-08-17,60000,put,0.00024399,0.0002,0.0003,30.57,,,,,42.1,47.6,63525.06
2026-08-14 02:47:51,deribit,BTC,BTC-30OCT26-52000-P,2026-10-30,52000,put,0.01357773,0.013,0.014,43.41,,,,,46.7,0.4,64122.23
2026-08-14 02:47:51,deribit,BTC,BTC-25DEC26-140000-P,2026-12-25,140000,put,1.16896268,1.096,1.252,49.63,,,,,0.2,0.0,64567.21
2026-08-14 02:47:51,deribit,BTC,BTC-25SEP26-125000-P,2026-09-25,125000,put,0.95775788,0.922,1.0295,61.77,,,,,21.8,0.0,63850.41
2026-08-14 02:47:51,deribit,BTC,BTC-17AUG26-62500-C,2026-08-17,62500,call,0.01879902,0.016,0.031,22.55,,,,,0.0,0.0,63525.06
2026-08-14 02:47:51,deribit,BTC,BTC-28AUG26-92000-P,2026-08-28,92000,put,0.44614361,0.425,0.4515,58.29,,,,,1.2,0.0,63618.91
2026-08-14 02:47:51,deribit,BTC,BTC-16AUG26-70000-P,2026-08-16,70000,put,0.10212481,0.0655,0.142,43.07,,,,,0.0,0.0,63514.85
2026-08-14 02:47:51,deribit,BTC,BTC-25JUN27-55000-P,2027-06-25,55000,put,0.0807222,0.0795,0.0815,44.32,,,,,9.1,0.0,65937.31
2026-08-14 02:47:51,deribit,BTC,BTC-26MAR27-102000-P,2027-03-26,102000,put,0.57793416,0.573,0.5825,40.32,,,,,0.1,0.0,65215.87
2026-08-14 02:47:51,deribit,BTC,BTC-28AUG26-75000-P,2026-08-28,75000,put,0.17922667,0.1755,0.1835,36.91,,,,,44.2,0.0,63618.86
2026-08-14 02:47:51,deribit,BTC,BTC-4SEP26-64000-C,2026-09-04,64000,call,0.02742976,0.027,0.028,31.0,,,,,80.0,92.0,63679.1
2026-08-14 02:47:51,deribit,BTC,BTC-26MAR27-96000-C,2027-03-26,96000,call,0.01974915,0.019,0.0205,40.0,,,,,132.9,0.0,65215.87
2026-08-14 02:47:51,deribit,BTC,BTC-25SEP26-98000-P,2026-09-25,98000,put,0.5351114,0.514,0.5415,47.98,,,,,0.1,0.0,63850.46
2026-08-14 02:47:51,deribit,BTC,BTC-30OCT26-60000-C,2026-10-30,60000,call,0.10449823,0.103,0.106,38.1,,,,,11.4,0.0,64122.23
2026-08-14 02:47:51,deribit,BTC,BTC-25SEP26-40000-C,2026-09-25,40000,call,0.37478179,0.3725,0.3765,66.41,,,,,34.4,0.0,63850.41
2026-08-14 02:47:51,deribit,BTC,BTC-28AUG26-77000-C,2026-08-28,77000,call,0.00024714,0.0002,0.0003,40.49,,,,,230.2,0.0,63618.86
2026-08-14 02:47:51,deribit,BTC,BTC-25JUN27-100000-P,2027-06-25,100000,put,0.54885676,0.5455,0.5725,41.0,,,,,0.1,0.0,65937.31
2026-08-14 02:47:51,deribit,BTC,BTC-25SEP26-155000-C,2026-09-25,155000,call,2.583e-05,,0.0002,75.11,,,,,363.1,0.0,63850.35
2026-08-14 02:47:51,deribit,BTC,BTC-30OCT26-76000-P,2026-10-30,76000,put,0.19879944,0.1855,0.2235,35.41,,,,,0.0,0.0,64122.23
2026-08-14 02:47:51,deribit,BTC,BTC-30OCT26-45000-C,2026-10-30,45000,call,0.3039549,0.3005,0.321,51.27,,,,,0.0,0.0,64122.23
2026-08-14 02:47:51,deribit,BTC,BTC-30OCT26-66000-C,2026-10-30,66000,call,0.05355909,0.053,0.054,36.13,,,,,153.3,30.1,64122.23
2026-08-14 02:47:51,deribit,BTC,BTC-28AUG26-82000-P,2026-08-28,82000,put,0.28908536,0.274,0.318,49.18,,,,,1.5,0.0,63618.86
2026-08-14 02:47:51,deribit,BTC,BTC-25SEP26-68000-P,2026-09-25,68000,put,0.08593182,0.084,0.088,33.13,,,,,616.3,0.5,63850.41
2026-08-14 02:47:51,deribit,BTC,BTC-25DEC26-70000-P,2026-12-25,70000,put,0.14435599,0.1425,0.1455,38.53,,,,,1010.8,15.5,64567.21
2026-08-14 02:47:51,deribit,BTC,BTC-30OCT26-58000-C,2026-10-30,58000,call,0.12625455,0.122,0.128,39.08,,,,,0.0,0.0,64122.23
2026-08-14 02:47:51,deribit,BTC,BTC-30OCT26-90000-C,2026-10-30,90000,call,0.00209721,0.0019,0.0023,38.12,,,,,60.1,0.0,64122.23
2026-08-14 02:47:51,deribit,BTC,BTC-25DEC26-125000-C,2026-12-25,125000,call,0.00108858,0.0009,0.0013,45.85,,,,,595.4,0.0,64567.21
2026-08-14 02:47:51,deribit,BTC,BTC-26MAR27-95000-C,2027-03-26,95000,call,0.02087699,0.02,0.021,39.9,,,,,343.0,0.0,65215.81
2026-08-14 02:47:51,deribit,BTC,BTC-25JUN27-40000-P,2027-06-25,40000,put,0.02723002,0.0265,0.028,51.02,,,,,508.0,3.8,65937.31
2026-08-14 02:47:51,deribit,BTC,BTC-30OCT26-56000-C,2026-10-30,56000,call,0.15013939,0.148,0.152,40.33,,,,,0.0,0.0,64122.23
2026-08-14 02:47:51,deribit,BTC,BTC-25DEC26-70000-C,2026-12-25,70000,call,0.06021235,0.0595,0.061,38.53,,,,,1864.9,36.9,64567.21
2026-08-14 02:47:51,deribit,BTC,BTC-17AUG26-61500-C,2026-08-17,61500,call,0.03270771,0.029,0.051,24.64,,,,,0.0,0.0,63525.06
2026-08-14 02:47:51,deribit,BTC,BTC-25DEC26-30000-P,2026-12-25,30000,put,0.00344362,0.0033,0.0036,68.41,,,,,2135.6,0.2,64567.09
2026-08-14 02:47:51,deribit,BTC,BTC-25SEP26-140000-C,2026-09-25,140000,call,4.247e-05,,0.0001,69.71,,,,,1184.3,0.0,63850.41
2026-08-14 02:47:51,deribit,BTC,BTC-21AUG26-65000-P,2026-08-21,65000,put,0.02881772,0.027,0.0305,25.87,,,,,98.9,1.2,63550.23
2026-08-14 02:47:51,deribit,BTC,BTC-25JUN27-95000-P,2027-06-25,95000,put,0.48127979,0.478,0.512,40.91,,,,,20.1,0.0,65937.35
2026-08-14 02:47:51,deribit,BTC,BTC-25DEC26-100000-C,2026-12-25,100000,call,0.00450328,0.0042,0.0047,40.58,,,,,3648.7,3.6,64567.09
2026-08-14 02:47:51,deribit,BTC,BTC-30OCT26-70000-P,2026-10-30,70000,put,0.12331359,0.1215,0.1255,35.42,,,,,11.8,0.0,64122.17
2026-08-14 02:47:51,deribit,BTC,BTC-15AUG26-57000-P,2026-08-15,57000,put,3.47e-06,,0.0001,56.18,,,,,51.2,5.2,63503.96
2026-08-14 02:47:51,deribit,BTC,BTC-25JUN27-82000-P,2027-06-25,82000,put,0.31763251,0.3145,0.3205,40.94,,,,,0.2,0.0,65937.31
2026-08-14 02:47:51,deribit,BTC,BTC-25SEP26-180000-P,2026-09-25,180000,put,1.8190952,1.7245,1.9215,75.32,,,,,7.3,0.0,63850.41
2026-08-14 02:47:51,deribit,BTC,BTC-21AUG26-66000-P,2026-08-21,66000,put,0.04141244,0.0385,0.051,25.87,,,,,11.7,0.0,63550.28
2026-08-14 02:47:51,deribit,BTC,BTC-26MAR27-62000-P,2027-03-26,62000,put,0.10263369,0.1015,0.1035,41.42,,,,,244.2,0.0,65215.87
2026-08-14 02:47:51,deribit,BTC,BTC-25SEP26-102000-P,2026-09-25,102000,put,0.59773252,0.5735,0.6045,51.34,,,,,0.4,0.0,63850.46
2026-08-14 02:47:51,deribit,BTC,BTC-30OCT26-68000-C,2026-10-30,68000,call,0.04154197,0.041,0.042,35.76,,,,,69.6,6.0,64122.23
2026-08-14 02:47:51,deribit,BTC,BTC-4SEP26-70000-P,2026-09-04,70000,put,0.10288294,0.0985,0.117,30.53,,,,,0.1,0.1,63679.1
2026-08-14 02:47:51,deribit,BTC,BTC-4SEP26-75000-C,2026-09-04,75000,call,0.00073043,0.0007,0.0008,33.77,,,,,17.3,17.3,63679.1
2026-08-14 02:47:51,deribit,BTC,BTC-28AUG26-59000-C,2026-08-28,59000,call,0.07685234,0.0745,0.08,34.05,,,,,214.3,0.0,63618.86
2026-08-14 02:47:51,deribit,BTC,BTC-14AUG26-75000-P,2026-08-14,75000,put,0.18141083,0.1715,0.224,47.53,,,,,0.2,0.2,63483.32
2026-08-14 02:47:51,deribit,BTC,BTC-14AUG26-67000-C,2026-08-14,67000,call,0.0,,0.0001,40.96,,,,,779.9,33.5,63483.32
2026-08-14 02:47:51,deribit,BTC,BTC-25DEC26-105000-C,2026-12-25,105000,call,0.00319668,0.0029,0.0035,41.56,,,,,828.9,0.0,64567.21
2026-08-14 02:47:51,deribit,BTC,BTC-17AUG26-63000-C,2026-08-17,63000,call,0.01304349,0.0125,0.0135,22.16,,,,,4.1,4.1,63525.06
2026-08-14 02:47:51,deribit,BTC,BTC-14AUG26-58000-P,2026-08-14,58000,put,0.0,,0.0001,60.13,,,,,1556.8,0.0,63483.32
2026-08-14 02:47:51,deribit,BTC,BTC-15AUG26-62000-P,2026-08-15,62000,put,0.00038402,0.0003,0.0005,26.56,,,,,17.2,5.3,63503.96
2026-08-14 02:47:51,deribit,BTC,BTC-25DEC26-52000-C,2026-12-25,52000,call,0.22308275,0.2175,0.225,44.41,,,,,0.1,0.0,64567.21
2026-08-14 02:47:51,deribit,BTC,BTC-25DEC26-58000-P,2026-12-25,58000,put,0.0518159,0.051,0.0525,41.26,,,,,2135.0,6.4,64567.21
2026-08-14 02:47:51,deribit,BTC,BTC-21AUG26-63000-P,2026-08-21,63000,put,0.01103531,0.0105,0.0115,26.8,,,,,261.6,154.6,63550.23
2026-08-14 02:47:51,deribit,BTC,BTC-25SEP26-145000-P,2026-09-25,145000,put,1.27096127,1.195,1.354,69.92,,,,,0.2,0.0,63850.41
2026-08-14 02:47:51,deribit,BTC,BTC-17AUG26-64000-P,2026-08-17,64000,put,0.01248217,0.0115,0.013,21.83,,,,,0.5,0.5,63525.06
2026-08-14 02:47:51,deribit,BTC,BTC-28AUG26-105000-P,2026-08-28,105000,put,0.65046261,0.6265,0.6565,63.37,,,,,1.0,0.0,63618.91
2026-08-14 02:47:51,deribit,BTC,BTC-30OCT26-55000-C,2026-10-30,55000,call,0.16273789,0.1585,0.1645,41.03,,,,,0.0,0.0,64122.23
2026-08-14 02:47:51,deribit,BTC,BTC-25DEC26-94000-P,2026-12-25,94000,put,0.46286187,0.446,0.4985,39.42,,,,,5.3,0.0,64567.21
2026-08-14 02:47:51,deribit,BTC,BTC-15AUG26-64500-P,2026-08-15,64500,put,0.01660614,0.013,0.0205,24.05,,,,,0.0,0.0,63504.07
2026-08-14 02:47:51,deribit,BTC,BTC-4SEP26-68000-P,2026-09-04,68000,put,0.07537592,0.0725,0.089,30.18,,,,,0.0,0.0,63679.1
2026-08-14 02:47:51,deribit,BTC,BTC-25DEC26-220000-C,2026-12-25,220000,call,8.275e-05,,0.0002,61.32,,,,,252.8,0.1,64567.09
2026-08-14 02:47:51,deribit,BTC,BTC-26MAR27-80000-C,2027-03-26,80000,call,0.0522194,0.0515,0.053,39.56,,,,,932.2,5.0,65215.87
2026-08-14 02:47:51,deribit,BTC,BTC-25SEP26-175000-P,2026-09-25,175000,put,1.74078857,1.649,1.841,75.32,,,,,0.2,0.0,63850.41
2026-08-14 02:47:51,deribit,BTC,BTC-16AUG26-67000-C,2026-08-16,67000,call,0.00011279,0.0001,0.0002,30.83,,,,,42.7,1.0,63514.85
2026-08-14 02:47:51,deribit,BTC,BTC-25JUN27-66000-C,2027-06-25,66000,call,0.15502778,0.154,0.156,42.19,,,,,27.4,0.1,65937.35
2026-08-14 02:47:51,deribit,BTC,BTC-25DEC26-56000-P,2026-12-25,56000,put,0.04264663,0.042,0.043,42.2,,,,,462.3,0.0,64567.21
2026-08-14 02:47:51,deribit,BTC,BTC-28AUG26-75000-C,2026-08-28,75000,call,0.00032561,0.0003,0.0004,36.91,,,,,2734.9,0.3,63618.86
2026-08-14 02:47:51,deribit,BTC,BTC-25SEP26-75000-P,2026-09-25,75000,put,0.17900249,0.1755,0.184,33.47,,,,,2967.2,0.0,63850.41
2026-08-14 02:47:51,deribit,BTC,BTC-25JUN27-66000-P,2027-06-25,66000,put,0.15597853,0.1545,0.1575,42.19,,,,,33.0,2.0,65937.35
2026-08-14 02:47:51,deribit,BTC,BTC-25DEC26-94000-C,2026-12-25,94000,call,0.00701184,0.007,0.0075,39.42,,,,,117.9,1.3,64567.21
2026-08-14 02:47:51,deribit,BTC,BTC-15AUG26-70000-C,2026-08-15,70000,call,1.26e-06,,0.0001,47.23,,,,,5.3,0.0,63503.96
2026-08-14 02:47:51,deribit,BTC,BTC-14AUG26-62000-P,2026-08-14,62000,put,3.32e-06,,0.0001,32.65,,,,,1529.5,170.0,63483.32
2026-08-14 02:47:51,deribit,BTC,BTC-16AUG26-65500-P,2026-08-16,65500,put,0.03156919,0.0019,0.0695,22.86,,,,,0.0,0.0,63514.85
2026-08-14 02:47:51,deribit,BTC,BTC-25DEC26-140000-C,2026-12-25,140000,call,0.00067942,0.0005,0.0009,49.63,,,,,1482.0,0.0,64567.09
2026-08-14 02:47:51,deribit,BTC,BTC-17AUG26-63500-P,2026-08-17,63500,put,0.00793701,0.0075,0.0085,21.71,,,,,1.4,1.4,63525.06
2026-08-14 02:47:51,deribit,BTC,BTC-30OCT26-71000-C,2026-10-30,71000,call,0.02755443,0.027,0.028,35.34,,,,,262.3,10.8,64122.23
2026-08-14 02:47:51,deribit,BTC,BTC-28AUG26-72000-C,2026-08-28,72000,call,0.00069631,0.0006,0.0008,32.49,,,,,2945.9,33.6,63618.86
2026-08-14 02:47:51,deribit,BTC,BTC-25SEP26-90000-C,2026-09-25,90000,call,0.00045407,0.0004,0.0006,41.98,,,,,3018.7,0.1,63850.41
2026-08-14 02:47:51,deribit,BTC,BTC-25SEP26-56000-C,2026-09-25,56000,call,0.13394615,0.1305,0.1355,39.57,,,,,12.2,0.0,63850.41
2026-08-14 02:47:51,deribit,BTC,BTC-25DEC26-76000-P,2026-12-25,76000,put,0.21215226,0.21,0.2145,38.12,,,,,142.1,0.0,64567.21
2026-08-14 02:47:51,deribit,BTC,BTC-25DEC26-250000-C,2026-12-25,250000,call,5.326e-05,,0.0002,64.88,,,,,1120.9,0.0,64567.21
2026-08-14 02:47:51,deribit,BTC,BTC-25JUN27-85000-C,2027-06-25,85000,call,0.06416729,0.063,0.065,40.83,,,,,7.8,0.0,65937.35
2026-08-14 02:47:51,deribit,BTC,BTC-25JUN27-45000-P,2027-06-25,45000,put,0.03972417,0.039,0.0405,48.13,,,,,157.4,37.0,65937.31
2026-08-14 02:47:51,deribit,BTC,BTC-25SEP26-62000-C,2026-09-25,62000,call,0.06288209,0.062,0.064,35.16,,,,,680.3,0.0,63850.35
2026-08-14 02:47:51,deribit,BTC,BTC-26MAR27-70000-C,2027-03-26,70000,call,0.09649462,0.096,0.0975,40.26,,,,,795.2,9.4,65215.87
2026-08-14 02:47:51,deribit,BTC,BTC-16AUG26-58000-C,2026-08-16,58000,call,0.08684257,0.054,0.1175,40.92,,,,,0.0,0.0,63514.79
2026-08-14 02:47:51,deribit,BTC,BTC-30OCT26-55000-P,2026-10-30,55000,put,0.02047555,0.02,0.021,41.03,,,,,79.9,10.0,64122.23
2026-08-14 02:47:51,deribit,BTC,BTC-25JUN27-160000-P,2027-06-25,160000,put,1.43059028,1.346,1.53,45.2,,,,,0.0,0.0,65937.35
2026-08-14 02:47:51,deribit,BTC,BTC-25SEP26-70000-C,2026-09-25,70000,call,0.01351935,0.013,0.014,32.88,,,,,9298.1,827.9,63850.41
2026-08-14 02:47:51,deribit,BTC,BTC-30OCT26-40000-P,2026-10-30,40000,put,0.00334405,0.0032,0.0035,58.38,,,,,46.4,0.9,64122.23
2026-08-14 02:47:51,deribit,BTC,BTC-14AUG26-70000-P,2026-08-14,70000,put,0.10265011,0.0965,0.143,47.35,,,,,3.5,0.1,63483.32
2026-08-14 02:47:51,deribit,BTC,BTC-14AUG26-66000-C,2026-08-14,66000,call,1e-08,,0.0001,35.66,,,,,1072.6,64.1,63483.35
2026-08-14 02:47:51,deribit,BTC,BTC-28AUG26-88000-C,2026-08-28,88000,call,3.073e-05,,0.0001,52.74,,,,,183.7,0.0,63618.86
2026-08-14 02:47:51,deribit,BTC,BTC-25SEP26-260000-P,2026-09-25,260000,put,3.07202281,2.9355,3.2205,78.83,,,,,0.0,0.0,63850.41
2026-08-14 02:47:51,deribit,BTC,BTC-17AUG26-64500-C,2026-08-17,64500,call,0.00261737,0.0024,0.0028,21.4,,,,,7.8,7.8,63525.09
2026-08-14 02:47:51,deribit,BTC,BTC-28AUG26-55000-P,2026-08-28,55000,put,0.00115487,0.001,0.0013,41.53,,,,,1170.8,6.4,63618.86
2026-08-14 02:47:51,deribit,BTC,BTC-28AUG26-77000-P,2026-08-28,77000,put,0.21058557,0.198,0.215,40.49,,,,,3.4,0.0,63618.91
2026-08-14 02:47:51,deribit,BTC,BTC-17AUG26-67000-P,2026-08-17,67000,put,0.05505591,0.02,0.0935,30.34,,,,,0.0,0.0,63525.06
2026-08-14 02:47:51,deribit,BTC,BTC-16AUG26-59000-P,2026-08-16,59000,put,6.657e-05,,0.0001,38.53,,,,,0.2,0.1,63514.85
2026-08-14 02:47:51,deribit,BTC,BTC-26MAR27-85000-C,2027-03-26,85000,call,0.03827266,0.038,0.039,39.54,,,,,94.1,0.0,65215.87
2026-08-14 02:47:51,deribit,BTC,BTC-17AUG26-56000-P,2026-08-17,56000,put,2.322e-05,,0.0001,46.52,,,,,0.0,0.0,63525.06
2026-08-14 02:47:51,deribit,BTC,BTC-15AUG26-66000-C,2026-08-15,66000,call,0.00018388,0.0001,0.0003,33.91,,,,,393.3,152.7,63503.96
2026-08-14 02:47:51,deribit,BTC,BTC-15AUG26-63000-P,2026-08-15,63000,put,0.00229949,0.0021,0.0025,23.36,,,,,74.6,78.3,63503.96
2026-08-14 02:47:51,deribit,BTC,BTC-26MAR27-45000-P,2027-03-26,45000,put,0.02673626,0.026,0.0275,48.2,,,,,227.2,0.0,65215.87
2026-08-14 02:47:51,deribit,BTC,BTC-30OCT26-95000-P,2026-10-30,95000,put,0.48279249,0.457,0.489,39.74,,,,,0.1,0.0,64122.23
2026-08-14 02:47:51,deribit,BTC,BTC-25DEC26-110000-P,2026-12-25,110000,put,0.70604515,0.7005,0.712,42.73,,,,,54.2,0.0,64567.09
2026-08-14 02:47:51,deribit,BTC,BTC-14AUG26-80000-P,2026-08-14,80000,put,0.26017155,0.2555,0.3055,51.26,,,,,0.0,0.1,63483.32
2026-08-14 02:47:51,deribit,BTC,BTC-21AUG26-64000-C,2026-08-21,64000,call,0.01142448,0.011,0.012,26.1,,,,,131.1,65.2,63550.28
2026-08-14 02:47:51,deribit,BTC,BTC-28AUG26-67000-P,2026-08-28,67000,put,0.0586336,0.056,0.0615,28.32,,,,,60.8,0.0,63618.86
2026-08-14 02:47:51,deribit,BTC,BTC-26MAR27-52000-P,2027-03-26,52000,put,0.04797327,0.047,0.049,44.47,,,,,117.8,0.0,65215.87
2026-08-14 02:47:51,deribit,BTC,BTC-15AUG26-62500-C,2026-08-15,62500,call,0.01671689,0.0135,0.032,24.45,,,,,0.0,0.0,63503.96
2026-08-14 02:47:51,deribit,BTC,BTC-17AUG26-61000-P,2026-08-17,61000,put,0.0004892,0.0004,0.0006,26.1,,,,,77.1,103.1,63525.09
2026-08-14 02:47:51,deribit,BTC,BTC-25DEC26-65000-P,2026-12-25,65000,put,0.09812176,0.0975,0.099,39.27,,,,,896.6,9.4,64567.09
2026-08-14 02:47:51,deribit,BTC,BTC-15AUG26-67000-P,2026-08-15,67000,put,0.05510634,0.02,0.094,38.01,,,,,0.0,0.0,63504.07
2026-08-14 02:47:51,deribit,BTC,BTC-17AUG26-71000-C,2026-08-17,71000,call,7.588e-05,,0.0002,46.26,,,,,15.0,15.0,63525.06
2026-08-14 02:47:51,deribit,BTC,BTC-30OCT26-61000-P,2026-10-30,61000,put,0.04574842,0.045,0.0465,37.65,,,,,177.2,15.6,64122.23
2026-08-14 02:47:51,deribit,BTC,BTC-25JUN27-130000-C,2027-06-25,130000,call,0.00966813,0.009,0.01,42.6,,,,,93.7,10.5,65937.31
2026-08-14 02:47:51,deribit,BTC,BTC-28AUG26-63000-P,2026-08-28,63000,put,0.01896695,0.0185,0.0195,30.01,,,,,707.3,52.8,63618.86
2026-08-14 02:47:51,deribit,BTC,BTC-28AUG26-110000-P,2026-08-28,110000,put,0.72905535,0.7005,0.736,65.75,,,,,0.2,0.0,63618.91
2026-08-14 02:47:51,deribit,BTC,BTC-25DEC26-40000-C,2026-12-25,40000,call,0.38972782,0.387,0.391,55.85,,,,,250.9,0.0,64567.21
2026-08-14 02:47:51,deribit,BTC,BTC-25JUN27-60000-P,2027-06-25,60000,put,0.11096335,0.11,0.112,43.18,,,,,97.2,22.0,65937.35
2026-08-14 02:47:51,deribit,BTC,BTC-25DEC26-135000-P,2026-12-25,135000,put,1.09168605,1.0205,1.1715,48.8,,,,,0.6,0.0,64567.21
2026-08-14 02:47:51,deribit,BTC,BTC-25DEC26-125000-P,2026-12-25,125000,put,0.93705937,0.8985,1.012,45.85,,,,,9.1,0.0,64567.21
2026-08-14 02:47:51,deribit,BTC,BTC-26MAR27-105000-C,2027-03-26,105000,call,0.01174215,0.011,0.0125,40.54,,,,,187.4,0.0,65215.87
2026-08-14 02:47:51,deribit,BTC,BTC-17AUG26-65500-C,2026-08-17,65500,call,0.00087952,0.0008,0.001,23.75,,,,,3.0,3.4,63525.06
2026-08-14 02:47:51,deribit,BTC,BTC-26MAR27-100000-P,2027-03-26,100000,put,0.54912693,0.544,0.5535,40.3,,,,,12.1,0.0,65215.81
2026-08-14 02:47:51,deribit,BTC,BTC-28AUG26-58000-P,2026-08-28,58000,put,0.00297358,0.0028,0.0031,35.67,,,,,1268.2,264.7,63618.86
2026-08-14 02:47:51,deribit,BTC,BTC-28AUG26-81000-P,2026-08-28,81000,put,0.27335717,0.259,0.278,46.76,,,,,0.1,0.0,63618.86
2026-08-14 02:47:51,deribit,BTC,BTC-21AUG26-63000-C,2026-08-21,63000,call,0.01969069,0.019,0.0205,26.8,,,,,50.5,18.7,63550.23
2026-08-14 02:47:51,deribit,BTC,BTC-26MAR27-110000-P,2027-03-26,110000,put,0.69571362,0.69,0.7005,40.98,,,,,4.0,0.0,65215.87
2026-08-14 02:47:51,deribit,BTC,BTC-25JUN27-130000-P,2027-06-25,130000,put,0.9812378,0.9765,1.005,42.6,,,,,1.3,0.0,65937.31
2026-08-14 02:47:51,deribit,BTC,BTC-25DEC26-20000-P,2026-12-25,20000,put,0.00114975,0.001,0.0014,85.78,,,,,119.3,0.5,64567.09
2026-08-14 02:47:51,deribit,BTC,BTC-26MAR27-52000-C,2027-03-26,52000,call,0.25061583,0.2485,0.2525,44.47,,,,,5.2,0.0,65215.87
2026-08-14 02:47:51,deribit,BTC,BTC-25SEP26-90000-P,2026-09-25,90000,put,0.41000043,0.405,0.416,41.98,,,,,586.2,0.0,63850.41
2026-08-14 02:47:51,deribit,BTC,BTC-21AUG26-70000-P,2026-08-21,70000,put,0.10184285,0.0945,0.123,33.28,,,,,0.1,0.2,63550.28
2026-08-14 02:47:51,deribit,BTC,BTC-30OCT26-74000-C,2026-10-30,74000,call,0.01819748,0.0175,0.0185,35.41,,,,,133.8,5.4,64122.23
2026-08-14 02:47:51,deribit,BTC,BTC-14AUG26-65500-C,2026-08-14,65500,call,6e-08,,0.0001,32.24,,,,,140.9,2.0,63483.35
2026-08-14 02:47:51,deribit,BTC,BTC-25JUN27-50000-P,2027-06-25,50000,put,0.05716574,0.0565,0.058,45.92,,,,,284.0,0.5,65937.31
2026-08-14 02:47:51,deribit,BTC,BTC-25SEP26-320000-P,2026-09-25,320000,put,4.01172038,3.843,4.1935,85.42,,,,,25.1,0.0,63850.41
2026-08-14 02:47:51,deribit,BTC,BTC-26MAR27-68000-C,2027-03-26,68000,call,0.10843395,0.1075,0.1095,40.46,,,,,97.0,0.2,65215.87
2026-08-14 02:47:51,deribit,BTC,BTC-28AUG26-46000-P,2026-08-28,46000,put,0.00014298,0.0001,0.0002,62.65,,,,,1754.9,0.5,63618.86
2026-08-14 02:47:51,deribit,BTC,BTC-25JUN27-80000-C,2027-06-25,80000,call,0.08130059,0.08,0.0825,41.0,,,,,77.1,0.1,65937.35
2026-08-14 02:47:51,deribit,BTC,BTC-25DEC26-52000-P,2026-12-25,52000,put,0.0284466,0.028,0.0285,44.41,,,,,422.6,1.9,64567.21
2026-08-14 02:47:51,deribit,BTC,BTC-21AUG26-67000-P,2026-08-21,67000,put,0.055669,0.052,0.061,26.69,,,,,10.7,0.1,63550.23
2026-08-14 02:47:51,deribit,BTC,BTC-16AUG26-70000-C,2026-08-16,70000,call,1.929e-05,,0.0001,43.07,,,,,0.0,0.0,63514.85
2026-08-14 02:47:51,deribit,BTC,BTC-26MAR27-140000-C,2027-03-26,140000,call,0.00274834,0.0026,0.0029,45.01,,,,,761.5,0.0,65215.87
2026-08-14 02:47:51,deribit,BTC,BTC-25SEP26-94000-C,2026-09-25,94000,call,0.00033963,0.0003,0.0004,44.98,,,,,170.0,0.0,63850.41
2026-08-14 02:47:51,deribit,BTC,BTC-25DEC26-62000-C,2026-12-25,62000,call,0.11544062,0.1145,0.1165,39.99,,,,,255.1,0.0,64567.21
2026-08-14 02:47:51,deribit,BTC,BTC-25JUN27-82000-C,2027-06-25,82000,call,0.07402703,0.073,0.075,40.94,,,,,60.2,0.0,65937.35
2026-08-14 02:47:51,deribit,BTC,BTC-30OCT26-71000-P,2026-10-30,71000,put,0.13481577,0.1325,0.1365,35.34,,,,,0.0,0.0,64122.23
2026-08-14 02:47:51,deribit,BTC,BTC-25JUN27-110000-C,2027-06-25,110000,call,0.0207616,0.02,0.0215,41.31,,,,,223.2,0.2,65937.31
2026-08-14 02:47:51,deribit,BTC,BTC-25SEP26-30000-C,2026-09-25,30000,call,0.53057609,0.5295,0.5315,89.18,,,,,134.0,0.0,63850.41
2026-08-14 02:47:51,deribit,BTC,BTC-25JUN27-85000-P,2027-06-25,85000,put,0.35327053,0.3505,0.3565,40.83,,,,,6.8,0.0,65937.35
2026-08-14 02:47:51,deribit,BTC,BTC-21AUG26-53000-P,2026-08-21,53000,put,0.00014271,0.0001,0.0002,52.07,,,,,94.0,9.6,63550.23
2026-08-14 02:47:51,deribit,BTC,BTC-26MAR27-108000-C,2027-03-26,108000,call,0.00999719,0.0095,0.0105,40.81,,,,,57.4,0.1,65215.81
2026-08-14 02:47:51,deribit,BTC,BTC-15AUG26-61000-P,2026-08-15,61000,put,0.00013948,0.0001,0.0002,33.87,,,,,158.0,116.8,63503.96
2026-08-14 02:47:51,deribit,BTC,BTC-25DEC26-96000-C,2026-12-25,96000,call,0.00612603,0.006,0.0065,39.94,,,,,1321.8,4.3,64567.21
2026-08-14 02:47:51,deribit,BTC,BTC-14AUG26-70000-C,2026-08-14,70000,call,0.0,,0.0001,47.35,,,,,1660.8,0.8,63483.35
2026-08-14 02:47:51,deribit,BTC,BTC-17AUG26-68000-C,2026-08-17,68000,call,0.00018298,0.0001,0.0003,33.69,,,,,1.0,1.0,63525.09
2026-08-14 02:47:51,deribit,BTC,BTC-16AUG26-63500-P,2026-08-16,63500,put,0.00611636,0.0055,0.0065,20.04,,,,,22.9,1.9,63514.85
2026-08-14 02:47:51,deribit,BTC,BTC-25SEP26-170000-C,2026-09-25,170000,call,6.41e-06,,0.0001,75.32,,,,,359.5,0.0,63850.35
2026-08-14 02:47:51,deribit,BTC,BTC-25JUN27-170000-C,2027-06-25,170000,call,0.00311631,0.0028,0.0035,45.93,,,,,43.7,0.0,65937.35
2026-08-14 02:47:51,deribit,BTC,BTC-25DEC26-60000-C,2026-12-25,60000,call,0.13358237,0.132,0.135,40.56,,,,,787.0,0.2,64567.21
2026-08-14 02:47:51,deribit,BTC,BTC-25SEP26-190000-P,2026-09-25,190000,put,1.97570996,1.8755,2.084,75.38,,,,,0.0,0.0,63850.41
2026-08-14 02:47:51,deribit,BTC,BTC-28AUG26-83000-C,2026-08-28,83000,call,0.00010026,,0.0001,49.05,,,,,544.8,5.0,63618.86
2026-08-14 02:47:51,deribit,BTC,BTC-25DEC26-68000-C,2026-12-25,68000,call,0.07146692,0.071,0.072,38.78,,,,,732.1,36.8,64567.21
2026-08-14 02:47:51,deribit,BTC,BTC-14AUG26-63000-P,2026-08-14,63000,put,0.00013877,0.0001,0.0002,20.59,,,,,588.3,314.6,63483.32
2026-08-14 02:47:51,deribit,BTC,BTC-28AUG26-73000-C,2026-08-28,73000,call,0.00049525,0.0004,0.0006,33.62,,,,,1749.6,15.0,63618.86
2026-08-14 02:47:51,deribit,BTC,BTC-14AUG26-61000-P,2026-08-14,61000,put,2e-08,,0.0001,38.46,,,,,451.1,33.1,63483.32
2026-08-14 02:47:51,deribit,BTC,BTC-17AUG26-70000-P,2026-08-17,70000,put,0.10207641,0.0645,0.1425,44.29,,,,,0.0,0.0,63525.06
2026-08-14 02:47:51,deribit,BTC,BTC-16AUG26-62500-C,2026-08-16,62500,call,0.01742507,0.0155,0.019,21.3,,,,,50.0,50.0,63514.79
2026-08-14 02:47:51,deribit,BTC,BTC-25JUN27-40000-C,2027-06-25,40000,call,0.4205932,0.419,0.422,51.02,,,,,17.0,0.0,65937.35
2026-08-14 02:47:51,deribit,BTC,BTC-28AUG26-74000-C,2026-08-28,74000,call,0.00039279,0.0003,0.0005,35.21,,,,,2151.9,18.4,63618.86
2026-08-14 02:47:51,deribit,BTC,BTC-25SEP26-94000-P,2026-09-25,94000,put,0.47253249,0.4525,0.479,44.98,,,,,1.9,0.0,63850.35
2026-08-14 02:47:51,deribit,BTC,BTC-26MAR27-100000-C,2027-03-26,100000,call,0.01574725,0.015,0.0165,40.3,,,,,570.1,1.0,65215.87
2026-08-14 02:47:51,deribit,BTC,BTC-16AUG26-71000-P,2026-08-16,71000,put,0.11785911,0.0815,0.159,43.15,,,,,0.0,0.0,63514.85
2026-08-14 02:47:51,deribit,BTC,BTC-26MAR27-68000-P,2027-03-26,68000,put,0.15113213,0.15,0.1525,40.46,,,,,75.7,0.0,65215.87
2026-08-14 02:47:51,deribit,BTC,BTC-26MAR27-55000-P,2027-03-26,55000,put,0.06098223,0.06,0.062,43.29,,,,,1353.3,0.5,65215.87
2026-08-14 02:47:51,deribit,BTC,BTC-25JUN27-150000-C,2027-06-25,150000,call,0.00543022,0.005,0.0055,44.56,,,,,90.5,0.0,65937.35
2026-08-14 02:47:51,deribit,BTC,BTC-16AUG26-56000-C,2026-08-16,56000,call,0.11833414,0.087,0.148,55.8,,,,,0.0,0.0,63514.79
2026-08-14 02:47:51,deribit,BTC,BTC-25SEP26-58000-C,2026-09-25,58000,call,0.10779308,0.1045,0.1095,37.85,,,,,460.8,0.0,63850.41
2026-08-14 02:47:51,deribit,BTC,BTC-30OCT26-54000-C,2026-10-30,54000,call,0.17581866,0.1735,0.1775,41.87,,,,,0.0,0.0,64122.23
2026-08-14 02:47:51,deribit,BTC,BTC-28AUG26-59000-P,2026-08-28,59000,put,0.00425451,0.0041,0.0045,34.05,,,,,820.7,9.4,63618.86
2026-08-14 02:47:51,deribit,BTC,BTC-16AUG26-63000-P,2026-08-16,63000,put,0.00306578,0.0028,0.0033,20.37,,,,,190.5,24.4,63514.85
2026-08-14 02:47:51,deribit,BTC,BTC-4SEP26-55000-C,2026-09-04,55000,call,0.13892993,0.131,0.1535,40.44,,,,,0.0,0.0,63679.1
2026-08-14 02:47:51,deribit,BTC,BTC-25JUN27-52000-P,2027-06-25,52000,put,0.06582192,0.065,0.0665,45.22,,,,,31.4,0.3,65937.35
2026-08-14 02:47:51,deribit,BTC,BTC-25SEP26-78000-P,2026-09-25,78000,put,0.22381081,0.22,0.2285,34.12,,,,,625.3,0.0,63850.41
2026-08-14 02:47:51,deribit,BTC,BTC-16AUG26-59000-C,2026-08-16,59000,call,0.07114903,0.0375,0.1025,38.53,,,,,0.0,0.0,63514.85
2026-08-14 02:47:51,deribit,BTC,BTC-14AUG26-64500-P,2026-08-14,64500,put,0.01603177,0.0145,0.0175,27.22,,,,,52.0,1.0,63483.32
2026-08-14 02:47:51,deribit,BTC,BTC-17AUG26-71000-P,2026-08-17,71000,put,0.11774996,0.0805,0.1585,46.26,,,,,0.0,0.0,63525.09
2026-08-14 02:47:51,deribit,BTC,BTC-21AUG26-75000-P,2026-08-21,75000,put,0.18031618,0.1685,0.1845,47.12,,,,,0.2,0.2,63550.28
2026-08-14 02:47:51,deribit,BTC,BTC-30OCT26-82000-P,2026-10-30,82000,put,0.28446217,0.2705,0.3085,35.99,,,,,0.0,0.0,64122.23
2026-08-14 02:47:51,deribit,BTC,BTC-26MAR27-106000-P,2027-03-26,106000,put,0.63662373,0.631,0.641,40.73,,,,,0.1,0.0,65215.87
2026-08-14 02:47:51,deribit,BTC,BTC-28AUG26-67000-C,2026-08-28,67000,call,0.00548198,0.005,0.006,28.32,,,,,1589.2,70.4,63618.86
2026-08-14 02:47:51,deribit,BTC,BTC-15AUG26-68000-C,2026-08-15,68000,call,2.329e-05,,0.0001,43.11,,,,,6.4,4.6,63504.07
2026-08-14 02:47:51,deribit,BTC,BTC-26MAR27-125000-P,2027-03-26,125000,put,0.92130998,0.854,0.985,42.81,,,,,0.1,0.0,65215.87
2026-08-14 02:47:51,deribit,BTC,BTC-28AUG26-105000-C,2026-08-28,105000,call,1.11e-06,,0.0001,63.37,,,,,169.1,0.0,63618.86
2026-08-14 02:47:51,deribit,BTC,BTC-25SEP26-300000-P,2026-09-25,300000,put,3.69848786,3.54,3.8695,84.97,,,,,0.0,0.0,63850.41
2026-08-14 02:47:51,deribit,BTC,BTC-26MAR27-115000-C,2027-03-26,115000,call,0.00699245,0.0065,0.0075,41.47,,,,,762.2,0.5,65215.87
2026-08-14 02:47:51,deribit,BTC,BTC-28AUG26-48000-C,2026-08-28,48000,call,0.24574848,0.2435,0.248,58.61,,,,,37.5,0.0,63618.86
2026-08-14 02:47:51,deribit,BTC,BTC-26MAR27-86000-C,2027-03-26,86000,call,0.03600306,0.0355,0.0365,39.56,,,,,137.5,0.1,65215.87
2026-08-14 02:47:51,deribit,BTC,BTC-28AUG26-46000-C,2026-08-28,46000,call,0.27708366,0.275,0.299,62.65,,,,,1.0,0.0,63618.86
2026-08-14 02:47:51,deribit,BTC,BTC-15AUG26-71000-C,2026-08-15,71000,call,1.4e-07,,0.0001,47.3,,,,,4.0,0.0,63503.96
2026-08-14 02:47:51,deribit,BTC,BTC-25DEC26-210000-P,2026-12-25,210000,put,2.25253739,2.1435,2.3725,60.4,,,,,0.0,0.0,64567.21
2026-08-14 02:47:51,deribit,BTC,BTC-30OCT26-54000-P,2026-10-30,54000,put,0.01796109,0.0175,0.0185,41.87,,,,,62.0,3.7,64122.23
2026-08-14 02:47:51,deribit,BTC,BTC-25SEP26-35000-P,2026-09-25,35000,put,0.00071193,0.0007,0.0009,76.97,,,,,892.9,2.5,63850.35
2026-08-14 02:47:51,deribit,BTC,BTC-25JUN27-80000-P,2027-06-25,80000,put,0.29457423,0.292,0.2975,41.0,,,,,8.5,0.0,65937.35
2026-08-14 02:47:51,deribit,BTC,BTC-25DEC26-55000-P,2026-12-25,55000,put,0.03847074,0.038,0.039,42.64,,,,,1061.0,6.1,64567.21
2026-08-14 02:47:51,deribit,BTC,BTC-25SEP26-98000-C,2026-09-25,98000,call,0.00027201,0.0002,0.0003,47.98,,,,,371.3,7.5,63850.35
2026-08-14 02:47:51,deribit,BTC,BTC-25SEP26-64000-P,2026-09-25,64000,put,0.04766759,0.047,0.048,34.24,,,,,669.7,4.9,63850.41
2026-08-14 02:47:51,deribit,BTC,BTC-25SEP26-135000-P,2026-09-25,135000,put,1.11436179,1.043,1.192,66.77,,,,,11.5,0.0,63850.41
2026-08-14 02:47:51,deribit,BTC,BTC-28AUG26-56000-P,2026-08-28,56000,put,0.00145177,0.0014,0.0015,38.93,,,,,1293.3,294.6,63618.86
2026-08-14 02:47:51,deribit,BTC,BTC-25JUN27-30000-P,2027-06-25,30000,put,0.01248761,0.012,0.013,59.35,,,,,342.8,12.9,65937.31
2026-08-14 02:47:51,deribit,BTC,BTC-25DEC26-80000-C,2026-12-25,80000,call,0.02450686,0.024,0.0245,38.28,,,,,8393.0,55.7,64567.21
2026-08-14 02:47:51,deribit,BTC,BTC-25DEC26-105000-P,2026-12-25,105000,put,0.62941214,0.6245,0.6355,41.56,,,,,109.4,0.0,64567.21
2026-08-14 02:47:51,deribit,BTC,BTC-25SEP26-100000-P,2026-09-25,100000,put,0.5664093,0.5615,0.573,49.44,,,,,431.0,1.0,63850.35
2026-08-14 02:47:51,deribit,BTC,BTC-16AUG26-61000-P,2026-08-16,61000,put,0.00020478,0.0001,0.0003,26.75,,,,,31.6,17.2,63514.85
2026-08-14 02:47:51,deribit,BTC,BTC-14AUG26-62500-C,2026-08-14,62500,call,0.01551424,0.012,0.0485,27.65,,,,,0.1,0.1,63483.32
2026-08-14 02:47:51,deribit,BTC,BTC-25DEC26-200000-P,2026-12-25,200000,put,2.09771512,1.993,2.2125,60.15,,,,,0.0,0.0,64567.21
2026-08-14 02:47:51,deribit,BTC,BTC-17AUG26-58000-C,2026-08-17,58000,call,0.08711235,0.0545,0.119,42.28,,,,,0.0,0.0,63525.06
2026-08-14 02:47:51,deribit,BTC,BTC-28AUG26-64000-C,2026-08-28,64000,call,0.02038224,0.02,0.021,29.45,,,,,704.8,223.9,63618.86
2026-08-14 02:47:51,deribit,BTC,BTC-30OCT26-64000-P,2026-10-30,64000,put,0.06608415,0.0655,0.067,36.61,,,,,402.8,30.3,64122.23
2026-08-14 02:47:51,deribit,BTC,BTC-25SEP26-102000-C,2026-09-25,102000,call,0.00024665,0.0002,0.0004,51.34,,,,,98.3,0.0,63850.41
2026-08-14 02:47:51,deribit,BTC,BTC-28AUG26-71000-C,2026-08-28,71000,call,0.00090071,0.0008,0.001,30.79,,,,,1572.2,3.3,63618.86
2026-08-14 02:47:51,deribit,BTC,BTC-30OCT26-75000-C,2026-10-30,75000,call,0.01573251,0.015,0.016,35.41,,,,,114.8,4.7,64122.23
2026-08-14 02:47:51,deribit,BTC,BTC-16AUG26-63500-C,2026-08-16,63500,call,0.00634481,0.006,0.007,20.04,,,,,30.9,33.0,63514.85
2026-08-14 02:47:51,deribit,BTC,BTC-26MAR27-102000-C,2027-03-26,102000,call,0.01388689,0.013,0.0145,40.32,,,,,105.8,0.0,65215.87
2026-08-14 02:47:51,deribit,BTC,BTC-26MAR27-60000-C,2027-03-26,60000,call,0.16903579,0.1675,0.1705,41.85,,,,,718.8,0.0,65215.87
2026-08-14 02:47:51,deribit,BTC,BTC-25DEC26-170000-P,2026-12-25,170000,put,1.63320553,1.5445,1.7315,55.26,,,,,0.0,0.0,64567.21
2026-08-14 02:47:51,deribit,BTC,BTC-25DEC26-78000-P,2026-12-25,78000,put,0.23744876,0.234,0.24,38.22,,,,,234.6,0.0,64567.09
2026-08-14 02:47:51,deribit,BTC,BTC-28AUG26-71000-P,2026-08-28,71000,put,0.11692705,0.108,0.1415,30.79,,,,,11.1,0.0,63618.86
2026-08-14 02:47:51,deribit,BTC,BTC-17AUG26-60000-C,2026-08-17,60000,call,0.05573069,0.022,0.0875,30.57,,,,,0.0,0.0,63525.06
2026-08-14 02:47:51,deribit,BTC,BTC-28AUG26-63000-C,2026-08-28,63000,call,0.02869006,0.028,0.029,30.01,,,,,986.5,6.3,63618.86
2026-08-14 02:47:51,deribit,BTC,BTC-25JUN27-76000-P,2027-06-25,76000,put,0.25068629,0.248,0.253,41.21,,,,,9.2,0.0,65937.31
2026-08-14 02:47:51,deribit,BTC,BTC-15AUG26-61000-C,2026-08-15,61000,call,0.03956946,0.0125,0.0725,33.87,,,,,0.0,0.0,63503.96
2026-08-14 02:47:51,deribit,BTC,BTC-21AUG26-68000-C,2026-08-21,68000,call,0.00077422,0.0007,0.0009,28.47,,,,,2350.4,309.8,63550.23
2026-08-14 02:47:51,deribit,BTC,BTC-25SEP26-80000-C,2026-09-25,80000,call,0.00154431,0.0014,0.0016,35.2,,,,,3279.1,6.5,63850.41
2026-08-14 02:47:51,deribit,BTC,BTC-30OCT26-85000-C,2026-10-30,85000,call,0.00381442,0.0036,0.004,36.7,,,,,9.4,0.1,64122.23
2026-08-14 02:47:51,deribit,BTC,BTC-30OCT26-66000-P,2026-10-30,66000,put,0.08284428,0.082,0.0835,36.13,,,,,54.6,4.0,64122.23
2026-08-14 02:47:51,deribit,BTC,BTC-25JUN27-78000-C,2027-06-25,78000,call,0.08932161,0.088,0.0905,41.1,,,,,9.9,0.0,65937.35
2026-08-14 02:47:51,deribit,BTC,BTC-28AUG26-58000-C,2026-08-28,58000,call,0.09129008,0.0885,0.0945,35.67,,,,,155.1,0.0,63618.86
2026-08-14 02:47:51,deribit,BTC,BTC-25DEC26-72000-C,2026-12-25,72000,call,0.05046995,0.05,0.051,38.34,,,,,1184.4,28.0,64567.21
2026-08-14 02:47:51,deribit,BTC,BTC-25SEP26-78000-C,2026-09-25,78000,call,0.00220396,0.0021,0.0023,34.12,,,,,4799.4,36.0,63850.41
2026-08-14 02:47:51,deribit,BTC,BTC-25JUN27-62000-C,2027-06-25,62000,call,0.18460843,0.1835,0.1855,42.81,,,,,94.3,0.1,65937.31
2026-08-14 02:47:51,deribit,BTC,BTC-25SEP26-92000-P,2026-09-25,92000,put,0.44126132,0.4195,0.447,43.51,,,,,4.3,0.0,63850.46
2026-08-14 02:47:51,deribit,BTC,BTC-25DEC26-40000-P,2026-12-25,40000,put,0.00923847,0.009,0.0095,55.85,,,,,4387.3,14.1,64567.21
2026-08-14 02:47:51,deribit,BTC,BTC-25DEC26-135000-C,2026-12-25,135000,call,0.00084148,0.0007,0.001,48.8,,,,,1111.8,0.0,64567.21
2026-08-14 02:47:51,deribit,BTC,BTC-26MAR27-58000-C,2027-03-26,58000,call,0.1876022,0.1855,0.1895,42.41,,,,,5.2,0.0,65215.87
2026-08-14 02:47:51,deribit,BTC,BTC-26MAR27-94000-C,2027-03-26,94000,call,0.02225234,0.0215,0.023,39.9,,,,,141.2,0.0,65215.87
2026-08-14 02:47:51,deribit,BTC,BTC-28AUG26-53000-P,2026-08-28,53000,put,0.00068521,0.0006,0.0007,46.04,,,,,1422.9,416.7,63618.86
2026-08-14 02:47:51,deribit,BTC,BTC-15AUG26-66500-P,2026-08-15,66500,put,0.0472834,0.0125,0.0855,36.29,,,,,0.0,0.0,63504.07
2026-08-14 02:47:51,deribit,BTC,BTC-28AUG26-66000-P,2026-08-28,66000,put,0.04617313,0.0445,0.048,28.33,,,,,213.1,0.3,63618.86
2026-08-14 02:47:51,deribit,BTC,BTC-26MAR27-72000-C,2027-03-26,72000,call,0.08555385,0.085,0.0865,40.04,,,,,77.0,6.8,65215.87
2026-08-14 02:47:51,deribit,BTC,BTC-25DEC26-104000-P,2026-12-25,104000,put,0.61417693,0.582,0.622,41.43,,,,,0.1,0.0,64567.21
2026-08-14 02:47:51,deribit,BTC,BTC-30OCT26-76000-C,2026-10-30,76000,call,0.01356194,0.013,0.0135,35.41,,,,,137.0,1.4,64122.23
2026-08-14 02:47:51,deribit,BTC,BTC-25JUN27-50000-C,2027-06-25,50000,call,0.29886972,0.2965,0.3005,45.92,,,,,17.1,0.1,65937.31
2026-08-14 02:47:51,deribit,BTC,BTC-25DEC26-55000-C,2026-12-25,55000,call,0.1866436,0.1845,0.188,42.64,,,,,44.9,0.0,64567.21
2026-08-14 02:47:51,deribit,BTC,BTC-25SEP26-52000-C,2026-09-25,52000,call,0.19133107,0.188,0.1925,44.99,,,,,75.0,0.0,63850.35
2026-08-14 02:47:51,deribit,BTC,BTC-25JUN27-68000-P,2027-06-25,68000,put,0.17310538,0.1715,0.1745,41.95,,,,,9.5,0.0,65937.35
2026-08-14 02:47:51,deribit,BTC,BTC-25DEC26-240000-C,2026-12-25,240000,call,7.508e-05,,0.0002,64.69,,,,,804.4,0.0,64567.21
2026-08-14 02:47:51,deribit,BTC,BTC-28AUG26-69000-P,2026-08-28,69000,put,0.08650606,0.083,0.0905,28.39,,,,,49.4,0.0,63618.86
2026-08-14 02:47:51,deribit,BTC,BTC-14AUG26-55000-C,2026-08-14,55000,call,0.13363206,0.13,0.1625,70.94,,,,,0.0,0.0,63483.32
2026-08-14 02:47:51,deribit,BTC,BTC-25DEC26-85000-P,2026-12-25,85000,put,0.33186961,0.328,0.3355,38.46,,,,,548.4,0.0,64567.21
2026-08-14 02:47:51,deribit,BTC,BTC-25DEC26-84000-P,2026-12-25,84000,put,0.31782218,0.315,0.321,38.37,,,,,47.1,0.0,64567.21
2026-08-14 02:47:51,deribit,BTC,BTC-30OCT26-70000-C,2026-10-30,70000,call,0.03164748,0.0315,0.032,35.42,,,,,207.3,123.9,64122.23
2026-08-14 02:47:51,deribit,BTC,BTC-30OCT26-86000-C,2026-10-30,86000,call,0.0033927,0.0032,0.0036,37.02,,,,,10.7,2.0,64122.23
2026-08-14 02:47:51,deribit,BTC,BTC-26MAR27-66000-P,2027-03-26,66000,put,0.13377966,0.133,0.135,40.76,,,,,123.9,0.0,65215.87
2026-08-14 02:47:51,deribit,BTC,BTC-25DEC26-75000-C,2026-12-25,75000,call,0.03853802,0.038,0.039,38.19,,,,,1940.3,5.0,64567.09
2026-08-14 02:47:51,deribit,BTC,BTC-26MAR27-35000-P,2027-03-26,35000,put,0.01149202,0.011,0.012,56.43,,,,,577.3,3.8,65215.87
2026-08-14 02:47:51,deribit,BTC,BTC-25JUN27-30000-C,2027-06-25,30000,call,0.55750999,0.556,0.5585,59.35,,,,,37.8,0.4,65937.31
2026-08-14 02:47:51,deribit,BTC,BTC-30OCT26-73000-C,2026-10-30,73000,call,0.02097726,0.0205,0.0215,35.4,,,,,67.9,12.1,64122.23
2026-08-14 02:47:51,deribit,BTC,BTC-17AUG26-59000-C,2026-08-17,59000,call,0.0713704,0.038,0.1035,35.25,,,,,0.0,0.0,63525.06
2026-08-14 02:47:51,deribit,BTC,BTC-28AUG26-61000-P,2026-08-28,61000,put,0.0090014,0.0085,0.0095,31.42,,,,,1022.7,356.5,63618.86
2026-08-14 02:47:51,deribit,BTC,BTC-21AUG26-61000-P,2026-08-21,61000,put,0.00331966,0.0031,0.0035,29.06,,,,,1329.9,62.7,63550.23
2026-08-14 02:47:51,deribit,BTC,BTC-25SEP26-50000-P,2026-09-25,50000,put,0.00408883,0.0039,0.0042,47.6,,,,,3759.3,2.0,63850.41
2026-08-14 02:47:51,deribit,BTC,BTC-26MAR27-64000-P,2027-03-26,64000,put,0.1174951,0.1165,0.1185,41.05,,,,,133.1,0.0,65215.87
2026-08-14 02:47:51,deribit,BTC,BTC-28AUG26-61000-C,2026-08-28,61000,call,0.05016187,0.049,0.0525,31.42,,,,,610.7,0.0,63618.86
2026-08-14 02:47:51,deribit,BTC,BTC-26MAR27-115000-P,2027-03-26,115000,put,0.77037909,0.707,0.8305,41.47,,,,,1.8,0.0,65215.87
2026-08-14 02:47:51,deribit,BTC,BTC-26MAR27-35000-C,2027-03-26,35000,call,0.47480914,0.4735,0.476,56.43,,,,,8.0,0.9,65215.81
2026-08-14 02:47:51,deribit,BTC,BTC-25JUN27-54000-P,2027-06-25,54000,put,0.07545554,0.0745,0.0765,44.59,,,,,20.3,0.0,65937.35
2026-08-14 02:47:51,deribit,BTC,BTC-14AUG26-63000-C,2026-08-14,63000,call,0.00775367,0.007,0.0085,20.59,,,,,132.1,23.8,63483.35
2026-08-14 02:47:51,deribit,BTC,BTC-25SEP26-140000-P,2026-09-25,140000,put,1.19267013,1.119,1.2735,69.71,,,,,1.4,0.0,63850.46
2026-08-14 02:47:51,deribit,BTC,BTC-21AUG26-59000-P,2026-08-21,59000,put,0.00099715,0.0009,0.0011,32.74,,,,,359.3,36.8,63550.23
2026-08-14 02:47:51,deribit,BTC,BTC-28AUG26-70000-C,2026-08-28,70000,call,0.00137417,0.0013,0.0015,29.91,,,,,2302.4,4.4,63618.86
2026-08-14 02:47:51,deribit,BTC,BTC-17AUG26-61000-C,2026-08-17,61000,call,0.040234,0.0075,0.073,26.1,,,,,0.0,0.0,63525.06
2026-08-14 02:47:51,deribit,BTC,BTC-26MAR27-108000-P,2027-03-26,108000,put,0.66604724,0.6605,0.671,40.81,,,,,0.1,0.0,65215.87
2026-08-14 02:47:51,deribit,BTC,BTC-26MAR27-180000-C,2027-03-26,180000,call,0.00086595,0.0007,0.0012,49.41,,,,,640.5,2.0,65215.87
2026-08-14 02:47:51,deribit,BTC,BTC-26MAR27-84000-P,2027-03-26,84000,put,0.32877451,0.3255,0.332,39.53,,,,,55.1,0.0,65215.81
2026-08-14 02:47:51,deribit,BTC,BTC-28AUG26-76000-P,2026-08-28,76000,put,0.19490792,0.1825,0.2205,38.82,,,,,5.4,0.0,63618.86
2026-08-14 02:47:51,deribit,BTC,BTC-30OCT26-72000-P,2026-10-30,72000,put,0.14685447,0.1445,0.1485,35.32,,,,,5.1,0.0,64122.23
2026-08-14 02:47:51,deribit,BTC,BTC-15AUG26-65000-C,2026-08-15,65000,call,0.0004387,0.0003,0.0006,26.6,,,,,151.1,106.8,63503.96
2026-08-14 02:47:51,deribit,BTC,BTC-30OCT26-50000-P,2026-10-30,50000,put,0.01048261,0.01,0.011,45.39,,,,,99.7,2.6,64122.23
2026-08-14 02:47:51,deribit,BTC,BTC-25SEP26-120000-C,2026-09-25,120000,call,8.41e-05,,0.0001,60.47,,,,,1137.3,0.1,63850.41
2026-08-14 02:47:51,deribit,BTC,BTC-30OCT26-78000-C,2026-10-30,78000,call,0.01026002,0.01,0.0105,35.68,,,,,186.2,3.6,64122.23
2026-08-14 02:47:51,deribit,BTC,BTC-25SEP26-170000-P,2026-09-25,170000,put,1.66248286,1.5735,1.76,75.32,,,,,0.0,0.0,63850.41
2026-08-14 02:47:51,deribit,BTC,BTC-28AUG26-72000-P,2026-08-28,72000,put,0.13244133,0.1285,0.1365,32.49,,,,,86.2,0.0,63618.86
2026-08-14 02:47:51,deribit,BTC,BTC-4SEP26-65000-C,2026-09-04,65000,call,0.02053908,0.02,0.021,30.64,,,,,9.8,9.8,63679.1
2026-08-14 02:47:51,deribit,BTC,BTC-4SEP26-66000-C,2026-09-04,66000,call,0.01504106,0.0145,0.0155,30.42,,,,,16.8,30.8,63679.1
2026-08-14 02:47:51,deribit,BTC,BTC-26MAR27-88000-C,2027-03-26,88000,call,0.03177384,0.0315,0.0325,39.58,,,,,71.0,0.1,65215.81
2026-08-14 02:47:51,deribit,BTC,BTC-26MAR27-74000-P,2027-03-26,74000,put,0.21037042,0.208,0.212,39.84,,,,,54.0,0.0,65215.87
2026-08-14 02:47:51,deribit,BTC,BTC-26MAR27-170000-C,2027-03-26,170000,call,0.00113638,0.0011,0.0015,48.5,,,,,250.0,0.0,65215.87
2026-08-14 02:47:51,deribit,BTC,BTC-28AUG26-73000-P,2026-08-28,73000,put,0.14795896,0.139,0.1715,33.62,,,,,5.1,0.0,63618.86
2026-08-14 02:47:51,deribit,BTC,BTC-26MAR27-74000-C,2027-03-26,74000,call,0.07566946,0.075,0.0765,39.84,,,,,50.0,0.0,65215.87
2026-08-14 02:47:51,deribit,BTC,BTC-25DEC26-64000-P,2026-12-25,64000,put,0.09018325,0.0895,0.091,39.48,,,,,317.4,13.5,64567.21
2026-08-14 02:47:51,deribit,BTC,BTC-14AUG26-72000-C,2026-08-14,72000,call,0.0,,0.0001,47.53,,,,,1274.3,0.0,63483.32
2026-08-14 02:47:51,deribit,BTC,BTC-28AUG26-84000-C,2026-08-28,84000,call,9.27e-05,,0.0001,50.62,,,,,70.2,10.0,63618.86
2026-08-14 02:47:51,deribit,BTC,BTC-26MAR27-54000-C,2027-03-26,54000,call,0.22843647,0.2265,0.23,43.7,,,,,0.1,0.0,65215.81
2026-08-14 02:47:51,deribit,BTC,BTC-15AUG26-68000-P,2026-08-15,68000,put,0.07082266,0.035,0.11,43.11,,,,,0.0,0.0,63504.07
2026-08-14 02:47:51,deribit,BTC,BTC-17AUG26-63500-C,2026-08-17,63500,call,0.00832709,0.008,0.009,21.71,,,,,40.4,40.6,63525.06
2026-08-14 02:47:51,deribit,BTC,BTC-15AUG26-67000-C,2026-08-15,67000,call,5.403e-05,,0.0001,38.01,,,,,102.1,52.5,63504.07
2026-08-14 02:47:51,deribit,BTC,BTC-17AUG26-69000-C,2026-08-17,69000,call,0.00014448,0.0001,0.0002,38.55,,,,,0.0,0.0,63525.06
2026-08-14 02:47:51,deribit,BTC,BTC-15AUG26-63000-C,2026-08-15,63000,call,0.01023537,0.0085,0.012,23.36,,,,,104.6,30.6,63503.96
2026-08-14 02:47:51,deribit,BTC,BTC-25SEP26-115000-C,2026-09-25,115000,call,0.00015537,,0.0001,59.97,,,,,2184.2,0.2,63850.35
2026-08-14 02:47:51,deribit,BTC,BTC-28AUG26-60000-C,2026-08-28,60000,call,0.06313007,0.0605,0.0655,32.79,,,,,434.5,1.1,63618.86
2026-08-14 02:47:51,deribit,BTC,BTC-25JUN27-84000-P,2027-06-25,84000,put,0.3413924,0.3385,0.3445,40.91,,,,,0.1,0.0,65937.31
2026-08-14 02:47:51,deribit,BTC,BTC-26MAR27-120000-P,2027-03-26,120000,put,0.845546,0.7805,0.91,41.96,,,,,1.8,0.0,65215.81
2026-08-14 02:47:51,deribit,BTC,BTC-30OCT26-78000-P,2026-10-30,78000,put,0.22668797,0.2185,0.251,35.68,,,,,0.1,0.0,64122.23
2026-08-14 02:47:51,deribit,BTC,BTC-21AUG26-66000-C,2026-08-21,66000,call,0.00286094,0.0027,0.0031,25.87,,,,,868.1,90.8,63550.23
2026-08-14 02:47:51,deribit,BTC,BTC-15AUG26-58000-P,2026-08-15,58000,put,6.88e-06,,0.0001,50.31,,,,,16.7,0.0,63503.96
2026-08-14 02:47:51,deribit,BTC,BTC-26MAR27-104000-P,2027-03-26,104000,put,0.60720239,0.602,0.612,40.52,,,,,0.1,0.0,65215.87
2026-08-14 02:47:51,deribit,BTC,BTC-28AUG26-57000-P,2026-08-28,57000,put,0.00211187,0.002,0.0023,37.44,,,,,1021.7,12.8,63618.86
2026-08-14 02:47:51,deribit,BTC,BTC-26MAR27-94000-P,2027-03-26,94000,put,0.46362924,0.459,0.4675,39.9,,,,,9.1,0.0,65215.87
2026-08-14 02:47:51,deribit,BTC,BTC-4SEP26-67000-P,2026-09-04,67000,put,0.06279584,0.061,0.0655,30.13,,,,,0.0,0.0,63679.1
2026-08-14 02:47:51,deribit,BTC,BTC-25DEC26-100000-P,2026-12-25,100000,put,0.55327991,0.5485,0.5585,40.58,,,,,303.3,0.0,64567.21
2026-08-14 02:47:51,deribit,BTC,BTC-25DEC26-75000-P,2026-12-25,75000,put,0.20012049,0.198,0.202,38.19,,,,,896.2,0.0,64567.21
2026-08-14 02:47:51,deribit,BTC,BTC-28AUG26-70000-P,2026-08-28,70000,put,0.10168183,0.0985,0.103,29.91,,,,,177.4,0.2,63618.86
2026-08-14 02:47:51,deribit,BTC,BTC-28AUG26-60000-P,2026-08-28,60000,put,0.00625092,0.006,0.0065,32.79,,,,,1335.8,276.8,63618.86
2026-08-14 02:47:51,deribit,BTC,BTC-21AUG26-69000-P,2026-08-21,69000,put,0.08621271,0.079,0.108,30.32,,,,,0.0,0.0,63550.28
2026-08-14 02:47:51,deribit,BTC,BTC-25SEP26-130000-C,2026-09-25,130000,call,4.044e-05,,0.0002,63.53,,,,,1431.9,0.0,63850.41
2026-08-14 02:47:51,deribit,BTC,BTC-26MAR27-76000-C,2027-03-26,76000,call,0.06664478,0.066,0.067,39.62,,,,,411.9,7.1,65215.87
2026-08-14 02:47:51,deribit,BTC,BTC-25JUN27-92000-C,2027-06-25,92000,call,0.04652056,0.0455,0.0475,40.88,,,,,6.1,0.3,65937.31
2026-08-14 02:47:51,deribit,BTC,BTC-16AUG26-64500-P,2026-08-16,64500,put,0.01685955,0.0002,0.0535,20.02,,,,,0.2,0.0,63514.85
2026-08-14 02:47:51,deribit,BTC,BTC-30OCT26-65000-P,2026-10-30,65000,put,0.07413813,0.0735,0.075,36.35,,,,,308.0,0.5,64122.23
2026-08-14 02:47:51,deribit,BTC,BTC-30OCT26-59000-P,2026-10-30,59000,put,0.03524371,0.0345,0.036,38.58,,,,,44.7,0.3,64122.23
2026-08-14 02:47:51,deribit,BTC,BTC-17AUG26-63000-P,2026-08-17,63000,put,0.00478246,0.0044,0.005,22.16,,,,,57.5,57.5,63525.06
2026-08-14 02:47:51,deribit,BTC,BTC-25SEP26-92000-C,2026-09-25,92000,call,0.00039171,0.0003,0.0005,43.51,,,,,491.7,2.0,63850.35
2026-08-14 02:47:51,deribit,BTC,BTC-25SEP26-125000-C,2026-09-25,125000,call,5.461e-05,,0.0002,61.77,,,,,2323.8,0.0,63850.35
2026-08-14 02:47:51,deribit,BTC,BTC-30OCT26-82000-C,2026-10-30,82000,call,0.0056533,0.005,0.006,35.99,,,,,22.8,0.4,64122.23
2026-08-14 02:47:51,deribit,BTC,BTC-25DEC26-120000-P,2026-12-25,120000,put,0.85992385,0.8545,0.867,44.85,,,,,35.6,0.0,64567.21
2026-08-14 02:47:51,deribit,BTC,BTC-21AUG26-60000-P,2026-08-21,60000,put,0.0017819,0.0016,0.002,30.69,,,,,731.5,77.8,63550.23
2026-08-14 02:47:51,deribit,BTC,BTC-28AUG26-56000-C,2026-08-28,56000,call,0.12120564,0.1185,0.124,38.93,,,,,63.4,0.0,63618.86
2026-08-14 02:47:51,deribit,BTC,BTC-4SEP26-66000-P,2026-09-04,66000,put,0.05148949,0.0505,0.053,30.42,,,,,0.0,0.0,63679.1
2026-08-14 02:47:51,deribit,BTC,BTC-25JUN27-70000-P,2027-06-25,70000,put,0.19117816,0.189,0.193,41.74,,,,,9.6,0.0,65937.35
2026-08-14 02:47:51,deribit,BTC,BTC-25DEC26-220000-P,2026-12-25,220000,put,2.40739133,2.293,2.5325,61.32,,,,,0.0,0.0,64567.21
2026-08-14 02:47:51,deribit,BTC,BTC-26MAR27-65000-C,2027-03-26,65000,call,0.12878733,0.128,0.1295,40.9,,,,,364.2,0.0,65215.87
2026-08-14 02:47:51,deribit,BTC,BTC-26MAR27-130000-C,2027-03-26,130000,call,0.00379389,0.0035,0.0041,43.5,,,,,1066.3,0.0,65215.87
2026-08-14 02:47:51,deribit,BTC,BTC-15AUG26-69000-C,2026-08-15,69000,call,5.62e-06,,0.0001,45.34,,,,,16.8,6.0,63503.96
2026-08-14 02:47:51,deribit,BTC,BTC-25SEP26-175000-C,2026-09-25,175000,call,3.99e-06,,0.0001,75.32,,,,,1355.3,0.0,63850.41
2026-08-14 02:47:51,deribit,BTC,BTC-15AUG26-65000-P,2026-08-15,65000,put,0.02399691,0.013,0.061,26.6,,,,,0.0,0.0,63504.07
2026-08-14 02:47:51,deribit,BTC,BTC-28AUG26-74000-P,2026-08-28,74000,put,0.16357518,0.153,0.188,35.21,,,,,3.3,0.0,63618.86
2026-08-14 02:47:51,deribit,BTC,BTC-28AUG26-50000-C,2026-08-28,50000,call,0.21441444,0.212,0.217,53.25,,,,,51.0,0.0,63618.86
2026-08-14 02:47:51,deribit,BTC,BTC-14AUG26-65000-C,2026-08-14,65000,call,2.48e-06,,0.0001,31.74,,,,,769.6,43.4,63483.35
2026-08-14 02:47:51,deribit,BTC,BTC-26MAR27-84000-C,2027-03-26,84000,call,0.04073558,0.0405,0.0415,39.53,,,,,266.4,0.0,65215.87
2026-08-14 02:47:51,deribit,BTC,BTC-25JUN27-160000-C,2027-06-25,160000,call,0.00404301,0.0037,0.0044,45.2,,,,,514.2,0.0,65937.35
2026-08-14 02:47:51,deribit,BTC,BTC-25JUN27-170000-P,2027-06-25,170000,put,1.58132279,1.492,1.684,45.93,,,,,14.6,0.0,65937.35
2026-08-14 02:47:51,deribit,BTC,BTC-25SEP26-86000-P,2026-09-25,86000,put,0.34759641,0.329,0.353,39.29,,,,,11.6,0.0,63850.35
2026-08-14 02:47:51,deribit,BTC,BTC-21AUG26-75000-C,2026-08-21,75000,call,0.00014401,0.0001,0.0002,47.12,,,,,1521.3,6.0,63550.23
2026-08-14 02:47:51,deribit,BTC,BTC-16AUG26-61500-C,2026-08-16,61500,call,0.03210214,0.0023,0.065,24.91,,,,,0.0,0.0,63514.79
2026-08-14 02:47:51,deribit,BTC,BTC-25SEP26-68000-C,2026-09-25,68000,call,0.02094124,0.0205,0.0215,33.13,,,,,879.1,44.6,63850.35
2026-08-14 02:47:51,deribit,BTC,BTC-14AUG26-62000-C,2026-08-14,62000,call,0.02337036,0.022,0.0245,32.65,,,,,17.5,0.1,63483.32
2026-08-14 02:47:51,deribit,BTC,BTC-25SEP26-280000-C,2026-09-25,280000,call,0.0,,0.0001,81.51,,,,,91.7,0.0,63850.35
2026-08-14 02:47:51,deribit,BTC,BTC-25DEC26-230000-C,2026-12-25,230000,call,7.862e-05,,0.0002,63.04,,,,,195.9,0.0,64567.21
2026-08-14 02:47:51,deribit,BTC,BTC-15AUG26-66500-C,2026-08-15,66500,call,0.00010461,0.0001,0.0002,36.29,,,,,118.1,43.2,63504.07
2026-08-14 02:47:51,deribit,BTC,BTC-25DEC26-50000-P,2026-12-25,50000,put,0.02311909,0.023,0.0235,45.7,,,,,1932.4,1.9,64567.21
2026-08-14 02:47:51,deribit,BTC,BTC-14AUG26-66500-P,2026-08-14,66500,put,0.04751761,0.0125,0.071,40.74,,,,,0.0,0.0,63483.35
2026-08-14 02:47:51,deribit,BTC,BTC-28AUG26-65000-C,2026-08-28,65000,call,0.01355937,0.013,0.014,28.64,,,,,1429.4,16.9,63618.86
2026-08-14 02:47:51,deribit,BTC,BTC-15AUG26-65500-C,2026-08-15,65500,call,0.00029182,0.0002,0.0004,30.66,,,,,5185.2,259.3,63503.96
2026-08-14 02:47:51,deribit,BTC,BTC-15AUG26-62000-C,2026-08-15,62000,call,0.02406697,0.013,0.0565,26.56,,,,,0.0,0.0,63504.07
2026-08-14 02:47:51,deribit,BTC,BTC-28AUG26-68000-P,2026-08-28,68000,put,0.07217513,0.0695,0.0755,28.34,,,,,84.3,0.0,63618.86
2026-08-14 02:47:51,deribit,BTC,BTC-28AUG26-76000-C,2026-08-28,76000,call,0.00028818,0.0002,0.0004,38.82,,,,,1028.4,0.1,63618.86
2026-08-14 02:47:51,deribit,BTC,BTC-4SEP26-55000-P,2026-09-04,55000,put,0.00263696,0.0025,0.0028,40.44,,,,,15.0,15.0,63679.1
2026-08-14 02:47:51,deribit,BTC,BTC-25DEC26-54000-P,2026-12-25,54000,put,0.03473261,0.034,0.0355,43.15,,,,,1814.7,18.9,64567.09
2026-08-14 02:47:51,deribit,BTC,BTC-25DEC26-92000-P,2026-12-25,92000,put,0.43336474,0.4295,0.4665,39.37,,,,,4.6,0.0,64567.21
2026-08-14 02:47:51,deribit,BTC,BTC-28AUG26-40000-C,2026-08-28,40000,call,0.37126253,0.37,0.3795,69.36,,,,,23.4,0.0,63618.86
2026-08-14 02:47:51,deribit,BTC,BTC-26MAR27-78000-P,2027-03-26,78000,put,0.25499208,0.2525,0.258,39.56,,,,,183.0,0.0,65215.87
2026-08-14 02:47:51,deribit,BTC,BTC-25SEP26-54000-C,2026-09-25,54000,call,0.16223829,0.1585,0.1635,42.31,,,,,7.2,0.0,63850.35
2026-08-14 02:47:51,deribit,BTC,BTC-25DEC26-108000-C,2026-12-25,108000,call,0.00269265,0.0024,0.003,42.3,,,,,123.1,0.0,64567.21
2026-08-14 02:47:51,deribit,BTC,BTC-25DEC26-60000-P,2026-12-25,60000,put,0.06284835,0.062,0.0635,40.56,,,,,6453.5,15.9,64567.21
2026-08-14 02:47:51,deribit,BTC,BTC-21AUG26-55000-C,2026-08-21,55000,call,0.1347851,0.132,0.1595,45.47,,,,,0.0,0.0,63550.28
2026-08-14 02:47:51,deribit,BTC,BTC-25JUN27-58000-C,2027-06-25,58000,call,0.21837194,0.217,0.2195,43.58,,,,,5.1,0.0,65937.31
2026-08-14 02:47:51,deribit,BTC,BTC-25DEC26-250000-P,2026-12-25,250000,put,2.87199484,2.7415,3.0135,64.88,,,,,10.0,0.0,64567.21
2026-08-14 02:47:51,deribit,BTC,BTC-25SEP26-85000-C,2026-09-25,85000,call,0.00079672,0.0007,0.0009,38.69,,,,,1201.0,0.7,63850.35
2026-08-14 02:47:51,deribit,BTC,BTC-26MAR27-190000-P,2027-03-26,190000,put,1.91410643,1.8145,2.0245,50.38,,,,,0.9,0.0,65215.87
2026-08-14 02:47:51,deribit,BTC,BTC-25DEC26-160000-C,2026-12-25,160000,call,0.00040058,0.0003,0.0006,53.87,,,,,1224.0,0.0,64567.21
2026-08-14 02:47:51,deribit,BTC,BTC-25DEC26-88000-P,2026-12-25,88000,put,0.37452809,0.3565,0.4065,38.58,,,,,4.2,0.0,64567.21
2026-08-14 02:47:51,deribit,BTC,BTC-25SEP26-96000-P,2026-09-25,96000,put,0.50380344,0.4805,0.51,46.23,,,,,1.0,0.0,63850.35
2026-08-14 02:47:51,deribit,BTC,BTC-25DEC26-96000-P,2026-12-25,96000,put,0.49295159,0.469,0.523,39.94,,,,,11.3,0.0,64567.09
2026-08-14 02:47:51,deribit,BTC,BTC-25DEC26-90000-C,2026-12-25,90000,call,0.00975962,0.0095,0.01,38.83,,,,,3331.7,5.3,64567.21
2026-08-14 02:47:51,deribit,BTC,BTC-26MAR27-66000-C,2027-03-26,66000,call,0.12174907,0.121,0.1225,40.76,,,,,26.9,0.1,65215.87
2026-08-14 02:47:51,deribit,BTC,BTC-25JUN27-62000-P,2027-06-25,62000,put,0.1248955,0.124,0.126,42.81,,,,,69.4,0.1,65937.35
2026-08-14 02:47:51,deribit,BTC,BTC-17AUG26-59000-P,2026-08-17,59000,put,0.00014182,0.0001,0.0002,35.25,,,,,0.0,0.0,63525.06
2026-08-14 02:47:51,deribit,BTC,BTC-17AUG26-61500-P,2026-08-17,61500,put,0.00083385,0.0007,0.001,24.64,,,,,13.3,13.3,63525.06
2026-08-14 02:47:51,deribit,BTC,BTC-26MAR27-200000-P,2027-03-26,200000,put,2.06729959,1.964,2.1815,51.21,,,,,1.0,0.0,65215.87
2026-08-14 02:47:51,deribit,BTC,BTC-26MAR27-45000-C,2027-03-26,45000,call,0.3367154,0.3345,0.339,48.2,,,,,3.3,0.0,65215.87
2026-08-14 02:47:51,deribit,BTC,BTC-25SEP26-30000-P,2026-09-25,30000,put,0.00042488,0.0003,0.0004,89.18,,,,,2606.7,2.1,63850.35
2026-08-14 02:47:51,deribit,BTC,BTC-30OCT26-95000-C,2026-10-30,95000,call,0.00124562,0.0011,0.0014,39.74,,,,,31.6,0.4,64122.23
2026-08-14 02:47:51,deribit,BTC,BTC-26MAR27-160000-C,2027-03-26,160000,call,0.0014822,0.0013,0.0018,47.38,,,,,860.6,0.0,65215.87
2026-08-14 02:47:51,deribit,BTC,BTC-25SEP26-260000-C,2026-09-25,260000,call,1e-08,,0.0001,78.83,,,,,292.0,0.0,63850.41
2026-08-14 02:47:51,deribit,BTC,BTC-30OCT26-50000-C,2026-10-30,50000,call,0.2307211,0.2285,0.2375,45.39,,,,,0.1,0.0,64122.23
2026-08-14 02:47:51,deribit,BTC,BTC-21AUG26-55000-P,2026-08-21,55000,put,0.00024468,0.0002,0.0003,45.47,,,,,120.4,1.3,63550.28
2026-08-14 02:47:51,deribit,BTC,BTC-25DEC26-66000-P,2026-12-25,66000,put,0.1065252,0.1055,0.1075,39.08,,,,,365.4,9.3,64567.21
2026-08-14 02:47:51,deribit,BTC,BTC-25SEP26-82000-C,2026-09-25,82000,call,0.00115456,0.0011,0.0012,36.55,,,,,2571.7,404.0,63850.35
2026-08-14 02:47:51,deribit,BTC,BTC-14AUG26-66000-P,2026-08-14,66000,put,0.03964154,0.0385,0.041,35.66,,,,,14.3,1.4,63483.32
2026-08-14 02:47:51,deribit,BTC,BTC-15AUG26-66000-P,2026-08-15,66000,put,0.03948914,0.0125,0.0775,33.91,,,,,0.0,0.0,63504.07
2026-08-14 02:47:51,deribit,BTC,BTC-26MAR27-92000-P,2027-03-26,92000,put,0.43567286,0.4315,0.4395,39.75,,,,,0.6,0.0,65215.87
2026-08-14 02:47:51,deribit,BTC,BTC-25DEC26-190000-P,2026-12-25,190000,put,1.9428727,1.8435,2.052,58.72,,,,,0.0,0.0,64567.21
2026-08-14 02:47:51,deribit,BTC,BTC-25DEC26-35000-C,2026-12-25,35000,call,0.46340982,0.4615,0.465,61.24,,,,,77.8,0.0,64567.21
2026-08-14 02:47:51,deribit,BTC,BTC-25DEC26-160000-P,2026-12-25,160000,put,1.47843858,1.395,1.5715,53.87,,,,,0.0,0.0,64567.21
2026-08-14 02:47:51,deribit,BTC,BTC-25DEC26-120000-C,2026-12-25,120000,call,0.0013919,0.0012,0.0016,44.85,,,,,6032.1,0.0,64567.21
2026-08-14 02:47:51,deribit,BTC,BTC-16AUG26-60000-P,2026-08-16,60000,put,0.00010008,,0.0002,32.29,,,,,39.9,3.3,63514.85
2026-08-14 02:47:51,deribit,BTC,BTC-26MAR27-72000-P,2027-03-26,72000,put,0.18958722,0.1875,0.191,40.04,,,,,139.1,0.0,65215.81
2026-08-14 02:47:51,deribit,BTC,BTC-21AUG26-65000-C,2026-08-21,65000,call,0.00600185,0.0055,0.0065,25.87,,,,,347.0,22.0,63550.23
2026-08-14 02:47:51,deribit,BTC,BTC-21AUG26-68000-P,2026-08-21,68000,put,0.07079699,0.065,0.075,28.47,,,,,0.5,0.0,63550.23
2026-08-14 02:47:51,deribit,BTC,BTC-25DEC26-150000-C,2026-12-25,150000,call,0.00053521,0.0004,0.0007,52.05,,,,,1628.9,0.1,64567.21
2026-08-14 02:47:51,deribit,BTC,BTC-30OCT26-58000-P,2026-10-30,58000,put,0.0307779,0.03,0.0315,39.08,,,,,48.1,13.6,64122.23
2026-08-14 02:47:51,deribit,BTC,BTC-26MAR27-58000-P,2027-03-26,58000,put,0.07696241,0.076,0.078,42.41,,,,,109.6,0.1,65215.87
2026-08-14 02:47:51,deribit,BTC,BTC-28AUG26-54000-P,2026-08-28,54000,put,0.00089221,0.0008,0.001,43.83,,,,,1669.2,3.9,63618.86
2026-08-14 02:47:51,deribit,BTC,BTC-28AUG26-81000-C,2026-08-28,81000,call,0.00014402,0.0001,0.0002,46.76,,,,,1451.1,0.0,63618.86
2026-08-14 02:47:51,deribit,BTC,BTC-4SEP26-67000-C,2026-09-04,67000,call,0.01064456,0.0105,0.011,30.13,,,,,18.2,19.7,63679.1
2026-08-14 02:47:51,deribit,BTC,BTC-28AUG26-95000-C,2026-08-28,95000,call,1.162e-05,,0.0001,59.46,,,,,62.7,0.0,63618.86
2026-08-14 02:47:51,deribit,BTC,BTC-15AUG26-60000-P,2026-08-15,60000,put,5.524e-05,,0.0001,40.36,,,,,44.5,22.6,63504.07
2026-08-14 02:47:51,deribit,BTC,BTC-25JUN27-100000-C,2027-06-25,100000,call,0.03226471,0.0315,0.033,41.0,,,,,114.9,0.8,65937.31
2026-08-14 02:47:51,deribit,BTC,BTC-25SEP26-88000-C,2026-09-25,88000,call,0.00054792,0.0005,0.0007,40.55,,,,,658.2,0.0,63850.41
2026-08-14 02:47:51,deribit,BTC,BTC-25DEC26-66000-C,2026-12-25,66000,call,0.08433262,0.0835,0.085,39.08,,,,,276.5,30.9,64567.21
2026-08-14 02:47:51,deribit,BTC,BTC-25DEC26-102000-C,2026-12-25,102000,call,0.00391013,0.0037,0.0042,40.96,,,,,215.7,0.0,64567.21
2026-08-14 02:47:51,deribit,BTC,BTC-28AUG26-69000-C,2026-08-28,69000,call,0.00191708,0.0019,0.002,28.39,,,,,1047.2,90.5,63618.86
2026-08-14 02:47:51,deribit,BTC,BTC-26MAR27-104000-C,2027-03-26,104000,call,0.01248752,0.012,0.013,40.52,,,,,101.4,0.0,65215.87
2026-08-14 02:47:51,deribit,BTC,BTC-28AUG26-95000-P,2026-08-28,95000,put,0.4932863,0.4705,0.499,59.46,,,,,0.3,0.0,63618.91
2026-08-14 02:47:51,deribit,BTC,BTC-30OCT26-84000-C,2026-10-30,84000,call,0.00434768,0.0041,0.0046,36.47,,,,,32.2,1.0,64122.23
2026-08-14 02:47:51,deribit,BTC,BTC-25DEC26-170000-C,2026-12-25,170000,call,0.00029015,0.0002,0.0005,55.26,,,,,2379.5,0.0,64567.09
2026-08-14 02:47:51,deribit,BTC,BTC-25SEP26-65000-C,2026-09-25,65000,call,0.03787961,0.037,0.0385,33.86,,,,,1335.6,67.5,63850.41
2026-08-14 02:47:51,deribit,BTC,BTC-14AUG26-55000-P,2026-08-14,55000,put,0.0,,0.0001,70.94,,,,,512.8,0.0,63483.32
2026-08-14 02:47:51,deribit,BTC,BTC-30OCT26-85000-P,2026-10-30,85000,put,0.32940898,0.308,0.3345,36.7,,,,,0.0,0.0,64122.23
2026-08-14 02:47:51,deribit,BTC,BTC-26MAR27-130000-P,2027-03-26,130000,put,0.99718747,0.927,1.0795,43.5,,,,,0.3,0.0,65215.87
2026-08-14 02:47:51,deribit,BTC,BTC-21AUG26-72000-P,2026-08-21,72000,put,0.13331358,0.1245,0.1375,41.3,,,,,0.0,0.0,63550.28
2026-08-14 02:47:51,deribit,BTC,BTC-14AUG26-66500-C,2026-08-14,66500,call,0.0,,0.0001,40.74,,,,,115.6,0.6,63483.35
2026-08-14 02:47:51,deribit,BTC,BTC-26MAR27-80000-P,2027-03-26,80000,put,0.27892314,0.276,0.281,39.56,,,,,139.2,0.0,65215.87
2026-08-14 02:47:51,deribit,BTC,BTC-16AUG26-58000-P,2026-08-16,58000,put,1.973e-05,,0.0001,40.92,,,,,2.9,0.9,63514.85
2026-08-14 02:47:51,deribit,BTC,BTC-14AUG26-61000-C,2026-08-14,61000,call,0.03911921,0.038,0.0405,38.46,,,,,11.4,10.1,63483.32
2026-08-14 02:47:51,deribit,BTC,BTC-21AUG26-69000-C,2026-08-21,69000,call,0.00045432,0.0004,0.0005,30.32,,,,,660.3,119.9,63550.28
2026-08-14 02:47:51,deribit,BTC,BTC-4SEP26-63000-P,2026-09-04,63000,put,0.02501361,0.0245,0.0255,31.41,,,,,32.2,48.2,63679.1
2026-08-14 02:47:51,deribit,BTC,BTC-28AUG26-62000-C,2026-08-28,62000,call,0.03867087,0.038,0.0395,30.65,,,,,900.9,1.2,63618.86
2026-08-14 02:47:51,deribit,BTC,BTC-21AUG26-53000-C,2026-08-21,53000,call,0.16615438,0.1635,0.1875,52.07,,,,,0.0,0.0,63550.28
2026-08-14 02:47:51,deribit,BTC,BTC-30OCT26-52000-C,2026-10-30,52000,call,0.20262576,0.2005,0.2045,43.41,,,,,0.1,0.0,64122.23
2026-08-14 02:47:51,deribit,BTC,BTC-25SEP26-300000-C,2026-09-25,300000,call,0.0,,0.0001,84.97,,,,,192.1,0.0,63850.35
2026-08-14 02:47:51,deribit,BTC,BTC-26MAR27-40000-C,2027-03-26,40000,call,0.40438049,0.4025,0.406,52.04,,,,,81.3,0.0,65215.87
2026-08-14 02:47:51,deribit,BTC,BTC-16AUG26-69000-C,2026-08-16,69000,call,7.478e-05,,0.0002,42.9,,,,,9.0,8.0,63514.85
2026-08-14 02:47:51,deribit,BTC,BTC-25JUN27-64000-C,2027-06-25,64000,call,0.16931584,0.168,0.1705,42.48,,,,,19.8,0.2,65937.35
2026-08-14 02:47:51,deribit,BTC,BTC-25SEP26-135000-C,2026-09-25,135000,call,4.225e-05,,0.0002,66.77,,,,,271.9,0.0,63850.41
2026-08-14 02:47:51,deribit,BTC,BTC-25SEP26-72000-P,2026-09-25,72000,put,0.13620306,0.1335,0.1405,32.88,,,,,264.7,20.0,63850.35
2026-08-14 02:47:51,deribit,BTC,BTC-26MAR27-85000-P,2027-03-26,85000,put,0.34164539,0.338,0.3815,39.54,,,,,0.9,0.0,65215.87
2026-08-14 02:47:51,deribit,BTC,BTC-28AUG26-55000-C,2026-08-28,55000,call,0.13662742,0.134,0.14,41.53,,,,,11.8,0.0,63618.86
2026-08-14 02:47:51,deribit,BTC,BTC-25SEP26-62000-P,2026-09-25,62000,put,0.03390291,0.0335,0.0345,35.16,,,,,1193.6,54.5,63850.41
2026-08-14 02:47:51,deribit,BTC,BTC-17AUG26-66000-P,2026-08-17,66000,put,0.03950505,0.0075,0.0775,25.25,,,,,0.4,0.4,63525.09
2026-08-14 02:47:51,deribit,BTC,BTC-26MAR27-55000-C,2027-03-26,55000,call,0.21762341,0.2155,0.2195,43.29,,,,,28.6,0.0,65215.87
2026-08-14 02:47:51,deribit,BTC,BTC-26MAR27-62000-C,2027-03-26,62000,call,0.15193828,0.1505,0.153,41.42,,,,,41.9,0.0,65215.87
2026-08-14 02:47:51,deribit,BTC,BTC-30OCT26-75000-P,2026-10-30,75000,put,0.18537478,0.1825,0.209,35.41,,,,,6.1,0.0,64122.23
2026-08-14 02:47:51,deribit,BTC,BTC-28AUG26-110000-C,2026-08-28,110000,call,4.5e-07,,0.0001,65.75,,,,,117.3,0.0,63618.86
2026-08-14 02:47:51,deribit,BTC,BTC-16AUG26-64000-P,2026-08-16,64000,put,0.01071041,0.01,0.0115,19.7,,,,,0.1,0.0,63514.85
2026-08-14 02:47:51,deribit,BTC,BTC-25JUN27-150000-P,2027-06-25,150000,put,1.28031829,1.2005,1.3765,44.56,,,,,0.0,0.0,65937.31
2026-08-14 02:47:51,deribit,BTC,BTC-25SEP26-120000-P,2026-09-25,120000,put,0.87947925,0.8725,0.888,60.47,,,,,174.5,0.0,63850.41
2026-08-14 02:47:51,deribit,BTC,BTC-25JUN27-52000-C,2027-06-25,52000,call,0.27719405,0.275,0.279,45.22,,,,,1.1,0.0,65937.35
2026-08-14 02:47:51,deribit,BTC,BTC-28AUG26-94000-C,2026-08-28,94000,call,1.637e-05,,0.0001,59.46,,,,,218.8,0.0,63618.86
2026-08-14 02:47:51,deribit,BTC,BTC-15AUG26-63500-C,2026-08-15,63500,call,0.00529883,0.0049,0.006,22.87,,,,,167.0,106.6,63503.96
2026-08-14 02:47:51,deribit,BTC,BTC-21AUG26-62000-P,2026-08-21,62000,put,0.00619028,0.006,0.0065,27.82,,,,,230.7,55.4,63550.23
2026-08-14 02:47:51,deribit,BTC,BTC-4SEP26-58000-P,2026-09-04,58000,put,0.0057262,0.0055,0.006,35.56,,,,,7.7,7.7,63679.1
2026-08-14 02:47:51,deribit,BTC,BTC-25SEP26-50000-C,2026-09-25,50000,call,0.22100752,0.218,0.2225,47.6,,,,,30.5,0.0,63850.41
2026-08-14 02:47:51,deribit,BTC,BTC-28AUG26-96000-C,2026-08-28,96000,call,8.21e-06,,0.0001,59.46,,,,,25.3,0.0,63618.86
2026-08-14 02:47:51,deribit,BTC,BTC-17AUG26-64000-C,2026-08-17,64000,call,0.00500131,0.0045,0.0055,21.83,,,,,31.3,38.2,63525.06
2026-08-14 02:47:51,deribit,BTC,BTC-25SEP26-96000-C,2026-09-25,96000,call,0.00028733,0.0002,0.0004,46.23,,,,,306.4,3.2,63850.35
2026-08-14 02:47:51,deribit,BTC,BTC-26MAR27-112000-C,2027-03-26,112000,call,0.00823422,0.0075,0.009,41.29,,,,,62.7,0.1,65215.87
2026-08-14 02:47:51,deribit,BTC,BTC-30OCT26-84000-P,2026-10-30,84000,put,0.31434702,0.2995,0.338,36.47,,,,,0.3,0.0,64122.17
2026-08-14 02:47:51,deribit,BTC,BTC-26MAR27-82000-C,2027-03-26,82000,call,0.04602495,0.0455,0.0465,39.5,,,,,707.4,2.6,65215.87
2026-08-14 02:47:51,deribit,BTC,BTC-30OCT26-67000-C,2026-10-30,67000,call,0.04726464,0.0465,0.048,35.94,,,,,67.8,15.0,64122.23
2026-08-14 02:47:51,deribit,BTC,BTC-25SEP26-55000-C,2026-09-25,55000,call,0.14807957,0.145,0.1495,41.09,,,,,143.7,0.0,63850.35
2026-08-14 02:47:51,deribit,BTC,BTC-16AUG26-71000-C,2026-08-16,71000,call,4.3e-06,,0.0001,43.15,,,,,2.0,0.0,63514.85
2026-08-14 02:47:51,deribit,BTC,BTC-15AUG26-63500-P,2026-08-15,63500,put,0.00523648,0.0049,0.0055,22.87,,,,,59.9,30.3,63503.96
2026-08-14 02:47:51,deribit,BTC,BTC-15AUG26-61500-C,2026-08-15,61500,call,0.03179535,0.0125,0.064,30.6,,,,,0.0,0.0,63504.07
2026-08-14 02:47:51,deribit,BTC,BTC-21AUG26-58000-P,2026-08-21,58000,put,0.00059039,0.0005,0.0007,35.1,,,,,540.2,66.1,63550.23
2026-08-14 02:47:51,deribit,BTC,BTC-25JUN27-88000-C,2027-06-25,88000,call,0.05592211,0.055,0.057,40.85,,,,,5.9,0.0,65937.31
2026-08-14 02:47:51,deribit,BTC,BTC-25DEC26-74000-P,2026-12-25,74000,put,0.18822261,0.186,0.19,38.19,,,,,106.0,0.0,64567.09
2026-08-14 02:47:51,deribit,BTC,BTC-25JUN27-45000-C,2027-06-25,45000,call,0.35725775,0.355,0.359,48.13,,,,,0.5,0.0,65937.31
2026-08-14 02:47:51,deribit,BTC,BTC-25SEP26-74000-C,2026-09-25,74000,call,0.00537847,0.005,0.006,33.08,,,,,1197.7,11.0,63850.41
2026-08-14 02:47:51,deribit,BTC,BTC-25JUN27-54000-C,2027-06-25,54000,call,0.25649583,0.255,0.2575,44.59,,,,,0.9,0.0,65937.31
2026-08-14 02:47:51,deribit,BTC,BTC-14AUG26-75000-C,2026-08-14,75000,call,0.0,,0.0001,47.53,,,,,630.2,0.0,63483.35
2026-08-14 02:47:51,deribit,BTC,BTC-17AUG26-65500-P,2026-08-17,65500,put,0.03197321,0.028,0.0375,23.75,,,,,0.0,0.0,63525.06
2026-08-14 02:47:51,deribit,BTC,BTC-25DEC26-84000-C,2026-12-25,84000,call,0.01684981,0.0165,0.017,38.37,,,,,777.7,1.2,64567.21
2026-08-14 02:47:51,deribit,BTC,BTC-30OCT26-65000-C,2026-10-30,65000,call,0.06044817,0.06,0.061,36.35,,,,,422.8,165.3,64122.23
2026-08-14 02:47:51,deribit,BTC,BTC-28AUG26-85000-C,2026-08-28,85000,call,6.613e-05,,0.0001,50.89,,,,,326.5,30.0,63618.86
2026-08-14 02:47:51,deribit,BTC,BTC-25SEP26-76000-P,2026-09-25,76000,put,0.19378561,0.19,0.198,33.71,,,,,599.6,0.0,63850.35
2026-08-14 02:47:51,deribit,BTC,BTC-28AUG26-98000-C,2026-08-28,98000,call,4.06e-06,,0.0001,59.46,,,,,160.6,0.0,63618.86
2026-08-14 02:47:51,deribit,BTC,BTC-16AUG26-62500-P,2026-08-16,62500,put,0.00145218,0.0012,0.0016,21.3,,,,,41.3,40.2,63514.79
2026-08-14 02:47:51,deribit,BTC,BTC-25SEP26-54000-P,2026-09-25,54000,put,0.0079661,0.0075,0.0085,42.31,,,,,619.8,1.5,63850.41
2026-08-14 02:47:51,deribit,BTC,BTC-17AUG26-62000-C,2026-08-17,62000,call,0.02546658,0.022,0.029,23.36,,,,,0.0,0.0,63525.06
2026-08-14 02:47:51,deribit,BTC,BTC-28AUG26-100000-C,2026-08-28,100000,call,2.16e-06,,0.0001,59.75,,,,,179.6,1.0,63618.86
2026-08-14 02:47:51,deribit,BTC,BTC-25DEC26-76000-C,2026-12-25,76000,call,0.03508202,0.0345,0.0355,38.12,,,,,399.0,12.3,64567.21
2026-08-14 02:47:51,deribit,BTC,BTC-4SEP26-60000-C,2026-09-04,60000,call,0.06824427,0.0665,0.071,33.44,,,,,0.0,0.0,63679.1
2026-08-14 02:47:51,deribit,BTC,BTC-25JUN27-86000-P,2027-06-25,86000,put,0.36559431,0.3625,0.369,40.84,,,,,0.1,0.0,65937.35
2026-08-14 02:47:51,deribit,BTC,BTC-14AUG26-72000-P,2026-08-14,72000,put,0.1341544,0.096,0.1565,47.53,,,,,0.0,0.0,63483.35
2026-08-14 02:47:51,deribit,BTC,BTC-16AUG26-68000-P,2026-08-16,68000,put,0.07073034,0.035,0.1095,37.91,,,,,0.0,0.0,63514.85
2026-08-14 02:47:51,deribit,BTC,BTC-28AUG26-82000-C,2026-08-28,82000,call,0.00015352,,0.0002,49.18,,,,,1506.8,9.0,63618.86
2026-08-14 02:47:51,deribit,BTC,BTC-25JUN27-92000-P,2027-06-25,92000,put,0.44178525,0.438,0.4635,40.88,,,,,0.1,0.0,65937.35
2026-08-14 02:47:51,deribit,BTC,BTC-25DEC26-104000-C,2026-12-25,104000,call,0.00344924,0.0032,0.0037,41.43,,,,,87.7,0.0,64567.21
2026-08-14 02:47:51,deribit,BTC,BTC-25SEP26-66000-C,2026-09-25,66000,call,0.03133488,0.0305,0.032,33.53,,,,,1179.4,126.9,63850.41
2026-08-14 02:47:51,deribit,BTC,BTC-25SEP26-155000-P,2026-09-25,155000,put,1.42757789,1.3465,1.5165,75.11,,,,,0.1,0.0,63850.41
2026-08-14 02:47:51,deribit,BTC,BTC-15AUG26-59000-C,2026-08-15,59000,call,0.07097351,0.037,0.103,50.17,,,,,0.0,0.0,63503.96
2026-08-14 02:47:51,deribit,BTC,BTC-25SEP26-105000-C,2026-09-25,105000,call,0.00018004,0.0001,0.0003,52.44,,,,,1217.2,12.0,63850.41
2026-08-14 02:47:51,deribit,BTC,BTC-25DEC26-88000-C,2026-12-25,88000,call,0.01160466,0.0115,0.012,38.58,,,,,2709.2,8.8,64567.21
2026-08-14 02:47:51,deribit,BTC,BTC-30OCT26-72000-C,2026-10-30,72000,call,0.0239979,0.0235,0.0245,35.32,,,,,213.1,0.0,64122.23
2026-08-14 02:47:51,deribit,BTC,BTC-16AUG26-65000-P,2026-08-16,65000,put,0.02401463,0.0004,0.061,21.31,,,,,0.0,0.0,63514.85
2026-08-14 02:47:51,deribit,BTC,BTC-14AUG26-68000-P,2026-08-14,68000,put,0.07114582,0.07,0.0725,47.06,,,,,7.1,0.0,63483.32
2026-08-14 02:47:51,deribit,BTC,BTC-25JUN27-56000-P,2027-06-25,56000,put,0.08622096,0.085,0.087,44.06,,,,,42.0,0.0,65937.35
2026-08-14 02:47:51,deribit,BTC,BTC-26MAR27-105000-P,2027-03-26,105000,put,0.62179082,0.6165,0.6265,40.54,,,,,0.4,0.0,65215.87
2026-08-14 02:47:51,deribit,BTC,BTC-28AUG26-80000-P,2026-08-28,80000,put,0.25763854,0.2535,0.2625,44.64,,,,,29.6,0.1,63618.86
2026-08-14 02:47:51,deribit,BTC,BTC-17AUG26-62000-P,2026-08-17,62000,put,0.00146367,0.0013,0.0016,23.36,,,,,9.0,9.8,63525.06
2026-08-14 02:47:51,deribit,BTC,BTC-30OCT26-63000-C,2026-10-30,63000,call,0.07623664,0.0755,0.077,36.95,,,,,123.3,0.2,64122.17
2026-08-14 02:47:51,deribit,BTC,BTC-30OCT26-90000-P,2026-10-30,90000,put,0.40566792,0.3825,0.411,38.12,,,,,0.1,0.0,64122.23
2026-08-14 02:47:51,deribit,BTC,BTC-14AUG26-59000-C,2026-08-14,59000,call,0.07062348,0.0675,0.1015,58.05,,,,,0.4,0.0,63483.32
2026-08-14 02:47:51,deribit,BTC,BTC-25JUN27-105000-P,2027-06-25,105000,put,0.61842727,0.6145,0.646,41.23,,,,,0.1,0.0,65937.35
2026-08-14 02:47:51,deribit,BTC,BTC-28AUG26-52000-P,2026-08-28,52000,put,0.00055231,0.0005,0.0006,48.55,,,,,1362.8,30.3,63618.86
2026-08-14 02:47:51,deribit,BTC,BTC-30OCT26-73000-P,2026-10-30,73000,put,0.15942906,0.147,0.1825,35.4,,,,,0.0,0.0,64122.23
2026-08-14 02:47:51,deribit,BTC,BTC-25SEP26-82000-P,2026-09-25,82000,put,0.2854079,0.2815,0.291,36.55,,,,,194.1,0.0,63850.41
2026-08-14 02:47:51,deribit,BTC,BTC-26MAR27-112000-P,2027-03-26,112000,put,0.72561946,0.72,0.7305,41.29,,,,,0.1,0.0,65215.87
2026-08-14 02:47:51,deribit,BTC,BTC-25DEC26-58000-C,2026-12-25,58000,call,0.15352546,0.152,0.155,41.26,,,,,41.8,0.0,64567.21
2026-08-14 02:47:51,deribit,BTC,BTC-14AUG26-60000-P,2026-08-14,60000,put,0.0,,0.0001,49.98,,,,,2754.3,25.5,63483.32
2026-08-14 02:47:51,deribit,BTC,BTC-28AUG26-65000-P,2026-08-28,65000,put,0.03527362,0.0345,0.036,28.64,,,,,911.7,1.2,63618.86
2026-08-14 02:47:51,deribit,BTC,BTC-30OCT26-56000-P,2026-10-30,56000,put,0.02347228,0.023,0.024,40.33,,,,,39.3,8.4,64122.23
2026-08-14 02:47:51,deribit,BTC,BTC-21AUG26-62000-C,2026-08-21,62000,call,0.03058129,0.0285,0.0325,27.82,,,,,41.4,0.5,63550.23
2026-08-14 02:47:51,deribit,BTC,BTC-4SEP26-62000-P,2026-09-04,62000,put,0.01894525,0.0185,0.0195,31.96,,,,,16.8,24.8,63679.1
2026-08-14 02:47:51,deribit,BTC,BTC-25SEP26-66000-P,2026-09-25,66000,put,0.0650022,0.0635,0.0665,33.53,,,,,868.2,2.0,63850.41
2026-08-14 02:47:51,deribit,BTC,BTC-25JUN27-90000-C,2027-06-25,90000,call,0.05102242,0.05,0.052,40.87,,,,,93.2,1.0,65937.35
2026-08-14 02:47:51,deribit,BTC,BTC-25DEC26-85000-C,2026-12-25,85000,call,0.01540948,0.015,0.0155,38.46,,,,,2291.1,0.1,64567.09
2026-08-14 02:47:51,deribit,BTC,BTC-25DEC26-98000-P,2026-12-25,98000,put,0.52324376,0.494,0.5285,40.55,,,,,1.2,0.0,64567.21
2026-08-14 02:47:51,deribit,BTC,BTC-26MAR27-78000-C,2027-03-26,78000,call,0.05895593,0.0585,0.0595,39.56,,,,,455.8,4.6,65215.87
2026-08-14 02:47:51,deribit,BTC,BTC-28AUG26-90000-P,2026-08-28,90000,put,0.41470593,0.395,0.4205,55.07,,,,,11.1,0.0,63618.86
2026-08-14 02:47:51,deribit,BTC,BTC-28AUG26-85000-P,2026-08-28,85000,put,0.336154,0.322,0.3415,50.89,,,,,0.8,0.0,63618.86
2026-08-14 02:47:51,deribit,BTC,BTC-25SEP26-200000-P,2026-09-25,200000,put,2.13232563,2.0275,2.2465,75.38,,,,,0.1,0.0,63850.41
2026-08-14 02:47:51,deribit,BTC,BTC-28AUG26-68000-C,2026-08-28,68000,call,0.00330483,0.0031,0.0034,28.34,,,,,1388.1,117.7,63618.86
2026-08-14 02:47:51,deribit,BTC,BTC-28AUG26-52000-C,2026-08-28,52000,call,0.1831809,0.1805,0.186,48.55,,,,,51.0,0.0,63618.86
2026-08-14 02:47:51,deribit,BTC,BTC-15AUG26-58000-C,2026-08-15,58000,call,0.08667801,0.0535,0.118,50.31,,,,,0.0,0.0,63504.07
2026-08-14 02:47:51,deribit,BTC,BTC-25DEC26-78000-C,2026-12-25,78000,call,0.02940299,0.029,0.0295,38.22,,,,,565.2,1.4,64567.21
2026-08-14 02:47:51,deribit,BTC,BTC-25SEP26-85000-P,2026-09-25,85000,put,0.33203494,0.328,0.3375,38.69,,,,,453.0,0.0,63850.41
2026-08-14 02:47:51,deribit,BTC,BTC-28AUG26-54000-C,2026-08-28,54000,call,0.15208344,0.1495,0.1545,43.83,,,,,12.2,0.0,63618.86
2026-08-14 02:47:51,deribit,BTC,BTC-21AUG26-70000-C,2026-08-21,70000,call,0.00034883,0.0003,0.0004,33.28,,,,,1505.2,140.9,63550.23
2026-08-14 02:47:51,deribit,BTC,BTC-25DEC26-95000-P,2026-12-25,95000,put,0.47783485,0.4735,0.4825,39.61,,,,,85.9,0.0,64567.21
2026-08-14 02:47:51,deribit,BTC,BTC-16AUG26-57000-C,2026-08-16,57000,call,0.10258837,0.0705,0.133,48.31,,,,,0.0,0.0,63514.85
2026-08-14 02:47:51,deribit,ETH,ETH-14AUG26-1700-C,2026-08-14,1700,call,0.099247,0.0615,0.1335,67.22,,,,,5.0,0.0,1887.31
2026-08-14 02:47:51,deribit,ETH,ETH-30OCT26-1850-P,2026-10-30,1850,put,0.079896,0.079,0.081,50.72,,,,,1015.0,470.0,1896.79
2026-08-14 02:47:51,deribit,ETH,ETH-28AUG26-1750-P,2026-08-28,1750,put,0.009378,0.009,0.01,45.34,,,,,23025.0,414.0,1889.18
2026-08-14 02:47:51,deribit,ETH,ETH-25DEC26-4200-C,2026-12-25,4200,call,0.002645,0.0023,0.0028,59.69,,,,,4356.0,3.0,1905.52
2026-08-14 02:47:51,deribit,ETH,ETH-25SEP26-8500-C,2026-09-25,8500,call,1e-06,,0.0002,99.33,,,,,1253.0,0.0,1891.79
2026-08-14 02:47:51,deribit,ETH,ETH-26MAR27-5000-P,2027-03-26,5000,put,1.604526,1.5005,1.73,61.08,,,,,0.0,0.0,1924.53
2026-08-14 02:47:51,deribit,ETH,ETH-25SEP26-4500-P,2026-09-25,4500,put,1.378883,1.2875,1.48,85.54,,,,,6.0,0.0,1891.79
2026-08-14 02:47:51,deribit,ETH,ETH-16AUG26-2100-P,2026-08-16,2100,put,0.112491,0.0705,0.159,47.07,,,,,0.0,0.0,1887.69
2026-08-14 02:47:51,deribit,ETH,ETH-14AUG26-1700-P,2026-08-14,1700,put,0.0,,0.0001,67.22,,,,,5846.0,0.0,1887.31
2026-08-14 02:47:51,deribit,ETH,ETH-30OCT26-3200-C,2026-10-30,3200,call,0.002705,0.0024,0.003,56.34,,,,,1267.0,2.0,1896.79
2026-08-14 02:47:51,deribit,ETH,ETH-14AUG26-2100-C,2026-08-14,2100,call,0.0,,0.0001,64.34,,,,,3079.0,1.0,1887.3
2026-08-14 02:47:51,deribit,ETH,ETH-28AUG26-1400-P,2026-08-28,1400,put,0.00058,0.0005,0.0006,69.15,,,,,7232.0,1.0,1889.18
2026-08-14 02:47:51,deribit,ETH,ETH-21AUG26-2100-C,2026-08-21,2100,call,0.000917,0.0008,0.001,42.24,,,,,4744.0,2.0,1888.19
2026-08-14 02:47:51,deribit,ETH,ETH-26MAR27-800-C,2027-03-26,800,call,0.594026,0.592,0.5955,73.02,,,,,0.0,0.0,1924.53
2026-08-14 02:47:51,deribit,ETH,ETH-26MAR27-4400-C,2027-03-26,4400,call,0.010019,0.0095,0.0105,58.94,,,,,1082.0,0.0,1924.53
2026-08-14 02:47:51,deribit,ETH,ETH-25DEC26-3000-P,2026-12-25,3000,put,0.589927,0.5785,0.6015,54.34,,,,,781.0,0.0,1905.52
2026-08-14 02:47:51,deribit,ETH,ETH-17AUG26-1700-P,2026-08-17,1700,put,0.000238,0.0002,0.0003,51.29,,,,,250.0,250.0,1887.88
2026-08-14 02:47:51,deribit,ETH,ETH-25SEP26-2500-P,2026-09-25,2500,put,0.325781,0.318,0.333,50.38,,,,,3042.0,0.0,1891.79
2026-08-14 02:47:51,deribit,ETH,ETH-25SEP26-13000-C,2026-09-25,13000,call,0.0,,0.0003,119.8,,,,,1873.0,0.0,1891.79
2026-08-14 02:47:51,deribit,ETH,ETH-25SEP26-7200-P,2026-09-25,7200,put,2.805925,2.6595,2.9645,99.33,,,,,0.0,0.0,1891.79
2026-08-14 02:47:51,deribit,ETH,ETH-25JUN27-1900-P,2027-06-25,1900,put,0.19556,0.194,0.1975,57.01,,,,,3092.0,2.0,1943.52
2026-08-14 02:47:51,deribit,ETH,ETH-25DEC26-4500-C,2026-12-25,4500,call,0.001847,0.0015,0.0023,60.93,,,,,2934.0,10.0,1905.52
2026-08-14 02:47:51,deribit,ETH,ETH-30OCT26-1000-P,2026-10-30,1000,put,0.002868,0.0027,0.0029,74.13,,,,,1606.0,6.0,1896.79
2026-08-14 02:47:51,deribit,ETH,ETH-25JUN27-1400-C,2027-06-25,1400,call,0.358277,0.356,0.36,59.58,,,,,50.0,0.0,1943.52
2026-08-14 02:47:51,deribit,ETH,ETH-26MAR27-2300-C,2027-03-26,2300,call,0.10443,0.103,0.1055,54.74,,,,,5119.0,8.0,1924.53
2026-08-14 02:47:51,deribit,ETH,ETH-15AUG26-2040-C,2026-08-15,2040,call,3.9e-05,,0.0001,50.83,,,,,1044.0,1010.0,1887.57
2026-08-14 02:47:51,deribit,ETH,ETH-28AUG26-1850-C,2026-08-28,1850,call,0.044536,0.0435,0.0455,42.55,,,,,4322.0,44.0,1889.18
2026-08-14 02:47:51,deribit,ETH,ETH-25SEP26-6400-C,2026-09-25,6400,call,2.3e-05,,0.0002,99.33,,,,,1918.0,0.0,1891.79
2026-08-14 02:47:51,deribit,ETH,ETH-25DEC26-3500-P,2026-12-25,3500,put,0.843747,0.7695,0.935,56.69,,,,,51.0,0.0,1905.52
2026-08-14 02:47:51,deribit,ETH,ETH-26MAR27-6000-C,2027-03-26,6000,call,0.003341,0.003,0.0037,63.65,,,,,5159.0,5.0,1924.53
2026-08-14 02:47:51,deribit,ETH,ETH-21AUG26-2400-C,2026-08-21,2400,call,4.8e-05,,0.0001,58.6,,,,,1296.0,500.0,1888.19
2026-08-14 02:47:51,deribit,ETH,ETH-21AUG26-1900-P,2026-08-21,1900,put,0.024624,0.024,0.0255,37.95,,,,,946.0,71.0,1888.19
2026-08-14 02:47:51,deribit,ETH,ETH-15AUG26-2020-C,2026-08-15,2020,call,5.3e-05,,0.0001,46.64,,,,,125.0,1.0,1887.57
2026-08-14 02:47:51,deribit,ETH,ETH-28AUG26-1200-C,2026-08-28,1200,call,0.364945,0.3615,0.368,85.16,,,,,69.0,0.0,1889.18
2026-08-14 02:47:51,deribit,ETH,ETH-26MAR27-3500-P,2027-03-26,3500,put,0.842417,0.831,0.903,56.39,,,,,23.0,0.0,1924.53
2026-08-14 02:47:51,deribit,ETH,ETH-30OCT26-3400-P,2026-10-30,3400,put,0.794295,0.7245,0.876,57.99,,,,,0.0,0.0,1896.79
2026-08-14 02:47:51,deribit,ETH,ETH-25SEP26-3500-P,2026-09-25,3500,put,0.850459,0.8385,0.8615,67.67,,,,,1133.0,0.0,1891.79
2026-08-14 02:47:51,deribit,ETH,ETH-4SEP26-1900-P,2026-09-04,1900,put,0.045461,0.0445,0.046,44.22,,,,,117.0,117.0,1889.51
2026-08-14 02:47:51,deribit,ETH,ETH-25DEC26-5200-C,2026-12-25,5200,call,0.001192,0.001,0.0014,65.78,,,,,8859.0,0.0,1905.52
2026-08-14 02:47:51,deribit,ETH,ETH-25SEP26-6500-C,2026-09-25,6500,call,1.9e-05,,0.0002,99.33,,,,,1337.0,0.0,1891.79
2026-08-14 02:47:51,deribit,ETH,ETH-30OCT26-2250-C,2026-10-30,2250,call,0.033399,0.0325,0.034,50.16,,,,,337.0,0.0,1896.79
2026-08-14 02:47:51,deribit,ETH,ETH-15AUG26-1900-P,2026-08-15,1900,put,0.010653,0.01,0.0115,29.72,,,,,90.0,68.0,1887.57
2026-08-14 02:47:51,deribit,ETH,ETH-30OCT26-1900-P,2026-10-30,1900,put,0.093221,0.0925,0.0945,50.41,,,,,488.0,1.0,1896.79
2026-08-14 02:47:51,deribit,ETH,ETH-15AUG26-1900-C,2026-08-15,1900,call,0.004074,0.0038,0.0043,29.72,,,,,1144.0,913.0,1887.57
2026-08-14 02:47:51,deribit,ETH,ETH-25SEP26-8000-P,2026-09-25,8000,put,3.228801,3.0665,3.405,99.33,,,,,0.0,0.0,1891.79
2026-08-14 02:47:51,deribit,ETH,ETH-17AUG26-2000-P,2026-08-17,2000,put,0.059904,0.02,0.1045,34.7,,,,,0.0,0.0,1887.88
2026-08-14 02:47:51,deribit,ETH,ETH-25SEP26-6800-C,2026-09-25,6800,call,1.1e-05,,0.0002,99.33,,,,,1462.0,0.0,1891.79
2026-08-14 02:47:51,deribit,ETH,ETH-25DEC26-4600-P,2026-12-25,4600,put,1.415789,1.322,1.5235,61.74,,,,,0.0,0.0,1905.52
2026-08-14 02:47:51,deribit,ETH,ETH-26MAR27-900-C,2027-03-26,900,call,0.546061,0.5435,0.5475,69.83,,,,,68.0,0.0,1924.53
2026-08-14 02:47:51,deribit,ETH,ETH-28AUG26-2500-C,2026-08-28,2500,call,0.000249,0.0002,0.0003,56.55,,,,,28355.0,2.0,1889.18
2026-08-14 02:47:51,deribit,ETH,ETH-25SEP26-3600-C,2026-09-25,3600,call,0.000322,0.0002,0.0004,69.54,,,,,2723.0,0.0,1891.79
2026-08-14 02:47:51,deribit,ETH,ETH-25SEP26-4600-P,2026-09-25,4600,put,1.431742,1.338,1.535,87.42,,,,,38.0,0.0,1891.79
2026-08-14 02:47:51,deribit,ETH,ETH-26MAR27-900-P,2027-03-26,900,put,0.013705,0.013,0.0145,69.83,,,,,767.0,0.0,1924.53
2026-08-14 02:47:51,deribit,ETH,ETH-17AUG26-1740-P,2026-08-17,1740,put,0.000374,0.0003,0.0005,44.27,,,,,50.0,50.0,1887.88
2026-08-14 02:47:51,deribit,ETH,ETH-25JUN27-2600-P,2027-06-25,2600,put,0.445362,0.4405,0.4955,56.3,,,,,0.0,0.0,1943.52
2026-08-14 02:47:51,deribit,ETH,ETH-17AUG26-1600-P,2026-08-17,1600,put,0.000115,0.0001,0.0002,70.05,,,,,186.0,186.0,1887.88
2026-08-14 02:47:51,deribit,ETH,ETH-16AUG26-1780-C,2026-08-16,1780,call,0.057421,0.019,0.0945,40.45,,,,,0.0,0.0,1887.69
2026-08-14 02:47:51,deribit,ETH,ETH-25SEP26-15000-P,2026-09-25,15000,put,6.928999,6.6245,7.259,127.3,,,,,0.0,0.0,1891.79
2026-08-14 02:47:51,deribit,ETH,ETH-25SEP26-12000-P,2026-09-25,12000,put,5.343199,5.0995,5.6075,115.57,,,,,0.0,0.0,1891.79
2026-08-14 02:47:51,deribit,ETH,ETH-14AUG26-1750-C,2026-08-14,1750,call,0.072754,0.0345,0.1085,61.55,,,,,50.0,0.0,1887.31
2026-08-14 02:47:51,deribit,ETH,ETH-16AUG26-1600-P,2026-08-16,1600,put,1.9e-05,,0.0001,70.66,,,,,267.0,10.0,1887.69
2026-08-14 02:47:51,deribit,ETH,ETH-17AUG26-1780-C,2026-08-17,1780,call,0.057916,0.052,0.0635,38.59,,,,,0.0,0.0,1887.88
2026-08-14 02:47:51,deribit,ETH,ETH-30OCT26-2300-P,2026-10-30,2300,put,0.241398,0.2335,0.295,50.34,,,,,0.0,0.0,1896.79
2026-08-14 02:47:51,deribit,ETH,ETH-14AUG26-2050-P,2026-08-14,2050,put,0.086202,0.045,0.1315,55.21,,,,,228.0,0.0,1887.3
2026-08-14 02:47:51,deribit,ETH,ETH-30OCT26-3600-P,2026-10-30,3600,put,0.899183,0.8255,0.9835,59.66,,,,,0.0,0.0,1896.79
2026-08-14 02:47:51,deribit,ETH,ETH-25DEC26-3000-C,2026-12-25,3000,call,0.015545,0.015,0.016,54.34,,,,,5212.0,10.0,1905.52
2026-08-14 02:47:51,deribit,ETH,ETH-25DEC26-4200-P,2026-12-25,4200,put,1.206779,1.12,1.3075,59.69,,,,,62.0,0.0,1905.52
2026-08-14 02:47:51,deribit,ETH,ETH-17AUG26-2050-P,2026-08-17,2050,put,0.086024,0.0445,0.1315,38.63,,,,,0.0,0.0,1887.88
2026-08-14 02:47:51,deribit,ETH,ETH-26MAR27-2100-C,2027-03-26,2100,call,0.136095,0.135,0.1375,54.89,,,,,884.0,0.0,1924.53
2026-08-14 02:47:51,deribit,ETH,ETH-26MAR27-1300-C,2027-03-26,1300,call,0.368092,0.3655,0.37,60.33,,,,,50.0,0.0,1924.53
2026-08-14 02:47:51,deribit,ETH,ETH-25DEC26-2200-P,2026-12-25,2200,put,0.226611,0.224,0.2305,52.52,,,,,9286.0,20.0,1905.52
2026-08-14 02:47:51,deribit,ETH,ETH-25SEP26-1500-C,2026-09-25,1500,call,0.216526,0.2135,0.219,56.51,,,,,976.0,0.0,1891.79
2026-08-14 02:47:51,deribit,ETH,ETH-30OCT26-2200-P,2026-10-30,2200,put,0.198711,0.194,0.2045,50.12,,,,,19.0,0.0,1896.79
2026-08-14 02:47:51,deribit,ETH,ETH-16AUG26-1820-C,2026-08-16,1820,call,0.036839,0.031,0.0425,33.83,,,,,0.0,0.0,1887.69
2026-08-14 02:47:51,deribit,ETH,ETH-14AUG26-1920-P,2026-08-14,1920,put,0.017357,0.0135,0.023,31.74,,,,,378.0,0.0,1887.31
2026-08-14 02:47:51,deribit,ETH,ETH-28AUG26-3000-P,2026-08-28,3000,put,0.588037,0.527,0.655,75.18,,,,,5.0,0.0,1889.18
2026-08-14 02:47:51,deribit,ETH,ETH-14AUG26-2400-P,2026-08-14,2400,put,0.271651,0.223,0.3245,76.35,,,,,2.0,0.0,1887.31
2026-08-14 02:47:51,deribit,ETH,ETH-14AUG26-1820-P,2026-08-14,1820,put,2e-06,,0.0001,46.82,,,,,2921.0,2085.0,1887.31
2026-08-14 02:47:51,deribit,ETH,ETH-16AUG26-1840-P,2026-08-16,1840,put,0.001817,0.0016,0.002,31.25,,,,,490.0,440.0,1887.69
2026-08-14 02:47:51,deribit,ETH,ETH-25DEC26-2100-C,2026-12-25,2100,call,0.087542,0.0865,0.0885,52.51,,,,,1703.0,0.0,1905.52
2026-08-14 02:47:51,deribit,ETH,ETH-16AUG26-2050-P,2026-08-16,2050,put,0.086088,0.0445,0.132,44.47,,,,,0.0,0.0,1887.69
2026-08-14 02:47:51,deribit,ETH,ETH-30OCT26-2500-P,2026-10-30,2500,put,0.334066,0.3245,0.3695,51.28,,,,,1.0,0.0,1896.79
2026-08-14 02:47:51,deribit,ETH,ETH-17AUG26-2040-C,2026-08-17,2040,call,0.000188,0.0001,0.0003,37.79,,,,,47.0,47.0,1887.88
2026-08-14 02:47:51,deribit,ETH,ETH-17AUG26-2050-C,2026-08-17,2050,call,0.00015,0.0001,0.0002,38.63,,,,,87.0,87.0,1887.88
2026-08-14 02:47:51,deribit,ETH,ETH-26MAR27-4800-C,2027-03-26,4800,call,0.00749,0.007,0.0075,60.43,,,,,2857.0,0.0,1924.53
2026-08-14 02:47:51,deribit,ETH,ETH-25SEP26-3100-C,2026-09-25,3100,call,0.000619,0.0004,0.0009,59.48,,,,,2164.0,0.0,1891.79
2026-08-14 02:47:51,deribit,ETH,ETH-25SEP26-1600-P,2026-09-25,1600,put,0.015852,0.0155,0.0165,53.15,,,,,8119.0,20.0,1891.79
2026-08-14 02:47:51,deribit,ETH,ETH-25DEC26-3300-C,2026-12-25,3300,call,0.009478,0.009,0.01,55.74,,,,,1913.0,0.0,1905.52
2026-08-14 02:47:51,deribit,ETH,ETH-21AUG26-1750-P,2026-08-21,1750,put,0.003025,0.0029,0.0032,43.5,,,,,1021.0,50.0,1888.19
2026-08-14 02:47:51,deribit,ETH,ETH-16AUG26-1900-C,2026-08-16,1900,call,0.006006,0.0055,0.0065,28.5,,,,,422.0,264.0,1887.69
2026-08-14 02:47:51,deribit,ETH,ETH-28AUG26-3400-P,2026-08-28,3400,put,0.799735,0.7305,0.875,84.51,,,,,1.0,0.0,1889.18
2026-08-14 02:47:51,deribit,ETH,ETH-28AUG26-2400-C,2026-08-28,2400,call,0.000396,0.0003,0.0005,52.18,,,,,17635.0,0.0,1889.18
2026-08-14 02:47:51,deribit,ETH,ETH-28AUG26-2400-P,2026-08-28,2400,put,0.270788,0.2215,0.3255,52.18,,,,,2.0,0.0,1889.18
2026-08-14 02:47:51,deribit,ETH,ETH-30OCT26-2150-P,2026-10-30,2150,put,0.178505,0.1745,0.182,50.02,,,,,1.0,0.0,1896.79
2026-08-14 02:47:51,deribit,ETH,ETH-16AUG26-1800-C,2026-08-16,1800,call,0.047021,0.009,0.084,36.81,,,,,0.0,0.0,1887.69
2026-08-14 02:47:51,deribit,ETH,ETH-25DEC26-1200-C,2026-12-25,1200,call,0.386436,0.3835,0.389,62.95,,,,,341.0,0.0,1905.52
2026-08-14 02:47:51,deribit,ETH,ETH-25DEC26-3500-C,2026-12-25,3500,call,0.006968,0.0065,0.0075,56.69,,,,,28522.0,0.0,1905.52
2026-08-14 02:47:51,deribit,ETH,ETH-26MAR27-2500-P,2027-03-26,2500,put,0.379404,0.375,0.386,54.81,,,,,560.0,0.0,1924.53
2026-08-14 02:47:51,deribit,ETH,ETH-25DEC26-1200-P,2026-12-25,1200,put,0.016188,0.0155,0.017,62.95,,,,,7264.0,30.0,1905.52
2026-08-14 02:47:51,deribit,ETH,ETH-25SEP26-4400-C,2026-09-25,4400,call,0.000183,0.0001,0.0004,83.59,,,,,4356.0,1.0,1891.79
2026-08-14 02:47:51,deribit,ETH,ETH-30OCT26-4000-C,2026-10-30,4000,call,0.000724,0.0006,0.001,63.64,,,,,415.0,5.0,1896.79
2026-08-14 02:47:51,deribit,ETH,ETH-15AUG26-1600-C,2026-08-15,1600,call,0.152355,0.147,0.1575,76.45,,,,,0.0,0.0,1887.57
2026-08-14 02:47:51,deribit,ETH,ETH-30OCT26-2400-C,2026-10-30,2400,call,0.021394,0.021,0.022,50.71,,,,,1274.0,550.0,1896.79
2026-08-14 02:47:51,deribit,ETH,ETH-26MAR27-1300-P,2027-03-26,1300,put,0.043578,0.0425,0.0445,60.33,,,,,1536.0,0.0,1924.53
2026-08-14 02:47:51,deribit,ETH,ETH-25JUN27-4500-P,2027-06-25,4500,put,1.336917,1.323,1.408,58.63,,,,,1.0,0.0,1943.52
2026-08-14 02:47:51,deribit,ETH,ETH-15AUG26-1920-C,2026-08-15,1920,call,0.001591,0.0014,0.0018,30.62,,,,,1700.0,1407.0,1887.57
2026-08-14 02:47:51,deribit,ETH,ETH-30OCT26-2100-C,2026-10-30,2100,call,0.052117,0.051,0.053,50.0,,,,,1227.0,14.0,1896.79
2026-08-14 02:47:51,deribit,ETH,ETH-25DEC26-2700-C,2026-12-25,2700,call,0.026976,0.0265,0.0275,53.28,,,,,3080.0,0.0,1905.52
2026-08-14 02:47:51,deribit,ETH,ETH-17AUG26-1980-P,2026-08-17,1980,put,0.049691,0.041,0.0655,33.36,,,,,80.0,80.0,1887.88
2026-08-14 02:47:51,deribit,ETH,ETH-30OCT26-2000-P,2026-10-30,2000,put,0.123796,0.122,0.127,50.04,,,,,92.0,25.0,1896.79
2026-08-14 02:47:51,deribit,ETH,ETH-28AUG26-1600-P,2026-08-28,1600,put,0.002437,0.0025,0.0027,53.67,,,,,13574.0,1272.0,1889.18
2026-08-14 02:47:51,deribit,ETH,ETH-25JUN27-1800-C,2027-06-25,1800,call,0.241296,0.239,0.243,57.34,,,,,1466.0,1.0,1943.52
2026-08-14 02:47:51,deribit,ETH,ETH-30OCT26-3000-C,2026-10-30,3000,call,0.004234,0.004,0.0045,54.67,,,,,753.0,0.0,1896.79
2026-08-14 02:47:51,deribit,ETH,ETH-25SEP26-2000-C,2026-09-25,2000,call,0.04143,0.0405,0.042,47.45,,,,,28432.0,42.0,1891.79
2026-08-14 02:47:51,deribit,ETH,ETH-25DEC26-4500-P,2026-12-25,4500,put,1.363419,1.271,1.469,60.93,,,,,2.0,0.0,1905.52
2026-08-14 02:47:51,deribit,ETH,ETH-30OCT26-2600-P,2026-10-30,2600,put,0.382783,0.3725,0.393,51.83,,,,,95.0,0.0,1896.79
2026-08-14 02:47:51,deribit,ETH,ETH-15AUG26-1760-P,2026-08-15,1760,put,0.000132,0.0001,0.0002,54.12,,,,,46.0,40.0,1887.57
2026-08-14 02:47:51,deribit,ETH,ETH-25DEC26-2900-P,2026-12-25,2900,put,0.540464,0.53,0.5515,53.93,,,,,173.0,0.0,1905.52
2026-08-14 02:47:51,deribit,ETH,ETH-25JUN27-2000-C,2027-06-25,2000,call,0.19663,0.1945,0.198,56.71,,,,,1861.0,0.0,1943.52
2026-08-14 02:47:51,deribit,ETH,ETH-25DEC26-4800-P,2026-12-25,4800,put,1.520443,1.4225,1.6325,62.7,,,,,77.0,0.0,1905.52
2026-08-14 02:47:51,deribit,ETH,ETH-15AUG26-1750-C,2026-08-15,1750,call,0.072968,0.0345,0.1095,54.48,,,,,0.0,0.0,1887.57
2026-08-14 02:47:51,deribit,ETH,ETH-30OCT26-4000-P,2026-10-30,4000,put,1.10955,1.028,1.2015,63.64,,,,,0.0,0.0,1896.79
2026-08-14 02:47:51,deribit,ETH,ETH-25JUN27-3000-C,2027-06-25,3000,call,0.07336,0.072,0.0745,56.53,,,,,490.0,0.0,1943.52
2026-08-14 02:47:51,deribit,ETH,ETH-25DEC26-5000-P,2026-12-25,5000,put,1.625206,1.5235,1.7405,63.89,,,,,2.0,0.0,1905.52
2026-08-14 02:47:51,deribit,ETH,ETH-30OCT26-2600-C,2026-10-30,2600,call,0.012046,0.0115,0.0125,51.83,,,,,560.0,10.0,1896.79
2026-08-14 02:47:51,deribit,ETH,ETH-26MAR27-3800-P,2027-03-26,3800,put,0.992034,0.975,1.0065,57.29,,,,,1.0,0.0,1924.53
2026-08-14 02:47:51,deribit,ETH,ETH-25DEC26-2300-P,2026-12-25,2300,put,0.266103,0.2635,0.2715,52.52,,,,,5186.0,0.0,1905.52
2026-08-14 02:47:51,deribit,ETH,ETH-25SEP26-6000-P,2026-09-25,6000,put,2.171648,2.05,2.305,99.33,,,,,0.0,0.0,1891.79
2026-08-14 02:47:51,deribit,ETH,ETH-25DEC26-2100-P,2026-12-25,2100,put,0.18961,0.1875,0.193,52.51,,,,,3184.0,95.0,1905.52
2026-08-14 02:47:51,deribit,ETH,ETH-15AUG26-1980-C,2026-08-15,1980,call,0.000147,,0.0002,39.27,,,,,366.0,61.0,1887.57
2026-08-14 02:47:51,deribit,ETH,ETH-15AUG26-1860-P,2026-08-15,1860,put,0.002122,0.0019,0.0024,31.41,,,,,599.0,522.0,1887.57
2026-08-14 02:47:51,deribit,ETH,ETH-26MAR27-2200-C,2027-03-26,2200,call,0.119242,0.118,0.1205,54.79,,,,,4038.0,0.0,1924.53
2026-08-14 02:47:51,deribit,ETH,ETH-14AUG26-1850-C,2026-08-14,1850,call,0.019788,0.0145,0.0235,33.56,,,,,667.0,69.0,1887.3
2026-08-14 02:47:51,deribit,ETH,ETH-21AUG26-1650-C,2026-08-21,1650,call,0.127,0.122,0.132,51.8,,,,,1.0,0.0,1888.19
2026-08-14 02:47:51,deribit,ETH,ETH-25DEC26-3100-C,2026-12-25,3100,call,0.013037,0.0125,0.0135,54.72,,,,,2325.0,0.0,1905.52
2026-08-14 02:47:51,deribit,ETH,ETH-30OCT26-2050-C,2026-10-30,2050,call,0.060172,0.0595,0.061,49.98,,,,,399.0,0.0,1896.79
2026-08-14 02:47:51,deribit,ETH,ETH-28AUG26-1950-C,2026-08-28,1950,call,0.019652,0.019,0.02,41.64,,,,,4885.0,212.0,1889.18
2026-08-14 02:47:51,deribit,ETH,ETH-26MAR27-1600-C,2027-03-26,1600,call,0.259351,0.257,0.262,56.93,,,,,923.0,10.0,1924.53
2026-08-14 02:47:51,deribit,ETH,ETH-25DEC26-3200-C,2026-12-25,3200,call,0.011031,0.0105,0.0115,55.17,,,,,67901.0,1.0,1905.52
2026-08-14 02:47:51,deribit,ETH,ETH-25DEC26-4400-C,2026-12-25,4400,call,0.00215,0.0019,0.0022,60.81,,,,,3322.0,0.0,1905.52
2026-08-14 02:47:51,deribit,ETH,ETH-26MAR27-4000-C,2027-03-26,4000,call,0.014531,0.014,0.015,57.93,,,,,2195.0,0.0,1924.53
2026-08-14 02:47:51,deribit,ETH,ETH-25SEP26-7400-P,2026-09-25,7400,put,2.911643,2.7615,3.0745,99.33,,,,,0.0,0.0,1891.79
2026-08-14 02:47:51,deribit,ETH,ETH-17AUG26-1960-C,2026-08-17,1960,call,0.001626,0.0014,0.0018,32.4,,,,,7.0,7.0,1887.88
2026-08-14 02:47:51,deribit,ETH,ETH-30OCT26-2100-P,2026-10-30,2100,put,0.159251,0.157,0.163,50.0,,,,,1.0,0.0,1896.79
2026-08-14 02:47:51,deribit,ETH,ETH-15AUG26-2050-C,2026-08-15,2050,call,2.9e-05,,0.0001,52.17,,,,,721.0,528.0,1887.57
2026-08-14 02:47:51,deribit,ETH,ETH-4SEP26-2100-C,2026-09-04,2100,call,0.009624,0.0095,0.01,44.38,,,,,41.0,41.0,1889.51
2026-08-14 02:47:51,deribit,ETH,ETH-28AUG26-1300-C,2026-08-28,1300,call,0.312183,0.3085,0.316,77.83,,,,,51.0,0.0,1889.18
2026-08-14 02:47:51,deribit,ETH,ETH-25SEP26-2800-P,2026-09-25,2800,put,0.481437,0.472,0.4915,54.3,,,,,1287.0,0.0,1891.79
2026-08-14 02:47:51,deribit,ETH,ETH-28AUG26-1500-C,2026-08-28,1500,call,0.207129,0.204,0.21,60.9,,,,,443.0,0.0,1889.18
2026-08-14 02:47:51,deribit,ETH,ETH-25SEP26-6200-C,2026-09-25,6200,call,3.3e-05,,0.0002,99.33,,,,,2026.0,0.0,1891.79
2026-08-14 02:47:51,deribit,ETH,ETH-28AUG26-2800-P,2026-08-28,2800,put,0.482199,0.4255,0.5455,67.65,,,,,0.0,0.0,1889.18
2026-08-14 02:47:51,deribit,ETH,ETH-17AUG26-1920-P,2026-08-17,1920,put,0.022183,0.0205,0.0255,31.17,,,,,0.0,0.0,1887.88
2026-08-14 02:47:51,deribit,ETH,ETH-21AUG26-1700-P,2026-08-21,1700,put,0.001514,0.0014,0.0017,47.11,,,,,9312.0,1002.0,1888.19
2026-08-14 02:47:51,deribit,ETH,ETH-26MAR27-4600-C,2027-03-26,4600,call,0.00853,0.008,0.009,59.58,,,,,957.0,0.0,1924.53
2026-08-14 02:47:51,deribit,ETH,ETH-25SEP26-1700-P,2026-09-25,1700,put,0.026309,0.026,0.027,50.39,,,,,4820.0,89.0,1891.79
2026-08-14 02:47:51,deribit,ETH,ETH-14AUG26-1840-C,2026-08-14,1840,call,0.025083,0.015,0.062,40.36,,,,,0.0,0.0,1887.31
2026-08-14 02:47:51,deribit,ETH,ETH-30OCT26-3600-C,2026-10-30,3600,call,0.001239,0.001,0.0015,59.66,,,,,763.0,0.0,1896.79
2026-08-14 02:47:51,deribit,ETH,ETH-26MAR27-2000-C,2027-03-26,2000,call,0.155333,0.154,0.1565,55.08,,,,,1861.0,0.0,1924.53
2026-08-14 02:47:51,deribit,ETH,ETH-25SEP26-5600-P,2026-09-25,5600,put,1.960261,1.8465,2.0855,99.33,,,,,0.0,0.0,1891.79
2026-08-14 02:47:51,deribit,ETH,ETH-4SEP26-2200-C,2026-09-04,2200,call,0.004549,0.0043,0.0048,45.72,,,,,0.0,0.0,1889.51
2026-08-14 02:47:51,deribit,ETH,ETH-25SEP26-5500-C,2026-09-25,5500,call,0.000122,,0.0002,99.33,,,,,2065.0,0.0,1891.79
2026-08-14 02:47:51,deribit,ETH,ETH-25JUN27-5000-P,2027-06-25,5000,put,1.588166,1.486,1.6635,59.57,,,,,0.0,0.0,1943.52
2026-08-14 02:47:51,deribit,ETH,ETH-21AUG26-1600-C,2026-08-21,1600,call,0.153111,0.1485,0.158,56.33,,,,,0.0,0.0,1888.19
2026-08-14 02:47:51,deribit,ETH,ETH-17AUG26-1880-P,2026-08-17,1880,put,0.009632,0.009,0.01,31.04,,,,,306.0,332.0,1887.88
2026-08-14 02:47:51,deribit,ETH,ETH-25JUN27-3500-C,2027-06-25,3500,call,0.046825,0.0455,0.048,57.06,,,,,2219.0,6.0,1943.52
2026-08-14 02:47:51,deribit,ETH,ETH-25JUN27-3600-P,2027-06-25,3600,put,0.895381,0.885,0.964,57.21,,,,,0.0,0.0,1943.52
2026-08-14 02:47:51,deribit,ETH,ETH-25SEP26-1700-C,2026-09-25,1700,call,0.127689,0.1245,0.13,50.39,,,,,2254.0,0.0,1891.79
2026-08-14 02:47:51,deribit,ETH,ETH-26MAR27-1400-P,2027-03-26,1400,put,0.056362,0.0555,0.0575,58.87,,,,,1719.0,60.0,1924.53
2026-08-14 02:47:51,deribit,ETH,ETH-16AUG26-1600-C,2026-08-16,1600,call,0.152422,0.147,0.157,70.66,,,,,0.0,0.0,1887.69
2026-08-14 02:47:51,deribit,ETH,ETH-14AUG26-2000-C,2026-08-14,2000,call,0.0,,0.0001,49.27,,,,,10743.0,2343.0,1887.31
2026-08-14 02:47:51,deribit,ETH,ETH-25SEP26-7500-P,2026-09-25,7500,put,2.964503,2.812,3.1295,99.33,,,,,0.0,0.0,1891.79
2026-08-14 02:47:51,deribit,ETH,ETH-26MAR27-1800-P,2027-03-26,1800,put,0.136932,0.136,0.138,55.76,,,,,4407.0,500.0,1924.53
2026-08-14 02:47:51,deribit,ETH,ETH-25SEP26-2200-C,2026-09-25,2200,call,0.016661,0.0165,0.017,47.79,,,,,7811.0,137.0,1891.78
2026-08-14 02:47:51,deribit,ETH,ETH-16AUG26-1760-C,2026-08-16,1760,call,0.067918,0.0295,0.1035,44.62,,,,,0.0,0.0,1887.69
2026-08-14 02:47:51,deribit,ETH,ETH-26MAR27-3500-C,2027-03-26,3500,call,0.0238,0.023,0.0245,56.39,,,,,4513.0,0.0,1924.53
2026-08-14 02:47:51,deribit,ETH,ETH-25SEP26-5500-P,2026-09-25,5500,put,1.907422,1.7955,2.0305,99.33,,,,,1.0,0.0,1891.79
2026-08-14 02:47:51,deribit,ETH,ETH-17AUG26-1820-C,2026-08-17,1820,call,0.037967,0.033,0.043,34.28,,,,,0.0,0.0,1887.88
2026-08-14 02:47:51,deribit,ETH,ETH-30OCT26-2200-C,2026-10-30,2200,call,0.038857,0.038,0.0395,50.12,,,,,1243.0,0.0,1896.79
2026-08-14 02:47:51,deribit,ETH,ETH-17AUG26-1750-P,2026-08-17,1750,put,0.000469,0.0004,0.0007,43.24,,,,,0.0,0.0,1887.88
2026-08-14 02:47:51,deribit,ETH,ETH-25JUN27-1500-P,2027-06-25,1500,put,0.097079,0.096,0.0985,58.82,,,,,436.0,5.0,1943.52
2026-08-14 02:47:51,deribit,ETH,ETH-28AUG26-2600-P,2026-08-28,2600,put,0.376407,0.3235,0.435,60.0,,,,,1.0,2.0,1889.18
2026-08-14 02:47:51,deribit,ETH,ETH-26MAR27-3600-P,2027-03-26,3600,put,0.892126,0.88,0.955,56.76,,,,,1.0,0.0,1924.53
2026-08-14 02:47:51,deribit,ETH,ETH-15AUG26-1600-P,2026-08-15,1600,put,1e-06,,0.0001,76.45,,,,,153.0,0.0,1887.57
2026-08-14 02:47:51,deribit,ETH,ETH-25SEP26-2900-C,2026-09-25,2900,call,0.001037,0.0008,0.0013,56.16,,,,,5699.0,0.0,1891.79
2026-08-14 02:47:51,deribit,ETH,ETH-26MAR27-1900-C,2027-03-26,1900,call,0.177065,0.1755,0.1785,55.35,,,,,2393.0,0.0,1924.53
2026-08-14 02:47:51,deribit,ETH,ETH-25SEP26-5400-P,2026-09-25,5400,put,1.854574,1.745,1.9755,98.56,,,,,4.0,0.0,1891.79
2026-08-14 02:47:51,deribit,ETH,ETH-28AUG26-3600-C,2026-08-28,3600,call,3e-06,,0.0001,84.51,,,,,1218.0,0.0,1889.18
2026-08-14 02:47:51,deribit,ETH,ETH-25SEP26-1900-P,2026-09-25,1900,put,0.066982,0.066,0.0675,47.7,,,,,17766.0,46.0,1891.79
2026-08-14 02:47:51,deribit,ETH,ETH-25SEP26-3400-P,2026-09-25,3400,put,0.797607,0.7855,0.81,65.05,,,,,870.0,0.0,1891.79
2026-08-14 02:47:51,deribit,ETH,ETH-26MAR27-1900-P,2027-03-26,1900,put,0.164314,0.163,0.166,55.35,,,,,2691.0,126.0,1924.53
2026-08-14 02:47:51,deribit,ETH,ETH-28AUG26-3800-C,2026-08-28,3800,call,1e-06,,0.0001,84.51,,,,,398.0,0.0,1889.18
2026-08-14 02:47:51,deribit,ETH,ETH-4SEP26-1850-P,2026-09-04,1850,put,0.032979,0.0325,0.0335,44.81,,,,,10.0,10.0,1889.51
2026-08-14 02:47:51,deribit,ETH,ETH-15AUG26-2000-P,2026-08-15,2000,put,0.059629,0.029,0.1045,42.02,,,,,2.0,0.0,1887.57
2026-08-14 02:47:51,deribit,ETH,ETH-14AUG26-2100-P,2026-08-14,2100,put,0.112695,0.07,0.1585,64.34,,,,,63.0,0.0,1887.31
2026-08-14 02:47:51,deribit,ETH,ETH-25SEP26-7400-C,2026-09-25,7400,call,4e-06,,0.0001,99.33,,,,,1019.0,0.0,1891.79
2026-08-14 02:47:51,deribit,ETH,ETH-25SEP26-5200-P,2026-09-25,5200,put,1.748897,1.6435,1.866,97.66,,,,,3.0,0.0,1891.79
2026-08-14 02:47:51,deribit,ETH,ETH-4SEP26-1850-C,2026-09-04,1850,call,0.0539,0.053,0.055,44.81,,,,,51.0,51.0,1889.51
2026-08-14 02:47:51,deribit,ETH,ETH-25SEP26-14000-P,2026-09-25,14000,put,6.400399,6.116,6.7085,123.7,,,,,0.0,0.0,1891.79
2026-08-14 02:47:51,deribit,ETH,ETH-25DEC26-2600-P,2026-12-25,2600,put,0.39719,0.3885,0.4055,53.02,,,,,1065.0,0.0,1905.52
2026-08-14 02:47:51,deribit,ETH,ETH-25SEP26-6400-P,2026-09-25,6400,put,2.383063,2.253,2.5245,99.33,,,,,0.0,0.0,1891.79
2026-08-14 02:47:51,deribit,ETH,ETH-28AUG26-2050-P,2026-08-28,2050,put,0.092711,0.085,0.1335,42.39,,,,,180.0,0.0,1889.18
2026-08-14 02:47:51,deribit,ETH,ETH-17AUG26-1940-C,2026-08-17,1940,call,0.002869,0.0026,0.003,31.39,,,,,75.0,75.0,1887.88
2026-08-14 02:47:51,deribit,ETH,ETH-25SEP26-6600-P,2026-09-25,6600,put,2.488776,2.355,2.6345,99.33,,,,,0.0,0.0,1891.79
2026-08-14 02:47:51,deribit,ETH,ETH-25SEP26-2800-C,2026-09-25,2800,call,0.001358,0.0011,0.0016,54.3,,,,,7338.0,31.0,1891.79
2026-08-14 02:47:51,deribit,ETH,ETH-28AUG26-1950-P,2026-08-28,1950,put,0.051846,0.051,0.054,41.64,,,,,2620.0,0.0,1889.18
2026-08-14 02:47:51,deribit,ETH,ETH-25DEC26-2900-C,2026-12-25,2900,call,0.018562,0.018,0.019,53.93,,,,,2326.0,0.0,1905.52
2026-08-14 02:47:51,deribit,ETH,ETH-21AUG26-1700-C,2026-08-21,1700,call,0.10118,0.0955,0.106,47.11,,,,,50.0,0.0,1888.19
2026-08-14 02:47:51,deribit,ETH,ETH-21AUG26-2050-C,2026-08-21,2050,call,0.001881,0.0017,0.002,40.05,,,,,5141.0,121.0,1888.19
2026-08-14 02:47:51,deribit,ETH,ETH-14AUG26-1920-C,2026-08-14,1920,call,3.6e-05,,0.0001,31.74,,,,,4695.0,2549.0,1887.3
2026-08-14 02:47:51,deribit,ETH,ETH-26MAR27-2700-P,2027-03-26,2700,put,0.465048,0.4595,0.523,55.0,,,,,147.0,0.0,1924.53
2026-08-14 02:47:51,deribit,ETH,ETH-16AUG26-1760-P,2026-08-16,1760,put,0.000274,0.0002,0.0004,44.62,,,,,120.0,0.0,1887.69
2026-08-14 02:47:51,deribit,ETH,ETH-25SEP26-3500-C,2026-09-25,3500,call,0.00036,0.0002,0.0006,67.67,,,,,15578.0,0.0,1891.79
2026-08-14 02:47:51,deribit,ETH,ETH-16AUG26-1880-C,2026-08-16,1880,call,0.01113,0.0105,0.0115,28.83,,,,,804.0,26.0,1887.69
2026-08-14 02:47:51,deribit,ETH,ETH-25SEP26-1800-C,2026-09-25,1800,call,0.091485,0.0905,0.0925,48.66,,,,,6562.0,0.0,1891.79
2026-08-14 02:47:51,deribit,ETH,ETH-14AUG26-1960-C,2026-08-14,1960,call,0.0,,0.0001,41.19,,,,,1086.0,758.0,1887.31
2026-08-14 02:47:51,deribit,ETH,ETH-15AUG26-1740-C,2026-08-15,1740,call,0.078247,0.04,0.1145,56.33,,,,,0.0,0.0,1887.57
2026-08-14 02:47:51,deribit,ETH,ETH-26MAR27-3400-C,2027-03-26,3400,call,0.026806,0.026,0.0275,56.28,,,,,1870.0,0.0,1924.53
2026-08-14 02:47:51,deribit,ETH,ETH-15AUG26-1880-P,2026-08-15,1880,put,0.005154,0.0048,0.0055,30.35,,,,,957.0,901.0,1887.57
2026-08-14 02:47:51,deribit,ETH,ETH-15AUG26-1780-C,2026-08-15,1780,call,0.057161,0.0285,0.094,48.05,,,,,0.0,0.0,1887.57
2026-08-14 02:47:51,deribit,ETH,ETH-25JUN27-900-P,2027-06-25,900,put,0.022197,0.0215,0.023,67.77,,,,,779.0,0.0,1943.52
2026-08-14 02:47:51,deribit,ETH,ETH-4SEP26-1600-P,2026-09-04,1600,put,0.005324,0.005,0.0055,52.99,,,,,312.0,312.0,1889.51
2026-08-14 02:47:51,deribit,ETH,ETH-25JUN27-1300-C,2027-06-25,1300,call,0.394022,0.3915,0.396,60.64,,,,,108.0,0.0,1943.52
2026-08-14 02:47:51,deribit,ETH,ETH-28AUG26-1600-C,2026-08-28,1600,call,0.155509,0.1525,0.1585,53.67,,,,,885.0,0.0,1889.18
2026-08-14 02:47:51,deribit,ETH,ETH-25SEP26-1850-P,2026-09-25,1850,put,0.054062,0.0535,0.055,48.13,,,,,2197.0,109.0,1891.79
2026-08-14 02:47:51,deribit,ETH,ETH-25DEC26-1500-C,2026-12-25,1500,call,0.255833,0.253,0.258,56.61,,,,,763.0,0.0,1905.52
2026-08-14 02:47:51,deribit,ETH,ETH-30OCT26-3400-C,2026-10-30,3400,call,0.001793,0.0015,0.0019,57.99,,,,,1283.0,2.0,1896.79
2026-08-14 02:47:51,deribit,ETH,ETH-17AUG26-1920-C,2026-08-17,1920,call,0.005169,0.0047,0.0055,31.17,,,,,65.0,65.0,1887.88
2026-08-14 02:47:51,deribit,ETH,ETH-28AUG26-1300-P,2026-08-28,1300,put,0.000312,0.0003,0.0004,77.83,,,,,8966.0,86.0,1889.18
2026-08-14 02:47:51,deribit,ETH,ETH-17AUG26-1750-C,2026-08-17,1750,call,0.073503,0.035,0.11,43.24,,,,,0.0,0.0,1887.88
2026-08-14 02:47:51,deribit,ETH,ETH-25SEP26-5000-P,2026-09-25,5000,put,1.643179,1.5415,1.756,94.44,,,,,2.0,0.0,1891.79
2026-08-14 02:47:51,deribit,ETH,ETH-28AUG26-1450-C,2026-08-28,1450,call,0.233256,0.228,0.2375,64.75,,,,,51.0,0.0,1889.18
2026-08-14 02:47:51,deribit,ETH,ETH-25DEC26-11000-P,2026-12-25,11000,put,4.772937,4.551,4.792,89.69,,,,,109.0,0.0,1905.52
2026-08-14 02:47:51,deribit,ETH,ETH-25DEC26-2800-C,2026-12-25,2800,call,0.022324,0.0215,0.023,53.58,,,,,9170.0,0.0,1905.52
2026-08-14 02:47:51,deribit,ETH,ETH-30OCT26-1800-C,2026-10-30,1800,call,0.118916,0.1165,0.121,51.1,,,,,102.0,2.0,1896.79
2026-08-14 02:47:51,deribit,ETH,ETH-15AUG26-1940-C,2026-08-15,1940,call,0.000642,0.0005,0.0008,32.89,,,,,110.0,73.0,1887.57
2026-08-14 02:47:51,deribit,ETH,ETH-25JUN27-1800-P,2027-06-25,1800,put,0.167452,0.166,0.1695,57.34,,,,,305.0,0.0,1943.52
2026-08-14 02:47:51,deribit,ETH,ETH-25DEC26-3400-P,2026-12-25,3400,put,0.792302,0.779,0.84,56.07,,,,,89.0,0.0,1905.52
2026-08-14 02:47:51,deribit,ETH,ETH-25DEC26-8000-P,2026-12-25,8000,put,3.198574,3.037,3.3765,75.95,,,,,0.0,0.0,1905.52
2026-08-14 02:47:51,deribit,ETH,ETH-30OCT26-2500-C,2026-10-30,2500,call,0.01605,0.0155,0.0165,51.28,,,,,1092.0,323.0,1896.79
2026-08-14 02:47:51,deribit,ETH,ETH-28AUG26-1800-P,2026-08-28,1800,put,0.015035,0.0145,0.0155,43.57,,,,,5308.0,395.0,1889.18
2026-08-14 02:47:51,deribit,ETH,ETH-17AUG26-1600-C,2026-08-17,1600,call,0.152604,0.147,0.157,70.05,,,,,0.0,0.0,1887.88
2026-08-14 02:47:51,deribit,ETH,ETH-25DEC26-1000-P,2026-12-25,1000,put,0.007964,0.0075,0.0085,69.27,,,,,19240.0,0.0,1905.52
2026-08-14 02:47:51,deribit,ETH,ETH-26MAR27-3300-P,2027-03-26,3300,put,0.744516,0.734,0.8055,55.95,,,,,1.0,0.0,1924.53
2026-08-14 02:47:51,deribit,ETH,ETH-14AUG26-2200-P,2026-08-14,2200,put,0.16568,0.121,0.214,66.27,,,,,0.0,0.0,1887.3
2026-08-14 02:47:51,deribit,ETH,ETH-25SEP26-14000-C,2026-09-25,14000,call,0.0,,0.0001,123.7,,,,,1212.0,0.0,1891.79
2026-08-14 02:47:51,deribit,ETH,ETH-28AUG26-2000-P,2026-08-28,2000,put,0.071023,0.068,0.0745,41.89,,,,,615.0,0.0,1889.18
2026-08-14 02:47:51,deribit,ETH,ETH-28AUG26-3600-P,2026-08-28,3600,put,0.905592,0.8325,0.985,84.51,,,,,18.0,0.0,1889.18
2026-08-14 02:47:51,deribit,ETH,ETH-14AUG26-2200-C,2026-08-14,2200,call,0.0,,0.0001,66.27,,,,,2556.0,0.0,1887.3
2026-08-14 02:47:51,deribit,ETH,ETH-25DEC26-1400-C,2026-12-25,1400,call,0.296717,0.294,0.2995,58.31,,,,,946.0,0.0,1905.52
2026-08-14 02:47:51,deribit,ETH,ETH-26MAR27-2600-P,2027-03-26,2600,put,0.421596,0.4165,0.4295,54.9,,,,,626.0,0.0,1924.53
2026-08-14 02:47:51,deribit,ETH,ETH-15AUG26-1780-P,2026-08-15,1780,put,0.000167,0.0001,0.0003,48.05,,,,,57.0,30.0,1887.57
2026-08-14 02:47:51,deribit,ETH,ETH-21AUG26-1850-C,2026-08-21,1850,call,0.033083,0.0325,0.034,38.67,,,,,614.0,113.0,1888.19
2026-08-14 02:47:51,deribit,ETH,ETH-25SEP26-1850-C,2026-09-25,1850,call,0.076152,0.0755,0.077,48.13,,,,,1689.0,304.0,1891.79
2026-08-14 02:47:51,deribit,ETH,ETH-25SEP26-4600-C,2026-09-25,4600,call,0.000183,0.0001,0.0003,87.42,,,,,3955.0,530.0,1891.79
2026-08-14 02:47:51,deribit,ETH,ETH-26MAR27-2800-C,2027-03-26,2800,call,0.054609,0.0535,0.0555,55.08,,,,,4869.0,48.0,1924.53
2026-08-14 02:47:51,deribit,ETH,ETH-25SEP26-10000-C,2026-09-25,10000,call,0.0,,0.0001,105.8,,,,,1561.0,0.0,1891.79
2026-08-14 02:47:51,deribit,ETH,ETH-14AUG26-1900-P,2026-08-14,1900,put,0.007089,0.006,0.008,23.96,,,,,2389.0,151.0,1887.3
2026-08-14 02:47:51,deribit,ETH,ETH-25JUN27-2300-C,2027-06-25,2300,call,0.145051,0.143,0.1465,56.35,,,,,215.0,0.0,1943.52
2026-08-14 02:47:51,deribit,ETH,ETH-25JUN27-2700-C,2027-06-25,2700,call,0.09747,0.096,0.0985,56.3,,,,,295.0,0.0,1943.52
2026-08-14 02:47:51,deribit,ETH,ETH-16AUG26-1960-P,2026-08-16,1960,put,0.039004,0.0037,0.082,31.66,,,,,12.0,0.0,1887.69
2026-08-14 02:47:51,deribit,ETH,ETH-4SEP26-1950-P,2026-09-04,1950,put,0.060848,0.058,0.064,43.99,,,,,22.0,22.0,1889.51
2026-08-14 02:47:51,deribit,ETH,ETH-16AUG26-2200-P,2026-08-16,2200,put,0.165446,0.121,0.2135,48.51,,,,,0.0,0.0,1887.69
2026-08-14 02:47:51,deribit,ETH,ETH-28AUG26-1900-P,2026-08-28,1900,put,0.03609,0.0355,0.037,41.99,,,,,7183.0,272.0,1889.18
2026-08-14 02:47:51,deribit,ETH,ETH-25SEP26-3800-P,2026-09-25,3800,put,1.008863,0.9315,1.0945,70.73,,,,,954.0,0.0,1891.79
2026-08-14 02:47:51,deribit,ETH,ETH-25SEP26-16000-C,2026-09-25,16000,call,0.0,,0.0001,130.17,,,,,7426.0,0.0,1891.79
2026-08-14 02:47:51,deribit,ETH,ETH-16AUG26-1960-C,2026-08-16,1960,call,0.000698,0.0006,0.0008,31.66,,,,,1746.0,1537.0,1887.69
2026-08-14 02:47:51,deribit,ETH,ETH-21AUG26-1900-C,2026-08-21,1900,call,0.018369,0.018,0.019,37.95,,,,,1468.0,482.0,1888.19
2026-08-14 02:47:51,deribit,ETH,ETH-25DEC26-3300-P,2026-12-25,3300,put,0.741298,0.7285,0.789,55.74,,,,,10.0,0.0,1905.52
2026-08-14 02:47:51,deribit,ETH,ETH-25DEC26-3400-C,2026-12-25,3400,call,0.008002,0.0075,0.008,56.07,,,,,13064.0,29.0,1905.52
2026-08-14 02:47:51,deribit,ETH,ETH-25SEP26-3200-C,2026-09-25,3200,call,0.000482,0.0004,0.0007,60.96,,,,,7858.0,0.0,1891.79
2026-08-14 02:47:51,deribit,ETH,ETH-25SEP26-6200-P,2026-09-25,6200,put,2.277353,2.1515,2.4145,99.33,,,,,0.0,0.0,1891.79
2026-08-14 02:47:51,deribit,ETH,ETH-25DEC26-2000-C,2026-12-25,2000,call,0.106184,0.105,0.107,52.65,,,,,10810.0,10.0,1905.52
2026-08-14 02:47:51,deribit,ETH,ETH-28AUG26-1700-C,2026-08-28,1700,call,0.106055,0.103,0.1085,47.8,,,,,1002.0,0.0,1889.18
2026-08-14 02:47:51,deribit,ETH,ETH-25SEP26-1000-P,2026-09-25,1000,put,0.000933,0.0008,0.001,84.16,,,,,9681.0,0.0,1891.79
2026-08-14 02:47:51,deribit,ETH,ETH-17AUG26-1900-C,2026-08-17,1900,call,0.00864,0.008,0.009,30.79,,,,,79.0,79.0,1887.88
2026-08-14 02:47:51,deribit,ETH,ETH-16AUG26-1840-C,2026-08-16,1840,call,0.02708,0.0225,0.0315,31.25,,,,,0.0,0.0,1887.69
2026-08-14 02:47:51,deribit,ETH,ETH-25SEP26-1000-C,2026-09-25,1000,call,0.472333,0.4695,0.4745,84.16,,,,,125.0,0.0,1891.79
2026-08-14 02:47:51,deribit,ETH,ETH-15AUG26-2020-P,2026-08-15,2020,put,0.070206,0.029,0.1155,46.64,,,,,10.0,0.0,1887.57
2026-08-14 02:47:51,deribit,ETH,ETH-17AUG26-1980-C,2026-08-17,1980,call,0.000895,0.0007,0.001,33.36,,,,,4.0,4.0,1887.88
2026-08-14 02:47:51,deribit,ETH,ETH-30OCT26-1850-C,2026-10-30,1850,call,0.104564,0.1035,0.1055,50.72,,,,,767.0,0.0,1896.79
2026-08-14 02:47:51,deribit,ETH,ETH-17AUG26-1700-C,2026-08-17,1700,call,0.099757,0.094,0.105,51.29,,,,,0.0,0.0,1887.88
2026-08-14 02:47:51,deribit,ETH,ETH-25JUN27-3800-P,2027-06-25,3800,put,0.991775,0.9805,1.063,57.52,,,,,2.0,0.0,1943.52
2026-08-14 02:47:51,deribit,ETH,ETH-15AUG26-1720-P,2026-08-15,1720,put,2.5e-05,,0.0001,57.65,,,,,11.0,1.0,1887.57
2026-08-14 02:47:51,deribit,ETH,ETH-25DEC26-1800-C,2026-12-25,1800,call,0.154396,0.152,0.1565,53.48,,,,,2476.0,0.0,1905.52
2026-08-14 02:47:51,deribit,ETH,ETH-14AUG26-1950-C,2026-08-14,1950,call,1e-06,,0.0001,40.94,,,,,11459.0,1256.0,1887.31
2026-08-14 02:47:51,deribit,ETH,ETH-25DEC26-800-P,2026-12-25,800,put,0.003642,0.0034,0.0039,77.28,,,,,6148.0,6.0,1905.52
2026-08-14 02:47:51,deribit,ETH,ETH-26MAR27-4800-P,2027-03-26,4800,put,1.501593,1.4005,1.6235,60.43,,,,,0.0,0.0,1924.53
2026-08-14 02:47:51,deribit,ETH,ETH-30OCT26-2250-P,2026-10-30,2250,put,0.219614,0.2145,0.2265,50.16,,,,,1.0,0.0,1896.79
2026-08-14 02:47:51,deribit,ETH,ETH-25SEP26-5200-C,2026-09-25,5200,call,0.000178,0.0001,0.0002,97.66,,,,,1681.0,0.0,1891.79
2026-08-14 02:47:51,deribit,ETH,ETH-15AUG26-2000-C,2026-08-15,2000,call,7.1e-05,,0.0002,42.02,,,,,316.0,308.0,1887.57
2026-08-14 02:47:51,deribit,ETH,ETH-28AUG26-3400-C,2026-08-28,3400,call,1.2e-05,,0.0001,84.51,,,,,600.0,0.0,1889.18
2026-08-14 02:47:51,deribit,ETH,ETH-16AUG26-1940-P,2026-08-16,1940,put,0.029106,0.0007,0.072,29.87,,,,,0.0,0.0,1887.69
2026-08-14 02:47:51,deribit,ETH,ETH-15AUG26-2100-C,2026-08-15,2100,call,3e-06,,0.0001,54.8,,,,,74.0,57.0,1887.57
2026-08-14 02:47:51,deribit,ETH,ETH-25JUN27-3000-P,2027-06-25,3000,put,0.616951,0.6105,0.6825,56.53,,,,,63.0,0.0,1943.52
2026-08-14 02:47:51,deribit,ETH,ETH-28AUG26-2000-C,2026-08-28,2000,call,0.012363,0.012,0.013,41.89,,,,,9807.0,409.0,1889.18
2026-08-14 02:47:51,deribit,ETH,ETH-26MAR27-800-P,2027-03-26,800,put,0.00971,0.009,0.0105,73.02,,,,,2802.0,0.0,1924.53
2026-08-14 02:47:51,deribit,ETH,ETH-30OCT26-2300-C,2026-10-30,2300,call,0.028823,0.028,0.0295,50.34,,,,,777.0,200.0,1896.79
2026-08-14 02:47:51,deribit,ETH,ETH-25DEC26-1500-P,2026-12-25,1500,put,0.043024,0.0425,0.0435,56.61,,,,,16746.0,343.0,1905.52
2026-08-14 02:47:51,deribit,ETH,ETH-25DEC26-2000-P,2026-12-25,2000,put,0.155772,0.155,0.1575,52.65,,,,,8006.0,34.0,1905.52
2026-08-14 02:47:51,deribit,ETH,ETH-21AUG26-1500-P,2026-08-21,1500,put,0.000145,0.0001,0.0002,64.54,,,,,717.0,21.0,1888.19
2026-08-14 02:47:51,deribit,ETH,ETH-28AUG26-2200-P,2026-08-28,2200,put,0.16634,0.162,0.1725,45.63,,,,,681.0,0.0,1889.18
2026-08-14 02:47:51,deribit,ETH,ETH-26MAR27-4200-C,2027-03-26,4200,call,0.012022,0.0115,0.0125,58.44,,,,,2820.0,0.0,1924.53
2026-08-14 02:47:51,deribit,ETH,ETH-25DEC26-800-C,2026-12-25,800,call,0.583807,0.5815,0.586,77.28,,,,,171.0,0.0,1905.52
2026-08-14 02:47:51,deribit,ETH,ETH-26MAR27-4500-C,2027-03-26,4500,call,0.009494,0.009,0.01,59.55,,,,,2399.0,0.0,1924.53
2026-08-14 02:47:51,deribit,ETH,ETH-25DEC26-5500-C,2026-12-25,5500,call,0.000806,0.0006,0.0012,65.98,,,,,1617.0,0.0,1905.52
2026-08-14 02:47:51,deribit,ETH,ETH-25DEC26-4000-C,2026-12-25,4000,call,0.003451,0.0031,0.0038,58.92,,,,,16975.0,8.0,1905.52
2026-08-14 02:47:51,deribit,ETH,ETH-30OCT26-1000-C,2026-10-30,1000,call,0.475661,0.473,0.478,74.13,,,,,0.0,0.0,1896.79
2026-08-14 02:47:51,deribit,ETH,ETH-15AUG26-2040-P,2026-08-15,2040,put,0.080787,0.04,0.126,50.83,,,,,0.0,0.0,1887.57
2026-08-14 02:47:51,deribit,ETH,ETH-25SEP26-9000-P,2026-09-25,9000,put,3.757399,3.5745,3.9555,100.09,,,,,0.0,0.0,1891.79
2026-08-14 02:47:51,deribit,ETH,ETH-14AUG26-1800-C,2026-08-14,1800,call,0.046262,0.029,0.083,50.82,,,,,58.0,3.0,1887.3
2026-08-14 02:47:51,deribit,ETH,ETH-25SEP26-1200-C,2026-09-25,1200,call,0.367766,0.3645,0.3715,70.38,,,,,138.0,0.0,1891.79
2026-08-14 02:47:51,deribit,ETH,ETH-4SEP26-1800-P,2026-09-04,1800,put,0.023226,0.0225,0.024,45.62,,,,,243.0,243.0,1889.51
2026-08-14 02:47:51,deribit,ETH,ETH-28AUG26-1700-P,2026-08-28,1700,put,0.005916,0.0055,0.0065,47.8,,,,,8622.0,22.0,1889.18
2026-08-14 02:47:51,deribit,ETH,ETH-25SEP26-2300-P,2026-09-25,2300,put,0.226339,0.22,0.2335,48.57,,,,,1089.0,0.0,1891.79
2026-08-14 02:47:51,deribit,ETH,ETH-25JUN27-2100-P,2027-06-25,2100,put,0.257993,0.2565,0.262,56.51,,,,,87.0,0.0,1943.52
2026-08-14 02:47:51,deribit,ETH,ETH-25DEC26-1000-C,2026-12-25,1000,call,0.48317,0.481,0.485,69.27,,,,,54.0,0.0,1905.52
2026-08-14 02:47:51,deribit,ETH,ETH-25DEC26-2800-P,2026-12-25,2800,put,0.491747,0.4815,0.502,53.58,,,,,2141.0,0.0,1905.52
2026-08-14 02:47:51,deribit,ETH,ETH-25SEP26-3000-C,2026-09-25,3000,call,0.000789,0.0006,0.001,57.79,,,,,28577.0,0.0,1891.79
2026-08-14 02:47:51,deribit,ETH,ETH-16AUG26-1980-C,2026-08-16,1980,call,0.000364,0.0003,0.0004,33.65,,,,,722.0,33.0,1887.69
2026-08-14 02:47:51,deribit,ETH,ETH-25SEP26-4000-P,2026-09-25,4000,put,1.114583,1.0335,1.2045,75.26,,,,,140.0,0.0,1891.79
2026-08-14 02:47:51,deribit,ETH,ETH-14AUG26-2050-C,2026-08-14,2050,call,0.0,,0.0001,55.21,,,,,3183.0,0.0,1887.3
2026-08-14 02:47:51,deribit,ETH,ETH-16AUG26-2060-C,2026-08-16,2060,call,7.8e-05,,0.0002,45.15,,,,,0.0,0.0,1887.69
2026-08-14 02:47:51,deribit,ETH,ETH-30OCT26-1800-P,2026-10-30,1800,put,0.067887,0.067,0.069,51.1,,,,,1023.0,70.0,1896.79
2026-08-14 02:47:51,deribit,ETH,ETH-25SEP26-6500-P,2026-09-25,6500,put,2.435919,2.304,2.58,99.33,,,,,0.0,0.0,1891.79
2026-08-14 02:47:51,deribit,ETH,ETH-25DEC26-4400-P,2026-12-25,4400,put,1.311243,1.221,1.4155,60.81,,,,,20.0,0.0,1905.52
2026-08-14 02:47:51,deribit,ETH,ETH-28AUG26-2200-C,2026-08-28,2200,call,0.001814,0.0016,0.002,45.63,,,,,8611.0,1.0,1889.18
2026-08-14 02:47:51,deribit,ETH,ETH-25SEP26-3400-C,2026-09-25,3400,call,0.000368,0.0003,0.0006,65.05,,,,,7035.0,0.0,1891.79
2026-08-14 02:47:51,deribit,ETH,ETH-25SEP26-5800-P,2026-09-25,5800,put,2.065949,1.948,2.195,99.33,,,,,0.0,0.0,1891.79
2026-08-14 02:47:51,deribit,ETH,ETH-25SEP26-4400-P,2026-09-25,4400,put,1.326023,1.2365,1.425,83.59,,,,,281.0,0.0,1891.79
2026-08-14 02:47:51,deribit,ETH,ETH-28AUG26-2350-P,2026-08-28,2350,put,0.244503,0.1965,0.2985,50.73,,,,,100.0,0.0,1889.18
2026-08-14 02:47:51,deribit,ETH,ETH-14AUG26-1960-P,2026-08-14,1960,put,0.038515,0.0265,0.0815,41.19,,,,,0.0,0.0,1887.31
2026-08-14 02:47:51,deribit,ETH,ETH-25JUN27-1200-C,2027-06-25,1200,call,0.432216,0.43,0.434,61.96,,,,,55.0,0.0,1943.52
2026-08-14 02:47:51,deribit,ETH,ETH-30OCT26-1200-C,2026-10-30,1200,call,0.373812,0.371,0.3775,65.06,,,,,0.0,0.0,1896.79
2026-08-14 02:47:51,deribit,ETH,ETH-30OCT26-1700-C,2026-10-30,1700,call,0.151689,0.149,0.153,52.2,,,,,51.0,0.0,1896.79
2026-08-14 02:47:51,deribit,ETH,ETH-25DEC26-1300-P,2026-12-25,1300,put,0.022668,0.022,0.0235,60.41,,,,,1973.0,0.0,1905.52
2026-08-14 02:47:51,deribit,ETH,ETH-4SEP26-2400-P,2026-09-04,2400,put,0.271319,0.222,0.327,49.72,,,,,0.0,0.0,1889.51
2026-08-14 02:47:51,deribit,ETH,ETH-25SEP26-2600-C,2026-09-25,2600,call,0.002866,0.0026,0.0031,51.68,,,,,10950.0,40.0,1891.79
2026-08-14 02:47:51,deribit,ETH,ETH-25DEC26-7000-P,2026-12-25,7000,put,2.673928,2.532,2.83,72.89,,,,,0.0,0.0,1905.52
2026-08-14 02:47:51,deribit,ETH,ETH-26MAR27-1200-P,2027-03-26,1200,put,0.033165,0.0325,0.034,62.05,,,,,1470.0,250.0,1924.53
2026-08-14 02:47:51,deribit,ETH,ETH-25JUN27-4000-C,2027-06-25,4000,call,0.031051,0.03,0.032,57.75,,,,,4059.0,5.0,1943.52
2026-08-14 02:47:51,deribit,ETH,ETH-25SEP26-7000-P,2026-09-25,7000,put,2.700207,2.558,2.8545,99.33,,,,,0.0,0.0,1891.79
2026-08-14 02:47:51,deribit,ETH,ETH-16AUG26-1800-P,2026-08-16,1800,put,0.000567,0.0005,0.0007,36.81,,,,,120.0,107.0,1887.69
2026-08-14 02:47:51,deribit,ETH,ETH-16AUG26-2100-C,2026-08-16,2100,call,2.1e-05,,0.0001,47.07,,,,,122.0,0.0,1887.69
2026-08-14 02:47:51,deribit,ETH,ETH-25SEP26-1900-C,2026-09-25,1900,call,0.062643,0.062,0.0635,47.7,,,,,11090.0,26.0,1891.79
2026-08-14 02:47:51,deribit,ETH,ETH-25DEC26-2300-C,2026-12-25,2300,call,0.059079,0.058,0.06,52.52,,,,,7638.0,0.0,1905.51
2026-08-14 02:47:51,deribit,ETH,ETH-16AUG26-2040-C,2026-08-16,2040,call,0.000114,,0.0002,42.65,,,,,5.0,5.0,1887.69
2026-08-14 02:47:51,deribit,ETH,ETH-26MAR27-1800-C,2027-03-26,1800,call,0.201644,0.1995,0.2045,55.76,,,,,3788.0,1.0,1924.53
2026-08-14 02:47:51,deribit,ETH,ETH-28AUG26-2050-C,2026-08-28,2050,call,0.007584,0.007,0.008,42.39,,,,,7764.0,4156.0,1889.18
2026-08-14 02:47:51,deribit,ETH,ETH-30OCT26-3000-P,2026-10-30,3000,put,0.585853,0.523,0.661,54.67,,,,,72.0,0.0,1896.79
2026-08-14 02:47:51,deribit,ETH,ETH-28AUG26-1800-C,2026-08-28,1800,call,0.062241,0.0595,0.064,43.57,,,,,6075.0,0.0,1889.18
2026-08-14 02:47:51,deribit,ETH,ETH-14AUG26-1940-C,2026-08-14,1940,call,5e-06,,0.0001,38.51,,,,,2146.0,1752.0,1887.3
2026-08-14 02:47:51,deribit,ETH,ETH-16AUG26-1740-P,2026-08-16,1740,put,0.000172,0.0001,0.0003,47.47,,,,,1000.0,0.0,1887.69
2026-08-14 02:47:51,deribit,ETH,ETH-17AUG26-1780-P,2026-08-17,1780,put,0.000772,0.0007,0.0009,38.59,,,,,0.0,0.0,1887.88
2026-08-14 02:47:51,deribit,ETH,ETH-25JUN27-1900-C,2027-06-25,1900,call,0.217952,0.2155,0.2195,57.01,,,,,118.0,0.0,1943.52
2026-08-14 02:47:51,deribit,ETH,ETH-26MAR27-3700-C,2027-03-26,3700,call,0.019289,0.0185,0.02,56.93,,,,,1475.0,0.0,1924.53
2026-08-14 02:47:51,deribit,ETH,ETH-26MAR27-5000-C,2027-03-26,5000,call,0.006502,0.006,0.007,61.08,,,,,1887.0,0.0,1924.53
2026-08-14 02:47:51,deribit,ETH,ETH-26MAR27-2000-P,2027-03-26,2000,put,0.194543,0.1935,0.1965,55.08,,,,,1508.0,0.0,1924.53
2026-08-14 02:47:51,deribit,ETH,ETH-14AUG26-2400-C,2026-08-14,2400,call,0.0,,0.0001,76.35,,,,,1547.0,4.0,1887.31
2026-08-14 02:47:51,deribit,ETH,ETH-17AUG26-2000-C,2026-08-17,2000,call,0.000515,0.0004,0.0006,34.7,,,,,28.0,28.0,1887.88
2026-08-14 02:47:51,deribit,ETH,ETH-25SEP26-2100-P,2026-09-25,2100,put,0.136685,0.135,0.14,47.56,,,,,2713.0,21.0,1891.79
2026-08-14 02:47:51,deribit,ETH,ETH-26MAR27-1200-C,2027-03-26,1200,call,0.409639,0.4075,0.4115,62.05,,,,,69.0,0.0,1924.53
2026-08-14 02:47:51,deribit,ETH,ETH-17AUG26-1940-P,2026-08-17,1940,put,0.030477,0.027,0.035,31.39,,,,,0.0,0.0,1887.88
2026-08-14 02:47:51,deribit,ETH,ETH-25SEP26-2700-P,2026-09-25,2700,put,0.429183,0.42,0.438,53.03,,,,,527.0,0.0,1891.79
2026-08-14 02:47:51,deribit,ETH,ETH-26MAR27-2500-C,2027-03-26,2500,call,0.080393,0.079,0.0815,54.81,,,,,9272.0,0.0,1924.53
2026-08-14 02:47:51,deribit,ETH,ETH-25SEP26-16000-P,2026-09-25,16000,put,7.457599,7.1325,7.81,130.17,,,,,30.0,0.0,1891.79
2026-08-14 02:47:51,deribit,ETH,ETH-21AUG26-1500-C,2026-08-21,1500,call,0.205733,0.201,0.21,64.54,,,,,0.0,0.0,1888.19
2026-08-14 02:47:51,deribit,ETH,ETH-16AUG26-2050-C,2026-08-16,2050,call,0.000104,,0.0002,44.47,,,,,511.0,508.0,1887.69
2026-08-14 02:47:51,deribit,ETH,ETH-25SEP26-2300-C,2026-09-25,2300,call,0.010559,0.01,0.011,48.57,,,,,12440.0,8.0,1891.79
2026-08-14 02:47:51,deribit,ETH,ETH-25SEP26-1400-P,2026-09-25,1400,put,0.00545,0.005,0.006,60.08,,,,,9827.0,53.0,1891.79
2026-08-14 02:47:51,deribit,ETH,ETH-26MAR27-1500-P,2027-03-26,1500,put,0.07191,0.071,0.073,57.71,,,,,3978.0,120.0,1924.53
2026-08-14 02:47:51,deribit,ETH,ETH-21AUG26-1950-P,2026-08-21,1950,put,0.041795,0.0395,0.045,37.88,,,,,896.0,0.0,1888.19
2026-08-14 02:47:51,deribit,ETH,ETH-26MAR27-4500-P,2027-03-26,4500,put,1.347715,1.2515,1.465,59.55,,,,,0.0,0.0,1924.53
2026-08-14 02:47:51,deribit,ETH,ETH-16AUG26-2000-P,2026-08-16,2000,put,0.059702,0.0195,0.104,35.94,,,,,0.0,0.0,1887.69
2026-08-14 02:47:51,deribit,ETH,ETH-25JUN27-2700-P,2027-06-25,2700,put,0.486702,0.4815,0.55,56.3,,,,,0.0,0.0,1943.52
2026-08-14 02:47:51,deribit,ETH,ETH-25SEP26-1600-C,2026-09-25,1600,call,0.170092,0.167,0.1725,53.15,,,,,3575.0,0.0,1891.79
2026-08-14 02:47:51,deribit,ETH,ETH-17AUG26-1840-C,2026-08-17,1840,call,0.028777,0.025,0.0325,32.71,,,,,49.0,49.0,1887.88
2026-08-14 02:47:51,deribit,ETH,ETH-26MAR27-3000-P,2027-03-26,3000,put,0.601431,0.5925,0.6115,55.4,,,,,352.0,0.0,1924.53
2026-08-14 02:47:51,deribit,ETH,ETH-4SEP26-1750-C,2026-09-04,1750,call,0.089865,0.086,0.094,46.78,,,,,50.0,50.0,1889.51
2026-08-14 02:47:51,deribit,ETH,ETH-25JUN27-2900-C,2027-06-25,2900,call,0.08037,0.079,0.0815,56.39,,,,,61.0,0.0,1943.52
2026-08-14 02:47:51,deribit,ETH,ETH-15AUG26-1820-C,2026-08-15,1820,call,0.036258,0.0031,0.0735,38.41,,,,,50.0,0.0,1887.57
2026-08-14 02:47:51,deribit,ETH,ETH-25JUN27-1700-P,2027-06-25,1700,put,0.141611,0.14,0.1435,57.74,,,,,2962.0,0.0,1943.52
2026-08-14 02:47:51,deribit,ETH,ETH-25DEC26-5200-P,2026-12-25,5200,put,1.73012,1.624,1.85,65.78,,,,,0.0,0.0,1905.52
2026-08-14 02:47:51,deribit,ETH,ETH-30OCT26-1200-P,2026-10-30,1200,put,0.00646,0.006,0.007,65.06,,,,,2259.0,0.0,1896.79
2026-08-14 02:47:51,deribit,ETH,ETH-25DEC26-4800-C,2026-12-25,4800,call,0.001432,0.0011,0.0018,62.7,,,,,2770.0,0.0,1905.52
2026-08-14 02:47:51,deribit,ETH,ETH-14AUG26-1600-P,2026-08-14,1600,put,0.0,,0.0001,88.57,,,,,5548.0,0.0,1887.3
2026-08-14 02:47:51,deribit,ETH,ETH-25JUN27-2000-P,2027-06-25,2000,put,0.22569,0.224,0.2275,56.71,,,,,213.0,31.0,1943.52
2026-08-14 02:47:51,deribit,ETH,ETH-26MAR27-1500-C,2027-03-26,1500,call,0.292503,0.29,0.2955,57.71,,,,,244.0,0.0,1924.53
2026-08-14 02:47:51,deribit,ETH,ETH-14AUG26-1750-P,2026-08-14,1750,put,0.0,,0.0001,61.55,,,,,11311.0,906.0,1887.3
2026-08-14 02:47:51,deribit,ETH,ETH-4SEP26-1600-C,2026-09-04,1600,call,0.158553,0.154,0.1635,52.99,,,,,0.0,0.0,1889.51
2026-08-14 02:47:51,deribit,ETH,ETH-15AUG26-2100-P,2026-08-15,2100,put,0.112539,0.0705,0.1595,54.8,,,,,0.0,0.0,1887.57
2026-08-14 02:47:51,deribit,ETH,ETH-25DEC26-2700-P,2026-12-25,2700,put,0.44392,0.4345,0.453,53.28,,,,,446.0,0.0,1905.52
2026-08-14 02:47:51,deribit,ETH,ETH-25SEP26-3800-C,2026-09-25,3800,call,0.000184,0.0001,0.0003,70.73,,,,,2047.0,0.0,1891.79
2026-08-14 02:47:51,deribit,ETH,ETH-25SEP26-7500-C,2026-09-25,7500,call,3e-06,,0.0002,99.33,,,,,1322.0,0.0,1891.79
2026-08-14 02:47:51,deribit,ETH,ETH-25SEP26-6800-P,2026-09-25,6800,put,2.594491,2.4565,2.7445,99.33,,,,,0.0,0.0,1891.79
2026-08-14 02:47:51,deribit,ETH,ETH-17AUG26-1820-P,2026-08-17,1820,put,0.002011,0.0018,0.0022,34.28,,,,,206.0,206.0,1887.88
2026-08-14 02:47:51,deribit,ETH,ETH-21AUG26-1950-C,2026-08-21,1950,call,0.00906,0.0085,0.0095,37.88,,,,,4785.0,13.0,1888.19
2026-08-14 02:47:51,deribit,ETH,ETH-14AUG26-2000-P,2026-08-14,2000,put,0.059709,0.029,0.1035,49.27,,,,,73.0,0.0,1887.3
2026-08-14 02:47:51,deribit,ETH,ETH-14AUG26-1950-P,2026-08-14,1950,put,0.033218,0.0295,0.039,40.94,,,,,3245.0,0.0,1887.31
2026-08-14 02:47:51,deribit,ETH,ETH-17AUG26-1760-P,2026-08-17,1760,put,0.000564,0.0005,0.0006,41.88,,,,,0.0,0.0,1887.88
2026-08-14 02:47:51,deribit,ETH,ETH-15AUG26-1960-P,2026-08-15,1960,put,0.038669,0.0047,0.082,36.18,,,,,0.0,0.0,1887.57
2026-08-14 02:47:51,deribit,ETH,ETH-16AUG26-1920-P,2026-08-16,1920,put,0.020065,0.017,0.0235,28.85,,,,,0.0,0.0,1887.69
2026-08-14 02:47:51,deribit,ETH,ETH-25SEP26-3300-C,2026-09-25,3300,call,0.00047,0.0003,0.0007,63.84,,,,,17701.0,0.0,1891.79
2026-08-14 02:47:51,deribit,ETH,ETH-30OCT26-1950-P,2026-10-30,1950,put,0.107844,0.106,0.111,50.18,,,,,414.0,0.0,1896.79
2026-08-14 02:47:51,deribit,ETH,ETH-25DEC26-7000-C,2026-12-25,7000,call,0.00037,0.0003,0.0006,72.89,,,,,2825.0,0.0,1905.52
2026-08-14 02:47:51,deribit,ETH,ETH-17AUG26-1840-P,2026-08-17,1840,put,0.003415,0.0032,0.0037,32.71,,,,,704.0,706.0,1887.88
2026-08-14 02:47:51,deribit,ETH,ETH-26MAR27-3300-C,2027-03-26,3300,call,0.02982,0.029,0.0305,55.95,,,,,1910.0,0.0,1924.53
2026-08-14 02:47:51,deribit,ETH,ETH-28AUG26-2250-C,2026-08-28,2250,call,0.00116,0.001,0.0013,46.97,,,,,2911.0,6.0,1889.18
2026-08-14 02:47:51,deribit,ETH,ETH-25DEC26-1800-P,2026-12-25,1800,put,0.099025,0.098,0.1,53.48,,,,,5612.0,2.0,1905.52
2026-08-14 02:47:51,deribit,ETH,ETH-21AUG26-1400-C,2026-08-21,1400,call,0.258636,0.254,0.2625,77.61,,,,,0.0,0.0,1888.19
2026-08-14 02:47:51,deribit,ETH,ETH-25SEP26-2200-P,2026-09-25,2200,put,0.17958,0.174,0.186,47.79,,,,,5506.0,0.0,1891.79
2026-08-14 02:47:51,deribit,ETH,ETH-16AUG26-2040-P,2026-08-16,2040,put,0.0808,0.0395,0.126,42.65,,,,,0.0,0.0,1887.69
2026-08-14 02:47:51,deribit,ETH,ETH-25JUN27-1400-P,2027-06-25,1400,put,0.07862,0.0775,0.08,59.58,,,,,1794.0,10.0,1943.52
2026-08-14 02:47:51,deribit,ETH,ETH-25DEC26-1300-C,2026-12-25,1300,call,0.340436,0.338,0.343,60.41,,,,,50.0,0.0,1905.52
2026-08-14 02:47:51,deribit,ETH,ETH-14AUG26-1840-P,2026-08-14,1840,put,1.5e-05,,0.0001,40.36,,,,,2031.0,2163.0,1887.3
2026-08-14 02:47:51,deribit,ETH,ETH-25SEP26-3200-P,2026-09-25,3200,put,0.692001,0.682,0.7025,60.96,,,,,1323.0,0.0,1891.79
2026-08-14 02:47:51,deribit,ETH,ETH-28AUG26-2600-C,2026-08-28,2600,call,0.000148,0.0001,0.0002,60.0,,,,,6178.0,0.0,1889.18
2026-08-14 02:47:51,deribit,ETH,ETH-26MAR27-3000-C,2027-03-26,3000,call,0.042617,0.0415,0.0435,55.4,,,,,4700.0,0.0,1924.53
2026-08-14 02:47:51,deribit,ETH,ETH-25JUN27-1600-C,2027-06-25,1600,call,0.294782,0.2925,0.297,58.2,,,,,367.0,0.0,1943.52
2026-08-14 02:47:51,deribit,ETH,ETH-17AUG26-2040-P,2026-08-17,2040,put,0.080765,0.0395,0.126,37.79,,,,,0.0,0.0,1887.88
2026-08-14 02:47:51,deribit,ETH,ETH-25SEP26-1200-P,2026-09-25,1200,put,0.002086,0.002,0.0023,70.38,,,,,11242.0,2.0,1891.79
2026-08-14 02:47:51,deribit,ETH,ETH-25DEC26-5000-C,2026-12-25,5000,call,0.001237,0.001,0.0015,63.89,,,,,4541.0,3.0,1905.52
2026-08-14 02:47:51,deribit,ETH,ETH-16AUG26-1750-C,2026-08-16,1750,call,0.073172,0.035,0.1095,46.48,,,,,0.0,0.0,1887.69
2026-08-14 02:47:51,deribit,ETH,ETH-26MAR27-2900-P,2027-03-26,2900,put,0.555123,0.5465,0.5645,55.26,,,,,258.0,0.0,1924.53
2026-08-14 02:47:51,deribit,ETH,ETH-30OCT26-1700-P,2026-10-30,1700,put,0.04794,0.047,0.0485,52.2,,,,,482.0,0.0,1896.79
2026-08-14 02:47:51,deribit,ETH,ETH-25JUN27-4500-C,2027-06-25,4500,call,0.021531,0.0205,0.0225,58.63,,,,,1263.0,22.0,1943.52
2026-08-14 02:47:51,deribit,ETH,ETH-16AUG26-1700-P,2026-08-16,1700,put,6.8e-05,,0.0002,52.77,,,,,212.0,4.0,1887.69
2026-08-14 02:47:51,deribit,ETH,ETH-25DEC26-1900-P,2026-12-25,1900,put,0.12558,0.1245,0.1265,53.0,,,,,5087.0,0.0,1905.52
2026-08-14 02:47:51,deribit,ETH,ETH-15AUG26-1860-C,2026-08-15,1860,call,0.016732,0.0135,0.0195,31.41,,,,,112.0,2.0,1887.57
2026-08-14 02:47:51,deribit,ETH,ETH-25SEP26-4500-C,2026-09-25,4500,call,0.000183,0.0001,0.0004,85.54,,,,,8442.0,0.0,1891.79
2026-08-14 02:47:51,deribit,ETH,ETH-16AUG26-1920-C,2026-08-16,1920,call,0.002948,0.0027,0.0031,28.85,,,,,182.0,44.0,1887.69
2026-08-14 02:47:51,deribit,ETH,ETH-21AUG26-2000-P,2026-08-21,2000,put,0.063329,0.056,0.071,38.5,,,,,1.0,0.0,1888.19
2026-08-14 02:47:51,deribit,ETH,ETH-28AUG26-1100-P,2026-08-28,1100,put,7.5e-05,,0.0001,94.28,,,,,2239.0,0.0,1889.18
2026-08-14 02:47:51,deribit,ETH,ETH-26MAR27-4400-P,2027-03-26,4400,put,1.296279,1.28,1.3635,58.94,,,,,0.0,0.0,1924.53
2026-08-14 02:47:51,deribit,ETH,ETH-25SEP26-7200-C,2026-09-25,7200,call,6e-06,,0.0002,99.33,,,,,1160.0,0.0,1891.79
2026-08-14 02:47:51,deribit,ETH,ETH-28AUG26-1550-C,2026-08-28,1550,call,0.181156,0.176,0.186,57.05,,,,,149.0,0.0,1889.18
2026-08-14 02:47:51,deribit,ETH,ETH-25JUN27-3200-C,2027-06-25,3200,call,0.060845,0.0595,0.062,56.65,,,,,283.0,0.0,1943.52
2026-08-14 02:47:51,deribit,ETH,ETH-30OCT26-1600-P,2026-10-30,1600,put,0.033043,0.0325,0.034,53.82,,,,,1951.0,146.0,1896.79
2026-08-14 02:47:51,deribit,ETH,ETH-14AUG26-1850-P,2026-08-14,1850,put,1.9e-05,,0.0001,33.56,,,,,3930.0,1007.0,1887.3
2026-08-14 02:47:51,deribit,ETH,ETH-28AUG26-3200-C,2026-08-28,3200,call,3.1e-05,,0.0001,81.98,,,,,1074.0,0.0,1889.18
2026-08-14 02:47:51,deribit,ETH,ETH-14AUG26-1880-P,2026-08-14,1880,put,0.000895,0.0008,0.0011,24.1,,,,,2531.0,1157.0,1887.29
2026-08-14 02:47:51,deribit,ETH,ETH-25SEP26-7000-C,2026-09-25,7000,call,8e-06,,0.0001,99.33,,,,,2033.0,0.0,1891.79
2026-08-14 02:47:51,deribit,ETH,ETH-4SEP26-1700-C,2026-09-04,1700,call,0.111241,0.107,0.116,48.32,,,,,0.0,0.0,1889.51
2026-08-14 02:47:51,deribit,ETH,ETH-4SEP26-2000-P,2026-09-04,2000,put,0.078865,0.075,0.082,44.0,,,,,0.0,0.0,1889.51
2026-08-14 02:47:51,deribit,ETH,ETH-25SEP26-11000-P,2026-09-25,11000,put,4.814599,4.591,5.0565,110.93,,,,,0.0,0.0,1891.79
2026-08-14 02:47:51,deribit,ETH,ETH-28AUG26-1000-C,2026-08-28,1000,call,0.470689,0.4675,0.473,98.16,,,,,50.0,0.0,1889.18
2026-08-14 02:47:51,deribit,ETH,ETH-25SEP26-6600-C,2026-09-25,6600,call,1.6e-05,,0.0002,99.33,,,,,1414.0,0.0,1891.79
2026-08-14 02:47:51,deribit,ETH,ETH-25SEP26-3300-P,2026-09-25,3300,put,0.744849,0.6775,0.82,63.84,,,,,3.0,0.0,1891.79
2026-08-14 02:47:51,deribit,ETH,ETH-15AUG26-1880-C,2026-08-15,1880,call,0.009167,0.0085,0.01,30.35,,,,,455.0,301.0,1887.57
2026-08-14 02:47:51,deribit,ETH,ETH-21AUG26-2200-P,2026-08-21,2200,put,0.16539,0.1205,0.215,47.04,,,,,11.0,0.0,1888.19
2026-08-14 02:47:51,deribit,ETH,ETH-26MAR27-1000-C,2027-03-26,1000,call,0.499091,0.497,0.5005,66.86,,,,,270.0,0.0,1924.53
2026-08-14 02:47:51,deribit,ETH,ETH-30OCT26-1600-C,2026-10-30,1600,call,0.189513,0.1865,0.193,53.82,,,,,68.0,0.0,1896.79
2026-08-14 02:47:51,deribit,ETH,ETH-25JUN27-1500-C,2027-06-25,1500,call,0.325283,0.323,0.3275,58.82,,,,,52.0,0.0,1943.52
2026-08-14 02:47:51,deribit,ETH,ETH-25SEP26-8000-C,2026-09-25,8000,call,1e-06,,0.0002,99.33,,,,,1092.0,0.0,1891.79
2026-08-14 02:47:51,deribit,ETH,ETH-21AUG26-1750-C,2026-08-21,1750,call,0.076212,0.071,0.0815,43.5,,,,,53.0,3.0,1888.19
2026-08-14 02:47:51,deribit,ETH,ETH-25DEC26-6500-P,2026-12-25,6500,put,2.411635,2.2805,2.558,70.91,,,,,0.0,0.0,1905.52
2026-08-14 02:47:51,deribit,ETH,ETH-26MAR27-3100-C,2027-03-26,3100,call,0.037823,0.037,0.0385,55.6,,,,,1656.0,0.0,1924.53
2026-08-14 02:47:51,deribit,ETH,ETH-25SEP26-4200-P,2026-09-25,4200,put,1.220303,1.135,1.315,79.55,,,,,551.0,0.0,1891.79
2026-08-14 02:47:51,deribit,ETH,ETH-26MAR27-3600-C,2027-03-26,3600,call,0.021549,0.021,0.022,56.76,,,,,2214.0,0.0,1924.53
2026-08-14 02:47:51,deribit,ETH,ETH-15AUG26-2050-P,2026-08-15,2050,put,0.086076,0.045,0.1315,52.17,,,,,0.0,0.0,1887.57
2026-08-14 02:47:51,deribit,ETH,ETH-17AUG26-1800-C,2026-08-17,1800,call,0.047768,0.042,0.0535,36.27,,,,,89.0,89.0,1887.88
2026-08-14 02:47:51,deribit,ETH,ETH-17AUG26-2020-C,2026-08-17,2020,call,0.0003,0.0002,0.0004,36.08,,,,,59.0,61.0,1887.88
2026-08-14 02:47:51,deribit,ETH,ETH-4SEP26-2400-C,2026-09-04,2400,call,0.001161,0.001,0.0013,49.72,,,,,17.0,17.0,1889.51
2026-08-14 02:47:51,deribit,ETH,ETH-25SEP26-2400-P,2026-09-25,2400,put,0.275174,0.2685,0.283,49.14,,,,,2064.0,0.0,1891.79
2026-08-14 02:47:51,deribit,ETH,ETH-26MAR27-3400-P,2027-03-26,3400,put,0.793462,0.7825,0.853,56.28,,,,,6.0,0.0,1924.53
2026-08-14 02:47:51,deribit,ETH,ETH-25SEP26-2900-P,2026-09-25,2900,put,0.533977,0.4745,0.6015,56.16,,,,,49.0,0.0,1891.79
2026-08-14 02:47:51,deribit,ETH,ETH-16AUG26-2060-P,2026-08-16,2060,put,0.091359,0.0495,0.137,45.15,,,,,0.0,0.0,1887.69
2026-08-14 02:47:51,deribit,ETH,ETH-25SEP26-15000-C,2026-09-25,15000,call,0.0,,0.0001,127.3,,,,,878.0,0.0,1891.79
2026-08-14 02:47:51,deribit,ETH,ETH-28AUG26-2150-P,2026-08-28,2150,put,0.140896,0.1315,0.1645,44.2,,,,,66.0,0.0,1889.18
2026-08-14 02:47:51,deribit,ETH,ETH-25SEP26-5600-C,2026-09-25,5600,call,0.000101,,0.0002,99.33,,,,,7164.0,0.0,1891.79
2026-08-14 02:47:51,deribit,ETH,ETH-17AUG26-1760-C,2026-08-17,1760,call,0.068301,0.03,0.105,41.88,,,,,0.0,0.0,1887.88
2026-08-14 02:47:51,deribit,ETH,ETH-30OCT26-1400-C,2026-10-30,1400,call,0.276823,0.2735,0.2805,58.52,,,,,50.0,0.0,1896.79
2026-08-14 02:47:51,deribit,ETH,ETH-25DEC26-2600-C,2026-12-25,2600,call,0.032726,0.032,0.0335,53.02,,,,,6519.0,0.0,1905.52
2026-08-14 02:47:51,deribit,ETH,ETH-15AUG26-1740-P,2026-08-15,1740,put,6.2e-05,,0.0001,56.33,,,,,1112.0,1000.0,1887.57
2026-08-14 02:47:51,deribit,ETH,ETH-25JUN27-2400-C,2027-06-25,2400,call,0.131161,0.1295,0.1325,56.3,,,,,669.0,0.0,1943.52
2026-08-14 02:47:51,deribit,ETH,ETH-4SEP26-2000-C,2026-09-04,2000,call,0.020401,0.0195,0.0205,44.0,,,,,207.0,207.0,1889.51
2026-08-14 02:47:51,deribit,ETH,ETH-25JUN27-5000-C,2027-06-25,5000,call,0.015514,0.0145,0.0165,59.57,,,,,585.0,3.0,1943.52
2026-08-14 02:47:51,deribit,ETH,ETH-26MAR27-2700-C,2027-03-26,2700,call,0.062115,0.061,0.063,55.0,,,,,3047.0,0.0,1924.53
2026-08-14 02:47:51,deribit,ETH,ETH-25JUN27-2500-P,2027-06-25,2500,put,0.405104,0.4005,0.423,56.3,,,,,6.0,0.0,1943.52
2026-08-14 02:47:51,deribit,ETH,ETH-14AUG26-1880-C,2026-08-14,1880,call,0.004767,0.0041,0.0055,24.09,,,,,1883.0,255.0,1887.31
2026-08-14 02:47:51,deribit,ETH,ETH-25SEP26-3000-P,2026-09-25,3000,put,0.586588,0.576,0.596,57.79,,,,,7526.0,0.0,1891.79
2026-08-14 02:47:51,deribit,ETH,ETH-21AUG26-2000-C,2026-08-21,2000,call,0.004113,0.0038,0.0043,38.5,,,,,11380.0,31.0,1888.19
2026-08-14 02:47:51,deribit,ETH,ETH-25DEC26-3600-P,2026-12-25,3600,put,0.895267,0.8185,0.987,57.14,,,,,93.0,0.0,1905.52
2026-08-14 02:47:51,deribit,ETH,ETH-15AUG26-1940-P,2026-08-15,1940,put,0.028413,0.021,0.052,32.89,,,,,2.0,2.0,1887.57
2026-08-14 02:47:51,deribit,ETH,ETH-25SEP26-5000-C,2026-09-25,5000,call,0.00018,0.0001,0.0003,94.44,,,,,4100.0,0.0,1891.79
2026-08-14 02:47:51,deribit,ETH,ETH-14AUG26-1940-P,2026-08-14,1940,put,0.027923,0.0023,0.0705,38.51,,,,,20.0,0.0,1887.3
2026-08-14 02:47:51,deribit,ETH,ETH-25JUN27-2200-C,2027-06-25,2200,call,0.160456,0.1585,0.162,56.42,,,,,1059.0,0.0,1943.52
2026-08-14 02:47:51,deribit,ETH,ETH-28AUG26-2250-P,2026-08-28,2250,put,0.192153,0.1455,0.2445,46.97,,,,,27.0,0.0,1889.18
2026-08-14 02:47:51,deribit,ETH,ETH-25DEC26-3600-C,2026-12-25,3600,call,0.006009,0.0055,0.0065,57.14,,,,,2230.0,0.0,1905.52
2026-08-14 02:47:51,deribit,ETH,ETH-25JUN27-900-C,2027-06-25,900,call,0.55912,0.557,0.5605,67.77,,,,,0.0,0.0,1943.52
2026-08-14 02:47:51,deribit,ETH,ETH-25DEC26-9000-C,2026-12-25,9000,call,0.000211,0.0001,0.0004,80.96,,,,,1905.0,0.0,1905.52
2026-08-14 02:47:51,deribit,ETH,ETH-25SEP26-2700-C,2026-09-25,2700,call,0.001963,0.0017,0.0022,53.03,,,,,4161.0,11.0,1891.79
2026-08-14 02:47:51,deribit,ETH,ETH-25SEP26-11000-C,2026-09-25,11000,call,0.0,,0.0002,110.93,,,,,2766.0,0.0,1891.79
2026-08-14 02:47:51,deribit,ETH,ETH-16AUG26-1860-C,2026-08-16,1860,call,0.018267,0.0155,0.0215,29.54,,,,,1.0,1.0,1887.69
2026-08-14 02:47:51,deribit,ETH,ETH-28AUG26-2100-P,2026-08-28,2100,put,0.116196,0.114,0.1195,43.12,,,,,1144.0,41.0,1889.18
2026-08-14 02:47:51,deribit,ETH,ETH-25SEP26-10000-P,2026-09-25,10000,put,4.285999,4.083,4.506,105.8,,,,,0.0,0.0,1891.79
2026-08-14 02:47:51,deribit,ETH,ETH-25DEC26-2200-C,2026-12-25,2200,call,0.072065,0.071,0.0725,52.52,,,,,52532.0,0.0,1905.52
2026-08-14 02:47:51,deribit,ETH,ETH-26MAR27-2100-P,2027-03-26,2100,put,0.227265,0.226,0.231,54.89,,,,,487.0,0.0,1924.53
2026-08-14 02:47:51,deribit,ETH,ETH-25JUN27-2500-C,2027-06-25,2500,call,0.118778,0.117,0.12,56.3,,,,,2980.0,0.0,1943.52
2026-08-14 02:47:51,deribit,ETH,ETH-17AUG26-1740-C,2026-08-17,1740,call,0.078705,0.0405,0.115,44.27,,,,,0.0,0.0,1887.88
2026-08-14 02:47:51,deribit,ETH,ETH-25DEC26-4000-P,2026-12-25,4000,put,1.102627,1.0195,1.201,58.92,,,,,223.0,0.0,1905.52
2026-08-14 02:47:51,deribit,ETH,ETH-25JUN27-800-P,2027-06-25,800,put,0.016207,0.0155,0.017,70.3,,,,,703.0,22.0,1943.52
2026-08-14 02:47:51,deribit,ETH,ETH-26MAR27-6000-P,2027-03-26,6000,put,2.120969,1.9985,2.263,63.65,,,,,1.0,0.0,1924.53
2026-08-14 02:47:51,deribit,ETH,ETH-25SEP26-3100-P,2026-09-25,3100,put,0.639279,0.576,0.7105,59.48,,,,,0.0,0.0,1891.79
2026-08-14 02:47:51,deribit,ETH,ETH-25DEC26-1600-C,2026-12-25,1600,call,0.218266,0.2155,0.2205,55.27,,,,,621.0,0.0,1905.52
2026-08-14 02:47:51,deribit,ETH,ETH-21AUG26-1800-C,2026-08-21,1800,call,0.053,0.0485,0.0575,40.68,,,,,232.0,0.0,1888.19
2026-08-14 02:47:51,deribit,ETH,ETH-26MAR27-3100-P,2027-03-26,3100,put,0.648598,0.639,0.707,55.6,,,,,99.0,0.0,1924.53
2026-08-14 02:47:51,deribit,ETH,ETH-25JUN27-3400-P,2027-06-25,3400,put,0.800484,0.7775,0.812,56.94,,,,,2.0,0.0,1943.52
2026-08-14 02:47:51,deribit,ETH,ETH-25SEP26-13000-P,2026-09-25,13000,put,5.871799,5.6075,6.158,119.8,,,,,0.0,0.0,1891.79
2026-08-14 02:47:51,deribit,ETH,ETH-25DEC26-3800-P,2026-12-25,3800,put,0.998674,0.919,1.0935,57.91,,,,,26.0,0.0,1905.52
2026-08-14 02:47:51,deribit,ETH,ETH-21AUG26-1650-P,2026-08-21,1650,put,0.000853,0.0007,0.0009,51.8,,,,,1040.0,89.0,1888.19
2026-08-14 02:47:51,deribit,ETH,ETH-25JUN27-1200-P,2027-06-25,1200,put,0.049653,0.0485,0.051,61.96,,,,,481.0,10.0,1943.52
2026-08-14 02:47:51,deribit,ETH,ETH-25SEP26-1300-P,2026-09-25,1300,put,0.003378,0.0032,0.0036,65.07,,,,,3419.0,0.0,1891.79
2026-08-14 02:47:51,deribit,ETH,ETH-25SEP26-1400-C,2026-09-25,1400,call,0.26541,0.263,0.268,60.08,,,,,1550.0,0.0,1891.79
2026-08-14 02:47:51,deribit,ETH,ETH-28AUG26-1450-P,2026-08-28,1450,put,0.000785,0.0007,0.0009,64.75,,,,,8689.0,11.0,1889.18
2026-08-14 02:47:51,deribit,ETH,ETH-28AUG26-3200-P,2026-08-28,3200,put,0.693888,0.6295,0.765,81.98,,,,,5.0,0.0,1889.18
2026-08-14 02:47:51,deribit,ETH,ETH-26MAR27-5500-C,2027-03-26,5500,call,0.0044,0.004,0.0048,62.04,,,,,2465.0,1.0,1924.53
2026-08-14 02:47:51,deribit,ETH,ETH-25SEP26-3600-P,2026-09-25,3600,put,0.903281,0.8905,0.9165,69.54,,,,,907.0,0.0,1891.79
2026-08-14 02:47:51,deribit,ETH,ETH-25SEP26-1300-C,2026-09-25,1300,call,0.316199,0.312,0.3195,65.07,,,,,69.0,0.0,1891.79
2026-08-14 02:47:51,deribit,ETH,ETH-16AUG26-2000-C,2026-08-16,2000,call,0.000206,0.0001,0.0003,35.94,,,,,113.0,0.0,1887.69
2026-08-14 02:47:51,deribit,ETH,ETH-25DEC26-1600-P,2026-12-25,1600,put,0.057936,0.057,0.0585,55.27,,,,,7432.0,25.0,1905.52
2026-08-14 02:47:51,deribit,ETH,ETH-30OCT26-2050-P,2026-10-30,2050,put,0.140946,0.139,0.1445,49.98,,,,,48.0,0.0,1896.79
2026-08-14 02:47:51,deribit,ETH,ETH-15AUG26-1980-P,2026-08-15,1980,put,0.049109,0.029,0.093,39.27,,,,,0.0,0.0,1887.57
2026-08-14 02:47:51,deribit,ETH,ETH-25DEC26-11000-C,2026-12-25,11000,call,0.000205,0.0001,0.0003,89.69,,,,,2143.0,0.0,1905.52
2026-08-14 02:47:51,deribit,ETH,ETH-25JUN27-1000-C,2027-06-25,1000,call,0.514903,0.513,0.5165,65.42,,,,,65.0,3.0,1943.52
2026-08-14 02:47:51,deribit,ETH,ETH-25JUN27-2300-P,2027-06-25,2300,put,0.328471,0.3265,0.3325,56.35,,,,,85.0,0.0,1943.52
2026-08-14 02:47:51,deribit,ETH,ETH-30OCT26-2400-P,2026-10-30,2400,put,0.286689,0.278,0.295,50.71,,,,,10.0,0.0,1896.79
2026-08-14 02:47:51,deribit,ETH,ETH-15AUG26-1750-P,2026-08-15,1750,put,8.1e-05,,0.0002,54.48,,,,,36.0,25.0,1887.57
2026-08-14 02:47:51,deribit,ETH,ETH-21AUG26-1800-P,2026-08-21,1800,put,0.006294,0.006,0.0065,40.68,,,,,1102.0,405.0,1888.19
2026-08-14 02:47:51,deribit,ETH,ETH-14AUG26-1860-P,2026-08-14,1860,put,5.9e-05,,0.0001,29.7,,,,,3422.0,2775.0,1887.31
2026-08-14 02:47:51,deribit,ETH,ETH-28AUG26-1500-P,2026-08-28,1500,put,0.001125,0.001,0.0012,60.9,,,,,5468.0,29.0,1889.18
2026-08-14 02:47:51,deribit,ETH,ETH-28AUG26-2100-C,2026-08-28,2100,call,0.004603,0.0044,0.0048,43.12,,,,,8789.0,19.0,1889.18
2026-08-14 02:47:51,deribit,ETH,ETH-25JUN27-3200-P,2027-06-25,3200,put,0.707343,0.6985,0.7755,56.65,,,,,0.0,0.0,1943.52
2026-08-14 02:47:51,deribit,ETH,ETH-21AUG26-2400-P,2026-08-21,2400,put,0.271107,0.223,0.3245,58.6,,,,,0.0,0.0,1888.19
2026-08-14 02:47:51,deribit,ETH,ETH-25SEP26-9000-C,2026-09-25,9000,call,0.0,,0.0005,100.09,,,,,1519.0,0.0,1891.79
2026-08-14 02:47:51,deribit,ETH,ETH-25JUN27-2100-C,2027-06-25,2100,call,0.17748,0.1755,0.179,56.51,,,,,15.0,0.0,1943.52
2026-08-14 02:47:51,deribit,ETH,ETH-30OCT26-1950-C,2026-10-30,1950,call,0.079792,0.079,0.0805,50.18,,,,,474.0,486.0,1896.79
2026-08-14 02:47:51,deribit,ETH,ETH-26MAR27-3200-C,2027-03-26,3200,call,0.033508,0.0325,0.0345,55.75,,,,,1244.0,0.0,1924.53
2026-08-14 02:47:51,deribit,ETH,ETH-16AUG26-1980-P,2026-08-16,1980,put,0.049265,0.011,0.0935,33.65,,,,,10.0,0.0,1887.69
2026-08-14 02:47:51,deribit,ETH,ETH-25DEC26-3800-C,2026-12-25,3800,call,0.004457,0.0041,0.0048,57.91,,,,,2914.0,0.0,1905.52
2026-08-14 02:47:51,deribit,ETH,ETH-25SEP26-4800-C,2026-09-25,4800,call,0.00018,0.0001,0.0012,90.96,,,,,1853.0,0.0,1891.79
2026-08-14 02:47:51,deribit,ETH,ETH-26MAR27-2400-C,2027-03-26,2400,call,0.091565,0.0905,0.0925,54.75,,,,,1877.0,0.0,1924.53
2026-08-14 02:47:51,deribit,ETH,ETH-16AUG26-1880-P,2026-08-16,1880,put,0.007056,0.0065,0.0075,28.83,,,,,363.0,231.0,1887.69
2026-08-14 02:47:51,deribit,ETH,ETH-26MAR27-4000-P,2027-03-26,4000,put,1.09295,1.0785,1.1085,57.93,,,,,0.0,0.0,1924.53
2026-08-14 02:47:51,deribit,ETH,ETH-15AUG26-1820-P,2026-08-15,1820,put,0.000456,0.0004,0.0006,38.41,,,,,3219.0,23.0,1887.57
2026-08-14 02:47:51,deribit,ETH,ETH-21AUG26-2100-P,2026-08-21,2100,put,0.113093,0.07,0.161,42.24,,,,,10.0,0.0,1888.19
2026-08-14 02:47:51,deribit,ETH,ETH-17AUG26-1860-C,2026-08-17,1860,call,0.020593,0.018,0.0225,31.65,,,,,53.0,53.0,1887.88
2026-08-14 02:47:51,deribit,ETH,ETH-28AUG26-1200-P,2026-08-28,1200,put,0.000142,0.0001,0.0002,85.16,,,,,7119.0,0.0,1889.18
2026-08-14 02:47:51,deribit,ETH,ETH-25SEP26-4000-C,2026-09-25,4000,call,0.000183,0.0001,0.0004,75.26,,,,,12153.0,0.0,1891.79
2026-08-14 02:47:51,deribit,ETH,ETH-25SEP26-2100-C,2026-09-25,2100,call,0.026625,0.026,0.027,47.56,,,,,6669.0,341.0,1891.79
2026-08-14 02:47:51,deribit,ETH,ETH-25DEC26-2500-P,2026-12-25,2500,put,0.351806,0.3435,0.3595,52.82,,,,,1075.0,0.0,1905.52
2026-08-14 02:47:51,deribit,ETH,ETH-4SEP26-2100-P,2026-09-04,2100,put,0.121012,0.113,0.13,44.38,,,,,0.0,0.0,1889.51
2026-08-14 02:47:51,deribit,ETH,ETH-26MAR27-4600-P,2027-03-26,4600,put,1.398712,1.301,1.517,59.58,,,,,0.0,0.0,1924.53
2026-08-14 02:47:51,deribit,ETH,ETH-26MAR27-3700-P,2027-03-26,3700,put,0.941826,0.9295,1.006,56.93,,,,,0.0,0.0,1924.53
2026-08-14 02:47:51,deribit,ETH,ETH-26MAR27-2200-P,2027-03-26,2200,put,0.262373,0.2605,0.266,54.79,,,,,1707.0,0.0,1924.53
2026-08-14 02:47:51,deribit,ETH,ETH-25DEC26-1700-C,2026-12-25,1700,call,0.184323,0.182,0.1865,54.22,,,,,368.0,0.0,1905.52
2026-08-14 02:47:51,deribit,ETH,ETH-17AUG26-1880-C,2026-08-17,1880,call,0.013806,0.013,0.0145,31.04,,,,,46.0,46.0,1887.88
2026-08-14 02:47:51,deribit,ETH,ETH-25SEP26-6000-C,2026-09-25,6000,call,4.8e-05,,0.0002,99.33,,,,,3191.0,0.0,1891.79
2026-08-14 02:47:51,deribit,ETH,ETH-15AUG26-1700-C,2026-08-15,1700,call,0.099389,0.0925,0.106,60.43,,,,,0.0,0.0,1887.57
2026-08-14 02:47:51,deribit,ETH,ETH-28AUG26-1650-P,2026-08-28,1650,put,0.003711,0.0035,0.004,50.41,,,,,6859.0,2.0,1889.18
2026-08-14 02:47:51,deribit,ETH,ETH-4SEP26-1700-P,2026-09-04,1700,put,0.010936,0.0105,0.0115,48.32,,,,,425.0,425.0,1889.51
2026-08-14 02:47:51,deribit,ETH,ETH-16AUG26-2200-C,2026-08-16,2200,call,0.0,,0.0001,48.51,,,,,20.0,0.0,1887.69
2026-08-14 02:47:51,deribit,ETH,ETH-25DEC26-3200-P,2026-12-25,3200,put,0.690371,0.678,0.7035,55.17,,,,,251.0,0.0,1905.52
2026-08-14 02:47:51,deribit,ETH,ETH-25SEP26-5400-C,2026-09-25,5400,call,0.000135,,0.0002,98.56,,,,,1730.0,0.0,1891.79
2026-08-14 02:47:51,deribit,ETH,ETH-25DEC26-10000-C,2026-12-25,10000,call,0.000211,0.0001,0.0004,85.67,,,,,1663.0,0.0,1905.52
2026-08-14 02:47:51,deribit,ETH,ETH-15AUG26-1700-P,2026-08-15,1700,put,1.3e-05,,0.0001,60.43,,,,,1324.0,30.0,1887.57
2026-08-14 02:47:51,deribit,ETH,ETH-28AUG26-3000-C,2026-08-28,3000,call,4.7e-05,,0.0001,75.18,,,,,1528.0,0.0,1889.18
2026-08-14 02:47:51,deribit,ETH,ETH-25JUN27-2800-C,2027-06-25,2800,call,0.08838,0.087,0.0895,56.31,,,,,1086.0,0.0,1943.52
2026-08-14 02:47:51,deribit,ETH,ETH-25SEP26-4800-P,2026-09-25,4800,put,1.537459,1.44,1.6455,90.96,,,,,110.0,0.0,1891.79
2026-08-14 02:47:51,deribit,ETH,ETH-28AUG26-2150-C,2026-08-28,2150,call,0.002836,0.0026,0.003,44.2,,,,,5059.0,3.0,1889.18
2026-08-14 02:47:51,deribit,ETH,ETH-25DEC26-5500-P,2026-12-25,5500,put,1.887172,1.7755,2.0125,65.98,,,,,0.0,0.0,1905.52
2026-08-14 02:47:51,deribit,ETH,ETH-17AUG26-2100-P,2026-08-17,2100,put,0.112458,0.07,0.1595,45.9,,,,,0.0,0.0,1887.88
2026-08-14 02:47:51,deribit,ETH,ETH-25SEP26-4200-C,2026-09-25,4200,call,0.000183,0.0001,0.0004,79.55,,,,,2517.0,0.0,1891.79
2026-08-14 02:47:51,deribit,ETH,ETH-28AUG26-2500-P,2026-08-28,2500,put,0.323574,0.2725,0.3805,56.55,,,,,6.0,0.0,1889.18
2026-08-14 02:47:51,deribit,ETH,ETH-25JUN27-2800-P,2027-06-25,2800,put,0.529065,0.5235,0.5925,56.31,,,,,0.0,0.0,1943.52
2026-08-14 02:47:51,deribit,ETH,ETH-28AUG26-1850-P,2026-08-28,1850,put,0.023797,0.023,0.0245,42.55,,,,,2665.0,17.0,1889.18
2026-08-14 02:47:51,deribit,ETH,ETH-15AUG26-1800-C,2026-08-15,1800,call,0.046664,0.0285,0.084,43.19,,,,,0.0,0.0,1887.57
2026-08-14 02:47:51,deribit,ETH,ETH-25JUN27-2600-C,2027-06-25,2600,call,0.107583,0.106,0.1085,56.3,,,,,290.0,2.0,1943.52
2026-08-14 02:47:51,deribit,ETH,ETH-25JUN27-1300-P,2027-06-25,1300,put,0.062911,0.062,0.064,60.64,,,,,1666.0,10.0,1943.52
2026-08-14 02:47:51,deribit,ETH,ETH-26MAR27-5500-P,2027-03-26,5500,put,1.862225,1.7495,1.996,62.04,,,,,0.0,0.0,1924.53
2026-08-14 02:47:51,deribit,ETH,ETH-15AUG26-1960-C,2026-08-15,1960,call,0.000302,0.0002,0.0004,36.18,,,,,225.0,110.0,1887.57
2026-08-14 02:47:51,deribit,ETH,ETH-26MAR27-1400-C,2027-03-26,1400,call,0.328916,0.3265,0.3315,58.87,,,,,57.0,0.0,1924.53
2026-08-14 02:47:51,deribit,ETH,ETH-25JUN27-2400-P,2027-06-25,2400,put,0.366033,0.362,0.3895,56.3,,,,,2.0,0.0,1943.52
2026-08-14 02:47:51,deribit,ETH,ETH-14AUG26-1820-C,2026-08-14,1820,call,0.035667,0.024,0.0725,46.82,,,,,101.0,37.0,1887.3
2026-08-14 02:47:51,deribit,ETH,ETH-25SEP26-1950-C,2026-09-25,1950,call,0.051133,0.0505,0.052,47.51,,,,,3102.0,41.0,1891.79
2026-08-14 02:47:51,deribit,ETH,ETH-4SEP26-1900-C,2026-09-04,1900,call,0.03992,0.039,0.0405,44.22,,,,,1.0,1.0,1889.51
2026-08-14 02:47:51,deribit,ETH,ETH-16AUG26-1940-C,2026-08-16,1940,call,0.001395,0.0012,0.0016,29.87,,,,,74.0,122.0,1887.69
2026-08-14 02:47:51,deribit,ETH,ETH-26MAR27-1600-P,2027-03-26,1600,put,0.090718,0.0895,0.092,56.93,,,,,1538.0,50.0,1924.53
2026-08-14 02:47:51,deribit,ETH,ETH-25JUN27-3800-C,2027-06-25,3800,call,0.03656,0.0355,0.0375,57.52,,,,,513.0,10.0,1943.52
2026-08-14 02:47:51,deribit,ETH,ETH-14AUG26-1600-C,2026-08-14,1600,call,0.152233,0.117,0.184,88.57,,,,,0.0,0.0,1887.3
2026-08-14 02:47:51,deribit,ETH,ETH-16AUG26-2020-P,2026-08-16,2020,put,0.070244,0.029,0.115,39.43,,,,,0.0,0.0,1887.69
2026-08-14 02:47:51,deribit,ETH,ETH-30OCT26-1500-C,2026-10-30,1500,call,0.231514,0.2285,0.235,55.91,,,,,50.0,0.0,1896.79
2026-08-14 02:47:51,deribit,ETH,ETH-25DEC26-2500-C,2026-12-25,2500,call,0.039822,0.039,0.0405,52.82,,,,,27176.0,0.0,1905.52
2026-08-14 02:47:51,deribit,ETH,ETH-30OCT26-2800-C,2026-10-30,2800,call,0.007022,0.0065,0.0075,53.22,,,,,300.0,0.0,1896.79
2026-08-14 02:47:51,deribit,ETH,ETH-21AUG26-1400-P,2026-08-21,1400,put,8.7e-05,,0.0001,77.61,,,,,284.0,2.0,1888.19
2026-08-14 02:47:51,deribit,ETH,ETH-26MAR27-2400-P,2027-03-26,2400,put,0.338617,0.335,0.3445,54.75,,,,,357.0,0.0,1924.53
2026-08-14 02:47:51,deribit,ETH,ETH-28AUG26-2350-C,2026-08-28,2350,call,0.000577,0.0004,0.0007,50.73,,,,,4550.0,1.0,1889.18
2026-08-14 02:47:51,deribit,ETH,ETH-28AUG26-1550-P,2026-08-28,1550,put,0.001618,0.0015,0.0018,57.05,,,,,5790.0,8.0,1889.18
2026-08-14 02:47:51,deribit,ETH,ETH-25DEC26-6000-P,2026-12-25,6000,put,2.149383,2.0275,2.285,68.68,,,,,0.0,0.0,1905.52
2026-08-14 02:47:51,deribit,ETH,ETH-17AUG26-1860-P,2026-08-17,1860,put,0.005825,0.0055,0.0065,31.65,,,,,320.0,320.0,1887.88
2026-08-14 02:47:51,deribit,ETH,ETH-26MAR27-1700-C,2027-03-26,1700,call,0.229001,0.2265,0.231,56.26,,,,,1337.0,0.0,1924.53
2026-08-14 02:47:51,deribit,ETH,ETH-16AUG26-1860-P,2026-08-16,1860,put,0.003599,0.0034,0.0038,29.54,,,,,502.0,202.0,1887.69
2026-08-14 02:47:51,deribit,ETH,ETH-25JUN27-1000-P,2027-06-25,1000,put,0.029433,0.0285,0.0305,65.42,,,,,4737.0,2.0,1943.52
2026-08-14 02:47:51,deribit,ETH,ETH-17AUG26-2100-C,2026-08-17,2100,call,0.0001,,0.0001,45.9,,,,,518.0,518.0,1887.88
2026-08-14 02:47:51,deribit,ETH,ETH-21AUG26-1850-P,2026-08-21,1850,put,0.012857,0.0125,0.0135,38.67,,,,,1685.0,77.0,1888.19
2026-08-14 02:47:51,deribit,ETH,ETH-25SEP26-2000-P,2026-09-25,2000,put,0.09863,0.0965,0.1015,47.45,,,,,13283.0,106.0,1891.79
2026-08-14 02:47:51,deribit,ETH,ETH-28AUG26-3800-P,2026-08-28,3800,put,1.011455,0.934,1.095,84.51,,,,,0.0,0.0,1889.18
2026-08-14 02:47:51,deribit,ETH,ETH-14AUG26-1800-P,2026-08-14,1800,put,0.0,,0.0001,50.82,,,,,2841.0,348.0,1887.31
2026-08-14 02:47:51,deribit,ETH,ETH-25DEC26-1400-P,2026-12-25,1400,put,0.031429,0.031,0.032,58.31,,,,,13887.0,143.0,1905.52
2026-08-14 02:47:51,deribit,ETH,ETH-16AUG26-1700-C,2026-08-16,1700,call,0.099496,0.094,0.1045,52.77,,,,,0.0,0.0,1887.69
2026-08-14 02:47:51,deribit,ETH,ETH-30OCT26-2000-C,2026-10-30,2000,call,0.069384,0.0685,0.07,50.04,,,,,761.0,25.0,1896.79
2026-08-14 02:47:51,deribit,ETH,ETH-28AUG26-1900-C,2026-08-28,1900,call,0.030363,0.0295,0.031,41.99,,,,,6826.0,295.0,1889.18
2026-08-14 02:47:51,deribit,ETH,ETH-4SEP26-1800-C,2026-09-04,1800,call,0.070608,0.068,0.074,45.62,,,,,50.0,50.0,1889.51
2026-08-14 02:47:51,deribit,ETH,ETH-16AUG26-1750-P,2026-08-16,1750,put,0.000231,0.0002,0.0003,46.48,,,,,0.0,0.0,1887.69
2026-08-14 02:47:51,deribit,ETH,ETH-28AUG26-2300-C,2026-08-28,2300,call,0.000796,0.0007,0.0009,48.74,,,,,6810.0,1006.0,1889.18
2026-08-14 02:47:51,deribit,ETH,ETH-25SEP26-1800-P,2026-09-25,1800,put,0.042965,0.0425,0.0435,48.66,,,,,9674.0,38.0,1891.79
2026-08-14 02:47:51,deribit,ETH,ETH-25DEC26-9000-P,2026-12-25,9000,put,3.723356,3.542,3.9225,80.96,,,,,0.0,0.0,1905.52
2026-08-14 02:47:51,deribit,ETH,ETH-25JUN27-3600-C,2027-06-25,3600,call,0.043071,0.042,0.044,57.21,,,,,12.0,10.0,1943.52
2026-08-14 02:47:51,deribit,ETH,ETH-15AUG26-1760-C,2026-08-15,1760,call,0.067721,0.029,0.1045,54.12,,,,,0.0,0.0,1887.57
2026-08-14 02:47:51,deribit,ETH,ETH-25JUN27-4000-P,2027-06-25,4000,put,1.089173,1.077,1.159,57.75,,,,,0.0,0.0,1943.52
2026-08-14 02:47:51,deribit,ETH,ETH-21AUG26-2050-P,2026-08-21,2050,put,0.087577,0.0785,0.1145,40.05,,,,,0.0,0.0,1888.19
2026-08-14 02:47:51,deribit,ETH,ETH-25DEC26-4600-C,2026-12-25,4600,call,0.001737,0.0014,0.0021,61.74,,,,,10789.0,0.0,1905.52
2026-08-14 02:47:51,deribit,ETH,ETH-25DEC26-10000-P,2026-12-25,10000,put,4.24815,4.046,4.47,85.67,,,,,0.0,0.0,1905.52
2026-08-14 02:47:51,deribit,ETH,ETH-4SEP26-1950-C,2026-09-04,1950,call,0.028845,0.028,0.0295,43.99,,,,,392.0,392.0,1889.51
2026-08-14 02:47:51,deribit,ETH,ETH-26MAR27-3200-P,2027-03-26,3200,put,0.696243,0.6865,0.756,55.75,,,,,20.0,0.0,1924.53
2026-08-14 02:47:51,deribit,ETH,ETH-26MAR27-2600-C,2027-03-26,2600,call,0.070624,0.0695,0.0715,54.9,,,,,3139.0,0.0,1924.53
2026-08-14 02:47:51,deribit,ETH,ETH-25SEP26-2500-C,2026-09-25,2500,call,0.004282,0.004,0.0045,50.38,,,,,24533.0,190.0,1891.79
2026-08-14 02:47:51,deribit,ETH,ETH-25JUN27-1700-C,2027-06-25,1700,call,0.266909,0.2645,0.2685,57.74,,,,,669.0,10.0,1943.52
2026-08-14 02:47:51,deribit,ETH,ETH-25SEP26-2600-P,2026-09-25,2600,put,0.377226,0.3685,0.3865,51.68,,,,,8392.0,2.0,1891.79
2026-08-14 02:47:51,deribit,ETH,ETH-15AUG26-1840-C,2026-08-15,1840,call,0.026111,0.021,0.031,34.24,,,,,50.0,0.0,1887.57
2026-08-14 02:47:51,deribit,ETH,ETH-17AUG26-1800-P,2026-08-17,1800,put,0.001219,0.0011,0.0014,36.27,,,,,7.0,7.0,1887.88
2026-08-14 02:47:51,deribit,ETH,ETH-28AUG26-2300-P,2026-08-28,2300,put,0.218255,0.212,0.225,48.74,,,,,1000.0,0.0,1889.18
2026-08-14 02:47:51,deribit,ETH,ETH-25DEC26-8000-C,2026-12-25,8000,call,0.000223,0.0002,0.0004,75.95,,,,,2428.0,0.0,1905.52
2026-08-14 02:47:51,deribit,ETH,ETH-25JUN27-1600-P,2027-06-25,1600,put,0.11803,0.117,0.1195,58.2,,,,,1276.0,0.0,1943.52
2026-08-14 02:47:51,deribit,ETH,ETH-30OCT26-1900-C,2026-10-30,1900,call,0.091529,0.0905,0.0925,50.41,,,,,289.0,0.0,1896.79
2026-08-14 02:47:51,deribit,ETH,ETH-25DEC26-3100-P,2026-12-25,3100,put,0.639899,0.628,0.6875,54.72,,,,,0.0,0.0,1905.52
2026-08-14 02:47:51,deribit,ETH,ETH-25DEC26-6500-C,2026-12-25,6500,call,0.000475,0.0004,0.0007,70.91,,,,,1846.0,80.0,1905.52
2026-08-14 02:47:51,deribit,ETH,ETH-28AUG26-1000-P,2026-08-28,1000,put,1.9e-05,,0.0001,98.16,,,,,2980.0,1.0,1889.18
2026-08-14 02:47:51,deribit,ETH,ETH-26MAR27-3800-C,2027-03-26,3800,call,0.017537,0.017,0.018,57.29,,,,,1162.0,0.0,1924.53
2026-08-14 02:47:51,deribit,ETH,ETH-25SEP26-1500-P,2026-09-25,1500,put,0.009426,0.009,0.01,56.51,,,,,12846.0,25.0,1891.79
2026-08-14 02:47:51,deribit,ETH,ETH-25DEC26-2400-P,2026-12-25,2400,put,0.307897,0.3025,0.314,52.6,,,,,1716.0,0.0,1905.52
2026-08-14 02:47:51,deribit,ETH,ETH-25SEP26-1950-P,2026-09-25,1950,put,0.081903,0.0805,0.083,47.51,,,,,178.0,0.0,1891.79
2026-08-14 02:47:51,deribit,ETH,ETH-14AUG26-1900-C,2026-08-14,1900,call,0.000365,0.0002,0.0005,23.96,,,,,5926.0,4545.0,1887.31
2026-08-14 02:47:51,deribit,ETH,ETH-30OCT26-3200-P,2026-10-30,3200,put,0.689766,0.623,0.7675,56.34,,,,,0.0,0.0,1896.79
2026-08-14 02:47:51,deribit,ETH,ETH-30OCT26-1400-P,2026-10-30,1400,put,0.014912,0.0145,0.0155,58.52,,,,,2633.0,0.0,1896.79
2026-08-14 02:47:51,deribit,ETH,ETH-17AUG26-1900-P,2026-08-17,1900,put,0.01506,0.0145,0.016,30.79,,,,,70.0,70.0,1887.88
2026-08-14 02:47:51,deribit,ETH,ETH-26MAR27-2300-P,2027-03-26,2300,put,0.299521,0.297,0.3035,54.74,,,,,1583.0,0.0,1924.53
2026-08-14 02:47:51,deribit,ETH,ETH-15AUG26-1800-P,2026-08-15,1800,put,0.000266,0.0002,0.0004,43.19,,,,,37.0,19.0,1887.58
2026-08-14 02:47:51,deribit,ETH,ETH-26MAR27-1700-P,2027-03-26,1700,put,0.112331,0.1115,0.1135,56.26,,,,,1570.0,60.0,1924.53
2026-08-14 02:47:51,deribit,ETH,ETH-15AUG26-1920-P,2026-08-15,1920,put,0.018768,0.0155,0.023,30.62,,,,,113.0,53.0,1887.57
2026-08-14 02:47:51,deribit,ETH,ETH-25SEP26-12000-C,2026-09-25,12000,call,0.0,,0.0002,115.57,,,,,1341.0,0.0,1891.79
2026-08-14 02:47:51,deribit,ETH,ETH-25JUN27-2900-P,2027-06-25,2900,put,0.572508,0.5665,0.6365,56.39,,,,,3.0,0.0,1943.52
2026-08-14 02:47:51,deribit,ETH,ETH-14AUG26-1860-C,2026-08-14,1860,call,0.014529,0.0015,0.051,29.7,,,,,219.0,50.0,1887.31
2026-08-14 02:47:51,deribit,ETH,ETH-30OCT26-2150-C,2026-10-30,2150,call,0.045011,0.044,0.0455,50.02,,,,,758.0,0.0,1896.79
2026-08-14 02:47:51,deribit,ETH,ETH-17AUG26-1960-P,2026-08-17,1960,put,0.039828,0.0325,0.064,32.4,,,,,0.0,0.0,1887.88
2026-08-14 02:47:51,deribit,ETH,ETH-28AUG26-1400-C,2026-08-28,1400,call,0.259518,0.255,0.2635,69.15,,,,,100.0,0.0,1889.18
2026-08-14 02:47:51,deribit,ETH,ETH-28AUG26-2800-C,2026-08-28,2800,call,7.5e-05,,0.0002,67.65,,,,,5427.0,0.0,1889.18
2026-08-14 02:47:51,deribit,ETH,ETH-26MAR27-4200-P,2027-03-26,4200,put,1.194362,1.1795,1.2605,58.44,,,,,1.0,0.0,1924.53
2026-08-14 02:47:51,deribit,ETH,ETH-16AUG26-1740-C,2026-08-16,1740,call,0.078411,0.0395,0.1145,47.47,,,,,0.0,0.0,1887.69
2026-08-14 02:47:51,deribit,ETH,ETH-25SEP26-5800-C,2026-09-25,5800,call,7e-05,,0.0002,99.33,,,,,4885.0,0.0,1891.79
2026-08-14 02:47:51,deribit,ETH,ETH-25DEC26-1900-C,2026-12-25,1900,call,0.128472,0.1275,0.1295,53.0,,,,,3882.0,17.0,1905.52
2026-08-14 02:47:51,deribit,ETH,ETH-4SEP26-1750-P,2026-09-04,1750,put,0.016021,0.0155,0.0165,46.78,,,,,2.0,2.0,1889.51
2026-08-14 02:47:51,deribit,ETH,ETH-26MAR27-1000-P,2027-03-26,1000,put,0.018696,0.018,0.0195,66.86,,,,,7536.0,0.0,1924.53
2026-08-14 02:47:51,deribit,ETH,ETH-25JUN27-3500-P,2027-06-25,3500,put,0.847681,0.8375,0.8675,57.06,,,,,303.0,0.0,1943.52
2026-08-14 02:47:51,deribit,ETH,ETH-28AUG26-1750-C,2026-08-28,1750,call,0.083051,0.08,0.086,45.34,,,,,4211.0,0.0,1889.18
2026-08-14 02:47:51,deribit,ETH,ETH-16AUG26-1820-P,2026-08-16,1820,put,0.000981,0.0009,0.0011,33.83,,,,,1484.0,1138.0,1887.69
2026-08-14 02:47:51,deribit,ETH,ETH-30OCT26-1750-C,2026-10-30,1750,call,0.134611,0.1325,0.1365,51.58,,,,,102.0,0.0,1896.79
2026-08-14 02:47:51,deribit,ETH,ETH-30OCT26-1750-P,2026-10-30,1750,put,0.057223,0.0565,0.058,51.58,,,,,668.0,279.0,1896.79
2026-08-14 02:47:51,deribit,ETH,ETH-15AUG26-1720-C,2026-08-15,1720,call,0.088805,0.051,0.1245,57.65,,,,,0.0,0.0,1887.57
2026-08-14 02:47:51,deribit,ETH,ETH-25JUN27-3400-C,2027-06-25,3400,call,0.051081,0.05,0.052,56.94,,,,,210.0,5.0,1943.52
2026-08-14 02:47:51,deribit,ETH,ETH-26MAR27-2800-P,2027-03-26,2800,put,0.509502,0.5015,0.564,55.08,,,,,12.0,0.0,1924.53
2026-08-14 02:47:51,deribit,ETH,ETH-25DEC26-2400-C,2026-12-25,2400,call,0.048392,0.0475,0.049,52.6,,,,,12157.0,0.0,1905.52
2026-08-14 02:47:51,deribit,ETH,ETH-21AUG26-2200-C,2026-08-21,2200,call,0.000253,0.0002,0.0003,47.04,,,,,1627.0,21.0,1888.19
2026-08-14 02:47:51,deribit,ETH,ETH-25DEC26-1700-P,2026-12-25,1700,put,0.076473,0.0755,0.0775,54.22,,,,,13926.0,102.0,1905.52
2026-08-14 02:47:51,deribit,ETH,ETH-25SEP26-8500-P,2026-09-25,8500,put,3.4931,3.3205,3.68,99.33,,,,,0.0,0.0,1891.79
2026-08-14 02:47:51,deribit,ETH,ETH-30OCT26-1500-P,2026-10-30,1500,put,0.022323,0.022,0.023,55.91,,,,,2416.0,1046.0,1896.79
2026-08-14 02:47:51,deribit,ETH,ETH-15AUG26-1840-P,2026-08-15,1840,put,0.000904,0.0008,0.0011,34.24,,,,,293.0,132.0,1887.57
2026-08-14 02:47:51,deribit,ETH,ETH-16AUG26-2020-C,2026-08-16,2020,call,0.000153,0.0001,0.0002,39.43,,,,,15.0,0.0,1887.69
2026-08-14 02:47:51,deribit,ETH,ETH-16AUG26-1780-P,2026-08-16,1780,put,0.000372,0.0003,0.0005,40.45,,,,,23.0,20.0,1887.69
2026-08-14 02:47:51,deribit,ETH,ETH-4SEP26-2200-P,2026-09-04,2200,put,0.168861,0.1595,0.1895,45.72,,,,,0.0,0.0,1889.51
2026-08-14 02:47:51,deribit,ETH,ETH-25SEP26-2400-C,2026-09-25,2400,call,0.006534,0.006,0.007,49.14,,,,,12773.0,10.0,1891.79
2026-08-14 02:47:51,deribit,ETH,ETH-16AUG26-1900-P,2026-08-16,1900,put,0.012527,0.012,0.013,28.5,,,,,175.0,44.0,1887.69
2026-08-14 02:47:51,deribit,ETH,ETH-26MAR27-2900-C,2027-03-26,2900,call,0.048269,0.0475,0.049,55.26,,,,,1948.0,0.0,1924.53
2026-08-14 02:47:51,deribit,ETH,ETH-25DEC26-6000-C,2026-12-25,6000,call,0.000619,0.0005,0.0009,68.68,,,,,10395.0,0.0,1905.52
2026-08-14 02:47:51,deribit,ETH,ETH-30OCT26-2800-P,2026-10-30,2800,put,0.4832,0.471,0.495,53.22,,,,,0.0,0.0,1896.79
2026-08-14 02:47:51,deribit,ETH,ETH-25JUN27-2200-P,2027-06-25,2200,put,0.292423,0.2895,0.2965,56.42,,,,,111.0,0.0,1943.52
2026-08-14 02:47:51,deribit,ETH,ETH-28AUG26-1650-C,2026-08-28,1650,call,0.130317,0.1275,0.1335,50.41,,,,,1604.0,0.0,1889.18
2026-08-14 02:47:51,deribit,ETH,ETH-17AUG26-2020-P,2026-08-17,2020,put,0.070283,0.0295,0.115,36.08,,,,,0.0,0.0,1887.88
2026-08-14 02:47:51,deribit,ETH,ETH-28AUG26-1100-C,2026-08-28,1100,call,0.417812,0.414,0.421,94.28,,,,,50.0,0.0,1889.18
2026-08-14 02:47:51,deribit,ETH,ETH-25JUN27-800-C,2027-06-25,800,call,0.604583,0.6025,0.6055,70.3,,,,,117.0,0.0,1943.52
2026-08-14 02:47:51,deribit,ETH,ETH-21AUG26-1600-P,2026-08-21,1600,put,0.000483,0.0004,0.0006,56.33,,,,,3190.0,45.0,1888.19
