snapshot_utc,exchange,underlying,instrument,expiry,strike,type,mark_price,bid,ask,mark_iv,delta,gamma,vega,theta,open_interest,volume_24h,underlying_price
2026-08-12 02:46:43,deribit,BTC,BTC-25DEC26-210000-C,2026-12-25,210000,call,0.00010123,,0.0002,59.6,,,,,151.7,0.0,64734.33
2026-08-12 02:46:43,deribit,BTC,BTC-25DEC26-92000-C,2026-12-25,92000,call,0.00899161,0.0085,0.0095,39.38,,,,,253.9,0.1,64734.33
2026-08-12 02:46:43,deribit,BTC,BTC-12AUG26-61000-P,2026-08-12,61000,put,1.1e-07,,0.0001,45.45,,,,,78.1,99.8,63707.37
2026-08-12 02:46:43,deribit,BTC,BTC-25SEP26-240000-P,2026-09-25,240000,put,2.74867217,,,75.51,,,,,0.0,0.0,64022.74
2026-08-12 02:46:43,deribit,BTC,BTC-26MAR27-90000-C,2027-03-26,90000,call,0.02976761,0.029,0.0305,40.01,,,,,506.0,0.1,65403.61
2026-08-12 02:46:43,deribit,BTC,BTC-14AUG26-67000-P,2026-08-14,67000,put,0.05165355,0.05,0.053,32.51,,,,,5.9,0.0,63723.86
2026-08-12 02:46:43,deribit,BTC,BTC-25SEP26-95000-P,2026-09-25,95000,put,0.48414642,0.4755,0.4915,44.06,,,,,147.6,0.0,64022.74
2026-08-12 02:46:43,deribit,BTC,BTC-25DEC26-86000-C,2026-12-25,86000,call,0.01542348,0.015,0.016,39.03,,,,,326.6,1.8,64734.33
2026-08-12 02:46:43,deribit,BTC,BTC-25JUN27-90000-P,2027-06-25,90000,put,0.41363051,0.409,0.4175,41.01,,,,,0.5,0.0,66117.98
2026-08-12 02:46:43,deribit,BTC,BTC-30OCT26-68000-P,2026-10-30,68000,put,0.1027857,0.102,0.1035,36.7,,,,,4.0,1.9,64279.71
2026-08-12 02:46:43,deribit,BTC,BTC-21AUG26-72000-C,2026-08-21,72000,call,0.00033923,0.0003,0.0004,35.54,,,,,614.3,267.6,63773.65
2026-08-12 02:46:43,deribit,BTC,BTC-26MAR27-160000-P,2027-03-26,160000,put,1.44783815,,,47.02,,,,,0.0,0.0,65403.14
2026-08-12 02:46:43,deribit,BTC,BTC-25DEC26-74000-C,2026-12-25,74000,call,0.04494884,0.0445,0.0455,38.87,,,,,147.8,0.8,64733.84
2026-08-12 02:46:43,deribit,BTC,BTC-13AUG26-67000-P,2026-08-13,67000,put,0.05159122,0.0001,,36.13,,,,,0.0,0.0,63716.41
2026-08-12 02:46:43,deribit,BTC,BTC-25SEP26-58000-P,2026-09-25,58000,put,0.01761586,0.017,0.018,39.03,,,,,1369.1,43.1,64022.74
2026-08-12 02:46:43,deribit,BTC,BTC-25DEC26-54000-C,2026-12-25,54000,call,0.20238633,0.196,0.207,44.24,,,,,33.1,0.0,64733.84
2026-08-12 02:46:43,deribit,BTC,BTC-25DEC26-200000-C,2026-12-25,200000,call,0.0001242,,0.0002,58.34,,,,,951.5,0.1,64733.84
2026-08-12 02:46:43,deribit,BTC,BTC-13AUG26-69000-P,2026-08-13,69000,put,0.08292392,0.0001,,36.36,,,,,0.0,0.0,63716.67
2026-08-12 02:46:43,deribit,BTC,BTC-13AUG26-63000-C,2026-08-13,63000,call,0.01373628,0.0125,0.0155,29.06,,,,,25.2,25.2,63716.67
2026-08-12 02:46:43,deribit,BTC,BTC-25SEP26-320000-C,2026-09-25,320000,call,0.0,,0.0001,85.42,,,,,276.6,0.0,64022.74
2026-08-12 02:46:43,deribit,BTC,BTC-25JUN27-72000-P,2027-06-25,72000,put,0.20986622,0.207,0.211,41.86,,,,,1.3,0.0,66117.98
2026-08-12 02:46:43,deribit,BTC,BTC-21AUG26-64000-P,2026-08-21,64000,put,0.02001062,0.0195,0.0205,28.62,,,,,141.9,25.2,63773.65
2026-08-12 02:46:43,deribit,BTC,BTC-25DEC26-45000-C,2026-12-25,45000,call,0.32035086,0.3175,0.3245,51.23,,,,,54.3,0.0,64734.33
2026-08-12 02:46:43,deribit,BTC,BTC-21AUG26-58000-C,2026-08-21,58000,call,0.09207348,,,38.66,,,,,0.0,0.0,63773.65
2026-08-12 02:46:43,deribit,BTC,BTC-25JUN27-70000-C,2027-06-25,70000,call,0.13226006,0.131,0.1335,42.05,,,,,192.1,0.6,66117.81
2026-08-12 02:46:43,deribit,BTC,BTC-21AUG26-61000-C,2026-08-21,61000,call,0.04889872,0.011,0.0585,32.43,,,,,4.0,0.0,63773.51
2026-08-12 02:46:43,deribit,BTC,BTC-25DEC26-68000-P,2026-12-25,68000,put,0.12531447,0.1245,0.126,39.48,,,,,455.9,0.1,64734.33
2026-08-12 02:46:43,deribit,BTC,BTC-26MAR27-98000-P,2027-03-26,98000,put,0.51689428,0.512,0.522,40.3,,,,,0.2,0.0,65403.61
2026-08-12 02:46:43,deribit,BTC,BTC-25DEC26-115000-P,2026-12-25,115000,put,0.77838921,,,43.57,,,,,0.7,0.0,64734.33
2026-08-12 02:46:43,deribit,BTC,BTC-28AUG26-100000-P,2026-08-28,100000,put,0.56674634,,,59.75,,,,,0.5,0.0,63826.64
2026-08-12 02:46:43,deribit,BTC,BTC-25JUN27-78000-P,2027-06-25,78000,put,0.27135633,0.268,0.2745,41.37,,,,,0.4,0.0,66117.81
2026-08-12 02:46:43,deribit,BTC,BTC-30OCT26-48000-P,2026-10-30,48000,put,0.0092973,0.0085,0.0095,48.94,,,,,157.1,0.0,64279.71
2026-08-12 02:46:43,deribit,BTC,BTC-25SEP26-84000-C,2026-09-25,84000,call,0.00108705,0.001,0.0012,37.87,,,,,1676.0,7.0,64022.23
2026-08-12 02:46:43,deribit,BTC,BTC-12AUG26-65000-P,2026-08-12,65000,put,0.02030566,0.015,0.0255,33.02,,,,,2.6,0.0,63707.37
2026-08-12 02:46:43,deribit,BTC,BTC-25DEC26-102000-P,2026-12-25,102000,put,0.57991454,,,41.05,,,,,7.8,0.0,64734.33
2026-08-12 02:46:43,deribit,BTC,BTC-25JUN27-120000-C,2027-06-25,120000,call,0.01451282,0.0135,0.0155,42.02,,,,,102.7,0.0,66117.81
2026-08-12 02:46:43,deribit,BTC,BTC-15AUG26-71000-P,2026-08-15,71000,put,0.11405056,,,38.5,,,,,0.0,0.0,63732.27
2026-08-12 02:46:43,deribit,BTC,BTC-25SEP26-165000-C,2026-09-25,165000,call,1.561e-05,,0.0001,75.32,,,,,184.2,0.0,64022.74
2026-08-12 02:46:43,deribit,BTC,BTC-13AUG26-62000-P,2026-08-13,62000,put,0.00074277,0.0006,0.0009,34.21,,,,,77.8,27.3,63716.67
2026-08-12 02:46:43,deribit,BTC,BTC-28AUG26-98000-P,2026-08-28,98000,put,0.53541684,,,59.46,,,,,0.0,0.0,63826.64
2026-08-12 02:46:43,deribit,BTC,BTC-25SEP26-65000-P,2026-09-25,65000,put,0.05681531,0.056,0.0575,34.9,,,,,685.5,18.4,64022.74
2026-08-12 02:46:43,deribit,BTC,BTC-26MAR27-170000-P,2027-03-26,170000,put,1.60036788,,,48.02,,,,,0.1,0.0,65403.61
2026-08-12 02:46:43,deribit,BTC,BTC-14AUG26-80000-C,2026-08-14,80000,call,0.0,,0.0001,51.26,,,,,905.1,0.0,63723.35
2026-08-12 02:46:43,deribit,BTC,BTC-25SEP26-160000-P,2026-09-25,160000,put,1.49913942,,,75.32,,,,,0.6,0.0,64022.74
2026-08-12 02:46:43,deribit,BTC,BTC-25SEP26-80000-P,2026-09-25,80000,put,0.25149281,0.2445,0.257,35.44,,,,,612.6,0.2,64022.74
2026-08-12 02:46:43,deribit,BTC,BTC-21AUG26-56000-P,2026-08-21,56000,put,0.00073784,0.0006,0.0009,43.35,,,,,51.8,0.3,63773.65
2026-08-12 02:46:43,deribit,BTC,BTC-25SEP26-180000-C,2026-09-25,180000,call,4.01e-06,,0.0001,75.32,,,,,748.1,0.0,64022.74
2026-08-12 02:46:43,deribit,BTC,BTC-26MAR27-90000-P,2027-03-26,90000,put,0.40584622,0.4015,0.414,40.01,,,,,14.1,0.0,65403.14
2026-08-12 02:46:43,deribit,BTC,BTC-30OCT26-80000-P,2026-10-30,80000,put,0.25347696,0.2485,0.2575,36.56,,,,,0.5,0.0,64279.71
2026-08-12 02:46:43,deribit,BTC,BTC-26MAR27-54000-P,2027-03-26,54000,put,0.05775603,0.057,0.0585,44.39,,,,,58.7,0.0,65403.61
2026-08-12 02:46:43,deribit,BTC,BTC-28AUG26-90000-C,2026-08-28,90000,call,6.048e-05,,0.0001,55.07,,,,,368.7,0.0,63826.64
2026-08-12 02:46:43,deribit,BTC,BTC-26MAR27-60000-P,2027-03-26,60000,put,0.09010102,0.089,0.091,42.46,,,,,613.2,0.0,65403.61
2026-08-12 02:46:43,deribit,BTC,BTC-13AUG26-63500-P,2026-08-13,63500,put,0.0047781,0.0044,0.005,27.53,,,,,42.7,28.8,63716.67
2026-08-12 02:46:43,deribit,BTC,BTC-25DEC26-65000-C,2026-12-25,65000,call,0.09522591,0.0945,0.096,40.08,,,,,962.5,117.9,64734.33
2026-08-12 02:46:43,deribit,BTC,BTC-28AUG26-53000-C,2026-08-28,53000,call,0.17083855,0.168,0.176,48.1,,,,,10.9,0.0,63826.64
2026-08-12 02:46:43,deribit,BTC,BTC-25DEC26-190000-C,2026-12-25,190000,call,0.00010695,0.0001,0.0003,55.34,,,,,993.0,0.1,64734.33
2026-08-12 02:46:43,deribit,BTC,BTC-25SEP26-105000-P,2026-09-25,105000,put,0.64022386,0.6285,0.6475,50.99,,,,,104.6,0.0,64022.23
2026-08-12 02:46:43,deribit,BTC,BTC-12AUG26-59000-C,2026-08-12,59000,call,0.07389153,0.0001,,56.37,,,,,0.0,0.0,63707.37
2026-08-12 02:46:43,deribit,BTC,BTC-25DEC26-230000-P,2026-12-25,230000,put,2.55309949,,,63.04,,,,,0.0,0.0,64734.33
2026-08-12 02:46:43,deribit,BTC,BTC-25SEP26-72000-C,2026-09-25,72000,call,0.01057484,0.0105,0.011,33.97,,,,,2967.1,351.3,64022.74
2026-08-12 02:46:43,deribit,BTC,BTC-25SEP26-130000-P,2026-09-25,130000,put,1.03058813,,,63.53,,,,,21.4,0.0,64022.74
2026-08-12 02:46:43,deribit,BTC,BTC-25SEP26-70000-P,2026-09-25,70000,put,0.10930518,0.104,0.114,33.86,,,,,1522.7,0.4,64022.23
2026-08-12 02:46:43,deribit,BTC,BTC-26MAR27-150000-C,2027-03-26,150000,call,0.0019767,0.0015,0.0023,45.85,,,,,1908.1,0.4,65403.61
2026-08-12 02:46:43,deribit,BTC,BTC-25DEC26-45000-P,2026-12-25,45000,put,0.01550505,0.015,0.016,51.23,,,,,2905.7,1.5,64734.33
2026-08-12 02:46:43,deribit,BTC,BTC-30OCT26-67000-P,2026-10-30,67000,put,0.0930371,0.0925,0.0935,36.85,,,,,14.1,1.9,64279.71
2026-08-12 02:46:43,deribit,BTC,BTC-25JUN27-60000-C,2027-06-25,60000,call,0.2041115,0.201,0.2065,43.59,,,,,943.4,0.0,66117.81
2026-08-12 02:46:43,deribit,BTC,BTC-14AUG26-63500-P,2026-08-14,63500,put,0.00704622,0.0065,0.0075,27.99,,,,,33.8,37.8,63723.86
2026-08-12 02:46:43,deribit,BTC,BTC-12AUG26-71000-C,2026-08-12,71000,call,0.0,,0.0001,46.23,,,,,0.0,0.0,63707.89
2026-08-12 02:46:43,deribit,BTC,BTC-15AUG26-60000-C,2026-08-15,60000,call,0.05938793,,,39.93,,,,,0.0,0.0,63732.37
2026-08-12 02:46:43,deribit,BTC,BTC-14AUG26-50000-P,2026-08-14,50000,put,6e-08,,0.0001,71.24,,,,,156.5,0.0,63723.35
2026-08-12 02:46:43,deribit,BTC,BTC-21AUG26-67000-C,2026-08-21,67000,call,0.00306434,0.0028,0.003,27.98,,,,,1234.7,133.1,63773.65
2026-08-12 02:46:43,deribit,BTC,BTC-30OCT26-59000-C,2026-10-30,59000,call,0.11929323,0.1175,0.122,39.79,,,,,1.0,0.0,64279.71
2026-08-12 02:46:43,deribit,BTC,BTC-25SEP26-220000-C,2026-09-25,220000,call,1.2e-07,,0.0001,75.38,,,,,230.1,0.0,64022.23
2026-08-12 02:46:43,deribit,BTC,BTC-26MAR27-106000-C,2027-03-26,106000,call,0.01170272,0.011,0.0125,40.74,,,,,43.6,0.0,65403.61
2026-08-12 02:46:43,deribit,BTC,BTC-30OCT26-48000-C,2026-10-30,48000,call,0.2625595,0.26,0.284,48.94,,,,,0.1,0.0,64279.71
2026-08-12 02:46:43,deribit,BTC,BTC-28AUG26-80000-C,2026-08-28,80000,call,0.00015638,0.0001,0.0002,41.64,,,,,2145.8,2.2,63826.64
2026-08-12 02:46:43,deribit,BTC,BTC-25SEP26-100000-C,2026-09-25,100000,call,0.00028312,0.0002,0.0004,48.75,,,,,3632.8,4.8,64022.74
2026-08-12 02:46:43,deribit,BTC,BTC-26MAR27-98000-C,2027-03-26,98000,call,0.01849756,0.018,0.019,40.3,,,,,102.1,1.2,65403.61
2026-08-12 02:46:43,deribit,BTC,BTC-30OCT26-88000-P,2026-10-30,88000,put,0.37213359,,,37.93,,,,,0.0,0.0,64279.71
2026-08-12 02:46:43,deribit,BTC,BTC-14AUG26-65000-P,2026-08-14,65000,put,0.02186204,0.02,0.0235,26.27,,,,,101.9,14.4,63723.86
2026-08-12 02:46:43,deribit,BTC,BTC-15AUG26-57000-C,2026-08-15,57000,call,0.10592555,,,55.74,,,,,0.0,0.0,63732.37
2026-08-12 02:46:43,deribit,BTC,BTC-25SEP26-60000-P,2026-09-25,60000,put,0.0250441,0.0245,0.0255,37.47,,,,,4787.5,124.2,64022.23
2026-08-12 02:46:43,deribit,BTC,BTC-25DEC26-72000-P,2026-12-25,72000,put,0.16572287,0.162,0.1675,39.01,,,,,330.5,0.0,64733.84
2026-08-12 02:46:43,deribit,BTC,BTC-26MAR27-56000-C,2027-03-26,56000,call,0.21104074,0.2085,0.2135,43.65,,,,,16.9,0.0,65403.61
2026-08-12 02:46:43,deribit,BTC,BTC-28AUG26-62000-P,2026-08-28,62000,put,0.01503953,0.0145,0.0155,32.54,,,,,877.3,488.8,63826.64
2026-08-12 02:46:43,deribit,BTC,BTC-25JUN27-55000-C,2027-06-25,55000,call,0.24994516,0.243,0.2545,44.85,,,,,2.7,0.0,66117.81
2026-08-12 02:46:43,deribit,BTC,BTC-12AUG26-62500-P,2026-08-12,62500,put,4.889e-05,,0.0001,36.39,,,,,152.8,49.9,63707.37
2026-08-12 02:46:43,deribit,BTC,BTC-25DEC26-56000-C,2026-12-25,56000,call,0.17927734,0.173,0.184,43.17,,,,,41.4,0.0,64734.33
2026-08-12 02:46:43,deribit,BTC,BTC-25SEP26-52000-P,2026-09-25,52000,put,0.00678081,0.0065,0.007,46.4,,,,,1240.5,11.9,64022.23
2026-08-12 02:46:43,deribit,BTC,BTC-26MAR27-86000-P,2027-03-26,86000,put,0.35285444,0.349,0.3595,39.95,,,,,1.8,0.0,65403.61
2026-08-12 02:46:43,deribit,BTC,BTC-26MAR27-40000-P,2027-03-26,40000,put,0.01854945,0.018,0.019,52.74,,,,,1134.4,5.1,65403.61
2026-08-12 02:46:43,deribit,BTC,BTC-26MAR27-120000-C,2027-03-26,120000,call,0.00595341,0.005,0.0065,42.22,,,,,328.8,0.2,65403.61
2026-08-12 02:46:43,deribit,BTC,BTC-13AUG26-59000-C,2026-08-13,59000,call,0.07410561,0.0001,,55.47,,,,,0.0,0.0,63716.67
2026-08-12 02:46:43,deribit,BTC,BTC-30OCT26-80000-C,2026-10-30,80000,call,0.00891395,0.0085,0.009,36.56,,,,,233.1,13.3,64279.71
2026-08-12 02:46:43,deribit,BTC,BTC-25JUN27-140000-C,2027-06-25,140000,call,0.00720686,0.0065,0.008,43.4,,,,,213.6,0.1,66117.98
2026-08-12 02:46:43,deribit,BTC,BTC-12AUG26-70000-P,2026-08-12,70000,put,0.09877277,0.0001,,46.23,,,,,0.0,0.0,63707.89
2026-08-12 02:46:43,deribit,BTC,BTC-25SEP26-190000-C,2026-09-25,190000,call,1.66e-06,,0.0001,75.38,,,,,772.5,0.0,64022.23
2026-08-12 02:46:43,deribit,BTC,BTC-26MAR27-56000-P,2027-03-26,56000,put,0.06726744,0.0665,0.068,43.65,,,,,83.2,0.0,65403.61
2026-08-12 02:46:43,deribit,BTC,BTC-25JUN27-56000-C,2027-06-25,56000,call,0.24026248,0.237,0.243,44.57,,,,,2.0,0.0,66117.81
2026-08-12 02:46:43,deribit,BTC,BTC-25SEP26-64000-C,2026-09-25,64000,call,0.04910016,0.0485,0.0495,35.26,,,,,700.9,110.4,64022.74
2026-08-12 02:46:43,deribit,BTC,BTC-28AUG26-40000-P,2026-08-28,40000,put,2.169e-05,,0.0001,69.36,,,,,753.0,2.0,63826.64
2026-08-12 02:46:43,deribit,BTC,BTC-25SEP26-220000-P,2026-09-25,220000,put,2.43628292,,,75.38,,,,,1.8,0.0,64022.23
2026-08-12 02:46:43,deribit,BTC,BTC-25DEC26-50000-C,2026-12-25,50000,call,0.25218466,0.249,0.258,46.73,,,,,260.8,0.0,64734.33
2026-08-12 02:46:43,deribit,BTC,BTC-14AUG26-52000-C,2026-08-14,52000,call,0.18397412,,,71.24,,,,,0.0,0.0,63723.86
2026-08-12 02:46:43,deribit,BTC,BTC-30OCT26-45000-P,2026-10-30,45000,put,0.00651853,0.006,0.007,52.42,,,,,46.6,2.6,64279.71
2026-08-12 02:46:43,deribit,BTC,BTC-30OCT26-69000-C,2026-10-30,69000,call,0.03953063,0.039,0.04,36.51,,,,,35.5,0.0,64279.71
2026-08-12 02:46:43,deribit,BTC,BTC-25JUN27-84000-C,2027-06-25,84000,call,0.06924606,0.068,0.0705,41.1,,,,,2.7,0.0,66117.98
2026-08-12 02:46:43,deribit,BTC,BTC-25SEP26-40000-P,2026-09-25,40000,put,0.00150276,0.0014,0.0016,67.11,,,,,2311.2,1.9,64022.74
2026-08-12 02:46:43,deribit,BTC,BTC-25SEP26-280000-P,2026-09-25,280000,put,3.37345085,,,81.51,,,,,0.0,0.0,64022.74
2026-08-12 02:46:43,deribit,BTC,BTC-30OCT26-69000-P,2026-10-30,69000,put,0.11296623,0.1105,0.1155,36.51,,,,,0.1,0.0,64279.71
2026-08-12 02:46:43,deribit,BTC,BTC-12AUG26-62500-C,2026-08-12,62500,call,0.01900178,0.0001,,36.39,,,,,0.0,0.0,63707.37
2026-08-12 02:46:43,deribit,BTC,BTC-30OCT26-62000-P,2026-10-30,62000,put,0.05363336,0.053,0.054,38.37,,,,,22.9,0.0,64279.71
2026-08-12 02:46:43,deribit,BTC,BTC-25JUN27-88000-P,2027-06-25,88000,put,0.38842663,0.3845,0.392,41.01,,,,,0.1,0.0,66117.81
2026-08-12 02:46:43,deribit,BTC,BTC-30OCT26-40000-C,2026-10-30,40000,call,0.3815304,,,59.35,,,,,0.0,0.0,64279.71
2026-08-12 02:46:43,deribit,BTC,BTC-30OCT26-86000-P,2026-10-30,86000,put,0.34183413,,,37.37,,,,,0.1,0.0,64279.71
2026-08-12 02:46:43,deribit,BTC,BTC-26MAR27-82000-P,2027-03-26,82000,put,0.30190285,0.299,0.3705,39.86,,,,,3.9,0.0,65403.61
2026-08-12 02:46:43,deribit,BTC,BTC-25DEC26-64000-C,2026-12-25,64000,call,0.10279045,0.102,0.1035,40.28,,,,,420.8,0.2,64734.33
2026-08-12 02:46:43,deribit,BTC,BTC-26MAR27-95000-P,2027-03-26,95000,put,0.47461402,0.47,0.4795,40.18,,,,,0.6,0.0,65403.14
2026-08-12 02:46:43,deribit,BTC,BTC-25DEC26-95000-C,2026-12-25,95000,call,0.00701826,0.0065,0.0075,39.76,,,,,1302.3,0.0,64734.33
2026-08-12 02:46:43,deribit,BTC,BTC-25SEP26-95000-C,2026-09-25,95000,call,0.00029703,0.0002,0.0005,44.06,,,,,1861.6,3.5,64022.74
2026-08-12 02:46:43,deribit,BTC,BTC-25SEP26-35000-C,2026-09-25,35000,call,0.45415616,0.4515,0.457,77.15,,,,,29.3,0.0,64022.74
2026-08-12 02:46:43,deribit,BTC,BTC-14AUG26-65500-P,2026-08-14,65500,put,0.02880278,0.0245,0.052,26.73,,,,,0.0,0.0,63723.86
2026-08-12 02:46:43,deribit,BTC,BTC-25DEC26-240000-P,2026-12-25,240000,put,2.70757423,,,64.69,,,,,0.0,0.0,64734.33
2026-08-12 02:46:43,deribit,BTC,BTC-28AUG26-86000-P,2026-08-28,86000,put,0.34745864,,,48.66,,,,,0.0,0.0,63826.64
2026-08-12 02:46:43,deribit,BTC,BTC-25JUN27-105000-C,2027-06-25,105000,call,0.02658556,0.026,0.027,41.2,,,,,98.3,1.5,66117.98
2026-08-12 02:46:43,deribit,BTC,BTC-25DEC26-86000-P,2026-12-25,86000,put,0.34394037,0.3385,0.357,39.03,,,,,23.4,0.0,64734.33
2026-08-12 02:46:43,deribit,BTC,BTC-28AUG26-79000-C,2026-08-28,79000,call,0.00024222,0.0002,0.0003,41.63,,,,,921.6,286.9,63826.64
2026-08-12 02:46:43,deribit,BTC,BTC-25SEP26-200000-C,2026-09-25,200000,call,6.9e-07,,0.0001,75.38,,,,,1009.2,0.0,64022.74
2026-08-12 02:46:43,deribit,BTC,BTC-28AUG26-78000-P,2026-08-28,78000,put,0.22229869,,,39.46,,,,,4.1,0.0,63826.64
2026-08-12 02:46:43,deribit,BTC,BTC-15AUG26-59000-P,2026-08-15,59000,put,0.00053811,0.0004,0.0007,44.93,,,,,9.0,9.4,63732.37
2026-08-12 02:46:43,deribit,BTC,BTC-12AUG26-66500-P,2026-08-12,66500,put,0.04383432,0.0001,,46.21,,,,,0.0,0.0,63707.89
2026-08-12 02:46:43,deribit,BTC,BTC-26MAR27-150000-P,2027-03-26,150000,put,1.29544106,,,45.85,,,,,0.5,0.0,65403.14
2026-08-12 02:46:43,deribit,BTC,BTC-25SEP26-45000-P,2026-09-25,45000,put,0.00251158,0.0025,0.0027,57.03,,,,,2177.2,1.9,64022.74
2026-08-12 02:46:43,deribit,BTC,BTC-25DEC26-20000-C,2026-12-25,20000,call,0.69232024,0.69,0.6945,86.54,,,,,2.7,0.0,64734.33
2026-08-12 02:46:43,deribit,BTC,BTC-26MAR27-110000-C,2027-03-26,110000,call,0.00950343,0.009,0.01,41.1,,,,,531.9,0.0,65403.61
2026-08-12 02:46:43,deribit,BTC,BTC-25SEP26-145000-C,2026-09-25,145000,call,3.695e-05,,0.0001,69.92,,,,,493.3,0.0,64022.23
2026-08-12 02:46:43,deribit,BTC,BTC-26MAR27-125000-C,2027-03-26,125000,call,0.00491186,0.0043,0.0055,42.96,,,,,126.0,0.0,65403.61
2026-08-12 02:46:43,deribit,BTC,BTC-25DEC26-150000-P,2026-12-25,150000,put,1.3177148,,,51.51,,,,,2.0,0.0,64733.84
2026-08-12 02:46:43,deribit,BTC,BTC-25JUN27-120000-P,2027-06-25,120000,put,0.82946924,0.822,0.858,42.02,,,,,0.1,0.0,66117.81
2026-08-12 02:46:43,deribit,BTC,BTC-30OCT26-63000-P,2026-10-30,63000,put,0.06027481,0.0595,0.061,37.97,,,,,325.4,15.2,64279.71
2026-08-12 02:46:43,deribit,BTC,BTC-25SEP26-160000-C,2026-09-25,160000,call,2.465e-05,,0.0002,75.32,,,,,1444.3,0.0,64022.74
2026-08-12 02:46:43,deribit,BTC,BTC-12AUG26-66000-C,2026-08-12,66000,call,1.83e-06,,0.0001,44.82,,,,,174.2,10.5,63707.37
2026-08-12 02:46:43,deribit,BTC,BTC-25JUN27-64000-P,2027-06-25,64000,put,0.14020418,0.139,0.141,42.83,,,,,13.5,0.1,66117.98
2026-08-12 02:46:43,deribit,BTC,BTC-12AUG26-72000-C,2026-08-12,72000,call,0.0,,0.0001,46.23,,,,,0.0,0.0,63707.37
2026-08-12 02:46:43,deribit,BTC,BTC-25JUN27-95000-C,2027-06-25,95000,call,0.0416919,0.041,0.043,41.03,,,,,27.2,0.9,66117.81
2026-08-12 02:46:43,deribit,BTC,BTC-25DEC26-98000-C,2026-12-25,98000,call,0.00556748,0.0055,0.006,40.23,,,,,210.0,0.2,64733.84
2026-08-12 02:46:43,deribit,BTC,BTC-14AUG26-52000-P,2026-08-14,52000,put,1.52e-06,,0.0001,71.24,,,,,271.4,32.0,63723.86
2026-08-12 02:46:43,deribit,BTC,BTC-12AUG26-67500-P,2026-08-12,67500,put,0.05953088,0.0001,,46.22,,,,,0.0,0.0,63707.37
2026-08-12 02:46:43,deribit,BTC,BTC-25DEC26-108000-P,2026-12-25,108000,put,0.67119762,,,42.14,,,,,0.1,0.0,64733.84
2026-08-12 02:46:43,deribit,BTC,BTC-21AUG26-56000-C,2026-08-21,56000,call,0.12262327,,,43.35,,,,,0.0,0.0,63773.65
2026-08-12 02:46:43,deribit,BTC,BTC-14AUG26-64500-C,2026-08-14,64500,call,0.00357697,0.0033,0.0038,26.48,,,,,73.4,81.1,63723.86
2026-08-12 02:46:43,deribit,BTC,BTC-25JUN27-74000-P,2027-06-25,74000,put,0.22945576,0.2265,0.2305,41.65,,,,,0.1,0.0,66117.98
2026-08-12 02:46:43,deribit,BTC,BTC-28AUG26-94000-P,2026-08-28,94000,put,0.47277717,,,59.46,,,,,0.0,0.0,63827.15
2026-08-12 02:46:43,deribit,BTC,BTC-25SEP26-86000-C,2026-09-25,86000,call,0.00083344,0.0007,0.001,39.05,,,,,898.6,0.2,64022.23
2026-08-12 02:46:43,deribit,BTC,BTC-13AUG26-72000-P,2026-08-13,72000,put,0.13000717,0.0001,,43.17,,,,,0.0,0.0,63716.41
2026-08-12 02:46:43,deribit,BTC,BTC-25DEC26-115000-C,2026-12-25,115000,call,0.00188406,0.0017,0.0021,43.57,,,,,2339.9,0.0,64734.33
2026-08-12 02:46:43,deribit,BTC,BTC-26MAR27-140000-P,2027-03-26,140000,put,1.143301,,,44.64,,,,,0.0,0.0,65403.61
2026-08-12 02:46:43,deribit,BTC,BTC-13AUG26-62500-P,2026-08-13,62500,put,0.00132731,0.0011,0.0015,31.42,,,,,168.3,150.0,63716.41
2026-08-12 02:46:43,deribit,BTC,BTC-25DEC26-80000-P,2026-12-25,80000,put,0.26230262,0.2525,0.2685,38.83,,,,,951.8,0.0,64734.33
2026-08-12 02:46:43,deribit,BTC,BTC-25SEP26-56000-P,2026-09-25,56000,put,0.0125812,0.012,0.013,41.13,,,,,1364.2,12.8,64022.74
2026-08-12 02:46:43,deribit,BTC,BTC-28AUG26-50000-P,2026-08-28,50000,put,0.000601,0.0005,0.0007,54.35,,,,,2828.1,20.2,63826.64
2026-08-12 02:46:43,deribit,BTC,BTC-26MAR27-70000-P,2027-03-26,70000,put,0.17000661,0.1675,0.1705,40.76,,,,,211.8,0.0,65403.14
2026-08-12 02:46:43,deribit,BTC,BTC-25JUN27-86000-C,2027-06-25,86000,call,0.06306587,0.062,0.064,41.04,,,,,2.9,0.0,66117.81
2026-08-12 02:46:43,deribit,BTC,BTC-15AUG26-65500-P,2026-08-15,65500,put,0.02956373,0.0255,0.033,26.95,,,,,0.0,0.0,63732.37
2026-08-12 02:46:43,deribit,BTC,BTC-15AUG26-64000-C,2026-08-15,64000,call,0.00829997,0.0075,0.0085,27.35,,,,,66.6,68.6,63732.37
2026-08-12 02:46:43,deribit,BTC,BTC-26MAR27-64000-C,2027-03-26,64000,call,0.13978572,0.1385,0.141,41.63,,,,,135.2,0.0,65403.61
2026-08-12 02:46:43,deribit,BTC,BTC-25DEC26-82000-P,2026-12-25,82000,put,0.28877474,0.28,0.2955,38.83,,,,,158.8,0.0,64733.84
2026-08-12 02:46:43,deribit,BTC,BTC-28AUG26-78000-C,2026-08-28,78000,call,0.00024207,0.0002,0.0003,39.46,,,,,1325.1,8.5,63826.64
2026-08-12 02:46:43,deribit,BTC,BTC-25DEC26-90000-P,2026-12-25,90000,put,0.40101384,0.39,0.409,39.21,,,,,590.6,0.0,64733.84
2026-08-12 02:46:43,deribit,BTC,BTC-28AUG26-92000-C,2026-08-28,92000,call,6.13e-05,,0.0001,58.29,,,,,113.3,0.0,63826.64
2026-08-12 02:46:43,deribit,BTC,BTC-26MAR27-50000-C,2027-03-26,50000,call,0.27739711,0.273,0.283,46.07,,,,,20.6,0.0,65403.61
2026-08-12 02:46:43,deribit,BTC,BTC-13AUG26-71000-P,2026-08-13,71000,put,0.11431263,0.0001,,40.66,,,,,0.0,0.0,63716.41
2026-08-12 02:46:43,deribit,BTC,BTC-28AUG26-79000-P,2026-08-28,79000,put,0.23796623,,,41.63,,,,,0.7,0.0,63826.64
2026-08-12 02:46:43,deribit,BTC,BTC-30OCT26-74000-P,2026-10-30,74000,put,0.17161207,0.1675,0.225,36.2,,,,,0.3,0.3,64279.71
2026-08-12 02:46:43,deribit,BTC,BTC-25JUN27-140000-P,2027-06-25,140000,put,1.12465602,,,43.4,,,,,0.0,0.0,66117.98
2026-08-12 02:46:43,deribit,BTC,BTC-15AUG26-62500-P,2026-08-15,62500,put,0.00393371,0.0037,0.0042,29.66,,,,,5.0,5.0,63732.27
2026-08-12 02:46:43,deribit,BTC,BTC-25DEC26-180000-P,2026-12-25,180000,put,1.78080335,,,55.34,,,,,0.0,0.0,64733.84
2026-08-12 02:46:43,deribit,BTC,BTC-28AUG26-88000-P,2026-08-28,88000,put,0.37879008,,,51.76,,,,,0.0,0.0,63826.64
2026-08-12 02:46:43,deribit,BTC,BTC-12AUG26-64500-C,2026-08-12,64500,call,3.786e-05,,0.0001,24.08,,,,,528.9,620.3,63707.37
2026-08-12 02:46:43,deribit,BTC,BTC-28AUG26-96000-P,2026-08-28,96000,put,0.50409269,,,59.46,,,,,0.2,0.0,63826.64
2026-08-12 02:46:43,deribit,BTC,BTC-28AUG26-86000-C,2026-08-28,86000,call,6.288e-05,,0.0001,48.66,,,,,188.3,2.3,63826.64
2026-08-12 02:46:43,deribit,BTC,BTC-25JUN27-76000-C,2027-06-25,76000,call,0.10057989,0.099,0.102,41.51,,,,,20.8,5.0,66117.81
2026-08-12 02:46:43,deribit,BTC,BTC-25DEC26-35000-P,2026-12-25,35000,put,0.00648678,0.006,0.007,63.16,,,,,2348.3,4.3,64734.33
2026-08-12 02:46:43,deribit,BTC,BTC-25SEP26-150000-P,2026-09-25,150000,put,1.34295734,,,72.57,,,,,0.7,0.0,64022.74
2026-08-12 02:46:43,deribit,BTC,BTC-28AUG26-57000-C,2026-08-28,57000,call,0.1102884,0.107,0.115,40.04,,,,,28.5,0.0,63826.64
2026-08-12 02:46:43,deribit,BTC,BTC-30OCT26-61000-C,2026-10-30,61000,call,0.09845663,0.0975,0.0995,38.72,,,,,1.2,0.0,64279.71
2026-08-12 02:46:43,deribit,BTC,BTC-26MAR27-50000-P,2027-03-26,50000,put,0.04188523,0.041,0.0425,46.07,,,,,2108.2,51.3,65403.61
2026-08-12 02:46:43,deribit,BTC,BTC-26MAR27-190000-C,2027-03-26,190000,call,0.00085728,0.0007,0.0011,51.22,,,,,883.6,0.4,65403.61
2026-08-12 02:46:43,deribit,BTC,BTC-25DEC26-110000-C,2026-12-25,110000,call,0.00253033,0.0023,0.0028,42.61,,,,,2639.3,0.3,64734.33
2026-08-12 02:46:43,deribit,BTC,BTC-28AUG26-48000-P,2026-08-28,48000,put,0.00040131,0.0004,0.0005,58.94,,,,,1545.4,108.5,63826.64
2026-08-12 02:46:43,deribit,BTC,BTC-25SEP26-88000-P,2026-09-25,88000,put,0.375142,,,40.04,,,,,5.7,0.0,64022.23
2026-08-12 02:46:43,deribit,BTC,BTC-21AUG26-59000-C,2026-08-21,59000,call,0.07708578,0.0475,0.081,36.16,,,,,0.0,0.0,63773.65
2026-08-12 02:46:43,deribit,BTC,BTC-14AUG26-63500-C,2026-08-14,63500,call,0.01055122,0.01,0.011,27.99,,,,,63.6,63.8,63723.86
2026-08-12 02:46:43,deribit,BTC,BTC-12AUG26-69000-P,2026-08-12,69000,put,0.08307601,0.0001,,46.23,,,,,0.0,0.0,63707.37
2026-08-12 02:46:43,deribit,BTC,BTC-14AUG26-60000-C,2026-08-14,60000,call,0.058937,,,43.63,,,,,1.0,0.0,63723.86
2026-08-12 02:46:43,deribit,BTC,BTC-26MAR27-76000-P,2027-03-26,76000,put,0.23144042,0.229,0.2345,40.08,,,,,19.2,0.0,65403.61
2026-08-12 02:46:43,deribit,BTC,BTC-25SEP26-76000-C,2026-09-25,76000,call,0.00433809,0.0041,0.0044,34.2,,,,,2836.3,103.0,64022.23
2026-08-12 02:46:43,deribit,BTC,BTC-30OCT26-64000-C,2026-10-30,64000,call,0.07192909,0.071,0.0725,37.65,,,,,420.0,2.2,64279.59
2026-08-12 02:46:43,deribit,BTC,BTC-12AUG26-63500-C,2026-08-12,63500,call,0.00415652,0.0034,0.005,22.09,,,,,37.3,37.9,63707.37
2026-08-12 02:46:43,deribit,BTC,BTC-25SEP26-110000-C,2026-09-25,110000,call,0.00017668,0.0001,0.0003,55.1,,,,,1324.7,6.3,64022.74
2026-08-12 02:46:43,deribit,BTC,BTC-25DEC26-82000-C,2026-12-25,82000,call,0.02204934,0.0215,0.0225,38.83,,,,,539.7,2.1,64733.84
2026-08-12 02:46:43,deribit,BTC,BTC-12AUG26-64000-C,2026-08-12,64000,call,0.00046249,0.0003,0.0006,20.08,,,,,25.3,25.7,63707.89
2026-08-12 02:46:43,deribit,BTC,BTC-12AUG26-60000-P,2026-08-12,60000,put,0.0,,0.0001,50.05,,,,,17.4,1.0,63707.89
2026-08-12 02:46:43,deribit,BTC,BTC-15AUG26-61500-P,2026-08-15,61500,put,0.0018695,0.0016,0.0021,32.91,,,,,3.7,3.7,63732.27
2026-08-12 02:46:43,deribit,BTC,BTC-13AUG26-69000-C,2026-08-13,69000,call,3.8e-07,,0.0001,36.36,,,,,9.3,0.0,63716.41
2026-08-12 02:46:43,deribit,BTC,BTC-25SEP26-55000-P,2026-09-25,55000,put,0.01063249,0.01,0.011,42.24,,,,,2513.5,10.7,64022.74
2026-08-12 02:46:43,deribit,BTC,BTC-25DEC26-130000-P,2026-12-25,130000,put,1.00919508,,,46.97,,,,,54.9,0.0,64734.33
2026-08-12 02:46:43,deribit,BTC,BTC-25DEC26-106000-C,2026-12-25,106000,call,0.0032268,0.003,0.0034,41.78,,,,,320.2,0.0,64733.84
2026-08-12 02:46:43,deribit,BTC,BTC-25DEC26-30000-C,2026-12-25,30000,call,0.54052419,0.538,0.543,69.82,,,,,291.0,0.0,64734.33
2026-08-12 02:46:43,deribit,BTC,BTC-25DEC26-180000-C,2026-12-25,180000,call,0.00018659,0.0001,0.0003,55.34,,,,,923.8,0.0,64734.33
2026-08-12 02:46:43,deribit,BTC,BTC-25SEP26-74000-P,2026-09-25,74000,put,0.16274975,0.155,0.1665,34.17,,,,,110.7,0.0,64022.23
2026-08-12 02:46:43,deribit,BTC,BTC-25DEC26-106000-P,2026-12-25,106000,put,0.64070111,,,41.78,,,,,0.2,0.0,64733.84
2026-08-12 02:46:43,deribit,BTC,BTC-28AUG26-84000-P,2026-08-28,84000,put,0.31616699,,,47.52,,,,,0.8,0.0,63826.64
2026-08-12 02:46:43,deribit,BTC,BTC-26MAR27-88000-P,2027-03-26,88000,put,0.3791647,0.375,0.446,40.0,,,,,4.5,0.0,65403.14
2026-08-12 02:46:43,deribit,BTC,BTC-30OCT26-57000-P,2026-10-30,57000,put,0.02871356,0.028,0.029,40.91,,,,,96.1,10.0,64279.71
2026-08-12 02:46:43,deribit,BTC,BTC-14AUG26-64000-C,2026-08-14,64000,call,0.00647359,0.006,0.007,27.17,,,,,262.6,135.8,63723.86
2026-08-12 02:46:43,deribit,BTC,BTC-15AUG26-64500-C,2026-08-15,64500,call,0.00516188,0.0048,0.0055,26.69,,,,,42.5,42.5,63732.27
2026-08-12 02:46:43,deribit,BTC,BTC-25DEC26-62000-P,2026-12-25,62000,put,0.07718328,0.0765,0.0775,40.85,,,,,936.4,150.0,64734.33
2026-08-12 02:46:43,deribit,BTC,BTC-25SEP26-45000-C,2026-09-25,45000,call,0.29963555,0.2965,0.3035,57.03,,,,,224.8,0.0,64022.74
2026-08-12 02:46:43,deribit,BTC,BTC-26MAR27-200000-C,2027-03-26,200000,call,0.00058006,0.0003,0.0008,51.23,,,,,497.0,6.8,65403.61
2026-08-12 02:46:43,deribit,BTC,BTC-14AUG26-50000-C,2026-08-14,50000,call,0.21535833,,,71.24,,,,,0.0,0.0,63723.86
2026-08-12 02:46:43,deribit,BTC,BTC-15AUG26-69000-P,2026-08-15,69000,put,0.08271166,,,33.31,,,,,0.0,0.0,63732.27
2026-08-12 02:46:43,deribit,BTC,BTC-30OCT26-60000-P,2026-10-30,60000,put,0.04212478,0.0415,0.0425,39.29,,,,,252.7,17.6,64279.71
2026-08-12 02:46:43,deribit,BTC,BTC-30OCT26-52000-P,2026-10-30,52000,put,0.01510082,0.0145,0.0155,44.78,,,,,41.6,0.9,64279.71
2026-08-12 02:46:43,deribit,BTC,BTC-25DEC26-140000-P,2026-12-25,140000,put,1.16338155,,,49.12,,,,,0.2,0.0,64734.33
2026-08-12 02:46:43,deribit,BTC,BTC-25SEP26-125000-P,2026-09-25,125000,put,0.95250984,,,61.77,,,,,21.8,0.0,64022.74
2026-08-12 02:46:43,deribit,BTC,BTC-28AUG26-92000-P,2026-08-28,92000,put,0.44146141,,,58.29,,,,,1.2,0.0,63826.64
2026-08-12 02:46:43,deribit,BTC,BTC-12AUG26-65500-P,2026-08-12,65500,put,0.02814173,0.0001,,38.55,,,,,0.1,0.0,63707.89
2026-08-12 02:46:43,deribit,BTC,BTC-25JUN27-55000-P,2027-06-25,55000,put,0.08180019,0.081,0.0825,44.85,,,,,9.1,0.1,66117.81
2026-08-12 02:46:43,deribit,BTC,BTC-26MAR27-102000-P,2027-03-26,102000,put,0.57425618,0.569,0.58,40.52,,,,,0.1,0.0,65403.61
2026-08-12 02:46:43,deribit,BTC,BTC-28AUG26-75000-P,2026-08-28,75000,put,0.17543857,0.168,0.1805,34.74,,,,,44.2,0.0,63826.64
2026-08-12 02:46:43,deribit,BTC,BTC-26MAR27-96000-C,2027-03-26,96000,call,0.02077111,0.02,0.0215,40.19,,,,,132.9,1.5,65403.61
2026-08-12 02:46:43,deribit,BTC,BTC-25SEP26-98000-P,2026-09-25,98000,put,0.53099272,,,46.86,,,,,0.1,0.0,64022.74
2026-08-12 02:46:43,deribit,BTC,BTC-30OCT26-60000-C,2026-10-30,60000,call,0.10870253,0.107,0.1105,39.29,,,,,11.4,0.0,64279.71
2026-08-12 02:46:43,deribit,BTC,BTC-25SEP26-40000-C,2026-09-25,40000,call,0.37672407,0.374,0.381,67.11,,,,,34.4,0.0,64022.74
2026-08-12 02:46:43,deribit,BTC,BTC-28AUG26-77000-C,2026-08-28,77000,call,0.00024234,0.0002,0.0003,37.26,,,,,231.6,0.0,63826.64
2026-08-12 02:46:43,deribit,BTC,BTC-25JUN27-100000-P,2027-06-25,100000,put,0.54566527,0.54,0.578,41.08,,,,,0.1,0.0,66117.81
2026-08-12 02:46:43,deribit,BTC,BTC-25SEP26-155000-C,2026-09-25,155000,call,3.749e-05,,0.0002,75.11,,,,,363.1,0.0,64022.23
2026-08-12 02:46:43,deribit,BTC,BTC-30OCT26-76000-P,2026-10-30,76000,put,0.19784652,0.1935,0.2085,36.26,,,,,0.0,0.0,64279.59
2026-08-12 02:46:43,deribit,BTC,BTC-30OCT26-45000-C,2026-10-30,45000,call,0.30645184,,,52.42,,,,,0.0,0.0,64279.71
2026-08-12 02:46:43,deribit,BTC,BTC-30OCT26-66000-C,2026-10-30,66000,call,0.05718853,0.0565,0.0575,37.08,,,,,148.6,0.2,64279.71
2026-08-12 02:46:43,deribit,BTC,BTC-28AUG26-82000-P,2026-08-28,82000,put,0.28486657,,,45.09,,,,,1.5,0.0,63826.64
2026-08-12 02:46:43,deribit,BTC,BTC-12AUG26-63000-P,2026-08-12,63000,put,0.00018095,,0.0002,29.31,,,,,196.4,142.4,63707.37
2026-08-12 02:46:43,deribit,BTC,BTC-25SEP26-68000-P,2026-09-25,68000,put,0.08602344,0.083,0.0885,34.12,,,,,636.3,0.0,64022.74
2026-08-12 02:46:43,deribit,BTC,BTC-25DEC26-70000-P,2026-12-25,70000,put,0.14475552,0.144,0.1455,39.21,,,,,1006.1,1.4,64734.33
2026-08-12 02:46:43,deribit,BTC,BTC-30OCT26-58000-C,2026-10-30,58000,call,0.1303942,0.1285,0.143,40.33,,,,,0.0,0.0,64279.71
2026-08-12 02:46:43,deribit,BTC,BTC-30OCT26-90000-C,2026-10-30,90000,call,0.00247645,0.0022,0.0027,38.48,,,,,60.1,30.2,64279.71
2026-08-12 02:46:43,deribit,BTC,BTC-25DEC26-125000-C,2026-12-25,125000,call,0.00117379,0.001,0.0014,45.79,,,,,595.4,0.5,64734.33
2026-08-12 02:46:43,deribit,BTC,BTC-26MAR27-95000-C,2027-03-26,95000,call,0.02208659,0.0215,0.0225,40.18,,,,,343.0,1.6,65403.14
2026-08-12 02:46:43,deribit,BTC,BTC-25JUN27-40000-P,2027-06-25,40000,put,0.02807399,0.0275,0.0285,51.6,,,,,509.2,2.5,66117.81
2026-08-12 02:46:43,deribit,BTC,BTC-30OCT26-56000-C,2026-10-30,56000,call,0.1540429,0.1515,0.157,41.57,,,,,0.0,0.0,64279.71
2026-08-12 02:46:43,deribit,BTC,BTC-25DEC26-70000-C,2026-12-25,70000,call,0.06340456,0.063,0.064,39.21,,,,,1774.8,200.0,64734.33
2026-08-12 02:46:43,deribit,BTC,BTC-25DEC26-30000-P,2026-12-25,30000,put,0.00396031,0.0037,0.0043,69.82,,,,,2136.6,0.1,64733.84
2026-08-12 02:46:43,deribit,BTC,BTC-25SEP26-140000-C,2026-09-25,140000,call,6.022e-05,,0.0002,69.71,,,,,1184.4,0.0,64022.74
2026-08-12 02:46:43,deribit,BTC,BTC-21AUG26-65000-P,2026-08-21,65000,put,0.02917524,0.027,0.0305,28.03,,,,,98.7,0.1,63773.65
2026-08-12 02:46:43,deribit,BTC,BTC-25JUN27-95000-P,2027-06-25,95000,put,0.4785324,0.4735,0.493,41.03,,,,,20.1,0.0,66117.81
2026-08-12 02:46:43,deribit,BTC,BTC-25DEC26-100000-C,2026-12-25,100000,call,0.00503507,0.005,0.0055,40.93,,,,,3655.7,8.8,64733.84
2026-08-12 02:46:43,deribit,BTC,BTC-30OCT26-70000-P,2026-10-30,70000,put,0.12375433,0.1215,0.126,36.38,,,,,11.8,0.0,64279.59
2026-08-12 02:46:43,deribit,BTC,BTC-15AUG26-57000-P,2026-08-15,57000,put,0.00029193,0.0002,0.0003,55.74,,,,,50.2,50.2,63732.27
2026-08-12 02:46:43,deribit,BTC,BTC-25JUN27-82000-P,2027-06-25,82000,put,0.31623449,0.3125,0.3245,41.16,,,,,0.2,0.0,66117.81
2026-08-12 02:46:43,deribit,BTC,BTC-25SEP26-180000-P,2026-09-25,180000,put,1.81150812,,,75.32,,,,,7.3,0.0,64022.74
2026-08-12 02:46:43,deribit,BTC,BTC-21AUG26-66000-P,2026-08-21,66000,put,0.04053962,0.037,0.073,27.79,,,,,11.7,0.0,63773.51
2026-08-12 02:46:43,deribit,BTC,BTC-26MAR27-62000-P,2027-03-26,62000,put,0.10351448,0.1025,0.1045,42.0,,,,,244.2,0.0,65403.61
2026-08-12 02:46:43,deribit,BTC,BTC-25SEP26-102000-P,2026-09-25,102000,put,0.59343181,,,49.9,,,,,0.4,0.0,64022.74
2026-08-12 02:46:43,deribit,BTC,BTC-30OCT26-68000-C,2026-10-30,68000,call,0.04490714,0.0445,0.0455,36.7,,,,,65.6,0.0,64279.71
2026-08-12 02:46:43,deribit,BTC,BTC-28AUG26-59000-C,2026-08-28,59000,call,0.08161964,0.079,0.0865,36.69,,,,,214.3,0.0,63826.64
2026-08-12 02:46:43,deribit,BTC,BTC-14AUG26-75000-P,2026-08-14,75000,put,0.17696265,,,47.28,,,,,0.4,0.0,63723.86
2026-08-12 02:46:43,deribit,BTC,BTC-14AUG26-67000-C,2026-08-14,67000,call,0.00023362,0.0002,0.0003,32.51,,,,,809.7,57.4,63723.86
2026-08-12 02:46:43,deribit,BTC,BTC-25DEC26-105000-C,2026-12-25,105000,call,0.00342871,0.0032,0.0037,41.56,,,,,828.9,0.0,64734.33
2026-08-12 02:46:43,deribit,BTC,BTC-12AUG26-67000-P,2026-08-12,67000,put,0.05168251,0.0001,,46.21,,,,,0.0,0.0,63707.37
2026-08-12 02:46:43,deribit,BTC,BTC-14AUG26-58000-P,2026-08-14,58000,put,0.00018945,0.0001,0.0003,54.5,,,,,1571.9,3.8,63723.86
2026-08-12 02:46:43,deribit,BTC,BTC-15AUG26-62000-P,2026-08-15,62000,put,0.00266547,0.0024,0.0029,31.09,,,,,2.8,2.8,63732.27
2026-08-12 02:46:43,deribit,BTC,BTC-25DEC26-52000-C,2026-12-25,52000,call,0.22678458,0.224,0.229,45.45,,,,,0.1,0.0,64734.33
2026-08-12 02:46:43,deribit,BTC,BTC-25DEC26-58000-P,2026-12-25,58000,put,0.05368978,0.053,0.054,42.28,,,,,2137.1,11.5,64734.33
2026-08-12 02:46:43,deribit,BTC,BTC-21AUG26-63000-P,2026-08-21,63000,put,0.01306081,0.0125,0.0135,29.35,,,,,145.1,59.7,63773.65
2026-08-12 02:46:43,deribit,BTC,BTC-25SEP26-145000-P,2026-09-25,145000,put,1.26485971,,,69.92,,,,,0.2,0.0,64022.23
2026-08-12 02:46:43,deribit,BTC,BTC-13AUG26-58000-C,2026-08-13,58000,call,0.08975144,0.0001,,60.25,,,,,0.0,0.0,63716.67
2026-08-12 02:46:43,deribit,BTC,BTC-28AUG26-105000-P,2026-08-28,105000,put,0.64508018,,,63.37,,,,,1.0,0.0,63826.64
2026-08-12 02:46:43,deribit,BTC,BTC-30OCT26-55000-C,2026-10-30,55000,call,0.16654898,0.164,0.1695,42.3,,,,,0.0,0.0,64279.71
2026-08-12 02:46:43,deribit,BTC,BTC-25DEC26-94000-P,2026-12-25,94000,put,0.45982988,0.454,0.4865,39.76,,,,,5.3,0.0,64734.33
2026-08-12 02:46:43,deribit,BTC,BTC-15AUG26-64500-P,2026-08-15,64500,put,0.01720805,0.0145,0.0515,26.69,,,,,0.0,0.0,63732.37
2026-08-12 02:46:43,deribit,BTC,BTC-25DEC26-220000-C,2026-12-25,220000,call,9.38e-05,,0.0002,61.32,,,,,252.8,0.0,64733.84
2026-08-12 02:46:43,deribit,BTC,BTC-26MAR27-80000-C,2027-03-26,80000,call,0.05457761,0.054,0.055,39.97,,,,,928.4,0.0,65403.61
2026-08-12 02:46:43,deribit,BTC,BTC-25SEP26-175000-P,2026-09-25,175000,put,1.73341307,,,75.32,,,,,0.2,0.0,64022.74
2026-08-12 02:46:43,deribit,BTC,BTC-25JUN27-66000-C,2027-06-25,66000,call,0.157895,0.1565,0.16,42.53,,,,,27.9,0.2,66117.98
2026-08-12 02:46:43,deribit,BTC,BTC-25DEC26-56000-P,2026-12-25,56000,put,0.04435811,0.044,0.045,43.17,,,,,462.3,0.2,64734.33
2026-08-12 02:46:43,deribit,BTC,BTC-28AUG26-75000-C,2026-08-28,75000,call,0.00038413,0.0003,0.0005,34.74,,,,,2718.8,324.4,63826.64
2026-08-12 02:46:43,deribit,BTC,BTC-25SEP26-75000-P,2026-09-25,75000,put,0.17696611,0.1695,0.183,34.21,,,,,2967.4,0.0,64022.74
2026-08-12 02:46:43,deribit,BTC,BTC-25JUN27-66000-P,2027-06-25,66000,put,0.15612103,0.155,0.157,42.53,,,,,35.1,2.0,66117.98
2026-08-12 02:46:43,deribit,BTC,BTC-13AUG26-64500-C,2026-08-13,64500,call,0.00185271,0.0017,0.002,26.49,,,,,557.4,461.1,63716.67
2026-08-12 02:46:43,deribit,BTC,BTC-25DEC26-94000-C,2026-12-25,94000,call,0.00773002,0.0075,0.008,39.76,,,,,117.7,0.2,64734.33
2026-08-12 02:46:43,deribit,BTC,BTC-15AUG26-70000-C,2026-08-15,70000,call,5.367e-05,,0.0001,38.3,,,,,2.1,2.1,63732.27
2026-08-12 02:46:43,deribit,BTC,BTC-14AUG26-62000-P,2026-08-14,62000,put,0.00175035,0.0015,0.0019,32.35,,,,,1552.1,510.2,63723.86
2026-08-12 02:46:43,deribit,BTC,BTC-25DEC26-140000-C,2026-12-25,140000,call,0.00067963,0.0006,0.0009,49.12,,,,,1475.0,0.0,64733.84
2026-08-12 02:46:43,deribit,BTC,BTC-30OCT26-71000-C,2026-10-30,71000,call,0.03046151,0.03,0.031,36.27,,,,,242.7,17.0,64279.71
2026-08-12 02:46:43,deribit,BTC,BTC-28AUG26-72000-C,2026-08-28,72000,call,0.00096865,0.0008,0.001,31.49,,,,,2944.6,11.6,63826.64
2026-08-12 02:46:43,deribit,BTC,BTC-25SEP26-90000-C,2026-09-25,90000,call,0.0005267,0.0004,0.0007,41.49,,,,,3018.7,1.1,64022.74
2026-08-12 02:46:43,deribit,BTC,BTC-25SEP26-56000-C,2026-09-25,56000,call,0.13789103,0.135,0.14,41.13,,,,,12.2,0.0,64022.74
2026-08-12 02:46:43,deribit,BTC,BTC-25DEC26-76000-P,2026-12-25,76000,put,0.21166278,0.208,0.214,38.76,,,,,142.1,0.0,64734.33
2026-08-12 02:46:43,deribit,BTC,BTC-25DEC26-250000-C,2026-12-25,250000,call,6.079e-05,,0.0002,64.88,,,,,1120.9,0.0,64734.33
2026-08-12 02:46:43,deribit,BTC,BTC-25JUN27-85000-C,2027-06-25,85000,call,0.06616972,0.065,0.067,41.09,,,,,8.2,0.1,66117.98
2026-08-12 02:46:43,deribit,BTC,BTC-25JUN27-45000-P,2027-06-25,45000,put,0.04082976,0.04,0.0415,48.74,,,,,239.8,10.7,66117.81
2026-08-12 02:46:43,deribit,BTC,BTC-25SEP26-62000-C,2026-09-25,62000,call,0.06672424,0.066,0.0675,36.12,,,,,680.5,0.0,64022.23
2026-08-12 02:46:43,deribit,BTC,BTC-26MAR27-70000-C,2027-03-26,70000,call,0.09972324,0.099,0.1005,40.76,,,,,778.9,4.1,65403.61
2026-08-12 02:46:43,deribit,BTC,BTC-30OCT26-55000-P,2026-10-30,55000,put,0.02218605,0.0215,0.0225,42.3,,,,,63.1,2.5,64279.71
2026-08-12 02:46:43,deribit,BTC,BTC-25JUN27-160000-P,2027-06-25,160000,put,1.42397296,,,44.93,,,,,0.0,0.0,66117.98
2026-08-12 02:46:43,deribit,BTC,BTC-25SEP26-70000-C,2026-09-25,70000,call,0.01594247,0.0155,0.0165,33.86,,,,,8415.3,138.8,64022.74
2026-08-12 02:46:43,deribit,BTC,BTC-13AUG26-64000-C,2026-08-13,64000,call,0.0041993,0.0039,0.0044,26.73,,,,,38.1,49.9,63716.67
2026-08-12 02:46:43,deribit,BTC,BTC-30OCT26-40000-P,2026-10-30,40000,put,0.00381191,0.0036,0.004,59.35,,,,,22.3,3.0,64279.71
2026-08-12 02:46:43,deribit,BTC,BTC-14AUG26-70000-P,2026-08-14,70000,put,0.09850905,,,39.61,,,,,3.6,0.2,63723.86
2026-08-12 02:46:43,deribit,BTC,BTC-14AUG26-66000-C,2026-08-14,66000,call,0.00047952,0.0004,0.0006,27.69,,,,,1100.8,114.5,63723.35
2026-08-12 02:46:43,deribit,BTC,BTC-28AUG26-88000-C,2026-08-28,88000,call,5.954e-05,,0.0001,51.76,,,,,183.9,1.5,63826.64
2026-08-12 02:46:43,deribit,BTC,BTC-25SEP26-260000-P,2026-09-25,260000,put,3.06106151,,,78.83,,,,,0.0,0.0,64022.74
2026-08-12 02:46:43,deribit,BTC,BTC-28AUG26-55000-P,2026-08-28,55000,put,0.00196657,0.0018,0.0021,43.95,,,,,1176.4,198.4,63826.64
2026-08-12 02:46:43,deribit,BTC,BTC-13AUG26-66500-C,2026-08-13,66500,call,7.453e-05,,0.0002,32.48,,,,,55.1,79.7,63716.41
2026-08-12 02:46:43,deribit,BTC,BTC-28AUG26-77000-P,2026-08-28,77000,put,0.20663157,,,37.26,,,,,3.4,0.0,63826.64
2026-08-12 02:46:43,deribit,BTC,BTC-26MAR27-85000-C,2027-03-26,85000,call,0.04019604,0.0395,0.041,39.9,,,,,94.0,0.3,65403.61
2026-08-12 02:46:43,deribit,BTC,BTC-15AUG26-66000-C,2026-08-15,66000,call,0.0010508,0.0009,0.0012,27.41,,,,,20.6,20.6,63732.27
2026-08-12 02:46:43,deribit,BTC,BTC-15AUG26-63000-P,2026-08-15,63000,put,0.00593897,0.0055,0.0065,28.78,,,,,0.4,0.4,63732.27
2026-08-12 02:46:43,deribit,BTC,BTC-26MAR27-45000-P,2027-03-26,45000,put,0.02801208,0.0275,0.0285,49.05,,,,,227.1,0.1,65403.61
2026-08-12 02:46:43,deribit,BTC,BTC-30OCT26-95000-P,2026-10-30,95000,put,0.47935163,,,39.83,,,,,0.1,0.0,64279.71
2026-08-12 02:46:43,deribit,BTC,BTC-25DEC26-110000-P,2026-12-25,110000,put,0.70179613,0.689,0.713,42.61,,,,,54.2,0.0,64733.84
2026-08-12 02:46:43,deribit,BTC,BTC-14AUG26-80000-P,2026-08-14,80000,put,0.25542678,,,51.26,,,,,0.1,0.0,63723.86
2026-08-12 02:46:43,deribit,BTC,BTC-21AUG26-64000-C,2026-08-21,64000,call,0.01645112,0.016,0.017,28.62,,,,,52.6,24.2,63773.51
2026-08-12 02:46:43,deribit,BTC,BTC-28AUG26-67000-P,2026-08-28,67000,put,0.0577023,0.0515,0.062,29.6,,,,,60.8,0.0,63826.64
2026-08-12 02:46:43,deribit,BTC,BTC-26MAR27-52000-P,2027-03-26,52000,put,0.04932395,0.0485,0.05,45.2,,,,,117.8,0.0,65403.61
2026-08-12 02:46:43,deribit,BTC,BTC-15AUG26-62500-C,2026-08-15,62500,call,0.02326881,0.0205,0.0265,29.66,,,,,0.0,0.0,63732.27
2026-08-12 02:46:43,deribit,BTC,BTC-13AUG26-67500-C,2026-08-13,67500,call,1.957e-05,,0.0001,36.35,,,,,11.9,1.7,63716.41
2026-08-12 02:46:43,deribit,BTC,BTC-25DEC26-65000-P,2026-12-25,65000,put,0.09933752,0.0985,0.1,40.08,,,,,845.2,100.0,64733.84
2026-08-12 02:46:43,deribit,BTC,BTC-15AUG26-67000-P,2026-08-15,67000,put,0.05166246,,,29.36,,,,,0.0,0.0,63732.37
2026-08-12 02:46:43,deribit,BTC,BTC-30OCT26-61000-P,2026-10-30,61000,put,0.04743593,0.047,0.0475,38.72,,,,,159.1,13.9,64279.71
2026-08-12 02:46:43,deribit,BTC,BTC-25JUN27-130000-C,2027-06-25,130000,call,0.01019823,0.009,0.011,42.78,,,,,82.3,0.1,66117.81
2026-08-12 02:46:43,deribit,BTC,BTC-28AUG26-63000-P,2026-08-28,63000,put,0.02054682,0.02,0.021,31.75,,,,,678.4,5.7,63826.64
2026-08-12 02:46:43,deribit,BTC,BTC-28AUG26-110000-P,2026-08-28,110000,put,0.72341497,,,65.75,,,,,0.2,0.0,63826.64
2026-08-12 02:46:43,deribit,BTC,BTC-25DEC26-40000-C,2026-12-25,40000,call,0.39209029,0.3885,0.3955,56.77,,,,,250.9,0.0,64734.33
2026-08-12 02:46:43,deribit,BTC,BTC-25JUN27-60000-P,2027-06-25,60000,put,0.11158971,0.1105,0.1125,43.59,,,,,75.7,0.1,66117.98
2026-08-12 02:46:43,deribit,BTC,BTC-12AUG26-64500-P,2026-08-12,64500,put,0.01247848,0.011,0.014,24.08,,,,,49.9,1.2,63707.37
2026-08-12 02:46:43,deribit,BTC,BTC-25DEC26-135000-P,2026-12-25,135000,put,1.08631098,,,48.34,,,,,0.6,0.0,64734.33
2026-08-12 02:46:43,deribit,BTC,BTC-25DEC26-125000-P,2026-12-25,125000,put,0.93215765,,,45.79,,,,,9.1,0.0,64734.33
2026-08-12 02:46:43,deribit,BTC,BTC-13AUG26-67500-P,2026-08-13,67500,put,0.05940129,0.0001,,36.35,,,,,0.0,0.0,63716.67
2026-08-12 02:46:43,deribit,BTC,BTC-26MAR27-105000-C,2027-03-26,105000,call,0.01245558,0.0115,0.013,40.74,,,,,185.4,1.0,65403.61
2026-08-12 02:46:43,deribit,BTC,BTC-26MAR27-100000-P,2027-03-26,100000,put,0.54545096,0.54,0.5715,40.4,,,,,12.1,0.0,65403.14
2026-08-12 02:46:43,deribit,BTC,BTC-28AUG26-58000-P,2026-08-28,58000,put,0.00444989,0.0042,0.0046,38.32,,,,,1025.1,25.6,63827.15
2026-08-12 02:46:43,deribit,BTC,BTC-28AUG26-81000-P,2026-08-28,81000,put,0.26919999,,,43.17,,,,,0.1,0.0,63826.64
2026-08-12 02:46:43,deribit,BTC,BTC-21AUG26-63000-C,2026-08-21,63000,call,0.02518192,0.0245,0.0255,29.35,,,,,27.8,12.3,63773.65
2026-08-12 02:46:43,deribit,BTC,BTC-12AUG26-61000-C,2026-08-12,61000,call,0.04249813,0.0001,,45.45,,,,,0.0,0.0,63707.37
2026-08-12 02:46:43,deribit,BTC,BTC-26MAR27-110000-P,2027-03-26,110000,put,0.6913773,0.685,0.6975,41.1,,,,,4.0,0.0,65403.61
2026-08-12 02:46:43,deribit,BTC,BTC-25JUN27-130000-P,2027-06-25,130000,put,0.97640102,0.968,0.997,42.78,,,,,1.3,0.0,66117.81
2026-08-12 02:46:43,deribit,BTC,BTC-25DEC26-20000-P,2026-12-25,20000,put,0.00127766,0.001,0.0015,86.54,,,,,110.8,0.0,64733.84
2026-08-12 02:46:43,deribit,BTC,BTC-26MAR27-52000-C,2027-03-26,52000,call,0.25425631,0.25,0.2595,45.2,,,,,5.2,0.0,65403.61
2026-08-12 02:46:43,deribit,BTC,BTC-25SEP26-90000-P,2026-09-25,90000,put,0.40627876,0.396,0.413,41.49,,,,,586.2,0.0,64022.74
2026-08-12 02:46:43,deribit,BTC,BTC-21AUG26-70000-P,2026-08-21,70000,put,0.09822287,,,30.96,,,,,0.0,0.0,63773.51
2026-08-12 02:46:43,deribit,BTC,BTC-30OCT26-74000-C,2026-10-30,74000,call,0.02039129,0.02,0.021,36.2,,,,,112.2,0.2,64279.71
2026-08-12 02:46:43,deribit,BTC,BTC-14AUG26-65500-C,2026-08-14,65500,call,0.00092211,0.0008,0.0011,26.73,,,,,133.2,107.3,63723.35
2026-08-12 02:46:43,deribit,BTC,BTC-25JUN27-50000-P,2027-06-25,50000,put,0.05831863,0.0575,0.059,46.49,,,,,287.0,0.5,66117.81
2026-08-12 02:46:43,deribit,BTC,BTC-25SEP26-320000-P,2026-09-25,320000,put,3.99822954,,,85.42,,,,,25.1,0.0,64022.74
2026-08-12 02:46:43,deribit,BTC,BTC-26MAR27-68000-C,2027-03-26,68000,call,0.1117836,0.1105,0.1125,40.98,,,,,97.0,1.1,65403.61
2026-08-12 02:46:43,deribit,BTC,BTC-28AUG26-46000-P,2026-08-28,46000,put,0.00024862,0.0002,0.0003,62.96,,,,,1755.4,23.1,63826.64
2026-08-12 02:46:43,deribit,BTC,BTC-25JUN27-80000-C,2027-06-25,80000,call,0.08347726,0.082,0.0845,41.26,,,,,77.0,5.1,66117.98
2026-08-12 02:46:43,deribit,BTC,BTC-25DEC26-52000-P,2026-12-25,52000,put,0.03007387,0.0295,0.0305,45.45,,,,,415.6,0.1,64734.33
2026-08-12 02:46:43,deribit,BTC,BTC-21AUG26-67000-P,2026-08-21,67000,put,0.05366569,0.0495,0.081,27.98,,,,,10.4,0.2,63773.65
2026-08-12 02:46:43,deribit,BTC,BTC-26MAR27-140000-C,2027-03-26,140000,call,0.00273426,0.0025,0.003,44.64,,,,,761.5,0.0,65403.61
2026-08-12 02:46:43,deribit,BTC,BTC-25SEP26-94000-C,2026-09-25,94000,call,0.00036445,0.0003,0.0005,44.03,,,,,170.0,2.7,64022.74
2026-08-12 02:46:43,deribit,BTC,BTC-25DEC26-62000-C,2026-12-25,62000,call,0.11941529,0.1185,0.12,40.85,,,,,255.1,0.0,64734.33
2026-08-12 02:46:43,deribit,BTC,BTC-12AUG26-62000-C,2026-08-12,62000,call,0.02681239,0.0001,,41.47,,,,,0.0,0.0,63707.89
2026-08-12 02:46:43,deribit,BTC,BTC-25JUN27-82000-C,2027-06-25,82000,call,0.07601427,0.075,0.077,41.16,,,,,62.0,0.0,66117.98
2026-08-12 02:46:43,deribit,BTC,BTC-30OCT26-71000-P,2026-10-30,71000,put,0.13501118,0.1325,0.1375,36.27,,,,,0.0,0.0,64279.71
2026-08-12 02:46:43,deribit,BTC,BTC-12AUG26-58000-P,2026-08-12,58000,put,0.0,,0.0001,58.11,,,,,0.0,0.0,63707.37
2026-08-12 02:46:43,deribit,BTC,BTC-13AUG26-66000-C,2026-08-13,66000,call,0.00016824,0.0001,0.0003,30.98,,,,,187.4,112.5,63716.67
2026-08-12 02:46:43,deribit,BTC,BTC-25JUN27-110000-C,2027-06-25,110000,call,0.02169243,0.021,0.0225,41.5,,,,,227.7,0.0,66117.81
2026-08-12 02:46:43,deribit,BTC,BTC-25SEP26-30000-C,2026-09-25,30000,call,0.53185429,0.5295,0.5345,87.74,,,,,134.0,0.0,64022.74
2026-08-12 02:46:43,deribit,BTC,BTC-25JUN27-85000-P,2027-06-25,85000,put,0.35176385,0.348,0.355,41.09,,,,,6.8,0.0,66117.98
2026-08-12 02:46:43,deribit,BTC,BTC-21AUG26-53000-P,2026-08-21,53000,put,0.00029237,0.0002,0.0004,51.19,,,,,84.3,12.4,63773.65
2026-08-12 02:46:43,deribit,BTC,BTC-26MAR27-108000-C,2027-03-26,108000,call,0.01059201,0.01,0.011,40.96,,,,,57.3,0.0,65403.14
2026-08-12 02:46:43,deribit,BTC,BTC-15AUG26-61000-P,2026-08-15,61000,put,0.00138286,0.0012,0.0016,35.13,,,,,21.2,21.2,63732.27
2026-08-12 02:46:43,deribit,BTC,BTC-25DEC26-96000-C,2026-12-25,96000,call,0.00671875,0.0065,0.007,40.2,,,,,1317.0,4.4,64734.33
2026-08-12 02:46:43,deribit,BTC,BTC-14AUG26-70000-C,2026-08-14,70000,call,1.062e-05,,0.0001,39.61,,,,,1666.6,7.3,63723.35
2026-08-12 02:46:43,deribit,BTC,BTC-25SEP26-170000-C,2026-09-25,170000,call,9.9e-06,,0.0001,75.32,,,,,359.5,0.0,64022.23
2026-08-12 02:46:43,deribit,BTC,BTC-25JUN27-170000-C,2027-06-25,170000,call,0.00317403,0.0026,0.0037,45.8,,,,,43.7,0.5,66117.98
2026-08-12 02:46:43,deribit,BTC,BTC-25DEC26-60000-C,2026-12-25,60000,call,0.13769927,0.136,0.1395,41.5,,,,,787.0,0.0,64734.33
2026-08-12 02:46:43,deribit,BTC,BTC-25SEP26-190000-P,2026-09-25,190000,put,1.96770045,,,75.38,,,,,0.0,0.0,64022.23
2026-08-12 02:46:43,deribit,BTC,BTC-28AUG26-83000-C,2026-08-28,83000,call,0.00014703,,0.0002,47.24,,,,,534.8,11.0,63826.64
2026-08-12 02:46:43,deribit,BTC,BTC-25DEC26-68000-C,2026-12-25,68000,call,0.07485925,0.074,0.0755,39.48,,,,,685.9,20.0,64734.33
2026-08-12 02:46:43,deribit,BTC,BTC-14AUG26-63000-P,2026-08-14,63000,put,0.00437142,0.0041,0.0046,28.86,,,,,404.1,163.3,63723.86
2026-08-12 02:46:43,deribit,BTC,BTC-28AUG26-73000-C,2026-08-28,73000,call,0.00068254,0.0006,0.0008,32.43,,,,,1751.6,1.5,63826.64
2026-08-12 02:46:43,deribit,BTC,BTC-14AUG26-61000-P,2026-08-14,61000,put,0.00084691,0.0007,0.001,37.48,,,,,333.3,6.3,63723.86
2026-08-12 02:46:43,deribit,BTC,BTC-25JUN27-40000-C,2027-06-25,40000,call,0.42308851,0.4175,0.428,51.6,,,,,17.0,0.0,66117.98
2026-08-12 02:46:43,deribit,BTC,BTC-28AUG26-74000-C,2026-08-28,74000,call,0.00048408,0.0004,0.0006,33.35,,,,,2162.3,318.4,63826.64
2026-08-12 02:46:43,deribit,BTC,BTC-25SEP26-94000-P,2026-09-25,94000,put,0.46859438,,,44.03,,,,,1.9,0.0,64022.23
2026-08-12 02:46:43,deribit,BTC,BTC-26MAR27-100000-C,2027-03-26,100000,call,0.01647472,0.016,0.017,40.4,,,,,560.0,0.3,65403.61
2026-08-12 02:46:43,deribit,BTC,BTC-26MAR27-68000-P,2027-03-26,68000,put,0.15148745,0.15,0.1525,40.98,,,,,75.7,0.0,65403.61
2026-08-12 02:46:43,deribit,BTC,BTC-26MAR27-55000-P,2027-03-26,55000,put,0.06232175,0.0615,0.063,43.99,,,,,1353.3,0.0,65403.61
2026-08-12 02:46:43,deribit,BTC,BTC-25JUN27-150000-C,2027-06-25,150000,call,0.00547033,0.005,0.006,44.36,,,,,90.5,1.2,66117.98
2026-08-12 02:46:43,deribit,BTC,BTC-25SEP26-58000-C,2026-09-25,58000,call,0.11168676,0.108,0.1135,39.03,,,,,460.8,0.0,64022.74
2026-08-12 02:46:43,deribit,BTC,BTC-12AUG26-63500-P,2026-08-12,63500,put,0.00090039,0.0007,0.001,22.09,,,,,253.9,214.1,63707.37
2026-08-12 02:46:43,deribit,BTC,BTC-30OCT26-54000-C,2026-10-30,54000,call,0.17949741,0.177,0.1875,43.13,,,,,0.0,0.0,64279.71
2026-08-12 02:46:43,deribit,BTC,BTC-28AUG26-59000-P,2026-08-28,59000,put,0.0059958,0.0055,0.0065,36.69,,,,,823.3,1.6,63826.64
2026-08-12 02:46:43,deribit,BTC,BTC-25JUN27-52000-P,2027-06-25,52000,put,0.06698653,0.066,0.068,45.78,,,,,18.6,0.5,66117.98
2026-08-12 02:46:43,deribit,BTC,BTC-25SEP26-78000-P,2026-09-25,78000,put,0.22115326,0.2135,0.2275,34.67,,,,,625.3,0.0,64022.74
2026-08-12 02:46:43,deribit,BTC,BTC-14AUG26-64500-P,2026-08-14,64500,put,0.01576481,0.014,0.0175,26.48,,,,,1.5,0.0,63723.86
2026-08-12 02:46:43,deribit,BTC,BTC-21AUG26-75000-P,2026-08-21,75000,put,0.17618671,,,40.8,,,,,0.0,0.0,63773.51
2026-08-12 02:46:43,deribit,BTC,BTC-30OCT26-82000-P,2026-10-30,82000,put,0.28230117,0.277,0.303,36.6,,,,,0.0,0.0,64279.71
2026-08-12 02:46:43,deribit,BTC,BTC-26MAR27-106000-P,2027-03-26,106000,put,0.63241754,0.6265,0.638,40.74,,,,,0.1,0.0,65403.61
2026-08-12 02:46:43,deribit,BTC,BTC-28AUG26-67000-C,2026-08-28,67000,call,0.007987,0.0075,0.0085,29.6,,,,,1584.1,98.6,63826.64
2026-08-12 02:46:43,deribit,BTC,BTC-15AUG26-68000-C,2026-08-15,68000,call,0.00017385,0.0001,0.0003,32.07,,,,,0.0,0.0,63732.37
2026-08-12 02:46:43,deribit,BTC,BTC-12AUG26-62000-P,2026-08-12,62000,put,1.112e-05,,0.0001,41.47,,,,,177.2,77.5,63707.89
2026-08-12 02:46:43,deribit,BTC,BTC-26MAR27-125000-P,2027-03-26,125000,put,0.91613216,,,42.96,,,,,0.1,0.0,65403.61
2026-08-12 02:46:43,deribit,BTC,BTC-28AUG26-105000-C,2026-08-28,105000,call,3.96e-06,,0.0001,63.37,,,,,169.2,0.0,63826.64
2026-08-12 02:46:43,deribit,BTC,BTC-25SEP26-300000-P,2026-09-25,300000,put,3.6858402,,,84.97,,,,,0.0,0.0,64022.74
2026-08-12 02:46:43,deribit,BTC,BTC-26MAR27-115000-C,2027-03-26,115000,call,0.00745408,0.0065,0.008,41.63,,,,,762.0,0.4,65403.61
2026-08-12 02:46:43,deribit,BTC,BTC-13AUG26-62000-C,2026-08-13,62000,call,0.02768104,0.0001,0.031,34.21,,,,,0.0,0.0,63716.67
2026-08-12 02:46:43,deribit,BTC,BTC-28AUG26-48000-C,2026-08-28,48000,call,0.24836647,0.2455,0.2525,58.94,,,,,37.5,0.0,63826.64
2026-08-12 02:46:43,deribit,BTC,BTC-26MAR27-86000-C,2027-03-26,86000,call,0.03793487,0.037,0.0385,39.95,,,,,134.0,0.2,65403.61
2026-08-12 02:46:43,deribit,BTC,BTC-28AUG26-46000-C,2026-08-28,46000,call,0.27954856,,,62.96,,,,,1.0,0.0,63826.64
2026-08-12 02:46:43,deribit,BTC,BTC-15AUG26-71000-C,2026-08-15,71000,call,1.524e-05,,0.0001,38.5,,,,,2.0,2.0,63732.27
2026-08-12 02:46:43,deribit,BTC,BTC-25DEC26-210000-P,2026-12-25,210000,put,2.24415411,,,59.6,,,,,0.0,0.0,64733.84
2026-08-12 02:46:43,deribit,BTC,BTC-30OCT26-54000-P,2026-10-30,54000,put,0.01957745,0.019,0.02,43.13,,,,,57.8,25.0,64279.71
2026-08-12 02:46:43,deribit,BTC,BTC-25SEP26-35000-P,2026-09-25,35000,put,0.00083751,0.0007,0.0011,77.15,,,,,892.3,17.9,64022.23
2026-08-12 02:46:43,deribit,BTC,BTC-25JUN27-80000-P,2027-06-25,80000,put,0.29344821,0.29,0.2965,41.26,,,,,8.5,0.0,66117.98
2026-08-12 02:46:43,deribit,BTC,BTC-25DEC26-55000-P,2026-12-25,55000,put,0.0402615,0.0395,0.041,43.67,,,,,1055.6,51.6,64734.33
2026-08-12 02:46:43,deribit,BTC,BTC-25SEP26-98000-C,2026-09-25,98000,call,0.00028492,0.0002,0.0004,46.86,,,,,353.1,9.2,64022.23
2026-08-12 02:46:43,deribit,BTC,BTC-25SEP26-64000-P,2026-09-25,64000,put,0.04874607,0.048,0.049,35.26,,,,,666.2,35.8,64022.74
2026-08-12 02:46:43,deribit,BTC,BTC-25SEP26-135000-P,2026-09-25,135000,put,1.10868796,,,66.77,,,,,11.5,0.0,64022.23
2026-08-12 02:46:43,deribit,BTC,BTC-28AUG26-56000-P,2026-08-28,56000,put,0.00255218,0.0023,0.0027,41.99,,,,,1149.4,1.5,63826.64
2026-08-12 02:46:43,deribit,BTC,BTC-25JUN27-30000-P,2027-06-25,30000,put,0.01304769,0.0125,0.014,59.98,,,,,339.2,32.3,66117.81
2026-08-12 02:46:43,deribit,BTC,BTC-25DEC26-80000-C,2026-12-25,80000,call,0.02647295,0.026,0.027,38.83,,,,,8315.5,44.2,64734.33
2026-08-12 02:46:43,deribit,BTC,BTC-25DEC26-105000-P,2026-12-25,105000,put,0.62545515,0.612,0.634,41.56,,,,,109.4,0.0,64734.33
2026-08-12 02:46:43,deribit,BTC,BTC-25SEP26-100000-P,2026-09-25,100000,put,0.56222984,0.551,0.5705,48.75,,,,,431.5,0.0,64022.23
2026-08-12 02:46:43,deribit,BTC,BTC-14AUG26-62500-C,2026-08-14,62500,call,0.02191246,0.019,0.0385,30.32,,,,,0.0,0.0,63723.35
2026-08-12 02:46:43,deribit,BTC,BTC-25DEC26-200000-P,2026-12-25,200000,put,2.08969837,,,58.34,,,,,0.0,0.0,64733.84
2026-08-12 02:46:43,deribit,BTC,BTC-13AUG26-62500-C,2026-08-13,62500,call,0.02041831,0.019,0.022,31.42,,,,,20.0,20.0,63716.67
2026-08-12 02:46:43,deribit,BTC,BTC-28AUG26-64000-C,2026-08-28,64000,call,0.02459667,0.024,0.025,30.8,,,,,550.7,48.6,63826.64
2026-08-12 02:46:43,deribit,BTC,BTC-13AUG26-60000-P,2026-08-13,60000,put,0.00014983,0.0001,0.0002,48.27,,,,,13.7,2.1,63716.41
2026-08-12 02:46:43,deribit,BTC,BTC-13AUG26-72000-C,2026-08-13,72000,call,0.0,,0.0001,43.17,,,,,0.0,0.0,63716.67
2026-08-12 02:46:43,deribit,BTC,BTC-30OCT26-64000-P,2026-10-30,64000,put,0.0675795,0.067,0.068,37.65,,,,,322.8,32.7,64279.71
2026-08-12 02:46:43,deribit,BTC,BTC-25SEP26-102000-C,2026-09-25,102000,call,0.00024614,0.0002,0.0005,49.9,,,,,91.3,0.0,64022.74
2026-08-12 02:46:43,deribit,BTC,BTC-28AUG26-71000-C,2026-08-28,71000,call,0.00141022,0.0013,0.0015,30.65,,,,,1575.6,135.7,63826.64
2026-08-12 02:46:43,deribit,BTC,BTC-30OCT26-75000-C,2026-10-30,75000,call,0.01783981,0.017,0.018,36.25,,,,,103.0,1.9,64279.71
2026-08-12 02:46:43,deribit,BTC,BTC-26MAR27-102000-C,2027-03-26,102000,call,0.01470041,0.014,0.0155,40.52,,,,,105.8,0.0,65403.61
2026-08-12 02:46:43,deribit,BTC,BTC-26MAR27-60000-C,2027-03-26,60000,call,0.17271527,0.1705,0.175,42.46,,,,,718.8,0.0,65403.61
2026-08-12 02:46:43,deribit,BTC,BTC-25DEC26-170000-P,2026-12-25,170000,put,1.62637851,,,53.81,,,,,0.0,0.0,64734.33
2026-08-12 02:46:43,deribit,BTC,BTC-25DEC26-78000-P,2026-12-25,78000,put,0.23641882,0.229,0.244,38.73,,,,,234.6,0.0,64733.84
2026-08-12 02:46:43,deribit,BTC,BTC-28AUG26-71000-P,2026-08-28,71000,put,0.11379509,,,30.65,,,,,11.1,0.0,63826.64
2026-08-12 02:46:43,deribit,BTC,BTC-28AUG26-63000-C,2026-08-28,63000,call,0.03350109,0.033,0.034,31.75,,,,,980.8,1.1,63826.64
2026-08-12 02:46:43,deribit,BTC,BTC-25JUN27-76000-P,2027-06-25,76000,put,0.25005229,0.2465,0.2525,41.51,,,,,9.2,0.0,66117.81
2026-08-12 02:46:43,deribit,BTC,BTC-15AUG26-61000-C,2026-08-15,61000,call,0.04425392,0.0405,0.0565,35.13,,,,,0.0,0.0,63732.27
2026-08-12 02:46:43,deribit,BTC,BTC-21AUG26-68000-C,2026-08-21,68000,call,0.00162179,0.0015,0.0018,28.38,,,,,2026.0,51.6,63773.65
2026-08-12 02:46:43,deribit,BTC,BTC-25SEP26-80000-C,2026-09-25,80000,call,0.00193543,0.0017,0.0021,35.44,,,,,3251.9,3.9,64022.74
2026-08-12 02:46:43,deribit,BTC,BTC-30OCT26-85000-C,2026-10-30,85000,call,0.00445813,0.0042,0.0047,37.15,,,,,9.4,1.0,64279.71
2026-08-12 02:46:43,deribit,BTC,BTC-30OCT26-66000-P,2026-10-30,66000,put,0.08395302,0.0835,0.0845,37.08,,,,,50.6,0.0,64279.71
2026-08-12 02:46:43,deribit,BTC,BTC-25JUN27-78000-C,2027-06-25,78000,call,0.09163465,0.0905,0.093,41.37,,,,,9.9,0.0,66117.98
2026-08-12 02:46:43,deribit,BTC,BTC-28AUG26-58000-C,2026-08-28,58000,call,0.09574112,0.092,0.101,38.32,,,,,155.1,0.0,63826.64
2026-08-12 02:46:43,deribit,BTC,BTC-25DEC26-72000-C,2026-12-25,72000,call,0.05347617,0.053,0.054,39.01,,,,,1161.8,0.4,64734.33
2026-08-12 02:46:43,deribit,BTC,BTC-25SEP26-78000-C,2026-09-25,78000,call,0.00283481,0.0026,0.0029,34.67,,,,,4767.2,17.4,64022.74
2026-08-12 02:46:43,deribit,BTC,BTC-25JUN27-62000-C,2027-06-25,62000,call,0.18776859,0.1845,0.19,43.22,,,,,94.3,0.0,66117.81
2026-08-12 02:46:43,deribit,BTC,BTC-25SEP26-92000-P,2026-09-25,92000,put,0.43741697,,,42.66,,,,,4.3,0.0,64022.74
2026-08-12 02:46:43,deribit,BTC,BTC-25DEC26-40000-P,2026-12-25,40000,put,0.01000512,0.0095,0.0105,56.77,,,,,4364.6,13.8,64734.33
2026-08-12 02:46:43,deribit,BTC,BTC-25DEC26-135000-C,2026-12-25,135000,call,0.00084842,0.0007,0.0011,48.34,,,,,1111.8,2.0,64734.33
2026-08-12 02:46:43,deribit,BTC,BTC-26MAR27-58000-C,2027-03-26,58000,call,0.19124954,0.1885,0.1935,43.01,,,,,5.2,0.0,65403.61
2026-08-12 02:46:43,deribit,BTC,BTC-26MAR27-94000-C,2027-03-26,94000,call,0.02339193,0.0225,0.024,40.12,,,,,141.2,1.1,65403.61
2026-08-12 02:46:43,deribit,BTC,BTC-28AUG26-53000-P,2026-08-28,53000,put,0.00121035,0.0011,0.0013,48.1,,,,,985.0,107.4,63826.64
2026-08-12 02:46:43,deribit,BTC,BTC-15AUG26-66500-P,2026-08-15,66500,put,0.04406389,,,28.35,,,,,0.0,0.0,63732.27
2026-08-12 02:46:43,deribit,BTC,BTC-28AUG26-66000-P,2026-08-28,66000,put,0.04607959,0.043,0.048,29.85,,,,,213.4,2.1,63826.64
2026-08-12 02:46:43,deribit,BTC,BTC-26MAR27-72000-C,2027-03-26,72000,call,0.08868281,0.088,0.0895,40.54,,,,,69.1,1.2,65403.61
2026-08-12 02:46:43,deribit,BTC,BTC-25DEC26-104000-P,2026-12-25,104000,put,0.61029724,,,41.47,,,,,0.1,0.0,64734.33
2026-08-12 02:46:43,deribit,BTC,BTC-30OCT26-76000-C,2026-10-30,76000,call,0.01551166,0.015,0.016,36.26,,,,,129.7,32.2,64279.71
2026-08-12 02:46:43,deribit,BTC,BTC-25JUN27-50000-C,2027-06-25,50000,call,0.30208678,0.296,0.307,46.49,,,,,17.1,0.0,66117.81
2026-08-12 02:46:43,deribit,BTC,BTC-13AUG26-68000-C,2026-08-13,68000,call,5.81e-06,,0.0001,36.35,,,,,21.6,0.0,63716.41
2026-08-12 02:46:43,deribit,BTC,BTC-25DEC26-55000-C,2026-12-25,55000,call,0.1906286,0.1845,0.1955,43.67,,,,,44.9,0.0,64734.33
2026-08-12 02:46:43,deribit,BTC,BTC-12AUG26-69000-C,2026-08-12,69000,call,0.0,,0.0001,46.23,,,,,10.3,0.0,63707.37
2026-08-12 02:46:43,deribit,BTC,BTC-25SEP26-52000-C,2026-09-25,52000,call,0.19456851,0.191,0.1965,46.4,,,,,75.0,0.0,64022.23
2026-08-12 02:46:43,deribit,BTC,BTC-25JUN27-68000-P,2027-06-25,68000,put,0.17294779,0.172,0.174,42.24,,,,,9.5,0.0,66117.98
2026-08-12 02:46:43,deribit,BTC,BTC-25DEC26-240000-C,2026-12-25,240000,call,8.523e-05,,0.0002,64.69,,,,,804.4,0.0,64734.33
2026-08-12 02:46:43,deribit,BTC,BTC-28AUG26-69000-P,2026-08-28,69000,put,0.08437643,0.0775,0.089,29.7,,,,,49.4,0.0,63826.64
2026-08-12 02:46:43,deribit,BTC,BTC-14AUG26-55000-C,2026-08-14,55000,call,0.13695561,,,70.94,,,,,0.0,0.0,63723.86
2026-08-12 02:46:43,deribit,BTC,BTC-25DEC26-85000-P,2026-12-25,85000,put,0.32990268,0.3215,0.336,38.95,,,,,548.4,0.0,64734.33
2026-08-12 02:46:43,deribit,BTC,BTC-12AUG26-68000-C,2026-08-12,68000,call,0.0,,0.0001,46.23,,,,,2.9,0.0,63707.37
2026-08-12 02:46:43,deribit,BTC,BTC-25DEC26-84000-P,2026-12-25,84000,put,0.31604458,0.307,0.3225,38.91,,,,,47.1,0.0,64734.33
2026-08-12 02:46:43,deribit,BTC,BTC-30OCT26-70000-C,2026-10-30,70000,call,0.03476169,0.034,0.0355,36.38,,,,,115.6,5.2,64279.71
2026-08-12 02:46:43,deribit,BTC,BTC-30OCT26-86000-C,2026-10-30,86000,call,0.00392889,0.0037,0.0041,37.37,,,,,8.6,0.2,64279.71
2026-08-12 02:46:43,deribit,BTC,BTC-25SEP26-84000-P,2026-09-25,84000,put,0.3131223,0.304,0.3195,37.87,,,,,34.7,0.0,64022.74
2026-08-12 02:46:43,deribit,BTC,BTC-26MAR27-66000-P,2027-03-26,66000,put,0.13425154,0.133,0.1355,41.27,,,,,123.9,0.0,65403.61
2026-08-12 02:46:43,deribit,BTC,BTC-26MAR27-180000-P,2027-03-26,180000,put,1.75308512,,,49.44,,,,,0.0,0.0,65403.61
2026-08-12 02:46:43,deribit,BTC,BTC-25DEC26-75000-C,2026-12-25,75000,call,0.04110303,0.0405,0.0415,38.79,,,,,1917.6,5.4,64733.84
2026-08-12 02:46:43,deribit,BTC,BTC-25JUN27-72000-C,2027-06-25,72000,call,0.12089237,0.1195,0.122,41.86,,,,,24.8,0.0,66117.81
2026-08-12 02:46:43,deribit,BTC,BTC-14AUG26-68000-C,2026-08-14,68000,call,0.00013674,0.0001,0.0002,37.44,,,,,2567.2,65.5,63723.86
2026-08-12 02:46:43,deribit,BTC,BTC-14AUG26-59000-P,2026-08-14,59000,put,0.00029617,0.0002,0.0004,48.94,,,,,282.4,81.7,63723.86
2026-08-12 02:46:43,deribit,BTC,BTC-12AUG26-65000-C,2026-08-12,65000,call,1.667e-05,,0.0001,33.02,,,,,131.9,153.4,63707.37
2026-08-12 02:46:43,deribit,BTC,BTC-26MAR27-35000-P,2027-03-26,35000,put,0.01252508,0.012,0.013,57.61,,,,,575.7,0.5,65403.61
2026-08-12 02:46:43,deribit,BTC,BTC-25JUN27-110000-P,2027-06-25,110000,put,0.68540248,0.679,0.7165,41.5,,,,,0.3,0.0,66117.98
2026-08-12 02:46:43,deribit,BTC,BTC-15AUG26-70000-P,2026-08-15,70000,put,0.09839836,,,38.3,,,,,0.0,0.0,63732.37
2026-08-12 02:46:43,deribit,BTC,BTC-25SEP26-150000-C,2026-09-25,150000,call,3.725e-05,,0.0001,72.57,,,,,736.8,0.0,64022.23
2026-08-12 02:46:43,deribit,BTC,BTC-15AUG26-64000-P,2026-08-15,64000,put,0.01250083,0.012,0.013,27.35,,,,,0.0,0.0,63732.37
2026-08-12 02:46:43,deribit,BTC,BTC-25JUN27-30000-C,2027-06-25,30000,call,0.55930859,0.555,0.5635,59.98,,,,,37.2,0.2,66117.81
2026-08-12 02:46:43,deribit,BTC,BTC-25SEP26-165000-P,2026-09-25,165000,put,1.57722771,,,75.32,,,,,0.0,0.0,64022.74
2026-08-12 02:46:43,deribit,BTC,BTC-12AUG26-71000-P,2026-08-12,71000,put,0.11446952,0.0001,,46.23,,,,,0.0,0.0,63707.37
2026-08-12 02:46:43,deribit,BTC,BTC-30OCT26-73000-C,2026-10-30,73000,call,0.02338037,0.023,0.024,36.22,,,,,49.4,0.5,64279.71
2026-08-12 02:46:43,deribit,BTC,BTC-25SEP26-60000-C,2026-09-25,60000,call,0.08787606,0.086,0.0895,37.47,,,,,852.2,0.4,64022.74
2026-08-12 02:46:43,deribit,BTC,BTC-25SEP26-110000-P,2026-09-25,110000,put,0.71831809,0.706,0.728,55.1,,,,,116.1,0.0,64022.74
2026-08-12 02:46:43,deribit,BTC,BTC-28AUG26-61000-P,2026-08-28,61000,put,0.0110024,0.0105,0.0115,33.69,,,,,855.2,100.8,63826.64
2026-08-12 02:46:43,deribit,BTC,BTC-21AUG26-61000-P,2026-08-21,61000,put,0.00541637,0.005,0.006,32.43,,,,,1230.9,195.4,63773.65
2026-08-12 02:46:43,deribit,BTC,BTC-25SEP26-50000-P,2026-09-25,50000,put,0.00527082,0.005,0.0055,49.77,,,,,3745.5,12.9,64022.74
2026-08-12 02:46:43,deribit,BTC,BTC-12AUG26-59000-P,2026-08-12,59000,put,0.0,,0.0001,56.37,,,,,12.0,0.0,63707.89
2026-08-12 02:46:43,deribit,BTC,BTC-13AUG26-65500-C,2026-08-13,65500,call,0.00029474,0.0002,0.0004,28.0,,,,,140.2,110.9,63716.67
2026-08-12 02:46:43,deribit,BTC,BTC-21AUG26-60000-C,2026-08-21,60000,call,0.06258491,0.0345,0.0855,34.08,,,,,0.0,0.0,63773.65
2026-08-12 02:46:43,deribit,BTC,BTC-28AUG26-66000-C,2026-08-28,66000,call,0.01203168,0.0115,0.0125,29.85,,,,,893.1,41.5,63826.64
2026-08-12 02:46:43,deribit,BTC,BTC-25DEC26-130000-C,2026-12-25,130000,call,0.00097187,0.0008,0.0012,46.97,,,,,1576.4,0.0,64734.33
2026-08-12 02:46:43,deribit,BTC,BTC-14AUG26-64000-P,2026-08-14,64000,put,0.01081501,0.01,0.0115,27.17,,,,,529.9,83.2,63723.35
2026-08-12 02:46:43,deribit,BTC,BTC-12AUG26-68000-P,2026-08-12,68000,put,0.06737926,0.0001,,46.23,,,,,0.0,0.0,63707.37
2026-08-12 02:46:43,deribit,BTC,BTC-26MAR27-64000-P,2027-03-26,64000,put,0.11833052,0.117,0.1195,41.63,,,,,133.1,0.0,65403.61
2026-08-12 02:46:43,deribit,BTC,BTC-25SEP26-240000-C,2026-09-25,240000,call,2e-08,,0.0001,75.51,,,,,220.0,0.0,64022.74
2026-08-12 02:46:43,deribit,BTC,BTC-26MAR27-92000-C,2027-03-26,92000,call,0.02633541,0.0255,0.027,40.04,,,,,126.2,0.0,65403.61
2026-08-12 02:46:43,deribit,BTC,BTC-28AUG26-61000-C,2026-08-28,61000,call,0.05529146,0.0545,0.06,33.69,,,,,610.9,0.5,63826.64
2026-08-12 02:46:43,deribit,BTC,BTC-26MAR27-115000-P,2027-03-26,115000,put,0.76577676,0.759,0.772,41.63,,,,,1.6,0.2,65403.61
2026-08-12 02:46:43,deribit,BTC,BTC-26MAR27-35000-C,2027-03-26,35000,call,0.4773834,0.473,0.4815,57.61,,,,,6.9,0.1,65403.14
2026-08-12 02:46:43,deribit,BTC,BTC-25JUN27-54000-P,2027-06-25,54000,put,0.07655483,0.0755,0.0775,45.12,,,,,20.5,0.2,66117.98
2026-08-12 02:46:43,deribit,BTC,BTC-13AUG26-61000-C,2026-08-13,61000,call,0.04294056,0.0001,,41.21,,,,,0.0,0.0,63716.67
2026-08-12 02:46:43,deribit,BTC,BTC-25JUN27-58000-P,2027-06-25,58000,put,0.09888781,0.098,0.0995,44.05,,,,,15.9,1.0,66117.81
2026-08-12 02:46:43,deribit,BTC,BTC-14AUG26-63000-C,2026-08-14,63000,call,0.01572283,0.0145,0.0175,28.86,,,,,106.4,50.3,63723.35
2026-08-12 02:46:43,deribit,BTC,BTC-12AUG26-63000-C,2026-08-12,63000,call,0.01128546,0.01,0.013,29.31,,,,,40.0,31.0,63707.37
2026-08-12 02:46:43,deribit,BTC,BTC-26MAR27-96000-P,2027-03-26,96000,put,0.4885883,0.484,0.5105,40.19,,,,,1.6,0.0,65403.61
2026-08-12 02:46:43,deribit,BTC,BTC-25SEP26-140000-P,2026-09-25,140000,put,1.18678564,,,69.71,,,,,1.4,0.0,64022.74
2026-08-12 02:46:43,deribit,BTC,BTC-30OCT26-88000-C,2026-10-30,88000,call,0.00311428,0.0028,0.0033,37.93,,,,,5.1,0.1,64279.71
2026-08-12 02:46:43,deribit,BTC,BTC-12AUG26-70000-C,2026-08-12,70000,call,0.0,,0.0001,46.23,,,,,8.7,0.0,63707.37
2026-08-12 02:46:43,deribit,BTC,BTC-21AUG26-59000-P,2026-08-21,59000,put,0.00224219,0.0021,0.0024,36.16,,,,,141.6,5.8,63773.65
2026-08-12 02:46:43,deribit,BTC,BTC-28AUG26-64000-P,2026-08-28,64000,put,0.02730979,0.027,0.028,30.8,,,,,839.6,38.5,63826.64
2026-08-12 02:46:43,deribit,BTC,BTC-30OCT26-62000-C,2026-10-30,62000,call,0.08909703,0.088,0.09,38.37,,,,,13.5,0.0,64279.71
2026-08-12 02:46:43,deribit,BTC,BTC-25SEP26-115000-P,2026-09-25,115000,put,0.79633492,0.7855,0.8055,55.92,,,,,92.4,0.0,64022.74
2026-08-12 02:46:43,deribit,BTC,BTC-25JUN27-74000-C,2027-06-25,74000,call,0.11023263,0.109,0.1115,41.65,,,,,13.3,0.0,66117.98
2026-08-12 02:46:43,deribit,BTC,BTC-28AUG26-70000-C,2026-08-28,70000,call,0.00210829,0.0019,0.0023,29.95,,,,,2287.3,18.2,63826.64
2026-08-12 02:46:43,deribit,BTC,BTC-26MAR27-108000-P,2027-03-26,108000,put,0.66188635,0.656,0.6675,40.96,,,,,0.1,0.0,65403.61
2026-08-12 02:46:43,deribit,BTC,BTC-25JUN27-68000-C,2027-06-25,68000,call,0.14447249,0.1435,0.1465,42.24,,,,,9.9,0.0,66117.98
2026-08-12 02:46:43,deribit,BTC,BTC-26MAR27-180000-C,2027-03-26,180000,call,0.00092789,0.0006,0.0013,49.44,,,,,642.5,0.1,65403.61
2026-08-12 02:46:43,deribit,BTC,BTC-14AUG26-62500-P,2026-08-14,62500,put,0.00271463,0.0025,0.0029,30.32,,,,,0.1,0.1,63723.35
2026-08-12 02:46:43,deribit,BTC,BTC-26MAR27-84000-P,2027-03-26,84000,put,0.32705596,0.317,0.3395,39.89,,,,,55.1,0.0,65403.14
2026-08-12 02:46:43,deribit,BTC,BTC-28AUG26-76000-P,2026-08-28,76000,put,0.19100468,,,35.69,,,,,5.4,0.0,63826.64
2026-08-12 02:46:43,deribit,BTC,BTC-25SEP26-75000-C,2026-09-25,75000,call,0.00550607,0.005,0.006,34.21,,,,,3672.0,33.0,64022.74
2026-08-12 02:46:43,deribit,BTC,BTC-28AUG26-83000-P,2026-08-28,83000,put,0.30054061,,,47.24,,,,,0.1,0.0,63826.64
2026-08-12 02:46:43,deribit,BTC,BTC-30OCT26-72000-P,2026-10-30,72000,put,0.14676727,0.144,0.1745,36.2,,,,,5.1,0.0,64279.71
2026-08-12 02:46:43,deribit,BTC,BTC-15AUG26-65000-C,2026-08-15,65000,call,0.00310421,0.0028,0.0033,26.64,,,,,1.4,1.4,63732.27
2026-08-12 02:46:43,deribit,BTC,BTC-26MAR27-65000-P,2027-03-26,65000,put,0.12610889,0.125,0.127,41.44,,,,,655.1,4.6,65403.61
2026-08-12 02:46:43,deribit,BTC,BTC-30OCT26-57000-C,2026-10-30,57000,call,0.14196242,0.1395,0.144,40.91,,,,,0.0,0.0,64279.71
2026-08-12 02:46:43,deribit,BTC,BTC-30OCT26-50000-P,2026-10-30,50000,put,0.01179834,0.0115,0.012,46.75,,,,,98.8,30.3,64279.71
2026-08-12 02:46:43,deribit,BTC,BTC-14AUG26-58000-C,2026-08-14,58000,call,0.09000504,,,54.5,,,,,0.0,0.0,63723.86
2026-08-12 02:46:43,deribit,BTC,BTC-25SEP26-120000-C,2026-09-25,120000,call,9.446e-05,,0.0002,59.43,,,,,1137.3,6.8,64022.74
2026-08-12 02:46:43,deribit,BTC,BTC-30OCT26-78000-C,2026-10-30,78000,call,0.01166702,0.011,0.012,36.29,,,,,183.2,1.0,64279.71
2026-08-12 02:46:43,deribit,BTC,BTC-25SEP26-170000-P,2026-09-25,170000,put,1.65531934,,,75.32,,,,,0.0,0.0,64022.74
2026-08-12 02:46:43,deribit,BTC,BTC-28AUG26-72000-P,2026-08-28,72000,put,0.12902091,0.122,0.1335,31.49,,,,,86.3,0.0,63826.64
2026-08-12 02:46:43,deribit,BTC,BTC-13AUG26-58000-P,2026-08-13,58000,put,3.5e-05,,0.0001,60.25,,,,,24.9,7.1,63716.67
2026-08-12 02:46:43,deribit,BTC,BTC-26MAR27-88000-C,2027-03-26,88000,call,0.03366561,0.033,0.034,40.0,,,,,71.0,0.1,65403.14
2026-08-12 02:46:43,deribit,BTC,BTC-26MAR27-74000-P,2027-03-26,74000,put,0.20990291,0.2075,0.212,40.27,,,,,54.0,0.0,65403.61
2026-08-12 02:46:43,deribit,BTC,BTC-26MAR27-170000-C,2027-03-26,170000,call,0.00110827,0.0007,0.0015,48.02,,,,,250.0,0.0,65403.61
2026-08-12 02:46:43,deribit,BTC,BTC-13AUG26-67000-C,2026-08-13,67000,call,5.677e-05,,0.0002,36.13,,,,,21.8,6.0,63716.67
2026-08-12 02:46:43,deribit,BTC,BTC-28AUG26-73000-P,2026-08-28,73000,put,0.1444022,,,32.43,,,,,5.1,0.0,63826.64
2026-08-12 02:46:43,deribit,BTC,BTC-26MAR27-74000-C,2027-03-26,74000,call,0.07846049,0.0775,0.0795,40.27,,,,,50.1,0.0,65403.61
2026-08-12 02:46:43,deribit,BTC,BTC-25DEC26-64000-P,2026-12-25,64000,put,0.09145419,0.091,0.092,40.28,,,,,316.8,0.2,64734.33
2026-08-12 02:46:43,deribit,BTC,BTC-14AUG26-72000-C,2026-08-14,72000,call,4.71e-06,,0.0001,47.27,,,,,1276.0,2.0,63723.86
2026-08-12 02:46:43,deribit,BTC,BTC-28AUG26-84000-C,2026-08-28,84000,call,0.00010601,,0.0002,47.52,,,,,60.2,0.0,63826.64
2026-08-12 02:46:43,deribit,BTC,BTC-26MAR27-54000-C,2027-03-26,54000,call,0.23210886,0.228,0.2375,44.39,,,,,0.1,0.0,65403.14
2026-08-12 02:46:43,deribit,BTC,BTC-12AUG26-66000-P,2026-08-12,66000,put,0.03598758,0.0001,,44.82,,,,,0.1,0.4,63707.37
2026-08-12 02:46:43,deribit,BTC,BTC-15AUG26-68000-P,2026-08-15,68000,put,0.06713726,,,32.07,,,,,0.0,0.0,63732.27
2026-08-12 02:46:43,deribit,BTC,BTC-15AUG26-67000-C,2026-08-15,67000,call,0.00038969,0.0003,0.0005,29.36,,,,,30.2,30.2,63732.37
2026-08-12 02:46:43,deribit,BTC,BTC-15AUG26-63000-C,2026-08-15,63000,call,0.01742876,0.0165,0.018,28.78,,,,,50.0,50.0,63732.27
2026-08-12 02:46:43,deribit,BTC,BTC-13AUG26-66000-P,2026-08-13,66000,put,0.03600814,0.0001,,30.98,,,,,0.4,0.8,63716.67
2026-08-12 02:46:43,deribit,BTC,BTC-25SEP26-115000-C,2026-09-25,115000,call,9.618e-05,,0.0002,55.92,,,,,2183.9,6.4,64022.23
2026-08-12 02:46:43,deribit,BTC,BTC-28AUG26-60000-C,2026-08-28,60000,call,0.06798787,0.067,0.072,35.0,,,,,435.4,0.0,63826.64
2026-08-12 02:46:43,deribit,BTC,BTC-25JUN27-84000-P,2027-06-25,84000,put,0.33971556,0.336,0.343,41.1,,,,,0.1,0.0,66117.81
2026-08-12 02:46:43,deribit,BTC,BTC-26MAR27-120000-P,2027-03-26,120000,put,0.8407249,,,42.22,,,,,1.8,0.0,65403.14
2026-08-12 02:46:43,deribit,BTC,BTC-30OCT26-78000-P,2026-10-30,78000,put,0.22511595,0.21,0.276,36.29,,,,,0.1,0.0,64279.71
2026-08-12 02:46:43,deribit,BTC,BTC-21AUG26-66000-C,2026-08-21,66000,call,0.00561889,0.005,0.006,27.79,,,,,742.7,403.1,63773.51
2026-08-12 02:46:43,deribit,BTC,BTC-15AUG26-58000-P,2026-08-15,58000,put,0.00039994,0.0003,0.0005,50.57,,,,,2.7,2.7,63732.27
2026-08-12 02:46:43,deribit,BTC,BTC-12AUG26-67000-C,2026-08-12,67000,call,1e-08,,0.0001,46.21,,,,,59.3,0.0,63707.89
2026-08-12 02:46:43,deribit,BTC,BTC-26MAR27-104000-P,2027-03-26,104000,put,0.603335,0.5975,0.6275,40.69,,,,,0.1,0.0,65403.61
2026-08-12 02:46:43,deribit,BTC,BTC-28AUG26-57000-P,2026-08-28,57000,put,0.00332977,0.0033,0.0035,40.04,,,,,1016.5,3.6,63826.64
2026-08-12 02:46:43,deribit,BTC,BTC-26MAR27-94000-P,2027-03-26,94000,put,0.46062959,0.456,0.491,40.12,,,,,9.1,0.0,65403.61
2026-08-12 02:46:43,deribit,BTC,BTC-25DEC26-100000-P,2026-12-25,100000,put,0.54982215,0.537,0.5595,40.93,,,,,303.3,0.0,64734.33
2026-08-12 02:46:43,deribit,BTC,BTC-25DEC26-75000-P,2026-12-25,75000,put,0.19969334,0.1955,0.2015,38.79,,,,,896.2,0.0,64734.33
2026-08-12 02:46:43,deribit,BTC,BTC-28AUG26-70000-P,2026-08-28,70000,put,0.09882577,0.092,0.1035,29.95,,,,,178.4,0.2,63826.64
2026-08-12 02:46:43,deribit,BTC,BTC-28AUG26-60000-P,2026-08-28,60000,put,0.00803142,0.0075,0.0085,35.0,,,,,1579.1,25.2,63826.64
2026-08-12 02:46:43,deribit,BTC,BTC-13AUG26-70000-C,2026-08-13,70000,call,3e-08,,0.0001,37.32,,,,,5.0,0.0,63716.67
2026-08-12 02:46:43,deribit,BTC,BTC-21AUG26-69000-P,2026-08-21,69000,put,0.08287807,,,29.38,,,,,0.0,0.0,63773.51
2026-08-12 02:46:43,deribit,BTC,BTC-12AUG26-65500-C,2026-08-12,65500,call,4.35e-06,,0.0001,38.55,,,,,181.4,93.5,63707.37
2026-08-12 02:46:43,deribit,BTC,BTC-25SEP26-130000-C,2026-09-25,130000,call,5.738e-05,,0.0002,63.53,,,,,1431.9,0.0,64022.74
2026-08-12 02:46:43,deribit,BTC,BTC-26MAR27-76000-C,2027-03-26,76000,call,0.06941847,0.069,0.07,40.08,,,,,394.5,25.6,65403.61
2026-08-12 02:46:43,deribit,BTC,BTC-13AUG26-68000-P,2026-08-13,68000,put,0.0672348,0.0001,,36.35,,,,,0.0,0.0,63716.41
2026-08-12 02:46:43,deribit,BTC,BTC-25JUN27-92000-C,2027-06-25,92000,call,0.0478374,0.047,0.049,41.02,,,,,5.8,0.7,66117.81
2026-08-12 02:46:43,deribit,BTC,BTC-30OCT26-65000-P,2026-10-30,65000,put,0.07540452,0.075,0.076,37.32,,,,,306.0,15.1,64279.71
2026-08-12 02:46:43,deribit,BTC,BTC-30OCT26-59000-P,2026-10-30,59000,put,0.03715845,0.0365,0.0375,39.79,,,,,43.0,10.0,64279.71
2026-08-12 02:46:43,deribit,BTC,BTC-25SEP26-92000-C,2026-09-25,92000,call,0.00042598,0.0003,0.0006,42.66,,,,,489.8,0.3,64022.23
2026-08-12 02:46:43,deribit,BTC,BTC-25SEP26-125000-C,2026-09-25,125000,call,7.643e-05,,0.0002,61.77,,,,,2323.8,0.0,64022.23
2026-08-12 02:46:43,deribit,BTC,BTC-30OCT26-82000-C,2026-10-30,82000,call,0.00662409,0.006,0.007,36.6,,,,,21.8,2.1,64279.71
2026-08-12 02:46:43,deribit,BTC,BTC-25DEC26-120000-P,2026-12-25,120000,put,0.85517385,0.8395,0.867,44.51,,,,,35.6,0.0,64734.33
2026-08-12 02:46:43,deribit,BTC,BTC-21AUG26-60000-P,2026-08-21,60000,put,0.00342194,0.0032,0.0036,34.08,,,,,637.3,52.0,63773.51
2026-08-12 02:46:43,deribit,BTC,BTC-28AUG26-56000-C,2026-08-28,56000,call,0.1251782,0.122,0.13,41.99,,,,,63.4,0.0,63826.64
2026-08-12 02:46:43,deribit,BTC,BTC-25JUN27-70000-P,2027-06-25,70000,put,0.19098464,0.1895,0.1925,42.05,,,,,9.6,0.0,66117.98
2026-08-12 02:46:43,deribit,BTC,BTC-25DEC26-220000-P,2026-12-25,220000,put,2.39862539,,,61.32,,,,,0.0,0.0,64734.33
2026-08-12 02:46:43,deribit,BTC,BTC-26MAR27-65000-C,2027-03-26,65000,call,0.13227433,0.131,0.1335,41.44,,,,,364.2,0.0,65403.61
2026-08-12 02:46:43,deribit,BTC,BTC-26MAR27-130000-C,2027-03-26,130000,call,0.00387369,0.0034,0.0042,43.3,,,,,1066.2,0.0,65403.61
2026-08-12 02:46:43,deribit,BTC,BTC-15AUG26-69000-C,2026-08-15,69000,call,5.761e-05,0.0001,0.0002,33.31,,,,,0.2,0.2,63732.27
2026-08-12 02:46:43,deribit,BTC,BTC-25SEP26-175000-C,2026-09-25,175000,call,6.29e-06,,0.0001,75.32,,,,,1355.3,0.0,64022.74
2026-08-12 02:46:43,deribit,BTC,BTC-12AUG26-58000-C,2026-08-12,58000,call,0.08958828,0.0001,,58.11,,,,,0.0,0.0,63707.37
2026-08-12 02:46:43,deribit,BTC,BTC-15AUG26-65000-P,2026-08-15,65000,put,0.02299571,0.02,0.0415,26.64,,,,,0.0,0.0,63732.27
2026-08-12 02:46:43,deribit,BTC,BTC-13AUG26-60000-C,2026-08-13,60000,call,0.05847719,0.0001,,48.27,,,,,0.0,0.0,63716.67
2026-08-12 02:46:43,deribit,BTC,BTC-28AUG26-74000-P,2026-08-28,74000,put,0.15987112,,,33.35,,,,,3.3,0.0,63826.64
2026-08-12 02:46:43,deribit,BTC,BTC-28AUG26-50000-C,2026-08-28,50000,call,0.21723137,0.2135,0.2215,54.35,,,,,51.0,0.0,63826.64
2026-08-12 02:46:43,deribit,BTC,BTC-14AUG26-65000-C,2026-08-14,65000,call,0.00182778,0.0016,0.002,26.27,,,,,798.0,107.2,63723.35
2026-08-12 02:46:43,deribit,BTC,BTC-26MAR27-84000-C,2027-03-26,84000,call,0.04271592,0.042,0.0435,39.89,,,,,266.4,0.5,65403.61
2026-08-12 02:46:43,deribit,BTC,BTC-25JUN27-160000-C,2027-06-25,160000,call,0.00403106,0.0034,0.0046,44.93,,,,,514.2,0.5,66117.98
2026-08-12 02:46:43,deribit,BTC,BTC-25JUN27-170000-P,2027-06-25,170000,put,1.57436229,,,45.8,,,,,14.6,0.0,66117.98
2026-08-12 02:46:43,deribit,BTC,BTC-25SEP26-86000-P,2026-09-25,86000,put,0.34410762,,,39.05,,,,,11.6,0.0,64022.23
2026-08-12 02:46:43,deribit,BTC,BTC-21AUG26-75000-C,2026-08-21,75000,call,0.00014043,0.0001,0.0002,40.8,,,,,1517.6,10.4,63773.65
2026-08-12 02:46:43,deribit,BTC,BTC-25SEP26-68000-C,2026-09-25,68000,call,0.02389966,0.0235,0.0245,34.12,,,,,834.2,31.0,64022.23
2026-08-12 02:46:43,deribit,BTC,BTC-14AUG26-62000-C,2026-08-14,62000,call,0.0287946,0.0275,0.0305,32.35,,,,,17.5,1.1,63723.35
2026-08-12 02:46:43,deribit,BTC,BTC-13AUG26-64000-P,2026-08-13,64000,put,0.00865012,0.008,0.0095,26.73,,,,,43.1,12.4,63716.41
2026-08-12 02:46:43,deribit,BTC,BTC-25SEP26-280000-C,2026-09-25,280000,call,1e-08,,0.0001,81.51,,,,,91.7,0.0,64022.23
2026-08-12 02:46:43,deribit,BTC,BTC-25DEC26-230000-C,2026-12-25,230000,call,8.919e-05,,0.0005,63.04,,,,,195.9,0.0,64734.33
2026-08-12 02:46:43,deribit,BTC,BTC-15AUG26-66500-C,2026-08-15,66500,call,0.00063644,0.0005,0.0008,28.35,,,,,21.5,21.5,63732.37
2026-08-12 02:46:43,deribit,BTC,BTC-25DEC26-50000-P,2026-12-25,50000,put,0.0245782,0.024,0.025,46.73,,,,,1944.6,2.0,64734.33
2026-08-12 02:46:43,deribit,BTC,BTC-14AUG26-66500-P,2026-08-14,66500,put,0.04384685,,,29.17,,,,,0.0,0.0,63723.35
2026-08-12 02:46:43,deribit,BTC,BTC-13AUG26-63500-C,2026-08-13,63500,call,0.00817455,0.0075,0.0085,27.53,,,,,34.7,38.8,63716.67
2026-08-12 02:46:43,deribit,BTC,BTC-28AUG26-65000-C,2026-08-28,65000,call,0.01753749,0.017,0.018,30.28,,,,,1420.4,46.8,63826.64
2026-08-12 02:46:43,deribit,BTC,BTC-15AUG26-65500-C,2026-08-15,65500,call,0.00182692,0.0016,0.002,26.95,,,,,0.8,0.8,63732.27
2026-08-12 02:46:43,deribit,BTC,BTC-15AUG26-62000-C,2026-08-15,62000,call,0.02984589,0.0265,0.0335,31.09,,,,,0.0,0.0,63732.27
2026-08-12 02:46:43,deribit,BTC,BTC-28AUG26-68000-P,2026-08-28,68000,put,0.07061587,0.0655,0.075,29.64,,,,,84.3,0.0,63826.64
2026-08-12 02:46:43,deribit,BTC,BTC-28AUG26-76000-C,2026-08-28,76000,call,0.00028284,0.0002,0.0004,35.69,,,,,1025.4,0.0,63826.64
2026-08-12 02:46:43,deribit,BTC,BTC-25DEC26-54000-P,2026-12-25,54000,put,0.03657136,0.036,0.037,44.24,,,,,1800.1,31.6,64733.84
2026-08-12 02:46:43,deribit,BTC,BTC-25DEC26-92000-P,2026-12-25,92000,put,0.43019573,0.4245,0.4365,39.38,,,,,4.6,0.0,64734.33
2026-08-12 02:46:43,deribit,BTC,BTC-28AUG26-40000-C,2026-08-28,40000,call,0.37332599,0.372,,69.36,,,,,23.4,0.0,63826.64
2026-08-12 02:46:43,deribit,BTC,BTC-26MAR27-78000-P,2027-03-26,78000,put,0.25409542,0.244,0.2575,39.99,,,,,183.0,0.0,65403.61
2026-08-12 02:46:43,deribit,BTC,BTC-25SEP26-54000-C,2026-09-25,54000,call,0.16561494,0.1625,0.1675,43.49,,,,,7.2,0.0,64022.23
2026-08-12 02:46:43,deribit,BTC,BTC-25DEC26-108000-C,2026-12-25,108000,call,0.00282757,0.0026,0.003,42.14,,,,,123.1,1.0,64734.33
2026-08-12 02:46:43,deribit,BTC,BTC-25DEC26-60000-P,2026-12-25,60000,put,0.06457152,0.064,0.065,41.5,,,,,6442.5,15.4,64734.33
2026-08-12 02:46:43,deribit,BTC,BTC-21AUG26-55000-C,2026-08-21,55000,call,0.13806795,,,45.5,,,,,0.0,0.0,63773.51
2026-08-12 02:46:43,deribit,BTC,BTC-25JUN27-58000-C,2027-06-25,58000,call,0.22165888,0.2185,0.224,44.05,,,,,5.3,0.0,66117.81
2026-08-12 02:46:43,deribit,BTC,BTC-25DEC26-250000-P,2026-12-25,250000,put,2.8620285,,,64.88,,,,,10.0,0.0,64734.33
2026-08-12 02:46:43,deribit,BTC,BTC-25SEP26-85000-C,2026-09-25,85000,call,0.00098768,0.0009,0.0011,38.68,,,,,1202.4,6.7,64022.23
2026-08-12 02:46:43,deribit,BTC,BTC-26MAR27-190000-P,2027-03-26,190000,put,1.90591213,,,51.22,,,,,0.9,0.0,65403.61
2026-08-12 02:46:43,deribit,BTC,BTC-25DEC26-160000-C,2026-12-25,160000,call,0.0003577,0.0002,0.0006,52.76,,,,,1224.0,0.1,64734.33
2026-08-12 02:46:43,deribit,BTC,BTC-25DEC26-88000-P,2026-12-25,88000,put,0.37216526,0.3665,0.4095,39.03,,,,,4.2,0.0,64734.33
2026-08-12 02:46:43,deribit,BTC,BTC-13AUG26-59000-P,2026-08-13,59000,put,8.371e-05,,0.0001,55.47,,,,,10.4,6.0,63716.41
2026-08-12 02:46:43,deribit,BTC,BTC-25SEP26-96000-P,2026-09-25,96000,put,0.49975557,,,44.91,,,,,1.0,0.0,64022.23
2026-08-12 02:46:43,deribit,BTC,BTC-25DEC26-96000-P,2026-12-25,96000,put,0.48971436,0.484,0.496,40.2,,,,,11.3,0.0,64733.84
2026-08-12 02:46:43,deribit,BTC,BTC-25DEC26-90000-C,2026-12-25,90000,call,0.01070546,0.0105,0.011,39.21,,,,,3326.3,7.8,64734.33
2026-08-12 02:46:43,deribit,BTC,BTC-26MAR27-66000-C,2027-03-26,66000,call,0.12512722,0.124,0.1265,41.27,,,,,17.1,0.1,65403.61
2026-08-12 02:46:43,deribit,BTC,BTC-25JUN27-62000-P,2027-06-25,62000,put,0.12549607,0.1245,0.1265,43.22,,,,,70.1,50.1,66117.98
2026-08-12 02:46:43,deribit,BTC,BTC-26MAR27-200000-P,2027-03-26,200000,put,2.05853254,,,51.23,,,,,1.0,0.0,65403.61
2026-08-12 02:46:43,deribit,BTC,BTC-26MAR27-45000-C,2027-03-26,45000,call,0.33997277,0.3355,0.345,49.05,,,,,3.3,0.0,65403.61
2026-08-12 02:46:43,deribit,BTC,BTC-25SEP26-30000-P,2026-09-25,30000,put,0.00043831,0.0003,0.0007,87.74,,,,,2599.3,0.7,64022.23
2026-08-12 02:46:43,deribit,BTC,BTC-30OCT26-95000-C,2026-10-30,95000,call,0.00143306,0.0012,0.0016,39.83,,,,,30.8,1.1,64279.71
2026-08-12 02:46:43,deribit,BTC,BTC-26MAR27-160000-C,2027-03-26,160000,call,0.00147617,0.0012,0.0018,47.02,,,,,860.6,0.1,65403.61
2026-08-12 02:46:43,deribit,BTC,BTC-25SEP26-260000-C,2026-09-25,260000,call,2e-08,,0.0001,78.83,,,,,292.0,0.0,64022.74
2026-08-12 02:46:43,deribit,BTC,BTC-30OCT26-50000-C,2026-10-30,50000,call,0.23394645,0.2315,0.249,46.75,,,,,0.1,0.0,64279.71
2026-08-12 02:46:43,deribit,BTC,BTC-21AUG26-55000-P,2026-08-21,55000,put,0.00050189,0.0004,0.0006,45.5,,,,,106.3,1.2,63773.51
2026-08-12 02:46:43,deribit,BTC,BTC-25DEC26-66000-P,2026-12-25,66000,put,0.10753607,0.107,0.108,39.84,,,,,363.7,0.0,64734.33
2026-08-12 02:46:43,deribit,BTC,BTC-25SEP26-82000-C,2026-09-25,82000,call,0.00148448,0.0014,0.0016,36.86,,,,,2560.7,15.9,64022.23
2026-08-12 02:46:43,deribit,BTC,BTC-14AUG26-66000-P,2026-08-14,66000,put,0.03620661,0.0345,0.0375,27.69,,,,,14.4,1.4,63723.86
2026-08-12 02:46:43,deribit,BTC,BTC-15AUG26-66000-P,2026-08-15,66000,put,0.03663293,0.032,0.043,27.41,,,,,0.0,0.0,63732.37
2026-08-12 02:46:43,deribit,BTC,BTC-26MAR27-92000-P,2027-03-26,92000,put,0.43299355,0.4285,0.4945,40.04,,,,,0.6,0.0,65403.61
2026-08-12 02:46:43,deribit,BTC,BTC-25DEC26-190000-P,2026-12-25,190000,put,1.93520241,,,55.34,,,,,0.0,0.0,64734.33
2026-08-12 02:46:43,deribit,BTC,BTC-25DEC26-35000-C,2026-12-25,35000,call,0.4658113,0.4625,0.469,63.16,,,,,77.8,0.0,64734.33
2026-08-12 02:46:43,deribit,BTC,BTC-25DEC26-160000-P,2026-12-25,160000,put,1.47201703,,,52.76,,,,,0.0,0.0,64734.33
2026-08-12 02:46:43,deribit,BTC,BTC-13AUG26-65000-C,2026-08-13,65000,call,0.00075423,0.0006,0.0008,27.05,,,,,121.6,114.9,63716.67
2026-08-12 02:46:43,deribit,BTC,BTC-25DEC26-120000-C,2026-12-25,120000,call,0.00142935,0.0013,0.0016,44.51,,,,,6033.1,0.1,64734.33
2026-08-12 02:46:43,deribit,BTC,BTC-26MAR27-72000-P,2027-03-26,72000,put,0.1895457,0.187,0.192,40.54,,,,,139.1,0.0,65403.14
2026-08-12 02:46:43,deribit,BTC,BTC-21AUG26-65000-C,2026-08-21,65000,call,0.00993513,0.0095,0.0105,28.03,,,,,332.2,58.8,63773.65
2026-08-12 02:46:43,deribit,BTC,BTC-21AUG26-68000-P,2026-08-21,68000,put,0.06790376,0.0635,0.0885,28.38,,,,,0.3,0.3,63773.65
2026-08-12 02:46:43,deribit,BTC,BTC-25DEC26-150000-C,2026-12-25,150000,call,0.00053417,0.0004,0.0008,51.51,,,,,1628.9,5.0,64734.33
2026-08-12 02:46:43,deribit,BTC,BTC-30OCT26-58000-P,2026-10-30,58000,put,0.03270238,0.032,0.033,40.33,,,,,52.3,10.7,64279.71
2026-08-12 02:46:43,deribit,BTC,BTC-26MAR27-58000-P,2027-03-26,58000,put,0.07805576,0.077,0.079,43.01,,,,,109.5,0.0,65403.61
2026-08-12 02:46:43,deribit,BTC,BTC-28AUG26-54000-P,2026-08-28,54000,put,0.00152109,0.0014,0.0016,45.92,,,,,1669.8,182.8,63826.64
2026-08-12 02:46:43,deribit,BTC,BTC-28AUG26-81000-C,2026-08-28,81000,call,0.0001412,0.0001,0.0002,43.17,,,,,1451.1,0.0,63826.64
2026-08-12 02:46:43,deribit,BTC,BTC-12AUG26-64000-P,2026-08-12,64000,put,0.00505473,0.0044,0.006,20.08,,,,,89.6,72.1,63707.89
2026-08-12 02:46:43,deribit,BTC,BTC-28AUG26-95000-C,2026-08-28,95000,call,3.123e-05,,0.0001,59.46,,,,,58.3,0.0,63826.64
2026-08-12 02:46:43,deribit,BTC,BTC-15AUG26-60000-P,2026-08-15,60000,put,0.00082623,0.0007,0.001,39.93,,,,,36.6,37.0,63732.37
2026-08-12 02:46:43,deribit,BTC,BTC-25JUN27-100000-C,2027-06-25,100000,call,0.03320158,0.0325,0.0345,41.08,,,,,93.8,4.5,66117.81
2026-08-12 02:46:43,deribit,BTC,BTC-25SEP26-88000-C,2026-09-25,88000,call,0.00062888,0.0005,0.0008,40.04,,,,,658.2,0.2,64022.74
2026-08-12 02:46:43,deribit,BTC,BTC-25DEC26-66000-C,2026-12-25,66000,call,0.08797659,0.0875,0.0885,39.84,,,,,267.7,0.0,64734.33
2026-08-12 02:46:43,deribit,BTC,BTC-25DEC26-102000-C,2026-12-25,102000,call,0.00423171,0.0042,0.0045,41.05,,,,,215.6,0.3,64734.33
2026-08-12 02:46:43,deribit,BTC,BTC-28AUG26-69000-C,2026-08-28,69000,call,0.00332635,0.0031,0.0036,29.7,,,,,945.1,27.2,63826.64
2026-08-12 02:46:43,deribit,BTC,BTC-26MAR27-104000-C,2027-03-26,104000,call,0.01319971,0.0125,0.014,40.69,,,,,101.4,0.0,65403.61
2026-08-12 02:46:43,deribit,BTC,BTC-28AUG26-95000-P,2026-08-28,95000,put,0.48843352,,,59.46,,,,,0.3,0.0,63826.64
2026-08-12 02:46:43,deribit,BTC,BTC-30OCT26-84000-C,2026-10-30,84000,call,0.00515468,0.0048,0.0055,37.08,,,,,30.3,2.6,64279.71
2026-08-12 02:46:43,deribit,BTC,BTC-25DEC26-170000-C,2026-12-25,170000,call,0.00024046,0.0001,0.0005,53.81,,,,,2379.5,0.0,64733.84
2026-08-12 02:46:43,deribit,BTC,BTC-25SEP26-65000-C,2026-09-25,65000,call,0.04154993,0.041,0.042,34.9,,,,,1278.1,47.7,64022.74
2026-08-12 02:46:43,deribit,BTC,BTC-14AUG26-55000-P,2026-08-14,55000,put,6.152e-05,,0.0002,70.94,,,,,513.0,5.3,63723.86
2026-08-12 02:46:43,deribit,BTC,BTC-30OCT26-85000-P,2026-10-30,85000,put,0.32680632,0.321,0.355,37.15,,,,,0.0,0.0,64279.71
2026-08-12 02:46:43,deribit,BTC,BTC-26MAR27-130000-P,2027-03-26,130000,put,0.9915428,,,43.3,,,,,0.3,0.0,65403.61
2026-08-12 02:46:43,deribit,BTC,BTC-21AUG26-72000-P,2026-08-21,72000,put,0.12934367,,,35.54,,,,,0.0,0.0,63773.51
2026-08-12 02:46:43,deribit,BTC,BTC-14AUG26-66500-C,2026-08-14,66500,call,0.00027334,0.0002,0.0004,29.17,,,,,96.9,46.4,63723.35
2026-08-12 02:46:43,deribit,BTC,BTC-26MAR27-80000-P,2027-03-26,80000,put,0.2777586,0.2745,0.2815,39.97,,,,,139.2,0.0,65403.61
2026-08-12 02:46:43,deribit,BTC,BTC-14AUG26-61000-C,2026-08-14,61000,call,0.04358399,0.0425,0.045,37.48,,,,,12.0,2.0,63723.86
2026-08-12 02:46:43,deribit,BTC,BTC-21AUG26-69000-C,2026-08-21,69000,call,0.00091548,0.0008,0.001,29.38,,,,,583.8,2.8,63773.51
2026-08-12 02:46:43,deribit,BTC,BTC-28AUG26-62000-C,2026-08-28,62000,call,0.04366119,0.043,0.0445,32.54,,,,,901.0,0.3,63826.64
2026-08-12 02:46:43,deribit,BTC,BTC-21AUG26-53000-C,2026-08-21,53000,call,0.16921966,,,51.19,,,,,0.0,0.0,63773.51
2026-08-12 02:46:43,deribit,BTC,BTC-30OCT26-52000-C,2026-10-30,52000,call,0.20613486,0.204,0.2425,44.78,,,,,0.1,0.0,64279.71
2026-08-12 02:46:43,deribit,BTC,BTC-25SEP26-300000-C,2026-09-25,300000,call,1e-08,,0.0001,84.97,,,,,192.1,0.0,64022.23
2026-08-12 02:46:43,deribit,BTC,BTC-13AUG26-66500-P,2026-08-13,66500,put,0.04376171,0.0001,,32.48,,,,,0.0,0.0,63716.41
2026-08-12 02:46:43,deribit,BTC,BTC-26MAR27-40000-C,2027-03-26,40000,call,0.40695895,0.403,0.4115,52.74,,,,,81.3,0.0,65403.61
2026-08-12 02:46:43,deribit,BTC,BTC-25JUN27-64000-C,2027-06-25,64000,call,0.17222743,0.171,0.1745,42.83,,,,,19.6,1.3,66117.98
2026-08-12 02:46:43,deribit,BTC,BTC-25SEP26-135000-C,2026-09-25,135000,call,5.988e-05,,0.0002,66.77,,,,,271.9,0.0,64022.74
2026-08-12 02:46:43,deribit,BTC,BTC-25SEP26-72000-P,2026-09-25,72000,put,0.13517649,0.1275,0.14,33.97,,,,,274.7,0.0,64022.23
2026-08-12 02:46:43,deribit,BTC,BTC-26MAR27-85000-P,2027-03-26,85000,put,0.33982585,0.336,0.3655,39.9,,,,,0.9,0.0,65403.61
2026-08-12 02:46:43,deribit,BTC,BTC-28AUG26-55000-C,2026-08-28,55000,call,0.14025998,0.1375,0.145,43.95,,,,,11.8,0.0,63826.64
2026-08-12 02:46:43,deribit,BTC,BTC-25SEP26-62000-P,2026-09-25,62000,put,0.03513121,0.0345,0.0355,36.12,,,,,1145.1,57.9,64022.74
2026-08-12 02:46:43,deribit,BTC,BTC-26MAR27-55000-C,2027-03-26,55000,call,0.22138482,0.217,0.2265,43.99,,,,,28.6,0.0,65403.61
2026-08-12 02:46:43,deribit,BTC,BTC-26MAR27-62000-C,2027-03-26,62000,call,0.15554921,0.1535,0.158,42.0,,,,,41.9,1.0,65403.61
2026-08-12 02:46:43,deribit,BTC,BTC-30OCT26-75000-P,2026-10-30,75000,put,0.18461763,0.18,0.188,36.25,,,,,6.1,5.0,64279.71
2026-08-12 02:46:43,deribit,BTC,BTC-28AUG26-110000-C,2026-08-28,110000,call,1.79e-06,,0.0001,65.75,,,,,105.0,0.0,63826.64
2026-08-12 02:46:43,deribit,BTC,BTC-25JUN27-150000-P,2027-06-25,150000,put,1.27416585,,,44.36,,,,,0.0,0.0,66117.81
2026-08-12 02:46:43,deribit,BTC,BTC-25SEP26-120000-P,2026-09-25,120000,put,0.87443053,0.8615,0.885,59.43,,,,,174.5,0.0,64022.74
2026-08-12 02:46:43,deribit,BTC,BTC-25JUN27-52000-C,2027-06-25,52000,call,0.28050542,0.2745,0.2855,45.78,,,,,1.1,0.0,66117.98
2026-08-12 02:46:43,deribit,BTC,BTC-28AUG26-94000-C,2026-08-28,94000,call,4.227e-05,,0.0001,59.46,,,,,220.2,0.0,63826.64
2026-08-12 02:46:43,deribit,BTC,BTC-15AUG26-63500-C,2026-08-15,63500,call,0.01228231,0.0115,0.0125,27.71,,,,,59.0,62.6,63732.27
2026-08-12 02:46:43,deribit,BTC,BTC-21AUG26-62000-P,2026-08-21,62000,put,0.00844035,0.008,0.009,30.76,,,,,229.0,16.1,63773.65
2026-08-12 02:46:43,deribit,BTC,BTC-25SEP26-50000-C,2026-09-25,50000,call,0.22429746,0.2195,0.226,49.77,,,,,30.5,0.0,64022.74
2026-08-12 02:46:43,deribit,BTC,BTC-28AUG26-96000-C,2026-08-28,96000,call,2.3e-05,,0.0001,59.46,,,,,25.7,0.0,63826.64
2026-08-12 02:46:43,deribit,BTC,BTC-25SEP26-96000-C,2026-09-25,96000,call,0.00028671,0.0002,0.0005,44.91,,,,,306.5,0.4,64022.23
2026-08-12 02:46:43,deribit,BTC,BTC-26MAR27-112000-C,2027-03-26,112000,call,0.00868144,0.008,0.009,41.38,,,,,62.7,0.0,65403.61
2026-08-12 02:46:43,deribit,BTC,BTC-30OCT26-84000-P,2026-10-30,84000,put,0.31194585,0.3065,0.3165,37.08,,,,,0.3,0.0,64279.59
2026-08-12 02:46:43,deribit,BTC,BTC-26MAR27-82000-C,2027-03-26,82000,call,0.04814234,0.0475,0.049,39.86,,,,,701.1,2.3,65403.61
2026-08-12 02:46:43,deribit,BTC,BTC-30OCT26-67000-C,2026-10-30,67000,call,0.05071558,0.05,0.051,36.85,,,,,21.0,0.5,64279.71
2026-08-12 02:46:43,deribit,BTC,BTC-25SEP26-55000-C,2026-09-25,55000,call,0.15156179,0.1475,0.1535,42.24,,,,,143.7,0.0,64022.23
2026-08-12 02:46:43,deribit,BTC,BTC-15AUG26-63500-P,2026-08-15,63500,put,0.00863785,0.008,0.009,27.71,,,,,34.3,34.3,63732.27
2026-08-12 02:46:43,deribit,BTC,BTC-15AUG26-61500-C,2026-08-15,61500,call,0.03689524,0.031,0.041,32.91,,,,,0.0,0.0,63732.37
2026-08-12 02:46:43,deribit,BTC,BTC-21AUG26-58000-P,2026-08-21,58000,put,0.00154927,0.0014,0.0017,38.66,,,,,369.1,13.3,63773.65
2026-08-12 02:46:43,deribit,BTC,BTC-25JUN27-88000-C,2027-06-25,88000,call,0.05745859,0.0565,0.0585,41.01,,,,,5.9,1.0,66117.81
2026-08-12 02:46:43,deribit,BTC,BTC-12AUG26-66500-C,2026-08-12,66500,call,1.9e-07,,0.0001,46.21,,,,,57.5,1.0,63707.89
2026-08-12 02:46:43,deribit,BTC,BTC-25DEC26-74000-P,2026-12-25,74000,put,0.18809128,0.1845,0.19,38.87,,,,,106.0,0.0,64733.84
2026-08-12 02:46:43,deribit,BTC,BTC-13AUG26-71000-C,2026-08-13,71000,call,1e-08,,0.0001,40.66,,,,,0.8,0.0,63716.41
2026-08-12 02:46:43,deribit,BTC,BTC-25JUN27-45000-C,2027-06-25,45000,call,0.3602211,0.354,0.365,48.74,,,,,0.6,0.0,66117.81
2026-08-12 02:46:43,deribit,BTC,BTC-25SEP26-74000-C,2026-09-25,74000,call,0.00690917,0.0065,0.007,34.17,,,,,1028.1,202.4,64022.74
2026-08-12 02:46:43,deribit,BTC,BTC-25JUN27-54000-C,2027-06-25,54000,call,0.25982444,0.253,0.2645,45.12,,,,,0.9,0.0,66117.81
2026-08-12 02:46:43,deribit,BTC,BTC-14AUG26-75000-C,2026-08-14,75000,call,4e-08,,0.0001,47.28,,,,,630.2,0.0,63723.35
2026-08-12 02:46:43,deribit,BTC,BTC-25DEC26-84000-C,2026-12-25,84000,call,0.01842343,0.018,0.019,38.91,,,,,776.7,0.3,64734.33
2026-08-12 02:46:43,deribit,BTC,BTC-30OCT26-65000-C,2026-10-30,65000,call,0.06419708,0.0635,0.0645,37.32,,,,,363.8,45.6,64279.71
2026-08-12 02:46:43,deribit,BTC,BTC-28AUG26-85000-C,2026-08-28,85000,call,7.874e-05,,0.0001,47.94,,,,,319.4,0.2,63826.64
2026-08-12 02:46:43,deribit,BTC,BTC-25SEP26-76000-P,2026-09-25,76000,put,0.19141761,0.1835,0.1955,34.2,,,,,599.6,0.0,64022.23
2026-08-12 02:46:43,deribit,BTC,BTC-13AUG26-70000-P,2026-08-13,70000,put,0.09861811,0.0001,,37.32,,,,,0.0,0.0,63716.67
2026-08-12 02:46:43,deribit,BTC,BTC-28AUG26-98000-C,2026-08-28,98000,call,1.237e-05,,0.0001,59.46,,,,,161.0,0.0,63826.64
2026-08-12 02:46:43,deribit,BTC,BTC-25SEP26-54000-P,2026-09-25,54000,put,0.00906618,0.0085,0.0095,43.49,,,,,617.8,12.3,64022.74
2026-08-12 02:46:43,deribit,BTC,BTC-28AUG26-100000-C,2026-08-28,100000,call,7.09e-06,,0.0001,59.75,,,,,189.9,0.0,63826.64
2026-08-12 02:46:43,deribit,BTC,BTC-25DEC26-76000-C,2026-12-25,76000,call,0.0376246,0.037,0.038,38.76,,,,,385.5,1.4,64734.33
2026-08-12 02:46:43,deribit,BTC,BTC-13AUG26-61000-P,2026-08-13,61000,put,0.00030774,0.0002,0.0004,41.21,,,,,364.1,353.5,63716.67
2026-08-12 02:46:43,deribit,BTC,BTC-25JUN27-86000-P,2027-06-25,86000,put,0.36378464,0.36,0.3675,41.04,,,,,0.1,0.0,66117.98
2026-08-12 02:46:43,deribit,BTC,BTC-14AUG26-72000-P,2026-08-14,72000,put,0.12988881,,,47.27,,,,,0.0,0.0,63723.35
2026-08-12 02:46:43,deribit,BTC,BTC-28AUG26-82000-C,2026-08-28,82000,call,0.00014038,,0.0002,45.09,,,,,1507.6,13.0,63826.64
2026-08-12 02:46:43,deribit,BTC,BTC-25JUN27-92000-P,2027-06-25,92000,put,0.43930399,0.4345,0.478,41.02,,,,,0.1,0.0,66117.98
2026-08-12 02:46:43,deribit,BTC,BTC-25DEC26-104000-C,2026-12-25,104000,call,0.00371867,0.0034,0.0039,41.47,,,,,87.7,0.5,64734.33
2026-08-12 02:46:43,deribit,BTC,BTC-25SEP26-66000-C,2026-09-25,66000,call,0.03489882,0.0345,0.0355,34.63,,,,,1128.3,100.8,64022.74
2026-08-12 02:46:43,deribit,BTC,BTC-25SEP26-155000-P,2026-09-25,155000,put,1.42105492,,,75.11,,,,,0.1,0.0,64022.74
2026-08-12 02:46:43,deribit,BTC,BTC-15AUG26-59000-C,2026-08-15,59000,call,0.07479045,,,44.93,,,,,0.0,0.0,63732.27
2026-08-12 02:46:43,deribit,BTC,BTC-25SEP26-105000-C,2026-09-25,105000,call,0.00017979,0.0001,0.0005,50.99,,,,,1206.8,0.0,64022.74
2026-08-12 02:46:43,deribit,BTC,BTC-25DEC26-88000-C,2026-12-25,88000,call,0.01275262,0.0125,0.013,39.03,,,,,2648.9,15.0,64734.33
2026-08-12 02:46:43,deribit,BTC,BTC-30OCT26-72000-C,2026-10-30,72000,call,0.02666056,0.026,0.027,36.2,,,,,200.8,0.6,64279.71
2026-08-12 02:46:43,deribit,BTC,BTC-14AUG26-68000-P,2026-08-14,68000,put,0.0672495,0.0655,0.0685,37.44,,,,,7.3,0.0,63723.86
2026-08-12 02:46:43,deribit,BTC,BTC-12AUG26-67500-C,2026-08-12,67500,call,0.0,,0.0001,46.22,,,,,41.7,0.0,63707.89
2026-08-12 02:46:43,deribit,BTC,BTC-25JUN27-56000-P,2027-06-25,56000,put,0.08724215,0.0865,0.088,44.57,,,,,42.0,0.0,66117.98
2026-08-12 02:46:43,deribit,BTC,BTC-13AUG26-65500-P,2026-08-13,65500,put,0.02828737,0.0001,,28.0,,,,,0.3,0.0,63716.67
2026-08-12 02:46:43,deribit,BTC,BTC-26MAR27-105000-P,2027-03-26,105000,put,0.61788064,0.612,0.641,40.74,,,,,0.4,0.0,65403.61
2026-08-12 02:46:43,deribit,BTC,BTC-28AUG26-80000-P,2026-08-28,80000,put,0.25354778,0.245,0.2585,41.64,,,,,29.5,0.0,63826.64
2026-08-12 02:46:43,deribit,BTC,BTC-30OCT26-63000-C,2026-10-30,63000,call,0.08018144,0.0795,0.0805,37.97,,,,,123.1,7.7,64279.59
2026-08-12 02:46:43,deribit,BTC,BTC-30OCT26-90000-P,2026-10-30,90000,put,0.40260984,,,38.48,,,,,0.1,0.0,64279.71
2026-08-12 02:46:43,deribit,BTC,BTC-14AUG26-59000-C,2026-08-14,59000,call,0.07441892,,,48.94,,,,,0.4,0.0,63723.35
2026-08-12 02:46:43,deribit,BTC,BTC-12AUG26-60000-C,2026-08-12,60000,call,0.05819477,0.0001,,50.05,,,,,0.0,0.0,63707.37
2026-08-12 02:46:43,deribit,BTC,BTC-25JUN27-105000-P,2027-06-25,105000,put,0.61467242,0.609,0.6215,41.2,,,,,0.1,0.0,66117.98
2026-08-12 02:46:43,deribit,BTC,BTC-28AUG26-52000-P,2026-08-28,52000,put,0.00100677,0.0009,0.0011,50.61,,,,,1332.8,80.4,63826.64
2026-08-12 02:46:43,deribit,BTC,BTC-30OCT26-73000-P,2026-10-30,73000,put,0.15904412,0.117,0.203,36.22,,,,,0.0,0.0,64279.71
2026-08-12 02:46:43,deribit,BTC,BTC-25SEP26-82000-P,2026-09-25,82000,put,0.28228079,0.275,0.2885,36.86,,,,,194.1,0.0,64022.74
2026-08-12 02:46:43,deribit,BTC,BTC-26MAR27-112000-P,2027-03-26,112000,put,0.72113483,0.7145,0.727,41.38,,,,,0.1,0.0,65403.61
2026-08-12 02:46:43,deribit,BTC,BTC-25DEC26-58000-C,2026-12-25,58000,call,0.15771327,0.1555,0.1595,42.28,,,,,41.8,0.0,64734.33
2026-08-12 02:46:43,deribit,BTC,BTC-14AUG26-60000-P,2026-08-14,60000,put,0.00050709,0.0004,0.0006,43.63,,,,,2727.9,247.7,63723.86
2026-08-12 02:46:43,deribit,BTC,BTC-28AUG26-65000-P,2026-08-28,65000,put,0.035918,0.035,0.0365,30.28,,,,,912.7,8.6,63826.64
2026-08-12 02:46:43,deribit,BTC,BTC-30OCT26-56000-P,2026-10-30,56000,put,0.02523701,0.0245,0.0255,41.57,,,,,31.7,0.0,64279.71
2026-08-12 02:46:43,deribit,BTC,BTC-21AUG26-62000-C,2026-08-21,62000,call,0.03624209,0.0345,0.0385,30.76,,,,,28.7,1.6,63773.65
2026-08-12 02:46:43,deribit,BTC,BTC-25SEP26-66000-P,2026-09-25,66000,put,0.06578366,0.065,0.0665,34.63,,,,,873.4,0.3,64022.74
2026-08-12 02:46:43,deribit,BTC,BTC-13AUG26-65000-P,2026-08-13,65000,put,0.02089959,0.0195,0.0225,27.05,,,,,24.5,4.0,63716.41
2026-08-12 02:46:43,deribit,BTC,BTC-25JUN27-90000-C,2027-06-25,90000,call,0.0524132,0.0515,0.0535,41.01,,,,,77.4,0.1,66117.98
2026-08-12 02:46:43,deribit,BTC,BTC-25DEC26-85000-C,2026-12-25,85000,call,0.01683366,0.0165,0.017,38.95,,,,,2231.0,1.3,64733.84
2026-08-12 02:46:43,deribit,BTC,BTC-25DEC26-98000-P,2026-12-25,98000,put,0.51945883,,,40.23,,,,,1.2,0.0,64734.33
2026-08-12 02:46:43,deribit,BTC,BTC-26MAR27-78000-C,2027-03-26,78000,call,0.06149395,0.061,0.062,39.99,,,,,438.8,9.0,65403.61
2026-08-12 02:46:43,deribit,BTC,BTC-28AUG26-90000-P,2026-08-28,90000,put,0.41012581,,,55.07,,,,,11.1,0.0,63826.64
2026-08-12 02:46:43,deribit,BTC,BTC-28AUG26-85000-P,2026-08-28,85000,put,0.33180711,,,47.94,,,,,0.8,0.0,63826.64
2026-08-12 02:46:43,deribit,BTC,BTC-25SEP26-200000-P,2026-09-25,200000,put,2.12389414,,,75.38,,,,,0.1,0.0,64022.74
2026-08-12 02:46:43,deribit,BTC,BTC-28AUG26-68000-C,2026-08-28,68000,call,0.00523318,0.005,0.0055,29.64,,,,,1269.0,68.8,63826.64
2026-08-12 02:46:43,deribit,BTC,BTC-28AUG26-52000-C,2026-08-28,52000,call,0.18630236,0.1835,0.191,50.61,,,,,51.0,0.0,63826.64
2026-08-12 02:46:43,deribit,BTC,BTC-15AUG26-58000-C,2026-08-15,58000,call,0.09034292,,,50.57,,,,,0.0,0.0,63732.37
2026-08-12 02:46:43,deribit,BTC,BTC-25DEC26-78000-C,2026-12-25,78000,call,0.03148489,0.031,0.032,38.73,,,,,540.2,2.2,64734.33
2026-08-12 02:46:43,deribit,BTC,BTC-25SEP26-85000-P,2026-09-25,85000,put,0.3286424,0.3195,0.3345,38.68,,,,,453.0,0.0,64022.74
2026-08-12 02:46:43,deribit,BTC,BTC-28AUG26-54000-C,2026-08-28,54000,call,0.15548189,0.152,0.1595,45.92,,,,,12.2,0.0,63826.64
2026-08-12 02:46:43,deribit,BTC,BTC-13AUG26-63000-P,2026-08-13,63000,put,0.00249255,0.0022,0.0027,29.06,,,,,217.2,254.8,63716.67
2026-08-12 02:46:43,deribit,BTC,BTC-13AUG26-64500-P,2026-08-13,64500,put,0.0141508,0.0125,0.016,26.49,,,,,34.8,11.0,63716.67
2026-08-12 02:46:43,deribit,BTC,BTC-12AUG26-72000-P,2026-08-12,72000,put,0.13016627,0.0001,,46.23,,,,,0.0,0.0,63707.89
2026-08-12 02:46:43,deribit,BTC,BTC-21AUG26-70000-C,2026-08-21,70000,call,0.00057966,0.0005,0.0007,30.96,,,,,1502.0,25.0,63773.65
2026-08-12 02:46:43,deribit,BTC,BTC-25DEC26-95000-P,2026-12-25,95000,put,0.47456599,0.464,0.4835,39.76,,,,,85.9,0.0,64734.33
2026-08-12 02:46:43,deribit,ETH,ETH-15AUG26-2040-C,2026-08-15,2040,call,0.000428,0.0003,0.0005,43.82,,,,,0.0,0.0,1883.65
2026-08-12 02:46:43,deribit,ETH,ETH-28AUG26-1850-C,2026-08-28,1850,call,0.046616,0.046,0.047,43.91,,,,,4232.0,115.0,1885.07
2026-08-12 02:46:43,deribit,ETH,ETH-25SEP26-6400-C,2026-09-25,6400,call,3.2e-05,,0.0002,99.33,,,,,1918.0,0.0,1888.06
2026-08-12 02:46:43,deribit,ETH,ETH-25DEC26-3500-P,2026-12-25,3500,put,0.848675,,,57.2,,,,,51.0,0.0,1900.94
2026-08-12 02:46:43,deribit,ETH,ETH-26MAR27-6000-C,2027-03-26,6000,call,0.003384,0.003,0.0038,63.61,,,,,5149.0,10.0,1918.99
2026-08-12 02:46:43,deribit,ETH,ETH-21AUG26-2400-C,2026-08-21,2400,call,0.000143,,0.0003,58.11,,,,,1296.0,4.0,1884.29
2026-08-12 02:46:43,deribit,ETH,ETH-21AUG26-1900-P,2026-08-21,1900,put,0.030198,0.0295,0.031,40.56,,,,,918.0,164.0,1884.29
2026-08-12 02:46:43,deribit,ETH,ETH-12AUG26-1780-P,2026-08-12,1780,put,1e-06,,0.0001,63.99,,,,,779.0,24.0,1883.18
2026-08-12 02:46:43,deribit,ETH,ETH-15AUG26-2020-C,2026-08-15,2020,call,0.000596,0.0005,0.0007,41.63,,,,,2.0,2.0,1883.65
2026-08-12 02:46:43,deribit,ETH,ETH-28AUG26-1200-C,2026-08-28,1200,call,0.363661,0.3595,0.3665,84.17,,,,,69.0,0.0,1885.06
2026-08-12 02:46:43,deribit,ETH,ETH-26MAR27-3500-P,2027-03-26,3500,put,0.848651,0.796,0.861,56.89,,,,,23.0,0.0,1918.99
2026-08-12 02:46:43,deribit,ETH,ETH-30OCT26-3400-P,2026-10-30,3400,put,0.798398,,,58.45,,,,,0.0,0.0,1892.7
2026-08-12 02:46:43,deribit,ETH,ETH-25SEP26-3500-P,2026-09-25,3500,put,0.854084,0.8425,0.8645,65.71,,,,,1133.0,0.0,1888.06
2026-08-12 02:46:43,deribit,ETH,ETH-25DEC26-5200-C,2026-12-25,5200,call,0.001231,0.001,0.0015,65.66,,,,,8859.0,0.0,1900.96
2026-08-12 02:46:43,deribit,ETH,ETH-25SEP26-6500-C,2026-09-25,6500,call,2.7e-05,,0.0002,99.33,,,,,1337.0,0.0,1888.06
2026-08-12 02:46:43,deribit,ETH,ETH-12AUG26-1750-P,2026-08-12,1750,put,0.0,,0.0001,70.3,,,,,1714.0,1562.0,1883.19
2026-08-12 02:46:43,deribit,ETH,ETH-30OCT26-2250-C,2026-10-30,2250,call,0.03503,0.0345,0.0355,50.92,,,,,337.0,53.0,1892.7
2026-08-12 02:46:43,deribit,ETH,ETH-12AUG26-1980-C,2026-08-12,1980,call,0.0,,0.0001,49.28,,,,,280.0,290.0,1883.18
2026-08-12 02:46:43,deribit,ETH,ETH-15AUG26-1900-P,2026-08-15,1900,put,0.018481,0.018,0.019,36.44,,,,,0.0,0.0,1883.65
2026-08-12 02:46:43,deribit,ETH,ETH-12AUG26-2060-P,2026-08-12,2060,put,0.093889,0.0001,,60.79,,,,,0.0,0.0,1883.19
2026-08-12 02:46:43,deribit,ETH,ETH-30OCT26-1900-P,2026-10-30,1900,put,0.096796,0.096,0.0975,51.06,,,,,423.0,0.0,1892.71
2026-08-12 02:46:43,deribit,ETH,ETH-15AUG26-1900-C,2026-08-15,1900,call,0.009806,0.0095,0.0105,36.44,,,,,90.0,90.0,1883.65
2026-08-12 02:46:43,deribit,ETH,ETH-25SEP26-8000-P,2026-09-25,8000,put,3.237156,,,99.33,,,,,0.0,0.0,1888.06
2026-08-12 02:46:43,deribit,ETH,ETH-25SEP26-6800-C,2026-09-25,6800,call,1.6e-05,,0.0002,99.33,,,,,1462.0,0.0,1888.05
2026-08-12 02:46:43,deribit,ETH,ETH-25DEC26-4600-P,2026-12-25,4600,put,1.421677,,,61.84,,,,,0.0,0.0,1900.94
2026-08-12 02:46:43,deribit,ETH,ETH-26MAR27-900-C,2027-03-26,900,call,0.545247,0.543,0.547,69.98,,,,,68.0,0.0,1918.99
2026-08-12 02:46:43,deribit,ETH,ETH-28AUG26-2500-C,2026-08-28,2500,call,0.00039,0.0002,0.0006,56.21,,,,,28356.0,0.0,1885.07
2026-08-12 02:46:43,deribit,ETH,ETH-25SEP26-3600-C,2026-09-25,3600,call,0.000292,0.0002,0.0004,67.48,,,,,2723.0,0.0,1888.06
2026-08-12 02:46:43,deribit,ETH,ETH-25SEP26-4600-P,2026-09-25,4600,put,1.436542,,,85.44,,,,,38.0,0.0,1888.05
2026-08-12 02:46:43,deribit,ETH,ETH-13AUG26-1840-C,2026-08-13,1840,call,0.024715,0.02,0.0285,38.49,,,,,87.0,0.0,1883.4
2026-08-12 02:46:43,deribit,ETH,ETH-26MAR27-900-P,2027-03-26,900,put,0.014251,0.0135,0.015,69.98,,,,,767.0,100.0,1919.0
2026-08-12 02:46:43,deribit,ETH,ETH-25JUN27-2600-P,2027-06-25,2600,put,0.450079,0.445,0.533,56.55,,,,,0.0,0.0,1937.67
2026-08-12 02:46:43,deribit,ETH,ETH-25SEP26-15000-P,2026-09-25,15000,put,6.944663,,,127.3,,,,,0.0,0.0,1888.06
2026-08-12 02:46:43,deribit,ETH,ETH-25SEP26-12000-P,2026-09-25,12000,put,5.355731,,,115.57,,,,,0.0,0.0,1888.06
2026-08-12 02:46:43,deribit,ETH,ETH-14AUG26-1750-C,2026-08-14,1750,call,0.071475,0.0375,0.1025,52.59,,,,,50.0,0.0,1883.55
2026-08-12 02:46:43,deribit,ETH,ETH-30OCT26-2300-P,2026-10-30,2300,put,0.245534,0.2375,0.282,51.07,,,,,0.0,0.0,1892.7
2026-08-12 02:46:43,deribit,ETH,ETH-14AUG26-2050-P,2026-08-14,2050,put,0.088513,,,47.31,,,,,228.0,0.0,1883.54
2026-08-12 02:46:43,deribit,ETH,ETH-30OCT26-3600-P,2026-10-30,3600,put,0.903471,,,60.2,,,,,0.0,0.0,1892.7
2026-08-12 02:46:43,deribit,ETH,ETH-25DEC26-3000-C,2026-12-25,3000,call,0.016252,0.0155,0.017,54.74,,,,,5167.0,25.0,1900.96
2026-08-12 02:46:43,deribit,ETH,ETH-25DEC26-4200-P,2026-12-25,4200,put,1.212359,,,60.27,,,,,62.0,0.0,1900.94
2026-08-12 02:46:43,deribit,ETH,ETH-26MAR27-2100-C,2027-03-26,2100,call,0.137011,0.136,0.138,55.28,,,,,884.0,0.0,1919.0
2026-08-12 02:46:43,deribit,ETH,ETH-26MAR27-1300-C,2027-03-26,1300,call,0.3678,0.366,0.37,60.69,,,,,50.0,0.0,1918.99
2026-08-12 02:46:43,deribit,ETH,ETH-25DEC26-2200-P,2026-12-25,2200,put,0.230772,0.2275,0.235,53.05,,,,,9286.0,0.0,1900.96
2026-08-12 02:46:43,deribit,ETH,ETH-25SEP26-1500-C,2026-09-25,1500,call,0.216019,0.2135,0.218,56.6,,,,,976.0,0.0,1888.06
2026-08-12 02:46:43,deribit,ETH,ETH-30OCT26-2200-P,2026-10-30,2200,put,0.202788,0.1985,0.208,50.8,,,,,1.0,0.0,1892.7
2026-08-12 02:46:43,deribit,ETH,ETH-14AUG26-1920-P,2026-08-14,1920,put,0.023508,0.0215,0.0265,35.97,,,,,383.0,61.0,1883.55
2026-08-12 02:46:43,deribit,ETH,ETH-28AUG26-3000-P,2026-08-28,3000,put,0.591617,,,78.59,,,,,5.0,0.0,1885.06
2026-08-12 02:46:43,deribit,ETH,ETH-14AUG26-2400-P,2026-08-14,2400,put,0.27419,,,76.35,,,,,2.0,0.0,1883.55
2026-08-12 02:46:43,deribit,ETH,ETH-14AUG26-1820-P,2026-08-14,1820,put,0.002177,0.002,0.0024,40.46,,,,,818.0,10.0,1883.55
2026-08-12 02:46:43,deribit,ETH,ETH-25DEC26-2100-C,2026-12-25,2100,call,0.088933,0.088,0.0895,53.05,,,,,1703.0,0.0,1900.96
2026-08-12 02:46:43,deribit,ETH,ETH-30OCT26-2500-P,2026-10-30,2500,put,0.337953,0.3285,0.363,51.86,,,,,1.0,0.0,1892.71
2026-08-12 02:46:43,deribit,ETH,ETH-12AUG26-1700-P,2026-08-12,1700,put,0.0,,0.0001,72.31,,,,,130.0,52.0,1883.18
2026-08-12 02:46:43,deribit,ETH,ETH-13AUG26-1860-P,2026-08-13,1860,put,0.003491,0.0033,0.0038,36.08,,,,,1183.0,431.0,1883.4
2026-08-12 02:46:43,deribit,ETH,ETH-12AUG26-1920-P,2026-08-12,1920,put,0.019559,0.015,0.0245,31.03,,,,,1079.0,16.0,1883.18
2026-08-12 02:46:43,deribit,ETH,ETH-26MAR27-4800-C,2027-03-26,4800,call,0.007491,0.007,0.008,60.31,,,,,2857.0,3.0,1918.99
2026-08-12 02:46:43,deribit,ETH,ETH-25SEP26-3100-C,2026-09-25,3100,call,0.000687,0.0005,0.0009,59.06,,,,,2164.0,3.0,1888.06
2026-08-12 02:46:43,deribit,ETH,ETH-25SEP26-1600-P,2026-09-25,1600,put,0.017484,0.017,0.018,53.46,,,,,8009.0,162.0,1888.06
2026-08-12 02:46:43,deribit,ETH,ETH-25DEC26-3300-C,2026-12-25,3300,call,0.009997,0.0095,0.0105,56.12,,,,,1853.0,0.0,1900.94
2026-08-12 02:46:43,deribit,ETH,ETH-21AUG26-1750-P,2026-08-21,1750,put,0.005472,0.005,0.006,45.26,,,,,493.0,230.0,1884.29
2026-08-12 02:46:43,deribit,ETH,ETH-28AUG26-3400-P,2026-08-28,3400,put,0.803685,,,84.51,,,,,1.0,0.0,1885.06
2026-08-12 02:46:43,deribit,ETH,ETH-28AUG26-2400-C,2026-08-28,2400,call,0.000694,0.0005,0.0008,53.09,,,,,17635.0,2.0,1885.07
2026-08-12 02:46:43,deribit,ETH,ETH-28AUG26-2400-P,2026-08-28,2400,put,0.273863,,,53.09,,,,,2.0,0.0,1885.07
2026-08-12 02:46:43,deribit,ETH,ETH-30OCT26-2150-P,2026-10-30,2150,put,0.182597,0.18,0.186,50.73,,,,,1.0,0.0,1892.71
2026-08-12 02:46:43,deribit,ETH,ETH-12AUG26-2040-P,2026-08-12,2040,put,0.083268,0.0001,,57.18,,,,,0.0,0.0,1883.18
2026-08-12 02:46:43,deribit,ETH,ETH-25DEC26-1200-C,2026-12-25,1200,call,0.385973,0.3825,0.388,63.37,,,,,341.0,0.0,1900.94
2026-08-12 02:46:43,deribit,ETH,ETH-13AUG26-1800-P,2026-08-13,1800,put,0.00052,0.0005,0.0007,46.94,,,,,262.0,258.0,1883.4
2026-08-12 02:46:43,deribit,ETH,ETH-25DEC26-3500-C,2026-12-25,3500,call,0.007491,0.007,0.008,57.2,,,,,28522.0,0.0,1900.94
2026-08-12 02:46:43,deribit,ETH,ETH-26MAR27-2500-P,2027-03-26,2500,put,0.384305,0.378,0.3895,55.22,,,,,560.0,0.0,1918.99
2026-08-12 02:46:43,deribit,ETH,ETH-25DEC26-1200-P,2026-12-25,1200,put,0.017236,0.0165,0.018,63.37,,,,,7234.0,11.0,1900.94
2026-08-12 02:46:43,deribit,ETH,ETH-25SEP26-4400-C,2026-09-25,4400,call,0.000179,0.0001,0.0004,81.69,,,,,4356.0,0.0,1888.06
2026-08-12 02:46:43,deribit,ETH,ETH-30OCT26-4000-C,2026-10-30,4000,call,0.000779,0.0006,0.001,63.5,,,,,410.0,0.0,1892.7
2026-08-12 02:46:43,deribit,ETH,ETH-15AUG26-1600-C,2026-08-15,1600,call,0.150693,0.145,0.155,68.34,,,,,0.0,0.0,1883.65
2026-08-12 02:46:43,deribit,ETH,ETH-30OCT26-2400-C,2026-10-30,2400,call,0.022845,0.022,0.0235,51.5,,,,,648.0,0.0,1892.71
2026-08-12 02:46:43,deribit,ETH,ETH-26MAR27-1300-P,2027-03-26,1300,put,0.045251,0.0445,0.046,60.69,,,,,1536.0,0.0,1918.99
2026-08-12 02:46:43,deribit,ETH,ETH-25JUN27-4500-P,2027-06-25,4500,put,1.344818,1.3285,1.413,59.14,,,,,1.0,0.0,1937.68
2026-08-12 02:46:43,deribit,ETH,ETH-15AUG26-1920-C,2026-08-15,1920,call,0.006277,0.006,0.007,36.59,,,,,35.0,35.0,1883.65
2026-08-12 02:46:43,deribit,ETH,ETH-30OCT26-2100-C,2026-10-30,2100,call,0.053814,0.053,0.0545,50.71,,,,,1181.0,92.0,1892.71
2026-08-12 02:46:43,deribit,ETH,ETH-25DEC26-2700-C,2026-12-25,2700,call,0.02787,0.027,0.0285,53.67,,,,,3080.0,24.0,1900.94
2026-08-12 02:46:43,deribit,ETH,ETH-30OCT26-2000-P,2026-10-30,2000,put,0.127719,0.127,0.1285,50.75,,,,,16.0,0.0,1892.7
2026-08-12 02:46:43,deribit,ETH,ETH-28AUG26-1600-P,2026-08-28,1600,put,0.003429,0.0032,0.0037,53.7,,,,,13128.0,34.0,1885.07
2026-08-12 02:46:43,deribit,ETH,ETH-25JUN27-1800-C,2027-06-25,1800,call,0.241505,0.2385,0.2435,57.59,,,,,1466.0,1.0,1937.68
2026-08-12 02:46:43,deribit,ETH,ETH-30OCT26-3000-C,2026-10-30,3000,call,0.004978,0.0046,0.005,55.79,,,,,753.0,1.0,1892.7
2026-08-12 02:46:43,deribit,ETH,ETH-25SEP26-2000-C,2026-09-25,2000,call,0.043351,0.0425,0.044,48.32,,,,,26931.0,1452.0,1888.05
2026-08-12 02:46:43,deribit,ETH,ETH-12AUG26-1800-C,2026-08-12,1800,call,0.044184,0.0001,,63.99,,,,,0.0,0.0,1883.19
2026-08-12 02:46:43,deribit,ETH,ETH-25DEC26-4500-P,2026-12-25,4500,put,1.369314,,,61.54,,,,,2.0,0.0,1900.94
2026-08-12 02:46:43,deribit,ETH,ETH-30OCT26-2600-P,2026-10-30,2600,put,0.386702,0.3755,0.3975,52.47,,,,,95.0,0.0,1892.71
2026-08-12 02:46:43,deribit,ETH,ETH-15AUG26-1760-P,2026-08-15,1760,put,0.001136,0.001,0.0013,46.93,,,,,0.0,0.0,1883.65
2026-08-12 02:46:43,deribit,ETH,ETH-25DEC26-2900-P,2026-12-25,2900,put,0.544665,0.485,0.578,54.16,,,,,173.0,0.0,1900.94
2026-08-12 02:46:43,deribit,ETH,ETH-25JUN27-2000-C,2027-06-25,2000,call,0.197183,0.1955,0.199,57.0,,,,,1853.0,0.0,1937.68
2026-08-12 02:46:43,deribit,ETH,ETH-25DEC26-4800-P,2026-12-25,4800,put,1.526634,,,63.11,,,,,77.0,0.0,1900.94
2026-08-12 02:46:43,deribit,ETH,ETH-30OCT26-4000-P,2026-10-30,4000,put,1.114151,,,63.5,,,,,0.0,0.0,1892.7
2026-08-12 02:46:43,deribit,ETH,ETH-13AUG26-1960-P,2026-08-13,1960,put,0.041051,0.0001,,39.63,,,,,18.0,0.0,1883.4
2026-08-12 02:46:43,deribit,ETH,ETH-25JUN27-3000-C,2027-06-25,3000,call,0.073796,0.0725,0.075,56.69,,,,,490.0,8.0,1937.67
2026-08-12 02:46:43,deribit,ETH,ETH-25DEC26-5000-P,2026-12-25,5000,put,1.631598,,,64.11,,,,,2.0,0.0,1900.94
2026-08-12 02:46:43,deribit,ETH,ETH-30OCT26-2600-C,2026-10-30,2600,call,0.013011,0.0125,0.0135,52.47,,,,,548.0,0.0,1892.71
2026-08-12 02:46:43,deribit,ETH,ETH-26MAR27-3800-P,2027-03-26,3800,put,0.998456,0.984,1.1055,57.7,,,,,1.0,0.0,1918.99
2026-08-12 02:46:43,deribit,ETH,ETH-25DEC26-2300-P,2026-12-25,2300,put,0.270384,0.268,0.2745,53.06,,,,,5186.0,0.0,1900.94
2026-08-12 02:46:43,deribit,ETH,ETH-25SEP26-6000-P,2026-09-25,6000,put,2.177931,,,99.33,,,,,0.0,0.0,1888.06
2026-08-12 02:46:43,deribit,ETH,ETH-13AUG26-1750-P,2026-08-13,1750,put,0.000173,0.0001,0.0003,58.58,,,,,1626.0,15.0,1883.4
2026-08-12 02:46:43,deribit,ETH,ETH-25DEC26-2100-P,2026-12-25,2100,put,0.193644,0.193,0.1945,53.05,,,,,3157.0,34.0,1900.94
2026-08-12 02:46:43,deribit,ETH,ETH-15AUG26-1980-C,2026-08-15,1980,call,0.001486,0.0013,0.0017,38.94,,,,,22.0,29.0,1883.65
2026-08-12 02:46:43,deribit,ETH,ETH-15AUG26-1860-P,2026-08-15,1860,put,0.008475,0.008,0.009,37.24,,,,,61.0,61.0,1883.65
2026-08-12 02:46:43,deribit,ETH,ETH-26MAR27-2200-C,2027-03-26,2200,call,0.120258,0.119,0.1215,55.19,,,,,4038.0,4.0,1918.99
2026-08-12 02:46:43,deribit,ETH,ETH-14AUG26-1850-C,2026-08-14,1850,call,0.022674,0.0195,0.0245,37.87,,,,,703.0,550.0,1883.54
2026-08-12 02:46:43,deribit,ETH,ETH-21AUG26-1650-C,2026-08-21,1650,call,0.126082,0.1205,0.1305,51.82,,,,,1.0,0.0,1884.29
2026-08-12 02:46:43,deribit,ETH,ETH-25DEC26-3100-C,2026-12-25,3100,call,0.013841,0.0135,0.0145,55.27,,,,,2325.0,0.0,1900.94
2026-08-12 02:46:43,deribit,ETH,ETH-30OCT26-2050-C,2026-10-30,2050,call,0.06184,0.061,0.0625,50.68,,,,,399.0,0.0,1892.7
2026-08-12 02:46:43,deribit,ETH,ETH-28AUG26-1950-C,2026-08-28,1950,call,0.022163,0.0215,0.0225,43.1,,,,,4587.0,202.0,1885.07
2026-08-12 02:46:43,deribit,ETH,ETH-26MAR27-1600-C,2027-03-26,1600,call,0.259666,0.258,0.262,57.34,,,,,933.0,0.0,1918.99
2026-08-12 02:46:43,deribit,ETH,ETH-25DEC26-3200-C,2026-12-25,3200,call,0.011516,0.011,0.012,55.46,,,,,67900.0,8.0,1900.94
2026-08-12 02:46:43,deribit,ETH,ETH-25DEC26-4400-C,2026-12-25,4400,call,0.002281,0.002,0.0024,60.97,,,,,3321.0,2.0,1900.94
2026-08-12 02:46:43,deribit,ETH,ETH-26MAR27-4000-C,2027-03-26,4000,call,0.014948,0.0145,0.0155,58.18,,,,,2195.0,0.0,1918.99
2026-08-12 02:46:43,deribit,ETH,ETH-25SEP26-7400-P,2026-09-25,7400,put,2.919373,,,99.33,,,,,0.0,0.0,1888.06
2026-08-12 02:46:43,deribit,ETH,ETH-30OCT26-2100-P,2026-10-30,2100,put,0.163334,0.161,0.1675,50.71,,,,,1.0,0.0,1892.7
2026-08-12 02:46:43,deribit,ETH,ETH-15AUG26-2050-C,2026-08-15,2050,call,0.000338,0.0002,0.0004,44.36,,,,,0.0,0.0,1883.65
2026-08-12 02:46:43,deribit,ETH,ETH-28AUG26-1300-C,2026-08-28,1300,call,0.310813,0.3055,0.314,75.74,,,,,51.0,0.0,1885.07
2026-08-12 02:46:43,deribit,ETH,ETH-25SEP26-2800-P,2026-09-25,2800,put,0.484648,0.475,0.4925,54.81,,,,,1287.0,0.0,1888.06
2026-08-12 02:46:43,deribit,ETH,ETH-28AUG26-1500-C,2026-08-28,1500,call,0.205911,0.2035,0.208,60.41,,,,,443.0,0.0,1885.07
2026-08-12 02:46:43,deribit,ETH,ETH-25SEP26-6200-C,2026-09-25,6200,call,4.6e-05,,0.0002,99.33,,,,,2026.0,0.0,1888.05
2026-08-12 02:46:43,deribit,ETH,ETH-12AUG26-2200-C,2026-08-12,2200,call,0.0,,0.0001,61.69,,,,,59.0,0.0,1883.19
2026-08-12 02:46:43,deribit,ETH,ETH-28AUG26-2800-P,2026-08-28,2800,put,0.485507,,,67.63,,,,,0.0,0.0,1885.06
2026-08-12 02:46:43,deribit,ETH,ETH-21AUG26-1700-P,2026-08-21,1700,put,0.003019,0.0028,0.0033,48.22,,,,,6312.0,2504.0,1884.29
2026-08-12 02:46:43,deribit,ETH,ETH-26MAR27-4600-C,2027-03-26,4600,call,0.008716,0.008,0.009,59.69,,,,,956.0,0.0,1918.99
2026-08-12 02:46:43,deribit,ETH,ETH-25SEP26-1700-P,2026-09-25,1700,put,0.028786,0.0285,0.0295,51.02,,,,,4732.0,100.0,1888.05
2026-08-12 02:46:43,deribit,ETH,ETH-14AUG26-1840-C,2026-08-14,1840,call,0.026765,0.022,0.03,38.27,,,,,0.0,0.0,1883.55
2026-08-12 02:46:43,deribit,ETH,ETH-30OCT26-3600-C,2026-10-30,3600,call,0.001436,0.0012,0.0017,60.2,,,,,760.0,0.0,1892.7
2026-08-12 02:46:43,deribit,ETH,ETH-26MAR27-2000-C,2027-03-26,2000,call,0.156177,0.155,0.1575,55.48,,,,,1861.0,0.0,1918.99
2026-08-12 02:46:43,deribit,ETH,ETH-25SEP26-5600-P,2026-09-25,5600,put,1.966141,,,99.33,,,,,0.0,0.0,1888.06
2026-08-12 02:46:43,deribit,ETH,ETH-25SEP26-5500-C,2026-09-25,5500,call,0.00016,,0.0002,99.33,,,,,2065.0,0.0,1888.05
2026-08-12 02:46:43,deribit,ETH,ETH-25JUN27-5000-P,2027-06-25,5000,put,1.596859,1.5775,1.6145,60.21,,,,,0.0,0.0,1937.67
2026-08-12 02:46:43,deribit,ETH,ETH-21AUG26-1600-C,2026-08-21,1600,call,0.151915,0.146,0.157,55.76,,,,,0.0,0.0,1884.29
2026-08-12 02:46:43,deribit,ETH,ETH-25JUN27-3500-C,2027-06-25,3500,call,0.047628,0.0465,0.0485,57.36,,,,,2213.0,10.0,1937.68
2026-08-12 02:46:43,deribit,ETH,ETH-25JUN27-3600-P,2027-06-25,3600,put,0.90183,0.889,1.0195,57.55,,,,,0.0,0.0,1937.67
2026-08-12 02:46:43,deribit,ETH,ETH-25SEP26-1700-C,2026-09-25,1700,call,0.128391,0.124,0.1315,51.02,,,,,2254.0,0.0,1888.06
2026-08-12 02:46:43,deribit,ETH,ETH-26MAR27-1400-P,2027-03-26,1400,put,0.0585,0.0575,0.0595,59.31,,,,,1719.0,31.0,1918.99
2026-08-12 02:46:43,deribit,ETH,ETH-14AUG26-2000-C,2026-08-14,2000,call,0.00039,0.0003,0.0005,41.06,,,,,9267.0,60.0,1883.55
2026-08-12 02:46:43,deribit,ETH,ETH-25SEP26-7500-P,2026-09-25,7500,put,2.972336,,,99.33,,,,,0.0,0.0,1888.06
2026-08-12 02:46:43,deribit,ETH,ETH-26MAR27-1800-P,2027-03-26,1800,put,0.140147,0.139,0.1415,56.11,,,,,3907.0,0.0,1918.99
2026-08-12 02:46:43,deribit,ETH,ETH-25SEP26-2200-C,2026-09-25,2200,call,0.018398,0.018,0.0185,48.83,,,,,7348.0,380.0,1888.06
2026-08-12 02:46:43,deribit,ETH,ETH-26MAR27-3500-C,2027-03-26,3500,call,0.024746,0.024,0.0255,56.89,,,,,4513.0,5.0,1918.99
2026-08-12 02:46:43,deribit,ETH,ETH-25SEP26-5500-P,2026-09-25,5500,put,1.913203,,,99.33,,,,,1.0,0.0,1888.05
2026-08-12 02:46:43,deribit,ETH,ETH-30OCT26-2200-C,2026-10-30,2200,call,0.040434,0.04,0.041,50.8,,,,,992.0,252.0,1892.71
2026-08-12 02:46:43,deribit,ETH,ETH-25JUN27-1500-P,2027-06-25,1500,put,0.099701,0.0985,0.1005,59.22,,,,,431.0,5.0,1937.67
2026-08-12 02:46:43,deribit,ETH,ETH-28AUG26-2600-P,2026-08-28,2600,put,0.379553,,,60.66,,,,,3.0,0.0,1885.07
2026-08-12 02:46:43,deribit,ETH,ETH-26MAR27-3600-P,2027-03-26,3600,put,0.898263,0.8575,0.9145,57.13,,,,,1.0,0.0,1918.99
2026-08-12 02:46:43,deribit,ETH,ETH-15AUG26-1600-P,2026-08-15,1600,put,0.000103,,0.0002,68.34,,,,,76.0,76.0,1883.65
2026-08-12 02:46:43,deribit,ETH,ETH-25SEP26-2900-C,2026-09-25,2900,call,0.001191,0.001,0.0014,56.14,,,,,5699.0,1.0,1888.06
2026-08-12 02:46:43,deribit,ETH,ETH-13AUG26-1750-C,2026-08-13,1750,call,0.071007,0.0001,,58.58,,,,,18.0,0.0,1883.4
2026-08-12 02:46:43,deribit,ETH,ETH-13AUG26-1700-C,2026-08-13,1700,call,0.097475,0.091,0.1045,72.48,,,,,0.0,0.0,1883.4
2026-08-12 02:46:43,deribit,ETH,ETH-26MAR27-1900-C,2027-03-26,1900,call,0.177772,0.1765,0.179,55.73,,,,,2393.0,30.0,1919.0
2026-08-12 02:46:43,deribit,ETH,ETH-25SEP26-5400-P,2026-09-25,5400,put,1.860253,,,98.56,,,,,4.0,0.0,1888.05
2026-08-12 02:46:43,deribit,ETH,ETH-28AUG26-3600-C,2026-08-28,3600,call,8e-06,,0.0001,84.51,,,,,1218.0,0.0,1885.07
2026-08-12 02:46:43,deribit,ETH,ETH-25SEP26-1900-P,2026-09-25,1900,put,0.070714,0.07,0.0715,48.52,,,,,17751.0,3.0,1888.06
2026-08-12 02:46:43,deribit,ETH,ETH-25SEP26-3400-P,2026-09-25,3400,put,0.801221,0.7885,0.8115,64.82,,,,,870.0,0.0,1888.06
2026-08-12 02:46:43,deribit,ETH,ETH-26MAR27-1900-P,2027-03-26,1900,put,0.167892,0.1665,0.169,55.73,,,,,2583.0,30.0,1918.99
2026-08-12 02:46:43,deribit,ETH,ETH-28AUG26-3800-C,2026-08-28,3800,call,2e-06,,0.0001,84.51,,,,,398.0,0.0,1885.07
2026-08-12 02:46:43,deribit,ETH,ETH-15AUG26-2000-P,2026-08-15,2000,put,0.062701,,,40.28,,,,,2.0,2.0,1883.65
2026-08-12 02:46:43,deribit,ETH,ETH-12AUG26-1820-P,2026-08-12,1820,put,2.6e-05,,0.0001,55.82,,,,,1691.0,1721.0,1883.19
2026-08-12 02:46:43,deribit,ETH,ETH-14AUG26-2100-P,2026-08-14,2100,put,0.114994,,,54.78,,,,,63.0,0.0,1883.55
2026-08-12 02:46:43,deribit,ETH,ETH-25SEP26-7400-C,2026-09-25,7400,call,6e-06,,0.0001,99.33,,,,,1019.0,0.0,1888.05
2026-08-12 02:46:43,deribit,ETH,ETH-25SEP26-5200-P,2026-09-25,5200,put,1.754329,,,95.64,,,,,3.0,0.0,1888.06
2026-08-12 02:46:43,deribit,ETH,ETH-25SEP26-14000-P,2026-09-25,14000,put,6.415019,,,123.7,,,,,0.0,0.0,1888.06
2026-08-12 02:46:43,deribit,ETH,ETH-25DEC26-2600-P,2026-12-25,2600,put,0.401302,0.3915,0.414,53.35,,,,,1065.0,0.0,1900.96
2026-08-12 02:46:43,deribit,ETH,ETH-25SEP26-6400-P,2026-09-25,6400,put,2.389755,,,99.33,,,,,0.0,0.0,1888.06
2026-08-12 02:46:43,deribit,ETH,ETH-28AUG26-2050-P,2026-08-28,2050,put,0.096995,0.0895,0.105,43.77,,,,,180.0,0.0,1885.07
2026-08-12 02:46:43,deribit,ETH,ETH-13AUG26-2200-P,2026-08-13,2200,put,0.168094,,,64.99,,,,,0.0,0.0,1883.4
2026-08-12 02:46:43,deribit,ETH,ETH-25SEP26-6600-P,2026-09-25,6600,put,2.495675,,,99.33,,,,,0.0,0.0,1888.06
2026-08-12 02:46:43,deribit,ETH,ETH-25SEP26-2800-C,2026-09-25,2800,call,0.001645,0.0015,0.0018,54.81,,,,,7367.0,5.0,1888.06
2026-08-12 02:46:43,deribit,ETH,ETH-28AUG26-1950-P,2026-08-28,1950,put,0.056613,0.0555,0.0575,43.1,,,,,2576.0,11.0,1885.06
2026-08-12 02:46:43,deribit,ETH,ETH-25DEC26-2900-C,2026-12-25,2900,call,0.019112,0.0185,0.0195,54.16,,,,,1949.0,1.0,1900.94
2026-08-12 02:46:43,deribit,ETH,ETH-21AUG26-1700-C,2026-08-21,1700,call,0.100827,0.095,0.106,48.22,,,,,50.0,0.0,1884.29
2026-08-12 02:46:43,deribit,ETH,ETH-21AUG26-2050-C,2026-08-21,2050,call,0.003538,0.0033,0.0038,42.37,,,,,3473.0,427.0,1884.29
2026-08-12 02:46:43,deribit,ETH,ETH-14AUG26-1920-C,2026-08-14,1920,call,0.004156,0.0039,0.0044,35.97,,,,,760.0,190.0,1883.54
2026-08-12 02:46:43,deribit,ETH,ETH-26MAR27-2700-P,2027-03-26,2700,put,0.47006,0.462,0.4765,55.35,,,,,147.0,0.0,1918.99
2026-08-12 02:46:43,deribit,ETH,ETH-12AUG26-1920-C,2026-08-12,1920,call,1.3e-05,,0.0001,31.03,,,,,250.0,197.0,1883.19
2026-08-12 02:46:43,deribit,ETH,ETH-25SEP26-3500-C,2026-09-25,3500,call,0.00033,0.0003,0.0005,65.71,,,,,15578.0,0.0,1888.06
2026-08-12 02:46:43,deribit,ETH,ETH-13AUG26-1760-P,2026-08-13,1760,put,0.000176,0.0001,0.0003,54.8,,,,,20.0,10.0,1883.4
2026-08-12 02:46:43,deribit,ETH,ETH-25SEP26-1800-C,2026-09-25,1800,call,0.092745,0.092,0.094,49.37,,,,,6562.0,5.0,1888.06
2026-08-12 02:46:43,deribit,ETH,ETH-14AUG26-1960-C,2026-08-14,1960,call,0.001228,0.0011,0.0014,37.8,,,,,36.0,9.0,1883.55
2026-08-12 02:46:43,deribit,ETH,ETH-15AUG26-1740-C,2026-08-15,1740,call,0.0771,0.071,0.082,49.86,,,,,0.0,0.0,1883.65
2026-08-12 02:46:43,deribit,ETH,ETH-12AUG26-1820-C,2026-08-12,1820,call,0.033581,0.0001,,55.82,,,,,0.0,0.0,1883.19
2026-08-12 02:46:43,deribit,ETH,ETH-26MAR27-3400-C,2027-03-26,3400,call,0.027526,0.0265,0.0285,56.63,,,,,1870.0,1.0,1918.99
2026-08-12 02:46:43,deribit,ETH,ETH-15AUG26-1880-P,2026-08-15,1880,put,0.012852,0.0125,0.0135,36.89,,,,,21.0,21.0,1883.65
2026-08-12 02:46:43,deribit,ETH,ETH-13AUG26-1760-C,2026-08-13,1760,call,0.065701,0.0001,,54.8,,,,,0.0,0.0,1883.41
2026-08-12 02:46:43,deribit,ETH,ETH-15AUG26-1780-C,2026-08-15,1780,call,0.056622,0.0505,0.062,44.14,,,,,0.0,0.0,1883.65
2026-08-12 02:46:43,deribit,ETH,ETH-25JUN27-900-P,2027-06-25,900,put,0.022845,0.022,0.0235,67.89,,,,,768.0,100.0,1937.67
2026-08-12 02:46:43,deribit,ETH,ETH-12AUG26-1780-C,2026-08-12,1780,call,0.054796,0.0001,,63.99,,,,,0.0,0.0,1883.19
2026-08-12 02:46:43,deribit,ETH,ETH-13AUG26-2200-C,2026-08-13,2200,call,0.0,,0.0001,64.99,,,,,61.0,0.0,1883.4
2026-08-12 02:46:43,deribit,ETH,ETH-25JUN27-1300-C,2027-06-25,1300,call,0.394119,0.391,0.396,61.08,,,,,108.0,0.0,1937.68
2026-08-12 02:46:43,deribit,ETH,ETH-28AUG26-1600-C,2026-08-28,1600,call,0.15465,0.152,0.1565,53.7,,,,,885.0,0.0,1885.07
2026-08-12 02:46:43,deribit,ETH,ETH-25SEP26-1850-P,2026-09-25,1850,put,0.057491,0.057,0.058,48.87,,,,,1593.0,4.0,1888.05
2026-08-12 02:46:43,deribit,ETH,ETH-25DEC26-1500-C,2026-12-25,1500,call,0.255966,0.253,0.2585,57.06,,,,,833.0,0.0,1900.94
2026-08-12 02:46:43,deribit,ETH,ETH-30OCT26-3400-C,2026-10-30,3400,call,0.002032,0.0018,0.002,58.45,,,,,1280.0,10.0,1892.7
2026-08-12 02:46:43,deribit,ETH,ETH-28AUG26-1300-P,2026-08-28,1300,put,0.000447,0.0004,0.0005,75.74,,,,,9056.0,1.0,1885.07
2026-08-12 02:46:43,deribit,ETH,ETH-25SEP26-5000-P,2026-09-25,5000,put,1.6484,,,92.4,,,,,2.0,0.0,1888.05
2026-08-12 02:46:43,deribit,ETH,ETH-28AUG26-1450-C,2026-08-28,1450,call,0.231981,0.2265,0.2355,64.24,,,,,51.0,0.0,1885.06
2026-08-12 02:46:43,deribit,ETH,ETH-25DEC26-11000-P,2026-12-25,11000,put,4.786784,,4.8035,89.11,,,,,109.0,0.0,1900.96
2026-08-12 02:46:43,deribit,ETH,ETH-25DEC26-2800-C,2026-12-25,2800,call,0.023018,0.0225,0.0235,53.89,,,,,9093.0,0.0,1900.96
2026-08-12 02:46:43,deribit,ETH,ETH-30OCT26-1800-C,2026-10-30,1800,call,0.120084,0.1175,0.122,51.74,,,,,102.0,0.0,1892.71
2026-08-12 02:46:43,deribit,ETH,ETH-13AUG26-2100-C,2026-08-13,2100,call,8e-06,,0.0001,59.83,,,,,19.0,0.0,1883.4
2026-08-12 02:46:43,deribit,ETH,ETH-15AUG26-1940-C,2026-08-15,1940,call,0.003939,0.0037,0.0042,37.19,,,,,6.0,6.0,1883.65
2026-08-12 02:46:43,deribit,ETH,ETH-25JUN27-1800-P,2027-06-25,1800,put,0.170451,0.169,0.172,57.59,,,,,305.0,0.0,1937.67
2026-08-12 02:46:43,deribit,ETH,ETH-13AUG26-2050-P,2026-08-13,2050,put,0.088501,0.0001,,56.49,,,,,0.0,0.0,1883.4
2026-08-12 02:46:43,deribit,ETH,ETH-25DEC26-3400-P,2026-12-25,3400,put,0.797074,0.7825,0.875,56.48,,,,,89.0,0.0,1900.94
2026-08-12 02:46:43,deribit,ETH,ETH-25DEC26-8000-P,2026-12-25,8000,put,3.208675,,,76.27,,,,,0.0,0.0,1900.94
2026-08-12 02:46:43,deribit,ETH,ETH-30OCT26-2500-C,2026-10-30,2500,call,0.017096,0.0165,0.0175,51.86,,,,,688.0,6.0,1892.71
2026-08-12 02:46:43,deribit,ETH,ETH-28AUG26-1800-P,2026-08-28,1800,put,0.018486,0.018,0.019,44.7,,,,,4801.0,804.0,1885.06
2026-08-12 02:46:43,deribit,ETH,ETH-25DEC26-1000-P,2026-12-25,1000,put,0.00852,0.0085,0.009,69.57,,,,,19240.0,0.0,1900.94
2026-08-12 02:46:43,deribit,ETH,ETH-26MAR27-3300-P,2027-03-26,3300,put,0.750431,0.738,0.762,56.39,,,,,1.0,0.0,1918.99
2026-08-12 02:46:43,deribit,ETH,ETH-14AUG26-2200-P,2026-08-14,2200,put,0.168028,,,66.27,,,,,0.0,0.0,1883.54
2026-08-12 02:46:43,deribit,ETH,ETH-25SEP26-14000-C,2026-09-25,14000,call,0.0,,0.0001,123.7,,,,,1212.0,0.0,1888.06
2026-08-12 02:46:43,deribit,ETH,ETH-12AUG26-1960-P,2026-08-12,1960,put,0.040788,0.0001,,47.81,,,,,0.0,0.0,1883.19
2026-08-12 02:46:43,deribit,ETH,ETH-28AUG26-2000-P,2026-08-28,2000,put,0.075555,0.0735,0.0795,43.22,,,,,614.0,0.0,1885.06
2026-08-12 02:46:43,deribit,ETH,ETH-28AUG26-3600-P,2026-08-28,3600,put,0.909762,,,84.51,,,,,18.0,0.0,1885.06
2026-08-12 02:46:43,deribit,ETH,ETH-14AUG26-2200-C,2026-08-14,2200,call,2.1e-05,,0.0001,66.27,,,,,2556.0,11.0,1883.54
2026-08-12 02:46:43,deribit,ETH,ETH-25DEC26-1400-C,2026-12-25,1400,call,0.296589,0.294,0.299,58.72,,,,,946.0,0.0,1900.94
2026-08-12 02:46:43,deribit,ETH,ETH-26MAR27-2600-P,2027-03-26,2600,put,0.426469,0.419,0.4325,55.24,,,,,626.0,0.0,1918.99
2026-08-12 02:46:43,deribit,ETH,ETH-15AUG26-1780-P,2026-08-15,1780,put,0.001591,0.0014,0.0018,44.14,,,,,0.0,0.0,1883.65
2026-08-12 02:46:43,deribit,ETH,ETH-21AUG26-1850-C,2026-08-21,1850,call,0.036086,0.0355,0.037,41.36,,,,,491.0,68.0,1884.29
2026-08-12 02:46:43,deribit,ETH,ETH-25SEP26-1850-C,2026-09-25,1850,call,0.077647,0.077,0.0785,48.87,,,,,1409.0,0.0,1888.06
2026-08-12 02:46:43,deribit,ETH,ETH-25SEP26-4600-C,2026-09-25,4600,call,0.000179,0.0001,0.0003,85.44,,,,,3425.0,540.0,1888.05
2026-08-12 02:46:43,deribit,ETH,ETH-26MAR27-2800-C,2027-03-26,2800,call,0.055633,0.0545,0.0565,55.47,,,,,4821.0,1.0,1918.99
2026-08-12 02:46:43,deribit,ETH,ETH-25SEP26-10000-C,2026-09-25,10000,call,1e-06,,0.0001,105.8,,,,,1561.0,0.0,1888.06
2026-08-12 02:46:43,deribit,ETH,ETH-14AUG26-1900-P,2026-08-14,1900,put,0.016018,0.015,0.017,35.57,,,,,2421.0,48.0,1883.54
2026-08-12 02:46:43,deribit,ETH,ETH-25JUN27-2300-C,2027-06-25,2300,call,0.145522,0.144,0.147,56.57,,,,,215.0,0.0,1937.67
2026-08-12 02:46:43,deribit,ETH,ETH-25JUN27-2700-C,2027-06-25,2700,call,0.098265,0.097,0.0995,56.58,,,,,295.0,0.0,1937.67
2026-08-12 02:46:43,deribit,ETH,ETH-12AUG26-1860-P,2026-08-12,1860,put,0.000252,0.0002,0.0004,34.2,,,,,1623.0,1854.0,1883.19
2026-08-12 02:46:43,deribit,ETH,ETH-28AUG26-1900-P,2026-08-28,1900,put,0.040741,0.04,0.0415,43.42,,,,,6832.0,221.0,1885.07
2026-08-12 02:46:43,deribit,ETH,ETH-25SEP26-3800-P,2026-09-25,3800,put,1.012935,,,72.25,,,,,954.0,0.0,1888.06
2026-08-12 02:46:43,deribit,ETH,ETH-25SEP26-16000-C,2026-09-25,16000,call,0.0,,0.0001,130.17,,,,,7426.0,0.0,1888.06
2026-08-12 02:46:43,deribit,ETH,ETH-13AUG26-1820-P,2026-08-13,1820,put,0.0009,0.0008,0.0011,42.57,,,,,34.0,17.0,1883.4
2026-08-12 02:46:43,deribit,ETH,ETH-21AUG26-1900-C,2026-08-21,1900,call,0.021866,0.0215,0.0225,40.56,,,,,1179.0,435.0,1884.29
2026-08-12 02:46:43,deribit,ETH,ETH-25DEC26-3300-P,2026-12-25,3300,put,0.745971,0.732,0.8285,56.12,,,,,10.0,0.0,1900.96
2026-08-12 02:46:43,deribit,ETH,ETH-25DEC26-3400-C,2026-12-25,3400,call,0.008495,0.008,0.009,56.48,,,,,13045.0,0.0,1900.94
2026-08-12 02:46:43,deribit,ETH,ETH-12AUG26-2200-P,2026-08-12,2200,put,0.168231,,,61.69,,,,,0.0,0.0,1883.19
2026-08-12 02:46:43,deribit,ETH,ETH-25SEP26-3200-C,2026-09-25,3200,call,0.000561,0.0004,0.0008,60.79,,,,,7858.0,0.0,1888.06
2026-08-12 02:46:43,deribit,ETH,ETH-25SEP26-6200-P,2026-09-25,6200,put,2.28384,,,99.33,,,,,0.0,0.0,1888.05
2026-08-12 02:46:43,deribit,ETH,ETH-25DEC26-2000-C,2026-12-25,2000,call,0.107451,0.1065,0.108,53.17,,,,,10716.0,0.0,1900.96
2026-08-12 02:46:43,deribit,ETH,ETH-28AUG26-1700-C,2026-08-28,1700,call,0.106144,0.1025,0.108,48.61,,,,,1002.0,0.0,1885.07
2026-08-12 02:46:43,deribit,ETH,ETH-13AUG26-2000-P,2026-08-13,2000,put,0.062031,0.0001,,46.8,,,,,80.0,0.0,1883.4
2026-08-12 02:46:43,deribit,ETH,ETH-25SEP26-1000-P,2026-09-25,1000,put,0.000997,0.0009,0.0012,82.75,,,,,9682.0,1.0,1888.06
2026-08-12 02:46:43,deribit,ETH,ETH-13AUG26-1700-P,2026-08-13,1700,put,9.4e-05,,0.0002,72.48,,,,,350.0,130.0,1883.4
2026-08-12 02:46:43,deribit,ETH,ETH-25SEP26-1000-C,2026-09-25,1000,call,0.471352,0.468,0.474,82.75,,,,,125.0,0.0,1888.05
2026-08-12 02:46:43,deribit,ETH,ETH-13AUG26-2100-P,2026-08-13,2100,put,0.115007,0.0001,,59.83,,,,,0.0,0.0,1883.4
2026-08-12 02:46:43,deribit,ETH,ETH-15AUG26-2020-P,2026-08-15,2020,put,0.072976,,,41.63,,,,,10.0,10.0,1883.65
2026-08-12 02:46:43,deribit,ETH,ETH-30OCT26-1850-C,2026-10-30,1850,call,0.105878,0.1055,0.1065,51.37,,,,,729.0,461.0,1892.71
2026-08-12 02:46:43,deribit,ETH,ETH-25JUN27-3800-P,2027-06-25,3800,put,0.99845,0.952,1.011,57.84,,,,,2.0,0.0,1937.67
2026-08-12 02:46:43,deribit,ETH,ETH-15AUG26-1720-P,2026-08-15,1720,put,0.000631,0.0005,0.0008,52.95,,,,,10.0,10.0,1883.65
2026-08-12 02:46:43,deribit,ETH,ETH-25DEC26-1800-C,2026-12-25,1800,call,0.155598,0.1535,0.1565,54.11,,,,,2476.0,0.0,1900.94
2026-08-12 02:46:43,deribit,ETH,ETH-14AUG26-1950-C,2026-08-14,1950,call,0.001668,0.0015,0.0019,37.19,,,,,11235.0,654.0,1883.54
2026-08-12 02:46:43,deribit,ETH,ETH-25DEC26-800-P,2026-12-25,800,put,0.00399,0.0037,0.0043,77.76,,,,,6139.0,6.0,1900.94
2026-08-12 02:46:43,deribit,ETH,ETH-12AUG26-2020-P,2026-08-12,2020,put,0.072648,0.0001,,54.12,,,,,0.0,0.0,1883.18
2026-08-12 02:46:43,deribit,ETH,ETH-26MAR27-4800-P,2027-03-26,4800,put,1.508846,,,60.31,,,,,0.0,0.0,1918.99
2026-08-12 02:46:43,deribit,ETH,ETH-30OCT26-2250-P,2026-10-30,2250,put,0.223802,0.2185,0.229,50.92,,,,,1.0,0.0,1892.71
2026-08-12 02:46:43,deribit,ETH,ETH-25SEP26-5200-C,2026-09-25,5200,call,0.000179,0.0001,0.0003,95.64,,,,,1681.0,0.0,1888.06
2026-08-12 02:46:43,deribit,ETH,ETH-15AUG26-2000-C,2026-08-15,2000,call,0.000938,0.0008,0.0011,40.28,,,,,2.0,2.0,1883.65
2026-08-12 02:46:43,deribit,ETH,ETH-28AUG26-3400-C,2026-08-28,3400,call,2.9e-05,,0.0001,84.51,,,,,560.0,0.0,1885.06
2026-08-12 02:46:43,deribit,ETH,ETH-15AUG26-2100-C,2026-08-15,2100,call,0.000143,0.0001,0.0003,48.8,,,,,0.0,0.0,1883.65
2026-08-12 02:46:43,deribit,ETH,ETH-25JUN27-3000-P,2027-06-25,3000,put,0.622039,0.616,0.654,56.69,,,,,63.0,0.0,1937.67
2026-08-12 02:46:43,deribit,ETH,ETH-28AUG26-2000-C,2026-08-28,2000,call,0.014581,0.014,0.015,43.22,,,,,7394.0,196.0,1885.06
2026-08-12 02:46:43,deribit,ETH,ETH-26MAR27-800-P,2027-03-26,800,put,0.010084,0.0095,0.0105,73.09,,,,,2802.0,0.0,1918.99
2026-08-12 02:46:43,deribit,ETH,ETH-12AUG26-2050-P,2026-08-12,2050,put,0.088578,0.0001,,59.24,,,,,0.0,0.0,1883.19
2026-08-12 02:46:43,deribit,ETH,ETH-30OCT26-2300-C,2026-10-30,2300,call,0.030345,0.0295,0.031,51.07,,,,,593.0,0.0,1892.71
2026-08-12 02:46:43,deribit,ETH,ETH-25DEC26-1500-P,2026-12-25,1500,put,0.045045,0.0445,0.0455,57.06,,,,,16401.0,31.0,1900.94
2026-08-12 02:46:43,deribit,ETH,ETH-25DEC26-2000-P,2026-12-25,2000,put,0.159557,0.159,0.1605,53.17,,,,,7955.0,0.0,1900.96
2026-08-12 02:46:43,deribit,ETH,ETH-21AUG26-1500-P,2026-08-21,1500,put,0.0004,0.0003,0.0005,64.18,,,,,734.0,30.0,1884.29
2026-08-12 02:46:43,deribit,ETH,ETH-28AUG26-2200-P,2026-08-28,2200,put,0.169716,0.164,0.1745,46.67,,,,,681.0,0.0,1885.07
2026-08-12 02:46:43,deribit,ETH,ETH-26MAR27-4200-C,2027-03-26,4200,call,0.012446,0.012,0.013,58.74,,,,,2820.0,0.0,1918.99
2026-08-12 02:46:43,deribit,ETH,ETH-25DEC26-800-C,2026-12-25,800,call,0.583148,0.5805,0.585,77.76,,,,,171.0,0.0,1900.94
2026-08-12 02:46:43,deribit,ETH,ETH-26MAR27-4500-C,2027-03-26,4500,call,0.009494,0.009,0.01,59.44,,,,,2399.0,0.0,1919.0
2026-08-12 02:46:43,deribit,ETH,ETH-25DEC26-5500-C,2026-12-25,5500,call,0.001087,0.0009,0.0013,67.75,,,,,1657.0,0.0,1900.96
2026-08-12 02:46:43,deribit,ETH,ETH-25DEC26-4000-C,2026-12-25,4000,call,0.003697,0.0034,0.004,59.25,,,,,16977.0,3.0,1900.96
2026-08-12 02:46:43,deribit,ETH,ETH-30OCT26-1000-C,2026-10-30,1000,call,0.47477,0.471,0.477,74.01,,,,,0.0,0.0,1892.7
2026-08-12 02:46:43,deribit,ETH,ETH-15AUG26-2040-P,2026-08-15,2040,put,0.083426,,,43.82,,,,,0.0,0.0,1883.65
2026-08-12 02:46:43,deribit,ETH,ETH-25SEP26-9000-P,2026-09-25,9000,put,3.766798,,,100.09,,,,,0.0,0.0,1888.06
2026-08-12 02:46:43,deribit,ETH,ETH-14AUG26-1800-C,2026-08-14,1800,call,0.045716,0.0395,0.051,43.24,,,,,55.0,0.0,1883.54
2026-08-12 02:46:43,deribit,ETH,ETH-25SEP26-1200-C,2026-09-25,1200,call,0.366738,0.3625,0.3695,69.72,,,,,138.0,0.0,1888.05
2026-08-12 02:46:43,deribit,ETH,ETH-28AUG26-1700-P,2026-08-28,1700,put,0.007972,0.0075,0.0085,48.61,,,,,8622.0,7.0,1885.07
2026-08-12 02:46:43,deribit,ETH,ETH-25SEP26-2300-P,2026-09-25,2300,put,0.230177,0.2225,0.2365,49.64,,,,,1089.0,0.0,1888.06
2026-08-12 02:46:43,deribit,ETH,ETH-25JUN27-2100-P,2027-06-25,2100,put,0.262025,0.2605,0.2645,56.84,,,,,87.0,0.0,1937.67
2026-08-12 02:46:43,deribit,ETH,ETH-25DEC26-1000-C,2026-12-25,1000,call,0.482468,0.4795,0.485,69.57,,,,,54.0,0.0,1900.94
2026-08-12 02:46:43,deribit,ETH,ETH-12AUG26-1700-C,2026-08-12,1700,call,0.097276,0.0001,,72.31,,,,,0.0,0.0,1883.18
2026-08-12 02:46:43,deribit,ETH,ETH-25DEC26-2800-P,2026-12-25,2800,put,0.495966,0.4855,0.51,53.89,,,,,2205.0,0.0,1900.94
2026-08-12 02:46:43,deribit,ETH,ETH-25SEP26-3000-C,2026-09-25,3000,call,0.000884,0.0007,0.0011,57.51,,,,,28577.0,0.0,1888.06
2026-08-12 02:46:43,deribit,ETH,ETH-25SEP26-4000-P,2026-09-25,4000,put,1.118761,,,73.75,,,,,140.0,0.0,1888.06
2026-08-12 02:46:43,deribit,ETH,ETH-14AUG26-2050-C,2026-08-14,2050,call,0.000142,0.0001,0.0002,47.31,,,,,3261.0,334.0,1883.54
2026-08-12 02:46:43,deribit,ETH,ETH-30OCT26-1800-P,2026-10-30,1800,put,0.071101,0.0705,0.072,51.74,,,,,703.0,0.0,1892.71
2026-08-12 02:46:43,deribit,ETH,ETH-25SEP26-6500-P,2026-09-25,6500,put,2.442715,,,99.33,,,,,0.0,0.0,1888.05
2026-08-12 02:46:43,deribit,ETH,ETH-25DEC26-4400-P,2026-12-25,4400,put,1.316913,,,60.97,,,,,20.0,0.0,1900.96
2026-08-12 02:46:43,deribit,ETH,ETH-28AUG26-2200-C,2026-08-28,2200,call,0.002644,0.0024,0.0028,46.67,,,,,8611.0,10.0,1885.07
2026-08-12 02:46:43,deribit,ETH,ETH-25SEP26-3400-C,2026-09-25,3400,call,0.000431,0.0003,0.0006,64.82,,,,,7035.0,5.0,1888.06
2026-08-12 02:46:43,deribit,ETH,ETH-25SEP26-5800-P,2026-09-25,5800,put,2.07203,,,99.33,,,,,0.0,0.0,1888.05
2026-08-12 02:46:43,deribit,ETH,ETH-25SEP26-4400-P,2026-09-25,4400,put,1.330614,,,81.69,,,,,281.0,0.0,1888.05
2026-08-12 02:46:43,deribit,ETH,ETH-28AUG26-2350-P,2026-08-28,2350,put,0.24754,,,51.07,,,,,100.0,0.0,1885.07
2026-08-12 02:46:43,deribit,ETH,ETH-14AUG26-1960-P,2026-08-14,1960,put,0.041817,0.034,0.0765,37.8,,,,,0.0,0.0,1883.55
2026-08-12 02:46:43,deribit,ETH,ETH-25JUN27-1200-C,2027-06-25,1200,call,0.431906,0.43,0.434,62.27,,,,,55.0,0.0,1937.67
2026-08-12 02:46:43,deribit,ETH,ETH-30OCT26-1200-C,2026-10-30,1200,call,0.373209,0.369,0.376,65.61,,,,,0.0,0.0,1892.7
2026-08-12 02:46:43,deribit,ETH,ETH-30OCT26-1700-C,2026-10-30,1700,call,0.152501,0.1495,0.1535,52.82,,,,,51.0,0.0,1892.71
2026-08-12 02:46:43,deribit,ETH,ETH-25DEC26-1300-P,2026-12-25,1300,put,0.023987,0.0235,0.0245,60.83,,,,,1974.0,10.0,1900.96
2026-08-12 02:46:43,deribit,ETH,ETH-25SEP26-2600-C,2026-09-25,2600,call,0.003395,0.0032,0.0036,52.35,,,,,10849.0,1.0,1888.06
2026-08-12 02:46:43,deribit,ETH,ETH-25DEC26-7000-P,2026-12-25,7000,put,2.682739,,,72.45,,,,,0.0,0.0,1900.94
2026-08-12 02:46:43,deribit,ETH,ETH-13AUG26-1900-C,2026-08-13,1900,call,0.00426,0.004,0.0046,34.12,,,,,1044.0,811.0,1883.41
2026-08-12 02:46:43,deribit,ETH,ETH-26MAR27-1200-P,2027-03-26,1200,put,0.034733,0.034,0.0355,62.53,,,,,1237.0,0.0,1918.99
2026-08-12 02:46:43,deribit,ETH,ETH-25JUN27-4000-C,2027-06-25,4000,call,0.031996,0.031,0.033,58.18,,,,,4058.0,4.0,1937.68
2026-08-12 02:46:43,deribit,ETH,ETH-25SEP26-7000-P,2026-09-25,7000,put,2.707521,,,99.33,,,,,0.0,0.0,1888.06
2026-08-12 02:46:43,deribit,ETH,ETH-25SEP26-1900-C,2026-09-25,1900,call,0.06439,0.064,0.065,48.52,,,,,10916.0,21.0,1888.06
2026-08-12 02:46:43,deribit,ETH,ETH-25DEC26-2300-C,2026-12-25,2300,call,0.060462,0.0595,0.061,53.06,,,,,7625.0,1.0,1900.94
2026-08-12 02:46:43,deribit,ETH,ETH-26MAR27-1800-C,2027-03-26,1800,call,0.202139,0.2005,0.205,56.11,,,,,3788.0,0.0,1918.99
2026-08-12 02:46:43,deribit,ETH,ETH-28AUG26-2050-C,2026-08-28,2050,call,0.009497,0.009,0.01,43.77,,,,,4351.0,34.0,1885.07
2026-08-12 02:46:43,deribit,ETH,ETH-30OCT26-3000-P,2026-10-30,3000,put,0.590007,,,55.79,,,,,72.0,0.0,1892.7
2026-08-12 02:46:43,deribit,ETH,ETH-12AUG26-1750-C,2026-08-12,1750,call,0.070726,0.0001,,70.3,,,,,0.0,0.0,1883.19
2026-08-12 02:46:43,deribit,ETH,ETH-28AUG26-1800-C,2026-08-28,1800,call,0.063609,0.062,0.0655,44.7,,,,,6075.0,0.0,1885.07
2026-08-12 02:46:43,deribit,ETH,ETH-14AUG26-1940-C,2026-08-14,1940,call,0.002253,0.002,0.0025,36.59,,,,,317.0,6.0,1883.54
2026-08-12 02:46:43,deribit,ETH,ETH-25JUN27-1900-C,2027-06-25,1900,call,0.218298,0.2165,0.2205,57.27,,,,,118.0,50.0,1937.67
2026-08-12 02:46:43,deribit,ETH,ETH-26MAR27-3700-C,2027-03-26,3700,call,0.020046,0.0195,0.0205,57.37,,,,,1475.0,0.0,1918.99
2026-08-12 02:46:43,deribit,ETH,ETH-26MAR27-5000-C,2027-03-26,5000,call,0.006489,0.006,0.007,60.93,,,,,1887.0,0.0,1918.99
2026-08-12 02:46:43,deribit,ETH,ETH-26MAR27-2000-P,2027-03-26,2000,put,0.198409,0.197,0.2,55.48,,,,,1508.0,0.0,1918.99
2026-08-12 02:46:43,deribit,ETH,ETH-14AUG26-2400-C,2026-08-14,2400,call,0.0,,0.0001,76.35,,,,,1539.0,0.0,1883.55
2026-08-12 02:46:43,deribit,ETH,ETH-25SEP26-2100-P,2026-09-25,2100,put,0.140754,0.1395,0.146,48.48,,,,,2715.0,0.0,1888.05
2026-08-12 02:46:43,deribit,ETH,ETH-26MAR27-1200-C,2027-03-26,1200,call,0.409394,0.4065,0.4115,62.53,,,,,69.0,0.0,1918.99
2026-08-12 02:46:43,deribit,ETH,ETH-25SEP26-2700-P,2026-09-25,2700,put,0.432338,0.4225,0.4395,53.41,,,,,527.0,0.0,1888.06
2026-08-12 02:46:43,deribit,ETH,ETH-26MAR27-2500-C,2027-03-26,2500,call,0.081516,0.0805,0.0825,55.22,,,,,9272.0,0.0,1918.99
2026-08-12 02:46:43,deribit,ETH,ETH-25SEP26-16000-P,2026-09-25,16000,put,7.474307,,,130.17,,,,,30.0,0.0,1888.06
2026-08-12 02:46:43,deribit,ETH,ETH-12AUG26-1880-P,2026-08-12,1880,put,0.001754,0.0016,0.002,25.81,,,,,684.0,196.0,1883.18
2026-08-12 02:46:43,deribit,ETH,ETH-21AUG26-1500-C,2026-08-21,1500,call,0.204349,0.1985,0.209,64.18,,,,,0.0,0.0,1884.29
2026-08-12 02:46:43,deribit,ETH,ETH-25SEP26-2300-C,2026-09-25,2300,call,0.011995,0.0115,0.0125,49.64,,,,,12308.0,152.0,1888.06
2026-08-12 02:46:43,deribit,ETH,ETH-25SEP26-1400-P,2026-09-25,1400,put,0.006484,0.006,0.007,60.85,,,,,9752.0,23.0,1888.06
2026-08-12 02:46:43,deribit,ETH,ETH-26MAR27-1500-P,2027-03-26,1500,put,0.074484,0.0735,0.0755,58.19,,,,,3978.0,0.0,1918.99
2026-08-12 02:46:43,deribit,ETH,ETH-21AUG26-1950-P,2026-08-21,1950,put,0.047123,0.045,0.0485,40.42,,,,,775.0,0.0,1884.29
2026-08-12 02:46:43,deribit,ETH,ETH-26MAR27-4500-P,2027-03-26,4500,put,1.354514,1.336,1.4405,59.44,,,,,0.0,0.0,1918.99
2026-08-12 02:46:43,deribit,ETH,ETH-25JUN27-2700-P,2027-06-25,2700,put,0.491683,0.486,0.5165,56.58,,,,,0.0,0.0,1937.67
2026-08-12 02:46:43,deribit,ETH,ETH-25SEP26-1600-C,2026-09-25,1600,call,0.170053,0.167,0.172,53.46,,,,,3575.0,0.0,1888.06
2026-08-12 02:46:43,deribit,ETH,ETH-13AUG26-1940-P,2026-08-13,1940,put,0.030808,0.0001,0.0385,36.32,,,,,2.0,2.0,1883.4
2026-08-12 02:46:43,deribit,ETH,ETH-26MAR27-3000-P,2027-03-26,3000,put,0.606939,0.5935,0.623,55.79,,,,,352.0,0.0,1918.99
2026-08-12 02:46:43,deribit,ETH,ETH-25JUN27-2900-C,2027-06-25,2900,call,0.081256,0.08,0.0825,56.69,,,,,61.0,0.0,1937.67
2026-08-12 02:46:43,deribit,ETH,ETH-15AUG26-1820-C,2026-08-15,1820,call,0.037393,0.0325,0.0405,39.98,,,,,50.0,50.0,1883.65
2026-08-12 02:46:43,deribit,ETH,ETH-25JUN27-1700-P,2027-06-25,1700,put,0.144445,0.143,0.146,58.02,,,,,2962.0,0.0,1937.67
2026-08-12 02:46:43,deribit,ETH,ETH-25DEC26-5200-P,2026-12-25,5200,put,1.736706,,,65.66,,,,,0.0,0.0,1900.96
2026-08-12 02:46:43,deribit,ETH,ETH-30OCT26-1200-P,2026-10-30,1200,put,0.007221,0.007,0.0075,65.61,,,,,2259.0,0.0,1892.71
2026-08-12 02:46:43,deribit,ETH,ETH-25DEC26-4800-C,2026-12-25,4800,call,0.001581,0.0013,0.0019,63.11,,,,,2770.0,0.0,1900.94
2026-08-12 02:46:43,deribit,ETH,ETH-14AUG26-1600-P,2026-08-14,1600,put,0.00014,0.0001,0.0002,85.22,,,,,5548.0,1.0,1883.54
2026-08-12 02:46:43,deribit,ETH,ETH-25JUN27-2000-P,2027-06-25,2000,put,0.229345,0.228,0.2315,57.0,,,,,195.0,0.0,1937.67
2026-08-12 02:46:43,deribit,ETH,ETH-26MAR27-1500-C,2027-03-26,1500,call,0.29281,0.291,0.2955,58.19,,,,,244.0,0.0,1918.99
2026-08-12 02:46:43,deribit,ETH,ETH-14AUG26-1750-P,2026-08-14,1750,put,0.000572,0.0005,0.0007,52.59,,,,,12520.0,155.0,1883.54
2026-08-12 02:46:43,deribit,ETH,ETH-15AUG26-2100-P,2026-08-15,2100,put,0.114994,,,48.8,,,,,0.0,0.0,1883.65
2026-08-12 02:46:43,deribit,ETH,ETH-25DEC26-2700-P,2026-12-25,2700,put,0.448213,0.4375,0.4575,53.67,,,,,446.0,0.0,1900.94
2026-08-12 02:46:43,deribit,ETH,ETH-25SEP26-3800-C,2026-09-25,3800,call,0.000287,0.0001,0.0004,72.25,,,,,2047.0,1.0,1888.05
2026-08-12 02:46:43,deribit,ETH,ETH-13AUG26-1900-P,2026-08-13,1900,put,0.013068,0.0125,0.014,34.12,,,,,125.0,0.0,1883.4
2026-08-12 02:46:43,deribit,ETH,ETH-25SEP26-7500-C,2026-09-25,7500,call,5e-06,,0.0002,99.33,,,,,1322.0,0.0,1888.06
2026-08-12 02:46:43,deribit,ETH,ETH-25SEP26-6800-P,2026-09-25,6800,put,2.601597,,,99.33,,,,,0.0,0.0,1888.05
2026-08-12 02:46:43,deribit,ETH,ETH-21AUG26-1950-C,2026-08-21,1950,call,0.012256,0.012,0.013,40.42,,,,,4769.0,532.0,1884.29
2026-08-12 02:46:43,deribit,ETH,ETH-14AUG26-2000-P,2026-08-14,2000,put,0.062214,,,41.06,,,,,73.0,0.0,1883.54
2026-08-12 02:46:43,deribit,ETH,ETH-14AUG26-1950-P,2026-08-14,1950,put,0.036947,0.032,0.041,37.19,,,,,3298.0,20.0,1883.55
2026-08-12 02:46:43,deribit,ETH,ETH-13AUG26-1860-C,2026-08-13,1860,call,0.015921,0.0135,0.018,36.08,,,,,222.0,222.0,1883.4
2026-08-12 02:46:43,deribit,ETH,ETH-15AUG26-1960-P,2026-08-15,1960,put,0.042929,0.0355,0.0495,37.86,,,,,0.0,0.0,1883.65
2026-08-12 02:46:43,deribit,ETH,ETH-25SEP26-3300-C,2026-09-25,3300,call,0.000469,0.0003,0.0007,62.56,,,,,17701.0,1.0,1888.05
2026-08-12 02:46:43,deribit,ETH,ETH-30OCT26-1950-P,2026-10-30,1950,put,0.111632,0.111,0.1125,50.87,,,,,330.0,0.0,1892.71
2026-08-12 02:46:43,deribit,ETH,ETH-25DEC26-7000-C,2026-12-25,7000,call,0.00037,0.0003,0.0007,72.45,,,,,2825.0,0.0,1900.94
2026-08-12 02:46:43,deribit,ETH,ETH-26MAR27-3300-C,2027-03-26,3300,call,0.03075,0.03,0.0315,56.39,,,,,1910.0,0.0,1918.99
2026-08-12 02:46:43,deribit,ETH,ETH-13AUG26-1820-C,2026-08-13,1820,call,0.034567,0.0265,0.042,42.57,,,,,0.0,0.0,1883.4
2026-08-12 02:46:43,deribit,ETH,ETH-28AUG26-2250-C,2026-08-28,2250,call,0.001794,0.0017,0.0019,48.02,,,,,2907.0,14.0,1885.06
2026-08-12 02:46:43,deribit,ETH,ETH-12AUG26-2000-C,2026-08-12,2000,call,0.0,,0.0001,51.35,,,,,291.0,0.0,1883.19
2026-08-12 02:46:43,deribit,ETH,ETH-25DEC26-1800-P,2026-12-25,1800,put,0.102493,0.102,0.1035,54.11,,,,,5612.0,5.0,1900.94
2026-08-12 02:46:43,deribit,ETH,ETH-21AUG26-1400-C,2026-08-21,1400,call,0.257263,0.2525,0.261,76.33,,,,,0.0,0.0,1884.29
2026-08-12 02:46:43,deribit,ETH,ETH-25SEP26-2200-P,2026-09-25,2200,put,0.183616,0.1775,0.1895,48.83,,,,,5506.0,0.0,1888.06
2026-08-12 02:46:43,deribit,ETH,ETH-25JUN27-1400-P,2027-06-25,1400,put,0.081067,0.08,0.082,60.03,,,,,1784.0,5.0,1937.67
2026-08-12 02:46:43,deribit,ETH,ETH-25DEC26-1300-C,2026-12-25,1300,call,0.340118,0.3375,0.3425,60.83,,,,,50.0,0.0,1900.94
2026-08-12 02:46:43,deribit,ETH,ETH-14AUG26-1840-P,2026-08-14,1840,put,0.003644,0.0034,0.004,38.27,,,,,111.0,114.0,1883.54
2026-08-12 02:46:43,deribit,ETH,ETH-13AUG26-1940-C,2026-08-13,1940,call,0.000762,0.0006,0.0009,36.32,,,,,197.0,135.0,1883.4
2026-08-12 02:46:43,deribit,ETH,ETH-25SEP26-3200-P,2026-09-25,3200,put,0.695422,0.6845,0.7045,60.79,,,,,1323.0,0.0,1888.06
2026-08-12 02:46:43,deribit,ETH,ETH-28AUG26-2600-C,2026-08-28,2600,call,0.000287,0.0001,0.0004,60.66,,,,,6178.0,1.0,1885.07
2026-08-12 02:46:43,deribit,ETH,ETH-26MAR27-3000-C,2027-03-26,3000,call,0.043592,0.0425,0.0445,55.79,,,,,4700.0,0.0,1918.99
2026-08-12 02:46:43,deribit,ETH,ETH-25JUN27-1600-C,2027-06-25,1600,call,0.295093,0.292,0.297,58.55,,,,,367.0,0.0,1937.68
2026-08-12 02:46:43,deribit,ETH,ETH-25SEP26-1200-P,2026-09-25,1200,put,0.002311,0.0021,0.0025,69.72,,,,,11220.0,28.0,1888.06
2026-08-12 02:46:43,deribit,ETH,ETH-25DEC26-5000-C,2026-12-25,5000,call,0.001334,0.0011,0.0016,64.11,,,,,4540.0,0.0,1900.96
2026-08-12 02:46:43,deribit,ETH,ETH-13AUG26-1980-C,2026-08-13,1980,call,0.000179,0.0001,0.0003,42.0,,,,,19.0,9.0,1883.4
2026-08-12 02:46:43,deribit,ETH,ETH-26MAR27-2900-P,2027-03-26,2900,put,0.560482,0.5475,0.5735,55.64,,,,,258.0,0.0,1919.0
2026-08-12 02:46:43,deribit,ETH,ETH-30OCT26-1700-P,2026-10-30,1700,put,0.050684,0.05,0.0515,52.82,,,,,395.0,87.0,1892.71
2026-08-12 02:46:43,deribit,ETH,ETH-25JUN27-4500-C,2027-06-25,4500,call,0.022453,0.022,0.023,59.14,,,,,1246.0,5.0,1937.67
2026-08-12 02:46:43,deribit,ETH,ETH-25DEC26-1900-P,2026-12-25,1900,put,0.129033,0.1285,0.13,53.49,,,,,5087.0,30.0,1900.94
2026-08-12 02:46:43,deribit,ETH,ETH-15AUG26-1860-C,2026-08-15,1860,call,0.021035,0.019,0.023,37.24,,,,,110.0,110.0,1883.65
2026-08-12 02:46:43,deribit,ETH,ETH-25SEP26-4500-C,2026-09-25,4500,call,0.000179,0.0001,0.0004,83.59,,,,,8442.0,0.0,1888.06
2026-08-12 02:46:43,deribit,ETH,ETH-21AUG26-2000-P,2026-08-21,2000,put,0.067927,0.0625,0.0735,40.92,,,,,1.0,0.0,1884.29
2026-08-12 02:46:43,deribit,ETH,ETH-28AUG26-1100-P,2026-08-28,1100,put,0.000138,,0.0002,93.2,,,,,2219.0,2.0,1885.07
2026-08-12 02:46:43,deribit,ETH,ETH-13AUG26-2040-C,2026-08-13,2040,call,5.2e-05,,0.0001,53.83,,,,,27.0,4.0,1883.4
2026-08-12 02:46:43,deribit,ETH,ETH-26MAR27-4400-P,2027-03-26,4400,put,1.303356,1.2855,1.3235,59.29,,,,,0.0,0.0,1918.99
2026-08-12 02:46:43,deribit,ETH,ETH-25SEP26-7200-C,2026-09-25,7200,call,8e-06,,0.0002,99.33,,,,,1160.0,0.0,1888.05
2026-08-12 02:46:43,deribit,ETH,ETH-28AUG26-1550-C,2026-08-28,1550,call,0.180082,0.174,0.1845,56.88,,,,,149.0,0.0,1885.07
2026-08-12 02:46:43,deribit,ETH,ETH-13AUG26-1800-C,2026-08-13,1800,call,0.044807,0.0001,,46.94,,,,,0.0,0.0,1883.4
2026-08-12 02:46:43,deribit,ETH,ETH-25JUN27-3200-C,2027-06-25,3200,call,0.061755,0.0605,0.063,56.97,,,,,283.0,0.0,1937.67
2026-08-12 02:46:43,deribit,ETH,ETH-30OCT26-1600-P,2026-10-30,1600,put,0.035213,0.0345,0.036,54.35,,,,,1773.0,528.0,1892.71
2026-08-12 02:46:43,deribit,ETH,ETH-14AUG26-1850-P,2026-08-14,1850,put,0.004862,0.0046,0.0055,37.87,,,,,2490.0,1221.0,1883.54
2026-08-12 02:46:43,deribit,ETH,ETH-28AUG26-3200-C,2026-08-28,3200,call,6.9e-05,,0.0002,81.98,,,,,1074.0,0.0,1885.07
2026-08-12 02:46:43,deribit,ETH,ETH-14AUG26-1880-P,2026-08-14,1880,put,0.010352,0.01,0.011,36.28,,,,,1451.0,212.0,1883.55
2026-08-12 02:46:43,deribit,ETH,ETH-25SEP26-7000-C,2026-09-25,7000,call,1.2e-05,,0.0001,99.33,,,,,2033.0,0.0,1888.06
2026-08-12 02:46:43,deribit,ETH,ETH-25SEP26-11000-P,2026-09-25,11000,put,4.826086,,,110.93,,,,,0.0,0.0,1888.06
2026-08-12 02:46:43,deribit,ETH,ETH-28AUG26-1000-C,2026-08-28,1000,call,0.469544,0.466,0.472,95.08,,,,,50.0,0.0,1885.06
2026-08-12 02:46:43,deribit,ETH,ETH-25SEP26-6600-C,2026-09-25,6600,call,2.3e-05,,0.0002,99.33,,,,,1414.0,0.0,1888.06
2026-08-12 02:46:43,deribit,ETH,ETH-25SEP26-3300-P,2026-09-25,3300,put,0.748295,,,62.56,,,,,3.0,0.0,1888.05
2026-08-12 02:46:43,deribit,ETH,ETH-15AUG26-1880-C,2026-08-15,1880,call,0.014798,0.014,0.0155,36.89,,,,,208.0,208.0,1883.65
2026-08-12 02:46:43,deribit,ETH,ETH-12AUG26-2000-P,2026-08-12,2000,put,0.062028,0.0001,,51.35,,,,,0.0,0.0,1883.18
2026-08-12 02:46:43,deribit,ETH,ETH-21AUG26-2200-P,2026-08-21,2200,put,0.168237,0.03,,48.57,,,,,11.0,0.0,1884.29
2026-08-12 02:46:43,deribit,ETH,ETH-26MAR27-1000-C,2027-03-26,1000,call,0.498375,0.496,0.5005,67.11,,,,,270.0,0.0,1918.99
2026-08-12 02:46:43,deribit,ETH,ETH-12AUG26-1960-C,2026-08-12,1960,call,1e-06,,0.0001,47.81,,,,,681.0,144.0,1883.19
2026-08-12 02:46:43,deribit,ETH,ETH-13AUG26-2020-P,2026-08-13,2020,put,0.072593,0.0001,,49.57,,,,,0.0,0.0,1883.4
2026-08-12 02:46:43,deribit,ETH,ETH-30OCT26-1600-C,2026-10-30,1600,call,0.189865,0.187,0.1925,54.35,,,,,68.0,0.0,1892.7
2026-08-12 02:46:43,deribit,ETH,ETH-25JUN27-1500-C,2027-06-25,1500,call,0.325579,0.3225,0.3275,59.22,,,,,52.0,0.0,1937.68
2026-08-12 02:46:43,deribit,ETH,ETH-13AUG26-1920-C,2026-08-13,1920,call,0.001809,0.0016,0.002,34.64,,,,,68.0,43.0,1883.4
2026-08-12 02:46:43,deribit,ETH,ETH-25SEP26-8000-C,2026-09-25,8000,call,2e-06,,0.0002,99.33,,,,,1092.0,0.0,1888.06
2026-08-12 02:46:43,deribit,ETH,ETH-21AUG26-1750-C,2026-08-21,1750,call,0.076746,0.071,0.0815,45.26,,,,,50.0,0.0,1884.29
2026-08-12 02:46:43,deribit,ETH,ETH-25DEC26-6500-P,2026-12-25,6500,put,2.419826,,,70.62,,,,,0.0,0.0,1900.94
2026-08-12 02:46:43,deribit,ETH,ETH-26MAR27-3100-C,2027-03-26,3100,call,0.038746,0.038,0.0395,55.99,,,,,1656.0,0.0,1918.99
2026-08-12 02:46:43,deribit,ETH,ETH-25SEP26-4200-P,2026-09-25,4200,put,1.224685,,,77.74,,,,,551.0,0.0,1888.05
2026-08-12 02:46:43,deribit,ETH,ETH-12AUG26-1860-C,2026-08-12,1860,call,0.012566,0.0001,0.049,34.2,,,,,111.0,95.0,1883.19
2026-08-12 02:46:43,deribit,ETH,ETH-26MAR27-3600-C,2027-03-26,3600,call,0.022247,0.0215,0.023,57.13,,,,,2214.0,0.0,1918.99
2026-08-12 02:46:43,deribit,ETH,ETH-15AUG26-2050-P,2026-08-15,2050,put,0.088645,,,44.36,,,,,0.0,0.0,1883.65
2026-08-12 02:46:43,deribit,ETH,ETH-25SEP26-2400-P,2026-09-25,2400,put,0.278793,0.272,0.2855,50.21,,,,,2064.0,0.0,1888.05
2026-08-12 02:46:43,deribit,ETH,ETH-12AUG26-1900-P,2026-08-12,1900,put,0.009213,0.0085,0.01,27.38,,,,,478.0,34.0,1883.19
2026-08-12 02:46:43,deribit,ETH,ETH-26MAR27-3400-P,2027-03-26,3400,put,0.799319,0.7865,0.811,56.63,,,,,6.0,0.0,1918.99
2026-08-12 02:46:43,deribit,ETH,ETH-25SEP26-2900-P,2026-09-25,2900,put,0.53716,,,56.14,,,,,49.0,0.0,1888.06
2026-08-12 02:46:43,deribit,ETH,ETH-25SEP26-15000-C,2026-09-25,15000,call,0.0,,0.0001,127.3,,,,,878.0,0.0,1888.06
2026-08-12 02:46:43,deribit,ETH,ETH-28AUG26-2150-P,2026-08-28,2150,put,0.144528,0.102,0.1755,45.45,,,,,66.0,0.0,1885.07
2026-08-12 02:46:43,deribit,ETH,ETH-25SEP26-5600-C,2026-09-25,5600,call,0.000133,,0.0002,99.33,,,,,7164.0,0.0,1888.06
2026-08-12 02:46:43,deribit,ETH,ETH-30OCT26-1400-C,2026-10-30,1400,call,0.276536,0.273,0.2795,59.0,,,,,50.0,0.0,1892.7
2026-08-12 02:46:43,deribit,ETH,ETH-25DEC26-2600-C,2026-12-25,2600,call,0.033565,0.033,0.034,53.35,,,,,6519.0,0.0,1900.94
2026-08-12 02:46:43,deribit,ETH,ETH-15AUG26-1740-P,2026-08-15,1740,put,0.000834,0.0007,0.001,49.86,,,,,110.0,110.0,1883.65
2026-08-12 02:46:43,deribit,ETH,ETH-13AUG26-1880-C,2026-08-13,1880,call,0.008973,0.0085,0.0095,34.91,,,,,580.0,615.0,1883.4
2026-08-12 02:46:43,deribit,ETH,ETH-25JUN27-2400-C,2027-06-25,2400,call,0.131754,0.1305,0.133,56.54,,,,,669.0,20.0,1937.67
2026-08-12 02:46:43,deribit,ETH,ETH-25JUN27-5000-C,2027-06-25,5000,call,0.016454,0.016,0.017,60.21,,,,,573.0,1.0,1937.67
2026-08-12 02:46:43,deribit,ETH,ETH-26MAR27-2700-C,2027-03-26,2700,call,0.063048,0.062,0.064,55.35,,,,,3047.0,20.0,1918.99
2026-08-12 02:46:43,deribit,ETH,ETH-25JUN27-2500-P,2027-06-25,2500,put,0.409612,0.4035,0.4145,56.54,,,,,6.0,0.0,1937.67
2026-08-12 02:46:43,deribit,ETH,ETH-14AUG26-1880-C,2026-08-14,1880,call,0.012237,0.0115,0.013,36.28,,,,,1353.0,571.0,1883.55
2026-08-12 02:46:43,deribit,ETH,ETH-12AUG26-2040-C,2026-08-12,2040,call,0.0,,0.0001,57.18,,,,,115.0,0.0,1883.19
2026-08-12 02:46:43,deribit,ETH,ETH-25SEP26-3000-P,2026-09-25,3000,put,0.589817,0.5795,0.5985,57.51,,,,,7526.0,0.0,1888.06
2026-08-12 02:46:43,deribit,ETH,ETH-14AUG26-1700-C,2026-08-14,1700,call,0.097801,0.091,0.1025,64.15,,,,,5.0,5.0,1883.55
2026-08-12 02:46:43,deribit,ETH,ETH-13AUG26-2050-C,2026-08-13,2050,call,5e-05,,0.0001,56.49,,,,,15.0,12.0,1883.4
2026-08-12 02:46:43,deribit,ETH,ETH-30OCT26-1850-P,2026-10-30,1850,put,0.083313,0.0825,0.084,51.37,,,,,754.0,400.0,1892.71
2026-08-12 02:46:43,deribit,ETH,ETH-21AUG26-2000-C,2026-08-21,2000,call,0.006525,0.006,0.007,40.92,,,,,11066.0,246.0,1884.29
2026-08-12 02:46:43,deribit,ETH,ETH-25DEC26-3600-P,2026-12-25,3600,put,0.900279,,,57.67,,,,,93.0,0.0,1900.96
2026-08-12 02:46:43,deribit,ETH,ETH-15AUG26-1940-P,2026-08-15,1940,put,0.033849,0.03,0.0385,37.19,,,,,0.0,0.0,1883.65
2026-08-12 02:46:43,deribit,ETH,ETH-25SEP26-5000-C,2026-09-25,5000,call,0.000179,0.0001,0.0003,92.4,,,,,4100.0,0.0,1888.05
2026-08-12 02:46:43,deribit,ETH,ETH-14AUG26-1940-P,2026-08-14,1940,put,0.032223,0.027,0.037,36.59,,,,,0.0,0.0,1883.54
2026-08-12 02:46:43,deribit,ETH,ETH-12AUG26-1940-C,2026-08-12,1940,call,4e-06,,0.0001,41.05,,,,,819.0,726.0,1883.19
2026-08-12 02:46:43,deribit,ETH,ETH-25JUN27-2200-C,2027-06-25,2200,call,0.160991,0.1595,0.1625,56.67,,,,,1059.0,0.0,1937.68
2026-08-12 02:46:43,deribit,ETH,ETH-28AUG26-2250-P,2026-08-28,2250,put,0.19539,,,48.02,,,,,27.0,0.0,1885.07
2026-08-12 02:46:43,deribit,ETH,ETH-28AUG26-1750-P,2026-08-28,1750,put,0.011988,0.0115,0.0125,46.15,,,,,22942.0,700.0,1885.07
2026-08-12 02:46:43,deribit,ETH,ETH-25DEC26-3600-C,2026-12-25,3600,call,0.006489,0.006,0.007,57.67,,,,,2230.0,0.0,1900.94
2026-08-12 02:46:43,deribit,ETH,ETH-25JUN27-900-C,2027-06-25,900,call,0.558372,0.556,0.56,67.89,,,,,0.0,2.0,1937.67
2026-08-12 02:46:43,deribit,ETH,ETH-25DEC26-9000-C,2026-12-25,9000,call,0.00021,0.0001,0.0004,80.44,,,,,1905.0,0.0,1900.94
2026-08-12 02:46:43,deribit,ETH,ETH-25DEC26-4200-C,2026-12-25,4200,call,0.002937,0.0026,0.0033,60.27,,,,,4354.0,28.0,1900.94
2026-08-12 02:46:43,deribit,ETH,ETH-25SEP26-2700-C,2026-09-25,2700,call,0.002299,0.0021,0.0025,53.41,,,,,4151.0,2.0,1888.06
2026-08-12 02:46:43,deribit,ETH,ETH-25SEP26-11000-C,2026-09-25,11000,call,0.0,,0.0002,110.93,,,,,2766.0,0.0,1888.05
2026-08-12 02:46:43,deribit,ETH,ETH-12AUG26-1880-C,2026-08-12,1880,call,0.003448,0.0029,0.0039,25.81,,,,,819.0,645.0,1883.19
2026-08-12 02:46:43,deribit,ETH,ETH-28AUG26-2100-P,2026-08-28,2100,put,0.120057,0.1145,0.1255,44.29,,,,,1161.0,0.0,1885.06
2026-08-12 02:46:43,deribit,ETH,ETH-25SEP26-10000-P,2026-09-25,10000,put,4.296442,,,105.8,,,,,0.0,0.0,1888.06
2026-08-12 02:46:43,deribit,ETH,ETH-25DEC26-2200-C,2026-12-25,2200,call,0.073455,0.0725,0.0735,53.05,,,,,52515.0,1.0,1900.94
2026-08-12 02:46:43,deribit,ETH,ETH-25SEP26-8500-C,2026-09-25,8500,call,1e-06,,0.0002,99.33,,,,,1253.0,0.0,1888.05
2026-08-12 02:46:43,deribit,ETH,ETH-26MAR27-2100-P,2027-03-26,2100,put,0.231354,0.2295,0.235,55.28,,,,,487.0,0.0,1918.99
2026-08-12 02:46:43,deribit,ETH,ETH-26MAR27-5000-P,2027-03-26,5000,put,1.612067,,,60.93,,,,,0.0,0.0,1918.99
2026-08-12 02:46:43,deribit,ETH,ETH-25SEP26-4500-P,2026-09-25,4500,put,1.383578,,,83.59,,,,,6.0,0.0,1888.06
2026-08-12 02:46:43,deribit,ETH,ETH-14AUG26-1700-P,2026-08-14,1700,put,0.000352,0.0003,0.0004,64.15,,,,,6125.0,2.0,1883.55
2026-08-12 02:46:43,deribit,ETH,ETH-30OCT26-3200-C,2026-10-30,3200,call,0.003075,0.0028,0.0034,56.95,,,,,1264.0,0.0,1892.7
2026-08-12 02:46:43,deribit,ETH,ETH-14AUG26-2100-C,2026-08-14,2100,call,7.8e-05,,0.0001,54.78,,,,,3079.0,528.0,1883.54
2026-08-12 02:46:43,deribit,ETH,ETH-28AUG26-1400-P,2026-08-28,1400,put,0.000845,0.0007,0.001,67.9,,,,,7276.0,200.0,1885.07
2026-08-12 02:46:43,deribit,ETH,ETH-21AUG26-2100-C,2026-08-21,2100,call,0.001954,0.0018,0.0021,44.13,,,,,4487.0,214.0,1884.29
2026-08-12 02:46:43,deribit,ETH,ETH-26MAR27-800-C,2027-03-26,800,call,0.593191,0.5915,0.595,73.09,,,,,0.0,0.0,1919.0
2026-08-12 02:46:43,deribit,ETH,ETH-25JUN27-2500-C,2027-06-25,2500,call,0.119409,0.118,0.1205,56.54,,,,,2980.0,0.0,1937.68
2026-08-12 02:46:43,deribit,ETH,ETH-26MAR27-4400-C,2027-03-26,4400,call,0.010448,0.01,0.011,59.29,,,,,1082.0,0.0,1918.99
2026-08-12 02:46:43,deribit,ETH,ETH-25DEC26-3000-P,2026-12-25,3000,put,0.59441,0.5825,0.6065,54.74,,,,,781.0,0.0,1900.96
2026-08-12 02:46:43,deribit,ETH,ETH-25DEC26-4000-P,2026-12-25,4000,put,1.107908,,,59.25,,,,,223.0,0.0,1900.94
2026-08-12 02:46:43,deribit,ETH,ETH-25JUN27-800-P,2027-06-25,800,put,0.016736,0.016,0.0175,70.45,,,,,683.0,15.0,1937.67
2026-08-12 02:46:43,deribit,ETH,ETH-12AUG26-2100-C,2026-08-12,2100,call,0.0,,0.0001,61.69,,,,,520.0,0.0,1883.19
2026-08-12 02:46:43,deribit,ETH,ETH-25SEP26-2500-P,2026-09-25,2500,put,0.329298,0.3205,0.336,51.53,,,,,3052.0,0.0,1888.06
2026-08-12 02:46:43,deribit,ETH,ETH-26MAR27-6000-P,2027-03-26,6000,put,2.130078,,,63.61,,,,,1.0,0.0,1918.99
2026-08-12 02:46:43,deribit,ETH,ETH-25SEP26-13000-C,2026-09-25,13000,call,0.0,,0.0003,119.8,,,,,1873.0,0.0,1888.06
2026-08-12 02:46:43,deribit,ETH,ETH-25SEP26-3100-P,2026-09-25,3100,put,0.642584,,,59.06,,,,,0.0,0.0,1888.06
2026-08-12 02:46:43,deribit,ETH,ETH-25SEP26-7200-P,2026-09-25,7200,put,2.813446,,,99.33,,,,,0.0,0.0,1888.06
2026-08-12 02:46:43,deribit,ETH,ETH-12AUG26-1980-P,2026-08-12,1980,put,0.051407,0.008,,49.28,,,,,10.0,0.0,1883.18
2026-08-12 02:46:43,deribit,ETH,ETH-25DEC26-1600-C,2026-12-25,1600,call,0.218738,0.216,0.221,55.78,,,,,621.0,0.0,1900.94
2026-08-12 02:46:43,deribit,ETH,ETH-21AUG26-1800-C,2026-08-21,1800,call,0.054709,0.0495,0.0585,42.87,,,,,232.0,223.0,1884.29
2026-08-12 02:46:43,deribit,ETH,ETH-25JUN27-1900-P,2027-06-25,1900,put,0.198852,0.1975,0.2005,57.27,,,,,3091.0,0.0,1937.67
2026-08-12 02:46:43,deribit,ETH,ETH-26MAR27-3100-P,2027-03-26,3100,put,0.654205,0.6435,0.682,55.99,,,,,99.0,0.0,1918.99
2026-08-12 02:46:43,deribit,ETH,ETH-12AUG26-1900-C,2026-08-12,1900,call,0.000286,0.0002,0.0004,27.38,,,,,2332.0,3153.0,1883.18
2026-08-12 02:46:43,deribit,ETH,ETH-12AUG26-1840-P,2026-08-12,1840,put,5.4e-05,,0.0001,43.57,,,,,578.0,191.0,1883.19
2026-08-12 02:46:43,deribit,ETH,ETH-25JUN27-3400-P,2027-06-25,3400,put,0.806683,0.795,0.8575,57.28,,,,,2.0,0.0,1937.68
2026-08-12 02:46:43,deribit,ETH,ETH-25DEC26-4500-C,2026-12-25,4500,call,0.002076,0.0018,0.0021,61.54,,,,,2931.0,2.0,1900.96
2026-08-12 02:46:43,deribit,ETH,ETH-12AUG26-2050-C,2026-08-12,2050,call,0.0,,0.0001,59.24,,,,,442.0,0.0,1883.19
2026-08-12 02:46:43,deribit,ETH,ETH-30OCT26-1000-P,2026-10-30,1000,put,0.003113,0.0029,0.0033,74.01,,,,,1604.0,0.0,1892.7
2026-08-12 02:46:43,deribit,ETH,ETH-13AUG26-2020-C,2026-08-13,2020,call,7e-05,,0.0001,49.57,,,,,104.0,2.0,1883.4
2026-08-12 02:46:43,deribit,ETH,ETH-25JUN27-1400-C,2027-06-25,1400,call,0.358553,0.3555,0.3605,60.03,,,,,50.0,0.0,1937.67
2026-08-12 02:46:43,deribit,ETH,ETH-26MAR27-2300-C,2027-03-26,2300,call,0.105538,0.1045,0.1065,55.15,,,,,5111.0,0.0,1918.99
2026-08-12 02:46:43,deribit,ETH,ETH-12AUG26-1840-C,2026-08-12,1840,call,0.022989,0.0001,,43.57,,,,,1.0,1.0,1883.18
2026-08-12 02:46:43,deribit,ETH,ETH-25SEP26-13000-P,2026-09-25,13000,put,5.885375,,,119.8,,,,,0.0,0.0,1888.06
2026-08-12 02:46:43,deribit,ETH,ETH-25DEC26-3800-P,2026-12-25,3800,put,1.003986,,,58.7,,,,,26.0,0.0,1900.94
2026-08-12 02:46:43,deribit,ETH,ETH-21AUG26-1650-P,2026-08-21,1650,put,0.001739,0.0016,0.0019,51.82,,,,,953.0,109.0,1884.29
2026-08-12 02:46:43,deribit,ETH,ETH-25JUN27-1200-P,2027-06-25,1200,put,0.051203,0.0505,0.052,62.27,,,,,471.0,7.0,1937.68
2026-08-12 02:46:43,deribit,ETH,ETH-25SEP26-1300-P,2026-09-25,1300,put,0.003933,0.0037,0.0042,65.25,,,,,3383.0,20.0,1888.05
2026-08-12 02:46:43,deribit,ETH,ETH-25SEP26-1400-C,2026-09-25,1400,call,0.264982,0.2615,0.267,60.85,,,,,1550.0,0.0,1888.06
2026-08-12 02:46:43,deribit,ETH,ETH-28AUG26-1450-P,2026-08-28,1450,put,0.001188,0.0011,0.0013,64.24,,,,,8684.0,0.0,1885.07
2026-08-12 02:46:43,deribit,ETH,ETH-28AUG26-3200-P,2026-08-28,3200,put,0.697627,,,81.98,,,,,5.0,0.0,1885.07
2026-08-12 02:46:43,deribit,ETH,ETH-26MAR27-5500-C,2027-03-26,5500,call,0.004547,0.0044,0.005,62.19,,,,,2465.0,0.0,1919.0
2026-08-12 02:46:43,deribit,ETH,ETH-25SEP26-3600-P,2026-09-25,3600,put,0.907011,0.8935,0.92,67.48,,,,,907.0,0.0,1888.06
2026-08-12 02:46:43,deribit,ETH,ETH-25SEP26-1300-C,2026-09-25,1300,call,0.315396,0.3105,0.3185,65.25,,,,,69.0,0.0,1888.05
2026-08-12 02:46:43,deribit,ETH,ETH-25DEC26-1600-P,2026-12-25,1600,put,0.060422,0.06,0.061,55.78,,,,,7409.0,0.0,1900.96
2026-08-12 02:46:43,deribit,ETH,ETH-30OCT26-2050-P,2026-10-30,2050,put,0.144943,0.144,0.1455,50.68,,,,,24.0,24.0,1892.7
2026-08-12 02:46:43,deribit,ETH,ETH-13AUG26-1840-P,2026-08-13,1840,put,0.001666,0.0015,0.0018,38.49,,,,,586.0,269.0,1883.4
2026-08-12 02:46:43,deribit,ETH,ETH-15AUG26-1980-P,2026-08-15,1980,put,0.052631,0.0445,0.089,38.94,,,,,0.0,0.0,1883.65
2026-08-12 02:46:43,deribit,ETH,ETH-25DEC26-11000-C,2026-12-25,11000,call,0.000204,0.0001,0.0003,89.11,,,,,2143.0,0.0,1900.94
2026-08-12 02:46:43,deribit,ETH,ETH-25JUN27-1000-C,2027-06-25,1000,call,0.514413,0.5125,0.516,65.72,,,,,57.0,0.0,1937.67
2026-08-12 02:46:43,deribit,ETH,ETH-25JUN27-2300-P,2027-06-25,2300,put,0.332508,0.331,0.337,56.57,,,,,85.0,0.0,1937.67
2026-08-12 02:46:43,deribit,ETH,ETH-30OCT26-2400-P,2026-10-30,2400,put,0.290868,0.282,0.348,51.5,,,,,10.0,0.0,1892.7
2026-08-12 02:46:43,deribit,ETH,ETH-21AUG26-1800-P,2026-08-21,1800,put,0.009971,0.0095,0.0105,42.87,,,,,674.0,373.0,1884.29
2026-08-12 02:46:43,deribit,ETH,ETH-14AUG26-1860-P,2026-08-14,1860,put,0.006249,0.006,0.007,36.99,,,,,185.0,187.0,1883.55
2026-08-12 02:46:43,deribit,ETH,ETH-28AUG26-1500-P,2026-08-28,1500,put,0.001641,0.0015,0.0018,60.41,,,,,5466.0,8.0,1885.07
2026-08-12 02:46:43,deribit,ETH,ETH-12AUG26-1940-P,2026-08-12,1940,put,0.030171,0.0001,,41.05,,,,,32.0,20.0,1883.19
2026-08-12 02:46:43,deribit,ETH,ETH-28AUG26-2100-C,2026-08-28,2100,call,0.006034,0.0055,0.0065,44.29,,,,,8762.0,12.0,1885.06
2026-08-12 02:46:43,deribit,ETH,ETH-25JUN27-3200-P,2027-06-25,3200,put,0.713214,0.703,0.794,56.97,,,,,0.0,0.0,1937.67
2026-08-12 02:46:43,deribit,ETH,ETH-21AUG26-2400-P,2026-08-21,2400,put,0.273826,,,58.11,,,,,0.0,0.0,1884.29
2026-08-12 02:46:43,deribit,ETH,ETH-25SEP26-9000-C,2026-09-25,9000,call,1e-06,,0.0005,100.09,,,,,1519.0,0.0,1888.06
2026-08-12 02:46:43,deribit,ETH,ETH-25JUN27-2100-C,2027-06-25,2100,call,0.178255,0.1765,0.18,56.84,,,,,15.0,0.0,1937.67
2026-08-12 02:46:43,deribit,ETH,ETH-30OCT26-1950-C,2026-10-30,1950,call,0.081364,0.0805,0.082,50.87,,,,,212.0,0.0,1892.71
2026-08-12 02:46:43,deribit,ETH,ETH-26MAR27-3200-C,2027-03-26,3200,call,0.034462,0.0335,0.0355,56.18,,,,,1244.0,0.0,1918.99
2026-08-12 02:46:43,deribit,ETH,ETH-25DEC26-3800-C,2026-12-25,3800,call,0.004986,0.0045,0.0055,58.7,,,,,2914.0,0.0,1900.94
2026-08-12 02:46:43,deribit,ETH,ETH-25SEP26-4800-C,2026-09-25,4800,call,0.000179,0.0001,0.0012,89.0,,,,,2195.0,0.0,1888.05
2026-08-12 02:46:43,deribit,ETH,ETH-26MAR27-2400-C,2027-03-26,2400,call,0.092701,0.0915,0.0935,55.17,,,,,1877.0,0.0,1918.99
2026-08-12 02:46:43,deribit,ETH,ETH-26MAR27-4000-P,2027-03-26,4000,put,1.099411,1.0835,1.206,58.18,,,,,0.0,0.0,1918.99
2026-08-12 02:46:43,deribit,ETH,ETH-15AUG26-1820-P,2026-08-15,1820,put,0.003597,0.0033,0.0039,39.98,,,,,1702.0,1702.0,1883.65
2026-08-12 02:46:43,deribit,ETH,ETH-21AUG26-2100-P,2026-08-21,2100,put,0.116426,0.107,0.126,44.13,,,,,10.0,0.0,1884.29
2026-08-12 02:46:43,deribit,ETH,ETH-28AUG26-1200-P,2026-08-28,1200,put,0.000245,0.0002,0.0003,84.17,,,,,7119.0,44.0,1885.06
2026-08-12 02:46:43,deribit,ETH,ETH-25SEP26-4000-C,2026-09-25,4000,call,0.000185,0.0002,0.0003,73.75,,,,,12154.0,1.0,1888.06
2026-08-12 02:46:43,deribit,ETH,ETH-25SEP26-2100-C,2026-09-25,2100,call,0.028501,0.028,0.029,48.48,,,,,6069.0,210.0,1888.06
2026-08-12 02:46:43,deribit,ETH,ETH-25DEC26-2500-P,2026-12-25,2500,put,0.355953,0.346,0.367,53.21,,,,,1075.0,0.0,1900.94
2026-08-12 02:46:43,deribit,ETH,ETH-26MAR27-4600-P,2027-03-26,4600,put,1.405848,,,59.69,,,,,0.0,0.0,1918.99
2026-08-12 02:46:43,deribit,ETH,ETH-26MAR27-3700-P,2027-03-26,3700,put,0.948174,0.9335,1.0505,57.37,,,,,0.0,0.0,1918.99
2026-08-12 02:46:43,deribit,ETH,ETH-26MAR27-2200-P,2027-03-26,2200,put,0.266713,0.265,0.27,55.19,,,,,1707.0,0.0,1918.99
2026-08-12 02:46:43,deribit,ETH,ETH-25DEC26-1700-C,2026-12-25,1700,call,0.185262,0.183,0.1875,54.83,,,,,368.0,0.0,1900.94
2026-08-12 02:46:43,deribit,ETH,ETH-13AUG26-1880-P,2026-08-13,1880,put,0.007162,0.0065,0.0075,34.91,,,,,335.0,147.0,1883.4
2026-08-12 02:46:43,deribit,ETH,ETH-25SEP26-6000-C,2026-09-25,6000,call,6.5e-05,,0.0002,99.33,,,,,3191.0,0.0,1888.05
2026-08-12 02:46:43,deribit,ETH,ETH-15AUG26-1700-C,2026-08-15,1700,call,0.097936,0.0915,0.103,55.05,,,,,0.0,0.0,1883.65
2026-08-12 02:46:43,deribit,ETH,ETH-28AUG26-1650-P,2026-08-28,1650,put,0.005185,0.0049,0.0055,50.95,,,,,6958.0,19.0,1885.06
2026-08-12 02:46:43,deribit,ETH,ETH-13AUG26-1920-P,2026-08-13,1920,put,0.021237,0.019,0.025,34.64,,,,,288.0,0.0,1883.4
2026-08-12 02:46:43,deribit,ETH,ETH-25DEC26-3200-P,2026-12-25,3200,put,0.694885,0.682,0.707,55.46,,,,,251.0,0.0,1900.96
2026-08-12 02:46:43,deribit,ETH,ETH-25SEP26-5400-C,2026-09-25,5400,call,0.000175,,0.0002,98.56,,,,,1730.0,648.0,1888.06
2026-08-12 02:46:43,deribit,ETH,ETH-25DEC26-10000-C,2026-12-25,10000,call,0.00021,0.0001,0.0004,85.12,,,,,1663.0,0.0,1900.94
2026-08-12 02:46:43,deribit,ETH,ETH-15AUG26-1700-P,2026-08-15,1700,put,0.000434,0.0003,0.0006,55.05,,,,,1131.0,1131.0,1883.65
2026-08-12 02:46:43,deribit,ETH,ETH-28AUG26-3000-C,2026-08-28,3000,call,0.000156,0.0001,0.0002,78.59,,,,,1528.0,0.0,1885.07
2026-08-12 02:46:43,deribit,ETH,ETH-25JUN27-2800-C,2027-06-25,2800,call,0.089265,0.088,0.0905,56.61,,,,,1086.0,0.0,1937.67
2026-08-12 02:46:43,deribit,ETH,ETH-25SEP26-4800-P,2026-09-25,4800,put,1.542471,,,89.0,,,,,110.0,0.0,1888.06
2026-08-12 02:46:43,deribit,ETH,ETH-28AUG26-2150-C,2026-08-28,2150,call,0.003981,0.0037,0.0042,45.45,,,,,5045.0,16.0,1885.06
2026-08-12 02:46:43,deribit,ETH,ETH-25DEC26-5500-P,2026-12-25,5500,put,1.894377,,,67.75,,,,,0.0,0.0,1900.94
2026-08-12 02:46:43,deribit,ETH,ETH-25SEP26-4200-C,2026-09-25,4200,call,0.000179,0.0001,0.0003,77.74,,,,,2597.0,80.0,1888.05
2026-08-12 02:46:43,deribit,ETH,ETH-28AUG26-2500-P,2026-08-28,2500,put,0.326608,,,56.21,,,,,4.0,0.0,1885.06
2026-08-12 02:46:43,deribit,ETH,ETH-25JUN27-2800-P,2027-06-25,2800,put,0.534292,0.5285,0.5605,56.61,,,,,0.0,0.0,1937.67
2026-08-12 02:46:43,deribit,ETH,ETH-28AUG26-1850-P,2026-08-28,1850,put,0.028018,0.0275,0.0285,43.91,,,,,2661.0,44.0,1885.07
2026-08-12 02:46:43,deribit,ETH,ETH-15AUG26-1800-C,2026-08-15,1800,call,0.04677,0.041,0.051,41.85,,,,,0.0,0.0,1883.65
2026-08-12 02:46:43,deribit,ETH,ETH-25JUN27-2600-C,2027-06-25,2600,call,0.108268,0.107,0.1095,56.55,,,,,288.0,0.0,1937.67
2026-08-12 02:46:43,deribit,ETH,ETH-13AUG26-2000-C,2026-08-13,2000,call,0.000128,0.0001,0.0002,46.8,,,,,650.0,530.0,1883.4
2026-08-12 02:46:43,deribit,ETH,ETH-25JUN27-1300-P,2027-06-25,1300,put,0.065025,0.064,0.066,61.08,,,,,1656.0,65.0,1937.67
2026-08-12 02:46:43,deribit,ETH,ETH-26MAR27-5500-P,2027-03-26,5500,put,1.870682,,,62.19,,,,,0.0,0.0,1918.99
2026-08-12 02:46:43,deribit,ETH,ETH-15AUG26-1960-C,2026-08-15,1960,call,0.002402,0.0022,0.0027,37.86,,,,,6.0,6.0,1883.65
2026-08-12 02:46:43,deribit,ETH,ETH-26MAR27-1400-C,2027-03-26,1400,call,0.328938,0.327,0.331,59.31,,,,,57.0,0.0,1918.99
2026-08-12 02:46:43,deribit,ETH,ETH-25JUN27-2400-P,2027-06-25,2400,put,0.370348,0.3645,0.3755,56.54,,,,,2.0,0.0,1937.68
2026-08-12 02:46:43,deribit,ETH,ETH-14AUG26-1820-C,2026-08-14,1820,call,0.035916,0.0305,0.04,40.46,,,,,138.0,0.0,1883.54
2026-08-12 02:46:43,deribit,ETH,ETH-13AUG26-1960-C,2026-08-13,1960,call,0.000385,0.0003,0.0005,39.63,,,,,673.0,95.0,1883.4
2026-08-12 02:46:43,deribit,ETH,ETH-25SEP26-1950-C,2026-09-25,1950,call,0.053056,0.0525,0.0535,48.39,,,,,2561.0,1814.0,1888.06
2026-08-12 02:46:43,deribit,ETH,ETH-13AUG26-1980-P,2026-08-13,1980,put,0.051463,0.0001,,42.0,,,,,0.0,0.0,1883.4
2026-08-12 02:46:43,deribit,ETH,ETH-12AUG26-1800-P,2026-08-12,1800,put,8e-06,,0.0001,63.99,,,,,1234.0,1171.0,1883.18
2026-08-12 02:46:43,deribit,ETH,ETH-26MAR27-1600-P,2027-03-26,1600,put,0.093451,0.0925,0.0945,57.34,,,,,1538.0,0.0,1918.99
2026-08-12 02:46:43,deribit,ETH,ETH-12AUG26-2100-P,2026-08-12,2100,put,0.115129,0.0001,,61.69,,,,,0.0,0.0,1883.19
2026-08-12 02:46:43,deribit,ETH,ETH-25JUN27-3800-C,2027-06-25,3800,call,0.037342,0.0365,0.038,57.84,,,,,483.0,137.0,1937.67
2026-08-12 02:46:43,deribit,ETH,ETH-14AUG26-1600-C,2026-08-14,1600,call,0.150681,0.1445,0.1555,85.22,,,,,0.0,0.0,1883.54
2026-08-12 02:46:43,deribit,ETH,ETH-30OCT26-1500-C,2026-10-30,1500,call,0.23146,0.2275,0.2345,56.36,,,,,50.0,0.0,1892.7
2026-08-12 02:46:43,deribit,ETH,ETH-25DEC26-2500-C,2026-12-25,2500,call,0.040821,0.04,0.0415,53.21,,,,,27177.0,0.0,1900.94
2026-08-12 02:46:43,deribit,ETH,ETH-30OCT26-2800-C,2026-10-30,2800,call,0.00782,0.0075,0.008,53.99,,,,,310.0,18.0,1892.71
2026-08-12 02:46:43,deribit,ETH,ETH-21AUG26-1400-P,2026-08-21,1400,put,0.000245,0.0002,0.0003,76.33,,,,,262.0,30.0,1884.29
2026-08-12 02:46:43,deribit,ETH,ETH-12AUG26-2020-C,2026-08-12,2020,call,0.0,,0.0001,54.12,,,,,328.0,0.0,1883.18
2026-08-12 02:46:43,deribit,ETH,ETH-26MAR27-2400-P,2027-03-26,2400,put,0.343378,0.3375,0.348,55.17,,,,,357.0,0.0,1918.99
2026-08-12 02:46:43,deribit,ETH,ETH-28AUG26-2350-C,2026-08-28,2350,call,0.000896,0.0008,0.0011,51.07,,,,,4551.0,1.0,1885.06
2026-08-12 02:46:43,deribit,ETH,ETH-28AUG26-1550-P,2026-08-28,1550,put,0.002337,0.0021,0.0026,56.88,,,,,5786.0,0.0,1885.07
2026-08-12 02:46:43,deribit,ETH,ETH-25DEC26-6000-P,2026-12-25,6000,put,2.157039,,,69.34,,,,,0.0,0.0,1900.94
2026-08-12 02:46:43,deribit,ETH,ETH-26MAR27-1700-C,2027-03-26,1700,call,0.22945,0.227,0.232,56.66,,,,,1337.0,0.0,1918.99
2026-08-12 02:46:43,deribit,ETH,ETH-25JUN27-1000-P,2027-06-25,1000,put,0.030494,0.03,0.031,65.72,,,,,4737.0,109.0,1937.67
2026-08-12 02:46:43,deribit,ETH,ETH-21AUG26-1850-P,2026-08-21,1850,put,0.017883,0.0175,0.0185,41.36,,,,,1605.0,174.0,1884.29
2026-08-12 02:46:43,deribit,ETH,ETH-25SEP26-2000-P,2026-09-25,2000,put,0.102639,0.1005,0.104,48.32,,,,,13157.0,3.0,1888.06
2026-08-12 02:46:43,deribit,ETH,ETH-28AUG26-3800-P,2026-08-28,3800,put,1.015853,,,84.51,,,,,0.0,0.0,1885.07
2026-08-12 02:46:43,deribit,ETH,ETH-14AUG26-1800-P,2026-08-14,1800,put,0.001358,0.0012,0.0016,43.24,,,,,2469.0,1317.0,1883.55
2026-08-12 02:46:43,deribit,ETH,ETH-25DEC26-1400-P,2026-12-25,1400,put,0.033062,0.0325,0.0335,58.72,,,,,13754.0,1.0,1900.94
2026-08-12 02:46:43,deribit,ETH,ETH-30OCT26-2000-C,2026-10-30,2000,call,0.071033,0.0705,0.0715,50.75,,,,,741.0,127.0,1892.7
2026-08-12 02:46:43,deribit,ETH,ETH-28AUG26-1900-C,2026-08-28,1900,call,0.032815,0.032,0.033,43.42,,,,,6682.0,60.0,1885.07
2026-08-12 02:46:43,deribit,ETH,ETH-28AUG26-2300-C,2026-08-28,2300,call,0.001243,0.0011,0.0014,49.45,,,,,5808.0,10.0,1885.06
2026-08-12 02:46:43,deribit,ETH,ETH-25SEP26-1800-P,2026-09-25,1800,put,0.046105,0.0455,0.047,49.37,,,,,9646.0,40.0,1888.06
2026-08-12 02:46:43,deribit,ETH,ETH-25DEC26-9000-P,2026-12-25,9000,put,3.734685,,,80.44,,,,,0.0,0.0,1900.94
2026-08-12 02:46:43,deribit,ETH,ETH-25JUN27-3600-C,2027-06-25,3600,call,0.043939,0.043,0.0445,57.55,,,,,2.0,0.0,1937.68
2026-08-12 02:46:43,deribit,ETH,ETH-15AUG26-1760-C,2026-08-15,1760,call,0.066784,0.0605,0.0715,46.93,,,,,0.0,0.0,1883.65
2026-08-12 02:46:43,deribit,ETH,ETH-25JUN27-4000-P,2027-06-25,4000,put,1.096321,1.0815,1.11,58.18,,,,,0.0,0.0,1937.67
2026-08-12 02:46:43,deribit,ETH,ETH-21AUG26-2050-P,2026-08-21,2050,put,0.091476,0.083,0.1,42.37,,,,,0.0,0.0,1884.29
2026-08-12 02:46:43,deribit,ETH,ETH-13AUG26-1780-P,2026-08-13,1780,put,0.000295,0.0002,0.0005,50.79,,,,,1042.0,25.0,1883.4
2026-08-12 02:46:43,deribit,ETH,ETH-25DEC26-4600-C,2026-12-25,4600,call,0.001835,0.0016,0.0022,61.84,,,,,10789.0,0.0,1900.94
2026-08-12 02:46:43,deribit,ETH,ETH-25DEC26-10000-P,2026-12-25,10000,put,4.260738,,,85.12,,,,,0.0,0.0,1900.94
2026-08-12 02:46:43,deribit,ETH,ETH-26MAR27-3200-P,2027-03-26,3200,put,0.702032,0.6905,0.713,56.18,,,,,20.0,0.0,1918.99
2026-08-12 02:46:43,deribit,ETH,ETH-26MAR27-2600-C,2027-03-26,2600,call,0.071568,0.0705,0.0725,55.24,,,,,3139.0,20.0,1918.99
2026-08-12 02:46:43,deribit,ETH,ETH-25SEP26-2500-C,2026-09-25,2500,call,0.005188,0.0049,0.0055,51.53,,,,,24343.0,8.0,1888.05
2026-08-12 02:46:43,deribit,ETH,ETH-12AUG26-2060-C,2026-08-12,2060,call,0.0,,0.0001,60.79,,,,,524.0,0.0,1883.19
2026-08-12 02:46:43,deribit,ETH,ETH-25JUN27-1700-C,2027-06-25,1700,call,0.267107,0.264,0.269,58.02,,,,,659.0,0.0,1937.68
2026-08-12 02:46:43,deribit,ETH,ETH-25SEP26-2600-P,2026-09-25,2600,put,0.38047,0.372,0.3875,52.35,,,,,8390.0,0.0,1888.06
2026-08-12 02:46:43,deribit,ETH,ETH-15AUG26-1840-C,2026-08-15,1840,call,0.028654,0.024,0.031,38.22,,,,,50.0,50.0,1883.65
2026-08-12 02:46:43,deribit,ETH,ETH-28AUG26-2300-P,2026-08-28,2300,put,0.221364,0.214,0.227,49.45,,,,,1000.0,0.0,1885.07
2026-08-12 02:46:43,deribit,ETH,ETH-25DEC26-8000-C,2026-12-25,8000,call,0.000253,0.0002,0.0005,76.27,,,,,2428.0,0.0,1900.96
2026-08-12 02:46:43,deribit,ETH,ETH-25JUN27-1600-P,2027-06-25,1600,put,0.120823,0.1195,0.122,58.55,,,,,1276.0,44.0,1937.67
2026-08-12 02:46:43,deribit,ETH,ETH-30OCT26-1900-C,2026-10-30,1900,call,0.092944,0.0925,0.0935,51.06,,,,,251.0,0.0,1892.71
2026-08-12 02:46:43,deribit,ETH,ETH-25DEC26-3100-P,2026-12-25,3100,put,0.644604,0.632,0.6635,55.27,,,,,0.0,0.0,1900.96
2026-08-12 02:46:43,deribit,ETH,ETH-25DEC26-6500-C,2026-12-25,6500,call,0.000483,0.0005,0.0008,70.62,,,,,1765.0,0.0,1900.96
2026-08-12 02:46:43,deribit,ETH,ETH-28AUG26-1000-P,2026-08-28,1000,put,3.1e-05,,0.0001,95.08,,,,,2979.0,0.0,1885.07
2026-08-12 02:46:43,deribit,ETH,ETH-26MAR27-3800-C,2027-03-26,3800,call,0.018216,0.0175,0.019,57.7,,,,,1161.0,1.0,1918.99
2026-08-12 02:46:43,deribit,ETH,ETH-25SEP26-1500-P,2026-09-25,1500,put,0.010486,0.01,0.011,56.6,,,,,12708.0,24.0,1888.06
2026-08-12 02:46:43,deribit,ETH,ETH-25DEC26-2400-P,2026-12-25,2400,put,0.312162,0.3065,0.317,53.08,,,,,1716.0,0.0,1900.96
2026-08-12 02:46:43,deribit,ETH,ETH-25SEP26-1950-P,2026-09-25,1950,put,0.085862,0.085,0.0865,48.39,,,,,132.0,42.0,1888.05
2026-08-12 02:46:43,deribit,ETH,ETH-14AUG26-1900-C,2026-08-14,1900,call,0.007284,0.007,0.008,35.57,,,,,2064.0,52.0,1883.55
2026-08-12 02:46:43,deribit,ETH,ETH-30OCT26-3200-P,2026-10-30,3200,put,0.693772,,,56.95,,,,,0.0,0.0,1892.7
2026-08-12 02:46:43,deribit,ETH,ETH-30OCT26-1400-P,2026-10-30,1400,put,0.016216,0.0155,0.017,59.0,,,,,2633.0,26.0,1892.7
2026-08-12 02:46:43,deribit,ETH,ETH-26MAR27-2300-P,2027-03-26,2300,put,0.304104,0.301,0.3075,55.15,,,,,1583.0,0.0,1918.99
2026-08-12 02:46:43,deribit,ETH,ETH-15AUG26-1800-P,2026-08-15,1800,put,0.002356,0.0021,0.0026,41.85,,,,,7.0,7.0,1883.67
2026-08-12 02:46:43,deribit,ETH,ETH-26MAR27-1700-P,2027-03-26,1700,put,0.115346,0.1145,0.1165,56.66,,,,,1511.0,0.0,1918.99
2026-08-12 02:46:43,deribit,ETH,ETH-15AUG26-1920-P,2026-08-15,1920,put,0.025569,0.0235,0.028,36.59,,,,,0.0,0.0,1883.65
2026-08-12 02:46:43,deribit,ETH,ETH-25SEP26-12000-C,2026-09-25,12000,call,0.0,,0.0002,115.57,,,,,1341.0,0.0,1888.06
2026-08-12 02:46:43,deribit,ETH,ETH-25JUN27-2900-P,2027-06-25,2900,put,0.577891,0.572,0.6115,56.69,,,,,3.0,0.0,1937.68
2026-08-12 02:46:43,deribit,ETH,ETH-14AUG26-1860-C,2026-08-14,1860,call,0.018752,0.0165,0.0205,36.99,,,,,170.0,60.0,1883.55
2026-08-12 02:46:43,deribit,ETH,ETH-30OCT26-2150-C,2026-10-30,2150,call,0.04666,0.046,0.047,50.73,,,,,758.0,0.0,1892.71
2026-08-12 02:46:43,deribit,ETH,ETH-28AUG26-1400-C,2026-08-28,1400,call,0.258163,0.253,0.2615,67.9,,,,,100.0,0.0,1885.06
2026-08-12 02:46:43,deribit,ETH,ETH-28AUG26-2800-C,2026-08-28,2800,call,0.000143,,0.0003,67.63,,,,,5427.0,2.0,1885.07
2026-08-12 02:46:43,deribit,ETH,ETH-26MAR27-4200-P,2027-03-26,4200,put,1.201132,1.182,1.2875,58.74,,,,,1.0,0.0,1918.99
2026-08-12 02:46:43,deribit,ETH,ETH-13AUG26-1780-C,2026-08-13,1780,call,0.055201,0.0001,,50.8,,,,,0.0,0.0,1883.4
2026-08-12 02:46:43,deribit,ETH,ETH-25SEP26-5800-C,2026-09-25,5800,call,9.3e-05,,0.0002,99.33,,,,,4885.0,0.0,1888.06
2026-08-12 02:46:43,deribit,ETH,ETH-25DEC26-1900-C,2026-12-25,1900,call,0.129536,0.1285,0.13,53.49,,,,,3865.0,6.0,1900.94
2026-08-12 02:46:43,deribit,ETH,ETH-26MAR27-1000-P,2027-03-26,1000,put,0.019491,0.019,0.02,67.11,,,,,7536.0,0.0,1918.99
2026-08-12 02:46:43,deribit,ETH,ETH-25JUN27-3500-P,2027-06-25,3500,put,0.853911,0.8355,0.8775,57.36,,,,,303.0,0.0,1937.67
2026-08-12 02:46:43,deribit,ETH,ETH-28AUG26-1750-C,2026-08-28,1750,call,0.083635,0.0805,0.0855,46.15,,,,,4211.0,0.0,1885.07
2026-08-12 02:46:43,deribit,ETH,ETH-30OCT26-1750-C,2026-10-30,1750,call,0.135587,0.133,0.1375,52.19,,,,,102.0,0.0,1892.71
2026-08-12 02:46:43,deribit,ETH,ETH-13AUG26-2040-P,2026-08-13,2040,put,0.083194,0.0001,,53.83,,,,,0.0,0.0,1883.4
2026-08-12 02:46:43,deribit,ETH,ETH-30OCT26-1750-P,2026-10-30,1750,put,0.060187,0.0595,0.061,52.19,,,,,343.0,0.0,1892.7
2026-08-12 02:46:43,deribit,ETH,ETH-15AUG26-1720-C,2026-08-15,1720,call,0.087515,0.0815,0.0925,52.95,,,,,0.0,0.0,1883.65
2026-08-12 02:46:43,deribit,ETH,ETH-25JUN27-3400-C,2027-06-25,3400,call,0.052008,0.051,0.053,57.28,,,,,205.0,5.0,1937.67
2026-08-12 02:46:43,deribit,ETH,ETH-26MAR27-2800-P,2027-03-26,2800,put,0.514757,0.5055,0.58,55.47,,,,,12.0,0.0,1919.0
2026-08-12 02:46:43,deribit,ETH,ETH-13AUG26-2060-P,2026-08-13,2060,put,0.093805,0.0001,,58.58,,,,,0.0,0.0,1883.4
2026-08-12 02:46:43,deribit,ETH,ETH-25DEC26-2400-C,2026-12-25,2400,call,0.049635,0.049,0.05,53.08,,,,,12157.0,0.0,1900.94
2026-08-12 02:46:43,deribit,ETH,ETH-21AUG26-2200-C,2026-08-21,2200,call,0.000694,0.0006,0.0008,48.57,,,,,1617.0,43.0,1884.29
2026-08-12 02:46:43,deribit,ETH,ETH-25DEC26-1700-P,2026-12-25,1700,put,0.079552,0.079,0.08,54.83,,,,,13928.0,2.0,1900.96
2026-08-12 02:46:43,deribit,ETH,ETH-25SEP26-8500-P,2026-09-25,8500,put,3.501977,,,99.33,,,,,0.0,0.0,1888.06
2026-08-12 02:46:43,deribit,ETH,ETH-30OCT26-1500-P,2026-10-30,1500,put,0.023974,0.0235,0.0245,56.36,,,,,1499.0,54.0,1892.7
2026-08-12 02:46:43,deribit,ETH,ETH-15AUG26-1840-P,2026-08-15,1840,put,0.005476,0.005,0.006,38.22,,,,,233.0,233.0,1883.65
2026-08-12 02:46:43,deribit,ETH,ETH-13AUG26-2060-C,2026-08-13,2060,call,4.4e-05,,0.0001,58.58,,,,,1030.0,1001.0,1883.4
2026-08-12 02:46:43,deribit,ETH,ETH-25SEP26-2400-C,2026-09-25,2400,call,0.007647,0.0075,0.008,50.21,,,,,12763.0,738.0,1888.06
2026-08-12 02:46:43,deribit,ETH,ETH-26MAR27-2900-C,2027-03-26,2900,call,0.049247,0.0485,0.05,55.64,,,,,1948.0,0.0,1919.0
2026-08-12 02:46:43,deribit,ETH,ETH-25DEC26-6000-C,2026-12-25,6000,call,0.000723,0.0006,0.001,69.34,,,,,10395.0,7.0,1900.96
2026-08-12 02:46:43,deribit,ETH,ETH-30OCT26-2800-P,2026-10-30,2800,put,0.487181,0.475,0.5325,53.99,,,,,0.0,0.0,1892.7
2026-08-12 02:46:43,deribit,ETH,ETH-25JUN27-2200-P,2027-06-25,2200,put,0.296369,0.2945,0.3,56.67,,,,,111.0,0.0,1937.67
2026-08-12 02:46:43,deribit,ETH,ETH-28AUG26-1650-C,2026-08-28,1650,call,0.129881,0.1265,0.132,50.95,,,,,1604.0,0.0,1885.07
2026-08-12 02:46:43,deribit,ETH,ETH-28AUG26-1100-C,2026-08-28,1100,call,0.416602,0.4125,0.419,93.2,,,,,50.0,0.0,1885.06
2026-08-12 02:46:43,deribit,ETH,ETH-25JUN27-800-C,2027-06-25,800,call,0.603871,0.6025,0.6055,70.45,,,,,117.0,0.0,1937.67
2026-08-12 02:46:43,deribit,ETH,ETH-21AUG26-1600-P,2026-08-21,1600,put,0.001037,0.0009,0.0012,55.76,,,,,3145.0,74.0,1884.29
