snapshot_utc,exchange,underlying,instrument,expiry,strike,type,mark_price,bid,ask,mark_iv,delta,gamma,vega,theta,open_interest,volume_24h,underlying_price
2026-08-23 02:01:01,deribit,BTC,BTC-25JUN27-150000-P,2027-06-25,150000,put,0.88891574,0.8805,0.9045,45.46,,,,,0.1,0.0,80090.9
2026-08-23 02:01:01,deribit,BTC,BTC-25SEP26-120000-P,2026-09-25,120000,put,0.55010621,0.545,0.5545,62.6,,,,,174.5,0.0,77450.88
2026-08-23 02:01:01,deribit,BTC,BTC-28AUG26-94000-C,2026-08-28,94000,call,0.0002683,0.0002,0.0003,68.91,,,,,274.9,6.0,77251.38
2026-08-23 02:01:01,deribit,BTC,BTC-25JUN27-125000-P,2027-06-25,125000,put,0.59303737,0.585,0.599,43.43,,,,,0.0,0.0,80090.77
2026-08-23 02:01:01,deribit,BTC,BTC-28AUG26-96000-C,2026-08-28,96000,call,0.00017652,0.0001,0.0003,71.68,,,,,160.6,0.4,77251.38
2026-08-23 02:01:01,deribit,BTC,BTC-30OCT26-84000-P,2026-10-30,84000,put,0.11980904,0.1185,0.121,40.73,,,,,0.7,0.0,77774.86
2026-08-23 02:01:01,deribit,BTC,BTC-26MAR27-82000-C,2027-03-26,82000,call,0.11369671,0.1125,0.115,42.06,,,,,967.8,1.0,79212.12
2026-08-23 02:01:01,deribit,BTC,BTC-30OCT26-67000-C,2026-10-30,67000,call,0.15947919,0.157,0.162,43.25,,,,,109.3,0.0,77774.73
2026-08-23 02:01:01,deribit,BTC,BTC-25SEP26-55000-C,2026-09-25,55000,call,0.29171082,0.2895,0.2945,60.66,,,,,143.7,0.0,77450.96
2026-08-23 02:01:01,deribit,BTC,BTC-24AUG26-67500-C,2026-08-24,67500,call,0.12555582,0.1225,0.1285,75.5,,,,,0.0,0.0,77186.5
2026-08-23 02:01:01,deribit,BTC,BTC-26AUG26-73000-P,2026-08-26,73000,put,0.0019711,0.0018,0.0021,46.26,,,,,0.3,0.3,77223.08
2026-08-23 02:01:01,deribit,BTC,BTC-25JUN27-88000-C,2027-06-25,88000,call,0.1158494,0.114,0.1175,42.11,,,,,8.3,0.0,80090.9
2026-08-23 02:01:01,deribit,BTC,BTC-25DEC26-74000-P,2026-12-25,74000,put,0.07016384,0.0695,0.071,42.35,,,,,121.9,0.1,78384.86
2026-08-23 02:01:01,deribit,BTC,BTC-25JUN27-45000-C,2027-06-25,45000,call,0.45543852,0.4535,0.457,50.42,,,,,0.5,0.0,80090.9
2026-08-23 02:01:01,deribit,BTC,BTC-25SEP26-74000-C,2026-09-25,74000,call,0.07307625,0.0725,0.0745,40.36,,,,,1620.9,1.7,77450.88
2026-08-23 02:01:01,deribit,BTC,BTC-25JUN27-54000-C,2027-06-25,54000,call,0.3594855,0.3565,0.3615,46.83,,,,,0.9,0.0,80090.9
2026-08-23 02:01:01,deribit,BTC,BTC-26AUG26-77000-C,2026-08-26,77000,call,0.01771583,0.017,0.0185,43.11,,,,,0.1,0.1,77223.06
2026-08-23 02:01:01,deribit,BTC,BTC-25DEC26-84000-C,2026-12-25,84000,call,0.06832322,0.0675,0.0685,41.63,,,,,1204.0,55.1,78383.08
2026-08-23 02:01:01,deribit,BTC,BTC-25AUG26-76000-C,2026-08-25,76000,call,0.02280367,0.0215,0.024,43.47,,,,,0.4,0.0,77207.85
2026-08-23 02:01:01,deribit,BTC,BTC-28AUG26-98000-C,2026-08-28,98000,call,0.00013968,,0.0002,75.66,,,,,240.3,3.1,77251.38
2026-08-23 02:01:01,deribit,BTC,BTC-25SEP26-54000-P,2026-09-25,54000,put,0.00168323,0.0015,0.0019,62.51,,,,,632.2,0.9,77450.88
2026-08-23 02:01:01,deribit,BTC,BTC-4SEP26-60000-C,2026-09-04,60000,call,0.22438955,0.2225,0.2275,64.45,,,,,0.4,0.0,77295.53
2026-08-23 02:01:01,deribit,BTC,BTC-25DEC26-104000-C,2026-12-25,104000,call,0.0194276,0.019,0.02,43.52,,,,,86.8,2.0,78383.08
2026-08-23 02:01:01,deribit,BTC,BTC-25SEP26-155000-P,2026-09-25,155000,put,1.0013637,0.9945,1.0075,79.83,,,,,0.1,0.0,77450.88
2026-08-23 02:01:01,deribit,BTC,BTC-4SEP26-78000-P,2026-09-04,78000,put,0.03509302,0.0345,0.0355,41.35,,,,,39.8,2.0,77295.4
2026-08-23 02:01:01,deribit,BTC,BTC-25SEP26-105000-C,2026-09-25,105000,call,0.00210839,0.0018,0.0023,53.28,,,,,1209.0,0.6,77450.88
2026-08-23 02:01:01,deribit,BTC,BTC-30OCT26-90000-P,2026-10-30,90000,put,0.18000529,0.176,0.183,41.7,,,,,0.4,0.3,77774.73
2026-08-23 02:01:01,deribit,BTC,BTC-25JUN27-105000-P,2027-06-25,105000,put,0.37393323,0.367,0.3815,42.35,,,,,0.1,0.0,80090.77
2026-08-23 02:01:01,deribit,BTC,BTC-24AUG26-78000-C,2026-08-24,78000,call,0.0055357,0.005,0.006,42.23,,,,,101.2,48.0,77186.5
2026-08-23 02:01:01,deribit,BTC,BTC-24AUG26-69500-P,2026-08-24,69500,put,7.694e-05,,0.0002,71.46,,,,,31.1,0.0,77186.5
2026-08-23 02:01:01,deribit,BTC,BTC-25SEP26-82000-P,2026-09-25,82000,put,0.08510981,0.084,0.0865,40.73,,,,,195.1,0.2,77450.88
2026-08-23 02:01:01,deribit,BTC,BTC-26MAR27-112000-P,2027-03-26,112000,put,0.44381308,0.438,0.449,43.19,,,,,0.1,0.0,79212.12
2026-08-23 02:01:01,deribit,BTC,BTC-25DEC26-58000-C,2026-12-25,58000,call,0.27696582,0.2745,0.2795,47.7,,,,,40.3,0.0,78383.08
2026-08-23 02:01:01,deribit,BTC,BTC-28AUG26-65000-P,2026-08-28,65000,put,0.00045359,0.0004,0.0005,67.88,,,,,2358.6,30.7,77251.38
2026-08-23 02:01:01,deribit,BTC,BTC-30OCT26-79000-C,2026-10-30,79000,call,0.06283171,0.0625,0.0635,40.55,,,,,84.2,2.8,77774.86
2026-08-23 02:01:01,deribit,BTC,BTC-4SEP26-62000-P,2026-09-04,62000,put,0.00089077,0.0008,0.001,60.79,,,,,901.4,0.0,77295.4
2026-08-23 02:01:01,deribit,BTC,BTC-25SEP26-66000-P,2026-09-25,66000,put,0.0075435,0.007,0.008,45.36,,,,,1687.4,39.8,77450.88
2026-08-23 02:01:01,deribit,BTC,BTC-25JUN27-90000-C,2027-06-25,90000,call,0.10775822,0.106,0.1095,42.09,,,,,232.8,148.3,80090.77
2026-08-23 02:01:01,deribit,BTC,BTC-25SEP26-79000-C,2026-09-25,79000,call,0.0394588,0.039,0.04,40.14,,,,,44.2,2.1,77450.88
2026-08-23 02:01:01,deribit,BTC,BTC-23AUG26-69000-C,2026-08-23,69000,call,0.10578395,0.1045,0.107,84.84,,,,,672.2,0.0,77155.74
2026-08-23 02:01:01,deribit,BTC,BTC-28AUG26-90000-P,2026-08-28,90000,put,0.16544292,0.162,0.169,60.73,,,,,11.1,0.3,77251.38
2026-08-23 02:01:01,deribit,BTC,BTC-26MAR27-78000-C,2027-03-26,78000,call,0.13565171,0.134,0.137,42.24,,,,,551.5,4.5,79212.12
2026-08-23 02:01:01,deribit,BTC,BTC-25SEP26-85000-P,2026-09-25,85000,put,0.11495213,0.112,0.118,41.62,,,,,453.8,0.0,77450.88
2026-08-23 02:01:01,deribit,BTC,BTC-25DEC26-95000-P,2026-12-25,95000,put,0.24562211,0.2425,0.249,42.25,,,,,85.9,0.0,78383.08
2026-08-23 02:01:01,deribit,BTC,BTC-25AUG26-77500-P,2026-08-25,77500,put,0.01572114,0.015,0.0165,43.97,,,,,227.7,19.7,77207.73
2026-08-23 02:01:01,deribit,BTC,BTC-11SEP26-72000-C,2026-09-11,72000,call,0.08115002,0.08,0.0825,41.55,,,,,147.9,0.5,77341.64
2026-08-23 02:01:01,deribit,BTC,BTC-25AUG26-87000-C,2026-08-25,87000,call,0.00028435,0.0002,0.0004,69.19,,,,,5.7,1.0,77207.85
2026-08-23 02:01:01,deribit,BTC,BTC-25SEP26-125000-P,2026-09-25,125000,put,0.61447683,0.6095,0.6195,65.43,,,,,21.8,0.0,77450.88
2026-08-23 02:01:01,deribit,BTC,BTC-11SEP26-65000-C,2026-09-11,65000,call,0.16226383,0.16,0.1655,48.8,,,,,0.0,0.0,77343.42
2026-08-23 02:01:01,deribit,BTC,BTC-4SEP26-72000-C,2026-09-04,72000,call,0.07613343,0.0735,0.079,42.93,,,,,613.2,0.4,77295.53
2026-08-23 02:01:01,deribit,BTC,BTC-25JUN27-55000-P,2027-06-25,55000,put,0.03607518,0.035,0.0375,46.49,,,,,36.3,0.0,80090.9
2026-08-23 02:01:01,deribit,BTC,BTC-26AUG26-81000-P,2026-08-26,81000,put,0.052434,0.0485,0.0555,48.56,,,,,0.0,0.0,77223.21
2026-08-23 02:01:01,deribit,BTC,BTC-28AUG26-75000-P,2026-08-28,75000,put,0.00906167,0.0085,0.0095,43.33,,,,,571.7,10.7,77251.45
2026-08-23 02:01:01,deribit,BTC,BTC-23AUG26-63500-C,2026-08-23,63500,call,0.17706204,0.175,0.179,94.31,,,,,0.0,0.0,77155.74
2026-08-23 02:01:01,deribit,BTC,BTC-26MAR27-96000-C,2027-03-26,96000,call,0.05998265,0.0585,0.0615,42.04,,,,,153.4,3.7,79212.12
2026-08-23 02:01:01,deribit,BTC,BTC-4SEP26-64000-C,2026-09-04,64000,call,0.17325882,0.171,0.1755,56.05,,,,,265.5,0.0,77295.4
2026-08-23 02:01:01,deribit,BTC,BTC-30OCT26-60000-C,2026-10-30,60000,call,0.23763962,0.235,0.2405,47.82,,,,,14.5,0.0,77774.73
2026-08-23 02:01:01,deribit,BTC,BTC-23AUG26-61000-C,2026-08-23,61000,call,0.20943146,0.207,0.2115,95.16,,,,,0.0,0.0,77155.8
2026-08-23 02:01:01,deribit,BTC,BTC-23AUG26-79500-C,2026-08-23,79500,call,3.932e-05,,0.0001,48.38,,,,,63.9,63.9,77155.74
2026-08-23 02:01:01,deribit,BTC,BTC-26AUG26-72000-P,2026-08-26,72000,put,0.00117483,0.001,0.0013,48.26,,,,,1.3,1.3,77223.08
2026-08-23 02:01:01,deribit,BTC,BTC-28AUG26-77000-C,2026-08-28,77000,call,0.02241564,0.0215,0.023,43.35,,,,,641.2,11.1,77251.38
2026-08-23 02:01:01,deribit,BTC,BTC-30OCT26-76000-P,2026-10-30,76000,put,0.05846275,0.058,0.059,40.69,,,,,27.1,3.2,77774.86
2026-08-23 02:01:01,deribit,BTC,BTC-30OCT26-45000-C,2026-10-30,45000,call,0.42359141,0.4215,0.4255,65.41,,,,,0.1,0.0,77774.73
2026-08-23 02:01:01,deribit,BTC,BTC-30OCT26-66000-C,2026-10-30,66000,call,0.16999332,0.168,0.1725,43.8,,,,,160.5,0.0,77774.73
2026-08-23 02:01:01,deribit,BTC,BTC-28AUG26-82000-P,2026-08-28,82000,put,0.06611029,0.0635,0.069,48.38,,,,,1.5,1.0,77251.38
2026-08-23 02:01:01,deribit,BTC,BTC-30OCT26-58000-C,2026-10-30,58000,call,0.26158298,0.259,0.2645,49.66,,,,,0.0,0.0,77774.73
2026-08-23 02:01:01,deribit,BTC,BTC-25DEC26-70000-P,2026-12-25,70000,put,0.05054182,0.0495,0.0515,43.08,,,,,1174.0,0.3,78383.08
2026-08-23 02:01:01,deribit,BTC,BTC-30OCT26-90000-C,2026-10-30,90000,call,0.02287838,0.0225,0.0235,41.7,,,,,272.0,65.2,77774.73
2026-08-23 02:01:01,deribit,BTC,BTC-25DEC26-125000-C,2026-12-25,125000,call,0.00671113,0.006,0.0075,47.65,,,,,600.0,0.0,78383.08
2026-08-23 02:01:01,deribit,BTC,BTC-23AUG26-84000-P,2026-08-23,84000,put,0.08861101,0.085,0.092,81.37,,,,,0.0,0.0,77155.82
2026-08-23 02:01:01,deribit,BTC,BTC-25JUN27-40000-P,2027-06-25,40000,put,0.01175933,0.011,0.0125,53.26,,,,,1196.9,1.2,80090.9
2026-08-23 02:01:01,deribit,BTC,BTC-30OCT26-94000-P,2026-10-30,94000,put,0.22455679,0.2205,0.2285,42.66,,,,,0.0,0.0,77774.73
2026-08-23 02:01:01,deribit,BTC,BTC-25SEP26-140000-C,2026-09-25,140000,call,0.00036939,0.0003,0.0005,73.94,,,,,1207.4,0.0,77450.88
2026-08-23 02:01:01,deribit,BTC,BTC-24AUG26-67000-C,2026-08-24,67000,call,0.13202871,0.129,0.1345,76.79,,,,,0.0,0.0,77186.5
2026-08-23 02:01:01,deribit,BTC,BTC-24AUG26-79500-C,2026-08-24,79500,call,0.00201331,0.0018,0.0022,46.93,,,,,28.3,15.8,77186.5
2026-08-23 02:01:01,deribit,BTC,BTC-25DEC26-100000-C,2026-12-25,100000,call,0.02465805,0.024,0.0255,42.89,,,,,4181.3,21.6,78384.86
2026-08-23 02:01:01,deribit,BTC,BTC-24AUG26-85000-C,2026-08-24,85000,call,0.00014269,0.0001,0.0002,70.53,,,,,20.9,2.8,77186.5
2026-08-23 02:01:01,deribit,BTC,BTC-26MAR27-62000-P,2027-03-26,62000,put,0.04238787,0.0415,0.0435,44.87,,,,,329.8,2.7,79212.12
2026-08-23 02:01:01,deribit,BTC,BTC-25SEP26-102000-P,2026-09-25,102000,put,0.31961991,0.3155,0.3245,51.47,,,,,0.4,0.0,77450.88
2026-08-23 02:01:01,deribit,BTC,BTC-28AUG26-59000-C,2026-08-28,59000,call,0.23649354,0.234,0.2385,88.84,,,,,213.0,0.0,77251.38
2026-08-23 02:01:01,deribit,BTC,BTC-4SEP26-85000-P,2026-09-04,85000,put,0.10527053,0.1015,0.108,45.77,,,,,60.0,0.0,77295.4
2026-08-23 02:01:01,deribit,BTC,BTC-24AUG26-63000-C,2026-08-24,63000,call,0.18383922,0.181,0.186,77.79,,,,,0.0,0.0,77186.5
2026-08-23 02:01:01,deribit,BTC,BTC-23AUG26-59000-P,2026-08-23,59000,put,0.0,,0.0001,95.24,,,,,29.0,0.0,77155.74
2026-08-23 02:01:01,deribit,BTC,BTC-24AUG26-74500-P,2026-08-24,74500,put,0.00096311,0.0009,0.0011,43.89,,,,,136.7,48.4,77186.5
2026-08-23 02:01:01,deribit,BTC,BTC-11SEP26-76000-C,2026-09-11,76000,call,0.0459896,0.045,0.0465,40.37,,,,,114.6,0.2,77343.42
2026-08-23 02:01:01,deribit,BTC,BTC-25AUG26-80500-C,2026-08-25,80500,call,0.00296734,0.0028,0.0032,50.01,,,,,0.2,0.2,77207.73
2026-08-23 02:01:01,deribit,BTC,BTC-25AUG26-73500-P,2026-08-25,73500,put,0.0015436,0.0014,0.0016,47.22,,,,,18.2,14.2,77207.73
2026-08-23 02:01:01,deribit,BTC,BTC-25JUN27-94000-P,2027-06-25,94000,put,0.26683377,0.265,0.271,42.1,,,,,0.1,0.0,80090.77
2026-08-23 02:01:01,deribit,BTC,BTC-25DEC26-58000-P,2026-12-25,58000,put,0.01690482,0.0165,0.0175,47.7,,,,,1972.2,1.7,78383.08
2026-08-23 02:01:01,deribit,BTC,BTC-26AUG26-78000-P,2026-08-26,78000,put,0.02202789,0.0215,0.023,43.8,,,,,0.0,0.0,77223.08
2026-08-23 02:01:01,deribit,BTC,BTC-11SEP26-81000-P,2026-09-11,81000,put,0.06707766,0.066,0.068,41.57,,,,,0.0,0.0,77341.64
2026-08-23 02:01:01,deribit,BTC,BTC-30OCT26-100000-P,2026-10-30,100000,put,0.29564642,0.291,0.2995,44.71,,,,,0.0,0.0,77774.73
2026-08-23 02:01:01,deribit,BTC,BTC-11SEP26-85000-P,2026-09-11,85000,put,0.10889759,0.105,0.1115,43.88,,,,,30.1,0.0,77341.64
2026-08-23 02:01:01,deribit,BTC,BTC-23AUG26-73500-C,2026-08-23,73500,call,0.04747797,0.046,0.049,66.23,,,,,13.5,0.0,77155.74
2026-08-23 02:01:01,deribit,BTC,BTC-28AUG26-105000-P,2026-08-28,105000,put,0.35912316,0.3555,0.3635,84.17,,,,,0.4,0.0,77251.38
2026-08-23 02:01:01,deribit,BTC,BTC-25DEC26-220000-C,2026-12-25,220000,call,0.00075477,0.0005,0.0011,66.34,,,,,260.4,0.6,78384.86
2026-08-23 02:01:01,deribit,BTC,BTC-26MAR27-80000-C,2027-03-26,80000,call,0.12421496,0.123,0.1255,42.12,,,,,948.3,2.2,79212.12
2026-08-23 02:01:01,deribit,BTC,BTC-25SEP26-77000-C,2026-09-25,77000,call,0.05091732,0.0505,0.0515,39.94,,,,,183.7,132.4,77450.88
2026-08-23 02:01:01,deribit,BTC,BTC-25SEP26-175000-P,2026-09-25,175000,put,1.25951965,1.2475,1.2675,89.14,,,,,3.3,0.0,77450.88
2026-08-23 02:01:01,deribit,BTC,BTC-25DEC26-56000-P,2026-12-25,56000,put,0.01404619,0.0135,0.0145,48.91,,,,,480.2,0.7,78383.08
2026-08-23 02:01:01,deribit,BTC,BTC-25SEP26-75000-P,2026-09-25,75000,put,0.03336739,0.033,0.034,40.15,,,,,3507.0,390.1,77450.88
2026-08-23 02:01:01,deribit,BTC,BTC-25AUG26-78500-P,2026-08-25,78500,put,0.02420315,0.023,0.025,45.51,,,,,8.1,8.0,77207.73
2026-08-23 02:01:01,deribit,BTC,BTC-24AUG26-76000-C,2026-08-24,76000,call,0.01910473,0.018,0.02,40.84,,,,,214.1,0.5,77186.5
2026-08-23 02:01:01,deribit,BTC,BTC-25DEC26-140000-C,2026-12-25,140000,call,0.00397715,0.0037,0.004,51.31,,,,,1420.6,20.1,78384.86
2026-08-23 02:01:01,deribit,BTC,BTC-30OCT26-71000-C,2026-10-30,71000,call,0.12082101,0.1195,0.1215,41.67,,,,,278.5,0.7,77774.73
2026-08-23 02:01:01,deribit,BTC,BTC-23AUG26-74000-P,2026-08-23,74000,put,1.591e-05,,0.0001,59.24,,,,,40.6,30.6,77155.82
2026-08-23 02:01:01,deribit,BTC,BTC-25AUG26-75000-C,2026-08-25,75000,call,0.0324889,0.0315,0.0335,44.06,,,,,25.4,0.0,77207.73
2026-08-23 02:01:01,deribit,BTC,BTC-23AUG26-60000-P,2026-08-23,60000,put,0.0,,0.0001,95.24,,,,,14.6,0.0,77155.74
2026-08-23 02:01:01,deribit,BTC,BTC-25SEP26-90000-C,2026-09-25,90000,call,0.00918357,0.0085,0.0095,43.93,,,,,3878.8,194.0,77450.88
2026-08-23 02:01:01,deribit,BTC,BTC-25SEP26-73000-C,2026-09-25,73000,call,0.08170503,0.081,0.083,40.67,,,,,3.5,0.1,77451.01
2026-08-23 02:01:01,deribit,BTC,BTC-25DEC26-76000-P,2026-12-25,76000,put,0.0817743,0.081,0.0825,42.09,,,,,148.9,1.5,78383.08
2026-08-23 02:01:01,deribit,BTC,BTC-25DEC26-250000-C,2026-12-25,250000,call,0.0005025,0.0003,0.0008,70.35,,,,,1273.2,0.1,78383.08
2026-08-23 02:01:01,deribit,BTC,BTC-25JUN27-85000-C,2027-06-25,85000,call,0.1292124,0.1275,0.131,42.21,,,,,143.1,0.4,80090.77
2026-08-23 02:01:01,deribit,BTC,BTC-25JUN27-45000-P,2027-06-25,45000,put,0.01725353,0.016,0.0185,50.42,,,,,159.3,0.0,80090.9
2026-08-23 02:01:01,deribit,BTC,BTC-25JUN27-106000-C,2027-06-25,106000,call,0.06090655,0.0595,0.0625,42.4,,,,,0.0,0.0,80090.9
2026-08-23 02:01:01,deribit,BTC,BTC-26MAR27-70000-C,2027-03-26,70000,call,0.19044154,0.189,0.192,43.11,,,,,798.1,0.1,79212.12
2026-08-23 02:01:01,deribit,BTC,BTC-23AUG26-69500-C,2026-08-23,69500,call,0.09930412,0.098,0.1005,84.84,,,,,49.8,0.1,77155.74
2026-08-23 02:01:01,deribit,BTC,BTC-24AUG26-76500-P,2026-08-24,76500,put,0.00561705,0.005,0.006,40.55,,,,,227.3,204.7,77186.5
2026-08-23 02:01:01,deribit,BTC,BTC-23AUG26-63000-P,2026-08-23,63000,put,0.0,,0.0001,94.31,,,,,6.6,0.0,77155.74
2026-08-23 02:01:01,deribit,BTC,BTC-25AUG26-79000-P,2026-08-25,79000,put,0.02907802,0.028,0.03,46.46,,,,,2.7,0.0,77207.73
2026-08-23 02:01:01,deribit,BTC,BTC-30OCT26-40000-P,2026-10-30,40000,put,0.00123788,0.001,0.0015,71.54,,,,,72.8,10.5,77774.73
2026-08-23 02:01:01,deribit,BTC,BTC-11SEP26-95000-P,2026-09-11,95000,put,0.23066144,0.226,0.2345,52.36,,,,,0.0,0.0,77343.42
2026-08-23 02:01:01,deribit,BTC,BTC-28AUG26-88000-C,2026-08-28,88000,call,0.0008431,0.0007,0.0009,57.55,,,,,632.8,83.6,77251.38
2026-08-23 02:01:01,deribit,BTC,BTC-24AUG26-75000-P,2026-08-24,75000,put,0.00150315,0.0013,0.0017,42.54,,,,,321.3,51.5,77186.5
2026-08-23 02:01:01,deribit,BTC,BTC-25AUG26-81000-P,2026-08-25,81000,put,0.05140374,0.0485,0.0545,51.36,,,,,0.0,0.0,77207.73
2026-08-23 02:01:01,deribit,BTC,BTC-28AUG26-55000-P,2026-08-28,55000,put,0.00014462,0.0001,0.0002,107.73,,,,,1170.6,0.0,77251.38
2026-08-23 02:01:01,deribit,BTC,BTC-11SEP26-67000-P,2026-09-11,67000,put,0.00395194,0.0039,0.0041,46.04,,,,,20.4,0.1,77341.64
2026-08-23 02:01:01,deribit,BTC,BTC-25JUN27-115000-P,2027-06-25,115000,put,0.48064819,0.4735,0.4885,42.86,,,,,0.0,0.0,80090.77
2026-08-23 02:01:01,deribit,BTC,BTC-24AUG26-71500-C,2026-08-24,71500,call,0.07390291,0.0715,0.0765,60.32,,,,,4.2,0.0,77186.5
2026-08-23 02:01:01,deribit,BTC,BTC-26AUG26-82000-P,2026-08-26,82000,put,0.06420872,0.0605,0.0675,50.51,,,,,0.0,0.0,77223.21
2026-08-23 02:01:01,deribit,BTC,BTC-30OCT26-95000-P,2026-10-30,95000,put,0.23621442,0.232,0.24,43.05,,,,,0.2,0.1,77774.73
2026-08-23 02:01:01,deribit,BTC,BTC-26MAR27-45000-P,2027-03-26,45000,put,0.01075612,0.01,0.011,52.31,,,,,262.1,0.2,79212.12
2026-08-23 02:01:01,deribit,BTC,BTC-26AUG26-86000-C,2026-08-26,86000,call,0.00064302,0.0005,0.0007,59.73,,,,,2.1,2.1,77223.21
2026-08-23 02:01:01,deribit,BTC,BTC-25DEC26-65000-P,2026-12-25,65000,put,0.03239893,0.0315,0.033,44.48,,,,,846.4,4.4,78384.86
2026-08-23 02:01:01,deribit,BTC,BTC-24AUG26-74000-C,2026-08-24,74000,call,0.04196259,0.04,0.0435,45.52,,,,,10.4,0.2,77186.5
2026-08-23 02:01:01,deribit,BTC,BTC-25AUG26-79000-C,2026-08-25,79000,call,0.00595505,0.0055,0.0065,46.46,,,,,31.1,5.0,77207.73
2026-08-23 02:01:01,deribit,BTC,BTC-11SEP26-90000-P,2026-09-11,90000,put,0.16816365,0.1645,0.1715,47.79,,,,,0.0,0.0,77341.64
2026-08-23 02:01:01,deribit,BTC,BTC-11SEP26-75000-P,2026-09-11,75000,put,0.02330797,0.023,0.024,40.44,,,,,32.3,0.2,77343.42
2026-08-23 02:01:01,deribit,BTC,BTC-4SEP26-71000-C,2026-09-04,71000,call,0.08709462,0.0845,0.09,43.52,,,,,931.5,0.0,77295.4
2026-08-23 02:01:01,deribit,BTC,BTC-28AUG26-63000-P,2026-08-28,63000,put,0.00028755,0.0002,0.0004,73.78,,,,,962.8,0.0,77251.38
2026-08-23 02:01:01,deribit,BTC,BTC-25JUN27-130000-C,2027-06-25,130000,call,0.02794021,0.0265,0.0295,43.83,,,,,705.6,0.0,80090.9
2026-08-23 02:01:01,deribit,BTC,BTC-11SEP26-64000-P,2026-09-11,64000,put,0.00224246,0.0021,0.0024,50.4,,,,,19.1,0.1,77341.64
2026-08-23 02:01:01,deribit,BTC,BTC-28AUG26-110000-P,2026-08-28,110000,put,0.42382362,0.4205,0.4275,91.08,,,,,0.2,0.0,77251.38
2026-08-23 02:01:01,deribit,BTC,BTC-25DEC26-40000-C,2026-12-25,40000,call,0.49327447,0.491,0.495,63.48,,,,,250.9,0.0,78383.08
2026-08-23 02:01:01,deribit,BTC,BTC-23AUG26-74500-C,2026-08-23,74500,call,0.03452786,0.033,0.036,52.38,,,,,23.5,0.0,77155.82
2026-08-23 02:01:01,deribit,BTC,BTC-23AUG26-71000-P,2026-08-23,71000,put,1.2e-07,,0.0001,78.87,,,,,72.9,30.1,77155.8
2026-08-23 02:01:01,deribit,BTC,BTC-25DEC26-135000-P,2026-12-25,135000,put,0.72729031,0.7215,0.733,50.74,,,,,0.7,0.0,78383.08
2026-08-23 02:01:01,deribit,BTC,BTC-26MAR27-105000-C,2027-03-26,105000,call,0.04006533,0.0385,0.0415,42.52,,,,,164.2,0.0,79212.12
2026-08-23 02:01:01,deribit,BTC,BTC-26MAR27-100000-P,2027-03-26,100000,put,0.31251137,0.3065,0.3165,42.24,,,,,12.1,0.0,79213.9
2026-08-23 02:01:01,deribit,BTC,BTC-28AUG26-58000-P,2026-08-28,58000,put,0.00016923,0.0001,0.0003,93.9,,,,,1253.3,0.0,77251.38
2026-08-23 02:01:01,deribit,BTC,BTC-28AUG26-81000-P,2026-08-28,81000,put,0.05483932,0.052,0.058,46.81,,,,,0.6,0.0,77251.38
2026-08-23 02:01:01,deribit,BTC,BTC-4SEP26-71000-P,2026-09-04,71000,put,0.00560027,0.0055,0.006,43.52,,,,,79.2,6.5,77295.4
2026-08-23 02:01:01,deribit,BTC,BTC-24AUG26-71500-P,2026-08-24,71500,put,0.00018066,0.0001,0.0003,60.32,,,,,30.4,0.2,77186.5
2026-08-23 02:01:01,deribit,BTC,BTC-25JUN27-130000-P,2027-06-25,130000,put,0.65096134,0.6435,0.6635,43.83,,,,,1.4,0.0,80090.9
2026-08-23 02:01:01,deribit,BTC,BTC-25DEC26-20000-P,2026-12-25,20000,put,0.00053672,0.0004,0.0007,93.65,,,,,318.3,0.2,78384.86
2026-08-23 02:01:01,deribit,BTC,BTC-30OCT26-74000-C,2026-10-30,74000,call,0.09590911,0.095,0.0965,41.0,,,,,200.4,0.3,77774.73
2026-08-23 02:01:01,deribit,BTC,BTC-11SEP26-72000-P,2026-09-11,72000,put,0.0120626,0.0115,0.0125,41.55,,,,,80.3,21.0,77343.42
2026-08-23 02:01:01,deribit,BTC,BTC-28AUG26-46000-P,2026-08-28,46000,put,1.066e-05,,0.0001,127.58,,,,,1450.0,0.3,77251.38
2026-08-23 02:01:01,deribit,BTC,BTC-23AUG26-65500-P,2026-08-23,65500,put,0.0,,0.0001,89.98,,,,,90.7,0.0,77155.82
2026-08-23 02:01:01,deribit,BTC,BTC-25JUN27-80000-C,2027-06-25,80000,call,0.1546189,0.153,0.156,42.44,,,,,104.8,1.4,80090.77
2026-08-23 02:01:01,deribit,BTC,BTC-26MAR27-140000-C,2027-03-26,140000,call,0.01120287,0.0105,0.012,46.65,,,,,790.2,1.0,79212.12
2026-08-23 02:01:01,deribit,BTC,BTC-24AUG26-87000-P,2026-08-24,87000,put,0.12715418,0.1245,0.13,79.05,,,,,0.0,0.0,77186.5
2026-08-23 02:01:01,deribit,BTC,BTC-25DEC26-62000-C,2026-12-25,62000,call,0.23365385,0.231,0.236,45.72,,,,,247.1,0.0,78383.08
2026-08-23 02:01:01,deribit,BTC,BTC-30OCT26-71000-P,2026-10-30,71000,put,0.03366556,0.033,0.034,41.67,,,,,30.4,0.0,77774.73
2026-08-23 02:01:01,deribit,BTC,BTC-25JUN27-82000-C,2027-06-25,82000,call,0.14385936,0.142,0.1455,42.3,,,,,60.6,0.2,80090.77
2026-08-23 02:01:01,deribit,BTC,BTC-25JUN27-110000-C,2027-06-25,110000,call,0.05294696,0.0515,0.0545,42.54,,,,,265.3,0.1,80090.9
2026-08-23 02:01:01,deribit,BTC,BTC-25SEP26-30000-C,2026-09-25,30000,call,0.61295479,0.612,0.6145,118.74,,,,,134.0,0.0,77450.88
2026-08-23 02:01:01,deribit,BTC,BTC-25JUN27-85000-P,2027-06-25,85000,put,0.19041852,0.188,0.193,42.21,,,,,6.8,0.0,80090.77
2026-08-23 02:01:01,deribit,BTC,BTC-26MAR27-108000-C,2027-03-26,108000,call,0.03535332,0.0345,0.0365,42.83,,,,,65.7,0.1,79213.9
2026-08-23 02:01:01,deribit,BTC,BTC-26AUG26-74500-C,2026-08-26,74500,call,0.03970741,0.0365,0.043,44.04,,,,,0.0,0.0,77223.21
2026-08-23 02:01:01,deribit,BTC,BTC-25JUN27-104000-C,2027-06-25,104000,call,0.06539259,0.064,0.0665,42.35,,,,,0.0,0.0,80090.77
2026-08-23 02:01:01,deribit,BTC,BTC-25SEP26-170000-C,2026-09-25,170000,call,0.00013783,,0.0002,86.33,,,,,354.9,9.6,77451.01
2026-08-23 02:01:01,deribit,BTC,BTC-25DEC26-60000-C,2026-12-25,60000,call,0.2549114,0.2525,0.2575,46.62,,,,,797.9,0.0,78383.08
2026-08-23 02:01:01,deribit,BTC,BTC-25SEP26-190000-P,2026-09-25,190000,put,1.45318906,1.44,1.462,97.48,,,,,0.0,0.0,77451.01
2026-08-23 02:01:01,deribit,BTC,BTC-25AUG26-77500-C,2026-08-25,77500,call,0.01202455,0.0115,0.0125,43.97,,,,,293.6,1.0,77207.73
2026-08-23 02:01:01,deribit,BTC,BTC-28AUG26-73000-C,2026-08-28,73000,call,0.05908546,0.0565,0.062,45.03,,,,,2060.0,3.1,77251.38
2026-08-23 02:01:01,deribit,BTC,BTC-25AUG26-86000-C,2026-08-25,86000,call,0.00038574,0.0003,0.0005,66.31,,,,,3.3,0.0,77207.85
2026-08-23 02:01:01,deribit,BTC,BTC-23AUG26-78000-P,2026-08-23,78000,put,0.01136371,0.01,0.013,33.82,,,,,53.7,2.7,77155.8
2026-08-23 02:01:01,deribit,BTC,BTC-26MAR27-55000-P,2027-03-26,55000,put,0.02456117,0.0235,0.0255,47.18,,,,,1248.8,11.1,79212.12
2026-08-23 02:01:01,deribit,BTC,BTC-25JUN27-150000-C,2027-06-25,150000,call,0.01619905,0.015,0.0175,45.46,,,,,104.2,1.1,80090.77
2026-08-23 02:01:01,deribit,BTC,BTC-25SEP26-58000-C,2026-09-25,58000,call,0.25371333,0.2515,0.2565,55.76,,,,,460.6,0.0,77450.88
2026-08-23 02:01:01,deribit,BTC,BTC-24AUG26-70500-P,2026-08-24,70500,put,0.00013412,,0.0002,67.14,,,,,21.4,5.5,77186.5
2026-08-23 02:01:01,deribit,BTC,BTC-30OCT26-54000-C,2026-10-30,54000,call,0.31052146,0.3085,0.313,53.73,,,,,0.1,0.0,77774.73
2026-08-23 02:01:01,deribit,BTC,BTC-28AUG26-59000-P,2026-08-28,59000,put,0.00016939,0.0001,0.0003,88.84,,,,,1135.1,0.0,77251.38
2026-08-23 02:01:01,deribit,BTC,BTC-25AUG26-79500-C,2026-08-25,79500,call,0.00477316,0.0045,0.0049,47.85,,,,,3.9,0.1,77207.73
2026-08-23 02:01:01,deribit,BTC,BTC-30OCT26-82000-P,2026-10-30,82000,put,0.10212145,0.1005,0.1045,40.55,,,,,1.1,0.0,77774.73
2026-08-23 02:01:01,deribit,BTC,BTC-26MAR27-106000-P,2027-03-26,106000,put,0.3768094,0.371,0.382,42.73,,,,,0.1,0.0,79212.12
2026-08-23 02:01:01,deribit,BTC,BTC-28AUG26-105000-C,2026-08-28,105000,call,3.902e-05,,0.0001,84.17,,,,,335.3,0.0,77251.38
2026-08-23 02:01:01,deribit,BTC,BTC-25SEP26-300000-P,2026-09-25,300000,put,2.87337043,2.851,2.89,139.72,,,,,0.0,0.0,77450.88
2026-08-23 02:01:01,deribit,BTC,BTC-28AUG26-48000-C,2026-08-28,48000,call,0.37873514,0.377,0.3805,127.52,,,,,37.8,0.0,77251.38
2026-08-23 02:01:01,deribit,BTC,BTC-25AUG26-77000-C,2026-08-25,77000,call,0.01504284,0.014,0.0155,43.52,,,,,23.9,1.0,77207.73
2026-08-23 02:01:01,deribit,BTC,BTC-30OCT26-54000-P,2026-10-30,54000,put,0.00479761,0.0046,0.005,53.73,,,,,188.1,0.0,77774.73
2026-08-23 02:01:01,deribit,BTC,BTC-25DEC26-210000-P,2026-12-25,210000,put,1.67994874,1.6565,1.697,64.68,,,,,0.0,0.0,78384.86
2026-08-23 02:01:01,deribit,BTC,BTC-11SEP26-88000-P,2026-09-11,88000,put,0.14372369,0.1395,0.147,45.79,,,,,0.0,0.0,77343.42
2026-08-23 02:01:01,deribit,BTC,BTC-25SEP26-35000-P,2026-09-25,35000,put,0.00031388,0.0001,0.0004,101.81,,,,,886.5,2.5,77451.01
2026-08-23 02:01:01,deribit,BTC,BTC-25SEP26-64000-P,2026-09-25,64000,put,0.00552762,0.005,0.006,47.47,,,,,916.4,6.5,77450.88
2026-08-23 02:01:01,deribit,BTC,BTC-25SEP26-135000-P,2026-09-25,135000,put,0.74346672,0.737,0.7485,71.11,,,,,11.5,0.0,77450.96
2026-08-23 02:01:01,deribit,BTC,BTC-25AUG26-74500-C,2026-08-25,74500,call,0.03793209,0.035,0.0415,44.76,,,,,1.0,0.0,77207.73
2026-08-23 02:01:01,deribit,BTC,BTC-25AUG26-74500-P,2026-08-25,74500,put,0.0027759,0.0026,0.003,44.76,,,,,23.9,15.1,77207.73
2026-08-23 02:01:01,deribit,BTC,BTC-28AUG26-56000-P,2026-08-28,56000,put,0.00014471,0.0001,0.0002,102.52,,,,,1320.2,220.0,77251.38
2026-08-23 02:01:01,deribit,BTC,BTC-25DEC26-80000-C,2026-12-25,80000,call,0.08828548,0.0875,0.089,41.88,,,,,8718.8,69.1,78383.08
2026-08-23 02:01:01,deribit,BTC,BTC-25SEP26-81000-P,2026-09-25,81000,put,0.07601781,0.075,0.077,40.48,,,,,1.5,0.0,77450.88
2026-08-23 02:01:01,deribit,BTC,BTC-25DEC26-105000-P,2026-12-25,105000,put,0.35781338,0.3535,0.3625,43.64,,,,,109.4,0.0,78383.08
2026-08-23 02:01:01,deribit,BTC,BTC-25SEP26-73000-P,2026-09-25,73000,put,0.02418995,0.0235,0.025,40.67,,,,,201.7,63.9,77450.88
2026-08-23 02:01:01,deribit,BTC,BTC-25DEC26-200000-P,2026-12-25,200000,put,1.5525795,1.53,1.5675,63.47,,,,,0.0,0.0,78384.86
2026-08-23 02:01:01,deribit,BTC,BTC-26AUG26-78000-C,2026-08-26,78000,call,0.01205741,0.0115,0.0125,43.8,,,,,0.0,0.0,77223.21
2026-08-23 02:01:01,deribit,BTC,BTC-30OCT26-64000-P,2026-10-30,64000,put,0.0145501,0.014,0.015,44.94,,,,,621.8,29.4,77774.73
2026-08-23 02:01:01,deribit,BTC,BTC-30OCT26-75000-C,2026-10-30,75000,call,0.08837852,0.0875,0.089,40.81,,,,,1054.3,0.7,77774.73
2026-08-23 02:01:01,deribit,BTC,BTC-25DEC26-170000-P,2026-12-25,170000,put,1.17054922,1.1525,1.1825,57.56,,,,,0.1,0.0,78383.08
2026-08-23 02:01:01,deribit,BTC,BTC-26MAR27-60000-C,2027-03-26,60000,call,0.27904297,0.276,0.282,45.47,,,,,717.0,0.0,79212.12
2026-08-23 02:01:01,deribit,BTC,BTC-23AUG26-73000-P,2026-08-23,73000,put,8.61e-06,,0.0001,72.1,,,,,41.8,22.5,77155.8
2026-08-23 02:01:01,deribit,BTC,BTC-28AUG26-63000-C,2026-08-28,63000,call,0.18483707,0.1825,0.187,73.78,,,,,949.6,0.0,77251.38
2026-08-23 02:01:01,deribit,BTC,BTC-30OCT26-85000-C,2026-10-30,85000,call,0.03632527,0.036,0.037,40.86,,,,,1626.3,0.6,77774.73
2026-08-23 02:01:01,deribit,BTC,BTC-30OCT26-66000-P,2026-10-30,66000,put,0.01855305,0.018,0.019,43.8,,,,,134.8,25.1,77774.73
2026-08-23 02:01:01,deribit,BTC,BTC-26AUG26-74000-P,2026-08-26,74000,put,0.00335069,0.0031,0.0036,44.65,,,,,0.7,0.7,77223.06
2026-08-23 02:01:01,deribit,BTC,BTC-25DEC26-72000-C,2026-12-25,72000,call,0.14119994,0.14,0.1425,42.67,,,,,1272.1,0.0,78383.08
2026-08-23 02:01:01,deribit,BTC,BTC-25SEP26-78000-C,2026-09-25,78000,call,0.04479675,0.044,0.0455,39.94,,,,,5689.0,18.0,77450.88
2026-08-23 02:01:01,deribit,BTC,BTC-25DEC26-40000-P,2026-12-25,40000,put,0.00357723,0.0033,0.0038,63.48,,,,,4497.0,1.6,78383.08
2026-08-23 02:01:01,deribit,BTC,BTC-24AUG26-73500-C,2026-08-24,73500,call,0.0482912,0.045,0.0515,48.59,,,,,1.1,0.2,77186.5
2026-08-23 02:01:01,deribit,BTC,BTC-25DEC26-135000-C,2026-12-25,135000,call,0.00501851,0.0047,0.0055,50.74,,,,,1300.2,2.1,78383.08
2026-08-23 02:01:01,deribit,BTC,BTC-23AUG26-76500-P,2026-08-23,76500,put,0.00052103,0.0003,0.0006,29.74,,,,,138.5,95.1,77155.74
2026-08-23 02:01:01,deribit,BTC,BTC-28AUG26-66000-P,2026-08-28,66000,put,0.00049764,0.0004,0.0006,63.52,,,,,539.2,30.1,77251.38
2026-08-23 02:01:01,deribit,BTC,BTC-23AUG26-65000-C,2026-08-23,65000,call,0.15762256,0.1555,0.16,92.17,,,,,0.0,0.0,77155.74
2026-08-23 02:01:01,deribit,BTC,BTC-30OCT26-76000-C,2026-10-30,76000,call,0.08133337,0.0805,0.082,40.69,,,,,198.2,0.5,77774.73
2026-08-23 02:01:01,deribit,BTC,BTC-25DEC26-104000-P,2026-12-25,104000,put,0.34621477,0.3425,0.3505,43.52,,,,,0.1,0.0,78383.08
2026-08-23 02:01:01,deribit,BTC,BTC-23AUG26-83000-C,2026-08-23,83000,call,3.9e-07,,0.0001,73.99,,,,,48.3,64.0,77155.82
2026-08-23 02:01:01,deribit,BTC,BTC-23AUG26-78000-C,2026-08-23,78000,call,0.00047279,0.0005,0.0006,33.82,,,,,135.7,74.9,77155.8
2026-08-23 02:01:01,deribit,BTC,BTC-23AUG26-71000-C,2026-08-23,71000,call,0.07983018,0.0785,0.081,78.87,,,,,79.7,0.0,77155.8
2026-08-23 02:01:01,deribit,BTC,BTC-25JUN27-68000-P,2027-06-25,68000,put,0.08265246,0.081,0.084,43.57,,,,,11.4,0.0,80090.77
2026-08-23 02:01:01,deribit,BTC,BTC-25DEC26-85000-P,2026-12-25,85000,put,0.1485678,0.147,0.15,41.68,,,,,554.5,0.0,78383.08
2026-08-23 02:01:01,deribit,BTC,BTC-25DEC26-84000-P,2026-12-25,84000,put,0.13995901,0.139,0.1415,41.63,,,,,47.4,0.3,78383.08
2026-08-23 02:01:01,deribit,BTC,BTC-26AUG26-76500-P,2026-08-26,76500,put,0.01185221,0.0115,0.0125,43.04,,,,,0.0,0.0,77223.06
2026-08-23 02:01:01,deribit,BTC,BTC-30OCT26-70000-C,2026-10-30,70000,call,0.12998604,0.1285,0.131,42.02,,,,,703.2,0.0,77774.73
2026-08-23 02:01:01,deribit,BTC,BTC-30OCT26-86000-C,2026-10-30,86000,call,0.03306191,0.0325,0.0335,40.97,,,,,233.0,1.0,77774.73
2026-08-23 02:01:01,deribit,BTC,BTC-23AUG26-64500-C,2026-08-23,64500,call,0.16410238,0.162,0.1665,93.24,,,,,2.0,0.2,77155.74
2026-08-23 02:01:01,deribit,BTC,BTC-25SEP26-84000-P,2026-09-25,84000,put,0.10461406,0.1015,0.1075,41.29,,,,,34.7,0.0,77450.88
2026-08-23 02:01:01,deribit,BTC,BTC-23AUG26-62000-P,2026-08-23,62000,put,0.0,,0.0001,94.89,,,,,11.1,0.0,77155.74
2026-08-23 02:01:01,deribit,BTC,BTC-26MAR27-180000-P,2027-03-26,180000,put,1.27702526,1.2535,1.293,52.66,,,,,0.1,0.0,79212.12
2026-08-23 02:01:01,deribit,BTC,BTC-25JUN27-72000-C,2027-06-25,72000,call,0.20417919,0.202,0.206,43.02,,,,,89.5,0.0,80090.9
2026-08-23 02:01:01,deribit,BTC,BTC-4SEP26-69000-P,2026-09-04,69000,put,0.00335476,0.0032,0.0036,46.31,,,,,125.6,2.8,77295.4
2026-08-23 02:01:01,deribit,BTC,BTC-25AUG26-84000-C,2026-08-25,84000,call,0.00076366,0.0007,0.0009,60.62,,,,,4.7,0.2,77207.73
2026-08-23 02:01:01,deribit,BTC,BTC-23AUG26-62000-C,2026-08-23,62000,call,0.19650152,0.1945,0.1985,94.89,,,,,0.0,0.0,77155.74
2026-08-23 02:01:01,deribit,BTC,BTC-23AUG26-75000-P,2026-08-23,75000,put,4.194e-05,,0.0001,46.86,,,,,183.2,290.8,77155.8
2026-08-23 02:01:01,deribit,BTC,BTC-25AUG26-72000-P,2026-08-25,72000,put,0.00068409,0.0006,0.0008,51.79,,,,,25.5,4.0,77207.73
2026-08-23 02:01:01,deribit,BTC,BTC-25AUG26-80000-P,2026-08-25,80000,put,0.0397942,0.0365,0.043,48.71,,,,,0.5,0.5,77207.73
2026-08-23 02:01:01,deribit,BTC,BTC-25JUN27-110000-P,2027-06-25,110000,put,0.42627253,0.419,0.4345,42.54,,,,,0.3,0.0,80090.77
2026-08-23 02:01:01,deribit,BTC,BTC-25SEP26-150000-C,2026-09-25,150000,call,0.00028319,0.0002,0.0003,79.21,,,,,735.3,0.1,77451.01
2026-08-23 02:01:01,deribit,BTC,BTC-23AUG26-57000-C,2026-08-23,57000,call,0.26129978,0.2585,0.2635,95.36,,,,,0.0,0.0,77155.82
2026-08-23 02:01:01,deribit,BTC,BTC-26AUG26-77000-P,2026-08-26,77000,put,0.01475763,0.0145,0.0155,43.11,,,,,0.2,0.2,77223.08
2026-08-23 02:01:01,deribit,BTC,BTC-25SEP26-165000-P,2026-09-25,165000,put,1.13045222,1.123,1.138,85.32,,,,,0.0,0.0,77450.88
2026-08-23 02:01:01,deribit,BTC,BTC-24AUG26-68500-P,2026-08-24,68500,put,3.834e-05,,0.0001,74.55,,,,,5.6,1.9,77186.5
2026-08-23 02:01:01,deribit,BTC,BTC-25SEP26-60000-C,2026-09-25,60000,call,0.22856081,0.226,0.231,52.7,,,,,839.0,0.0,77450.88
2026-08-23 02:01:01,deribit,BTC,BTC-25SEP26-110000-P,2026-09-25,110000,put,0.42170912,0.4165,0.426,56.8,,,,,215.6,120.0,77450.88
2026-08-23 02:01:01,deribit,BTC,BTC-23AUG26-81000-P,2026-08-23,81000,put,0.04974537,0.047,0.0525,66.31,,,,,0.0,0.0,77155.74
2026-08-23 02:01:01,deribit,BTC,BTC-28AUG26-66000-C,2026-08-28,66000,call,0.14621618,0.144,0.149,63.52,,,,,1275.3,0.1,77251.38
2026-08-23 02:01:01,deribit,BTC,BTC-25DEC26-130000-C,2026-12-25,130000,call,0.00546337,0.005,0.006,48.73,,,,,1554.9,2.0,78383.08
2026-08-23 02:01:01,deribit,BTC,BTC-25SEP26-240000-C,2026-09-25,240000,call,0.00014841,,0.0002,119.6,,,,,212.1,0.0,77450.88
2026-08-23 02:01:01,deribit,BTC,BTC-26MAR27-92000-C,2027-03-26,92000,call,0.07193777,0.07,0.0735,41.9,,,,,275.3,0.1,79212.12
2026-08-23 02:01:01,deribit,BTC,BTC-30OCT26-87000-C,2026-10-30,87000,call,0.0301166,0.0295,0.0305,41.11,,,,,13.9,0.1,77774.73
2026-08-23 02:01:01,deribit,BTC,BTC-25JUN27-58000-P,2027-06-25,58000,put,0.04431668,0.043,0.0455,45.63,,,,,66.7,0.0,80090.9
2026-08-23 02:01:01,deribit,BTC,BTC-11SEP26-68000-P,2026-09-11,68000,put,0.0049808,0.0047,0.0055,45.1,,,,,508.2,1.0,77343.42
2026-08-23 02:01:01,deribit,BTC,BTC-26MAR27-96000-P,2027-03-26,96000,put,0.27188917,0.266,0.2745,42.04,,,,,1.6,0.0,79212.12
2026-08-23 02:01:01,deribit,BTC,BTC-4SEP26-73000-C,2026-09-04,73000,call,0.06563971,0.0645,0.067,42.2,,,,,583.2,0.1,77295.4
2026-08-23 02:01:01,deribit,BTC,BTC-30OCT26-88000-C,2026-10-30,88000,call,0.02746496,0.027,0.028,41.29,,,,,79.5,2.1,77774.73
2026-08-23 02:01:01,deribit,BTC,BTC-28AUG26-64000-P,2026-08-28,64000,put,0.00035164,0.0003,0.0004,70.6,,,,,1113.0,5.2,77251.45
2026-08-23 02:01:01,deribit,BTC,BTC-24AUG26-82000-P,2026-08-24,82000,put,0.0627785,0.0585,0.0655,56.97,,,,,0.0,0.0,77186.5
2026-08-23 02:01:01,deribit,BTC,BTC-23AUG26-65500-C,2026-08-23,65500,call,0.15114273,0.15,0.1525,89.98,,,,,6.2,0.0,77155.74
2026-08-23 02:01:01,deribit,BTC,BTC-30OCT26-62000-C,2026-10-30,62000,call,0.21440524,0.2115,0.217,46.4,,,,,13.5,0.0,77774.73
2026-08-23 02:01:01,deribit,BTC,BTC-24AUG26-64000-P,2026-08-24,64000,put,1.7e-07,,0.0001,77.79,,,,,1.8,0.0,77186.5
2026-08-23 02:01:01,deribit,BTC,BTC-25SEP26-115000-P,2026-09-25,115000,put,0.48585741,0.481,0.49,59.94,,,,,94.2,0.0,77450.88
2026-08-23 02:01:01,deribit,BTC,BTC-25JUN27-74000-C,2027-06-25,74000,call,0.19065885,0.1885,0.192,42.83,,,,,20.5,1.7,80090.77
2026-08-23 02:01:01,deribit,BTC,BTC-25JUN27-68000-C,2027-06-25,68000,call,0.23368756,0.2315,0.235,43.57,,,,,11.2,0.0,80090.77
2026-08-23 02:01:01,deribit,BTC,BTC-25SEP26-75000-C,2026-09-25,75000,call,0.06506096,0.0645,0.0665,40.15,,,,,3797.3,21.4,77450.88
2026-08-23 02:01:01,deribit,BTC,BTC-28AUG26-83000-P,2026-08-28,83000,put,0.0777643,0.0755,0.081,49.68,,,,,0.1,0.0,77251.38
2026-08-23 02:01:01,deribit,BTC,BTC-4SEP26-76000-P,2026-09-04,76000,put,0.02212003,0.0215,0.0225,41.09,,,,,59.5,5.1,77295.4
2026-08-23 02:01:01,deribit,BTC,BTC-26MAR27-65000-P,2027-03-26,65000,put,0.05276592,0.0515,0.054,44.13,,,,,668.4,0.0,79212.12
2026-08-23 02:01:01,deribit,BTC,BTC-30OCT26-57000-C,2026-10-30,57000,call,0.27367079,0.2715,0.2765,50.57,,,,,0.1,0.0,77774.73
2026-08-23 02:01:01,deribit,BTC,BTC-25AUG26-74000-P,2026-08-25,74000,put,0.00203668,0.0018,0.0022,45.74,,,,,80.8,6.7,77207.85
2026-08-23 02:01:01,deribit,BTC,BTC-25DEC26-210000-C,2026-12-25,210000,call,0.00085926,0.0006,0.0012,64.68,,,,,163.0,0.0,78383.08
2026-08-23 02:01:01,deribit,BTC,BTC-25DEC26-92000-C,2026-12-25,92000,call,0.0408246,0.04,0.0415,42.0,,,,,308.7,3.5,78383.08
2026-08-23 02:01:01,deribit,BTC,BTC-25SEP26-240000-P,2026-09-25,240000,put,2.09872897,2.0825,2.108,119.6,,,,,0.0,0.0,77450.88
2026-08-23 02:01:01,deribit,BTC,BTC-23AUG26-79500-P,2026-08-23,79500,put,0.03033173,0.027,0.033,48.38,,,,,0.0,0.0,77155.74
2026-08-23 02:01:01,deribit,BTC,BTC-23AUG26-70000-P,2026-08-23,70000,put,2e-08,,0.0001,84.84,,,,,76.7,1.0,77155.74
2026-08-23 02:01:01,deribit,BTC,BTC-4SEP26-78000-C,2026-09-04,78000,call,0.02603048,0.0255,0.0265,41.35,,,,,1128.4,16.6,77295.4
2026-08-23 02:01:01,deribit,BTC,BTC-26MAR27-90000-C,2027-03-26,90000,call,0.07896693,0.078,0.0805,41.91,,,,,477.8,9.4,79212.12
2026-08-23 02:01:01,deribit,BTC,BTC-24AUG26-71000-P,2026-08-24,71000,put,0.00015071,,0.0002,63.5,,,,,64.2,14.1,77186.5
2026-08-23 02:01:01,deribit,BTC,BTC-25SEP26-79000-P,2026-09-25,79000,put,0.05940824,0.0585,0.06,40.14,,,,,6.1,0.0,77450.88
2026-08-23 02:01:01,deribit,BTC,BTC-25DEC26-86000-C,2026-12-25,86000,call,0.06017596,0.0595,0.0605,41.69,,,,,313.0,0.3,78383.08
2026-08-23 02:01:01,deribit,BTC,BTC-25SEP26-95000-P,2026-09-25,95000,put,0.23175587,0.227,0.236,46.93,,,,,147.6,0.1,77450.88
2026-08-23 02:01:01,deribit,BTC,BTC-24AUG26-76500-C,2026-08-24,76500,call,0.01456463,0.0135,0.0155,40.55,,,,,53.9,0.0,77186.5
2026-08-23 02:01:01,deribit,BTC,BTC-25JUN27-90000-P,2027-06-25,90000,put,0.23138823,0.2295,0.2345,42.09,,,,,0.5,0.0,80090.77
2026-08-23 02:01:01,deribit,BTC,BTC-30OCT26-68000-P,2026-10-30,68000,put,0.02357631,0.023,0.024,42.78,,,,,37.6,2.0,77774.73
2026-08-23 02:01:01,deribit,BTC,BTC-26MAR27-160000-P,2027-03-26,160000,put,1.02655095,1.006,1.04,49.5,,,,,0.1,0.0,79213.9
2026-08-23 02:01:01,deribit,BTC,BTC-25AUG26-77000-P,2026-08-25,77000,put,0.01226396,0.0115,0.0125,43.52,,,,,48.9,2.2,77207.73
2026-08-23 02:01:01,deribit,BTC,BTC-24AUG26-72500-C,2026-08-24,72500,call,0.06105312,0.058,0.064,54.46,,,,,3.3,0.6,77186.5
2026-08-23 02:01:01,deribit,BTC,BTC-25DEC26-74000-C,2026-12-25,74000,call,0.12610374,0.125,0.127,42.35,,,,,145.5,0.0,78384.86
2026-08-23 02:01:01,deribit,BTC,BTC-25SEP26-58000-P,2026-09-25,58000,put,0.00253697,0.0023,0.0028,55.76,,,,,1396.3,5.3,77450.88
2026-08-23 02:01:01,deribit,BTC,BTC-25DEC26-54000-C,2026-12-25,54000,call,0.32268558,0.3205,0.325,50.13,,,,,33.1,0.0,78384.86
2026-08-23 02:01:01,deribit,BTC,BTC-25DEC26-200000-C,2026-12-25,200000,call,0.00106571,0.0008,0.0014,63.47,,,,,969.3,0.0,78384.86
2026-08-23 02:01:01,deribit,BTC,BTC-25AUG26-68000-C,2026-08-25,68000,call,0.11951017,0.117,0.123,69.55,,,,,0.0,0.0,77207.85
2026-08-23 02:01:01,deribit,BTC,BTC-25SEP26-320000-C,2026-09-25,320000,call,8.735e-05,,0.0001,140.15,,,,,293.6,0.0,77450.88
2026-08-23 02:01:01,deribit,BTC,BTC-25JUN27-72000-P,2027-06-25,72000,put,0.1030832,0.1015,0.1045,43.02,,,,,6.3,0.0,80090.77
2026-08-23 02:01:01,deribit,BTC,BTC-11SEP26-86000-P,2026-09-11,86000,put,0.12033756,0.117,0.1235,44.64,,,,,0.0,0.0,77343.42
2026-08-23 02:01:01,deribit,BTC,BTC-24AUG26-77500-P,2026-08-24,77500,put,0.01180853,0.0115,0.0125,41.36,,,,,77.1,42.4,77186.5
2026-08-23 02:01:01,deribit,BTC,BTC-25DEC26-45000-C,2026-12-25,45000,call,0.43124286,0.429,0.4335,57.94,,,,,54.3,0.0,78383.08
2026-08-23 02:01:01,deribit,BTC,BTC-25JUN27-70000-C,2027-06-25,70000,call,0.21879232,0.218,0.22,43.36,,,,,194.6,1.5,80090.9
2026-08-23 02:01:01,deribit,BTC,BTC-11SEP26-64000-C,2026-09-11,64000,call,0.17476461,0.1725,0.178,50.4,,,,,0.0,0.0,77343.42
2026-08-23 02:01:01,deribit,BTC,BTC-25DEC26-68000-P,2026-12-25,68000,put,0.04246432,0.0415,0.043,43.56,,,,,478.7,6.2,78383.08
2026-08-23 02:01:01,deribit,BTC,BTC-24AUG26-69500-C,2026-08-24,69500,call,0.09970906,0.0975,0.1025,71.46,,,,,0.0,0.0,77186.5
2026-08-23 02:01:01,deribit,BTC,BTC-26AUG26-74500-P,2026-08-26,74500,put,0.00436588,0.0041,0.0046,44.04,,,,,0.8,0.8,77223.06
2026-08-23 02:01:01,deribit,BTC,BTC-4SEP26-81000-P,2026-09-04,81000,put,0.06140179,0.06,0.0625,42.67,,,,,0.0,0.0,77295.4
2026-08-23 02:01:01,deribit,BTC,BTC-25DEC26-115000-P,2026-12-25,115000,put,0.4778141,0.4735,0.4825,45.56,,,,,5.0,0.0,78383.08
2026-08-23 02:01:01,deribit,BTC,BTC-26MAR27-98000-P,2027-03-26,98000,put,0.29195254,0.286,0.295,42.13,,,,,0.2,0.0,79212.12
2026-08-23 02:01:01,deribit,BTC,BTC-28AUG26-100000-P,2026-08-28,100000,put,0.29448532,0.2905,0.2975,79.99,,,,,0.5,0.0,77251.38
2026-08-23 02:01:01,deribit,BTC,BTC-25JUN27-78000-P,2027-06-25,78000,put,0.13963836,0.138,0.1415,42.52,,,,,10.4,0.0,80090.9
2026-08-23 02:01:01,deribit,BTC,BTC-30OCT26-48000-P,2026-10-30,48000,put,0.00265344,0.0024,0.0029,60.71,,,,,173.4,0.4,77774.73
2026-08-23 02:01:01,deribit,BTC,BTC-25SEP26-84000-C,2026-09-25,84000,call,0.02011086,0.0195,0.0205,41.29,,,,,3646.2,71.5,77451.01
2026-08-23 02:01:01,deribit,BTC,BTC-4SEP26-61000-P,2026-09-04,61000,put,0.00070832,0.0007,0.0008,62.39,,,,,137.3,0.9,77295.4
2026-08-23 02:01:01,deribit,BTC,BTC-24AUG26-86000-P,2026-08-24,86000,put,0.11424964,0.11,0.117,76.68,,,,,0.0,0.0,77186.5
2026-08-23 02:01:01,deribit,BTC,BTC-25DEC26-102000-P,2026-12-25,102000,put,0.32307327,0.3195,0.327,43.16,,,,,7.8,0.0,78383.08
2026-08-23 02:01:01,deribit,BTC,BTC-25JUN27-120000-C,2027-06-25,120000,call,0.03796222,0.0365,0.0395,43.09,,,,,295.8,0.6,80090.9
2026-08-23 02:01:01,deribit,BTC,BTC-23AUG26-76000-P,2026-08-23,76000,put,0.00021087,0.0001,0.0003,36.02,,,,,60.4,36.7,77155.82
2026-08-23 02:01:01,deribit,BTC,BTC-25SEP26-165000-C,2026-09-25,165000,call,0.00017808,0.0001,0.0003,85.32,,,,,183.4,1.2,77450.88
2026-08-23 02:01:01,deribit,BTC,BTC-23AUG26-79000-P,2026-08-23,79000,put,0.02396567,0.0205,0.0275,45.99,,,,,0.4,0.5,77155.8
2026-08-23 02:01:01,deribit,BTC,BTC-28AUG26-98000-P,2026-08-28,98000,put,0.26861821,0.265,0.272,75.66,,,,,0.0,0.0,77251.38
2026-08-23 02:01:01,deribit,BTC,BTC-25SEP26-65000-P,2026-09-25,65000,put,0.00649849,0.006,0.007,46.49,,,,,818.7,3.3,77450.88
2026-08-23 02:01:01,deribit,BTC,BTC-11SEP26-74000-C,2026-09-11,74000,call,0.0620111,0.061,0.063,40.61,,,,,15.0,0.0,77343.42
2026-08-23 02:01:01,deribit,BTC,BTC-23AUG26-72500-C,2026-08-23,72500,call,0.06042918,0.059,0.062,75.34,,,,,10.7,0.0,77155.74
2026-08-23 02:01:01,deribit,BTC,BTC-24AUG26-78000-P,2026-08-24,78000,put,0.01602052,0.0155,0.017,42.23,,,,,36.8,17.4,77186.5
2026-08-23 02:01:01,deribit,BTC,BTC-25JUN27-106000-P,2027-06-25,106000,put,0.38429301,0.378,0.394,42.4,,,,,0.0,0.0,80090.9
2026-08-23 02:01:01,deribit,BTC,BTC-26MAR27-170000-P,2027-03-26,170000,put,1.15175975,1.13,1.166,51.29,,,,,0.2,0.0,79212.12
2026-08-23 02:01:01,deribit,BTC,BTC-26AUG26-68000-P,2026-08-26,68000,put,0.00028287,0.0002,0.0004,61.87,,,,,0.2,0.2,77223.21
2026-08-23 02:01:01,deribit,BTC,BTC-25SEP26-160000-P,2026-09-25,160000,put,1.06589847,1.055,1.073,82.27,,,,,0.6,0.0,77450.88
2026-08-23 02:01:01,deribit,BTC,BTC-25SEP26-80000-P,2026-09-25,80000,put,0.06742718,0.0665,0.0685,40.28,,,,,713.9,0.3,77450.88
2026-08-23 02:01:01,deribit,BTC,BTC-23AUG26-76500-C,2026-08-23,76500,call,0.00910758,0.0075,0.0105,29.74,,,,,14.1,0.2,77155.74
2026-08-23 02:01:01,deribit,BTC,BTC-24AUG26-75500-P,2026-08-24,75500,put,0.00235744,0.0021,0.0025,41.49,,,,,138.4,92.5,77186.5
2026-08-23 02:01:01,deribit,BTC,BTC-25SEP26-180000-C,2026-09-25,180000,call,0.00013927,,0.0043,91.92,,,,,753.3,1.0,77450.88
2026-08-23 02:01:01,deribit,BTC,BTC-26MAR27-90000-P,2027-03-26,90000,put,0.21512929,0.2095,0.218,41.91,,,,,14.1,0.0,79213.9
2026-08-23 02:01:01,deribit,BTC,BTC-30OCT26-80000-P,2026-10-30,80000,put,0.08595383,0.085,0.087,40.49,,,,,2.8,1.0,77774.73
2026-08-23 02:01:01,deribit,BTC,BTC-26MAR27-54000-P,2027-03-26,54000,put,0.02255533,0.0215,0.0235,47.52,,,,,83.8,0.1,79212.12
2026-08-23 02:01:01,deribit,BTC,BTC-26AUG26-82000-C,2026-08-26,82000,call,0.00244488,0.0022,0.0026,50.51,,,,,0.2,0.2,77223.08
2026-08-23 02:01:01,deribit,BTC,BTC-28AUG26-90000-C,2026-08-28,90000,call,0.00051366,0.0005,0.0006,60.73,,,,,1323.4,168.0,77251.38
2026-08-23 02:01:01,deribit,BTC,BTC-26MAR27-60000-P,2027-03-26,60000,put,0.03648455,0.0355,0.0375,45.47,,,,,659.6,50.5,79212.12
2026-08-23 02:01:01,deribit,BTC,BTC-23AUG26-67500-C,2026-08-23,67500,call,0.12522342,0.124,0.1265,84.84,,,,,100.1,0.0,77155.74
2026-08-23 02:01:01,deribit,BTC,BTC-25DEC26-65000-C,2026-12-25,65000,call,0.20315694,0.201,0.2055,44.48,,,,,952.1,3.1,78383.08
2026-08-23 02:01:01,deribit,BTC,BTC-23AUG26-70500-C,2026-08-23,70500,call,0.08634455,0.085,0.0875,83.53,,,,,53.6,0.0,77155.82
2026-08-23 02:01:01,deribit,BTC,BTC-30OCT26-110000-P,2026-10-30,110000,put,0.41938557,0.414,0.4245,48.55,,,,,0.0,0.0,77774.73
2026-08-23 02:01:01,deribit,BTC,BTC-26AUG26-79000-C,2026-08-26,79000,call,0.00805759,0.0075,0.0085,45.04,,,,,5.1,5.1,77223.06
2026-08-23 02:01:01,deribit,BTC,BTC-24AUG26-65000-C,2026-08-24,65000,call,0.1579301,0.155,0.16,77.75,,,,,2.2,0.0,77186.5
2026-08-23 02:01:01,deribit,BTC,BTC-28AUG26-53000-C,2026-08-28,53000,call,0.31413054,0.312,0.3165,118.4,,,,,5.1,0.0,77251.38
2026-08-23 02:01:01,deribit,BTC,BTC-25DEC26-190000-C,2026-12-25,190000,call,0.00121173,0.0009,0.0016,61.44,,,,,997.3,0.0,78383.08
2026-08-23 02:01:01,deribit,BTC,BTC-25SEP26-105000-P,2026-09-25,105000,put,0.35773738,0.3535,0.362,53.28,,,,,105.2,0.0,77451.01
2026-08-23 02:01:01,deribit,BTC,BTC-23AUG26-62500-C,2026-08-23,62500,call,0.19002169,0.188,0.192,94.89,,,,,0.0,0.0,77155.74
2026-08-23 02:01:01,deribit,BTC,BTC-25DEC26-230000-P,2026-12-25,230000,put,1.93488888,1.9105,1.952,67.69,,,,,0.0,0.0,78383.08
2026-08-23 02:01:01,deribit,BTC,BTC-25SEP26-72000-C,2026-09-25,72000,call,0.09092246,0.09,0.092,41.07,,,,,3290.2,4.9,77450.88
2026-08-23 02:01:01,deribit,BTC,BTC-25AUG26-73500-C,2026-08-25,73500,call,0.04965071,0.047,0.053,47.22,,,,,1.0,0.0,77207.85
2026-08-23 02:01:01,deribit,BTC,BTC-25SEP26-130000-P,2026-09-25,130000,put,0.67886438,0.672,0.684,67.57,,,,,21.4,0.0,77450.88
2026-08-23 02:01:01,deribit,BTC,BTC-25SEP26-70000-P,2026-09-25,70000,put,0.0145866,0.014,0.015,42.09,,,,,2693.0,698.0,77451.01
2026-08-23 02:01:01,deribit,BTC,BTC-26MAR27-150000-C,2027-03-26,150000,call,0.00851985,0.008,0.0095,48.06,,,,,1898.9,1.9,79212.12
2026-08-23 02:01:01,deribit,BTC,BTC-24AUG26-67500-P,2026-08-24,67500,put,1.383e-05,,0.0001,75.5,,,,,1.0,0.1,77186.5
2026-08-23 02:01:01,deribit,BTC,BTC-25DEC26-45000-P,2026-12-25,45000,put,0.00533347,0.0049,0.0055,57.94,,,,,2861.2,1.1,78383.08
2026-08-23 02:01:01,deribit,BTC,BTC-30OCT26-67000-P,2026-10-30,67000,put,0.02089588,0.0205,0.0215,43.25,,,,,216.0,0.2,77774.73
2026-08-23 02:01:01,deribit,BTC,BTC-25JUN27-125000-C,2027-06-25,125000,call,0.03244013,0.031,0.034,43.43,,,,,7.4,0.8,80090.9
2026-08-23 02:01:01,deribit,BTC,BTC-25AUG26-82000-C,2026-08-25,82000,call,0.0015646,0.0014,0.0017,54.23,,,,,21.1,4.6,77207.73
2026-08-23 02:01:01,deribit,BTC,BTC-4SEP26-82000-C,2026-09-04,82000,call,0.01087625,0.0105,0.0115,43.4,,,,,213.0,0.3,77295.4
2026-08-23 02:01:01,deribit,BTC,BTC-25JUN27-60000-C,2027-06-25,60000,call,0.30147543,0.2995,0.303,45.11,,,,,943.9,0.0,80090.9
2026-08-23 02:01:01,deribit,BTC,BTC-25AUG26-76500-P,2026-08-25,76500,put,0.00941269,0.009,0.01,43.44,,,,,70.3,2.3,77207.73
2026-08-23 02:01:01,deribit,BTC,BTC-4SEP26-72000-P,2026-09-04,72000,put,0.00757578,0.0075,0.008,42.93,,,,,161.9,2.1,77295.4
2026-08-23 02:01:01,deribit,BTC,BTC-25AUG26-76500-C,2026-08-25,76500,call,0.01866703,0.0175,0.0195,43.44,,,,,17.5,0.0,77207.73
2026-08-23 02:01:01,deribit,BTC,BTC-4SEP26-68000-C,2026-09-04,68000,call,0.12291261,0.1205,0.1255,47.79,,,,,923.2,3.2,77295.4
2026-08-23 02:01:01,deribit,BTC,BTC-23AUG26-72500-P,2026-08-23,72500,put,4.02e-06,,0.0001,75.34,,,,,37.2,5.9,77155.82
2026-08-23 02:01:01,deribit,BTC,BTC-30OCT26-59000-C,2026-10-30,59000,call,0.24946574,0.247,0.2525,48.58,,,,,1.1,0.0,77774.73
2026-08-23 02:01:01,deribit,BTC,BTC-25JUN27-115000-C,2027-06-25,115000,call,0.04489221,0.0435,0.0465,42.86,,,,,19.8,5.0,80090.69
2026-08-23 02:01:01,deribit,BTC,BTC-25SEP26-220000-C,2026-09-25,220000,call,0.00012458,,0.0002,109.92,,,,,243.5,0.0,77451.01
2026-08-23 02:01:01,deribit,BTC,BTC-26MAR27-106000-C,2027-03-26,106000,call,0.03866261,0.038,0.04,42.73,,,,,78.1,0.0,79212.12
2026-08-23 02:01:01,deribit,BTC,BTC-26AUG26-75000-P,2026-08-26,75000,put,0.00557974,0.005,0.006,43.28,,,,,0.3,0.3,77223.21
2026-08-23 02:01:01,deribit,BTC,BTC-23AUG26-68500-P,2026-08-23,68500,put,0.0,,0.0001,84.84,,,,,32.9,0.0,77155.74
2026-08-23 02:01:01,deribit,BTC,BTC-30OCT26-48000-C,2026-10-30,48000,call,0.38551909,0.3835,0.388,60.71,,,,,0.1,0.0,77774.73
2026-08-23 02:01:01,deribit,BTC,BTC-28AUG26-80000-C,2026-08-28,80000,call,0.00876538,0.0085,0.0095,45.48,,,,,2272.4,739.3,77251.45
2026-08-23 02:01:01,deribit,BTC,BTC-11SEP26-80000-P,2026-09-11,80000,put,0.05797282,0.0565,0.059,41.2,,,,,7.1,0.0,77341.64
2026-08-23 02:01:01,deribit,BTC,BTC-25SEP26-100000-C,2026-09-25,100000,call,0.00332808,0.0033,0.0035,50.44,,,,,5227.9,29.2,77450.88
2026-08-23 02:01:01,deribit,BTC,BTC-26MAR27-98000-C,2027-03-26,98000,call,0.05479796,0.054,0.056,42.13,,,,,83.0,2.0,79212.12
2026-08-23 02:01:01,deribit,BTC,BTC-30OCT26-88000-P,2026-10-30,88000,put,0.15887793,0.155,0.1615,41.29,,,,,1.0,1.0,77774.73
2026-08-23 02:01:01,deribit,BTC,BTC-30OCT26-102000-P,2026-10-30,102000,put,0.31986495,0.316,0.324,45.25,,,,,0.0,0.0,77774.86
2026-08-23 02:01:01,deribit,BTC,BTC-4SEP26-80000-C,2026-09-04,80000,call,0.01694445,0.0165,0.0175,42.2,,,,,961.1,12.4,77295.53
2026-08-23 02:01:01,deribit,BTC,BTC-23AUG26-76000-C,2026-08-23,76000,call,0.01527724,0.0135,0.017,36.02,,,,,61.5,3.2,77155.74
2026-08-23 02:01:01,deribit,BTC,BTC-11SEP26-78000-C,2026-09-11,78000,call,0.03334809,0.033,0.034,40.71,,,,,655.5,5.1,77343.42
2026-08-23 02:01:01,deribit,BTC,BTC-25SEP26-60000-P,2026-09-25,60000,put,0.00320839,0.003,0.0033,52.7,,,,,5531.2,8.2,77450.96
2026-08-23 02:01:01,deribit,BTC,BTC-25AUG26-72000-C,2026-08-25,72000,call,0.06821759,0.065,0.072,51.79,,,,,0.0,0.0,77207.73
2026-08-23 02:01:01,deribit,BTC,BTC-24AUG26-84000-C,2026-08-24,84000,call,0.00019298,0.0001,0.0003,65.55,,,,,9.5,8.1,77186.5
2026-08-23 02:01:01,deribit,BTC,BTC-25DEC26-72000-P,2026-12-25,72000,put,0.0597449,0.059,0.0605,42.67,,,,,341.7,0.0,78384.86
2026-08-23 02:01:01,deribit,BTC,BTC-26MAR27-56000-C,2027-03-26,56000,call,0.31962178,0.317,0.323,46.76,,,,,16.9,0.0,79212.12
2026-08-23 02:01:01,deribit,BTC,BTC-28AUG26-62000-P,2026-08-28,62000,put,0.00023705,0.0002,0.0003,77.01,,,,,1187.9,2.1,77251.38
2026-08-23 02:01:01,deribit,BTC,BTC-25JUN27-55000-C,2027-06-25,55000,call,0.3494124,0.3465,0.3515,46.49,,,,,2.9,0.0,80090.9
2026-08-23 02:01:01,deribit,BTC,BTC-24AUG26-73000-C,2026-08-24,73000,call,0.05462898,0.0515,0.058,50.83,,,,,4.7,0.0,77186.5
2026-08-23 02:01:01,deribit,BTC,BTC-4SEP26-63000-C,2026-09-04,63000,call,0.18600142,0.1835,0.188,58.21,,,,,86.7,0.1,77295.53
2026-08-23 02:01:01,deribit,BTC,BTC-25AUG26-80000-C,2026-08-25,80000,call,0.00372031,0.0035,0.0039,48.71,,,,,47.0,24.0,77207.85
2026-08-23 02:01:01,deribit,BTC,BTC-25DEC26-56000-C,2026-12-25,56000,call,0.29962233,0.2975,0.302,48.91,,,,,41.5,0.0,78383.08
2026-08-23 02:01:01,deribit,BTC,BTC-4SEP26-75000-P,2026-09-04,75000,put,0.01712594,0.0165,0.0175,41.2,,,,,447.6,1.8,77295.4
2026-08-23 02:01:01,deribit,BTC,BTC-25SEP26-52000-P,2026-09-25,52000,put,0.00134831,0.0011,0.0016,65.76,,,,,1210.7,2.9,77451.01
2026-08-23 02:01:01,deribit,BTC,BTC-26MAR27-86000-P,2027-03-26,86000,put,0.18047662,0.1785,0.1825,41.92,,,,,1.7,0.0,79212.12
2026-08-23 02:01:01,deribit,BTC,BTC-24AUG26-68000-P,2026-08-24,68000,put,2.174e-05,,0.0001,74.57,,,,,40.1,0.9,77186.5
2026-08-23 02:01:01,deribit,BTC,BTC-26MAR27-40000-P,2027-03-26,40000,put,0.00676062,0.0065,0.0075,55.31,,,,,1772.9,33.6,79212.12
2026-08-23 02:01:01,deribit,BTC,BTC-26MAR27-120000-C,2027-03-26,120000,call,0.0218693,0.021,0.023,44.06,,,,,635.3,13.0,79212.12
2026-08-23 02:01:01,deribit,BTC,BTC-24AUG26-69000-P,2026-08-24,69000,put,5.683e-05,,0.0001,73.35,,,,,37.1,0.0,77186.5
2026-08-23 02:01:01,deribit,BTC,BTC-24AUG26-66000-C,2026-08-24,66000,call,0.14497746,0.142,0.1475,77.75,,,,,0.0,0.0,77186.5
2026-08-23 02:01:01,deribit,BTC,BTC-25AUG26-81000-C,2026-08-25,81000,call,0.00237893,0.0022,0.0026,51.36,,,,,9.6,5.4,77207.85
2026-08-23 02:01:01,deribit,BTC,BTC-4SEP26-58000-C,2026-09-04,58000,call,0.2501691,0.248,0.2525,70.28,,,,,0.0,0.0,77295.4
2026-08-23 02:01:01,deribit,BTC,BTC-30OCT26-80000-C,2026-10-30,80000,call,0.05739658,0.057,0.058,40.49,,,,,413.3,1.3,77774.73
2026-08-23 02:01:01,deribit,BTC,BTC-25JUN27-140000-C,2027-06-25,140000,call,0.0211951,0.02,0.0225,44.71,,,,,231.6,0.1,80090.77
2026-08-23 02:01:01,deribit,BTC,BTC-24AUG26-79000-C,2026-08-24,79000,call,0.00279328,0.0025,0.003,45.12,,,,,19.1,5.7,77186.5
2026-08-23 02:01:01,deribit,BTC,BTC-30OCT26-96000-P,2026-10-30,96000,put,0.24776465,0.2435,0.252,43.23,,,,,0.0,0.0,77774.73
2026-08-23 02:01:01,deribit,BTC,BTC-11SEP26-77000-P,2026-09-11,77000,put,0.03478993,0.0345,0.0355,40.46,,,,,13.8,0.7,77341.64
2026-08-23 02:01:01,deribit,BTC,BTC-25SEP26-190000-C,2026-09-25,190000,call,0.00014611,,0.0002,97.48,,,,,772.8,0.0,77451.01
2026-08-23 02:01:01,deribit,BTC,BTC-24AUG26-68500-C,2026-08-24,68500,call,0.11262539,0.1105,0.115,74.55,,,,,0.0,0.0,77186.5
2026-08-23 02:01:01,deribit,BTC,BTC-25AUG26-85000-P,2026-08-25,85000,put,0.1013877,0.0985,0.1045,63.9,,,,,0.0,0.0,77207.73
2026-08-23 02:01:01,deribit,BTC,BTC-26MAR27-56000-P,2027-03-26,56000,put,0.02656725,0.0255,0.0275,46.76,,,,,121.4,0.1,79212.12
2026-08-23 02:01:01,deribit,BTC,BTC-26AUG26-70000-P,2026-08-26,70000,put,0.00053845,0.0004,0.0007,54.73,,,,,15.0,15.0,77223.21
2026-08-23 02:01:01,deribit,BTC,BTC-11SEP26-84000-C,2026-09-11,84000,call,0.01177043,0.011,0.012,43.26,,,,,45.4,41.5,77341.64
2026-08-23 02:01:01,deribit,BTC,BTC-25JUN27-56000-C,2027-06-25,56000,call,0.33957755,0.3375,0.341,46.22,,,,,3.0,0.0,80090.9
2026-08-23 02:01:01,deribit,BTC,BTC-25SEP26-64000-C,2026-09-25,64000,call,0.17923947,0.177,0.182,47.47,,,,,687.7,0.0,77450.88
2026-08-23 02:01:01,deribit,BTC,BTC-28AUG26-40000-P,2026-08-28,40000,put,2e-07,,0.0001,127.64,,,,,728.3,0.2,77251.38
2026-08-23 02:01:01,deribit,BTC,BTC-24AUG26-77000-P,2026-08-24,77000,put,0.0083743,0.008,0.009,41.01,,,,,31.2,15.4,77186.5
2026-08-23 02:01:01,deribit,BTC,BTC-25JUN27-94000-C,2027-06-25,94000,call,0.09326465,0.0915,0.095,42.1,,,,,0.2,0.0,80090.77
2026-08-23 02:01:01,deribit,BTC,BTC-4SEP26-53000-P,2026-09-04,53000,put,0.00025032,0.0002,0.0003,82.42,,,,,85.6,0.0,77295.53
2026-08-23 02:01:01,deribit,BTC,BTC-25SEP26-220000-P,2026-09-25,220000,put,1.84063232,1.825,1.8495,109.92,,,,,1.8,0.0,77450.96
2026-08-23 02:01:01,deribit,BTC,BTC-26AUG26-74000-C,2026-08-26,74000,call,0.0451678,0.0425,0.0485,44.65,,,,,0.0,0.0,77223.21
2026-08-23 02:01:01,deribit,BTC,BTC-25DEC26-50000-C,2026-12-25,50000,call,0.37014411,0.368,0.3725,53.09,,,,,260.8,0.0,78383.08
2026-08-23 02:01:01,deribit,BTC,BTC-30OCT26-45000-P,2026-10-30,45000,put,0.00215486,0.002,0.0023,65.41,,,,,93.0,0.0,77774.73
2026-08-23 02:01:01,deribit,BTC,BTC-30OCT26-69000-C,2026-10-30,69000,call,0.13947065,0.138,0.1405,42.38,,,,,126.1,0.0,77774.73
2026-08-23 02:01:01,deribit,BTC,BTC-25AUG26-87000-P,2026-08-25,87000,put,0.12701471,0.124,0.1305,69.19,,,,,0.0,0.0,77207.73
2026-08-23 02:01:01,deribit,BTC,BTC-26AUG26-83000-P,2026-08-26,83000,put,0.07639406,0.0725,0.0805,52.61,,,,,0.0,0.0,77223.08
2026-08-23 02:01:01,deribit,BTC,BTC-24AUG26-73000-P,2026-08-24,73000,put,0.00033913,0.0002,0.0005,50.83,,,,,108.3,35.2,77186.5
2026-08-23 02:01:01,deribit,BTC,BTC-25AUG26-88000-C,2026-08-25,88000,call,0.00023337,0.0002,0.0003,72.88,,,,,6.2,0.3,77207.73
2026-08-23 02:01:01,deribit,BTC,BTC-25JUN27-84000-C,2027-06-25,84000,call,0.13397075,0.1325,0.1355,42.25,,,,,12.5,0.0,80090.77
2026-08-23 02:01:01,deribit,BTC,BTC-25SEP26-40000-P,2026-09-25,40000,put,0.00053569,0.0004,0.0006,91.26,,,,,2356.7,0.9,77450.88
2026-08-23 02:01:01,deribit,BTC,BTC-25SEP26-280000-P,2026-09-25,280000,put,2.61514256,2.597,2.629,132.52,,,,,0.0,0.0,77450.88
2026-08-23 02:01:01,deribit,BTC,BTC-23AUG26-68000-P,2026-08-23,68000,put,0.0,,0.0001,84.84,,,,,6.3,0.0,77155.74
2026-08-23 02:01:01,deribit,BTC,BTC-23AUG26-57000-P,2026-08-23,57000,put,0.0,,0.0001,95.36,,,,,0.5,0.0,77155.74
2026-08-23 02:01:01,deribit,BTC,BTC-30OCT26-69000-P,2026-10-30,69000,put,0.02660128,0.026,0.027,42.38,,,,,161.2,0.0,77774.73
2026-08-23 02:01:01,deribit,BTC,BTC-25AUG26-69000-P,2026-08-25,69000,put,0.00018469,0.0001,0.0003,63.01,,,,,60.9,2.6,77207.85
2026-08-23 02:01:01,deribit,BTC,BTC-23AUG26-72000-P,2026-08-23,72000,put,1.08e-06,,0.0001,75.51,,,,,26.0,12.2,77155.74
2026-08-23 02:01:01,deribit,BTC,BTC-30OCT26-62000-P,2026-10-30,62000,put,0.01153711,0.011,0.012,46.4,,,,,1099.2,9.2,77774.73
2026-08-23 02:01:01,deribit,BTC,BTC-23AUG26-85000-P,2026-08-23,85000,put,0.10157052,0.098,0.105,82.44,,,,,0.0,0.0,77155.82
2026-08-23 02:01:01,deribit,BTC,BTC-25JUN27-88000-P,2027-06-25,88000,put,0.21450986,0.2125,0.217,42.11,,,,,0.2,0.0,80090.9
2026-08-23 02:01:01,deribit,BTC,BTC-23AUG26-78500-P,2026-08-23,78500,put,0.01752838,0.016,0.0195,39.04,,,,,29.6,16.1,77155.74
2026-08-23 02:01:01,deribit,BTC,BTC-30OCT26-40000-C,2026-10-30,40000,call,0.48695926,0.4855,0.489,71.54,,,,,0.1,0.0,77774.73
2026-08-23 02:01:01,deribit,BTC,BTC-30OCT26-86000-P,2026-10-30,86000,put,0.13876096,0.135,0.142,40.97,,,,,0.1,0.0,77774.73
2026-08-23 02:01:01,deribit,BTC,BTC-26MAR27-82000-P,2027-03-26,82000,put,0.14886687,0.147,0.15,42.06,,,,,4.0,0.0,79212.12
2026-08-23 02:01:01,deribit,BTC,BTC-25DEC26-64000-C,2026-12-25,64000,call,0.21318831,0.2105,0.2155,44.92,,,,,405.5,0.0,78383.08
2026-08-23 02:01:01,deribit,BTC,BTC-26MAR27-95000-P,2027-03-26,95000,put,0.26213678,0.256,0.2655,42.03,,,,,0.4,0.0,79213.9
2026-08-23 02:01:01,deribit,BTC,BTC-25DEC26-95000-C,2026-12-25,95000,call,0.03365306,0.033,0.0345,42.25,,,,,1423.0,2.0,78383.08
2026-08-23 02:01:01,deribit,BTC,BTC-11SEP26-82000-C,2026-09-11,82000,call,0.01659098,0.016,0.017,42.02,,,,,262.4,22.0,77341.64
2026-08-23 02:01:01,deribit,BTC,BTC-25SEP26-95000-C,2026-09-25,95000,call,0.0052344,0.005,0.0055,46.93,,,,,1851.9,14.5,77450.88
2026-08-23 02:01:01,deribit,BTC,BTC-11SEP26-74000-P,2026-09-11,74000,put,0.01878236,0.018,0.0195,40.61,,,,,90.7,0.0,77341.64
2026-08-23 02:01:01,deribit,BTC,BTC-24AUG26-77500-C,2026-08-24,77500,call,0.00780118,0.007,0.008,41.36,,,,,82.5,11.8,77186.5
2026-08-23 02:01:01,deribit,BTC,BTC-23AUG26-74000-C,2026-08-23,74000,call,0.04096568,0.0395,0.0425,59.24,,,,,35.5,1.0,77155.8
2026-08-23 02:01:01,deribit,BTC,BTC-25SEP26-35000-C,2026-09-25,35000,call,0.54843755,0.547,0.55,101.81,,,,,29.3,0.0,77450.88
2026-08-23 02:01:01,deribit,BTC,BTC-25DEC26-240000-P,2026-12-25,240000,put,2.06242672,2.036,2.081,69.53,,,,,0.0,0.0,78383.08
2026-08-23 02:01:01,deribit,BTC,BTC-28AUG26-86000-P,2026-08-28,86000,put,0.11458756,0.112,0.118,54.32,,,,,0.0,0.0,77251.38
2026-08-23 02:01:01,deribit,BTC,BTC-25JUN27-105000-C,2027-06-25,105000,call,0.06303155,0.0615,0.0645,42.35,,,,,144.7,4.0,80090.77
2026-08-23 02:01:01,deribit,BTC,BTC-25DEC26-86000-P,2026-12-25,86000,put,0.15732689,0.156,0.1585,41.69,,,,,23.4,0.0,78383.08
2026-08-23 02:01:01,deribit,BTC,BTC-28AUG26-79000-C,2026-08-28,79000,call,0.01208444,0.0115,0.0125,44.45,,,,,1140.9,49.9,77251.45
2026-08-23 02:01:01,deribit,BTC,BTC-25SEP26-200000-C,2026-09-25,200000,call,0.00014142,,0.0002,102.09,,,,,1027.4,0.0,77450.88
2026-08-23 02:01:01,deribit,BTC,BTC-28AUG26-78000-P,2026-08-28,78000,put,0.02615756,0.0255,0.027,43.66,,,,,291.3,44.0,77251.45
2026-08-23 02:01:01,deribit,BTC,BTC-4SEP26-53000-C,2026-09-04,53000,call,0.31460525,0.3125,0.317,82.42,,,,,0.0,0.0,77295.4
2026-08-23 02:01:01,deribit,BTC,BTC-24AUG26-83000-P,2026-08-24,83000,put,0.0755554,0.072,0.0785,61.28,,,,,0.0,0.0,77186.5
2026-08-23 02:01:01,deribit,BTC,BTC-26MAR27-150000-P,2027-03-26,150000,put,0.9021238,0.894,0.9085,48.06,,,,,0.6,0.0,79213.9
2026-08-23 02:01:01,deribit,BTC,BTC-24AUG26-87000-C,2026-08-24,87000,call,7.496e-05,,0.0001,79.05,,,,,36.9,11.9,77186.5
2026-08-23 02:01:01,deribit,BTC,BTC-25AUG26-70000-P,2026-08-25,70000,put,0.00028287,0.0002,0.0004,59.36,,,,,38.2,30.1,77207.85
2026-08-23 02:01:01,deribit,BTC,BTC-25SEP26-45000-P,2026-09-25,45000,put,0.00072298,0.0006,0.0008,79.24,,,,,2184.4,0.5,77450.88
2026-08-23 02:01:01,deribit,BTC,BTC-25DEC26-20000-C,2026-12-25,20000,call,0.74538534,0.7445,0.7465,93.65,,,,,2.9,0.0,78383.08
2026-08-23 02:01:01,deribit,BTC,BTC-26MAR27-110000-C,2027-03-26,110000,call,0.03245681,0.031,0.0335,42.98,,,,,1119.6,0.0,79212.12
2026-08-23 02:01:01,deribit,BTC,BTC-25SEP26-145000-C,2026-09-25,145000,call,0.00032071,0.0002,0.0004,76.61,,,,,476.8,0.8,77451.01
2026-08-23 02:01:01,deribit,BTC,BTC-26MAR27-125000-C,2027-03-26,125000,call,0.01819103,0.0175,0.019,44.65,,,,,293.2,0.0,79212.12
2026-08-23 02:01:01,deribit,BTC,BTC-23AUG26-75500-C,2026-08-23,75500,call,0.02167544,0.02,0.023,44.09,,,,,25.8,0.0,77155.82
2026-08-23 02:01:01,deribit,BTC,BTC-25DEC26-150000-P,2026-12-25,150000,put,0.91642199,0.9105,0.923,53.1,,,,,2.5,0.4,78384.86
2026-08-23 02:01:01,deribit,BTC,BTC-25JUN27-120000-P,2027-06-25,120000,put,0.53613557,0.529,0.546,43.09,,,,,0.1,0.0,80090.9
2026-08-23 02:01:01,deribit,BTC,BTC-30OCT26-87000-P,2026-10-30,87000,put,0.14867261,0.145,0.152,41.11,,,,,0.2,0.2,77774.86
2026-08-23 02:01:01,deribit,BTC,BTC-30OCT26-63000-P,2026-10-30,63000,put,0.01301251,0.0125,0.0135,45.72,,,,,489.7,23.3,77774.73
2026-08-23 02:01:01,deribit,BTC,BTC-11SEP26-60000-P,2026-09-11,60000,put,0.00125298,0.0011,0.0014,57.84,,,,,57.4,3.2,77343.42
2026-08-23 02:01:01,deribit,BTC,BTC-25SEP26-160000-C,2026-09-25,160000,call,0.00017809,0.0001,0.0004,82.27,,,,,1438.2,0.6,77450.88
2026-08-23 02:01:01,deribit,BTC,BTC-25JUN27-64000-P,2027-06-25,64000,put,0.06511703,0.064,0.0665,44.24,,,,,21.3,0.0,80090.77
2026-08-23 02:01:01,deribit,BTC,BTC-25AUG26-78500-C,2026-08-25,78500,call,0.00755564,0.007,0.008,45.51,,,,,81.5,0.0,77207.73
2026-08-23 02:01:01,deribit,BTC,BTC-23AUG26-67000-P,2026-08-23,67000,put,0.0,,0.0001,84.84,,,,,31.4,0.0,77155.74
2026-08-23 02:01:01,deribit,BTC,BTC-25JUN27-65000-C,2027-06-25,65000,call,0.25770815,0.256,0.259,44.05,,,,,0.0,0.0,80090.9
2026-08-23 02:01:01,deribit,BTC,BTC-25JUN27-95000-C,2027-06-25,95000,call,0.08997773,0.0885,0.0915,42.11,,,,,29.2,0.2,80090.9
2026-08-23 02:01:01,deribit,BTC,BTC-25DEC26-98000-C,2026-12-25,98000,call,0.02790078,0.027,0.0285,42.63,,,,,224.1,7.7,78384.86
2026-08-23 02:01:01,deribit,BTC,BTC-30OCT26-79000-P,2026-10-30,79000,put,0.07853199,0.0775,0.079,40.55,,,,,8.6,0.1,77774.73
2026-08-23 02:01:01,deribit,BTC,BTC-23AUG26-77000-P,2026-08-23,77000,put,0.00196671,0.0016,0.0022,27.84,,,,,82.3,60.4,77155.74
2026-08-23 02:01:01,deribit,BTC,BTC-4SEP26-65000-P,2026-09-04,65000,put,0.00138153,0.0013,0.0014,53.45,,,,,362.5,4.6,77295.4
2026-08-23 02:01:01,deribit,BTC,BTC-30OCT26-98000-C,2026-10-30,98000,call,0.01145119,0.011,0.012,43.85,,,,,20.6,4.0,77774.73
2026-08-23 02:01:01,deribit,BTC,BTC-26AUG26-85000-P,2026-08-26,85000,put,0.10148612,0.0985,0.105,57.44,,,,,0.0,0.0,77223.08
2026-08-23 02:01:01,deribit,BTC,BTC-25DEC26-108000-P,2026-12-25,108000,put,0.39326191,0.3885,0.398,44.19,,,,,0.1,0.0,78384.86
2026-08-23 02:01:01,deribit,BTC,BTC-23AUG26-66500-C,2026-08-23,66500,call,0.13818308,0.137,0.1395,84.84,,,,,9.8,0.0,77155.74
2026-08-23 02:01:01,deribit,BTC,BTC-25JUN27-74000-P,2027-06-25,74000,put,0.11453242,0.113,0.1165,42.83,,,,,9.1,2.0,80090.77
2026-08-23 02:01:01,deribit,BTC,BTC-28AUG26-94000-P,2026-08-28,94000,put,0.2169722,0.2125,0.221,68.91,,,,,0.0,0.0,77251.45
2026-08-23 02:01:01,deribit,BTC,BTC-25SEP26-86000-C,2026-09-25,86000,call,0.01540009,0.015,0.016,42.08,,,,,1024.0,9.2,77451.01
2026-08-23 02:01:01,deribit,BTC,BTC-25DEC26-115000-C,2026-12-25,115000,call,0.01069367,0.01,0.0115,45.56,,,,,2248.6,0.0,78383.08
2026-08-23 02:01:01,deribit,BTC,BTC-4SEP26-64000-P,2026-09-04,64000,put,0.00120758,0.0011,0.0013,56.05,,,,,212.5,1.0,77295.53
2026-08-23 02:01:01,deribit,BTC,BTC-25AUG26-80500-P,2026-08-25,80500,put,0.04551669,0.042,0.049,50.01,,,,,0.0,0.0,77207.73
2026-08-23 02:01:01,deribit,BTC,BTC-26MAR27-140000-P,2027-03-26,140000,put,0.77856656,0.771,0.785,46.65,,,,,0.1,0.0,79212.12
2026-08-23 02:01:01,deribit,BTC,BTC-26AUG26-76500-C,2026-08-26,76500,call,0.02128873,0.0205,0.022,43.04,,,,,0.0,0.0,77223.08
2026-08-23 02:01:01,deribit,BTC,BTC-25DEC26-80000-P,2026-12-25,80000,put,0.108891,0.1075,0.11,41.88,,,,,991.5,0.1,78383.08
2026-08-23 02:01:01,deribit,BTC,BTC-25SEP26-56000-P,2026-09-25,56000,put,0.00203236,0.0019,0.0023,58.95,,,,,1483.1,1.5,77450.88
2026-08-23 02:01:01,deribit,BTC,BTC-28AUG26-50000-P,2026-08-28,50000,put,4.55e-05,,0.0001,121.18,,,,,2232.2,120.3,77251.38
2026-08-23 02:01:01,deribit,BTC,BTC-11SEP26-69000-P,2026-09-11,69000,put,0.00604981,0.0055,0.0065,43.74,,,,,58.9,1.2,77341.64
2026-08-23 02:01:01,deribit,BTC,BTC-26MAR27-70000-P,2027-03-26,70000,put,0.07412338,0.0725,0.0755,43.11,,,,,202.4,1.0,79213.9
2026-08-23 02:01:01,deribit,BTC,BTC-25JUN27-86000-C,2027-06-25,86000,call,0.1246124,0.123,0.126,42.18,,,,,8.1,0.1,80090.9
2026-08-23 02:01:01,deribit,BTC,BTC-23AUG26-72000-C,2026-08-23,72000,call,0.06690606,0.0655,0.0685,75.51,,,,,70.5,10.0,77155.74
2026-08-23 02:01:01,deribit,BTC,BTC-26MAR27-64000-C,2027-03-26,64000,call,0.2411166,0.24,0.2425,44.34,,,,,143.9,0.0,79212.12
2026-08-23 02:01:01,deribit,BTC,BTC-25DEC26-82000-P,2026-12-25,82000,put,0.12378796,0.123,0.125,41.69,,,,,158.8,0.0,78384.86
2026-08-23 02:01:01,deribit,BTC,BTC-4SEP26-60000-P,2026-09-04,60000,put,0.00059151,0.0005,0.0007,64.45,,,,,1043.7,0.2,77295.53
2026-08-23 02:01:01,deribit,BTC,BTC-28AUG26-78000-C,2026-08-28,78000,call,0.01651626,0.016,0.017,43.66,,,,,1822.9,52.4,77251.45
2026-08-23 02:01:01,deribit,BTC,BTC-4SEP26-61000-C,2026-09-04,61000,call,0.21156966,0.209,0.214,62.39,,,,,5.5,0.0,77295.4
2026-08-23 02:01:01,deribit,BTC,BTC-25DEC26-90000-P,2026-12-25,90000,put,0.19464748,0.1915,0.1975,41.86,,,,,615.3,1.1,78384.86
2026-08-23 02:01:01,deribit,BTC,BTC-28AUG26-92000-C,2026-08-28,92000,call,0.00033946,0.0003,0.0004,64.26,,,,,450.3,5.5,77251.38
2026-08-23 02:01:01,deribit,BTC,BTC-26MAR27-50000-C,2027-03-26,50000,call,0.38508519,0.3825,0.388,49.42,,,,,20.6,0.0,79212.12
2026-08-23 02:01:01,deribit,BTC,BTC-28AUG26-79000-P,2026-08-28,79000,put,0.03465777,0.0335,0.036,44.45,,,,,41.7,0.0,77251.45
2026-08-23 02:01:01,deribit,BTC,BTC-30OCT26-74000-P,2026-10-30,74000,put,0.04732457,0.047,0.048,41.0,,,,,159.9,0.1,77774.73
2026-08-23 02:01:01,deribit,BTC,BTC-25JUN27-140000-P,2027-06-25,140000,put,0.76906401,0.761,0.783,44.71,,,,,0.5,0.0,80090.77
2026-08-23 02:01:01,deribit,BTC,BTC-25DEC26-180000-P,2026-12-25,180000,put,1.29785493,1.278,1.3115,59.78,,,,,0.1,0.0,78384.86
2026-08-23 02:01:01,deribit,BTC,BTC-25SEP26-83000-C,2026-09-25,83000,call,0.02305508,0.0225,0.0235,40.99,,,,,62.1,1.0,77450.88
2026-08-23 02:01:01,deribit,BTC,BTC-28AUG26-88000-P,2026-08-28,88000,put,0.13988504,0.136,0.143,57.55,,,,,0.0,0.0,77251.38
2026-08-23 02:01:01,deribit,BTC,BTC-24AUG26-69000-C,2026-08-24,69000,call,0.10616642,0.104,0.1085,73.35,,,,,0.0,0.0,77186.5
2026-08-23 02:01:01,deribit,BTC,BTC-28AUG26-96000-P,2026-08-28,96000,put,0.24276773,0.2385,0.246,71.68,,,,,0.1,0.0,77251.38
2026-08-23 02:01:01,deribit,BTC,BTC-28AUG26-86000-C,2026-08-28,86000,call,0.00143293,0.0013,0.0016,54.32,,,,,392.2,173.3,77251.38
2026-08-23 02:01:01,deribit,BTC,BTC-25JUN27-76000-C,2027-06-25,76000,call,0.17781366,0.176,0.1795,42.65,,,,,22.3,0.0,80090.9
2026-08-23 02:01:01,deribit,BTC,BTC-25DEC26-35000-P,2026-12-25,35000,put,0.00221915,0.002,0.0025,68.94,,,,,2390.0,0.2,78383.08
2026-08-23 02:01:01,deribit,BTC,BTC-25SEP26-150000-P,2026-09-25,150000,put,0.93689605,0.9295,0.943,79.21,,,,,4.5,0.0,77450.88
2026-08-23 02:01:01,deribit,BTC,BTC-28AUG26-57000-C,2026-08-28,57000,call,0.26235629,0.2605,0.2645,97.38,,,,,28.5,0.0,77251.38
2026-08-23 02:01:01,deribit,BTC,BTC-30OCT26-61000-C,2026-10-30,61000,call,0.22578857,0.2235,0.2285,46.88,,,,,7.7,0.0,77774.73
2026-08-23 02:01:01,deribit,BTC,BTC-26AUG26-68000-C,2026-08-26,68000,call,0.11976325,0.1175,0.1225,61.87,,,,,0.0,0.0,77223.06
2026-08-23 02:01:01,deribit,BTC,BTC-26MAR27-50000-P,2027-03-26,50000,put,0.0162865,0.0155,0.017,49.42,,,,,2161.0,1.2,79212.12
2026-08-23 02:01:01,deribit,BTC,BTC-30OCT26-92000-P,2026-10-30,92000,put,0.20192701,0.198,0.205,42.14,,,,,0.0,0.0,77774.73
2026-08-23 02:01:01,deribit,BTC,BTC-24AUG26-86000-C,2026-08-24,86000,call,0.00012535,,0.0002,76.68,,,,,13.3,0.7,77186.5
2026-08-23 02:01:01,deribit,BTC,BTC-26MAR27-190000-C,2027-03-26,190000,call,0.00388153,0.0034,0.0046,53.81,,,,,593.1,8.4,79212.12
2026-08-23 02:01:01,deribit,BTC,BTC-4SEP26-70000-C,2026-09-04,70000,call,0.09878647,0.0965,0.102,44.96,,,,,765.5,0.1,77295.4
2026-08-23 02:01:01,deribit,BTC,BTC-25DEC26-110000-C,2026-12-25,110000,call,0.0138584,0.013,0.0145,44.57,,,,,2642.6,15.3,78383.08
2026-08-23 02:01:01,deribit,BTC,BTC-28AUG26-48000-P,2026-08-28,48000,put,3.075e-05,,0.0001,127.52,,,,,1239.9,0.6,77251.38
2026-08-23 02:01:01,deribit,BTC,BTC-24AUG26-72500-P,2026-08-24,72500,put,0.0002858,0.0002,0.0004,54.46,,,,,33.5,41.3,77186.5
2026-08-23 02:01:01,deribit,BTC,BTC-25JUN27-190000-P,2027-06-25,190000,put,1.37931533,1.357,1.3975,49.2,,,,,0.0,0.0,80090.77
2026-08-23 02:01:01,deribit,BTC,BTC-25SEP26-88000-P,2026-09-25,88000,put,0.14805074,0.144,0.1515,43.04,,,,,5.7,0.0,77451.01
2026-08-23 02:01:01,deribit,BTC,BTC-24AUG26-70000-C,2026-08-24,70000,call,0.09323963,0.091,0.096,67.87,,,,,0.0,0.0,77186.5
2026-08-23 02:01:01,deribit,BTC,BTC-23AUG26-63500-P,2026-08-23,63500,put,0.0,,0.0001,94.31,,,,,80.3,0.0,77155.74
2026-08-23 02:01:01,deribit,BTC,BTC-25JUN27-102000-P,2027-06-25,102000,put,0.34355112,0.3375,0.348,42.27,,,,,0.0,0.0,80090.9
2026-08-23 02:01:01,deribit,BTC,BTC-4SEP26-62000-C,2026-09-04,62000,call,0.19881541,0.1965,0.2015,60.79,,,,,2.4,0.0,77295.4
2026-08-23 02:01:01,deribit,BTC,BTC-30OCT26-98000-P,2026-10-30,98000,put,0.27143382,0.267,0.276,43.85,,,,,0.0,0.0,77774.73
2026-08-23 02:01:01,deribit,BTC,BTC-26MAR27-76000-P,2027-03-26,76000,put,0.10736411,0.106,0.1085,42.38,,,,,30.2,4.0,79212.12
2026-08-23 02:01:01,deribit,BTC,BTC-30OCT26-64000-C,2026-10-30,64000,call,0.1917043,0.189,0.1945,44.94,,,,,422.7,20.0,77774.86
2026-08-23 02:01:01,deribit,BTC,BTC-25SEP26-76000-C,2026-09-25,76000,call,0.05763908,0.057,0.0585,40.01,,,,,3281.3,14.2,77449.18
2026-08-23 02:01:01,deribit,BTC,BTC-25AUG26-82000-P,2026-08-25,82000,put,0.06354034,0.0595,0.0665,54.23,,,,,0.8,0.0,77207.73
2026-08-23 02:01:01,deribit,BTC,BTC-25SEP26-110000-C,2026-09-25,110000,call,0.00152636,0.0013,0.0017,56.8,,,,,1372.7,1.4,77450.88
2026-08-23 02:01:01,deribit,BTC,BTC-25DEC26-82000-C,2026-12-25,82000,call,0.07766731,0.077,0.078,41.69,,,,,1166.0,0.8,78384.86
2026-08-23 02:01:01,deribit,BTC,BTC-4SEP26-77000-C,2026-09-04,77000,call,0.03195491,0.0315,0.0325,41.11,,,,,80.5,1.1,77295.4
2026-08-23 02:01:01,deribit,BTC,BTC-25SEP26-55000-P,2026-09-25,55000,put,0.00183643,0.0016,0.0021,60.66,,,,,2984.1,0.3,77450.88
2026-08-23 02:01:01,deribit,BTC,BTC-25DEC26-130000-P,2026-12-25,130000,put,0.66394733,0.6585,0.67,48.73,,,,,54.0,0.0,78383.08
2026-08-23 02:01:01,deribit,BTC,BTC-25DEC26-106000-C,2026-12-25,106000,call,0.01723979,0.0165,0.018,43.8,,,,,741.4,0.1,78384.86
2026-08-23 02:01:01,deribit,BTC,BTC-25DEC26-30000-C,2026-12-25,30000,call,0.61874702,0.6175,0.62,76.2,,,,,300.6,0.0,78383.08
2026-08-23 02:01:01,deribit,BTC,BTC-25DEC26-180000-C,2026-12-25,180000,call,0.00149253,0.0012,0.0019,59.78,,,,,935.4,0.0,78383.08
2026-08-23 02:01:01,deribit,BTC,BTC-25SEP26-74000-P,2026-09-25,74000,put,0.02848999,0.028,0.029,40.36,,,,,258.7,3.0,77450.96
2026-08-23 02:01:01,deribit,BTC,BTC-25DEC26-106000-P,2026-12-25,106000,put,0.36954209,0.365,0.374,43.8,,,,,0.2,0.0,78384.86
2026-08-23 02:01:01,deribit,BTC,BTC-30OCT26-94000-C,2026-10-30,94000,call,0.01600202,0.0155,0.0165,42.66,,,,,132.2,0.3,77774.73
2026-08-23 02:01:01,deribit,BTC,BTC-28AUG26-84000-P,2026-08-28,84000,put,0.08981306,0.086,0.093,51.19,,,,,8.5,0.0,77251.38
2026-08-23 02:01:01,deribit,BTC,BTC-26MAR27-88000-P,2027-03-26,88000,put,0.19744282,0.1955,0.199,41.9,,,,,4.5,0.0,79213.9
2026-08-23 02:01:01,deribit,BTC,BTC-30OCT26-57000-P,2026-10-30,57000,put,0.00651783,0.006,0.007,50.57,,,,,206.1,0.0,77774.73
2026-08-23 02:01:01,deribit,BTC,BTC-4SEP26-73000-P,2026-09-04,73000,put,0.01001876,0.0095,0.0105,42.2,,,,,31.3,0.6,77295.4
2026-08-23 02:01:01,deribit,BTC,BTC-25DEC26-62000-P,2026-12-25,62000,put,0.02462312,0.024,0.025,45.72,,,,,985.6,11.4,78383.08
2026-08-23 02:01:01,deribit,BTC,BTC-25JUN27-96000-C,2027-06-25,96000,call,0.08676537,0.085,0.0885,42.11,,,,,0.0,0.0,80090.77
2026-08-23 02:01:01,deribit,BTC,BTC-25SEP26-45000-C,2026-09-25,45000,call,0.41973913,0.418,0.4215,79.24,,,,,224.9,0.0,77450.88
2026-08-23 02:01:01,deribit,BTC,BTC-26MAR27-200000-C,2027-03-26,200000,call,0.00332604,0.0029,0.004,55.09,,,,,485.2,0.0,79212.12
2026-08-23 02:01:01,deribit,BTC,BTC-30OCT26-60000-P,2026-10-30,60000,put,0.00905756,0.009,0.0095,47.82,,,,,1191.5,53.9,77774.73
2026-08-23 02:01:01,deribit,BTC,BTC-30OCT26-52000-P,2026-10-30,52000,put,0.00389996,0.0036,0.0042,55.88,,,,,101.7,0.0,77774.73
2026-08-23 02:01:01,deribit,BTC,BTC-23AUG26-66000-C,2026-08-23,66000,call,0.1446629,0.1425,0.148,88.69,,,,,2.0,0.0,77155.74
2026-08-23 02:01:01,deribit,BTC,BTC-25DEC26-140000-P,2026-12-25,140000,put,0.7900368,0.7845,0.7965,51.31,,,,,0.3,0.0,78383.08
2026-08-23 02:01:01,deribit,BTC,BTC-28AUG26-92000-P,2026-08-28,92000,put,0.19115604,0.188,0.194,64.26,,,,,0.5,0.0,77251.38
2026-08-23 02:01:01,deribit,BTC,BTC-26MAR27-102000-P,2027-03-26,102000,put,0.33360422,0.328,0.339,42.41,,,,,0.1,0.0,79212.12
2026-08-23 02:01:01,deribit,BTC,BTC-25JUN27-104000-P,2027-06-25,104000,put,0.36380949,0.3575,0.3705,42.35,,,,,0.0,0.0,80090.77
2026-08-23 02:01:01,deribit,BTC,BTC-25SEP26-98000-P,2026-09-25,98000,put,0.26913737,0.2645,0.2735,48.84,,,,,0.1,0.0,77450.88
2026-08-23 02:01:01,deribit,BTC,BTC-25JUN27-98000-P,2027-06-25,98000,put,0.30424755,0.302,0.3075,42.14,,,,,0.0,0.0,80090.77
2026-08-23 02:01:01,deribit,BTC,BTC-24AUG26-77000-C,2026-08-24,77000,call,0.01084442,0.01,0.0115,41.01,,,,,87.3,15.7,77186.5
2026-08-23 02:01:01,deribit,BTC,BTC-25SEP26-40000-C,2026-09-25,40000,call,0.4841056,0.483,0.4855,91.26,,,,,34.4,0.0,77450.88
2026-08-23 02:01:01,deribit,BTC,BTC-25SEP26-155000-C,2026-09-25,155000,call,0.00019709,0.0002,0.0003,79.83,,,,,351.3,0.4,77451.01
2026-08-23 02:01:01,deribit,BTC,BTC-25JUN27-100000-P,2027-06-25,100000,put,0.32373172,0.318,0.328,42.21,,,,,0.8,0.0,80090.9
2026-08-23 02:01:01,deribit,BTC,BTC-23AUG26-69500-P,2026-08-23,69500,put,0.0,,0.0001,84.84,,,,,38.6,0.0,77155.74
2026-08-23 02:01:01,deribit,BTC,BTC-25SEP26-68000-P,2026-09-25,68000,put,0.01051266,0.01,0.011,43.66,,,,,2062.8,10.8,77450.88
2026-08-23 02:01:01,deribit,BTC,BTC-26MAR27-95000-C,2027-03-26,95000,call,0.06285428,0.062,0.0645,42.03,,,,,498.1,0.4,79213.9
2026-08-23 02:01:01,deribit,BTC,BTC-30OCT26-56000-C,2026-10-30,56000,call,0.28601628,0.2835,0.2885,51.85,,,,,0.0,0.0,77774.73
2026-08-23 02:01:01,deribit,BTC,BTC-25DEC26-70000-C,2026-12-25,70000,call,0.157512,0.1565,0.1585,43.08,,,,,1972.1,0.0,78383.08
2026-08-23 02:01:01,deribit,BTC,BTC-25DEC26-30000-P,2026-12-25,30000,put,0.00147409,0.0016,0.0017,76.2,,,,,2135.9,1.5,78384.86
2026-08-23 02:01:01,deribit,BTC,BTC-24AUG26-74500-C,2026-08-24,74500,call,0.03582056,0.034,0.0375,43.89,,,,,22.1,0.2,77186.5
2026-08-23 02:01:01,deribit,BTC,BTC-25JUN27-95000-P,2027-06-25,95000,put,0.27603164,0.2735,0.279,42.11,,,,,20.2,0.0,80090.9
2026-08-23 02:01:01,deribit,BTC,BTC-30OCT26-70000-P,2026-10-30,70000,put,0.02997364,0.0295,0.0305,42.02,,,,,251.9,0.3,77774.86
2026-08-23 02:01:01,deribit,BTC,BTC-25JUN27-82000-P,2027-06-25,82000,put,0.16761115,0.166,0.1695,42.3,,,,,2.3,0.0,80090.9
2026-08-23 02:01:01,deribit,BTC,BTC-25SEP26-180000-P,2026-09-25,180000,put,1.32407469,1.314,1.3325,91.92,,,,,10.5,0.0,77450.88
2026-08-23 02:01:01,deribit,BTC,BTC-24AUG26-65000-P,2026-08-24,65000,put,7.8e-07,,0.0001,77.75,,,,,11.1,0.0,77186.5
2026-08-23 02:01:01,deribit,BTC,BTC-30OCT26-68000-C,2026-10-30,68000,call,0.14930264,0.148,0.15,42.78,,,,,51.1,0.0,77774.73
2026-08-23 02:01:01,deribit,BTC,BTC-4SEP26-70000-P,2026-09-04,70000,put,0.00435542,0.0042,0.0043,44.96,,,,,99.8,51.1,77295.4
2026-08-23 02:01:01,deribit,BTC,BTC-4SEP26-75000-C,2026-09-04,75000,call,0.04687349,0.046,0.0475,41.2,,,,,556.2,0.5,77295.53
2026-08-23 02:01:01,deribit,BTC,BTC-24AUG26-74000-P,2026-08-24,74000,put,0.00062767,0.0006,0.0007,45.52,,,,,90.3,7.2,77186.5
2026-08-23 02:01:01,deribit,BTC,BTC-30OCT26-100000-C,2026-10-30,100000,call,0.00994986,0.0095,0.0105,44.71,,,,,621.6,12.1,77774.73
2026-08-23 02:01:01,deribit,BTC,BTC-25DEC26-105000-C,2026-12-25,105000,call,0.01826864,0.0175,0.019,43.64,,,,,885.3,0.1,78383.08
2026-08-23 02:01:01,deribit,BTC,BTC-24AUG26-73500-P,2026-08-24,73500,put,0.00047882,0.0004,0.0006,48.59,,,,,18.9,3.1,77186.5
2026-08-23 02:01:01,deribit,BTC,BTC-25DEC26-52000-C,2026-12-25,52000,call,0.34625116,0.3435,0.3485,51.57,,,,,0.1,0.0,78383.08
2026-08-23 02:01:01,deribit,BTC,BTC-25SEP26-145000-P,2026-09-25,145000,put,0.8723798,0.8645,0.8775,76.61,,,,,0.2,0.0,77451.01
2026-08-23 02:01:01,deribit,BTC,BTC-30OCT26-81000-C,2026-10-30,81000,call,0.05246115,0.052,0.053,40.53,,,,,48.7,1.0,77774.73
2026-08-23 02:01:01,deribit,BTC,BTC-30OCT26-55000-C,2026-10-30,55000,call,0.29818933,0.296,0.301,52.68,,,,,0.1,0.0,77774.73
2026-08-23 02:01:01,deribit,BTC,BTC-25DEC26-94000-P,2026-12-25,94000,put,0.23519184,0.232,0.2385,42.21,,,,,5.3,0.0,78383.08
2026-08-23 02:01:01,deribit,BTC,BTC-4SEP26-68000-P,2026-09-04,68000,put,0.00260817,0.0025,0.0028,47.79,,,,,211.7,1.0,77295.53
2026-08-23 02:01:01,deribit,BTC,BTC-25JUN27-66000-C,2027-06-25,66000,call,0.24946836,0.2475,0.251,43.87,,,,,33.6,0.0,80090.77
2026-08-23 02:01:01,deribit,BTC,BTC-4SEP26-90000-P,2026-09-04,90000,put,0.16661595,0.163,0.17,51.58,,,,,7.3,0.0,77295.4
2026-08-23 02:01:01,deribit,BTC,BTC-26AUG26-77500-C,2026-08-26,77500,call,0.01460089,0.014,0.015,43.2,,,,,0.0,0.0,77223.08
2026-08-23 02:01:01,deribit,BTC,BTC-23AUG26-65000-P,2026-08-23,65000,put,0.0,,0.0001,92.17,,,,,30.4,0.0,77155.8
2026-08-23 02:01:01,deribit,BTC,BTC-28AUG26-75000-C,2026-08-28,75000,call,0.03825273,0.037,0.039,43.33,,,,,3266.0,4.7,77251.45
2026-08-23 02:01:01,deribit,BTC,BTC-25JUN27-66000-P,2027-06-25,66000,put,0.07346371,0.072,0.075,43.87,,,,,38.1,0.0,80090.77
2026-08-23 02:01:01,deribit,BTC,BTC-23AUG26-68000-C,2026-08-23,68000,call,0.1187436,0.1175,0.12,84.84,,,,,29.9,1.0,77155.82
2026-08-23 02:01:01,deribit,BTC,BTC-24AUG26-76000-P,2026-08-24,76000,put,0.00367968,0.0034,0.0039,40.84,,,,,134.5,87.3,77186.5
2026-08-23 02:01:01,deribit,BTC,BTC-25DEC26-94000-C,2026-12-25,94000,call,0.03598036,0.0355,0.0365,42.21,,,,,147.1,4.6,78383.08
2026-08-23 02:01:01,deribit,BTC,BTC-28AUG26-72000-C,2026-08-28,72000,call,0.07070062,0.068,0.074,46.5,,,,,2995.0,3.0,77251.38
2026-08-23 02:01:01,deribit,BTC,BTC-25SEP26-56000-C,2026-09-25,56000,call,0.27903023,0.277,0.2815,58.95,,,,,13.4,0.0,77450.88
2026-08-23 02:01:01,deribit,BTC,BTC-25SEP26-62000-C,2026-09-25,62000,call,0.2036853,0.201,0.2065,49.92,,,,,597.4,0.0,77451.01
2026-08-23 02:01:01,deribit,BTC,BTC-30OCT26-105000-C,2026-10-30,105000,call,0.00695875,0.0065,0.0075,46.53,,,,,108.9,4.4,77774.73
2026-08-23 02:01:01,deribit,BTC,BTC-30OCT26-55000-P,2026-10-30,55000,put,0.00532244,0.005,0.0055,52.68,,,,,309.0,2.0,77774.73
2026-08-23 02:01:01,deribit,BTC,BTC-4SEP26-74000-P,2026-09-04,74000,put,0.01311146,0.0125,0.0135,41.54,,,,,86.7,0.5,77295.4
2026-08-23 02:01:01,deribit,BTC,BTC-25JUN27-160000-P,2027-06-25,160000,put,1.01053711,1.0,1.0245,46.49,,,,,0.1,0.0,80090.77
2026-08-23 02:01:01,deribit,BTC,BTC-25SEP26-70000-C,2026-09-25,70000,call,0.11083394,0.11,0.1135,42.09,,,,,11308.7,2.0,77450.88
2026-08-23 02:01:01,deribit,BTC,BTC-25SEP26-260000-P,2026-09-25,260000,put,2.3569393,2.34,2.3675,126.65,,,,,0.0,0.0,77450.88
2026-08-23 02:01:01,deribit,BTC,BTC-4SEP26-74000-C,2026-09-04,74000,call,0.05579572,0.055,0.057,41.54,,,,,810.4,0.2,77295.53
2026-08-23 02:01:01,deribit,BTC,BTC-28AUG26-77000-P,2026-08-28,77000,put,0.01909436,0.0185,0.0195,43.35,,,,,61.8,6.6,77251.45
2026-08-23 02:01:01,deribit,BTC,BTC-26MAR27-85000-C,2027-03-26,85000,call,0.09924329,0.098,0.1005,41.95,,,,,125.7,2.5,79212.12
2026-08-23 02:01:01,deribit,BTC,BTC-25JUN27-102000-C,2027-06-25,102000,call,0.07010377,0.069,0.0715,42.27,,,,,8.0,8.0,80090.9
2026-08-23 02:01:01,deribit,BTC,BTC-25DEC26-110000-P,2026-12-25,110000,put,0.41719098,0.413,0.422,44.57,,,,,54.2,0.0,78384.86
2026-08-23 02:01:01,deribit,BTC,BTC-28AUG26-67000-P,2026-08-28,67000,put,0.00057097,0.0005,0.0007,59.53,,,,,705.7,25.4,77251.38
2026-08-23 02:01:01,deribit,BTC,BTC-23AUG26-63000-C,2026-08-23,63000,call,0.18354186,0.1815,0.1855,94.31,,,,,0.0,0.0,77155.74
2026-08-23 02:01:01,deribit,BTC,BTC-26MAR27-52000-P,2027-03-26,52000,put,0.01916706,0.0185,0.02,48.41,,,,,126.3,0.1,79212.12
2026-08-23 02:01:01,deribit,BTC,BTC-25AUG26-70000-C,2026-08-25,70000,call,0.09371821,0.0905,0.0965,59.36,,,,,0.0,0.0,77207.73
2026-08-23 02:01:01,deribit,BTC,BTC-25AUG26-83000-C,2026-08-25,83000,call,0.00106604,0.001,0.0012,57.28,,,,,24.2,0.1,77207.73
2026-08-23 02:01:01,deribit,BTC,BTC-26AUG26-78500-P,2026-08-26,78500,put,0.02632714,0.023,0.029,44.39,,,,,0.0,0.0,77223.08
2026-08-23 02:01:01,deribit,BTC,BTC-24AUG26-80500-P,2026-08-24,80500,put,0.04396974,0.04,0.0465,50.97,,,,,0.0,0.0,77186.5
2026-08-23 02:01:01,deribit,BTC,BTC-30OCT26-89000-C,2026-10-30,89000,call,0.02501973,0.0245,0.0255,41.46,,,,,9.5,5.0,77774.73
2026-08-23 02:01:01,deribit,BTC,BTC-30OCT26-61000-P,2026-10-30,61000,put,0.01006347,0.0095,0.0105,46.88,,,,,301.2,100.3,77774.73
2026-08-23 02:01:01,deribit,BTC,BTC-23AUG26-79000-C,2026-08-23,79000,call,0.00011555,,0.0001,45.99,,,,,89.5,46.8,77155.74
2026-08-23 02:01:01,deribit,BTC,BTC-4SEP26-79000-C,2026-09-04,79000,call,0.02103517,0.0205,0.0215,41.69,,,,,65.4,17.0,77295.4
2026-08-23 02:01:01,deribit,BTC,BTC-25AUG26-84000-P,2026-08-25,84000,put,0.08864124,0.086,0.092,60.62,,,,,0.0,0.0,77207.73
2026-08-23 02:01:01,deribit,BTC,BTC-25JUN27-60000-P,2027-06-25,60000,put,0.05056211,0.0495,0.052,45.11,,,,,156.4,1.0,80090.77
2026-08-23 02:01:01,deribit,BTC,BTC-25DEC26-125000-P,2026-12-25,125000,put,0.60140725,0.597,0.607,47.65,,,,,9.1,0.0,78383.08
2026-08-23 02:01:01,deribit,BTC,BTC-11SEP26-71000-C,2026-09-11,71000,call,0.09159792,0.089,0.0945,42.15,,,,,2.1,0.1,77341.64
2026-08-23 02:01:01,deribit,BTC,BTC-11SEP26-80000-C,2026-09-11,80000,call,0.02362551,0.023,0.024,41.2,,,,,685.4,3.6,77341.64
2026-08-23 02:01:01,deribit,BTC,BTC-23AUG26-64000-C,2026-08-23,64000,call,0.17058221,0.1685,0.1725,93.46,,,,,0.0,0.0,77155.74
2026-08-23 02:01:01,deribit,BTC,BTC-26MAR27-110000-P,2027-03-26,110000,put,0.42109971,0.4155,0.427,42.98,,,,,4.5,0.0,79212.12
2026-08-23 02:01:01,deribit,BTC,BTC-25AUG26-75000-P,2026-08-25,75000,put,0.00380818,0.0036,0.004,44.06,,,,,26.7,20.3,77207.73
2026-08-23 02:01:01,deribit,BTC,BTC-26MAR27-52000-C,2027-03-26,52000,call,0.36271769,0.3605,0.366,48.41,,,,,5.3,0.0,79212.12
2026-08-23 02:01:01,deribit,BTC,BTC-25SEP26-90000-P,2026-09-25,90000,put,0.17115128,0.167,0.175,43.93,,,,,588.2,0.0,77450.88
2026-08-23 02:01:01,deribit,BTC,BTC-25JUN27-50000-P,2027-06-25,50000,put,0.02526557,0.024,0.0265,48.29,,,,,325.2,7.1,80090.9
2026-08-23 02:01:01,deribit,BTC,BTC-25SEP26-320000-P,2026-09-25,320000,put,3.1315281,3.1105,3.145,140.15,,,,,25.1,0.0,77450.88
2026-08-23 02:01:01,deribit,BTC,BTC-30OCT26-105000-P,2026-10-30,105000,put,0.35694014,0.3525,0.361,46.53,,,,,0.0,0.0,77774.73
2026-08-23 02:01:01,deribit,BTC,BTC-25AUG26-73000-C,2026-08-25,73000,call,0.05570619,0.053,0.059,48.24,,,,,0.0,0.0,77207.85
2026-08-23 02:01:01,deribit,BTC,BTC-26MAR27-68000-C,2027-03-26,68000,call,0.20656354,0.205,0.208,43.51,,,,,96.7,0.0,79212.12
2026-08-23 02:01:01,deribit,BTC,BTC-25DEC26-52000-P,2026-12-25,52000,put,0.00964474,0.009,0.01,51.57,,,,,529.3,0.2,78383.08
2026-08-23 02:01:01,deribit,BTC,BTC-25SEP26-94000-C,2026-09-25,94000,call,0.00593718,0.0055,0.0065,46.53,,,,,173.2,1.8,77450.88
2026-08-23 02:01:01,deribit,BTC,BTC-30OCT26-83000-P,2026-10-30,83000,put,0.11081065,0.1095,0.1115,40.64,,,,,0.0,0.0,77774.73
2026-08-23 02:01:01,deribit,BTC,BTC-24AUG26-80000-C,2026-08-24,80000,call,0.00146655,0.0013,0.0016,48.83,,,,,302.6,115.5,77186.5
2026-08-23 02:01:01,deribit,BTC,BTC-26AUG26-84000-C,2026-08-26,84000,call,0.00120851,0.0011,0.0014,55.07,,,,,0.1,0.1,77223.21
2026-08-23 02:01:01,deribit,BTC,BTC-25DEC26-96000-C,2026-12-25,96000,call,0.03164225,0.031,0.0325,42.39,,,,,1351.2,8.6,78383.08
2026-08-23 02:01:01,deribit,BTC,BTC-11SEP26-70000-C,2026-09-11,70000,call,0.1025114,0.1,0.106,42.8,,,,,286.2,0.3,77343.42
2026-08-23 02:01:01,deribit,BTC,BTC-25JUN27-170000-C,2027-06-25,170000,call,0.01102006,0.0105,0.012,47.86,,,,,57.0,0.1,80090.77
2026-08-23 02:01:01,deribit,BTC,BTC-28AUG26-83000-C,2026-08-28,83000,call,0.00343651,0.0032,0.0037,49.68,,,,,618.3,115.2,77251.45
2026-08-23 02:01:01,deribit,BTC,BTC-25DEC26-68000-C,2026-12-25,68000,call,0.17494963,0.174,0.176,43.56,,,,,936.7,0.2,78383.08
2026-08-23 02:01:01,deribit,BTC,BTC-23AUG26-85000-C,2026-08-23,85000,call,2e-08,,0.0001,82.44,,,,,83.8,45.6,77155.8
2026-08-23 02:01:01,deribit,BTC,BTC-25JUN27-40000-C,2027-06-25,40000,call,0.51236821,0.5095,0.5145,53.26,,,,,17.0,0.0,80090.77
2026-08-23 02:01:01,deribit,BTC,BTC-28AUG26-74000-C,2026-08-28,74000,call,0.04831731,0.047,0.049,44.44,,,,,2641.6,10.4,77251.45
2026-08-23 02:01:01,deribit,BTC,BTC-25SEP26-94000-P,2026-09-25,94000,put,0.2195479,0.2155,0.223,46.53,,,,,1.9,0.0,77451.01
2026-08-23 02:01:01,deribit,BTC,BTC-26MAR27-100000-C,2027-03-26,100000,call,0.05010873,0.0485,0.0515,42.24,,,,,570.8,2.6,79212.12
2026-08-23 02:01:01,deribit,BTC,BTC-26MAR27-68000-P,2027-03-26,68000,put,0.06499733,0.064,0.066,43.51,,,,,65.0,0.0,79212.12
2026-08-23 02:01:01,deribit,BTC,BTC-26AUG26-80000-P,2026-08-26,80000,put,0.04122121,0.038,0.044,46.56,,,,,0.0,0.0,77223.21
2026-08-23 02:01:01,deribit,BTC,BTC-24AUG26-78500-P,2026-08-24,78500,put,0.02088941,0.02,0.022,43.56,,,,,0.0,0.0,77186.5
2026-08-23 02:01:01,deribit,BTC,BTC-4SEP26-55000-C,2026-09-04,55000,call,0.28877747,0.2865,0.2915,76.55,,,,,0.0,0.0,77295.53
2026-08-23 02:01:01,deribit,BTC,BTC-25AUG26-88000-P,2026-08-25,88000,put,0.13991465,0.137,0.1435,72.88,,,,,0.0,0.0,77207.73
2026-08-23 02:01:01,deribit,BTC,BTC-25JUN27-52000-P,2027-06-25,52000,put,0.02921604,0.028,0.0305,47.53,,,,,26.4,2.0,80090.77
2026-08-23 02:01:01,deribit,BTC,BTC-11SEP26-85000-C,2026-09-11,85000,call,0.00990357,0.0095,0.0105,43.88,,,,,137.6,80.9,77341.64
2026-08-23 02:01:01,deribit,BTC,BTC-25SEP26-78000-P,2026-09-25,78000,put,0.05183544,0.051,0.0525,39.94,,,,,738.4,14.5,77450.88
2026-08-23 02:01:01,deribit,BTC,BTC-25AUG26-74000-C,2026-08-25,74000,call,0.04366833,0.041,0.047,45.74,,,,,0.0,0.0,77207.85
2026-08-23 02:01:01,deribit,BTC,BTC-23AUG26-64500-P,2026-08-23,64500,put,0.0,,0.0001,93.24,,,,,28.5,0.0,77155.8
2026-08-23 02:01:01,deribit,BTC,BTC-28AUG26-67000-C,2026-08-28,67000,call,0.13334585,0.1305,0.135,59.53,,,,,1836.0,6.9,77251.38
2026-08-23 02:01:01,deribit,BTC,BTC-26MAR27-125000-P,2027-03-26,125000,put,0.59619432,0.59,0.6015,44.65,,,,,0.1,0.0,79212.12
2026-08-23 02:01:01,deribit,BTC,BTC-26MAR27-115000-C,2027-03-26,115000,call,0.02647007,0.0255,0.0275,43.48,,,,,770.7,0.1,79212.12
2026-08-23 02:01:01,deribit,BTC,BTC-26AUG26-80000-C,2026-08-26,80000,call,0.00534624,0.005,0.0055,46.56,,,,,1.0,1.0,77223.06
2026-08-23 02:01:01,deribit,BTC,BTC-23AUG26-75000-C,2026-08-23,75000,call,0.02806759,0.0265,0.0295,46.86,,,,,27.6,1.6,77155.82
2026-08-23 02:01:01,deribit,BTC,BTC-26MAR27-86000-C,2027-03-26,86000,call,0.09481035,0.0935,0.096,41.92,,,,,133.4,1.6,79212.12
2026-08-23 02:01:01,deribit,BTC,BTC-11SEP26-95000-C,2026-09-11,95000,call,0.002374,0.0023,0.0025,52.36,,,,,27.3,14.9,77341.64
2026-08-23 02:01:01,deribit,BTC,BTC-24AUG26-62000-P,2026-08-24,62000,put,1e-08,,0.0001,77.81,,,,,1.3,1.0,77186.5
2026-08-23 02:01:01,deribit,BTC,BTC-28AUG26-46000-C,2026-08-28,46000,call,0.40460237,0.403,0.4065,127.58,,,,,1.8,0.0,77251.38
2026-08-23 02:01:01,deribit,BTC,BTC-11SEP26-67000-C,2026-09-11,67000,call,0.13768607,0.135,0.141,46.04,,,,,0.0,0.0,77341.64
2026-08-23 02:01:01,deribit,BTC,BTC-24AUG26-85000-P,2026-08-24,85000,put,0.10131204,0.097,0.104,70.53,,,,,0.0,0.0,77186.5
2026-08-23 02:01:01,deribit,BTC,BTC-25JUN27-80000-P,2027-06-25,80000,put,0.15340114,0.1515,0.155,42.44,,,,,31.7,21.6,80090.77
2026-08-23 02:01:01,deribit,BTC,BTC-4SEP26-79000-P,2026-09-04,79000,put,0.04303442,0.042,0.044,41.69,,,,,1.2,0.0,77295.4
2026-08-23 02:01:01,deribit,BTC,BTC-25DEC26-55000-P,2026-12-25,55000,put,0.01278308,0.012,0.0135,49.53,,,,,2500.3,20.0,78383.08
2026-08-23 02:01:01,deribit,BTC,BTC-25SEP26-98000-C,2026-09-25,98000,call,0.00388071,0.0037,0.0042,48.84,,,,,357.4,0.0,77450.96
2026-08-23 02:01:01,deribit,BTC,BTC-23AUG26-66500-P,2026-08-23,66500,put,0.0,,0.0001,84.84,,,,,18.7,0.0,77155.74
2026-08-23 02:01:01,deribit,BTC,BTC-23AUG26-73000-C,2026-08-23,73000,call,0.05395388,0.0525,0.0555,72.1,,,,,53.2,0.5,77155.82
2026-08-23 02:01:01,deribit,BTC,BTC-25JUN27-30000-P,2027-06-25,30000,put,0.00506498,0.005,0.0055,60.55,,,,,295.2,2.0,80090.9
2026-08-23 02:01:01,deribit,BTC,BTC-23AUG26-62500-P,2026-08-23,62500,put,0.0,,0.0001,94.89,,,,,7.1,0.0,77155.74
2026-08-23 02:01:01,deribit,BTC,BTC-25SEP26-100000-P,2026-09-25,100000,put,0.29440331,0.289,0.2985,50.44,,,,,336.6,142.0,77451.01
2026-08-23 02:01:01,deribit,BTC,BTC-30OCT26-102000-C,2026-10-30,102000,call,0.00845446,0.008,0.009,45.25,,,,,6.0,0.0,77774.73
2026-08-23 02:01:01,deribit,BTC,BTC-25AUG26-69000-C,2026-08-25,69000,call,0.10657096,0.104,0.109,63.01,,,,,0.0,0.0,77207.73
2026-08-23 02:01:01,deribit,BTC,BTC-25AUG26-71000-P,2026-08-25,71000,put,0.00042118,0.0003,0.0005,55.28,,,,,92.3,60.0,77207.85
2026-08-23 02:01:01,deribit,BTC,BTC-28AUG26-64000-C,2026-08-28,64000,call,0.1719575,0.1695,0.174,70.6,,,,,764.8,0.8,77251.38
2026-08-23 02:01:01,deribit,BTC,BTC-28AUG26-71000-C,2026-08-28,71000,call,0.08279534,0.08,0.086,48.35,,,,,1955.2,0.3,77251.38
2026-08-23 02:01:01,deribit,BTC,BTC-25SEP26-102000-C,2026-09-25,102000,call,0.00272317,0.0025,0.003,51.47,,,,,133.5,0.8,77450.88
2026-08-23 02:01:01,deribit,BTC,BTC-26MAR27-102000-C,2027-03-26,102000,call,0.04595354,0.045,0.047,42.41,,,,,127.1,0.2,79212.12
2026-08-23 02:01:01,deribit,BTC,BTC-26AUG26-71000-C,2026-08-26,71000,call,0.08143896,0.079,0.0845,51.27,,,,,0.0,0.0,77223.08
2026-08-23 02:01:01,deribit,BTC,BTC-25DEC26-78000-P,2026-12-25,78000,put,0.09463531,0.0935,0.0955,41.91,,,,,339.0,26.0,78384.86
2026-08-23 02:01:01,deribit,BTC,BTC-28AUG26-71000-P,2026-08-28,71000,put,0.0017976,0.0017,0.0018,48.35,,,,,237.3,8.4,77251.45
2026-08-23 02:01:01,deribit,BTC,BTC-25JUN27-76000-P,2027-06-25,76000,put,0.12665678,0.125,0.128,42.65,,,,,31.1,0.0,80090.9
2026-08-23 02:01:01,deribit,BTC,BTC-11SEP26-79000-C,2026-09-11,79000,call,0.02809912,0.0275,0.0285,40.89,,,,,4.5,0.3,77341.64
2026-08-23 02:01:01,deribit,BTC,BTC-23AUG26-74500-P,2026-08-23,74500,put,2.2e-05,,0.0001,52.38,,,,,36.0,16.0,77155.74
2026-08-23 02:01:01,deribit,BTC,BTC-25SEP26-80000-C,2026-09-25,80000,call,0.03456699,0.034,0.035,40.28,,,,,3991.2,73.9,77450.88
2026-08-23 02:01:01,deribit,BTC,BTC-23AUG26-59000-C,2026-08-23,59000,call,0.23538047,0.233,0.2385,95.24,,,,,0.0,0.0,77155.74
2026-08-23 02:01:01,deribit,BTC,BTC-25JUN27-78000-C,2027-06-25,78000,call,0.16582568,0.164,0.1675,42.52,,,,,13.2,0.0,80090.77
2026-08-23 02:01:01,deribit,BTC,BTC-28AUG26-58000-C,2026-08-28,58000,call,0.24943704,0.2475,0.2515,93.9,,,,,155.0,0.0,77251.38
2026-08-23 02:01:01,deribit,BTC,BTC-4SEP26-84000-C,2026-09-04,84000,call,0.0069262,0.0065,0.0075,44.75,,,,,19.6,11.1,77295.4
2026-08-23 02:01:01,deribit,BTC,BTC-23AUG26-82000-C,2026-08-23,82000,call,4.44e-06,,0.0001,73.87,,,,,29.4,17.5,77155.82
2026-08-23 02:01:01,deribit,BTC,BTC-25JUN27-62000-C,2027-06-25,62000,call,0.28329917,0.2815,0.285,44.6,,,,,116.9,0.0,80090.9
2026-08-23 02:01:01,deribit,BTC,BTC-25SEP26-92000-P,2026-09-25,92000,put,0.19515287,0.1905,0.199,45.26,,,,,4.3,0.0,77450.88
2026-08-23 02:01:01,deribit,BTC,BTC-23AUG26-68500-C,2026-08-23,68500,call,0.11226377,0.111,0.1135,84.84,,,,,55.1,0.0,77155.74
2026-08-23 02:01:01,deribit,BTC,BTC-25AUG26-83000-P,2026-08-25,83000,put,0.0759927,0.0715,0.0795,57.28,,,,,0.0,0.0,77207.73
2026-08-23 02:01:01,deribit,BTC,BTC-26MAR27-58000-C,2027-03-26,58000,call,0.29888648,0.296,0.302,46.02,,,,,4.3,0.0,79212.12
2026-08-23 02:01:01,deribit,BTC,BTC-26MAR27-94000-C,2027-03-26,94000,call,0.06575281,0.065,0.067,41.99,,,,,131.9,2.2,79212.12
2026-08-23 02:01:01,deribit,BTC,BTC-28AUG26-53000-P,2026-08-28,53000,put,0.00014444,0.0001,0.0002,118.4,,,,,1672.7,180.7,77251.38
2026-08-23 02:01:01,deribit,BTC,BTC-26MAR27-72000-C,2027-03-26,72000,call,0.17539042,0.174,0.177,42.83,,,,,95.4,0.0,79212.12
2026-08-23 02:01:01,deribit,BTC,BTC-25JUN27-50000-C,2027-06-25,50000,call,0.40102668,0.397,0.403,48.29,,,,,17.5,0.0,80090.9
2026-08-23 02:01:01,deribit,BTC,BTC-26AUG26-72000-C,2026-08-26,72000,call,0.06889439,0.0665,0.072,48.26,,,,,0.0,0.0,77223.08
2026-08-23 02:01:01,deribit,BTC,BTC-25DEC26-55000-C,2026-12-25,55000,call,0.31111679,0.3085,0.313,49.53,,,,,44.9,0.0,78383.08
2026-08-23 02:01:01,deribit,BTC,BTC-24AUG26-75500-C,2026-08-24,75500,call,0.02425996,0.023,0.0255,41.49,,,,,1.2,0.0,77186.5
2026-08-23 02:01:01,deribit,BTC,BTC-25SEP26-52000-C,2026-09-25,52000,call,0.32998918,0.328,0.332,65.76,,,,,150.0,0.0,77451.01
2026-08-23 02:01:01,deribit,BTC,BTC-28AUG26-69000-P,2026-08-28,69000,put,0.00095582,0.0009,0.0011,53.54,,,,,898.9,68.8,77251.38
2026-08-23 02:01:01,deribit,BTC,BTC-25DEC26-240000-C,2026-12-25,240000,call,0.00061017,0.0004,0.0009,69.53,,,,,791.8,0.5,78383.08
2026-08-23 02:01:01,deribit,BTC,BTC-11SEP26-86000-C,2026-09-11,86000,call,0.00841419,0.008,0.009,44.64,,,,,110.4,41.2,77341.64
2026-08-23 02:01:01,deribit,BTC,BTC-25AUG26-75500-C,2026-08-25,75500,call,0.02748252,0.0265,0.0285,43.89,,,,,0.8,0.0,77207.73
2026-08-23 02:01:01,deribit,BTC,BTC-23AUG26-67500-P,2026-08-23,67500,put,0.0,,0.0001,84.84,,,,,2.7,0.0,77155.74
2026-08-23 02:01:01,deribit,BTC,BTC-26MAR27-66000-P,2027-03-26,66000,put,0.05660363,0.055,0.058,43.9,,,,,106.2,3.0,79212.12
2026-08-23 02:01:01,deribit,BTC,BTC-26AUG26-81000-C,2026-08-26,81000,call,0.0036185,0.0035,0.0038,48.56,,,,,0.3,0.3,77223.21
2026-08-23 02:01:01,deribit,BTC,BTC-24AUG26-83000-C,2026-08-24,83000,call,0.00029591,0.0002,0.0004,61.28,,,,,43.0,15.6,77186.5
2026-08-23 02:01:01,deribit,BTC,BTC-25DEC26-75000-C,2026-12-25,75000,call,0.11899301,0.118,0.12,42.21,,,,,1956.2,0.3,78384.86
2026-08-23 02:01:01,deribit,BTC,BTC-11SEP26-88000-C,2026-09-11,88000,call,0.00594165,0.0055,0.0065,45.79,,,,,86.7,1.1,77341.64
2026-08-23 02:01:01,deribit,BTC,BTC-25SEP26-77000-P,2026-09-25,77000,put,0.04504525,0.0445,0.0455,39.94,,,,,786.2,85.8,77451.01
2026-08-23 02:01:01,deribit,BTC,BTC-24AUG26-79500-P,2026-08-24,79500,put,0.03193053,0.0285,0.035,46.93,,,,,0.0,0.0,77186.5
2026-08-23 02:01:01,deribit,BTC,BTC-26MAR27-35000-P,2027-03-26,35000,put,0.00424737,0.0038,0.0045,59.15,,,,,614.6,0.2,79212.12
2026-08-23 02:01:01,deribit,BTC,BTC-26AUG26-78500-C,2026-08-26,78500,call,0.00986975,0.0095,0.0105,44.39,,,,,0.5,0.5,77223.06
2026-08-23 02:01:01,deribit,BTC,BTC-25JUN27-30000-C,2027-06-25,30000,call,0.63052165,0.628,0.632,60.55,,,,,38.8,0.0,80090.9
2026-08-23 02:01:01,deribit,BTC,BTC-23AUG26-84000-C,2026-08-23,84000,call,1.6e-07,,0.0001,81.37,,,,,50.1,36.3,77155.74
2026-08-23 02:01:01,deribit,BTC,BTC-4SEP26-81000-C,2026-09-04,81000,call,0.01352915,0.013,0.014,42.67,,,,,0.2,0.2,77295.4
2026-08-23 02:01:01,deribit,BTC,BTC-30OCT26-73000-C,2026-10-30,73000,call,0.10379723,0.1025,0.1045,41.19,,,,,196.4,0.0,77774.73
2026-08-23 02:01:01,deribit,BTC,BTC-25AUG26-68000-P,2026-08-25,68000,put,0.00017298,0.0001,0.0002,69.55,,,,,12.4,0.0,77207.85
2026-08-23 02:01:01,deribit,BTC,BTC-28AUG26-61000-P,2026-08-28,61000,put,0.0002364,0.0002,0.0003,82.04,,,,,1548.4,90.0,77251.38
2026-08-23 02:01:01,deribit,BTC,BTC-24AUG26-71000-C,2026-08-24,71000,call,0.08035042,0.078,0.084,63.5,,,,,2.0,0.0,77186.5
2026-08-23 02:01:01,deribit,BTC,BTC-30OCT26-81000-P,2026-10-30,81000,put,0.09387536,0.0925,0.0945,40.53,,,,,0.0,0.0,77774.73
2026-08-23 02:01:01,deribit,BTC,BTC-25SEP26-50000-P,2026-09-25,50000,put,0.00106654,0.001,0.0011,68.94,,,,,3661.6,7.2,77450.88
2026-08-23 02:01:01,deribit,BTC,BTC-23AUG26-73500-P,2026-08-23,73500,put,1.246e-05,,0.0001,66.23,,,,,33.0,12.1,77155.74
2026-08-23 02:01:01,deribit,BTC,BTC-26MAR27-64000-P,2027-03-26,64000,put,0.04905429,0.048,0.05,44.34,,,,,125.9,1.0,79212.12
2026-08-23 02:01:01,deribit,BTC,BTC-4SEP26-84000-P,2026-09-04,84000,put,0.09360895,0.091,0.0965,44.75,,,,,0.0,0.0,77295.4
2026-08-23 02:01:01,deribit,BTC,BTC-28AUG26-61000-C,2026-08-28,61000,call,0.21067323,0.208,0.2125,82.04,,,,,611.6,0.0,77251.38
2026-08-23 02:01:01,deribit,BTC,BTC-26MAR27-115000-P,2027-03-26,115000,put,0.4782331,0.4725,0.4845,43.48,,,,,2.2,0.0,79212.12
2026-08-23 02:01:01,deribit,BTC,BTC-26MAR27-35000-C,2027-03-26,35000,call,0.56240645,0.5605,0.5645,59.15,,,,,8.9,0.1,79213.9
2026-08-23 02:01:01,deribit,BTC,BTC-25AUG26-73000-P,2026-08-25,73000,put,0.00112361,0.001,0.0012,48.24,,,,,44.7,31.0,77207.73
2026-08-23 02:01:01,deribit,BTC,BTC-25JUN27-54000-P,2027-06-25,54000,put,0.03366351,0.0325,0.035,46.83,,,,,21.2,0.0,80090.77
2026-08-23 02:01:01,deribit,BTC,BTC-30OCT26-77000-C,2026-10-30,77000,call,0.07473111,0.0735,0.0755,40.61,,,,,88.8,30.4,77774.73
2026-08-23 02:01:01,deribit,BTC,BTC-25SEP26-140000-P,2026-09-25,140000,put,0.80787472,0.801,0.8135,73.94,,,,,1.4,0.0,77450.88
2026-08-23 02:01:01,deribit,BTC,BTC-23AUG26-58000-C,2026-08-23,58000,call,0.24831188,0.246,0.251,95.3,,,,,0.0,0.0,77155.8
2026-08-23 02:01:01,deribit,BTC,BTC-23AUG26-71500-P,2026-08-23,71500,put,3.3e-07,,0.0001,76.77,,,,,45.7,30.0,77155.74
2026-08-23 02:01:01,deribit,BTC,BTC-28AUG26-70000-C,2026-08-28,70000,call,0.09520733,0.093,0.0985,50.61,,,,,2694.3,5.2,77251.38
2026-08-23 02:01:01,deribit,BTC,BTC-11SEP26-84000-P,2026-09-11,84000,put,0.09783511,0.094,0.1005,43.26,,,,,0.0,0.0,77343.42
2026-08-23 02:01:01,deribit,BTC,BTC-26MAR27-108000-P,2027-03-26,108000,put,0.39874816,0.393,0.405,42.83,,,,,0.1,0.0,79212.12
2026-08-23 02:01:01,deribit,BTC,BTC-26MAR27-180000-C,2027-03-26,180000,call,0.00470052,0.0041,0.0055,52.66,,,,,507.3,4.5,79212.12
2026-08-23 02:01:01,deribit,BTC,BTC-23AUG26-67000-C,2026-08-23,67000,call,0.13170325,0.1305,0.133,84.84,,,,,64.3,0.4,77155.74
2026-08-23 02:01:01,deribit,BTC,BTC-26MAR27-84000-P,2027-03-26,84000,put,0.1642883,0.1625,0.1655,41.98,,,,,55.2,0.0,79213.9
2026-08-23 02:01:01,deribit,BTC,BTC-23AUG26-70500-P,2026-08-23,70500,put,8e-08,,0.0001,83.53,,,,,15.1,0.2,77155.82
2026-08-23 02:01:01,deribit,BTC,BTC-28AUG26-76000-P,2026-08-28,76000,put,0.01337904,0.013,0.014,43.21,,,,,254.1,110.2,77251.38
2026-08-23 02:01:01,deribit,BTC,BTC-23AUG26-58000-P,2026-08-23,58000,put,0.0,,0.0001,95.3,,,,,4.4,0.0,77155.74
2026-08-23 02:01:01,deribit,BTC,BTC-30OCT26-72000-P,2026-10-30,72000,put,0.03782656,0.0375,0.0385,41.42,,,,,57.4,1.0,77774.73
2026-08-23 02:01:01,deribit,BTC,BTC-24AUG26-62000-C,2026-08-24,62000,call,0.19679413,0.194,0.199,77.81,,,,,0.0,0.0,77186.5
2026-08-23 02:01:01,deribit,BTC,BTC-4SEP26-90000-C,2026-09-04,90000,call,0.00231301,0.0022,0.0024,51.58,,,,,90.1,52.5,77295.4
2026-08-23 02:01:01,deribit,BTC,BTC-4SEP26-76000-C,2026-09-04,76000,call,0.03893088,0.038,0.0395,41.09,,,,,161.8,0.6,77295.53
2026-08-23 02:01:01,deribit,BTC,BTC-30OCT26-50000-P,2026-10-30,50000,put,0.00325713,0.003,0.0035,58.4,,,,,362.1,2.2,77774.73
2026-08-23 02:01:01,deribit,BTC,BTC-23AUG26-77000-C,2026-08-23,77000,call,0.00407343,0.0038,0.0048,27.84,,,,,129.6,169.0,77155.74
2026-08-23 02:01:01,deribit,BTC,BTC-24AUG26-78500-C,2026-08-24,78500,call,0.00392713,0.0036,0.0042,43.56,,,,,2.1,1.1,77186.5
2026-08-23 02:01:01,deribit,BTC,BTC-26AUG26-75000-C,2026-08-26,75000,call,0.03445428,0.032,0.0385,43.28,,,,,0.0,0.0,77223.08
2026-08-23 02:01:01,deribit,BTC,BTC-25SEP26-120000-C,2026-09-25,120000,call,0.00081593,0.0006,0.001,62.6,,,,,1149.8,0.4,77450.88
2026-08-23 02:01:01,deribit,BTC,BTC-24AUG26-70000-P,2026-08-24,70000,put,8.498e-05,,0.0002,67.87,,,,,35.3,1.3,77186.5
2026-08-23 02:01:01,deribit,BTC,BTC-30OCT26-78000-C,2026-10-30,78000,call,0.06854187,0.068,0.069,40.55,,,,,295.5,1.5,77774.73
2026-08-23 02:01:01,deribit,BTC,BTC-25SEP26-170000-P,2026-09-25,170000,put,1.19496573,1.1855,1.203,86.33,,,,,0.0,0.0,77450.88
2026-08-23 02:01:01,deribit,BTC,BTC-28AUG26-72000-P,2026-08-28,72000,put,0.00264762,0.0024,0.0029,46.5,,,,,760.3,114.0,77251.45
2026-08-23 02:01:01,deribit,BTC,BTC-4SEP26-65000-C,2026-09-04,65000,call,0.16049607,0.158,0.163,53.45,,,,,298.4,0.1,77295.4
2026-08-23 02:01:01,deribit,BTC,BTC-4SEP26-66000-C,2026-09-04,66000,call,0.1478932,0.1455,0.151,51.64,,,,,459.6,0.1,77295.4
2026-08-23 02:01:01,deribit,BTC,BTC-26MAR27-88000-C,2027-03-26,88000,call,0.08652851,0.0855,0.088,41.9,,,,,76.7,0.0,79213.9
2026-08-23 02:01:01,deribit,BTC,BTC-30OCT26-83000-C,2026-10-30,83000,call,0.04368251,0.043,0.044,40.64,,,,,67.5,0.0,77774.73
2026-08-23 02:01:01,deribit,BTC,BTC-26MAR27-74000-P,2027-03-26,74000,put,0.09538019,0.094,0.0965,42.58,,,,,54.2,0.1,79212.12
2026-08-23 02:01:01,deribit,BTC,BTC-26MAR27-170000-C,2027-03-26,170000,call,0.00567527,0.005,0.0065,51.29,,,,,379.5,22.3,79212.12
2026-08-23 02:01:01,deribit,BTC,BTC-28AUG26-73000-P,2026-08-28,73000,put,0.00397767,0.0038,0.0043,45.03,,,,,393.1,51.7,77251.45
2026-08-23 02:01:01,deribit,BTC,BTC-26MAR27-74000-C,2027-03-26,74000,call,0.16120224,0.16,0.1625,42.58,,,,,73.2,0.0,79212.12
2026-08-23 02:01:01,deribit,BTC,BTC-25SEP26-81000-C,2026-09-25,81000,call,0.03024686,0.0295,0.031,40.48,,,,,12.3,10.6,77450.88
2026-08-23 02:01:01,deribit,BTC,BTC-25DEC26-64000-P,2026-12-25,64000,put,0.02967272,0.029,0.0305,44.92,,,,,347.3,10.2,78383.08
2026-08-23 02:01:01,deribit,BTC,BTC-28AUG26-84000-C,2026-08-28,84000,call,0.00254259,0.0023,0.0028,51.19,,,,,107.5,6.7,77251.45
2026-08-23 02:01:01,deribit,BTC,BTC-26MAR27-54000-C,2027-03-26,54000,call,0.34085791,0.3385,0.344,47.52,,,,,0.1,0.0,79213.9
2026-08-23 02:01:01,deribit,BTC,BTC-25JUN27-96000-P,2027-06-25,96000,put,0.28530405,0.283,0.289,42.11,,,,,0.0,0.0,80090.9
2026-08-23 02:01:01,deribit,BTC,BTC-25SEP26-115000-C,2026-09-25,115000,call,0.00112006,0.0009,0.0013,59.94,,,,,2145.5,0.3,77450.96
2026-08-23 02:01:01,deribit,BTC,BTC-28AUG26-60000-C,2026-08-28,60000,call,0.22356917,0.221,0.2255,84.87,,,,,425.9,0.0,77251.38
2026-08-23 02:01:01,deribit,BTC,BTC-26MAR27-120000-P,2027-03-26,120000,put,0.53675246,0.5305,0.5415,44.06,,,,,1.8,0.0,79213.9
2026-08-23 02:01:01,deribit,BTC,BTC-25JUN27-84000-P,2027-06-25,84000,put,0.18269209,0.181,0.1845,42.25,,,,,0.1,0.0,80090.9
2026-08-23 02:01:01,deribit,BTC,BTC-25AUG26-78000-C,2026-08-25,78000,call,0.00955149,0.009,0.01,44.66,,,,,120.3,0.1,77207.73
2026-08-23 02:01:01,deribit,BTC,BTC-11SEP26-81000-C,2026-09-11,81000,call,0.019801,0.019,0.0205,41.57,,,,,51.2,50.1,77343.42
2026-08-23 02:01:01,deribit,BTC,BTC-30OCT26-78000-P,2026-10-30,78000,put,0.07138519,0.0705,0.072,40.55,,,,,53.7,2.7,77774.73
2026-08-23 02:01:01,deribit,BTC,BTC-11SEP26-82000-P,2026-09-11,82000,put,0.07679697,0.0735,0.079,42.02,,,,,1.8,1.8,77341.64
2026-08-23 02:01:01,deribit,BTC,BTC-25AUG26-86000-P,2026-08-25,86000,put,0.11416517,0.11,0.118,66.31,,,,,0.0,0.0,77207.85
2026-08-23 02:01:01,deribit,BTC,BTC-26MAR27-104000-P,2027-03-26,104000,put,0.35502003,0.3485,0.359,42.56,,,,,0.1,0.0,79212.12
2026-08-23 02:01:01,deribit,BTC,BTC-24AUG26-70500-C,2026-08-24,70500,call,0.08681131,0.0845,0.0895,67.14,,,,,0.4,0.0,77186.5
2026-08-23 02:01:01,deribit,BTC,BTC-24AUG26-66000-P,2026-08-24,66000,put,3.08e-06,,0.0001,77.75,,,,,3.8,0.0,77186.5
2026-08-23 02:01:01,deribit,BTC,BTC-28AUG26-57000-P,2026-08-28,57000,put,0.00014482,0.0001,0.0002,97.38,,,,,1116.7,0.4,77251.38
2026-08-23 02:01:01,deribit,BTC,BTC-26MAR27-94000-P,2027-03-26,94000,put,0.25241128,0.2465,0.256,41.99,,,,,9.1,0.0,79212.12
2026-08-23 02:01:01,deribit,BTC,BTC-4SEP26-67000-P,2026-09-04,67000,put,0.00206457,0.002,0.0023,49.47,,,,,586.0,2.4,77295.4
2026-08-23 02:01:01,deribit,BTC,BTC-25DEC26-100000-P,2026-12-25,100000,put,0.30041494,0.297,0.3045,42.89,,,,,303.2,0.0,78383.08
2026-08-23 02:01:01,deribit,BTC,BTC-25DEC26-75000-P,2026-12-25,75000,put,0.07581068,0.075,0.0765,42.21,,,,,1011.8,0.6,78383.08
2026-08-23 02:01:01,deribit,BTC,BTC-28AUG26-70000-P,2026-08-28,70000,put,0.00126342,0.0012,0.0014,50.61,,,,,969.7,29.4,77251.38
2026-08-23 02:01:01,deribit,BTC,BTC-28AUG26-60000-P,2026-08-28,60000,put,0.00018868,0.0001,0.0002,84.87,,,,,2424.2,0.0,77251.38
2026-08-23 02:01:01,deribit,BTC,BTC-26AUG26-69000-C,2026-08-26,69000,call,0.10694677,0.1045,0.1105,58.19,,,,,0.0,0.0,77223.21
2026-08-23 02:01:01,deribit,BTC,BTC-25SEP26-130000-C,2026-09-25,130000,call,0.00046658,0.0003,0.0007,67.57,,,,,1417.0,0.0,77450.88
2026-08-23 02:01:01,deribit,BTC,BTC-24AUG26-80500-C,2026-08-24,80500,call,0.00109759,0.001,0.0012,50.97,,,,,0.5,0.5,77186.67
2026-08-23 02:01:01,deribit,BTC,BTC-26MAR27-76000-C,2027-03-26,76000,call,0.14793811,0.1465,0.149,42.38,,,,,528.4,0.4,79212.12
2026-08-23 02:01:01,deribit,BTC,BTC-11SEP26-90000-C,2026-09-11,90000,call,0.00452293,0.0043,0.0045,47.79,,,,,489.2,1.6,77341.64
2026-08-23 02:01:01,deribit,BTC,BTC-23AUG26-82000-P,2026-08-23,82000,put,0.06269599,0.0585,0.0655,73.87,,,,,0.0,0.0,77155.74
2026-08-23 02:01:01,deribit,BTC,BTC-25JUN27-92000-C,2027-06-25,92000,call,0.10020509,0.0985,0.102,42.07,,,,,14.6,0.0,80090.9
2026-08-23 02:01:01,deribit,BTC,BTC-30OCT26-65000-P,2026-10-30,65000,put,0.01645035,0.016,0.017,44.37,,,,,409.4,9.5,77774.73
2026-08-23 02:01:01,deribit,BTC,BTC-30OCT26-59000-P,2026-10-30,59000,put,0.00802671,0.0075,0.0085,48.58,,,,,79.2,0.3,77774.73
2026-08-23 02:01:01,deribit,BTC,BTC-25SEP26-92000-C,2026-09-25,92000,call,0.0073582,0.007,0.0075,45.26,,,,,791.1,3.2,77450.96
2026-08-23 02:01:01,deribit,BTC,BTC-25SEP26-83000-P,2026-09-25,83000,put,0.09464752,0.092,0.097,40.99,,,,,0.0,0.0,77451.01
2026-08-23 02:01:01,deribit,BTC,BTC-25SEP26-125000-C,2026-09-25,125000,call,0.00063278,0.0005,0.0008,65.43,,,,,2307.5,0.0,77451.01
2026-08-23 02:01:01,deribit,BTC,BTC-26AUG26-83000-C,2026-08-26,83000,call,0.00167901,0.0015,0.0018,52.61,,,,,0.1,0.1,77223.06
2026-08-23 02:01:01,deribit,BTC,BTC-30OCT26-82000-C,2026-10-30,82000,call,0.04785027,0.0475,0.0485,40.55,,,,,1132.8,26.2,77774.73
2026-08-23 02:01:01,deribit,BTC,BTC-25DEC26-120000-P,2026-12-25,120000,put,0.53936542,0.535,0.5445,46.66,,,,,35.7,0.0,78383.08
2026-08-23 02:01:01,deribit,BTC,BTC-23AUG26-77500-C,2026-08-23,77500,call,0.0014386,0.0011,0.0017,30.19,,,,,111.3,34.9,77155.82
2026-08-23 02:01:01,deribit,BTC,BTC-30OCT26-110000-C,2026-10-30,110000,call,0.00511935,0.0048,0.0055,48.55,,,,,20.1,2.1,77774.73
2026-08-23 02:01:01,deribit,BTC,BTC-28AUG26-56000-C,2026-08-28,56000,call,0.27529984,0.273,0.2775,102.52,,,,,63.3,0.0,77251.38
2026-08-23 02:01:01,deribit,BTC,BTC-26AUG26-70000-C,2026-08-26,70000,call,0.09415469,0.091,0.097,54.73,,,,,0.0,0.0,77223.21
2026-08-23 02:01:01,deribit,BTC,BTC-4SEP26-66000-P,2026-09-04,66000,put,0.00171536,0.0016,0.0018,51.64,,,,,163.2,2.6,77295.4
2026-08-23 02:01:01,deribit,BTC,BTC-24AUG26-80000-P,2026-08-24,80000,put,0.03786123,0.0345,0.041,48.83,,,,,0.0,0.0,77186.5
2026-08-23 02:01:01,deribit,BTC,BTC-25DEC26-220000-P,2026-12-25,220000,put,1.80741994,1.7845,1.8225,66.34,,,,,0.0,0.0,78383.08
2026-08-23 02:01:01,deribit,BTC,BTC-25JUN27-70000-P,2027-06-25,70000,put,0.09272677,0.091,0.094,43.36,,,,,13.5,0.0,80090.77
2026-08-23 02:01:01,deribit,BTC,BTC-24AUG26-72000-P,2026-08-24,72000,put,0.00018722,0.0001,0.0003,55.84,,,,,47.7,4.3,77186.5
2026-08-23 02:01:01,deribit,BTC,BTC-26MAR27-65000-C,2027-03-26,65000,call,0.2322042,0.231,0.2335,44.13,,,,,367.1,1.5,79212.12
2026-08-23 02:01:01,deribit,BTC,BTC-26MAR27-130000-C,2027-03-26,130000,call,0.01520558,0.0145,0.016,45.21,,,,,1091.9,1.0,79212.12
2026-08-23 02:01:01,deribit,BTC,BTC-25JUN27-180000-C,2027-06-25,180000,call,0.00868419,0.0075,0.01,48.37,,,,,20.2,0.0,80090.9
2026-08-23 02:01:01,deribit,BTC,BTC-24AUG26-67000-P,2026-08-24,67000,put,9.26e-06,,0.0001,76.79,,,,,1.6,0.2,77186.5
2026-08-23 02:01:01,deribit,BTC,BTC-25SEP26-175000-C,2026-09-25,175000,call,0.00013799,,0.0002,89.14,,,,,1368.4,0.1,77450.88
2026-08-23 02:01:01,deribit,BTC,BTC-30OCT26-77000-P,2026-10-30,77000,put,0.06471746,0.0645,0.0655,40.61,,,,,59.4,5.1,77774.73
2026-08-23 02:01:01,deribit,BTC,BTC-28AUG26-74000-P,2026-08-28,74000,put,0.00617459,0.006,0.0065,44.44,,,,,585.4,43.4,77251.38
2026-08-23 02:01:01,deribit,BTC,BTC-26AUG26-79500-P,2026-08-26,79500,put,0.03598759,0.033,0.0395,45.74,,,,,0.0,0.0,77221.28
2026-08-23 02:01:01,deribit,BTC,BTC-28AUG26-50000-C,2026-08-28,50000,call,0.35286258,0.351,0.355,121.18,,,,,51.0,0.0,77251.38
2026-08-23 02:01:01,deribit,BTC,BTC-11SEP26-76000-P,2026-09-11,76000,put,0.02861955,0.028,0.029,40.37,,,,,119.5,51.3,77343.42
2026-08-23 02:01:01,deribit,BTC,BTC-26MAR27-84000-C,2027-03-26,84000,call,0.10387009,0.1025,0.105,41.98,,,,,263.4,1.8,79212.12
2026-08-23 02:01:01,deribit,BTC,BTC-23AUG26-80000-C,2026-08-23,80000,call,3.643e-05,,0.0001,56.65,,,,,178.5,142.4,77155.74
2026-08-23 02:01:01,deribit,BTC,BTC-24AUG26-81000-C,2026-08-24,81000,call,0.00082634,0.0007,0.0009,53.05,,,,,140.9,101.7,77186.5
2026-08-23 02:01:01,deribit,BTC,BTC-25JUN27-160000-C,2027-06-25,160000,call,0.01297264,0.012,0.014,46.49,,,,,516.6,0.1,80090.77
2026-08-23 02:01:01,deribit,BTC,BTC-25JUN27-170000-P,2027-06-25,170000,put,1.13343231,1.1135,1.149,47.86,,,,,14.7,0.0,80090.77
2026-08-23 02:01:01,deribit,BTC,BTC-24AUG26-75000-C,2026-08-24,75000,call,0.02988314,0.028,0.0315,42.54,,,,,11.0,0.4,77186.5
2026-08-23 02:01:01,deribit,BTC,BTC-25SEP26-86000-P,2026-09-25,86000,put,0.12577021,0.123,0.1285,42.08,,,,,11.6,0.0,77450.96
2026-08-23 02:01:01,deribit,BTC,BTC-25SEP26-68000-C,2026-09-25,68000,call,0.1325815,0.13,0.1355,43.66,,,,,958.0,3.1,77451.01
2026-08-23 02:01:01,deribit,BTC,BTC-11SEP26-73000-P,2026-09-11,73000,put,0.0150802,0.0145,0.0155,41.01,,,,,26.1,0.1,77341.64
2026-08-23 02:01:01,deribit,BTC,BTC-23AUG26-66000-P,2026-08-23,66000,put,0.0,,0.0001,88.69,,,,,17.7,0.0,77155.74
2026-08-23 02:01:01,deribit,BTC,BTC-26AUG26-79500-C,2026-08-26,79500,call,0.00655595,0.006,0.007,45.74,,,,,0.1,0.1,77223.06
2026-08-23 02:01:01,deribit,BTC,BTC-25SEP26-280000-C,2026-09-25,280000,call,0.0001319,,0.0002,132.52,,,,,76.2,0.0,77451.01
2026-08-23 02:01:01,deribit,BTC,BTC-25DEC26-230000-C,2026-12-25,230000,call,0.00064802,0.0004,0.001,67.69,,,,,202.3,0.4,78383.08
2026-08-23 02:01:01,deribit,BTC,BTC-24AUG26-72000-C,2026-08-24,72000,call,0.067432,0.066,0.069,55.84,,,,,86.3,0.0,77186.5
2026-08-23 02:01:01,deribit,BTC,BTC-26AUG26-84000-P,2026-08-26,84000,put,0.0889079,0.086,0.0925,55.07,,,,,0.0,0.0,77223.06
2026-08-23 02:01:01,deribit,BTC,BTC-25AUG26-85000-C,2026-08-25,85000,call,0.00055919,0.0005,0.0006,63.9,,,,,2.9,1.9,77207.85
2026-08-23 02:01:01,deribit,BTC,BTC-23AUG26-77500-P,2026-08-23,77500,put,0.0058117,0.005,0.0065,30.19,,,,,43.8,19.9,77155.74
2026-08-23 02:01:01,deribit,BTC,BTC-25JUN27-98000-C,2027-06-25,98000,call,0.08073931,0.079,0.0825,42.14,,,,,4.2,2.2,80090.9
2026-08-23 02:01:01,deribit,BTC,BTC-25DEC26-50000-P,2026-12-25,50000,put,0.00802255,0.0075,0.0085,53.09,,,,,2226.8,1.4,78383.08
2026-08-23 02:01:01,deribit,BTC,BTC-26AUG26-76000-P,2026-08-26,76000,put,0.00933677,0.009,0.01,43.01,,,,,0.0,0.0,77223.08
2026-08-23 02:01:01,deribit,BTC,BTC-28AUG26-65000-C,2026-08-28,65000,call,0.15911579,0.1565,0.161,67.88,,,,,1364.2,1.1,77251.38
2026-08-23 02:01:01,deribit,BTC,BTC-28AUG26-68000-P,2026-08-28,68000,put,0.00071356,0.0006,0.0008,56.25,,,,,1166.8,277.3,77251.38
2026-08-23 02:01:01,deribit,BTC,BTC-28AUG26-76000-C,2026-08-28,76000,call,0.029661,0.0285,0.03,43.21,,,,,1269.6,234.6,77251.38
2026-08-23 02:01:01,deribit,BTC,BTC-4SEP26-55000-P,2026-09-04,55000,put,0.00029593,0.0002,0.0004,76.55,,,,,206.5,0.1,77295.4
2026-08-23 02:01:01,deribit,BTC,BTC-4SEP26-77000-P,2026-09-04,77000,put,0.02808075,0.0275,0.0285,41.11,,,,,77.7,2.4,77295.53
2026-08-23 02:01:01,deribit,BTC,BTC-25DEC26-54000-P,2026-12-25,54000,put,0.0115943,0.011,0.0125,50.13,,,,,1867.4,20.5,78384.86
2026-08-23 02:01:01,deribit,BTC,BTC-11SEP26-75000-C,2026-09-11,75000,call,0.05360736,0.0525,0.0545,40.44,,,,,67.9,0.2,77341.64
2026-08-23 02:01:01,deribit,BTC,BTC-25DEC26-92000-P,2026-12-25,92000,put,0.21452095,0.2105,0.2175,42.0,,,,,5.6,0.0,78383.08
2026-08-23 02:01:01,deribit,BTC,BTC-28AUG26-40000-C,2026-08-28,40000,call,0.48225386,0.481,0.484,127.64,,,,,24.1,0.0,77251.38
2026-08-23 02:01:01,deribit,BTC,BTC-26MAR27-78000-P,2027-03-26,78000,put,0.12032576,0.1185,0.1215,42.24,,,,,187.6,3.0,79212.12
2026-08-23 02:01:01,deribit,BTC,BTC-24AUG26-64000-C,2026-08-24,64000,call,0.17088443,0.168,0.173,77.79,,,,,0.0,0.0,77186.5
2026-08-23 02:01:01,deribit,BTC,BTC-25SEP26-54000-C,2026-09-25,54000,call,0.3045026,0.3025,0.3065,62.51,,,,,7.4,0.0,77451.01
2026-08-23 02:01:01,deribit,BTC,BTC-25DEC26-108000-C,2026-12-25,108000,call,0.01544446,0.015,0.016,44.19,,,,,128.9,0.2,78383.08
2026-08-23 02:01:01,deribit,BTC,BTC-25DEC26-60000-P,2026-12-25,60000,put,0.02036554,0.0195,0.021,46.62,,,,,6605.2,18.0,78383.08
2026-08-23 02:01:01,deribit,BTC,BTC-25JUN27-58000-C,2027-06-25,58000,call,0.32019956,0.317,0.322,45.63,,,,,13.9,0.0,80090.9
2026-08-23 02:01:01,deribit,BTC,BTC-25DEC26-250000-P,2026-12-25,250000,put,2.18989473,2.1605,2.207,70.35,,,,,10.0,0.0,78383.08
2026-08-23 02:01:01,deribit,BTC,BTC-11SEP26-69000-C,2026-09-11,69000,call,0.11392526,0.1115,0.1175,43.74,,,,,1.2,0.2,77341.64
2026-08-23 02:01:01,deribit,BTC,BTC-24AUG26-79000-P,2026-08-24,79000,put,0.02623303,0.025,0.0275,45.12,,,,,6.4,0.0,77186.5
2026-08-23 02:01:01,deribit,BTC,BTC-25SEP26-85000-C,2026-09-25,85000,call,0.01753818,0.017,0.018,41.62,,,,,1491.9,107.9,77451.01
2026-08-23 02:01:01,deribit,BTC,BTC-26MAR27-190000-P,2027-03-26,190000,put,1.40244653,1.378,1.419,53.81,,,,,0.9,0.0,79212.12
2026-08-23 02:01:01,deribit,BTC,BTC-23AUG26-83000-P,2026-08-23,83000,put,0.07569201,0.0715,0.079,73.99,,,,,0.0,0.0,77155.8
2026-08-23 02:01:01,deribit,BTC,BTC-11SEP26-78000-P,2026-09-11,78000,put,0.04183672,0.041,0.0425,40.71,,,,,32.7,0.4,77341.64
2026-08-23 02:01:01,deribit,BTC,BTC-25DEC26-160000-C,2026-12-25,160000,call,0.002267,0.0019,0.0027,55.68,,,,,1260.8,0.1,78383.08
2026-08-23 02:01:01,deribit,BTC,BTC-11SEP26-77000-C,2026-09-11,77000,call,0.03923064,0.038,0.04,40.46,,,,,105.0,25.0,77341.64
2026-08-23 02:01:01,deribit,BTC,BTC-25DEC26-88000-P,2026-12-25,88000,put,0.1755298,0.172,0.178,41.75,,,,,4.5,0.0,78383.08
2026-08-23 02:01:01,deribit,BTC,BTC-25DEC26-96000-P,2026-12-25,96000,put,0.25636887,0.253,0.2615,42.39,,,,,11.3,0.0,78384.86
2026-08-23 02:01:01,deribit,BTC,BTC-25SEP26-96000-P,2026-09-25,96000,put,0.24414482,0.24,0.2485,47.53,,,,,1.0,0.0,77451.01
2026-08-23 02:01:01,deribit,BTC,BTC-25DEC26-90000-C,2026-12-25,90000,call,0.04646628,0.0455,0.0475,41.86,,,,,3524.6,6.5,78383.08
2026-08-23 02:01:01,deribit,BTC,BTC-26MAR27-66000-C,2027-03-26,66000,call,0.2234179,0.222,0.225,43.9,,,,,23.9,3.0,79212.12
2026-08-23 02:01:01,deribit,BTC,BTC-25JUN27-62000-P,2027-06-25,62000,put,0.0573554,0.056,0.0585,44.6,,,,,67.8,0.0,80090.77
2026-08-23 02:01:01,deribit,BTC,BTC-26AUG26-69000-P,2026-08-26,69000,put,0.00038291,0.0003,0.0004,58.19,,,,,20.6,20.6,77223.06
2026-08-23 02:01:01,deribit,BTC,BTC-26MAR27-200000-P,2027-03-26,200000,put,1.5281313,1.5015,1.546,55.09,,,,,1.0,0.0,79212.12
2026-08-23 02:01:01,deribit,BTC,BTC-26MAR27-45000-C,2027-03-26,45000,call,0.44267493,0.4405,0.445,52.31,,,,,3.3,0.0,79212.12
2026-08-23 02:01:01,deribit,BTC,BTC-25SEP26-30000-P,2026-09-25,30000,put,0.00027736,0.0001,0.0004,118.74,,,,,2550.8,1.0,77451.01
2026-08-23 02:01:01,deribit,BTC,BTC-11SEP26-70000-P,2026-09-11,70000,put,0.0075653,0.007,0.008,42.8,,,,,68.2,10.1,77343.42
2026-08-23 02:01:01,deribit,BTC,BTC-4SEP26-80000-P,2026-09-04,80000,put,0.05188039,0.0505,0.053,42.2,,,,,31.3,0.0,77295.4
2026-08-23 02:01:01,deribit,BTC,BTC-30OCT26-95000-C,2026-10-30,95000,call,0.01480269,0.014,0.0155,43.05,,,,,576.1,0.0,77774.73
2026-08-23 02:01:01,deribit,BTC,BTC-4SEP26-85000-C,2026-09-04,85000,call,0.00565109,0.0055,0.006,45.77,,,,,218.1,102.3,77295.4
2026-08-23 02:01:01,deribit,BTC,BTC-25SEP26-260000-C,2026-09-25,260000,call,0.00014369,,0.0002,126.65,,,,,293.4,0.0,77450.88
2026-08-23 02:01:01,deribit,BTC,BTC-26MAR27-160000-C,2027-03-26,160000,call,0.00670674,0.006,0.0075,49.5,,,,,862.4,2.1,79212.12
2026-08-23 02:01:01,deribit,BTC,BTC-4SEP26-82000-P,2026-09-04,82000,put,0.07168559,0.0685,0.074,43.4,,,,,0.0,0.0,77295.4
2026-08-23 02:01:01,deribit,BTC,BTC-30OCT26-50000-C,2026-10-30,50000,call,0.36040884,0.3585,0.363,58.4,,,,,0.1,0.0,77774.73
2026-08-23 02:01:01,deribit,BTC,BTC-25AUG26-71000-C,2026-08-25,71000,call,0.0809056,0.0785,0.084,55.28,,,,,1.0,0.0,77207.73
2026-08-23 02:01:01,deribit,BTC,BTC-25DEC26-66000-P,2026-12-25,66000,put,0.03555989,0.035,0.0365,44.19,,,,,368.2,0.1,78383.08
2026-08-23 02:01:01,deribit,BTC,BTC-25SEP26-82000-C,2026-09-25,82000,call,0.02642811,0.026,0.027,40.73,,,,,4463.8,1.7,77451.01
2026-08-23 02:01:01,deribit,BTC,BTC-30OCT26-96000-C,2026-10-30,96000,call,0.01349595,0.013,0.014,43.23,,,,,17.3,2.0,77774.73
2026-08-23 02:01:01,deribit,BTC,BTC-26MAR27-92000-P,2027-03-26,92000,put,0.23334819,0.2275,0.236,41.9,,,,,0.6,0.0,79212.12
2026-08-23 02:01:01,deribit,BTC,BTC-25DEC26-190000-P,2026-12-25,190000,put,1.42514983,1.4045,1.4395,61.44,,,,,0.0,0.0,78383.08
2026-08-23 02:01:01,deribit,BTC,BTC-26AUG26-75500-C,2026-08-26,75500,call,0.0296143,0.0275,0.0335,43.02,,,,,0.0,0.0,77223.06
2026-08-23 02:01:01,deribit,BTC,BTC-25DEC26-35000-C,2026-12-25,35000,call,0.55570423,0.554,0.5575,68.94,,,,,77.8,0.0,78383.08
2026-08-23 02:01:01,deribit,BTC,BTC-24AUG26-63000-P,2026-08-24,63000,put,3e-08,,0.0001,77.79,,,,,1.7,0.0,77186.5
2026-08-23 02:01:01,deribit,BTC,BTC-25DEC26-160000-P,2026-12-25,160000,put,1.04347803,1.027,1.055,55.68,,,,,0.1,0.0,78383.08
2026-08-23 02:01:01,deribit,BTC,BTC-23AUG26-78500-C,2026-08-23,78500,call,0.00019562,0.0001,0.0003,39.04,,,,,132.0,30.9,77155.74
2026-08-23 02:01:01,deribit,BTC,BTC-25DEC26-120000-C,2026-12-25,120000,call,0.00845714,0.008,0.009,46.66,,,,,5872.0,53.5,78383.08
2026-08-23 02:01:01,deribit,BTC,BTC-26MAR27-72000-P,2027-03-26,72000,put,0.08432032,0.0825,0.0855,42.83,,,,,144.8,1.0,79213.9
2026-08-23 02:01:01,deribit,BTC,BTC-26AUG26-75500-P,2026-08-26,75500,put,0.00725064,0.007,0.0075,43.02,,,,,0.1,0.1,77223.06
2026-08-23 02:01:01,deribit,BTC,BTC-25DEC26-150000-C,2026-12-25,150000,call,0.00278665,0.0027,0.0029,53.1,,,,,1654.8,20.5,78383.08
2026-08-23 02:01:01,deribit,BTC,BTC-25AUG26-76000-P,2026-08-25,76000,put,0.00707386,0.0065,0.0075,43.47,,,,,45.1,0.6,77207.73
2026-08-23 02:01:01,deribit,BTC,BTC-30OCT26-58000-P,2026-10-30,58000,put,0.00728699,0.007,0.008,49.66,,,,,137.9,0.0,77774.73
2026-08-23 02:01:01,deribit,BTC,BTC-25JUN27-190000-C,2027-06-25,190000,call,0.00720752,0.006,0.0085,49.2,,,,,11.2,1.8,80090.9
2026-08-23 02:01:01,deribit,BTC,BTC-26MAR27-58000-P,2027-03-26,58000,put,0.03108001,0.03,0.032,46.02,,,,,134.7,0.1,79212.12
2026-08-23 02:01:01,deribit,BTC,BTC-28AUG26-54000-P,2026-08-28,54000,put,0.00014453,0.0001,0.0002,113.02,,,,,1732.0,3.1,77251.38
2026-08-23 02:01:01,deribit,BTC,BTC-28AUG26-81000-C,2026-08-28,81000,call,0.00640299,0.006,0.007,46.81,,,,,1327.0,453.4,77251.45
2026-08-23 02:01:01,deribit,BTC,BTC-4SEP26-67000-C,2026-09-04,67000,call,0.13530572,0.133,0.1385,49.47,,,,,980.0,0.0,77295.4
2026-08-23 02:01:01,deribit,BTC,BTC-28AUG26-95000-C,2026-08-28,95000,call,0.00019285,0.0002,0.0003,69.34,,,,,152.5,3.8,77251.38
2026-08-23 02:01:01,deribit,BTC,BTC-25JUN27-100000-C,2027-06-25,100000,call,0.07525393,0.0735,0.0765,42.21,,,,,151.2,43.1,80090.9
2026-08-23 02:01:01,deribit,BTC,BTC-24AUG26-68000-C,2026-08-24,68000,call,0.11908626,0.116,0.1215,74.57,,,,,0.0,0.0,77186.5
2026-08-23 02:01:01,deribit,BTC,BTC-26AUG26-71000-P,2026-08-26,71000,put,0.00077106,0.0006,0.0009,51.27,,,,,5.4,5.4,77223.21
2026-08-23 02:01:01,deribit,BTC,BTC-25SEP26-88000-C,2026-09-25,88000,call,0.01190453,0.0115,0.0125,43.04,,,,,1098.3,38.8,77450.88
2026-08-23 02:01:01,deribit,BTC,BTC-25DEC26-66000-C,2026-12-25,66000,call,0.19356034,0.1925,0.195,44.19,,,,,280.6,2.0,78383.08
2026-08-23 02:01:01,deribit,BTC,BTC-25DEC26-102000-C,2026-12-25,102000,call,0.02180124,0.0215,0.0225,43.16,,,,,368.0,2.0,78383.08
2026-08-23 02:01:01,deribit,BTC,BTC-28AUG26-69000-C,2026-08-28,69000,call,0.10784338,0.105,0.111,53.54,,,,,2442.3,0.1,77251.38
2026-08-23 02:01:01,deribit,BTC,BTC-26MAR27-104000-C,2027-03-26,104000,call,0.04212129,0.041,0.0435,42.56,,,,,115.9,0.7,79212.12
2026-08-23 02:01:01,deribit,BTC,BTC-30OCT26-84000-C,2026-10-30,84000,call,0.03982393,0.0395,0.0405,40.73,,,,,522.8,0.0,77774.73
2026-08-23 02:01:01,deribit,BTC,BTC-28AUG26-95000-P,2026-08-28,95000,put,0.22984041,0.2255,0.233,69.34,,,,,0.3,0.0,77251.38
2026-08-23 02:01:01,deribit,BTC,BTC-25DEC26-170000-C,2026-12-25,170000,call,0.0017625,0.0014,0.0022,57.56,,,,,2383.4,2.0,78384.86
2026-08-23 02:01:01,deribit,BTC,BTC-25SEP26-65000-C,2026-09-25,65000,call,0.16729959,0.1645,0.17,46.49,,,,,1295.0,0.1,77450.88
2026-08-23 02:01:01,deribit,BTC,BTC-30OCT26-85000-P,2026-10-30,85000,put,0.12916735,0.1255,0.132,40.86,,,,,0.0,0.0,77774.73
2026-08-23 02:01:01,deribit,BTC,BTC-26MAR27-130000-P,2027-03-26,130000,put,0.656329,0.65,0.662,45.21,,,,,0.4,0.0,79212.12
2026-08-23 02:01:01,deribit,BTC,BTC-26MAR27-80000-P,2027-03-26,80000,put,0.13413706,0.1325,0.1355,42.12,,,,,139.0,0.0,79212.12
2026-08-23 02:01:01,deribit,BTC,BTC-23AUG26-70000-C,2026-08-23,70000,call,0.09282432,0.0915,0.094,84.84,,,,,121.8,5.0,77155.82
2026-08-23 02:01:01,deribit,BTC,BTC-23AUG26-64000-P,2026-08-23,64000,put,0.0,,0.0001,93.46,,,,,32.8,0.0,77155.74
2026-08-23 02:01:01,deribit,BTC,BTC-23AUG26-80000-P,2026-08-23,80000,put,0.03680867,0.034,0.0395,56.65,,,,,0.0,0.0,77155.82
2026-08-23 02:01:01,deribit,BTC,BTC-28AUG26-62000-C,2026-08-28,62000,call,0.19773023,0.1955,0.1995,77.01,,,,,842.5,0.0,77251.38
2026-08-23 02:01:01,deribit,BTC,BTC-4SEP26-63000-P,2026-09-04,63000,put,0.00101348,0.0009,0.0011,58.21,,,,,713.3,0.2,77295.4
2026-08-23 02:01:01,deribit,BTC,BTC-4SEP26-69000-C,2026-09-04,69000,call,0.11072251,0.1085,0.114,46.31,,,,,402.0,0.1,77295.4
2026-08-23 02:01:01,deribit,BTC,BTC-30OCT26-52000-C,2026-10-30,52000,call,0.33533775,0.333,0.338,55.88,,,,,0.1,0.0,77774.73
2026-08-23 02:01:01,deribit,BTC,BTC-25SEP26-300000-C,2026-09-25,300000,call,0.00014472,,0.0002,139.72,,,,,191.9,0.0,77451.01
2026-08-23 02:01:01,deribit,BTC,BTC-11SEP26-68000-C,2026-09-11,68000,call,0.12578559,0.1235,0.129,45.1,,,,,1.1,0.0,77343.42
2026-08-23 02:01:01,deribit,BTC,BTC-26MAR27-40000-C,2027-03-26,40000,call,0.50179957,0.4995,0.504,55.31,,,,,81.3,0.0,79212.12
2026-08-23 02:01:01,deribit,BTC,BTC-11SEP26-71000-P,2026-09-11,71000,put,0.00958116,0.009,0.01,42.15,,,,,353.9,0.7,77343.42
2026-08-23 02:01:01,deribit,BTC,BTC-25SEP26-135000-C,2026-09-25,135000,call,0.00042813,0.0003,0.0006,71.11,,,,,286.3,1.0,77450.88
2026-08-23 02:01:01,deribit,BTC,BTC-25JUN27-64000-C,2027-06-25,64000,call,0.26609124,0.264,0.2675,44.24,,,,,53.1,0.0,80090.77
2026-08-23 02:01:01,deribit,BTC,BTC-25SEP26-72000-P,2026-09-25,72000,put,0.02049663,0.02,0.021,41.07,,,,,502.7,99.6,77451.01
2026-08-23 02:01:01,deribit,BTC,BTC-26MAR27-85000-P,2027-03-26,85000,put,0.17228553,0.1705,0.174,41.95,,,,,0.9,0.1,79212.12
2026-08-23 02:01:01,deribit,BTC,BTC-25JUN27-180000-P,2027-06-25,180000,put,1.25594422,1.235,1.2725,48.37,,,,,0.0,0.0,80090.77
2026-08-23 02:01:01,deribit,BTC,BTC-28AUG26-55000-C,2026-08-28,55000,call,0.2882434,0.286,0.2905,107.73,,,,,7.7,0.0,77251.38
2026-08-23 02:01:01,deribit,BTC,BTC-25SEP26-62000-P,2026-09-25,62000,put,0.00415195,0.0039,0.0044,49.92,,,,,1095.3,5.7,77450.88
2026-08-23 02:01:01,deribit,BTC,BTC-23AUG26-81000-C,2026-08-23,81000,call,1.348e-05,,0.0001,66.31,,,,,140.4,151.7,77155.74
2026-08-23 02:01:01,deribit,BTC,BTC-11SEP26-65000-P,2026-09-11,65000,put,0.00267102,0.0025,0.0028,48.8,,,,,533.5,0.0,77341.64
2026-08-23 02:01:01,deribit,BTC,BTC-25JUN27-65000-P,2027-06-25,65000,put,0.06921872,0.068,0.0705,44.05,,,,,2.5,1.0,80090.9
2026-08-23 02:01:01,deribit,BTC,BTC-26MAR27-55000-C,2027-03-26,55000,call,0.33023973,0.3275,0.3335,47.18,,,,,28.6,0.0,79212.12
2026-08-23 02:01:01,deribit,BTC,BTC-30OCT26-75000-P,2026-10-30,75000,put,0.05265094,0.0525,0.053,40.81,,,,,25.4,0.0,77774.73
2026-08-23 02:01:01,deribit,BTC,BTC-26MAR27-62000-C,2027-03-26,62000,call,0.25969824,0.257,0.2625,44.87,,,,,52.2,0.0,79212.12
2026-08-23 02:01:01,deribit,BTC,BTC-28AUG26-110000-C,2026-08-28,110000,call,2.119e-05,,0.0001,91.08,,,,,317.5,0.0,77251.38
2026-08-23 02:01:01,deribit,BTC,BTC-30OCT26-92000-C,2026-10-30,92000,call,0.01908618,0.0185,0.0195,42.14,,,,,51.2,5.0,77774.73
2026-08-23 02:01:01,deribit,BTC,BTC-25JUN27-52000-C,2027-06-25,52000,call,0.38000759,0.3765,0.382,47.53,,,,,1.1,0.0,80090.77
2026-08-23 02:01:01,deribit,BTC,BTC-4SEP26-58000-P,2026-09-04,58000,put,0.00049766,0.0004,0.0006,70.28,,,,,344.0,0.0,77295.53
2026-08-23 02:01:01,deribit,BTC,BTC-23AUG26-75500-P,2026-08-23,75500,put,0.00012924,0.0001,0.0002,44.09,,,,,90.6,74.2,77155.74
2026-08-23 02:01:01,deribit,BTC,BTC-26AUG26-73000-C,2026-08-26,73000,call,0.05674231,0.054,0.06,46.26,,,,,0.0,0.0,77223.08
2026-08-23 02:01:01,deribit,BTC,BTC-25SEP26-50000-C,2026-09-25,50000,call,0.35552893,0.354,0.3575,68.94,,,,,30.4,0.0,77450.88
2026-08-23 02:01:01,deribit,BTC,BTC-26AUG26-77500-P,2026-08-26,77500,put,0.0180972,0.0175,0.019,43.2,,,,,0.1,0.3,77223.08
2026-08-23 02:01:01,deribit,BTC,BTC-25SEP26-96000-C,2026-09-25,96000,call,0.00471259,0.0045,0.005,47.53,,,,,300.2,2.6,77451.01
2026-08-23 02:01:01,deribit,BTC,BTC-26MAR27-112000-C,2027-03-26,112000,call,0.02992213,0.029,0.031,43.19,,,,,62.8,0.1,79212.12
2026-08-23 02:01:01,deribit,BTC,BTC-30OCT26-89000-P,2026-10-30,89000,put,0.16928967,0.1655,0.173,41.46,,,,,0.0,0.0,77774.73
2026-08-23 02:01:01,deribit,BTC,BTC-25AUG26-75500-P,2026-08-25,75500,put,0.00527725,0.005,0.0055,43.89,,,,,0.3,0.1,77207.73
2026-08-23 02:01:01,deribit,BTC,BTC-25AUG26-79500-P,2026-08-25,79500,put,0.03437159,0.033,0.0355,47.85,,,,,0.0,0.0,77207.73
2026-08-23 02:01:01,deribit,BTC,BTC-11SEP26-60000-C,2026-09-11,60000,call,0.22549249,0.2235,0.2275,57.84,,,,,0.0,0.0,77341.64
2026-08-23 02:01:01,deribit,BTC,BTC-23AUG26-71500-C,2026-08-23,71500,call,0.07338514,0.072,0.075,76.77,,,,,18.9,0.0,77155.74
2026-08-23 02:01:01,deribit,BTC,BTC-23AUG26-69000-P,2026-08-23,69000,put,0.0,,0.0001,84.84,,,,,63.2,0.0,77155.74
2026-08-23 02:01:01,deribit,BTC,BTC-11SEP26-73000-C,2026-09-11,73000,call,0.07123828,0.0705,0.0725,41.01,,,,,14.0,0.1,77341.64
2026-08-23 02:01:01,deribit,BTC,BTC-25AUG26-78000-P,2026-08-25,78000,put,0.01972354,0.019,0.0205,44.66,,,,,31.5,4.7,77207.73
2026-08-23 02:01:01,deribit,BTC,BTC-24AUG26-81000-P,2026-08-24,81000,put,0.05017596,0.046,0.053,53.05,,,,,0.0,0.0,77186.5
2026-08-23 02:01:01,deribit,BTC,BTC-23AUG26-60000-C,2026-08-23,60000,call,0.22242082,0.22,0.2255,95.24,,,,,0.0,0.0,77155.82
2026-08-23 02:01:01,deribit,BTC,BTC-30OCT26-65000-C,2026-10-30,65000,call,0.18074758,0.178,0.183,44.37,,,,,425.2,8.0,77774.73
2026-08-23 02:01:01,deribit,BTC,BTC-28AUG26-85000-C,2026-08-28,85000,call,0.00184231,0.0017,0.002,52.38,,,,,1447.7,26.7,77251.38
2026-08-23 02:01:01,deribit,BTC,BTC-25SEP26-76000-P,2026-09-25,76000,put,0.03888292,0.0385,0.0395,40.01,,,,,1176.6,132.0,77451.01
2026-08-23 02:01:01,deribit,BTC,BTC-28AUG26-100000-C,2026-08-28,100000,call,0.00011948,,0.0002,79.99,,,,,202.6,3.0,77251.38
2026-08-23 02:01:01,deribit,BTC,BTC-25DEC26-76000-C,2026-12-25,76000,call,0.11219906,0.1115,0.113,42.09,,,,,446.9,0.0,78383.08
2026-08-23 02:01:01,deribit,BTC,BTC-26AUG26-85000-C,2026-08-26,85000,call,0.00087726,0.0007,0.001,57.44,,,,,0.0,0.0,77223.21
2026-08-23 02:01:01,deribit,BTC,BTC-25JUN27-86000-P,2027-06-25,86000,put,0.1983033,0.196,0.201,42.18,,,,,0.2,0.0,80090.77
2026-08-23 02:01:01,deribit,BTC,BTC-25JUN27-92000-P,2027-06-25,92000,put,0.24880466,0.247,0.252,42.07,,,,,0.2,0.0,80090.77
2026-08-23 02:01:01,deribit,BTC,BTC-28AUG26-82000-C,2026-08-28,82000,call,0.00472467,0.0044,0.0049,48.38,,,,,1133.0,20.6,77251.45
2026-08-23 02:01:01,deribit,BTC,BTC-25SEP26-66000-C,2026-09-25,66000,call,0.15543384,0.153,0.1585,45.36,,,,,972.6,1.1,77450.88
2026-08-23 02:01:01,deribit,BTC,BTC-26AUG26-86000-P,2026-08-26,86000,put,0.11420021,0.1115,0.1175,59.73,,,,,0.0,0.0,77223.21
2026-08-23 02:01:01,deribit,BTC,BTC-11SEP26-79000-P,2026-09-11,79000,put,0.04951709,0.0485,0.0505,40.89,,,,,20.4,16.1,77341.64
2026-08-23 02:01:01,deribit,BTC,BTC-11SEP26-66000-C,2026-09-11,66000,call,0.14988293,0.1475,0.1525,47.31,,,,,0.1,0.0,77343.42
2026-08-23 02:01:01,deribit,BTC,BTC-25DEC26-88000-C,2026-12-25,88000,call,0.05286373,0.052,0.0535,41.75,,,,,2953.5,0.2,78383.08
2026-08-23 02:01:01,deribit,BTC,BTC-30OCT26-72000-C,2026-10-30,72000,call,0.11212503,0.111,0.113,41.42,,,,,269.3,15.0,77774.73
2026-08-23 02:01:01,deribit,BTC,BTC-24AUG26-82000-C,2026-08-24,82000,call,0.00047395,0.0004,0.0006,56.97,,,,,28.3,1.6,77186.5
2026-08-23 02:01:01,deribit,BTC,BTC-26AUG26-76000-C,2026-08-26,76000,call,0.02523906,0.023,0.029,43.01,,,,,0.0,0.0,77223.06
2026-08-23 02:01:01,deribit,BTC,BTC-25JUN27-56000-P,2027-06-25,56000,put,0.03872512,0.0375,0.04,46.22,,,,,84.2,0.0,80090.77
2026-08-23 02:01:01,deribit,BTC,BTC-26MAR27-105000-P,2027-03-26,105000,put,0.36558809,0.3595,0.37,42.52,,,,,0.5,0.0,79212.12
2026-08-23 02:01:01,deribit,BTC,BTC-28AUG26-80000-P,2026-08-28,80000,put,0.04429491,0.043,0.0455,45.48,,,,,37.9,0.0,77251.45
2026-08-23 02:01:01,deribit,BTC,BTC-30OCT26-63000-C,2026-10-30,63000,call,0.20302368,0.2005,0.2055,45.72,,,,,153.2,0.0,77774.86
2026-08-23 02:01:01,deribit,BTC,BTC-28AUG26-52000-P,2026-08-28,52000,put,9.303e-05,,0.0001,118.53,,,,,1147.4,15.0,77251.38
2026-08-23 02:01:01,deribit,BTC,BTC-30OCT26-73000-P,2026-10-30,73000,put,0.04235572,0.042,0.043,41.19,,,,,20.9,0.1,77774.73
2026-08-23 02:01:01,deribit,BTC,BTC-30OCT26-56000-P,2026-10-30,56000,put,0.00600636,0.0055,0.0065,51.85,,,,,453.4,0.6,77774.73
2026-08-23 02:01:01,deribit,BTC,BTC-26AUG26-79000-P,2026-08-26,79000,put,0.03098765,0.0275,0.0335,45.04,,,,,0.0,0.0,77223.08
2026-08-23 02:01:01,deribit,BTC,BTC-25DEC26-85000-C,2026-12-25,85000,call,0.06417444,0.0635,0.0645,41.68,,,,,2257.5,6.8,78384.86
2026-08-23 02:01:01,deribit,BTC,BTC-25DEC26-98000-P,2026-12-25,98000,put,0.27814253,0.275,0.282,42.63,,,,,1.2,0.0,78383.08
2026-08-23 02:01:01,deribit,BTC,BTC-23AUG26-61000-P,2026-08-23,61000,put,0.0,,0.0001,95.16,,,,,0.7,0.0,77155.74
2026-08-23 02:01:01,deribit,BTC,BTC-28AUG26-85000-P,2026-08-28,85000,put,0.10205328,0.0985,0.105,52.38,,,,,30.7,0.0,77251.38
2026-08-23 02:01:01,deribit,BTC,BTC-25SEP26-200000-P,2026-09-25,200000,put,1.5822919,1.568,1.5895,102.09,,,,,0.1,0.0,77450.88
2026-08-23 02:01:01,deribit,BTC,BTC-28AUG26-68000-C,2026-08-28,68000,call,0.12054479,0.118,0.123,56.25,,,,,1526.5,1.6,77251.38
2026-08-23 02:01:01,deribit,BTC,BTC-28AUG26-52000-C,2026-08-28,52000,call,0.32702279,0.325,0.329,118.53,,,,,51.0,0.0,77251.38
2026-08-23 02:01:01,deribit,BTC,BTC-25DEC26-78000-C,2026-12-25,78000,call,0.09954494,0.0985,0.1005,41.91,,,,,903.2,7.4,78383.08
2026-08-23 02:01:01,deribit,BTC,BTC-28AUG26-54000-C,2026-08-28,54000,call,0.30118697,0.299,0.303,113.02,,,,,10.2,0.0,77251.38
2026-08-23 02:01:01,deribit,BTC,BTC-11SEP26-66000-P,2026-09-11,66000,put,0.00321947,0.0031,0.0034,47.31,,,,,249.1,1.1,77343.42
2026-08-23 02:01:01,deribit,BTC,BTC-24AUG26-84000-P,2026-08-24,84000,put,0.0884074,0.085,0.092,65.55,,,,,4.6,0.0,77186.5
2026-08-23 02:01:01,deribit,ETH,ETH-28AUG26-2020-P,2026-08-28,2020,put,0.000916,0.0007,0.0011,79.5,,,,,812.0,7.0,2425.26
2026-08-23 02:01:01,deribit,ETH,ETH-24AUG26-2150-P,2026-08-24,2150,put,7.6e-05,,0.0003,80.29,,,,,23.0,26.0,2423.46
2026-08-23 02:01:01,deribit,ETH,ETH-23AUG26-2000-P,2026-08-23,2000,put,0.0,,0.0001,127.31,,,,,129.0,1.0,2422.76
2026-08-23 02:01:01,deribit,ETH,ETH-4SEP26-3000-P,2026-09-04,3000,put,0.24043,0.236,0.2455,73.49,,,,,0.0,0.0,2425.47
2026-08-23 02:01:01,deribit,ETH,ETH-25DEC26-6500-C,2026-12-25,6500,call,0.002359,0.002,0.0028,72.33,,,,,1804.0,0.0,2445.61
2026-08-23 02:01:01,deribit,ETH,ETH-28AUG26-1000-P,2026-08-28,1000,put,0.0,,0.0001,173.4,,,,,3125.0,201.0,2425.32
2026-08-23 02:01:01,deribit,ETH,ETH-23AUG26-2520-P,2026-08-23,2520,put,0.040176,0.037,0.044,62.54,,,,,332.0,210.0,2422.76
2026-08-23 02:01:01,deribit,ETH,ETH-25SEP26-1500-P,2026-09-25,1500,put,0.001648,0.0014,0.0018,80.14,,,,,14467.0,1675.0,2427.32
2026-08-23 02:01:01,deribit,ETH,ETH-25DEC26-2400-P,2026-12-25,2400,put,0.116512,0.115,0.118,54.71,,,,,1715.0,0.0,2445.61
2026-08-23 02:01:01,deribit,ETH,ETH-25SEP26-1950-P,2026-09-25,1950,put,0.009121,0.0085,0.0095,60.41,,,,,1664.0,28.0,2427.26
2026-08-23 02:01:01,deribit,ETH,ETH-30OCT26-3200-P,2026-10-30,3200,put,0.335096,0.329,0.3435,58.3,,,,,0.0,0.0,2433.79
2026-08-23 02:01:01,deribit,ETH,ETH-24AUG26-2050-P,2026-08-24,2050,put,2.4e-05,,0.0002,97.12,,,,,765.0,515.0,2423.46
2026-08-23 02:01:01,deribit,ETH,ETH-30OCT26-1400-P,2026-10-30,1400,put,0.003541,0.0031,0.004,71.98,,,,,2549.0,20.0,2433.79
2026-08-23 02:01:01,deribit,ETH,ETH-23AUG26-1920-C,2026-08-23,1920,call,0.207519,0.2045,0.21,127.31,,,,,63.0,0.0,2422.76
2026-08-23 02:01:01,deribit,ETH,ETH-23AUG26-2340-P,2026-08-23,2340,put,2.9e-05,,0.0001,53.48,,,,,818.0,416.0,2422.76
2026-08-23 02:01:01,deribit,ETH,ETH-25AUG26-2220-C,2026-08-25,2220,call,0.085273,0.0815,0.0885,67.9,,,,,0.0,0.0,2424.0
2026-08-23 02:01:01,deribit,ETH,ETH-25SEP26-12000-C,2026-09-25,12000,call,0.000107,,0.0002,157.91,,,,,1341.0,0.0,2427.32
2026-08-23 02:01:01,deribit,ETH,ETH-25JUN27-2900-P,2027-06-25,2900,put,0.308115,0.293,0.3205,55.96,,,,,282.0,0.0,2497.56
2026-08-23 02:01:01,deribit,ETH,ETH-30OCT26-2150-C,2026-10-30,2150,call,0.159025,0.1575,0.16,54.86,,,,,1036.0,0.0,2433.86
2026-08-23 02:01:01,deribit,ETH,ETH-28AUG26-1400-C,2026-08-28,1400,call,0.422928,0.4205,0.425,169.31,,,,,118.0,0.0,2425.26
2026-08-23 02:01:01,deribit,ETH,ETH-25JUN27-4800-P,2027-06-25,4800,put,0.961409,0.944,0.9805,58.7,,,,,0.0,0.0,2497.5
2026-08-23 02:01:01,deribit,ETH,ETH-26AUG26-2700-P,2026-08-26,2700,put,0.115914,0.1125,0.12,76.8,,,,,0.0,0.0,2424.47
2026-08-23 02:01:01,deribit,ETH,ETH-28AUG26-2800-C,2026-08-28,2800,call,0.00281,0.0026,0.0031,78.61,,,,,8079.0,2833.0,2425.26
2026-08-23 02:01:01,deribit,ETH,ETH-26MAR27-4200-P,2027-03-26,4200,put,0.732976,0.7115,0.7485,58.24,,,,,1.0,0.0,2470.63
2026-08-23 02:01:01,deribit,ETH,ETH-26AUG26-2620-P,2026-08-26,2620,put,0.084703,0.081,0.089,70.2,,,,,0.0,0.0,2424.47
2026-08-23 02:01:01,deribit,ETH,ETH-25SEP26-5800-C,2026-09-25,5800,call,0.000246,0.0002,0.0005,99.39,,,,,4883.0,0.0,2427.32
2026-08-23 02:01:01,deribit,ETH,ETH-23AUG26-2260-C,2026-08-23,2260,call,0.067184,0.0635,0.07,70.73,,,,,89.0,0.0,2422.7
2026-08-23 02:01:01,deribit,ETH,ETH-26MAR27-1000-P,2027-03-26,1000,put,0.007348,0.0065,0.008,72.1,,,,,7333.0,0.0,2470.63
2026-08-23 02:01:01,deribit,ETH,ETH-23AUG26-2020-C,2026-08-23,2020,call,0.166244,0.163,0.169,127.31,,,,,5.0,0.0,2422.76
2026-08-23 02:01:01,deribit,ETH,ETH-25JUN27-3500-P,2027-06-25,3500,put,0.494638,0.4765,0.508,56.55,,,,,303.0,0.0,2497.5
2026-08-23 02:01:01,deribit,ETH,ETH-23AUG26-2200-C,2026-08-23,2200,call,0.091948,0.0885,0.0945,83.14,,,,,117.0,0.0,2422.7
2026-08-23 02:01:01,deribit,ETH,ETH-30OCT26-1750-C,2026-10-30,1750,call,0.292272,0.288,0.2975,61.09,,,,,102.0,0.0,2433.86
2026-08-23 02:01:01,deribit,ETH,ETH-25JUN27-3400-C,2027-06-25,3400,call,0.100453,0.0985,0.1025,56.43,,,,,253.0,0.0,2497.5
2026-08-23 02:01:01,deribit,ETH,ETH-26MAR27-2800-P,2027-03-26,2800,put,0.254504,0.241,0.2645,55.6,,,,,12.0,0.0,2470.69
2026-08-23 02:01:01,deribit,ETH,ETH-24AUG26-2360-P,2026-08-24,2360,put,0.00355,0.0032,0.0038,54.39,,,,,1457.0,228.0,2423.4
2026-08-23 02:01:01,deribit,ETH,ETH-25DEC26-2400-C,2026-12-25,2400,call,0.135162,0.134,0.1365,54.71,,,,,12364.0,9.0,2445.55
2026-08-23 02:01:01,deribit,ETH,ETH-25SEP26-8500-P,2026-09-25,8500,put,2.501792,2.484,2.52,130.66,,,,,0.0,0.0,2427.32
2026-08-23 02:01:01,deribit,ETH,ETH-23AUG26-2450-P,2026-08-23,2450,put,0.012514,0.009,0.0165,47.81,,,,,74.0,29.0,2422.76
2026-08-23 02:01:01,deribit,ETH,ETH-24AUG26-2420-P,2026-08-24,2420,put,0.011985,0.011,0.0125,54.44,,,,,116.0,19.0,2423.4
2026-08-23 02:01:01,deribit,ETH,ETH-25AUG26-2500-C,2026-08-25,2500,call,0.008163,0.0075,0.0085,63.01,,,,,280.0,147.0,2424.0
2026-08-23 02:01:01,deribit,ETH,ETH-25SEP26-2400-C,2026-09-25,2400,call,0.070176,0.069,0.071,53.82,,,,,15736.0,164.0,2427.32
2026-08-23 02:01:01,deribit,ETH,ETH-26MAR27-2900-C,2027-03-26,2900,call,0.109742,0.108,0.1115,55.7,,,,,2247.0,35.0,2470.69
2026-08-23 02:01:01,deribit,ETH,ETH-25JUN27-2200-P,2027-06-25,2200,put,0.136989,0.135,0.139,56.17,,,,,345.0,147.0,2497.5
2026-08-23 02:01:01,deribit,ETH,ETH-28AUG26-1650-C,2026-08-28,1650,call,0.319886,0.317,0.322,124.7,,,,,1604.0,0.0,2425.32
2026-08-23 02:01:01,deribit,ETH,ETH-11SEP26-2450-C,2026-09-11,2450,call,0.045026,0.0445,0.0455,54.14,,,,,180.0,6.0,2425.95
2026-08-23 02:01:01,deribit,ETH,ETH-23AUG26-2050-P,2026-08-23,2050,put,0.0,,0.0001,123.7,,,,,34.0,1.0,2422.7
2026-08-23 02:01:01,deribit,ETH,ETH-25DEC26-8000-P,2026-12-25,8000,put,2.272266,2.237,2.3005,77.52,,,,,0.0,0.0,2445.55
2026-08-23 02:01:01,deribit,ETH,ETH-30OCT26-2500-C,2026-10-30,2500,call,0.081334,0.0805,0.082,54.06,,,,,1685.0,214.0,2433.86
2026-08-23 02:01:01,deribit,ETH,ETH-26MAR27-3300-P,2027-03-26,3300,put,0.409803,0.3985,0.4205,56.29,,,,,1.0,0.0,2470.63
2026-08-23 02:01:01,deribit,ETH,ETH-24AUG26-2600-C,2026-08-24,2600,call,0.000943,0.0008,0.0012,73.34,,,,,915.0,5.0,2423.46
2026-08-23 02:01:01,deribit,ETH,ETH-28AUG26-3600-P,2026-08-28,3600,put,0.484407,0.4795,0.4885,114.47,,,,,17.0,1.0,2425.26
2026-08-23 02:01:01,deribit,ETH,ETH-23AUG26-2060-C,2026-08-23,2060,call,0.149734,0.1465,0.152,120.25,,,,,8.0,0.0,2422.7
2026-08-23 02:01:01,deribit,ETH,ETH-25DEC26-1400-C,2026-12-25,1400,call,0.436861,0.433,0.4415,65.75,,,,,946.0,0.0,2445.55
2026-08-23 02:01:01,deribit,ETH,ETH-25AUG26-2280-P,2026-08-25,2280,put,0.002429,0.0022,0.0027,62.65,,,,,406.0,155.0,2424.0
2026-08-23 02:01:01,deribit,ETH,ETH-26MAR27-2600-P,2027-03-26,2600,put,0.200485,0.198,0.2025,55.48,,,,,626.0,0.0,2470.63
2026-08-23 02:01:01,deribit,ETH,ETH-11SEP26-2550-P,2026-09-11,2550,put,0.08149,0.08,0.083,55.38,,,,,0.0,0.0,2425.95
2026-08-23 02:01:01,deribit,ETH,ETH-24AUG26-2340-P,2026-08-24,2340,put,0.00225,0.0019,0.0025,55.29,,,,,496.0,6.0,2423.4
2026-08-23 02:01:01,deribit,ETH,ETH-25SEP26-4600-C,2026-09-25,4600,call,0.000921,0.0007,0.0012,87.48,,,,,4377.0,363.0,2427.26
2026-08-23 02:01:01,deribit,ETH,ETH-26MAR27-2800-C,2027-03-26,2800,call,0.12124,0.1195,0.123,55.6,,,,,4922.0,31.0,2470.63
2026-08-23 02:01:01,deribit,ETH,ETH-24AUG26-2260-P,2026-08-24,2260,put,0.000365,0.0002,0.0006,62.07,,,,,388.0,42.0,2423.46
2026-08-23 02:01:01,deribit,ETH,ETH-25AUG26-2640-P,2026-08-25,2640,put,0.091125,0.087,0.0955,75.61,,,,,0.0,0.0,2424.0
2026-08-23 02:01:01,deribit,ETH,ETH-28AUG26-1900-P,2026-08-28,1900,put,0.000424,0.0004,0.0007,91.01,,,,,6592.0,2.0,2425.32
2026-08-23 02:01:01,deribit,ETH,ETH-25SEP26-3800-P,2026-09-25,3800,put,0.567927,0.561,0.5755,74.81,,,,,943.0,75.0,2427.32
2026-08-23 02:01:01,deribit,ETH,ETH-24AUG26-2560-C,2026-08-24,2560,call,0.0015,0.0013,0.0017,67.18,,,,,19.0,1.0,2423.46
2026-08-23 02:01:01,deribit,ETH,ETH-25SEP26-3200-C,2026-09-25,3200,call,0.007363,0.007,0.008,63.57,,,,,10096.0,101.0,2427.32
2026-08-23 02:01:01,deribit,ETH,ETH-25SEP26-1000-P,2026-09-25,1000,put,0.000253,0.0001,0.0005,110.34,,,,,9970.0,0.0,2427.32
2026-08-23 02:01:01,deribit,ETH,ETH-4SEP26-3000-C,2026-09-04,3000,call,0.003653,0.0035,0.004,73.49,,,,,521.0,1.0,2425.47
2026-08-23 02:01:01,deribit,ETH,ETH-25SEP26-1000-C,2026-09-25,1000,call,0.588294,0.586,0.5905,110.34,,,,,125.0,0.0,2427.26
2026-08-23 02:01:01,deribit,ETH,ETH-23AUG26-2580-P,2026-08-23,2580,put,0.0649,0.0615,0.069,73.82,,,,,0.0,0.0,2422.76
2026-08-23 02:01:01,deribit,ETH,ETH-25AUG26-2260-P,2026-08-25,2260,put,0.001848,0.0016,0.002,64.46,,,,,536.0,527.0,2424.0
2026-08-23 02:01:01,deribit,ETH,ETH-4SEP26-2800-C,2026-09-04,2800,call,0.007307,0.007,0.008,65.56,,,,,3602.0,1711.0,2425.47
2026-08-23 02:01:01,deribit,ETH,ETH-25DEC26-1800-C,2026-12-25,1800,call,0.292579,0.2875,0.2985,58.0,,,,,2437.0,35.0,2445.55
2026-08-23 02:01:01,deribit,ETH,ETH-23AUG26-2400-P,2026-08-23,2400,put,0.001476,0.001,0.0017,46.0,,,,,859.0,959.0,2422.7
2026-08-23 02:01:01,deribit,ETH,ETH-30OCT26-2250-P,2026-10-30,2250,put,0.057091,0.0565,0.0575,54.28,,,,,963.0,11.0,2433.86
2026-08-23 02:01:01,deribit,ETH,ETH-26MAR27-4800-P,2027-03-26,4800,put,0.963334,0.943,0.9815,59.67,,,,,0.0,0.0,2470.63
2026-08-23 02:01:01,deribit,ETH,ETH-26AUG26-2580-C,2026-08-26,2580,call,0.005689,0.005,0.0065,67.32,,,,,0.0,0.0,2424.4
2026-08-23 02:01:01,deribit,ETH,ETH-25SEP26-5200-C,2026-09-25,5200,call,0.000467,0.0003,0.0007,94.2,,,,,2190.0,0.0,2427.32
2026-08-23 02:01:01,deribit,ETH,ETH-30OCT26-2900-C,2026-10-30,2900,call,0.036032,0.0355,0.0365,55.93,,,,,267.0,1.0,2433.86
2026-08-23 02:01:01,deribit,ETH,ETH-28AUG26-3400-C,2026-08-28,3400,call,0.000205,0.0001,0.0004,107.25,,,,,1291.0,0.0,2425.26
2026-08-23 02:01:01,deribit,ETH,ETH-25JUN27-4400-P,2027-06-25,4400,put,0.81231,0.7875,0.829,58.02,,,,,1.0,0.0,2497.5
2026-08-23 02:01:01,deribit,ETH,ETH-28AUG26-2000-C,2026-08-28,2000,call,0.176221,0.1725,0.179,81.96,,,,,7556.0,388.0,2425.26
2026-08-23 02:01:01,deribit,ETH,ETH-25DEC26-1500-P,2026-12-25,1500,put,0.012417,0.012,0.013,63.36,,,,,15651.0,0.0,2445.55
2026-08-23 02:01:01,deribit,ETH,ETH-23AUG26-2440-P,2026-08-23,2440,put,0.00918,0.0085,0.01,45.98,,,,,343.0,321.0,2422.7
2026-08-23 02:01:01,deribit,ETH,ETH-26MAR27-4200-C,2027-03-26,4200,call,0.03308,0.032,0.0345,58.24,,,,,2916.0,5.0,2470.63
2026-08-23 02:01:01,deribit,ETH,ETH-30OCT26-1000-C,2026-10-30,1000,call,0.590018,0.5875,0.5925,89.37,,,,,0.0,0.0,2433.79
2026-08-23 02:01:01,deribit,ETH,ETH-25JUN27-3100-P,2027-06-25,3100,put,0.367122,0.352,0.38,56.11,,,,,0.0,0.0,2497.56
2026-08-23 02:01:01,deribit,ETH,ETH-25SEP26-9000-P,2026-09-25,9000,put,2.707766,2.6885,2.7315,135.5,,,,,0.0,0.0,2427.32
2026-08-23 02:01:01,deribit,ETH,ETH-4SEP26-1800-P,2026-09-04,1800,put,0.001017,0.0008,0.0012,80.56,,,,,1133.0,0.0,2425.47
2026-08-23 02:01:01,deribit,ETH,ETH-26AUG26-2520-C,2026-08-26,2520,call,0.009603,0.009,0.01,63.58,,,,,0.0,0.0,2424.47
2026-08-23 02:01:01,deribit,ETH,ETH-23AUG26-2520-C,2026-08-23,2520,call,4.4e-05,,0.0002,62.54,,,,,562.0,123.0,2422.76
2026-08-23 02:01:01,deribit,ETH,ETH-26AUG26-2620-C,2026-08-26,2620,call,0.004103,0.0039,0.0045,70.2,,,,,0.0,0.0,2424.47
2026-08-23 02:01:01,deribit,ETH,ETH-28AUG26-1700-P,2026-08-28,1700,put,0.000219,0.0001,0.0004,117.42,,,,,16597.0,351.0,2425.32
2026-08-23 02:01:01,deribit,ETH,ETH-25SEP26-2300-P,2026-09-25,2300,put,0.040513,0.04,0.041,54.09,,,,,1706.0,23.0,2427.32
2026-08-23 02:01:01,deribit,ETH,ETH-23AUG26-2660-C,2026-08-23,2660,call,0.0,,0.0001,90.18,,,,,51.0,14.0,2422.76
2026-08-23 02:01:01,deribit,ETH,ETH-23AUG26-2420-C,2026-08-23,2420,call,0.005228,0.0046,0.006,44.47,,,,,6073.0,1445.0,2422.7
2026-08-23 02:01:01,deribit,ETH,ETH-25JUN27-2100-P,2027-06-25,2100,put,0.118121,0.116,0.12,56.37,,,,,579.0,0.0,2497.5
2026-08-23 02:01:01,deribit,ETH,ETH-4SEP26-2080-C,2026-09-04,2080,call,0.146612,0.143,0.15,61.43,,,,,102.0,0.0,2425.47
2026-08-23 02:01:01,deribit,ETH,ETH-25DEC26-1000-C,2026-12-25,1000,call,0.594041,0.591,0.597,79.29,,,,,55.0,0.0,2445.55
2026-08-23 02:01:01,deribit,ETH,ETH-25DEC26-2800-P,2026-12-25,2800,put,0.221696,0.2145,0.2295,55.3,,,,,2392.0,0.0,2445.55
2026-08-23 02:01:01,deribit,ETH,ETH-24AUG26-2260-C,2026-08-24,2260,call,0.067833,0.0645,0.071,62.07,,,,,0.0,0.0,2423.46
2026-08-23 02:01:01,deribit,ETH,ETH-30OCT26-1800-P,2026-10-30,1800,put,0.01335,0.013,0.014,59.9,,,,,1295.0,0.0,2433.86
2026-08-23 02:01:01,deribit,ETH,ETH-25DEC26-4400-P,2026-12-25,4400,put,0.810078,0.7945,0.823,62.48,,,,,20.0,0.0,2445.61
2026-08-23 02:01:01,deribit,ETH,ETH-25AUG26-2540-P,2026-08-25,2540,put,0.053127,0.049,0.0575,66.14,,,,,170.0,0.0,2424.0
2026-08-23 02:01:01,deribit,ETH,ETH-28AUG26-2200-C,2026-08-28,2200,call,0.09626,0.0925,0.0995,63.0,,,,,7014.0,54.0,2425.32
2026-08-23 02:01:01,deribit,ETH,ETH-24AUG26-2620-C,2026-08-24,2620,call,0.000725,0.0006,0.001,75.68,,,,,0.0,0.0,2423.46
2026-08-23 02:01:01,deribit,ETH,ETH-25SEP26-3400-C,2026-09-25,3400,call,0.00497,0.0046,0.0055,67.66,,,,,7668.0,1.0,2427.32
2026-08-23 02:01:01,deribit,ETH,ETH-25SEP26-4400-P,2026-09-25,4400,put,0.813801,0.806,0.8225,84.95,,,,,281.0,0.0,2427.26
2026-08-23 02:01:01,deribit,ETH,ETH-28AUG26-2350-P,2026-08-28,2350,put,0.014931,0.0145,0.0155,58.92,,,,,727.0,177.0,2425.32
2026-08-23 02:01:01,deribit,ETH,ETH-26AUG26-2540-P,2026-08-26,2540,put,0.055647,0.052,0.06,64.75,,,,,0.0,0.0,2424.47
2026-08-23 02:01:01,deribit,ETH,ETH-11SEP26-1800-C,2026-09-11,1800,call,0.260078,0.2565,0.2635,72.22,,,,,0.0,0.0,2425.95
2026-08-23 02:01:01,deribit,ETH,ETH-4SEP26-2650-C,2026-09-04,2650,call,0.013875,0.0135,0.0145,60.35,,,,,2.0,2.0,2425.41
2026-08-23 02:01:01,deribit,ETH,ETH-24AUG26-1900-P,2026-08-24,1900,put,1.3e-05,,0.0001,130.53,,,,,298.0,100.0,2423.46
2026-08-23 02:01:01,deribit,ETH,ETH-25DEC26-7000-P,2026-12-25,7000,put,1.864077,1.834,1.8865,74.28,,,,,0.0,0.0,2445.55
2026-08-23 02:01:01,deribit,ETH,ETH-25JUN27-4000-C,2027-06-25,4000,call,0.065798,0.064,0.068,57.35,,,,,4438.0,28.0,2497.56
2026-08-23 02:01:01,deribit,ETH,ETH-28AUG26-2120-P,2026-08-28,2120,put,0.001691,0.0014,0.0018,69.02,,,,,1332.0,1.0,2425.32
2026-08-23 02:01:01,deribit,ETH,ETH-26MAR27-1800-C,2027-03-26,1800,call,0.323415,0.3165,0.3325,57.69,,,,,3622.0,4.0,2470.63
2026-08-23 02:01:01,deribit,ETH,ETH-24AUG26-2660-C,2026-08-24,2660,call,0.000441,0.0003,0.0007,80.38,,,,,0.0,0.0,2423.46
2026-08-23 02:01:01,deribit,ETH,ETH-26AUG26-2540-C,2026-08-26,2540,call,0.008043,0.0075,0.0085,64.75,,,,,0.0,0.0,2424.47
2026-08-23 02:01:01,deribit,ETH,ETH-11SEP26-2100-C,2026-09-11,2100,call,0.142858,0.139,0.1465,57.37,,,,,1.0,0.0,2426.01
2026-08-23 02:01:01,deribit,ETH,ETH-25JUN27-1900-C,2027-06-25,1900,call,0.324629,0.316,0.3345,57.03,,,,,115.0,0.0,2497.5
2026-08-23 02:01:01,deribit,ETH,ETH-26AUG26-2100-C,2026-08-26,2100,call,0.134514,0.131,0.1375,77.69,,,,,0.0,0.0,2424.4
2026-08-23 02:01:01,deribit,ETH,ETH-26MAR27-2000-P,2027-03-26,2000,put,0.077667,0.076,0.079,56.43,,,,,1709.0,14.0,2470.63
2026-08-23 02:01:01,deribit,ETH,ETH-25JUN27-3900-C,2027-06-25,3900,call,0.070393,0.0685,0.0725,57.18,,,,,10.0,10.0,2497.5
2026-08-23 02:01:01,deribit,ETH,ETH-25SEP26-2100-P,2026-09-25,2100,put,0.017443,0.017,0.018,56.54,,,,,30894.0,37.0,2427.26
2026-08-23 02:01:01,deribit,ETH,ETH-24AUG26-2320-C,2026-08-24,2320,call,0.044143,0.0405,0.048,56.74,,,,,147.0,0.0,2423.4
2026-08-23 02:01:01,deribit,ETH,ETH-11SEP26-2400-P,2026-09-11,2400,put,0.044048,0.0435,0.0445,54.05,,,,,9.0,8.0,2426.01
2026-08-23 02:01:01,deribit,ETH,ETH-25AUG26-2250-P,2026-08-25,2250,put,0.001636,0.0014,0.0018,65.6,,,,,6.0,6.0,2424.0
2026-08-23 02:01:01,deribit,ETH,ETH-4SEP26-2050-P,2026-09-04,2050,put,0.003405,0.0032,0.0036,62.95,,,,,1117.0,136.0,2425.41
2026-08-23 02:01:01,deribit,ETH,ETH-25SEP26-16000-P,2026-09-25,16000,put,5.591356,5.5585,5.6315,164.99,,,,,30.0,0.0,2427.32
2026-08-23 02:01:01,deribit,ETH,ETH-25SEP26-2050-P,2026-09-25,2050,put,0.013999,0.0135,0.0145,57.6,,,,,2092.0,33.0,2427.32
2026-08-23 02:01:01,deribit,ETH,ETH-23AUG26-1940-P,2026-08-23,1940,put,0.0,,0.0001,127.31,,,,,2.0,1.0,2422.76
2026-08-23 02:01:01,deribit,ETH,ETH-25AUG26-2320-P,2026-08-25,2320,put,0.00439,0.0041,0.0046,60.17,,,,,533.0,107.0,2424.0
2026-08-23 02:01:01,deribit,ETH,ETH-25JUN27-6000-C,2027-06-25,6000,call,0.020829,0.0195,0.0225,60.85,,,,,60.0,39.0,2497.5
2026-08-23 02:01:01,deribit,ETH,ETH-11SEP26-3000-P,2026-09-11,3000,put,0.242981,0.238,0.248,66.6,,,,,0.0,0.0,2425.95
2026-08-23 02:01:01,deribit,ETH,ETH-26MAR27-4500-P,2027-03-26,4500,put,0.847244,0.828,0.866,58.95,,,,,0.0,0.0,2470.63
2026-08-23 02:01:01,deribit,ETH,ETH-25SEP26-1600-C,2026-09-25,1600,call,0.343221,0.34,0.346,75.02,,,,,3424.0,0.0,2427.32
2026-08-23 02:01:01,deribit,ETH,ETH-26MAR27-3000-P,2027-03-26,3000,put,0.313586,0.298,0.324,55.83,,,,,352.0,0.0,2470.63
2026-08-23 02:01:01,deribit,ETH,ETH-4SEP26-1750-C,2026-09-04,1750,call,0.279369,0.2765,0.282,84.42,,,,,0.0,0.0,2425.47
2026-08-23 02:01:01,deribit,ETH,ETH-25JUN27-3900-P,2027-06-25,3900,put,0.63188,0.6115,0.648,57.18,,,,,0.0,0.0,2497.56
2026-08-23 02:01:01,deribit,ETH,ETH-25DEC26-5200-P,2026-12-25,5200,put,1.131692,1.113,1.15,66.39,,,,,0.0,0.0,2445.61
2026-08-23 02:01:01,deribit,ETH,ETH-23AUG26-2020-P,2026-08-23,2020,put,0.0,,0.0001,127.31,,,,,109.0,1.0,2422.76
2026-08-23 02:01:01,deribit,ETH,ETH-25DEC26-4800-C,2026-12-25,4800,call,0.007492,0.007,0.008,64.36,,,,,2766.0,0.0,2445.55
2026-08-23 02:01:01,deribit,ETH,ETH-25JUN27-4400-C,2027-06-25,4400,call,0.050632,0.049,0.0525,58.02,,,,,173.0,21.0,2497.56
2026-08-23 02:01:01,deribit,ETH,ETH-25JUN27-2000-P,2027-06-25,2000,put,0.100913,0.099,0.103,56.66,,,,,1801.0,0.0,2497.5
2026-08-23 02:01:01,deribit,ETH,ETH-23AUG26-2300-P,2026-08-23,2300,put,5e-06,,0.0001,65.07,,,,,712.0,134.0,2422.76
2026-08-23 02:01:01,deribit,ETH,ETH-4SEP26-1600-C,2026-09-04,1600,call,0.340773,0.338,0.3435,94.8,,,,,18.0,0.0,2425.47
2026-08-23 02:01:01,deribit,ETH,ETH-25SEP26-2050-C,2026-09-25,2050,call,0.169485,0.1655,0.1735,57.6,,,,,19.0,0.0,2427.32
2026-08-23 02:01:01,deribit,ETH,ETH-23AUG26-2400-C,2026-08-23,2400,call,0.010874,0.007,0.0145,46.0,,,,,1835.0,1383.0,2422.76
2026-08-23 02:01:01,deribit,ETH,ETH-25DEC26-2700-P,2026-12-25,2700,put,0.192524,0.186,0.2,55.06,,,,,494.0,0.0,2445.55
2026-08-23 02:01:01,deribit,ETH,ETH-25SEP26-7500-C,2026-09-25,7500,call,0.000148,,0.0003,119.32,,,,,1322.0,0.0,2427.32
2026-08-23 02:01:01,deribit,ETH,ETH-25SEP26-6800-P,2026-09-25,6800,put,1.801468,1.7885,1.8155,110.37,,,,,0.0,0.0,2427.26
2026-08-23 02:01:01,deribit,ETH,ETH-24AUG26-2550-P,2026-08-24,2550,put,0.053905,0.05,0.058,65.75,,,,,3.0,0.0,2423.46
2026-08-23 02:01:01,deribit,ETH,ETH-23AUG26-2220-P,2026-08-23,2220,put,0.0,,0.0001,81.33,,,,,674.0,88.0,2422.76
2026-08-23 02:01:01,deribit,ETH,ETH-24AUG26-2420-C,2026-08-24,2420,call,0.013433,0.0125,0.014,54.44,,,,,209.0,0.0,2423.46
2026-08-23 02:01:01,deribit,ETH,ETH-26AUG26-2200-P,2026-08-26,2200,put,0.001537,0.0013,0.0017,66.25,,,,,3.0,3.0,2424.47
2026-08-23 02:01:01,deribit,ETH,ETH-25DEC26-7000-C,2026-12-25,7000,call,0.001806,0.0015,0.0022,74.28,,,,,2920.0,0.0,2445.55
2026-08-23 02:01:01,deribit,ETH,ETH-26AUG26-2100-P,2026-08-26,2100,put,0.000643,0.0004,0.0008,77.69,,,,,130.0,130.0,2424.4
2026-08-23 02:01:01,deribit,ETH,ETH-25SEP26-2250-P,2026-09-25,2250,put,0.033154,0.0325,0.034,54.46,,,,,1376.0,504.0,2427.26
2026-08-23 02:01:01,deribit,ETH,ETH-11SEP26-2350-C,2026-09-11,2350,call,0.065852,0.0645,0.067,53.92,,,,,21.0,0.0,2426.01
2026-08-23 02:01:01,deribit,ETH,ETH-26AUG26-2520-P,2026-08-26,2520,put,0.048958,0.045,0.053,63.58,,,,,0.0,0.0,2424.47
2026-08-23 02:01:01,deribit,ETH,ETH-28AUG26-2250-C,2026-08-28,2250,call,0.077881,0.074,0.081,60.97,,,,,3781.0,21.0,2425.32
2026-08-23 02:01:01,deribit,ETH,ETH-25AUG26-2620-C,2026-08-25,2620,call,0.002487,0.0023,0.0028,73.61,,,,,0.0,0.0,2424.06
2026-08-23 02:01:01,deribit,ETH,ETH-25DEC26-1800-P,2026-12-25,1800,put,0.028592,0.028,0.029,58.0,,,,,5281.0,23.0,2445.55
2026-08-23 02:01:01,deribit,ETH,ETH-25JUN27-1400-P,2027-06-25,1400,put,0.032243,0.031,0.0335,61.34,,,,,1784.0,0.0,2497.5
2026-08-23 02:01:01,deribit,ETH,ETH-23AUG26-2340-C,2026-08-23,2340,call,0.034192,0.0305,0.0375,53.48,,,,,550.0,0.0,2422.76
2026-08-23 02:01:01,deribit,ETH,ETH-25JUN27-1600-C,2027-06-25,1600,call,0.408267,0.401,0.4175,59.06,,,,,393.0,0.0,2497.56
2026-08-23 02:01:01,deribit,ETH,ETH-25AUG26-2240-C,2026-08-25,2240,call,0.077391,0.0735,0.0805,66.43,,,,,0.0,0.0,2424.0
2026-08-23 02:01:01,deribit,ETH,ETH-25DEC26-5000-C,2026-12-25,5000,call,0.006425,0.006,0.007,65.52,,,,,4552.0,10.0,2445.61
2026-08-23 02:01:01,deribit,ETH,ETH-26MAR27-2900-P,2027-03-26,2900,put,0.283479,0.269,0.293,55.7,,,,,258.0,0.0,2470.69
2026-08-23 02:01:01,deribit,ETH,ETH-25JUN27-4500-C,2027-06-25,4500,call,0.047559,0.046,0.0495,58.2,,,,,1431.0,161.0,2497.5
2026-08-23 02:01:01,deribit,ETH,ETH-23AUG26-1700-C,2026-08-23,1700,call,0.298324,0.2955,0.3005,127.41,,,,,0.0,0.0,2422.7
2026-08-23 02:01:01,deribit,ETH,ETH-25SEP26-4500-C,2026-09-25,4500,call,0.001026,0.0008,0.0013,86.06,,,,,8217.0,527.0,2427.32
2026-08-23 02:01:01,deribit,ETH,ETH-28AUG26-1100-P,2026-08-28,1100,put,2e-06,,0.0015,173.4,,,,,2338.0,101.0,2425.32
2026-08-23 02:01:01,deribit,ETH,ETH-26MAR27-4400-P,2027-03-26,4400,put,0.808915,0.79,0.825,58.7,,,,,0.0,0.0,2470.63
2026-08-23 02:01:01,deribit,ETH,ETH-30OCT26-1600-P,2026-10-30,1600,put,0.00671,0.0065,0.0075,64.92,,,,,2223.0,1.0,2433.86
2026-08-23 02:01:01,deribit,ETH,ETH-24AUG26-2180-C,2026-08-24,2180,call,0.100609,0.097,0.1035,76.69,,,,,1.0,1.0,2423.46
2026-08-23 02:01:01,deribit,ETH,ETH-25JUN27-4200-C,2027-06-25,4200,call,0.057588,0.0555,0.0595,57.68,,,,,554.0,14.0,2497.5
2026-08-23 02:01:01,deribit,ETH,ETH-24AUG26-2380-C,2026-08-24,2380,call,0.023484,0.022,0.025,54.1,,,,,368.0,69.0,2423.46
2026-08-23 02:01:01,deribit,ETH,ETH-25SEP26-7000-C,2026-09-25,7000,call,0.000126,,0.0002,111.39,,,,,2032.0,6.0,2427.32
2026-08-23 02:01:01,deribit,ETH,ETH-25SEP26-11000-P,2026-09-25,11000,put,3.531688,3.508,3.5565,153.91,,,,,0.0,0.0,2427.32
2026-08-23 02:01:01,deribit,ETH,ETH-11SEP26-2250-C,2026-09-11,2250,call,0.092761,0.0915,0.094,54.44,,,,,1.0,0.0,2426.01
2026-08-23 02:01:01,deribit,ETH,ETH-25SEP26-3300-P,2026-09-25,3300,put,0.365361,0.3595,0.3715,65.37,,,,,3.0,0.0,2427.26
2026-08-23 02:01:01,deribit,ETH,ETH-26AUG26-2240-C,2026-08-26,2240,call,0.078589,0.0745,0.0815,63.22,,,,,0.0,0.0,2424.47
2026-08-23 02:01:01,deribit,ETH,ETH-26AUG26-2240-P,2026-08-26,2240,put,0.002461,0.0022,0.0027,63.22,,,,,0.0,0.0,2424.47
2026-08-23 02:01:01,deribit,ETH,ETH-26MAR27-1000-C,2027-03-26,1000,call,0.602611,0.599,0.608,72.1,,,,,270.0,0.0,2470.63
2026-08-23 02:01:01,deribit,ETH,ETH-25JUN27-3300-C,2027-06-25,3300,call,0.108209,0.106,0.1105,56.31,,,,,2274.0,35.0,2497.5
2026-08-23 02:01:01,deribit,ETH,ETH-25AUG26-2800-P,2026-08-25,2800,put,0.155732,0.152,0.16,92.67,,,,,0.0,0.0,2424.0
2026-08-23 02:01:01,deribit,ETH,ETH-25JUN27-1500-C,2027-06-25,1500,call,0.439286,0.4325,0.4475,60.09,,,,,50.0,0.0,2497.56
2026-08-23 02:01:01,deribit,ETH,ETH-23AUG26-2460-P,2026-08-23,2460,put,0.016147,0.0125,0.0205,49.81,,,,,455.0,55.0,2422.76
2026-08-23 02:01:01,deribit,ETH,ETH-25SEP26-8000-C,2026-09-25,8000,call,0.000146,,,125.13,,,,,1092.0,0.0,2427.32
2026-08-23 02:01:01,deribit,ETH,ETH-23AUG26-2360-P,2026-08-23,2360,put,0.000142,,0.0003,52.36,,,,,954.0,336.0,2422.7
2026-08-23 02:01:01,deribit,ETH,ETH-26AUG26-2560-P,2026-08-26,2560,put,0.062584,0.0585,0.067,65.92,,,,,0.0,0.0,2424.4
2026-08-23 02:01:01,deribit,ETH,ETH-23AUG26-2380-C,2026-08-23,2380,call,0.01822,0.014,0.0215,51.23,,,,,831.0,0.0,2422.7
2026-08-23 02:01:01,deribit,ETH,ETH-25DEC26-6500-P,2026-12-25,6500,put,1.660182,1.634,1.6805,72.33,,,,,0.0,0.0,2445.55
2026-08-23 02:01:01,deribit,ETH,ETH-25SEP26-4200-P,2026-09-25,4200,put,0.73174,0.7245,0.74,82.01,,,,,551.0,0.0,2427.26
2026-08-23 02:01:01,deribit,ETH,ETH-26MAR27-3600-C,2027-03-26,3600,call,0.056011,0.0545,0.0575,56.9,,,,,2292.0,4.0,2470.63
2026-08-23 02:01:01,deribit,ETH,ETH-26AUG26-2320-C,2026-08-26,2320,call,0.049978,0.046,0.0535,59.77,,,,,0.0,0.0,2424.47
2026-08-23 02:01:01,deribit,ETH,ETH-24AUG26-2580-P,2026-08-24,2580,put,0.065751,0.0625,0.07,70.24,,,,,1.0,0.0,2423.46
2026-08-23 02:01:01,deribit,ETH,ETH-26AUG26-2280-P,2026-08-26,2280,put,0.004069,0.0038,0.0044,60.97,,,,,17.0,17.0,2424.47
2026-08-23 02:01:01,deribit,ETH,ETH-24AUG26-2080-C,2026-08-24,2080,call,0.141774,0.1385,0.1445,92.01,,,,,0.0,0.0,2423.46
2026-08-23 02:01:01,deribit,ETH,ETH-23AUG26-1840-C,2026-08-23,1840,call,0.240539,0.2375,0.243,127.31,,,,,0.0,0.0,2422.76
2026-08-23 02:01:01,deribit,ETH,ETH-4SEP26-2400-C,2026-09-04,2400,call,0.045727,0.0445,0.0465,55.34,,,,,1789.0,24.0,2425.41
2026-08-23 02:01:01,deribit,ETH,ETH-26MAR27-3400-P,2027-03-26,3400,put,0.443552,0.428,0.457,56.48,,,,,6.0,0.0,2470.63
2026-08-23 02:01:01,deribit,ETH,ETH-28AUG26-2450-C,2026-08-28,2450,call,0.024195,0.0235,0.025,60.3,,,,,504.0,41.0,2425.26
2026-08-23 02:01:01,deribit,ETH,ETH-26AUG26-2380-C,2026-08-26,2380,call,0.032488,0.0285,0.0355,59.24,,,,,0.0,0.0,2424.4
2026-08-23 02:01:01,deribit,ETH,ETH-30OCT26-1400-C,2026-10-30,1400,call,0.428321,0.4245,0.4325,71.98,,,,,50.0,0.0,2433.79
2026-08-23 02:01:01,deribit,ETH,ETH-25DEC26-2600-C,2026-12-25,2600,call,0.101996,0.101,0.103,54.87,,,,,6785.0,335.0,2445.55
2026-08-23 02:01:01,deribit,ETH,ETH-25JUN27-2400-C,2027-06-25,2400,call,0.218395,0.216,0.221,55.94,,,,,914.0,1.0,2497.5
2026-08-23 02:01:01,deribit,ETH,ETH-25JUN27-5000-C,2027-06-25,5000,call,0.035216,0.0335,0.037,59.05,,,,,1339.0,30.0,2497.5
2026-08-23 02:01:01,deribit,ETH,ETH-25JUN27-2500-P,2027-06-25,2500,put,0.202576,0.2,0.205,55.88,,,,,27.0,20.0,2497.5
2026-08-23 02:01:01,deribit,ETH,ETH-30OCT26-1850-P,2026-10-30,1850,put,0.015818,0.0155,0.0165,58.85,,,,,1260.0,21.0,2433.86
2026-08-23 02:01:01,deribit,ETH,ETH-23AUG26-2100-C,2026-08-23,2100,call,0.133224,0.13,0.1355,106.51,,,,,131.0,0.0,2422.7
2026-08-23 02:01:01,deribit,ETH,ETH-28AUG26-1750-P,2026-08-28,1750,put,0.000231,0.0001,0.0005,109.35,,,,,23214.0,2.0,2425.32
2026-08-23 02:01:01,deribit,ETH,ETH-26AUG26-2340-C,2026-08-26,2340,call,0.043694,0.04,0.0465,59.47,,,,,0.0,0.0,2424.47
2026-08-23 02:01:01,deribit,ETH,ETH-25DEC26-4200-C,2026-12-25,4200,call,0.013367,0.013,0.014,61.46,,,,,4622.0,0.0,2445.55
2026-08-23 02:01:01,deribit,ETH,ETH-30OCT26-2550-C,2026-10-30,2550,call,0.073522,0.073,0.0745,54.2,,,,,575.0,16.0,2433.86
2026-08-23 02:01:01,deribit,ETH,ETH-25SEP26-8500-C,2026-09-25,8500,call,0.000146,,0.0006,130.66,,,,,1253.0,0.0,2427.26
2026-08-23 02:01:01,deribit,ETH,ETH-24AUG26-2300-C,2026-08-24,2300,call,0.0519,0.048,0.055,58.8,,,,,26.0,0.0,2423.46
2026-08-23 02:01:01,deribit,ETH,ETH-26MAR27-5000-P,2027-03-26,5000,put,1.041328,1.0195,1.0605,60.04,,,,,0.0,0.0,2470.63
2026-08-23 02:01:01,deribit,ETH,ETH-25AUG26-2100-P,2026-08-25,2100,put,0.000348,0.0002,0.0006,84.98,,,,,274.0,54.0,2424.06
2026-08-23 02:01:01,deribit,ETH,ETH-25AUG26-2340-C,2026-08-25,2340,call,0.040676,0.039,0.042,59.52,,,,,0.0,0.0,2424.0
2026-08-23 02:01:01,deribit,ETH,ETH-25SEP26-4500-P,2026-09-25,4500,put,0.854839,0.847,0.8635,86.06,,,,,6.0,0.0,2427.32
2026-08-23 02:01:01,deribit,ETH,ETH-25AUG26-2560-C,2026-08-25,2560,call,0.004383,0.0041,0.0047,67.98,,,,,869.0,500.0,2424.06
2026-08-23 02:01:01,deribit,ETH,ETH-30OCT26-3200-C,2026-10-30,3200,call,0.020307,0.0195,0.021,58.3,,,,,1478.0,4.0,2433.86
2026-08-23 02:01:01,deribit,ETH,ETH-23AUG26-1820-C,2026-08-23,1820,call,0.248794,0.246,0.251,127.41,,,,,0.0,0.0,2422.76
2026-08-23 02:01:01,deribit,ETH,ETH-28AUG26-1400-P,2026-08-28,1400,put,0.000159,,0.0012,169.31,,,,,7849.0,1.0,2425.32
2026-08-23 02:01:01,deribit,ETH,ETH-26MAR27-800-C,2027-03-26,800,call,0.680217,0.677,0.6855,78.69,,,,,0.0,0.0,2470.69
2026-08-23 02:01:01,deribit,ETH,ETH-26MAR27-4400-C,2027-03-26,4400,call,0.028072,0.027,0.0295,58.7,,,,,1278.0,11.0,2470.63
2026-08-23 02:01:01,deribit,ETH,ETH-25DEC26-3000-P,2026-12-25,3000,put,0.284658,0.274,0.2935,55.92,,,,,781.0,0.0,2445.61
2026-08-23 02:01:01,deribit,ETH,ETH-24AUG26-1900-C,2026-08-24,1900,call,0.216026,0.213,0.2185,130.53,,,,,0.0,0.0,2423.46
2026-08-23 02:01:01,deribit,ETH,ETH-25SEP26-2500-P,2026-09-25,2500,put,0.081972,0.081,0.083,54.03,,,,,3424.0,207.0,2427.32
2026-08-23 02:01:01,deribit,ETH,ETH-25SEP26-13000-C,2026-09-25,13000,call,6.5e-05,,0.0003,159.11,,,,,1873.0,0.0,2427.32
2026-08-23 02:01:01,deribit,ETH,ETH-4SEP26-2250-P,2026-09-04,2250,put,0.01331,0.0125,0.014,55.94,,,,,1331.0,15.0,2425.47
2026-08-23 02:01:01,deribit,ETH,ETH-25SEP26-7200-P,2026-09-25,7200,put,1.966248,1.952,1.981,115.5,,,,,0.0,0.0,2427.32
2026-08-23 02:01:01,deribit,ETH,ETH-25JUN27-1900-P,2027-06-25,1900,put,0.085354,0.0835,0.087,57.03,,,,,3338.0,11.0,2497.5
2026-08-23 02:01:01,deribit,ETH,ETH-25AUG26-2700-P,2026-08-25,2700,put,0.115094,0.1115,0.1195,81.86,,,,,0.0,0.0,2424.06
2026-08-23 02:01:01,deribit,ETH,ETH-25DEC26-4500-C,2026-12-25,4500,call,0.009934,0.0095,0.0105,62.99,,,,,2993.0,0.0,2445.61
2026-08-23 02:01:01,deribit,ETH,ETH-23AUG26-1900-C,2026-08-23,1900,call,0.215774,0.2125,0.218,127.31,,,,,0.0,0.0,2422.7
2026-08-23 02:01:01,deribit,ETH,ETH-30OCT26-1000-P,2026-10-30,1000,put,0.000889,0.0006,0.0012,89.37,,,,,1971.0,0.0,2433.79
2026-08-23 02:01:01,deribit,ETH,ETH-25JUN27-1400-C,2027-06-25,1400,call,0.471709,0.466,0.4795,61.34,,,,,50.0,0.0,2497.5
2026-08-23 02:01:01,deribit,ETH,ETH-26MAR27-2300-C,2027-03-26,2300,call,0.200028,0.1985,0.202,55.6,,,,,7621.0,0.0,2470.63
2026-08-23 02:01:01,deribit,ETH,ETH-23AUG26-1820-P,2026-08-23,1820,put,0.0,,0.0002,127.41,,,,,42.0,0.0,2422.7
2026-08-23 02:01:01,deribit,ETH,ETH-4SEP26-2500-C,2026-09-04,2500,call,0.028398,0.0275,0.029,56.57,,,,,3247.0,3.0,2425.41
2026-08-23 02:01:01,deribit,ETH,ETH-28AUG26-1850-C,2026-08-28,1850,call,0.237605,0.2345,0.24,98.15,,,,,4642.0,0.0,2425.32
2026-08-23 02:01:01,deribit,ETH,ETH-25SEP26-6400-C,2026-09-25,6400,call,0.000208,0.0001,0.0004,107.5,,,,,1918.0,0.0,2427.32
2026-08-23 02:01:01,deribit,ETH,ETH-26MAR27-6000-C,2027-03-26,6000,call,0.009163,0.0085,0.01,62.42,,,,,5150.0,10.0,2470.63
2026-08-23 02:01:01,deribit,ETH,ETH-25DEC26-3500-P,2026-12-25,3500,put,0.460951,0.449,0.471,58.0,,,,,51.0,0.0,2445.55
2026-08-23 02:01:01,deribit,ETH,ETH-26AUG26-2500-P,2026-08-26,2500,put,0.042607,0.039,0.0465,62.54,,,,,0.0,0.0,2424.47
2026-08-23 02:01:01,deribit,ETH,ETH-23AUG26-2640-C,2026-08-23,2640,call,0.0,,0.0001,86.19,,,,,91.0,92.0,2422.7
2026-08-23 02:01:01,deribit,ETH,ETH-11SEP26-2700-P,2026-09-11,2700,put,0.129961,0.1255,0.135,58.36,,,,,0.0,0.0,2426.01
2026-08-23 02:01:01,deribit,ETH,ETH-24AUG26-2120-C,2026-08-24,2120,call,0.125309,0.122,0.128,88.37,,,,,0.0,0.0,2423.46
2026-08-23 02:01:01,deribit,ETH,ETH-28AUG26-1200-C,2026-08-28,1200,call,0.505244,0.503,0.507,173.4,,,,,69.0,0.0,2425.26
2026-08-23 02:01:01,deribit,ETH,ETH-4SEP26-2500-P,2026-09-04,2500,put,0.059045,0.0575,0.06,56.57,,,,,1916.0,0.0,2425.41
2026-08-23 02:01:01,deribit,ETH,ETH-25AUG26-2300-P,2026-08-25,2300,put,0.00325,0.003,0.0035,61.23,,,,,84.0,43.0,2424.06
2026-08-23 02:01:01,deribit,ETH,ETH-30OCT26-3400-P,2026-10-30,3400,put,0.411295,0.4015,0.42,60.12,,,,,0.0,0.0,2433.79
2026-08-23 02:01:01,deribit,ETH,ETH-26MAR27-3500-P,2027-03-26,3500,put,0.478008,0.461,0.4905,56.69,,,,,24.0,0.0,2470.63
2026-08-23 02:01:01,deribit,ETH,ETH-25SEP26-3500-P,2026-09-25,3500,put,0.445882,0.4395,0.4525,69.23,,,,,1133.0,0.0,2427.32
2026-08-23 02:01:01,deribit,ETH,ETH-4SEP26-1900-P,2026-09-04,1900,put,0.001573,0.0013,0.0018,72.96,,,,,837.0,25.0,2425.47
2026-08-23 02:01:01,deribit,ETH,ETH-25DEC26-5200-C,2026-12-25,5200,call,0.005433,0.005,0.006,66.39,,,,,8897.0,1.0,2445.61
2026-08-23 02:01:01,deribit,ETH,ETH-25SEP26-6500-C,2026-09-25,6500,call,0.000208,0.0001,0.0004,109.0,,,,,1339.0,0.0,2427.32
2026-08-23 02:01:01,deribit,ETH,ETH-23AUG26-2060-P,2026-08-23,2060,put,0.0,,0.0001,120.25,,,,,407.0,1.0,2422.76
2026-08-23 02:01:01,deribit,ETH,ETH-23AUG26-2150-P,2026-08-23,2150,put,0.0,,0.0001,89.45,,,,,22.0,2.0,2422.7
2026-08-23 02:01:01,deribit,ETH,ETH-30OCT26-2250-C,2026-10-30,2250,call,0.13263,0.131,0.1335,54.28,,,,,785.0,0.0,2433.79
2026-08-23 02:01:01,deribit,ETH,ETH-4SEP26-2350-C,2026-09-04,2350,call,0.057171,0.056,0.0585,55.12,,,,,756.0,0.0,2425.47
2026-08-23 02:01:01,deribit,ETH,ETH-30OCT26-1900-P,2026-10-30,1900,put,0.018725,0.018,0.019,57.9,,,,,846.0,16.0,2433.86
2026-08-23 02:01:01,deribit,ETH,ETH-30OCT26-2900-P,2026-10-30,2900,put,0.22756,0.2195,0.2345,55.93,,,,,0.0,0.0,2433.79
2026-08-23 02:01:01,deribit,ETH,ETH-11SEP26-3200-C,2026-09-11,3200,call,0.003783,0.0036,0.004,72.38,,,,,2261.0,2161.0,2425.95
2026-08-23 02:01:01,deribit,ETH,ETH-23AUG26-2620-C,2026-08-23,2620,call,0.0,,0.0001,79.81,,,,,507.0,642.0,2422.76
2026-08-23 02:01:01,deribit,ETH,ETH-25SEP26-8000-P,2026-09-25,8000,put,2.295813,2.2795,2.3165,125.13,,,,,0.0,0.0,2427.32
2026-08-23 02:01:01,deribit,ETH,ETH-23AUG26-2040-P,2026-08-23,2040,put,0.0,,0.0001,126.87,,,,,46.0,1.0,2422.7
2026-08-23 02:01:01,deribit,ETH,ETH-25SEP26-6800-C,2026-09-25,6800,call,0.000151,,0.0003,110.37,,,,,1458.0,10.0,2427.26
2026-08-23 02:01:01,deribit,ETH,ETH-26MAR27-900-C,2027-03-26,900,call,0.641224,0.6375,0.647,75.22,,,,,68.0,0.0,2470.63
2026-08-23 02:01:01,deribit,ETH,ETH-25DEC26-4600-P,2026-12-25,4600,put,0.88992,0.8785,0.9045,63.42,,,,,0.0,0.0,2445.55
2026-08-23 02:01:01,deribit,ETH,ETH-25AUG26-2420-C,2026-08-25,2420,call,0.01948,0.0185,0.02,59.47,,,,,7.0,7.0,2424.0
2026-08-23 02:01:01,deribit,ETH,ETH-28AUG26-2500-C,2026-08-28,2500,call,0.017103,0.0165,0.018,61.8,,,,,34304.0,530.0,2425.32
2026-08-23 02:01:01,deribit,ETH,ETH-25SEP26-3600-C,2026-09-25,3600,call,0.003386,0.0032,0.0036,71.1,,,,,2794.0,12.0,2427.32
2026-08-23 02:01:01,deribit,ETH,ETH-24AUG26-2350-P,2026-08-24,2350,put,0.002829,0.0025,0.0031,54.78,,,,,116.0,116.0,2423.46
2026-08-23 02:01:01,deribit,ETH,ETH-25SEP26-4600-P,2026-09-25,4600,put,0.895929,0.888,0.9055,87.48,,,,,38.0,0.0,2427.26
2026-08-23 02:01:01,deribit,ETH,ETH-26AUG26-2380-P,2026-08-26,2380,put,0.014102,0.0135,0.0145,59.24,,,,,0.0,0.0,2424.4
2026-08-23 02:01:01,deribit,ETH,ETH-26MAR27-900-P,2027-03-26,900,put,0.005488,0.0048,0.006,75.22,,,,,828.0,1.0,2470.69
2026-08-23 02:01:01,deribit,ETH,ETH-25JUN27-2600-P,2027-06-25,2600,put,0.227196,0.2225,0.2295,55.87,,,,,0.0,0.0,2497.5
2026-08-23 02:01:01,deribit,ETH,ETH-25AUG26-2240-P,2026-08-25,2240,put,0.001419,0.0012,0.0016,66.43,,,,,31.0,30.0,2424.0
2026-08-23 02:01:01,deribit,ETH,ETH-26AUG26-2420-P,2026-08-26,2420,put,0.021531,0.021,0.022,59.74,,,,,20.0,20.0,2424.47
2026-08-23 02:01:01,deribit,ETH,ETH-26AUG26-2300-P,2026-08-26,2300,put,0.005363,0.0049,0.006,60.58,,,,,106.0,106.0,2424.4
2026-08-23 02:01:01,deribit,ETH,ETH-25SEP26-15000-P,2026-09-25,15000,put,5.179409,5.1425,5.219,164.18,,,,,0.0,0.0,2427.32
2026-08-23 02:01:01,deribit,ETH,ETH-30OCT26-3100-P,2026-10-30,3100,put,0.298163,0.2915,0.306,57.48,,,,,0.0,0.0,2433.79
2026-08-23 02:01:01,deribit,ETH,ETH-23AUG26-2580-C,2026-08-23,2580,call,3e-06,,0.0001,73.82,,,,,160.0,85.0,2422.76
2026-08-23 02:01:01,deribit,ETH,ETH-25SEP26-12000-P,2026-09-25,12000,put,3.943607,3.916,3.9775,157.91,,,,,0.0,0.0,2427.32
2026-08-23 02:01:01,deribit,ETH,ETH-24AUG26-2160-C,2026-08-24,2160,call,0.10881,0.1055,0.1115,77.92,,,,,0.0,0.0,2423.46
2026-08-23 02:01:01,deribit,ETH,ETH-23AUG26-1860-P,2026-08-23,1860,put,0.0,,0.0001,127.31,,,,,110.0,1.0,2422.7
2026-08-23 02:01:01,deribit,ETH,ETH-30OCT26-2300-P,2026-10-30,2300,put,0.065729,0.065,0.0665,54.13,,,,,574.0,0.0,2433.79
2026-08-23 02:01:01,deribit,ETH,ETH-26AUG26-2480-C,2026-08-26,2480,call,0.01381,0.013,0.0145,61.72,,,,,0.0,0.0,2424.47
2026-08-23 02:01:01,deribit,ETH,ETH-25AUG26-2580-P,2026-08-25,2580,put,0.067868,0.064,0.072,69.71,,,,,18.0,18.0,2424.0
2026-08-23 02:01:01,deribit,ETH,ETH-4SEP26-2600-P,2026-09-04,2600,put,0.089399,0.086,0.094,58.88,,,,,0.0,0.0,2425.47
2026-08-23 02:01:01,deribit,ETH,ETH-30OCT26-3600-P,2026-10-30,3600,put,0.489558,0.4825,0.4985,62.04,,,,,0.0,0.0,2433.79
2026-08-23 02:01:01,deribit,ETH,ETH-25AUG26-2520-C,2026-08-25,2520,call,0.006578,0.006,0.007,64.46,,,,,96.0,1.0,2424.06
2026-08-23 02:01:01,deribit,ETH,ETH-26AUG26-2700-C,2026-08-26,2700,call,0.002319,0.0021,0.0026,76.8,,,,,6.0,6.0,2424.47
2026-08-23 02:01:01,deribit,ETH,ETH-25DEC26-3000-C,2026-12-25,3000,call,0.05797,0.057,0.059,55.92,,,,,7022.0,7.0,2445.61
2026-08-23 02:01:01,deribit,ETH,ETH-24AUG26-2080-P,2026-08-24,2080,put,3.3e-05,,0.0002,92.01,,,,,0.0,0.0,2423.46
2026-08-23 02:01:01,deribit,ETH,ETH-23AUG26-1780-C,2026-08-23,1780,call,0.265304,0.2625,0.2675,127.41,,,,,0.0,0.0,2422.76
2026-08-23 02:01:01,deribit,ETH,ETH-25DEC26-4200-P,2026-12-25,4200,put,0.73073,0.716,0.7435,61.46,,,,,62.0,0.0,2445.55
2026-08-23 02:01:01,deribit,ETH,ETH-26MAR27-2100-C,2027-03-26,2100,call,0.243488,0.242,0.2455,56.02,,,,,908.0,12.0,2470.69
2026-08-23 02:01:01,deribit,ETH,ETH-26MAR27-1300-C,2027-03-26,1300,call,0.490233,0.4855,0.4975,64.77,,,,,18.0,0.0,2470.63
2026-08-23 02:01:01,deribit,ETH,ETH-25DEC26-2200-P,2026-12-25,2200,put,0.077244,0.0765,0.078,54.96,,,,,9260.0,2.0,2445.61
2026-08-23 02:01:01,deribit,ETH,ETH-24AUG26-2460-P,2026-08-24,2460,put,0.022028,0.021,0.0235,55.93,,,,,17.0,0.0,2423.46
2026-08-23 02:01:01,deribit,ETH,ETH-4SEP26-2150-C,2026-09-04,2150,call,0.120232,0.1165,0.124,58.54,,,,,221.0,0.0,2425.47
2026-08-23 02:01:01,deribit,ETH,ETH-25SEP26-1500-C,2026-09-25,1500,call,0.383711,0.3805,0.3865,80.14,,,,,969.0,0.0,2427.32
2026-08-23 02:01:01,deribit,ETH,ETH-30OCT26-2200-P,2026-10-30,2200,put,0.049332,0.049,0.05,54.53,,,,,459.0,50.0,2433.79
2026-08-23 02:01:01,deribit,ETH,ETH-26AUG26-2650-C,2026-08-26,2650,call,0.003282,0.0031,0.0036,72.66,,,,,0.0,0.0,2424.4
2026-08-23 02:01:01,deribit,ETH,ETH-25AUG26-2660-C,2026-08-25,2660,call,0.001781,0.0017,0.0021,77.71,,,,,0.0,0.0,2424.06
2026-08-23 02:01:01,deribit,ETH,ETH-28AUG26-3000-P,2026-08-28,3000,put,0.238086,0.2345,0.243,90.76,,,,,5.0,0.0,2425.26
2026-08-23 02:01:01,deribit,ETH,ETH-11SEP26-3200-P,2026-09-11,3200,put,0.322821,0.318,0.3285,72.38,,,,,0.0,0.0,2425.95
2026-08-23 02:01:01,deribit,ETH,ETH-24AUG26-2680-P,2026-08-24,2680,put,0.106194,0.1025,0.1105,83.11,,,,,0.0,0.0,2423.46
2026-08-23 02:01:01,deribit,ETH,ETH-23AUG26-2300-C,2026-08-23,2300,call,0.050679,0.047,0.0535,65.07,,,,,391.0,2.0,2422.76
2026-08-23 02:01:01,deribit,ETH,ETH-25DEC26-2100-C,2026-12-25,2100,call,0.202834,0.2015,0.204,55.39,,,,,1668.0,17.0,2445.61
2026-08-23 02:01:01,deribit,ETH,ETH-30OCT26-2500-P,2026-10-30,2500,put,0.108513,0.107,0.1095,54.06,,,,,16.0,5.0,2433.86
2026-08-23 02:01:01,deribit,ETH,ETH-23AUG26-2280-C,2026-08-23,2280,call,0.05893,0.0555,0.062,67.12,,,,,268.0,0.0,2422.76
2026-08-23 02:01:01,deribit,ETH,ETH-23AUG26-2350-P,2026-08-23,2350,put,6.3e-05,,0.0002,52.57,,,,,354.0,271.0,2422.7
2026-08-23 02:01:01,deribit,ETH,ETH-24AUG26-2650-P,2026-08-24,2650,put,0.093963,0.0905,0.098,79.46,,,,,0.0,0.0,2423.46
2026-08-23 02:01:01,deribit,ETH,ETH-24AUG26-2240-C,2026-08-24,2240,call,0.075986,0.0725,0.079,65.33,,,,,0.0,0.0,2423.46
2026-08-23 02:01:01,deribit,ETH,ETH-23AUG26-2500-P,2026-08-23,2500,put,0.031957,0.029,0.036,55.51,,,,,205.0,136.0,2422.76
2026-08-23 02:01:01,deribit,ETH,ETH-11SEP26-2650-P,2026-09-11,2650,put,0.112853,0.1085,0.1185,57.2,,,,,0.0,0.0,2425.95
2026-08-23 02:01:01,deribit,ETH,ETH-26MAR27-4800-C,2027-03-26,4800,call,0.020596,0.0195,0.022,59.67,,,,,2951.0,10.0,2470.63
2026-08-23 02:01:01,deribit,ETH,ETH-25SEP26-3100-C,2026-09-25,3100,call,0.009233,0.009,0.0095,61.61,,,,,5227.0,6.0,2427.32
2026-08-23 02:01:01,deribit,ETH,ETH-11SEP26-2100-P,2026-09-11,2100,put,0.008477,0.008,0.009,57.37,,,,,1046.0,0.0,2426.01
2026-08-23 02:01:01,deribit,ETH,ETH-30OCT26-2850-C,2026-10-30,2850,call,0.039825,0.039,0.0405,55.6,,,,,2.0,2.0,2433.86
2026-08-23 02:01:01,deribit,ETH,ETH-25SEP26-1600-P,2026-09-25,1600,put,0.002355,0.002,0.0026,75.02,,,,,7499.0,19.0,2427.32
2026-08-23 02:01:01,deribit,ETH,ETH-25DEC26-3300-C,2026-12-25,3300,call,0.038555,0.038,0.0395,57.09,,,,,2234.0,42.0,2445.55
2026-08-23 02:01:01,deribit,ETH,ETH-28AUG26-3400-P,2026-08-28,3400,put,0.402053,0.3975,0.4075,107.25,,,,,1.0,0.0,2425.26
2026-08-23 02:01:01,deribit,ETH,ETH-28AUG26-2400-C,2026-08-28,2400,call,0.033795,0.033,0.0345,59.39,,,,,18578.0,1142.0,2425.32
2026-08-23 02:01:01,deribit,ETH,ETH-28AUG26-2400-P,2026-08-28,2400,put,0.023335,0.023,0.024,59.39,,,,,578.0,100.0,2425.32
2026-08-23 02:01:01,deribit,ETH,ETH-30OCT26-2150-P,2026-10-30,2150,put,0.042399,0.042,0.043,54.86,,,,,1091.0,1.0,2433.86
2026-08-23 02:01:01,deribit,ETH,ETH-23AUG26-2360-C,2026-08-23,2360,call,0.026051,0.0225,0.029,52.36,,,,,443.0,1.0,2422.76
2026-08-23 02:01:01,deribit,ETH,ETH-23AUG26-2560-P,2026-08-23,2560,put,0.056647,0.0535,0.0605,68.17,,,,,6.0,0.0,2422.7
2026-08-23 02:01:01,deribit,ETH,ETH-25DEC26-1200-C,2026-12-25,1200,call,0.514746,0.511,0.5175,72.16,,,,,341.0,0.0,2445.55
2026-08-23 02:01:01,deribit,ETH,ETH-25DEC26-3500-C,2026-12-25,3500,call,0.029815,0.029,0.0305,58.0,,,,,29029.0,518.0,2445.55
2026-08-23 02:01:01,deribit,ETH,ETH-26MAR27-2500-P,2027-03-26,2500,put,0.175667,0.1735,0.1775,55.48,,,,,576.0,0.0,2470.63
2026-08-23 02:01:01,deribit,ETH,ETH-25DEC26-1200-P,2026-12-25,1200,put,0.005421,0.0048,0.006,72.16,,,,,7240.0,0.0,2445.55
2026-08-23 02:01:01,deribit,ETH,ETH-25SEP26-4400-C,2026-09-25,4400,call,0.001184,0.001,0.0014,84.95,,,,,4344.0,371.0,2427.32
2026-08-23 02:01:01,deribit,ETH,ETH-30OCT26-4000-C,2026-10-30,4000,call,0.005942,0.0055,0.0065,65.86,,,,,813.0,200.0,2433.79
2026-08-23 02:01:01,deribit,ETH,ETH-25JUN27-5500-C,2027-06-25,5500,call,0.026771,0.025,0.0285,59.95,,,,,533.0,20.0,2497.5
2026-08-23 02:01:01,deribit,ETH,ETH-25JUN27-4600-C,2027-06-25,4600,call,0.044709,0.043,0.0465,58.37,,,,,31.0,10.0,2497.5
2026-08-23 02:01:01,deribit,ETH,ETH-11SEP26-2300-P,2026-09-11,2300,put,0.026608,0.026,0.027,54.05,,,,,135.0,59.0,2426.01
2026-08-23 02:01:01,deribit,ETH,ETH-30OCT26-2400-C,2026-10-30,2400,call,0.099333,0.098,0.1005,53.95,,,,,1798.0,0.0,2433.86
2026-08-23 02:01:01,deribit,ETH,ETH-26MAR27-1300-P,2027-03-26,1300,put,0.016392,0.0155,0.0175,64.77,,,,,1549.0,2.0,2470.63
2026-08-23 02:01:01,deribit,ETH,ETH-25AUG26-2540-C,2026-08-25,2540,call,0.005346,0.005,0.006,66.14,,,,,360.0,0.0,2424.06
2026-08-23 02:01:01,deribit,ETH,ETH-25JUN27-4500-P,2027-06-25,4500,put,0.849274,0.8245,0.8665,58.2,,,,,1.0,0.0,2497.56
2026-08-23 02:01:01,deribit,ETH,ETH-30OCT26-2100-C,2026-10-30,2100,call,0.17342,0.1685,0.179,55.26,,,,,1550.0,0.0,2433.86
2026-08-23 02:01:01,deribit,ETH,ETH-25AUG26-2380-P,2026-08-25,2380,put,0.010658,0.01,0.011,59.13,,,,,81.0,3.0,2424.0
2026-08-23 02:01:01,deribit,ETH,ETH-25DEC26-2700-C,2026-12-25,2700,call,0.088505,0.0875,0.0895,55.06,,,,,6461.0,20.0,2445.55
2026-08-23 02:01:01,deribit,ETH,ETH-30OCT26-2000-P,2026-10-30,2000,put,0.026228,0.0255,0.0265,56.4,,,,,515.0,8.0,2433.79
2026-08-23 02:01:01,deribit,ETH,ETH-4SEP26-2550-C,2026-09-04,2550,call,0.022274,0.0215,0.023,57.6,,,,,784.0,27.0,2425.41
2026-08-23 02:01:01,deribit,ETH,ETH-28AUG26-1600-P,2026-08-28,1600,put,0.000184,,0.0003,133.0,,,,,12505.0,255.0,2425.32
2026-08-23 02:01:01,deribit,ETH,ETH-25JUN27-1800-C,2027-06-25,1800,call,0.350817,0.343,0.3605,57.54,,,,,1495.0,0.0,2497.56
2026-08-23 02:01:01,deribit,ETH,ETH-26AUG26-2650-P,2026-08-26,2650,put,0.096257,0.0925,0.1005,72.66,,,,,0.0,0.0,2424.47
2026-08-23 02:01:01,deribit,ETH,ETH-30OCT26-3000-C,2026-10-30,3000,call,0.029608,0.029,0.0305,56.68,,,,,1543.0,43.0,2433.79
2026-08-23 02:01:01,deribit,ETH,ETH-25AUG26-2000-P,2026-08-25,2000,put,0.000198,0.0002,0.0004,102.11,,,,,1150.0,3.0,2424.06
2026-08-23 02:01:01,deribit,ETH,ETH-23AUG26-2320-P,2026-08-23,2320,put,1.2e-05,,0.0002,59.48,,,,,519.0,442.0,2422.76
2026-08-23 02:01:01,deribit,ETH,ETH-24AUG26-2380-P,2026-08-24,2380,put,0.005531,0.005,0.006,54.1,,,,,586.0,265.0,2423.46
2026-08-23 02:01:01,deribit,ETH,ETH-25SEP26-2000-C,2026-09-25,2000,call,0.18734,0.1835,0.1915,58.87,,,,,29207.0,9.0,2427.26
2026-08-23 02:01:01,deribit,ETH,ETH-25SEP26-2250-C,2026-09-25,2250,call,0.106247,0.105,0.1075,54.46,,,,,361.0,1.0,2427.32
2026-08-23 02:01:01,deribit,ETH,ETH-25DEC26-4500-P,2026-12-25,4500,put,0.849966,0.834,0.8635,62.99,,,,,3.0,0.0,2445.55
2026-08-23 02:01:01,deribit,ETH,ETH-23AUG26-2220-C,2026-08-23,2220,call,0.083694,0.08,0.0865,81.33,,,,,33.0,0.0,2422.7
2026-08-23 02:01:01,deribit,ETH,ETH-30OCT26-2600-P,2026-10-30,2600,put,0.134625,0.133,0.136,54.34,,,,,188.0,0.0,2433.86
2026-08-23 02:01:01,deribit,ETH,ETH-25DEC26-2900-P,2026-12-25,2900,put,0.252481,0.2425,0.261,55.59,,,,,173.0,0.0,2445.55
2026-08-23 02:01:01,deribit,ETH,ETH-23AUG26-2080-P,2026-08-23,2080,put,0.0,,0.0001,113.37,,,,,321.0,1.0,2422.76
2026-08-23 02:01:01,deribit,ETH,ETH-25JUN27-2000-C,2027-06-25,2000,call,0.300151,0.292,0.3105,56.66,,,,,1757.0,0.0,2497.56
2026-08-23 02:01:01,deribit,ETH,ETH-25DEC26-4800-P,2026-12-25,4800,put,0.970192,0.951,0.985,64.36,,,,,77.0,0.0,2445.55
2026-08-23 02:01:01,deribit,ETH,ETH-30OCT26-4000-P,2026-10-30,4000,put,0.649429,0.6405,0.6595,65.86,,,,,0.0,0.0,2433.79
2026-08-23 02:01:01,deribit,ETH,ETH-25AUG26-2750-P,2026-08-25,2750,put,0.135368,0.132,0.1395,87.6,,,,,0.0,0.0,2424.0
2026-08-23 02:01:01,deribit,ETH,ETH-25SEP26-2150-P,2026-09-25,2150,put,0.021704,0.021,0.0225,55.67,,,,,1746.0,83.0,2427.26
2026-08-23 02:01:01,deribit,ETH,ETH-24AUG26-2320-P,2026-08-24,2320,put,0.001432,0.0012,0.0016,56.74,,,,,358.0,0.0,2423.46
2026-08-23 02:01:01,deribit,ETH,ETH-25JUN27-3000-C,2027-06-25,3000,call,0.136261,0.135,0.1385,56.09,,,,,1257.0,122.0,2497.5
2026-08-23 02:01:01,deribit,ETH,ETH-25DEC26-5000-P,2026-12-25,5000,put,1.050905,1.033,1.0655,65.52,,,,,2.0,0.0,2445.55
2026-08-23 02:01:01,deribit,ETH,ETH-30OCT26-2600-C,2026-10-30,2600,call,0.066359,0.0655,0.067,54.34,,,,,1476.0,0.0,2433.86
2026-08-23 02:01:01,deribit,ETH,ETH-26MAR27-3800-P,2027-03-26,3800,put,0.584752,0.567,0.5975,57.34,,,,,1.0,0.0,2470.63
2026-08-23 02:01:01,deribit,ETH,ETH-25DEC26-2300-P,2026-12-25,2300,put,0.095556,0.0945,0.0965,54.73,,,,,5070.0,1.0,2445.55
2026-08-23 02:01:01,deribit,ETH,ETH-25SEP26-6000-P,2026-09-25,6000,put,1.471987,1.461,1.485,102.41,,,,,0.0,0.0,2427.32
2026-08-23 02:01:01,deribit,ETH,ETH-25DEC26-2100-P,2026-12-25,2100,put,0.061516,0.0605,0.0625,55.39,,,,,3875.0,5.0,2445.55
2026-08-23 02:01:01,deribit,ETH,ETH-4SEP26-2650-P,2026-09-04,2650,put,0.106361,0.102,0.112,60.35,,,,,0.0,0.0,2425.47
2026-08-23 02:01:01,deribit,ETH,ETH-26MAR27-2200-C,2027-03-26,2200,call,0.220786,0.219,0.2225,55.76,,,,,4080.0,0.0,2470.63
2026-08-23 02:01:01,deribit,ETH,ETH-26AUG26-2360-C,2026-08-26,2360,call,0.037804,0.034,0.0405,59.15,,,,,0.0,0.0,2424.4
2026-08-23 02:01:01,deribit,ETH,ETH-30OCT26-2050-C,2026-10-30,2050,call,0.188624,0.184,0.194,55.8,,,,,479.0,1.0,2433.79
2026-08-23 02:01:01,deribit,ETH,ETH-25DEC26-3100-C,2026-12-25,3100,call,0.050483,0.0495,0.0515,56.28,,,,,2334.0,2.0,2445.55
2026-08-23 02:01:01,deribit,ETH,ETH-28AUG26-1950-C,2026-08-28,1950,call,0.196635,0.1935,0.199,87.34,,,,,5606.0,1.0,2425.32
2026-08-23 02:01:01,deribit,ETH,ETH-26MAR27-1600-C,2027-03-26,1600,call,0.385827,0.38,0.3945,59.73,,,,,892.0,0.0,2470.63
2026-08-23 02:01:01,deribit,ETH,ETH-25DEC26-3200-C,2026-12-25,3200,call,0.04407,0.0435,0.045,56.67,,,,,67836.0,46.0,2445.55
2026-08-23 02:01:01,deribit,ETH,ETH-25DEC26-4400-C,2026-12-25,4400,call,0.010936,0.0105,0.0115,62.48,,,,,3397.0,75.0,2445.61
2026-08-23 02:01:01,deribit,ETH,ETH-26MAR27-4000-C,2027-03-26,4000,call,0.039227,0.038,0.0405,57.79,,,,,2348.0,5.0,2470.63
2026-08-23 02:01:01,deribit,ETH,ETH-25SEP26-7400-P,2026-09-25,7400,put,2.048641,2.0335,2.064,118.13,,,,,0.0,0.0,2427.32
2026-08-23 02:01:01,deribit,ETH,ETH-25AUG26-2660-P,2026-08-25,2660,put,0.099064,0.0955,0.1035,77.71,,,,,0.0,0.0,2424.0
2026-08-23 02:01:01,deribit,ETH,ETH-23AUG26-2540-P,2026-08-23,2540,put,0.048407,0.045,0.0525,67.44,,,,,9.0,0.0,2422.76
2026-08-23 02:01:01,deribit,ETH,ETH-30OCT26-2100-P,2026-10-30,2100,put,0.036251,0.0355,0.037,55.26,,,,,912.0,12.0,2433.79
2026-08-23 02:01:01,deribit,ETH,ETH-24AUG26-2400-P,2026-08-24,2400,put,0.008273,0.0075,0.009,53.95,,,,,1057.0,545.0,2423.46
2026-08-23 02:01:01,deribit,ETH,ETH-23AUG26-2550-C,2026-08-23,2550,call,1.1e-05,,0.0002,67.95,,,,,631.0,541.0,2422.7
2026-08-23 02:01:01,deribit,ETH,ETH-4SEP26-2100-C,2026-09-04,2100,call,0.13892,0.135,0.142,60.43,,,,,1462.0,0.0,2425.47
2026-08-23 02:01:01,deribit,ETH,ETH-25AUG26-2560-P,2026-08-25,2560,put,0.060414,0.0565,0.0645,67.98,,,,,0.0,0.0,2424.0
2026-08-23 02:01:01,deribit,ETH,ETH-28AUG26-1300-C,2026-08-28,1300,call,0.464057,0.4615,0.466,173.4,,,,,51.0,0.0,2425.32
2026-08-23 02:01:01,deribit,ETH,ETH-25SEP26-2800-P,2026-09-25,2800,put,0.174349,0.1695,0.18,56.84,,,,,1337.0,50.0,2427.32
2026-08-23 02:01:01,deribit,ETH,ETH-28AUG26-1500-C,2026-08-28,1500,call,0.381721,0.379,0.3835,151.77,,,,,442.0,0.0,2425.32
2026-08-23 02:01:01,deribit,ETH,ETH-25SEP26-6200-C,2026-09-25,6200,call,0.00021,0.0001,0.0004,104.52,,,,,2024.0,0.0,2427.26
2026-08-23 02:01:01,deribit,ETH,ETH-11SEP26-2150-P,2026-09-11,2150,put,0.011331,0.011,0.012,56.06,,,,,1646.0,0.0,2426.01
2026-08-23 02:01:01,deribit,ETH,ETH-11SEP26-2150-C,2026-09-11,2150,call,0.125103,0.124,0.127,56.06,,,,,0.0,0.0,2425.95
2026-08-23 02:01:01,deribit,ETH,ETH-23AUG26-2650-C,2026-08-23,2650,call,0.0,,0.0001,89.02,,,,,25.0,25.0,2422.76
2026-08-23 02:01:01,deribit,ETH,ETH-28AUG26-2800-P,2026-08-28,2800,put,0.157273,0.1535,0.162,78.61,,,,,0.0,0.0,2425.26
2026-08-23 02:01:01,deribit,ETH,ETH-25AUG26-2500-P,2026-08-25,2500,put,0.039444,0.0385,0.041,63.01,,,,,29.0,0.0,2424.06
2026-08-23 02:01:01,deribit,ETH,ETH-23AUG26-2050-C,2026-08-23,2050,call,0.153861,0.1505,0.1565,123.7,,,,,0.0,0.0,2422.76
2026-08-23 02:01:01,deribit,ETH,ETH-26MAR27-4600-C,2027-03-26,4600,call,0.023982,0.0225,0.025,59.19,,,,,1208.0,0.0,2470.63
2026-08-23 02:01:01,deribit,ETH,ETH-25SEP26-1700-P,2026-09-25,1700,put,0.003335,0.003,0.0036,70.02,,,,,7687.0,7.0,2427.26
2026-08-23 02:01:01,deribit,ETH,ETH-30OCT26-3600-C,2026-10-30,3600,call,0.01042,0.01,0.011,62.04,,,,,3019.0,82.0,2433.79
2026-08-23 02:01:01,deribit,ETH,ETH-26MAR27-2000-C,2027-03-26,2000,call,0.268193,0.261,0.277,56.43,,,,,1848.0,0.0,2470.63
2026-08-23 02:01:01,deribit,ETH,ETH-25SEP26-5600-P,2026-09-25,5600,put,1.30732,1.297,1.3195,99.24,,,,,0.0,0.0,2427.32
2026-08-23 02:01:01,deribit,ETH,ETH-4SEP26-2200-C,2026-09-04,2200,call,0.102343,0.0985,0.106,56.91,,,,,1243.0,0.0,2425.47
2026-08-23 02:01:01,deribit,ETH,ETH-24AUG26-2280-C,2026-08-24,2280,call,0.059784,0.056,0.063,60.04,,,,,0.0,0.0,2423.46
2026-08-23 02:01:01,deribit,ETH,ETH-25SEP26-5500-C,2026-09-25,5500,call,0.000354,0.0002,0.0006,97.4,,,,,2065.0,0.0,2427.26
2026-08-23 02:01:01,deribit,ETH,ETH-24AUG26-2180-P,2026-08-24,2180,put,0.00013,,0.0003,76.69,,,,,174.0,124.0,2423.46
2026-08-23 02:01:01,deribit,ETH,ETH-25JUN27-5000-P,2027-06-25,5000,put,1.037122,1.01,1.057,59.05,,,,,0.0,0.0,2497.5
2026-08-23 02:01:01,deribit,ETH,ETH-30OCT26-3100-C,2026-10-30,3100,call,0.024461,0.024,0.025,57.48,,,,,21.0,21.0,2433.86
2026-08-23 02:01:01,deribit,ETH,ETH-25AUG26-2600-P,2026-08-25,2600,put,0.075505,0.072,0.08,71.62,,,,,50.0,50.0,2424.0
2026-08-23 02:01:01,deribit,ETH,ETH-25JUN27-3500-C,2027-06-25,3500,call,0.093303,0.091,0.0955,56.55,,,,,2806.0,0.0,2497.56
2026-08-23 02:01:01,deribit,ETH,ETH-25JUN27-3600-P,2027-06-25,3600,put,0.528195,0.5095,0.543,56.7,,,,,0.0,0.0,2497.5
2026-08-23 02:01:01,deribit,ETH,ETH-25SEP26-1700-C,2026-09-25,1700,call,0.303006,0.2995,0.306,70.02,,,,,2203.0,1.0,2427.32
2026-08-23 02:01:01,deribit,ETH,ETH-26MAR27-1400-P,2027-03-26,1400,put,0.020892,0.02,0.022,62.8,,,,,1700.0,0.0,2470.63
2026-08-23 02:01:01,deribit,ETH,ETH-24AUG26-2660-P,2026-08-24,2660,put,0.098023,0.0945,0.102,80.38,,,,,0.0,0.0,2423.46
2026-08-23 02:01:01,deribit,ETH,ETH-4SEP26-2450-C,2026-09-04,2450,call,0.036151,0.0355,0.037,55.81,,,,,292.0,21.0,2425.41
2026-08-23 02:01:01,deribit,ETH,ETH-25SEP26-7500-P,2026-09-25,7500,put,2.089836,2.075,2.1055,119.32,,,,,0.0,0.0,2427.32
2026-08-23 02:01:01,deribit,ETH,ETH-28AUG26-2700-P,2026-08-28,2700,put,0.117987,0.1145,0.1225,72.32,,,,,0.0,0.0,2425.32
2026-08-23 02:01:01,deribit,ETH,ETH-26MAR27-1800-P,2027-03-26,1800,put,0.051942,0.0505,0.0535,57.69,,,,,4716.0,32.0,2470.63
2026-08-23 02:01:01,deribit,ETH,ETH-25SEP26-2200-C,2026-09-25,2200,call,0.120591,0.119,0.122,54.97,,,,,8104.0,9.0,2427.32
2026-08-23 02:01:01,deribit,ETH,ETH-24AUG26-2140-P,2026-08-24,2140,put,7.5e-05,,0.0003,82.97,,,,,27.0,8.0,2423.46
2026-08-23 02:01:01,deribit,ETH,ETH-26MAR27-3500-C,2027-03-26,3500,call,0.061428,0.06,0.063,56.69,,,,,4204.0,21.0,2470.63
2026-08-23 02:01:01,deribit,ETH,ETH-30OCT26-3800-P,2026-10-30,3800,put,0.569222,0.56,0.5785,64.19,,,,,0.0,0.0,2433.86
2026-08-23 02:01:01,deribit,ETH,ETH-25SEP26-5500-P,2026-09-25,5500,put,1.266125,1.256,1.277,97.4,,,,,1.0,0.0,2427.26
2026-08-23 02:01:01,deribit,ETH,ETH-30OCT26-2200-C,2026-10-30,2200,call,0.145414,0.144,0.1465,54.53,,,,,1295.0,2.0,2433.86
2026-08-23 02:01:01,deribit,ETH,ETH-25JUN27-1500-P,2027-06-25,1500,put,0.039858,0.0385,0.0415,60.09,,,,,463.0,1.0,2497.5
2026-08-23 02:01:01,deribit,ETH,ETH-28AUG26-2600-P,2026-08-28,2600,put,0.080477,0.077,0.085,65.76,,,,,67.0,0.0,2425.32
2026-08-23 02:01:01,deribit,ETH,ETH-26MAR27-3600-P,2027-03-26,3600,put,0.513064,0.4955,0.5265,56.9,,,,,1.0,0.0,2470.63
2026-08-23 02:01:01,deribit,ETH,ETH-25SEP26-2900-C,2026-09-25,2900,call,0.015675,0.015,0.0165,58.32,,,,,9018.0,21.0,2427.32
2026-08-23 02:01:01,deribit,ETH,ETH-26MAR27-1900-C,2027-03-26,1900,call,0.294888,0.2875,0.3035,56.99,,,,,2452.0,1.0,2470.69
2026-08-23 02:01:01,deribit,ETH,ETH-23AUG26-1980-P,2026-08-23,1980,put,0.0,,0.0001,127.31,,,,,48.0,1.0,2422.7
2026-08-23 02:01:01,deribit,ETH,ETH-25SEP26-5400-P,2026-09-25,5400,put,1.224943,1.215,1.2355,95.87,,,,,4.0,0.0,2427.26
2026-08-23 02:01:01,deribit,ETH,ETH-28AUG26-3600-C,2026-08-28,3600,call,9.8e-05,,0.0003,114.47,,,,,1705.0,128.0,2425.32
2026-08-23 02:01:01,deribit,ETH,ETH-25SEP26-1900-P,2026-09-25,1900,put,0.007218,0.007,0.008,61.66,,,,,20562.0,84.0,2427.26
2026-08-23 02:01:01,deribit,ETH,ETH-25AUG26-2200-P,2026-08-25,2200,put,0.000832,0.0007,0.001,70.29,,,,,4.0,4.0,2424.0
2026-08-23 02:01:01,deribit,ETH,ETH-23AUG26-2140-C,2026-08-23,2140,call,0.116714,0.1145,0.1195,92.86,,,,,117.0,0.0,2422.76
2026-08-23 02:01:01,deribit,ETH,ETH-25SEP26-3400-P,2026-09-25,3400,put,0.405628,0.399,0.41,67.66,,,,,870.0,0.0,2427.32
2026-08-23 02:01:01,deribit,ETH,ETH-26MAR27-1900-P,2027-03-26,1900,put,0.063888,0.0625,0.0655,56.99,,,,,2685.0,12.0,2470.63
2026-08-23 02:01:01,deribit,ETH,ETH-28AUG26-3800-C,2026-08-28,3800,call,7.5e-05,,0.0002,125.31,,,,,2520.0,0.0,2425.32
2026-08-23 02:01:01,deribit,ETH,ETH-4SEP26-1850-P,2026-09-04,1850,put,0.001262,0.001,0.0015,76.74,,,,,1532.0,28.0,2425.47
2026-08-23 02:01:01,deribit,ETH,ETH-30OCT26-2700-C,2026-10-30,2700,call,0.054088,0.0535,0.055,54.77,,,,,1023.0,132.0,2433.86
2026-08-23 02:01:01,deribit,ETH,ETH-28AUG26-2700-C,2026-08-28,2700,call,0.004755,0.0045,0.005,72.32,,,,,70.0,70.0,2425.26
2026-08-23 02:01:01,deribit,ETH,ETH-23AUG26-2700-C,2026-08-23,2700,call,0.0,,0.0001,94.88,,,,,552.0,317.0,2422.7
2026-08-23 02:01:01,deribit,ETH,ETH-24AUG26-2500-C,2026-08-24,2500,call,0.003654,0.0034,0.0039,59.85,,,,,113.0,77.0,2423.46
2026-08-23 02:01:01,deribit,ETH,ETH-24AUG26-2140-C,2026-08-24,2140,call,0.117058,0.1135,0.12,82.97,,,,,0.0,0.0,2423.46
2026-08-23 02:01:01,deribit,ETH,ETH-25SEP26-7400-C,2026-09-25,7400,call,0.000149,,0.0003,118.13,,,,,1014.0,0.0,2427.26
2026-08-23 02:01:01,deribit,ETH,ETH-25SEP26-5200-P,2026-09-25,5200,put,1.142651,1.1335,1.15,94.2,,,,,3.0,0.0,2427.32
2026-08-23 02:01:01,deribit,ETH,ETH-24AUG26-2200-P,2026-08-24,2200,put,0.000169,,0.0003,73.26,,,,,201.0,193.0,2423.4
2026-08-23 02:01:01,deribit,ETH,ETH-4SEP26-1850-C,2026-09-04,1850,call,0.238583,0.235,0.241,76.74,,,,,70.0,2.0,2425.41
2026-08-23 02:01:01,deribit,ETH,ETH-25SEP26-14000-P,2026-09-25,14000,put,4.767458,4.7345,4.8035,160.42,,,,,0.0,0.0,2427.32
2026-08-23 02:01:01,deribit,ETH,ETH-28AUG26-2020-C,2026-08-28,2020,call,0.168053,0.1645,0.1705,79.5,,,,,0.0,0.0,2425.32
2026-08-23 02:01:01,deribit,ETH,ETH-23AUG26-1750-C,2026-08-23,1750,call,0.277686,0.275,0.28,127.41,,,,,0.0,0.0,2422.76
2026-08-23 02:01:01,deribit,ETH,ETH-25DEC26-2600-P,2026-12-25,2600,put,0.165126,0.1635,0.167,54.87,,,,,1061.0,0.0,2445.61
2026-08-23 02:01:01,deribit,ETH,ETH-4SEP26-2300-C,2026-09-04,2300,call,0.070557,0.0695,0.072,55.31,,,,,2512.0,0.0,2425.47
2026-08-23 02:01:01,deribit,ETH,ETH-25SEP26-6400-P,2026-09-25,6400,put,1.636741,1.6245,1.652,107.5,,,,,0.0,0.0,2427.32
2026-08-23 02:01:01,deribit,ETH,ETH-28AUG26-2050-P,2026-08-28,2050,put,0.001087,0.0009,0.0013,76.25,,,,,1765.0,40.0,2425.32
2026-08-23 02:01:01,deribit,ETH,ETH-11SEP26-2350-P,2026-09-11,2350,put,0.03452,0.034,0.035,53.92,,,,,813.0,0.0,2426.01
2026-08-23 02:01:01,deribit,ETH,ETH-26AUG26-2480-P,2026-08-26,2480,put,0.036668,0.033,0.0405,61.72,,,,,0.0,0.0,2424.47
2026-08-23 02:01:01,deribit,ETH,ETH-25AUG26-2360-P,2026-08-25,2360,put,0.008011,0.0075,0.0085,59.15,,,,,56.0,5.0,2424.06
2026-08-23 02:01:01,deribit,ETH,ETH-25SEP26-6600-P,2026-09-25,6600,put,1.719123,1.707,1.733,110.04,,,,,0.0,0.0,2427.32
2026-08-23 02:01:01,deribit,ETH,ETH-25SEP26-2800-C,2026-09-25,2800,call,0.020866,0.0205,0.0215,56.84,,,,,11003.0,864.0,2427.32
2026-08-23 02:01:01,deribit,ETH,ETH-28AUG26-1950-P,2026-08-28,1950,put,0.000636,0.0004,0.0009,87.34,,,,,4797.0,2.0,2425.26
2026-08-23 02:01:01,deribit,ETH,ETH-25DEC26-2900-C,2026-12-25,2900,call,0.066683,0.066,0.0675,55.59,,,,,2325.0,0.0,2445.55
2026-08-23 02:01:01,deribit,ETH,ETH-4SEP26-2800-P,2026-09-04,2800,put,0.161633,0.157,0.1665,65.56,,,,,0.0,0.0,2425.47
2026-08-23 02:01:01,deribit,ETH,ETH-26MAR27-2700-P,2027-03-26,2700,put,0.226801,0.224,0.229,55.52,,,,,147.0,0.0,2470.63
2026-08-23 02:01:01,deribit,ETH,ETH-24AUG26-2400-C,2026-08-24,2400,call,0.017974,0.017,0.019,53.95,,,,,427.0,1.0,2423.4
2026-08-23 02:01:01,deribit,ETH,ETH-23AUG26-1980-C,2026-08-23,1980,call,0.182754,0.1795,0.1855,127.31,,,,,5.0,0.0,2422.7
2026-08-23 02:01:01,deribit,ETH,ETH-11SEP26-2500-P,2026-09-11,2500,put,0.067529,0.066,0.069,54.69,,,,,20.0,20.0,2425.95
2026-08-23 02:01:01,deribit,ETH,ETH-25SEP26-3500-C,2026-09-25,3500,call,0.004028,0.0038,0.0044,69.23,,,,,15811.0,502.0,2427.32
2026-08-23 02:01:01,deribit,ETH,ETH-23AUG26-2600-P,2026-08-23,2600,put,0.073152,0.07,0.076,73.82,,,,,0.0,0.0,2422.7
2026-08-23 02:01:01,deribit,ETH,ETH-25SEP26-1800-C,2026-09-25,1800,call,0.263408,0.26,0.2675,65.81,,,,,6268.0,2.0,2427.32
2026-08-23 02:01:01,deribit,ETH,ETH-26AUG26-2460-C,2026-08-26,2460,call,0.016491,0.016,0.017,60.84,,,,,0.0,0.0,2424.47
2026-08-23 02:01:01,deribit,ETH,ETH-26MAR27-3400-C,2027-03-26,3400,call,0.067446,0.066,0.069,56.48,,,,,1880.0,0.0,2470.63
2026-08-23 02:01:01,deribit,ETH,ETH-25JUN27-900-P,2027-06-25,900,put,0.009602,0.0085,0.0105,71.37,,,,,837.0,3.0,2497.5
2026-08-23 02:01:01,deribit,ETH,ETH-28AUG26-2080-P,2026-08-28,2080,put,0.001298,0.001,0.0015,73.03,,,,,765.0,13.0,2425.26
2026-08-23 02:01:01,deribit,ETH,ETH-4SEP26-1600-P,2026-09-04,1600,put,0.000387,0.0002,0.0006,94.8,,,,,976.0,0.0,2425.41
2026-08-23 02:01:01,deribit,ETH,ETH-24AUG26-2280-P,2026-08-24,2280,put,0.000568,0.0004,0.0007,60.04,,,,,1453.0,27.0,2423.46
2026-08-23 02:01:01,deribit,ETH,ETH-25AUG26-2400-C,2026-08-25,2400,call,0.023945,0.0225,0.0245,59.48,,,,,399.0,0.0,2424.06
2026-08-23 02:01:01,deribit,ETH,ETH-25JUN27-1300-C,2027-06-25,1300,call,0.505395,0.499,0.5125,62.84,,,,,108.0,0.0,2497.56
2026-08-23 02:01:01,deribit,ETH,ETH-28AUG26-1600-C,2026-08-28,1600,call,0.340491,0.3375,0.3425,133.0,,,,,885.0,0.0,2425.32
2026-08-23 02:01:01,deribit,ETH,ETH-24AUG26-2440-P,2026-08-24,2440,put,0.016474,0.016,0.0175,54.59,,,,,62.0,12.0,2423.46
2026-08-23 02:01:01,deribit,ETH,ETH-25SEP26-1850-P,2026-09-25,1850,put,0.006088,0.0055,0.0065,64.03,,,,,6619.0,2101.0,2427.26
2026-08-23 02:01:01,deribit,ETH,ETH-25DEC26-1500-C,2026-12-25,1500,call,0.399073,0.3945,0.4045,63.36,,,,,756.0,2.0,2445.55
2026-08-23 02:01:01,deribit,ETH,ETH-30OCT26-3400-C,2026-10-30,3400,call,0.014332,0.014,0.015,60.12,,,,,1373.0,203.0,2433.79
2026-08-23 02:01:01,deribit,ETH,ETH-24AUG26-2250-C,2026-08-24,2250,call,0.071921,0.0685,0.075,64.21,,,,,0.0,0.0,2423.46
2026-08-23 02:01:01,deribit,ETH,ETH-28AUG26-1300-P,2026-08-28,1300,put,5.8e-05,,0.01,173.4,,,,,9069.0,11.0,2425.32
2026-08-23 02:01:01,deribit,ETH,ETH-23AUG26-2320-C,2026-08-23,2320,call,0.04243,0.039,0.0455,59.48,,,,,492.0,0.0,2422.7
2026-08-23 02:01:01,deribit,ETH,ETH-28AUG26-1450-C,2026-08-28,1450,call,0.402336,0.3995,0.4045,161.58,,,,,51.0,0.0,2425.26
2026-08-23 02:01:01,deribit,ETH,ETH-25SEP26-5000-P,2026-09-25,5000,put,1.060363,1.051,1.07,91.96,,,,,2.0,0.0,2427.26
2026-08-23 02:01:01,deribit,ETH,ETH-23AUG26-2660-P,2026-08-23,2660,put,0.097917,0.0945,0.102,90.18,,,,,0.0,0.0,2422.76
2026-08-23 02:01:01,deribit,ETH,ETH-26AUG26-2580-P,2026-08-26,2580,put,0.069791,0.0655,0.073,67.32,,,,,0.0,0.0,2424.47
2026-08-23 02:01:01,deribit,ETH,ETH-25DEC26-11000-P,2026-12-25,11000,put,3.498201,3.453,3.5075,84.93,,,,,359.0,0.0,2445.61
2026-08-23 02:01:01,deribit,ETH,ETH-25AUG26-2420-P,2026-08-25,2420,put,0.01776,0.017,0.0185,59.47,,,,,214.0,4.0,2424.0
2026-08-23 02:01:01,deribit,ETH,ETH-25DEC26-2800-C,2026-12-25,2800,call,0.076788,0.076,0.0775,55.3,,,,,7138.0,275.0,2445.61
2026-08-23 02:01:01,deribit,ETH,ETH-30OCT26-1800-C,2026-10-30,1800,call,0.273781,0.269,0.2775,59.9,,,,,102.0,0.0,2433.86
2026-08-23 02:01:01,deribit,ETH,ETH-4SEP26-2350-P,2026-09-04,2350,put,0.02598,0.0255,0.0265,55.12,,,,,134.0,50.0,2425.47
2026-08-23 02:01:01,deribit,ETH,ETH-25JUN27-1800-P,2027-06-25,1800,put,0.071503,0.0695,0.0735,57.54,,,,,882.0,23.0,2497.5
2026-08-23 02:01:01,deribit,ETH,ETH-24AUG26-2250-P,2026-08-24,2250,put,0.000326,0.0002,0.0006,64.21,,,,,147.0,175.0,2423.46
2026-08-23 02:01:01,deribit,ETH,ETH-25DEC26-3400-P,2026-12-25,3400,put,0.42411,0.413,0.434,57.54,,,,,89.0,0.0,2445.55
2026-08-23 02:01:01,deribit,ETH,ETH-23AUG26-1750-P,2026-08-23,1750,put,0.0,,0.0002,127.41,,,,,370.0,0.0,2422.7
2026-08-23 02:01:01,deribit,ETH,ETH-24AUG26-2460-C,2026-08-24,2460,call,0.006971,0.0065,0.0075,55.93,,,,,360.0,178.0,2423.4
2026-08-23 02:01:01,deribit,ETH,ETH-24AUG26-2500-P,2026-08-24,2500,put,0.035215,0.0315,0.0395,59.85,,,,,104.0,2.0,2423.46
2026-08-23 02:01:01,deribit,ETH,ETH-28AUG26-1800-P,2026-08-28,1800,put,0.000275,0.0001,0.0006,102.93,,,,,6598.0,0.0,2425.26
2026-08-23 02:01:01,deribit,ETH,ETH-25DEC26-1000-P,2026-12-25,1000,put,0.002937,0.0027,0.0031,79.29,,,,,18836.0,1.0,2445.55
2026-08-23 02:01:01,deribit,ETH,ETH-26AUG26-2440-P,2026-08-26,2440,put,0.02606,0.0255,0.027,60.23,,,,,0.0,0.0,2424.4
2026-08-23 02:01:01,deribit,ETH,ETH-25SEP26-14000-C,2026-09-25,14000,call,4.1e-05,,0.0003,160.42,,,,,1212.0,0.0,2427.32
2026-08-23 02:01:01,deribit,ETH,ETH-25JUN27-3700-P,2027-06-25,3700,put,0.562264,0.543,0.5775,56.85,,,,,0.0,0.0,2497.56
2026-08-23 02:01:01,deribit,ETH,ETH-24AUG26-2540-P,2026-08-24,2540,put,0.050043,0.046,0.0545,64.48,,,,,41.0,0.0,2423.46
2026-08-23 02:01:01,deribit,ETH,ETH-28AUG26-2000-P,2026-08-28,2000,put,0.000838,0.0007,0.001,81.96,,,,,2520.0,3.0,2425.26
2026-08-23 02:01:01,deribit,ETH,ETH-26AUG26-2800-P,2026-08-26,2800,put,0.156099,0.1525,0.161,85.19,,,,,0.0,0.0,2424.47
2026-08-23 02:01:01,deribit,ETH,ETH-25SEP26-1850-C,2026-09-25,1850,call,0.243965,0.24,0.2475,64.03,,,,,2289.0,0.0,2427.32
2026-08-23 02:01:01,deribit,ETH,ETH-23AUG26-2160-C,2026-08-23,2160,call,0.108459,0.105,0.111,86.06,,,,,29.0,0.0,2422.7
2026-08-23 02:01:01,deribit,ETH,ETH-25SEP26-10000-C,2026-09-25,10000,call,0.000147,,0.0002,145.46,,,,,1561.0,0.0,2427.32
2026-08-23 02:01:01,deribit,ETH,ETH-25JUN27-2300-C,2027-06-25,2300,call,0.236511,0.2345,0.2395,56.03,,,,,224.0,0.0,2497.5
2026-08-23 02:01:01,deribit,ETH,ETH-25JUN27-2700-C,2027-06-25,2700,call,0.17205,0.1695,0.1745,55.88,,,,,316.0,30.0,2497.5
2026-08-23 02:01:01,deribit,ETH,ETH-23AUG26-2120-P,2026-08-23,2120,put,0.0,,0.0001,99.67,,,,,299.0,32.0,2422.76
2026-08-23 02:01:01,deribit,ETH,ETH-4SEP26-1950-P,2026-09-04,1950,put,0.001992,0.0017,0.0022,69.36,,,,,803.0,10.0,2425.47
2026-08-23 02:01:01,deribit,ETH,ETH-25AUG26-2340-P,2026-08-25,2340,put,0.005955,0.0055,0.0065,59.52,,,,,265.0,26.0,2424.06
2026-08-23 02:01:01,deribit,ETH,ETH-23AUG26-2250-C,2026-08-23,2250,call,0.071311,0.068,0.074,73.81,,,,,198.0,0.0,2422.7
2026-08-23 02:01:01,deribit,ETH,ETH-25SEP26-16000-C,2026-09-25,16000,call,2.2e-05,,0.0002,164.99,,,,,7426.0,0.0,2427.32
2026-08-23 02:01:01,deribit,ETH,ETH-25AUG26-2100-C,2026-08-25,2100,call,0.134072,0.1305,0.137,84.98,,,,,0.0,0.0,2424.0
2026-08-23 02:01:01,deribit,ETH,ETH-25DEC26-3300-P,2026-12-25,3300,put,0.387911,0.376,0.397,57.09,,,,,10.0,0.0,2445.61
2026-08-23 02:01:01,deribit,ETH,ETH-25DEC26-3400-C,2026-12-25,3400,call,0.033864,0.033,0.0345,57.54,,,,,13324.0,38.0,2445.55
2026-08-23 02:01:01,deribit,ETH,ETH-23AUG26-1800-P,2026-08-23,1800,put,0.0,,0.0002,127.41,,,,,16.0,0.0,2422.76
2026-08-23 02:01:01,deribit,ETH,ETH-25SEP26-6200-P,2026-09-25,6200,put,1.554351,1.543,1.5675,104.52,,,,,0.0,0.0,2427.26
2026-08-23 02:01:01,deribit,ETH,ETH-23AUG26-2080-C,2026-08-23,2080,call,0.141479,0.138,0.144,113.37,,,,,33.0,0.0,2422.76
2026-08-23 02:01:01,deribit,ETH,ETH-28AUG26-1700-C,2026-08-28,1700,call,0.299295,0.2965,0.3015,117.42,,,,,932.0,1.0,2425.32
2026-08-23 02:01:01,deribit,ETH,ETH-25DEC26-2000-C,2026-12-25,2000,call,0.230463,0.225,0.236,56.01,,,,,10829.0,142.0,2445.61
2026-08-23 02:01:01,deribit,ETH,ETH-28AUG26-2550-P,2026-08-28,2550,put,0.063518,0.0605,0.068,63.92,,,,,0.0,0.0,2425.32
2026-08-23 02:01:01,deribit,ETH,ETH-23AUG26-2500-C,2026-08-23,2500,call,8e-05,,0.0002,55.51,,,,,219.0,213.0,2422.7
2026-08-23 02:01:01,deribit,ETH,ETH-24AUG26-2640-P,2026-08-24,2640,put,0.089943,0.0865,0.0945,79.21,,,,,0.0,0.0,2423.46
2026-08-23 02:01:01,deribit,ETH,ETH-25JUN27-5500-P,2027-06-25,5500,put,1.228867,1.195,1.2525,59.95,,,,,0.0,0.0,2497.5
2026-08-23 02:01:01,deribit,ETH,ETH-30OCT26-1850-C,2026-10-30,1850,call,0.255705,0.251,0.261,58.85,,,,,1174.0,0.0,2433.86
2026-08-23 02:01:01,deribit,ETH,ETH-25JUN27-3800-P,2027-06-25,3800,put,0.596869,0.577,0.612,57.02,,,,,2.0,0.0,2497.5
2026-08-23 02:01:01,deribit,ETH,ETH-25DEC26-800-P,2026-12-25,800,put,0.001294,0.0011,0.0015,86.26,,,,,6765.0,347.0,2445.55
2026-08-23 02:01:01,deribit,ETH,ETH-25JUN27-3000-P,2027-06-25,3000,put,0.337405,0.322,0.3465,56.09,,,,,208.0,0.0,2497.5
2026-08-23 02:01:01,deribit,ETH,ETH-23AUG26-2150-C,2026-08-23,2150,call,0.112586,0.109,0.1155,89.45,,,,,117.0,0.0,2422.76
2026-08-23 02:01:01,deribit,ETH,ETH-23AUG26-2200-P,2026-08-23,2200,put,0.0,,0.0001,83.14,,,,,439.0,132.0,2422.7
2026-08-23 02:01:01,deribit,ETH,ETH-26MAR27-800-P,2027-03-26,800,put,0.004007,0.0033,0.0047,78.69,,,,,2791.0,12.0,2470.63
2026-08-23 02:01:01,deribit,ETH,ETH-30OCT26-2300-C,2026-10-30,2300,call,0.120724,0.119,0.122,54.13,,,,,1020.0,0.0,2433.86
2026-08-23 02:01:01,deribit,ETH,ETH-25DEC26-2000-P,2026-12-25,2000,put,0.048254,0.0475,0.049,56.01,,,,,8999.0,6.0,2445.61
2026-08-23 02:01:01,deribit,ETH,ETH-28AUG26-2200-P,2026-08-28,2200,put,0.003338,0.0031,0.0034,63.0,,,,,4478.0,198.0,2425.32
2026-08-23 02:01:01,deribit,ETH,ETH-25DEC26-800-C,2026-12-25,800,call,0.674178,0.6715,0.6775,86.26,,,,,171.0,0.0,2445.55
2026-08-23 02:01:01,deribit,ETH,ETH-30OCT26-2750-P,2026-10-30,2750,put,0.178712,0.172,0.185,55.02,,,,,0.0,0.0,2433.86
2026-08-23 02:01:01,deribit,ETH,ETH-25DEC26-5500-C,2026-12-25,5500,call,0.004469,0.004,0.005,68.09,,,,,1617.0,4.0,2445.61
2026-08-23 02:01:01,deribit,ETH,ETH-26MAR27-4500-C,2027-03-26,4500,call,0.025928,0.0245,0.027,58.95,,,,,2394.0,10.0,2470.69
2026-08-23 02:01:01,deribit,ETH,ETH-25DEC26-4000-C,2026-12-25,4000,call,0.016498,0.016,0.017,60.41,,,,,16989.0,12.0,2445.61
2026-08-23 02:01:01,deribit,ETH,ETH-26AUG26-2220-P,2026-08-26,2220,put,0.001936,0.0017,0.0022,64.66,,,,,0.0,0.0,2424.47
2026-08-23 02:01:01,deribit,ETH,ETH-24AUG26-2120-P,2026-08-24,2120,put,7.4e-05,,0.0003,88.37,,,,,521.0,0.0,2423.46
2026-08-23 02:01:01,deribit,ETH,ETH-25SEP26-1200-C,2026-09-25,1200,call,0.506108,0.5035,0.5085,95.03,,,,,138.0,0.0,2427.26
2026-08-23 02:01:01,deribit,ETH,ETH-23AUG26-2240-P,2026-08-23,2240,put,0.0,,0.0001,76.96,,,,,613.0,293.0,2422.7
2026-08-23 02:01:01,deribit,ETH,ETH-23AUG26-2260-P,2026-08-23,2260,put,0.0,,0.0001,70.73,,,,,366.0,57.0,2422.76
2026-08-23 02:01:01,deribit,ETH,ETH-26AUG26-2200-C,2026-08-26,2200,call,0.094163,0.0905,0.097,66.25,,,,,0.0,0.0,2424.4
2026-08-23 02:01:01,deribit,ETH,ETH-23AUG26-2250-P,2026-08-23,2250,put,0.0,,0.0001,73.81,,,,,739.0,537.0,2422.76
2026-08-23 02:01:01,deribit,ETH,ETH-25AUG26-2900-P,2026-08-25,2900,put,0.196694,0.193,0.2015,102.86,,,,,0.0,0.0,2424.0
2026-08-23 02:01:01,deribit,ETH,ETH-11SEP26-1800-P,2026-09-11,1800,put,0.002037,0.0018,0.0023,72.22,,,,,122.0,16.0,2426.01
2026-08-23 02:01:01,deribit,ETH,ETH-25SEP26-3000-C,2026-09-25,3000,call,0.011851,0.0115,0.0125,59.8,,,,,32430.0,712.0,2427.32
2026-08-23 02:01:01,deribit,ETH,ETH-25SEP26-4000-P,2026-09-25,4000,put,0.649766,0.643,0.6575,78.62,,,,,140.0,0.0,2427.32
2026-08-23 02:01:01,deribit,ETH,ETH-25SEP26-2150-C,2026-09-25,2150,call,0.135994,0.1345,0.1375,55.67,,,,,113.0,0.0,2427.32
2026-08-23 02:01:01,deribit,ETH,ETH-25SEP26-6500-P,2026-09-25,6500,put,1.677937,1.6655,1.6935,109.0,,,,,0.0,0.0,2427.26
2026-08-23 02:01:01,deribit,ETH,ETH-25JUN27-4600-P,2027-06-25,4600,put,0.886462,0.8625,0.9045,58.37,,,,,0.0,0.0,2497.5
2026-08-23 02:01:01,deribit,ETH,ETH-24AUG26-2580-C,2026-08-24,2580,call,0.00118,0.001,0.0014,70.24,,,,,384.0,2.0,2423.46
2026-08-23 02:01:01,deribit,ETH,ETH-26AUG26-2300-C,2026-08-26,2300,call,0.056742,0.053,0.06,60.58,,,,,0.0,0.0,2424.4
2026-08-23 02:01:01,deribit,ETH,ETH-24AUG26-2050-C,2026-08-24,2050,call,0.154144,0.151,0.157,97.12,,,,,0.0,0.0,2423.4
2026-08-23 02:01:01,deribit,ETH,ETH-25SEP26-5800-P,2026-09-25,5800,put,1.389604,1.379,1.404,99.39,,,,,0.0,0.0,2427.26
2026-08-23 02:01:01,deribit,ETH,ETH-25JUN27-1200-C,2027-06-25,1200,call,0.540084,0.5345,0.547,64.53,,,,,55.0,0.0,2497.5
2026-08-23 02:01:01,deribit,ETH,ETH-24AUG26-2520-P,2026-08-24,2520,put,0.042488,0.039,0.0465,62.11,,,,,32.0,20.0,2423.4
2026-08-23 02:01:01,deribit,ETH,ETH-26AUG26-2260-P,2026-08-26,2260,put,0.00315,0.0029,0.0034,61.95,,,,,0.0,0.0,2424.4
2026-08-23 02:01:01,deribit,ETH,ETH-30OCT26-1200-C,2026-10-30,1200,call,0.508792,0.5055,0.5115,80.19,,,,,0.0,0.0,2433.79
2026-08-23 02:01:01,deribit,ETH,ETH-30OCT26-1700-C,2026-10-30,1700,call,0.311122,0.3065,0.3145,62.46,,,,,26.0,0.0,2433.86
2026-08-23 02:01:01,deribit,ETH,ETH-25DEC26-1300-P,2026-12-25,1300,put,0.007041,0.0065,0.0075,68.64,,,,,2141.0,1.0,2445.61
2026-08-23 02:01:01,deribit,ETH,ETH-4SEP26-2400-P,2026-09-04,2400,put,0.035148,0.0345,0.036,55.34,,,,,243.0,22.0,2425.47
2026-08-23 02:01:01,deribit,ETH,ETH-25SEP26-2600-C,2026-09-25,2600,call,0.038312,0.0375,0.039,54.64,,,,,16611.0,6.0,2427.32
2026-08-23 02:01:01,deribit,ETH,ETH-26MAR27-1200-P,2027-03-26,1200,put,0.012604,0.0115,0.0135,66.82,,,,,1660.0,7.0,2470.63
2026-08-23 02:01:01,deribit,ETH,ETH-24AUG26-2340-C,2026-08-24,2340,call,0.036708,0.033,0.04,55.29,,,,,52.0,0.0,2423.46
2026-08-23 02:01:01,deribit,ETH,ETH-25SEP26-7000-P,2026-09-25,7000,put,1.883834,1.87,1.8995,111.39,,,,,0.0,0.0,2427.32
2026-08-23 02:01:01,deribit,ETH,ETH-25SEP26-1900-C,2026-09-25,1900,call,0.224497,0.221,0.2285,61.66,,,,,11286.0,22.0,2427.32
2026-08-23 02:01:01,deribit,ETH,ETH-25DEC26-2300-C,2026-12-25,2300,call,0.155095,0.154,0.1565,54.73,,,,,8039.0,29.0,2445.55
2026-08-23 02:01:01,deribit,ETH,ETH-28AUG26-2050-C,2026-08-28,2050,call,0.155855,0.1525,0.1585,76.25,,,,,16678.0,2.0,2425.32
2026-08-23 02:01:01,deribit,ETH,ETH-30OCT26-3000-P,2026-10-30,3000,put,0.262223,0.254,0.27,56.68,,,,,72.0,0.0,2433.79
2026-08-23 02:01:01,deribit,ETH,ETH-30OCT26-2650-C,2026-10-30,2650,call,0.059899,0.059,0.0605,54.53,,,,,170.0,5.0,2433.86
2026-08-23 02:01:01,deribit,ETH,ETH-4SEP26-2700-P,2026-09-04,2700,put,0.124199,0.12,0.129,62.01,,,,,0.0,0.0,2425.47
2026-08-23 02:01:01,deribit,ETH,ETH-28AUG26-1800-C,2026-08-28,1800,call,0.258121,0.255,0.261,102.93,,,,,5389.0,0.0,2425.32
2026-08-23 02:01:01,deribit,ETH,ETH-11SEP26-2200-C,2026-09-11,2200,call,0.108336,0.107,0.11,55.1,,,,,0.0,0.0,2425.95
2026-08-23 02:01:01,deribit,ETH,ETH-24AUG26-2540-C,2026-08-24,2540,call,0.001976,0.0018,0.0022,64.48,,,,,871.0,800.0,2423.4
2026-08-23 02:01:01,deribit,ETH,ETH-23AUG26-2140-P,2026-08-23,2140,put,0.0,,0.0001,92.86,,,,,102.0,2.0,2422.76
2026-08-23 02:01:01,deribit,ETH,ETH-30OCT26-4200-C,2026-10-30,4200,call,0.004937,0.0045,0.0055,68.46,,,,,16.0,2.0,2433.79
2026-08-23 02:01:01,deribit,ETH,ETH-26MAR27-3700-C,2027-03-26,3700,call,0.05113,0.05,0.0525,57.12,,,,,1530.0,11.0,2470.63
2026-08-23 02:01:01,deribit,ETH,ETH-26MAR27-5000-C,2027-03-26,5000,call,0.017643,0.0165,0.019,60.04,,,,,2069.0,1.0,2470.63
2026-08-23 02:01:01,deribit,ETH,ETH-25AUG26-2300-C,2026-08-25,2300,call,0.054472,0.0515,0.0575,61.23,,,,,0.0,0.0,2424.0
2026-08-23 02:01:01,deribit,ETH,ETH-26MAR27-1200-C,2027-03-26,1200,call,0.52692,0.5225,0.534,66.82,,,,,68.0,0.0,2470.63
2026-08-23 02:01:01,deribit,ETH,ETH-25AUG26-2900-C,2026-08-25,2900,call,0.000408,0.0003,0.0006,102.86,,,,,3.0,4.0,2424.0
2026-08-23 02:01:01,deribit,ETH,ETH-25SEP26-2700-P,2026-09-25,2700,put,0.140475,0.1355,0.146,55.61,,,,,557.0,0.0,2427.32
2026-08-23 02:01:01,deribit,ETH,ETH-11SEP26-2450-P,2026-09-11,2450,put,0.054914,0.054,0.056,54.14,,,,,102.0,2.0,2425.95
2026-08-23 02:01:01,deribit,ETH,ETH-4SEP26-2550-P,2026-09-04,2550,put,0.073534,0.072,0.075,57.6,,,,,0.0,0.0,2425.47
2026-08-23 02:01:01,deribit,ETH,ETH-26MAR27-2500-C,2027-03-26,2500,call,0.163824,0.162,0.1655,55.48,,,,,9383.0,0.0,2470.63
2026-08-23 02:01:01,deribit,ETH,ETH-25AUG26-2250-C,2026-08-25,2250,call,0.073483,0.0695,0.0765,65.6,,,,,0.0,0.0,2424.0
2026-08-23 02:01:01,deribit,ETH,ETH-25SEP26-2300-C,2026-09-25,2300,call,0.093009,0.0915,0.094,54.09,,,,,14421.0,102.0,2427.32
2026-08-23 02:01:01,deribit,ETH,ETH-25SEP26-1400-P,2026-09-25,1400,put,0.001087,0.0009,0.0013,84.81,,,,,9780.0,6.0,2427.32
2026-08-23 02:01:01,deribit,ETH,ETH-26MAR27-1500-P,2027-03-26,1500,put,0.026475,0.0255,0.0275,61.1,,,,,4074.0,1.0,2470.63
2026-08-23 02:01:01,deribit,ETH,ETH-23AUG26-1880-C,2026-08-23,1880,call,0.224029,0.221,0.2265,127.31,,,,,99.0,0.0,2422.7
2026-08-23 02:01:01,deribit,ETH,ETH-25JUN27-2700-P,2027-06-25,2700,put,0.253079,0.248,0.2555,55.88,,,,,2.0,2.0,2497.5
2026-08-23 02:01:01,deribit,ETH,ETH-25JUN27-2900-C,2027-06-25,2900,call,0.14701,0.1445,0.1495,55.96,,,,,283.0,0.0,2497.5
2026-08-23 02:01:01,deribit,ETH,ETH-25JUN27-1700-P,2027-06-25,1700,put,0.059349,0.0575,0.061,58.2,,,,,2993.0,0.0,2497.5
2026-08-23 02:01:01,deribit,ETH,ETH-30OCT26-1200-P,2026-10-30,1200,put,0.001838,0.0015,0.0022,80.19,,,,,2171.0,0.0,2433.86
2026-08-23 02:01:01,deribit,ETH,ETH-23AUG26-1920-P,2026-08-23,1920,put,0.0,,0.0001,127.31,,,,,154.0,1.0,2422.76
2026-08-23 02:01:01,deribit,ETH,ETH-26MAR27-1500-C,2027-03-26,1500,call,0.419369,0.414,0.4275,61.1,,,,,243.0,0.0,2470.63
2026-08-23 02:01:01,deribit,ETH,ETH-4SEP26-2250-C,2026-09-04,2250,call,0.085727,0.0845,0.087,55.94,,,,,573.0,0.0,2425.47
2026-08-23 02:01:01,deribit,ETH,ETH-24AUG26-2000-P,2026-08-24,2000,put,1.7e-05,,0.0001,107.09,,,,,3043.0,2.0,2423.46
2026-08-23 02:01:01,deribit,ETH,ETH-25AUG26-2520-P,2026-08-25,2520,put,0.046109,0.0425,0.05,64.46,,,,,1.0,0.0,2424.0
2026-08-23 02:01:01,deribit,ETH,ETH-25AUG26-2400-P,2026-08-25,2400,put,0.013974,0.0135,0.0145,59.48,,,,,13.0,62.0,2424.0
2026-08-23 02:01:01,deribit,ETH,ETH-11SEP26-2400-C,2026-09-11,2400,call,0.054769,0.0535,0.0555,54.05,,,,,537.0,3.0,2425.95
2026-08-23 02:01:01,deribit,ETH,ETH-30OCT26-2450-P,2026-10-30,2450,put,0.096476,0.095,0.0975,53.92,,,,,2.0,0.0,2433.86
2026-08-23 02:01:01,deribit,ETH,ETH-25SEP26-3800-C,2026-09-25,3800,call,0.002485,0.0022,0.0026,74.81,,,,,2030.0,0.0,2427.26
2026-08-23 02:01:01,deribit,ETH,ETH-25SEP26-3300-C,2026-09-25,3300,call,0.005899,0.0055,0.0065,65.37,,,,,19208.0,2016.0,2427.26
2026-08-23 02:01:01,deribit,ETH,ETH-30OCT26-1950-P,2026-10-30,1950,put,0.022193,0.0215,0.0225,57.11,,,,,866.0,2.0,2433.86
2026-08-23 02:01:01,deribit,ETH,ETH-24AUG26-2220-P,2026-08-24,2220,put,0.000205,,0.0004,69.07,,,,,458.0,63.0,2423.46
2026-08-23 02:01:01,deribit,ETH,ETH-26MAR27-3300-C,2027-03-26,3300,call,0.074171,0.0725,0.0755,56.29,,,,,2191.0,0.0,2470.63
2026-08-23 02:01:01,deribit,ETH,ETH-25JUN27-4200-P,2027-06-25,4200,put,0.739188,0.7165,0.758,57.68,,,,,0.0,0.0,2497.5
2026-08-23 02:01:01,deribit,ETH,ETH-23AUG26-1780-P,2026-08-23,1780,put,0.0,,0.0002,127.41,,,,,42.0,0.0,2422.76
2026-08-23 02:01:01,deribit,ETH,ETH-23AUG26-1960-C,2026-08-23,1960,call,0.191009,0.188,0.1935,127.31,,,,,1.0,0.0,2422.76
2026-08-23 02:01:01,deribit,ETH,ETH-28AUG26-2120-C,2026-08-28,2120,call,0.127598,0.124,0.1305,69.02,,,,,84.0,0.0,2425.26
2026-08-23 02:01:01,deribit,ETH,ETH-24AUG26-2450-P,2026-08-24,2450,put,0.019122,0.018,0.0205,55.09,,,,,400.0,10.0,2423.46
2026-08-23 02:01:01,deribit,ETH,ETH-25SEP26-2200-P,2026-09-25,2200,put,0.0269,0.026,0.0275,54.97,,,,,7122.0,87.0,2427.32
2026-08-23 02:01:01,deribit,ETH,ETH-25DEC26-1300-C,2026-12-25,1300,call,0.475477,0.472,0.48,68.64,,,,,50.0,0.0,2445.55
2026-08-23 02:01:01,deribit,ETH,ETH-24AUG26-2350-C,2026-08-24,2350,call,0.033162,0.029,0.037,54.78,,,,,0.0,0.0,2423.46
2026-08-23 02:01:01,deribit,ETH,ETH-25AUG26-2580-C,2026-08-25,2580,call,0.003587,0.0034,0.0039,69.71,,,,,0.0,0.0,2424.0
2026-08-23 02:01:01,deribit,ETH,ETH-23AUG26-1880-P,2026-08-23,1880,put,0.0,,0.0001,127.31,,,,,1146.0,1.0,2422.7
2026-08-23 02:01:01,deribit,ETH,ETH-25SEP26-3200-P,2026-09-25,3200,put,0.32563,0.32,0.332,63.57,,,,,1323.0,0.0,2427.32
2026-08-23 02:01:01,deribit,ETH,ETH-28AUG26-2550-C,2026-08-28,2550,call,0.012132,0.0115,0.0125,63.92,,,,,309.0,310.0,2425.26
2026-08-23 02:01:01,deribit,ETH,ETH-28AUG26-2600-C,2026-08-28,2600,call,0.008475,0.008,0.009,65.76,,,,,7811.0,336.0,2425.32
2026-08-23 02:01:01,deribit,ETH,ETH-26MAR27-3000-C,2027-03-26,3000,call,0.099375,0.098,0.101,55.83,,,,,3853.0,1.0,2470.63
2026-08-23 02:01:01,deribit,ETH,ETH-4SEP26-2450-P,2026-09-04,2450,put,0.046185,0.0455,0.047,55.81,,,,,5.0,5.0,2425.47
2026-08-23 02:01:01,deribit,ETH,ETH-25SEP26-1200-P,2026-09-25,1200,put,0.000458,0.0005,0.0008,95.03,,,,,11709.0,109.0,2427.32
2026-08-23 02:01:01,deribit,ETH,ETH-30OCT26-1700-P,2026-10-30,1700,put,0.009604,0.009,0.01,62.46,,,,,1260.0,3.0,2433.86
2026-08-23 02:01:01,deribit,ETH,ETH-25DEC26-1900-P,2026-12-25,1900,put,0.037365,0.0365,0.038,56.88,,,,,5164.0,3.0,2445.55
2026-08-23 02:01:01,deribit,ETH,ETH-25AUG26-2360-C,2026-08-25,2360,call,0.034482,0.033,0.0355,59.15,,,,,2.0,2.0,2424.0
2026-08-23 02:01:01,deribit,ETH,ETH-24AUG26-2480-P,2026-08-24,2480,put,0.028365,0.027,0.03,57.87,,,,,744.0,0.0,2423.46
2026-08-23 02:01:01,deribit,ETH,ETH-24AUG26-2200-C,2026-08-24,2200,call,0.092395,0.09,0.0955,73.26,,,,,0.0,0.0,2423.46
2026-08-23 02:01:01,deribit,ETH,ETH-23AUG26-1960-P,2026-08-23,1960,put,0.0,,0.0001,127.31,,,,,257.0,1.0,2422.7
2026-08-23 02:01:01,deribit,ETH,ETH-25SEP26-7200-C,2026-09-25,7200,call,0.000148,,0.0003,115.5,,,,,1160.0,0.0,2427.26
2026-08-23 02:01:01,deribit,ETH,ETH-25AUG26-2700-C,2026-08-25,2700,call,0.001311,0.0012,0.0015,81.86,,,,,77.0,73.0,2424.06
2026-08-23 02:01:01,deribit,ETH,ETH-28AUG26-1550-C,2026-08-28,1550,call,0.361106,0.3585,0.363,142.25,,,,,131.0,0.0,2425.32
2026-08-23 02:01:01,deribit,ETH,ETH-11SEP26-2800-C,2026-09-11,2800,call,0.011765,0.0115,0.0125,60.65,,,,,1866.0,263.0,2425.95
2026-08-23 02:01:01,deribit,ETH,ETH-25JUN27-3200-C,2027-06-25,3200,call,0.116693,0.1145,0.119,56.21,,,,,1269.0,121.0,2497.5
2026-08-23 02:01:01,deribit,ETH,ETH-23AUG26-2450-C,2026-08-23,2450,call,0.001275,0.0009,0.0015,47.81,,,,,763.0,313.0,2422.76
2026-08-23 02:01:01,deribit,ETH,ETH-28AUG26-3200-C,2026-08-28,3200,call,0.00053,0.0003,0.0008,101.1,,,,,2786.0,37.0,2425.32
2026-08-23 02:01:01,deribit,ETH,ETH-23AUG26-1860-C,2026-08-23,1860,call,0.232284,0.2295,0.235,127.31,,,,,0.0,0.0,2422.76
2026-08-23 02:01:01,deribit,ETH,ETH-26AUG26-2600-P,2026-08-26,2600,put,0.077247,0.0735,0.0815,69.09,,,,,0.0,0.0,2424.4
2026-08-23 02:01:01,deribit,ETH,ETH-26AUG26-2560-C,2026-08-26,2560,call,0.006731,0.0065,0.0075,65.92,,,,,0.0,0.0,2424.4
2026-08-23 02:01:01,deribit,ETH,ETH-4SEP26-1700-C,2026-09-04,1700,call,0.299868,0.297,0.3025,89.07,,,,,18.0,0.0,2425.47
2026-08-23 02:01:01,deribit,ETH,ETH-4SEP26-2000-P,2026-09-04,2000,put,0.002532,0.0023,0.0027,65.78,,,,,1249.0,12.0,2425.41
2026-08-23 02:01:01,deribit,ETH,ETH-11SEP26-2500-C,2026-09-11,2500,call,0.03703,0.0365,0.0375,54.69,,,,,1138.0,148.0,2426.01
2026-08-23 02:01:01,deribit,ETH,ETH-23AUG26-2440-C,2026-08-23,2440,call,0.002068,0.0017,0.0023,45.98,,,,,1745.0,1262.0,2422.76
2026-08-23 02:01:01,deribit,ETH,ETH-25SEP26-6600-C,2026-09-25,6600,call,0.000198,0.0001,0.0004,110.04,,,,,1495.0,0.0,2427.32
2026-08-23 02:01:01,deribit,ETH,ETH-28AUG26-1000-C,2026-08-28,1000,call,0.587692,0.5855,0.5895,173.4,,,,,50.0,0.0,2425.26
2026-08-23 02:01:01,deribit,ETH,ETH-23AUG26-2350-C,2026-08-23,2350,call,0.030098,0.0265,0.033,52.57,,,,,321.0,1.0,2422.76
2026-08-23 02:01:01,deribit,ETH,ETH-30OCT26-1600-C,2026-10-30,1600,call,0.349316,0.3455,0.3525,64.92,,,,,68.0,0.0,2433.79
2026-08-23 02:01:01,deribit,ETH,ETH-23AUG26-2460-C,2026-08-23,2460,call,0.00078,0.0005,0.001,49.81,,,,,240.0,184.0,2422.76
2026-08-23 02:01:01,deribit,ETH,ETH-4SEP26-2600-C,2026-09-04,2600,call,0.017526,0.017,0.018,58.88,,,,,6674.0,61.0,2425.47
2026-08-23 02:01:01,deribit,ETH,ETH-26MAR27-3100-C,2027-03-26,3100,call,0.090053,0.0885,0.0915,55.96,,,,,1813.0,0.0,2470.63
2026-08-23 02:01:01,deribit,ETH,ETH-11SEP26-2300-C,2026-09-11,2300,call,0.078549,0.077,0.08,54.05,,,,,74.0,0.0,2425.95
2026-08-23 02:01:01,deribit,ETH,ETH-11SEP26-3000-C,2026-09-11,3000,call,0.006383,0.006,0.007,66.6,,,,,4844.0,920.0,2425.95
2026-08-23 02:01:01,deribit,ETH,ETH-23AUG26-2240-C,2026-08-23,2240,call,0.075439,0.072,0.0785,76.96,,,,,432.0,0.0,2422.76
2026-08-23 02:01:01,deribit,ETH,ETH-25SEP26-2400-P,2026-09-25,2400,put,0.058876,0.058,0.0595,53.82,,,,,3399.0,142.0,2427.26
2026-08-23 02:01:01,deribit,ETH,ETH-25SEP26-2900-P,2026-09-25,2900,put,0.210354,0.205,0.216,58.32,,,,,49.0,0.0,2427.32
2026-08-23 02:01:01,deribit,ETH,ETH-25JUN27-6000-P,2027-06-25,6000,put,1.423116,1.3875,1.453,60.85,,,,,0.0,0.0,2497.5
2026-08-23 02:01:01,deribit,ETH,ETH-24AUG26-2550-C,2026-08-24,2550,call,0.001712,0.0015,0.0019,65.75,,,,,197.0,12.0,2423.46
2026-08-23 02:01:01,deribit,ETH,ETH-25SEP26-15000-C,2026-09-25,15000,call,3.4e-05,,0.0005,164.18,,,,,878.0,0.0,2427.32
2026-08-23 02:01:01,deribit,ETH,ETH-25AUG26-2220-P,2026-08-25,2220,put,0.001051,0.0009,0.0013,67.9,,,,,0.0,0.0,2424.0
2026-08-23 02:01:01,deribit,ETH,ETH-24AUG26-2600-P,2026-08-24,2600,put,0.073767,0.0705,0.078,73.34,,,,,0.0,0.0,2423.4
2026-08-23 02:01:01,deribit,ETH,ETH-28AUG26-2150-P,2026-08-28,2150,put,0.002103,0.0019,0.002,66.21,,,,,1598.0,28.0,2425.32
2026-08-23 02:01:01,deribit,ETH,ETH-25SEP26-5600-C,2026-09-25,5600,call,0.000354,0.0002,0.0006,99.24,,,,,7183.0,20.0,2427.32
2026-08-23 02:01:01,deribit,ETH,ETH-25JUN27-3100-C,2027-06-25,3100,call,0.125941,0.1235,0.128,56.11,,,,,117.0,0.0,2497.5
2026-08-23 02:01:01,deribit,ETH,ETH-24AUG26-2440-C,2026-08-24,2440,call,0.00967,0.009,0.01,54.59,,,,,175.0,76.0,2423.46
2026-08-23 02:01:01,deribit,ETH,ETH-26MAR27-2700-C,2027-03-26,2700,call,0.134011,0.1325,0.136,55.52,,,,,3034.0,0.0,2470.63
2026-08-23 02:01:01,deribit,ETH,ETH-4SEP26-2000-C,2026-09-04,2000,call,0.178014,0.1745,0.181,65.78,,,,,4162.0,182.0,2425.47
2026-08-23 02:01:01,deribit,ETH,ETH-25SEP26-3000-P,2026-09-25,3000,put,0.247726,0.242,0.254,59.8,,,,,7522.0,2.0,2427.32
2026-08-23 02:01:01,deribit,ETH,ETH-26AUG26-2340-P,2026-08-26,2340,put,0.00881,0.008,0.0095,59.47,,,,,16.0,16.0,2424.47
2026-08-23 02:01:01,deribit,ETH,ETH-23AUG26-2180-C,2026-08-23,2180,call,0.100203,0.0975,0.103,83.31,,,,,133.0,0.0,2422.7
2026-08-23 02:01:01,deribit,ETH,ETH-25DEC26-3600-P,2026-12-25,3600,put,0.498345,0.485,0.509,58.47,,,,,93.0,0.0,2445.61
2026-08-23 02:01:01,deribit,ETH,ETH-25SEP26-5000-C,2026-09-25,5000,call,0.000572,0.0004,0.0008,91.96,,,,,4592.0,10.0,2427.26
2026-08-23 02:01:01,deribit,ETH,ETH-28AUG26-2250-P,2026-08-28,2250,put,0.005574,0.005,0.006,60.97,,,,,1729.0,182.0,2425.32
2026-08-23 02:01:01,deribit,ETH,ETH-25JUN27-2200-C,2027-06-25,2200,call,0.25615,0.254,0.259,56.17,,,,,1051.0,0.0,2497.56
2026-08-23 02:01:01,deribit,ETH,ETH-25DEC26-3600-C,2026-12-25,3600,call,0.02632,0.0255,0.027,58.47,,,,,2305.0,44.0,2445.55
2026-08-23 02:01:01,deribit,ETH,ETH-24AUG26-2620-P,2026-08-24,2620,put,0.081802,0.0785,0.086,75.68,,,,,0.0,0.0,2423.46
2026-08-23 02:01:01,deribit,ETH,ETH-25DEC26-9000-C,2026-12-25,9000,call,0.000728,0.0004,0.0012,80.47,,,,,1986.0,10.0,2445.55
2026-08-23 02:01:01,deribit,ETH,ETH-25JUN27-900-C,2027-06-25,900,call,0.649259,0.645,0.6545,71.37,,,,,0.0,0.0,2497.5
2026-08-23 02:01:01,deribit,ETH,ETH-25AUG26-2440-P,2026-08-25,2440,put,0.022254,0.0215,0.023,59.87,,,,,97.0,81.0,2424.0
2026-08-23 02:01:01,deribit,ETH,ETH-30OCT26-2350-C,2026-10-30,2350,call,0.109664,0.1085,0.1105,54.04,,,,,196.0,0.0,2433.86
2026-08-23 02:01:01,deribit,ETH,ETH-25SEP26-2700-C,2026-09-25,2700,call,0.028188,0.0275,0.029,55.61,,,,,9307.0,36.0,2427.32
2026-08-23 02:01:01,deribit,ETH,ETH-25SEP26-11000-C,2026-09-25,11000,call,0.000147,,0.0002,153.91,,,,,2766.0,0.0,2427.26
2026-08-23 02:01:01,deribit,ETH,ETH-30OCT26-2750-C,2026-10-30,2750,call,0.048815,0.048,0.0495,55.02,,,,,5.0,5.0,2433.86
2026-08-23 02:01:01,deribit,ETH,ETH-26AUG26-2260-C,2026-08-26,2260,call,0.071028,0.067,0.074,61.95,,,,,0.0,0.0,2424.4
2026-08-23 02:01:01,deribit,ETH,ETH-23AUG26-2120-C,2026-08-23,2120,call,0.124969,0.1215,0.1275,99.67,,,,,18.0,0.0,2422.76
2026-08-23 02:01:01,deribit,ETH,ETH-28AUG26-2100-P,2026-08-28,2100,put,0.001484,0.0012,0.0017,71.07,,,,,2995.0,3.0,2425.26
2026-08-23 02:01:01,deribit,ETH,ETH-25JUN27-3700-C,2027-06-25,3700,call,0.080854,0.079,0.083,56.85,,,,,0.0,0.0,2497.56
2026-08-23 02:01:01,deribit,ETH,ETH-25SEP26-10000-P,2026-09-25,10000,put,3.119731,3.099,3.143,145.46,,,,,0.0,0.0,2427.32
2026-08-23 02:01:01,deribit,ETH,ETH-25DEC26-2200-C,2026-12-25,2200,call,0.177673,0.1765,0.179,54.96,,,,,52421.0,20.0,2445.55
2026-08-23 02:01:01,deribit,ETH,ETH-4SEP26-2150-P,2026-09-04,2150,put,0.006589,0.006,0.007,58.54,,,,,927.0,301.0,2425.41
2026-08-23 02:01:01,deribit,ETH,ETH-26MAR27-2100-P,2027-03-26,2100,put,0.093436,0.092,0.095,56.02,,,,,707.0,0.0,2470.63
2026-08-23 02:01:01,deribit,ETH,ETH-11SEP26-2700-C,2026-09-11,2700,call,0.017023,0.0165,0.0175,58.36,,,,,238.0,0.0,2426.01
2026-08-23 02:01:01,deribit,ETH,ETH-24AUG26-2450-C,2026-08-24,2450,call,0.008191,0.0075,0.0085,55.09,,,,,298.0,68.0,2423.46
2026-08-23 02:01:01,deribit,ETH,ETH-25AUG26-2620-P,2026-08-25,2620,put,0.083269,0.08,0.0875,73.61,,,,,0.0,0.0,2424.0
2026-08-23 02:01:01,deribit,ETH,ETH-25AUG26-2200-C,2026-08-25,2200,call,0.093305,0.0895,0.0965,70.29,,,,,0.0,0.0,2424.0
2026-08-23 02:01:01,deribit,ETH,ETH-25AUG26-2480-C,2026-08-25,2480,call,0.01016,0.0095,0.0105,61.74,,,,,462.0,64.0,2424.0
2026-08-23 02:01:01,deribit,ETH,ETH-25JUN27-2500-C,2027-06-25,2500,call,0.201623,0.1995,0.204,55.88,,,,,3082.0,5.0,2497.56
2026-08-23 02:01:01,deribit,ETH,ETH-25DEC26-4000-P,2026-12-25,4000,put,0.652082,0.6375,0.6645,60.41,,,,,223.0,0.0,2445.55
2026-08-23 02:01:01,deribit,ETH,ETH-25AUG26-2650-P,2026-08-25,2650,put,0.095086,0.0915,0.0995,76.65,,,,,0.0,0.0,2424.0
2026-08-23 02:01:01,deribit,ETH,ETH-25JUN27-800-P,2027-06-25,800,put,0.007077,0.006,0.008,74.03,,,,,689.0,1.0,2497.5
2026-08-23 02:01:01,deribit,ETH,ETH-26MAR27-6000-P,2027-03-26,6000,put,1.437586,1.405,1.4615,62.42,,,,,1.0,0.0,2470.63
2026-08-23 02:01:01,deribit,ETH,ETH-25SEP26-3100-P,2026-09-25,3100,put,0.286304,0.2805,0.292,61.61,,,,,0.0,0.0,2427.32
2026-08-23 02:01:01,deribit,ETH,ETH-24AUG26-2520-C,2026-08-24,2520,call,0.002674,0.0025,0.0029,62.11,,,,,102.0,52.0,2423.4
2026-08-23 02:01:01,deribit,ETH,ETH-25DEC26-1600-C,2026-12-25,1600,call,0.362237,0.358,0.368,61.25,,,,,619.0,0.0,2445.55
2026-08-23 02:01:01,deribit,ETH,ETH-24AUG26-2100-C,2026-08-24,2100,call,0.133529,0.13,0.1365,88.43,,,,,0.0,0.0,2423.46
2026-08-23 02:01:01,deribit,ETH,ETH-26MAR27-3100-P,2027-03-26,3100,put,0.344738,0.3295,0.356,55.96,,,,,99.0,0.0,2470.63
2026-08-23 02:01:01,deribit,ETH,ETH-30OCT26-4400-C,2026-10-30,4400,call,0.003785,0.0034,0.0043,69.81,,,,,21.0,18.0,2433.86
2026-08-23 02:01:01,deribit,ETH,ETH-23AUG26-2560-C,2026-08-23,2560,call,5e-06,,0.0002,68.17,,,,,21.0,119.0,2422.76
2026-08-23 02:01:01,deribit,ETH,ETH-25JUN27-3400-P,2027-06-25,3400,put,0.461749,0.444,0.4755,56.43,,,,,2.0,0.0,2497.56
2026-08-23 02:01:01,deribit,ETH,ETH-24AUG26-2640-C,2026-08-24,2640,call,0.000614,0.0005,0.0008,79.21,,,,,10.0,0.0,2423.46
2026-08-23 02:01:01,deribit,ETH,ETH-25AUG26-2750-C,2026-08-25,2750,call,0.000959,0.0008,0.0013,87.6,,,,,0.0,0.0,2424.0
2026-08-23 02:01:01,deribit,ETH,ETH-26AUG26-2440-C,2026-08-26,2440,call,0.019701,0.019,0.0205,60.23,,,,,0.0,0.0,2424.47
2026-08-23 02:01:01,deribit,ETH,ETH-25SEP26-13000-P,2026-09-25,13000,put,4.355523,4.325,4.3925,159.11,,,,,0.0,0.0,2427.32
2026-08-23 02:01:01,deribit,ETH,ETH-25DEC26-3800-P,2026-12-25,3800,put,0.574468,0.5615,0.586,59.39,,,,,26.0,0.0,2445.55
2026-08-23 02:01:01,deribit,ETH,ETH-25JUN27-1200-P,2027-06-25,1200,put,0.020541,0.0195,0.022,64.53,,,,,521.0,0.0,2497.56
2026-08-23 02:01:01,deribit,ETH,ETH-26AUG26-2460-P,2026-08-26,2460,put,0.0311,0.0275,0.035,60.84,,,,,0.0,0.0,2424.47
2026-08-23 02:01:01,deribit,ETH,ETH-25SEP26-1300-P,2026-09-25,1300,put,0.000775,0.0008,0.0011,90.8,,,,,3441.0,8.0,2427.26
2026-08-23 02:01:01,deribit,ETH,ETH-4SEP26-2700-C,2026-09-04,2700,call,0.011094,0.0105,0.0115,62.01,,,,,656.0,67.0,2425.41
2026-08-23 02:01:01,deribit,ETH,ETH-24AUG26-2240-P,2026-08-24,2240,put,0.000265,0.0001,0.0005,65.33,,,,,236.0,21.0,2423.46
2026-08-23 02:01:01,deribit,ETH,ETH-25SEP26-1400-C,2026-09-25,1400,call,0.424345,0.4215,0.427,84.81,,,,,1550.0,0.0,2427.32
2026-08-23 02:01:01,deribit,ETH,ETH-28AUG26-1450-P,2026-08-28,1450,put,0.000183,0.0001,,161.58,,,,,8383.0,3.0,2425.32
2026-08-23 02:01:01,deribit,ETH,ETH-28AUG26-3200-P,2026-08-28,3200,put,0.319917,0.316,0.325,101.1,,,,,3.0,0.0,2425.32
2026-08-23 02:01:01,deribit,ETH,ETH-24AUG26-2700-P,2026-08-24,2700,put,0.114361,0.111,0.1185,84.86,,,,,0.0,0.0,2423.46
2026-08-23 02:01:01,deribit,ETH,ETH-26MAR27-5500-C,2027-03-26,5500,call,0.012571,0.0115,0.0135,61.29,,,,,2765.0,5.0,2470.69
2026-08-23 02:01:01,deribit,ETH,ETH-25SEP26-3600-P,2026-09-25,3600,put,0.486436,0.48,0.494,71.1,,,,,907.0,2.0,2427.32
2026-08-23 02:01:01,deribit,ETH,ETH-25AUG26-2600-C,2026-08-25,2600,call,0.002973,0.0028,0.0033,71.62,,,,,561.0,8.0,2424.0
2026-08-23 02:01:01,deribit,ETH,ETH-25AUG26-2480-P,2026-08-25,2480,put,0.033191,0.032,0.035,61.74,,,,,112.0,129.0,2424.0
2026-08-23 02:01:01,deribit,ETH,ETH-25SEP26-1300-C,2026-09-25,1300,call,0.465229,0.4625,0.468,90.8,,,,,68.0,0.0,2427.26
2026-08-23 02:01:01,deribit,ETH,ETH-25DEC26-1600-P,2026-12-25,1600,put,0.016471,0.016,0.017,61.25,,,,,7673.0,29.0,2445.61
2026-08-23 02:01:01,deribit,ETH,ETH-30OCT26-2050-P,2026-10-30,2050,put,0.030911,0.0305,0.0315,55.8,,,,,225.0,21.0,2433.79
2026-08-23 02:01:01,deribit,ETH,ETH-11SEP26-2650-C,2026-09-11,2650,call,0.020525,0.02,0.021,57.2,,,,,5.0,5.0,2426.01
2026-08-23 02:01:01,deribit,ETH,ETH-25AUG26-2320-C,2026-08-25,2320,call,0.047362,0.0435,0.0505,60.17,,,,,0.0,0.0,2424.0
2026-08-23 02:01:01,deribit,ETH,ETH-25DEC26-11000-C,2026-12-25,11000,call,0.000346,0.0002,0.0005,84.93,,,,,2144.0,0.0,2445.55
2026-08-23 02:01:01,deribit,ETH,ETH-25JUN27-1000-C,2027-06-25,1000,call,0.612232,0.608,0.618,68.87,,,,,70.0,0.0,2497.5
2026-08-23 02:01:01,deribit,ETH,ETH-25JUN27-2300-P,2027-06-25,2300,put,0.157388,0.155,0.1595,56.03,,,,,315.0,152.0,2497.5
2026-08-23 02:01:01,deribit,ETH,ETH-24AUG26-2100-P,2026-08-24,2100,put,4.1e-05,,0.0003,88.43,,,,,34.0,7.0,2423.46
2026-08-23 02:01:01,deribit,ETH,ETH-30OCT26-2400-P,2026-10-30,2400,put,0.085425,0.0845,0.0865,53.95,,,,,196.0,0.0,2433.79
2026-08-23 02:01:01,deribit,ETH,ETH-23AUG26-2100-P,2026-08-23,2100,put,0.0,,0.0001,106.51,,,,,98.0,1.0,2422.76
2026-08-23 02:01:01,deribit,ETH,ETH-23AUG26-1900-P,2026-08-23,1900,put,0.0,,0.0001,127.31,,,,,359.0,1.0,2422.76
2026-08-23 02:01:01,deribit,ETH,ETH-4SEP26-2900-P,2026-09-04,2900,put,0.200634,0.1965,0.2055,69.56,,,,,0.0,0.0,2425.47
2026-08-23 02:01:01,deribit,ETH,ETH-28AUG26-1500-P,2026-08-28,1500,put,0.000184,,,151.77,,,,,5671.0,16.0,2425.32
2026-08-23 02:01:01,deribit,ETH,ETH-23AUG26-1800-C,2026-08-23,1800,call,0.257049,0.254,0.2595,127.41,,,,,0.0,0.0,2422.76
2026-08-23 02:01:01,deribit,ETH,ETH-28AUG26-2100-C,2026-08-28,2100,call,0.135637,0.132,0.1385,71.07,,,,,8226.0,10.0,2425.26
2026-08-23 02:01:01,deribit,ETH,ETH-23AUG26-2420-P,2026-08-23,2420,put,0.004084,0.0036,0.0044,44.47,,,,,850.0,308.0,2422.76
2026-08-23 02:01:01,deribit,ETH,ETH-25JUN27-3200-P,2027-06-25,3200,put,0.397913,0.3805,0.4115,56.21,,,,,0.0,0.0,2497.5
2026-08-23 02:01:01,deribit,ETH,ETH-25SEP26-9000-C,2026-09-25,9000,call,0.000141,,0.0005,135.5,,,,,1519.0,0.0,2427.32
2026-08-23 02:01:01,deribit,ETH,ETH-11SEP26-2000-P,2026-09-11,2000,put,0.004916,0.0046,0.0055,61.11,,,,,2548.0,1066.0,2425.95
2026-08-23 02:01:01,deribit,ETH,ETH-25AUG26-2280-C,2026-08-25,2280,call,0.061901,0.059,0.065,62.65,,,,,57.0,57.0,2424.0
2026-08-23 02:01:01,deribit,ETH,ETH-25JUN27-2100-C,2027-06-25,2100,call,0.27732,0.2755,0.2805,56.37,,,,,142.0,0.0,2497.5
2026-08-23 02:01:01,deribit,ETH,ETH-30OCT26-1950-C,2026-10-30,1950,call,0.220993,0.216,0.2265,57.11,,,,,690.0,0.0,2433.86
2026-08-23 02:01:01,deribit,ETH,ETH-30OCT26-2650-P,2026-10-30,2650,put,0.148709,0.142,0.155,54.53,,,,,0.0,0.0,2433.86
2026-08-23 02:01:01,deribit,ETH,ETH-26MAR27-3200-C,2027-03-26,3200,call,0.081677,0.08,0.083,56.12,,,,,4275.0,0.0,2470.63
2026-08-23 02:01:01,deribit,ETH,ETH-24AUG26-2360-C,2026-08-24,2360,call,0.029756,0.026,0.0335,54.39,,,,,900.0,58.0,2423.46
2026-08-23 02:01:01,deribit,ETH,ETH-30OCT26-4200-P,2026-10-30,4200,put,0.730597,0.721,0.7415,68.46,,,,,0.0,0.0,2433.79
2026-08-23 02:01:01,deribit,ETH,ETH-25DEC26-3800-C,2026-12-25,3800,call,0.020663,0.02,0.0215,59.39,,,,,2811.0,12.0,2445.55
2026-08-23 02:01:01,deribit,ETH,ETH-25SEP26-4800-C,2026-09-25,4800,call,0.000715,0.0005,0.001,89.7,,,,,1689.0,0.0,2427.26
2026-08-23 02:01:01,deribit,ETH,ETH-26MAR27-2400-C,2027-03-26,2400,call,0.181128,0.1795,0.183,55.53,,,,,2109.0,2.0,2470.63
2026-08-23 02:01:01,deribit,ETH,ETH-26MAR27-4000-P,2027-03-26,4000,put,0.658175,0.638,0.6725,57.79,,,,,0.0,0.0,2470.63
2026-08-23 02:01:01,deribit,ETH,ETH-24AUG26-2650-C,2026-08-24,2650,call,0.000507,0.0003,0.0007,79.46,,,,,4.0,4.0,2423.46
2026-08-23 02:01:01,deribit,ETH,ETH-11SEP26-2550-C,2026-09-11,2550,call,0.030382,0.03,0.031,55.38,,,,,120.0,0.0,2426.01
2026-08-23 02:01:01,deribit,ETH,ETH-4SEP26-2900-C,2026-09-04,2900,call,0.005083,0.0048,0.0055,69.56,,,,,315.0,48.0,2425.47
2026-08-23 02:01:01,deribit,ETH,ETH-28AUG26-1200-P,2026-08-28,1200,put,1.3e-05,,0.0048,173.4,,,,,7135.0,71.0,2425.26
2026-08-23 02:01:01,deribit,ETH,ETH-4SEP26-2300-P,2026-09-04,2300,put,0.018761,0.018,0.0195,55.31,,,,,820.0,5.0,2425.41
2026-08-23 02:01:01,deribit,ETH,ETH-25SEP26-4000-C,2026-09-25,4000,call,0.001932,0.0017,0.0019,78.62,,,,,21323.0,31.0,2427.32
2026-08-23 02:01:01,deribit,ETH,ETH-25SEP26-2100-C,2026-09-25,2100,call,0.152331,0.151,0.154,56.54,,,,,5793.0,2.0,2427.32
2026-08-23 02:01:01,deribit,ETH,ETH-25DEC26-2500-P,2026-12-25,2500,put,0.139743,0.138,0.141,54.76,,,,,1348.0,3.0,2445.55
2026-08-23 02:01:01,deribit,ETH,ETH-23AUG26-1700-P,2026-08-23,1700,put,0.0,,0.0001,127.41,,,,,267.0,0.0,2422.76
2026-08-23 02:01:01,deribit,ETH,ETH-4SEP26-2100-P,2026-09-04,2100,put,0.004663,0.0044,0.0049,60.43,,,,,1414.0,60.0,2425.47
2026-08-23 02:01:01,deribit,ETH,ETH-4SEP26-2080-P,2026-09-04,2080,put,0.004111,0.0039,0.0043,61.43,,,,,769.0,10.0,2425.41
2026-08-23 02:01:01,deribit,ETH,ETH-26MAR27-4600-P,2027-03-26,4600,put,0.885772,0.8615,0.9035,59.19,,,,,0.0,0.0,2470.63
2026-08-23 02:01:01,deribit,ETH,ETH-26MAR27-3700-P,2027-03-26,3700,put,0.548657,0.5315,0.561,57.12,,,,,0.0,0.0,2470.63
2026-08-23 02:01:01,deribit,ETH,ETH-25DEC26-1700-C,2026-12-25,1700,call,0.326621,0.322,0.3325,59.45,,,,,365.0,0.0,2445.55
2026-08-23 02:01:01,deribit,ETH,ETH-26MAR27-2200-P,2027-03-26,2200,put,0.111208,0.1095,0.113,55.76,,,,,1732.0,0.0,2470.63
2026-08-23 02:01:01,deribit,ETH,ETH-30OCT26-2850-P,2026-10-30,2850,put,0.210809,0.2035,0.2175,55.6,,,,,0.0,0.0,2433.86
2026-08-23 02:01:01,deribit,ETH,ETH-26AUG26-2800-C,2026-08-26,2800,call,0.00126,0.0011,0.0015,85.19,,,,,21.0,21.0,2424.4
2026-08-23 02:01:01,deribit,ETH,ETH-23AUG26-1840-P,2026-08-23,1840,put,0.0,,0.0002,127.31,,,,,525.0,0.0,2422.7
2026-08-23 02:01:01,deribit,ETH,ETH-24AUG26-2150-C,2026-08-24,2150,call,0.112933,0.1095,0.116,80.29,,,,,0.0,0.0,2423.46
2026-08-23 02:01:01,deribit,ETH,ETH-25SEP26-6000-C,2026-09-25,6000,call,0.000237,0.0001,0.0005,102.41,,,,,3173.0,2.0,2427.26
2026-08-23 02:01:01,deribit,ETH,ETH-28AUG26-1650-P,2026-08-28,1650,put,0.000194,,0.0004,124.7,,,,,7093.0,45.0,2425.26
2026-08-23 02:01:01,deribit,ETH,ETH-4SEP26-1700-P,2026-09-04,1700,put,0.000708,0.0005,0.0009,89.07,,,,,845.0,115.0,2425.47
2026-08-23 02:01:01,deribit,ETH,ETH-4SEP26-2050-C,2026-09-04,2050,call,0.158274,0.1545,0.161,62.95,,,,,0.0,0.0,2425.41
2026-08-23 02:01:01,deribit,ETH,ETH-30OCT26-4400-P,2026-10-30,4400,put,0.81162,0.8015,0.8235,69.81,,,,,0.0,0.0,2433.79
2026-08-23 02:01:01,deribit,ETH,ETH-25DEC26-3200-P,2026-12-25,3200,put,0.352537,0.341,0.3615,56.67,,,,,261.0,0.0,2445.61
2026-08-23 02:01:01,deribit,ETH,ETH-25SEP26-5400-C,2026-09-25,5400,call,0.000368,0.0003,0.0006,95.87,,,,,1730.0,0.0,2427.32
2026-08-23 02:01:01,deribit,ETH,ETH-25DEC26-10000-C,2026-12-25,10000,call,0.000547,0.0003,0.0009,83.64,,,,,1703.0,0.0,2445.55
2026-08-23 02:01:01,deribit,ETH,ETH-25AUG26-2650-C,2026-08-25,2650,call,0.001928,0.0018,0.0022,76.65,,,,,19.0,8.0,2424.0
2026-08-23 02:01:01,deribit,ETH,ETH-28AUG26-3000-C,2026-08-28,3000,call,0.001162,0.0009,0.0015,90.76,,,,,2935.0,391.0,2425.32
2026-08-23 02:01:01,deribit,ETH,ETH-25SEP26-4800-P,2026-09-25,4800,put,0.978115,0.9695,0.9875,89.7,,,,,110.0,0.0,2427.32
2026-08-23 02:01:01,deribit,ETH,ETH-25JUN27-2800-C,2027-06-25,2800,call,0.158986,0.1565,0.1615,55.91,,,,,1200.0,0.0,2497.5
2026-08-23 02:01:01,deribit,ETH,ETH-28AUG26-2150-C,2026-08-28,2150,call,0.11564,0.112,0.1185,66.21,,,,,5199.0,2.0,2425.26
2026-08-23 02:01:01,deribit,ETH,ETH-25DEC26-5500-P,2026-12-25,5500,put,1.253397,1.2335,1.271,68.09,,,,,0.0,0.0,2445.55
2026-08-23 02:01:01,deribit,ETH,ETH-30OCT26-2350-P,2026-10-30,2350,put,0.075212,0.0745,0.076,54.04,,,,,3.0,0.0,2433.79
2026-08-23 02:01:01,deribit,ETH,ETH-23AUG26-2640-P,2026-08-23,2640,put,0.089662,0.0865,0.0925,86.19,,,,,0.0,0.0,2422.76
2026-08-23 02:01:01,deribit,ETH,ETH-23AUG26-2620-P,2026-08-23,2620,put,0.081407,0.078,0.0855,79.81,,,,,0.0,0.0,2422.76
2026-08-23 02:01:01,deribit,ETH,ETH-25SEP26-4200-C,2026-09-25,4200,call,0.001515,0.0013,0.0016,82.01,,,,,2641.0,0.0,2427.26
2026-08-23 02:01:01,deribit,ETH,ETH-23AUG26-2600-C,2026-08-23,2600,call,1e-06,,0.0001,73.82,,,,,581.0,459.0,2422.76
2026-08-23 02:01:01,deribit,ETH,ETH-28AUG26-2500-P,2026-08-28,2500,put,0.047873,0.0465,0.049,61.8,,,,,131.0,24.0,2425.26
2026-08-23 02:01:01,deribit,ETH,ETH-30OCT26-2700-P,2026-10-30,2700,put,0.163442,0.1565,0.1695,54.77,,,,,0.0,0.0,2433.86
2026-08-23 02:01:01,deribit,ETH,ETH-25AUG26-2680-P,2026-08-25,2680,put,0.107052,0.1035,0.1115,79.74,,,,,0.0,0.0,2424.06
2026-08-23 02:01:01,deribit,ETH,ETH-25JUN27-2800-P,2027-06-25,2800,put,0.280054,0.2665,0.2915,55.91,,,,,666.0,0.0,2497.5
2026-08-23 02:01:01,deribit,ETH,ETH-28AUG26-1850-P,2026-08-28,1850,put,0.000375,0.0002,0.0006,98.15,,,,,3807.0,4.0,2425.32
2026-08-23 02:01:01,deribit,ETH,ETH-25JUN27-2600-C,2027-06-25,2600,call,0.186205,0.184,0.1885,55.87,,,,,321.0,24.0,2497.5
2026-08-23 02:01:01,deribit,ETH,ETH-24AUG26-2300-P,2026-08-24,2300,put,0.000937,0.0007,0.001,58.8,,,,,806.0,251.0,2423.46
2026-08-23 02:01:01,deribit,ETH,ETH-25JUN27-1300-P,2027-06-25,1300,put,0.025891,0.0245,0.027,62.84,,,,,1674.0,0.0,2497.5
2026-08-23 02:01:01,deribit,ETH,ETH-26MAR27-5500-P,2027-03-26,5500,put,1.238625,1.209,1.2625,61.29,,,,,0.0,0.0,2470.63
2026-08-23 02:01:01,deribit,ETH,ETH-26MAR27-1400-C,2027-03-26,1400,call,0.45426,0.449,0.462,62.8,,,,,31.0,0.0,2470.63
2026-08-23 02:01:01,deribit,ETH,ETH-26AUG26-2400-C,2026-08-26,2400,call,0.027713,0.024,0.0305,59.5,,,,,0.0,0.0,2424.4
2026-08-23 02:01:01,deribit,ETH,ETH-25AUG26-2460-C,2026-08-25,2460,call,0.012619,0.012,0.013,60.57,,,,,285.0,160.0,2424.0
2026-08-23 02:01:01,deribit,ETH,ETH-25JUN27-2400-P,2027-06-25,2400,put,0.179309,0.177,0.1815,55.94,,,,,23.0,5.0,2497.56
2026-08-23 02:01:01,deribit,ETH,ETH-25AUG26-2680-C,2026-08-25,2680,call,0.001519,0.0014,0.0017,79.74,,,,,63.0,59.0,2424.0
2026-08-23 02:01:01,deribit,ETH,ETH-25SEP26-1950-C,2026-09-25,1950,call,0.205802,0.202,0.209,60.41,,,,,3752.0,0.0,2427.32
2026-08-23 02:01:01,deribit,ETH,ETH-4SEP26-1900-C,2026-09-04,1900,call,0.218281,0.215,0.221,72.96,,,,,408.0,0.0,2425.47
2026-08-23 02:01:01,deribit,ETH,ETH-28AUG26-2080-C,2026-08-28,2080,call,0.143697,0.14,0.1465,73.03,,,,,42.0,0.0,2425.32
2026-08-23 02:01:01,deribit,ETH,ETH-26MAR27-1600-P,2027-03-26,1600,put,0.033406,0.032,0.0345,59.73,,,,,1255.0,14.0,2470.63
2026-08-23 02:01:01,deribit,ETH,ETH-25JUN27-3800-C,2027-06-25,3800,call,0.07542,0.0735,0.0775,57.02,,,,,428.0,1.0,2497.5
2026-08-23 02:01:01,deribit,ETH,ETH-25AUG26-2380-C,2026-08-25,2380,call,0.028878,0.027,0.0295,59.13,,,,,68.0,0.0,2424.0
2026-08-23 02:01:01,deribit,ETH,ETH-30OCT26-1500-C,2026-10-30,1500,call,0.388745,0.3845,0.3915,68.8,,,,,50.0,0.0,2433.79
2026-08-23 02:01:01,deribit,ETH,ETH-25DEC26-2500-C,2026-12-25,2500,call,0.117503,0.116,0.119,54.76,,,,,28043.0,401.0,2445.55
2026-08-23 02:01:01,deribit,ETH,ETH-25AUG26-2800-C,2026-08-25,2800,call,0.000698,0.0005,0.0009,92.67,,,,,145.0,132.0,2424.0
2026-08-23 02:01:01,deribit,ETH,ETH-25AUG26-2260-C,2026-08-25,2260,call,0.06957,0.066,0.0725,64.46,,,,,0.0,0.0,2424.0
2026-08-23 02:01:01,deribit,ETH,ETH-30OCT26-2800-C,2026-10-30,2800,call,0.044096,0.0435,0.045,55.31,,,,,2878.0,5.0,2433.86
2026-08-23 02:01:01,deribit,ETH,ETH-26MAR27-2400-P,2027-03-26,2400,put,0.152497,0.1505,0.1545,55.53,,,,,425.0,7.0,2470.63
2026-08-23 02:01:01,deribit,ETH,ETH-28AUG26-2350-C,2026-08-28,2350,call,0.046007,0.0445,0.047,58.92,,,,,6411.0,1665.0,2425.26
2026-08-23 02:01:01,deribit,ETH,ETH-28AUG26-1550-P,2026-08-28,1550,put,0.000184,,0.0003,142.25,,,,,6122.0,28.0,2425.32
2026-08-23 02:01:01,deribit,ETH,ETH-26AUG26-2420-C,2026-08-26,2420,call,0.02342,0.0225,0.024,59.74,,,,,0.0,0.0,2424.4
2026-08-23 02:01:01,deribit,ETH,ETH-25DEC26-6000-P,2026-12-25,6000,put,1.456614,1.4345,1.4755,70.44,,,,,0.0,0.0,2445.55
2026-08-23 02:01:01,deribit,ETH,ETH-26AUG26-2360-P,2026-08-26,2360,put,0.011169,0.0105,0.012,59.15,,,,,0.0,0.0,2424.4
2026-08-23 02:01:01,deribit,ETH,ETH-26MAR27-1700-C,2027-03-26,1700,call,0.353765,0.347,0.3625,58.58,,,,,1261.0,25.0,2470.63
2026-08-23 02:01:01,deribit,ETH,ETH-25AUG26-2150-C,2026-08-25,2150,call,0.113602,0.11,0.1165,77.03,,,,,0.0,0.0,2424.0
2026-08-23 02:01:01,deribit,ETH,ETH-25JUN27-1000-P,2027-06-25,1000,put,0.012613,0.0115,0.0135,68.87,,,,,4751.0,1.0,2497.5
2026-08-23 02:01:01,deribit,ETH,ETH-23AUG26-2040-C,2026-08-23,2040,call,0.157989,0.1545,0.1605,126.87,,,,,509.0,0.0,2422.76
2026-08-23 02:01:01,deribit,ETH,ETH-25AUG26-2640-C,2026-08-25,2640,call,0.002092,0.002,0.0024,75.61,,,,,0.0,0.0,2424.0
2026-08-23 02:01:01,deribit,ETH,ETH-23AUG26-2160-P,2026-08-23,2160,put,0.0,,0.0001,86.06,,,,,135.0,2.0,2422.7
2026-08-23 02:01:01,deribit,ETH,ETH-25AUG26-2150-P,2026-08-25,2150,put,0.000503,0.0004,0.0007,77.03,,,,,13.0,7.0,2424.06
2026-08-23 02:01:01,deribit,ETH,ETH-25SEP26-2000-P,2026-09-25,2000,put,0.011256,0.0105,0.012,58.87,,,,,17483.0,269.0,2427.32
2026-08-23 02:01:01,deribit,ETH,ETH-28AUG26-3800-P,2026-08-28,3800,put,0.566846,0.562,0.573,125.31,,,,,0.0,0.0,2425.32
2026-08-23 02:01:01,deribit,ETH,ETH-23AUG26-2180-P,2026-08-23,2180,put,0.0,,0.0001,83.31,,,,,149.0,17.0,2422.76
2026-08-23 02:01:01,deribit,ETH,ETH-30OCT26-2550-P,2026-10-30,2550,put,0.121245,0.1195,0.1225,54.2,,,,,5.0,5.0,2433.79
2026-08-23 02:01:01,deribit,ETH,ETH-23AUG26-1940-C,2026-08-23,1940,call,0.199264,0.196,0.202,127.31,,,,,196.0,0.0,2422.76
2026-08-23 02:01:01,deribit,ETH,ETH-25DEC26-1400-P,2026-12-25,1400,put,0.009315,0.0085,0.01,65.75,,,,,13697.0,2.0,2445.55
2026-08-23 02:01:01,deribit,ETH,ETH-30OCT26-2000-C,2026-10-30,2000,call,0.204485,0.2,0.2085,56.4,,,,,759.0,1.0,2433.79
2026-08-23 02:01:01,deribit,ETH,ETH-28AUG26-1900-C,2026-08-28,1900,call,0.217039,0.214,0.2195,91.01,,,,,7438.0,0.0,2425.32
2026-08-23 02:01:01,deribit,ETH,ETH-24AUG26-2560-P,2026-08-24,2560,put,0.057819,0.054,0.062,67.18,,,,,20.0,20.0,2423.46
2026-08-23 02:01:01,deribit,ETH,ETH-4SEP26-1800-C,2026-09-04,1800,call,0.258951,0.256,0.2615,80.56,,,,,32.0,0.0,2425.47
2026-08-23 02:01:01,deribit,ETH,ETH-28AUG26-2300-C,2026-08-28,2300,call,0.060815,0.0595,0.062,59.26,,,,,6072.0,82.0,2425.26
2026-08-23 02:01:01,deribit,ETH,ETH-25SEP26-1800-P,2026-09-25,1800,put,0.004932,0.0046,0.0048,65.81,,,,,11475.0,20.0,2427.32
2026-08-23 02:01:01,deribit,ETH,ETH-25DEC26-9000-P,2026-12-25,9000,put,2.680792,2.643,2.7115,80.47,,,,,0.0,0.0,2445.55
2026-08-23 02:01:01,deribit,ETH,ETH-25JUN27-3600-C,2027-06-25,3600,call,0.086822,0.085,0.089,56.7,,,,,116.0,0.0,2497.56
2026-08-23 02:01:01,deribit,ETH,ETH-24AUG26-2800-P,2026-08-24,2800,put,0.155443,0.152,0.16,95.65,,,,,0.0,0.0,2423.46
2026-08-23 02:01:01,deribit,ETH,ETH-25JUN27-4800-C,2027-06-25,4800,call,0.03958,0.038,0.0415,58.7,,,,,20.0,20.0,2497.5
2026-08-23 02:01:01,deribit,ETH,ETH-25JUN27-4000-P,2027-06-25,4000,put,0.667322,0.646,0.682,57.35,,,,,0.0,0.0,2497.5
2026-08-23 02:01:01,deribit,ETH,ETH-23AUG26-2540-C,2026-08-23,2540,call,2e-05,,0.0002,67.44,,,,,1668.0,2142.0,2422.7
2026-08-23 02:01:01,deribit,ETH,ETH-25DEC26-4600-C,2026-12-25,4600,call,0.008999,0.0085,0.0095,63.42,,,,,10851.0,0.0,2445.55
2026-08-23 02:01:01,deribit,ETH,ETH-24AUG26-2700-C,2026-08-24,2700,call,0.000274,0.0001,0.0004,84.86,,,,,817.0,225.0,2423.46
2026-08-23 02:01:01,deribit,ETH,ETH-25DEC26-10000-P,2026-12-25,10000,put,3.089506,3.043,3.126,83.64,,,,,0.0,0.0,2445.55
2026-08-23 02:01:01,deribit,ETH,ETH-24AUG26-2220-C,2026-08-24,2220,call,0.084179,0.0815,0.087,69.07,,,,,0.0,0.0,2423.4
2026-08-23 02:01:01,deribit,ETH,ETH-4SEP26-1950-C,2026-09-04,1950,call,0.198087,0.1945,0.201,69.36,,,,,3308.0,0.0,2425.41
2026-08-23 02:01:01,deribit,ETH,ETH-26MAR27-3200-P,2027-03-26,3200,put,0.376835,0.362,0.3885,56.12,,,,,20.0,0.0,2470.63
2026-08-23 02:01:01,deribit,ETH,ETH-26MAR27-2600-C,2027-03-26,2600,call,0.148169,0.1465,0.15,55.48,,,,,3209.0,0.0,2470.63
2026-08-23 02:01:01,deribit,ETH,ETH-25SEP26-2500-C,2026-09-25,2500,call,0.052077,0.0515,0.053,54.03,,,,,25253.0,94.0,2427.26
2026-08-23 02:01:01,deribit,ETH,ETH-25JUN27-3300-P,2027-06-25,3300,put,0.429467,0.411,0.444,56.31,,,,,0.0,0.0,2497.5
2026-08-23 02:01:01,deribit,ETH,ETH-25AUG26-2000-C,2026-08-25,2000,call,0.175174,0.172,0.178,102.11,,,,,0.0,0.0,2424.06
2026-08-23 02:01:01,deribit,ETH,ETH-24AUG26-2680-C,2026-08-24,2680,call,0.00036,0.0002,0.0006,83.11,,,,,1.0,1.0,2423.46
2026-08-23 02:01:01,deribit,ETH,ETH-25JUN27-1700-C,2027-06-25,1700,call,0.378701,0.3715,0.387,58.2,,,,,673.0,0.0,2497.56
2026-08-23 02:01:01,deribit,ETH,ETH-25SEP26-2600-P,2026-09-25,2600,put,0.109404,0.108,0.111,54.64,,,,,8432.0,1.0,2427.32
2026-08-23 02:01:01,deribit,ETH,ETH-11SEP26-2600-C,2026-09-11,2600,call,0.024939,0.0245,0.0255,56.22,,,,,962.0,93.0,2426.01
2026-08-23 02:01:01,deribit,ETH,ETH-26AUG26-2400-P,2026-08-26,2400,put,0.017576,0.017,0.018,59.5,,,,,0.0,0.0,2424.47
2026-08-23 02:01:01,deribit,ETH,ETH-28AUG26-2300-P,2026-08-28,2300,put,0.009124,0.0085,0.0095,59.26,,,,,2932.0,613.0,2425.32
2026-08-23 02:01:01,deribit,ETH,ETH-26AUG26-2500-C,2026-08-26,2500,call,0.0115,0.011,0.012,62.54,,,,,27.0,27.0,2424.47
2026-08-23 02:01:01,deribit,ETH,ETH-23AUG26-2650-P,2026-08-23,2650,put,0.09379,0.0905,0.098,89.02,,,,,0.0,0.0,2422.7
2026-08-23 02:01:01,deribit,ETH,ETH-30OCT26-3800-C,2026-10-30,3800,call,0.007909,0.0075,0.0085,64.19,,,,,17.0,1.0,2433.86
2026-08-23 02:01:01,deribit,ETH,ETH-24AUG26-2480-C,2026-08-24,2480,call,0.005056,0.0048,0.0055,57.87,,,,,69.0,58.0,2423.46
2026-08-23 02:01:01,deribit,ETH,ETH-25DEC26-8000-C,2026-12-25,8000,call,0.001098,0.0008,0.0015,77.52,,,,,2874.0,0.0,2445.61
2026-08-23 02:01:01,deribit,ETH,ETH-25JUN27-1600-P,2027-06-25,1600,put,0.048877,0.047,0.0505,59.06,,,,,1977.0,9.0,2497.5
2026-08-23 02:01:01,deribit,ETH,ETH-23AUG26-2550-P,2026-08-23,2550,put,0.052525,0.049,0.0555,67.95,,,,,1.0,0.0,2422.7
2026-08-23 02:01:01,deribit,ETH,ETH-30OCT26-1900-C,2026-10-30,1900,call,0.238069,0.2335,0.243,57.9,,,,,275.0,0.0,2433.86
2026-08-23 02:01:01,deribit,ETH,ETH-23AUG26-2480-P,2026-08-23,2480,put,0.023933,0.02,0.028,54.7,,,,,63.0,43.0,2422.7
2026-08-23 02:01:01,deribit,ETH,ETH-25DEC26-3100-P,2026-12-25,3100,put,0.31806,0.3085,0.327,56.28,,,,,0.0,0.0,2445.61
2026-08-23 02:01:01,deribit,ETH,ETH-26MAR27-3800-C,2027-03-26,3800,call,0.046751,0.0455,0.048,57.34,,,,,1282.0,10.0,2470.63
2026-08-23 02:01:01,deribit,ETH,ETH-28AUG26-2450-P,2026-08-28,2450,put,0.03435,0.0335,0.0355,60.3,,,,,566.0,138.0,2425.32
2026-08-23 02:01:01,deribit,ETH,ETH-23AUG26-2380-P,2026-08-23,2380,put,0.000566,0.0004,0.0006,51.23,,,,,376.0,406.0,2422.7
2026-08-23 02:01:01,deribit,ETH,ETH-25AUG26-2460-P,2026-08-25,2460,put,0.027399,0.0265,0.029,60.57,,,,,16.0,1.0,2424.0
2026-08-23 02:01:01,deribit,ETH,ETH-26MAR27-2300-P,2027-03-26,2300,put,0.130924,0.129,0.1325,55.6,,,,,1594.0,0.0,2470.63
2026-08-23 02:01:01,deribit,ETH,ETH-26MAR27-1700-P,2027-03-26,1700,put,0.041818,0.0405,0.043,58.58,,,,,1576.0,1.0,2470.63
2026-08-23 02:01:01,deribit,ETH,ETH-26AUG26-2320-P,2026-08-26,2320,put,0.006849,0.0065,0.0075,59.77,,,,,0.0,0.0,2424.4
2026-08-23 02:01:01,deribit,ETH,ETH-26AUG26-2280-C,2026-08-26,2280,call,0.0637,0.06,0.067,60.97,,,,,0.0,0.0,2424.47
2026-08-23 02:01:01,deribit,ETH,ETH-24AUG26-2000-C,2026-08-24,2000,call,0.174768,0.1725,0.1775,107.09,,,,,0.0,0.0,2423.46
2026-08-23 02:01:01,deribit,ETH,ETH-23AUG26-2700-P,2026-08-23,2700,put,0.114427,0.111,0.1185,94.88,,,,,0.0,0.0,2422.7
2026-08-23 02:01:01,deribit,ETH,ETH-25DEC26-1900-C,2026-12-25,1900,call,0.260463,0.2555,0.266,56.88,,,,,3876.0,51.0,2445.55
2026-08-23 02:01:01,deribit,ETH,ETH-11SEP26-2250-P,2026-09-11,2250,put,0.02021,0.0195,0.021,54.44,,,,,474.0,3.0,2425.95
2026-08-23 02:01:01,deribit,ETH,ETH-30OCT26-2450-C,2026-10-30,2450,call,0.08984,0.089,0.091,53.92,,,,,233.0,30.0,2433.79
2026-08-23 02:01:01,deribit,ETH,ETH-4SEP26-1750-P,2026-09-04,1750,put,0.000822,0.0006,0.0011,84.42,,,,,730.0,0.0,2425.47
2026-08-23 02:01:01,deribit,ETH,ETH-11SEP26-2800-P,2026-09-11,2800,put,0.165923,0.1615,0.171,60.65,,,,,0.0,0.0,2426.01
2026-08-23 02:01:01,deribit,ETH,ETH-24AUG26-2160-P,2026-08-24,2160,put,8e-05,,0.0003,77.92,,,,,13.0,7.0,2423.46
2026-08-23 02:01:01,deribit,ETH,ETH-28AUG26-1750-C,2026-08-28,1750,call,0.278691,0.276,0.281,109.35,,,,,4111.0,0.0,2425.32
2026-08-23 02:01:01,deribit,ETH,ETH-11SEP26-2200-P,2026-09-11,2200,put,0.015175,0.0145,0.016,55.1,,,,,1348.0,5.0,2425.95
2026-08-23 02:01:01,deribit,ETH,ETH-24AUG26-2800-C,2026-08-24,2800,call,9.4e-05,,0.0003,95.65,,,,,1184.0,1534.0,2423.46
2026-08-23 02:01:01,deribit,ETH,ETH-30OCT26-1750-P,2026-10-30,1750,put,0.011297,0.011,0.012,61.09,,,,,776.0,13.0,2433.79
2026-08-23 02:01:01,deribit,ETH,ETH-23AUG26-2000-C,2026-08-23,2000,call,0.174499,0.172,0.177,127.31,,,,,65.0,0.0,2422.76
2026-08-23 02:01:01,deribit,ETH,ETH-25DEC26-1700-P,2026-12-25,1700,put,0.021744,0.021,0.0225,59.45,,,,,13997.0,1.0,2445.61
2026-08-23 02:01:01,deribit,ETH,ETH-30OCT26-1500-P,2026-10-30,1500,put,0.005053,0.0046,0.0055,68.8,,,,,2617.0,2.0,2433.79
2026-08-23 02:01:01,deribit,ETH,ETH-23AUG26-2280-P,2026-08-23,2280,put,1e-06,,0.0001,67.12,,,,,318.0,9.0,2422.7
2026-08-23 02:01:01,deribit,ETH,ETH-4SEP26-2200-P,2026-09-04,2200,put,0.009313,0.009,0.01,56.91,,,,,1583.0,28.0,2425.47
2026-08-23 02:01:01,deribit,ETH,ETH-25AUG26-2440-C,2026-08-25,2440,call,0.015724,0.015,0.0165,59.87,,,,,2.0,2.0,2424.0
2026-08-23 02:01:01,deribit,ETH,ETH-11SEP26-2000-C,2026-09-11,2000,call,0.180517,0.1765,0.184,61.11,,,,,4.0,0.0,2425.95
2026-08-23 02:01:01,deribit,ETH,ETH-25DEC26-6000-C,2026-12-25,6000,call,0.003238,0.0029,0.0037,70.44,,,,,10401.0,0.0,2445.61
2026-08-23 02:01:01,deribit,ETH,ETH-30OCT26-2800-P,2026-10-30,2800,put,0.194536,0.1875,0.202,55.31,,,,,10.0,10.0,2433.79
2026-08-23 02:01:01,deribit,ETH,ETH-23AUG26-2480-C,2026-08-23,2480,call,0.000311,,0.0005,54.7,,,,,321.0,101.0,2422.76
2026-08-23 02:01:01,deribit,ETH,ETH-11SEP26-2600-P,2026-09-11,2600,put,0.096657,0.095,0.0985,56.22,,,,,0.0,0.0,2426.01
2026-08-23 02:01:01,deribit,ETH,ETH-28AUG26-1100-C,2026-08-28,1100,call,0.546463,0.5445,0.5485,173.4,,,,,204.0,0.0,2425.26
2026-08-23 02:01:01,deribit,ETH,ETH-26AUG26-2220-C,2026-08-26,2220,call,0.086314,0.0825,0.0895,64.66,,,,,0.0,0.0,2424.4
2026-08-23 02:01:01,deribit,ETH,ETH-26AUG26-2600-C,2026-08-26,2600,call,0.004894,0.0046,0.0055,69.09,,,,,2.0,2.0,2424.4
2026-08-23 02:01:01,deribit,ETH,ETH-25JUN27-800-C,2027-06-25,800,call,0.686772,0.6825,0.692,74.03,,,,,118.0,0.0,2497.5
