snapshot_utc,exchange,underlying,instrument,expiry,strike,type,mark_price,bid,ask,mark_iv,delta,gamma,vega,theta,open_interest,volume_24h,underlying_price
2026-08-20 01:53:12,deribit,BTC,BTC-23AUG26-71000-C,2026-08-23,71000,call,0.00597812,0.0055,0.0065,34.78,,,,,117.9,119.3,69709.53
2026-08-20 01:53:12,deribit,BTC,BTC-25JUN27-68000-P,2027-06-25,68000,put,0.12602838,0.125,0.127,43.4,,,,,9.6,0.3,72248.69
2026-08-20 01:53:12,deribit,BTC,BTC-25DEC26-85000-P,2026-12-25,85000,put,0.23268698,0.23,0.2345,39.48,,,,,547.1,2.6,70754.81
2026-08-20 01:53:12,deribit,BTC,BTC-22AUG26-66500-C,2026-08-22,66500,call,0.04688241,0.0455,0.048,40.74,,,,,5.7,3.1,69702.68
2026-08-20 01:53:12,deribit,BTC,BTC-25DEC26-84000-P,2026-12-25,84000,put,0.22118975,0.219,0.2235,39.46,,,,,47.1,0.1,70754.81
2026-08-20 01:53:12,deribit,BTC,BTC-22AUG26-60000-P,2026-08-22,60000,put,4.406e-05,,0.0001,69.11,,,,,10.8,1.7,69702.11
2026-08-20 01:53:12,deribit,BTC,BTC-30OCT26-70000-C,2026-10-30,70000,call,0.06778331,0.067,0.068,37.52,,,,,651.7,225.9,70255.76
2026-08-20 01:53:12,deribit,BTC,BTC-30OCT26-86000-C,2026-10-30,86000,call,0.0094904,0.009,0.0095,37.12,,,,,12.2,1.3,70255.76
2026-08-20 01:53:12,deribit,BTC,BTC-23AUG26-64500-C,2026-08-23,64500,call,0.07508237,0.072,0.079,42.57,,,,,2.0,2.1,69709.53
2026-08-20 01:53:12,deribit,BTC,BTC-22AUG26-58000-P,2026-08-22,58000,put,9.96e-06,,0.0001,73.21,,,,,0.5,0.4,69702.11
2026-08-20 01:53:12,deribit,BTC,BTC-25SEP26-84000-P,2026-09-25,84000,put,0.20389968,0.202,0.206,38.84,,,,,34.7,0.0,70007.07
2026-08-20 01:53:12,deribit,BTC,BTC-23AUG26-62000-P,2026-08-23,62000,put,0.00017844,0.0001,0.0003,54.04,,,,,9.9,11.9,69709.53
2026-08-20 01:53:12,deribit,BTC,BTC-26MAR27-180000-P,2027-03-26,180000,put,1.52015879,1.494,1.5395,49.74,,,,,0.0,0.0,71473.59
2026-08-20 01:53:12,deribit,BTC,BTC-25JUN27-72000-C,2027-06-25,72000,call,0.15776263,0.157,0.159,42.85,,,,,84.8,0.4,72249.34
2026-08-20 01:53:12,deribit,BTC,BTC-4SEP26-69000-P,2026-09-04,69000,put,0.02292572,0.0225,0.0235,35.08,,,,,104.3,104.3,69822.84
2026-08-20 01:53:12,deribit,BTC,BTC-23AUG26-62000-C,2026-08-23,62000,call,0.11073114,0.108,0.1145,54.04,,,,,0.0,0.0,69709.53
2026-08-20 01:53:12,deribit,BTC,BTC-23AUG26-75000-P,2026-08-23,75000,put,0.07685432,0.071,0.08,46.58,,,,,0.0,0.0,69710.02
2026-08-20 01:53:12,deribit,BTC,BTC-25JUN27-110000-P,2027-06-25,110000,put,0.55534871,0.551,0.5585,41.85,,,,,0.3,0.0,72248.69
2026-08-20 01:53:12,deribit,BTC,BTC-25SEP26-150000-C,2026-09-25,150000,call,0.0001127,0.0001,0.0002,79.07,,,,,736.4,0.9,70007.56
2026-08-20 01:53:12,deribit,BTC,BTC-23AUG26-57000-C,2026-08-23,57000,call,0.18230966,0.179,0.186,72.07,,,,,0.0,0.0,69710.02
2026-08-20 01:53:12,deribit,BTC,BTC-25SEP26-165000-P,2026-09-25,165000,put,1.35693225,1.3405,1.367,81.61,,,,,0.0,0.0,70007.07
2026-08-20 01:53:12,deribit,BTC,BTC-25SEP26-60000-C,2026-09-25,60000,call,0.15030085,0.149,0.152,41.97,,,,,855.7,14.6,70007.07
2026-08-20 01:53:12,deribit,BTC,BTC-25SEP26-110000-P,2026-09-25,110000,put,0.57177341,0.569,0.575,58.21,,,,,116.1,0.0,70007.07
2026-08-20 01:53:12,deribit,BTC,BTC-21AUG26-60000-C,2026-08-21,60000,call,0.13900391,0.137,0.1405,91.43,,,,,1.0,0.0,69687.07
2026-08-20 01:53:12,deribit,BTC,BTC-28AUG26-66000-C,2026-08-28,66000,call,0.05825218,0.0575,0.0595,36.62,,,,,1359.0,217.7,69758.86
2026-08-20 01:53:12,deribit,BTC,BTC-25DEC26-130000-C,2026-12-25,130000,call,0.00180916,0.0016,0.0021,46.8,,,,,1583.2,1.7,70754.81
2026-08-20 01:53:12,deribit,BTC,BTC-25SEP26-240000-C,2026-09-25,240000,call,8e-08,,0.0002,81.61,,,,,220.0,10.0,70007.07
2026-08-20 01:53:12,deribit,BTC,BTC-26MAR27-92000-C,2027-03-26,92000,call,0.04199203,0.041,0.043,40.52,,,,,126.4,0.2,71473.59
2026-08-20 01:53:12,deribit,BTC,BTC-25JUN27-58000-P,2027-06-25,58000,put,0.07061477,0.0695,0.0715,45.49,,,,,69.3,4.4,72249.34
2026-08-20 01:53:12,deribit,BTC,BTC-21AUG26-64500-P,2026-08-21,64500,put,0.00014162,0.0001,0.0002,58.69,,,,,140.0,50.7,69687.07
2026-08-20 01:53:12,deribit,BTC,BTC-26MAR27-96000-P,2027-03-26,96000,put,0.37694503,0.3725,0.3795,40.62,,,,,1.6,0.0,71473.59
2026-08-20 01:53:12,deribit,BTC,BTC-4SEP26-73000-C,2026-09-04,73000,call,0.01206696,0.0115,0.0125,35.24,,,,,577.0,630.0,69822.84
2026-08-20 01:53:12,deribit,BTC,BTC-30OCT26-88000-C,2026-10-30,88000,call,0.00744608,0.007,0.008,37.54,,,,,24.2,17.6,70255.76
2026-08-20 01:53:12,deribit,BTC,BTC-28AUG26-64000-P,2026-08-28,64000,put,0.00187233,0.0017,0.002,39.52,,,,,886.9,341.6,69758.35
2026-08-20 01:53:12,deribit,BTC,BTC-23AUG26-65500-C,2026-08-23,65500,call,0.06097603,0.057,0.065,38.6,,,,,6.1,6.1,69709.53
2026-08-20 01:53:12,deribit,BTC,BTC-30OCT26-62000-C,2026-10-30,62000,call,0.14186847,0.141,0.143,40.76,,,,,13.5,0.0,70255.76
2026-08-20 01:53:12,deribit,BTC,BTC-25SEP26-115000-P,2026-09-25,115000,put,0.64307397,0.64,0.6465,61.23,,,,,94.2,2.3,70007.07
2026-08-20 01:53:12,deribit,BTC,BTC-25JUN27-74000-C,2027-06-25,74000,call,0.14572937,0.145,0.147,42.67,,,,,18.0,4.2,72248.69
2026-08-20 01:53:12,deribit,BTC,BTC-25JUN27-68000-C,2027-06-25,68000,call,0.18479641,0.184,0.186,43.4,,,,,11.4,1.9,72248.69
2026-08-20 01:53:12,deribit,BTC,BTC-25SEP26-75000-C,2026-09-25,75000,call,0.01921656,0.019,0.0195,35.68,,,,,3559.3,1457.4,70007.07
2026-08-20 01:53:12,deribit,BTC,BTC-28AUG26-83000-P,2026-08-28,83000,put,0.19049158,0.1885,0.193,55.41,,,,,0.1,0.0,69758.86
2026-08-20 01:53:12,deribit,BTC,BTC-4SEP26-76000-P,2026-09-04,76000,put,0.09374754,0.0915,0.0955,37.2,,,,,0.0,0.0,69822.84
2026-08-20 01:53:12,deribit,BTC,BTC-26MAR27-65000-P,2027-03-26,65000,put,0.08547579,0.0845,0.086,42.87,,,,,651.5,0.6,71473.59
2026-08-20 01:53:12,deribit,BTC,BTC-30OCT26-57000-C,2026-10-30,57000,call,0.20153721,0.2,0.2035,44.32,,,,,0.1,0.1,70255.76
2026-08-20 01:53:12,deribit,BTC,BTC-25DEC26-210000-C,2026-12-25,210000,call,0.00021211,0.0001,0.0007,60.87,,,,,151.7,0.0,70754.81
2026-08-20 01:53:12,deribit,BTC,BTC-25DEC26-92000-C,2026-12-25,92000,call,0.01786105,0.0175,0.018,39.93,,,,,263.1,2.1,70754.81
2026-08-20 01:53:12,deribit,BTC,BTC-25SEP26-240000-P,2026-09-25,240000,put,2.42820126,2.4005,2.4435,81.61,,,,,0.0,0.0,70007.07
2026-08-20 01:53:12,deribit,BTC,BTC-23AUG26-70000-P,2026-08-23,70000,put,0.01492397,0.0145,0.0155,33.66,,,,,20.0,20.0,69709.53
2026-08-20 01:53:12,deribit,BTC,BTC-20AUG26-63500-P,2026-08-20,63500,put,1.4e-07,,0.0001,87.04,,,,,231.1,203.0,69674.36
2026-08-20 01:53:12,deribit,BTC,BTC-22AUG26-62500-C,2026-08-22,62500,call,0.10342333,0.101,0.107,59.03,,,,,0.1,0.0,69702.11
2026-08-20 01:53:12,deribit,BTC,BTC-4SEP26-78000-C,2026-09-04,78000,call,0.00311503,0.0029,0.0033,38.85,,,,,24.3,24.6,69822.84
2026-08-20 01:53:12,deribit,BTC,BTC-26MAR27-90000-C,2027-03-26,90000,call,0.04690595,0.046,0.048,40.51,,,,,504.2,26.4,71473.59
2026-08-20 01:53:12,deribit,BTC,BTC-20AUG26-64000-C,2026-08-20,64000,call,0.08139507,0.08,0.083,87.03,,,,,85.9,70.0,69673.79
2026-08-20 01:53:12,deribit,BTC,BTC-25DEC26-86000-C,2026-12-25,86000,call,0.02884971,0.0285,0.029,39.51,,,,,309.7,70.2,70754.81
2026-08-20 01:53:12,deribit,BTC,BTC-25SEP26-95000-P,2026-09-25,95000,put,0.35819845,0.3555,0.3605,46.78,,,,,147.7,0.1,70007.07
2026-08-20 01:53:12,deribit,BTC,BTC-20AUG26-56000-C,2026-08-20,56000,call,0.19622017,0.194,0.1995,87.31,,,,,0.0,0.0,69674.36
2026-08-20 01:53:12,deribit,BTC,BTC-25JUN27-90000-P,2027-06-25,90000,put,0.32048359,0.317,0.323,41.68,,,,,0.4,0.0,72248.69
2026-08-20 01:53:12,deribit,BTC,BTC-30OCT26-68000-P,2026-10-30,68000,put,0.05117145,0.0505,0.0515,38.1,,,,,29.7,25.4,70255.76
2026-08-20 01:53:12,deribit,BTC,BTC-21AUG26-72000-C,2026-08-21,72000,call,0.00165714,0.0015,0.0018,47.36,,,,,1834.9,996.9,69687.07
2026-08-20 01:53:12,deribit,BTC,BTC-26MAR27-160000-P,2027-03-26,160000,put,1.24129408,1.22,1.263,47.27,,,,,0.0,0.0,71474.17
2026-08-20 01:53:12,deribit,BTC,BTC-25DEC26-74000-C,2026-12-25,74000,call,0.07478401,0.0745,0.0755,39.94,,,,,144.5,33.1,70755.24
2026-08-20 01:53:12,deribit,BTC,BTC-25SEP26-58000-P,2026-09-25,58000,put,0.00518908,0.005,0.0055,44.24,,,,,1468.4,294.3,70007.07
2026-08-20 01:53:12,deribit,BTC,BTC-25DEC26-54000-C,2026-12-25,54000,call,0.25800686,0.256,0.26,47.11,,,,,33.1,0.0,70755.24
2026-08-20 01:53:12,deribit,BTC,BTC-25DEC26-200000-C,2026-12-25,200000,call,0.00023368,0.0002,0.0009,58.98,,,,,958.9,0.0,70755.24
2026-08-20 01:53:12,deribit,BTC,BTC-25SEP26-320000-C,2026-09-25,320000,call,0.0,,0.0001,85.42,,,,,276.6,0.0,70007.07
2026-08-20 01:53:12,deribit,BTC,BTC-20AUG26-62000-C,2026-08-20,62000,call,0.1101009,0.1075,0.115,87.31,,,,,0.0,0.0,69673.79
2026-08-20 01:53:12,deribit,BTC,BTC-25JUN27-72000-P,2027-06-25,72000,put,0.15436119,0.153,0.1555,42.85,,,,,1.4,2.1,72248.69
2026-08-20 01:53:12,deribit,BTC,BTC-21AUG26-64000-P,2026-08-21,64000,put,8.851e-05,0.0001,0.0002,60.15,,,,,207.5,44.9,69687.07
2026-08-20 01:53:12,deribit,BTC,BTC-21AUG26-65500-C,2026-08-21,65500,call,0.06021588,0.059,0.0615,50.05,,,,,163.2,79.3,69687.07
2026-08-20 01:53:12,deribit,BTC,BTC-25DEC26-45000-C,2026-12-25,45000,call,0.37334833,0.3715,0.375,54.76,,,,,54.3,0.0,70754.81
2026-08-20 01:53:12,deribit,BTC,BTC-21AUG26-58000-C,2026-08-21,58000,call,0.16767733,0.166,0.1695,98.97,,,,,0.0,0.0,69687.07
2026-08-20 01:53:12,deribit,BTC,BTC-25JUN27-70000-C,2027-06-25,70000,call,0.17084366,0.17,0.172,43.11,,,,,193.7,1.3,72248.69
2026-08-20 01:53:12,deribit,BTC,BTC-21AUG26-61000-C,2026-08-21,61000,call,0.12466148,0.1235,0.126,83.77,,,,,11.6,2.0,69687.55
2026-08-20 01:53:12,deribit,BTC,BTC-25DEC26-68000-P,2026-12-25,68000,put,0.07633686,0.0755,0.077,41.02,,,,,471.4,78.5,70754.81
2026-08-20 01:53:12,deribit,BTC,BTC-25DEC26-115000-P,2026-12-25,115000,put,0.62919554,0.6255,0.6325,43.71,,,,,5.0,4.3,70754.81
2026-08-20 01:53:12,deribit,BTC,BTC-26MAR27-98000-P,2027-03-26,98000,put,0.4014068,0.3975,0.4045,40.66,,,,,0.2,0.0,71473.59
2026-08-20 01:53:12,deribit,BTC,BTC-28AUG26-100000-P,2026-08-28,100000,put,0.43374749,0.431,0.436,87.93,,,,,0.5,0.0,69758.86
2026-08-20 01:53:12,deribit,BTC,BTC-25JUN27-78000-P,2027-06-25,78000,put,0.20340114,0.201,0.205,42.3,,,,,0.4,0.0,72249.34
2026-08-20 01:53:12,deribit,BTC,BTC-30OCT26-48000-P,2026-10-30,48000,put,0.00441671,0.0042,0.0047,53.55,,,,,180.5,9.1,70255.76
2026-08-20 01:53:12,deribit,BTC,BTC-25SEP26-84000-C,2026-09-25,84000,call,0.00402927,0.0039,0.0043,38.84,,,,,1717.2,76.2,70007.56
2026-08-20 01:53:12,deribit,BTC,BTC-4SEP26-61000-P,2026-09-04,61000,put,0.00211618,0.002,0.0023,42.59,,,,,133.4,25.8,69822.84
2026-08-20 01:53:12,deribit,BTC,BTC-25DEC26-102000-P,2026-12-25,102000,put,0.45018862,0.447,0.453,41.29,,,,,7.8,0.0,70754.81
2026-08-20 01:53:12,deribit,BTC,BTC-25JUN27-120000-C,2027-06-25,120000,call,0.02239225,0.0215,0.0235,42.3,,,,,216.2,31.6,72249.34
2026-08-20 01:53:12,deribit,BTC,BTC-23AUG26-76000-P,2026-08-23,76000,put,0.0909573,0.0865,0.0945,50.22,,,,,0.0,0.0,69710.02
2026-08-20 01:53:12,deribit,BTC,BTC-25SEP26-165000-C,2026-09-25,165000,call,4.394e-05,,0.0002,81.61,,,,,184.2,0.0,70007.07
2026-08-20 01:53:12,deribit,BTC,BTC-28AUG26-98000-P,2026-08-28,98000,put,0.40509937,0.4025,0.4075,84.8,,,,,0.0,0.0,69758.86
2026-08-20 01:53:12,deribit,BTC,BTC-25SEP26-65000-P,2026-09-25,65000,put,0.0187902,0.0185,0.019,37.96,,,,,691.7,170.4,70007.07
2026-08-20 01:53:12,deribit,BTC,BTC-21AUG26-67500-C,2026-08-21,67500,call,0.03224117,0.0305,0.034,39.74,,,,,0.0,0.0,69687.07
2026-08-20 01:53:12,deribit,BTC,BTC-26MAR27-170000-P,2027-03-26,170000,put,1.38064383,1.355,1.3985,48.52,,,,,0.1,0.0,71473.59
2026-08-20 01:53:12,deribit,BTC,BTC-25SEP26-160000-P,2026-09-25,160000,put,1.28553543,1.275,1.2965,81.61,,,,,0.6,0.0,70007.07
2026-08-20 01:53:12,deribit,BTC,BTC-25SEP26-80000-P,2026-09-25,80000,put,0.15042071,0.1485,0.153,36.8,,,,,611.1,2.5,70007.07
2026-08-20 01:53:12,deribit,BTC,BTC-21AUG26-56000-P,2026-08-21,56000,put,1.02e-06,,0.0001,98.97,,,,,123.0,1.0,69687.07
2026-08-20 01:53:12,deribit,BTC,BTC-25SEP26-180000-C,2026-09-25,180000,call,1.194e-05,,0.0004,81.61,,,,,749.8,5.1,70007.07
2026-08-20 01:53:12,deribit,BTC,BTC-26MAR27-90000-P,2027-03-26,90000,put,0.30617082,0.303,0.3085,40.51,,,,,14.1,0.0,71474.17
2026-08-20 01:53:12,deribit,BTC,BTC-30OCT26-80000-P,2026-10-30,80000,put,0.15900443,0.1565,0.1615,36.4,,,,,0.7,0.0,70255.76
2026-08-20 01:53:12,deribit,BTC,BTC-26MAR27-54000-P,2027-03-26,54000,put,0.03837651,0.0375,0.039,46.4,,,,,85.0,15.1,71473.59
2026-08-20 01:53:12,deribit,BTC,BTC-20AUG26-64500-P,2026-08-20,64500,put,2.3e-06,,0.0001,87.03,,,,,231.8,208.3,69673.79
2026-08-20 01:53:12,deribit,BTC,BTC-28AUG26-90000-C,2026-08-28,90000,call,0.00028688,0.0002,0.0004,69.48,,,,,390.5,22.2,69758.86
2026-08-20 01:53:12,deribit,BTC,BTC-22AUG26-61000-P,2026-08-22,61000,put,5.044e-05,,0.0001,63.01,,,,,3.7,0.3,69702.11
2026-08-20 01:53:12,deribit,BTC,BTC-26MAR27-60000-P,2027-03-26,60000,put,0.06053399,0.06,0.061,44.27,,,,,625.1,4.6,71473.59
2026-08-20 01:53:12,deribit,BTC,BTC-23AUG26-67500-C,2026-08-23,67500,call,0.03419348,0.0305,0.0385,33.64,,,,,150.0,150.0,69709.53
2026-08-20 01:53:12,deribit,BTC,BTC-25DEC26-65000-C,2026-12-25,65000,call,0.14048228,0.1395,0.1415,41.87,,,,,960.4,0.8,70754.81
2026-08-20 01:53:12,deribit,BTC,BTC-23AUG26-70500-C,2026-08-23,70500,call,0.0080228,0.0075,0.0085,34.06,,,,,33.3,33.5,69709.53
2026-08-20 01:53:12,deribit,BTC,BTC-21AUG26-62500-P,2026-08-21,62500,put,5.81e-05,,0.0001,71.38,,,,,110.3,49.4,69687.07
2026-08-20 01:53:12,deribit,BTC,BTC-28AUG26-53000-C,2026-08-28,53000,call,0.24027831,0.239,0.2425,66.76,,,,,10.9,0.0,69758.86
2026-08-20 01:53:12,deribit,BTC,BTC-25DEC26-190000-C,2026-12-25,190000,call,0.00032431,0.0001,0.0004,58.13,,,,,992.2,0.8,70754.81
2026-08-20 01:53:12,deribit,BTC,BTC-25SEP26-105000-P,2026-09-25,105000,put,0.50044109,0.4975,0.5035,54.07,,,,,104.6,0.0,70007.56
2026-08-20 01:53:12,deribit,BTC,BTC-23AUG26-62500-C,2026-08-23,62500,call,0.10356098,0.101,0.1075,50.88,,,,,0.0,0.0,69709.53
2026-08-20 01:53:12,deribit,BTC,BTC-25DEC26-230000-P,2026-12-25,230000,put,2.25103048,2.219,2.2745,65.27,,,,,0.0,0.0,70754.81
2026-08-20 01:53:12,deribit,BTC,BTC-25SEP26-72000-C,2026-09-25,72000,call,0.03263013,0.032,0.033,35.66,,,,,3510.0,498.6,70007.07
2026-08-20 01:53:12,deribit,BTC,BTC-25SEP26-130000-P,2026-09-25,130000,put,0.85715546,0.854,0.861,69.68,,,,,21.4,0.4,70007.07
2026-08-20 01:53:12,deribit,BTC,BTC-25SEP26-70000-P,2026-09-25,70000,put,0.04521554,0.045,0.0455,36.03,,,,,1408.7,60.5,70007.56
2026-08-20 01:53:12,deribit,BTC,BTC-26MAR27-150000-C,2027-03-26,150000,call,0.00345878,0.0032,0.0039,46.04,,,,,1920.5,44.4,71473.59
2026-08-20 01:53:12,deribit,BTC,BTC-25DEC26-45000-P,2026-12-25,45000,put,0.00937806,0.009,0.0095,54.76,,,,,2905.6,30.5,70754.81
2026-08-20 01:53:12,deribit,BTC,BTC-30OCT26-67000-P,2026-10-30,67000,put,0.04549934,0.045,0.046,38.45,,,,,53.0,57.7,70255.76
2026-08-20 01:53:12,deribit,BTC,BTC-25JUN27-60000-C,2027-06-25,60000,call,0.24943512,0.2485,0.2515,44.98,,,,,944.9,0.3,72248.63
2026-08-20 01:53:12,deribit,BTC,BTC-4SEP26-72000-P,2026-09-04,72000,put,0.04718625,0.046,0.048,34.99,,,,,0.0,0.0,69822.84
2026-08-20 01:53:12,deribit,BTC,BTC-21AUG26-67000-C,2026-08-21,67000,call,0.03908553,0.0375,0.0405,42.1,,,,,2168.5,479.2,69687.55
2026-08-20 01:53:12,deribit,BTC,BTC-4SEP26-68000-C,2026-09-04,68000,call,0.04341878,0.0425,0.044,35.39,,,,,986.8,660.4,69822.84
2026-08-20 01:53:12,deribit,BTC,BTC-30OCT26-59000-C,2026-10-30,59000,call,0.17679331,0.175,0.1785,42.75,,,,,1.1,0.0,70255.76
2026-08-20 01:53:12,deribit,BTC,BTC-25SEP26-220000-C,2026-09-25,220000,call,4e-07,,0.0004,81.61,,,,,230.1,10.0,70007.56
2026-08-20 01:53:12,deribit,BTC,BTC-26MAR27-106000-C,2027-03-26,106000,call,0.0197719,0.019,0.0205,41.08,,,,,78.5,35.0,71473.59
2026-08-20 01:53:12,deribit,BTC,BTC-23AUG26-68500-P,2026-08-23,68500,put,0.00553817,0.005,0.006,32.99,,,,,32.3,33.5,69709.53
2026-08-20 01:53:12,deribit,BTC,BTC-30OCT26-48000-C,2026-10-30,48000,call,0.32120455,0.32,0.323,53.55,,,,,0.1,0.0,70255.76
2026-08-20 01:53:12,deribit,BTC,BTC-28AUG26-80000-C,2026-08-28,80000,call,0.00094089,0.0008,0.001,48.76,,,,,2079.5,69.8,69758.35
2026-08-20 01:53:12,deribit,BTC,BTC-25SEP26-100000-C,2026-09-25,100000,call,0.00084351,0.0007,0.0009,50.64,,,,,3631.3,3.1,70007.07
2026-08-20 01:53:12,deribit,BTC,BTC-26MAR27-98000-C,2027-03-26,98000,call,0.03020728,0.0295,0.031,40.66,,,,,106.7,15.1,71473.59
2026-08-20 01:53:12,deribit,BTC,BTC-21AUG26-66500-C,2026-08-21,66500,call,0.04606906,0.0445,0.0475,44.76,,,,,50.0,50.0,69687.07
2026-08-20 01:53:12,deribit,BTC,BTC-30OCT26-88000-P,2026-10-30,88000,put,0.26000172,0.257,0.2625,37.54,,,,,0.0,0.0,70255.76
2026-08-20 01:53:12,deribit,BTC,BTC-4SEP26-80000-C,2026-09-04,80000,call,0.00199233,0.0019,0.0021,41.09,,,,,21.4,23.7,69822.84
2026-08-20 01:53:12,deribit,BTC,BTC-23AUG26-76000-C,2026-08-23,76000,call,0.00066707,0.0005,0.0008,50.22,,,,,0.5,0.5,69709.53
2026-08-20 01:53:12,deribit,BTC,BTC-25SEP26-60000-P,2026-09-25,60000,put,0.00735114,0.007,0.008,41.97,,,,,4868.6,347.9,70007.07
2026-08-20 01:53:12,deribit,BTC,BTC-25DEC26-72000-P,2026-12-25,72000,put,0.10443589,0.1035,0.105,40.22,,,,,333.4,9.1,70755.24
2026-08-20 01:53:12,deribit,BTC,BTC-26MAR27-56000-C,2027-03-26,56000,call,0.26123801,0.2595,0.264,45.58,,,,,16.9,0.0,71473.59
2026-08-20 01:53:12,deribit,BTC,BTC-28AUG26-62000-P,2026-08-28,62000,put,0.00097006,0.0008,0.0011,44.31,,,,,1201.4,624.3,69758.35
2026-08-20 01:53:12,deribit,BTC,BTC-22AUG26-66000-P,2026-08-22,66000,put,0.00071218,0.0006,0.0008,42.66,,,,,55.2,57.3,69702.68
2026-08-20 01:53:12,deribit,BTC,BTC-25JUN27-55000-C,2027-06-25,55000,call,0.29700449,0.2955,0.3,46.41,,,,,2.5,0.0,72249.34
2026-08-20 01:53:12,deribit,BTC,BTC-22AUG26-59000-P,2026-08-22,59000,put,1.565e-05,,0.0001,69.36,,,,,16.2,17.0,69702.68
2026-08-20 01:53:12,deribit,BTC,BTC-4SEP26-63000-C,2026-09-04,63000,call,0.10147959,0.1,0.103,39.69,,,,,86.8,0.7,69823.28
2026-08-20 01:53:12,deribit,BTC,BTC-20AUG26-65000-C,2026-08-20,65000,call,0.06704819,0.066,0.0685,85.99,,,,,747.0,804.8,69674.36
2026-08-20 01:53:12,deribit,BTC,BTC-25DEC26-56000-C,2026-12-25,56000,call,0.23419416,0.2325,0.236,45.85,,,,,41.5,0.1,70754.81
2026-08-20 01:53:12,deribit,BTC,BTC-4SEP26-75000-P,2026-09-04,75000,put,0.080983,0.079,0.083,36.26,,,,,0.0,0.0,69822.84
2026-08-20 01:53:12,deribit,BTC,BTC-25SEP26-52000-P,2026-09-25,52000,put,0.00203107,0.002,0.0022,52.44,,,,,1302.4,50.6,70007.56
2026-08-20 01:53:12,deribit,BTC,BTC-26MAR27-86000-P,2027-03-26,86000,put,0.2617511,0.259,0.2635,40.51,,,,,1.8,0.0,71473.59
2026-08-20 01:53:12,deribit,BTC,BTC-26MAR27-40000-P,2027-03-26,40000,put,0.01259852,0.0125,0.013,55.22,,,,,1687.1,54.0,71473.59
2026-08-20 01:53:12,deribit,BTC,BTC-26MAR27-120000-C,2027-03-26,120000,call,0.01008384,0.0095,0.011,42.27,,,,,329.8,2.9,71473.59
2026-08-20 01:53:12,deribit,BTC,BTC-20AUG26-67500-C,2026-08-20,67500,call,0.03119862,0.0275,0.035,50.74,,,,,0.0,0.0,69674.36
2026-08-20 01:53:12,deribit,BTC,BTC-4SEP26-58000-C,2026-09-04,58000,call,0.17034094,0.1685,0.172,47.98,,,,,0.0,0.0,69822.84
2026-08-20 01:53:12,deribit,BTC,BTC-30OCT26-80000-C,2026-10-30,80000,call,0.02031749,0.0195,0.0205,36.4,,,,,280.9,25.8,70255.76
2026-08-20 01:53:12,deribit,BTC,BTC-25JUN27-140000-C,2027-06-25,140000,call,0.01130828,0.0105,0.012,43.53,,,,,213.8,0.6,72248.69
2026-08-20 01:53:12,deribit,BTC,BTC-25SEP26-190000-C,2026-09-25,190000,call,5.04e-06,,0.0004,81.61,,,,,772.5,10.0,70007.56
2026-08-20 01:53:12,deribit,BTC,BTC-22AUG26-71000-C,2026-08-22,71000,call,0.00536893,0.005,0.0055,39.68,,,,,121.7,230.8,69702.11
2026-08-20 01:53:12,deribit,BTC,BTC-21AUG26-70500-C,2026-08-21,70500,call,0.0048651,0.0045,0.005,40.83,,,,,7.8,7.8,69687.07
2026-08-20 01:53:12,deribit,BTC,BTC-26MAR27-56000-P,2027-03-26,56000,put,0.04478059,0.044,0.0455,45.58,,,,,110.1,0.8,71473.59
2026-08-20 01:53:12,deribit,BTC,BTC-25JUN27-56000-C,2027-06-25,56000,call,0.28705237,0.2855,0.291,46.08,,,,,3.0,0.0,72249.34
2026-08-20 01:53:12,deribit,BTC,BTC-25SEP26-64000-C,2026-09-25,64000,call,0.10134396,0.1005,0.1025,38.55,,,,,726.5,71.6,70007.07
2026-08-20 01:53:12,deribit,BTC,BTC-28AUG26-40000-P,2026-08-28,40000,put,6e-08,,0.0001,81.61,,,,,753.7,0.5,69758.86
2026-08-20 01:53:12,deribit,BTC,BTC-25JUN27-94000-C,2027-06-25,94000,call,0.06308589,0.062,0.064,41.6,,,,,0.0,0.0,72248.69
2026-08-20 01:53:12,deribit,BTC,BTC-4SEP26-53000-P,2026-09-04,53000,put,0.00036029,0.0003,0.0005,58.19,,,,,93.6,68.3,69823.28
2026-08-20 01:53:12,deribit,BTC,BTC-25SEP26-220000-P,2026-09-25,220000,put,2.14251815,2.119,2.1565,81.61,,,,,1.8,0.0,70007.56
2026-08-20 01:53:12,deribit,BTC,BTC-25DEC26-50000-C,2026-12-25,50000,call,0.30772754,0.306,0.31,49.9,,,,,260.8,0.0,70754.81
2026-08-20 01:53:12,deribit,BTC,BTC-30OCT26-45000-P,2026-10-30,45000,put,0.00320464,0.003,0.0034,57.38,,,,,120.0,13.6,70255.76
2026-08-20 01:53:12,deribit,BTC,BTC-30OCT26-69000-C,2026-10-30,69000,call,0.07528344,0.0745,0.076,37.8,,,,,124.7,7.9,70255.76
2026-08-20 01:53:12,deribit,BTC,BTC-25JUN27-84000-C,2027-06-25,84000,call,0.09624352,0.0955,0.097,41.89,,,,,3.5,0.8,72248.69
2026-08-20 01:53:12,deribit,BTC,BTC-22AUG26-65500-C,2026-08-22,65500,call,0.06076067,0.0595,0.062,44.58,,,,,9.7,5.5,69702.11
2026-08-20 01:53:12,deribit,BTC,BTC-20AUG26-68500-P,2026-08-20,68500,put,0.00030635,0.0002,0.0004,42.1,,,,,95.4,113.2,69674.36
2026-08-20 01:53:12,deribit,BTC,BTC-25SEP26-40000-P,2026-09-25,40000,put,0.00048628,0.0003,0.0006,74.17,,,,,2350.1,5.6,70007.07
2026-08-20 01:53:12,deribit,BTC,BTC-25SEP26-280000-P,2026-09-25,280000,put,2.99956805,2.968,3.0185,82.16,,,,,0.0,0.0,70007.07
2026-08-20 01:53:12,deribit,BTC,BTC-23AUG26-68000-P,2026-08-23,68000,put,0.00371186,0.0034,0.0037,32.97,,,,,9.0,9.0,69709.53
2026-08-20 01:53:12,deribit,BTC,BTC-23AUG26-57000-P,2026-08-23,57000,put,2.734e-05,,0.0002,72.07,,,,,0.0,0.0,69709.53
2026-08-20 01:53:12,deribit,BTC,BTC-30OCT26-69000-P,2026-10-30,69000,put,0.05740093,0.057,0.058,37.8,,,,,10.7,10.8,70255.76
2026-08-20 01:53:12,deribit,BTC,BTC-23AUG26-72000-P,2026-08-23,72000,put,0.03619806,0.031,0.0405,36.58,,,,,0.0,0.0,69709.53
2026-08-20 01:53:12,deribit,BTC,BTC-30OCT26-62000-P,2026-10-30,62000,put,0.02435085,0.024,0.025,40.76,,,,,83.8,29.9,70255.76
2026-08-20 01:53:12,deribit,BTC,BTC-25JUN27-88000-P,2027-06-25,88000,put,0.29935301,0.297,0.3015,41.72,,,,,0.1,0.0,72249.34
2026-08-20 01:53:12,deribit,BTC,BTC-21AUG26-67500-P,2026-08-21,67500,put,0.00090567,0.0008,0.001,39.74,,,,,76.1,76.9,69687.07
2026-08-20 01:53:12,deribit,BTC,BTC-30OCT26-40000-C,2026-10-30,40000,call,0.43253496,0.4315,0.434,64.23,,,,,0.1,0.1,70255.76
2026-08-20 01:53:12,deribit,BTC,BTC-30OCT26-86000-P,2026-10-30,86000,put,0.23357886,0.2305,0.236,37.12,,,,,0.1,0.0,70255.76
2026-08-20 01:53:12,deribit,BTC,BTC-20AUG26-61000-P,2026-08-20,61000,put,0.0,,0.0001,87.31,,,,,14.9,0.0,69674.36
2026-08-20 01:53:12,deribit,BTC,BTC-26MAR27-82000-P,2027-03-26,82000,put,0.22004759,0.218,0.222,40.58,,,,,3.9,0.0,71473.59
2026-08-20 01:53:12,deribit,BTC,BTC-22AUG26-76000-C,2026-08-22,76000,call,0.00058283,0.0005,0.0006,58.98,,,,,0.0,0.0,69702.68
2026-08-20 01:53:12,deribit,BTC,BTC-25DEC26-64000-C,2026-12-25,64000,call,0.14966054,0.1495,0.1505,42.21,,,,,417.5,6.7,70754.81
2026-08-20 01:53:12,deribit,BTC,BTC-26MAR27-95000-P,2027-03-26,95000,put,0.3648506,0.3605,0.3675,40.59,,,,,0.4,0.2,71474.17
2026-08-20 01:53:12,deribit,BTC,BTC-25DEC26-95000-C,2026-12-25,95000,call,0.01416523,0.014,0.0145,40.26,,,,,1359.6,85.7,70754.81
2026-08-20 01:53:12,deribit,BTC,BTC-25SEP26-95000-C,2026-09-25,95000,call,0.00120215,0.001,0.0013,46.78,,,,,1865.5,2.7,70007.07
2026-08-20 01:53:12,deribit,BTC,BTC-23AUG26-74000-C,2026-08-23,74000,call,0.00126218,0.0011,0.0014,42.63,,,,,11.7,16.1,69709.53
2026-08-20 01:53:12,deribit,BTC,BTC-25SEP26-35000-C,2026-09-25,35000,call,0.50029827,0.4995,0.501,83.57,,,,,29.3,0.0,70007.07
2026-08-20 01:53:12,deribit,BTC,BTC-22AUG26-70000-P,2026-08-22,70000,put,0.0141679,0.0135,0.0145,37.81,,,,,42.7,42.7,69702.68
2026-08-20 01:53:12,deribit,BTC,BTC-25DEC26-240000-P,2026-12-25,240000,put,2.39237895,2.363,2.425,67.54,,,,,0.0,0.0,70754.81
2026-08-20 01:53:12,deribit,BTC,BTC-28AUG26-86000-P,2026-08-28,86000,put,0.23332194,0.231,0.236,61.78,,,,,0.0,0.0,69758.86
2026-08-20 01:53:12,deribit,BTC,BTC-25JUN27-105000-C,2027-06-25,105000,call,0.03992868,0.039,0.041,41.66,,,,,140.8,35.2,72248.69
2026-08-20 01:53:12,deribit,BTC,BTC-25DEC26-86000-P,2026-12-25,86000,put,0.24437318,0.2415,0.246,39.51,,,,,23.4,0.0,70754.81
2026-08-20 01:53:12,deribit,BTC,BTC-28AUG26-79000-C,2026-08-28,79000,call,0.00114139,0.001,0.0013,46.68,,,,,1130.3,45.6,69758.86
2026-08-20 01:53:12,deribit,BTC,BTC-25SEP26-200000-C,2026-09-25,200000,call,2.14e-06,,0.0004,81.61,,,,,1010.7,10.0,70007.07
2026-08-20 01:53:12,deribit,BTC,BTC-28AUG26-78000-P,2026-08-28,78000,put,0.11956258,0.1175,0.122,44.29,,,,,4.1,0.0,69758.86
2026-08-20 01:53:12,deribit,BTC,BTC-4SEP26-53000-C,2026-09-04,53000,call,0.24130113,0.24,0.243,58.19,,,,,0.0,0.0,69822.84
2026-08-20 01:53:12,deribit,BTC,BTC-22AUG26-75000-P,2026-08-22,75000,put,0.07684237,0.0725,0.081,54.41,,,,,0.0,0.0,69702.68
2026-08-20 01:53:12,deribit,BTC,BTC-26MAR27-150000-P,2027-03-26,150000,put,1.10223356,1.083,1.123,46.04,,,,,0.6,0.1,71474.17
2026-08-20 01:53:12,deribit,BTC,BTC-25SEP26-45000-P,2026-09-25,45000,put,0.00078652,0.0008,0.001,63.77,,,,,2196.4,12.5,70007.07
2026-08-20 01:53:12,deribit,BTC,BTC-25DEC26-20000-C,2026-12-25,20000,call,0.7180079,0.7175,0.719,88.37,,,,,2.9,1.6,70754.81
2026-08-20 01:53:12,deribit,BTC,BTC-26MAR27-110000-C,2027-03-26,110000,call,0.01602848,0.0155,0.0165,41.28,,,,,1104.2,12.0,71473.59
2026-08-20 01:53:12,deribit,BTC,BTC-25SEP26-145000-C,2026-09-25,145000,call,0.00017895,0.0001,0.0002,79.07,,,,,492.8,2.7,70007.56
2026-08-20 01:53:12,deribit,BTC,BTC-26MAR27-125000-C,2027-03-26,125000,call,0.00816075,0.0075,0.009,42.83,,,,,126.5,1.2,71473.59
2026-08-20 01:53:12,deribit,BTC,BTC-25DEC26-150000-P,2026-12-25,150000,put,1.12096801,1.1015,1.1365,50.91,,,,,2.1,0.1,70755.24
2026-08-20 01:53:12,deribit,BTC,BTC-25JUN27-120000-P,2027-06-25,120000,put,0.68338984,0.678,0.688,42.3,,,,,0.1,0.0,72249.34
2026-08-20 01:53:12,deribit,BTC,BTC-30OCT26-63000-P,2026-10-30,63000,put,0.02767531,0.0275,0.028,40.2,,,,,434.6,23.0,70255.76
2026-08-20 01:53:12,deribit,BTC,BTC-20AUG26-69500-C,2026-08-20,69500,call,0.00500361,0.005,0.0055,34.64,,,,,66.3,112.9,69673.79
2026-08-20 01:53:12,deribit,BTC,BTC-25SEP26-160000-C,2026-09-25,160000,call,6.797e-05,,0.0002,81.61,,,,,1444.3,0.1,70007.07
2026-08-20 01:53:12,deribit,BTC,BTC-25JUN27-64000-P,2027-06-25,64000,put,0.10126658,0.1,0.102,44.12,,,,,13.4,0.3,72248.69
2026-08-20 01:53:12,deribit,BTC,BTC-22AUG26-69500-P,2026-08-22,69500,put,0.01027062,0.01,0.0105,37.18,,,,,31.6,31.6,69702.68
2026-08-20 01:53:12,deribit,BTC,BTC-23AUG26-67000-P,2026-08-23,67000,put,0.00170358,0.0015,0.0017,34.35,,,,,16.4,16.6,69709.53
2026-08-20 01:53:12,deribit,BTC,BTC-25JUN27-95000-C,2027-06-25,95000,call,0.06050509,0.0595,0.0615,41.6,,,,,28.4,1.7,72249.34
2026-08-20 01:53:12,deribit,BTC,BTC-20AUG26-60000-P,2026-08-20,60000,put,0.0,,0.0001,87.31,,,,,13.8,0.0,69674.36
2026-08-20 01:53:12,deribit,BTC,BTC-25DEC26-98000-C,2026-12-25,98000,call,0.01137156,0.011,0.012,40.7,,,,,215.1,2.3,70755.24
2026-08-20 01:53:12,deribit,BTC,BTC-30OCT26-79000-P,2026-10-30,79000,put,0.14756054,0.145,0.15,36.38,,,,,0.0,0.0,70255.76
2026-08-20 01:53:12,deribit,BTC,BTC-23AUG26-77000-P,2026-08-23,77000,put,0.10517265,0.1005,0.109,54.32,,,,,0.0,0.0,69709.53
2026-08-20 01:53:12,deribit,BTC,BTC-4SEP26-65000-P,2026-09-04,65000,put,0.00693326,0.0065,0.0075,37.41,,,,,315.5,321.5,69822.84
2026-08-20 01:53:12,deribit,BTC,BTC-25DEC26-108000-P,2026-12-25,108000,put,0.53205197,0.5285,0.535,42.12,,,,,0.1,0.0,70755.24
2026-08-20 01:53:12,deribit,BTC,BTC-22AUG26-72000-C,2026-08-22,72000,call,0.00289466,0.0027,0.0031,42.07,,,,,53.6,56.8,69702.68
2026-08-20 01:53:12,deribit,BTC,BTC-23AUG26-66500-C,2026-08-23,66500,call,0.04717891,0.0435,0.0515,35.46,,,,,9.7,10.1,69709.53
2026-08-20 01:53:12,deribit,BTC,BTC-21AUG26-56000-C,2026-08-21,56000,call,0.19636825,0.1945,0.198,98.97,,,,,0.0,0.0,69687.07
2026-08-20 01:53:12,deribit,BTC,BTC-25JUN27-74000-P,2027-06-25,74000,put,0.17001122,0.1685,0.171,42.67,,,,,0.2,0.0,72248.63
2026-08-20 01:53:12,deribit,BTC,BTC-20AUG26-70500-C,2026-08-20,70500,call,0.00081827,0.0007,0.001,41.99,,,,,32.0,111.8,69673.79
2026-08-20 01:53:12,deribit,BTC,BTC-28AUG26-94000-P,2026-08-28,94000,put,0.34775705,0.345,0.3505,75.66,,,,,0.0,0.0,69758.35
2026-08-20 01:53:12,deribit,BTC,BTC-25SEP26-86000-C,2026-09-25,86000,call,0.00306658,0.0029,0.0032,40.17,,,,,864.9,45.3,70007.56
2026-08-20 01:53:12,deribit,BTC,BTC-22AUG26-63500-C,2026-08-22,63500,call,0.08911497,0.0865,0.0935,53.11,,,,,0.1,0.0,69702.68
2026-08-20 01:53:12,deribit,BTC,BTC-25DEC26-115000-C,2026-12-25,115000,call,0.00378624,0.0034,0.0042,43.71,,,,,2341.8,13.3,70754.81
2026-08-20 01:53:12,deribit,BTC,BTC-4SEP26-64000-P,2026-09-04,64000,put,0.00514586,0.0049,0.0055,38.6,,,,,151.9,120.7,69822.84
2026-08-20 01:53:12,deribit,BTC,BTC-26MAR27-140000-P,2027-03-26,140000,put,0.96367835,0.9575,0.973,44.89,,,,,0.1,0.1,71473.59
2026-08-20 01:53:12,deribit,BTC,BTC-25DEC26-80000-P,2026-12-25,80000,put,0.17774526,0.176,0.1795,39.57,,,,,951.8,3.5,70754.81
2026-08-20 01:53:12,deribit,BTC,BTC-25SEP26-56000-P,2026-09-25,56000,put,0.00369305,0.0035,0.0039,46.67,,,,,1529.1,59.9,70007.07
2026-08-20 01:53:12,deribit,BTC,BTC-28AUG26-50000-P,2026-08-28,50000,put,7.477e-05,,0.0001,78.9,,,,,2592.1,205.8,69758.86
2026-08-20 01:53:12,deribit,BTC,BTC-26MAR27-70000-P,2027-03-26,70000,put,0.11725072,0.116,0.118,41.87,,,,,204.5,9.5,71474.17
2026-08-20 01:53:12,deribit,BTC,BTC-25JUN27-86000-C,2027-06-25,86000,call,0.08842912,0.0875,0.0895,41.79,,,,,3.0,0.0,72249.34
2026-08-20 01:53:12,deribit,BTC,BTC-20AUG26-71000-P,2026-08-20,71000,put,0.01944648,0.017,0.0215,47.56,,,,,0.0,0.0,69674.36
2026-08-20 01:53:12,deribit,BTC,BTC-23AUG26-72000-C,2026-08-23,72000,call,0.00330103,0.003,0.0035,36.58,,,,,63.7,68.7,69709.53
2026-08-20 01:53:12,deribit,BTC,BTC-26MAR27-64000-C,2027-03-26,64000,call,0.18438963,0.1835,0.1855,43.08,,,,,135.3,0.2,71473.59
2026-08-20 01:53:12,deribit,BTC,BTC-25DEC26-82000-P,2026-12-25,82000,put,0.19892111,0.197,0.201,39.47,,,,,158.8,0.0,70755.24
2026-08-20 01:53:12,deribit,BTC,BTC-4SEP26-60000-P,2026-09-04,60000,put,0.00165477,0.0015,0.0019,44.41,,,,,1070.7,509.5,69822.84
2026-08-20 01:53:12,deribit,BTC,BTC-28AUG26-78000-C,2026-08-28,78000,call,0.00136045,0.0012,0.0015,44.29,,,,,1457.1,104.7,69758.86
2026-08-20 01:53:12,deribit,BTC,BTC-22AUG26-67000-P,2026-08-22,67000,put,0.00140921,0.0012,0.0014,39.05,,,,,32.7,41.3,69702.11
2026-08-20 01:53:12,deribit,BTC,BTC-4SEP26-61000-C,2026-09-04,61000,call,0.12847697,0.127,0.13,42.59,,,,,5.5,0.0,69822.84
2026-08-20 01:53:12,deribit,BTC,BTC-20AUG26-61500-C,2026-08-20,61500,call,0.11727751,0.115,0.122,87.31,,,,,0.0,0.0,69674.36
2026-08-20 01:53:12,deribit,BTC,BTC-25DEC26-90000-P,2026-12-25,90000,put,0.29293386,0.2895,0.295,39.72,,,,,590.6,0.0,70755.24
2026-08-20 01:53:12,deribit,BTC,BTC-28AUG26-92000-C,2026-08-28,92000,call,0.00021024,0.0001,0.0004,72.06,,,,,179.2,100.1,69758.86
2026-08-20 01:53:12,deribit,BTC,BTC-26MAR27-50000-C,2027-03-26,50000,call,0.32851064,0.327,0.331,48.4,,,,,20.6,0.0,71473.59
2026-08-20 01:53:12,deribit,BTC,BTC-22AUG26-70500-C,2026-08-22,70500,call,0.00727517,0.0065,0.0075,38.59,,,,,0.0,0.0,69702.11
2026-08-20 01:53:12,deribit,BTC,BTC-28AUG26-79000-P,2026-08-28,79000,put,0.13367946,0.1315,0.136,46.68,,,,,0.7,0.0,69758.86
2026-08-20 01:53:12,deribit,BTC,BTC-30OCT26-74000-P,2026-10-30,74000,put,0.09638847,0.0955,0.097,36.72,,,,,0.3,0.0,70255.76
2026-08-20 01:53:12,deribit,BTC,BTC-25JUN27-140000-P,2027-06-25,140000,put,0.9491388,0.9435,0.955,43.53,,,,,0.1,0.1,72248.69
2026-08-20 01:53:12,deribit,BTC,BTC-25DEC26-180000-P,2026-12-25,180000,put,1.54448043,1.523,1.564,55.94,,,,,0.0,0.0,70755.24
2026-08-20 01:53:12,deribit,BTC,BTC-28AUG26-88000-P,2026-08-28,88000,put,0.26188862,0.2595,0.2645,65.19,,,,,0.0,0.0,69758.86
2026-08-20 01:53:12,deribit,BTC,BTC-22AUG26-64500-C,2026-08-22,64500,call,0.07487895,0.0735,0.076,48.63,,,,,42.2,55.7,69702.11
2026-08-20 01:53:12,deribit,BTC,BTC-28AUG26-96000-P,2026-08-28,96000,put,0.3764288,0.3735,0.3795,80.32,,,,,0.1,0.0,69758.86
2026-08-20 01:53:12,deribit,BTC,BTC-20AUG26-67000-P,2026-08-20,67000,put,1.435e-05,,0.0001,54.52,,,,,55.2,75.3,69673.79
2026-08-20 01:53:12,deribit,BTC,BTC-28AUG26-86000-C,2026-08-28,86000,call,0.0004324,0.0003,0.0006,61.78,,,,,152.8,6.7,69758.86
2026-08-20 01:53:12,deribit,BTC,BTC-25JUN27-76000-C,2027-06-25,76000,call,0.13433631,0.1335,0.1355,42.47,,,,,21.3,0.5,72249.34
2026-08-20 01:53:12,deribit,BTC,BTC-25DEC26-35000-P,2026-12-25,35000,put,0.00385722,0.0036,0.004,66.18,,,,,2394.3,93.1,70754.81
2026-08-20 01:53:12,deribit,BTC,BTC-25SEP26-150000-P,2026-09-25,150000,put,1.14273844,1.1285,1.1525,79.07,,,,,0.7,0.0,70007.07
2026-08-20 01:53:12,deribit,BTC,BTC-28AUG26-57000-C,2026-08-28,57000,call,0.1830378,0.1815,0.185,55.22,,,,,28.5,0.1,69758.35
2026-08-20 01:53:12,deribit,BTC,BTC-30OCT26-61000-C,2026-10-30,61000,call,0.15315906,0.1515,0.155,41.36,,,,,7.7,0.0,70255.76
2026-08-20 01:53:12,deribit,BTC,BTC-20AUG26-62500-C,2026-08-20,62500,call,0.1029243,0.1005,0.1065,87.31,,,,,3.8,3.8,69674.36
2026-08-20 01:53:12,deribit,BTC,BTC-26MAR27-50000-P,2027-03-26,50000,put,0.02810223,0.0275,0.029,48.4,,,,,2103.3,27.0,71473.59
2026-08-20 01:53:12,deribit,BTC,BTC-20AUG26-61500-P,2026-08-20,61500,put,0.0,,0.0001,87.31,,,,,83.4,60.5,69673.79
2026-08-20 01:53:12,deribit,BTC,BTC-26MAR27-190000-C,2027-03-26,190000,call,0.00129693,0.0011,0.0016,50.75,,,,,881.7,0.3,71473.59
2026-08-20 01:53:12,deribit,BTC,BTC-20AUG26-60500-C,2026-08-20,60500,call,0.13163072,0.129,0.1365,87.31,,,,,0.0,0.0,69674.36
2026-08-20 01:53:12,deribit,BTC,BTC-4SEP26-70000-C,2026-09-04,70000,call,0.02723867,0.0265,0.0275,34.89,,,,,816.4,1262.8,69822.84
2026-08-20 01:53:12,deribit,BTC,BTC-25DEC26-110000-C,2026-12-25,110000,call,0.00510525,0.0047,0.0055,42.79,,,,,2631.8,1.4,70754.81
2026-08-20 01:53:12,deribit,BTC,BTC-28AUG26-48000-P,2026-08-28,48000,put,3.303e-05,,0.0001,81.61,,,,,1464.4,63.2,69758.86
2026-08-20 01:53:12,deribit,BTC,BTC-22AUG26-70000-C,2026-08-22,70000,call,0.00984645,0.0095,0.0105,37.81,,,,,52.7,58.1,69702.68
2026-08-20 01:53:12,deribit,BTC,BTC-25SEP26-88000-P,2026-09-25,88000,put,0.25940203,0.257,0.2615,41.57,,,,,5.7,0.0,70007.56
2026-08-20 01:53:12,deribit,BTC,BTC-21AUG26-70500-P,2026-08-21,70500,put,0.01658032,0.0155,0.0175,40.83,,,,,0.0,0.0,69687.07
2026-08-20 01:53:12,deribit,BTC,BTC-21AUG26-59000-C,2026-08-21,59000,call,0.15334777,0.1515,0.155,98.97,,,,,0.0,0.0,69687.07
2026-08-20 01:53:12,deribit,BTC,BTC-23AUG26-63500-P,2026-08-23,63500,put,0.00028269,0.0002,0.0004,47.24,,,,,10.1,10.1,69709.53
2026-08-20 01:53:12,deribit,BTC,BTC-4SEP26-62000-C,2026-09-04,62000,call,0.1148583,0.113,0.1165,41.11,,,,,2.4,0.3,69822.84
2026-08-20 01:53:12,deribit,BTC,BTC-26MAR27-76000-P,2027-03-26,76000,put,0.16420147,0.1625,0.165,41.05,,,,,19.2,0.4,71473.59
2026-08-20 01:53:12,deribit,BTC,BTC-30OCT26-64000-C,2026-10-30,64000,call,0.12051289,0.1195,0.1215,39.71,,,,,428.2,0.0,70255.76
2026-08-20 01:53:12,deribit,BTC,BTC-25SEP26-76000-C,2026-09-25,76000,call,0.01594901,0.0155,0.0165,35.75,,,,,2880.7,181.9,70007.56
2026-08-20 01:53:12,deribit,BTC,BTC-25SEP26-110000-C,2026-09-25,110000,call,0.00051454,0.0004,0.0006,58.21,,,,,1341.9,10.0,70007.07
2026-08-20 01:53:12,deribit,BTC,BTC-25DEC26-82000-C,2026-12-25,82000,call,0.0399336,0.0395,0.0405,39.47,,,,,775.2,297.7,70755.24
2026-08-20 01:53:12,deribit,BTC,BTC-22AUG26-76000-P,2026-08-22,76000,put,0.09098897,0.085,0.0935,58.98,,,,,0.0,0.0,69702.68
2026-08-20 01:53:12,deribit,BTC,BTC-25SEP26-55000-P,2026-09-25,55000,put,0.00317098,0.003,0.0034,48.07,,,,,2627.2,87.9,70007.07
2026-08-20 01:53:12,deribit,BTC,BTC-25DEC26-130000-P,2026-12-25,130000,put,0.83922837,0.8355,0.844,46.8,,,,,53.5,2.0,70754.81
2026-08-20 01:53:12,deribit,BTC,BTC-25DEC26-106000-C,2026-12-25,106000,call,0.00652362,0.006,0.007,41.99,,,,,320.7,1.5,70755.24
2026-08-20 01:53:12,deribit,BTC,BTC-25DEC26-30000-C,2026-12-25,30000,call,0.5783788,0.5775,0.5795,72.99,,,,,288.6,2.4,70754.81
2026-08-20 01:53:12,deribit,BTC,BTC-21AUG26-69500-P,2026-08-21,69500,put,0.00769226,0.007,0.008,38.3,,,,,284.2,284.5,69687.55
2026-08-20 01:53:12,deribit,BTC,BTC-25DEC26-180000-C,2026-12-25,180000,call,0.00036152,0.0002,0.0006,55.94,,,,,923.8,0.0,70754.81
2026-08-20 01:53:12,deribit,BTC,BTC-25SEP26-74000-P,2026-09-25,74000,put,0.08000519,0.079,0.081,35.58,,,,,110.7,1.2,70007.56
2026-08-20 01:53:12,deribit,BTC,BTC-25DEC26-106000-P,2026-12-25,106000,put,0.50472698,0.501,0.5075,41.99,,,,,0.2,0.0,70755.24
2026-08-20 01:53:12,deribit,BTC,BTC-28AUG26-84000-P,2026-08-28,84000,put,0.20475525,0.2025,0.207,57.54,,,,,0.4,0.3,69758.86
2026-08-20 01:53:12,deribit,BTC,BTC-26MAR27-88000-P,2027-03-26,88000,put,0.28363494,0.2805,0.287,40.5,,,,,4.5,0.0,71474.17
2026-08-20 01:53:12,deribit,BTC,BTC-30OCT26-57000-P,2026-10-30,57000,put,0.01285166,0.0125,0.0135,44.32,,,,,200.6,31.2,70255.76
2026-08-20 01:53:12,deribit,BTC,BTC-21AUG26-65500-P,2026-08-21,65500,put,0.0001792,0.0001,0.0003,50.05,,,,,38.1,84.6,69687.07
2026-08-20 01:53:12,deribit,BTC,BTC-4SEP26-73000-P,2026-09-04,73000,put,0.05756354,0.0565,0.0585,35.24,,,,,0.0,0.0,69822.84
2026-08-20 01:53:12,deribit,BTC,BTC-25DEC26-62000-P,2026-12-25,62000,put,0.04530405,0.045,0.046,42.97,,,,,1019.9,34.0,70754.81
2026-08-20 01:53:12,deribit,BTC,BTC-25SEP26-45000-C,2026-09-25,45000,call,0.3579988,0.3565,0.359,63.77,,,,,224.8,0.0,70007.07
2026-08-20 01:53:12,deribit,BTC,BTC-26MAR27-200000-C,2027-03-26,200000,call,0.00106495,0.0008,0.0014,51.8,,,,,499.0,23.2,71473.59
2026-08-20 01:53:12,deribit,BTC,BTC-30OCT26-60000-P,2026-10-30,60000,put,0.01880107,0.0185,0.0195,42.0,,,,,989.0,199.8,70255.76
2026-08-20 01:53:12,deribit,BTC,BTC-21AUG26-68500-P,2026-08-21,68500,put,0.00273017,0.0025,0.0028,37.57,,,,,13.1,15.0,69687.07
2026-08-20 01:53:12,deribit,BTC,BTC-30OCT26-52000-P,2026-10-30,52000,put,0.00696582,0.0065,0.0075,49.02,,,,,67.5,28.2,70255.76
2026-08-20 01:53:12,deribit,BTC,BTC-23AUG26-66000-C,2026-08-23,66000,call,0.05400904,0.05,0.0585,36.81,,,,,2.5,2.8,69709.53
2026-08-20 01:53:12,deribit,BTC,BTC-20AUG26-69000-C,2026-08-20,69000,call,0.01041976,0.0095,0.0115,36.44,,,,,71.7,152.1,69674.36
2026-08-20 01:53:12,deribit,BTC,BTC-20AUG26-69500-P,2026-08-20,69500,put,0.00253171,0.0023,0.0027,34.64,,,,,8.9,14.1,69673.79
2026-08-20 01:53:12,deribit,BTC,BTC-25DEC26-140000-P,2026-12-25,140000,put,0.97998979,0.9755,0.984,48.94,,,,,0.2,0.0,70754.81
2026-08-20 01:53:12,deribit,BTC,BTC-25SEP26-125000-P,2026-09-25,125000,put,0.78577251,0.7825,0.7895,66.86,,,,,21.8,0.0,70007.07
2026-08-20 01:53:12,deribit,BTC,BTC-28AUG26-92000-P,2026-08-28,92000,put,0.31911532,0.3165,0.3215,72.06,,,,,0.5,1.0,69758.86
2026-08-20 01:53:12,deribit,BTC,BTC-4SEP26-72000-C,2026-09-04,72000,call,0.01601154,0.0155,0.0165,34.99,,,,,217.5,324.3,69823.28
2026-08-20 01:53:12,deribit,BTC,BTC-25JUN27-55000-P,2027-06-25,55000,put,0.05829505,0.057,0.0595,46.41,,,,,34.2,0.0,72249.34
2026-08-20 01:53:12,deribit,BTC,BTC-26MAR27-102000-P,2027-03-26,102000,put,0.4515935,0.4475,0.4545,40.87,,,,,0.1,0.0,71473.59
2026-08-20 01:53:12,deribit,BTC,BTC-28AUG26-75000-P,2026-08-28,75000,put,0.07824035,0.0765,0.08,38.58,,,,,44.4,0.2,69758.86
2026-08-20 01:53:12,deribit,BTC,BTC-23AUG26-63500-C,2026-08-23,63500,call,0.08931651,0.0855,0.0925,47.24,,,,,0.0,0.0,69709.53
2026-08-20 01:53:12,deribit,BTC,BTC-26MAR27-96000-C,2027-03-26,96000,call,0.03372917,0.033,0.0345,40.62,,,,,148.8,18.9,71473.59
2026-08-20 01:53:12,deribit,BTC,BTC-4SEP26-64000-C,2026-09-04,64000,call,0.0885452,0.087,0.09,38.6,,,,,270.0,10.3,69822.84
2026-08-20 01:53:12,deribit,BTC,BTC-30OCT26-60000-C,2026-10-30,60000,call,0.16478586,0.163,0.1665,42.0,,,,,13.4,0.8,70255.76
2026-08-20 01:53:12,deribit,BTC,BTC-25SEP26-98000-P,2026-09-25,98000,put,0.40083518,0.398,0.4035,49.27,,,,,0.1,0.0,70007.07
2026-08-20 01:53:12,deribit,BTC,BTC-23AUG26-61000-C,2026-08-23,61000,call,0.12505938,0.1225,0.129,59.8,,,,,0.0,0.0,69710.02
2026-08-20 01:53:12,deribit,BTC,BTC-21AUG26-63500-C,2026-08-21,63500,call,0.08882477,0.0875,0.09,64.89,,,,,178.0,25.0,69687.55
2026-08-20 01:53:12,deribit,BTC,BTC-25SEP26-40000-C,2026-09-25,40000,call,0.42911941,0.4275,0.43,74.17,,,,,34.4,0.0,70007.07
2026-08-20 01:53:12,deribit,BTC,BTC-28AUG26-77000-C,2026-08-28,77000,call,0.00169953,0.0016,0.0018,42.13,,,,,464.1,305.2,69758.86
2026-08-20 01:53:12,deribit,BTC,BTC-30OCT26-76000-P,2026-10-30,76000,put,0.1155572,0.1145,0.1165,36.51,,,,,0.0,0.0,70256.36
2026-08-20 01:53:12,deribit,BTC,BTC-25SEP26-155000-C,2026-09-25,155000,call,0.00010519,,0.0001,81.61,,,,,364.1,1.4,70007.56
2026-08-20 01:53:12,deribit,BTC,BTC-25JUN27-100000-P,2027-06-25,100000,put,0.43328345,0.4295,0.437,41.61,,,,,0.1,0.0,72249.34
2026-08-20 01:53:12,deribit,BTC,BTC-30OCT26-45000-C,2026-10-30,45000,call,0.36269323,0.3615,0.3645,57.38,,,,,0.1,0.1,70255.76
2026-08-20 01:53:12,deribit,BTC,BTC-30OCT26-66000-C,2026-10-30,66000,call,0.10094487,0.1,0.102,38.85,,,,,160.8,13.1,70255.76
2026-08-20 01:53:12,deribit,BTC,BTC-28AUG26-82000-P,2026-08-28,82000,put,0.17625122,0.174,0.1785,53.33,,,,,0.5,1.0,69758.86
2026-08-20 01:53:12,deribit,BTC,BTC-23AUG26-69500-P,2026-08-23,69500,put,0.01104288,0.0105,0.0115,33.14,,,,,1.6,1.6,69709.53
2026-08-20 01:53:12,deribit,BTC,BTC-30OCT26-58000-C,2026-10-30,58000,call,0.18899587,0.1875,0.191,43.47,,,,,0.0,0.0,70255.76
2026-08-20 01:53:12,deribit,BTC,BTC-25DEC26-70000-P,2026-12-25,70000,put,0.0896134,0.089,0.0905,40.57,,,,,1043.7,37.9,70754.81
2026-08-20 01:53:12,deribit,BTC,BTC-25SEP26-68000-P,2026-09-25,68000,put,0.03244975,0.032,0.033,36.62,,,,,679.3,144.8,70007.07
2026-08-20 01:53:12,deribit,BTC,BTC-30OCT26-90000-C,2026-10-30,90000,call,0.00594147,0.0055,0.0065,38.09,,,,,73.9,21.4,70255.76
2026-08-20 01:53:12,deribit,BTC,BTC-20AUG26-66000-P,2026-08-20,66000,put,9.52e-06,,0.0001,70.42,,,,,70.3,78.0,69674.36
2026-08-20 01:53:12,deribit,BTC,BTC-25DEC26-125000-C,2026-12-25,125000,call,0.00228093,0.002,0.0026,45.81,,,,,595.6,3.3,70754.81
2026-08-20 01:53:12,deribit,BTC,BTC-20AUG26-64000-P,2026-08-20,64000,put,5.9e-07,,0.0001,87.03,,,,,102.8,170.0,69674.36
2026-08-20 01:53:12,deribit,BTC,BTC-21AUG26-64500-C,2026-08-21,64500,call,0.07452888,0.0735,0.076,58.69,,,,,117.7,22.3,69687.07
2026-08-20 01:53:12,deribit,BTC,BTC-26MAR27-95000-C,2027-03-26,95000,call,0.03562657,0.035,0.0365,40.59,,,,,347.1,4.3,71474.17
2026-08-20 01:53:12,deribit,BTC,BTC-30OCT26-56000-C,2026-10-30,56000,call,0.21428898,0.2125,0.216,45.21,,,,,0.0,0.0,70255.76
2026-08-20 01:53:12,deribit,BTC,BTC-25JUN27-40000-P,2027-06-25,40000,put,0.02072227,0.02,0.0215,53.96,,,,,1012.4,77.7,72249.34
2026-08-20 01:53:12,deribit,BTC,BTC-25DEC26-70000-C,2026-12-25,70000,call,0.10023382,0.0995,0.101,40.57,,,,,1971.8,213.9,70754.81
2026-08-20 01:53:12,deribit,BTC,BTC-25DEC26-30000-P,2026-12-25,30000,put,0.00239862,0.0022,0.0026,72.99,,,,,2128.2,7.8,70755.24
2026-08-20 01:53:12,deribit,BTC,BTC-25SEP26-140000-C,2026-09-25,140000,call,0.00018077,0.0001,0.0003,75.78,,,,,1184.3,0.1,70007.07
2026-08-20 01:53:12,deribit,BTC,BTC-21AUG26-65000-P,2026-08-21,65000,put,0.00014279,0.0001,0.0002,53.61,,,,,190.4,118.9,69687.07
2026-08-20 01:53:12,deribit,BTC,BTC-25JUN27-95000-P,2027-06-25,95000,put,0.37546152,0.3725,0.3785,41.6,,,,,20.1,0.0,72249.34
2026-08-20 01:53:12,deribit,BTC,BTC-25DEC26-100000-C,2026-12-25,100000,call,0.0098025,0.0095,0.01,40.96,,,,,3763.5,165.8,70755.24
2026-08-20 01:53:12,deribit,BTC,BTC-30OCT26-70000-P,2026-10-30,70000,put,0.06413439,0.0635,0.0645,37.52,,,,,3.4,1.3,70256.36
2026-08-20 01:53:12,deribit,BTC,BTC-22AUG26-65500-P,2026-08-22,65500,put,0.0005186,0.0004,0.0006,44.58,,,,,102.7,115.4,69702.68
2026-08-20 01:53:12,deribit,BTC,BTC-25JUN27-82000-P,2027-06-25,82000,put,0.23967241,0.237,0.242,41.99,,,,,0.2,0.0,72249.34
2026-08-20 01:53:12,deribit,BTC,BTC-25SEP26-180000-P,2026-09-25,180000,put,1.57116283,1.5545,1.5825,81.61,,,,,7.3,0.0,70007.07
2026-08-20 01:53:12,deribit,BTC,BTC-21AUG26-66000-P,2026-08-21,66000,put,0.00025429,0.0002,0.0003,47.25,,,,,362.0,498.2,69687.55
2026-08-20 01:53:12,deribit,BTC,BTC-26MAR27-62000-P,2027-03-26,62000,put,0.06958899,0.069,0.0705,43.61,,,,,340.3,0.1,71473.59
2026-08-20 01:53:12,deribit,BTC,BTC-22AUG26-75000-C,2026-08-22,75000,call,0.00078367,0.0006,0.001,54.41,,,,,23.8,25.2,69702.68
2026-08-20 01:53:12,deribit,BTC,BTC-25SEP26-102000-P,2026-09-25,102000,put,0.45770257,0.455,0.4605,51.88,,,,,0.4,0.0,70007.07
2026-08-20 01:53:12,deribit,BTC,BTC-30OCT26-68000-C,2026-10-30,68000,call,0.08328755,0.0825,0.0845,38.1,,,,,53.4,6.3,70255.76
2026-08-20 01:53:12,deribit,BTC,BTC-4SEP26-70000-P,2026-09-04,70000,put,0.02976963,0.0295,0.0305,34.89,,,,,1.4,1.8,69822.84
2026-08-20 01:53:12,deribit,BTC,BTC-28AUG26-59000-C,2026-08-28,59000,call,0.1545546,0.153,0.1565,51.25,,,,,214.3,0.0,69758.35
2026-08-20 01:53:12,deribit,BTC,BTC-4SEP26-75000-C,2026-09-04,75000,call,0.00683706,0.0065,0.007,36.26,,,,,890.6,964.6,69823.28
2026-08-20 01:53:12,deribit,BTC,BTC-30OCT26-100000-C,2026-10-30,100000,call,0.00223414,0.002,0.0025,41.43,,,,,0.2,0.2,70255.76
2026-08-20 01:53:12,deribit,BTC,BTC-23AUG26-59000-P,2026-08-23,59000,put,0.00014187,0.0001,0.0002,71.82,,,,,16.5,16.5,69709.53
2026-08-20 01:53:12,deribit,BTC,BTC-25DEC26-105000-C,2026-12-25,105000,call,0.00699757,0.0065,0.0075,41.85,,,,,831.8,0.3,70754.81
2026-08-20 01:53:12,deribit,BTC,BTC-25JUN27-94000-P,2027-06-25,94000,put,0.36420067,0.3615,0.367,41.6,,,,,0.0,0.0,72248.69
2026-08-20 01:53:12,deribit,BTC,BTC-25DEC26-52000-C,2026-12-25,52000,call,0.28262757,0.2805,0.2845,48.52,,,,,0.1,0.0,70754.81
2026-08-20 01:53:12,deribit,BTC,BTC-22AUG26-71000-P,2026-08-22,71000,put,0.02403783,0.023,0.025,39.68,,,,,1.8,2.5,69702.11
2026-08-20 01:53:12,deribit,BTC,BTC-25DEC26-58000-P,2026-12-25,58000,put,0.03111252,0.0305,0.0315,44.75,,,,,2188.4,5.3,70754.81
2026-08-20 01:53:12,deribit,BTC,BTC-21AUG26-63000-P,2026-08-21,63000,put,6.903e-05,,0.0001,67.96,,,,,376.6,255.1,69687.07
2026-08-20 01:53:12,deribit,BTC,BTC-25SEP26-145000-P,2026-09-25,145000,put,1.07138384,1.0565,1.081,79.07,,,,,0.2,0.0,70007.56
2026-08-20 01:53:12,deribit,BTC,BTC-30OCT26-100000-P,2026-10-30,100000,put,0.42559282,0.4225,0.4285,41.43,,,,,0.0,0.0,70255.76
2026-08-20 01:53:12,deribit,BTC,BTC-22AUG26-69000-P,2026-08-22,69000,put,0.00715613,0.0065,0.0075,36.8,,,,,15.2,15.2,69702.68
2026-08-20 01:53:12,deribit,BTC,BTC-28AUG26-105000-P,2026-08-28,105000,put,0.50545588,0.5025,0.508,100.04,,,,,1.0,0.0,69758.86
2026-08-20 01:53:12,deribit,BTC,BTC-30OCT26-55000-C,2026-10-30,55000,call,0.22719278,0.2255,0.229,46.11,,,,,0.1,0.1,70255.76
2026-08-20 01:53:12,deribit,BTC,BTC-25DEC26-94000-P,2026-12-25,94000,put,0.34389175,0.3405,0.3465,40.14,,,,,5.3,0.0,70754.81
2026-08-20 01:53:12,deribit,BTC,BTC-25DEC26-220000-C,2026-12-25,220000,call,0.00021199,0.0001,0.0004,63.13,,,,,252.8,0.0,70755.24
2026-08-20 01:53:12,deribit,BTC,BTC-4SEP26-68000-P,2026-09-04,68000,put,0.017306,0.017,0.018,35.39,,,,,212.5,273.8,69823.28
2026-08-20 01:53:12,deribit,BTC,BTC-26MAR27-80000-C,2027-03-26,80000,call,0.08126131,0.0805,0.0825,40.73,,,,,942.0,2.5,71473.59
2026-08-20 01:53:12,deribit,BTC,BTC-25SEP26-175000-P,2026-09-25,175000,put,1.49974844,1.4815,1.512,81.61,,,,,0.2,0.0,70007.07
2026-08-20 01:53:12,deribit,BTC,BTC-25JUN27-66000-C,2027-06-25,66000,call,0.19960988,0.1985,0.201,43.73,,,,,28.8,1.0,72248.69
2026-08-20 01:53:12,deribit,BTC,BTC-22AUG26-67500-C,2026-08-22,67500,call,0.03364977,0.0315,0.0355,37.87,,,,,1.2,1.2,69702.11
2026-08-20 01:53:12,deribit,BTC,BTC-25DEC26-56000-P,2026-12-25,56000,put,0.02569782,0.0255,0.0265,45.85,,,,,467.9,2.6,70754.81
2026-08-20 01:53:12,deribit,BTC,BTC-23AUG26-65000-P,2026-08-23,65000,put,0.00049764,0.0004,0.0006,40.59,,,,,29.5,30.5,69710.02
2026-08-20 01:53:12,deribit,BTC,BTC-28AUG26-75000-C,2026-08-28,75000,call,0.00304598,0.0029,0.0032,38.58,,,,,2930.0,964.2,69758.35
2026-08-20 01:53:12,deribit,BTC,BTC-25SEP26-75000-P,2026-09-25,75000,put,0.09052943,0.089,0.092,35.68,,,,,2964.1,2.3,70007.07
2026-08-20 01:53:12,deribit,BTC,BTC-22AUG26-63500-P,2026-08-22,63500,put,0.000178,0.0001,0.0003,53.11,,,,,102.8,102.5,69702.68
2026-08-20 01:53:12,deribit,BTC,BTC-25JUN27-66000-P,2027-06-25,66000,put,0.11315856,0.112,0.114,43.73,,,,,37.6,4.9,72248.69
2026-08-20 01:53:12,deribit,BTC,BTC-23AUG26-68000-C,2026-08-23,68000,call,0.02820075,0.0275,0.0295,32.97,,,,,28.4,33.2,69710.02
2026-08-20 01:53:12,deribit,BTC,BTC-22AUG26-68500-C,2026-08-22,68500,call,0.02208288,0.021,0.023,36.97,,,,,5.0,5.3,69702.11
2026-08-20 01:53:12,deribit,BTC,BTC-25DEC26-94000-C,2026-12-25,94000,call,0.01529632,0.015,0.0155,40.14,,,,,143.2,26.5,70754.81
2026-08-20 01:53:12,deribit,BTC,BTC-22AUG26-68000-C,2026-08-22,68000,call,0.02755671,0.0265,0.029,37.07,,,,,58.5,68.4,69702.68
2026-08-20 01:53:12,deribit,BTC,BTC-25DEC26-140000-C,2026-12-25,140000,call,0.00123063,0.001,0.0014,48.94,,,,,1464.9,13.1,70755.24
2026-08-20 01:53:12,deribit,BTC,BTC-30OCT26-71000-C,2026-10-30,71000,call,0.06087032,0.0605,0.0615,37.3,,,,,279.0,47.3,70255.76
2026-08-20 01:53:12,deribit,BTC,BTC-23AUG26-74000-P,2026-08-23,74000,put,0.06285676,0.057,0.066,42.63,,,,,0.0,0.0,69710.02
2026-08-20 01:53:12,deribit,BTC,BTC-23AUG26-60000-P,2026-08-23,60000,put,0.0001418,0.0001,0.0002,65.32,,,,,14.5,14.5,69709.53
2026-08-20 01:53:12,deribit,BTC,BTC-25SEP26-90000-C,2026-09-25,90000,call,0.00192237,0.0017,0.0021,43.04,,,,,3019.6,3.1,70007.07
2026-08-20 01:53:12,deribit,BTC,BTC-28AUG26-72000-C,2026-08-28,72000,call,0.00914526,0.0085,0.0095,35.3,,,,,2987.9,1338.7,69758.35
2026-08-20 01:53:12,deribit,BTC,BTC-25SEP26-56000-C,2026-09-25,56000,call,0.20377944,0.2025,0.205,46.67,,,,,13.4,0.0,70007.07
2026-08-20 01:53:12,deribit,BTC,BTC-25DEC26-76000-P,2026-12-25,76000,put,0.13842124,0.137,0.1395,39.75,,,,,142.1,1.2,70754.81
2026-08-20 01:53:12,deribit,BTC,BTC-25DEC26-250000-C,2026-12-25,250000,call,0.00015679,,0.0002,67.6,,,,,1120.9,0.1,70754.81
2026-08-20 01:53:12,deribit,BTC,BTC-25JUN27-85000-C,2027-06-25,85000,call,0.09226928,0.0915,0.0935,41.84,,,,,141.5,135.6,72248.69
2026-08-20 01:53:12,deribit,BTC,BTC-25JUN27-45000-P,2027-06-25,45000,put,0.02954898,0.0285,0.0305,50.82,,,,,157.6,9.4,72249.34
2026-08-20 01:53:12,deribit,BTC,BTC-25SEP26-62000-C,2026-09-25,62000,call,0.12504583,0.1235,0.127,40.12,,,,,598.0,7.4,70007.56
2026-08-20 01:53:12,deribit,BTC,BTC-26MAR27-70000-C,2027-03-26,70000,call,0.13782249,0.137,0.139,41.87,,,,,828.9,31.5,71473.59
2026-08-20 01:53:12,deribit,BTC,BTC-30OCT26-55000-P,2026-10-30,55000,put,0.01004006,0.01,0.0105,46.11,,,,,114.3,31.3,70255.76
2026-08-20 01:53:12,deribit,BTC,BTC-4SEP26-74000-P,2026-09-04,74000,put,0.06892326,0.067,0.071,35.72,,,,,0.0,0.0,69822.84
2026-08-20 01:53:12,deribit,BTC,BTC-23AUG26-69500-C,2026-08-23,69500,call,0.01400115,0.013,0.0145,33.14,,,,,49.5,50.9,69709.53
2026-08-20 01:53:12,deribit,BTC,BTC-25JUN27-160000-P,2027-06-25,160000,put,1.22108579,1.196,1.244,45.06,,,,,0.0,0.0,72248.69
2026-08-20 01:53:12,deribit,BTC,BTC-20AUG26-70000-P,2026-08-20,70000,put,0.0067382,0.006,0.007,37.22,,,,,0.7,1.0,69674.36
2026-08-20 01:53:12,deribit,BTC,BTC-25SEP26-70000-C,2026-09-25,70000,call,0.04532353,0.045,0.0455,36.03,,,,,11653.5,3225.8,70007.07
2026-08-20 01:53:12,deribit,BTC,BTC-23AUG26-63000-P,2026-08-23,63000,put,0.00023156,0.0002,0.0004,49.24,,,,,6.5,6.8,69709.53
2026-08-20 01:53:12,deribit,BTC,BTC-30OCT26-40000-P,2026-10-30,40000,put,0.00187843,0.0017,0.0021,64.23,,,,,71.5,1.1,70255.76
2026-08-20 01:53:12,deribit,BTC,BTC-28AUG26-88000-C,2026-08-28,88000,call,0.00032724,0.0002,0.0005,65.19,,,,,188.3,30.1,69758.86
2026-08-20 01:53:12,deribit,BTC,BTC-22AUG26-65000-P,2026-08-22,65000,put,0.00039097,0.0003,0.0005,46.71,,,,,100.0,110.4,69702.68
2026-08-20 01:53:12,deribit,BTC,BTC-25SEP26-260000-P,2026-09-25,260000,put,2.71388463,2.6835,2.7315,81.65,,,,,0.0,0.0,70007.07
2026-08-20 01:53:12,deribit,BTC,BTC-4SEP26-74000-C,2026-09-04,74000,call,0.00910482,0.009,0.0095,35.72,,,,,650.4,670.8,69822.84
2026-08-20 01:53:12,deribit,BTC,BTC-28AUG26-55000-P,2026-08-28,55000,put,0.00011958,,0.0002,60.83,,,,,1168.1,112.4,69758.86
2026-08-20 01:53:12,deribit,BTC,BTC-28AUG26-77000-P,2026-08-28,77000,put,0.10556574,0.1035,0.108,42.13,,,,,3.4,0.0,69758.86
2026-08-20 01:53:12,deribit,BTC,BTC-26MAR27-85000-C,2027-03-26,85000,call,0.06177188,0.061,0.063,40.53,,,,,94.4,1.8,71473.59
2026-08-20 01:53:12,deribit,BTC,BTC-22AUG26-64000-C,2026-08-22,64000,call,0.08200509,0.0805,0.0835,51.38,,,,,28.1,33.0,69702.11
2026-08-20 01:53:12,deribit,BTC,BTC-20AUG26-68500-C,2026-08-20,68500,call,0.01711137,0.0155,0.019,42.1,,,,,68.7,83.5,69674.36
2026-08-20 01:53:12,deribit,BTC,BTC-30OCT26-95000-P,2026-10-30,95000,put,0.35567107,0.3525,0.3585,39.57,,,,,0.1,0.0,70255.76
2026-08-20 01:53:12,deribit,BTC,BTC-26MAR27-45000-P,2027-03-26,45000,put,0.01891213,0.0185,0.0195,51.5,,,,,253.9,3.1,71473.59
2026-08-20 01:53:12,deribit,BTC,BTC-25DEC26-110000-P,2026-12-25,110000,put,0.55984458,0.5565,0.563,42.79,,,,,54.2,0.0,70755.24
2026-08-20 01:53:12,deribit,BTC,BTC-21AUG26-64000-C,2026-08-21,64000,call,0.08165107,0.0805,0.083,60.15,,,,,333.5,8.4,69687.55
2026-08-20 01:53:12,deribit,BTC,BTC-28AUG26-67000-P,2026-08-28,67000,put,0.00684549,0.0065,0.007,35.59,,,,,153.6,186.2,69758.35
2026-08-20 01:53:12,deribit,BTC,BTC-23AUG26-63000-C,2026-08-23,63000,call,0.09643834,0.0925,0.102,49.24,,,,,0.0,0.0,69709.53
2026-08-20 01:53:12,deribit,BTC,BTC-26MAR27-52000-P,2027-03-26,52000,put,0.03283395,0.032,0.0335,47.33,,,,,126.2,3.4,71473.59
2026-08-20 01:53:12,deribit,BTC,BTC-25DEC26-65000-P,2026-12-25,65000,put,0.05919188,0.0585,0.06,41.87,,,,,895.6,6.1,70754.81
2026-08-20 01:53:12,deribit,BTC,BTC-20AUG26-65500-C,2026-08-20,65500,call,0.05987272,0.0585,0.0615,78.25,,,,,548.0,495.4,69674.36
2026-08-20 01:53:12,deribit,BTC,BTC-22AUG26-62500-P,2026-08-22,62500,put,0.00013891,0.0001,0.0002,59.03,,,,,37.3,23.1,69702.68
2026-08-20 01:53:12,deribit,BTC,BTC-30OCT26-61000-P,2026-10-30,61000,put,0.02140785,0.021,0.022,41.36,,,,,193.2,7.8,70255.76
2026-08-20 01:53:12,deribit,BTC,BTC-4SEP26-71000-C,2026-09-04,71000,call,0.02106296,0.0205,0.0215,34.91,,,,,928.5,1694.9,69822.84
2026-08-20 01:53:12,deribit,BTC,BTC-20AUG26-60000-C,2026-08-20,60000,call,0.13880732,0.1365,0.1425,87.31,,,,,0.0,0.0,69674.36
2026-08-20 01:53:12,deribit,BTC,BTC-28AUG26-63000-P,2026-08-28,63000,put,0.00127795,0.0011,0.0013,41.5,,,,,776.5,106.6,69758.35
2026-08-20 01:53:12,deribit,BTC,BTC-25JUN27-130000-C,2027-06-25,130000,call,0.01569319,0.015,0.0165,42.87,,,,,668.3,2.8,72249.34
2026-08-20 01:53:12,deribit,BTC,BTC-21AUG26-66500-P,2026-08-21,66500,put,0.00038297,0.0003,0.0005,44.76,,,,,32.9,36.8,69687.07
2026-08-20 01:53:12,deribit,BTC,BTC-28AUG26-110000-P,2026-08-28,110000,put,0.57702345,0.574,0.5805,100.84,,,,,0.2,0.0,69758.86
2026-08-20 01:53:12,deribit,BTC,BTC-25DEC26-40000-C,2026-12-25,40000,call,0.44085866,0.439,0.4445,60.49,,,,,250.9,0.0,70754.81
2026-08-20 01:53:12,deribit,BTC,BTC-25JUN27-60000-P,2027-06-25,60000,put,0.07993391,0.079,0.081,44.98,,,,,155.3,19.3,72248.69
2026-08-20 01:53:12,deribit,BTC,BTC-22AUG26-64000-P,2026-08-22,64000,put,0.00024184,0.0001,0.0003,51.38,,,,,62.6,42.6,69702.11
2026-08-20 01:53:12,deribit,BTC,BTC-23AUG26-71000-P,2026-08-23,71000,put,0.02452297,0.0235,0.025,34.78,,,,,0.8,0.8,69710.02
2026-08-20 01:53:12,deribit,BTC,BTC-25DEC26-125000-P,2026-12-25,125000,put,0.76903018,0.7655,0.775,45.81,,,,,9.1,0.0,70754.81
2026-08-20 01:53:12,deribit,BTC,BTC-25DEC26-135000-P,2026-12-25,135000,put,0.90958746,0.9055,0.9135,47.96,,,,,0.7,0.1,70754.81
2026-08-20 01:53:12,deribit,BTC,BTC-26MAR27-105000-C,2027-03-26,105000,call,0.02084381,0.02,0.0215,41.03,,,,,197.5,10.6,71473.59
2026-08-20 01:53:12,deribit,BTC,BTC-26MAR27-100000-P,2027-03-26,100000,put,0.42631,0.4225,0.4295,40.75,,,,,12.1,0.0,71474.17
2026-08-20 01:53:12,deribit,BTC,BTC-28AUG26-58000-P,2026-08-28,58000,put,0.00024555,0.0002,0.0003,52.77,,,,,1250.0,631.0,69758.86
2026-08-20 01:53:12,deribit,BTC,BTC-20AUG26-70000-C,2026-08-20,70000,call,0.00201341,0.0018,0.0023,37.22,,,,,82.0,220.2,69674.36
2026-08-20 01:53:12,deribit,BTC,BTC-28AUG26-81000-P,2026-08-28,81000,put,0.16200603,0.16,0.1645,50.92,,,,,0.1,0.0,69758.86
2026-08-20 01:53:12,deribit,BTC,BTC-23AUG26-64000-C,2026-08-23,64000,call,0.08216238,0.0785,0.086,44.24,,,,,0.0,0.0,69709.53
2026-08-20 01:53:12,deribit,BTC,BTC-21AUG26-63000-C,2026-08-21,63000,call,0.09598217,0.095,0.0975,67.96,,,,,268.8,2.4,69687.07
2026-08-20 01:53:12,deribit,BTC,BTC-4SEP26-71000-P,2026-09-04,71000,put,0.03791579,0.037,0.0385,34.91,,,,,14.5,14.5,69822.84
2026-08-20 01:53:12,deribit,BTC,BTC-26MAR27-110000-P,2027-03-26,110000,put,0.55512998,0.5505,0.5585,41.28,,,,,4.3,0.0,71473.59
2026-08-20 01:53:12,deribit,BTC,BTC-25JUN27-130000-P,2027-06-25,130000,put,0.81510724,0.809,0.821,42.87,,,,,1.4,0.0,72249.34
2026-08-20 01:53:12,deribit,BTC,BTC-25DEC26-20000-P,2026-12-25,20000,put,0.00068778,0.0006,0.0009,88.37,,,,,119.9,7.2,70755.24
2026-08-20 01:53:12,deribit,BTC,BTC-26MAR27-52000-C,2027-03-26,52000,call,0.3052587,0.304,0.308,47.33,,,,,5.2,0.0,71473.59
2026-08-20 01:53:12,deribit,BTC,BTC-25SEP26-90000-P,2026-09-25,90000,put,0.28749782,0.285,0.2895,43.04,,,,,586.2,3.0,70007.07
2026-08-20 01:53:12,deribit,BTC,BTC-21AUG26-70000-P,2026-08-21,70000,put,0.0116677,0.011,0.012,39.33,,,,,233.0,235.2,69687.55
2026-08-20 01:53:12,deribit,BTC,BTC-30OCT26-74000-C,2026-10-30,74000,call,0.04310305,0.0425,0.0435,36.72,,,,,209.0,27.5,70255.76
2026-08-20 01:53:12,deribit,BTC,BTC-25JUN27-50000-P,2027-06-25,50000,put,0.04178222,0.041,0.0425,48.34,,,,,300.6,16.3,72249.34
2026-08-20 01:53:12,deribit,BTC,BTC-25SEP26-320000-P,2026-09-25,320000,put,3.57093491,3.5375,3.5885,85.42,,,,,25.1,0.0,70007.07
2026-08-20 01:53:12,deribit,BTC,BTC-26MAR27-68000-C,2027-03-26,68000,call,0.1522613,0.1515,0.1535,42.22,,,,,97.6,0.4,71473.59
2026-08-20 01:53:12,deribit,BTC,BTC-28AUG26-46000-P,2026-08-28,46000,put,8.88e-06,,0.0001,81.61,,,,,1628.8,109.1,69758.86
2026-08-20 01:53:12,deribit,BTC,BTC-23AUG26-65500-P,2026-08-23,65500,put,0.00063406,0.0005,0.0008,38.6,,,,,88.8,89.1,69710.02
2026-08-20 01:53:12,deribit,BTC,BTC-25DEC26-52000-P,2026-12-25,52000,put,0.01759525,0.017,0.018,48.52,,,,,491.3,113.3,70754.81
2026-08-20 01:53:12,deribit,BTC,BTC-25JUN27-80000-C,2027-06-25,80000,call,0.11383383,0.113,0.115,42.13,,,,,75.4,5.8,72248.69
2026-08-20 01:53:12,deribit,BTC,BTC-21AUG26-67000-P,2026-08-21,67000,put,0.00057473,0.0004,0.0007,42.1,,,,,652.2,929.1,69687.07
2026-08-20 01:53:12,deribit,BTC,BTC-26MAR27-140000-C,2027-03-26,140000,call,0.0048219,0.0043,0.0055,44.89,,,,,787.9,22.3,71473.59
2026-08-20 01:53:12,deribit,BTC,BTC-25SEP26-94000-C,2026-09-25,94000,call,0.0013176,0.0011,0.0014,46.08,,,,,164.5,20.7,70007.07
2026-08-20 01:53:12,deribit,BTC,BTC-25DEC26-62000-C,2026-12-25,62000,call,0.16899643,0.169,0.17,42.97,,,,,255.2,0.1,70754.81
2026-08-20 01:53:12,deribit,BTC,BTC-30OCT26-71000-P,2026-10-30,71000,put,0.07145498,0.0705,0.072,37.3,,,,,0.4,0.7,70255.76
2026-08-20 01:53:12,deribit,BTC,BTC-25JUN27-82000-C,2027-06-25,82000,call,0.10465739,0.104,0.1055,41.99,,,,,60.3,0.0,72248.69
2026-08-20 01:53:12,deribit,BTC,BTC-25JUN27-110000-C,2027-06-25,110000,call,0.03276758,0.032,0.034,41.85,,,,,265.1,56.7,72249.34
2026-08-20 01:53:12,deribit,BTC,BTC-25SEP26-30000-C,2026-09-25,30000,call,0.57165172,0.571,0.5725,97.63,,,,,134.0,0.0,70007.07
2026-08-20 01:53:12,deribit,BTC,BTC-21AUG26-53000-P,2026-08-21,53000,put,1e-08,,0.0001,98.97,,,,,123.7,0.0,69687.07
2026-08-20 01:53:12,deribit,BTC,BTC-25JUN27-85000-P,2027-06-25,85000,put,0.26880924,0.266,0.271,41.84,,,,,6.8,0.0,72248.69
2026-08-20 01:53:12,deribit,BTC,BTC-26MAR27-108000-C,2027-03-26,108000,call,0.01784849,0.017,0.0185,41.21,,,,,57.3,0.3,71474.17
2026-08-20 01:53:12,deribit,BTC,BTC-25DEC26-96000-C,2026-12-25,96000,call,0.01312432,0.0125,0.0135,40.38,,,,,1337.1,11.9,70754.81
2026-08-20 01:53:12,deribit,BTC,BTC-22AUG26-64500-P,2026-08-22,64500,put,0.00028943,0.0002,0.0004,48.63,,,,,71.6,72.2,69702.68
2026-08-20 01:53:12,deribit,BTC,BTC-25SEP26-170000-C,2026-09-25,170000,call,2.843e-05,,0.0002,81.61,,,,,359.5,3.0,70007.56
2026-08-20 01:53:12,deribit,BTC,BTC-25JUN27-170000-C,2027-06-25,170000,call,0.00516649,0.0046,0.0055,46.06,,,,,56.8,4.9,72248.69
2026-08-20 01:53:12,deribit,BTC,BTC-25DEC26-60000-C,2026-12-25,60000,call,0.18958222,0.1885,0.1905,43.8,,,,,787.1,3.8,70754.81
2026-08-20 01:53:12,deribit,BTC,BTC-25SEP26-190000-P,2026-09-25,190000,put,1.71399765,1.694,1.7255,81.61,,,,,0.0,0.0,70007.56
2026-08-20 01:53:12,deribit,BTC,BTC-28AUG26-83000-C,2026-08-28,83000,call,0.00060982,0.0005,0.0007,55.41,,,,,563.9,89.7,69758.86
2026-08-20 01:53:12,deribit,BTC,BTC-25DEC26-68000-C,2026-12-25,68000,call,0.11522527,0.1145,0.116,41.02,,,,,927.3,27.3,70754.81
2026-08-20 01:53:12,deribit,BTC,BTC-20AUG26-65500-P,2026-08-20,65500,put,8.06e-06,,0.0001,78.25,,,,,33.9,45.6,69674.36
2026-08-20 01:53:12,deribit,BTC,BTC-20AUG26-59000-C,2026-08-20,59000,call,0.15316053,0.151,0.158,87.31,,,,,0.0,0.0,69674.36
2026-08-20 01:53:12,deribit,BTC,BTC-28AUG26-73000-C,2026-08-28,73000,call,0.00627096,0.006,0.0065,36.16,,,,,2455.1,939.2,69758.35
2026-08-20 01:53:12,deribit,BTC,BTC-25JUN27-40000-C,2027-06-25,40000,call,0.46705641,0.466,0.469,53.96,,,,,17.0,0.0,72248.69
2026-08-20 01:53:12,deribit,BTC,BTC-28AUG26-74000-C,2026-08-28,74000,call,0.00429936,0.0041,0.0045,37.17,,,,,2521.0,1264.9,69758.35
2026-08-20 01:53:12,deribit,BTC,BTC-25SEP26-94000-P,2026-09-25,94000,put,0.34402973,0.3415,0.3465,46.08,,,,,1.9,0.0,70007.56
2026-08-20 01:53:12,deribit,BTC,BTC-20AUG26-71000-C,2026-08-20,71000,call,0.00036848,0.0003,0.0005,47.56,,,,,41.9,71.8,69674.36
2026-08-20 01:53:12,deribit,BTC,BTC-26MAR27-100000-C,2027-03-26,100000,call,0.02712682,0.0265,0.028,40.75,,,,,584.1,17.4,71473.59
2026-08-20 01:53:12,deribit,BTC,BTC-22AUG26-68000-P,2026-08-22,68000,put,0.00318327,0.0029,0.0032,37.07,,,,,69.3,71.5,69702.11
2026-08-20 01:53:12,deribit,BTC,BTC-26MAR27-68000-P,2027-03-26,68000,put,0.10370587,0.1025,0.1045,42.22,,,,,78.7,3.7,71473.59
2026-08-20 01:53:12,deribit,BTC,BTC-20AUG26-68000-C,2026-08-20,68000,call,0.02412124,0.023,0.0255,48.35,,,,,93.8,163.4,69673.79
2026-08-20 01:53:12,deribit,BTC,BTC-26MAR27-55000-P,2027-03-26,55000,put,0.04143146,0.0405,0.0425,45.96,,,,,1358.5,9.9,71473.59
2026-08-20 01:53:12,deribit,BTC,BTC-22AUG26-72000-P,2026-08-22,72000,put,0.03591101,0.034,0.038,42.07,,,,,0.0,0.0,69702.68
2026-08-20 01:53:12,deribit,BTC,BTC-25JUN27-150000-C,2027-06-25,150000,call,0.00839374,0.0075,0.009,44.26,,,,,103.0,1.8,72248.69
2026-08-20 01:53:12,deribit,BTC,BTC-22AUG26-66500-P,2026-08-22,66500,put,0.00098779,0.0008,0.001,40.74,,,,,163.1,197.8,69702.11
2026-08-20 01:53:12,deribit,BTC,BTC-25SEP26-58000-C,2026-09-25,58000,call,0.17670712,0.1755,0.178,44.24,,,,,460.8,0.0,70007.07
2026-08-20 01:53:12,deribit,BTC,BTC-20AUG26-67000-C,2026-08-20,67000,call,0.0383492,0.037,0.04,54.52,,,,,122.7,166.5,69673.79
2026-08-20 01:53:12,deribit,BTC,BTC-20AUG26-59000-P,2026-08-20,59000,put,0.0,,0.0001,87.31,,,,,9.6,0.0,69673.79
2026-08-20 01:53:12,deribit,BTC,BTC-22AUG26-69000-C,2026-08-22,69000,call,0.01718213,0.0165,0.018,36.8,,,,,103.4,132.3,69702.11
2026-08-20 01:53:12,deribit,BTC,BTC-30OCT26-54000-C,2026-10-30,54000,call,0.24028103,0.239,0.242,47.07,,,,,0.1,0.1,70255.76
2026-08-20 01:53:12,deribit,BTC,BTC-28AUG26-59000-P,2026-08-28,59000,put,0.00037417,0.0003,0.0005,51.25,,,,,1143.1,609.3,69758.86
2026-08-20 01:53:12,deribit,BTC,BTC-4SEP26-55000-C,2026-09-04,55000,call,0.21282909,0.2115,0.2145,53.98,,,,,0.0,0.0,69822.84
2026-08-20 01:53:12,deribit,BTC,BTC-25JUN27-52000-P,2027-06-25,52000,put,0.0478563,0.047,0.049,47.52,,,,,30.9,0.7,72248.69
2026-08-20 01:53:12,deribit,BTC,BTC-20AUG26-63000-C,2026-08-20,63000,call,0.09574772,0.0945,0.097,87.07,,,,,13.7,8.8,69674.36
2026-08-20 01:53:12,deribit,BTC,BTC-25SEP26-78000-P,2026-09-25,78000,put,0.1252383,0.123,0.1275,36.21,,,,,625.3,0.0,70007.07
2026-08-20 01:53:12,deribit,BTC,BTC-21AUG26-75000-P,2026-08-21,75000,put,0.07682779,0.075,0.079,68.13,,,,,0.2,0.1,69687.55
2026-08-20 01:53:12,deribit,BTC,BTC-30OCT26-82000-P,2026-10-30,82000,put,0.18286223,0.18,0.185,36.53,,,,,0.2,0.2,70255.76
2026-08-20 01:53:12,deribit,BTC,BTC-26MAR27-106000-P,2027-03-26,106000,put,0.50290608,0.4985,0.506,41.08,,,,,0.1,0.0,71473.59
2026-08-20 01:53:12,deribit,BTC,BTC-23AUG26-64500-P,2026-08-23,64500,put,0.00039447,0.0003,0.0005,42.57,,,,,24.0,24.1,69710.02
2026-08-20 01:53:12,deribit,BTC,BTC-28AUG26-67000-C,2026-08-28,67000,call,0.04633942,0.0455,0.0475,35.59,,,,,1909.0,721.2,69758.86
2026-08-20 01:53:12,deribit,BTC,BTC-26MAR27-125000-P,2027-03-26,125000,put,0.75713973,0.752,0.7605,42.83,,,,,0.1,0.0,71473.59
2026-08-20 01:53:12,deribit,BTC,BTC-28AUG26-105000-C,2026-08-28,105000,call,0.00018377,,0.0002,100.04,,,,,329.3,188.2,69758.86
2026-08-20 01:53:12,deribit,BTC,BTC-25SEP26-300000-P,2026-09-25,300000,put,3.28525148,3.254,3.305,84.97,,,,,0.0,0.0,70007.07
2026-08-20 01:53:12,deribit,BTC,BTC-26MAR27-115000-C,2027-03-26,115000,call,0.01264678,0.012,0.0135,41.76,,,,,763.2,1.5,71473.59
2026-08-20 01:53:12,deribit,BTC,BTC-28AUG26-48000-C,2026-08-28,48000,call,0.31190864,0.3105,0.3135,81.61,,,,,37.5,0.0,69758.86
2026-08-20 01:53:12,deribit,BTC,BTC-23AUG26-75000-C,2026-08-23,75000,call,0.00091001,0.0008,0.001,46.58,,,,,8.4,8.4,69710.02
2026-08-20 01:53:12,deribit,BTC,BTC-26MAR27-86000-C,2027-03-26,86000,call,0.05845356,0.0575,0.0595,40.51,,,,,137.7,0.0,71473.59
2026-08-20 01:53:12,deribit,BTC,BTC-22AUG26-62000-P,2026-08-22,62000,put,0.00012576,0.0001,0.0002,62.09,,,,,57.9,45.0,69702.11
2026-08-20 01:53:12,deribit,BTC,BTC-20AUG26-66500-P,2026-08-20,66500,put,1.57e-05,,0.0001,64.44,,,,,19.3,20.3,69674.36
2026-08-20 01:53:12,deribit,BTC,BTC-28AUG26-46000-C,2026-08-28,46000,call,0.34055634,0.3395,0.342,81.61,,,,,1.0,0.0,69758.86
2026-08-20 01:53:12,deribit,BTC,BTC-30OCT26-54000-P,2026-10-30,54000,put,0.00889472,0.0085,0.0095,47.07,,,,,157.8,21.6,70255.76
2026-08-20 01:53:12,deribit,BTC,BTC-25DEC26-210000-P,2026-12-25,210000,put,1.96835084,1.944,1.9905,60.87,,,,,0.0,0.0,70755.24
2026-08-20 01:53:12,deribit,BTC,BTC-25SEP26-35000-P,2026-09-25,35000,put,0.00024427,0.0002,0.0003,83.57,,,,,890.0,13.1,70007.56
2026-08-20 01:53:12,deribit,BTC,BTC-25JUN27-80000-P,2027-06-25,80000,put,0.22116556,0.2195,0.223,42.13,,,,,8.5,0.0,72248.63
2026-08-20 01:53:12,deribit,BTC,BTC-25DEC26-55000-P,2026-12-25,55000,put,0.02340301,0.023,0.024,46.49,,,,,996.7,20.9,70754.81
2026-08-20 01:53:12,deribit,BTC,BTC-25SEP26-98000-C,2026-09-25,98000,call,0.00098636,0.0008,0.0011,49.27,,,,,359.9,14.5,70007.56
2026-08-20 01:53:12,deribit,BTC,BTC-22AUG26-59000-C,2026-08-22,59000,call,0.15351614,0.151,0.157,69.36,,,,,0.0,0.0,69702.68
2026-08-20 01:53:12,deribit,BTC,BTC-21AUG26-68500-C,2026-08-21,68500,call,0.01971509,0.019,0.021,37.57,,,,,34.8,51.8,69687.07
2026-08-20 01:53:12,deribit,BTC,BTC-23AUG26-66500-P,2026-08-23,66500,put,0.00118287,0.001,0.0013,35.46,,,,,12.2,12.2,69709.53
2026-08-20 01:53:12,deribit,BTC,BTC-25SEP26-64000-P,2026-09-25,64000,put,0.01553094,0.015,0.0155,38.55,,,,,741.4,257.6,70007.07
2026-08-20 01:53:12,deribit,BTC,BTC-25SEP26-135000-P,2026-09-25,135000,put,0.9285715,0.925,0.9325,73.24,,,,,11.5,0.0,70007.56
2026-08-20 01:53:12,deribit,BTC,BTC-23AUG26-73000-C,2026-08-23,73000,call,0.00194957,0.0017,0.0021,39.29,,,,,23.8,25.9,69709.53
2026-08-20 01:53:12,deribit,BTC,BTC-25JUN27-30000-P,2027-06-25,30000,put,0.01021703,0.01,0.0105,62.95,,,,,348.3,5.0,72249.34
2026-08-20 01:53:12,deribit,BTC,BTC-28AUG26-56000-P,2026-08-28,56000,put,0.00015572,0.0001,0.0003,58.34,,,,,1525.5,75.4,69758.86
2026-08-20 01:53:12,deribit,BTC,BTC-25DEC26-80000-C,2026-12-25,80000,call,0.04702574,0.047,0.0475,39.57,,,,,8559.4,210.9,70754.81
2026-08-20 01:53:12,deribit,BTC,BTC-23AUG26-62500-P,2026-08-23,62500,put,0.00018124,0.0001,0.0003,50.88,,,,,7.0,7.0,69709.53
2026-08-20 01:53:12,deribit,BTC,BTC-25DEC26-105000-P,2026-12-25,105000,put,0.49106693,0.4875,0.494,41.85,,,,,109.4,0.0,70754.81
2026-08-20 01:53:12,deribit,BTC,BTC-25SEP26-100000-P,2026-09-25,100000,put,0.42926067,0.427,0.4325,50.64,,,,,430.9,0.1,70007.56
2026-08-20 01:53:12,deribit,BTC,BTC-25DEC26-200000-P,2026-12-25,200000,put,1.82703246,1.7985,1.848,58.98,,,,,0.0,0.0,70755.24
2026-08-20 01:53:12,deribit,BTC,BTC-28AUG26-64000-C,2026-08-28,64000,call,0.08437344,0.083,0.086,39.52,,,,,761.7,22.6,69758.86
2026-08-20 01:53:12,deribit,BTC,BTC-30OCT26-64000-P,2026-10-30,64000,put,0.03146245,0.031,0.032,39.71,,,,,571.3,154.2,70255.76
2026-08-20 01:53:12,deribit,BTC,BTC-28AUG26-71000-C,2026-08-28,71000,call,0.01334901,0.013,0.0135,34.83,,,,,2095.9,2254.6,69758.86
2026-08-20 01:53:12,deribit,BTC,BTC-25SEP26-102000-C,2026-09-25,102000,call,0.00071707,0.0006,0.0009,51.88,,,,,137.4,36.1,70007.07
2026-08-20 01:53:12,deribit,BTC,BTC-30OCT26-75000-C,2026-10-30,75000,call,0.03821464,0.0375,0.0385,36.6,,,,,350.4,192.9,70255.76
2026-08-20 01:53:12,deribit,BTC,BTC-26MAR27-102000-C,2027-03-26,102000,call,0.02442665,0.0235,0.0255,40.87,,,,,122.7,16.9,71473.59
2026-08-20 01:53:12,deribit,BTC,BTC-25DEC26-170000-P,2026-12-25,170000,put,1.40323787,1.382,1.4245,54.22,,,,,0.0,0.0,70754.81
2026-08-20 01:53:12,deribit,BTC,BTC-26MAR27-60000-C,2027-03-26,60000,call,0.22102408,0.2195,0.224,44.27,,,,,718.0,0.8,71473.59
2026-08-20 01:53:12,deribit,BTC,BTC-23AUG26-73000-P,2026-08-23,73000,put,0.04919621,0.043,0.0535,39.29,,,,,0.0,0.0,69710.02
2026-08-20 01:53:12,deribit,BTC,BTC-25DEC26-78000-P,2026-12-25,78000,put,0.15744841,0.156,0.1585,39.62,,,,,235.6,7.1,70754.81
2026-08-20 01:53:12,deribit,BTC,BTC-28AUG26-71000-P,2026-08-28,71000,put,0.03119967,0.0305,0.032,34.83,,,,,11.2,0.6,69758.86
2026-08-20 01:53:12,deribit,BTC,BTC-28AUG26-63000-C,2026-08-28,63000,call,0.09811469,0.0965,0.1,41.5,,,,,949.7,23.4,69758.35
2026-08-20 01:53:12,deribit,BTC,BTC-25JUN27-76000-P,2027-06-25,76000,put,0.18630145,0.1845,0.187,42.47,,,,,9.2,0.0,72248.69
2026-08-20 01:53:12,deribit,BTC,BTC-21AUG26-68000-C,2026-08-21,68000,call,0.02570139,0.025,0.0265,38.19,,,,,1848.1,1276.4,69687.07
2026-08-20 01:53:12,deribit,BTC,BTC-25SEP26-80000-C,2026-09-25,80000,call,0.00768698,0.0075,0.008,36.8,,,,,3513.4,398.3,70007.07
2026-08-20 01:53:12,deribit,BTC,BTC-22AUG26-73000-P,2026-08-22,73000,put,0.04902355,0.047,0.051,45.3,,,,,0.0,0.0,69702.11
2026-08-20 01:53:12,deribit,BTC,BTC-23AUG26-59000-C,2026-08-23,59000,call,0.15373235,0.15,0.157,71.82,,,,,0.0,0.0,69709.53
2026-08-20 01:53:12,deribit,BTC,BTC-20AUG26-72000-C,2026-08-20,72000,call,0.00015773,0.0001,0.0003,63.28,,,,,44.9,61.2,69674.36
2026-08-20 01:53:12,deribit,BTC,BTC-30OCT26-85000-C,2026-10-30,85000,call,0.01071411,0.01,0.011,36.91,,,,,28.4,15.9,70255.76
2026-08-20 01:53:12,deribit,BTC,BTC-20AUG26-64500-C,2026-08-20,64500,call,0.07422017,0.073,0.0755,87.03,,,,,179.5,38.1,69673.79
2026-08-20 01:53:12,deribit,BTC,BTC-25JUN27-78000-C,2027-06-25,78000,call,0.12375271,0.123,0.125,42.3,,,,,12.3,2.2,72248.69
2026-08-20 01:53:12,deribit,BTC,BTC-30OCT26-66000-P,2026-10-30,66000,put,0.0403616,0.04,0.041,38.85,,,,,136.4,143.1,70255.76
2026-08-20 01:53:12,deribit,BTC,BTC-28AUG26-58000-C,2026-08-28,58000,call,0.16876191,0.167,0.1705,52.77,,,,,155.0,0.1,69758.86
2026-08-20 01:53:12,deribit,BTC,BTC-25DEC26-72000-C,2026-12-25,72000,call,0.08678832,0.0865,0.0875,40.22,,,,,1224.3,73.5,70754.81
2026-08-20 01:53:12,deribit,BTC,BTC-25SEP26-78000-C,2026-09-25,78000,call,0.01107292,0.0105,0.0115,36.21,,,,,5440.1,645.0,70007.07
2026-08-20 01:53:12,deribit,BTC,BTC-25JUN27-62000-C,2027-06-25,62000,call,0.23192419,0.231,0.234,44.51,,,,,116.9,0.0,72249.34
2026-08-20 01:53:12,deribit,BTC,BTC-25SEP26-92000-P,2026-09-25,92000,put,0.31574941,0.3135,0.318,44.69,,,,,4.3,0.0,70007.07
2026-08-20 01:53:12,deribit,BTC,BTC-25DEC26-40000-P,2026-12-25,40000,put,0.00621842,0.006,0.0065,60.49,,,,,4462.8,51.6,70754.81
2026-08-20 01:53:12,deribit,BTC,BTC-23AUG26-68500-C,2026-08-23,68500,call,0.02285817,0.022,0.024,32.99,,,,,24.4,25.5,69709.53
2026-08-20 01:53:12,deribit,BTC,BTC-25DEC26-135000-C,2026-12-25,135000,call,0.00149828,0.0013,0.0016,47.96,,,,,1112.9,2.3,70754.81
2026-08-20 01:53:12,deribit,BTC,BTC-26MAR27-58000-C,2027-03-26,58000,call,0.24050985,0.239,0.243,44.83,,,,,5.1,0.2,71473.59
2026-08-20 01:53:12,deribit,BTC,BTC-26MAR27-94000-C,2027-03-26,94000,call,0.03762814,0.037,0.0385,40.56,,,,,141.7,0.2,71473.59
2026-08-20 01:53:12,deribit,BTC,BTC-28AUG26-53000-P,2026-08-28,53000,put,8.232e-05,,0.0002,66.76,,,,,1893.6,120.8,69758.86
2026-08-20 01:53:12,deribit,BTC,BTC-28AUG26-66000-P,2026-08-28,66000,put,0.00442257,0.0042,0.0045,36.62,,,,,255.4,102.1,69758.35
2026-08-20 01:53:12,deribit,BTC,BTC-23AUG26-65000-C,2026-08-23,65000,call,0.06801257,0.065,0.072,40.59,,,,,0.0,0.0,69709.53
2026-08-20 01:53:12,deribit,BTC,BTC-26MAR27-72000-C,2027-03-26,72000,call,0.12449019,0.1235,0.1255,41.57,,,,,96.3,0.5,71473.59
2026-08-20 01:53:12,deribit,BTC,BTC-30OCT26-76000-C,2026-10-30,76000,call,0.0338046,0.033,0.034,36.51,,,,,190.8,100.2,70255.76
2026-08-20 01:53:12,deribit,BTC,BTC-25DEC26-104000-P,2026-12-25,104000,put,0.47740406,0.4735,0.48,41.66,,,,,0.1,0.0,70754.81
2026-08-20 01:53:12,deribit,BTC,BTC-20AUG26-58000-P,2026-08-20,58000,put,0.0,,0.0001,87.31,,,,,11.2,0.0,69673.79
2026-08-20 01:53:12,deribit,BTC,BTC-25JUN27-50000-C,2027-06-25,50000,call,0.34969989,0.348,0.3525,48.34,,,,,17.6,0.2,72249.34
2026-08-20 01:53:12,deribit,BTC,BTC-22AUG26-74000-P,2026-08-22,74000,put,0.0627619,0.0585,0.066,49.26,,,,,0.0,0.0,69702.68
2026-08-20 01:53:12,deribit,BTC,BTC-25DEC26-55000-C,2026-12-25,55000,call,0.24603334,0.244,0.248,46.49,,,,,44.9,0.0,70754.81
2026-08-20 01:53:12,deribit,BTC,BTC-25SEP26-52000-C,2026-09-25,52000,call,0.25925415,0.2575,0.2605,52.44,,,,,150.0,0.0,70007.56
2026-08-20 01:53:12,deribit,BTC,BTC-28AUG26-69000-P,2026-08-28,69000,put,0.01578197,0.015,0.016,34.77,,,,,361.5,386.5,69758.86
2026-08-20 01:53:12,deribit,BTC,BTC-25DEC26-240000-C,2026-12-25,240000,call,0.00022041,0.0001,0.0004,67.54,,,,,804.5,0.1,70754.81
2026-08-20 01:53:12,deribit,BTC,BTC-20AUG26-57000-C,2026-08-20,57000,call,0.18186696,0.1795,0.1855,87.31,,,,,0.1,0.1,69674.36
2026-08-20 01:53:12,deribit,BTC,BTC-23AUG26-67500-P,2026-08-23,67500,put,0.00254336,0.0023,0.0027,33.64,,,,,2.6,2.6,69709.53
2026-08-20 01:53:12,deribit,BTC,BTC-26MAR27-66000-P,2027-03-26,66000,put,0.09128685,0.0905,0.092,42.64,,,,,124.2,1.1,71473.59
2026-08-20 01:53:12,deribit,BTC,BTC-25DEC26-75000-C,2026-12-25,75000,call,0.06932485,0.069,0.07,39.83,,,,,1957.2,30.8,70755.24
2026-08-20 01:53:12,deribit,BTC,BTC-22AUG26-62000-C,2026-08-22,62000,call,0.1105839,0.108,0.114,62.09,,,,,0.1,0.0,69702.68
2026-08-20 01:53:12,deribit,BTC,BTC-26MAR27-35000-P,2027-03-26,35000,put,0.00846899,0.008,0.009,59.89,,,,,584.6,11.2,71473.59
2026-08-20 01:53:12,deribit,BTC,BTC-25JUN27-30000-C,2027-06-25,30000,call,0.59496764,0.5945,0.596,62.95,,,,,39.1,0.4,72249.34
2026-08-20 01:53:12,deribit,BTC,BTC-30OCT26-73000-C,2026-10-30,73000,call,0.04851723,0.048,0.049,36.89,,,,,138.4,14.9,70255.76
2026-08-20 01:53:12,deribit,BTC,BTC-28AUG26-61000-P,2026-08-28,61000,put,0.00066907,0.0005,0.0008,46.27,,,,,1586.3,152.2,69758.86
2026-08-20 01:53:12,deribit,BTC,BTC-21AUG26-61000-P,2026-08-21,61000,put,4.717e-05,,0.0001,83.77,,,,,1033.5,50.4,69687.07
2026-08-20 01:53:12,deribit,BTC,BTC-25SEP26-50000-P,2026-09-25,50000,put,0.00151113,0.0015,0.0016,55.39,,,,,3748.8,45.2,70007.07
2026-08-20 01:53:12,deribit,BTC,BTC-22AUG26-57000-P,2026-08-22,57000,put,3.22e-06,,0.0001,73.41,,,,,6.3,0.2,69702.68
2026-08-20 01:53:12,deribit,BTC,BTC-26MAR27-64000-P,2027-03-26,64000,put,0.07986687,0.079,0.0805,43.08,,,,,143.8,4.5,71473.59
2026-08-20 01:53:12,deribit,BTC,BTC-28AUG26-61000-C,2026-08-28,61000,call,0.12617766,0.1245,0.128,46.27,,,,,610.1,10.1,69758.86
2026-08-20 01:53:12,deribit,BTC,BTC-26MAR27-115000-P,2027-03-26,115000,put,0.62170744,0.6165,0.625,41.76,,,,,2.2,0.0,71473.59
2026-08-20 01:53:12,deribit,BTC,BTC-26MAR27-35000-C,2027-03-26,35000,call,0.51875487,0.5185,0.52,59.89,,,,,8.2,0.1,71474.17
2026-08-20 01:53:12,deribit,BTC,BTC-25JUN27-54000-P,2027-06-25,54000,put,0.05462128,0.0535,0.0555,46.76,,,,,20.7,0.0,72248.69
2026-08-20 01:53:12,deribit,BTC,BTC-30OCT26-77000-C,2026-10-30,77000,call,0.02982831,0.029,0.0305,36.44,,,,,6.4,6.5,70255.76
2026-08-20 01:53:12,deribit,BTC,BTC-25SEP26-140000-P,2026-09-25,140000,put,0.9999648,0.9965,1.0085,75.78,,,,,1.4,0.0,70007.07
2026-08-20 01:53:12,deribit,BTC,BTC-21AUG26-59000-P,2026-08-21,59000,put,3.229e-05,,0.0001,98.97,,,,,342.7,207.0,69687.07
2026-08-20 01:53:12,deribit,BTC,BTC-23AUG26-58000-C,2026-08-23,58000,call,0.16800121,0.1645,0.173,71.99,,,,,0.0,0.0,69710.02
2026-08-20 01:53:12,deribit,BTC,BTC-23AUG26-71500-P,2026-08-23,71500,put,0.03014592,0.0255,0.0335,35.57,,,,,0.0,0.0,69709.53
2026-08-20 01:53:12,deribit,BTC,BTC-22AUG26-68500-P,2026-08-22,68500,put,0.00488316,0.0045,0.005,36.97,,,,,17.2,18.9,69702.11
2026-08-20 01:53:12,deribit,BTC,BTC-28AUG26-70000-C,2026-08-28,70000,call,0.01908854,0.0185,0.0195,34.61,,,,,2919.6,3090.4,69758.86
2026-08-20 01:53:12,deribit,BTC,BTC-26MAR27-108000-P,2027-03-26,108000,put,0.52896632,0.5245,0.532,41.21,,,,,0.1,0.0,71473.59
2026-08-20 01:53:12,deribit,BTC,BTC-26MAR27-180000-C,2027-03-26,180000,call,0.00162906,0.0014,0.002,49.74,,,,,640.6,27.0,71473.59
2026-08-20 01:53:12,deribit,BTC,BTC-23AUG26-67000-C,2026-08-23,67000,call,0.0405327,0.0365,0.044,34.35,,,,,14.0,15.8,69709.53
2026-08-20 01:53:12,deribit,BTC,BTC-26MAR27-84000-P,2027-03-26,84000,put,0.24058071,0.238,0.2435,40.56,,,,,55.1,0.0,71474.17
2026-08-20 01:53:12,deribit,BTC,BTC-23AUG26-70500-P,2026-08-23,70500,put,0.01939044,0.019,0.02,34.06,,,,,0.0,0.0,69710.02
2026-08-20 01:53:12,deribit,BTC,BTC-28AUG26-76000-P,2026-08-28,76000,put,0.09169136,0.0895,0.0935,39.94,,,,,5.4,0.0,69758.86
2026-08-20 01:53:12,deribit,BTC,BTC-23AUG26-58000-P,2026-08-23,58000,put,6.481e-05,,0.0002,71.99,,,,,4.4,4.4,69709.53
2026-08-20 01:53:12,deribit,BTC,BTC-30OCT26-72000-P,2026-10-30,72000,put,0.0792629,0.0785,0.08,37.09,,,,,5.7,0.6,70255.76
2026-08-20 01:53:12,deribit,BTC,BTC-4SEP26-76000-C,2026-09-04,76000,call,0.00528536,0.0049,0.0055,37.2,,,,,1.9,2.2,69823.28
2026-08-20 01:53:12,deribit,BTC,BTC-22AUG26-73000-C,2026-08-22,73000,call,0.00165975,0.0015,0.0018,45.3,,,,,38.4,50.0,69702.11
2026-08-20 01:53:12,deribit,BTC,BTC-30OCT26-50000-P,2026-10-30,50000,put,0.00560413,0.0055,0.006,51.37,,,,,357.3,14.0,70255.76
2026-08-20 01:53:12,deribit,BTC,BTC-23AUG26-77000-C,2026-08-23,77000,call,0.00053649,0.0004,0.0007,54.32,,,,,5.9,5.9,69709.53
2026-08-20 01:53:12,deribit,BTC,BTC-25SEP26-120000-C,2026-09-25,120000,call,0.0003921,0.0001,0.0004,65.7,,,,,1137.9,8.0,70007.07
2026-08-20 01:53:12,deribit,BTC,BTC-30OCT26-78000-C,2026-10-30,78000,call,0.02626061,0.0255,0.0265,36.39,,,,,238.1,63.5,70255.76
2026-08-20 01:53:12,deribit,BTC,BTC-25SEP26-170000-P,2026-09-25,170000,put,1.4283376,1.413,1.4385,81.61,,,,,0.0,0.0,70007.07
2026-08-20 01:53:12,deribit,BTC,BTC-28AUG26-72000-P,2026-08-28,72000,put,0.0413312,0.0405,0.0425,35.3,,,,,86.2,0.0,69758.86
2026-08-20 01:53:12,deribit,BTC,BTC-21AUG26-62500-C,2026-08-21,62500,call,0.10314654,0.101,0.105,71.38,,,,,0.0,0.0,69687.55
2026-08-20 01:53:12,deribit,BTC,BTC-4SEP26-65000-C,2026-09-04,65000,call,0.07601165,0.0745,0.0775,37.41,,,,,301.0,109.8,69822.84
2026-08-20 01:53:12,deribit,BTC,BTC-4SEP26-66000-C,2026-09-04,66000,call,0.0642073,0.0635,0.0655,36.53,,,,,463.1,224.2,69822.84
2026-08-20 01:53:12,deribit,BTC,BTC-26MAR27-88000-C,2027-03-26,88000,call,0.05235374,0.0515,0.0535,40.5,,,,,74.1,0.4,71474.17
2026-08-20 01:53:12,deribit,BTC,BTC-26MAR27-74000-P,2027-03-26,74000,put,0.14763297,0.1465,0.1485,41.32,,,,,54.1,0.6,71473.59
2026-08-20 01:53:12,deribit,BTC,BTC-26MAR27-170000-C,2027-03-26,170000,call,0.00203242,0.0018,0.0024,48.52,,,,,250.1,0.3,71473.59
2026-08-20 01:53:12,deribit,BTC,BTC-22AUG26-66000-C,2026-08-22,66000,call,0.05378052,0.0525,0.055,42.66,,,,,119.3,119.2,69702.11
2026-08-20 01:53:12,deribit,BTC,BTC-28AUG26-73000-P,2026-08-28,73000,put,0.05279272,0.051,0.055,36.16,,,,,5.1,0.1,69758.86
2026-08-20 01:53:12,deribit,BTC,BTC-22AUG26-65000-C,2026-08-22,65000,call,0.06780677,0.065,0.072,46.71,,,,,0.5,0.4,69702.68
2026-08-20 01:53:12,deribit,BTC,BTC-26MAR27-74000-C,2027-03-26,74000,call,0.11223741,0.1115,0.113,41.32,,,,,71.5,4.5,71473.59
2026-08-20 01:53:12,deribit,BTC,BTC-25DEC26-64000-P,2026-12-25,64000,put,0.05423615,0.0535,0.055,42.21,,,,,328.6,15.6,70754.81
2026-08-20 01:53:12,deribit,BTC,BTC-28AUG26-84000-C,2026-08-28,84000,call,0.00053757,0.0004,0.0007,57.54,,,,,73.6,28.9,69758.86
2026-08-20 01:53:12,deribit,BTC,BTC-26MAR27-54000-C,2027-03-26,54000,call,0.28281759,0.281,0.2855,46.4,,,,,0.1,0.0,71474.17
2026-08-20 01:53:12,deribit,BTC,BTC-20AUG26-72000-P,2026-08-20,72000,put,0.03358894,0.0275,0.0365,63.28,,,,,0.0,0.0,69673.79
2026-08-20 01:53:12,deribit,BTC,BTC-25SEP26-115000-C,2026-09-25,115000,call,0.00039424,0.0003,0.0005,61.23,,,,,2184.5,5.0,70007.56
2026-08-20 01:53:12,deribit,BTC,BTC-28AUG26-60000-C,2026-08-28,60000,call,0.14034065,0.1385,0.142,48.73,,,,,435.9,7.0,69758.86
2026-08-20 01:53:12,deribit,BTC,BTC-26MAR27-120000-P,2027-03-26,120000,put,0.68910366,0.6835,0.6925,42.27,,,,,1.8,0.0,71474.17
2026-08-20 01:53:12,deribit,BTC,BTC-25JUN27-84000-P,2027-06-25,84000,put,0.25894184,0.256,0.261,41.89,,,,,0.1,0.0,72249.34
2026-08-20 01:53:12,deribit,BTC,BTC-30OCT26-78000-P,2026-10-30,78000,put,0.13648038,0.1345,0.138,36.39,,,,,0.1,0.0,70255.76
2026-08-20 01:53:12,deribit,BTC,BTC-21AUG26-66000-C,2026-08-21,66000,call,0.05311568,0.052,0.054,47.25,,,,,1339.7,279.6,69687.55
2026-08-20 01:53:12,deribit,BTC,BTC-20AUG26-66000-C,2026-08-20,66000,call,0.05269757,0.0515,0.054,70.42,,,,,305.7,467.5,69674.36
2026-08-20 01:53:12,deribit,BTC,BTC-26MAR27-104000-P,2027-03-26,104000,put,0.47713331,0.473,0.4805,40.98,,,,,0.1,0.0,71473.59
2026-08-20 01:53:12,deribit,BTC,BTC-22AUG26-67500-P,2026-08-22,67500,put,0.0021026,0.0019,0.0023,37.87,,,,,1.3,1.3,69702.68
2026-08-20 01:53:12,deribit,BTC,BTC-22AUG26-70500-P,2026-08-22,70500,put,0.01877034,0.0185,0.0195,38.59,,,,,12.3,12.3,69702.11
2026-08-20 01:53:12,deribit,BTC,BTC-28AUG26-57000-P,2026-08-28,57000,put,0.00018551,0.0001,0.0003,55.22,,,,,1051.1,226.7,69758.86
2026-08-20 01:53:12,deribit,BTC,BTC-26MAR27-94000-P,2027-03-26,94000,put,0.35286033,0.3495,0.3555,40.56,,,,,9.1,0.0,71473.59
2026-08-20 01:53:12,deribit,BTC,BTC-4SEP26-67000-P,2026-09-04,67000,put,0.01285067,0.0125,0.013,35.86,,,,,40.9,41.5,69822.84
2026-08-20 01:53:12,deribit,BTC,BTC-25DEC26-100000-P,2026-12-25,100000,put,0.4232019,0.4195,0.4255,40.96,,,,,303.3,0.0,70754.81
2026-08-20 01:53:12,deribit,BTC,BTC-25DEC26-75000-P,2026-12-25,75000,put,0.1293744,0.128,0.1305,39.83,,,,,896.3,0.2,70754.81
2026-08-20 01:53:12,deribit,BTC,BTC-28AUG26-70000-P,2026-08-28,70000,put,0.02260328,0.022,0.023,34.61,,,,,188.1,14.1,69758.86
2026-08-20 01:53:12,deribit,BTC,BTC-28AUG26-60000-P,2026-08-28,60000,put,0.00049614,0.0004,0.0005,48.73,,,,,2338.0,411.0,69758.86
2026-08-20 01:53:12,deribit,BTC,BTC-21AUG26-69000-P,2026-08-21,69000,put,0.00474003,0.0044,0.0048,37.75,,,,,121.7,128.9,69687.55
2026-08-20 01:53:12,deribit,BTC,BTC-25SEP26-130000-C,2026-09-25,130000,call,0.00021315,0.0001,0.0004,69.68,,,,,1425.9,17.6,70007.07
2026-08-20 01:53:12,deribit,BTC,BTC-26MAR27-76000-C,2027-03-26,76000,call,0.10082225,0.1005,0.102,41.05,,,,,466.2,28.2,71473.59
2026-08-20 01:53:12,deribit,BTC,BTC-25JUN27-92000-C,2027-06-25,92000,call,0.06863386,0.0675,0.0695,41.62,,,,,14.1,8.0,72249.34
2026-08-20 01:53:12,deribit,BTC,BTC-30OCT26-65000-P,2026-10-30,65000,put,0.0356423,0.035,0.036,39.24,,,,,377.9,57.6,70255.76
2026-08-20 01:53:12,deribit,BTC,BTC-30OCT26-59000-P,2026-10-30,59000,put,0.01657493,0.016,0.017,42.75,,,,,78.1,30.0,70255.76
2026-08-20 01:53:12,deribit,BTC,BTC-22AUG26-74000-C,2026-08-22,74000,call,0.00105065,0.0009,0.0011,49.26,,,,,19.8,20.5,69702.11
2026-08-20 01:53:12,deribit,BTC,BTC-25SEP26-92000-C,2026-09-25,92000,call,0.00160562,0.0014,0.0017,44.69,,,,,488.4,3.2,70007.56
2026-08-20 01:53:12,deribit,BTC,BTC-25SEP26-125000-C,2026-09-25,125000,call,0.00025106,0.0003,0.0004,66.86,,,,,2326.6,1.4,70007.56
2026-08-20 01:53:12,deribit,BTC,BTC-30OCT26-82000-C,2026-10-30,82000,call,0.01570811,0.015,0.016,36.53,,,,,997.7,1018.3,70255.76
2026-08-20 01:53:12,deribit,BTC,BTC-25DEC26-120000-P,2026-12-25,120000,put,0.69899723,0.695,0.7025,44.78,,,,,35.7,0.0,70754.81
2026-08-20 01:53:12,deribit,BTC,BTC-20AUG26-58000-C,2026-08-20,58000,call,0.16751375,0.165,0.171,87.31,,,,,0.0,0.0,69674.36
2026-08-20 01:53:12,deribit,BTC,BTC-21AUG26-60000-P,2026-08-21,60000,put,3.902e-05,,0.0001,91.43,,,,,1715.6,139.7,69687.55
2026-08-20 01:53:12,deribit,BTC,BTC-28AUG26-56000-C,2026-08-28,56000,call,0.19734393,0.196,0.1995,58.34,,,,,63.3,0.1,69758.86
2026-08-20 01:53:12,deribit,BTC,BTC-4SEP26-66000-P,2026-09-04,66000,put,0.00945078,0.009,0.01,36.53,,,,,133.1,133.2,69822.84
2026-08-20 01:53:12,deribit,BTC,BTC-25DEC26-220000-P,2026-12-25,220000,put,2.10969065,2.084,2.133,63.13,,,,,0.0,0.0,70754.81
2026-08-20 01:53:12,deribit,BTC,BTC-25JUN27-70000-P,2027-06-25,70000,put,0.13975892,0.1385,0.1405,43.11,,,,,11.7,2.9,72248.69
2026-08-20 01:53:12,deribit,BTC,BTC-26MAR27-65000-C,2027-03-26,65000,call,0.17600672,0.175,0.177,42.87,,,,,364.2,0.4,71473.59
2026-08-20 01:53:12,deribit,BTC,BTC-26MAR27-130000-C,2027-03-26,130000,call,0.00651627,0.006,0.007,43.21,,,,,1104.1,32.3,71473.59
2026-08-20 01:53:12,deribit,BTC,BTC-25SEP26-175000-C,2026-09-25,175000,call,1.841e-05,,0.0004,81.61,,,,,1355.2,3.1,70007.07
2026-08-20 01:53:12,deribit,BTC,BTC-30OCT26-77000-P,2026-10-30,77000,put,0.1258145,0.1235,0.127,36.44,,,,,0.0,0.0,70255.76
2026-08-20 01:53:12,deribit,BTC,BTC-28AUG26-74000-P,2026-08-28,74000,put,0.06515738,0.0635,0.067,37.17,,,,,3.3,0.0,69758.86
2026-08-20 01:53:12,deribit,BTC,BTC-28AUG26-50000-C,2026-08-28,50000,call,0.28327852,0.282,0.2845,78.9,,,,,51.0,0.0,69758.86
2026-08-20 01:53:12,deribit,BTC,BTC-26MAR27-84000-C,2027-03-26,84000,call,0.06526683,0.0645,0.0665,40.56,,,,,268.1,2.6,71473.59
2026-08-20 01:53:12,deribit,BTC,BTC-25JUN27-160000-C,2027-06-25,160000,call,0.00642233,0.006,0.007,45.06,,,,,519.6,4.1,72248.69
2026-08-20 01:53:12,deribit,BTC,BTC-25JUN27-170000-P,2027-06-25,170000,put,1.35824641,1.329,1.3825,46.06,,,,,14.6,0.0,72248.69
2026-08-20 01:53:12,deribit,BTC,BTC-25SEP26-86000-P,2026-09-25,86000,put,0.23150534,0.229,0.234,40.17,,,,,11.6,0.0,70007.56
2026-08-20 01:53:12,deribit,BTC,BTC-21AUG26-75000-C,2026-08-21,75000,call,0.00053391,0.0004,0.0007,68.13,,,,,1528.4,183.8,69687.07
2026-08-20 01:53:12,deribit,BTC,BTC-25SEP26-68000-C,2026-09-25,68000,call,0.06112608,0.0605,0.062,36.62,,,,,947.8,165.8,70007.56
2026-08-20 01:53:12,deribit,BTC,BTC-23AUG26-66000-P,2026-08-23,66000,put,0.00084004,0.0007,0.001,36.81,,,,,17.3,17.9,69709.53
2026-08-20 01:53:12,deribit,BTC,BTC-25SEP26-280000-C,2026-09-25,280000,call,0.0,,0.0004,82.16,,,,,91.7,0.0,70007.56
2026-08-20 01:53:12,deribit,BTC,BTC-25DEC26-230000-C,2026-12-25,230000,call,0.00021187,0.0001,0.0004,65.27,,,,,196.1,0.2,70754.81
2026-08-20 01:53:12,deribit,BTC,BTC-20AUG26-63000-P,2026-08-20,63000,put,3e-08,,0.0001,87.07,,,,,136.7,92.8,69674.36
2026-08-20 01:53:12,deribit,BTC,BTC-22AUG26-57000-C,2026-08-22,57000,call,0.18219861,0.18,0.1865,73.41,,,,,0.1,0.0,69702.11
2026-08-20 01:53:12,deribit,BTC,BTC-25DEC26-50000-P,2026-12-25,50000,put,0.01442723,0.014,0.015,49.9,,,,,1962.8,139.6,70754.81
2026-08-20 01:53:12,deribit,BTC,BTC-28AUG26-65000-C,2026-08-28,65000,call,0.0710353,0.07,0.072,37.98,,,,,1384.2,145.6,69758.86
2026-08-20 01:53:12,deribit,BTC,BTC-28AUG26-68000-P,2026-08-28,68000,put,0.01057724,0.01,0.011,35.08,,,,,300.8,275.1,69758.35
2026-08-20 01:53:12,deribit,BTC,BTC-21AUG26-63500-P,2026-08-21,63500,put,8.693e-05,,0.0001,64.89,,,,,138.2,136.1,69687.07
2026-08-20 01:53:12,deribit,BTC,BTC-28AUG26-76000-C,2026-08-28,76000,call,0.00216108,0.0021,0.0024,39.94,,,,,1241.0,249.6,69758.86
2026-08-20 01:53:12,deribit,BTC,BTC-4SEP26-55000-P,2026-09-04,55000,put,0.00053199,0.0004,0.0006,53.98,,,,,222.5,23.2,69822.84
2026-08-20 01:53:12,deribit,BTC,BTC-25DEC26-54000-P,2026-12-25,54000,put,0.02124253,0.021,0.0215,47.11,,,,,1817.7,10.2,70755.24
2026-08-20 01:53:12,deribit,BTC,BTC-25DEC26-92000-P,2026-12-25,92000,put,0.31818849,0.3155,0.3205,39.93,,,,,5.6,1.0,70754.81
2026-08-20 01:53:12,deribit,BTC,BTC-28AUG26-40000-C,2026-08-28,40000,call,0.42656306,0.4255,0.427,81.61,,,,,24.1,3.0,69758.86
2026-08-20 01:53:12,deribit,BTC,BTC-26MAR27-78000-P,2027-03-26,78000,put,0.18184963,0.18,0.185,40.85,,,,,183.1,0.4,71473.59
2026-08-20 01:53:12,deribit,BTC,BTC-20AUG26-70500-P,2026-08-20,70500,put,0.01271967,0.0115,0.014,41.99,,,,,0.0,0.0,69673.79
2026-08-20 01:53:12,deribit,BTC,BTC-25SEP26-54000-C,2026-09-25,54000,call,0.23138459,0.23,0.233,49.51,,,,,7.4,0.0,70007.56
2026-08-20 01:53:12,deribit,BTC,BTC-25DEC26-108000-C,2026-12-25,108000,call,0.00558063,0.005,0.006,42.12,,,,,124.0,0.5,70754.81
2026-08-20 01:53:12,deribit,BTC,BTC-25DEC26-60000-P,2026-12-25,60000,put,0.03762186,0.037,0.038,43.8,,,,,6594.2,92.7,70754.81
2026-08-20 01:53:12,deribit,BTC,BTC-21AUG26-55000-C,2026-08-21,55000,call,0.21071808,0.209,0.2125,98.97,,,,,0.0,0.0,69687.55
2026-08-20 01:53:12,deribit,BTC,BTC-25JUN27-58000-C,2027-06-25,58000,call,0.26779927,0.2665,0.2715,45.49,,,,,5.1,0.0,72249.34
2026-08-20 01:53:12,deribit,BTC,BTC-25DEC26-250000-P,2026-12-25,250000,put,2.53365528,2.503,2.562,67.6,,,,,10.0,0.0,70754.81
2026-08-20 01:53:12,deribit,BTC,BTC-25SEP26-85000-C,2026-09-25,85000,call,0.00351793,0.0033,0.0037,39.53,,,,,1204.0,45.0,70007.56
2026-08-20 01:53:12,deribit,BTC,BTC-26MAR27-190000-P,2027-03-26,190000,put,1.65974498,1.6305,1.6795,50.75,,,,,0.9,0.0,71473.59
2026-08-20 01:53:12,deribit,BTC,BTC-25DEC26-160000-C,2026-12-25,160000,call,0.00061762,0.0005,0.0009,52.58,,,,,1223.0,0.0,70754.81
2026-08-20 01:53:12,deribit,BTC,BTC-25DEC26-88000-P,2026-12-25,88000,put,0.26826384,0.265,0.27,39.56,,,,,4.2,0.0,70754.81
2026-08-20 01:53:12,deribit,BTC,BTC-25DEC26-96000-P,2026-12-25,96000,put,0.36998774,0.3665,0.372,40.38,,,,,11.3,0.0,70754.81
2026-08-20 01:53:12,deribit,BTC,BTC-25SEP26-96000-P,2026-09-25,96000,put,0.37243436,0.37,0.375,47.81,,,,,1.0,0.0,70007.56
2026-08-20 01:53:12,deribit,BTC,BTC-25DEC26-90000-C,2026-12-25,90000,call,0.02087441,0.0205,0.021,39.72,,,,,3467.6,291.3,70754.81
2026-08-20 01:53:12,deribit,BTC,BTC-26MAR27-66000-C,2027-03-26,66000,call,0.16782594,0.167,0.169,42.64,,,,,26.5,0.1,71473.59
2026-08-20 01:53:12,deribit,BTC,BTC-25JUN27-62000-P,2027-06-25,62000,put,0.09008798,0.089,0.091,44.51,,,,,66.3,4.5,72248.63
2026-08-20 01:53:12,deribit,BTC,BTC-22AUG26-58000-C,2026-08-22,58000,call,0.1678579,0.1655,0.172,73.21,,,,,0.0,0.0,69702.11
2026-08-20 01:53:12,deribit,BTC,BTC-26MAR27-200000-P,2027-03-26,200000,put,1.79943132,1.7685,1.8285,51.8,,,,,1.0,0.0,71473.59
2026-08-20 01:53:12,deribit,BTC,BTC-26MAR27-45000-C,2027-03-26,45000,call,0.3892797,0.388,0.3915,51.5,,,,,3.3,0.0,71473.59
2026-08-20 01:53:12,deribit,BTC,BTC-25SEP26-30000-P,2026-09-25,30000,put,0.00017687,0.0001,0.0002,97.63,,,,,2639.1,26.4,70007.56
2026-08-20 01:53:12,deribit,BTC,BTC-4SEP26-80000-P,2026-09-04,80000,put,0.147742,0.146,0.15,41.09,,,,,0.0,0.0,69822.84
2026-08-20 01:53:12,deribit,BTC,BTC-30OCT26-95000-C,2026-10-30,95000,call,0.00348033,0.0032,0.0037,39.57,,,,,39.7,6.3,70255.76
2026-08-20 01:53:12,deribit,BTC,BTC-25SEP26-260000-C,2026-09-25,260000,call,2e-08,,0.0004,81.65,,,,,292.0,0.0,70007.07
2026-08-20 01:53:12,deribit,BTC,BTC-26MAR27-160000-C,2027-03-26,160000,call,0.00260098,0.0023,0.003,47.27,,,,,862.9,2.3,71473.59
2026-08-20 01:53:12,deribit,BTC,BTC-20AUG26-57000-P,2026-08-20,57000,put,0.0,,0.0001,87.31,,,,,8.7,0.0,69673.79
2026-08-20 01:53:12,deribit,BTC,BTC-30OCT26-50000-C,2026-10-30,50000,call,0.29392479,0.2925,0.2955,51.37,,,,,0.1,0.0,70255.76
2026-08-20 01:53:12,deribit,BTC,BTC-21AUG26-55000-P,2026-08-21,55000,put,2.6e-07,,0.0001,98.97,,,,,93.9,2.0,69687.55
2026-08-20 01:53:12,deribit,BTC,BTC-25DEC26-66000-P,2026-12-25,66000,put,0.06450683,0.064,0.065,41.55,,,,,364.8,0.4,70754.81
2026-08-20 01:53:12,deribit,BTC,BTC-25SEP26-82000-C,2026-09-25,82000,call,0.0055358,0.005,0.006,37.81,,,,,2804.4,91.1,70007.56
2026-08-20 01:53:12,deribit,BTC,BTC-26MAR27-92000-P,2027-03-26,92000,put,0.32924056,0.326,0.332,40.52,,,,,0.6,0.0,71473.59
2026-08-20 01:53:12,deribit,BTC,BTC-25DEC26-190000-P,2026-12-25,190000,put,1.68578316,1.6625,1.7105,58.13,,,,,0.0,0.0,70754.81
2026-08-20 01:53:12,deribit,BTC,BTC-25DEC26-35000-C,2026-12-25,35000,call,0.50916743,0.5085,0.51,66.18,,,,,77.8,0.0,70754.81
2026-08-20 01:53:12,deribit,BTC,BTC-25DEC26-160000-P,2026-12-25,160000,put,1.26205665,1.241,1.2785,52.58,,,,,0.0,0.0,70754.81
2026-08-20 01:53:12,deribit,BTC,BTC-25DEC26-120000-C,2026-12-25,120000,call,0.00291795,0.0026,0.0033,44.78,,,,,6032.4,2.6,70754.81
2026-08-20 01:53:12,deribit,BTC,BTC-20AUG26-65000-P,2026-08-20,65000,put,6.92e-06,,0.0001,85.99,,,,,37.7,46.8,69673.79
2026-08-20 01:53:12,deribit,BTC,BTC-26MAR27-72000-P,2027-03-26,72000,put,0.13190208,0.1305,0.1325,41.57,,,,,139.3,0.8,71474.17
2026-08-20 01:53:12,deribit,BTC,BTC-21AUG26-65000-C,2026-08-21,65000,call,0.06735476,0.066,0.0685,53.61,,,,,1282.1,103.4,69687.07
2026-08-20 01:53:12,deribit,BTC,BTC-21AUG26-68000-P,2026-08-21,68000,put,0.00154118,0.0013,0.0017,38.19,,,,,826.9,1028.3,69687.07
2026-08-20 01:53:12,deribit,BTC,BTC-25DEC26-150000-C,2026-12-25,150000,call,0.00086892,0.0007,0.0011,50.91,,,,,1627.0,2.2,70754.81
2026-08-20 01:53:12,deribit,BTC,BTC-30OCT26-58000-P,2026-10-30,58000,put,0.01454391,0.014,0.015,43.47,,,,,158.2,63.0,70255.76
2026-08-20 01:53:12,deribit,BTC,BTC-26MAR27-58000-P,2027-03-26,58000,put,0.0520361,0.0515,0.053,44.83,,,,,135.6,0.0,71473.59
2026-08-20 01:53:12,deribit,BTC,BTC-28AUG26-54000-P,2026-08-28,54000,put,8.139e-05,,0.0001,62.53,,,,,1730.9,99.7,69758.86
2026-08-20 01:53:12,deribit,BTC,BTC-28AUG26-81000-C,2026-08-28,81000,call,0.00079612,0.0007,0.0009,50.92,,,,,1444.3,55.8,69758.86
2026-08-20 01:53:12,deribit,BTC,BTC-4SEP26-67000-C,2026-09-04,67000,call,0.05328532,0.0525,0.0545,35.86,,,,,1022.8,148.8,69822.84
2026-08-20 01:53:12,deribit,BTC,BTC-28AUG26-95000-C,2026-08-28,95000,call,0.00018006,0.0001,0.0003,78.01,,,,,117.6,55.8,69758.86
2026-08-20 01:53:12,deribit,BTC,BTC-25JUN27-100000-C,2027-06-25,100000,call,0.0491188,0.048,0.05,41.61,,,,,134.1,42.9,72249.34
2026-08-20 01:53:12,deribit,BTC,BTC-25SEP26-88000-C,2026-09-25,88000,call,0.00239493,0.0022,0.0026,41.57,,,,,658.4,3.0,70007.07
2026-08-20 01:53:12,deribit,BTC,BTC-22AUG26-61000-C,2026-08-22,61000,call,0.12485603,0.1225,0.129,63.01,,,,,0.0,0.0,69702.11
2026-08-20 01:53:12,deribit,BTC,BTC-25DEC26-66000-C,2026-12-25,66000,call,0.13166323,0.131,0.1325,41.55,,,,,314.3,18.1,70754.81
2026-08-20 01:53:12,deribit,BTC,BTC-25DEC26-102000-C,2026-12-25,102000,call,0.00852124,0.008,0.009,41.29,,,,,219.1,0.5,70754.81
2026-08-20 01:53:12,deribit,BTC,BTC-28AUG26-69000-C,2026-08-28,69000,call,0.02660315,0.026,0.027,34.77,,,,,2742.7,2274.9,69758.86
2026-08-20 01:53:12,deribit,BTC,BTC-26MAR27-104000-C,2027-03-26,104000,call,0.0219828,0.021,0.023,40.98,,,,,101.6,0.3,71473.59
2026-08-20 01:53:12,deribit,BTC,BTC-30OCT26-84000-C,2026-10-30,84000,call,0.01213383,0.0115,0.0125,36.74,,,,,42.8,4.8,70255.76
2026-08-20 01:53:12,deribit,BTC,BTC-28AUG26-95000-P,2026-08-28,95000,put,0.36209292,0.3595,0.3645,78.01,,,,,0.3,0.1,69758.86
2026-08-20 01:53:12,deribit,BTC,BTC-25DEC26-170000-C,2026-12-25,170000,call,0.0004589,0.0003,0.0007,54.22,,,,,2379.5,0.0,70755.24
2026-08-20 01:53:12,deribit,BTC,BTC-25SEP26-65000-C,2026-09-25,65000,call,0.09031904,0.0895,0.0915,37.96,,,,,1303.2,182.3,70007.07
2026-08-20 01:53:12,deribit,BTC,BTC-30OCT26-85000-P,2026-10-30,85000,put,0.22056899,0.218,0.223,36.91,,,,,0.0,0.0,70255.76
2026-08-20 01:53:12,deribit,BTC,BTC-26MAR27-130000-P,2027-03-26,130000,put,0.82545441,0.8205,0.8295,43.21,,,,,0.4,0.0,71473.59
2026-08-20 01:53:12,deribit,BTC,BTC-21AUG26-72000-P,2026-08-21,72000,put,0.03489926,0.033,0.037,47.36,,,,,0.0,0.0,69687.55
2026-08-20 01:53:12,deribit,BTC,BTC-26MAR27-80000-P,2027-03-26,80000,put,0.20060786,0.1985,0.2025,40.73,,,,,139.2,0.0,71473.59
2026-08-20 01:53:12,deribit,BTC,BTC-23AUG26-70000-C,2026-08-23,70000,call,0.01073373,0.01,0.011,33.66,,,,,126.6,172.8,69709.53
2026-08-20 01:53:12,deribit,BTC,BTC-20AUG26-62500-P,2026-08-20,62500,put,1e-08,,0.0001,87.31,,,,,119.0,133.9,69674.36
2026-08-20 01:53:12,deribit,BTC,BTC-23AUG26-64000-P,2026-08-23,64000,put,0.00030153,0.0002,0.0005,44.24,,,,,30.5,30.5,69709.53
2026-08-20 01:53:12,deribit,BTC,BTC-21AUG26-69000-C,2026-08-21,69000,call,0.01454966,0.014,0.015,37.75,,,,,1010.6,1368.7,69687.55
2026-08-20 01:53:12,deribit,BTC,BTC-28AUG26-62000-C,2026-08-28,62000,call,0.1121429,0.1105,0.114,44.31,,,,,852.6,12.9,69758.86
2026-08-20 01:53:12,deribit,BTC,BTC-4SEP26-63000-P,2026-09-04,63000,put,0.00375746,0.0036,0.004,39.69,,,,,599.0,578.9,69822.84
2026-08-20 01:53:12,deribit,BTC,BTC-4SEP26-69000-C,2026-09-04,69000,call,0.03471663,0.034,0.035,35.08,,,,,402.0,407.3,69822.84
2026-08-20 01:53:12,deribit,BTC,BTC-21AUG26-53000-C,2026-08-21,53000,call,0.239419,0.238,0.2415,98.97,,,,,0.0,0.0,69687.55
2026-08-20 01:53:12,deribit,BTC,BTC-30OCT26-52000-C,2026-10-30,52000,call,0.26681931,0.2655,0.2685,49.02,,,,,0.1,0.0,70255.76
2026-08-20 01:53:12,deribit,BTC,BTC-25SEP26-300000-C,2026-09-25,300000,call,0.0,,0.0004,84.97,,,,,192.1,0.0,70007.56
2026-08-20 01:53:12,deribit,BTC,BTC-26MAR27-40000-C,2027-03-26,40000,call,0.45292524,0.4525,0.4545,55.22,,,,,81.3,0.0,71473.59
2026-08-20 01:53:12,deribit,BTC,BTC-25SEP26-135000-C,2026-09-25,135000,call,0.00020834,0.0001,0.0004,73.24,,,,,279.0,8.4,70007.07
2026-08-20 01:53:12,deribit,BTC,BTC-25JUN27-64000-C,2027-06-25,64000,call,0.2154012,0.2145,0.217,44.12,,,,,42.0,0.1,72248.63
2026-08-20 01:53:12,deribit,BTC,BTC-25SEP26-72000-P,2026-09-25,72000,put,0.06109048,0.0605,0.0615,35.66,,,,,264.8,0.2,70007.56
2026-08-20 01:53:12,deribit,BTC,BTC-20AUG26-68000-P,2026-08-20,68000,put,0.0001396,0.0001,0.0002,48.35,,,,,67.9,109.7,69674.36
2026-08-20 01:53:12,deribit,BTC,BTC-26MAR27-85000-P,2027-03-26,85000,put,0.25107759,0.2485,0.253,40.53,,,,,0.9,0.0,71473.59
2026-08-20 01:53:12,deribit,BTC,BTC-28AUG26-55000-C,2026-08-28,55000,call,0.21164371,0.21,0.213,60.83,,,,,11.7,0.1,69758.86
2026-08-20 01:53:12,deribit,BTC,BTC-25SEP26-62000-P,2026-09-25,62000,put,0.01066447,0.0105,0.011,40.12,,,,,1075.0,357.4,70007.07
2026-08-20 01:53:12,deribit,BTC,BTC-22AUG26-69500-C,2026-08-22,69500,call,0.01312289,0.0125,0.0135,37.18,,,,,17.4,26.3,69702.11
2026-08-20 01:53:12,deribit,BTC,BTC-26MAR27-55000-C,2027-03-26,55000,call,0.2718807,0.2705,0.2745,45.96,,,,,28.6,0.1,71473.59
2026-08-20 01:53:12,deribit,BTC,BTC-30OCT26-75000-P,2026-10-30,75000,put,0.10573365,0.1045,0.1065,36.6,,,,,6.1,0.0,70255.76
2026-08-20 01:53:12,deribit,BTC,BTC-26MAR27-62000-C,2027-03-26,62000,call,0.20209541,0.201,0.2045,43.61,,,,,43.0,0.0,71473.59
2026-08-20 01:53:12,deribit,BTC,BTC-20AUG26-56000-P,2026-08-20,56000,put,0.0,,0.0001,87.31,,,,,0.2,0.0,69673.79
2026-08-20 01:53:12,deribit,BTC,BTC-28AUG26-110000-C,2026-08-28,110000,call,7.172e-05,,0.0002,100.84,,,,,272.4,184.8,69758.86
2026-08-20 01:53:12,deribit,BTC,BTC-20AUG26-69000-P,2026-08-20,69000,put,0.00079133,0.0007,0.0009,36.44,,,,,68.1,107.0,69674.36
2026-08-20 01:53:12,deribit,BTC,BTC-25JUN27-150000-P,2027-06-25,150000,put,1.08464072,1.059,1.1055,44.26,,,,,0.1,0.1,72249.34
2026-08-20 01:53:12,deribit,BTC,BTC-25SEP26-120000-P,2026-09-25,120000,put,0.71449269,0.711,0.7175,65.7,,,,,174.5,0.0,70007.07
2026-08-20 01:53:12,deribit,BTC,BTC-28AUG26-94000-C,2026-08-28,94000,call,0.00018011,0.0001,0.0003,75.66,,,,,219.1,4.8,69758.86
2026-08-20 01:53:12,deribit,BTC,BTC-25JUN27-52000-C,2027-06-25,52000,call,0.32809068,0.3265,0.331,47.52,,,,,1.1,0.0,72248.69
2026-08-20 01:53:12,deribit,BTC,BTC-21AUG26-62000-P,2026-08-21,62000,put,4.603e-05,,0.0001,74.27,,,,,967.2,258.3,69687.07
2026-08-20 01:53:12,deribit,BTC,BTC-4SEP26-58000-P,2026-09-04,58000,put,0.00100945,0.0009,0.0011,47.98,,,,,366.0,285.5,69823.28
2026-08-20 01:53:12,deribit,BTC,BTC-25SEP26-50000-C,2026-09-25,50000,call,0.28730255,0.2855,0.289,55.39,,,,,30.5,0.0,70007.07
2026-08-20 01:53:12,deribit,BTC,BTC-28AUG26-96000-C,2026-08-28,96000,call,0.00018002,,0.0003,80.32,,,,,47.2,37.8,69758.86
2026-08-20 01:53:12,deribit,BTC,BTC-25SEP26-96000-C,2026-09-25,96000,call,0.00115388,0.001,0.0012,47.81,,,,,301.8,0.6,70007.56
2026-08-20 01:53:12,deribit,BTC,BTC-26MAR27-112000-C,2027-03-26,112000,call,0.01463063,0.014,0.0155,41.52,,,,,62.6,0.0,71473.59
2026-08-20 01:53:12,deribit,BTC,BTC-30OCT26-84000-P,2026-10-30,84000,put,0.20775512,0.205,0.2105,36.74,,,,,0.5,0.2,70256.36
2026-08-20 01:53:12,deribit,BTC,BTC-26MAR27-82000-C,2027-03-26,82000,call,0.07271737,0.072,0.0735,40.58,,,,,732.6,258.6,71473.59
2026-08-20 01:53:12,deribit,BTC,BTC-30OCT26-67000-C,2026-10-30,67000,call,0.09184903,0.091,0.093,38.45,,,,,118.0,37.6,70255.76
2026-08-20 01:53:12,deribit,BTC,BTC-25SEP26-55000-C,2026-09-25,55000,call,0.21754154,0.216,0.219,48.07,,,,,143.7,0.0,70007.56
2026-08-20 01:53:12,deribit,BTC,BTC-23AUG26-71500-C,2026-08-23,71500,call,0.00441234,0.0041,0.0046,35.57,,,,,0.0,0.0,69709.53
2026-08-20 01:53:12,deribit,BTC,BTC-23AUG26-69000-P,2026-08-23,69000,put,0.00788965,0.0075,0.008,32.87,,,,,23.9,24.0,69709.53
2026-08-20 01:53:12,deribit,BTC,BTC-21AUG26-58000-P,2026-08-21,58000,put,1.126e-05,,0.0001,98.97,,,,,538.3,157.8,69687.07
2026-08-20 01:53:12,deribit,BTC,BTC-25JUN27-88000-C,2027-06-25,88000,call,0.08128812,0.0805,0.0825,41.72,,,,,5.9,0.0,72249.34
2026-08-20 01:53:12,deribit,BTC,BTC-25DEC26-74000-P,2026-12-25,74000,put,0.12069957,0.1195,0.121,39.94,,,,,106.3,1.3,70755.24
2026-08-20 01:53:12,deribit,BTC,BTC-25JUN27-45000-C,2027-06-25,45000,call,0.40667489,0.4055,0.409,50.82,,,,,0.5,0.0,72248.63
2026-08-20 01:53:12,deribit,BTC,BTC-20AUG26-62000-P,2026-08-20,62000,put,0.0,,0.0001,87.31,,,,,156.6,110.8,69674.36
2026-08-20 01:53:12,deribit,BTC,BTC-22AUG26-63000-P,2026-08-22,63000,put,0.00014444,0.0001,0.0002,55.49,,,,,66.5,60.1,69702.68
2026-08-20 01:53:12,deribit,BTC,BTC-25SEP26-74000-C,2026-09-25,74000,call,0.02297649,0.0225,0.0235,35.58,,,,,1483.2,633.0,70007.07
2026-08-20 01:53:12,deribit,BTC,BTC-25JUN27-54000-C,2027-06-25,54000,call,0.30717236,0.3055,0.311,46.76,,,,,0.9,0.0,72249.34
2026-08-20 01:53:12,deribit,BTC,BTC-20AUG26-67500-P,2026-08-20,67500,put,4.038e-05,,0.0001,50.74,,,,,49.9,56.9,69674.36
2026-08-20 01:53:12,deribit,BTC,BTC-23AUG26-60000-C,2026-08-23,60000,call,0.13938635,0.137,0.143,65.32,,,,,0.0,0.0,69710.02
2026-08-20 01:53:12,deribit,BTC,BTC-25DEC26-84000-C,2026-12-25,84000,call,0.03393426,0.0335,0.0345,39.46,,,,,779.3,12.0,70754.81
2026-08-20 01:53:12,deribit,BTC,BTC-30OCT26-65000-C,2026-10-30,65000,call,0.11045916,0.1095,0.1115,39.24,,,,,439.6,80.2,70255.76
2026-08-20 01:53:12,deribit,BTC,BTC-21AUG26-69500-C,2026-08-21,69500,call,0.0103266,0.01,0.011,38.3,,,,,45.6,60.7,69687.55
2026-08-20 01:53:12,deribit,BTC,BTC-28AUG26-85000-C,2026-08-28,85000,call,0.00049743,0.0004,0.0006,59.97,,,,,359.0,43.9,69758.86
2026-08-20 01:53:12,deribit,BTC,BTC-25SEP26-76000-P,2026-09-25,76000,put,0.10154605,0.0995,0.1035,35.75,,,,,599.6,0.0,70007.56
2026-08-20 01:53:12,deribit,BTC,BTC-28AUG26-98000-C,2026-08-28,98000,call,0.00017873,0.0001,0.0002,84.8,,,,,157.4,38.7,69758.86
2026-08-20 01:53:12,deribit,BTC,BTC-25SEP26-54000-P,2026-09-25,54000,put,0.00272986,0.0027,0.0028,49.51,,,,,645.7,29.8,70007.07
2026-08-20 01:53:12,deribit,BTC,BTC-20AUG26-61000-C,2026-08-20,61000,call,0.12445411,0.121,0.1275,87.31,,,,,0.0,0.0,69674.36
2026-08-20 01:53:12,deribit,BTC,BTC-28AUG26-100000-C,2026-08-28,100000,call,0.000155,,0.0002,87.93,,,,,177.1,40.4,69758.86
2026-08-20 01:53:12,deribit,BTC,BTC-25DEC26-76000-C,2026-12-25,76000,call,0.0642377,0.064,0.0645,39.75,,,,,464.1,5.5,70754.81
2026-08-20 01:53:12,deribit,BTC,BTC-4SEP26-60000-C,2026-09-04,60000,call,0.14234216,0.1405,0.144,44.41,,,,,0.4,0.0,69823.28
2026-08-20 01:53:12,deribit,BTC,BTC-25JUN27-86000-P,2027-06-25,86000,put,0.27881073,0.276,0.281,41.79,,,,,0.1,0.0,72248.69
2026-08-20 01:53:12,deribit,BTC,BTC-25JUN27-92000-P,2027-06-25,92000,put,0.34206535,0.3385,0.345,41.62,,,,,0.1,0.0,72248.69
2026-08-20 01:53:12,deribit,BTC,BTC-28AUG26-82000-C,2026-08-28,82000,call,0.00070538,0.0006,0.0008,53.33,,,,,1504.7,94.6,69758.86
2026-08-20 01:53:12,deribit,BTC,BTC-25DEC26-104000-C,2026-12-25,104000,call,0.00746869,0.007,0.008,41.66,,,,,87.9,0.1,70754.81
2026-08-20 01:53:12,deribit,BTC,BTC-25SEP26-66000-C,2026-09-25,66000,call,0.07988202,0.079,0.081,37.42,,,,,979.3,318.3,70007.07
2026-08-20 01:53:12,deribit,BTC,BTC-20AUG26-66500-C,2026-08-20,66500,call,0.04552715,0.0425,0.0505,64.44,,,,,0.0,0.0,69674.36
2026-08-20 01:53:12,deribit,BTC,BTC-25SEP26-155000-P,2026-09-25,155000,put,1.21415179,1.1985,1.225,81.61,,,,,0.1,0.0,70007.07
2026-08-20 01:53:12,deribit,BTC,BTC-4SEP26-78000-P,2026-09-04,78000,put,0.12022096,0.1185,0.1225,38.85,,,,,0.0,0.0,69822.84
2026-08-20 01:53:12,deribit,BTC,BTC-25SEP26-105000-C,2026-09-25,105000,call,0.00060307,0.0005,0.0007,54.07,,,,,1217.4,3.4,70007.07
2026-08-20 01:53:12,deribit,BTC,BTC-25DEC26-88000-C,2026-12-25,88000,call,0.02447238,0.024,0.025,39.56,,,,,2784.9,28.2,70754.81
2026-08-20 01:53:12,deribit,BTC,BTC-30OCT26-72000-C,2026-10-30,72000,call,0.05444465,0.054,0.055,37.09,,,,,277.9,18.7,70255.76
2026-08-20 01:53:12,deribit,BTC,BTC-25JUN27-56000-P,2027-06-25,56000,put,0.06218458,0.061,0.063,46.08,,,,,84.5,7.7,72248.69
2026-08-20 01:53:12,deribit,BTC,BTC-26MAR27-105000-P,2027-03-26,105000,put,0.48998616,0.4855,0.493,41.03,,,,,0.5,0.0,71473.59
2026-08-20 01:53:12,deribit,BTC,BTC-28AUG26-80000-P,2026-08-28,80000,put,0.14781488,0.1455,0.15,48.76,,,,,29.6,3.0,69758.86
2026-08-20 01:53:12,deribit,BTC,BTC-30OCT26-63000-C,2026-10-30,63000,call,0.13095934,0.13,0.132,40.2,,,,,155.0,6.7,70255.76
2026-08-20 01:53:12,deribit,BTC,BTC-30OCT26-90000-P,2026-10-30,90000,put,0.28696428,0.284,0.2895,38.09,,,,,0.1,0.0,70255.76
2026-08-20 01:53:12,deribit,BTC,BTC-25JUN27-105000-P,2027-06-25,105000,put,0.49330157,0.4895,0.4965,41.66,,,,,0.1,0.0,72248.69
2026-08-20 01:53:12,deribit,BTC,BTC-28AUG26-52000-P,2026-08-28,52000,put,7.392e-05,,0.0001,70.24,,,,,1198.4,185.4,69758.86
2026-08-20 01:53:12,deribit,BTC,BTC-30OCT26-73000-P,2026-10-30,73000,put,0.08756907,0.0865,0.0885,36.89,,,,,0.0,0.0,70255.76
2026-08-20 01:53:12,deribit,BTC,BTC-25SEP26-82000-P,2026-09-25,82000,put,0.17683787,0.1745,0.179,37.81,,,,,194.9,1.1,70007.07
2026-08-20 01:53:12,deribit,BTC,BTC-26MAR27-112000-P,2027-03-26,112000,put,0.5817158,0.5765,0.585,41.52,,,,,0.1,0.0,71473.59
2026-08-20 01:53:12,deribit,BTC,BTC-25DEC26-58000-C,2026-12-25,58000,call,0.21134087,0.2095,0.2135,44.75,,,,,41.8,0.1,70754.81
2026-08-20 01:53:12,deribit,BTC,BTC-28AUG26-65000-P,2026-08-28,65000,put,0.00287001,0.0027,0.003,37.98,,,,,1279.5,853.4,69758.35
2026-08-20 01:53:12,deribit,BTC,BTC-20AUG26-60500-P,2026-08-20,60500,put,0.0,,0.0001,87.31,,,,,66.2,0.5,69673.79
2026-08-20 01:53:12,deribit,BTC,BTC-30OCT26-56000-P,2026-10-30,56000,put,0.01136984,0.011,0.012,45.21,,,,,145.9,11.2,70255.76
2026-08-20 01:53:12,deribit,BTC,BTC-20AUG26-63500-C,2026-08-20,63500,call,0.08857122,0.0875,0.09,87.04,,,,,66.1,1.5,69673.79
2026-08-20 01:53:12,deribit,BTC,BTC-30OCT26-79000-C,2026-10-30,79000,call,0.02310718,0.0225,0.0235,36.38,,,,,3.0,3.0,70256.36
2026-08-20 01:53:12,deribit,BTC,BTC-21AUG26-62000-C,2026-08-21,62000,call,0.11030975,0.109,0.1115,74.27,,,,,60.2,0.0,69687.07
2026-08-20 01:53:12,deribit,BTC,BTC-22AUG26-63000-C,2026-08-22,63000,call,0.09625514,0.0925,0.1,55.49,,,,,0.1,0.0,69702.11
2026-08-20 01:53:12,deribit,BTC,BTC-4SEP26-62000-P,2026-09-04,62000,put,0.0028143,0.0028,0.003,41.11,,,,,599.6,458.5,69822.84
2026-08-20 01:53:12,deribit,BTC,BTC-25SEP26-66000-P,2026-09-25,66000,put,0.02263734,0.022,0.023,37.42,,,,,898.8,444.4,70007.07
2026-08-20 01:53:12,deribit,BTC,BTC-25JUN27-90000-C,2027-06-25,90000,call,0.0747354,0.074,0.0755,41.68,,,,,93.8,0.4,72248.69
2026-08-20 01:53:12,deribit,BTC,BTC-23AUG26-69000-C,2026-08-23,69000,call,0.01804114,0.0175,0.019,32.87,,,,,682.3,742.6,69709.53
2026-08-20 01:53:12,deribit,BTC,BTC-25DEC26-85000-C,2026-12-25,85000,call,0.0312975,0.031,0.0315,39.48,,,,,2267.6,259.9,70755.24
2026-08-20 01:53:12,deribit,BTC,BTC-25DEC26-98000-P,2026-12-25,98000,put,0.39650296,0.393,0.399,40.7,,,,,1.2,0.0,70754.81
2026-08-20 01:53:12,deribit,BTC,BTC-28AUG26-90000-P,2026-08-28,90000,put,0.29052011,0.288,0.293,69.48,,,,,11.1,0.0,69758.86
2026-08-20 01:53:12,deribit,BTC,BTC-26MAR27-78000-C,2027-03-26,78000,call,0.09048675,0.0895,0.091,40.85,,,,,494.5,13.4,71473.59
2026-08-20 01:53:12,deribit,BTC,BTC-23AUG26-61000-P,2026-08-23,61000,put,0.00016075,0.0001,0.0003,59.8,,,,,0.1,0.1,69709.53
2026-08-20 01:53:12,deribit,BTC,BTC-28AUG26-85000-P,2026-08-28,85000,put,0.21905104,0.217,0.221,59.97,,,,,0.8,0.0,69758.86
2026-08-20 01:53:12,deribit,BTC,BTC-25SEP26-200000-P,2026-09-25,200000,put,1.85683646,1.8385,1.87,81.61,,,,,0.1,0.0,70007.07
2026-08-20 01:53:12,deribit,BTC,BTC-28AUG26-68000-C,2026-08-28,68000,call,0.0357356,0.035,0.037,35.08,,,,,1579.3,504.7,69758.86
2026-08-20 01:53:12,deribit,BTC,BTC-28AUG26-52000-C,2026-08-28,52000,call,0.25460583,0.253,0.256,70.24,,,,,51.0,0.0,69758.86
2026-08-20 01:53:12,deribit,BTC,BTC-25DEC26-78000-C,2026-12-25,78000,call,0.05499688,0.0545,0.0555,39.62,,,,,860.5,17.3,70754.81
2026-08-20 01:53:12,deribit,BTC,BTC-25SEP26-85000-P,2026-09-25,85000,put,0.21767251,0.2155,0.22,39.53,,,,,453.0,0.0,70007.07
2026-08-20 01:53:12,deribit,BTC,BTC-28AUG26-54000-C,2026-08-28,54000,call,0.22594145,0.2245,0.2275,62.53,,,,,12.0,0.2,69758.86
2026-08-20 01:53:12,deribit,BTC,BTC-22AUG26-60000-C,2026-08-22,60000,call,0.1391971,0.137,0.1425,69.11,,,,,0.1,0.0,69702.11
2026-08-20 01:53:12,deribit,BTC,BTC-22AUG26-67000-C,2026-08-22,67000,call,0.04013011,0.0385,0.0415,39.05,,,,,99.7,80.9,69702.11
2026-08-20 01:53:12,deribit,BTC,BTC-21AUG26-70000-C,2026-08-21,70000,call,0.00712675,0.0065,0.0075,39.33,,,,,1192.0,1377.1,69687.07
2026-08-20 01:53:12,deribit,BTC,BTC-25DEC26-95000-P,2026-12-25,95000,put,0.35689465,0.354,0.359,40.26,,,,,85.9,0.0,70754.81
2026-08-20 01:53:12,deribit,ETH,ETH-20AUG26-2140-C,2026-08-20,2140,call,0.054994,0.05,0.06,84.59,,,,,1598.0,1814.0,2264.46
2026-08-20 01:53:12,deribit,ETH,ETH-23AUG26-1840-C,2026-08-23,1840,call,0.188319,0.186,0.19,89.22,,,,,0.0,0.0,2266.44
2026-08-20 01:53:12,deribit,ETH,ETH-4SEP26-2400-C,2026-09-04,2400,call,0.02066,0.02,0.021,52.13,,,,,1711.0,1038.0,2268.17
2026-08-20 01:53:12,deribit,ETH,ETH-26MAR27-3400-P,2027-03-26,3400,put,0.521415,0.5085,0.5345,54.35,,,,,6.0,0.0,2308.57
2026-08-20 01:53:12,deribit,ETH,ETH-20AUG26-2050-C,2026-08-20,2050,call,0.09471,0.09,0.0995,124.15,,,,,651.0,2062.0,2264.46
2026-08-20 01:53:12,deribit,ETH,ETH-22AUG26-1700-C,2026-08-22,1700,call,0.249808,0.247,0.2515,131.87,,,,,0.0,0.0,2265.91
2026-08-20 01:53:12,deribit,ETH,ETH-30OCT26-1400-C,2026-10-30,1400,call,0.389019,0.3875,0.391,64.94,,,,,50.0,50.0,2275.95
2026-08-20 01:53:12,deribit,ETH,ETH-25DEC26-2600-C,2026-12-25,2600,call,0.073841,0.073,0.0745,52.4,,,,,6585.0,188.0,2286.27
2026-08-20 01:53:12,deribit,ETH,ETH-25JUN27-2400-C,2027-06-25,2400,call,0.190958,0.1895,0.1925,55.62,,,,,679.0,11.0,2333.37
2026-08-20 01:53:12,deribit,ETH,ETH-20AUG26-1700-C,2026-08-20,1700,call,0.249263,0.2475,0.2525,175.14,,,,,0.0,0.0,2264.46
2026-08-20 01:53:12,deribit,ETH,ETH-25JUN27-5000-C,2027-06-25,5000,call,0.024937,0.024,0.026,57.27,,,,,607.0,60.0,2333.37
2026-08-20 01:53:12,deribit,ETH,ETH-25JUN27-2500-P,2027-06-25,2500,put,0.246394,0.244,0.248,55.5,,,,,6.0,0.0,2333.37
2026-08-20 01:53:12,deribit,ETH,ETH-30OCT26-1850-P,2026-10-30,1850,put,0.022828,0.0225,0.023,54.04,,,,,1134.0,370.0,2275.94
2026-08-20 01:53:12,deribit,ETH,ETH-22AUG26-1750-C,2026-08-22,1750,call,0.227749,0.2255,0.2295,120.75,,,,,0.0,0.0,2265.91
2026-08-20 01:53:12,deribit,ETH,ETH-20AUG26-1600-C,2026-08-20,1600,call,0.293424,0.292,0.2955,175.14,,,,,0.0,0.0,2264.5
2026-08-20 01:53:12,deribit,ETH,ETH-23AUG26-2100-C,2026-08-23,2100,call,0.075847,0.073,0.0775,61.08,,,,,132.0,135.0,2266.44
2026-08-20 01:53:12,deribit,ETH,ETH-28AUG26-1750-P,2026-08-28,1750,put,0.000577,0.0005,0.0007,79.9,,,,,23240.0,965.0,2268.51
2026-08-20 01:53:12,deribit,ETH,ETH-21AUG26-2280-P,2026-08-21,2280,put,0.018865,0.0185,0.0195,65.46,,,,,308.0,609.0,2265.19
2026-08-20 01:53:12,deribit,ETH,ETH-25DEC26-4200-C,2026-12-25,4200,call,0.006389,0.006,0.007,57.1,,,,,4575.0,250.0,2286.27
2026-08-20 01:53:12,deribit,ETH,ETH-30OCT26-2550-C,2026-10-30,2550,call,0.045485,0.045,0.046,50.26,,,,,1.0,1.0,2275.94
2026-08-20 01:53:12,deribit,ETH,ETH-25SEP26-8500-C,2026-09-25,8500,call,4e-06,,0.0001,104.42,,,,,1253.0,0.0,2270.07
2026-08-20 01:53:12,deribit,ETH,ETH-26MAR27-5000-P,2027-03-26,5000,put,1.176174,1.1525,1.201,57.06,,,,,0.0,0.0,2308.57
2026-08-20 01:53:12,deribit,ETH,ETH-22AUG26-2250-C,2026-08-22,2250,call,0.023813,0.0225,0.0245,64.39,,,,,1476.0,1546.0,2265.91
2026-08-20 01:53:12,deribit,ETH,ETH-25SEP26-4500-P,2026-09-25,4500,put,0.982623,0.9695,0.993,77.33,,,,,6.0,0.0,2270.03
2026-08-20 01:53:12,deribit,ETH,ETH-22AUG26-2050-P,2026-08-22,2050,put,0.000836,0.0007,0.001,72.1,,,,,750.0,1138.0,2265.91
2026-08-20 01:53:12,deribit,ETH,ETH-30OCT26-3200-C,2026-10-30,3200,call,0.008987,0.0085,0.0095,53.03,,,,,1369.0,78.0,2275.94
2026-08-20 01:53:12,deribit,ETH,ETH-23AUG26-1820-C,2026-08-23,1820,call,0.197131,0.194,0.1995,92.57,,,,,0.0,0.0,2266.44
2026-08-20 01:53:12,deribit,ETH,ETH-28AUG26-1400-P,2026-08-28,1400,put,0.000126,0.0001,0.0002,116.96,,,,,7849.0,96.0,2268.51
2026-08-20 01:53:12,deribit,ETH,ETH-21AUG26-2100-C,2026-08-21,2100,call,0.0735,0.0705,0.075,72.1,,,,,6319.0,8817.0,2265.15
2026-08-20 01:53:12,deribit,ETH,ETH-26MAR27-800-C,2027-03-26,800,call,0.658439,0.6575,0.66,76.7,,,,,0.0,0.0,2308.53
2026-08-20 01:53:12,deribit,ETH,ETH-26MAR27-4400-C,2027-03-26,4400,call,0.017593,0.017,0.0185,55.96,,,,,1083.0,0.0,2308.57
2026-08-20 01:53:12,deribit,ETH,ETH-25DEC26-3000-P,2026-12-25,3000,put,0.349901,0.34,0.361,52.9,,,,,781.0,6.0,2286.2
2026-08-20 01:53:12,deribit,ETH,ETH-25SEP26-2500-P,2026-09-25,2500,put,0.129046,0.1275,0.13,50.41,,,,,3000.0,84.0,2270.07
2026-08-20 01:53:12,deribit,ETH,ETH-21AUG26-2020-P,2026-08-21,2020,put,0.000179,0.0001,0.0003,85.38,,,,,215.0,241.0,2265.19
2026-08-20 01:53:12,deribit,ETH,ETH-25SEP26-13000-C,2026-09-25,13000,call,0.0,,0.0003,119.8,,,,,1873.0,0.0,2270.03
2026-08-20 01:53:12,deribit,ETH,ETH-4SEP26-2250-P,2026-09-04,2250,put,0.037668,0.037,0.038,51.16,,,,,0.0,0.0,2268.17
2026-08-20 01:53:12,deribit,ETH,ETH-25SEP26-7200-P,2026-09-25,7200,put,2.171825,2.149,2.1915,104.42,,,,,0.0,0.0,2270.03
2026-08-20 01:53:12,deribit,ETH,ETH-25JUN27-1900-P,2027-06-25,1900,put,0.10819,0.107,0.109,56.83,,,,,3110.0,17.0,2333.37
2026-08-20 01:53:12,deribit,ETH,ETH-20AUG26-2240-C,2026-08-20,2240,call,0.013531,0.013,0.015,65.03,,,,,42.0,95.0,2264.46
2026-08-20 01:53:12,deribit,ETH,ETH-25DEC26-4500-C,2026-12-25,4500,call,0.004444,0.0042,0.0049,58.34,,,,,2933.0,81.0,2286.2
2026-08-20 01:53:12,deribit,ETH,ETH-23AUG26-1900-C,2026-08-23,1900,call,0.161912,0.1595,0.1635,80.09,,,,,0.0,0.0,2266.44
2026-08-20 01:53:12,deribit,ETH,ETH-30OCT26-1000-P,2026-10-30,1000,put,0.000848,0.0006,0.0012,80.81,,,,,1949.0,0.0,2275.95
2026-08-20 01:53:12,deribit,ETH,ETH-22AUG26-1880-C,2026-08-22,1880,call,0.170472,0.168,0.1725,98.08,,,,,0.0,0.0,2265.91
2026-08-20 01:53:12,deribit,ETH,ETH-25JUN27-1400-C,2027-06-25,1400,call,0.441087,0.4385,0.443,60.56,,,,,50.0,0.0,2333.37
2026-08-20 01:53:12,deribit,ETH,ETH-22AUG26-2120-C,2026-08-22,2120,call,0.066782,0.064,0.0685,66.3,,,,,122.0,286.0,2265.91
2026-08-20 01:53:12,deribit,ETH,ETH-26MAR27-2300-C,2027-03-26,2300,call,0.168227,0.167,0.1695,54.43,,,,,5121.0,48.0,2308.57
2026-08-20 01:53:12,deribit,ETH,ETH-23AUG26-1820-P,2026-08-23,1820,put,0.000152,,0.0002,92.57,,,,,42.0,42.0,2266.44
2026-08-20 01:53:12,deribit,ETH,ETH-20AUG26-2020-C,2026-08-20,2020,call,0.107956,0.1055,0.1105,138.88,,,,,285.0,608.0,2264.46
2026-08-20 01:53:12,deribit,ETH,ETH-20AUG26-2300-C,2026-08-20,2300,call,0.002238,0.002,0.0024,72.12,,,,,382.0,434.0,2264.5
2026-08-20 01:53:12,deribit,ETH,ETH-4SEP26-2500-C,2026-09-04,2500,call,0.011871,0.0115,0.0125,53.73,,,,,229.0,241.0,2268.17
2026-08-20 01:53:12,deribit,ETH,ETH-28AUG26-1850-C,2026-08-28,1850,call,0.185445,0.183,0.1875,70.11,,,,,4665.0,318.0,2268.51
2026-08-20 01:53:12,deribit,ETH,ETH-25SEP26-6400-C,2026-09-25,6400,call,0.000116,,0.0002,103.99,,,,,1918.0,0.0,2270.03
2026-08-20 01:53:12,deribit,ETH,ETH-26MAR27-6000-C,2027-03-26,6000,call,0.004936,0.0044,0.0055,59.35,,,,,5191.0,229.0,2308.57
2026-08-20 01:53:12,deribit,ETH,ETH-25DEC26-3500-P,2026-12-25,3500,put,0.547795,0.535,0.562,54.32,,,,,51.0,0.0,2286.22
2026-08-20 01:53:12,deribit,ETH,ETH-21AUG26-2400-C,2026-08-21,2400,call,0.002375,0.0022,0.0026,78.6,,,,,2219.0,1301.0,2265.15
2026-08-20 01:53:12,deribit,ETH,ETH-22AUG26-2380-C,2026-08-22,2380,call,0.006029,0.0055,0.0065,71.37,,,,,10.0,46.0,2265.87
2026-08-20 01:53:12,deribit,ETH,ETH-21AUG26-1900-P,2026-08-21,1900,put,5.9e-05,,0.0001,110.17,,,,,1796.0,604.0,2265.15
2026-08-20 01:53:12,deribit,ETH,ETH-28AUG26-1200-C,2026-08-28,1200,call,0.471057,0.469,0.4725,136.84,,,,,69.0,0.0,2268.55
2026-08-20 01:53:12,deribit,ETH,ETH-4SEP26-2500-P,2026-09-04,2500,put,0.114104,0.1105,0.119,53.73,,,,,10.0,10.0,2268.17
2026-08-20 01:53:12,deribit,ETH,ETH-30OCT26-3400-P,2026-10-30,3400,put,0.499807,0.489,0.5085,54.72,,,,,0.0,0.0,2275.95
2026-08-20 01:53:12,deribit,ETH,ETH-26MAR27-3500-P,2027-03-26,3500,put,0.559733,0.5455,0.5765,54.48,,,,,24.0,0.0,2308.57
2026-08-20 01:53:12,deribit,ETH,ETH-25SEP26-3500-P,2026-09-25,3500,put,0.543237,0.532,0.5505,63.85,,,,,1133.0,0.0,2270.03
2026-08-20 01:53:12,deribit,ETH,ETH-4SEP26-1900-P,2026-09-04,1900,put,0.00334,0.0032,0.0036,58.47,,,,,850.0,814.0,2268.13
2026-08-20 01:53:12,deribit,ETH,ETH-25DEC26-5200-C,2026-12-25,5200,call,0.002138,0.0018,0.0026,61.25,,,,,8819.0,0.0,2286.23
2026-08-20 01:53:12,deribit,ETH,ETH-25SEP26-6500-C,2026-09-25,6500,call,9.9e-05,,0.0002,104.05,,,,,1337.0,0.0,2270.03
2026-08-20 01:53:12,deribit,ETH,ETH-21AUG26-2500-C,2026-08-21,2500,call,0.000837,0.0007,0.001,93.79,,,,,74.0,80.0,2265.15
2026-08-20 01:53:12,deribit,ETH,ETH-23AUG26-2060-P,2026-08-23,2060,put,0.001419,0.0013,0.0016,64.16,,,,,381.0,621.0,2266.44
2026-08-20 01:53:12,deribit,ETH,ETH-23AUG26-2150-P,2026-08-23,2150,put,0.005027,0.0047,0.0055,59.12,,,,,1.0,1.0,2266.48
2026-08-20 01:53:12,deribit,ETH,ETH-30OCT26-2250-C,2026-10-30,2250,call,0.094014,0.0935,0.095,50.43,,,,,842.0,477.0,2275.95
2026-08-20 01:53:12,deribit,ETH,ETH-4SEP26-2350-C,2026-09-04,2350,call,0.027158,0.0265,0.0275,51.58,,,,,205.0,205.0,2268.13
2026-08-20 01:53:12,deribit,ETH,ETH-30OCT26-1900-P,2026-10-30,1900,put,0.027394,0.027,0.0275,53.37,,,,,796.0,358.0,2275.94
2026-08-20 01:53:12,deribit,ETH,ETH-25SEP26-8000-P,2026-09-25,8000,put,2.524223,2.496,2.544,104.42,,,,,0.0,0.0,2270.03
2026-08-20 01:53:12,deribit,ETH,ETH-23AUG26-2040-P,2026-08-23,2040,put,0.001115,0.001,0.0012,66.06,,,,,55.0,74.0,2266.48
2026-08-20 01:53:12,deribit,ETH,ETH-25SEP26-6800-C,2026-09-25,6800,call,6.3e-05,,0.0001,104.42,,,,,1462.0,0.0,2270.07
2026-08-20 01:53:12,deribit,ETH,ETH-26MAR27-900-C,2027-03-26,900,call,0.617048,0.6155,0.6185,73.34,,,,,68.0,0.0,2308.57
2026-08-20 01:53:12,deribit,ETH,ETH-25DEC26-4600-P,2026-12-25,4600,put,1.015996,0.9975,1.037,58.66,,,,,0.0,0.0,2286.27
2026-08-20 01:53:12,deribit,ETH,ETH-28AUG26-2500-C,2026-08-28,2500,call,0.006932,0.0065,0.0075,60.38,,,,,31488.0,7319.0,2268.51
2026-08-20 01:53:12,deribit,ETH,ETH-25SEP26-3600-C,2026-09-25,3600,call,0.001154,0.001,0.0014,65.54,,,,,2724.0,2.0,2270.03
2026-08-20 01:53:12,deribit,ETH,ETH-22AUG26-2400-C,2026-08-22,2400,call,0.004909,0.0047,0.005,73.06,,,,,7.0,8.0,2265.91
2026-08-20 01:53:12,deribit,ETH,ETH-20AUG26-1600-P,2026-08-20,1600,put,0.0,,0.0001,175.14,,,,,60.0,0.0,2264.5
2026-08-20 01:53:12,deribit,ETH,ETH-25SEP26-4600-P,2026-09-25,4600,put,1.026634,1.0125,1.0415,78.76,,,,,38.0,0.0,2270.07
2026-08-20 01:53:12,deribit,ETH,ETH-26MAR27-900-P,2027-03-26,900,put,0.00691,0.0065,0.0075,73.34,,,,,767.0,54.0,2308.53
2026-08-20 01:53:12,deribit,ETH,ETH-21AUG26-2120-P,2026-08-21,2120,put,0.000892,0.0008,0.001,69.97,,,,,104.0,201.0,2265.19
2026-08-20 01:53:12,deribit,ETH,ETH-25JUN27-2600-P,2027-06-25,2600,put,0.274511,0.272,0.2765,55.39,,,,,0.0,0.0,2333.37
2026-08-20 01:53:12,deribit,ETH,ETH-20AUG26-1960-C,2026-08-20,1960,call,0.13445,0.132,0.137,168.33,,,,,2473.0,3802.0,2264.46
2026-08-20 01:53:12,deribit,ETH,ETH-25SEP26-15000-P,2026-09-25,15000,put,5.607901,5.549,5.6655,127.3,,,,,0.0,0.0,2270.03
2026-08-20 01:53:12,deribit,ETH,ETH-25SEP26-12000-P,2026-09-25,12000,put,4.286321,4.241,4.321,115.57,,,,,0.0,0.0,2270.03
2026-08-20 01:53:12,deribit,ETH,ETH-23AUG26-1860-P,2026-08-23,1860,put,0.000175,0.0001,0.0003,85.65,,,,,110.0,110.0,2266.48
2026-08-20 01:53:12,deribit,ETH,ETH-30OCT26-2300-P,2026-10-30,2300,put,0.094514,0.0935,0.0955,50.4,,,,,124.0,124.0,2275.95
2026-08-20 01:53:12,deribit,ETH,ETH-4SEP26-2600-P,2026-09-04,2600,put,0.153232,0.149,0.1575,55.86,,,,,0.0,0.0,2268.13
2026-08-20 01:53:12,deribit,ETH,ETH-20AUG26-2400-C,2026-08-20,2400,call,0.000294,0.0002,0.0004,112.6,,,,,608.0,632.0,2264.5
2026-08-20 01:53:12,deribit,ETH,ETH-30OCT26-3600-P,2026-10-30,3600,put,0.585668,0.573,0.599,56.12,,,,,0.0,0.0,2275.95
2026-08-20 01:53:12,deribit,ETH,ETH-25DEC26-3000-C,2026-12-25,3000,call,0.03768,0.037,0.0385,52.9,,,,,6294.0,665.0,2286.2
2026-08-20 01:53:12,deribit,ETH,ETH-23AUG26-1780-C,2026-08-23,1780,call,0.214751,0.2125,0.2175,98.7,,,,,0.0,0.0,2266.44
2026-08-20 01:53:12,deribit,ETH,ETH-25DEC26-4200-P,2026-12-25,4200,put,0.843498,0.827,0.86,57.1,,,,,62.0,0.0,2286.27
2026-08-20 01:53:12,deribit,ETH,ETH-26MAR27-2100-C,2027-03-26,2100,call,0.209767,0.2085,0.211,54.97,,,,,912.0,78.0,2308.53
2026-08-20 01:53:12,deribit,ETH,ETH-26MAR27-1300-C,2027-03-26,1300,call,0.457646,0.4555,0.459,62.8,,,,,50.0,0.0,2308.57
2026-08-20 01:53:12,deribit,ETH,ETH-25DEC26-2200-P,2026-12-25,2200,put,0.103539,0.103,0.1045,52.77,,,,,9285.0,63.0,2286.2
2026-08-20 01:53:12,deribit,ETH,ETH-4SEP26-2150-C,2026-09-04,2150,call,0.072093,0.0715,0.073,51.5,,,,,203.0,237.0,2268.13
2026-08-20 01:53:12,deribit,ETH,ETH-25SEP26-1500-C,2026-09-25,1500,call,0.341014,0.339,0.343,68.29,,,,,969.0,50.0,2270.03
2026-08-20 01:53:12,deribit,ETH,ETH-30OCT26-2200-P,2026-10-30,2200,put,0.071991,0.0715,0.0725,50.69,,,,,144.0,125.0,2275.95
2026-08-20 01:53:12,deribit,ETH,ETH-28AUG26-3000-P,2026-08-28,3000,put,0.323213,0.315,0.329,85.12,,,,,5.0,0.0,2268.55
2026-08-20 01:53:12,deribit,ETH,ETH-22AUG26-1820-P,2026-08-22,1820,put,0.000143,0.0001,0.0002,110.3,,,,,333.0,333.0,2265.91
2026-08-20 01:53:12,deribit,ETH,ETH-22AUG26-2340-C,2026-08-22,2340,call,0.009066,0.0085,0.0095,67.78,,,,,2.0,2.0,2265.87
2026-08-20 01:53:12,deribit,ETH,ETH-23AUG26-2300-C,2026-08-23,2300,call,0.015671,0.0155,0.016,58.76,,,,,430.0,1135.0,2266.44
2026-08-20 01:53:12,deribit,ETH,ETH-25DEC26-2100-C,2026-12-25,2100,call,0.16457,0.1635,0.1655,53.11,,,,,1735.0,51.0,2286.23
2026-08-20 01:53:12,deribit,ETH,ETH-20AUG26-1880-P,2026-08-20,1880,put,0.0,,0.0001,175.14,,,,,1311.0,1514.0,2264.5
2026-08-20 01:53:12,deribit,ETH,ETH-30OCT26-2500-P,2026-10-30,2500,put,0.150048,0.148,0.154,50.22,,,,,1.0,0.0,2275.95
2026-08-20 01:53:12,deribit,ETH,ETH-22AUG26-1880-P,2026-08-22,1880,put,0.000179,0.0001,0.0003,98.08,,,,,866.0,737.0,2265.87
2026-08-20 01:53:12,deribit,ETH,ETH-23AUG26-2280-C,2026-08-23,2280,call,0.019061,0.0185,0.0195,58.03,,,,,268.0,270.0,2266.44
2026-08-20 01:53:12,deribit,ETH,ETH-20AUG26-2150-C,2026-08-20,2150,call,0.050592,0.046,0.0545,81.21,,,,,324.0,445.0,2264.46
2026-08-20 01:53:12,deribit,ETH,ETH-23AUG26-2350-P,2026-08-23,2350,put,0.046253,0.0455,0.047,60.82,,,,,18.0,18.0,2266.48
2026-08-20 01:53:12,deribit,ETH,ETH-21AUG26-2220-P,2026-08-21,2220,put,0.007144,0.0065,0.0075,65.02,,,,,296.0,301.0,2265.15
2026-08-20 01:53:12,deribit,ETH,ETH-23AUG26-2500-P,2026-08-23,2500,put,0.105362,0.099,0.111,71.49,,,,,0.0,0.0,2266.44
2026-08-20 01:53:12,deribit,ETH,ETH-26MAR27-4800-C,2027-03-26,4800,call,0.012221,0.0115,0.013,56.7,,,,,2857.0,1.0,2308.57
2026-08-20 01:53:12,deribit,ETH,ETH-25SEP26-3100-C,2026-09-25,3100,call,0.003583,0.0034,0.0039,57.21,,,,,2101.0,434.0,2270.03
2026-08-20 01:53:12,deribit,ETH,ETH-25SEP26-1600-P,2026-09-25,1600,put,0.002781,0.0025,0.003,63.76,,,,,7461.0,618.0,2270.03
2026-08-20 01:53:12,deribit,ETH,ETH-25DEC26-3300-C,2026-12-25,3300,call,0.023112,0.0225,0.024,53.7,,,,,1943.0,37.0,2286.27
2026-08-20 01:53:12,deribit,ETH,ETH-21AUG26-1750-P,2026-08-21,1750,put,9e-06,,0.0001,133.61,,,,,4684.0,705.0,2265.15
2026-08-20 01:53:12,deribit,ETH,ETH-28AUG26-3400-P,2026-08-28,3400,put,0.498967,0.4905,0.5055,98.86,,,,,1.0,0.0,2268.55
2026-08-20 01:53:12,deribit,ETH,ETH-28AUG26-2400-C,2026-08-28,2400,call,0.013558,0.013,0.014,57.07,,,,,16243.0,6994.0,2268.51
2026-08-20 01:53:12,deribit,ETH,ETH-28AUG26-2400-P,2026-08-28,2400,put,0.071526,0.07,0.0745,57.07,,,,,19.0,18.0,2268.51
2026-08-20 01:53:12,deribit,ETH,ETH-30OCT26-2150-P,2026-10-30,2150,put,0.062293,0.062,0.063,50.99,,,,,1021.0,1035.0,2275.94
2026-08-20 01:53:12,deribit,ETH,ETH-22AUG26-2040-C,2026-08-22,2040,call,0.10041,0.0975,0.1025,73.19,,,,,335.0,471.0,2265.91
2026-08-20 01:53:12,deribit,ETH,ETH-20AUG26-2080-C,2026-08-20,2080,call,0.081463,0.0795,0.084,108.62,,,,,1562.0,2424.0,2264.46
2026-08-20 01:53:12,deribit,ETH,ETH-21AUG26-2260-P,2026-08-21,2260,put,0.014086,0.0135,0.0145,65.03,,,,,370.0,405.0,2265.15
2026-08-20 01:53:12,deribit,ETH,ETH-22AUG26-1800-C,2026-08-22,1800,call,0.205733,0.2035,0.2075,114.4,,,,,0.0,0.0,2265.87
2026-08-20 01:53:12,deribit,ETH,ETH-23AUG26-2360-C,2026-08-23,2360,call,0.008486,0.008,0.009,61.4,,,,,4.0,4.0,2266.44
2026-08-20 01:53:12,deribit,ETH,ETH-25DEC26-1200-C,2026-12-25,1200,call,0.481309,0.4795,0.483,67.16,,,,,341.0,50.0,2286.27
2026-08-20 01:53:12,deribit,ETH,ETH-20AUG26-1980-P,2026-08-20,1980,put,7e-06,,0.0001,159.07,,,,,1645.0,2194.0,2264.46
2026-08-20 01:53:12,deribit,ETH,ETH-25DEC26-3500-C,2026-12-25,3500,call,0.016871,0.0165,0.0175,54.32,,,,,28529.0,18.0,2286.27
2026-08-20 01:53:12,deribit,ETH,ETH-26MAR27-2500-P,2027-03-26,2500,put,0.21733,0.216,0.219,54.17,,,,,560.0,0.0,2308.57
2026-08-20 01:53:12,deribit,ETH,ETH-25DEC26-1200-P,2026-12-25,1200,put,0.006197,0.0055,0.0065,67.16,,,,,7340.0,50.0,2286.27
2026-08-20 01:53:12,deribit,ETH,ETH-25SEP26-4400-C,2026-09-25,4400,call,0.000297,0.0002,0.0006,76.29,,,,,4353.0,4.0,2270.03
2026-08-20 01:53:12,deribit,ETH,ETH-30OCT26-4000-C,2026-10-30,4000,call,0.001889,0.0017,0.0022,59.12,,,,,508.0,91.0,2275.95
2026-08-20 01:53:12,deribit,ETH,ETH-25JUN27-5500-C,2027-06-25,5500,call,0.01819,0.017,0.0195,57.93,,,,,0.0,0.0,2333.37
2026-08-20 01:53:12,deribit,ETH,ETH-30OCT26-2400-C,2026-10-30,2400,call,0.066041,0.0655,0.0665,50.21,,,,,1972.0,710.0,2275.94
2026-08-20 01:53:12,deribit,ETH,ETH-22AUG26-1840-P,2026-08-22,1840,put,0.000143,0.0001,0.0002,105.38,,,,,332.0,332.0,2265.91
2026-08-20 01:53:12,deribit,ETH,ETH-26MAR27-1300-P,2027-03-26,1300,put,0.02078,0.02,0.0215,62.8,,,,,1546.0,12.0,2308.57
2026-08-20 01:53:12,deribit,ETH,ETH-25JUN27-4500-P,2027-06-25,4500,put,0.963443,0.941,0.9845,56.56,,,,,1.0,0.0,2333.35
2026-08-20 01:53:12,deribit,ETH,ETH-30OCT26-2100-C,2026-10-30,2100,call,0.130835,0.13,0.1315,51.34,,,,,1716.0,568.0,2275.94
2026-08-20 01:53:12,deribit,ETH,ETH-21AUG26-2060-C,2026-08-21,2060,call,0.090851,0.088,0.0935,77.44,,,,,0.0,0.0,2265.19
2026-08-20 01:53:12,deribit,ETH,ETH-25DEC26-2700-C,2026-12-25,2700,call,0.062404,0.0615,0.063,52.45,,,,,6518.0,3449.0,2286.27
2026-08-20 01:53:12,deribit,ETH,ETH-30OCT26-2000-P,2026-10-30,2000,put,0.038768,0.0385,0.0395,52.22,,,,,336.0,440.0,2275.95
2026-08-20 01:53:12,deribit,ETH,ETH-28AUG26-1600-P,2026-08-28,1600,put,0.00028,0.0002,0.0004,94.77,,,,,12563.0,2182.0,2268.51
2026-08-20 01:53:12,deribit,ETH,ETH-25JUN27-1800-C,2027-06-25,1800,call,0.319497,0.317,0.321,57.22,,,,,1495.0,16.0,2333.37
2026-08-20 01:53:12,deribit,ETH,ETH-30OCT26-3000-C,2026-10-30,3000,call,0.014485,0.014,0.015,51.81,,,,,1064.0,435.0,2275.95
2026-08-20 01:53:12,deribit,ETH,ETH-23AUG26-2320-P,2026-08-23,2320,put,0.036406,0.0355,0.037,59.45,,,,,18.0,18.0,2266.48
2026-08-20 01:53:12,deribit,ETH,ETH-25SEP26-2000-C,2026-09-25,2000,call,0.138568,0.1375,0.1395,52.29,,,,,29336.0,1718.0,2270.07
2026-08-20 01:53:12,deribit,ETH,ETH-25SEP26-2250-C,2026-09-25,2250,call,0.067163,0.0665,0.068,50.11,,,,,97.0,131.0,2270.03
2026-08-20 01:53:12,deribit,ETH,ETH-20AUG26-1960-P,2026-08-20,1960,put,6e-06,,0.0001,168.33,,,,,420.0,482.0,2264.5
2026-08-20 01:53:12,deribit,ETH,ETH-25DEC26-4500-P,2026-12-25,4500,put,0.972776,0.955,0.993,58.34,,,,,2.0,0.0,2286.27
2026-08-20 01:53:12,deribit,ETH,ETH-23AUG26-2220-C,2026-08-23,2220,call,0.033227,0.032,0.034,57.52,,,,,18.0,24.0,2266.48
2026-08-20 01:53:12,deribit,ETH,ETH-30OCT26-2600-P,2026-10-30,2600,put,0.182352,0.1795,0.1855,50.28,,,,,95.0,2.0,2275.94
2026-08-20 01:53:12,deribit,ETH,ETH-20AUG26-1740-P,2026-08-20,1740,put,0.0,,0.0001,175.14,,,,,59.0,0.0,2264.46
2026-08-20 01:53:12,deribit,ETH,ETH-25DEC26-2900-P,2026-12-25,2900,put,0.313028,0.305,0.3175,52.71,,,,,173.0,0.0,2286.27
2026-08-20 01:53:12,deribit,ETH,ETH-23AUG26-2080-P,2026-08-23,2080,put,0.001852,0.0017,0.002,62.62,,,,,281.0,399.0,2266.44
2026-08-20 01:53:12,deribit,ETH,ETH-25JUN27-2000-C,2027-06-25,2000,call,0.270006,0.269,0.2715,56.49,,,,,1783.0,158.0,2333.35
2026-08-20 01:53:12,deribit,ETH,ETH-25DEC26-4800-P,2026-12-25,4800,put,1.102729,1.082,1.1245,59.56,,,,,77.0,0.0,2286.27
2026-08-20 01:53:12,deribit,ETH,ETH-30OCT26-4000-P,2026-10-30,4000,put,0.759405,0.7465,0.772,59.12,,,,,0.0,0.0,2275.95
2026-08-20 01:53:12,deribit,ETH,ETH-25SEP26-2150-P,2026-09-25,2150,put,0.03907,0.0385,0.0395,50.68,,,,,133.0,149.0,2270.07
2026-08-20 01:53:12,deribit,ETH,ETH-25JUN27-3000-C,2027-06-25,3000,call,0.113352,0.1125,0.114,55.28,,,,,973.0,282.0,2333.37
2026-08-20 01:53:12,deribit,ETH,ETH-25DEC26-5000-P,2026-12-25,5000,put,1.189634,1.168,1.213,60.44,,,,,2.0,0.0,2286.27
2026-08-20 01:53:12,deribit,ETH,ETH-30OCT26-2600-C,2026-10-30,2600,call,0.039967,0.0395,0.0405,50.28,,,,,1348.0,850.0,2275.94
2026-08-20 01:53:12,deribit,ETH,ETH-26MAR27-3800-P,2027-03-26,3800,put,0.677809,0.6615,0.6945,54.89,,,,,1.0,0.0,2308.57
2026-08-20 01:53:12,deribit,ETH,ETH-25DEC26-2300-P,2026-12-25,2300,put,0.126649,0.1255,0.128,52.53,,,,,5202.0,104.0,2286.27
2026-08-20 01:53:12,deribit,ETH,ETH-25SEP26-6000-P,2026-09-25,6000,put,1.643323,1.625,1.6595,101.08,,,,,0.0,0.0,2270.03
2026-08-20 01:53:12,deribit,ETH,ETH-25DEC26-2100-P,2026-12-25,2100,put,0.083121,0.0825,0.084,53.11,,,,,3456.0,757.0,2286.27
2026-08-20 01:53:12,deribit,ETH,ETH-26MAR27-2200-C,2027-03-26,2200,call,0.187976,0.1865,0.189,54.66,,,,,4083.0,282.0,2308.57
2026-08-20 01:53:12,deribit,ETH,ETH-21AUG26-1650-C,2026-08-21,1650,call,0.271569,0.27,0.274,133.61,,,,,1.0,0.0,2265.15
2026-08-20 01:53:12,deribit,ETH,ETH-30OCT26-2050-C,2026-10-30,2050,call,0.144943,0.144,0.1455,51.73,,,,,550.0,180.0,2275.95
2026-08-20 01:53:12,deribit,ETH,ETH-25DEC26-3100-C,2026-12-25,3100,call,0.031925,0.0315,0.0325,53.13,,,,,2329.0,6.0,2286.27
2026-08-20 01:53:12,deribit,ETH,ETH-28AUG26-1950-C,2026-08-28,1950,call,0.142372,0.14,0.144,62.45,,,,,5730.0,1041.0,2268.51
2026-08-20 01:53:12,deribit,ETH,ETH-26MAR27-1600-C,2027-03-26,1600,call,0.350321,0.3485,0.352,58.29,,,,,905.0,0.0,2308.57
2026-08-20 01:53:12,deribit,ETH,ETH-20AUG26-2100-P,2026-08-20,2100,put,2e-05,,0.0001,101.83,,,,,2338.0,2891.0,2264.46
2026-08-20 01:53:12,deribit,ETH,ETH-25DEC26-3200-C,2026-12-25,3200,call,0.027137,0.0265,0.028,53.41,,,,,67926.0,91.0,2286.27
2026-08-20 01:53:12,deribit,ETH,ETH-25DEC26-4400-C,2026-12-25,4400,call,0.005111,0.0048,0.0055,58.14,,,,,3324.0,0.0,2286.23
2026-08-20 01:53:12,deribit,ETH,ETH-26MAR27-4000-C,2027-03-26,4000,call,0.025906,0.025,0.027,55.24,,,,,2120.0,40.0,2308.57
2026-08-20 01:53:12,deribit,ETH,ETH-25SEP26-7400-P,2026-09-25,7400,put,2.259921,2.2365,2.2805,104.42,,,,,0.0,0.0,2270.03
2026-08-20 01:53:12,deribit,ETH,ETH-20AUG26-1760-C,2026-08-20,1760,call,0.222766,0.221,0.226,175.14,,,,,0.0,0.0,2264.46
2026-08-20 01:53:12,deribit,ETH,ETH-20AUG26-2300-P,2026-08-20,2300,put,0.017942,0.0155,0.0205,72.12,,,,,543.0,544.0,2264.46
2026-08-20 01:53:12,deribit,ETH,ETH-30OCT26-2100-P,2026-10-30,2100,put,0.053531,0.053,0.054,51.34,,,,,317.0,326.0,2275.95
2026-08-20 01:53:12,deribit,ETH,ETH-20AUG26-1800-P,2026-08-20,1800,put,0.0,,0.0001,175.14,,,,,677.0,150.0,2264.46
2026-08-20 01:53:12,deribit,ETH,ETH-20AUG26-1900-P,2026-08-20,1900,put,1e-06,,0.0001,175.13,,,,,3319.0,4902.0,2264.5
2026-08-20 01:53:12,deribit,ETH,ETH-4SEP26-2100-C,2026-09-04,2100,call,0.08825,0.0875,0.0895,52.19,,,,,1529.0,1074.0,2268.13
2026-08-20 01:53:12,deribit,ETH,ETH-28AUG26-1300-C,2026-08-28,1300,call,0.427019,0.4255,0.4285,128.53,,,,,51.0,50.0,2268.51
2026-08-20 01:53:12,deribit,ETH,ETH-25SEP26-2800-P,2026-09-25,2800,put,0.242615,0.235,0.25,52.84,,,,,1287.0,0.0,2270.03
2026-08-20 01:53:12,deribit,ETH,ETH-28AUG26-1500-C,2026-08-28,1500,call,0.338911,0.337,0.3405,102.59,,,,,443.0,0.0,2268.51
2026-08-20 01:53:12,deribit,ETH,ETH-25SEP26-6200-C,2026-09-25,6200,call,0.000162,,0.0002,103.99,,,,,2026.0,0.0,2270.07
2026-08-20 01:53:12,deribit,ETH,ETH-22AUG26-2600-C,2026-08-22,2600,call,0.000921,0.0008,0.0011,93.25,,,,,110.0,111.0,2265.87
2026-08-20 01:53:12,deribit,ETH,ETH-28AUG26-2800-P,2026-08-28,2800,put,0.235812,0.2285,0.241,75.06,,,,,0.0,0.0,2268.55
2026-08-20 01:53:12,deribit,ETH,ETH-21AUG26-1700-P,2026-08-21,1700,put,2e-06,,0.0001,133.61,,,,,14211.0,526.0,2265.19
2026-08-20 01:53:12,deribit,ETH,ETH-23AUG26-2050-C,2026-08-23,2050,call,0.096786,0.094,0.0985,65.43,,,,,0.0,0.0,2266.44
2026-08-20 01:53:12,deribit,ETH,ETH-26MAR27-4600-C,2027-03-26,4600,call,0.014657,0.014,0.0155,56.36,,,,,976.0,15.0,2308.57
2026-08-20 01:53:12,deribit,ETH,ETH-25SEP26-1700-P,2026-09-25,1700,put,0.004454,0.0042,0.0046,59.95,,,,,5701.0,3341.0,2270.07
2026-08-20 01:53:12,deribit,ETH,ETH-30OCT26-3600-C,2026-10-30,3600,call,0.003904,0.0037,0.0042,56.12,,,,,775.0,13.0,2275.95
2026-08-20 01:53:12,deribit,ETH,ETH-26MAR27-2000-C,2027-03-26,2000,call,0.233652,0.232,0.2345,55.37,,,,,1903.0,45.0,2308.57
2026-08-20 01:53:12,deribit,ETH,ETH-25SEP26-5600-P,2026-09-25,5600,put,1.467117,1.45,1.483,94.95,,,,,0.0,0.0,2270.03
2026-08-20 01:53:12,deribit,ETH,ETH-4SEP26-2200-C,2026-09-04,2200,call,0.057856,0.057,0.059,51.19,,,,,1248.0,1139.0,2268.13
2026-08-20 01:53:12,deribit,ETH,ETH-25SEP26-5500-C,2026-09-25,5500,call,0.000175,,0.0002,93.66,,,,,2065.0,0.0,2270.07
2026-08-20 01:53:12,deribit,ETH,ETH-20AUG26-2260-P,2026-08-20,2260,put,0.005863,0.0055,0.0065,64.55,,,,,37.0,39.0,2264.5
2026-08-20 01:53:12,deribit,ETH,ETH-25JUN27-5000-P,2027-06-25,5000,put,1.16777,1.1415,1.192,57.27,,,,,0.0,0.0,2333.37
2026-08-20 01:53:12,deribit,ETH,ETH-21AUG26-1600-C,2026-08-21,1600,call,0.293642,0.291,0.2955,133.61,,,,,0.0,0.0,2265.15
2026-08-20 01:53:12,deribit,ETH,ETH-25JUN27-3500-C,2027-06-25,3500,call,0.074441,0.0735,0.0755,55.45,,,,,2217.0,15.0,2333.35
2026-08-20 01:53:12,deribit,ETH,ETH-22AUG26-2220-P,2026-08-22,2220,put,0.011351,0.011,0.0115,63.96,,,,,431.0,463.0,2265.91
2026-08-20 01:53:12,deribit,ETH,ETH-25JUN27-3600-P,2027-06-25,3600,put,0.611566,0.5985,0.6185,55.55,,,,,0.0,0.0,2333.37
2026-08-20 01:53:12,deribit,ETH,ETH-25SEP26-1700-C,2026-09-25,1700,call,0.25556,0.255,0.2575,59.95,,,,,2253.0,150.0,2270.03
2026-08-20 01:53:12,deribit,ETH,ETH-26MAR27-1400-P,2027-03-26,1400,put,0.026793,0.026,0.0275,61.02,,,,,1730.0,11.0,2308.57
2026-08-20 01:53:12,deribit,ETH,ETH-25SEP26-7500-P,2026-09-25,7500,put,2.303971,2.2805,2.324,104.42,,,,,0.0,0.0,2270.03
2026-08-20 01:53:12,deribit,ETH,ETH-26MAR27-1800-P,2027-03-26,1800,put,0.067397,0.066,0.0685,56.45,,,,,4530.0,237.0,2308.57
2026-08-20 01:53:12,deribit,ETH,ETH-25SEP26-2200-C,2026-09-25,2200,call,0.078892,0.079,0.0795,50.35,,,,,8362.0,3242.0,2270.03
2026-08-20 01:53:12,deribit,ETH,ETH-26MAR27-3500-C,2027-03-26,3500,call,0.043603,0.043,0.0445,54.48,,,,,4191.0,1597.0,2308.57
2026-08-20 01:53:12,deribit,ETH,ETH-30OCT26-3800-P,2026-10-30,3800,put,0.672321,0.6605,0.6875,57.63,,,,,0.0,0.0,2275.94
2026-08-20 01:53:12,deribit,ETH,ETH-25SEP26-5500-P,2026-09-25,5500,put,1.423051,1.4045,1.438,93.66,,,,,1.0,0.0,2270.07
2026-08-20 01:53:12,deribit,ETH,ETH-30OCT26-2200-C,2026-10-30,2200,call,0.105358,0.1045,0.1065,50.69,,,,,1373.0,271.0,2275.94
2026-08-20 01:53:12,deribit,ETH,ETH-25JUN27-1500-P,2027-06-25,1500,put,0.050971,0.05,0.052,59.48,,,,,452.0,20.0,2333.37
2026-08-20 01:53:12,deribit,ETH,ETH-28AUG26-2600-P,2026-08-28,2600,put,0.150017,0.144,0.1555,65.05,,,,,17.0,40.0,2268.51
2026-08-20 01:53:12,deribit,ETH,ETH-26MAR27-3600-P,2027-03-26,3600,put,0.598622,0.584,0.616,54.61,,,,,1.0,0.0,2308.57
2026-08-20 01:53:12,deribit,ETH,ETH-25SEP26-2900-C,2026-09-25,2900,call,0.006541,0.006,0.007,54.18,,,,,6954.0,2199.0,2270.03
2026-08-20 01:53:12,deribit,ETH,ETH-26MAR27-1900-C,2027-03-26,1900,call,0.259595,0.258,0.2605,55.85,,,,,2453.0,66.0,2308.53
2026-08-20 01:53:12,deribit,ETH,ETH-23AUG26-1980-P,2026-08-23,1980,put,0.00054,0.0005,0.0007,71.62,,,,,47.0,47.0,2266.48
2026-08-20 01:53:12,deribit,ETH,ETH-22AUG26-1760-C,2026-08-22,1760,call,0.223336,0.2205,0.225,118.38,,,,,0.0,0.0,2265.87
2026-08-20 01:53:12,deribit,ETH,ETH-22AUG26-2260-C,2026-08-22,2260,call,0.021411,0.021,0.0215,64.16,,,,,270.0,275.0,2265.87
2026-08-20 01:53:12,deribit,ETH,ETH-25SEP26-5400-P,2026-09-25,5400,put,1.379021,1.3625,1.394,92.92,,,,,4.0,0.0,2270.07
2026-08-20 01:53:12,deribit,ETH,ETH-28AUG26-3600-C,2026-08-28,3600,call,0.000155,,0.0002,109.47,,,,,1442.0,535.0,2268.51
2026-08-20 01:53:12,deribit,ETH,ETH-25SEP26-1900-P,2026-09-25,1900,put,0.011997,0.0115,0.012,54.21,,,,,20592.0,4774.0,2270.03
2026-08-20 01:53:12,deribit,ETH,ETH-20AUG26-2020-P,2026-08-20,2020,put,9e-06,,0.0001,138.88,,,,,896.0,1121.0,2264.46
2026-08-20 01:53:12,deribit,ETH,ETH-23AUG26-2140-C,2026-08-23,2140,call,0.060101,0.0565,0.063,59.27,,,,,117.0,117.0,2266.44
2026-08-20 01:53:12,deribit,ETH,ETH-22AUG26-1600-C,2026-08-22,1600,call,0.293895,0.2915,0.2955,144.22,,,,,0.0,0.0,2265.91
2026-08-20 01:53:12,deribit,ETH,ETH-25SEP26-3400-P,2026-09-25,3400,put,0.499507,0.4885,0.5065,62.17,,,,,870.0,0.0,2270.03
2026-08-20 01:53:12,deribit,ETH,ETH-26MAR27-1900-P,2027-03-26,1900,put,0.082636,0.081,0.0835,55.85,,,,,2682.0,185.0,2308.57
2026-08-20 01:53:12,deribit,ETH,ETH-28AUG26-3800-C,2026-08-28,3800,call,9.6e-05,,0.0001,115.59,,,,,869.0,514.0,2268.51
2026-08-20 01:53:12,deribit,ETH,ETH-4SEP26-1850-P,2026-09-04,1850,put,0.002426,0.0023,0.0026,61.07,,,,,1536.0,1737.0,2268.13
2026-08-20 01:53:12,deribit,ETH,ETH-30OCT26-2700-C,2026-10-30,2700,call,0.030915,0.0305,0.0315,50.51,,,,,126.0,126.0,2275.94
2026-08-20 01:53:12,deribit,ETH,ETH-22AUG26-2260-P,2026-08-22,2260,put,0.018825,0.0185,0.0195,64.16,,,,,10.0,10.0,2265.87
2026-08-20 01:53:12,deribit,ETH,ETH-25SEP26-7400-C,2026-09-25,7400,call,2.4e-05,,0.0001,104.42,,,,,1019.0,0.0,2270.07
2026-08-20 01:53:12,deribit,ETH,ETH-25SEP26-5200-P,2026-09-25,5200,put,1.290949,1.2755,1.3055,89.89,,,,,3.0,0.0,2270.03
2026-08-20 01:53:12,deribit,ETH,ETH-4SEP26-1850-C,2026-09-04,1850,call,0.186776,0.1845,0.189,61.07,,,,,70.0,68.0,2268.17
2026-08-20 01:53:12,deribit,ETH,ETH-25SEP26-14000-P,2026-09-25,14000,put,5.167374,5.1175,5.2215,123.7,,,,,0.0,0.0,2270.03
2026-08-20 01:53:12,deribit,ETH,ETH-28AUG26-2020-C,2026-08-28,2020,call,0.113207,0.1105,0.115,58.64,,,,,0.0,0.0,2268.51
2026-08-20 01:53:12,deribit,ETH,ETH-20AUG26-1860-P,2026-08-20,1860,put,0.0,,0.0001,175.14,,,,,867.0,92.0,2264.46
2026-08-20 01:53:12,deribit,ETH,ETH-23AUG26-1750-C,2026-08-23,1750,call,0.227985,0.225,0.2295,104.68,,,,,0.0,0.0,2266.44
2026-08-20 01:53:12,deribit,ETH,ETH-25DEC26-2600-P,2026-12-25,2600,put,0.211099,0.2085,0.213,52.4,,,,,1065.0,87.0,2286.23
2026-08-20 01:53:12,deribit,ETH,ETH-4SEP26-2300-C,2026-09-04,2300,call,0.035393,0.035,0.036,51.22,,,,,1590.0,1907.0,2268.13
2026-08-20 01:53:12,deribit,ETH,ETH-25SEP26-6400-P,2026-09-25,6400,put,1.819486,1.7975,1.837,103.99,,,,,0.0,0.0,2270.03
2026-08-20 01:53:12,deribit,ETH,ETH-28AUG26-2050-P,2026-08-28,2050,put,0.004942,0.0047,0.005,57.69,,,,,759.0,1084.0,2268.51
2026-08-20 01:53:12,deribit,ETH,ETH-22AUG26-2320-C,2026-08-22,2320,call,0.011224,0.011,0.0115,66.35,,,,,74.0,74.0,2265.87
2026-08-20 01:53:12,deribit,ETH,ETH-20AUG26-2100-C,2026-08-20,2100,call,0.072638,0.068,0.0775,101.83,,,,,2937.0,5659.0,2264.46
2026-08-20 01:53:12,deribit,ETH,ETH-25SEP26-6600-P,2026-09-25,6600,put,1.907564,1.887,1.9255,104.42,,,,,0.0,0.0,2270.03
2026-08-20 01:53:12,deribit,ETH,ETH-25SEP26-2800-C,2026-09-25,2800,call,0.00914,0.009,0.0095,52.84,,,,,9799.0,6391.0,2270.03
2026-08-20 01:53:12,deribit,ETH,ETH-28AUG26-1950-P,2026-08-28,1950,put,0.001971,0.0018,0.0021,62.45,,,,,4724.0,3084.0,2268.55
2026-08-20 01:53:12,deribit,ETH,ETH-25DEC26-2900-C,2026-12-25,2900,call,0.044548,0.044,0.045,52.71,,,,,2024.0,945.0,2286.27
2026-08-20 01:53:12,deribit,ETH,ETH-21AUG26-1920-C,2026-08-21,1920,call,0.152431,0.15,0.1545,104.61,,,,,1007.0,263.0,2265.15
2026-08-20 01:53:12,deribit,ETH,ETH-21AUG26-1700-C,2026-08-21,1700,call,0.249497,0.2475,0.2515,133.61,,,,,50.0,0.0,2265.15
2026-08-20 01:53:12,deribit,ETH,ETH-21AUG26-2050-C,2026-08-21,2050,call,0.095246,0.0925,0.0975,80.01,,,,,4278.0,2304.0,2265.15
2026-08-20 01:53:12,deribit,ETH,ETH-4SEP26-2800-P,2026-09-04,2800,put,0.237188,0.2295,0.2425,61.43,,,,,0.0,0.0,2268.13
2026-08-20 01:53:12,deribit,ETH,ETH-26MAR27-2700-P,2027-03-26,2700,put,0.276629,0.274,0.281,54.05,,,,,147.0,0.0,2308.57
2026-08-20 01:53:12,deribit,ETH,ETH-23AUG26-1980-C,2026-08-23,1980,call,0.126923,0.124,0.129,71.62,,,,,5.0,9.0,2266.48
2026-08-20 01:53:12,deribit,ETH,ETH-25SEP26-3500-C,2026-09-25,3500,call,0.001394,0.0012,0.0017,63.85,,,,,15594.0,0.0,2270.03
2026-08-20 01:53:12,deribit,ETH,ETH-20AUG26-1900-C,2026-08-20,1900,call,0.160941,0.1585,0.1635,175.13,,,,,92.0,109.0,2264.5
2026-08-20 01:53:12,deribit,ETH,ETH-23AUG26-2600-P,2026-08-23,2600,put,0.148244,0.141,0.153,79.56,,,,,0.0,0.0,2266.48
2026-08-20 01:53:12,deribit,ETH,ETH-22AUG26-1820-C,2026-08-22,1820,call,0.196916,0.1945,0.1985,110.3,,,,,0.0,0.0,2265.87
2026-08-20 01:53:12,deribit,ETH,ETH-20AUG26-2320-P,2026-08-20,2320,put,0.025797,0.021,0.028,78.59,,,,,268.0,268.0,2264.46
2026-08-20 01:53:12,deribit,ETH,ETH-20AUG26-1750-P,2026-08-20,1750,put,0.0,,0.0001,175.14,,,,,70.0,0.0,2264.46
2026-08-20 01:53:12,deribit,ETH,ETH-20AUG26-2040-C,2026-08-20,2040,call,0.099124,0.0945,0.104,128.47,,,,,1356.0,2224.0,2264.46
2026-08-20 01:53:12,deribit,ETH,ETH-25SEP26-1800-C,2026-09-25,1800,call,0.214345,0.2115,0.2165,56.79,,,,,6272.0,307.0,2270.03
2026-08-20 01:53:12,deribit,ETH,ETH-26MAR27-3400-C,2027-03-26,3400,call,0.048603,0.048,0.0495,54.35,,,,,1868.0,1.0,2308.57
2026-08-20 01:53:12,deribit,ETH,ETH-25JUN27-900-P,2027-06-25,900,put,0.012006,0.011,0.013,70.2,,,,,839.0,4.0,2333.37
2026-08-20 01:53:12,deribit,ETH,ETH-28AUG26-2080-P,2026-08-28,2080,put,0.006508,0.006,0.007,56.5,,,,,322.0,397.0,2268.55
2026-08-20 01:53:12,deribit,ETH,ETH-20AUG26-2060-P,2026-08-20,2060,put,1.3e-05,,0.0001,120.26,,,,,634.0,705.0,2264.46
2026-08-20 01:53:12,deribit,ETH,ETH-4SEP26-1600-P,2026-09-04,1600,put,0.000623,0.0005,0.0008,77.14,,,,,665.0,53.0,2268.17
2026-08-20 01:53:12,deribit,ETH,ETH-22AUG26-2050-C,2026-08-22,2050,call,0.096103,0.094,0.099,72.1,,,,,393.0,394.0,2265.87
2026-08-20 01:53:12,deribit,ETH,ETH-25JUN27-1300-C,2027-06-25,1300,call,0.475998,0.473,0.477,62.11,,,,,108.0,0.0,2333.37
2026-08-20 01:53:12,deribit,ETH,ETH-28AUG26-1600-C,2026-08-28,1600,call,0.294968,0.2925,0.2965,94.77,,,,,885.0,2.0,2268.51
2026-08-20 01:53:12,deribit,ETH,ETH-21AUG26-2060-P,2026-08-21,2060,put,0.000287,0.0002,0.0004,77.44,,,,,0.0,0.0,2265.15
2026-08-20 01:53:12,deribit,ETH,ETH-25SEP26-1850-P,2026-09-25,1850,put,0.009376,0.009,0.0095,55.46,,,,,5052.0,2820.0,2270.07
2026-08-20 01:53:12,deribit,ETH,ETH-25DEC26-1500-C,2026-12-25,1500,call,0.359919,0.358,0.362,59.73,,,,,763.0,1.0,2286.27
2026-08-20 01:53:12,deribit,ETH,ETH-22AUG26-1980-P,2026-08-22,1980,put,0.000389,0.0003,0.0005,81.73,,,,,467.0,531.0,2265.87
2026-08-20 01:53:12,deribit,ETH,ETH-30OCT26-3400-C,2026-10-30,3400,call,0.005919,0.0055,0.0065,54.72,,,,,1342.0,108.0,2275.95
2026-08-20 01:53:12,deribit,ETH,ETH-20AUG26-2320-C,2026-08-20,2320,call,0.001261,0.0011,0.0014,78.59,,,,,70.0,94.0,2264.46
2026-08-20 01:53:12,deribit,ETH,ETH-28AUG26-1300-P,2026-08-28,1300,put,8.4e-05,,0.0001,128.53,,,,,9045.0,64.0,2268.51
2026-08-20 01:53:12,deribit,ETH,ETH-21AUG26-2120-C,2026-08-21,2120,call,0.064967,0.0635,0.067,69.97,,,,,188.0,252.0,2265.15
2026-08-20 01:53:12,deribit,ETH,ETH-23AUG26-2320-C,2026-08-23,2320,call,0.012774,0.0125,0.013,59.45,,,,,85.0,85.0,2266.48
2026-08-20 01:53:12,deribit,ETH,ETH-28AUG26-1450-C,2026-08-28,1450,call,0.360952,0.358,0.3625,110.3,,,,,51.0,0.0,2268.55
2026-08-20 01:53:12,deribit,ETH,ETH-25SEP26-5000-P,2026-09-25,5000,put,1.202829,1.186,1.2165,86.31,,,,,2.0,0.0,2270.07
2026-08-20 01:53:12,deribit,ETH,ETH-20AUG26-2000-P,2026-08-20,2000,put,9e-06,,0.0001,150.09,,,,,993.0,1094.0,2264.46
2026-08-20 01:53:12,deribit,ETH,ETH-25DEC26-11000-P,2026-12-25,11000,put,3.811682,3.757,3.8245,83.47,,,,,337.0,228.0,2286.23
2026-08-20 01:53:12,deribit,ETH,ETH-22AUG26-2500-C,2026-08-22,2500,call,0.00193,0.0018,0.0021,82.58,,,,,23.0,38.0,2265.91
2026-08-20 01:53:12,deribit,ETH,ETH-25DEC26-2800-C,2026-12-25,2800,call,0.052692,0.052,0.0535,52.54,,,,,9065.0,2244.0,2286.23
2026-08-20 01:53:12,deribit,ETH,ETH-30OCT26-1800-C,2026-10-30,1800,call,0.228112,0.226,0.23,54.86,,,,,102.0,0.0,2275.94
2026-08-20 01:53:12,deribit,ETH,ETH-4SEP26-2350-P,2026-09-04,2350,put,0.063254,0.062,0.064,51.58,,,,,0.0,0.0,2268.13
2026-08-20 01:53:12,deribit,ETH,ETH-25JUN27-1800-P,2027-06-25,1800,put,0.090919,0.0895,0.092,57.22,,,,,723.0,508.0,2333.37
2026-08-20 01:53:12,deribit,ETH,ETH-25DEC26-3400-P,2026-12-25,3400,put,0.506911,0.494,0.5205,54.01,,,,,89.0,0.0,2286.27
2026-08-20 01:53:12,deribit,ETH,ETH-23AUG26-1750-P,2026-08-23,1750,put,0.000121,,0.0002,104.68,,,,,370.0,380.0,2266.48
2026-08-20 01:53:12,deribit,ETH,ETH-25DEC26-8000-P,2026-12-25,8000,put,2.499614,2.465,2.5425,71.96,,,,,0.0,0.0,2286.27
2026-08-20 01:53:12,deribit,ETH,ETH-30OCT26-2500-C,2026-10-30,2500,call,0.051601,0.051,0.052,50.22,,,,,1498.0,575.0,2275.94
2026-08-20 01:53:12,deribit,ETH,ETH-28AUG26-1800-P,2026-08-28,1800,put,0.000726,0.0006,0.0009,74.75,,,,,5458.0,2248.0,2268.55
2026-08-20 01:53:12,deribit,ETH,ETH-25DEC26-1000-P,2026-12-25,1000,put,0.00316,0.0028,0.0035,73.85,,,,,19408.0,586.0,2286.27
2026-08-20 01:53:12,deribit,ETH,ETH-20AUG26-1750-C,2026-08-20,1750,call,0.227182,0.2255,0.2295,175.14,,,,,0.0,0.0,2264.46
2026-08-20 01:53:12,deribit,ETH,ETH-22AUG26-2360-P,2026-08-22,2360,put,0.048894,0.0455,0.0515,69.4,,,,,0.0,0.0,2265.87
2026-08-20 01:53:12,deribit,ETH,ETH-22AUG26-1920-P,2026-08-22,1920,put,0.000211,0.0002,0.0003,90.0,,,,,1359.0,1164.0,2265.91
2026-08-20 01:53:12,deribit,ETH,ETH-26MAR27-3300-P,2027-03-26,3300,put,0.483764,0.4735,0.4905,54.25,,,,,1.0,0.0,2308.57
2026-08-20 01:53:12,deribit,ETH,ETH-20AUG26-1820-P,2026-08-20,1820,put,0.0,,0.0001,175.14,,,,,15.0,1.0,2264.46
2026-08-20 01:53:12,deribit,ETH,ETH-22AUG26-2280-C,2026-08-22,2280,call,0.017295,0.017,0.0175,64.42,,,,,141.0,151.0,2265.91
2026-08-20 01:53:12,deribit,ETH,ETH-25SEP26-14000-C,2026-09-25,14000,call,0.0,,0.0003,123.7,,,,,1212.0,0.0,2270.03
2026-08-20 01:53:12,deribit,ETH,ETH-28AUG26-2000-P,2026-08-28,2000,put,0.003038,0.0029,0.0032,59.56,,,,,2353.0,3122.0,2268.55
2026-08-20 01:53:12,deribit,ETH,ETH-28AUG26-3600-P,2026-08-28,3600,put,0.587106,0.5775,0.594,109.47,,,,,18.0,0.0,2268.55
2026-08-20 01:53:12,deribit,ETH,ETH-22AUG26-1860-P,2026-08-22,1860,put,0.00016,0.0001,0.0003,101.77,,,,,523.0,551.0,2265.87
2026-08-20 01:53:12,deribit,ETH,ETH-23AUG26-2060-C,2026-08-23,2060,call,0.092504,0.0895,0.0945,64.16,,,,,8.0,10.0,2266.48
2026-08-20 01:53:12,deribit,ETH,ETH-25DEC26-1400-C,2026-12-25,1400,call,0.399469,0.398,0.4015,62.0,,,,,946.0,50.0,2286.27
2026-08-20 01:53:12,deribit,ETH,ETH-22AUG26-2280-P,2026-08-22,2280,put,0.023533,0.0235,0.024,64.42,,,,,304.0,310.0,2265.87
2026-08-20 01:53:12,deribit,ETH,ETH-26MAR27-2600-P,2027-03-26,2600,put,0.246258,0.244,0.248,54.11,,,,,626.0,0.0,2308.57
2026-08-20 01:53:12,deribit,ETH,ETH-21AUG26-1850-C,2026-08-21,1850,call,0.18332,0.181,0.185,122.62,,,,,517.0,296.0,2265.15
2026-08-20 01:53:12,deribit,ETH,ETH-25SEP26-1850-C,2026-09-25,1850,call,0.194403,0.1915,0.1965,55.46,,,,,2289.0,0.0,2270.03
2026-08-20 01:53:12,deribit,ETH,ETH-25SEP26-4600-C,2026-09-25,4600,call,0.000229,0.0001,0.0005,78.76,,,,,4032.0,83.0,2270.07
2026-08-20 01:53:12,deribit,ETH,ETH-23AUG26-2160-C,2026-08-23,2160,call,0.052735,0.049,0.0555,58.74,,,,,29.0,29.0,2266.48
2026-08-20 01:53:12,deribit,ETH,ETH-20AUG26-1940-C,2026-08-20,1940,call,0.143281,0.141,0.1455,175.09,,,,,617.0,339.0,2264.46
2026-08-20 01:53:12,deribit,ETH,ETH-26MAR27-2800-C,2027-03-26,2800,call,0.095561,0.0945,0.0965,54.06,,,,,4823.0,7.0,2308.57
2026-08-20 01:53:12,deribit,ETH,ETH-25SEP26-10000-C,2026-09-25,10000,call,1e-06,,0.0001,105.8,,,,,1561.0,0.0,2270.03
2026-08-20 01:53:12,deribit,ETH,ETH-25JUN27-2300-C,2027-06-25,2300,call,0.208363,0.207,0.21,55.77,,,,,224.0,26.0,2333.37
2026-08-20 01:53:12,deribit,ETH,ETH-25JUN27-2700-C,2027-06-25,2700,call,0.146869,0.1455,0.148,55.33,,,,,315.0,20.0,2333.37
2026-08-20 01:53:12,deribit,ETH,ETH-23AUG26-2120-P,2026-08-23,2120,put,0.00322,0.003,0.0034,60.06,,,,,263.0,279.0,2266.44
2026-08-20 01:53:12,deribit,ETH,ETH-4SEP26-1950-P,2026-09-04,1950,put,0.004741,0.0046,0.005,56.36,,,,,821.0,957.0,2268.13
2026-08-20 01:53:12,deribit,ETH,ETH-22AUG26-1780-P,2026-08-22,1780,put,9.2e-05,,0.0002,114.78,,,,,250.0,20.0,2265.91
2026-08-20 01:53:12,deribit,ETH,ETH-23AUG26-2250-C,2026-08-23,2250,call,0.025536,0.0245,0.026,57.86,,,,,102.0,108.0,2266.48
2026-08-20 01:53:12,deribit,ETH,ETH-20AUG26-1740-C,2026-08-20,1740,call,0.231601,0.23,0.2335,175.14,,,,,0.0,0.0,2264.5
2026-08-20 01:53:12,deribit,ETH,ETH-20AUG26-2140-P,2026-08-20,2140,put,4e-05,,0.0001,84.59,,,,,176.0,189.0,2264.46
2026-08-20 01:53:12,deribit,ETH,ETH-22AUG26-2380-P,2026-08-22,2380,put,0.056403,0.0545,0.06,71.37,,,,,0.0,0.0,2265.87
2026-08-20 01:53:12,deribit,ETH,ETH-28AUG26-1900-P,2026-08-28,1900,put,0.001365,0.0012,0.0016,66.21,,,,,6974.0,1166.0,2268.51
2026-08-20 01:53:12,deribit,ETH,ETH-22AUG26-2000-P,2026-08-22,2000,put,0.000479,0.0004,0.0006,78.91,,,,,218.0,272.0,2265.87
2026-08-20 01:53:12,deribit,ETH,ETH-25SEP26-3800-P,2026-09-25,3800,put,0.67482,0.6625,0.6865,68.83,,,,,954.0,0.0,2270.03
2026-08-20 01:53:12,deribit,ETH,ETH-25SEP26-16000-C,2026-09-25,16000,call,0.0,,0.0003,130.17,,,,,7426.0,0.0,2270.03
2026-08-20 01:53:12,deribit,ETH,ETH-21AUG26-1900-C,2026-08-21,1900,call,0.161258,0.1585,0.1635,110.17,,,,,4623.0,520.0,2265.19
2026-08-20 01:53:12,deribit,ETH,ETH-21AUG26-2220-C,2026-08-21,2220,call,0.027073,0.026,0.028,65.02,,,,,101.0,101.0,2265.15
2026-08-20 01:53:12,deribit,ETH,ETH-25DEC26-3300-P,2026-12-25,3300,put,0.466556,0.4555,0.48,53.7,,,,,10.0,0.0,2286.23
2026-08-20 01:53:12,deribit,ETH,ETH-25DEC26-3400-C,2026-12-25,3400,call,0.019727,0.019,0.0205,54.01,,,,,13102.0,366.0,2286.27
2026-08-20 01:53:12,deribit,ETH,ETH-22AUG26-2360-C,2026-08-22,2360,call,0.007347,0.007,0.0075,69.4,,,,,16.0,17.0,2265.91
2026-08-20 01:53:12,deribit,ETH,ETH-23AUG26-1800-P,2026-08-23,1800,put,0.000147,,0.0002,96.36,,,,,16.0,16.0,2266.44
2026-08-20 01:53:12,deribit,ETH,ETH-25SEP26-3200-C,2026-09-25,3200,call,0.002754,0.0026,0.003,58.86,,,,,8243.0,422.0,2270.03
2026-08-20 01:53:12,deribit,ETH,ETH-25SEP26-6200-P,2026-09-25,6200,put,1.731403,1.7105,1.749,103.99,,,,,0.0,0.0,2270.07
2026-08-20 01:53:12,deribit,ETH,ETH-23AUG26-2080-C,2026-08-23,2080,call,0.084113,0.081,0.087,62.62,,,,,33.0,33.0,2266.44
2026-08-20 01:53:12,deribit,ETH,ETH-28AUG26-1700-C,2026-08-28,1700,call,0.25109,0.249,0.253,85.6,,,,,935.0,140.0,2268.51
2026-08-20 01:53:12,deribit,ETH,ETH-25DEC26-2000-C,2026-12-25,2000,call,0.190748,0.1895,0.1915,53.61,,,,,10962.0,356.0,2286.23
2026-08-20 01:53:12,deribit,ETH,ETH-25SEP26-1000-P,2026-09-25,1000,put,0.000179,0.0001,0.0003,94.72,,,,,10113.0,589.0,2270.03
2026-08-20 01:53:12,deribit,ETH,ETH-23AUG26-2500-C,2026-08-23,2500,call,0.002311,0.0021,0.0026,71.49,,,,,1.0,1.0,2266.48
2026-08-20 01:53:12,deribit,ETH,ETH-25SEP26-1000-C,2026-09-25,1000,call,0.559656,0.558,0.561,94.72,,,,,125.0,50.0,2270.07
2026-08-20 01:53:12,deribit,ETH,ETH-22AUG26-2120-P,2026-08-22,2120,put,0.002409,0.0022,0.0026,66.3,,,,,228.0,337.0,2265.91
2026-08-20 01:53:12,deribit,ETH,ETH-22AUG26-1600-P,2026-08-22,1600,put,2.8e-05,,0.0001,144.22,,,,,0.0,0.0,2265.91
2026-08-20 01:53:12,deribit,ETH,ETH-25JUN27-5500-P,2027-06-25,5500,put,1.375306,1.345,1.402,57.93,,,,,0.0,0.0,2333.37
2026-08-20 01:53:12,deribit,ETH,ETH-4SEP26-2800-C,2026-09-04,2800,call,0.002691,0.0025,0.003,61.43,,,,,0.0,0.0,2268.13
2026-08-20 01:53:12,deribit,ETH,ETH-30OCT26-1850-C,2026-10-30,1850,call,0.209977,0.2075,0.212,54.04,,,,,1224.0,0.0,2275.94
2026-08-20 01:53:12,deribit,ETH,ETH-25JUN27-3800-P,2027-06-25,3800,put,0.687041,0.67,0.7055,55.68,,,,,2.0,0.0,2333.37
2026-08-20 01:53:12,deribit,ETH,ETH-25DEC26-1800-C,2026-12-25,1800,call,0.251471,0.2495,0.257,55.25,,,,,2476.0,7.0,2286.27
2026-08-20 01:53:12,deribit,ETH,ETH-25DEC26-800-P,2026-12-25,800,put,0.001483,0.0012,0.0018,81.91,,,,,6032.0,237.0,2286.27
2026-08-20 01:53:12,deribit,ETH,ETH-22AUG26-2060-C,2026-08-22,2060,call,0.091785,0.089,0.0935,70.64,,,,,1158.0,1687.0,2265.87
2026-08-20 01:53:12,deribit,ETH,ETH-23AUG26-2400-P,2026-08-23,2400,put,0.064586,0.0615,0.068,63.74,,,,,10.0,10.0,2266.48
2026-08-20 01:53:12,deribit,ETH,ETH-30OCT26-2250-P,2026-10-30,2250,put,0.082617,0.0825,0.0835,50.43,,,,,252.0,251.0,2275.94
2026-08-20 01:53:12,deribit,ETH,ETH-26MAR27-4800-P,2027-03-26,4800,put,1.091485,1.07,1.1175,56.7,,,,,0.0,0.0,2308.57
2026-08-20 01:53:12,deribit,ETH,ETH-25SEP26-5200-C,2026-09-25,5200,call,0.000211,,0.0004,89.89,,,,,2185.0,1.0,2270.03
2026-08-20 01:53:12,deribit,ETH,ETH-22AUG26-2440-P,2026-08-22,2440,put,0.080126,0.0765,0.084,76.45,,,,,0.0,0.0,2265.87
2026-08-20 01:53:12,deribit,ETH,ETH-28AUG26-3400-C,2026-08-28,3400,call,0.000179,0.0001,0.0003,98.86,,,,,669.0,241.0,2268.55
2026-08-20 01:53:12,deribit,ETH,ETH-22AUG26-2350-P,2026-08-22,2350,put,0.045369,0.0435,0.048,68.88,,,,,0.0,0.0,2265.91
2026-08-20 01:53:12,deribit,ETH,ETH-25JUN27-3000-P,2027-06-25,3000,put,0.399051,0.388,0.405,55.28,,,,,208.0,310.0,2333.37
2026-08-20 01:53:12,deribit,ETH,ETH-23AUG26-2150-C,2026-08-23,2150,call,0.056403,0.053,0.058,59.12,,,,,66.0,106.0,2266.44
2026-08-20 01:53:12,deribit,ETH,ETH-20AUG26-1920-P,2026-08-20,1920,put,2e-06,,0.0001,175.13,,,,,3763.0,3386.0,2264.46
2026-08-20 01:53:12,deribit,ETH,ETH-23AUG26-2200-P,2026-08-23,2200,put,0.009846,0.0095,0.01,57.61,,,,,474.0,639.0,2266.48
2026-08-20 01:53:12,deribit,ETH,ETH-28AUG26-2000-C,2026-08-28,2000,call,0.121398,0.119,0.123,59.56,,,,,8434.0,2976.0,2268.55
2026-08-20 01:53:12,deribit,ETH,ETH-26MAR27-800-P,2027-03-26,800,put,0.004983,0.0046,0.0055,76.7,,,,,2802.0,0.0,2308.57
2026-08-20 01:53:12,deribit,ETH,ETH-30OCT26-2300-C,2026-10-30,2300,call,0.083943,0.0835,0.0845,50.4,,,,,939.0,484.0,2275.94
2026-08-20 01:53:12,deribit,ETH,ETH-25DEC26-1500-P,2026-12-25,1500,put,0.01603,0.0155,0.0165,59.73,,,,,15638.0,1390.0,2286.27
2026-08-20 01:53:12,deribit,ETH,ETH-25DEC26-2000-P,2026-12-25,2000,put,0.065559,0.065,0.066,53.61,,,,,8766.0,1174.0,2286.27
2026-08-20 01:53:12,deribit,ETH,ETH-22AUG26-2160-C,2026-08-22,2160,call,0.051352,0.0475,0.053,64.75,,,,,21.0,30.0,2265.87
2026-08-20 01:53:12,deribit,ETH,ETH-23AUG26-2440-P,2026-08-23,2440,put,0.080435,0.0735,0.086,66.55,,,,,0.0,0.0,2266.48
2026-08-20 01:53:12,deribit,ETH,ETH-21AUG26-1500-P,2026-08-21,1500,put,0.0,,0.0001,133.61,,,,,1099.0,0.0,2265.15
2026-08-20 01:53:12,deribit,ETH,ETH-28AUG26-2200-P,2026-08-28,2200,put,0.019479,0.019,0.02,54.78,,,,,2087.0,3372.0,2268.51
2026-08-20 01:53:12,deribit,ETH,ETH-26MAR27-4200-C,2027-03-26,4200,call,0.02124,0.0205,0.022,55.57,,,,,2824.0,4.0,2308.57
2026-08-20 01:53:12,deribit,ETH,ETH-25DEC26-800-C,2026-12-25,800,call,0.651557,0.6505,0.653,81.91,,,,,171.0,0.0,2286.27
2026-08-20 01:53:12,deribit,ETH,ETH-25DEC26-5500-C,2026-12-25,5500,call,0.001638,0.0014,0.002,62.51,,,,,1627.0,10.0,2286.23
2026-08-20 01:53:12,deribit,ETH,ETH-26MAR27-4500-C,2027-03-26,4500,call,0.016037,0.0155,0.017,56.15,,,,,2403.0,67.0,2308.53
2026-08-20 01:53:12,deribit,ETH,ETH-25DEC26-4000-C,2026-12-25,4000,call,0.008287,0.008,0.009,56.28,,,,,17008.0,2.0,2286.23
2026-08-20 01:53:12,deribit,ETH,ETH-22AUG26-2080-P,2026-08-22,2080,put,0.001296,0.0012,0.0014,69.28,,,,,1277.0,1476.0,2265.91
2026-08-20 01:53:12,deribit,ETH,ETH-22AUG26-2200-P,2026-08-22,2200,put,0.008554,0.008,0.009,64.03,,,,,528.0,735.0,2265.87
2026-08-20 01:53:12,deribit,ETH,ETH-30OCT26-1000-C,2026-10-30,1000,call,0.561469,0.56,0.563,80.81,,,,,0.0,0.0,2275.95
2026-08-20 01:53:12,deribit,ETH,ETH-25JUN27-3100-P,2027-06-25,3100,put,0.432594,0.42,0.439,55.29,,,,,0.0,0.0,2333.35
2026-08-20 01:53:12,deribit,ETH,ETH-25SEP26-9000-P,2026-09-25,9000,put,2.964742,2.935,2.988,104.42,,,,,0.0,0.0,2270.03
2026-08-20 01:53:12,deribit,ETH,ETH-20AUG26-2260-C,2026-08-20,2260,call,0.007824,0.0075,0.0085,64.55,,,,,136.0,236.0,2264.5
2026-08-20 01:53:12,deribit,ETH,ETH-25SEP26-1200-C,2026-09-25,1200,call,0.471822,0.4705,0.4735,82.77,,,,,138.0,0.0,2270.07
2026-08-20 01:53:12,deribit,ETH,ETH-23AUG26-2240-P,2026-08-23,2240,put,0.016259,0.016,0.0165,57.66,,,,,58.0,274.0,2266.48
2026-08-20 01:53:12,deribit,ETH,ETH-4SEP26-1800-P,2026-09-04,1800,put,0.001827,0.0017,0.002,64.14,,,,,1150.0,749.0,2268.13
2026-08-20 01:53:12,deribit,ETH,ETH-23AUG26-2260-P,2026-08-23,2260,put,0.020283,0.0195,0.021,57.62,,,,,10.0,12.0,2266.44
2026-08-20 01:53:12,deribit,ETH,ETH-23AUG26-2250-P,2026-08-23,2250,put,0.018282,0.018,0.0185,57.86,,,,,164.0,180.0,2266.44
2026-08-20 01:53:12,deribit,ETH,ETH-28AUG26-1700-P,2026-08-28,1700,put,0.000484,0.0004,0.0006,85.6,,,,,16605.0,5721.0,2268.51
2026-08-20 01:53:12,deribit,ETH,ETH-22AUG26-1840-C,2026-08-22,1840,call,0.188093,0.186,0.1905,105.38,,,,,0.0,0.0,2265.91
2026-08-20 01:53:12,deribit,ETH,ETH-25SEP26-2300-P,2026-09-25,2300,put,0.070163,0.069,0.071,50.1,,,,,1105.0,356.0,2270.03
2026-08-20 01:53:12,deribit,ETH,ETH-23AUG26-2420-C,2026-08-23,2420,call,0.004668,0.0044,0.0049,65.16,,,,,19.0,19.0,2266.48
2026-08-20 01:53:12,deribit,ETH,ETH-25JUN27-2100-P,2027-06-25,2100,put,0.147788,0.146,0.149,56.2,,,,,120.0,42.0,2333.37
2026-08-20 01:53:12,deribit,ETH,ETH-4SEP26-2080-C,2026-09-04,2080,call,0.095184,0.093,0.097,52.57,,,,,102.0,109.0,2268.13
2026-08-20 01:53:12,deribit,ETH,ETH-20AUG26-2360-C,2026-08-20,2360,call,0.000503,0.0003,0.0007,93.89,,,,,52.0,301.0,2264.46
2026-08-20 01:53:12,deribit,ETH,ETH-25DEC26-1000-C,2026-12-25,1000,call,0.565753,0.564,0.5675,73.85,,,,,55.0,50.0,2286.27
2026-08-20 01:53:12,deribit,ETH,ETH-25DEC26-2800-P,2026-12-25,2800,put,0.277432,0.275,0.281,52.54,,,,,2141.0,0.0,2286.27
2026-08-20 01:53:12,deribit,ETH,ETH-25SEP26-3000-C,2026-09-25,3000,call,0.004896,0.0048,0.005,55.92,,,,,30757.0,1705.0,2270.03
2026-08-20 01:53:12,deribit,ETH,ETH-21AUG26-2320-P,2026-08-21,2320,put,0.03114,0.03,0.032,68.61,,,,,18.0,18.0,2265.19
2026-08-20 01:53:12,deribit,ETH,ETH-25SEP26-4000-P,2026-09-25,4000,put,0.762694,0.7495,0.773,71.73,,,,,140.0,0.0,2270.03
2026-08-20 01:53:12,deribit,ETH,ETH-21AUG26-2240-C,2026-08-21,2240,call,0.021314,0.0205,0.022,65.01,,,,,527.0,578.0,2265.15
2026-08-20 01:53:12,deribit,ETH,ETH-30OCT26-1800-P,2026-10-30,1800,put,0.018994,0.0185,0.019,54.86,,,,,1184.0,332.0,2275.94
2026-08-20 01:53:12,deribit,ETH,ETH-25SEP26-2150-C,2026-09-25,2150,call,0.091941,0.091,0.0925,50.68,,,,,112.0,112.0,2270.03
2026-08-20 01:53:12,deribit,ETH,ETH-20AUG26-2200-P,2026-08-20,2200,put,0.000476,0.0004,0.0006,70.37,,,,,792.0,948.0,2264.46
2026-08-20 01:53:12,deribit,ETH,ETH-25SEP26-6500-P,2026-09-25,6500,put,1.863497,1.8435,1.879,104.05,,,,,0.0,0.0,2270.07
2026-08-20 01:53:12,deribit,ETH,ETH-25DEC26-4400-P,2026-12-25,4400,put,0.929702,0.9115,0.947,58.14,,,,,20.0,0.0,2286.23
2026-08-20 01:53:12,deribit,ETH,ETH-21AUG26-2140-P,2026-08-21,2140,put,0.001314,0.0012,0.0014,67.65,,,,,94.0,170.0,2265.19
2026-08-20 01:53:12,deribit,ETH,ETH-20AUG26-2200-C,2026-08-20,2200,call,0.028937,0.026,0.033,70.37,,,,,1506.0,1973.0,2264.5
2026-08-20 01:53:12,deribit,ETH,ETH-20AUG26-1840-P,2026-08-20,1840,put,0.0,,0.0001,175.14,,,,,410.0,175.0,2264.46
2026-08-20 01:53:12,deribit,ETH,ETH-28AUG26-2200-C,2026-08-28,2200,call,0.049675,0.0485,0.0505,54.78,,,,,7529.0,5050.0,2268.51
2026-08-20 01:53:12,deribit,ETH,ETH-25SEP26-3400-C,2026-09-25,3400,call,0.001717,0.0015,0.002,62.17,,,,,7040.0,7.0,2270.03
2026-08-20 01:53:12,deribit,ETH,ETH-25SEP26-4400-P,2026-09-25,4400,put,0.938597,0.9245,0.951,76.29,,,,,281.0,0.0,2270.07
2026-08-20 01:53:12,deribit,ETH,ETH-25SEP26-5800-P,2026-09-25,5800,put,1.5552,1.5375,1.5705,98.22,,,,,0.0,0.0,2270.07
2026-08-20 01:53:12,deribit,ETH,ETH-28AUG26-2350-P,2026-08-28,2350,put,0.055047,0.054,0.056,55.88,,,,,101.0,1.0,2268.51
2026-08-20 01:53:12,deribit,ETH,ETH-21AUG26-1960-C,2026-08-21,1960,call,0.134792,0.132,0.137,95.62,,,,,3434.0,1759.0,2265.15
2026-08-20 01:53:12,deribit,ETH,ETH-25JUN27-1200-C,2027-06-25,1200,call,0.512011,0.5095,0.513,63.76,,,,,55.0,0.0,2333.37
2026-08-20 01:53:12,deribit,ETH,ETH-30OCT26-1200-C,2026-10-30,1200,call,0.474639,0.4735,0.4765,72.08,,,,,0.0,0.0,2275.95
2026-08-20 01:53:12,deribit,ETH,ETH-30OCT26-1700-C,2026-10-30,1700,call,0.26602,0.264,0.268,56.67,,,,,49.0,75.0,2275.94
2026-08-20 01:53:12,deribit,ETH,ETH-25DEC26-1300-P,2026-12-25,1300,put,0.008508,0.008,0.009,64.26,,,,,2019.0,0.0,2286.23
2026-08-20 01:53:12,deribit,ETH,ETH-4SEP26-2400-P,2026-09-04,2400,put,0.078803,0.0775,0.0795,52.13,,,,,10.0,10.0,2268.17
2026-08-20 01:53:12,deribit,ETH,ETH-25SEP26-2600-C,2026-09-25,2600,call,0.019154,0.0185,0.0195,51.09,,,,,12503.0,9171.0,2270.03
2026-08-20 01:53:12,deribit,ETH,ETH-25DEC26-7000-P,2026-12-25,7000,put,2.062365,2.0295,2.098,67.59,,,,,0.0,0.0,2286.27
2026-08-20 01:53:12,deribit,ETH,ETH-25JUN27-4000-C,2027-06-25,4000,call,0.050122,0.049,0.051,55.89,,,,,4081.0,40.0,2333.35
2026-08-20 01:53:12,deribit,ETH,ETH-26MAR27-1200-P,2027-03-26,1200,put,0.016016,0.0155,0.0165,64.93,,,,,1474.0,4.0,2308.57
2026-08-20 01:53:12,deribit,ETH,ETH-25SEP26-7000-P,2026-09-25,7000,put,2.083732,2.0595,2.1025,104.42,,,,,0.0,0.0,2270.03
2026-08-20 01:53:12,deribit,ETH,ETH-28AUG26-2120-P,2026-08-28,2120,put,0.009519,0.009,0.01,55.53,,,,,517.0,538.0,2268.51
2026-08-20 01:53:12,deribit,ETH,ETH-25SEP26-1900-C,2026-09-25,1900,call,0.174996,0.172,0.177,54.21,,,,,11446.0,393.0,2270.03
2026-08-20 01:53:12,deribit,ETH,ETH-25DEC26-2300-C,2026-12-25,2300,call,0.120618,0.1195,0.1215,52.53,,,,,7992.0,709.0,2286.27
2026-08-20 01:53:12,deribit,ETH,ETH-26MAR27-1800-C,2027-03-26,1800,call,0.287674,0.2855,0.2895,56.45,,,,,4002.0,228.0,2308.57
2026-08-20 01:53:12,deribit,ETH,ETH-28AUG26-2050-C,2026-08-28,2050,call,0.101262,0.1,0.103,57.69,,,,,16739.0,4620.0,2268.51
2026-08-20 01:53:12,deribit,ETH,ETH-30OCT26-3000-P,2026-10-30,3000,put,0.332622,0.3235,0.3395,51.81,,,,,72.0,0.0,2275.95
2026-08-20 01:53:12,deribit,ETH,ETH-28AUG26-1800-C,2026-08-28,1800,call,0.20725,0.205,0.209,74.75,,,,,5989.0,292.0,2268.51
2026-08-20 01:53:12,deribit,ETH,ETH-21AUG26-2320-C,2026-08-21,2320,call,0.006924,0.0065,0.0075,68.61,,,,,550.0,739.0,2265.15
2026-08-20 01:53:12,deribit,ETH,ETH-23AUG26-2140-P,2026-08-23,2140,put,0.004313,0.0041,0.0046,59.27,,,,,80.0,134.0,2266.44
2026-08-20 01:53:12,deribit,ETH,ETH-25JUN27-1900-C,2027-06-25,1900,call,0.293913,0.293,0.2955,56.83,,,,,116.0,9.0,2333.37
2026-08-20 01:53:12,deribit,ETH,ETH-26MAR27-3700-C,2027-03-26,3700,call,0.035225,0.0345,0.036,54.75,,,,,1479.0,6.0,2308.57
2026-08-20 01:53:12,deribit,ETH,ETH-26MAR27-5000-C,2027-03-26,5000,call,0.010275,0.0095,0.011,57.06,,,,,1850.0,40.0,2308.57
2026-08-20 01:53:12,deribit,ETH,ETH-21AUG26-1840-C,2026-08-21,1840,call,0.187736,0.1855,0.1895,125.78,,,,,0.0,0.0,2265.15
2026-08-20 01:53:12,deribit,ETH,ETH-22AUG26-2150-C,2026-08-22,2150,call,0.055079,0.052,0.058,65.07,,,,,1040.0,1349.0,2265.87
2026-08-20 01:53:12,deribit,ETH,ETH-26MAR27-2000-P,2027-03-26,2000,put,0.100012,0.099,0.101,55.37,,,,,1383.0,251.0,2308.57
2026-08-20 01:53:12,deribit,ETH,ETH-25SEP26-2100-P,2026-09-25,2100,put,0.031337,0.031,0.0315,51.05,,,,,2929.0,903.0,2270.07
2026-08-20 01:53:12,deribit,ETH,ETH-26MAR27-1200-C,2027-03-26,1200,call,0.4962,0.494,0.4975,64.93,,,,,69.0,0.0,2308.57
2026-08-20 01:53:12,deribit,ETH,ETH-21AUG26-1960-P,2026-08-21,1960,put,8.1e-05,,0.0002,95.62,,,,,730.0,824.0,2265.15
2026-08-20 01:53:12,deribit,ETH,ETH-25SEP26-2700-P,2026-09-25,2700,put,0.202647,0.195,0.208,51.93,,,,,527.0,0.0,2270.03
2026-08-20 01:53:12,deribit,ETH,ETH-22AUG26-2350-C,2026-08-22,2350,call,0.008237,0.008,0.0085,68.88,,,,,87.0,88.0,2265.91
2026-08-20 01:53:12,deribit,ETH,ETH-20AUG26-1860-C,2026-08-20,1860,call,0.178605,0.1765,0.181,175.14,,,,,54.0,54.0,2264.5
2026-08-20 01:53:12,deribit,ETH,ETH-4SEP26-2050-P,2026-09-04,2050,put,0.009886,0.0095,0.01,53.33,,,,,748.0,809.0,2268.17
2026-08-20 01:53:12,deribit,ETH,ETH-26MAR27-2500-C,2027-03-26,2500,call,0.13438,0.133,0.1355,54.17,,,,,9333.0,264.0,2308.57
2026-08-20 01:53:12,deribit,ETH,ETH-25SEP26-16000-P,2026-09-25,16000,put,6.048427,5.989,6.1085,130.17,,,,,30.0,0.0,2270.03
2026-08-20 01:53:12,deribit,ETH,ETH-25SEP26-2050-P,2026-09-25,2050,put,0.024906,0.0245,0.0255,51.61,,,,,110.0,141.0,2270.07
2026-08-20 01:53:12,deribit,ETH,ETH-23AUG26-1940-P,2026-08-23,1940,put,0.000347,0.0003,0.0005,75.72,,,,,1.0,5.0,2266.44
2026-08-20 01:53:12,deribit,ETH,ETH-22AUG26-2440-C,2026-08-22,2440,call,0.003272,0.0031,0.0034,76.45,,,,,4.0,4.0,2265.87
2026-08-20 01:53:12,deribit,ETH,ETH-21AUG26-1500-C,2026-08-21,1500,call,0.337789,0.3355,0.3395,133.61,,,,,18.0,0.0,2265.19
2026-08-20 01:53:12,deribit,ETH,ETH-25SEP26-2300-C,2026-09-25,2300,call,0.056951,0.0565,0.057,50.1,,,,,14096.0,10784.0,2270.03
2026-08-20 01:53:12,deribit,ETH,ETH-25SEP26-1400-P,2026-09-25,1400,put,0.001182,0.001,0.0014,73.2,,,,,10036.0,1507.0,2270.03
2026-08-20 01:53:12,deribit,ETH,ETH-21AUG26-1950-P,2026-08-21,1950,put,7.3e-05,,0.0002,97.56,,,,,1617.0,854.0,2265.19
2026-08-20 01:53:12,deribit,ETH,ETH-26MAR27-1500-P,2027-03-26,1500,put,0.034243,0.0335,0.035,59.52,,,,,4079.0,220.0,2308.57
2026-08-20 01:53:12,deribit,ETH,ETH-20AUG26-1940-P,2026-08-20,1940,put,5e-06,,0.0001,175.09,,,,,397.0,468.0,2264.5
2026-08-20 01:53:12,deribit,ETH,ETH-26MAR27-4500-P,2027-03-26,4500,put,0.965346,0.9455,0.989,56.15,,,,,0.0,0.0,2308.57
2026-08-20 01:53:12,deribit,ETH,ETH-23AUG26-1880-C,2026-08-23,1880,call,0.170715,0.1675,0.1725,83.32,,,,,99.0,232.0,2266.48
2026-08-20 01:53:12,deribit,ETH,ETH-25JUN27-2700-P,2027-06-25,2700,put,0.303999,0.3015,0.3055,55.33,,,,,0.0,0.0,2333.37
2026-08-20 01:53:12,deribit,ETH,ETH-25SEP26-1600-C,2026-09-25,1600,call,0.297939,0.2955,0.3,63.76,,,,,3524.0,75.0,2270.03
2026-08-20 01:53:12,deribit,ETH,ETH-20AUG26-2400-P,2026-08-20,2400,put,0.060158,0.0545,0.0645,112.6,,,,,0.0,0.0,2264.5
2026-08-20 01:53:12,deribit,ETH,ETH-20AUG26-2120-P,2026-08-20,2120,put,2.5e-05,,0.0001,92.26,,,,,124.0,221.0,2264.5
2026-08-20 01:53:12,deribit,ETH,ETH-22AUG26-2240-P,2026-08-22,2240,put,0.014834,0.0145,0.015,64.24,,,,,245.0,270.0,2265.87
2026-08-20 01:53:12,deribit,ETH,ETH-21AUG26-2340-P,2026-08-21,2340,put,0.038329,0.0365,0.042,71.12,,,,,0.0,0.0,2265.15
2026-08-20 01:53:12,deribit,ETH,ETH-26MAR27-3000-P,2027-03-26,3000,put,0.375598,0.367,0.3875,54.07,,,,,352.0,0.0,2308.57
2026-08-20 01:53:12,deribit,ETH,ETH-4SEP26-1750-C,2026-09-04,1750,call,0.229774,0.227,0.232,66.87,,,,,0.0,50.0,2268.13
2026-08-20 01:53:12,deribit,ETH,ETH-25JUN27-2900-C,2027-06-25,2900,call,0.123443,0.1225,0.1245,55.26,,,,,283.0,73.0,2333.37
2026-08-20 01:53:12,deribit,ETH,ETH-25JUN27-1700-P,2027-06-25,1700,put,0.07567,0.0745,0.077,57.77,,,,,2964.0,12.0,2333.37
2026-08-20 01:53:12,deribit,ETH,ETH-25DEC26-5200-P,2026-12-25,5200,put,1.276655,1.2555,1.301,61.25,,,,,0.0,0.0,2286.23
2026-08-20 01:53:12,deribit,ETH,ETH-30OCT26-1200-P,2026-10-30,1200,put,0.001893,0.0016,0.0022,72.08,,,,,2268.0,0.0,2275.94
2026-08-20 01:53:12,deribit,ETH,ETH-23AUG26-2020-P,2026-08-23,2020,put,0.000883,0.0008,0.001,68.02,,,,,11.0,11.0,2266.44
2026-08-20 01:53:12,deribit,ETH,ETH-25DEC26-4800-C,2026-12-25,4800,call,0.003175,0.0029,0.0036,59.56,,,,,2772.0,2.0,2286.27
2026-08-20 01:53:12,deribit,ETH,ETH-23AUG26-1920-P,2026-08-23,1920,put,0.00032,0.0002,0.0005,79.2,,,,,154.0,418.0,2266.44
2026-08-20 01:53:12,deribit,ETH,ETH-25JUN27-2000-P,2027-06-25,2000,put,0.127139,0.1255,0.128,56.49,,,,,820.0,601.0,2333.37
2026-08-20 01:53:12,deribit,ETH,ETH-23AUG26-2300-P,2026-08-23,2300,put,0.030479,0.0295,0.031,58.76,,,,,702.0,706.0,2266.44
2026-08-20 01:53:12,deribit,ETH,ETH-26MAR27-1500-C,2027-03-26,1500,call,0.384473,0.382,0.386,59.52,,,,,244.0,0.0,2308.57
2026-08-20 01:53:12,deribit,ETH,ETH-4SEP26-1600-C,2026-09-04,1600,call,0.295196,0.2925,0.297,77.14,,,,,18.0,18.0,2268.13
2026-08-20 01:53:12,deribit,ETH,ETH-4SEP26-2250-C,2026-09-04,2250,call,0.045659,0.045,0.0465,51.16,,,,,0.0,0.0,2268.13
2026-08-20 01:53:12,deribit,ETH,ETH-25SEP26-2050-C,2026-09-25,2050,call,0.121828,0.121,0.1225,51.61,,,,,10.0,10.0,2270.03
2026-08-20 01:53:12,deribit,ETH,ETH-22AUG26-1980-C,2026-08-22,1980,call,0.126552,0.124,0.1295,81.73,,,,,665.0,669.0,2265.91
2026-08-20 01:53:12,deribit,ETH,ETH-30OCT26-2450-P,2026-10-30,2450,put,0.134906,0.1335,0.1365,50.2,,,,,0.0,0.0,2275.95
2026-08-20 01:53:12,deribit,ETH,ETH-23AUG26-2400-C,2026-08-23,2400,call,0.005656,0.0055,0.006,63.74,,,,,113.0,117.0,2266.44
2026-08-20 01:53:12,deribit,ETH,ETH-25SEP26-3800-C,2026-09-25,3800,call,0.000819,0.0007,0.001,68.83,,,,,2051.0,2.0,2270.07
2026-08-20 01:53:12,deribit,ETH,ETH-25DEC26-2700-P,2026-12-25,2700,put,0.243403,0.242,0.246,52.45,,,,,446.0,0.0,2286.27
2026-08-20 01:53:12,deribit,ETH,ETH-22AUG26-1700-P,2026-08-22,1700,put,7.5e-05,,0.0001,131.87,,,,,323.0,103.0,2265.91
2026-08-20 01:53:12,deribit,ETH,ETH-20AUG26-2250-C,2026-08-20,2250,call,0.010491,0.01,0.012,65.04,,,,,237.0,572.0,2264.46
2026-08-20 01:53:12,deribit,ETH,ETH-25SEP26-7500-C,2026-09-25,7500,call,2e-05,,0.0002,104.42,,,,,1322.0,0.0,2270.03
2026-08-20 01:53:12,deribit,ETH,ETH-20AUG26-1780-C,2026-08-20,1780,call,0.213934,0.212,0.216,175.14,,,,,0.0,0.0,2264.46
2026-08-20 01:53:12,deribit,ETH,ETH-25SEP26-6800-P,2026-09-25,6800,put,1.995618,1.9725,2.014,104.42,,,,,0.0,0.0,2270.07
2026-08-20 01:53:12,deribit,ETH,ETH-21AUG26-1950-C,2026-08-21,1950,call,0.139199,0.1365,0.1405,97.56,,,,,12729.0,1946.0,2265.15
2026-08-20 01:53:12,deribit,ETH,ETH-22AUG26-1900-P,2026-08-22,1900,put,0.00018,0.0001,0.0003,93.17,,,,,1342.0,1342.0,2265.87
2026-08-20 01:53:12,deribit,ETH,ETH-21AUG26-2080-P,2026-08-21,2080,put,0.000416,0.0003,0.0005,74.86,,,,,451.0,596.0,2265.19
2026-08-20 01:53:12,deribit,ETH,ETH-23AUG26-2220-P,2026-08-23,2220,put,0.012737,0.0125,0.013,57.52,,,,,507.0,647.0,2266.44
2026-08-20 01:53:12,deribit,ETH,ETH-20AUG26-2040-P,2026-08-20,2040,put,9e-06,,0.0001,128.47,,,,,1078.0,1255.0,2264.46
2026-08-20 01:53:12,deribit,ETH,ETH-25SEP26-3300-C,2026-09-25,3300,call,0.002128,0.002,0.0025,60.39,,,,,17712.0,7.0,2270.07
2026-08-20 01:53:12,deribit,ETH,ETH-30OCT26-1950-P,2026-10-30,1950,put,0.03268,0.0325,0.033,52.76,,,,,849.0,549.0,2275.94
2026-08-20 01:53:12,deribit,ETH,ETH-25DEC26-7000-C,2026-12-25,7000,call,0.000515,0.0004,0.0009,67.59,,,,,2840.0,20.0,2286.27
2026-08-20 01:53:12,deribit,ETH,ETH-25SEP26-2250-P,2026-09-25,2250,put,0.058344,0.058,0.059,50.11,,,,,365.0,385.0,2270.07
2026-08-20 01:53:12,deribit,ETH,ETH-26MAR27-3300-C,2027-03-26,3300,call,0.054271,0.0535,0.055,54.25,,,,,2063.0,250.0,2308.57
2026-08-20 01:53:12,deribit,ETH,ETH-22AUG26-2450-C,2026-08-22,2450,call,0.002987,0.0028,0.0032,77.48,,,,,22.0,30.0,2265.87
2026-08-20 01:53:12,deribit,ETH,ETH-25JUN27-4200-P,2027-06-25,4200,put,0.843116,0.8235,0.865,56.12,,,,,0.0,0.0,2333.37
2026-08-20 01:53:12,deribit,ETH,ETH-23AUG26-1780-P,2026-08-23,1780,put,0.000124,,0.0002,98.7,,,,,40.0,40.0,2266.44
2026-08-20 01:53:12,deribit,ETH,ETH-23AUG26-1960-C,2026-08-23,1960,call,0.135641,0.133,0.1385,73.7,,,,,1.0,1.0,2266.48
2026-08-20 01:53:12,deribit,ETH,ETH-28AUG26-2120-C,2026-08-28,2120,call,0.074981,0.0725,0.0765,55.53,,,,,84.0,131.0,2268.55
2026-08-20 01:53:12,deribit,ETH,ETH-28AUG26-2250-C,2026-08-28,2250,call,0.037002,0.036,0.0375,54.85,,,,,3123.0,1259.0,2268.51
2026-08-20 01:53:12,deribit,ETH,ETH-25DEC26-1800-P,2026-12-25,1800,put,0.038803,0.038,0.039,55.25,,,,,5333.0,1558.0,2286.27
2026-08-20 01:53:12,deribit,ETH,ETH-21AUG26-1400-C,2026-08-21,1400,call,0.381937,0.38,0.3835,133.61,,,,,0.0,0.0,2265.19
2026-08-20 01:53:12,deribit,ETH,ETH-25SEP26-2200-P,2026-09-25,2200,put,0.04805,0.0475,0.0485,50.35,,,,,5791.0,954.0,2270.03
2026-08-20 01:53:12,deribit,ETH,ETH-21AUG26-2020-C,2026-08-21,2020,call,0.108402,0.106,0.111,85.38,,,,,18.0,18.0,2265.15
2026-08-20 01:53:12,deribit,ETH,ETH-25DEC26-1300-C,2026-12-25,1300,call,0.439879,0.4385,0.442,64.26,,,,,50.0,50.0,2286.27
2026-08-20 01:53:12,deribit,ETH,ETH-25JUN27-1400-P,2027-06-25,1400,put,0.041081,0.04,0.042,60.56,,,,,1784.0,417.0,2333.37
2026-08-20 01:53:12,deribit,ETH,ETH-20AUG26-2000-C,2026-08-20,2000,call,0.116792,0.115,0.119,150.09,,,,,2951.0,7332.0,2264.5
2026-08-20 01:53:12,deribit,ETH,ETH-23AUG26-1880-P,2026-08-23,1880,put,0.000209,0.0001,0.0004,83.32,,,,,1095.0,1295.0,2266.48
2026-08-20 01:53:12,deribit,ETH,ETH-25SEP26-3200-P,2026-09-25,3200,put,0.412439,0.402,0.422,58.86,,,,,1323.0,10.0,2270.03
2026-08-20 01:53:12,deribit,ETH,ETH-22AUG26-2340-P,2026-08-22,2340,put,0.041783,0.041,0.0425,67.78,,,,,18.0,18.0,2265.91
2026-08-20 01:53:12,deribit,ETH,ETH-28AUG26-2600-C,2026-08-28,2600,call,0.003886,0.0038,0.0041,65.05,,,,,7996.0,830.0,2268.51
2026-08-20 01:53:12,deribit,ETH,ETH-23AUG26-2340-C,2026-08-23,2340,call,0.010386,0.01,0.011,60.28,,,,,93.0,93.0,2266.44
2026-08-20 01:53:12,deribit,ETH,ETH-22AUG26-2150-P,2026-08-22,2150,put,0.003946,0.0037,0.0042,65.07,,,,,49.0,88.0,2265.87
2026-08-20 01:53:12,deribit,ETH,ETH-26MAR27-3000-C,2027-03-26,3000,call,0.076058,0.075,0.077,54.07,,,,,4344.0,1044.0,2308.57
2026-08-20 01:53:12,deribit,ETH,ETH-25JUN27-1600-C,2027-06-25,1600,call,0.376448,0.374,0.3785,58.42,,,,,372.0,0.0,2333.37
2026-08-20 01:53:12,deribit,ETH,ETH-20AUG26-1840-C,2026-08-20,1840,call,0.187437,0.1855,0.1895,175.14,,,,,49.0,49.0,2264.46
2026-08-20 01:53:12,deribit,ETH,ETH-25SEP26-1200-P,2026-09-25,1200,put,0.000449,0.0005,0.0006,82.77,,,,,11156.0,107.0,2270.03
2026-08-20 01:53:12,deribit,ETH,ETH-25DEC26-5000-C,2026-12-25,5000,call,0.002599,0.0023,0.003,60.44,,,,,4542.0,11.0,2286.23
2026-08-20 01:53:12,deribit,ETH,ETH-30OCT26-1700-P,2026-10-30,1700,put,0.012964,0.0125,0.0135,56.67,,,,,881.0,136.0,2275.94
2026-08-20 01:53:12,deribit,ETH,ETH-26MAR27-2900-P,2027-03-26,2900,put,0.341495,0.333,0.3465,54.06,,,,,258.0,0.0,2308.53
2026-08-20 01:53:12,deribit,ETH,ETH-25JUN27-4500-C,2027-06-25,4500,call,0.034894,0.034,0.036,56.56,,,,,1284.0,11.0,2333.37
2026-08-20 01:53:12,deribit,ETH,ETH-25DEC26-1900-P,2026-12-25,1900,put,0.050849,0.05,0.0515,54.32,,,,,5277.0,602.0,2286.27
2026-08-20 01:53:12,deribit,ETH,ETH-23AUG26-1700-C,2026-08-23,1700,call,0.250009,0.248,0.2515,111.09,,,,,0.0,0.0,2266.48
2026-08-20 01:53:12,deribit,ETH,ETH-22AUG26-1760-P,2026-08-22,1760,put,8.3e-05,,0.0002,118.38,,,,,163.0,57.0,2265.91
2026-08-20 01:53:12,deribit,ETH,ETH-25SEP26-4500-C,2026-09-25,4500,call,0.000253,0.0001,0.0005,77.33,,,,,8360.0,4.0,2270.03
2026-08-20 01:53:12,deribit,ETH,ETH-22AUG26-2080-C,2026-08-22,2080,call,0.083322,0.081,0.0855,69.28,,,,,715.0,1016.0,2265.91
2026-08-20 01:53:12,deribit,ETH,ETH-21AUG26-2000-P,2026-08-21,2000,put,0.000148,0.0001,0.0002,89.67,,,,,1116.0,1372.0,2265.19
2026-08-20 01:53:12,deribit,ETH,ETH-28AUG26-1100-P,2026-08-28,1100,put,8e-06,,0.0001,136.84,,,,,2239.0,0.0,2268.51
2026-08-20 01:53:12,deribit,ETH,ETH-26MAR27-4400-P,2027-03-26,4400,put,0.923585,0.9035,0.947,55.96,,,,,0.0,0.0,2308.57
2026-08-20 01:53:12,deribit,ETH,ETH-23AUG26-1960-P,2026-08-23,1960,put,0.000433,0.0004,0.0006,73.7,,,,,256.0,258.0,2266.48
2026-08-20 01:53:12,deribit,ETH,ETH-25SEP26-7200-C,2026-09-25,7200,call,3.3e-05,,0.0002,104.42,,,,,1160.0,0.0,2270.07
2026-08-20 01:53:12,deribit,ETH,ETH-22AUG26-2040-P,2026-08-22,2040,put,0.000731,0.0006,0.0009,73.19,,,,,521.0,693.0,2265.91
2026-08-20 01:53:12,deribit,ETH,ETH-28AUG26-1550-C,2026-08-28,1550,call,0.316916,0.3145,0.3185,97.97,,,,,131.0,23.0,2268.51
2026-08-20 01:53:12,deribit,ETH,ETH-25JUN27-3200-C,2027-06-25,3200,call,0.095364,0.0945,0.0955,55.25,,,,,298.0,18.0,2333.37
2026-08-20 01:53:12,deribit,ETH,ETH-30OCT26-1600-P,2026-10-30,1600,put,0.00889,0.0085,0.0095,59.06,,,,,2138.0,449.0,2275.94
2026-08-20 01:53:12,deribit,ETH,ETH-22AUG26-2600-P,2026-08-22,2600,put,0.148388,0.1425,0.152,93.25,,,,,0.0,0.0,2265.91
2026-08-20 01:53:12,deribit,ETH,ETH-23AUG26-2450-C,2026-08-23,2450,call,0.003522,0.0033,0.0038,67.33,,,,,8.0,12.0,2266.44
2026-08-20 01:53:12,deribit,ETH,ETH-28AUG26-3200-C,2026-08-28,3200,call,0.000392,0.0003,0.0005,93.47,,,,,2250.0,1543.0,2268.51
2026-08-20 01:53:12,deribit,ETH,ETH-23AUG26-1860-C,2026-08-23,1860,call,0.179504,0.177,0.1815,85.65,,,,,0.0,0.0,2266.44
2026-08-20 01:53:12,deribit,ETH,ETH-25JUN27-4200-C,2027-06-25,4200,call,0.043137,0.042,0.044,56.12,,,,,3.0,3.0,2333.37
2026-08-20 01:53:12,deribit,ETH,ETH-25SEP26-7000-C,2026-09-25,7000,call,4.5e-05,,0.0001,104.42,,,,,2033.0,0.0,2270.03
2026-08-20 01:53:12,deribit,ETH,ETH-20AUG26-2350-C,2026-08-20,2350,call,0.000591,0.0004,0.0008,89.11,,,,,11.0,11.0,2264.46
2026-08-20 01:53:12,deribit,ETH,ETH-4SEP26-1700-C,2026-09-04,1700,call,0.251515,0.249,0.2535,70.24,,,,,18.0,18.0,2268.13
2026-08-20 01:53:12,deribit,ETH,ETH-4SEP26-2000-P,2026-09-04,2000,put,0.006843,0.0065,0.007,54.69,,,,,1328.0,1430.0,2268.17
2026-08-20 01:53:12,deribit,ETH,ETH-21AUG26-2260-C,2026-08-21,2260,call,0.016355,0.016,0.017,65.03,,,,,1004.0,1267.0,2265.15
2026-08-20 01:53:12,deribit,ETH,ETH-23AUG26-2440-C,2026-08-23,2440,call,0.003856,0.0036,0.0041,66.55,,,,,62.0,66.0,2266.44
2026-08-20 01:53:12,deribit,ETH,ETH-25SEP26-6600-C,2026-09-25,6600,call,8.7e-05,,0.0001,104.42,,,,,1414.0,0.0,2270.03
2026-08-20 01:53:12,deribit,ETH,ETH-28AUG26-1000-C,2026-08-28,1000,call,0.559181,0.5575,0.5605,136.84,,,,,50.0,50.0,2268.55
2026-08-20 01:53:12,deribit,ETH,ETH-25SEP26-11000-P,2026-09-25,11000,put,3.845794,3.805,3.8805,110.93,,,,,0.0,0.0,2270.03
2026-08-20 01:53:12,deribit,ETH,ETH-25SEP26-3300-P,2026-09-25,3300,put,0.455853,0.4465,0.4625,60.39,,,,,3.0,0.0,2270.07
2026-08-20 01:53:12,deribit,ETH,ETH-21AUG26-1940-P,2026-08-21,1940,put,7.3e-05,,0.0002,100.55,,,,,182.0,193.0,2265.19
2026-08-20 01:53:12,deribit,ETH,ETH-21AUG26-2200-P,2026-08-21,2200,put,0.004857,0.0045,0.0055,65.36,,,,,747.0,1315.0,2265.15
2026-08-20 01:53:12,deribit,ETH,ETH-26MAR27-1000-C,2027-03-26,1000,call,0.57617,0.5745,0.5775,70.33,,,,,270.0,0.0,2308.57
2026-08-20 01:53:12,deribit,ETH,ETH-25JUN27-3300-C,2027-06-25,3300,call,0.087679,0.0865,0.089,55.29,,,,,0.0,0.0,2333.37
2026-08-20 01:53:12,deribit,ETH,ETH-22AUG26-2320-P,2026-08-22,2320,put,0.035115,0.034,0.036,66.35,,,,,228.0,228.0,2265.91
2026-08-20 01:53:12,deribit,ETH,ETH-23AUG26-2350-C,2026-08-23,2350,call,0.009385,0.009,0.01,60.82,,,,,40.0,67.0,2266.44
2026-08-20 01:53:12,deribit,ETH,ETH-22AUG26-2400-P,2026-08-22,2400,put,0.064109,0.0605,0.067,73.06,,,,,0.0,0.0,2265.87
2026-08-20 01:53:12,deribit,ETH,ETH-22AUG26-2300-P,2026-08-22,2300,put,0.028968,0.028,0.03,65.09,,,,,63.0,94.0,2265.87
2026-08-20 01:53:12,deribit,ETH,ETH-30OCT26-1600-C,2026-10-30,1600,call,0.305883,0.304,0.308,59.06,,,,,68.0,50.0,2275.95
2026-08-20 01:53:12,deribit,ETH,ETH-23AUG26-2460-C,2026-08-23,2460,call,0.003236,0.003,0.0035,68.19,,,,,47.0,71.0,2266.44
2026-08-20 01:53:12,deribit,ETH,ETH-25JUN27-1500-C,2027-06-25,1500,call,0.408121,0.4055,0.4095,59.48,,,,,50.0,2.0,2333.35
2026-08-20 01:53:12,deribit,ETH,ETH-22AUG26-2140-C,2026-08-22,2140,call,0.058884,0.0555,0.061,65.34,,,,,279.0,556.0,2265.87
2026-08-20 01:53:12,deribit,ETH,ETH-23AUG26-2460-P,2026-08-23,2460,put,0.088638,0.083,0.094,68.19,,,,,0.0,0.0,2266.44
2026-08-20 01:53:12,deribit,ETH,ETH-25SEP26-8000-C,2026-09-25,8000,call,9e-06,,0.0002,104.42,,,,,1092.0,0.0,2270.03
2026-08-20 01:53:12,deribit,ETH,ETH-23AUG26-2360-P,2026-08-23,2360,put,0.049766,0.048,0.053,61.4,,,,,0.0,0.0,2266.48
2026-08-20 01:53:12,deribit,ETH,ETH-23AUG26-2380-C,2026-08-23,2380,call,0.006933,0.0065,0.0075,62.58,,,,,0.0,0.0,2266.48
2026-08-20 01:53:12,deribit,ETH,ETH-21AUG26-1750-C,2026-08-21,1750,call,0.22743,0.2255,0.2295,133.61,,,,,71.0,18.0,2265.15
2026-08-20 01:53:12,deribit,ETH,ETH-4SEP26-2600-C,2026-09-04,2600,call,0.006913,0.0065,0.0075,55.86,,,,,633.0,633.0,2268.13
2026-08-20 01:53:12,deribit,ETH,ETH-25DEC26-6500-P,2026-12-25,6500,put,1.843896,1.818,1.878,66.2,,,,,0.0,0.0,2286.27
2026-08-20 01:53:12,deribit,ETH,ETH-26MAR27-3100-C,2027-03-26,3100,call,0.067897,0.067,0.069,54.11,,,,,1755.0,117.0,2308.57
2026-08-20 01:53:12,deribit,ETH,ETH-21AUG26-2240-P,2026-08-21,2240,put,0.010215,0.01,0.0105,65.01,,,,,132.0,132.0,2265.15
2026-08-20 01:53:12,deribit,ETH,ETH-25SEP26-4200-P,2026-09-25,4200,put,0.850587,0.837,0.861,73.67,,,,,551.0,0.0,2270.07
2026-08-20 01:53:12,deribit,ETH,ETH-26MAR27-3600-C,2027-03-26,3600,call,0.039174,0.0385,0.04,54.61,,,,,2224.0,10.0,2308.57
2026-08-20 01:53:12,deribit,ETH,ETH-23AUG26-2240-C,2026-08-23,2240,call,0.027925,0.027,0.0285,57.66,,,,,432.0,523.0,2266.44
2026-08-20 01:53:12,deribit,ETH,ETH-22AUG26-1960-C,2026-08-22,1960,call,0.135274,0.1325,0.137,83.42,,,,,340.0,351.0,2265.87
2026-08-20 01:53:12,deribit,ETH,ETH-25SEP26-2400-P,2026-09-25,2400,put,0.097305,0.096,0.098,50.08,,,,,2014.0,64.0,2270.07
2026-08-20 01:53:12,deribit,ETH,ETH-25SEP26-2900-P,2026-09-25,2900,put,0.284069,0.276,0.29,54.18,,,,,49.0,0.0,2270.03
2026-08-20 01:53:12,deribit,ETH,ETH-25SEP26-15000-C,2026-09-25,15000,call,0.0,,0.0005,127.3,,,,,878.0,0.0,2270.03
2026-08-20 01:53:12,deribit,ETH,ETH-28AUG26-2150-P,2026-08-28,2150,put,0.012563,0.012,0.013,55.06,,,,,524.0,463.0,2268.51
2026-08-20 01:53:12,deribit,ETH,ETH-25SEP26-5600-C,2026-09-25,5600,call,0.000167,,0.0002,94.95,,,,,7164.0,0.0,2270.03
2026-08-20 01:53:12,deribit,ETH,ETH-22AUG26-1900-C,2026-08-22,1900,call,0.161646,0.1595,0.1635,93.17,,,,,468.0,186.0,2265.87
2026-08-20 01:53:12,deribit,ETH,ETH-25JUN27-3100-C,2027-06-25,3100,call,0.104038,0.103,0.105,55.29,,,,,0.0,0.0,2333.37
2026-08-20 01:53:12,deribit,ETH,ETH-26MAR27-2700-C,2027-03-26,2700,call,0.107043,0.106,0.108,54.05,,,,,3027.0,81.0,2308.57
2026-08-20 01:53:12,deribit,ETH,ETH-4SEP26-2000-C,2026-09-04,2000,call,0.12506,0.122,0.127,54.69,,,,,4214.0,476.0,2268.13
2026-08-20 01:53:12,deribit,ETH,ETH-25SEP26-3000-P,2026-09-25,3000,put,0.326476,0.317,0.3335,55.92,,,,,7526.0,0.0,2270.03
2026-08-20 01:53:12,deribit,ETH,ETH-22AUG26-2220-C,2026-08-22,2220,call,0.031591,0.0305,0.032,63.96,,,,,455.0,476.0,2265.87
2026-08-20 01:53:12,deribit,ETH,ETH-21AUG26-2000-C,2026-08-21,2000,call,0.1172,0.1145,0.119,89.67,,,,,14646.0,7396.0,2265.19
2026-08-20 01:53:12,deribit,ETH,ETH-23AUG26-2180-C,2026-08-23,2180,call,0.045711,0.0445,0.0465,58.09,,,,,188.0,192.0,2266.48
2026-08-20 01:53:12,deribit,ETH,ETH-25DEC26-3600-P,2026-12-25,3600,put,0.589217,0.5765,0.604,54.71,,,,,93.0,0.0,2286.23
2026-08-20 01:53:12,deribit,ETH,ETH-25SEP26-5000-C,2026-09-25,5000,call,0.000215,0.0001,0.0005,86.31,,,,,4083.0,18.0,2270.07
2026-08-20 01:53:12,deribit,ETH,ETH-28AUG26-2250-P,2026-08-28,2250,put,0.028847,0.0285,0.0295,54.85,,,,,214.0,189.0,2268.51
2026-08-20 01:53:12,deribit,ETH,ETH-25JUN27-2200-C,2027-06-25,2200,call,0.227293,0.226,0.229,55.97,,,,,1046.0,49.0,2333.35
2026-08-20 01:53:12,deribit,ETH,ETH-25DEC26-3600-C,2026-12-25,3600,call,0.014552,0.014,0.0155,54.71,,,,,2230.0,1.0,2286.27
2026-08-20 01:53:12,deribit,ETH,ETH-22AUG26-2160-P,2026-08-22,2160,put,0.004633,0.0044,0.0048,64.75,,,,,458.0,587.0,2265.87
2026-08-20 01:53:12,deribit,ETH,ETH-21AUG26-1920-P,2026-08-21,1920,put,6.1e-05,,0.0002,104.61,,,,,510.0,369.0,2265.15
2026-08-20 01:53:12,deribit,ETH,ETH-22AUG26-1960-P,2026-08-22,1960,put,0.000288,0.0002,0.0004,83.42,,,,,159.0,229.0,2265.91
2026-08-20 01:53:12,deribit,ETH,ETH-25DEC26-9000-C,2026-12-25,9000,call,0.00032,0.0002,0.0005,76.98,,,,,1965.0,60.0,2286.27
2026-08-20 01:53:12,deribit,ETH,ETH-25JUN27-900-C,2027-06-25,900,call,0.626297,0.624,0.6305,70.2,,,,,0.0,0.0,2333.37
2026-08-20 01:53:12,deribit,ETH,ETH-20AUG26-1800-C,2026-08-20,1800,call,0.205101,0.203,0.2075,175.14,,,,,0.0,0.0,2264.5
2026-08-20 01:53:12,deribit,ETH,ETH-30OCT26-2350-C,2026-10-30,2350,call,0.074541,0.074,0.075,50.28,,,,,44.0,44.0,2275.94
2026-08-20 01:53:12,deribit,ETH,ETH-25SEP26-2700-C,2026-09-25,2700,call,0.013225,0.013,0.0135,51.93,,,,,6036.0,2639.0,2270.03
2026-08-20 01:53:12,deribit,ETH,ETH-25SEP26-11000-C,2026-09-25,11000,call,0.0,,0.0002,110.93,,,,,2766.0,0.0,2270.07
2026-08-20 01:53:12,deribit,ETH,ETH-20AUG26-2240-P,2026-08-20,2240,put,0.002738,0.0024,0.003,65.03,,,,,357.0,362.0,2264.46
2026-08-20 01:53:12,deribit,ETH,ETH-23AUG26-2120-C,2026-08-23,2120,call,0.067832,0.064,0.0695,60.06,,,,,18.0,26.0,2266.44
2026-08-20 01:53:12,deribit,ETH,ETH-22AUG26-2100-C,2026-08-22,2100,call,0.074962,0.0715,0.077,67.7,,,,,991.0,1032.0,2265.87
2026-08-20 01:53:12,deribit,ETH,ETH-28AUG26-2100-P,2026-08-28,2100,put,0.007935,0.0075,0.008,56.12,,,,,2503.0,4669.0,2268.55
2026-08-20 01:53:12,deribit,ETH,ETH-25SEP26-10000-P,2026-09-25,10000,put,3.405268,3.3685,3.4325,105.8,,,,,0.0,0.0,2270.03
2026-08-20 01:53:12,deribit,ETH,ETH-25DEC26-2200-C,2026-12-25,2200,call,0.141243,0.1405,0.142,52.77,,,,,52532.0,115.0,2286.27
2026-08-20 01:53:12,deribit,ETH,ETH-4SEP26-2150-P,2026-09-04,2150,put,0.020011,0.0195,0.0205,51.5,,,,,108.0,160.0,2268.17
2026-08-20 01:53:12,deribit,ETH,ETH-26MAR27-2100-P,2027-03-26,2100,put,0.119445,0.118,0.1205,54.97,,,,,487.0,0.0,2308.57
2026-08-20 01:53:12,deribit,ETH,ETH-25JUN27-2500-C,2027-06-25,2500,call,0.174977,0.1735,0.1765,55.5,,,,,2991.0,12.0,2333.35
2026-08-20 01:53:12,deribit,ETH,ETH-22AUG26-1920-C,2026-08-22,1920,call,0.152851,0.1505,0.155,90.0,,,,,271.0,118.0,2265.87
2026-08-20 01:53:12,deribit,ETH,ETH-25DEC26-4000-P,2026-12-25,4000,put,0.757916,0.743,0.773,56.28,,,,,223.0,0.0,2286.27
2026-08-20 01:53:12,deribit,ETH,ETH-25JUN27-800-P,2027-06-25,800,put,0.008751,0.008,0.0095,72.71,,,,,703.0,1.0,2333.37
2026-08-20 01:53:12,deribit,ETH,ETH-26MAR27-6000-P,2027-03-26,6000,put,1.604015,1.5725,1.6365,59.35,,,,,1.0,0.0,2308.57
2026-08-20 01:53:12,deribit,ETH,ETH-25SEP26-3100-P,2026-09-25,3100,put,0.369216,0.3595,0.375,57.21,,,,,0.0,0.0,2270.03
2026-08-20 01:53:12,deribit,ETH,ETH-25DEC26-1600-C,2026-12-25,1600,call,0.321853,0.32,0.3235,57.91,,,,,621.0,0.0,2286.27
2026-08-20 01:53:12,deribit,ETH,ETH-22AUG26-2180-C,2026-08-22,2180,call,0.04426,0.043,0.045,64.41,,,,,99.0,110.0,2265.91
2026-08-20 01:53:12,deribit,ETH,ETH-21AUG26-1800-C,2026-08-21,1800,call,0.205381,0.203,0.207,133.61,,,,,137.0,50.0,2265.19
2026-08-20 01:53:12,deribit,ETH,ETH-26MAR27-3100-P,2027-03-26,3100,put,0.410754,0.401,0.4185,54.11,,,,,99.0,0.0,2308.57
2026-08-20 01:53:12,deribit,ETH,ETH-25JUN27-3400-P,2027-06-25,3400,put,0.538004,0.5255,0.5535,55.4,,,,,2.0,0.0,2333.35
2026-08-20 01:53:12,deribit,ETH,ETH-22AUG26-2240-C,2026-08-22,2240,call,0.02625,0.025,0.0265,64.24,,,,,35.0,35.0,2265.91
2026-08-20 01:53:12,deribit,ETH,ETH-22AUG26-2020-C,2026-08-22,2020,call,0.109087,0.106,0.112,75.85,,,,,381.0,109.0,2265.87
2026-08-20 01:53:12,deribit,ETH,ETH-25SEP26-13000-P,2026-09-25,13000,put,4.726847,4.677,4.769,119.8,,,,,0.0,0.0,2270.03
2026-08-20 01:53:12,deribit,ETH,ETH-25DEC26-3800-P,2026-12-25,3800,put,0.673042,0.6595,0.687,55.48,,,,,26.0,0.0,2286.27
2026-08-20 01:53:12,deribit,ETH,ETH-21AUG26-1650-P,2026-08-21,1650,put,0.0,,0.0001,133.61,,,,,1779.0,1503.0,2265.15
2026-08-20 01:53:12,deribit,ETH,ETH-25JUN27-1200-P,2027-06-25,1200,put,0.02629,0.025,0.0275,63.76,,,,,501.0,109.0,2333.35
2026-08-20 01:53:12,deribit,ETH,ETH-25SEP26-1300-P,2026-09-25,1300,put,0.000739,0.0007,0.0009,77.93,,,,,3415.0,7.0,2270.07
2026-08-20 01:53:12,deribit,ETH,ETH-20AUG26-2340-C,2026-08-20,2340,call,0.000744,0.0006,0.0008,85.36,,,,,26.0,30.0,2264.5
2026-08-20 01:53:12,deribit,ETH,ETH-25SEP26-1400-C,2026-09-25,1400,call,0.384444,0.3825,0.3865,73.2,,,,,1550.0,0.0,2270.03
2026-08-20 01:53:12,deribit,ETH,ETH-28AUG26-1450-P,2026-08-28,1450,put,0.000141,0.0001,0.0002,110.3,,,,,8250.0,147.0,2268.51
2026-08-20 01:53:12,deribit,ETH,ETH-28AUG26-3200-P,2026-08-28,3200,put,0.411016,0.4025,0.418,93.47,,,,,3.0,0.0,2268.51
2026-08-20 01:53:12,deribit,ETH,ETH-26MAR27-5500-C,2027-03-26,5500,call,0.006891,0.0065,0.008,58.08,,,,,2471.0,23.0,2308.53
2026-08-20 01:53:12,deribit,ETH,ETH-25SEP26-3600-P,2026-09-25,3600,put,0.58705,0.5765,0.5965,65.54,,,,,907.0,0.0,2270.03
2026-08-20 01:53:12,deribit,ETH,ETH-25SEP26-1300-C,2026-09-25,1300,call,0.428059,0.4265,0.43,77.93,,,,,68.0,50.0,2270.07
2026-08-20 01:53:12,deribit,ETH,ETH-25DEC26-1600-P,2026-12-25,1600,put,0.021704,0.021,0.022,57.91,,,,,7436.0,46.0,2286.23
2026-08-20 01:53:12,deribit,ETH,ETH-30OCT26-2050-P,2026-10-30,2050,put,0.04567,0.0455,0.046,51.73,,,,,190.0,152.0,2275.95
2026-08-20 01:53:12,deribit,ETH,ETH-21AUG26-2150-P,2026-08-21,2150,put,0.001661,0.0015,0.0018,67.21,,,,,590.0,955.0,2265.19
2026-08-20 01:53:12,deribit,ETH,ETH-25DEC26-11000-C,2026-12-25,11000,call,0.000204,0.0001,0.0004,83.47,,,,,2143.0,0.0,2286.27
2026-08-20 01:53:12,deribit,ETH,ETH-20AUG26-2160-P,2026-08-20,2160,put,7e-05,,0.0002,77.16,,,,,344.0,368.0,2264.46
2026-08-20 01:53:12,deribit,ETH,ETH-25JUN27-1000-C,2027-06-25,1000,call,0.587207,0.585,0.592,67.68,,,,,70.0,0.0,2333.37
2026-08-20 01:53:12,deribit,ETH,ETH-21AUG26-1880-C,2026-08-21,1880,call,0.170075,0.168,0.172,113.32,,,,,1.0,0.0,2265.15
2026-08-20 01:53:12,deribit,ETH,ETH-25JUN27-2300-P,2027-06-25,2300,put,0.194066,0.192,0.1955,55.77,,,,,151.0,66.0,2333.37
2026-08-20 01:53:12,deribit,ETH,ETH-30OCT26-2400-P,2026-10-30,2400,put,0.12055,0.1195,0.122,50.21,,,,,41.0,41.0,2275.95
2026-08-20 01:53:12,deribit,ETH,ETH-21AUG26-1800-P,2026-08-21,1800,put,3.4e-05,,0.0001,133.61,,,,,3496.0,1225.0,2265.15
2026-08-20 01:53:12,deribit,ETH,ETH-23AUG26-2100-P,2026-08-23,2100,put,0.00241,0.0022,0.0026,61.08,,,,,81.0,157.0,2266.44
2026-08-20 01:53:12,deribit,ETH,ETH-23AUG26-1900-P,2026-08-23,1900,put,0.000231,0.0002,0.0004,80.1,,,,,348.0,366.0,2266.44
2026-08-20 01:53:12,deribit,ETH,ETH-22AUG26-2420-P,2026-08-22,2420,put,0.07199,0.0685,0.075,74.53,,,,,0.0,0.0,2265.87
2026-08-20 01:53:12,deribit,ETH,ETH-28AUG26-1500-P,2026-08-28,1500,put,0.000141,0.0001,0.0002,102.59,,,,,5657.0,187.0,2268.51
2026-08-20 01:53:12,deribit,ETH,ETH-22AUG26-2300-C,2026-08-22,2300,call,0.013901,0.0135,0.0145,65.09,,,,,1342.0,1667.0,2265.87
2026-08-20 01:53:12,deribit,ETH,ETH-22AUG26-1780-C,2026-08-22,1780,call,0.214522,0.2125,0.2165,114.78,,,,,0.0,0.0,2265.91
2026-08-20 01:53:12,deribit,ETH,ETH-22AUG26-1940-C,2026-08-22,1940,call,0.144078,0.1415,0.1465,87.57,,,,,98.0,78.0,2265.91
2026-08-20 01:53:12,deribit,ETH,ETH-23AUG26-1800-C,2026-08-23,1800,call,0.20595,0.203,0.2075,96.36,,,,,0.0,0.0,2266.44
2026-08-20 01:53:12,deribit,ETH,ETH-28AUG26-2100-C,2026-08-28,2100,call,0.082213,0.0795,0.085,56.12,,,,,8981.0,6099.0,2268.55
2026-08-20 01:53:12,deribit,ETH,ETH-23AUG26-2420-P,2026-08-23,2420,put,0.072422,0.0655,0.078,65.16,,,,,0.0,0.0,2266.44
2026-08-20 01:53:12,deribit,ETH,ETH-20AUG26-2220-P,2026-08-20,2220,put,0.001078,0.001,0.0012,65.57,,,,,278.0,331.0,2264.46
2026-08-20 01:53:12,deribit,ETH,ETH-20AUG26-2350-P,2026-08-20,2350,put,0.038375,0.0345,0.041,89.11,,,,,0.0,0.0,2264.5
2026-08-20 01:53:12,deribit,ETH,ETH-25JUN27-3200-P,2027-06-25,3200,put,0.466777,0.4565,0.4785,55.25,,,,,0.0,0.0,2333.37
2026-08-20 01:53:12,deribit,ETH,ETH-21AUG26-2400-P,2026-08-21,2400,put,0.061912,0.0585,0.0655,78.6,,,,,17.0,17.0,2265.19
2026-08-20 01:53:12,deribit,ETH,ETH-25SEP26-9000-C,2026-09-25,9000,call,2e-06,,0.0005,104.42,,,,,1519.0,0.0,2270.03
2026-08-20 01:53:12,deribit,ETH,ETH-25JUN27-2100-C,2027-06-25,2100,call,0.247798,0.2465,0.2495,56.2,,,,,142.0,57.0,2333.37
2026-08-20 01:53:12,deribit,ETH,ETH-30OCT26-1950-C,2026-10-30,1950,call,0.175891,0.1735,0.178,52.76,,,,,691.0,0.0,2275.94
2026-08-20 01:53:12,deribit,ETH,ETH-22AUG26-1950-P,2026-08-22,1950,put,0.000287,0.0002,0.0004,85.94,,,,,0.0,0.0,2265.87
2026-08-20 01:53:12,deribit,ETH,ETH-21AUG26-2150-C,2026-08-21,2150,call,0.052492,0.0495,0.0545,67.21,,,,,1203.0,1211.0,2265.19
2026-08-20 01:53:12,deribit,ETH,ETH-26MAR27-3200-C,2027-03-26,3200,call,0.060686,0.0595,0.0615,54.18,,,,,1488.0,265.0,2308.57
2026-08-20 01:53:12,deribit,ETH,ETH-25DEC26-3800-C,2026-12-25,3800,call,0.010895,0.0105,0.0115,55.48,,,,,2911.0,5.0,2286.27
2026-08-20 01:53:12,deribit,ETH,ETH-25SEP26-4800-C,2026-09-25,4800,call,0.000228,0.0001,0.0005,82.86,,,,,1703.0,1.0,2270.07
2026-08-20 01:53:12,deribit,ETH,ETH-26MAR27-2400-C,2027-03-26,2400,call,0.150446,0.149,0.1515,54.29,,,,,2111.0,264.0,2308.57
2026-08-20 01:53:12,deribit,ETH,ETH-26MAR27-4000-P,2027-03-26,4000,put,0.758625,0.743,0.777,55.24,,,,,0.0,0.0,2308.57
2026-08-20 01:53:12,deribit,ETH,ETH-21AUG26-2100-P,2026-08-21,2100,put,0.000595,0.0005,0.0007,72.1,,,,,765.0,1025.0,2265.19
2026-08-20 01:53:12,deribit,ETH,ETH-28AUG26-1200-P,2026-08-28,1200,put,4.1e-05,,0.0001,136.84,,,,,7111.0,16.0,2268.55
2026-08-20 01:53:12,deribit,ETH,ETH-4SEP26-2300-P,2026-09-04,2300,put,0.049444,0.0485,0.05,51.22,,,,,107.0,107.0,2268.17
2026-08-20 01:53:12,deribit,ETH,ETH-25SEP26-4000-C,2026-09-25,4000,call,0.000588,0.0005,0.0008,71.73,,,,,12123.0,1272.0,2270.03
2026-08-20 01:53:12,deribit,ETH,ETH-25SEP26-2100-C,2026-09-25,2100,call,0.106234,0.1055,0.107,51.05,,,,,6064.0,2317.0,2270.03
2026-08-20 01:53:12,deribit,ETH,ETH-25DEC26-2500-P,2026-12-25,2500,put,0.180685,0.179,0.182,52.38,,,,,1275.0,200.0,2286.27
2026-08-20 01:53:12,deribit,ETH,ETH-23AUG26-1700-P,2026-08-23,1700,put,8.4e-05,,0.0001,111.09,,,,,267.0,297.0,2266.44
2026-08-20 01:53:12,deribit,ETH,ETH-4SEP26-2100-P,2026-09-04,2100,put,0.014123,0.0135,0.0145,52.19,,,,,1191.0,1309.0,2268.17
2026-08-20 01:53:12,deribit,ETH,ETH-4SEP26-2080-P,2026-09-04,2080,put,0.012239,0.012,0.0125,52.57,,,,,591.0,649.0,2268.17
2026-08-20 01:53:12,deribit,ETH,ETH-26MAR27-4600-P,2027-03-26,4600,put,1.007284,0.986,1.032,56.36,,,,,0.0,0.0,2308.57
2026-08-20 01:53:12,deribit,ETH,ETH-26MAR27-3700-P,2027-03-26,3700,put,0.63799,0.6235,0.652,54.75,,,,,0.0,0.0,2308.57
2026-08-20 01:53:12,deribit,ETH,ETH-22AUG26-2200-C,2026-08-22,2200,call,0.037621,0.0365,0.0385,64.03,,,,,323.0,448.0,2265.91
2026-08-20 01:53:12,deribit,ETH,ETH-20AUG26-2060-C,2026-08-20,2060,call,0.090295,0.0865,0.094,120.26,,,,,1334.0,1337.0,2264.46
2026-08-20 01:53:12,deribit,ETH,ETH-25DEC26-1700-C,2026-12-25,1700,call,0.285589,0.284,0.2875,56.43,,,,,368.0,6.0,2286.27
2026-08-20 01:53:12,deribit,ETH,ETH-26MAR27-2200-P,2027-03-26,2200,put,0.140972,0.14,0.142,54.66,,,,,1707.0,0.0,2308.57
2026-08-20 01:53:12,deribit,ETH,ETH-23AUG26-1840-P,2026-08-23,1840,put,0.000165,0.0001,0.0003,89.22,,,,,523.0,523.0,2266.48
2026-08-20 01:53:12,deribit,ETH,ETH-25SEP26-6000-C,2026-09-25,6000,call,0.000163,,0.0002,101.08,,,,,3191.0,0.0,2270.07
2026-08-20 01:53:12,deribit,ETH,ETH-28AUG26-1650-P,2026-08-28,1650,put,0.000383,0.0003,0.0005,90.64,,,,,6975.0,692.0,2268.55
2026-08-20 01:53:12,deribit,ETH,ETH-4SEP26-1700-P,2026-09-04,1700,put,0.001032,0.0009,0.0012,70.24,,,,,749.0,344.0,2268.13
2026-08-20 01:53:12,deribit,ETH,ETH-4SEP26-2050-C,2026-09-04,2050,call,0.106058,0.103,0.1085,53.33,,,,,0.0,0.0,2268.17
2026-08-20 01:53:12,deribit,ETH,ETH-22AUG26-1750-P,2026-08-22,1750,put,8.2e-05,,0.0002,120.75,,,,,139.0,0.0,2265.87
2026-08-20 01:53:12,deribit,ETH,ETH-25DEC26-3200-P,2026-12-25,3200,put,0.426839,0.4165,0.439,53.41,,,,,251.0,0.0,2286.23
2026-08-20 01:53:12,deribit,ETH,ETH-25SEP26-5400-C,2026-09-25,5400,call,0.000197,,0.0002,92.92,,,,,1730.0,0.0,2270.03
2026-08-20 01:53:12,deribit,ETH,ETH-25DEC26-10000-C,2026-12-25,10000,call,0.000249,0.0002,0.0004,80.36,,,,,1663.0,0.0,2286.27
2026-08-20 01:53:12,deribit,ETH,ETH-28AUG26-3000-C,2026-08-28,3000,call,0.000753,0.0007,0.0009,85.12,,,,,2614.0,1587.0,2268.51
2026-08-20 01:53:12,deribit,ETH,ETH-25SEP26-4800-P,2026-09-25,4800,put,1.114756,1.099,1.126,82.86,,,,,110.0,0.0,2270.03
2026-08-20 01:53:12,deribit,ETH,ETH-25JUN27-2800-C,2027-06-25,2800,call,0.134562,0.1335,0.1355,55.27,,,,,1128.0,72.0,2333.37
2026-08-20 01:53:12,deribit,ETH,ETH-28AUG26-2150-C,2026-08-28,2150,call,0.0648,0.064,0.0655,55.06,,,,,5431.0,1831.0,2268.55
2026-08-20 01:53:12,deribit,ETH,ETH-25DEC26-5500-P,2026-12-25,5500,put,1.407377,1.385,1.433,62.51,,,,,0.0,0.0,2286.27
2026-08-20 01:53:12,deribit,ETH,ETH-30OCT26-2350-P,2026-10-30,2350,put,0.107082,0.106,0.1085,50.28,,,,,0.0,0.0,2275.95
2026-08-20 01:53:12,deribit,ETH,ETH-20AUG26-1780-P,2026-08-20,1780,put,0.0,,0.0001,175.14,,,,,21.0,0.0,2264.5
2026-08-20 01:53:12,deribit,ETH,ETH-25SEP26-4200-C,2026-09-25,4200,call,0.000391,0.0003,0.0007,73.67,,,,,2538.0,35.0,2270.07
2026-08-20 01:53:12,deribit,ETH,ETH-23AUG26-2600-C,2026-08-23,2600,call,0.001071,0.0009,0.0012,79.56,,,,,603.0,603.0,2266.44
2026-08-20 01:53:12,deribit,ETH,ETH-28AUG26-2500-P,2026-08-28,2500,put,0.108982,0.1055,0.113,60.38,,,,,6.0,0.0,2268.55
2026-08-20 01:53:12,deribit,ETH,ETH-20AUG26-2280-C,2026-08-20,2280,call,0.004192,0.0039,0.0044,67.17,,,,,117.0,119.0,2264.46
2026-08-20 01:53:12,deribit,ETH,ETH-22AUG26-2250-P,2026-08-22,2250,put,0.016809,0.0165,0.017,64.39,,,,,160.0,241.0,2265.91
2026-08-20 01:53:12,deribit,ETH,ETH-30OCT26-2700-P,2026-10-30,2700,put,0.217238,0.2095,0.227,50.51,,,,,0.0,0.0,2275.94
2026-08-20 01:53:12,deribit,ETH,ETH-25JUN27-2800-P,2027-06-25,2800,put,0.334548,0.332,0.3445,55.27,,,,,0.0,0.0,2333.37
2026-08-20 01:53:12,deribit,ETH,ETH-28AUG26-1850-P,2026-08-28,1850,put,0.000962,0.0008,0.0011,70.11,,,,,2819.0,1444.0,2268.51
2026-08-20 01:53:12,deribit,ETH,ETH-20AUG26-1980-C,2026-08-20,1980,call,0.125619,0.123,0.129,159.07,,,,,3001.0,14058.0,2264.46
2026-08-20 01:53:12,deribit,ETH,ETH-25JUN27-2600-C,2027-06-25,2600,call,0.160238,0.159,0.1615,55.39,,,,,316.0,26.0,2333.37
2026-08-20 01:53:12,deribit,ETH,ETH-21AUG26-1840-P,2026-08-21,1840,put,4.7e-05,,0.0001,125.78,,,,,352.0,216.0,2265.15
2026-08-20 01:53:12,deribit,ETH,ETH-25JUN27-1300-P,2027-06-25,1300,put,0.033137,0.032,0.0345,62.11,,,,,1674.0,10.0,2333.37
2026-08-20 01:53:12,deribit,ETH,ETH-26MAR27-5500-P,2027-03-26,5500,put,1.38938,1.363,1.4175,58.08,,,,,0.0,0.0,2308.57
2026-08-20 01:53:12,deribit,ETH,ETH-22AUG26-1950-C,2026-08-22,1950,call,0.139687,0.137,0.1415,85.94,,,,,18.0,18.0,2265.87
2026-08-20 01:53:12,deribit,ETH,ETH-26MAR27-1400-C,2027-03-26,1400,call,0.420342,0.419,0.422,61.02,,,,,57.0,0.0,2308.57
2026-08-20 01:53:12,deribit,ETH,ETH-22AUG26-2140-P,2026-08-22,2140,put,0.003338,0.0031,0.0035,65.34,,,,,38.0,58.0,2265.87
2026-08-20 01:53:12,deribit,ETH,ETH-25JUN27-2400-P,2027-06-25,2400,put,0.21952,0.2175,0.221,55.62,,,,,2.0,0.0,2333.37
2026-08-20 01:53:12,deribit,ETH,ETH-25SEP26-1950-C,2026-09-25,1950,call,0.156429,0.155,0.1575,53.27,,,,,3764.0,123.0,2270.07
2026-08-20 01:53:12,deribit,ETH,ETH-4SEP26-1900-C,2026-09-04,1900,call,0.165642,0.1635,0.1675,58.48,,,,,408.0,155.0,2268.17
2026-08-20 01:53:12,deribit,ETH,ETH-28AUG26-2080-C,2026-08-28,2080,call,0.089602,0.087,0.0915,56.5,,,,,54.0,54.0,2268.51
2026-08-20 01:53:12,deribit,ETH,ETH-22AUG26-2060-P,2026-08-22,2060,put,0.000932,0.0008,0.0011,70.64,,,,,379.0,529.0,2265.87
2026-08-20 01:53:12,deribit,ETH,ETH-26MAR27-1600-P,2027-03-26,1600,put,0.043409,0.0425,0.044,58.29,,,,,1254.0,354.0,2308.57
2026-08-20 01:53:12,deribit,ETH,ETH-25JUN27-3800-C,2027-06-25,3800,call,0.058488,0.0575,0.0595,55.68,,,,,522.0,7.0,2333.37
2026-08-20 01:53:12,deribit,ETH,ETH-30OCT26-1500-C,2026-10-30,1500,call,0.346926,0.345,0.349,61.64,,,,,50.0,50.0,2275.95
2026-08-20 01:53:12,deribit,ETH,ETH-25DEC26-2500-C,2026-12-25,2500,call,0.087174,0.086,0.088,52.38,,,,,27594.0,626.0,2286.27
2026-08-20 01:53:12,deribit,ETH,ETH-30OCT26-2800-C,2026-10-30,2800,call,0.02398,0.0235,0.0245,50.89,,,,,993.0,1019.0,2275.94
2026-08-20 01:53:12,deribit,ETH,ETH-21AUG26-1400-P,2026-08-21,1400,put,0.0,,0.0001,133.61,,,,,341.0,0.0,2265.15
2026-08-20 01:53:12,deribit,ETH,ETH-26MAR27-2400-P,2027-03-26,2400,put,0.190078,0.1885,0.1915,54.29,,,,,357.0,0.0,2308.57
2026-08-20 01:53:12,deribit,ETH,ETH-28AUG26-2350-C,2026-08-28,2350,call,0.01912,0.0185,0.0195,55.88,,,,,4605.0,920.0,2268.55
2026-08-20 01:53:12,deribit,ETH,ETH-28AUG26-1550-P,2026-08-28,1550,put,0.000187,0.0001,0.0003,97.97,,,,,6036.0,324.0,2268.51
2026-08-20 01:53:12,deribit,ETH,ETH-21AUG26-2500-P,2026-08-21,2500,put,0.104522,0.099,0.1105,93.79,,,,,0.0,0.0,2265.15
2026-08-20 01:53:12,deribit,ETH,ETH-20AUG26-2180-C,2026-08-20,2180,call,0.037482,0.0335,0.043,74.22,,,,,673.0,673.0,2264.46
2026-08-20 01:53:12,deribit,ETH,ETH-25DEC26-6000-P,2026-12-25,6000,put,1.625539,1.5985,1.6495,64.49,,,,,0.0,0.0,2286.27
2026-08-20 01:53:12,deribit,ETH,ETH-26MAR27-1700-C,2027-03-26,1700,call,0.318009,0.316,0.3195,57.28,,,,,1336.0,45.0,2308.57
2026-08-20 01:53:12,deribit,ETH,ETH-25JUN27-1000-P,2027-06-25,1000,put,0.015774,0.015,0.0165,67.68,,,,,4740.0,4.0,2333.37
2026-08-20 01:53:12,deribit,ETH,ETH-22AUG26-2420-C,2026-08-22,2420,call,0.003963,0.0038,0.0041,74.53,,,,,37.0,37.0,2265.91
2026-08-20 01:53:12,deribit,ETH,ETH-20AUG26-1760-P,2026-08-20,1760,put,0.0,,0.0001,175.14,,,,,263.0,0.0,2264.5
2026-08-20 01:53:12,deribit,ETH,ETH-23AUG26-2040-C,2026-08-23,2040,call,0.101025,0.0985,0.103,66.06,,,,,509.0,519.0,2266.44
2026-08-20 01:53:12,deribit,ETH,ETH-22AUG26-2180-P,2026-08-22,2180,put,0.006367,0.006,0.0065,64.41,,,,,104.0,210.0,2265.91
2026-08-20 01:53:12,deribit,ETH,ETH-20AUG26-1880-C,2026-08-20,1880,call,0.169773,0.1675,0.172,175.14,,,,,44.0,49.0,2264.5
2026-08-20 01:53:12,deribit,ETH,ETH-23AUG26-2160-P,2026-08-23,2160,put,0.005771,0.0055,0.006,58.74,,,,,127.0,130.0,2266.48
2026-08-20 01:53:12,deribit,ETH,ETH-21AUG26-1850-P,2026-08-21,1850,put,4.7e-05,,0.0001,122.62,,,,,2056.0,608.0,2265.15
2026-08-20 01:53:12,deribit,ETH,ETH-25SEP26-2000-P,2026-09-25,2000,put,0.019616,0.019,0.02,52.29,,,,,13039.0,1986.0,2270.03
2026-08-20 01:53:12,deribit,ETH,ETH-28AUG26-3800-P,2026-08-28,3800,put,0.675212,0.665,0.683,115.59,,,,,0.0,0.0,2268.51
2026-08-20 01:53:12,deribit,ETH,ETH-23AUG26-2180-P,2026-08-23,2180,put,0.007572,0.007,0.008,58.09,,,,,158.0,177.0,2266.44
2026-08-20 01:53:12,deribit,ETH,ETH-30OCT26-2550-P,2026-10-30,2550,put,0.165901,0.1635,0.169,50.26,,,,,0.0,0.0,2275.95
2026-08-20 01:53:12,deribit,ETH,ETH-23AUG26-1940-C,2026-08-23,1940,call,0.144379,0.142,0.147,75.72,,,,,196.0,197.0,2266.44
2026-08-20 01:53:12,deribit,ETH,ETH-25DEC26-1400-P,2026-12-25,1400,put,0.011839,0.0115,0.0125,62.0,,,,,13882.0,102.0,2286.27
2026-08-20 01:53:12,deribit,ETH,ETH-20AUG26-1700-P,2026-08-20,1700,put,0.0,,0.0001,175.14,,,,,346.0,0.0,2264.5
2026-08-20 01:53:12,deribit,ETH,ETH-21AUG26-2340-C,2026-08-21,2340,call,0.00528,0.005,0.0055,71.12,,,,,1728.0,2119.0,2265.19
2026-08-20 01:53:12,deribit,ETH,ETH-20AUG26-2080-P,2026-08-20,2080,put,1.2e-05,,0.0001,108.62,,,,,300.0,505.0,2264.5
2026-08-20 01:53:12,deribit,ETH,ETH-30OCT26-2000-C,2026-10-30,2000,call,0.16001,0.158,0.162,52.22,,,,,842.0,183.0,2275.95
2026-08-20 01:53:12,deribit,ETH,ETH-28AUG26-1900-C,2026-08-28,1900,call,0.163807,0.1605,0.1655,66.21,,,,,7534.0,379.0,2268.51
2026-08-20 01:53:12,deribit,ETH,ETH-4SEP26-1800-C,2026-09-04,1800,call,0.208222,0.206,0.21,64.14,,,,,32.0,68.0,2268.13
2026-08-20 01:53:12,deribit,ETH,ETH-28AUG26-2300-C,2026-08-28,2300,call,0.026743,0.026,0.027,55.01,,,,,6872.0,3139.0,2268.55
2026-08-20 01:53:12,deribit,ETH,ETH-22AUG26-2450-P,2026-08-22,2450,put,0.08425,0.0805,0.088,77.48,,,,,0.0,0.0,2265.91
2026-08-20 01:53:12,deribit,ETH,ETH-25SEP26-1800-P,2026-09-25,1800,put,0.007294,0.007,0.0075,56.79,,,,,10342.0,2378.0,2270.03
2026-08-20 01:53:12,deribit,ETH,ETH-25DEC26-9000-P,2026-12-25,9000,put,2.936983,2.892,2.9825,76.98,,,,,0.0,0.0,2286.27
2026-08-20 01:53:12,deribit,ETH,ETH-20AUG26-2150-P,2026-08-20,2150,put,5.4e-05,,0.0002,81.21,,,,,203.0,235.0,2264.46
2026-08-20 01:53:12,deribit,ETH,ETH-25JUN27-3600-C,2027-06-25,3600,call,0.068727,0.0675,0.07,55.55,,,,,24.0,12.0,2333.35
2026-08-20 01:53:12,deribit,ETH,ETH-21AUG26-2140-C,2026-08-21,2140,call,0.05656,0.053,0.058,67.65,,,,,35.0,38.0,2265.15
2026-08-20 01:53:12,deribit,ETH,ETH-25JUN27-4000-P,2027-06-25,4000,put,0.764388,0.7455,0.783,55.89,,,,,0.0,0.0,2333.37
2026-08-20 01:53:12,deribit,ETH,ETH-21AUG26-2050-P,2026-08-21,2050,put,0.000268,0.0002,0.0004,80.01,,,,,992.0,1948.0,2265.15
2026-08-20 01:53:12,deribit,ETH,ETH-25DEC26-4600-C,2026-12-25,4600,call,0.003923,0.0037,0.0044,58.66,,,,,10789.0,0.0,2286.27
2026-08-20 01:53:12,deribit,ETH,ETH-22AUG26-1800-P,2026-08-22,1800,put,0.000133,0.0001,0.0002,114.4,,,,,10.0,0.0,2265.87
2026-08-20 01:53:12,deribit,ETH,ETH-25DEC26-10000-P,2026-12-25,10000,put,3.37432,3.326,3.425,80.36,,,,,0.0,0.0,2286.27
2026-08-20 01:53:12,deribit,ETH,ETH-21AUG26-2300-P,2026-08-21,2300,put,0.024613,0.0235,0.0255,66.76,,,,,338.0,338.0,2265.15
2026-08-20 01:53:12,deribit,ETH,ETH-4SEP26-1950-C,2026-09-04,1950,call,0.145002,0.142,0.147,56.36,,,,,3401.0,232.0,2268.17
2026-08-20 01:53:12,deribit,ETH,ETH-26MAR27-3200-P,2027-03-26,3200,put,0.446862,0.4365,0.459,54.18,,,,,20.0,0.0,2308.57
2026-08-20 01:53:12,deribit,ETH,ETH-26MAR27-2600-C,2027-03-26,2600,call,0.119991,0.119,0.121,54.11,,,,,3216.0,26.0,2308.57
2026-08-20 01:53:12,deribit,ETH,ETH-25SEP26-2500-C,2026-09-25,2500,call,0.027739,0.027,0.028,50.41,,,,,24057.0,4632.0,2270.07
2026-08-20 01:53:12,deribit,ETH,ETH-25JUN27-3300-P,2027-06-25,3300,put,0.501954,0.49,0.5115,55.29,,,,,0.0,0.0,2333.37
2026-08-20 01:53:12,deribit,ETH,ETH-20AUG26-1820-C,2026-08-20,1820,call,0.196269,0.194,0.1985,175.14,,,,,0.0,0.0,2264.46
2026-08-20 01:53:12,deribit,ETH,ETH-25JUN27-1700-C,2027-06-25,1700,call,0.347107,0.344,0.349,57.77,,,,,673.0,35.0,2333.35
2026-08-20 01:53:12,deribit,ETH,ETH-25SEP26-2600-P,2026-09-25,2600,put,0.164523,0.1575,0.169,51.09,,,,,8392.0,2.0,2270.03
2026-08-20 01:53:12,deribit,ETH,ETH-28AUG26-2300-P,2026-08-28,2300,put,0.040629,0.04,0.0415,55.01,,,,,1083.0,84.0,2268.51
2026-08-20 01:53:12,deribit,ETH,ETH-20AUG26-2050-P,2026-08-20,2050,put,1.1e-05,,0.0001,124.15,,,,,691.0,698.0,2264.46
2026-08-20 01:53:12,deribit,ETH,ETH-30OCT26-3800-C,2026-10-30,3800,call,0.002681,0.0026,0.0032,57.63,,,,,3.0,3.0,2275.94
2026-08-20 01:53:12,deribit,ETH,ETH-22AUG26-2100-P,2026-08-22,2100,put,0.001763,0.0016,0.0019,67.7,,,,,585.0,648.0,2265.87
2026-08-20 01:53:12,deribit,ETH,ETH-21AUG26-2280-C,2026-08-21,2280,call,0.012306,0.012,0.0125,65.46,,,,,1055.0,1073.0,2265.19
2026-08-20 01:53:12,deribit,ETH,ETH-25DEC26-8000-C,2026-12-25,8000,call,0.000358,0.0002,0.0006,71.96,,,,,2548.0,120.0,2286.23
2026-08-20 01:53:12,deribit,ETH,ETH-25JUN27-1600-P,2027-06-25,1600,put,0.062157,0.0615,0.063,58.42,,,,,1282.0,64.0,2333.37
2026-08-20 01:53:12,deribit,ETH,ETH-28AUG26-2020-P,2026-08-28,2020,put,0.003663,0.0035,0.0038,58.64,,,,,666.0,753.0,2268.55
2026-08-20 01:53:12,deribit,ETH,ETH-30OCT26-1900-C,2026-10-30,1900,call,0.192574,0.1925,0.1945,53.37,,,,,317.0,33.0,2275.94
2026-08-20 01:53:12,deribit,ETH,ETH-23AUG26-2000-P,2026-08-23,2000,put,0.000711,0.0006,0.0008,70.17,,,,,122.0,162.0,2266.44
2026-08-20 01:53:12,deribit,ETH,ETH-20AUG26-2120-C,2026-08-20,2120,call,0.063811,0.06,0.0685,92.26,,,,,1624.0,2572.0,2264.5
2026-08-20 01:53:12,deribit,ETH,ETH-23AUG26-2480-P,2026-08-23,2480,put,0.096957,0.09,0.1015,69.85,,,,,0.0,0.0,2266.48
2026-08-20 01:53:12,deribit,ETH,ETH-25DEC26-3100-P,2026-12-25,3100,put,0.387887,0.3775,0.4005,53.13,,,,,0.0,0.0,2286.23
2026-08-20 01:53:12,deribit,ETH,ETH-20AUG26-2280-P,2026-08-20,2280,put,0.011063,0.0105,0.0115,67.17,,,,,22.0,423.0,2264.5
2026-08-20 01:53:12,deribit,ETH,ETH-25DEC26-6500-C,2026-12-25,6500,call,0.00075,0.0006,0.0011,66.2,,,,,1804.0,20.0,2286.23
2026-08-20 01:53:12,deribit,ETH,ETH-28AUG26-1000-P,2026-08-28,1000,put,1e-06,,0.0001,136.84,,,,,2984.0,2.0,2268.51
2026-08-20 01:53:12,deribit,ETH,ETH-26MAR27-3800-C,2027-03-26,3800,call,0.031726,0.031,0.0325,54.89,,,,,1193.0,31.0,2308.57
2026-08-20 01:53:12,deribit,ETH,ETH-25SEP26-1500-P,2026-09-25,1500,put,0.001804,0.0017,0.0019,68.29,,,,,12942.0,1333.0,2270.03
2026-08-20 01:53:12,deribit,ETH,ETH-22AUG26-2000-C,2026-08-22,2000,call,0.117812,0.115,0.1195,78.91,,,,,107.0,59.0,2265.87
2026-08-20 01:53:12,deribit,ETH,ETH-23AUG26-2380-P,2026-08-23,2380,put,0.057038,0.055,0.0605,62.58,,,,,0.0,0.0,2266.48
2026-08-20 01:53:12,deribit,ETH,ETH-25DEC26-2400-P,2026-12-25,2400,put,0.152518,0.151,0.1535,52.44,,,,,1716.0,0.0,2286.27
2026-08-20 01:53:12,deribit,ETH,ETH-25SEP26-1950-P,2026-09-25,1950,put,0.015448,0.015,0.0155,53.27,,,,,670.0,750.0,2270.07
2026-08-20 01:53:12,deribit,ETH,ETH-30OCT26-3200-P,2026-10-30,3200,put,0.414999,0.405,0.423,53.03,,,,,0.0,0.0,2275.95
2026-08-20 01:53:12,deribit,ETH,ETH-21AUG26-2080-C,2026-08-21,2080,call,0.08215,0.079,0.0845,74.86,,,,,114.0,119.0,2265.15
2026-08-20 01:53:12,deribit,ETH,ETH-30OCT26-1400-P,2026-10-30,1400,put,0.004149,0.0038,0.0044,64.94,,,,,2660.0,41.0,2275.95
2026-08-20 01:53:12,deribit,ETH,ETH-26MAR27-2300-P,2027-03-26,2300,put,0.16454,0.1635,0.166,54.43,,,,,1583.0,1.0,2308.57
2026-08-20 01:53:12,deribit,ETH,ETH-23AUG26-1920-C,2026-08-23,1920,call,0.153176,0.1505,0.156,79.2,,,,,63.0,63.0,2266.44
2026-08-20 01:53:12,deribit,ETH,ETH-26MAR27-1700-P,2027-03-26,1700,put,0.054415,0.0535,0.055,57.28,,,,,1575.0,0.0,2308.57
2026-08-20 01:53:12,deribit,ETH,ETH-23AUG26-2340-P,2026-08-23,2340,put,0.042842,0.0415,0.0435,60.28,,,,,0.0,0.0,2266.48
2026-08-20 01:53:12,deribit,ETH,ETH-20AUG26-1920-C,2026-08-20,1920,call,0.15211,0.15,0.1555,175.13,,,,,616.0,580.0,2264.5
2026-08-20 01:53:12,deribit,ETH,ETH-20AUG26-2250-P,2026-08-20,2250,put,0.004114,0.0037,0.0043,65.04,,,,,182.0,187.0,2264.46
2026-08-20 01:53:12,deribit,ETH,ETH-25SEP26-12000-C,2026-09-25,12000,call,0.0,,0.0002,115.57,,,,,1341.0,0.0,2270.03
2026-08-20 01:53:12,deribit,ETH,ETH-25JUN27-2900-P,2027-06-25,2900,put,0.366286,0.355,0.372,55.26,,,,,3.0,0.0,2333.35
2026-08-20 01:53:12,deribit,ETH,ETH-30OCT26-2150-C,2026-10-30,2150,call,0.117628,0.1165,0.1185,50.99,,,,,1087.0,66.0,2275.94
2026-08-20 01:53:12,deribit,ETH,ETH-28AUG26-1400-C,2026-08-28,1400,call,0.382978,0.381,0.3845,116.96,,,,,118.0,0.0,2268.55
2026-08-20 01:53:12,deribit,ETH,ETH-28AUG26-2800-C,2026-08-28,2800,call,0.001517,0.0014,0.0017,75.06,,,,,8097.0,6233.0,2268.51
2026-08-20 01:53:12,deribit,ETH,ETH-26MAR27-4200-P,2027-03-26,4200,put,0.840595,0.824,0.86,55.57,,,,,1.0,0.0,2308.57
2026-08-20 01:53:12,deribit,ETH,ETH-21AUG26-1940-C,2026-08-21,1940,call,0.143614,0.141,0.1455,100.55,,,,,328.0,291.0,2265.19
2026-08-20 01:53:12,deribit,ETH,ETH-21AUG26-1880-P,2026-08-21,1880,put,4.5e-05,,0.0001,113.32,,,,,872.0,570.0,2265.15
2026-08-20 01:53:12,deribit,ETH,ETH-25SEP26-5800-C,2026-09-25,5800,call,0.000168,,0.0002,98.22,,,,,4885.0,0.0,2270.03
2026-08-20 01:53:12,deribit,ETH,ETH-25DEC26-1900-C,2026-12-25,1900,call,0.219776,0.217,0.2215,54.32,,,,,3877.0,44.0,2286.27
2026-08-20 01:53:12,deribit,ETH,ETH-20AUG26-2160-C,2026-08-20,2160,call,0.046191,0.0425,0.051,77.16,,,,,245.0,253.0,2264.46
2026-08-20 01:53:12,deribit,ETH,ETH-23AUG26-2260-C,2026-08-23,2260,call,0.023124,0.0225,0.0235,57.62,,,,,88.0,93.0,2266.48
2026-08-20 01:53:12,deribit,ETH,ETH-21AUG26-1860-P,2026-08-21,1860,put,4.6e-05,,0.0001,119.53,,,,,2070.0,525.0,2265.15
2026-08-20 01:53:12,deribit,ETH,ETH-30OCT26-2450-C,2026-10-30,2450,call,0.058428,0.058,0.059,50.2,,,,,1.0,1.0,2275.95
2026-08-20 01:53:12,deribit,ETH,ETH-4SEP26-1750-P,2026-09-04,1750,put,0.001335,0.0012,0.0015,66.87,,,,,731.0,667.0,2268.13
2026-08-20 01:53:12,deribit,ETH,ETH-20AUG26-2360-P,2026-08-20,2360,put,0.042703,0.0385,0.0465,93.89,,,,,0.0,0.0,2264.46
2026-08-20 01:53:12,deribit,ETH,ETH-26MAR27-1000-P,2027-03-26,1000,put,0.009349,0.009,0.01,70.33,,,,,7437.0,121.0,2308.57
2026-08-20 01:53:12,deribit,ETH,ETH-21AUG26-1860-C,2026-08-21,1860,call,0.178905,0.1765,0.181,119.53,,,,,412.0,524.0,2265.15
2026-08-20 01:53:12,deribit,ETH,ETH-23AUG26-2020-C,2026-08-23,2020,call,0.109617,0.1065,0.1125,68.02,,,,,5.0,9.0,2266.44
2026-08-20 01:53:12,deribit,ETH,ETH-25JUN27-3500-P,2027-06-25,3500,put,0.574424,0.562,0.589,55.45,,,,,303.0,0.0,2333.37
2026-08-20 01:53:12,deribit,ETH,ETH-28AUG26-1750-C,2026-08-28,1750,call,0.229142,0.2265,0.231,79.9,,,,,4111.0,99.0,2268.51
2026-08-20 01:53:12,deribit,ETH,ETH-23AUG26-2200-C,2026-08-23,2200,call,0.039161,0.038,0.04,57.61,,,,,154.0,163.0,2266.48
2026-08-20 01:53:12,deribit,ETH,ETH-30OCT26-1750-C,2026-10-30,1750,call,0.246899,0.2445,0.2495,55.83,,,,,102.0,0.0,2275.94
2026-08-20 01:53:12,deribit,ETH,ETH-30OCT26-1750-P,2026-10-30,1750,put,0.015812,0.0155,0.016,55.83,,,,,751.0,22.0,2275.95
2026-08-20 01:53:12,deribit,ETH,ETH-20AUG26-2220-C,2026-08-20,2220,call,0.020703,0.017,0.023,65.57,,,,,99.0,99.0,2264.46
2026-08-20 01:53:12,deribit,ETH,ETH-25JUN27-3400-C,2027-06-25,3400,call,0.080878,0.08,0.082,55.4,,,,,210.0,1.0,2333.37
2026-08-20 01:53:12,deribit,ETH,ETH-26MAR27-2800-P,2027-03-26,2800,put,0.308465,0.3,0.3125,54.06,,,,,12.0,0.0,2308.53
2026-08-20 01:53:12,deribit,ETH,ETH-23AUG26-2000-C,2026-08-23,2000,call,0.118269,0.116,0.12,70.17,,,,,65.0,71.0,2266.44
2026-08-20 01:53:12,deribit,ETH,ETH-25DEC26-2400-C,2026-12-25,2400,call,0.102747,0.102,0.1035,52.44,,,,,12361.0,607.0,2286.27
2026-08-20 01:53:12,deribit,ETH,ETH-21AUG26-2200-C,2026-08-21,2200,call,0.033618,0.0335,0.0345,65.36,,,,,4003.0,14693.0,2265.19
2026-08-20 01:53:12,deribit,ETH,ETH-25DEC26-1700-P,2026-12-25,1700,put,0.029181,0.0285,0.0295,56.43,,,,,13923.0,1004.0,2286.23
2026-08-20 01:53:12,deribit,ETH,ETH-25SEP26-8500-P,2026-09-25,8500,put,2.744481,2.714,2.768,104.42,,,,,0.0,0.0,2270.03
2026-08-20 01:53:12,deribit,ETH,ETH-20AUG26-2180-P,2026-08-20,2180,put,0.000193,0.0001,0.0004,74.22,,,,,411.0,411.0,2264.5
2026-08-20 01:53:12,deribit,ETH,ETH-30OCT26-1500-P,2026-10-30,1500,put,0.005994,0.0055,0.0065,61.64,,,,,2483.0,35.0,2275.95
2026-08-20 01:53:12,deribit,ETH,ETH-23AUG26-2280-P,2026-08-23,2280,put,0.025044,0.0245,0.0255,58.03,,,,,77.0,82.0,2266.48
2026-08-20 01:53:12,deribit,ETH,ETH-23AUG26-2450-P,2026-08-23,2450,put,0.084512,0.0775,0.0895,67.33,,,,,0.0,0.0,2266.44
2026-08-20 01:53:12,deribit,ETH,ETH-22AUG26-1860-C,2026-08-22,1860,call,0.17928,0.177,0.181,101.77,,,,,2.0,2.0,2265.87
2026-08-20 01:53:12,deribit,ETH,ETH-20AUG26-2340-P,2026-08-20,2340,put,0.034112,0.03,0.0375,85.36,,,,,0.0,0.0,2264.46
2026-08-20 01:53:12,deribit,ETH,ETH-22AUG26-2020-P,2026-08-22,2020,put,0.00058,0.0005,0.0007,75.85,,,,,621.0,644.0,2265.87
2026-08-20 01:53:12,deribit,ETH,ETH-22AUG26-2500-P,2026-08-22,2500,put,0.105263,0.101,0.109,82.58,,,,,0.0,0.0,2265.87
2026-08-20 01:53:12,deribit,ETH,ETH-4SEP26-2200-P,2026-09-04,2200,put,0.027818,0.0275,0.028,51.19,,,,,287.0,475.0,2268.13
2026-08-20 01:53:12,deribit,ETH,ETH-25SEP26-2400-C,2026-09-25,2400,call,0.040047,0.0395,0.0405,50.08,,,,,15409.0,4566.0,2270.03
2026-08-20 01:53:12,deribit,ETH,ETH-26MAR27-2900-C,2027-03-26,2900,call,0.085274,0.084,0.086,54.06,,,,,2168.0,105.0,2308.53
2026-08-20 01:53:12,deribit,ETH,ETH-25DEC26-6000-C,2026-12-25,6000,call,0.001097,0.0009,0.0014,64.49,,,,,10401.0,18.0,2286.23
2026-08-20 01:53:12,deribit,ETH,ETH-30OCT26-2800-P,2026-10-30,2800,put,0.254241,0.246,0.263,50.89,,,,,0.0,0.0,2275.95
2026-08-20 01:53:12,deribit,ETH,ETH-21AUG26-2300-C,2026-08-21,2300,call,0.009224,0.009,0.0095,66.76,,,,,1773.0,6102.0,2265.15
2026-08-20 01:53:12,deribit,ETH,ETH-25JUN27-2200-P,2027-06-25,2200,put,0.170139,0.1685,0.1715,55.97,,,,,141.0,43.0,2333.37
2026-08-20 01:53:12,deribit,ETH,ETH-28AUG26-1650-C,2026-08-28,1650,call,0.27303,0.271,0.2745,90.64,,,,,1604.0,54.0,2268.51
2026-08-20 01:53:12,deribit,ETH,ETH-23AUG26-2480-C,2026-08-23,2480,call,0.00273,0.0025,0.003,69.85,,,,,4.0,4.0,2266.44
2026-08-20 01:53:12,deribit,ETH,ETH-28AUG26-1100-C,2026-08-28,1100,call,0.515106,0.513,0.5165,136.84,,,,,204.0,0.0,2268.55
2026-08-20 01:53:12,deribit,ETH,ETH-25JUN27-800-C,2027-06-25,800,call,0.665898,0.664,0.667,72.71,,,,,118.0,4.0,2333.37
2026-08-20 01:53:12,deribit,ETH,ETH-23AUG26-2050-P,2026-08-23,2050,put,0.001288,0.0012,0.0014,65.43,,,,,0.0,0.0,2266.48
2026-08-20 01:53:12,deribit,ETH,ETH-21AUG26-1600-P,2026-08-21,1600,put,0.0,,0.0001,133.61,,,,,3946.0,0.0,2265.19
2026-08-20 01:53:12,deribit,ETH,ETH-22AUG26-1940-P,2026-08-22,1940,put,0.000265,0.0002,0.0003,87.57,,,,,156.0,378.0,2265.87
