snapshot_utc,exchange,underlying,instrument,expiry,strike,type,mark_price,bid,ask,mark_iv,delta,gamma,vega,theta,open_interest,volume_24h,underlying_price
2026-08-08 02:23:06,okx,BTC,BTC-USD-270326-90000-C,2027-03-26,90000,call,0.0332917756157348,0.0325,0.034,0.3976865635199743,0.18062829982120457,0.5611334360165825,0.0023138334859170284,-0.0001998359291253618,3517,46,64871.4
2026-08-08 02:23:06,okx,BTC,BTC-USD-270326-85000-P,2027-03-26,85000,put,0.3200882663300222,0.3065,0.334,0.3974874934501956,-1.0499502571260684,3.147543279491401,0.002626716898488532,-0.00022674477640898763,518,0,64871.4
2026-08-08 02:23:06,okx,BTC,BTC-USD-270326-85000-C,2027-03-26,85000,call,0.0448221742793806,0.044,0.0455,0.3974874934501956,0.22531774822580303,0.5970072687876586,0.002626716898488532,-0.00022674477640898763,5146,258,64871.4
2026-08-08 02:23:06,okx,BTC,BTC-USD-270326-80000-P,2027-03-26,80000,put,0.2605956761669933,0.248,0.2735,0.3985618793229179,-0.9227578549323352,3.0002138067070647,0.002902958245974962,-0.0002512679529174631,2575,0,64871.4
2026-08-08 02:23:06,okx,BTC,BTC-USD-270326-100000-C,2027-03-26,100000,call,0.0186231310394494,0.018,0.019,0.4010713889022628,0.113954605053156,0.44527106774760133,0.0017030588176281496,-0.0001483378169906183,59306,320,64871.4
2026-08-08 02:23:06,okx,BTC,BTC-USD-270326-95000-P,2027-03-26,95000,put,0.4501144350187993,,,0.39894117614618185,-1.2816008169185424,3.357383731569224,0.001998506375528139,-0.00017314699394185208,3,0,64871.4
2026-08-08 02:23:06,okx,BTC,BTC-USD-270326-95000-C,2027-03-26,95000,call,0.0248170380210237,0.024,0.0255,0.39894117614618185,0.14369871847472562,0.5067846607826876,0.001998506375528139,-0.00017314699394185208,2788,20,64871.4
2026-08-08 02:23:06,okx,BTC,BTC-USD-270326-90000-P,2027-03-26,90000,put,0.3835735201399434,,,0.3976865635199743,-1.1696554705513653,3.2617009767617224,0.0023138334859170284,-0.0001998359291253618,4,0,64871.4
2026-08-08 02:23:06,okx,BTC,BTC-USD-270326-110000-C,2027-03-26,110000,call,0.0107957293571384,0.01,0.011,0.4073862034899021,0.07198403499694671,0.32750466058178385,0.0012115447977598217,-0.00010718804465649666,3480,201,64871.4
2026-08-08 02:23:06,okx,BTC,BTC-USD-270326-105000-P,2027-03-26,105000,put,0.5894310945164722,0.02,,0.40392788272733904,-1.4849179119012164,3.534749810430629,0.0014393378360400904,-0.00012626039081180496,0,0,64871.4
2026-08-08 02:23:06,okx,BTC,BTC-USD-270326-105000-C,2027-03-26,105000,call,0.0141023925715621,0.0135,0.0145,0.40392788272733904,0.09041315353344807,0.3840876795613003,0.0014393378360400904,-0.00012626039081180496,1722,0,64871.4
2026-08-08 02:23:06,okx,BTC,BTC-USD-270326-100000-P,2027-03-26,100000,put,0.5189361805107923,0.5055,0.534,0.4010713889022628,-1.3863606953608103,3.4459016685755337,0.0017030588176281496,-0.0001483378169906183,33,0,64871.4
2026-08-08 02:23:06,okx,BTC,BTC-USD-270326-130000-C,2027-03-26,130000,call,0.0042089224106087,0.0039,0.0045,0.42538844675977716,0.031063190391998736,0.16804254890842457,0.0006176023930232678,-0.000057055197751073487,1044,0,64871.4
2026-08-08 02:23:06,okx,BTC,BTC-USD-270326-120000-P,2027-03-26,120000,put,0.8069413413888755,0.02,,0.41570845725662864,-1.753880955637581,3.8352651327180562,0.0008587782120556523,-0.00007753011563394611,1,0,64871.4
2026-08-08 02:23:06,okx,BTC,BTC-USD-270326-120000-C,2027-03-26,120000,call,0.0065656820232641,0.006,0.007,0.41570845725662864,0.04649740485917869,0.23450841172453746,0.0008587782120556523,-0.00007753011563394611,2038,0,64871.4
2026-08-08 02:23:06,okx,BTC,BTC-USD-270326-110000-P,2027-03-26,110000,put,0.6611400837756157,0.02,,0.4073862034899021,-1.5783627954584163,3.6281983214925098,0.0012115447977598217,-0.00010718804465649666,5,0,64871.4
2026-08-08 02:23:06,okx,BTC,BTC-USD-270326-160000-C,2027-03-26,160000,call,0.00149406276284,0.001,0.0021,0.45855546232294353,0.011635826781404,0.06943822602236484,0.00026816029172929543,-0.00002670465027534986,556,10,64871.4
2026-08-08 02:23:06,okx,BTC,BTC-USD-270326-140000-P,2027-03-26,140000,put,1.1032810008278635,,,0.4359630644150741,-2.0788804718222753,4.323171623154699,0.0004548726486515373,-0.000043066549211479176,0,0,64871.4
2026-08-08 02:23:06,okx,BTC,BTC-USD-270326-140000-C,2027-03-26,140000,call,0.0028427315679835,0.0024,0.0034,0.4359630644150741,0.021560948757277314,0.12228878199559391,0.0004548726486515373,-0.000043066549211479176,1622,10,64871.4
2026-08-08 02:23:06,okx,BTC,BTC-USD-270326-130000-P,2027-03-26,130000,put,0.9546158867233547,,,0.42538844675977716,-1.9193467001461575,4.0688623299847375,0.0006176023930232678,-0.000057055197751073487,0,0,64871.4
2026-08-08 02:23:06,okx,BTC,BTC-USD-270326-200000-C,2027-03-26,200000,call,0.000631985249587,0.0001,0.0012,0.5047187199960902,0.0048985020775988205,0.02966047964774165,0.00012561901427194413,-0.000013769093480732134,357,0,64871.4
2026-08-08 02:23:06,okx,BTC,BTC-USD-270326-180000-P,2027-03-26,180000,put,1.7014804432179578,,,0.4817750346640899,-2.6933997153076756,5.444618840364988,0.0001757092101312132,-0.000018383972938091583,0,0,64871.4
2026-08-08 02:23:06,okx,BTC,BTC-USD-260828-61000-P,2026-08-28,61000,put,0.0089353759823574,0.0085,0.009,0.33291469082480757,-0.206312022493532,3.9551920903554554,0.0006537924380866285,-0.0005376052897641146,9470,8072,64871.4
2026-08-08 02:23:06,okx,BTC,BTC-USD-270326-180000-C,2027-03-26,180000,call,0.0009169541695407,0.0004,0.0015,0.4817750346640899,0.007167825437464019,0.04348375887470961,0.0001757092101312132,-0.000018383972938091583,11099,90,64871.4
2026-08-08 02:23:06,okx,BTC,BTC-USD-260828-61000-C,2026-08-28,61000,call,0.0705263509224955,0.0685,0.072,0.33291469082480757,0.7315442430588177,2.0794795592507556,0.0006537924380866285,-0.0005359179053398814,420,0,64871.4
2026-08-08 02:23:06,okx,BTC,BTC-USD-270326-160000-P,2027-03-26,160000,put,1.4019949419169888,,,0.45855546232294353,-2.388868653880942,4.870447187347057,0.00026816029172929543,-0.00002670465027534986,0,0,64871.4
2026-08-08 02:23:06,okx,BTC,BTC-USD-270326-200000-P,2027-03-26,200000,put,2.0012580841922727,0.0001,,0.5047187199960902,-2.995732098750334,6.030921681303607,0.00012561901427194413,-0.000013769093480732134,0,0,64871.4
2026-08-08 02:23:06,okx,BTC,BTC-USD-260925-85000-P,2026-09-25,85000,put,0.3041702354445337,0.304,0.3065,0.35033702337165695,-1.2822511237841607,2.9753730013860817,0.00019021800241665723,-0.00006908033512298508,2766,0,64871.4
2026-08-08 02:23:06,okx,BTC,BTC-USD-260925-85000-C,2026-09-25,85000,call,0.0009940237197804,0.0012,0.0014,0.35033702337165695,0.02092708590628982,0.36901658200518056,0.00019021800241665723,-0.00006908033512298508,13482,0,64871.4
2026-08-08 02:23:06,okx,BTC,BTC-USD-260925-45000-P,2026-09-25,45000,put,0.0023534926714989,0.0022,0.0023,0.563782237699395,-0.030189862640102212,0.3723503365252171,0.00023242638360777522,-0.0001358355975105175,18624,150,64871.4
2026-08-08 02:23:06,okx,BTC,BTC-USD-260925-45000-C,2026-09-25,45000,call,0.3124366746995707,0.3115,0.3135,0.563782237699395,0.6597280130783715,-1.0074854149117303,0.00023242638360777522,-0.0001358355975105175,530,0,64871.4
2026-08-08 02:23:06,okx,BTC,BTC-USD-260809-65250-C,2026-08-09,65250,call,0.0003601670519415,0.0005,0.0006,0.09181417412480915,0.1337129581395422,40.21097407563854,0.00012564723064747207,-0.0004674336109781178,10573,11874,64871.4
2026-08-08 02:23:06,okx,BTC,BTC-USD-260809-65250-P,2026-08-09,65250,put,0.0063035572746679,0.005,0.008,0.09181417412480915,-0.8722304320831841,42.22286085608399,0.00012564723064747207,-0.0004674336109781178,7460,8304,64871.4
2026-08-08 02:23:06,okx,BTC,BTC-USD-260809-65750-C,2026-08-09,65750,call,0.0000370779549873,0.0001,0.0002,0.10903977103618348,0.01632249878667267,6.402137444076884,0.000023721308967555674,-0.0001048047256421017,1222,1435,64871.4
2026-08-08 02:23:06,okx,BTC,BTC-USD-260925-75000-P,2026-09-25,75000,put,0.1568310191998734,0.154,0.161,0.31980876769224736,-1.0303184276093795,3.846242773273516,0.0007546339413135686,-0.00025017475552861513,6971,0,64871.4
2026-08-08 02:23:06,okx,BTC,BTC-USD-260809-65750-P,2026-08-09,65750,put,0.0136888466468532,,,0.10903977103618348,-0.9973292699051933,8.429440981460617,0.000023721308967555674,-0.0001048047256421017,0,0,64871.4
2026-08-08 02:23:06,okx,BTC,BTC-USD-260925-75000-C,2026-09-25,75000,call,0.0069696559133262,0.007,0.0075,0.31980876769224736,0.11954469858807647,1.5465165208786036,0.0007546339413135686,-0.00025017475552861513,14603,1098,64871.4
2026-08-08 02:23:06,okx,BTC,BTC-USD-260925-40000-P,2026-09-25,40000,put,0.0014959888273543,0.0013,0.0014,0.6644772466190135,-0.01747064683110204,0.20042620649273865,0.0001453111272357518,-0.00010009117081800141,71683,1073,64871.4
2026-08-08 02:23:06,okx,BTC,BTC-USD-260925-40000-C,2026-09-25,40000,call,0.3882365950745292,0.387,0.3895,0.6644772466190135,0.5957896871408747,-1.0260944614512146,0.0001453111272357518,-0.00010009117081800141,973,0,64871.4
2026-08-08 02:23:06,okx,BTC,BTC-USD-261225-50000-C,2026-12-25,50000,call,0.2643368990894267,0.263,0.2655,0.4682415338694746,0.5994861365021256,-0.4500257024304412,0.0013377445309319081,-0.00022202601630415294,510,0,64871.4
2026-08-08 02:23:06,okx,BTC,BTC-USD-261225-45000-P,2026-12-25,45000,put,0.014089991732719,0.0135,0.014,0.5108031737647742,-0.09913215938807785,0.6915301136338676,0.0009611407741259303,-0.00017615002704497317,25013,606,64871.4
2026-08-08 02:23:06,okx,BTC,BTC-USD-260828-46000-C,2026-08-28,46000,call,0.2924517629790817,0.2915,0.294,0.5898595667044042,0.7017584628626489,-1.2950320872194672,0.00003547369326470235,-0.000043693949726748576,20,0,64871.4
2026-08-08 02:23:06,okx,BTC,BTC-USD-261225-45000-C,2026-12-25,45000,call,0.3316047136235859,0.3305,0.333,0.5108031737647742,0.581786100318427,-0.6703064057791422,0.0009611407741259303,-0.00017264905437564378,163,0,64871.4
2026-08-08 02:23:06,okx,BTC,BTC-USD-260828-46000-P,2026-08-28,46000,put,0.0002407491993974,,0.0004,0.5898595667044042,-0.005477409521090251,0.11943965754801096,0.00003547369326470235,-0.00005169970102392448,16165,540,64871.4
2026-08-08 02:23:06,okx,BTC,BTC-USD-261225-60000-C,2026-12-25,60000,call,0.148469846228324,0.148,0.1495,0.4123476750445176,0.5421760748521953,0.2954181460563141,0.002170314915616144,-0.0003197371673540582,1009,0,64871.4
2026-08-08 02:23:06,okx,BTC,BTC-USD-261225-55000-P,2026-12-25,55000,put,0.0362964531023523,0.0355,0.036,0.4357502350495182,-0.24457719319962704,1.554233101826652,0.001770401421969665,-0.0002766347131390653,12197,170,64871.4
2026-08-08 02:23:06,okx,BTC,BTC-USD-260809-64900-C,2026-08-09,64900,call,0.0019388159815347,0.0019,0.002,0.09489482788815222,0.45964429206727353,71.0484290586516,0.00023088734167155012,-0.000887768947796489,2495,2638,64871.4
2026-08-08 02:23:06,okx,BTC,BTC-USD-261225-55000-C,2026-12-25,55000,call,0.2024886420179362,0.201,0.2035,0.4357502350495182,0.5876562353305456,-0.1102337552336932,0.001770401421969665,-0.00027480199378697066,680,0,64871.4
2026-08-08 02:23:06,okx,BTC,BTC-USD-260809-64900-P,2026-08-09,64900,put,0.0024863412758631,0.0023,0.0026,0.09489482788815222,-0.5409032332270549,73.04952410924027,0.00023088734167155012,-0.000887768947796489,1736,1741,64871.4
2026-08-08 02:23:06,okx,BTC,BTC-USD-261225-50000-P,2026-12-25,50000,put,0.0224834436862012,0.022,0.0225,0.4682415338694746,-0.15708970761621313,1.0631259858062363,0.0013377445309319081,-0.00022469286231486494,17289,3020,64871.4
2026-08-08 02:23:06,okx,BTC,BTC-USD-261225-25000-P,2026-12-25,25000,put,0.0023475326403557,0.0017,0.0024,0.7791591326136051,-0.0143173132927521,0.09339115861834492,0.00019246960802715745,-0.000053827525990853844,40959,0,64871.4
2026-08-08 02:23:06,okx,BTC,BTC-USD-261225-70000-C,2026-12-25,70000,call,0.0706658278431342,0.0705,0.0715,0.38786127360868516,0.3782125806393281,0.8930756741296126,0.0024405143910591525,-0.0003391454027923727,16370,1112,64871.4
2026-08-08 02:23:06,okx,BTC,BTC-USD-261225-25000-C,2026-12-25,25000,call,0.6225073204817885,0.622,0.624,0.7791591326136051,0.3639706087664173,-0.6631846854999939,0.00019246960802715745,-0.00004699004668705497,1,0,64871.4
2026-08-08 02:23:06,okx,BTC,BTC-USD-261225-65000-P,2026-12-25,65000,put,0.0894209544065339,0.0895,0.0905,0.39684123369454527,-0.5157468426089918,2.629400128222417,0.0024189146949182435,-0.00034373105730759796,16842,1080,64871.4
2026-08-08 02:23:06,okx,BTC,BTC-USD-261225-65000-C,2026-12-25,65000,call,0.104290610346835,0.104,0.1055,0.39684123369454527,0.4678017547448485,0.6623029335147362,0.0024189146949182435,-0.0003435665912727381,13657,0,64871.4
2026-08-08 02:23:06,okx,BTC,BTC-USD-261225-60000-P,2026-12-25,60000,put,0.0579389238003816,0.0575,0.0585,0.4123476750445176,-0.36571493808981115,2.111200171940327,0.002170314915616144,-0.00032073576004753543,17413,960,64871.4
2026-08-08 02:23:06,okx,BTC,BTC-USD-260828-48000-C,2026-08-28,48000,call,0.2618203177585563,0.261,0.264,0.5498893798688694,0.729592996103005,-1.2892701967419047,0.000051796190238008096,-0.00006320886324007284,320,0,64871.4
2026-08-08 02:23:06,okx,BTC,BTC-USD-261225-35000-P,2026-12-25,35000,put,0.0059344409191091,0.0055,0.006,0.6275376484440582,-0.03951905661856362,0.27171452584152567,0.00046123340270214406,-0.00010387521952582152,24162,577,64871.4
2026-08-08 02:23:06,okx,BTC,BTC-USD-261225-80000-C,2026-12-25,80000,call,0.0301442119863699,0.0295,0.03,0.3818544973582933,0.2118671912133896,0.8994590960680355,0.001927408081287864,-0.0002639671572019854,13878,266,64871.4
2026-08-08 02:23:06,okx,BTC,BTC-USD-260828-48000-P,2026-08-28,48000,put,0.0003586424908116,0.0002,0.0005,0.5498893798688694,-0.008392262036548975,0.1867003195372031,0.000051796190238008096,-0.0000703721656208564,7512,20,64871.4
2026-08-08 02:23:06,okx,BTC,BTC-USD-261225-35000-C,2026-12-25,35000,call,0.474771695785259,0.474,0.477,0.6275376484440582,0.4900840342642735,-0.7874916559241486,0.00046123340270214406,-0.00009870599353925736,150,0,64871.4
2026-08-08 02:23:06,okx,BTC,BTC-USD-261225-75000-P,2026-12-25,75000,put,0.1830008076841746,0.1765,0.192,0.38320661080244395,-0.8456631979661547,3.2305052793343774,0.0022499584753682793,-0.0003076053073034629,3744,0,64871.4
2026-08-08 02:23:06,okx,BTC,BTC-USD-260828-52000-C,2026-08-28,52000,call,0.2007861270601937,0.2,0.2025,0.4720228431169851,0.7791730392537083,-1.1322077554536005,0.00011150705377157004,-0.00012456204138045076,10,0,64871.4
2026-08-08 02:23:06,okx,BTC,BTC-USD-261225-30000-P,2026-12-25,30000,put,0.0038570421133828,0.0035,0.0038,0.7001857726135411,-0.02455049254019465,0.16432796687561183,0.0003077654628345794,-0.00007734269690037392,19008,0,64871.4
2026-08-08 02:23:06,okx,BTC,BTC-USD-261225-52000-P,2026-12-25,52000,put,0.0272250898489306,0.0265,0.027,0.45408444648363144,-0.1881587743730632,1.2467754447038923,0.00150777594222506,-0.00024556583900091426,7509,1,64871.4
2026-08-08 02:23:06,okx,BTC,BTC-USD-261225-75000-C,2026-12-25,75000,call,0.0465479306491926,0.046,0.047,0.38320661080244395,0.2892005682113533,0.9607777469793612,0.0022499584753682793,-0.0003091090945858377,8563,2,64871.4
2026-08-08 02:23:06,okx,BTC,BTC-USD-260828-52000-P,2026-08-28,52000,put,0.0008231288163281,0.0007,0.0009,0.4720228431169851,-0.020310990397475075,0.4667603038487663,0.00011150705377157004,-0.0001300404459284496,9329,0,64871.4
2026-08-08 02:23:06,okx,BTC,BTC-USD-261225-30000-C,2026-12-25,30000,call,0.5483555634671742,0.5475,0.55,0.7001857726135411,0.42939501393080864,-0.7435630460663948,0.0003077654628345794,-0.00007133934425519242,4075,0,64871.4
2026-08-08 02:23:06,okx,BTC,BTC-USD-261225-52000-C,2026-12-25,52000,call,0.2388140386570993,0.2375,0.24,0.45408444648363144,0.5986801035100091,-0.32690231106225237,0.00150777594222506,-0.0002432326436536492,50,0,64871.4
2026-08-08 02:23:06,okx,BTC,BTC-USD-261225-70000-P,2026-12-25,70000,put,0.1314574383904746,0.131,0.1325,0.38786127360868516,-0.6809936011263461,3.0114880376609614,0.0024405143910591525,-0.00033847574216861533,10994,0,64871.4
2026-08-08 02:23:06,okx,BTC,BTC-USD-261225-90000-C,2026-12-25,90000,call,0.0126393229232065,0.0125,0.013,0.38675076463221136,0.1062003049793809,0.6189431466407553,0.0012264906293672358,-0.00017020204928861165,14735,0,64871.4
2026-08-08 02:23:06,okx,BTC,BTC-USD-261225-85000-P,2026-12-25,85000,put,0.307216737699226,0.3025,0.315,0.3832000883776553,-1.1352122155833344,3.340671208853104,0.0015644509213670827,-0.00021189789891142507,1681,0,64871.4
2026-08-08 02:23:06,okx,BTC,BTC-USD-261225-40000-P,2026-12-25,40000,put,0.0090530751109326,0.0085,0.009,0.5639723986357453,-0.06253198119037462,0.4373420897362152,0.000671818300474609,-0.00013596148053597896,14045,718,64871.4
2026-08-08 02:23:06,okx,BTC,BTC-USD-261225-85000-C,2026-12-25,85000,call,0.0194413276889609,0.019,0.0195,0.3832000883776553,0.1509667194178417,0.7683133388507521,0.0015644509213670827,-0.00021506993951103456,18738,200,64871.4
2026-08-08 02:23:06,okx,BTC,BTC-USD-261225-40000-C,2026-12-25,40000,call,0.402229063489441,0.4015,0.404,0.5639723986357453,0.5427286941042964,-0.7731792608531267,0.000671818300474609,-0.0001316263812080322,1,0,64871.4
2026-08-08 02:23:06,okx,BTC,BTC-USD-261225-80000-P,2026-12-25,80000,put,0.2422583555089934,0.2375,0.2515,0.3818544973582933,-0.9986541593759524,3.32050179724672,0.001927408081287864,-0.0002616292432609932,6219,0,64871.4
2026-08-08 02:23:06,okx,BTC,BTC-USD-261225-100000-C,2026-12-25,100000,call,0.0056816346168115,0.005,0.006,0.39892593132713045,0.0531260524235711,0.3695089407876431,0.0007239916568300836,-0.00010365452478329362,20971,614,64871.4
2026-08-08 02:23:06,okx,BTC,BTC-USD-261225-95000-P,2026-12-25,95000,put,0.4474648382430284,0.441,0.456,0.39210325708471633,-1.3627719526900208,3.3569648974865856,0.0009444345796676543,-0.00012805076888047561,763,0,64871.4
2026-08-08 02:23:06,okx,BTC,BTC-USD-260925-52000-C,2026-09-25,52000,call,0.2085406771743938,0.207,0.2095,0.45517202495120446,0.718239741426112,-0.5965257541288321,0.0005052324966880953,-0.0002383875786772628,550,0,64871.4
2026-08-08 02:23:06,okx,BTC,BTC-USD-261225-95000-C,2026-12-25,95000,call,0.0083668952574804,0.008,0.0085,0.39210325708471633,0.07472215113482279,0.48197668983689834,0.0009444345796676543,-0.00013289106279731986,10090,0,64871.4
2026-08-08 02:23:06,okx,BTC,BTC-USD-260925-52000-P,2026-09-25,52000,put,0.0057778890530664,0.005,0.0055,0.45517202495120446,-0.07899869273745765,0.9979511141983072,0.0005052324966880953,-0.0002383875786772628,17826,136,64871.4
2026-08-08 02:23:06,okx,BTC,BTC-USD-261225-90000-P,2026-12-25,90000,put,0.3760759994211128,0.3695,0.3825,0.38675076463221136,-1.2556362144336288,3.342616185466775,0.0012264906293672358,-0.00016619588203038474,1850,0,64871.4
2026-08-08 02:23:06,okx,BTC,BTC-USD-261225-110000-C,2026-12-25,110000,call,0.0028759114403199,0.0026,0.0029,0.41593339011905794,0.02845808205836771,0.21758475372113972,0.0004355319308808354,-0.00006502148297875021,9765,10,64871.4
2026-08-08 02:23:06,okx,BTC,BTC-USD-261225-105000-P,2026-12-25,105000,put,0.5943971868331431,0.02,,0.4069449515225805,-1.5503603525827188,3.4602237985408353,0.0005580726133337437,-0.00007500272103196017,0,0,64871.4
2026-08-08 02:23:06,okx,BTC,BTC-USD-261225-105000-C,2026-12-25,105000,call,0.0039767108723122,0.0037,0.0041,0.4069449515225805,0.038448920065792605,0.28260525324381236,0.0005580726133337437,-0.00008151126826603917,14388,0,64871.4
2026-08-08 02:23:06,okx,BTC,BTC-USD-261225-100000-P,2026-12-25,100000,put,0.520440844090001,0.5135,0.5275,0.39892593132713045,-1.4600256358131063,3.3958123172609977,0.0007239916568300836,-0.000097980104207832,320,0,64871.4
2026-08-08 02:23:06,okx,BTC,BTC-USD-261225-120000-C,2026-12-25,120000,call,0.0016607103951477,0.0013,0.0018,0.43609529859835494,0.016813426003193375,0.1343658616461662,0.00027946296604458614,-0.000043747047738742036,5608,0,64871.4
2026-08-08 02:23:06,okx,BTC,BTC-USD-261225-115000-P,2026-12-25,115000,put,0.7438932089350435,0.02,,0.42570259467369936,-1.71852978038531,3.649879491438305,0.0003455978312624419,-0.00004463210949356655,0,0,64871.4
2026-08-08 02:23:06,okx,BTC,BTC-USD-261225-115000-C,2026-12-25,115000,call,0.0021501999989297,0.0018,0.0023,0.42570259467369936,0.021594661086869357,0.16963060849394648,0.0003455978312624419,-0.00005280891004488028,3778,0,64871.4
2026-08-08 02:23:06,okx,BTC,BTC-USD-261225-110000-P,2026-12-25,110000,put,0.6689576538887921,0.664,0.679,0.41593339011905794,-1.6360087750019776,3.5465184678418304,0.0004355319308808354,-0.000057678809086053843,421,0,64871.4
2026-08-08 02:23:06,okx,BTC,BTC-USD-260810-64900-C,2026-08-10,64900,call,0.004504011972771,0.0044,0.0045,0.15048910738136187,0.48454487249649947,32.9033795740533,0.0003119901468979015,-0.0010508340241294537,29,29,64871.4
2026-08-08 02:23:06,okx,BTC,BTC-USD-261225-130000-C,2026-12-25,130000,call,0.0010841061777684,0.0006,0.0012,0.4582469438394249,0.010984586696030231,0.0889082674736716,0.00019381848058395575,-0.00003188282420051071,7224,0,64871.4
2026-08-08 02:23:06,okx,BTC,BTC-USD-260810-64900-P,2026-08-10,64900,put,0.0048966156788179,0.0047,0.0049,0.15048910738136187,-0.5158477312095473,34.90416478146539,0.0003119901468979015,-0.0010508340241294537,3,3,64871.4
2026-08-08 02:23:06,okx,BTC,BTC-USD-261225-125000-P,2026-12-25,125000,put,0.8943883095457903,,,0.4469800897478885,-1.878012881198523,3.891197957964076,0.00023047719525195437,-0.000027135184697993292,0,0,64871.4
2026-08-08 02:23:06,okx,BTC,BTC-USD-261225-125000-C,2026-12-25,125000,call,0.0013227676343936,0.0008,0.0014,0.4469800897478885,0.01342672909732397,0.10831873737238228,0.00023047719525195437,-0.00003698023856654176,9872,0,64871.4
2026-08-08 02:23:06,okx,BTC,BTC-USD-261225-120000-P,2026-12-25,120000,put,0.8190649858189029,0.812,0.8315,0.43609529859835494,-1.7989685998808196,3.7659299134141917,0.00027946296604458614,-0.00003473612052881094,517,0,64871.4
2026-08-08 02:23:06,okx,BTC,BTC-USD-261225-150000-C,2026-12-25,150000,call,0.0006184631469422,0.0001,0.0007,0.5054976797724751,0.006048908338437411,0.04767847012131024,0.00011526581206922949,-0.00002091716965046573,6962,0,64871.4
2026-08-08 02:23:06,okx,BTC,BTC-USD-261225-140000-P,2026-12-25,140000,put,1.1208346289602713,,,0.48157259513295153,-2.1105605720113996,4.299928569902979,0.0001447709154415341,-0.000012680077595017733,0,0,64871.4
2026-08-08 02:23:06,okx,BTC,BTC-USD-261225-140000-C,2026-12-25,140000,call,0.0007852875859497,0.0003,0.0008,0.48157259513295153,0.007851791519948996,0.06310384284028214,0.0001447709154415341,-0.000025027511439418298,8756,0,64871.4
2026-08-08 02:23:06,okx,BTC,BTC-USD-261225-130000-P,2026-12-25,130000,put,0.9698109145768068,,,0.4582469438394249,-1.9561126080116504,4.023102656889034,0.00019381848058395575,-0.000021203643673344876,0,0,64871.4
2026-08-08 02:23:06,okx,BTC,BTC-USD-260809-61000-C,2026-08-09,61000,call,0.0595778267649609,0.048,,0.1301504195360131,0.9404221732350388,-1.880844346469826,0.0000000000000000011089840805100802,-0.000000000000000005848280152144712,0,0,64871.4
2026-08-08 02:23:06,okx,BTC,BTC-USD-261225-170000-C,2026-12-25,170000,call,0.0004592683372682,,0.0005,0.5536432125321907,0.004241239805823724,0.031531025833334905,0.00008450628187631487,-0.000016796269811905548,4275,0,64871.4
2026-08-08 02:23:06,okx,BTC,BTC-USD-260809-61000-P,2026-08-09,61000,put,0.0000000000000001,,0.0001,0.1301504195360131,-0.00000000000000023166175947173316,0.00000000000025249776235603064,0.0000000000000000011089840805100802,-0.000000000000000005848280152144712,4780,2503,64871.4
2026-08-08 02:23:06,okx,BTC,BTC-USD-261225-160000-P,2026-12-25,160000,put,1.4232142707927422,,,0.5296165440483741,-2.4160949386959447,4.880045007876713,0.0000966812956056411,-0.0000026980861881617455,0,0,64871.4
2026-08-08 02:23:06,okx,BTC,BTC-USD-260809-60000-C,2026-08-09,60000,call,0.0749945837032401,0.005,,0.13015251321229998,0.9250054162967598,-1.8500108325935196,0.0000000000000000000000000020241184167631826,-0.000000000000000000000000010674456195702973,0,0,64871.4
2026-08-08 02:23:06,okx,BTC,BTC-USD-261225-160000-C,2026-12-25,160000,call,0.0005198634678552,,0.0006,0.5296165440483741,0.00494776248273922,0.037959605519344936,0.0000966812956056411,-0.000018382026667031777,2441,0,64871.4
2026-08-08 02:23:06,okx,BTC,BTC-USD-260809-60000-P,2026-08-09,60000,put,0.0000000000000001,,0.0001,0.13015251321229998,-0.00000000000000000000000033496300226604556,0.0000000000000000000004606759367961592,0.0000000000000000000000000020241184167631826,-0.000000000000000000000000010674456195702973,1250,0,64871.4
2026-08-08 02:23:06,okx,BTC,BTC-USD-261225-150000-P,2026-12-25,150000,put,1.2719903374965462,,,0.5054976797724751,-2.2636786240165785,4.5871335348313425,0.00011526581206922949,-0.00000690148248883043,0,0,64871.4
2026-08-08 02:23:06,okx,BTC,BTC-USD-260809-59000-C,2026-08-09,59000,call,0.0904113406415195,0.005,,0.13015263447417358,0.9095886593584804,-1.8191773187169609,0.000000000000000000000000000000000000019762439270685144,-0.00000000000000000000000000000000000010421993452127664,0,0,64871.4
2026-08-08 02:23:06,okx,BTC,BTC-USD-261225-200000-C,2026-12-25,200000,call,0.0003827116816131,,0.0004,0.6234578424071331,0.003214708688205063,0.021540824563114527,0.00006652053433935527,-0.000014888965396289352,3205,0,64871.4
2026-08-08 02:23:06,okx,BTC,BTC-USD-260809-59000-P,2026-08-09,59000,put,0.0000000000000001,,0.0002,0.13015263447417358,-0.0000000000000000000000000000000000026981019532111442,0.000000000000000000000000000000004496651412736469,0.000000000000000000000000000000000000019762439270685144,-0.00000000000000000000000000000000000010421993452127664,0,0,64871.4
2026-08-08 02:23:06,okx,BTC,BTC-USD-261225-180000-P,2026-12-25,180000,put,1.7257607168051645,,,0.5773773109000409,-2.719903511903409,5.474436747706358,0.00007627130133038934,0.00000321094925664548,0,0,64871.4
2026-08-08 02:23:06,okx,BTC,BTC-USD-260810-65100-C,2026-08-10,65100,call,0.0030570761703765,0.003,0.0031,0.14671161700625865,0.38035328845241667,32.50192164026752,0.00029868266640032174,-0.000980759909082005,100,100,64871.4
2026-08-08 02:23:06,okx,BTC,BTC-USD-261225-180000-C,2026-12-25,180000,call,0.0004212435297113,,0.0004,0.5773773109000409,0.003769526922610718,0.02709067005431918,0.00007627130133038934,-0.000015809497856694026,1510,0,64871.4
2026-08-08 02:23:06,okx,BTC,BTC-USD-260810-65100-P,2026-08-10,65100,put,0.0065325538477826,0.006,0.007,0.14671161700625865,-0.6231221892249894,34.50887259562233,0.00029868266640032174,-0.000980759909082005,12,12,64871.4
2026-08-08 02:23:06,okx,BTC,BTC-USD-261225-170000-P,2026-12-25,170000,put,1.574476208637438,,,0.5536432125321907,-2.568116630196528,5.176246765838038,0.00008450628187631487,0.0000005559239841992218,0,0,64871.4
2026-08-08 02:23:06,okx,BTC,BTC-USD-260809-63500-C,2026-08-09,63500,call,0.0210405471140781,0.0046,,0.12796382802476974,0.9768488072102204,-1.058895901372209,0.000003871095464685997,-0.000020071433430147108,0,0,64871.4
2026-08-08 02:23:06,okx,BTC,BTC-USD-261225-240000-C,2026-12-25,240000,call,0.0003703919184235,,0.0003,0.7084094836092163,0.002769328658618864,0.016243465904952313,0.00005886226789496844,-0.00001497020172111364,1170,0,64871.4
2026-08-08 02:23:06,okx,BTC,BTC-USD-260809-63500-P,2026-08-09,63500,put,0.0000046126948154,,0.0002,0.12796382802476974,-0.002115258370517036,0.8990322297892658,0.000003871095464685997,-0.000020071433430147108,11074,13725,64871.4
2026-08-08 02:23:06,okx,BTC,BTC-USD-260828-62000-C,2026-08-28,62000,call,0.0581948169468173,0.0555,0.06,0.3218833480830789,0.6875961480374488,2.8489953544303286,0.0007537554142611585,-0.0005979445379976162,32472,0,64871.4
2026-08-08 02:23:06,okx,BTC,BTC-USD-261225-220000-P,2026-12-25,220000,put,2.3309998598303046,0.0001,,0.6672160121330812,-3.326006114749954,6.67618443270059,0.00006152266085751002,0.000010956563668710535,0,0,64871.4
2026-08-08 02:23:06,okx,BTC,BTC-USD-260809-63000-C,2026-08-09,63000,call,0.0287444060871265,0.0065,,0.1295775271465598,0.9712022441166986,-1.9133270389758825,0.00000012738134943707283,-0.0000006687946915616581,0,0,64871.4
2026-08-08 02:23:06,okx,BTC,BTC-USD-260810-64250-C,2026-08-10,64250,call,0.0113716138433012,0.0095,0.0125,0.16746782377089803,0.7604572569294068,21.55185636758958,0.00023649397690745513,-0.0008864201961835573,14,18,64871.4
2026-08-08 02:23:06,okx,BTC,BTC-USD-260828-62000-P,2026-08-28,62000,put,0.011978511262649,0.0115,0.012,0.3218833480830789,-0.26563481039280823,4.755457271290843,0.0007537554142611585,-0.0005992106979636532,19920,6329,64871.4
2026-08-08 02:23:06,okx,BTC,BTC-USD-260828-69000-P,2026-08-28,69000,put,0.0680655221288941,0.0665,0.0695,0.2784311161571421,-0.8773212657186062,5.895765473313742,0.000639182129888597,-0.0004379104145056061,445,0,64871.4
2026-08-08 02:23:06,okx,BTC,BTC-USD-261225-220000-C,2026-12-25,220000,call,0.0003702546537196,,0.0003,0.6672160121330812,0.0029275993707365204,0.018317004459208426,0.00006152266085751002,-0.000014736896713567914,3684,0,64871.4
2026-08-08 02:23:06,okx,BTC,BTC-USD-260809-63000-P,2026-08-09,63000,put,0.0000000931987243,,0.0001,0.1295775271465598,-0.00005344299489917921,0.0291843352473131,0.00000012738134943707283,-0.0000006687946915616581,3471,1921,64871.4
2026-08-08 02:23:06,okx,BTC,BTC-USD-260810-64250-P,2026-08-10,64250,put,0.0017448771424308,0.0016,0.0017,0.16746782377089803,-0.2299160063697229,23.532602894187836,0.00023649397690745513,-0.0008864201961835573,1983,2137,64871.4
2026-08-08 02:23:06,okx,BTC,BTC-USD-260828-69000-C,2026-08-28,69000,call,0.0066591430212741,0.0065,0.007,0.2784311161571421,0.18353254285700246,3.7740578561625235,0.000639182129888597,-0.0004395928257469423,7770,1062,64871.4
2026-08-08 02:23:06,okx,BTC,BTC-USD-261225-200000-P,2026-12-25,200000,put,2.028367250907632,0.0001,,0.6234578424071331,-3.02308866778515,6.074147577509825,0.00006652053433935527,0.00000746798835151962,0,0,64871.4
2026-08-08 02:23:06,okx,BTC,BTC-USD-260809-62500-C,2026-08-09,62500,call,0.0364526919892669,0.0085,,0.130006145885671,0.9635468667781272,-1.926795724829937,0.0000000013098233132183306,-0.000000006899758401120031,0,0,64871.4
2026-08-08 02:23:06,okx,BTC,BTC-USD-260809-62500-P,2026-08-09,62500,put,0.000000000631725,,0.0001,0.130006145885671,-0.00000044186433093555885,0.0002988924549792482,0.0000000013098233132183306,-0.000000006899758401120031,6555,1873,64871.4
2026-08-08 02:23:06,okx,BTC,BTC-USD-260809-62000-C,2026-08-09,62000,call,0.0441610698280774,0.011,,0.1301159297861007,0.9558389290124177,-1.9116769181001771,0.000000000004134693904245791,-0.00000000002179872625416682,0,0,64871.4
2026-08-08 02:23:06,okx,BTC,BTC-USD-260809-62000-P,2026-08-09,62000,put,0.0000000000013959,,0.0001,0.1301159297861007,-0.0000000011609007276231134,0.0000009422464596542364,0.000000000004134693904245791,-0.00000000002179872625416682,2786,2442,64871.4
2026-08-08 02:23:06,okx,BTC,BTC-USD-261225-240000-P,2026-12-25,240000,put,2.633645063045575,0.0001,,0.7084094836092163,-3.628794723109407,7.279371569441004,0.00005886226789496844,0.000014059765295634273,0,0,64871.4
2026-08-08 02:23:06,okx,BTC,BTC-USD-260809-65500-C,2026-08-09,65500,call,0.0000991476656237,0.0002,0.0003,0.09748254052053258,0.04286271780901639,16.023611223612562,0.00005309142079793131,-0.00020970484818255578,7130,6339,64871.4
2026-08-08 02:23:06,okx,BTC,BTC-USD-260809-65500-P,2026-08-09,65500,put,0.0098967271229198,0.0085,0.0115,0.09748254052053258,-0.9669348616482797,18.043206382527156,0.00005309142079793131,-0.00020970484818255578,254,200,64871.4
2026-08-08 02:23:06,okx,BTC,BTC-USD-260809-65000-C,2026-08-09,65000,call,0.0012662529830067,0.0013,0.0014,0.09265312889496136,0.34896206725082024,68.07268625904979,0.00021541841210586068,-0.0008087237449895735,10746,12796,64871.4
2026-08-08 02:23:06,okx,BTC,BTC-USD-260809-65000-P,2026-08-09,65000,put,0.0033554539711631,0.0035,0.0036,0.09265312889496136,-0.6531271337373362,70.07686466102611,0.00021541841210586068,-0.0008087237449895735,1266,2125,64871.4
2026-08-08 02:23:06,okx,BTC,BTC-USD-260809-64500-C,2026-08-09,64500,call,0.0062640398390328,0.0049,0.0075,0.10883489781047914,0.8079761955375727,40.67265446083814,0.00015560064864848398,-0.0006861781129687968,1259,1329,64871.4
2026-08-08 02:23:06,okx,BTC,BTC-USD-260809-64500-P,2026-08-09,64500,put,0.0006448623580496,0.0005,0.0006,0.10883489781047914,-0.18640462698144397,42.66141610587618,0.00015560064864848398,-0.0006861781129687968,4199,4535,64871.4
2026-08-08 02:23:06,okx,BTC,BTC-USD-260809-64000-C,2026-08-09,64000,call,0.0134090773406257,0.013,0.015,0.12248762909832087,0.9570419580577253,7.520357949372257,0.00003906863989834579,-0.0001938999982149715,620,404,64871.4
2026-08-08 02:23:06,okx,BTC,BTC-USD-260809-64000-P,2026-08-09,64000,put,0.0000815213905028,0.0001,0.0002,0.12248762909832087,-0.029630485992151755,9.493702837472012,0.00003906863989834579,-0.0001938999982149715,3651,3167,64871.4
2026-08-08 02:23:06,okx,BTC,BTC-USD-260809-69000-C,2026-08-09,69000,call,0.0000339302752817,,0.0001,0.4063854751027214,0.004575036459650664,0.559939386743961,0.000007818772382600861,-0.00012874608505063345,1590,0,64871.4
2026-08-08 02:23:06,okx,BTC,BTC-USD-260809-69000-P,2026-08-09,69000,put,0.0637901590165554,0.051,,0.4063854751027214,-1.0591811922816232,2.6874518442265085,0.000007818772382600861,-0.00012874608505063345,0,0,64871.4
2026-08-08 02:23:06,okx,BTC,BTC-USD-260809-68000-C,2026-08-09,68000,call,0.0000401579245208,,0.0002,0.3260946195619463,0.0065238561811710866,0.9579441536521722,0.00001070481278099003,-0.00014144252273848502,4503,2000,64871.4
2026-08-08 02:23:06,okx,BTC,BTC-USD-260809-68000-P,2026-08-09,68000,put,0.048379629727515,0.0105,,0.3260946195619463,-1.0418156156218232,3.054623097258161,0.00001070481278099003,-0.00014144252273848502,0,0,64871.4
2026-08-08 02:23:06,okx,BTC,BTC-USD-260809-67000-C,2026-08-09,67000,call,0.0000260271802616,,0.0002,0.22248644917507368,0.006227551679239609,1.3509865286728961,0.000010255573863942064,-0.00009245295912125871,8408,9094,64871.4
2026-08-08 02:23:06,okx,BTC,BTC-USD-260809-67000-P,2026-08-09,67000,put,0.0329487420449767,0.007,,0.22248644917507368,-1.0266951631854755,3.416831958402326,0.000010255573863942064,-0.00009245295912125871,0,0,64871.4
2026-08-08 02:23:06,okx,BTC,BTC-USD-260809-66000-C,2026-08-09,66000,call,0.0000215745378295,,0.0002,0.1256440160211193,0.008827448816096255,3.2605247333300866,0.000013924974488290334,-0.00007089139166252637,2867,3122,64871.4
2026-08-08 02:23:06,okx,BTC,BTC-USD-260809-66000-P,2026-08-09,66000,put,0.0175275324642654,,,0.1256440160211193,-1.0086785091103394,5.295536649182957,0.000013924974488290334,-0.00007089139166252637,6,1,64871.4
2026-08-08 02:23:06,okx,BTC,BTC-USD-260810-64700-C,2026-08-10,64700,call,0.0063068003094799,0.006,0.0065,0.15539061213229144,0.5837433572354598,30.809303503034414,0.00030412253339815994,-0.0010576976960126056,39,39,64871.4
2026-08-08 02:23:06,okx,BTC,BTC-USD-260810-64700-P,2026-08-10,64700,put,0.0036165300441677,0.0035,0.0036,0.15539061213229144,-0.413566372499228,32.80392296250378,0.00030412253339815994,-0.0010576976960126056,15,15,64871.4
2026-08-08 02:23:06,okx,BTC,BTC-USD-260808-63750-C,2026-08-08,63750,call,0.0172888762798021,0.016,0.019,0.17951910436697757,0.9826493997898479,-1.9099955403573,0.00000006364605703101606,-0.000000571284157734879,521,200,64871.4
2026-08-08 02:23:06,okx,BTC,BTC-USD-260808-63750-P,2026-08-08,63750,put,0.000000065368528,,0.0001,0.17951910436697757,-0.0000617892988778865,0.05542683782015146,0.00000006364605703101606,-0.000000571284157734879,8968,10766,64871.4
2026-08-08 02:23:06,okx,BTC,BTC-USD-260814-65500-C,2026-08-14,65500,call,0.0083891224707029,0.0085,0.009,0.23511081289323352,0.384644302620009,11.744926014798697,0.0005025157194068445,-0.0009476019386532145,3130,2824,64871.4
2026-08-08 02:23:06,okx,BTC,BTC-USD-260814-65500-P,2026-08-14,65500,put,0.0172398671529252,0.017,0.018,0.23511081289323352,-0.6242064420622135,13.762627504163142,0.0005025157194068445,-0.0009476019386532145,2127,2042,64871.4
2026-08-08 02:23:06,okx,BTC,BTC-USD-260808-64250-C,2026-08-08,64250,call,0.0096028285745246,0.009,0.011,0.1731632137021973,0.9764238705601035,6.1732614608178205,0.000009020869405455794,-0.00007810413683182775,1208,1107,64871.4
2026-08-08 02:23:06,okx,BTC,BTC-USD-260808-64250-P,2026-08-08,64250,put,0.0000215564012011,,0.0002,0.1731632137021973,-0.013994857266573046,8.154098916471172,0.000009020869405455794,-0.00007810413683182775,7682,11880,64871.4
2026-08-08 02:23:06,okx,BTC,BTC-USD-260808-64600-C,2026-08-08,64600,call,0.0044706801846813,0.0001,,0.15484241332422233,0.8536494859217901,55.580718366174864,0.0000568674596042666,-0.0004402747342371182,0,0,64871.4
2026-08-08 02:23:06,okx,BTC,BTC-USD-260808-64600-P,2026-08-08,64600,put,0.0002846851279235,0.0002,0.0004,0.15484241332422233,-0.14216451902145205,57.57234637606135,0.0000568674596042666,-0.0004402747342371182,904,1537,64871.4
2026-08-08 02:23:06,okx,BTC,BTC-USD-260808-64900-C,2026-08-08,64900,call,0.0011160269042808,0.001,0.0012,0.13104194634034502,0.446976386801817,118.32564061065659,0.00010015394842080726,-0.0006562184167366555,673,811,64871.4
2026-08-08 02:23:06,okx,BTC,BTC-USD-261225-58000-C,2026-12-25,58000,call,0.1689890761362655,0.1675,0.17,0.42069185155906647,0.5643353575666387,0.1312819136304042,0.002021951485890295,-0.0003036003651669198,253,0,64871.4
2026-08-08 02:23:06,okx,BTC,BTC-USD-260808-64900-P,2026-08-08,64900,put,0.0015545550902935,0.0014,0.0017,0.13104194634034502,-0.5534621413841956,120.32651766702861,0.00010015394842080726,-0.0006562184167366555,492,546,64871.4
2026-08-08 02:23:06,okx,BTC,BTC-USD-261225-58000-P,2026-12-25,58000,put,0.0481936471132663,0.0475,0.0485,0.42069185155906647,-0.31329262161063426,1.8865378719849504,0.002021951485890295,-0.0003049326085238441,5001,173,64871.4
2026-08-08 02:23:06,okx,BTC,BTC-USD-260811-62000-C,2026-08-11,62000,call,0.0445970356146973,0.0435,,0.2396725446557227,0.9339773039270888,0.40709905154157483,0.00004831212606279335,-0.00017902156678282835,0,0,64871.4
2026-08-08 02:23:06,okx,BTC,BTC-USD-260811-62000-P,2026-08-11,62000,put,0.0001803804230369,0.0003,0.0004,0.2396725446557227,-0.021606040881250854,2.318265741158254,0.00004831212606279335,-0.00017902156678282835,261,352,64871.4
2026-08-08 02:23:06,okx,BTC,BTC-USD-260811-61000-C,2026-08-11,61000,call,0.0598568165457449,0.005,,0.24675259271785055,0.9363255698552335,-1.3834728825670015,0.000010694859624074805,-0.00004080071090552682,0,0,64871.4
2026-08-08 02:23:06,okx,BTC,BTC-USD-260811-61000-P,2026-08-11,61000,put,0.0000275267604016,,0.0003,0.24675259271785055,-0.0038451403594232545,0.49686853786231205,0.000010694859624074805,-0.00004080071090552682,19,19,64871.4
2026-08-08 02:23:06,okx,BTC,BTC-USD-260925-62000-C,2026-09-25,62000,call,0.0791260139240355,0.078,0.079,0.3581176408188139,0.5961854109435256,1.5712172679595136,0.0013078543440333316,-0.0004855141341882445,6650,0,64871.4
2026-08-08 02:23:06,okx,BTC,BTC-USD-260811-60000-C,2026-08-11,60000,call,0.0752445469800949,0.005,,0.24996898940538337,0.9243308856994269,-1.7837514828931842,0.0000014376259134042432,-0.000005556009041294887,0,0,64871.4
2026-08-08 02:23:06,okx,BTC,BTC-USD-260811-60000-P,2026-08-11,60000,put,0.0000026226010689,,0.0002,0.24996898940538337,-0.00042718992154691996,0.06576466834876352,0.0000014376259134042432,-0.000005556009041294887,79,79,64871.4
2026-08-08 02:23:06,okx,BTC,BTC-USD-260811-63750-C,2026-08-11,63750,call,0.0194716935192561,0.005,,0.210963334172564,0.7954437318944878,11.855006854094244,0.00025132916748136033,-0.0008197488013368941,0,0,64871.4
2026-08-08 02:23:06,okx,BTC,BTC-USD-260811-63750-P,2026-08-11,63750,put,0.0020271488665409,0.0019,0.002,0.210963334172564,-0.18711172345279703,13.820117764788812,0.00025132916748136033,-0.0008197488013368941,72,113,64871.4
2026-08-08 02:23:06,okx,BTC,BTC-USD-260809-64700-C,2026-08-09,64700,call,0.0038354718238672,0.0024,0.0045,0.10158767142568094,0.6635866855705804,60.17392216761407,0.0002112242170092965,-0.0008694447688949466,150,150,64871.4
2026-08-08 02:23:06,okx,BTC,BTC-USD-260811-63500-C,2026-08-11,63500,call,0.0228014943419015,0.021,,0.21635406913578242,0.8342734997690674,9.41495507412728,0.00021246543809115925,-0.0007106966655833574,0,0,64871.4
2026-08-08 02:23:06,okx,BTC,BTC-USD-260809-64700-P,2026-08-09,64700,put,0.0012996457305397,0.0011,0.0012,0.10158767142568094,-0.33387748833609215,62.168850515427415,0.0002112242170092965,-0.0008694447688949466,901,901,64871.4
2026-08-08 02:23:06,okx,BTC,BTC-USD-260811-63500-P,2026-08-11,63500,put,0.0015037910407656,0.0014,0.0015,0.21635406913578242,-0.14442879692979663,11.372359667525007,0.00021246543809115925,-0.0007106966655833574,523,523,64871.4
2026-08-08 02:23:06,okx,BTC,BTC-USD-260811-63000-C,2026-08-11,63000,call,0.0298011783363518,0.0285,,0.22602350222204082,0.8885501662646057,5.319072977430432,0.00014210980132431928,-0.0004966020971971707,0,0,64871.4
2026-08-08 02:23:06,okx,BTC,BTC-USD-260925-62000-P,2026-09-25,62000,put,0.0296780742409145,0.029,0.0295,0.3581176408188139,-0.3543681067130381,3.472324303272641,0.0013078543440333316,-0.0004855141341882445,13736,2657,64871.4
2026-08-08 02:23:06,okx,BTC,BTC-USD-260811-63000-P,2026-08-11,63000,put,0.0007971577383743,0.0008,0.0009,0.22602350222204082,-0.08244581313741693,7.261064936234479,0.00014210980132431928,-0.0004966020971971707,834,1342,64871.4
2026-08-08 02:23:06,okx,BTC,BTC-USD-260811-62500-C,2026-08-11,62500,call,0.0371059120111164,0.036,,0.23381200743113606,0.919298164497141,2.359595865839904,0.00008697117670234654,-0.00031439314897634157,0,0,64871.4
2026-08-08 02:23:06,okx,BTC,BTC-USD-260811-62500-P,2026-08-11,62500,put,0.0003955741162976,0.0005,0.0006,0.23381200743113606,-0.04399149760804007,4.286175190050265,0.00008697117670234654,-0.00031439314897634157,1281,1747,64871.4
2026-08-08 02:23:06,okx,BTC,BTC-USD-260811-65000-C,2026-08-11,65000,call,0.0060400856903423,0.006,0.0065,0.18391651348105093,0.45554114405738694,22.02642219188986,0.0003737774616265519,-0.0010628323204748657,9229,9594,64871.4
2026-08-08 02:23:06,okx,BTC,BTC-USD-260811-65000-P,2026-08-11,65000,put,0.0078613342797306,0.0075,0.008,0.18391651348105093,-0.5462801045320014,24.030064689068634,0.0003737774616265519,-0.0010628323204748657,1189,1945,64871.4
2026-08-08 02:23:06,okx,BTC,BTC-USD-260811-64500-C,2026-08-11,64500,call,0.0105852559296563,0.01,0.011,0.1940869244776531,0.6195519458002893,19.42537944169435,0.0003553587781883332,-0.0010663364217267464,212,212,64871.4
2026-08-08 02:23:06,okx,BTC,BTC-USD-260811-64500-P,2026-08-11,64500,put,0.0047001872222032,0.0046,0.0047,0.1940869244776531,-0.3745629854922576,21.413609304279444,0.0003553587781883332,-0.0010663364217267464,734,746,64871.4
2026-08-08 02:23:06,okx,BTC,BTC-USD-260811-64250-C,2026-08-11,64250,call,0.0133196266387026,0.0125,0.014,0.1996720674822277,0.6886478074104055,17.066801523521047,0.00032630290045334936,-0.0010073239643404177,105,105,64871.4
2026-08-08 02:23:06,okx,BTC,BTC-USD-260811-64250-P,2026-08-11,64250,put,0.0035813992828289,0.0035,0.0036,0.1996720674822277,-0.30161396523372075,19.047325068809297,0.00032630290045334936,-0.0010073239643404177,130,150,64871.4
2026-08-08 02:23:06,okx,BTC,BTC-USD-260811-64000-C,2026-08-11,64000,call,0.0162974432089653,,,0.20535261791449028,0.74720809909392,14.459199772382163,0.0002902723012542294,-0.0009215878845524909,0,0,64871.4
2026-08-08 02:23:06,okx,BTC,BTC-USD-260811-64000-P,2026-08-11,64000,put,0.0027060572046707,0.0026,0.0027,0.20535261791449028,-0.23920051490178543,16.432017000373573,0.0002902723012542294,-0.0009215878845524909,76,99,64871.4
2026-08-08 02:23:06,okx,BTC,BTC-USD-260811-68000-C,2026-08-11,68000,call,0.0000911995852216,,0.0003,0.22188440468406861,0.012551157109321347,1.539466263131737,0.00003075867340537883,-0.00010551769518260538,19,19,64871.4
2026-08-08 02:23:06,okx,BTC,BTC-USD-260811-68000-P,2026-08-11,68000,put,0.0481503519556588,0.005,,0.22188440468406861,-1.0355079952611157,3.6355845678726113,0.00003075867340537883,-0.00010551769518260538,0,0,64871.4
2026-08-08 02:23:06,okx,BTC,BTC-USD-261225-68000-P,2026-12-25,68000,put,0.1134115419699532,0.113,0.1145,0.39080955468762035,-0.6141454607112703,2.878537155127951,0.0024601769044737365,-0.00034401804838274255,862,0,64871.4
2026-08-08 02:23:06,okx,BTC,BTC-USD-260811-67000-C,2026-08-11,67000,call,0.0002698134633084,0.0003,0.0004,0.19103339976707,0.03747009387569742,4.495632274667704,0.0000773617209005135,-0.0002284895507472076,1057,1373,64871.4
2026-08-08 02:23:06,okx,BTC,BTC-USD-260811-67000-P,2026-08-11,67000,put,0.0329163312400626,0.0305,,0.19103339976707,-0.9951764239010568,6.560925310221213,0.0000773617209005135,-0.0002284895507472076,0,0,64871.4
2026-08-08 02:23:06,okx,BTC,BTC-USD-260811-66000-C,2026-08-11,66000,call,0.001342244366607,0.0013,0.0014,0.17740999326442983,0.15374309214146592,13.966931322154034,0.00022437925052413418,-0.0006154484601893327,1063,1402,64871.4
2026-08-08 02:23:06,okx,BTC,BTC-USD-260811-66000-P,2026-08-11,66000,put,0.0185761275496781,,,0.17740999326442983,-0.8634907910416053,16.001399088520177,0.00022437925052413418,-0.0006154484601893327,0,0,64871.4
2026-08-08 02:23:06,okx,BTC,BTC-USD-260811-65500-C,2026-08-11,65500,call,0.0030002826735848,0.003,0.0031,0.17801203986027045,0.2855810517067788,19.810457134324466,0.0003214654323021301,-0.000884737780715306,596,1037,64871.4
2026-08-08 02:23:06,okx,BTC,BTC-USD-261225-68000-C,2026-12-25,68000,call,0.0828844380176695,0.0825,0.084,0.39080955468762035,0.41479768728967026,0.8206508591260698,0.0024601769044737365,-0.00034435405834305305,4741,398,64871.4
2026-08-08 02:23:06,okx,BTC,BTC-USD-260811-65500-P,2026-08-11,65500,put,0.0125278485598145,,,0.17801203986027045,-0.7239465141794511,21.829512266096927,0.0003214654323021301,-0.000884737780715306,0,0,64871.4
2026-08-08 02:23:06,okx,BTC,BTC-USD-260811-69000-C,2026-08-11,69000,call,0.0000594055060299,,0.0002,0.26625146984697834,0.0072247547210980215,0.7908808976703159,0.00001899819450591155,-0.00007820513331599935,0,0,64871.4
2026-08-08 02:23:06,okx,BTC,BTC-USD-260811-69000-P,2026-08-11,69000,put,0.06353119247015,0.005,,0.26625146984697834,-1.056247032243022,2.9178244715985557,0.00001899819450591155,-0.00007820513331599935,0,0,64871.4
2026-08-08 02:23:06,okx,BTC,BTC-USD-261225-62000-C,2026-12-25,62000,call,0.1295400230598511,0.129,0.1305,0.40526733793507597,0.5152821580166523,0.4532855296675252,0.0022939501365204827,-0.0003324208499222559,901,0,64871.4
2026-08-08 02:23:06,okx,BTC,BTC-USD-261225-62000-P,2026-12-25,62000,put,0.0692736072269652,0.069,0.07,0.40526733793507597,-0.4228718886900876,2.3295936230810055,0.0022939501365204827,-0.00033308579195228625,6303,574,64871.4
2026-08-08 02:23:06,okx,BTC,BTC-USD-260828-50000-C,2026-08-28,50000,call,0.2312497375760277,0.2305,0.2335,0.5103325522850162,0.7557992665228721,-1.244221290672654,0.00007564259916568916,-0.00008905558011377205,151,0,64871.4
2026-08-08 02:23:06,okx,BTC,BTC-USD-260828-50000-P,2026-08-28,50000,put,0.0005374008202224,0.0005,0.0007,0.5103325522850162,-0.01293537737249659,0.2932479971180836,0.00007564259916568916,-0.00009537643357816322,13276,259,64871.4
2026-08-08 02:23:06,okx,BTC,BTC-USD-260828-65000-C,2026-08-28,65000,call,0.0276905769550144,0.0275,0.028,0.2945447986655418,0.48637769411283427,4.772937489474933,0.0009381720671050457,-0.0006820865712000802,9461,3435,64871.4
2026-08-08 02:23:06,okx,BTC,BTC-USD-260828-65000-P,2026-08-28,65000,put,0.0275982790387553,0.0275,0.028,0.2945447986655418,-0.5129773429511449,6.771647563602891,0.0009381720671050457,-0.0006820890577915288,8528,933,64871.4
2026-08-08 02:23:06,okx,BTC,BTC-USD-260828-66000-C,2026-08-28,66000,call,0.0202472939667126,0.02,0.0205,0.2876878112806606,0.40409800540641805,4.972748031005846,0.0009219533778519451,-0.0006548639906163221,16429,1084,64871.4
2026-08-08 02:23:06,okx,BTC,BTC-USD-260828-66000-P,2026-08-28,66000,put,0.0355296653064232,0.0355,0.036,0.2876878112806606,-0.6106317245354685,7.002207490889619,0.0009219533778519451,-0.0006544452527495746,7221,239,64871.4
2026-08-08 02:23:06,okx,BTC,BTC-USD-260814-61500-C,2026-08-14,61500,call,0.0543651507025543,0.051,,0.30764516510985995,0.8600103593170505,2.1715847402993464,0.00020448071158738447,-0.0005045522275080669,0,0,64871.4
2026-08-08 02:23:06,okx,BTC,BTC-USD-260828-55000-C,2026-08-28,55000,call,0.1555101121772034,0.1545,0.157,0.41855505080568456,0.803497655805767,-0.7248587611775468,0.0002046808143417686,-0.0002074381516098136,20,0,64871.4
2026-08-08 02:23:06,okx,BTC,BTC-USD-260828-55000-P,2026-08-28,55000,put,0.0016711217012468,0.0016,0.0017,0.41855505080568456,-0.04211045247913851,0.9663574553922643,0.0002046808143417686,-0.00021165288278322393,22536,1751,64871.4
2026-08-08 02:23:06,okx,BTC,BTC-USD-260828-60000-C,2026-08-28,60000,call,0.0836237722507509,0.0815,0.0855,0.3449080287548877,0.7637856179451291,1.3689233388616329,0.0005538150524559927,-0.00046972469012694954,8090,150,64871.4
2026-08-08 02:23:06,okx,BTC,BTC-USD-260814-61500-P,2026-08-14,61500,put,0.0016066896026563,0.0014,0.0015,0.30764516510985995,-0.0872311795830515,4.06606781809955,0.00020448071158738447,-0.0005045522275080669,2940,1097,64871.4
2026-08-08 02:23:06,okx,BTC,BTC-USD-260828-60000-P,2026-08-28,60000,put,0.0066581280546431,0.006,0.0065,0.3449080287548877,-0.1586959547293132,3.2138864842105175,0.0005538150524559927,-0.00047183329900937895,25935,2630,64871.4
2026-08-08 02:23:06,okx,BTC,BTC-USD-260828-72000-C,2026-08-28,72000,call,0.0019396286784229,0.002,0.0021,0.2842653408728201,0.0656978294640674,1.8220561645163398,0.0003078331232028191,-0.00021618269384933637,24461,2472,64871.4
2026-08-08 02:23:06,okx,BTC,BTC-USD-260828-72000-P,2026-08-28,72000,put,0.1094700155539518,0.108,0.1115,0.2842653408728201,-1.0412800577452632,4.036011938935001,0.0003078331232028191,-0.00021323660923341166,1419,160,64871.4
2026-08-08 02:23:06,okx,BTC,BTC-USD-260809-65200-C,2026-08-09,65200,call,0.0004697952669018,0.0005,0.0007,0.09144636907770534,0.16614096629299788,46.64746017189553,0.00014524358030116615,-0.0005381715017670057,100,100,64871.4
2026-08-08 02:23:06,okx,BTC,BTC-USD-260828-74000-C,2026-08-28,74000,call,0.0008986946604197,0.001,0.0011,0.2952561135023396,0.032757232213117944,1.0106991597579638,0.00017615140705212897,-0.00012849617831858198,17764,1704,64871.4
2026-08-08 02:23:06,okx,BTC,BTC-USD-260809-65200-P,2026-08-09,65200,put,0.0056423476427139,,,0.09144636907770534,-0.8390315860828144,48.65780527664715,0.00014524358030116615,-0.0005381715017670057,0,0,64871.4
2026-08-08 02:23:06,okx,BTC,BTC-USD-260828-74000-P,2026-08-28,74000,put,0.1391784200478882,0.1375,0.1415,0.2952561135023396,-1.1049700407520275,3.286153705688255,0.00017615140705212897,-0.00012470764478626496,1980,480,64871.4
2026-08-08 02:23:06,okx,BTC,BTC-USD-260809-66500-C,2026-08-09,66500,call,0.0000189022747446,,0.0002,0.17000847037512437,0.005946651544047361,1.6994019595915026,0.000009835928412086535,-0.00006775528921365403,3356,3072,64871.4
2026-08-08 02:23:06,okx,BTC,BTC-USD-260828-68000-C,2026-08-28,68000,call,0.0098836380807022,0.01,0.0105,0.27971371265852524,0.24755857179087215,4.403660836263071,0.0007596092538909717,-0.000524769243934455,15776,1000,64871.4
2026-08-08 02:23:06,okx,BTC,BTC-USD-260809-66500-P,2026-08-09,66500,put,0.0252332386703202,0.0055,,0.17000847037512437,-1.019267684851528,3.7498306323826536,0.000009835928412086535,-0.00006775528921365403,0,0,64871.4
2026-08-08 02:23:06,okx,BTC,BTC-USD-260828-68000-P,2026-08-28,68000,put,0.0559153479323522,0.0545,0.0585,0.27971371265852524,-0.7979205439068291,6.494619067658474,0.0007596092538909717,-0.000523508057151315,2054,0,64871.4
2026-08-08 02:23:06,okx,BTC,BTC-USD-260828-70000-C,2026-08-28,70000,call,0.0044224369102832,0.0046,0.0047,0.2788264335509985,0.13233836905230598,3.0714743492052827,0.0005156658683035772,-0.00035517518108974015,16787,1818,64871.4
2026-08-08 02:23:06,okx,BTC,BTC-USD-260828-70000-P,2026-08-28,70000,put,0.0812034852738727,0.0795,0.083,0.2788264335509985,-0.9438901324012102,5.223931352112315,0.0005156658683035772,-0.00035307154539020787,3529,0,64871.4
2026-08-08 02:23:06,okx,BTC,BTC-USD-260828-80000-C,2026-08-28,80000,call,0.0001911133298617,0.0001,0.0005,0.35406444612772026,0.006987584312373882,0.2250251865721459,0.00004691044980097018,-0.00004103787948777602,4444,10,64871.4
2026-08-08 02:23:06,okx,BTC,BTC-USD-260828-80000-P,2026-08-28,80000,put,0.2307188542531486,0.2285,0.232,0.35406444612772026,-1.222987845920216,2.6849760470373254,0.00004691044980097018,-0.000034721999206281926,1290,0,64871.4
2026-08-08 02:23:06,okx,BTC,BTC-USD-260828-82000-C,2026-08-28,82000,call,0.0001488490705091,0.0001,0.0007,0.379985855875126,0.0052172969611536165,0.16166714127007883,0.00003625278809416063,-0.00003403652513998018,3758,0,64871.4
2026-08-08 02:23:06,okx,BTC,BTC-USD-260828-82000-P,2026-08-28,82000,put,0.2614259285057356,0.2595,0.2625,0.379985855875126,-1.255507519027251,2.683116773246888,0.00003625278809416063,-0.000026878195942093726,731,0,64871.4
2026-08-08 02:23:06,okx,BTC,BTC-USD-260828-76000-C,2026-08-28,76000,call,0.0004659580915477,0.0005,0.0007,0.3110350847635811,0.01751769459509241,0.5689342476215257,0.00010413895572311226,-0.0000800279570420035,28758,1443,64871.4
2026-08-08 02:23:06,okx,BTC,BTC-USD-260828-76000-P,2026-08-28,76000,put,0.1694950219909557,0.167,0.171,0.3110350847635811,-1.1509589641258677,2.9058875650634457,0.00010413895572311226,-0.00007539697459329412,1532,0,64871.4
2026-08-08 02:23:06,okx,BTC,BTC-USD-260828-78000-C,2026-08-28,78000,call,0.0002780389409822,0.0004,0.0005,0.3308681274202172,0.010432324219233383,0.342326784868106,0.00006661610893173477,-0.000054458020997016753,7066,107,64871.4
2026-08-08 02:23:06,okx,BTC,BTC-USD-260828-78000-P,2026-08-28,78000,put,0.2000564413523297,0.1975,0.2015,0.3308681274202172,-1.1887937202575416,2.7407788738216565,0.00006661610893173477,-0.00004898458963191501,635,0,64871.4
2026-08-08 02:23:06,okx,BTC,BTC-USD-260808-61500-C,2026-08-08,61500,call,0.0519727352320528,0.0405,,0.18035357807823096,0.9480272647679472,-1.8960545295358944,0.00000000000000000000000000000000021345533876329795,-0.0000000000000000000000000000000019248717052930847,0,0,64871.4
2026-08-08 02:23:06,okx,BTC,BTC-USD-260828-88000-C,2026-08-28,88000,call,0.0001171422026474,,0.0006,0.46860130804251543,0.0034552576617739813,0.09011066087373935,0.000025203378637555363,-0.00002918118354217856,8634,0,64871.4
2026-08-08 02:23:06,okx,BTC,BTC-USD-260808-61500-P,2026-08-08,61500,put,0.0000000000000001,,0.0001,0.18035357807823096,-0.00000000000000000000000000000007162733802599079,0.00000000000000000000000000018476045236547984,0.00000000000000000000000000000000021345533876329795,-0.0000000000000000000000000000000019248717052930847,2928,10014,64871.4
2026-08-08 02:23:06,okx,BTC,BTC-USD-260828-88000-P,2026-08-28,88000,put,0.3536422371736923,,,0.46860130804251543,-1.349517715594075,2.7960566073854367,0.000025203378637555363,-0.000019495507595115048,0,0,64871.4
2026-08-08 02:23:06,okx,BTC,BTC-USD-260828-90000-C,2026-08-28,90000,call,0.00011939375459,,0.0003,0.5002235926024351,0.003310494042196707,0.0810039596930949,0.000024298567744482805,-0.00003003211713585768,5265,0,64871.4
2026-08-08 02:23:06,okx,BTC,BTC-USD-260828-90000-P,2026-08-28,90000,put,0.3843938272375745,0.3825,0.3865,0.5002235926024351,-1.3804118649694668,2.8484486777164224,0.000024298567744482805,-0.000019503992272401815,1000,0,64871.4
2026-08-08 02:23:06,okx,BTC,BTC-USD-260828-84000-C,2026-08-28,84000,call,0.0001282500157945,,0.0007,0.4080522332637252,0.004264839672067488,0.12555795320457633,0.000030331452922722075,-0.000030580704012798384,4813,80,64871.4
2026-08-08 02:23:06,okx,BTC,BTC-USD-260828-84000-P,2026-08-28,84000,put,0.2921546679629603,,,0.4080522332637252,-1.2872093620721519,2.7085063566930145,0.000030331452922722075,-0.000022579925898519576,0,0,64871.4
2026-08-08 02:23:06,okx,BTC,BTC-USD-260828-86000-C,2026-08-28,86000,call,0.0001192685995433,,0.0006,0.4377438549305728,0.003740499871349596,0.1038426474751694,0.000027014455394248853,-0.000029218378552251107,11928,0,64871.4
2026-08-08 02:23:06,okx,BTC,BTC-USD-260828-86000-P,2026-08-28,86000,put,0.3228950250586488,,,0.4377438549305728,-1.3184830876286844,2.748289822475237,0.000027014455394248853,-0.000020375151521579948,0,0,64871.4
2026-08-08 02:23:06,okx,BTC,BTC-USD-260828-96000-C,2026-08-28,96000,call,0.0001403363303018,,,0.5964736180037891,0.0032640003708109774,0.0664652632456346,0.00002413585876771331,-0.00003557094955699488,5658,0,64871.4
2026-08-08 02:23:06,okx,BTC,BTC-USD-260828-96000-P,2026-08-28,96000,put,0.4766627853491045,,,0.5964736180037891,-1.4727065159082968,3.01840629580385,0.00002413585876771331,-0.000022515477944361954,0,0,64871.4
2026-08-08 02:23:06,okx,BTC,BTC-USD-260828-100000-C,2026-08-28,100000,call,0.000159329840204,,0.002,0.6594045706802485,0.0033427406027442957,0.061041979110282564,0.000024757425210715793,-0.00004033655793526103,2503,0,64871.4
2026-08-08 02:23:06,okx,BTC,BTC-USD-260828-100000-P,2026-08-28,100000,put,0.5381804558828857,,,0.6594045706802485,-1.534126547187993,3.135980554691757,0.000024757425210715793,-0.00002559618848984339,0,0,64871.4
2026-08-08 02:23:06,okx,BTC,BTC-USD-260809-70000-C,2026-08-09,70000,call,0.0000177102394036,,0.0001,0.45947029898785374,0.0022471388339787538,0.26116011768976916,0.000004126618303168837,-0.00007682614250011018,0,0,64871.4
2026-08-08 02:23:06,okx,BTC,BTC-USD-260828-92000-C,2026-08-28,92000,call,0.0001245898157283,,0.0006,0.5322649512143606,0.0032507330890088303,0.07467040291680101,0.000023950917123867504,-0.000031498607870292644,3064,0,64871.4
2026-08-08 02:23:06,okx,BTC,BTC-USD-260809-70000-P,2026-08-09,70000,put,0.0791906959189566,0.005,,0.45947029898785374,-1.0769258468455742,2.419506089048875,0.000004126618303168837,-0.00007682614250011018,0,0,64871.4
2026-08-08 02:23:06,okx,BTC,BTC-USD-260828-92000-P,2026-08-28,92000,put,0.415148361810652,,,0.5322649512143606,-1.4112210116784694,2.903613892451758,0.000023950917123867504,-0.000020128034090444424,0,0,64871.4
2026-08-08 02:23:06,okx,BTC,BTC-USD-260828-94000-C,2026-08-28,94000,call,0.0001317973499834,,0.0005,0.5644308714877122,0.003242434655467556,0.07003892253553455,0.000023943959722296017,-0.000033392441672076084,3341,0,64871.4
2026-08-08 02:23:06,okx,BTC,BTC-USD-260828-94000-P,2026-08-28,94000,put,0.4459049078568468,,0.6415,0.5644308714877122,-1.4419786958678256,2.9604811835821208,0.000023943959722296017,-0.000021179418975835517,0,0,64871.4
2026-08-08 02:23:06,okx,BTC,BTC-USD-260828-115000-C,2026-08-28,115000,call,0.0002121939888438,,,0.8681002715528459,0.003371481113828582,0.04577751658825241,0.000025274775168081473,-0.000054212449011672694,1974,0,64871.4
2026-08-08 02:23:06,okx,BTC,BTC-USD-260828-115000-P,2026-08-28,115000,put,0.7688533588710714,,,0.8681002715528459,-1.7647181998455195,3.581956878506948,0.000025274775168081473,-0.00003315371269331241,0,0,64871.4
2026-08-08 02:23:06,okx,BTC,BTC-USD-260828-120000-C,2026-08-28,120000,call,0.0002154249518012,,0.0031,0.9259459018522596,0.003220250338526297,0.04096887565399781,0.000024335405555028538,-0.00005567581322461755,24,0,64871.4
2026-08-08 02:23:06,okx,BTC,BTC-USD-260828-120000-P,2026-08-28,120000,put,0.8457299361138778,,,0.9259459018522596,-1.8417428950103585,3.7308951663517673,0.000024335405555028538,-0.00003251095461527639,0,0,64871.4
2026-08-08 02:23:06,okx,BTC,BTC-USD-260828-105000-C,2026-08-28,105000,call,0.0001825407213707,,,0.734455497514082,0.003427868685274841,0.055637089053776324,0.00002544394132863464,-0.00004617333437502138,6615,0,64871.4
2026-08-08 02:23:06,okx,BTC,BTC-USD-260828-105000-P,2026-08-28,105000,put,0.615077013043901,,,0.734455497514082,-1.6109148834949993,3.2843225934143248,0.00002544394132863464,-0.00002932684263862287,0,0,64871.4
2026-08-08 02:23:06,okx,BTC,BTC-USD-260828-110000-C,2026-08-28,110000,call,0.0002009970655251,,,0.8042296917433411,0.0034430395717666563,0.05066171376778286,0.00002565650570711183,-0.0000509822626845509,1336,0,64871.4
2026-08-08 02:23:06,okx,BTC,BTC-USD-260828-110000-P,2026-08-28,110000,put,0.691968815667904,,,0.8042296917433411,-1.6877731769980444,3.4330941469074054,0.00002565650570711183,-0.0000320296486571715,1,0,64871.4
2026-08-08 02:23:06,okx,BTC,BTC-USD-260808-63250-P,2026-08-08,63250,put,0.0000000000111369,,0.0002,0.18026497389188248,-0.00000001441926768885884,0.000018080848440963956,0.000000000020861571338152958,-0.00000000018803053063078933,5208,11656,64871.4
2026-08-08 02:23:06,okx,BTC,BTC-USD-260809-63250-P,2026-08-09,63250,put,0.0000007498897604,,0.0001,0.12902422395748184,-0.0003855460436745069,0.1865963403832273,0.0000008105798967504606,-0.0000042376430165903405,2139,2375,64871.4
2026-08-08 02:23:06,okx,BTC,BTC-USD-260808-63250-C,2026-08-08,63250,call,0.024996349660362,0.0065,,0.18026497389188248,0.9750036359315073,-1.949989219853109,0.000000000020861571338152958,-0.00000000018803053063078933,0,0,64871.4
2026-08-08 02:23:06,okx,BTC,BTC-USD-260809-63250-C,2026-08-09,63250,call,0.0248908735435929,0.006,,0.12902422395748184,0.9747243303024931,-1.7636234123091077,0.0000008105798967504606,-0.0000042376430165903405,0,0,64871.4
2026-08-08 02:23:06,okx,BTC,BTC-USD-260810-63750-P,2026-08-10,63750,put,0.0007210010765796,0.0007,0.0008,0.18017949950519235,-0.10682368746663919,13.211160908512463,0.0001433357782625008,-0.0005780270548746269,1526,2119,64871.4
2026-08-08 02:23:06,okx,BTC,BTC-USD-260810-63750-C,2026-08-10,63750,call,0.0180549227058478,0.017,,0.18017949950519235,0.8758423909040924,11.245828751770999,0.0001433357782625008,-0.0005780270548746269,0,0,64871.4
2026-08-08 02:23:06,okx,BTC,BTC-USD-260925-64000-P,2026-09-25,64000,put,0.0407902501288962,0.0405,0.041,0.3456169463101,-0.4561640338592507,4.015916289543693,0.0014174882767928195,-0.0005078451251093268,18429,102,64871.4
2026-08-08 02:23:06,okx,BTC,BTC-USD-260925-64000-C,2026-09-25,64000,call,0.0595752201243759,0.059,0.06,0.3456169463101,0.525052500495912,2.0534832208333675,0.0014174882767928195,-0.0005078451251093268,5415,500,64871.4
2026-08-08 02:23:06,okx,BTC,BTC-USD-260828-63000-P,2026-08-28,63000,put,0.0159793267476517,0.0155,0.016,0.31181651382106906,-0.33725682856223477,5.552029498943178,0.0008431144496718962,-0.0006492041247870529,4155,1740,64871.4
2026-08-08 02:23:06,okx,BTC,BTC-USD-260828-63000-C,2026-08-28,63000,call,0.0468209631758504,0.046,0.048,0.31181651382106906,0.6313488227459297,3.6148181963268495,0.0008431144496718962,-0.000648359189279212,2374,10,64871.4
2026-08-08 02:23:06,okx,BTC,BTC-USD-260925-72000-P,2026-09-25,72000,put,0.1172419872905768,0.116,0.1185,0.31939652538895846,-0.9033725300477972,4.315600244272164,0.0010589272711725986,-0.00035060096235491615,2050,0,64871.4
2026-08-08 02:23:06,okx,BTC,BTC-USD-260925-72000-C,2026-09-25,72000,call,0.0133750785354917,0.0135,0.014,0.31939652538895846,0.2004960711017609,2.1078630419730477,0.0010589272711725986,-0.00035060096235491615,13590,1146,64871.4
2026-08-08 02:23:06,okx,BTC,BTC-USD-260811-61500-P,2026-08-11,61500,put,0.0000744649811154,0.0001,0.0002,0.24386377914553597,-0.009626606925375229,1.1347769917341286,0.00002410306934272181,-0.00009087628543368435,19,19,64871.4
2026-08-08 02:23:06,okx,BTC,BTC-USD-260925-66000-P,2026-09-25,66000,put,0.0550225503738878,0.0545,0.0555,0.3350898965083097,-0.5693991908647075,4.411726522285111,0.0014492995441232463,-0.0005034267314692147,2502,210,64871.4
2026-08-08 02:23:06,okx,BTC,BTC-USD-260810-63250-P,2026-08-10,63250,put,0.0002641437879294,0.0002,0.0004,0.1899596438868042,-0.043539727638663456,6.267396350501441,0.00007185567031733408,-0.000305499548762858,551,551,64871.4
2026-08-08 02:23:06,okx,BTC,BTC-USD-260811-61500-C,2026-08-11,61500,call,0.0521974374696171,0.051,,0.24386377914553597,0.9382504205861231,-0.7609770632888678,0.00002410306934272181,-0.00009087628543368435,0,0,64871.4
2026-08-08 02:23:06,okx,BTC,BTC-USD-260810-63250-C,2026-08-10,63250,call,0.0253052503455957,0.0245,,0.1899596438868042,0.9314191658036703,4.317478563616773,0.00007185567031733408,-0.000305499548762858,0,0,64871.4
2026-08-08 02:23:06,okx,BTC,BTC-USD-260925-66000-C,2026-09-25,66000,call,0.0431445506817264,0.043,0.0435,0.3350898965083097,0.44248036018905396,2.387967420177588,0.0014492995441232463,-0.0005034267314692147,5342,521,64871.4
2026-08-08 02:23:06,okx,BTC,BTC-USD-260809-64250-C,2026-08-09,64250,call,0.0097203924710096,0.0085,0.011,0.11680792610411585,0.9102507221145677,20.0746784319798,0.0000864650668984539,-0.000409232653230652,480,133,64871.4
2026-08-08 02:23:06,okx,BTC,BTC-USD-260828-64000-C,2026-08-28,64000,call,0.0365972526462263,0.036,0.037,0.3027082287722172,0.5634952343809474,4.289176294942677,0.000908876735341245,-0.0006788544265642302,18345,53,64871.4
2026-08-08 02:23:06,okx,BTC,BTC-USD-260809-64250-P,2026-08-09,64250,put,0.0002470257554565,0.0002,0.0003,0.11680792610411585,-0.0802759111698792,22.055731698548694,0.0000864650668984539,-0.000409232653230652,596,544,64871.4
2026-08-08 02:23:06,okx,BTC,BTC-USD-260828-64000-P,2026-08-28,64000,put,0.0211302854739976,0.0205,0.021,0.3027082287722172,-0.4204851098051244,6.257136983314821,0.000908876735341245,-0.000679278137613875,18499,1099,64871.4
2026-08-08 02:23:06,okx,BTC,BTC-USD-260814-63500-C,2026-08-14,63500,call,0.0274007421706171,0.025,0.0285,0.2660874054725558,0.7166037207376331,7.819665517699062,0.0004205081021339947,-0.0008974336974789313,1861,10,64871.4
2026-08-08 02:23:06,okx,BTC,BTC-USD-260814-63500-P,2026-08-14,63500,put,0.0054468839617794,0.005,0.0055,0.2660874054725558,-0.2614424210535291,9.775757801281387,0.0004205081021339947,-0.0008974336974789313,5120,4584,64871.4
2026-08-08 02:23:06,okx,BTC,BTC-USD-260809-63750-C,2026-08-09,63750,call,0.0172036283645233,0.016,0.0185,0.1259881040959891,0.9738904080700432,1.3398707507080285,0.000014003454207270116,-0.00007148616520908971,409,0,64871.4
2026-08-08 02:23:06,okx,BTC,BTC-USD-260809-63750-P,2026-08-09,63750,put,0.0000218831798305,0.0001,0.0002,0.1259881040959891,-0.008927846745263967,3.305507260338643,0.000014003454207270116,-0.00007148616520908971,1943,2016,64871.4
2026-08-08 02:23:06,okx,BTC,BTC-USD-260925-78000-P,2026-09-25,78000,put,0.199506299327858,0.198,0.2035,0.32474948573970863,-1.1268228984934667,3.424336631089494,0.0005024016327554712,-0.00016912830548018506,5737,10,64871.4
2026-08-08 02:23:06,okx,BTC,BTC-USD-260925-55000-C,2026-09-25,55000,call,0.1660156233391412,0.165,0.1665,0.4194373862728327,0.717851226202663,-0.1537791487544971,0.0007105416382351952,-0.00030893951103720934,1259,0,64871.4
2026-08-08 02:23:06,okx,BTC,BTC-USD-260925-78000-C,2026-09-25,78000,call,0.0036504815098491,0.004,0.0041,0.32474948573970863,0.06903475275188771,1.0326213285987846,0.0005024016327554712,-0.00016912830548018506,7725,40,64871.4
2026-08-08 02:23:06,okx,BTC,BTC-USD-260925-55000-P,2026-09-25,55000,put,0.0092472897492757,0.0085,0.009,0.4194373862728327,-0.12538173300880498,1.5326867696684388,0.0007105416382351952,-0.00030893951103720934,53256,619,64871.4
2026-08-08 02:23:06,okx,BTC,BTC-USD-270625-25000-P,2027-06-25,25000,put,0.0078087753229424,0.0065,0.0085,0.6515681145650797,-0.03436164336916437,0.16930523232223033,0.0005767777348153362,-0.0000584947399034529,59,0,64871.4
2026-08-08 02:23:06,okx,BTC,BTC-USD-270625-25000-C,2027-06-25,25000,call,0.6381950326685129,0.633,0.6405,0.6515681145650797,0.3352422547819133,-0.5699025639799249,0.0005767777348153362,-0.0000584947399034529,0,0,64871.4
2026-08-08 02:23:06,okx,BTC,BTC-USD-270625-30000-P,2027-06-25,30000,put,0.0123825038960557,0.0115,0.0135,0.6031020271710704,-0.05510454329886846,0.27089409422928207,0.0008528934471616802,-0.00008006340750360043,489,0,64871.4
2026-08-08 02:23:06,okx,BTC,BTC-USD-270625-30000-C,2027-06-25,30000,call,0.5688460127107402,0.5635,0.5715,0.6031020271710704,0.38842013448242474,-0.6161552613333043,0.0008528934471616802,-0.00008006340750360043,0,0,64871.4
2026-08-08 02:23:06,okx,BTC,BTC-USD-260925-68000-C,2026-09-25,68000,call,0.0300907176613315,0.0305,0.031,0.3271406261813294,0.35548460456229913,2.5047151332853153,0.0013901710612660172,-0.0004714324878826639,14262,1613,64871.4
2026-08-08 02:23:06,okx,BTC,BTC-USD-260925-68000-P,2026-09-25,68000,put,0.0726316870411343,0.0725,0.0735,0.3271406261813294,-0.6870579631900613,4.589800268790036,0.0013901710612660172,-0.0004714324878826639,11230,2,64871.4
2026-08-08 02:23:06,okx,BTC,BTC-USD-270625-45000-P,2027-06-25,45000,put,0.0392629557305835,0.0375,0.04,0.49625429540629357,-0.1731340311207375,0.8100148910791602,0.0020254142607736285,-0.00015644678623115716,1023,188,64871.4
2026-08-08 02:23:06,okx,BTC,BTC-USD-270625-45000-C,2027-06-25,45000,call,0.37395821895261,,,0.49625429540629357,0.49215298555120235,-0.5205591422647193,0.0020254142607736285,-0.00015644678623115716,0,0,64871.4
2026-08-08 02:23:06,okx,BTC,BTC-USD-270625-50000-P,2027-06-25,50000,put,0.0553744007905065,0.0535,0.0565,0.4722928435289062,-0.23846232362458553,1.0755566040827471,0.002488283695014778,-0.00018291939761647726,1081,50,64871.4
2026-08-08 02:23:06,okx,BTC,BTC-USD-270625-50000-C,2027-06-25,50000,call,0.3161469154816473,0.304,0.328,0.4722928435289062,0.5007454726775697,-0.40285898852156365,0.002488283695014778,-0.00018291939761647726,307,0,64871.4
2026-08-08 02:23:06,okx,BTC,BTC-USD-270625-35000-P,2027-06-25,35000,put,0.018664621676855,0.0175,0.02,0.5611647999015117,-0.08357128273408244,0.4077628110462809,0.0011883687387216505,-0.00010379827683583728,2117,0,64871.4
2026-08-08 02:23:06,okx,BTC,BTC-USD-270625-35000-C,2027-06-25,35000,call,0.5012053819606536,0.495,0.504,0.5611647999015117,0.4338741746774262,-0.6271281037767364,0.0011883687387216505,-0.00010379827683583728,0,0,64871.4
2026-08-08 02:23:06,okx,BTC,BTC-USD-270625-40000-P,2027-06-25,40000,put,0.0273404965601976,0.026,0.0285,0.5256854355286521,-0.12211736042733176,0.5864158253355793,0.001583108206737931,-0.0001295343794269488,3975,0,64871.4
2026-08-08 02:23:06,okx,BTC,BTC-USD-270625-40000-C,2027-06-25,40000,call,0.4359585083131101,,,0.5256854355286521,0.46924887661439246,-0.5963166487478692,0.001583108206737931,-0.0001295343794269488,9,0,64871.4
2026-08-08 02:23:06,okx,BTC,BTC-USD-270625-65000-P,2027-06-25,65000,put,0.1368944279770198,0.1215,0.1405,0.42685818021586946,-0.5190661480924146,1.9906331711094756,0.0035783072103922325,-0.00023774409337540058,434,0,64871.4
2026-08-08 02:23:06,okx,BTC,BTC-USD-270625-65000-C,2027-06-25,65000,call,0.1758986970755027,0.1705,0.179,0.42685818021586946,0.4419039871003873,0.0686929007238719,0.0035783072103922325,-0.00023774409337540058,4237,0,64871.4
2026-08-08 02:23:06,okx,BTC,BTC-USD-270625-70000-P,2027-06-25,70000,put,0.1764566290243539,0.1685,0.1925,0.41853895226593724,-0.6330094979380166,2.2760415126713536,0.003720450839281375,-0.00024237061057061243,301,0,64871.4
2026-08-08 02:23:06,okx,BTC,BTC-USD-270625-70000-C,2027-06-25,70000,call,0.141538149591951,0.1375,0.145,0.41853895226593724,0.4018814168850008,0.20625968302531833,0.003720450839281375,-0.00024237061057061243,337,0,64871.4
2026-08-08 02:23:06,okx,BTC,BTC-USD-270625-55000-P,2027-06-25,55000,put,0.0765835648476665,0.075,0.0785,0.45316000707119053,-0.3187685580242476,1.3724674744120304,0.002931071374908944,-0.0002067409334646203,1533,27,64871.4
2026-08-08 02:23:06,okx,BTC,BTC-USD-270625-55000-C,2027-06-25,55000,call,0.2634333310079211,0.2545,0.277,0.45316000707119053,0.49436001790812334,-0.25378967745271125,0.002931071374908944,-0.0002067409334646203,10,0,64871.4
2026-08-08 02:23:06,okx,BTC,BTC-USD-270625-60000-P,2027-06-25,60000,put,0.1036177525300485,0.1025,0.1065,0.43821600199489014,-0.4131317185394957,1.6838927946676316,0.0033076268066631292,-0.00022560734731486172,3168,0,64871.4
2026-08-08 02:23:06,okx,BTC,BTC-USD-270625-60000-C,2027-06-25,60000,call,0.2165447701594173,0.2085,0.2265,0.43821600199489014,0.47391763702309064,-0.09020591645754114,0.0033076268066631292,-0.00022560734731486172,11,0,64871.4
2026-08-08 02:23:06,okx,BTC,BTC-USD-270625-85000-P,2027-06-25,85000,put,0.3283092010856725,,,0.40672541851916394,-0.9865893155814892,2.9352487070739284,0.0034437899402220656,-0.0002180150483762623,1,0,64871.4
2026-08-08 02:23:06,okx,BTC,BTC-USD-270625-85000-C,2027-06-25,85000,call,0.0716224760606117,0.07,0.074,0.40672541851916394,0.2700639381321748,0.42194219964659985,0.0034437899402220656,-0.0002180150483762623,235,41,64871.4
2026-08-08 02:23:06,okx,BTC,BTC-USD-270625-90000-P,2027-06-25,90000,put,0.3876240684709832,,,0.4058292951485413,-1.0997597647685984,3.095396938716454,0.0031997836199029843,-0.000202121498063693,2,0,64871.4
2026-08-08 02:23:06,okx,BTC,BTC-USD-270625-90000-C,2027-06-25,90000,call,0.0570145949150363,0.0555,0.059,0.4058292951485413,0.23081426857528115,0.434248872028695,0.0031997836199029843,-0.000202121498063693,2566,52,64871.4
2026-08-08 02:23:06,okx,BTC,BTC-USD-270625-75000-P,2027-06-25,75000,put,0.2219847803083749,0.207,0.2435,0.41275489623714817,-0.7510749622173541,2.529674035872418,0.003732612336281276,-0.00023980245482337385,0,0,64871.4
2026-08-08 02:23:06,okx,BTC,BTC-USD-270625-75000-C,2027-06-25,75000,call,0.113143552345086,0.1105,0.1165,0.41275489623714817,0.3577367322358789,0.3120506469659521,0.003732612336281276,-0.00023980245482337385,3047,2066,64871.4
2026-08-08 02:23:06,okx,BTC,BTC-USD-270625-80000-P,2027-06-25,80000,put,0.2728446212662082,0.262,0.2965,0.4089393010584479,-0.869802130546134,2.7485882304952183,0.0036313804267139485,-0.0002311421254958475,2,0,64871.4
2026-08-08 02:23:06,okx,BTC,BTC-USD-270625-80000-C,2027-06-25,80000,call,0.0900806447720333,0.088,0.092,0.4089393010584479,0.3129303435373145,0.3831232823283211,0.0036313804267139485,-0.0002311421254958475,3132,215,64871.4
2026-08-08 02:23:06,okx,BTC,BTC-USD-270625-110000-P,2027-06-25,110000,put,0.6503244452466888,,,0.4110709562202628,-1.507537622398181,3.599829928833268,0.0021155297365144502,-0.00013535815664045698,0,0,64871.4
2026-08-08 02:23:06,okx,BTC,BTC-USD-270625-110000-C,2027-06-25,110000,call,0.0240239775671983,0.0225,0.0255,0.4110709562202628,0.11871952946656075,0.34731562510378466,0.0021155297365144502,-0.00013535815664045698,410,50,64871.4
2026-08-08 02:23:06,okx,BTC,BTC-USD-270625-120000-P,2027-06-25,120000,put,0.7904166441135144,,1.2,0.41680822319864097,-1.6884251239965689,3.8319693590163566,0.0016695136828067689,-0.00010831154856290258,0,0,64871.4
2026-08-08 02:23:06,okx,BTC,BTC-USD-270625-120000-C,2027-06-25,120000,call,0.0162706793722522,0.015,0.0175,0.41680822319864097,0.08567358712860383,0.2837719367660111,0.0016695136828067689,-0.00010831154856290258,350,0,64871.4
2026-08-08 02:23:06,okx,BTC,BTC-USD-260828-59000-P,2026-08-28,59000,put,0.0049735043681291,0.0047,0.0048,0.3578517387794868,-0.12140544323826949,2.566511801999922,0.0004609693956858044,-0.00040749137790449085,7365,5811,64871.4
2026-08-08 02:23:06,okx,BTC,BTC-USD-270625-95000-P,2027-06-25,95000,put,0.4500702079603056,,,0.4060071078645507,-1.2084676818109301,3.235958993711837,0.0029265685450262447,-0.0001849442532138717,0,0,64871.4
2026-08-08 02:23:06,okx,BTC,BTC-USD-260828-59000-C,2026-08-28,59000,call,0.0973138178202066,,,0.3578517387794868,0.7857014365582655,0.7522980424068516,0.0004609693956858044,-0.0004049615445638652,0,0,64871.4
2026-08-08 02:23:06,okx,BTC,BTC-USD-270625-95000-C,2027-06-25,95000,call,0.0455379858734728,0.044,0.0475,0.4060071078645507,0.1960271311631651,0.4269693677636464,0.0029265685450262447,-0.0001849442532138717,1352,47,64871.4
2026-08-08 02:23:06,okx,BTC,BTC-USD-270625-100000-P,2027-06-25,100000,put,0.5150101659295481,,,0.4070516616385875,-1.3124978238743605,3.363504069713576,0.0026456574706813763,-0.00016762224454433083,0,0,64871.4
2026-08-08 02:23:06,okx,BTC,BTC-USD-270625-100000-C,2027-06-25,100000,call,0.0365551953118292,0.035,0.0385,0.4070516616385875,0.16591776872995004,0.40667288450495476,0.0026456574706813763,-0.00016762224454433083,1610,63,64871.4
2026-08-08 02:23:06,okx,BTC,BTC-USD-260821-57000-C,2026-08-21,57000,call,0.1233306720946154,0.005,,0.3734043077046725,0.8458295619883323,-0.7221483762026741,0.00013125927153810485,-0.00018179866020916636,0,0,64871.4
2026-08-08 02:23:06,okx,BTC,BTC-USD-260925-105000-C,2026-09-25,105000,call,0.0002358030062567,0.0001,0.0005,0.484959642598225,0.0042576393190466525,0.06605241856614122,0.000047787760940942556,-0.000024023654031757863,6452,20,64871.4
2026-08-08 02:23:06,okx,BTC,BTC-USD-260821-56000-P,2026-08-21,56000,put,0.0006035503804949,0.0006,0.0007,0.39164525471354655,-0.021920320287881167,0.7290857947973723,0.00009730538602452451,-0.0001439656778652692,3167,1450,64871.4
2026-08-08 02:23:06,okx,BTC,BTC-USD-260821-58000-C,2026-08-21,58000,call,0.1083364485745983,0.005,0.125,0.3561577030359956,0.8471808836677152,-0.31883895634206394,0.00017762667104845358,-0.00023604933183326044,4,4,64871.4
2026-08-08 02:23:06,okx,BTC,BTC-USD-260821-57000-P,2026-08-21,57000,put,0.0008625894657577,0.0009,0.001,0.3734043077046725,-0.03133984618603634,1.0321904401460629,0.00013125927153810485,-0.00018515395010426696,2146,1795,64871.4
2026-08-08 02:23:06,okx,BTC,BTC-USD-260811-64750-P,2026-08-11,64750,put,0.006111340111728,0.006,0.0065,0.18876004406702804,-0.4570226348071239,23.19698239800475,0.00037267368140097353,-0.001087601281325662,532,1887,64871.4
2026-08-08 02:23:06,okx,BTC,BTC-USD-270625-130000-P,2027-06-25,130000,put,0.9333566526803778,,,0.4235219407454171,-1.8591632758170422,4.071447939070723,0.001316220249599443,-0.00008676668114757774,0,0,64871.4
2026-08-08 02:23:06,okx,BTC,BTC-USD-270625-130000-C,2027-06-25,130000,call,0.0113651908773437,0.01,0.0125,0.4235219407454171,0.06277699456856163,0.22756739829951583,0.001316220249599443,-0.00008676668114757774,469,0,64871.4
2026-08-08 02:23:06,okx,BTC,BTC-USD-260821-56000-C,2026-08-21,56000,call,0.1384605700241467,0.005,,0.39164525471354655,0.8398601509009723,-0.9944751475803345,0.00009730538602452451,-0.00014018877326245284,0,0,64871.4
2026-08-08 02:23:06,okx,BTC,BTC-USD-270625-140000-P,2027-06-25,140000,put,1.0780094643620426,,,0.4307116970368524,-2.0229555438277678,4.321179253775392,0.0010434491449636347,-0.00006995301823909972,0,0,64871.4
2026-08-08 02:23:06,okx,BTC,BTC-USD-260811-64750-C,2026-08-11,64750,call,0.0081432501707604,0.0075,0.0085,0.18876004406702804,0.5409454551338437,21.201046218122816,0.00037267368140097353,-0.001087601281325662,10,10,64871.4
2026-08-08 02:23:06,okx,BTC,BTC-USD-260925-105000-P,2026-09-25,105000,put,0.6100417116074228,0.6075,0.6125,0.484959642598225,-1.605550737357392,3.2856691719190185,0.000047787760940942556,-0.000024023654031757863,488,0,64871.4
2026-08-08 02:23:06,okx,BTC,BTC-USD-270625-140000-C,2027-06-25,140000,call,0.0081725054972365,0.007,0.009,0.4307116970368524,0.04682628581826708,0.18161559448332262,0.0010434491449636347,-0.00006995301823909972,448,0,64871.4
2026-08-08 02:23:06,okx,BTC,BTC-USD-260821-60500-C,2026-08-21,60500,call,0.0720521457401444,0.0655,,0.3177824416450123,0.813577203923727,1.560556456484543,0.00036728810045168593,-0.000439002881310413,0,0,64871.4
2026-08-08 02:23:06,okx,BTC,BTC-USD-260821-60000-P,2026-08-21,60000,put,0.0028016486179242,0.0028,0.0029,0.32489284277185365,-0.0971270971869626,2.9117728869305877,0.00032011846238693564,-0.00039286661052481757,2103,879,64871.4
2026-08-08 02:23:06,okx,BTC,BTC-USD-260821-61000-C,2026-08-21,61000,call,0.0651536369418708,0.0635,0.0665,0.31096227305473567,0.7969831639704142,2.1187737152751978,0.00041860102000625197,-0.000490013334748262,446,0,64871.4
2026-08-08 02:23:06,okx,BTC,BTC-USD-260821-60500-P,2026-08-21,60500,put,0.0034453426630658,0.0034,0.0035,0.3177824416450123,-0.11745348369994509,3.422617831731887,0.00036728810045168593,-0.0004408825197285084,1918,1041,64871.4
2026-08-08 02:23:06,okx,BTC,BTC-USD-260821-59000-C,2026-08-21,59000,call,0.0935547283611639,0.005,,0.33997026398378277,0.8416646811855152,0.2615418295495366,0.00023973410055969893,-0.00030536532622591395,0,0,64871.4
2026-08-08 02:23:06,okx,BTC,BTC-USD-260821-58000-P,2026-08-21,58000,put,0.0012573029605346,0.0013,0.0014,0.3561577030359956,-0.045377461492168744,1.466277733977704,0.00017762667104845358,-0.0002389830070206452,4756,413,64871.4
2026-08-08 02:23:06,okx,BTC,BTC-USD-260821-60000-C,2026-08-21,60000,call,0.0791029202023998,0.0725,,0.32489284277185365,0.8262091219439518,1.065100448668759,0.00032011846238693564,-0.00039077616475286425,0,0,64871.4
2026-08-08 02:23:06,okx,BTC,BTC-USD-260821-59000-P,2026-08-21,59000,put,0.0018645197618943,0.0019,0.002,0.33997026398378277,-0.06628260095988397,2.077436393840335,0.00023973410055969893,-0.00030787738670558294,3715,197,64871.4
2026-08-08 02:23:06,okx,BTC,BTC-USD-260821-62500-C,2026-08-21,62500,call,0.0457140303289602,0.044,0.0475,0.29226363277599443,0.7185614709930845,4.088600881682389,0.0005855473113463953,-0.0006453180314749896,398,0,64871.4
2026-08-08 02:23:06,okx,BTC,BTC-USD-260821-62000-P,2026-08-21,62000,put,0.006422857803753,0.006,0.0065,0.29820163899914365,-0.20422422481642735,5.305492583710774,0.0005294708830624413,-0.0005963525417148499,2947,994,64871.4
2026-08-08 02:23:06,okx,BTC,BTC-USD-260821-63000-C,2026-08-21,63000,call,0.039785773925729,0.0375,0.0415,0.2866208276047223,0.6817315560229652,4.783124889484404,0.0006387631993893364,-0.0006906242404437644,1509,0,64871.4
2026-08-08 02:23:06,okx,BTC,BTC-USD-260821-62500-P,2026-08-21,62500,put,0.0078851012814698,0.0075,0.008,0.29226363277599443,-0.24324709060161798,6.0122180048717935,0.0005855473113463953,-0.0006463544404776533,2254,829,64871.4
2026-08-08 02:23:06,okx,BTC,BTC-USD-260821-61500-C,2026-08-21,61500,call,0.0584395270979134,0.005,,0.3044347950605153,0.7759097328089928,2.7346647669753255,0.00047314423921332796,-0.0005426094483189598,0,0,64871.4
2026-08-08 02:23:06,okx,BTC,BTC-USD-260821-61000-P,2026-08-21,61000,put,0.0042413023721893,0.0042,0.0043,0.31096227305473567,-0.14174199214601532,3.996224027508057,0.00041860102000625197,-0.0004916821658124995,5078,239,64871.4
2026-08-08 02:23:06,okx,BTC,BTC-USD-260821-62000-C,2026-08-21,62000,call,0.0519462553586405,0.0495,0.0535,0.29820163899914365,0.7498898682855175,3.397264397506884,0.0005294708830624413,-0.0005951053253583282,694,0,64871.4
2026-08-08 02:23:06,okx,BTC,BTC-USD-260821-61500-P,2026-08-21,61500,put,0.0052216610356289,0.005,0.0055,0.3044347950605153,-0.17050989180019463,4.627504016193701,0.00047314423921332796,-0.0005440674720293393,1825,159,64871.4
2026-08-08 02:23:06,okx,BTC,BTC-USD-260821-64500-C,2026-08-21,64500,call,0.0242559885615471,0.024,0.0245,0.2714531249801211,0.5401980346173776,6.533449948312546,0.0007493711565393643,-0.0007678833084250485,1648,813,64871.4
2026-08-08 02:23:06,okx,BTC,BTC-USD-260821-64000-P,2026-08-21,64000,put,0.0142703982453956,0.014,0.0145,0.2762173234487177,-0.39285294143559696,8.014902753023355,0.0007240007273191916,-0.000755169124059223,1601,177,64871.4
2026-08-08 02:23:06,okx,BTC,BTC-USD-260821-65000-C,2026-08-21,65000,call,0.0199575676189899,0.02,0.0205,0.2669772002598249,0.4849500400593619,6.874216637333018,0.0007593049996804321,-0.0007653487399174578,1412,89,64871.4
2026-08-08 02:23:06,okx,BTC,BTC-USD-260821-64500-P,2026-08-21,64500,put,0.0172049335436447,0.017,0.0175,0.2714531249801211,-0.4523884009483553,8.51862281944401,0.0007493711565393643,-0.0007680764880122808,987,883,64871.4
2026-08-08 02:23:06,okx,BTC,BTC-USD-260821-63500-C,2026-08-21,63500,call,0.0342054712818502,0.0335,0.035,0.2812725278286288,0.6394437041488785,5.448074861644931,0.0006860319560430509,-0.0007281018596729958,1797,0,64871.4
2026-08-08 02:23:06,okx,BTC,BTC-USD-260925-50000-P,2026-09-25,50000,put,0.0043309668032451,0.0041,0.0042,0.4824858452872601,-0.05876871130596511,0.7466447366617855,0.0004011157022211751,-0.0002006185207245237,42628,416,64871.4
2026-08-08 02:23:06,okx,BTC,BTC-USD-260821-63000-P,2026-08-21,63000,put,0.0096513133856355,0.0095,0.01,0.2866208276047223,-0.28777147406449494,6.7221309496593245,0.0006387631993893364,-0.0006914498420925704,4102,1291,64871.4
2026-08-08 02:23:06,okx,BTC,BTC-USD-260925-50000-C,2026-09-25,50000,call,0.2377567246122137,0.2365,0.239,0.4824858452872601,0.7078067061590058,-0.7865060982681562,0.0004011157022211751,-0.0002006185207245237,857,0,64871.4
2026-08-08 02:23:06,okx,BTC,BTC-USD-260821-64000-C,2026-08-21,64000,call,0.029015921770695,0.0285,0.0295,0.2762173234487177,0.5920390256373785,6.0451188188774045,0.0007240007273191916,-0.0007547651371181329,982,150,64871.4
2026-08-08 02:23:06,okx,BTC,BTC-USD-260821-63500-P,2026-08-21,63500,put,0.0117654792491537,0.0115,0.012,0.2812725278286288,-0.3377537944313393,7.4024698588053655,0.0006860319560430509,-0.0007287166539679437,2014,465,64871.4
2026-08-08 02:23:06,okx,BTC,BTC-USD-260821-66500-C,2026-08-21,66500,call,0.0101471855351627,0.01,0.0105,0.25757988122204295,0.31473697646639176,6.70606637295291,0.0006850812562810952,-0.0006664260870674356,1521,112,64871.4
2026-08-08 02:23:06,okx,BTC,BTC-USD-260925-70000-P,2026-09-25,70000,put,0.0935194948572275,0.0935,0.095,0.3219893611206082,-0.8006657454397558,4.539152011670131,0.0012500492805888564,-0.00041723952310713375,50334,152,64871.4
2026-08-08 02:23:06,okx,BTC,BTC-USD-260821-66000-P,2026-08-21,66000,put,0.0289269550006027,0.0285,0.0295,0.25989395396102544,-0.6453824970394533,9.002155331235391,0.0007266527162310124,-0.0007127209475997568,3,0,64871.4
2026-08-08 02:23:06,okx,BTC,BTC-USD-260925-70000-C,2026-09-25,70000,call,0.0203155557897835,0.0205,0.021,0.3219893611206082,0.2725398390112033,2.392740842768213,0.0012500492805888564,-0.00041723952310713375,36439,783,64871.4
2026-08-08 02:23:06,okx,BTC,BTC-USD-260821-67000-C,2026-08-21,67000,call,0.0078860531612598,0.0075,0.008,0.2560595374862861,0.2628231870872119,6.263471597645653,0.000630307318809018,-0.0006095628590194004,7202,3520,64871.4
2026-08-08 02:23:06,okx,BTC,BTC-USD-260925-60000-P,2026-09-25,60000,put,0.0213185218596299,0.0205,0.021,0.3727260064195747,-0.2683016582900979,2.8667967907421006,0.0011477360682482238,-0.00044345393130859747,32893,806,64871.4
2026-08-08 02:23:06,okx,BTC,BTC-USD-260821-66500-P,2026-08-21,66500,put,0.0338740045468483,0.005,,0.25757988122204295,-0.7086273330703715,8.752794992026436,0.0006850812562810952,-0.0006657760372392364,4,2,64871.4
2026-08-08 02:23:06,okx,BTC,BTC-USD-260925-60000-C,2026-09-25,60000,call,0.1014294312303922,0.1,0.1015,0.3727260064195747,0.6515888426678671,1.0270157888261704,0.0011477360682482238,-0.00044345393130859747,6466,0,64871.4
2026-08-08 02:23:06,okx,BTC,BTC-USD-260821-65500-C,2026-08-21,65500,call,0.0161602575983005,0.016,0.0165,0.26302083664115977,0.4276887737534761,7.028828275913508,0.0007518758682377313,-0.0007467203230669455,1933,2501,64871.4
2026-08-08 02:23:06,okx,BTC,BTC-USD-260925-90000-P,2026-09-25,90000,put,0.380349646382656,0.3785,0.3825,0.37767374304649515,-1.3689422632145445,2.955633288749652,0.00010867579846129246,-0.0000425467523762015,2821,0,64871.4
2026-08-08 02:23:06,okx,BTC,BTC-USD-260821-65000-P,2026-08-21,65000,put,0.0206009811084845,0.0205,0.021,0.2669772002598249,-0.5153308639991288,8.87477844545,0.0007593049996804321,-0.0007653311121508321,1288,1306,64871.4
2026-08-08 02:23:06,okx,BTC,BTC-USD-260925-90000-C,2026-09-25,90000,call,0.0005160104387995,0.0006,0.0009,0.37767374304649515,0.010893488222402957,0.19596178587575724,0.00010867579846129246,-0.0000425467523762015,27146,0,64871.4
2026-08-08 02:23:06,okx,BTC,BTC-USD-260821-66000-C,2026-08-21,66000,call,0.0128946044963141,0.0125,0.013,0.25989395396102544,0.3702873440045527,6.970815649147379,0.0007266527162310124,-0.0007131601900740981,3608,1551,64871.4
2026-08-08 02:23:06,okx,BTC,BTC-USD-260925-80000-P,2026-09-25,80000,put,0.2289419084245306,0.2285,0.233,0.3302337167683861,-1.1785264822242894,3.2218899108059342,0.00037741225601895656,-0.00012919752535228254,8119,0,64871.4
2026-08-08 02:23:06,okx,BTC,BTC-USD-260821-65500-P,2026-08-21,65500,put,0.0244981395951922,0.0245,0.025,0.26302083664115977,-0.5802865987977721,9.044779021016002,0.0007518758682377313,-0.000746491887946462,2089,2069,64871.4
2026-08-08 02:23:06,okx,BTC,BTC-USD-260925-80000-C,2026-09-25,80000,call,0.0024231209188805,0.0028,0.0029,0.3302337167683861,0.04799418571966391,0.7688485749180277,0.00037741225601895656,-0.00012919752535228254,16102,221,64871.4
2026-08-08 02:23:06,okx,BTC,BTC-USD-260821-69000-C,2026-08-21,69000,call,0.0026582210592872,0.0024,0.0025,0.25752205457703853,0.11111797924679881,3.70569942995373,0.00036675564062237787,-0.0003567645399732053,8493,8165,64871.4
2026-08-08 02:23:06,okx,BTC,BTC-USD-260925-110000-P,2026-09-25,110000,put,0.6866932003456652,0.684,0.69,0.5248265967109642,-1.682599023378754,3.428637201164709,0.000043998064631568985,-0.00002393680558952002,1292,0,64871.4
2026-08-08 02:23:06,okx,BTC,BTC-USD-260821-68000-P,2026-08-21,68000,put,0.0514362061729731,0.005,,0.25532192381665386,-0.8715696121936112,7.1303695704760495,0.0004987141510110709,-0.0004796725546978763,3,0,64871.4
2026-08-08 02:23:06,okx,BTC,BTC-USD-260925-110000-C,2026-09-25,110000,call,0.0002298675253962,0.0001,0.0004,0.5248265967109642,0.0038668950441817945,0.05570536431883683,0.000043998064631568985,-0.00002393680558952002,10249,0,64871.4
2026-08-08 02:23:06,okx,BTC,BTC-USD-260821-70000-C,2026-08-21,70000,call,0.0015352750611219,0.0014,0.0015,0.2624974669675536,0.06914701169772013,2.567850049474636,0.00025755742190537923,-0.00025539168988974835,2822,645,64871.4
2026-08-08 02:23:06,okx,BTC,BTC-USD-260925-100000-P,2026-09-25,100000,put,0.5334123269409494,0.528,0.536,0.4464307426905394,-1.5280593026172673,3.1508324849322626,0.000055876355610773486,-0.000025858239287775415,2750,0,64871.4
2026-08-08 02:23:06,okx,BTC,BTC-USD-260821-69000-P,2026-08-21,69000,put,0.0648573826079581,0.005,,0.25752205457703853,-0.9507186727537528,5.829372733954834,0.00036675564062237787,-0.00035506045337571656,3,0,64871.4
2026-08-08 02:23:06,okx,BTC,BTC-USD-260925-100000-C,2026-09-25,100000,call,0.0002638425588867,0.0003,0.0005,0.4464307426905394,0.005091532312674456,0.08453081507237939,0.000055876355610773486,-0.000025858239287775415,25936,0,64871.4
2026-08-08 02:23:06,okx,BTC,BTC-USD-260821-67500-C,2026-08-21,67500,call,0.0060644492391226,0.0055,0.006,0.255313473054836,0.21592122158582222,5.689155216858396,0.0005666227203921166,-0.0005464051399768866,6775,6825,64871.4
2026-08-08 02:23:06,okx,BTC,BTC-USD-260925-130000-P,2026-09-25,130000,put,0.9933859561420587,0.99,0.999,0.6847224683925017,-1.9893209355158374,4.026961916424286,0.00004372222598599975,-0.00003103370497119192,13,0,64871.4
2026-08-08 02:23:06,okx,BTC,BTC-USD-260821-67000-P,2026-08-21,67000,put,0.0393073406803426,0.005,,0.2560595374862861,-0.7682355909423092,8.325589153704694,0.000630307318809018,-0.0006087020018373432,4,0,64871.4
2026-08-08 02:23:06,okx,BTC,BTC-USD-260925-130000-C,2026-09-25,130000,call,0.0002929264453771,,0.0003,0.6847224683925017,0.003775149893086756,0.04076974560643746,0.00004372222598599975,-0.00003103370497119192,6713,0,64871.4
2026-08-08 02:23:06,okx,BTC,BTC-USD-260821-68000-C,2026-08-21,68000,call,0.0046259816390963,0.0044,0.0045,0.25532192381665386,0.17487810282142519,5.037474140445978,0.0004987141510110709,-0.0004809550265876493,6383,1795,64871.4
2026-08-08 02:23:06,okx,BTC,BTC-USD-260925-120000-P,2026-09-25,120000,put,0.840029010328122,0.8365,0.843,0.6056586520114664,-1.8361119767572007,3.7250660149076213,0.00004229295487507145,-0.000026552947579483347,505,0,64871.4
2026-08-08 02:23:06,okx,BTC,BTC-USD-260821-67500-P,2026-08-21,67500,put,0.0451802052656023,0.005,,0.255313473054836,-0.8228320249364565,7.766661709902953,0.0005666227203921166,-0.0005453334754409714,3,0,64871.4
2026-08-08 02:23:06,okx,BTC,BTC-USD-260925-120000-C,2026-09-25,120000,call,0.0002508290696468,,0.0004,0.6056586520114664,0.0036690251587293606,0.0455040110757613,0.00004229295487507145,-0.000026552947579483347,9258,0,64871.4
2026-08-08 02:23:06,okx,BTC,BTC-USD-260821-73000-C,2026-08-21,73000,call,0.0003857113678427,0.0004,0.0005,0.2924303929575769,0.018916180530619605,0.8058162038128464,0.00008945036517414044,-0.00009881827823789854,3175,382,64871.4
2026-08-08 02:23:06,okx,BTC,BTC-USD-260828-42000-P,2026-08-28,42000,put,0.0001029935632233,,0.0003,0.6676905783992763,-0.002238972363384814,0.04728653450034604,0.000015845096974760482,-0.000026140366574035165,7149,0,64871.4
2026-08-08 02:23:06,okx,BTC,BTC-USD-260925-150000-P,2026-09-25,150000,put,1.3001147742703516,,,0.8295884318116824,-2.2956004232614293,4.635003133511336,0.000048019742379436085,-0.00004129517364683825,0,0,64871.4
2026-08-08 02:23:06,okx,BTC,BTC-USD-260821-72000-P,2026-08-21,72000,put,0.1089401722400993,0.1075,0.111,0.2801161720424734,-1.0800646656381874,3.3829853435268786,0.00012419712537077668,-0.00012845572314931268,324,320,64871.4
2026-08-08 02:23:06,okx,BTC,BTC-USD-260828-42000-C,2026-08-28,42000,call,0.3538126843667864,0.353,0.3555,0.6676905783992763,0.6434981285087248,-1.2441876672438732,0.000015845096974760482,-0.000016449717444074555,72,0,64871.4
2026-08-08 02:23:06,okx,BTC,BTC-USD-260925-150000-C,2026-09-25,150000,call,0.0003920476972578,,0.0024,0.8295884318116824,0.00412582913348325,0.0355506287215116,0.000048019742379436085,-0.00004129517364683825,8695,0,64871.4
2026-08-08 02:23:06,okx,BTC,BTC-USD-260821-74000-C,2026-08-21,74000,call,0.0002792716487934,0.0004,0.0005,0.3068640703348854,0.013579464672466752,0.5782440019289686,0.0000673579092922716,-0.00007808564188439935,490,0,64871.4
2026-08-08 02:23:06,okx,BTC,BTC-USD-260828-44000-P,2026-08-28,44000,put,0.0001597692935606,,0.0003,0.6293962607712286,-0.003544436767165259,0.07590459760793858,0.000024010465194699116,-0.0000373389606785456,6087,40,64871.4
2026-08-08 02:23:06,okx,BTC,BTC-USD-260925-140000-P,2026-09-25,140000,put,1.1467505717459394,1.14,1.153,0.7597320560144165,-2.1424530996675357,4.330677132479198,0.00004595265091390672,-0.000036189935144709094,27,0,64871.4
2026-08-08 02:23:06,okx,BTC,BTC-USD-260821-73000-P,2026-08-21,73000,put,0.1241406209756897,0.005,,0.2924303929575769,-1.1044762194119928,3.0526010036980713,0.00008945036517414044,-0.00009542773280954667,7,0,64871.4
2026-08-08 02:23:06,okx,BTC,BTC-USD-260828-44000-C,2026-08-28,44000,call,0.3231201215851843,,,0.6293962607712286,0.6729420498607591,-1.2770683756479104,0.000024010465194699116,-0.000028490760464977343,0,0,64871.4
2026-08-08 02:23:06,okx,BTC,BTC-USD-260925-140000-C,2026-09-25,140000,call,0.0003426936110514,,0.0003,0.7597320560144165,0.003958069234382575,0.03785479467536142,0.00004595265091390672,-0.000036189935144709094,5197,0,64871.4
2026-08-08 02:23:06,okx,BTC,BTC-USD-260821-71000-C,2026-08-21,71000,call,0.0009145356676327,0.0008,0.0009,0.27008380167165347,0.04329494665132908,1.7302633732897648,0.00017791658341498185,-0.00018152402950708869,2123,1965,64871.4
2026-08-08 02:23:06,okx,BTC,BTC-USD-260925-170000-P,2026-09-25,170000,put,1.606823102734173,,,0.9527063287840789,-2.6020679396407536,5.244090182656651,0.000050301735030361275,-0.00004967739326269345,0,0,64871.4
2026-08-08 02:23:06,okx,BTC,BTC-USD-260821-70000-P,2026-08-21,70000,put,0.0791233736245868,0.077,,0.2624974669675536,-1.0080785772883467,4.72230122744677,0.00025755742190537923,-0.00025326598858454384,5,0,64871.4
2026-08-08 02:23:06,okx,BTC,BTC-USD-260925-170000-C,2026-09-25,170000,call,0.000470679284666,,,0.9527063287840789,0.00428847974014731,0.03137734389484875,0.000050301735030361275,-0.00004967739326269345,2146,0,64871.4
2026-08-08 02:23:06,okx,BTC,BTC-USD-260821-72000-C,2026-08-21,72000,call,0.0005741996470465,0.0005,0.0006,0.2801161720424734,0.027938797318909983,1.166978417612684,0.00012419712537077668,-0.0001314246538699488,101,0,64871.4
2026-08-08 02:23:06,okx,BTC,BTC-USD-260925-160000-P,2026-09-25,160000,put,1.4534733086402603,,,0.8939047775938422,-2.4488013015224,4.939518954768978,0.00004951480652264644,-0.000045882083221508405,0,0,64871.4
2026-08-08 02:23:06,okx,BTC,BTC-USD-260821-71000-P,2026-08-21,71000,put,0.0938915712458917,0.087,,0.27008380167165347,-1.049319579320253,3.915492425232929,0.00017791658341498185,-0.00017897671349416839,9,0,64871.4
2026-08-08 02:23:06,okx,BTC,BTC-USD-260925-160000-C,2026-09-25,160000,call,0.0004357336289594,,0.0031,0.8939047775938422,0.004240034365506592,0.03343628299316449,0.00004951480652264644,-0.000045882083221508405,5535,0,64871.4
2026-08-08 02:23:06,okx,BTC,BTC-USD-260814-66500-C,2026-08-14,66500,call,0.0035904988027049,0.0037,0.0038,0.22781017845657164,0.21116899930405483,9.385505529526755,0.00038161031263310446,-0.0006972634696392127,4250,5090,64871.4
2026-08-08 02:23:06,okx,BTC,BTC-USD-260925-190000-P,2026-09-25,190000,put,1.9134923720459036,0.0001,,1.0548830407321943,-2.9087866880964146,5.8533260779219,0.000049839482941342314,-0.00005449976402262607,0,0,64871.4
2026-08-08 02:23:06,okx,BTC,BTC-USD-260814-66500-P,2026-08-14,66500,put,0.0278435449304573,0.027,0.03,0.22781017845657164,-0.8130840468236977,11.434011621782261,0.00038161031263310446,-0.0006972634696392127,80,80,64871.4
2026-08-08 02:23:06,okx,BTC,BTC-USD-260925-190000-C,2026-09-25,190000,call,0.0005102517199847,,,1.0548830407321943,0.004199898270474563,0.027352905188122275,0.000049839482941342314,-0.00005449976402262607,3219,0,64871.4
2026-08-08 02:23:06,okx,BTC,BTC-USD-261225-72000-P,2026-12-25,72000,put,0.1510245856284616,0.15,0.1525,0.38555888966419266,-0.7476904184876723,3.117767086567747,0.002386148079675889,-0.00032871481566416433,210,0,64871.4
2026-08-08 02:23:06,okx,BTC,BTC-USD-260925-180000-P,2026-09-25,180000,put,1.7601628161547298,,,1.0062443799453527,-2.7553990270904163,5.548689359611905,0.00005038524650849784,-0.0000525561615497422,0,0,64871.4
2026-08-08 02:23:06,okx,BTC,BTC-USD-260925-180000-C,2026-09-25,180000,call,0.0004955442670165,,,1.0062443799453527,0.00427247578347875,0.029346353864115104,0.00005038524650849784,-0.0000525561615497422,4385,0,64871.4
2026-08-08 02:23:06,okx,BTC,BTC-USD-260828-54000-P,2026-08-28,54000,put,0.0013058537373372,0.0012,0.0014,0.4357311773538548,-0.032775585941445244,0.7555050333789194,0.0001666584803181989,-0.00017941050059908475,10169,871,64871.4
2026-08-08 02:23:06,okx,BTC,BTC-USD-260925-220000-P,2026-09-25,220000,put,2.373429616928309,0.0001,,1.175504690335867,-3.369183895822471,6.767642810971044,0.000045475963457892955,-0.00005541445402016785,0,0,64871.4
2026-08-08 02:23:06,okx,BTC,BTC-USD-260821-74000-P,2026-08-21,74000,put,0.1394231182714347,0.005,,0.3068640703348854,-1.125201872255661,2.855806675785224,0.0000673579092922716,-0.0000742734817483317,0,0,64871.4
2026-08-08 02:23:06,okx,BTC,BTC-USD-260828-54000-C,2026-08-28,54000,call,0.1705195134692635,0.1695,0.172,0.4357311773538548,0.7974578294655529,-0.9049617974350764,0.0001666584803181989,-0.00017477454496747823,30,0,64871.4
2026-08-08 02:23:06,okx,BTC,BTC-USD-260925-220000-C,2026-09-25,220000,call,0.0005029512877708,,,1.175504690335867,0.0037479410234007465,0.02177913727930044,0.000045475963457892955,-0.00005541445402016785,12814,0,64871.4
2026-08-08 02:23:06,okx,BTC,BTC-USD-260925-48000-P,2026-09-25,48000,put,0.0033270878964691,0.0032,0.0033,0.512727625197112,-0.04439815081554134,0.5611571087986298,0.0003200522800779048,-0.0001701078777297785,5733,400,64871.4
2026-08-08 02:23:06,okx,BTC,BTC-USD-260925-200000-P,2026-09-25,200000,put,2.0668125178091423,0.0001,,1.0990316683252042,-3.0622204634875967,6.158019315788215,0.00004876749098573318,-0.00005555938151376133,0,0,64871.4
2026-08-08 02:23:06,okx,BTC,BTC-USD-261225-72000-C,2026-12-25,72000,call,0.0599684684860646,0.0595,0.061,0.38555888966419266,0.34177879704273556,0.9388286555069315,0.002386148079675889,-0.0003297181269513687,1842,1,64871.4
2026-08-08 02:23:06,okx,BTC,BTC-USD-260925-48000-C,2026-09-25,48000,call,0.2674158153930791,0.2665,0.2685,0.512727625197112,0.6915142499508307,-0.9106676927341142,0.0003200522800779048,-0.0001701078777297785,320,0,64871.4
2026-08-08 02:23:06,okx,BTC,BTC-USD-260925-200000-C,2026-09-25,200000,call,0.0005155490450167,,,1.0990316683252042,0.004081206372286376,0.025415976068448497,0.00004876749098573318,-0.00005555938151376133,6022,0,64871.4
2026-08-08 02:23:06,okx,BTC,BTC-USD-260925-260000-P,2026-09-25,260000,put,2.9866090543256707,0.0001,,1.2913256686746348,-3.9832621326858706,7.988066957517121,0.00003676174440694045,-0.00004920946898232887,0,0,64871.4
2026-08-08 02:23:06,okx,BTC,BTC-USD-260925-260000-C,2026-09-25,260000,call,0.0004229949323072,,,1.2913256686746348,0.0029300381319775698,0.015682615881423504,0.00003676174440694045,-0.00004920946898232887,1375,0,64871.4
2026-08-08 02:23:06,okx,BTC,BTC-USD-260925-240000-P,2026-09-25,240000,put,2.680025143746288,0.0001,,1.2387371770054507,-3.676215179767652,7.37764996475954,0.000041283623429260226,-0.000053011947997981566,0,0,64871.4
2026-08-08 02:23:06,okx,BTC,BTC-USD-260925-240000-C,2026-09-25,240000,call,0.000468781229337,,,1.2387371770054507,0.0033468240642081748,0.018525957095819705,0.000041283623429260226,-0.000053011947997981566,275,0,64871.4
2026-08-08 02:23:06,okx,BTC,BTC-USD-260808-66500-C,2026-08-08,66500,call,0.0000216356825192,,0.0002,0.39495804946247165,0.006654341280436846,1.8554663179522426,0.000004731709671153491,-0.00009344134111707479,8486,11619,64871.4
2026-08-08 02:23:06,okx,BTC,BTC-USD-260925-280000-P,2026-09-25,280000,put,3.2931886923059985,3.2745,3.3125,1.3353651245319376,-4.2902928548215815,8.598879733238212,0.000032282682630863437,-0.00004468753813399138,25,0,64871.4
2026-08-08 02:23:06,okx,BTC,BTC-USD-260808-66500-P,2026-08-08,66500,put,0.0251242878299745,0.024,0.0265,0.39495804946247165,-1.0184483108670184,3.905671622247153,0.000004731709671153491,-0.00009344134111707479,100,0,64871.4
2026-08-08 02:23:06,okx,BTC,BTC-USD-260925-280000-C,2026-09-25,280000,call,0.0003729360362221,,0.0003,1.3353651245319376,0.0025294829822552476,0.013235057630538219,0.000032282682630863437,-0.00004468753813399138,13475,0,64871.4
2026-08-08 02:23:06,okx,BTC,BTC-USD-260814-58000-C,2026-08-14,58000,call,0.1069169528490756,0.005,,0.39537799329301476,0.8794879313546164,-1.0855862722328844,0.000045472867464546166,-0.0001442010822549716,0,0,64871.4
2026-08-08 02:23:06,okx,BTC,BTC-USD-260814-57000-P,2026-08-14,57000,put,0.00015641741375,0.0002,0.0004,0.4214216336992238,-0.008549535307193082,0.43222607840875865,0.000029879358231344833,-0.00010099311726533084,4580,2,64871.4
2026-08-08 02:23:06,okx,BTC,BTC-USD-260814-59000-C,2026-08-14,59000,call,0.0916730884505485,0.0885,,0.3693092224499156,0.8859509407107373,-0.6687838793651002,0.00006958018430212874,-0.0002061006747727676,0,0,64871.4
2026-08-08 02:23:06,okx,BTC,BTC-USD-260814-58000-P,2026-08-14,58000,put,0.0002504366898223,0.0002,0.0003,0.39537799329301476,-0.013845552486130196,0.7010806954486088,0.000045472867464546166,-0.0001442010822549716,2518,606,64871.4
2026-08-08 02:23:06,okx,BTC,BTC-USD-260814-56000-C,2026-08-14,56000,call,0.1375694979522232,0.005,,0.4469231772432316,0.8572146119619604,-1.4573696536152647,0.000019621856917738835,-0.00007033583829210558,0,0,64871.4
2026-08-08 02:23:06,okx,BTC,BTC-USD-260814-57000-C,2026-08-14,57000,call,0.1222252350185335,0.005,,0.4214216336992238,0.8693816470880235,-1.3236362863816744,0.000029879358231344833,-0.00010099311726533084,0,0,64871.4
2026-08-08 02:23:06,okx,BTC,BTC-USD-260814-56000-P,2026-08-14,56000,put,0.0000983789019097,,0.0003,0.4469231772432316,-0.005314268987726049,0.26768810828410783,0.000019621856917738835,-0.00007033583829210558,11372,914,64871.4
2026-08-08 02:23:06,okx,BTC,BTC-USD-260814-62000-C,2026-08-14,62000,call,0.0472247377254672,0.043,,0.29644264801314113,0.8395222653016521,3.2768050280743846,0.0002509182488941906,-0.0005965908907044554,0,0,64871.4
2026-08-08 02:23:06,okx,BTC,BTC-USD-260814-61000-P,2026-08-14,61000,put,0.0012001796757881,0.001,0.0011,0.3193066697212525,-0.06604169492219515,3.1647954080548306,0.00016539128149823754,-0.0004235691177179272,12179,8997,64871.4
2026-08-08 02:23:06,okx,BTC,BTC-USD-260814-63000-C,2026-08-14,63000,call,0.0336576511863888,0.0315,0.0345,0.2756205494827536,0.7697200950577846,6.153389035838269,0.0003621355290733799,-0.0008005462279378313,1663,703,64871.4
2026-08-08 02:23:06,okx,BTC,BTC-USD-260814-62000-P,2026-08-14,62000,put,0.0021674273483342,0.0018,0.0019,0.29644264801314113,-0.11542042432121503,5.1866904073201185,0.0002509182488941906,-0.0005965908907044554,13818,8289,64871.4
2026-08-08 02:23:06,okx,BTC,BTC-USD-260814-60000-C,2026-08-14,60000,call,0.0765498666366004,0.0735,,0.3437677321859835,0.8857916514901183,0.05456158204686163,0.00010721950305673932,-0.00029562597130654495,0,0,64871.4
2026-08-08 02:23:06,okx,BTC,BTC-USD-260814-59000-P,2026-08-14,59000,put,0.0004088737368252,0.0004,0.0005,0.3693092224499156,-0.02278484457553952,1.1486876912074533,0.00006958018430212874,-0.0002061006747727676,7957,938,64871.4
2026-08-08 02:23:06,okx,BTC,BTC-USD-260814-61000-C,2026-08-14,61000,call,0.0616597914984511,0.0585,,0.3193066697212525,0.8734986932551418,1.2857146317001567,0.00016539128149823754,-0.0004235691177179272,0,0,64871.4
2026-08-08 02:23:06,okx,BTC,BTC-USD-260814-60000-P,2026-08-14,60000,put,0.0006879533684073,0.0006,0.0007,0.3437677321859835,-0.03834643524168867,1.9028377555104754,0.00010721950305673932,-0.00029562597130654495,10356,3256,64871.4
2026-08-08 02:23:06,okx,BTC,BTC-USD-260814-66000-C,2026-08-14,66000,call,0.005601273320259,0.0055,0.006,0.2306071798756741,0.29257765512079215,10.919815063339732,0.0004531393518538619,-0.0008381240245657084,4395,1387,64871.4
2026-08-08 02:23:06,okx,BTC,BTC-USD-260814-65000-P,2026-08-14,65000,put,0.013173894075656,0.013,0.014,0.2413657122410743,-0.5214122331475488,13.68742615522274,0.0005212597345791241,-0.0010090982193910155,2060,1843,64871.4
2026-08-08 02:23:06,okx,BTC,BTC-USD-260814-67000-C,2026-08-14,67000,call,0.0022253840150666,0.0023,0.0024,0.22666660616194098,0.1453197619593634,7.493990181478381,0.000301369259426764,-0.0005478859692650959,11139,8239,64871.4
2026-08-08 02:23:06,okx,BTC,BTC-USD-260814-66000-P,2026-08-14,66000,put,0.0221531687252465,0.022,0.023,0.2306071798756741,-0.7239742402841954,12.952918854149706,0.0004531393518538619,-0.0008381240245657084,1141,340,64871.4
2026-08-08 02:23:06,okx,BTC,BTC-USD-260814-64000-C,2026-08-14,64000,call,0.0216349260195151,0.021,0.0225,0.25718495951376,0.6498092069034537,9.456080639819744,0.00047245196400401857,-0.000974556250998792,4484,813,64871.4
2026-08-08 02:23:06,okx,BTC,BTC-USD-260814-63000-P,2026-08-14,63000,put,0.004002642254786,0.0037,0.0038,0.2756205494827536,-0.20062489601061254,8.094079017975064,0.0003621355290733799,-0.0008005462279378313,10586,9537,64871.4
2026-08-08 02:23:06,okx,BTC,BTC-USD-260814-65000-C,2026-08-14,65000,call,0.0120243001161986,0.012,0.0125,0.2413657122410743,0.4797373608119086,11.685126967303825,0.0005212597345791241,-0.0010090982193910155,5693,3670,64871.4
2026-08-08 02:23:06,okx,BTC,BTC-USD-260814-64000-P,2026-08-14,64000,put,0.0073822185334424,0.007,0.0075,0.25718495951376,-0.3359380856104737,11.4275752248476,0.00047245196400401857,-0.000974556250998792,4829,2652,64871.4
2026-08-08 02:23:06,okx,BTC,BTC-USD-260814-70000-C,2026-08-14,70000,call,0.0001257039880097,0.0003,0.0004,0.25071155082186986,0.011163865320101338,0.8817461800726797,0.00003871254558718187,-0.00007784482719882443,5815,261,64871.4
2026-08-08 02:23:06,okx,BTC,BTC-USD-260814-69000-P,2026-08-14,69000,put,0.0630586991016872,0.062,0.0645,0.23731638100740055,-1.0372952742895762,4.0071212790082145,0.00007832990056200819,-0.000149093591976251,46,0,64871.4
2026-08-08 02:23:06,okx,BTC,BTC-USD-260814-71000-C,2026-08-14,71000,call,0.0000633261837317,0.0002,0.0003,0.2685967989460202,0.005632289861023902,0.45125148802907983,0.000021217836912172014,-0.00004570941102588217,3474,152,64871.4
2026-08-08 02:23:06,okx,BTC,BTC-USD-260814-70000-P,2026-08-14,70000,put,0.0782868051751178,0.0775,0.0795,0.25071155082186986,-1.0669972358670066,3.0380683824468955,0.00003871254558718187,-0.00007784482719882443,13,0,64871.4
2026-08-08 02:23:06,okx,BTC,BTC-USD-260814-68000-C,2026-08-14,68000,call,0.0008088740231392,0.0009,0.001,0.22908979356489226,0.06214174080057895,4.006548358809169,0.0001616280400124651,-0.0002969792685081894,12122,8157,64871.4
2026-08-08 02:23:06,okx,BTC,BTC-USD-260814-67000-P,2026-08-14,67000,put,0.0341795808655842,0.032,0.0365,0.22666660616194098,-0.8866344348911542,9.557898575179417,0.000301369259426764,-0.0005478859692650959,70,64,64871.4
2026-08-08 02:23:06,okx,BTC,BTC-USD-260814-69000-C,2026-08-14,69000,call,0.0002998993601093,0.0004,0.0005,0.23731638100740055,0.025463525452001694,1.8816036795250584,0.00007832990056200819,-0.000149093591976251,4585,2166,64871.4
2026-08-08 02:23:06,okx,BTC,BTC-USD-260814-68000-P,2026-08-14,68000,put,0.048165372319187,0.047,0.0495,0.22908979356489226,-0.9852147574954688,6.101261355401265,0.0001616280400124651,-0.0002969792685081894,26,0,64871.4
2026-08-08 02:23:06,okx,BTC,BTC-USD-260814-74000-C,2026-08-14,74000,call,0.0000237753399736,,0.0002,0.34231512282333015,0.0018300993655540462,0.12862302297559106,0.000007734002337500159,-0.00002123411038486227,1075,0,64871.4
2026-08-08 02:23:06,okx,BTC,BTC-USD-260814-73000-P,2026-08-14,73000,put,0.1243963680292202,0.005,,0.315069836389183,-1.122041520279512,2.422635495445011,0.000009608290003281885,-0.00002428044354607674,2,0,64871.4
2026-08-08 02:23:06,okx,BTC,BTC-USD-260814-76000-C,2026-08-14,76000,call,0.0000217362962804,,0.0003,0.4017649535466963,0.0014512966067175212,0.08850772297462015,0.000006272500590691084,-0.000020212333096795032,1886,0,64871.4
2026-08-08 02:23:06,okx,BTC,BTC-USD-260814-74000-P,2026-08-14,74000,put,0.1397940823092019,0.005,,0.34231512282333015,-1.1379402076036744,2.4081636369140482,0.000007734002337500159,-0.00002123411038486227,3,0,64871.4
2026-08-08 02:23:06,okx,BTC,BTC-USD-260814-72000-C,2026-08-14,72000,call,0.0000388315743831,,0.0004,0.2902780380999853,0.003351674468155557,0.2625450335267321,0.00001334875406470626,-0.000031078396043291074,2309,0,64871.4
2026-08-08 02:23:06,okx,BTC,BTC-USD-260814-71000-P,2026-08-14,71000,put,0.0936267288163699,0.092,,0.2685967989460202,-1.0879311127716143,2.638378293294356,0.000021217836912172014,-0.00004570941102588217,5,0,64871.4
2026-08-08 02:23:06,okx,BTC,BTC-USD-260814-73000-C,2026-08-14,73000,call,0.0000283625055219,0.0001,0.0003,0.315069836389183,0.0023264852441862182,0.1738994843976139,0.000009608290003281885,-0.00002428044354607674,1257,800,64871.4
2026-08-08 02:23:06,okx,BTC,BTC-USD-260814-72000-P,2026-08-14,72000,put,0.1090045356525514,0.108,0.1105,0.2902780380999853,-1.1056140296100125,2.4804764416830682,0.00001334875406470626,-0.000031078396043291074,14,0,64871.4
2026-08-08 02:23:06,okx,BTC,BTC-USD-260814-78000-C,2026-08-14,78000,call,0.0000234219342722,,0.0002,0.46439678282536256,0.001359324038007951,0.07192593627670295,0.000005920535045897051,-0.00002205229758777459,3980,0,64871.4
2026-08-08 02:23:06,okx,BTC,BTC-USD-260814-76000-P,2026-08-14,76000,put,0.170596646156569,0.005,,0.4017649535466963,-1.1691236132535712,2.429657542695198,0.000006272500590691084,-0.000020212333096795032,7,0,64871.4
2026-08-08 02:23:06,okx,BTC,BTC-USD-260814-78000-P,2026-08-14,78000,put,0.2014029346856213,0.005,,0.46439678282536256,-1.200020188713341,2.4746849617794004,0.000005920535045897051,-0.00002205229758777459,3,0,64871.4
2026-08-08 02:23:06,okx,BTC,BTC-USD-260810-62000-P,2026-08-10,62000,put,0.0000090918782632,0.0001,0.0002,0.20149072655928452,-0.0019789838653643324,0.4006659535909038,0.000004892321175517729,-0.000022062676871520655,1960,20,64871.4
2026-08-08 02:23:06,okx,BTC,BTC-USD-260810-62500-C,2026-08-10,62500,call,0.0366433634418705,0.006,,0.19859495247623554,0.955331629527901,-0.49597526012942356,0.000017195619628335604,-0.00007643182283505031,0,0,64871.4
2026-08-08 02:23:06,okx,BTC,BTC-USD-260810-61500-P,2026-08-10,61500,put,0.0000015514559366,,0.0002,0.20308130407820063,-0.00037720672958939535,0.08656216830425276,0.0000010665603553643861,-0.000004847787354147787,453,110,64871.4
2026-08-08 02:23:06,okx,BTC,BTC-USD-260810-62000-C,2026-08-10,62000,call,0.044318160756924,0.006,,0.20149072655928452,0.9537119472559747,-1.5107159086517743,0.000004892321175517729,-0.000022062676871520655,0,0,64871.4
2026-08-08 02:23:06,okx,BTC,BTC-USD-260810-61500-C,2026-08-10,61500,call,0.0520178052629953,0.007,,0.20308130407820063,0.9476065394633517,-1.8094053240816295,0.0000010665603553643861,-0.000004847787354147787,0,0,64871.4
2026-08-08 02:23:06,okx,BTC,BTC-USD-260925-65000-P,2026-09-25,65000,put,0.047500253607768,0.0475,0.048,0.3401110493852409,-0.5117292738713736,4.237182486434478,0.0014444072552117371,-0.0005092454836066572,29219,866,64871.4
2026-08-08 02:23:06,okx,BTC,BTC-USD-260925-65000-C,2026-09-25,65000,call,0.0509537387594272,0.0505,0.0515,0.3401110493852409,0.4848187688330886,2.2440864010255543,0.0014444072552117371,-0.0005092454836066572,21274,345,64871.4
2026-08-08 02:23:06,okx,BTC,BTC-USD-260810-64000-P,2026-08-10,64000,put,0.0011345526215364,0.001,0.0011,0.17409084897818147,-0.15899217923515432,18.025432961906784,0.0001886778363706925,-0.0007351653199409994,2878,3507,64871.4
2026-08-08 02:23:06,okx,BTC,BTC-USD-260810-64500-C,2026-08-10,64500,call,0.0084078523799497,0.007,0.0095,0.1606691944419333,0.6713078016252101,27.118047560133938,0.00027987659778146525,-0.0010064388281600738,506,646,64871.4
2026-08-08 02:23:06,okx,BTC,BTC-USD-260810-63500-P,2026-08-10,63500,put,0.0004446749142281,0.0004,0.0005,0.1855013187794275,-0.06949566523817216,9.294147346143296,0.00010394454569238629,-0.000431555730782085,1136,617,64871.4
2026-08-08 02:23:06,okx,BTC,BTC-USD-260810-64000-C,2026-08-10,64000,call,0.0146148817866057,0.013,0.016,0.17409084897818147,0.8275274915997763,16.05239362023692,0.0001886778363706925,-0.0007351653199409994,163,130,64871.4
2026-08-08 02:23:06,okx,BTC,BTC-USD-260810-63000-P,2026-08-10,63000,put,0.0001500768329614,0.0002,0.0003,0.19356743723394185,-0.026113606630602585,4.0358240887103385,0.00004719507032361024,-0.00020446412531463276,2286,1644,64871.4
2026-08-08 02:23:06,okx,BTC,BTC-USD-260810-63500-C,2026-08-10,63500,call,0.0216321890076952,0.021,0.023,0.1855013187794275,0.9093168206683606,7.33652237433023,0.00010394454569238629,-0.000431555730782085,202,0,64871.4
2026-08-08 02:23:06,okx,BTC,BTC-USD-260810-62500-P,2026-08-10,62500,put,0.0000414794916075,0.0001,0.0002,0.19859495247623554,-0.008066486521835902,1.4308209719700504,0.000017195619628335604,-0.00007643182283505031,1132,1089,64871.4
2026-08-08 02:23:06,okx,BTC,BTC-USD-260810-63000-C,2026-08-10,63000,call,0.0290447758548266,0.0285,,0.19356743723394185,0.9449916943475323,2.093613486754069,0.00004719507032361024,-0.00020446412531463276,0,0,64871.4
2026-08-08 02:23:06,okx,BTC,BTC-USD-260810-65500-P,2026-08-10,65500,put,0.0108770322344232,0.0085,0.0125,0.14376239112787914,-0.8125162940833726,26.393908554895738,0.00021794180340622247,-0.0007012518323001378,543,464,64871.4
2026-08-08 02:23:06,okx,BTC,BTC-USD-260810-66000-C,2026-08-10,66000,call,0.0003577341034489,0.0004,0.0005,0.14838168736488178,0.06963531946615746,11.426229014384196,0.00010503490807996785,-0.0003488206173808479,4216,4385,64871.4
2026-08-08 02:23:06,okx,BTC,BTC-USD-260810-65000-P,2026-08-10,65000,put,0.0056673339993028,0.0055,0.006,0.1484064521604358,-0.5694679802694997,35.05935553867586,0.0003081079843208949,-0.0010233964753024712,23,15,64871.4
2026-08-08 02:23:06,okx,BTC,BTC-USD-260810-65500-C,2026-08-10,65500,call,0.0012358066142989,0.0013,0.0014,0.14376239112787914,0.19712493153675167,24.374626103655487,0.00021794180340622247,-0.0007012518323001378,3514,3682,64871.4
2026-08-08 02:23:06,okx,BTC,BTC-USD-260810-64750-P,2026-08-10,64750,put,0.0039066439684192,0.0038,0.0039,0.15412153984341048,-0.43822862663244067,33.51366951333157,0.00030786856663225646,-0.0010619813021857272,244,355,64871.4
2026-08-08 02:23:06,okx,BTC,BTC-USD-260811-66500-C,2026-08-11,66500,call,0.0005827312058183,0.0006,0.0007,0.18186143710799862,0.07570530983648935,8.225751505567668,0.0001349844550976883,-0.0003795380250376564,780,1218,64871.4
2026-08-08 02:23:06,okx,BTC,BTC-USD-260810-65000-C,2026-08-10,65000,call,0.0037332933075764,0.0037,0.0038,0.1484064521604358,0.43246606042222674,33.0554874572924,0.0003081079843208949,-0.0010233964753024712,3345,1062,64871.4
2026-08-08 02:23:06,okx,BTC,BTC-USD-260811-66500-P,2026-08-11,66500,put,0.0255229316857311,0.0245,,0.18186143710799862,-0.9492348906434233,10.275631906527492,0.0001349844550976883,-0.0003795380250376564,0,0,64871.4
2026-08-08 02:23:06,okx,BTC,BTC-USD-260809-64400-C,2026-08-09,64400,call,0.0076061818079147,0.006,0.009,0.11225650875287937,0.8576629529678521,31.50322734388438,0.00012607009973190645,-0.000573430662708948,68,68,64871.4
2026-08-08 02:23:06,okx,BTC,BTC-USD-260810-64500-P,2026-08-10,64500,put,0.0026347081432782,0.0025,0.0026,0.1606691944419333,-0.32291905413811844,29.106501271660598,0.00027987659778146525,-0.0010064388281600738,1644,2653,64871.4
2026-08-08 02:23:06,okx,BTC,BTC-USD-260809-64400-P,2026-08-09,64400,put,0.0004453286331035,0.0003,0.0005,0.11225650875287937,-0.1351761938573368,33.48890563753476,0.00012607009973190645,-0.000573430662708948,912,836,64871.4
2026-08-08 02:23:06,okx,BTC,BTC-USD-260810-64750-C,2026-08-10,64750,call,0.0058261957408917,0.0055,0.006,0.15412153984341048,0.559851821595087,31.517508616876512,0.00030786856663225646,-0.0010619813021857272,378,428,64871.4
2026-08-08 02:23:06,okx,BTC,BTC-USD-260810-68000-P,2026-08-10,68000,put,0.0482155407893434,0.047,,0.24041340979918213,-1.0418690434400397,3.033834706090276,0.000013980265369423003,-0.00007522501525668665,0,0,64871.4
2026-08-08 02:23:06,okx,BTC,BTC-USD-260810-69000-C,2026-08-10,69000,call,0.0000478153946457,,0.0002,0.31293611086760553,0.006057913215840009,0.6932194645699654,0.000013509530285384035,-0.00009462025439977651,0,0,64871.4
2026-08-08 02:23:06,okx,BTC,BTC-USD-260810-67000-P,2026-08-10,67000,put,0.0328217305088288,0.032,,0.18205283813324552,-1.020796513040314,4.238559508763793,0.000024479911274335028,-0.00009974599672755169,0,0,64871.4
2026-08-08 02:23:06,okx,BTC,BTC-USD-260810-68000-C,2026-08-10,68000,call,0.0000383905272293,,0.0002,0.24041340979918213,0.006308106822074046,0.9374804055660483,0.000013980265369423003,-0.00007522501525668665,210,210,64871.4
2026-08-08 02:23:06,okx,BTC,BTC-USD-260810-66500-P,2026-08-10,66500,put,0.0251768315789734,0.0245,,0.16149689715810792,-0.9997286707257722,6.694670612488938,0.00004640966793208276,-0.00016774934182495592,0,0,64871.4
2026-08-08 02:23:06,okx,BTC,BTC-USD-260810-67000-C,2026-08-10,67000,call,0.0000589501035107,,0.0003,0.18205283813324552,0.011966267365004002,2.173033947953157,0.000024479911274335028,-0.00009974599672755169,1006,1137,64871.4
2026-08-08 02:23:06,okx,BTC,BTC-USD-260810-66000-P,2026-08-10,66000,put,0.0177061446519711,0.017,,0.14838168736488178,-0.9477130910823649,13.46092583548124,0.00010503490807996785,-0.0003488206173808479,0,0,64871.4
2026-08-08 02:23:06,okx,BTC,BTC-USD-260810-66500-C,2026-08-10,66500,call,0.0001212361020532,0.0001,0.0002,0.16149689715810792,0.025326924751147912,4.644559421535097,0.00004640966793208276,-0.00016774934182495592,1841,2238,64871.4
2026-08-08 02:23:06,okx,BTC,BTC-USD-260808-59000-P,2026-08-08,59000,put,0.0000000000000001,,0.0003,0.1803536071978864,-0.0000000000000000000000000000000000000000000000000000000000000000000000000000000000000000000000034199053590069143,0.00000000000000000000000000000000000000000000000000000000000000000000000000000000000000000001560035802726745,0.000000000000000000000000000000000000000000000000000000000000000000000000000000000000000000000000018029307629526264,-0.0000000000000000000000000000000000000000000000000000000000000000000000000000000000000000000000001625825333132718,2810,0,64871.4
2026-08-08 02:23:06,okx,BTC,BTC-USD-260828-56000-C,2026-08-28,56000,call,0.1406267647698002,0.1395,0.142,0.4021226529690134,0.8064921186296543,-0.483619334405256,0.0002517570020738335,-0.0002463133707302065,1054,0,64871.4
2026-08-08 02:23:06,okx,BTC,BTC-USD-260808-60000-C,2026-08-08,60000,call,0.0750953514459051,0.005,,0.18035360717307686,0.9249046485540948,-1.8498092971081896,0.00000000000000000000000000000000000000000000000000000000000000000003364821178035344,-0.0000000000000000000000000000000000000000000000000000000000000000003034288184755181,0,0,64871.4
2026-08-08 02:23:06,okx,BTC,BTC-USD-260809-64600-C,2026-08-09,64600,call,0.0049984646069179,0.0028,0.006,0.10522880415404241,0.743841541674271,50.57689546170259,0.000185223822847757,-0.0007897484145656667,276,276,64871.4
2026-08-08 02:23:06,okx,BTC,BTC-USD-260808-59000-C,2026-08-08,59000,call,0.0905104289218067,0.078,,0.1803536071978864,0.9094895710781933,-1.8189791421563866,0.000000000000000000000000000000000000000000000000000000000000000000000000000000000000000000000000018029307629526264,-0.0000000000000000000000000000000000000000000000000000000000000000000000000000000000000000000000001625825333132718,0,0,64871.4
2026-08-08 02:23:06,okx,BTC,BTC-USD-260809-64600-P,2026-08-09,64600,put,0.0009209628197625,0.0007,0.0009,0.10522880415404241,-0.25208095653857365,52.56874045812828,0.000185223822847757,-0.0007897484145656667,4301,3997,64871.4
2026-08-08 02:23:06,okx,BTC,BTC-USD-260828-56000-P,2026-08-28,56000,put,0.0021624435498134,0.0021,0.0022,0.4021226529690134,-0.05449068253315851,1.2383462679203696,0.0002517570020738335,-0.0002501068774454206,11780,973,64871.4
2026-08-08 02:23:06,okx,BTC,BTC-USD-260810-70000-P,2026-08-10,70000,put,0.0790711296691775,0.005,,0.3901212895854121,-1.0724311191699738,2.7542519199557165,0.000014550693804330688,-0.00012704908281666394,0,0,64871.4
2026-08-08 02:23:06,okx,BTC,BTC-USD-260810-69000-P,2026-08-10,69000,put,0.0636393355135552,0.005,,0.31293611086760553,-1.0575336069030696,2.820402504807785,0.000013509530285384035,-0.00009462025439977651,0,0,64871.4
2026-08-08 02:23:06,okx,BTC,BTC-USD-260810-70000-C,2026-08-10,70000,call,0.0000652396934718,,0.0002,0.3901212895854121,0.006574770805731602,0.5962401400043055,0.000014550693804330688,-0.00012704908281666394,0,0,64871.4
2026-08-08 02:23:06,okx,BTC,BTC-USD-260808-62500-P,2026-08-08,62500,put,0.0000000000000001,,0.0002,0.1803506769334048,-0.000000000000000170257606051267,0.0000000000003087893981458359,0.00000000000000000035662442354722516,-0.0000000000000000032158728098863665,15951,6679,64871.4
2026-08-08 02:23:06,okx,BTC,BTC-USD-260808-63000-C,2026-08-08,63000,call,0.0288501190182484,0.007,,0.1803250210085956,0.9711498809109008,-1.942299659975388,0.00000000000011773669381774954,-0.0000000000010615435893084137,0,0,64871.4
2026-08-08 02:23:06,okx,BTC,BTC-USD-260808-62000-P,2026-08-08,62000,put,0.0000000000000001,,0.0004,0.18035331235430538,-0.000000000000000000000017577119752120774,0.000000000000000000038570461005306047,0.00000000000000000000000004455465115845202,-0.0000000000000000000000004017789458608706,3435,1115,64871.4
2026-08-08 02:23:06,okx,BTC,BTC-USD-260808-62500-C,2026-08-08,62500,call,0.0365576577561511,0.0075,,0.1803506769334048,0.9634423422438486,-1.9268846844873888,0.00000000000000000035662442354722516,-0.0000000000000000032158728098863665,0,0,64871.4
2026-08-08 02:23:06,okx,BTC,BTC-USD-260808-61000-P,2026-08-08,61000,put,0.0000000000000001,,0.0004,0.18035360437595552,-0.000000000000000000000000000000000000000010572767303248069,0.00000000000000000000000000000000000003138577792450529,0.000000000000000000000000000000000000000000036263952069290625,-0.00000000000000000000000000000000000000000032701672323067274,7014,71,64871.4
2026-08-08 02:23:06,okx,BTC,BTC-USD-260808-62000-C,2026-08-08,62000,call,0.0442651964941019,0.0095,,0.18035331235430538,0.955734803505898,-1.911469607011796,0.00000000000000000000000004455465115845202,-0.0000000000000000000000004017789458608706,0,0,64871.4
2026-08-08 02:23:06,okx,BTC,BTC-USD-260808-60000-P,2026-08-08,60000,put,0.0000000000000001,,0.0004,0.18035360717307686,-0.000000000000000000000000000000000000000000000000000000000000000007748481183970357,0.000000000000000000000000000000000000000000000000000000000000029117779435166494,0.00000000000000000000000000000000000000000000000000000000000000000003364821178035344,-0.0000000000000000000000000000000000000000000000000000000000000000003034288184755181,1522,0,64871.4
2026-08-08 02:23:06,okx,BTC,BTC-USD-260808-61000-C,2026-08-08,61000,call,0.0596802739700035,0.049,,0.18035360437595552,0.9403197260299965,-1.880639452059993,0.000000000000000000000000000000000000000000036263952069290625,-0.00000000000000000000000000000000000000000032701672323067274,2,0,64871.4
2026-08-08 02:23:06,okx,BTC,BTC-USD-260808-64500-P,2026-08-08,64500,put,0.0001491994516605,,0.0001,0.1618479334312068,-0.08034862662872834,36.507582274637336,0.000037712425023078426,-0.00030518390273322866,8097,11636,64871.4
2026-08-08 02:23:06,okx,BTC,BTC-USD-261030-46000-P,2026-10-30,46000,put,0.0065935144423031,0.006,0.0065,0.5092700233655375,-0.0641422197467044,0.6021060925546973,0.0005502637233907464,-0.00016815972542728663,4614,91,64871.4
2026-08-08 02:23:06,okx,BTC,BTC-USD-260808-65000-C,2026-08-08,65000,call,0.000529709648122,0.0005,0.0006,0.1270250830663935,0.2692676061185578,102.22877202707635,0.0000836863389006025,-0.0005315132075185697,17625,24047,64871.4
2026-08-08 02:23:06,okx,BTC,BTC-USD-261030-46000-C,2026-10-30,46000,call,0.3035821896515079,,,0.5092700233655375,0.6365902500482362,-0.7993588470351841,0.0005502637233907464,-0.00016002302016803526,0,0,64871.4
2026-08-08 02:23:06,okx,BTC,BTC-USD-260808-64000-P,2026-08-08,64000,put,0.0000016839776419,,0.0001,0.17784979912571436,-0.0013252056257633676,0.9692431331321724,0.0000011020644768536793,-0.000009800097291600616,13565,17745,64871.4
2026-08-08 02:23:06,okx,BTC,BTC-USD-261030-48000-P,2026-10-30,48000,put,0.0082827388603425,0.008,0.0085,0.4863336044900184,-0.0810424015843871,0.7573246497043166,0.0006601370997510338,-0.00019263109486621974,5590,100,64871.4
2026-08-08 02:23:06,okx,BTC,BTC-USD-260808-64500-C,2026-08-08,64500,call,0.0058767022560085,0.005,0.007,0.1618479334312068,0.9139238705669236,34.51903728024603,0.000037712425023078426,-0.00030518390273322866,2903,1873,64871.4
2026-08-08 02:23:06,okx,BTC,BTC-USD-261030-48000-C,2026-10-30,48000,call,0.2748047383557838,,,0.4863336044900184,0.6501566973320727,-0.7050735481286031,0.0006601370997510338,-0.00018532909176633422,0,0,64871.4
2026-08-08 02:23:06,okx,BTC,BTC-USD-260808-63500-P,2026-08-08,63500,put,0.0000000012310288,,0.0001,0.1800804235572681,-0.0000013739943222840938,0.0014738588931385989,0.0000000016983297695482902,-0.000000015291797212008684,13023,21011,64871.4
2026-08-08 02:23:06,okx,BTC,BTC-USD-260808-64000-C,2026-08-08,64000,call,0.0134367255199407,0.0125,0.0145,0.17784979912571436,0.9852397528319379,-1.0038867837832302,0.0000011020644768536793,-0.000009800097291600616,2081,515,64871.4
2026-08-08 02:23:06,okx,BTC,BTC-USD-260808-63000-P,2026-08-08,63000,put,0.0000000000000479,,0.0002,0.1803250210085956,-0.00000000007089883774358617,0.0000001019882112986417,0.00000000000011773669381774954,-0.0000000000010615435893084137,11713,20997,64871.4
2026-08-08 02:23:06,okx,BTC,BTC-USD-260808-63500-C,2026-08-08,63500,call,0.0211425815112784,0.02,0.0225,0.1800804235572681,0.9788560457254281,-1.956240980546362,0.0000000016983297695482902,-0.000000015291797212008684,94,0,64871.4
2026-08-08 02:23:06,okx,BTC,BTC-USD-260808-67000-P,2026-08-08,67000,put,0.0328340942687147,0.007,,0.5045310228304671,-1.0269796122125747,3.3562984568779943,0.00000421232724781307,-0.00010626248874178873,0,0,64871.4
2026-08-08 02:23:06,okx,BTC,BTC-USD-261030-54000-P,2026-10-30,54000,put,0.0174062993627077,0.0165,0.017,0.43098115737570397,-0.166073708011528,1.4574631621507637,0.0011059628637517035,-0.00028585394634630197,5615,144,64871.4
2026-08-08 02:23:06,okx,BTC,BTC-USD-260808-68000-C,2026-08-08,68000,call,0.0000093913122347,,0.0004,0.6439425858792243,0.0019754166311372135,0.38223398161077177,0.0000015942353850892593,-0.00005132980281872692,3453,61,64871.4
2026-08-08 02:23:06,okx,BTC,BTC-USD-261030-54000-C,2026-10-30,54000,call,0.1925282717168583,,,0.43098115737570397,0.6565252782694894,-0.187734810411271,0.0011059628637517035,-0.00028105604972451396,0,0,64871.4
2026-08-08 02:23:06,okx,BTC,BTC-USD-260808-66000-P,2026-08-08,66000,put,0.0174082219516732,0.0165,0.0185,0.2705365013987392,-1.0114435845192975,4.49213859973906,0.000004282538615002258,-0.00005792915070038565,20,0,64871.4
2026-08-08 02:23:06,okx,BTC,BTC-USD-260811-65250-C,2026-08-11,65250,call,0.0043260142869164,0.0043,0.0044,0.18028959335953118,0.3682874495923207,21.562595046672502,0.0003562095634113205,-0.0009929037507621064,199,199,64871.4
2026-08-08 02:23:06,okx,BTC,BTC-USD-261030-56000-P,2026-10-30,56000,put,0.0224799089546466,0.0215,0.022,0.4164981284797662,-0.20959122586673018,1.769566635077416,0.0012825616865292974,-0.00032027737928844857,6197,3035,64871.4
2026-08-08 02:23:06,okx,BTC,BTC-USD-260808-67000-C,2026-08-08,67000,call,0.0000239033833089,,0.0001,0.5045310228304671,0.005830578672831237,1.290678075107182,0.00000421232724781307,-0.00010626248874178873,17777,7596,64871.4
2026-08-08 02:23:06,okx,BTC,BTC-USD-260811-65250-P,2026-08-11,65250,put,0.0100004215247255,0.0095,0.0105,0.18028959335953118,-0.6373869576454884,23.57394386114812,0.0003562095634113205,-0.0009929037507621064,170,270,64871.4
2026-08-08 02:23:06,okx,BTC,BTC-USD-261030-56000-C,2026-10-30,56000,call,0.1671352055950336,,,0.4164981284797662,0.6434743895358063,0.06343540427234315,0.0012825616865292974,-0.0003163141848260264,0,0,64871.4
2026-08-08 02:23:06,okx,BTC,BTC-USD-260808-65500-P,2026-08-08,65500,put,0.0097026373335863,0.0085,0.011,0.165059225247712,-0.9991134888870826,8.701952431200638,0.000007093590701942372,-0.00005854312927434907,201,1,64871.4
2026-08-08 02:23:06,okx,BTC,BTC-USD-261030-50000-P,2026-10-30,50000,put,0.0105286405065038,0.01,0.0105,0.4657478402834836,-0.102898096379245,0.9497028819548995,0.000790091117022265,-0.00022076500156510614,5075,53,64871.4
2026-08-08 02:23:06,okx,BTC,BTC-USD-260808-66000-C,2026-08-08,66000,call,0.0000131085421688,,0.0001,0.2705365013987392,0.005951528890206772,2.457348372920052,0.000004282538615002258,-0.00005792915070038565,8223,13120,64871.4
2026-08-08 02:23:06,okx,BTC,BTC-USD-261030-50000-C,2026-10-30,50000,call,0.2465839642881815,,,0.4657478402834836,0.6587676316587339,-0.5736285741210584,0.000790091117022265,-0.00021429770062458644,0,0,64871.4
2026-08-08 02:23:06,okx,BTC,BTC-USD-260808-65000-P,2026-08-08,65000,put,0.0025097455817247,0.0017,0.003,0.1270250830663935,-0.7327124298150448,104.23273209894356,0.0000836863389006025,-0.0005315132075185697,3682,5442,64871.4
2026-08-08 02:23:06,okx,BTC,BTC-USD-261030-52000-P,2026-10-30,52000,put,0.0135014024215401,0.013,0.0135,0.4473488165154629,-0.13085415607125067,1.1828670969380624,0.0009396987656275604,-0.00025215501378057195,3956,1017,64871.4
2026-08-08 02:23:06,okx,BTC,BTC-USD-260808-65500-C,2026-08-08,65500,call,0.0000150626620327,,0.0001,0.165059225247712,0.010574085784470935,6.682577281857532,0.000007093590701942372,-0.00005854312927434907,10331,21992,64871.4
2026-08-08 02:23:06,okx,BTC,BTC-USD-261030-52000-C,2026-10-30,52000,call,0.2190900504894542,,,0.4473488165154629,0.6612782010882474,-0.4013976173809338,0.0009396987656275604,-0.0002465224149994181,0,0,64871.4
2026-08-08 02:23:06,okx,BTC,BTC-USD-261030-62000-P,2026-10-30,62000,put,0.047281654297587,0.0465,0.047,0.3830173368802256,-0.3942513214508382,2.8042549387862112,0.0017606112024979048,-0.00040379430145517963,7196,105,64871.4
2026-08-08 02:23:06,okx,BTC,BTC-USD-261030-62000-C,2026-10-30,62000,call,0.1005369237966833,0.0995,0.101,0.3830173368802256,0.5502141813162558,0.915323933252023,0.0017606112024979048,-0.0004023352134708549,1,0,64871.4
2026-08-08 02:23:06,okx,BTC,BTC-USD-261030-64000-P,2026-10-30,64000,put,0.0595173559429362,0.059,0.0595,0.3747744806004114,-0.47205657921741795,3.115661386232832,0.0018558691622089806,-0.00041618692559641795,13070,262,64871.4
2026-08-08 02:23:06,okx,BTC,BTC-USD-261030-64000-C,2026-10-30,64000,call,0.0823059497282691,0.0815,0.083,0.3747744806004114,0.5028755526711951,1.1657971224556058,0.0018558691622089806,-0.00041556253977145905,5113,0,64871.4
2026-08-08 02:23:06,okx,BTC,BTC-USD-260808-69000-P,2026-08-08,69000,put,0.0636416122845936,0.051,,0.70458979744159,-1.0633607777274565,2.185026724613625,0.00000026336224406288763,-0.000009278117509901628,0,0,64871.4
2026-08-08 02:23:06,okx,BTC,BTC-USD-261030-58000-P,2026-10-30,58000,put,0.0289797931305827,0.028,0.0285,0.4037615888990175,-0.2621198998426737,2.109439551857789,0.0014595428911871003,-0.0003532124655971451,9489,117,64871.4
2026-08-08 02:23:06,okx,BTC,BTC-USD-261030-58000-C,2026-10-30,58000,call,0.1431684140572062,0.139,0.1465,0.4037615888990175,0.6214123446813818,0.34237506280967744,0.0014595428911871003,-0.0003500839732940887,12,0,64871.4
2026-08-08 02:23:06,okx,BTC,BTC-USD-260808-68000-P,2026-08-08,68000,put,0.0482346596735422,0.01,,0.6439425858792243,-1.0462498517301702,2.4786845183333868,0.0000015942353850892593,-0.00005132980281872692,0,0,64871.4
2026-08-08 02:23:06,okx,BTC,BTC-USD-261030-60000-P,2026-10-30,60000,put,0.037166886195225,0.0365,0.037,0.39264183075476544,-0.3238444313784197,2.4612459359782566,0.0016238116727208065,-0.0003819841492722721,3437,728,64871.4
2026-08-08 02:23:06,okx,BTC,BTC-USD-260808-69000-C,2026-08-08,69000,call,0.0000012664473843,,0.0004,0.70458979744159,0.0002795681097525405,0.05774603293920692,0.00000026336224406288763,-0.000009278117509901628,765,0,64871.4
2026-08-08 02:23:06,okx,BTC,BTC-USD-261030-60000-C,2026-10-30,60000,call,0.1208888314080849,0.1195,0.1215,0.39264183075476544,0.5901544422671551,0.6332481886871073,0.0016238116727208065,-0.0003796903591285816,348,0,64871.4
2026-08-08 02:23:06,okx,BTC,BTC-USD-261030-70000-P,2026-10-30,70000,put,0.1097929527214519,,,0.357712231988153,-0.727786128573071,3.680545012899946,0.0018149570581817427,-0.00038699633123187214,0,0,64871.4
2026-08-08 02:23:06,okx,BTC,BTC-USD-261030-70000-C,2026-10-30,70000,call,0.041181519365494,0.0415,0.042,0.357712231988153,0.3385458906800996,1.5478809743936042,0.0018149570581817427,-0.00038887605188501074,4347,247,64871.4
2026-08-08 02:23:06,okx,BTC,BTC-USD-260809-64800-C,2026-08-09,64800,call,0.0028054157134308,0.0027,0.003,0.09807724797221261,0.5675458770079261,67.73143627816228,0.00022834752592620626,-0.000907448246946011,810,1125,64871.4
2026-08-08 02:23:06,okx,BTC,BTC-USD-261030-72000-P,2026-10-30,72000,put,0.1309267624988793,,,0.3545676042313562,-0.8117998274422237,3.7241134451837516,0.0016983705694959784,-0.00035815654315622957,0,0,64871.4
2026-08-08 02:23:06,okx,BTC,BTC-USD-260809-64800-P,2026-08-09,64800,put,0.0018112653139314,0.0017,0.0018,0.09807724797221261,-0.43145997259257446,69.72944797736328,0.00022834752592620626,-0.000907448246946011,5130,5215,64871.4
2026-08-08 02:23:06,okx,BTC,BTC-USD-261030-72000-C,2026-10-30,72000,call,0.0318486534291579,0.032,0.0325,0.3545676042313562,0.28499882093246603,1.5305161484343721,0.0016983705694959784,-0.00036087096596873404,7690,627,64871.4
2026-08-08 02:23:06,okx,BTC,BTC-USD-260810-65750-C,2026-08-10,65750,call,0.000664429505453,0.0008,0.0009,0.1449542738378865,0.11906162911277055,17.373228916155707,0.00015624735733161345,-0.000506911199618148,247,254,64871.4
2026-08-08 02:23:06,okx,BTC,BTC-USD-261030-66000-P,2026-10-30,66000,put,0.0739955744599324,0.0735,0.0745,0.36780718649939864,-0.5552753267050176,3.3745259477357625,0.0018988897897465515,-0.00041752808344290197,2940,627,64871.4
2026-08-08 02:23:06,okx,BTC,BTC-USD-260810-65750-P,2026-08-10,65750,put,0.0141592475897764,0.013,,0.1449542738378865,-0.8944331889715528,19.40021855232435,0.00015624735733161345,-0.000506911199618148,0,0,64871.4
2026-08-08 02:23:06,okx,BTC,BTC-USD-261030-66000-C,2026-10-30,66000,call,0.0663174925315017,0.066,0.0665,0.36780718649939864,0.45012343430511476,1.3637284257154978,0.0018988897897465515,-0.0004177383997773089,4550,344,64871.4
2026-08-08 02:23:06,okx,BTC,BTC-USD-261030-68000-P,2026-10-30,68000,put,0.0907639034366919,0.0905,0.092,0.36209226258961535,-0.6414280734441377,3.5652852828771584,0.0018846226777699262,-0.00040744639759997524,864,0,64871.4
2026-08-08 02:23:06,okx,BTC,BTC-USD-261030-68000-C,2026-10-30,68000,call,0.0526191457944977,0.0525,0.053,0.36209226258961535,0.39443731668751375,1.4935545026138557,0.0018846226777699262,-0.00040849141609374803,2941,0,64871.4
2026-08-08 02:23:06,okx,BTC,BTC-USD-261030-78000-P,2026-10-30,78000,put,0.2045324674043751,,,0.3515752687228278,-1.0332881994566376,3.566721748027671,0.0012027061251004007,-0.00024840425381874936,0,0,64871.4
2026-08-08 02:23:06,okx,BTC,BTC-USD-261030-78000-C,2026-10-30,78000,call,0.0140543311933629,0.0145,0.015,0.3515752687228278,0.15491033628260967,1.190324676549177,0.0012027061251004007,-0.00025362278310935135,3550,200,64871.4
2026-08-08 02:23:06,okx,BTC,BTC-USD-261030-80000-P,2026-10-30,80000,put,0.2315774164021438,,,0.3524358443227302,-1.0948994030857864,3.4749998688126302,0.001032901749753129,-0.00021233510694369017,100,0,64871.4
2026-08-08 02:23:06,okx,BTC,BTC-USD-261030-80000-C,2026-10-30,80000,call,0.0106326044773683,0.011,0.0115,0.3524358443227302,0.1237657617749801,1.0376695390910975,0.001032901749753129,-0.00021838833839365795,2998,10,64871.4
2026-08-08 02:23:06,okx,BTC,BTC-USD-261030-74000-P,2026-10-30,74000,put,0.1539393981835522,,,0.35255770865595815,-0.8914640202074446,3.7081837103692794,0.001547841517463692,-0.0003235953797457767,0,0,64871.4
2026-08-08 02:23:06,okx,BTC,BTC-USD-260925-95000-P,2026-09-25,95000,put,0.4568277034293648,0.4545,0.461,0.41024226666635744,-1.449625483630858,3.0332818420056444,0.00007266170881480541,-0.000030900306959465176,780,0,64871.4
2026-08-08 02:23:06,okx,BTC,BTC-USD-261030-74000-C,2026-10-30,74000,call,0.0243946134000672,0.0245,0.025,0.35255770865595815,0.23580125728876436,1.453653155376862,0.001547841517463692,-0.00032714450471764693,6965,13,64871.4
2026-08-08 02:23:06,okx,BTC,BTC-USD-260925-95000-C,2026-09-25,95000,call,0.0003366432664051,0.0004,0.0006,0.41024226666635744,0.006867809552586569,0.12029525563875575,0.00007266170881480541,-0.000030900306959465176,9579,10,64871.4
2026-08-08 02:23:06,okx,BTC,BTC-USD-261030-76000-P,2026-10-30,76000,put,0.17856613777168,,,0.3515891349951406,-0.9654852955696365,3.649740329505438,0.0013780374171165068,-0.00028615656619748324,0,0,64871.4
2026-08-08 02:23:06,okx,BTC,BTC-USD-261030-76000-C,2026-10-30,76000,call,0.0185546772744315,0.019,0.0195,0.3515891349951406,0.1922466110480915,1.334276516269982,0.0013780374171165068,-0.00029054039332871936,4701,130,64871.4
2026-08-08 02:23:06,okx,BTC,BTC-USD-261030-95000-P,2026-10-30,95000,put,0.4510626506309498,,,0.38009758762631984,-1.4237308358955936,3.1698967091535923,0.00027947644286069724,-0.00005145524323702642,0,0,64871.4
2026-08-08 02:23:06,okx,BTC,BTC-USD-261030-95000-C,2026-10-30,95000,call,0.0016177708529473,0.0017,0.0019,0.38009758762631984,0.023434047376566472,0.2755669426092726,0.00027947644286069724,-0.00006376874088223794,1907,10,64871.4
2026-08-08 02:23:06,okx,BTC,BTC-USD-261030-85000-P,2026-10-30,85000,put,0.3024744889683859,,,0.357938570459358,-1.2253632252987332,3.2770191968824602,0.0006744508479051198,-0.00013673314062272852,0,0,64871.4
2026-08-08 02:23:06,okx,BTC,BTC-USD-261030-85000-C,2026-10-30,85000,call,0.0053629877592013,0.0055,0.006,0.357938570459358,0.069468512365831,0.6873557215533321,0.0006744508479051198,-0.00014487312747111088,2728,10,64871.4
2026-08-08 02:23:06,okx,BTC,BTC-USD-261030-90000-P,2026-10-30,90000,put,0.3761170872907569,,,0.36743852022813134,-1.3315414098123886,3.1767120758551046,0.00043037030898777993,-0.00008468949791955731,0,0,64871.4
2026-08-08 02:23:06,okx,BTC,BTC-USD-261030-90000-C,2026-10-30,90000,call,0.0028388967971635,0.0031,0.0032,0.36743852022813134,0.03945690065597366,0.4347154549183806,0.00043037030898777993,-0.00009491624016635425,1404,112,64871.4
2026-08-08 02:23:06,okx,BTC,BTC-USD-260814-62500-P,2026-08-14,62500,put,0.0029407918675093,0.0026,0.0027,0.28575219926628714,-0.1525414305582679,6.5374507767864305,0.00030416981556174923,-0.0006971229523632587,5837,5694,64871.4
2026-08-08 02:23:06,okx,BTC,BTC-USD-260814-62500-C,2026-08-14,62500,call,0.0402969515218772,0.0385,0.041,0.28575219926628714,0.8101024097873643,4.612163096095166,0.00030416981556174923,-0.0006971229523632587,375,0,64871.4
2026-08-08 02:23:06,okx,BTC,BTC-USD-260809-64750-C,2026-08-09,64750,call,0.0033018732006246,0.003,0.0035,0.09980586372515639,0.6173950833907589,64.33994786284775,0.0002212648730413486,-0.0008947996686720142,2426,3257,64871.4
2026-08-08 02:23:06,okx,BTC,BTC-USD-260814-64500-C,2026-08-14,64500,call,0.0164746144830011,0.016,0.0165,0.24893759211993702,0.5699313829139837,10.833987283812231,0.0005090937311377294,-0.0010164638073547005,1977,2333,64871.4
2026-08-08 02:23:06,okx,BTC,BTC-USD-260814-64500-P,2026-08-14,64500,put,0.0099230577196934,0.0095,0.01,0.24893759211993702,-0.4235170603227087,12.820884170285616,0.0005090937311377294,-0.0010164638073547005,3118,5075,64871.4
2026-08-08 02:23:06,okx,BTC,BTC-USD-260925-56000-C,2026-09-25,56000,call,0.1523343139889841,0.151,0.1525,0.4088573146363101,0.712070225803609,0.04109531460667717,0.000791661700958166,-0.0003355275537156898,163,0,64871.4
2026-08-08 02:23:06,okx,BTC,BTC-USD-260809-64750-P,2026-08-09,64750,put,0.0015368849542111,0.0014,0.0015,0.09980586372515639,-0.38083992836282765,66.33641788635491,0.0002212648730413486,-0.0008947996686720142,3006,4184,64871.4
2026-08-08 02:23:06,okx,BTC,BTC-USD-260925-56000-P,2026-09-25,56000,put,0.0108974652429393,0.01,0.0105,0.4088573146363101,-0.14649424175715833,1.7582242497282117,0.000791661700958166,-0.0003355275537156898,4771,3,64871.4
2026-08-08 02:23:06,okx,BTC,BTC-USD-260811-65750-C,2026-08-11,65750,call,0.0020255372798689,0.002,0.0021,0.17706162726691516,0.21297533993122256,17.10555428509596,0.00027503620620764475,-0.0007529137648858543,805,905,64871.4
2026-08-08 02:23:06,okx,BTC,BTC-USD-260811-65750-P,2026-08-11,65750,put,0.0154062618145194,,,0.17706162726691516,-0.8004053846034279,19.132315734165257,0.00027503620620764475,-0.0007529137648858543,0,0,64871.4
2026-08-08 02:23:06,okx,BTC,BTC-USD-260810-60000-P,2026-08-10,60000,put,0.0000000015570563,,0.0001,0.20460627422595912,-0.0000005115634531793588,0.000162813549271945,0.0000000020260992241113797,-0.000000009278287778941141,350,365,64871.4
2026-08-08 02:23:06,okx,BTC,BTC-USD-260810-61000-C,2026-08-10,61000,call,0.0597236425576822,0.005,,0.20393037848861983,0.940221455754296,-1.8663347966131896,0.00000017609209787163425,-0.0000008037296203631627,0,0,64871.4
2026-08-08 02:23:06,okx,BTC,BTC-USD-260810-60000-C,2026-08-10,60000,call,0.0751378101493088,0.005,,0.20460627422595912,0.9248616798442943,-1.849561569266223,0.0000000020260992241113797,-0.000000009278287778941141,0,0,64871.4
2026-08-08 02:23:06,okx,BTC,BTC-USD-260808-64750-C,2026-08-08,64750,call,0.0025656357150056,0.002,0.0026,0.14259915934129422,0.6963393926307898,95.06522479978993,0.00008817894289859886,-0.0006287121564472092,10819,14105,64871.4
2026-08-08 02:23:06,okx,BTC,BTC-USD-260808-64750-P,2026-08-08,64750,put,0.000691902279633,0.0005,0.0006,0.14259915934129422,-0.30178687393383763,97.06147733291918,0.00008817894289859886,-0.0006287121564472092,9271,14209,64871.4
2026-08-08 02:23:06,okx,BTC,BTC-USD-260808-65750-P,2026-08-08,65750,put,0.0135521923755672,0.0001,,0.21247957227808018,-1.0072978115653275,5.293488511774279,0.000004466368145640717,-0.000047450599661109087,0,0,64871.4
2026-08-08 02:23:06,okx,BTC,BTC-USD-260809-65100-C,2026-08-09,65100,call,0.0007861417362261,0.0008,0.001,0.09150859845362563,0.24793965444340574,59.0662798872113,0.000184268961382072,-0.0006832369983786177,3663,4471,64871.4
2026-08-08 02:23:06,okx,BTC,BTC-USD-260809-65100-P,2026-08-09,65100,put,0.0044170184182105,0.0018,0.006,0.09150859845362563,-0.7556912222385785,61.07354164057527,0.000184268961382072,-0.0006832369983786177,126,130,64871.4
2026-08-08 02:23:06,okx,BTC,BTC-USD-260810-65250-P,2026-08-10,65250,put,0.0080043744864926,,,0.14489217812520003,-0.7006761922689838,32.40656823517432,0.0002749594526219666,-0.0008916651170656246,0,0,64871.4
2026-08-08 02:23:06,okx,BTC,BTC-USD-260808-65750-C,2026-08-08,65750,call,0.0000108483350384,,0.0001,0.21247957227808018,0.006243532475201477,3.266405823693221,0.000004466368145640717,-0.000047450599661109087,4607,7138,64871.4
2026-08-08 02:23:06,okx,BTC,BTC-USD-260810-61000-P,2026-08-10,61000,put,0.0000002038222254,,0.0002,0.20393037848861983,-0.000055105510247175656,0.014218325915896807,0.00000017609209787163425,-0.0000008037296203631627,1809,1809,64871.4
2026-08-08 02:23:06,okx,BTC,BTC-USD-260810-65250-C,2026-08-10,65250,call,0.0022167413305672,0.0023,0.0024,0.14489217812520003,0.30511144088694164,30.394992968862464,0.0002749594526219666,-0.0008916651170656246,2546,2646,64871.4
2026-08-08 02:23:06,okx,BTC,BTC-USD-260828-58000-C,2026-08-28,58000,call,0.1114507092385221,0.11,0.114,0.3717245792751706,0.799006586761298,0.24164686392112983,0.00037909458858432783,-0.00034516944085241874,3154,0,64871.4
2026-08-08 02:23:06,okx,BTC,BTC-USD-260828-58000-P,2026-08-28,58000,put,0.0037357265304748,0.0035,0.0036,0.3717245792751706,-0.09272560015732961,2.0251112377583853,0.00037909458858432783,-0.0003481204986512405,21190,840,64871.4
2026-08-08 02:23:06,okx,BTC,BTC-USD-260925-82000-C,2026-09-25,82000,call,0.0016533141381022,0.002,0.0021,0.3372610397031897,0.03384420082208316,0.5699039557734514,0.0002841643741587985,-0.00009934650362312101,7193,100,64871.4
2026-08-08 02:23:06,okx,BTC,BTC-USD-260925-82000-P,2026-09-25,82000,put,0.2588350713313937,0.2585,0.2615,0.3372610397031897,-1.223339483820469,3.084271325058556,0.0002841643741587985,-0.00009934650362312101,2089,0,64871.4
2026-08-08 02:23:06,okx,BTC,BTC-USD-260811-70000-C,2026-08-11,70000,call,0.0000590276054644,,0.0002,0.3201486314635843,0.006072334110792609,0.5630079567809206,0.00001631477070830137,-0.00008075390659390382,0,0,64871.4
2026-08-08 02:23:06,okx,BTC,BTC-USD-260811-70000-P,2026-08-11,70000,put,0.0789434491632672,0.005,,0.3201486314635843,-1.0728120874470102,2.7207767998965267,0.00001631477070830137,-0.00008075390659390382,0,0,64871.4
2026-08-08 02:23:06,okx,BTC,BTC-USD-260814-67500-C,2026-08-14,67500,call,0.0013480488272254,0.0014,0.0015,0.2271156353033143,0.09624573535661687,5.615803703941349,0.00022530413475907424,-0.00041041183984772366,1172,1172,64871.4
2026-08-08 02:23:06,okx,BTC,BTC-USD-260814-67500-P,2026-08-14,67500,put,0.0410033964005082,0.0055,,0.2271156353033143,-0.9434096122166659,7.695114399087915,0.00022530413475907424,-0.00041041183984772366,0,0,64871.4
2026-08-08 02:23:06,okx,BTC,BTC-USD-260809-66250-C,2026-08-09,66250,call,0.0000180840494894,,0.0002,0.14631296290999332,0.006549134109923361,2.1519312971032036,0.000010709433234521934,-0.00006349018274073359,684,722,64871.4
2026-08-08 02:23:06,okx,BTC,BTC-USD-260828-67000-C,2026-08-28,67000,call,0.0143461864323405,0.0145,0.015,0.2827686839219709,0.3225135795262363,4.836992823315126,0.0008593313519116805,-0.0006000618344412396,11036,833,64871.4
2026-08-08 02:23:06,okx,BTC,BTC-USD-260809-66250-P,2026-08-09,66250,put,0.0213782312104949,0.0055,,0.14631296290999332,-1.0148110130510823,4.194651591425215,0.000010709433234521934,-0.00006349018274073359,0,0,64871.4
2026-08-08 02:23:06,okx,BTC,BTC-USD-260810-66250-C,2026-08-10,66250,call,0.0002007044887807,0.0002,0.0003,0.15393760543511043,0.04107397780184458,7.257808665563474,0.00006915557142601391,-0.00023826490720029356,150,150,64871.4
2026-08-08 02:23:06,okx,BTC,BTC-USD-260810-66250-P,2026-08-10,66250,put,0.021402707501502,0.0195,,0.15393760543511043,-0.9801280252108766,9.300212671588916,0.00006915557142601391,-0.00023826490720029356,0,0,64871.4
2026-08-08 02:23:06,okx,BTC,BTC-USD-260828-67000-P,2026-08-28,67000,put,0.0450032270280209,0.0435,0.048,0.2827686839219709,-0.7075908432935577,6.897201668954715,0.0008593313519116805,-0.0005992218721162958,1692,0,64871.4
2026-08-08 02:23:06,okx,BTC,BTC-USD-260925-58000-C,2026-09-25,58000,call,0.1260009663985927,0.1245,0.126,0.3895900926260039,0.6898816572813965,0.49941661018496253,0.00096746802502268,-0.00039071610065332383,857,0,64871.4
2026-08-08 02:23:06,okx,BTC,BTC-USD-260925-58000-P,2026-09-25,58000,put,0.0152270873401891,0.0145,0.015,0.3895900926260039,-0.19934582697796954,2.277871578703695,0.00096746802502268,-0.00039071610065332383,25219,837,64871.4
2026-08-08 02:23:06,okx,BTC,BTC-USD-260809-65300-C,2026-08-09,65300,call,0.0002756744895236,0.0004,0.0006,0.09244321837814246,0.10679137703792564,34.09571358664507,0.00010722763297859416,-0.0004016419439258565,519,685,64871.4
2026-08-08 02:23:06,okx,BTC,BTC-USD-260809-65300-P,2026-08-09,65300,put,0.0069899025591638,0.0055,0.0085,0.09244321837814246,-0.8999228510317147,36.10914204278435,0.00010722763297859416,-0.0004016419439258565,36,36,64871.4
2026-08-08 02:23:06,okx,BTC,BTC-USD-270326-30000-C,2027-03-26,30000,call,0.5569865619905457,0.555,0.559,0.6189124896364153,0.4122594460832637,-0.6832166430974033,0.000551638923839509,-0.00007414548385939632,700,0,64871.4
2026-08-08 02:23:06,okx,BTC,BTC-USD-260808-65250-P,2026-08-08,65250,put,0.0058956120392047,0.0047,0.0075,0.13475599209261907,-0.9616246827722139,29.340962954370823,0.000023685874578548702,-0.00015959067637068378,776,354,64871.4
2026-08-08 02:23:06,okx,BTC,BTC-USD-270326-40000-C,2027-03-26,40000,call,0.4170232070355336,0.4155,0.42,0.5265335824690323,0.5066376831852992,-0.6701753194946211,0.0011395238898823355,-0.00013030169482923344,501,0,64871.4
2026-08-08 02:23:06,okx,BTC,BTC-USD-270326-35000-P,2027-03-26,35000,put,0.0111602138321054,0.0115,0.012,0.5691553548649535,-0.0605276349301193,0.3469089754988604,0.000810838997554857,-0.00010022267925166586,9608,2,64871.4
2026-08-08 02:23:06,okx,BTC,BTC-USD-270326-35000-C,2027-03-26,35000,call,0.4860506465171354,0.4845,0.4885,0.5691553548649535,0.4645827202147689,-0.7033117347909159,0.000810838997554857,-0.00010022267925166586,500,10,64871.4
2026-08-08 02:23:06,okx,BTC,BTC-USD-260808-65250-C,2026-08-08,65250,call,0.0000618067366264,,0.0003,0.13475599209261907,0.044209122530364124,27.329295343765665,0.000023685874578548702,-0.00015959067637068378,4728,8562,64871.4
2026-08-08 02:23:06,okx,BTC,BTC-USD-270326-30000-P,2027-03-26,30000,put,0.0070804768319486,0.0065,0.0075,0.6189124896364153,-0.03783514404092618,0.21697253715097642,0.000551638923839509,-0.00007414548385939632,224937,482,64871.4
2026-08-08 02:23:06,okx,BTC,BTC-USD-270326-50000-C,2027-03-26,50000,call,0.2889576617455652,0.287,0.291,0.46286347426782554,0.5439715673851001,-0.4072213331067848,0.001987463457417192,-0.00019978027993877633,341,0,64871.4
2026-08-08 02:23:06,okx,BTC,BTC-USD-270326-45000-P,2027-03-26,45000,put,0.0260394171169554,0.0255,0.027,0.49121063442455276,-0.1407217187461804,0.7780012270025616,0.0015385589495492769,-0.00016412791615175266,12209,0,64871.4
2026-08-08 02:23:06,okx,BTC,BTC-USD-270326-45000-C,2027-03-26,45000,call,0.350898544854851,0.349,0.3535,0.49121063442455276,0.5344201664401045,-0.5722825433700082,0.0015385589495492769,-0.00016412791615175266,520,0,64871.4
2026-08-08 02:23:06,okx,BTC,BTC-USD-270326-40000-P,2027-03-26,40000,put,0.0171484268240707,0.017,0.018,0.5265335824690323,-0.09348843698028719,0.5300769208365519,0.0011395238898823355,-0.00013030169482923344,53556,226,64871.4
2026-08-08 02:23:06,okx,BTC,BTC-USD-270326-60000-C,2027-03-26,60000,call,0.1831750682837476,0.1815,0.1845,0.4245403998603526,0.5013697463713653,0.05147622064579164,0.002823092388568722,-0.0002602823205197403,791,0,64871.4
2026-08-08 02:23:06,okx,BTC,BTC-USD-270326-55000-P,2027-03-26,55000,put,0.057793787985005,0.057,0.0585,0.440886899934401,-0.2923689637639678,1.4614644073956524,0.0024381919884652234,-0.0002334509518388681,6481,0,64871.4
2026-08-08 02:23:06,okx,BTC,BTC-USD-270326-55000-C,2027-03-26,55000,call,0.2326216107757664,0.231,0.2345,0.440886899934401,0.5328044514637137,-0.18888242305971054,0.0024381919884652234,-0.0002334509518388681,1012,0,64871.4
2026-08-08 02:23:06,okx,BTC,BTC-USD-270326-50000-P,2027-03-26,50000,put,0.0391141864812367,0.0385,0.0395,0.46286347426782554,-0.20618608282188303,1.0930939673071816,0.001987463457417192,-0.00019978027993877633,9354,5,64871.4
2026-08-08 02:23:06,okx,BTC,BTC-USD-270326-70000-C,2027-03-26,70000,call,0.1075805864273337,0.107,0.1085,0.4056530416292802,0.39600884066753766,0.4462070243184266,0.0031683327243382004,-0.0002791168620697133,4723,146,64871.4
2026-08-08 02:23:06,okx,BTC,BTC-USD-270326-65000-P,2027-03-26,65000,put,0.1166475012738759,0.116,0.1175,0.4130466847182218,-0.5215961832184629,2.224618213905813,0.003078096210075203,-0.00027610984052092664,5177,104,64871.4
2026-08-08 02:23:06,okx,BTC,BTC-USD-270326-65000-C,2027-03-26,65000,call,0.141444019117503,0.1405,0.1425,0.4130466847182218,0.4536087620506152,0.2742083233676571,0.003078096210075203,-0.00027610984052092664,1080,140,64871.4
2026-08-08 02:23:06,okx,BTC,BTC-USD-270326-60000-P,2027-03-26,60000,put,0.0833628979665532,0.0825,0.084,0.4245403998603526,-0.3988194338770144,1.8518545811425509,0.002823092388568722,-0.0002602823205197403,6584,3,64871.4
2026-08-08 02:23:06,okx,BTC,BTC-USD-270326-80000-C,2027-03-26,80000,call,0.0603452365899188,0.0595,0.061,0.3985618793229179,0.27749438539883775,0.5997093260447189,0.002902958245974962,-0.0002512679529174631,5796,0,64871.4
2026-08-08 02:23:06,okx,BTC,BTC-USD-270326-75000-P,2027-03-26,75000,put,0.2061469732668802,0.2035,0.2075,0.4011750666077502,-0.7897111118978419,2.8039501359702785,0.0030986976562187725,-0.000269968871603525,3365,0,64871.4
2026-08-08 02:23:06,okx,BTC,BTC-USD-270326-75000-C,2027-03-26,75000,call,0.0809121861633732,0.08,0.0815,0.4011750666077502,0.3355253634126328,0.553477185349329,0.0030986976562187725,-0.000269968871603525,5706,168,64871.4
2026-08-08 02:23:06,okx,BTC,BTC-USD-270326-70000-P,2027-03-26,70000,put,0.1577997210572737,0.1565,0.16,0.4056530416292802,-0.6542118696222387,2.5466484448979796,0.0031683327243382004,-0.0002791168620697133,2971,0,64871.4
2026-08-08 02:23:06,okx,ETH,ETH-USD-260925-800-P,2026-09-25,800,put,0.0003029621841158,0.0004,,0.9227907320412614,-0.003048824190985946,0.031267909709861326,0.000030693874819637255,-0.000029361031453473146,30458,0,1912.21
2026-08-08 02:23:06,okx,ETH,ETH-USD-260925-800-C,2026-09-25,800,call,0.5836003872746078,0.582,0.585,0.9227907320412614,0.4137136314028874,-0.8022570014778853,0.000030693874819637255,-0.000029361031453473146,10,0,1912.21
2026-08-08 02:23:06,okx,ETH,ETH-USD-260925-1200-P,2026-09-25,1200,put,0.0023334434798521,0.0024,0.0026,0.690168578061515,-0.025206370606600713,0.26652964288084996,0.00019710819661055242,-0.00014101854649394273,30395,16,1912.21
2026-08-08 02:23:06,okx,ETH,ETH-USD-260925-1200-C,2026-09-25,1200,call,0.3772795811155901,0.3705,,0.690168578061515,0.5999373127842094,-0.9837577239007702,0.00019710819661055242,-0.00014101854649394273,89,0,1912.21
2026-08-08 02:23:06,okx,ETH,ETH-USD-260925-1000-P,2026-09-25,1000,put,0.0009331386155708,0.0009,0.0012,0.8041474115268464,-0.009666154778448479,0.10028951648294764,0.00008603040225816974,-0.00007171400687806302,17800,0,1912.21
2026-08-08 02:23:06,okx,ETH,ETH-USD-260925-1000-C,2026-09-25,1000,call,0.4800549199786857,0.4785,0.4815,0.8041474115268464,0.5112869147138932,-0.9416166225017358,0.00008603040225816974,-0.00007171400687806302,900,0,1912.21
2026-08-08 02:23:06,okx,ETH,ETH-USD-260809-1910-P,2026-08-09,1910,put,0.0029939106698033,0.0029,0.0032,0.15942674624055217,-0.43537527688266264,43.28725318235057,0.00022862945647177845,-0.0014768430974606767,8277,8175,1912.21
2026-08-08 02:23:06,okx,ETH,ETH-USD-260809-1910-C,2026-08-09,1910,call,0.0045021257588176,0.0042,0.0045,0.15942674624055217,0.5630904102936315,41.290321807997984,0.00022862945647177845,-0.0014768430974606767,6127,5061,1912.21
2026-08-08 02:23:06,okx,ETH,ETH-USD-261225-600-P,2026-12-25,600,put,0.0015388916901232,0.0012,0.0018,0.871220228667464,-0.00884942517221891,0.05532826268170129,0.00012505698235740543,-0.000039125551547431617,12557,0,1912.21
2026-08-08 02:23:06,okx,ETH,ETH-USD-261225-600-C,2026-12-25,600,call,0.6908644970691252,0.689,0.693,0.871220228667464,0.3018153178906811,-0.5660012234440988,0.00012505698235740543,-0.000039125551547431617,7,0,1912.21
2026-08-08 02:23:06,okx,ETH,ETH-USD-261225-1000-P,2026-12-25,1000,put,0.0081586161465255,0.008,0.009,0.693354474416598,-0.04811669507905435,0.2972963017792215,0.000531789610291241,-0.00013240968364234984,14935,0,1912.21
2026-08-08 02:23:06,okx,ETH,ETH-USD-261225-1000-C,2026-12-25,1000,call,0.490367958444862,0.4885,0.493,0.693354474416598,0.46965787669244563,-0.7382528417637785,0.000531789610291241,-0.00013240968364234984,0,0,1912.21
2026-08-08 02:23:06,okx,ETH,ETH-USD-261225-800-P,2026-12-25,800,put,0.0038334145994452,0.0038,0.0042,0.773520343962873,-0.022426879368525898,0.1401122817558832,0.0002810788332531726,-0.00007807724124667627,22183,0,1912.21
2026-08-08 02:23:06,okx,ETH,ETH-USD-261225-800-C,2026-12-25,800,call,0.5896008884381143,0.5875,0.593,0.773520343962873,0.3917927780486741,-0.6883270330785168,0.0002810788332531726,-0.00007807724124667627,905,0,1912.21
2026-08-08 02:23:06,okx,ETH,ETH-USD-261225-1400-P,2026-12-25,1400,put,0.0313706790276105,0.031,0.0315,0.5867320181415786,-0.17389025541094255,0.9694711065455588,0.0013914469225410678,-0.0002931777518758334,16141,474,1912.21
2026-08-08 02:23:06,okx,ETH,ETH-USD-261225-1400-C,2026-12-25,1400,call,0.3064637582452815,0.305,0.308,0.5867320181415786,0.5509941450691574,-0.48029769441464115,0.0013914469225410678,-0.0002931777518758334,380,0,1912.21
2026-08-08 02:23:06,okx,ETH,ETH-USD-261225-1200-P,2026-12-25,1200,put,0.0163472589092067,0.016,0.017,0.63160122819557,-0.09488031384249762,0.5655696615778193,0.0009054463864175897,-0.00020536682217579206,7160,1003,1912.21
2026-08-08 02:23:06,okx,ETH,ETH-USD-261225-1200-C,2026-12-25,1200,call,0.3949984696672105,0.393,0.3975,0.63160122819557,0.5264491722833025,-0.6770893106737808,0.0009054463864175897,-0.00020536682217579206,250,0,1912.21
2026-08-08 02:23:06,okx,ETH,ETH-USD-261225-1800-P,2026-12-25,1800,put,0.0961801919311168,0.0955,0.097,0.537464353083783,-0.4488297436127034,2.016540967265882,0.0022939624728085155,-0.00044275202021598,21638,70,1912.21
2026-08-08 02:23:06,okx,ETH,ETH-USD-261225-1800-C,2026-12-25,1800,call,0.1641570080681224,0.163,0.165,0.537464353083783,0.48316448557599667,0.152552508888482,0.0022939624728085155,-0.00044275202021598,9931,0,1912.21
2026-08-08 02:23:06,okx,ETH,ETH-USD-261225-1600-P,2026-12-25,1600,put,0.0569271669636738,0.056,0.0575,0.5562480088355956,-0.29280017611032166,1.48192779541476,0.0019019001874935743,-0.00037991003731660175,27969,2152,1912.21
2026-08-08 02:23:06,okx,ETH,ETH-USD-261225-1600-C,2026-12-25,1600,call,0.2284621146410121,0.227,0.2295,0.5562480088355956,0.5356391387240783,-0.17495083425403976,0.0019019001874935743,-0.00037991003731660175,2809,0,1912.21
2026-08-08 02:23:06,okx,ETH,ETH-USD-261225-2200-P,2026-12-25,2200,put,0.2181406335974685,0.217,0.219,0.52483599979192,-0.8128397873648279,2.821544473280026,0.0023941882413598347,-0.0004512388538851484,1804,428,1912.21
2026-08-08 02:23:06,okx,ETH,ETH-USD-261225-2200-C,2026-12-25,2200,call,0.0790011866538087,0.0785,0.0795,0.52483599979192,0.3262642705324722,0.5433363574854259,0.0023941882413598347,-0.0004512388538851484,16431,130,1912.21
2026-08-08 02:23:06,okx,ETH,ETH-USD-261225-2000-P,2026-12-25,2000,put,0.1503421594136277,0.15,0.1515,0.5278921594096289,-0.6280412631766582,2.4777710735068954,0.0024601312204808237,-0.00046636726746897864,10117,1,1912.21
2026-08-08 02:23:06,okx,ETH,ETH-USD-261225-2000-C,2026-12-25,2000,call,0.1147608440103005,0.1145,0.1155,0.5278921594096289,0.4075078803663418,0.4066727864208958,0.0024601312204808237,-0.00046636726746897864,15625,280,1912.21
2026-08-08 02:23:06,okx,ETH,ETH-USD-261225-2600-P,2026-12-25,2600,put,0.3834267186581666,0.374,0.388,0.529522881312584,-1.1554073619542604,3.2346894002189015,0.001866166343603712,-0.00035486213500372966,1760,0,1912.21
2026-08-08 02:23:06,okx,ETH,ETH-USD-261225-2600-C,2026-12-25,2600,call,0.0371710086338412,0.0365,0.0375,0.529522881312584,0.1908065246516396,0.5422616270071007,0.001866166343603712,-0.00035486213500372966,38584,1986,1912.21
2026-08-08 02:23:06,okx,ETH,ETH-USD-260808-1930-P,2026-08-08,1930,put,0.00945636715983,0.0075,0.0105,0.22111414466506746,-0.9608182221344339,19.94017014206087,0.000025546534460128588,-0.0002824350058154001,2590,2872,1912.21
2026-08-08 02:23:06,okx,ETH,ETH-USD-260810-1870-C,2026-08-10,1870,call,0.0240679354238266,0.022,,0.274212981559547,0.8336246479113124,8.82474746641451,0.00017609381938433436,-0.0010807153133781658,0,0,1912.21
2026-08-08 02:23:06,okx,ETH,ETH-USD-261225-2400-P,2026-12-25,2400,put,0.2967692338745159,0.2935,0.298,0.5257189687265366,-0.990570849801614,3.0617516676249394,0.002167081152066249,-0.0004091225329386645,919,0,1912.21
2026-08-08 02:23:06,okx,ETH,ETH-USD-260810-1870-P,2026-08-10,1870,put,0.0015787280612004,0.0012,0.0013,0.274212981559547,-0.14390918809984996,10.779815138436833,0.00017609381938433436,-0.0010807153133781658,1209,1209,1912.21
2026-08-08 02:23:06,okx,ETH,ETH-USD-261225-2400-C,2026-12-25,2400,call,0.0540716553905235,0.0535,0.0545,0.5257189687265366,0.25208812244998596,0.57643372312174,0.002167081152066249,-0.0004091225329386645,25635,91,1912.21
2026-08-08 02:23:06,okx,ETH,ETH-USD-261225-3000-P,2026-12-25,3000,put,0.5716942068649494,0.5605,0.5765,0.5430074446933616,-1.4456384486364238,3.5085337264626335,0.0012785692217548278,-0.0002493185582555279,801,0,1912.21
2026-08-08 02:23:06,okx,ETH,ETH-USD-260808-1930-C,2026-08-08,1930,call,0.0001129474978504,,0.0003,0.22111414466506746,0.04852519752754554,17.921483302736913,0.000025546534460128588,-0.0002824350058154001,11252,29066,1912.21
2026-08-08 02:23:06,okx,ETH,ETH-USD-261225-3000-C,2026-12-25,3000,call,0.0183222337599587,0.018,0.019,0.5430074446933616,0.10768526667807644,0.40188629583363344,0.0012785692217548278,-0.0002493185582555279,29578,309,1912.21
2026-08-08 02:23:06,okx,ETH,ETH-USD-261225-2800-P,2026-12-25,2800,put,0.4756821865358897,0.4645,0.4825,0.5354825851933519,-1.3065146648365176,3.3756438799992154,0.0015577687841340157,-0.0002995524841493842,697,0,1912.21
2026-08-08 02:23:06,okx,ETH,ETH-USD-261225-2800-C,2026-12-25,2800,call,0.0258683449712317,0.025,0.026,0.5354825851933519,0.14325413612368257,0.47610627807881506,0.0015577687841340157,-0.0002995524841493842,9647,57,1912.21
2026-08-08 02:23:06,okx,ETH,ETH-USD-261225-1300-P,2026-12-25,1300,put,0.0227794133119379,0.0225,0.023,0.6072012329846781,-0.12970144189225072,0.7506752671746052,0.0011379090573005563,-0.00024812171611350407,11463,277,1912.21
2026-08-08 02:23:06,okx,ETH,ETH-USD-261225-3400-P,2026-12-25,3400,put,0.7702788220423094,,,0.5610386908824766,-1.6979281613016297,3.7930680532888763,0.0008500949507769299,-0.00017127139159379243,1,0,1912.21
2026-08-08 02:23:06,okx,ETH,ETH-USD-261225-3400-C,2026-12-25,3400,call,0.0097905858566534,0.0095,0.0105,0.5610386908824766,0.06250538272147035,0.272200965242676,0.0008500949507769299,-0.00017127139159379243,11601,0,1912.21
2026-08-08 02:23:06,okx,ETH,ETH-USD-261225-3200-P,2026-12-25,3200,put,0.6701780581261598,,,0.5516426412488783,-1.575310682291327,3.645998512212302,0.0010424286900049882,-0.00020650413964659224,0,0,1912.21
2026-08-08 02:23:06,okx,ETH,ETH-USD-261225-3200-C,2026-12-25,3200,call,0.0132479534808363,0.013,0.014,0.5516426412488783,0.081567947377473,0.33224125287470185,0.0010424286900049882,-0.00020650413964659224,36730,319,1912.21
2026-08-08 02:23:06,okx,ETH,ETH-USD-261225-4000-P,2026-12-25,4000,put,1.0756476954724061,1.064,1.087,0.591414140981364,-2.040483149666577,4.293006514102801,0.0004783684163689104,-0.00010159650776752865,580,0,1912.21
2026-08-08 02:23:06,okx,ETH,ETH-USD-261225-4000-C,2026-12-25,4000,call,0.0044850646657522,0.0042,0.0047,0.591414140981364,0.030615137419422987,0.15080993993080077,0.0004783684163689104,-0.00010159650776752865,3464,0,1912.21
2026-08-08 02:23:06,okx,ETH,ETH-USD-261225-3600-P,2026-12-25,3600,put,0.8714411987035185,0.8595,0.882,0.5709276732744801,-1.8154290844086778,3.9506479394252234,0.0006964632736171829,-0.00014279200481509107,100,0,1912.21
2026-08-08 02:23:06,okx,ETH,ETH-USD-261225-1300-C,2026-12-25,1300,call,0.3496515582997753,0.3475,0.3525,0.6072012329846781,0.5434055014106993,-0.5955386194312949,0.0011379090573005563,-0.00024812171611350407,434,0,1912.21
2026-08-08 02:23:06,okx,ETH,ETH-USD-261225-3600-C,2026-12-25,3600,call,0.0073948309775299,0.007,0.008,0.5709276732744801,0.04855937396872209,0.22267102267042332,0.0006964632736171829,-0.00014279200481509107,5811,0,1912.21
2026-08-08 02:23:06,okx,ETH,ETH-USD-261225-5000-P,2026-12-25,5000,put,1.590659940216875,,,0.6417102658649273,-2.57674219147206,5.242624244909125,0.00021820439942690762,-0.000050283681497973904,2,0,1912.21
2026-08-08 02:23:06,okx,ETH,ETH-USD-261225-5000-C,2026-12-25,5000,call,0.0017066517085574,0.0015,0.0021,0.6417102658649273,0.01213066738544072,0.06487852719412467,0.00021820439942690762,-0.000050283681497973904,5081,0,1912.21
2026-08-08 02:23:06,okx,ETH,ETH-USD-261225-4500-P,2026-12-25,4500,put,1.3327080119490253,,,0.6170616902329169,-2.3114011815020983,4.756459405892143,0.00031461033923605645,-0.00006971498731780147,0,0,1912.21
2026-08-08 02:23:06,okx,ETH,ETH-USD-261225-4500-C,2026-12-25,4500,call,0.0026500522915393,0.0024,0.003,0.6170616902329169,0.01858439146965228,0.09648825994864381,0.00031461033923605645,-0.00006971498731780147,3136,0,1912.21
2026-08-08 02:23:06,okx,ETH,ETH-USD-261225-6000-P,2026-12-25,6000,put,2.107588431835679,0.0001,,0.6862441518926259,-3.1005938272824807,6.246573512296752,0.00011880966249801834,-0.000029278916147882678,0,0,1912.21
2026-08-08 02:23:06,okx,ETH,ETH-USD-261225-6000-C,2026-12-25,6000,call,0.0008444856256979,0.0006,0.0012,0.6862441518926259,0.006053603346519655,0.033278651038750745,0.00011880966249801834,-0.000029278916147882678,8064,0,1912.21
2026-08-08 02:23:06,okx,ETH,ETH-USD-261225-5500-P,2026-12-25,5500,put,1.8490207919025257,,,0.6648336588635594,-2.8393769809226264,5.741133509967196,0.0001582004743145418,-0.000037769858437752235,0,0,1912.21
2026-08-08 02:23:06,okx,ETH,ETH-USD-261225-5500-C,2026-12-25,5500,call,0.0011721745433762,0.001,0.0015,0.6648336588635594,0.008383163820623672,0.045613220480696645,0.0001582004743145418,-0.000037769858437752235,4891,0,1912.21
2026-08-08 02:23:06,okx,ETH,ETH-USD-261225-8000-P,2026-12-25,8000,put,3.142626775907332,0.0001,,0.755568992072431,-4.140037918947723,8.296466934582503,0.00004724269854182997,-0.000012818387633241581,0,0,1912.21
2026-08-08 02:23:06,okx,ETH,ETH-USD-261225-8000-C,2026-12-25,8000,call,0.000301514294023,0.0002,0.0007,0.755568992072431,0.0021586552242772463,0.012073786238502724,0.00004724269854182997,-0.000012818387633241581,272,0,1912.21
2026-08-08 02:23:06,okx,ETH,ETH-USD-261225-7000-P,2026-12-25,7000,put,2.6250182469997725,0.0001,,0.723966293523556,-3.6209551668219118,7.268111782088778,0.00007235960797448767,-0.00001881218016302256,0,0,1912.21
2026-08-08 02:23:06,okx,ETH,ETH-USD-261225-7000-C,2026-12-25,7000,call,0.0004836430881274,0.0001,0.0009,0.723966293523556,0.003466835578588551,0.01926777728777684,0.00007235960797448767,-0.00001881218016302256,4510,0,1912.21
2026-08-08 02:23:06,okx,ETH,ETH-USD-260828-1850-P,2026-08-28,1850,put,0.0251690983663427,0.025,0.0255,0.43319684126523894,-0.3722139177958755,4.364439503212932,0.0008693306210644542,-0.0009303987019293613,13732,1976,1912.21
2026-08-08 02:23:06,okx,ETH,ETH-USD-260809-1930-C,2026-08-09,1930,call,0.000808196026123,0.0009,0.001,0.1573534036557641,0.16618370910844732,27.00992724349119,0.0001454612265326937,-0.0009273942047158127,2445,2367,1912.21
2026-08-08 02:23:06,okx,ETH,ETH-USD-260828-1850-C,2026-08-28,1850,call,0.0593834511876628,0.0585,0.0605,0.43319684126523894,0.5933484391505383,2.4333147893201046,0.0008693306210644542,-0.0009301399072525532,9539,0,1912.21
2026-08-08 02:23:06,okx,ETH,ETH-USD-270326-800-C,2027-03-26,800,call,0.6005115855837925,0.597,0.6035,0.7384806934010275,0.3647143877740422,-0.598418741259792,0.000610267686302107,-0.00009787234348635572,1,0,1912.21
2026-08-08 02:23:06,okx,ETH,ETH-USD-270326-600-P,2027-03-26,600,put,0.0048908828283753,0.0044,0.0055,0.8228322079591133,-0.021364915174202123,0.10553280968646472,0.00032596291908917115,-0.000058247856507204015,143914,0,1912.21
2026-08-08 02:23:06,okx,ETH,ETH-USD-260808-2150-P,2026-08-08,2150,put,0.1243981449952648,0.026,,1.0571197454217556,-1.1243918383941591,2.2498618853987735,0.000000007308411677486641,-0.0000003862933145971031,0,0,1912.21
2026-08-08 02:23:06,okx,ETH,ETH-USD-270326-600-C,2027-03-26,600,call,0.6976645508921131,0.6945,0.7,0.8228322079591133,0.2858519782501326,-0.5089009771622046,0.00032596291908917115,-0.000058247856507204015,23,0,1912.21
2026-08-08 02:23:06,okx,ETH,ETH-USD-260808-1940-P,2026-08-08,1940,put,0.0146105206103327,0.0125,0.015,0.2649754039121291,-0.9989482848414345,7.855363746836885,0.00000995202478087161,-0.0001318520893027486,897,3297,1912.21
2026-08-08 02:23:06,okx,ETH,ETH-USD-270326-1200-C,2027-03-26,1200,call,0.4195475717137162,0.415,0.4215,0.6320040050755534,0.4694513856708242,-0.5618871623931823,0.0015029890965894944,-0.0002062890269841536,85,0,1912.21
2026-08-08 02:23:06,okx,ETH,ETH-USD-260808-2150-C,2026-08-08,2150,call,0.0000000350091217,,0.0015,1.0571197454217556,0.000006271591983904826,0.0010656654264872046,0.000000007308411677486641,-0.0000003862933145971031,0,0,1912.21
2026-08-08 02:23:06,okx,ETH,ETH-USD-270326-1000-P,2027-03-26,1000,put,0.0191608008851635,0.018,0.0195,0.6766706489813337,-0.08414127038436238,0.40416284829603466,0.0010068057634892269,-0.00014795290576570503,75808,410,1912.21
2026-08-08 02:23:06,okx,ETH,ETH-USD-260809-1930-P,2026-08-09,1930,put,0.0097553922974331,0.0085,0.011,0.1573534036557641,-0.8427371161534624,29.027768894015008,0.0001454612265326937,-0.0009273942047158127,1789,1279,1912.21
2026-08-08 02:23:06,okx,ETH,ETH-USD-270326-1000-C,2027-03-26,1000,call,0.5071169143247265,0.503,0.5095,0.6766706489813337,0.4278868853228622,-0.6198934631184144,0.0010068057634892269,-0.00014795290576570503,1,0,1912.21
2026-08-08 02:23:06,okx,ETH,ETH-USD-260808-1940-C,2026-08-08,1940,call,0.0000373422972549,,0.0002,0.2649754039121291,0.015624893471643246,5.826217390210729,0.00000995202478087161,-0.0001318520893027486,8896,17550,1912.21
2026-08-08 02:23:06,okx,ETH,ETH-USD-270326-800-P,2027-03-26,800,put,0.0101466948321421,0.0095,0.011,0.7384806934010275,-0.04490813679173748,0.22082630787176744,0.000610267686302107,-0.00009787234348635572,5741,3657,1912.21
2026-08-08 02:23:06,okx,ETH,ETH-USD-270326-1600-C,2027-03-26,1600,call,0.2706537591537246,0.266,0.284,0.5786017141628323,0.4758651796315344,-0.25516620439379994,0.002542245612588706,-0.00031944617283748687,2491,0,1912.21
2026-08-08 02:23:06,okx,ETH,ETH-USD-270326-1400-P,2027-03-26,1400,put,0.0569438497050631,0.0545,0.057,0.600354090239662,-0.2314215973282346,1.0024546314337375,0.0020434559874756807,-0.000266423929209474,30057,0,1912.21
2026-08-08 02:23:06,okx,ETH,ETH-USD-270326-1400-C,2027-03-26,1400,call,0.3400824085204512,0.335,0.3415,0.600354090239662,0.4854178206618797,-0.4312242045464912,0.0020434559874756807,-0.000266423929209474,60,0,1912.21
2026-08-08 02:23:06,okx,ETH,ETH-USD-270326-1200-P,2027-03-26,1200,put,0.0340002355862407,0.032,0.034,0.6320040050755534,-0.14498240117784528,0.6669804113041568,0.0015029890965894944,-0.0002062890269841536,3054,0,1912.21
2026-08-08 02:23:06,okx,ETH,ETH-USD-270326-2000-C,2027-03-26,2000,call,0.1650417153955365,0.163,0.1655,0.5559458455066199,0.40123416698937286,0.08855299426325121,0.003124620354812432,-0.0003772508384430216,5166,0,1912.21
2026-08-08 02:23:06,okx,ETH,ETH-USD-270326-1800-P,2027-03-26,1800,put,0.1339979252986985,0.132,0.135,0.5643927561780039,-0.4763031802574441,1.7721491476154232,0.0029176267495037854,-0.00035761162659091254,8697,398,1912.21
2026-08-08 02:23:06,okx,ETH,ETH-USD-260809-1940-C,2026-08-09,1940,call,0.0003139455334502,0.0004,0.0005,0.16587424482508123,0.07296052023735022,14.272182347584947,0.00008085804535682395,-0.0005434294723805058,4179,4762,1912.21
2026-08-08 02:23:06,okx,ETH,ETH-USD-270326-1800-C,2027-03-26,1800,call,0.2123189294899117,0.208,0.2125,0.5643927561780039,0.44534750001556006,-0.07115221293058512,0.0029176267495037854,-0.00035761162659091254,4060,0,1912.21
2026-08-08 02:23:06,okx,ETH,ETH-USD-260809-1940-P,2026-08-09,1940,put,0.0144888474849226,0.012,0.0165,0.16587424482508123,-0.9411878740673674,16.30047913619438,0.00008085804535682395,-0.0005434294723805058,436,436,1912.21
2026-08-08 02:23:06,okx,ETH,ETH-USD-270326-1600-P,2027-03-26,1600,put,0.089923977650424,0.0875,0.09,0.5786017141628323,-0.34337986950002486,1.3833238938693186,0.002542245612588706,-0.00031944617283748687,24535,95,1912.21
2026-08-08 02:23:06,okx,ETH,ETH-USD-270326-2400-C,2027-03-26,2400,call,0.0989292166233892,0.097,0.1,0.5502156858572498,0.30114752566135733,0.2818543391134972,0.0030685647217317947,-0.0003666643800444002,2644,0,1912.21
2026-08-08 02:23:06,okx,ETH,ETH-USD-270326-2200-P,2027-03-26,2200,put,0.2543373294033144,0.2515,0.2585,0.5518627673204599,-0.7752651894793695,2.459482822732008,0.003164090702638711,-0.0003792106151343633,346,0,1912.21
2026-08-08 02:23:06,okx,ETH,ETH-USD-270326-2200-C,2027-03-26,2200,call,0.1278407789703528,0.126,0.1285,0.5518627673204599,0.3511967530765245,0.20655893762021985,0.003164090702638711,-0.0003792106151343633,1390,0,1912.21
2026-08-08 02:23:06,okx,ETH,ETH-USD-270326-2000-P,2027-03-26,2000,put,0.1891294885164107,0.187,0.191,0.5559458455066199,-0.6228221444250762,2.136665617092149,0.003124620354812432,-0.0003772508384430216,4485,0,1912.21
2026-08-08 02:23:06,okx,ETH,ETH-USD-270326-2800-C,2027-03-26,2800,call,0.0596452722722104,0.0585,0.061,0.5512073617540645,0.2132691325219358,0.332802879994535,0.002640150052870007,-0.0003160414799700042,6922,0,1912.21
2026-08-08 02:23:06,okx,ETH,ETH-USD-270326-2600-P,2027-03-26,2600,put,0.4079759330996901,0.3935,0.431,0.5501088399400007,-1.0766921058333554,2.983534226687431,0.0028805928115230397,-0.0003441366790291043,697,0,1912.21
2026-08-08 02:23:06,okx,ETH,ETH-USD-270326-2600-C,2027-03-26,2600,call,0.0766618280425535,0.0755,0.0775,0.5501088399400007,0.2545810990054283,0.3209878170098634,0.0028805928115230397,-0.0003441366790291043,2962,0,1912.21
2026-08-08 02:23:06,okx,ETH,ETH-USD-270326-2400-P,2027-03-26,2400,put,0.3278345443684384,0.324,0.332,0.5502156858572498,-0.9277200480359816,2.7395894865081756,0.0030685647217317947,-0.0003666643800444002,431,0,1912.21
2026-08-08 02:23:06,okx,ETH,ETH-USD-260828-2150-P,2026-08-28,2150,put,0.1290166748180603,0.1205,,0.42720076777280214,-0.9924703601919738,4.157838495813712,0.0005145896484909955,-0.0005422526223875105,0,0,1912.21
2026-08-08 02:23:06,okx,ETH,ETH-USD-270326-3200-C,2027-03-26,3200,call,0.0368259211384886,0.036,0.038,0.5560621394081278,0.1479628648120127,0.30806806252500113,0.002118519519596929,-0.00025583282297895956,4791,0,1912.21
2026-08-08 02:23:06,okx,ETH,ETH-USD-260828-2150-C,2026-08-28,2150,call,0.006641904482291,0.0065,0.007,0.42720076777280214,0.1296696762592639,1.9135584229112366,0.0005145896484909955,-0.0005431757312625411,13147,1012,1912.21
2026-08-08 02:23:06,okx,ETH,ETH-USD-270326-3000-P,2027-03-26,3000,put,0.5828203095315221,0.5625,0.606,0.5532570845854048,-1.3582997201212514,3.398243498040847,0.002378818490517335,-0.00028581746065124285,470,0,1912.21
2026-08-08 02:23:06,okx,ETH,ETH-USD-270326-3000-C,2027-03-26,3000,call,0.0466886498502107,0.046,0.048,0.5532570845854048,0.17778474700042216,0.3260745637974998,0.002378818490517335,-0.00028581746065124285,3998,0,1912.21
2026-08-08 02:23:06,okx,ETH,ETH-USD-270326-2800-P,2027-03-26,2800,put,0.4933681546414346,0.478,0.518,0.5512073617540645,-1.220409703458293,3.200160551954992,0.002640150052870007,-0.0003160414799700042,6500,0,1912.21
2026-08-08 02:23:06,okx,ETH,ETH-USD-270326-3600-C,2027-03-26,3600,call,0.0235329392493651,0.0235,0.0255,0.5633587081582463,0.10295968248410757,0.257994649786369,0.0016485387998851212,-0.00020169013278387125,1622,169,1912.21
2026-08-08 02:23:06,okx,ETH,ETH-USD-270326-3400-P,2027-03-26,3400,put,0.770249608582822,,,0.5594695992707445,-1.61764155294285,3.765949157414966,0.0018727269762921206,-0.00022753668472348337,1,0,1912.21
2026-08-08 02:23:06,okx,ETH,ETH-USD-270326-3400-C,2027-03-26,3400,call,0.0293003942773356,0.029,0.031,0.5594695992707445,0.12325417646171358,0.28415769860583906,0.0018727269762921206,-0.00022753668472348337,3731,0,1912.21
2026-08-08 02:23:06,okx,ETH,ETH-USD-270326-3200-P,2027-03-26,3200,put,0.6753663581318876,,,0.5560621394081278,-1.490527233451106,3.5850482590512383,0.002118519519596929,-0.00025583282297895956,1,0,1912.21
2026-08-08 02:23:06,okx,ETH,ETH-USD-270326-4500-C,2027-03-26,4500,call,0.0099139396041447,0.0105,0.012,0.5846345426274536,0.048817697457939443,0.1546570246367587,0.000930390660287142,-0.00011812730086170633,2332,432,1912.21
2026-08-08 02:23:06,okx,ETH,ETH-USD-270326-4000-P,2027-03-26,4000,put,1.063811106384393,,,0.5722155402073421,-1.9752865518862253,4.303348417068763,0.001273311035467941,-0.0001582321095476002,0,0,1912.21
2026-08-08 02:23:06,okx,ETH,ETH-USD-270326-4000-C,2027-03-26,4000,call,0.0156355601426442,0.016,0.0175,0.5722155402073421,0.07282607094267275,0.20712317141096742,0.001273311035467941,-0.0001582321095476002,8207,0,1912.21
2026-08-08 02:23:06,okx,ETH,ETH-USD-270326-3600-P,2027-03-26,3600,put,0.8668909308669389,,,0.5633587081582463,-1.7403416780619008,3.9445973708783852,0.0016485387998851212,-0.00020169013278387125,20,0,1912.21
2026-08-08 02:23:06,okx,ETH,ETH-USD-270326-5500-C,2027-03-26,5500,call,0.0047177627697349,0.005,0.0065,0.6115975303645207,0.024750111136575118,0.08851581586586245,0.000532441561151476,-0.00007071933010514111,1068,0,1912.21
2026-08-08 02:23:06,okx,ETH,ETH-USD-270326-5000-P,2027-03-26,5000,put,1.5668819507420775,,,0.5979080363686056,-2.526066881204096,5.236313672289312,0.0006946296474521199,-0.00009019618591748575,10,0,1912.21
2026-08-08 02:23:06,okx,ETH,ETH-USD-270326-5000-C,2027-03-26,5000,call,0.006662517939892,0.007,0.0085,0.5979080363686056,0.03407389733202691,0.11603211521706598,0.0006946296474521199,-0.00009019618591748575,1646,0,1912.21
2026-08-08 02:23:06,okx,ETH,ETH-USD-270326-4500-P,2027-03-26,4500,put,1.3141114291261116,,,0.5846345426274536,-2.255309003224571,4.7629104260017785,0.000930390660287142,-0.00011812730086170633,0,0,1912.21
2026-08-08 02:23:06,okx,ETH,ETH-USD-260810-1930-P,2026-08-10,1930,put,0.0125746510406681,0.0115,0.0135,0.232427152889973,-0.696297697355247,20.962414187152646,0.0002784015321382097,-0.0014482304166748782,540,347,1912.21
2026-08-08 02:23:06,okx,ETH,ETH-USD-270326-7000-C,2027-03-26,7000,call,0.00215110061174,0.002,0.0033,0.6528492392422445,0.011656306543620529,0.04469773381487375,0.00028006869066295686,-0.00003970799242396776,1493,0,1912.21
2026-08-08 02:23:06,okx,ETH,ETH-USD-270326-6000-P,2027-03-26,6000,put,2.0757604494610122,0.0001,,0.6254256275812633,-3.053515119968509,6.213306656816645,0.00041926561405288985,-0.00005694628342278804,0,0,1912.21
2026-08-08 02:23:06,okx,ETH,ETH-USD-270326-6000-C,2027-03-26,6000,call,0.0034971300983894,0.0037,0.0047,0.6254256275812633,0.018653814274838334,0.06896878832994878,0.00041926561405288985,-0.00005694628342278804,20287,0,1912.21
2026-08-08 02:23:06,okx,ETH,ETH-USD-260810-1930-C,2026-08-10,1930,call,0.0036998757518275,0.0039,0.004,0.232427152889973,0.31260086066696857,18.94461707110822,0.0002784015321382097,-0.0014482304166748782,879,1165,1912.21
2026-08-08 02:23:06,okx,ETH,ETH-USD-270326-5500-P,2027-03-26,5500,put,1.8209591388521393,,,0.6115975303645207,-2.7914047452531596,5.7208255286453324,0.000532441561151476,-0.00007071933010514111,0,0,1912.21
2026-08-08 02:23:06,okx,ETH,ETH-USD-270326-9000-C,2027-03-26,9000,call,0.0011176365396851,0.0007,0.0019,0.7047409688976816,0.006028536512939777,0.023399756930847965,0.00015761810158585984,-0.00002412326448976478,40529,0,1912.21
2026-08-08 02:23:06,okx,ETH,ETH-USD-270326-8000-P,2027-03-26,8000,put,3.097837317134689,0.0001,,0.6793908392637598,-4.088158701884557,8.223776621516285,0.000203384068576646,-0.000030008002302870915,0,0,1912.21
2026-08-08 02:23:06,okx,ETH,ETH-USD-270326-8000-C,2027-03-26,8000,call,0.0014862246511914,0.0012,0.0025,0.6793908392637598,0.008066543773239981,0.031326130200692165,0.000203384068576646,-0.000030008002302870915,60,0,1912.21
2026-08-08 02:23:06,okx,ETH,ETH-USD-270326-7000-P,2027-03-26,7000,put,2.5864583065348,0.0001,,0.6528492392422445,-3.5725407834069514,7.213091913716017,0.00028006869066295686,-0.00003970799242396776,0,0,1912.21
2026-08-08 02:23:06,okx,ETH,ETH-USD-270326-9000-P,2027-03-26,9000,put,3.6095126155836197,0.0001,,0.7047409688976816,-4.602224864852081,9.23990655966089,0.00015761810158585984,-0.00002412326448976478,0,0,1912.21
2026-08-08 02:23:06,okx,ETH,ETH-USD-260810-1880-C,2026-08-10,1880,call,0.0195108784585965,0.005,,0.2622752522045317,0.7849903493099388,11.888698981117422,0.00021605171824834273,-0.0012682188941565702,0,0,1912.21
2026-08-08 02:23:06,okx,ETH,ETH-USD-260810-1880-P,2026-08-10,1880,put,0.0022490015378816,0.0019,0.002,0.2622752522045317,-0.19777094036973233,13.854221560476764,0.00021605171824834273,-0.0012682188941565702,825,885,1912.21
2026-08-08 02:23:06,okx,ETH,ETH-USD-260809-1775-C,2026-08-09,1775,call,0.072082298233126,0.0655,,0.3079491505385966,0.9278794087039176,-1.852304008087528,0.0000000359699005878071,-0.00000044880660424570305,0,0,1912.21
2026-08-08 02:23:06,okx,ETH,ETH-USD-260809-1775-P,2026-08-09,1775,put,0.0000000564619216,,,0.3079491505385966,-0.000014096394470729836,0.0034830021092491265,0.0000000359699005878071,-0.00000044880660424570305,1307,169,1912.21
2026-08-08 02:23:06,okx,ETH,ETH-USD-260809-1750-C,2026-08-09,1750,call,0.0851515074304027,0.0775,,0.31105696219308904,0.914824172188366,-1.829532594914213,0.0000000012172928017800496,-0.00000001534178779090504,0,0,1912.21
2026-08-08 02:23:06,okx,ETH,ETH-USD-260828-1450-P,2026-08-28,1450,put,0.0013474491676088,0.0013,0.0015,0.6179951549245875,-0.024811112037700096,0.4304667452187164,0.00013047355876403944,-0.0001992383072690468,15863,25518,1912.21
2026-08-08 02:23:06,okx,ETH,ETH-USD-260809-1750-P,2026-08-09,1750,put,0.0000000014587926,,0.0001,0.31105696219308904,-0.00000041030300284225515,0.0001165700685246093,0.0000000012172928017800496,-0.00000001534178779090504,1441,0,1912.21
2026-08-08 02:23:06,okx,ETH,ETH-USD-260828-1450-C,2026-08-28,1450,call,0.244347299531715,0.2425,0.2465,0.6179951549245875,0.7319810055689486,-1.0831174899945812,0.00013047355876403944,-0.00019740364118978678,580,0,1912.21
2026-08-08 02:23:06,okx,ETH,ETH-USD-260809-1700-C,2026-08-09,1700,call,0.1112900343725409,0.102,,0.31294052110227016,0.8886867372355788,-1.777373459272052,0.0000000000001608110808916423,-0.0000000000020390072194410993,0,0,1912.21
2026-08-08 02:23:06,okx,ETH,ETH-USD-260809-1700-P,2026-08-09,1700,put,0.0000000000001197,,0.0001,0.31294052110227016,-0.00000000004175104167785725,0.00000001528260742895066,0.0000000000001608110808916423,-0.0000000000020390072194410993,185,36,1912.21
2026-08-08 02:23:06,okx,ETH,ETH-USD-260809-1650-C,2026-08-09,1650,call,0.1374285627732323,0.1255,,0.31326167693130014,0.8625488920632904,-1.7250977841264812,0.000000000000000001056270265927875,-0.00000000000000001340674391751772,0,0,1912.21
2026-08-08 02:23:06,okx,ETH,ETH-USD-260809-1650-P,2026-08-09,1650,put,0.0000000000000001,,0.0001,0.31326167693130014,-0.0000000000000002207688977007075,0.0000000000001001728748742846,0.000000000000000001056270265927875,-0.00000000000000001340674391751772,25,20,1912.21
2026-08-08 02:23:06,okx,ETH,ETH-USD-260809-1860-C,2026-08-09,1860,call,0.0277644706225733,0.0265,0.0295,0.24109222425316634,0.9499324695172054,1.884121062497136,0.00003084387037599793,-0.0003012957904464071,130,0,1912.21
2026-08-08 02:23:06,okx,ETH,ETH-USD-260809-1860-P,2026-08-09,1860,put,0.0001177271327477,,0.0003,0.24109222425316634,-0.0223953724450495,3.828776746421646,0.00003084387037599793,-0.0003012957904464071,3945,1714,1912.21
2026-08-08 02:23:06,okx,ETH,ETH-USD-260809-1850-C,2026-08-09,1850,call,0.0329396477020035,0.0315,0.035,0.2571658153602226,0.9546412410940674,0.23887300166799671,0.000018677343024163115,-0.00019461186923787658,606,0,1912.21
2026-08-08 02:23:06,okx,ETH,ETH-USD-260809-1850-P,2026-08-09,1850,put,0.0000651985320156,0.0001,0.0002,0.2571658153602226,-0.012459031825379677,2.173073547506891,0.000018677343024163115,-0.00019461186923787658,8651,1886,1912.21
2026-08-08 02:23:06,okx,ETH,ETH-USD-260809-1825-C,2026-08-09,1825,call,0.0459549968107566,0.0415,,0.2858693779189814,0.9517603526819074,-1.4774001641401815,0.000004118473264699467,-0.000047702910633091426,0,0,1912.21
2026-08-08 02:23:06,okx,ETH,ETH-USD-260809-1825-P,2026-08-09,1825,put,0.0000112834403634,0.0001,0.0002,0.2858693779189814,-0.0022709976305201234,0.4306625364846736,0.000004118473264699467,-0.000047702910633091426,1875,965,1912.21
2026-08-08 02:23:06,okx,ETH,ETH-USD-260809-1800-C,2026-08-09,1800,call,0.059014084023966,0.0535,,0.30091020199621066,0.9407168112275408,-1.8291798094254492,0.0000005316074318427212,-0.000006481401823157711,0,0,1912.21
2026-08-08 02:23:06,okx,ETH,ETH-USD-260809-1800-P,2026-08-09,1800,put,0.0000011064531672,,0.0002,0.30091020199621066,-0.0002456164778671475,0.0527450459853667,0.0000005316074318427212,-0.000006481401823157711,18396,16236,1912.21
2026-08-08 02:23:06,okx,ETH,ETH-USD-260809-1925-C,2026-08-09,1925,call,0.0013021113133944,0.0013,0.0014,0.1554204547070906,0.24341532311433867,34.27800487364584,0.00018267726411768398,-0.0011503597161344155,17958,19887,1912.21
2026-08-08 02:23:06,okx,ETH,ETH-USD-260828-1300-C,2026-08-28,1300,call,0.3217221796083612,0.3145,,0.7005310553491012,0.6705925869325349,-1.2158732404285386,0.00004866419564081898,-0.00008181232014591205,86,0,1912.21
2026-08-08 02:23:06,okx,ETH,ETH-USD-260809-1925-P,2026-08-09,1925,put,0.0076354547446233,0.007,0.009,0.1554204547070906,-0.7628917176261671,36.29061895512685,0.00018267726411768398,-0.0011503597161344155,15668,20240,1912.21
2026-08-08 02:23:06,okx,ETH,ETH-USD-260828-1300-P,2026-08-28,1300,put,0.0004277676657103,0.0005,0.0008,0.7005310553491012,-0.007910690921701907,0.14113331527993514,0.00004866419564081898,-0.00008423793800109146,10625,163,1912.21
2026-08-08 02:23:06,okx,ETH,ETH-USD-260809-1900-C,2026-08-09,1900,call,0.0081834931924579,0.007,0.0105,0.16991702242689696,0.7472266145353821,30.294095845679923,0.00018261806612537076,-0.0012572499280722768,3226,1922,1912.21
2026-08-08 02:23:06,okx,ETH,ETH-USD-260809-1900-P,2026-08-09,1900,put,0.0014475724232812,0.0013,0.0014,0.16991702242689696,-0.2460115035981041,32.28057208194689,0.00018261806612537076,-0.0012572499280722768,2296,2695,1912.21
2026-08-08 02:23:06,okx,ETH,ETH-USD-260809-1880-C,2026-08-09,1880,call,0.0175654137497717,0.016,0.0195,0.2037110641167676,0.9119165393755625,9.573222029712111,0.00007849525599409314,-0.0006478866311181839,420,0,1912.21
2026-08-08 02:23:06,okx,ETH,ETH-USD-260828-1100-C,2026-08-28,1100,call,0.4257374343736676,0.4245,0.427,0.7812823729315255,0.5731257438115335,-1.1289205027862599,0.000007506214903086437,-0.000011277670779607932,0,0,1912.21
2026-08-08 02:23:06,okx,ETH,ETH-USD-260809-1880-P,2026-08-09,1880,put,0.0003740816202706,0.0003,0.0004,0.2037110641167676,-0.07086644067230807,11.538787989807853,0.00007849525599409314,-0.0006478866311181839,2813,2089,1912.21
2026-08-08 02:23:06,okx,ETH,ETH-USD-260828-1100-P,2026-08-28,1100,put,0.0000502736596237,,,0.7812823729315255,-0.0009924143728206772,0.019315813582448473,0.000007506214903086437,-0.00001449122433601325,11081,0,1912.21
2026-08-08 02:23:06,okx,ETH,ETH-USD-260809-1870-C,2026-08-09,1870,call,0.0226269867605971,0.021,0.0245,0.22289274526441968,0.9379760737270205,4.688231293660889,0.00004946668270337921,-0.000446734724467125,1148,270,1912.21
2026-08-08 02:23:06,okx,ETH,ETH-USD-260828-1200-C,2026-08-28,1200,call,0.3736564436665817,0.372,0.375,0.7458942856674632,0.6231775986995334,-1.1947644723672304,0.000021332346885426293,-0.00003649824400180256,0,0,1912.21
2026-08-08 02:23:06,okx,ETH,ETH-USD-260809-1870-P,2026-08-09,1870,put,0.0002079489509338,0.0002,0.0003,0.22289274526441968,-0.039579337278042165,6.6433421156710155,0.00004946668270337921,-0.000446734724467125,3254,1611,1912.21
2026-08-08 02:23:06,okx,ETH,ETH-USD-260828-1200-P,2026-08-28,1200,put,0.0001656573382343,0.0002,,0.7458942856674632,-0.003133119319762179,0.05785696367136053,0.000021332346885426293,-0.00003931782970759493,11528,817,1912.21
2026-08-08 02:23:06,okx,ETH,ETH-USD-260809-2025-C,2026-08-09,2025,call,0.0000508423298741,,0.0001,0.3952152707471649,0.006782406833455403,0.816562201708384,0.00001109211616331884,-0.00017761887585792324,3575,3299,1912.21
2026-08-08 02:23:06,okx,ETH,ETH-USD-260809-2025-P,2026-08-09,2025,put,0.0586612425627254,0.054,,0.3952152707471649,-1.0518003243351286,2.9337276640455516,0.00001109211616331884,-0.00017761887585792324,0,0,1912.21
2026-08-08 02:23:06,okx,ETH,ETH-USD-260809-2000-C,2026-08-09,2000,call,0.0000432800116444,,0.0002,0.3122788597732279,0.0072570403006736485,1.0992024846972481,0.000011758540215413144,-0.00014877740684837774,13446,13730,1912.21
2026-08-08 02:23:06,okx,ETH,ETH-USD-260809-2000-P,2026-08-09,2000,put,0.0455844160440902,0.042,,0.3122788597732279,-1.038256768260891,3.1902301018203767,0.000011758540215413144,-0.00014877740684837774,0,0,1912.21
2026-08-08 02:23:06,okx,ETH,ETH-USD-260809-1975-C,2026-08-09,1975,call,0.0000480975336858,,0.0003,0.2365241164576038,0.010264051013510387,1.9700589409448124,0.00001591815562218652,-0.0001525489300998411,2337,2495,1912.21
2026-08-08 02:23:06,okx,ETH,ETH-USD-260809-1975-P,2026-08-09,1975,put,0.0325199693657259,0.03,,0.2365241164576038,-1.0221808349410346,4.034948712853902,0.00001591815562218652,-0.0001525489300998411,0,0,1912.21
2026-08-08 02:23:06,okx,ETH,ETH-USD-260809-1950-C,2026-08-09,1950,call,0.000139411966535,0.0002,0.0003,0.18015989246753922,0.033732375406278825,7.112814142027606,0.000043735648620338335,-0.0003192527718755467,5100,3711,1912.21
2026-08-08 02:23:06,okx,ETH,ETH-USD-260809-1950-P,2026-08-09,1950,put,0.0195420195981695,0.0185,0.022,0.18015989246753922,-0.9856435879412465,9.151566068722657,0.000043735648620338335,-0.0003192527718755467,520,0,1912.21
2026-08-08 02:23:06,okx,ETH,ETH-USD-260810-1890-P,2026-08-10,1890,put,0.0032374179978282,0.003,0.0031,0.25198962129765146,-0.2699402564775478,17.208447657294535,0.0002570862663063628,-0.0014499088878142748,1865,2338,1912.21
2026-08-08 02:23:06,okx,ETH,ETH-USD-260810-1890-C,2026-08-10,1890,call,0.0152719644766321,0.014,0.017,0.25198962129765146,0.7180484868706323,15.232470170598173,0.0002570862663063628,-0.0014499088878142748,434,434,1912.21
2026-08-08 02:23:06,okx,ETH,ETH-USD-260811-1920-C,2026-08-11,1920,call,0.0091235611235136,0.009,0.0095,0.28892544459301606,0.4423845684755239,13.675650963720308,0.0003727452616614536,-0.0016650321417216495,1190,1415,1912.21
2026-08-08 02:23:06,okx,ETH,ETH-USD-260811-1920-P,2026-08-11,1920,put,0.0128141021289305,0.0125,0.0135,0.28892544459301606,-0.5613059725298932,15.683032045731142,0.0003727452616614536,-0.0016650321417216495,0,0,1912.21
2026-08-08 02:23:06,okx,ETH,ETH-USD-260925-1300-C,2026-09-25,1300,call,0.3265387705309897,0.3185,,0.6397120462227284,0.6369952108781406,-0.9296911298631887,0.00029105926431338095,-0.00019301111640871227,97,0,1912.21
2026-08-08 02:23:06,okx,ETH,ETH-USD-260925-1300-P,2026-09-25,1300,put,0.0036804547589402,0.0038,0.0041,0.6397120462227284,-0.04024377946190354,0.42478685081689976,0.00029105926431338095,-0.00019301111640871227,12554,7,1912.21
2026-08-08 02:23:06,okx,ETH,ETH-USD-260811-1775-C,2026-08-11,1775,call,0.0725828701941098,0.0655,,0.4272943842251925,0.8974211358482734,-0.10333116192342723,0.00006404046479429367,-0.0004230642815224632,0,0,1912.21
2026-08-08 02:23:06,okx,ETH,ETH-USD-260811-1870-C,2026-08-11,1870,call,0.0262775754066471,0.005,,0.3181869924167289,0.7539566679960348,8.37203464605881,0.00027854124681295044,-0.0013702399856449926,0,0,1912.21
2026-08-08 02:23:06,okx,ETH,ETH-USD-260811-1775-P,2026-08-11,1775,put,0.0004738651340136,0.0003,0.0004,0.4272943842251925,-0.030469859091630358,1.7524508279563802,0.00006404046479429367,-0.0004230642815224632,40,40,1912.21
2026-08-08 02:23:06,okx,ETH,ETH-USD-260811-1870-P,2026-08-11,1870,put,0.0038303419067148,0.0036,0.0037,0.3181869924167289,-0.22359609850403292,10.327140179058944,0.00027854124681295044,-0.0013702399856449926,0,0,1912.21
2026-08-08 02:23:06,okx,ETH,ETH-USD-260811-1750-C,2026-08-11,1750,call,0.0854621322229473,0.0775,,0.45579165933968396,0.8965177207850784,-0.760245335601872,0.000041709105698706145,-0.0002939151358036996,0,0,1912.21
2026-08-08 02:23:06,okx,ETH,ETH-USD-260811-1750-P,2026-08-11,1750,put,0.0002842399101762,0.0001,0.0003,0.45579165933968396,-0.01830438690215057,1.0693988797725862,0.000041709105698706145,-0.0002939151358036996,80,80,1912.21
2026-08-08 02:23:06,okx,ETH,ETH-USD-260810-1860-C,2026-08-10,1860,call,0.0288423922031791,0.0245,,0.28742235739626487,0.8673820943844935,6.284656560878213,0.0001410787169655836,-0.0009075305000689546,0,0,1912.21
2026-08-08 02:23:06,okx,ETH,ETH-USD-260810-1860-P,2026-08-10,1860,put,0.001125854398642,0.0008,0.0009,0.28742235739626487,-0.1049242879581599,8.22926932556352,0.0001410787169655836,-0.0009075305000689546,10100,11473,1912.21
2026-08-08 02:23:06,okx,ETH,ETH-USD-260828-1350-P,2026-08-28,1350,put,0.0006439509475302,0.0007,0.0009,0.6745354087010431,-0.011856052290081008,0.2091225407403954,0.0000693311898587519,-0.00011555867958393427,6635,0,1912.21
2026-08-08 02:23:06,okx,ETH,ETH-USD-260828-1350-C,2026-08-28,1350,call,0.2958401756973328,,,0.6745354087010431,0.6927435054816264,-1.2000765748030195,0.0000693311898587519,-0.00011333004565406132,0,0,1912.21
2026-08-08 02:23:06,okx,ETH,ETH-USD-260811-1875-C,2026-08-11,1875,call,0.0241710343124222,0.005,,0.3139127581981228,0.7315915796993772,9.157909366388703,0.00029541367456646775,-0.0014337197290465958,0,0,1912.21
2026-08-08 02:23:06,okx,ETH,ETH-USD-260811-1875-P,2026-08-11,1875,put,0.0043375782630247,0.0041,0.0042,0.3139127581981228,-0.24857496425122544,11.11824245428991,0.00029541367456646775,-0.0014337197290465958,1274,1277,1912.21
2026-08-08 02:23:06,okx,ETH,ETH-USD-260811-1850-C,2026-08-11,1850,call,0.0352563888549083,0.005,,0.3376970767129061,0.8220697039557779,5.448294761162331,0.00021221449784296958,-0.001107967576213786,0,0,1912.21
2026-08-08 02:23:06,okx,ETH,ETH-USD-260811-1850-P,2026-08-11,1850,put,0.0023540455528361,0.002,0.0021,0.3376970767129061,-0.14502795274214994,7.382490074558186,0.00021221449784296958,-0.001107967576213786,882,946,1912.21
2026-08-08 02:23:06,okx,ETH,ETH-USD-260811-1825-C,2026-08-11,1825,call,0.0473023214597351,0.0415,,0.3661473535334566,0.8693200739792422,2.711456362699894,0.00014437026873190937,-0.000817256463905207,0,0,1912.21
2026-08-08 02:23:06,okx,ETH,ETH-USD-260811-1825-P,2026-08-11,1825,put,0.0013310909049881,0.001,0.0011,0.3661473535334566,-0.08470869546601092,4.6195139015904,0.00014437026873190937,-0.000817256463905207,1794,2314,1912.21
2026-08-08 02:23:06,okx,ETH,ETH-USD-260925-1900-C,2026-09-25,1900,call,0.0738430360206727,0.073,0.0735,0.47606482241965226,0.48410630691781825,1.312672150014992,0.0014349283123060563,-0.0007081294605751262,8786,244,1912.21
2026-08-08 02:23:06,okx,ETH,ETH-USD-260811-1800-C,2026-08-11,1800,call,0.059825569204243,0.0535,,0.39679609148993505,0.8904954893054753,0.96616445082819,0.00009658352528593189,-0.0005925092551918492,0,0,1912.21
2026-08-08 02:23:06,okx,ETH,ETH-USD-260925-1900-P,2026-09-25,1900,put,0.0635116514307543,0.063,0.064,0.47606482241965226,-0.505704525117631,3.29229381408589,0.0014349283123060563,-0.0007081294605751262,6390,1050,1912.21
2026-08-08 02:23:06,okx,ETH,ETH-USD-260811-1800-P,2026-08-11,1800,put,0.0007854513968216,0.0005,0.0006,0.39679609148993505,-0.050464392887103075,2.8480842152133468,0.00009658352528593189,-0.0005925092551918492,275,345,1912.21
2026-08-08 02:23:06,okx,ETH,ETH-USD-260811-1925-C,2026-08-11,1925,call,0.0079789035772118,0.008,0.0085,0.28778893097198793,0.40556132069999523,13.568506820667315,0.0003666690191314274,-0.0016314471238688558,524,745,1912.21
2026-08-08 02:23:06,okx,ETH,ETH-USD-260809-1920-C,2026-08-09,1920,call,0.002050210074423,0.0019,0.0021,0.15510501324789377,0.34096050683644835,40.08246066000548,0.0002137680712981703,-0.0013434133664116286,6095,7034,1912.21
2026-08-08 02:23:06,okx,ETH,ETH-USD-260811-1925-P,2026-08-11,1925,put,0.0142832220331639,0.014,0.015,0.28778893097198793,-0.6007429977559566,15.58111545757922,0.0003666690191314274,-0.0016314471238688558,400,400,1912.21
2026-08-08 02:23:06,okx,ETH,ETH-USD-260811-1910-C,2026-08-11,1910,call,0.0117506429848751,0.0115,0.012,0.2922323974034246,0.5160220068692907,13.435719331588645,0.00037461243795146407,-0.0016925256287044395,0,0,1912.21
2026-08-08 02:23:06,okx,ETH,ETH-USD-260811-1910-P,2026-08-11,1910,put,0.0102136290892223,0.01,0.0105,0.2922323974034246,-0.48244097923505647,15.432645303797338,0.00037461243795146407,-0.0016925256287044395,266,526,1912.21
2026-08-08 02:23:06,okx,ETH,ETH-USD-260811-1900-C,2026-08-11,1900,call,0.0148180111419979,0.014,0.015,0.29686292482476717,0.5865436616484122,12.64028176600858,0.00036333565125579794,-0.0016675876715064773,0,0,1912.21
2026-08-08 02:23:06,okx,ETH,ETH-USD-260811-1900-P,2026-08-11,1900,put,0.0080534423452751,0.008,0.0085,0.29686292482476717,-0.4066917695548651,14.626752628415135,0.00036333565125579794,-0.0016675876715064773,1300,2543,1912.21
2026-08-08 02:23:06,okx,ETH,ETH-USD-260811-1890-C,2026-08-11,1890,call,0.018294838913612,,,0.30277452326505594,0.6508555856413317,11.418316991748105,0.0003412399247419641,-0.0015973639040663275,35,35,1912.21
2026-08-08 02:23:06,okx,ETH,ETH-USD-260811-1890-P,2026-08-11,1890,put,0.0063027152158193,0.006,0.0065,0.30277452326505594,-0.33715229066087565,13.39433274435252,0.0003412399247419641,-0.0015973639040663275,1476,1553,1912.21
2026-08-08 02:23:06,okx,ETH,ETH-USD-260811-2050-C,2026-08-11,2050,call,0.000261488762298,0.0001,0.0004,0.35908836132784194,0.020899639084489885,1.4608003602377162,0.00004780761129825668,-0.0002654135395505889,203,203,1912.21
2026-08-08 02:23:06,okx,ETH,ETH-USD-260811-2050-P,2026-08-11,2050,put,0.0719102434816234,0.066,,0.35908836132784194,-1.0507491156348356,3.6040978696763664,0.00004780761129825668,-0.0002654135395505889,0,0,1912.21
2026-08-08 02:23:06,okx,ETH,ETH-USD-260811-2000-C,2026-08-11,2000,call,0.0008211409615876,0.0009,0.001,0.30965533598562756,0.06440396171338875,4.23293131843082,0.00011967149111223321,-0.0005729199831237551,1098,1112,1912.21
2026-08-08 02:23:06,okx,ETH,ETH-USD-260811-2000-P,2026-08-11,2000,put,0.0463321211755637,0.0415,,0.30965533598562756,-0.9811070185005872,6.323953278858773,0.00011967149111223321,-0.0005729199831237551,0,0,1912.21
2026-08-08 02:23:06,okx,ETH,ETH-USD-260811-1975-C,2026-08-11,1975,call,0.0017464695592687,0.0019,0.002,0.2946749908637649,0.12598809240742684,7.282236622833326,0.0001967132425939778,-0.0008961930588646813,1506,1675,1912.21
2026-08-08 02:23:06,okx,ETH,ETH-USD-260811-1975-P,2026-08-11,1975,put,0.0341885625205702,0.032,,0.2946749908637649,-0.9064540005538745,9.347120808755928,0.0001967132425939778,-0.0008961930588646813,0,0,1912.21
2026-08-08 02:23:06,okx,ETH,ETH-USD-260809-1920-P,2026-08-09,1920,put,0.0057697006655709,0.0055,0.0065,0.15510501324789377,-0.6627327493826535,42.08984717244368,0.0002137680712981703,-0.0013434133664116286,2869,3256,1912.21
2026-08-08 02:23:06,okx,ETH,ETH-USD-260811-1950-C,2026-08-11,1950,call,0.0038348474989896,0.004,0.0041,0.2871825979117316,0.23928650871350457,11.102436749109994,0.00029468428982935157,-0.0013083977939573569,843,1253,1912.21
2026-08-08 02:23:06,okx,ETH,ETH-USD-260811-1950-P,2026-08-11,1950,put,0.0232080532076162,,,0.2871825979117316,-0.7800866969951221,13.141183160527248,0.00029468428982935157,-0.0013083977939573569,0,0,1912.21
2026-08-08 02:23:06,okx,ETH,ETH-USD-260811-2100-C,2026-08-11,2100,call,0.0001499937793221,,0.0002,0.4289044206163993,0.010840805331727453,0.6951211198218106,0.000027240345341634046,-0.00018063330634209837,0,0,1912.21
2026-08-08 02:23:06,okx,ETH,ETH-USD-260811-2100-P,2026-08-11,2100,put,0.0979365230039971,0.09,,0.4289044206163993,-1.0869457238929474,2.89069417827116,0.000027240345341634046,-0.00018063330634209837,0,0,1912.21
2026-08-08 02:23:06,okx,ETH,ETH-USD-260828-2050-C,2026-08-28,2050,call,0.0148635437675803,0.0145,0.015,0.4187698365760886,0.24683342276158432,2.8069665157022894,0.0007662357367161682,-0.0007928000890058774,19648,1044,1912.21
2026-08-08 02:23:06,okx,ETH,ETH-USD-260809-2100-C,2026-08-09,2100,call,0.0000498198344014,,,0.6104234469848591,0.004466045002944562,0.36307838444681045,0.000007677547634983815,-0.00018988677459267722,234,0,1912.21
2026-08-08 02:23:06,okx,ETH,ETH-USD-260809-2100-P,2026-08-09,2100,put,0.0978680126684694,0.09,,0.6104234469848591,-1.0933234539866983,2.558657382426096,0.000007677547634983815,-0.00018988677459267722,0,0,1912.21
2026-08-08 02:23:06,okx,ETH,ETH-USD-260809-2050-C,2026-08-09,2050,call,0.0000573085963822,,0.0001,0.47588851610403116,0.006383566955134936,0.6415185783970231,0.000010527101394108597,-0.00020298082892186307,221,19,1912.21
2026-08-08 02:23:06,okx,ETH,ETH-USD-260809-2050-P,2026-08-09,2050,put,0.0717369730296391,0.066,,0.47588851610403116,-1.0652680868204685,2.78482188594823,0.000010527101394108597,-0.00020298082892186307,0,0,1912.21
2026-08-08 02:23:06,okx,ETH,ETH-USD-260828-2050-P,2026-08-28,2050,put,0.0850419397176532,0.082,0.0865,0.4187698365760886,-0.823114053854712,4.946861468934881,0.0007662357367161682,-0.0007922709479814596,2326,0,1912.21
2026-08-08 02:23:06,okx,ETH,ETH-USD-260828-1650-C,2026-08-28,1650,call,0.1441533341559029,0.1415,0.1465,0.5057819517412612,0.7611083819330312,-0.10815525333951956,0.00039648006430838744,-0.000494443896225016,5363,0,1912.21
2026-08-08 02:23:06,okx,ETH,ETH-USD-260828-1650-P,2026-08-28,1650,put,0.0055462325631897,0.005,0.0055,0.5057819517412612,-0.10006885534350003,1.6141992212135432,0.00039648006430838744,-0.0004954906266030501,7104,75,1912.21
2026-08-08 02:23:06,okx,ETH,ETH-USD-261225-1100-C,2026-12-25,1100,call,0.4420406773706011,0.44,0.4445,0.6602361436146478,0.5013808884894476,-0.7238670889004225,0.0007024122812567192,-0.00016653900631115882,0,0,1912.21
2026-08-08 02:23:06,okx,ETH,ETH-USD-261225-1100-P,2026-12-25,1100,put,0.0116104008424308,0.0115,0.012,0.6602361436146478,-0.06817114045920246,0.41523696899687756,0.0007024122812567192,-0.00016653900631115882,5977,302,1912.21
2026-08-08 02:23:06,okx,ETH,ETH-USD-260811-1880-C,2026-08-11,1880,call,0.0221335302214641,0.005,,0.3099108190578079,0.7069396042812605,9.939973392046719,0.00031176863767065833,-0.0014938048424723064,0,0,1912.21
2026-08-08 02:23:06,okx,ETH,ETH-USD-261225-1900-C,2026-12-25,1900,call,0.1376166181776178,0.137,0.1385,0.5316695449609772,0.4471004207889728,0.29319732209016036,0.0024081898136428226,-0.0004597874110223819,8301,0,1912.21
2026-08-08 02:23:06,okx,ETH,ETH-USD-261225-1900-P,2026-12-25,1900,put,0.1214188678107786,0.1205,0.1225,0.5316695449609772,-0.5366712655768773,2.2607406948218602,0.0024081898136428226,-0.0004597874110223819,11536,454,1912.21
2026-08-08 02:23:06,okx,ETH,ETH-USD-260828-1600-C,2026-08-28,1600,call,0.1685587044979747,0.166,0.171,0.5317810858362315,0.7645405027512049,-0.4960739461028364,0.00030452706843436806,-0.0003988987714587404,2590,0,1912.21
2026-08-08 02:23:06,okx,ETH,ETH-USD-260828-1600-P,2026-08-28,1600,put,0.0038534157124132,0.0037,0.0038,0.5317810858362315,-0.07054045460785575,1.174087968615285,0.00030452706843436806,-0.00040014248576208093,18651,1842,1912.21
2026-08-08 02:23:06,okx,ETH,ETH-USD-260828-1700-C,2026-08-28,1700,call,0.1205803499090487,0.119,0.122,0.48240476346530886,0.745399420304621,0.40911837812815943,0.0005080845537138277,-0.0006047579036867436,8131,10,1912.21
2026-08-08 02:23:06,okx,ETH,ETH-USD-260828-1700-P,2026-08-28,1700,put,0.0080714355091839,0.0075,0.008,0.48240476346530886,-0.14187409688938094,2.1836654125161634,0.0005080845537138277,-0.0006056076501394712,22784,449,1912.21
2026-08-08 02:23:06,okx,ETH,ETH-USD-260828-1400-C,2026-08-28,1400,call,0.2700388356896736,0.2685,0.2715,0.6468375742366339,0.7133913328820876,-1.1588362513005919,0.00009607998254154618,-0.00015153450324067048,802,0,1912.21
2026-08-08 02:23:06,okx,ETH,ETH-USD-260828-1400-P,2026-08-28,1400,put,0.0009407981327192,0.0009,0.0012,0.6468375742366339,-0.01730450480709051,0.3025554240777642,0.00009607998254154618,-0.00015356615324523695,45753,0,1912.21
2026-08-08 02:23:06,okx,ETH,ETH-USD-260811-1880-P,2026-08-11,1880,put,0.0049138516226016,0.0047,0.0048,0.3099108190578079,-0.275840717119877,11.905534034848994,0.00031176863767065833,-0.0014938048424723064,932,932,1912.21
2026-08-08 02:23:06,okx,ETH,ETH-USD-260828-1500-C,2026-08-28,1500,call,0.2188120805185864,0.217,0.2205,0.5886872732716082,0.7476668565828537,-0.9600494985501826,0.0001746862850962229,-0.0002524632436265585,2099,0,1912.21
2026-08-08 02:23:06,okx,ETH,ETH-USD-260828-1500-P,2026-08-28,1500,put,0.0019104173473285,0.0018,0.002,0.5886872732716082,-0.0352215409412656,0.6057272964980561,0.0001746862850962229,-0.000254100925780512,12684,0,1912.21
2026-08-08 02:23:06,okx,ETH,ETH-USD-260828-2000-C,2026-08-28,2000,call,0.021860644081214,0.0215,0.022,0.4180232868509613,0.3269304017049294,3.1044511850523455,0.0008709295595748884,-0.0008994793083432692,34559,2051,1912.21
2026-08-08 02:23:06,okx,ETH,ETH-USD-260828-2000-P,2026-08-28,2000,put,0.0659408528384387,0.0635,0.0675,0.4180232868509613,-0.7169207949938964,5.1921535784499975,0.0008709295595748884,-0.0008991471512441579,14336,2,1912.21
2026-08-08 02:23:06,okx,ETH,ETH-USD-260828-2100-C,2026-08-28,2100,call,0.0099610126808537,0.01,0.0105,0.4218975426777021,0.1807649210838024,2.3766221023801486,0.0006404043391418523,-0.0006675744578237815,29864,143,1912.21
2026-08-08 02:23:06,okx,ETH,ETH-USD-260828-2100-P,2026-08-28,2100,put,0.1062375958237748,0.1045,0.108,0.4218975426777021,-0.9152788354499647,4.568709615447682,0.0006404043391418523,-0.0006668483328740573,3319,0,1912.21
2026-08-08 02:23:06,okx,ETH,ETH-USD-260828-1800-C,2026-08-28,1800,call,0.0776593720010316,0.0765,0.0795,0.4457608401260374,0.6630350979016982,1.758764653421781,0.0007622958536935548,-0.0008390916412557984,17164,0,1912.21
2026-08-08 02:23:06,okx,ETH,ETH-USD-260828-1800-P,2026-08-28,1800,put,0.0173468319868631,0.017,0.0175,0.4457608401260374,-0.27643097912724507,3.6376968074796676,0.0007622958536935548,-0.0008395474198579129,14800,1344,1912.21
2026-08-08 02:23:06,okx,ETH,ETH-USD-260828-1900-C,2026-08-28,1900,call,0.0438936773156552,0.043,0.044,0.4246346892152546,0.5085909894608457,2.9377215751853507,0.0009309815890711255,-0.0009765546061633112,17687,970,1912.21
2026-08-08 02:23:06,okx,ETH,ETH-USD-260828-1900-P,2026-08-28,1900,put,0.0357775116871833,0.0355,0.036,0.4246346892152546,-0.4830676474030388,4.9210388489131205,0.0009309815890711255,-0.0009766164169148128,18046,507,1912.21
2026-08-08 02:23:06,okx,ETH,ETH-USD-260828-2400-C,2026-08-28,2400,call,0.0010838321691655,0.0014,0.0015,0.47969347491428016,0.025152984538165647,0.48851554686075493,0.0001432842537725567,-0.00016983560955671515,22163,4,1912.21
2026-08-08 02:23:06,okx,ETH,ETH-USD-260828-2400-P,2026-08-28,2400,put,0.2539495384691761,0.252,0.257,0.47969347491428016,-1.2274684515004253,2.993758418937937,0.0001432842537725567,-0.00016792758105515208,1610,0,1912.21
2026-08-08 02:23:06,okx,ETH,ETH-USD-260828-2500-C,2026-08-28,2500,call,0.0006341832260707,0.0007,0.001,0.5096538936499174,0.01480761403021115,0.29394607205083956,0.00009141587996431213,-0.00011512412283892022,12150,0,1912.21
2026-08-08 02:23:06,okx,ETH,ETH-USD-260828-2500-P,2026-08-28,2500,put,0.3056962639117779,0.291,,0.5096538936499174,-1.290006381843321,2.9035740637979037,0.00009141587996431213,-0.0001128221264867442,5,0,1912.21
2026-08-08 02:23:06,okx,ETH,ETH-USD-260828-2200-C,2026-08-28,2200,call,0.0044482835541439,0.0047,0.0048,0.43448074942698095,0.0920646211099312,1.4873948062479718,0.0004025991873789773,-0.0004322122521764757,15979,580,1912.21
2026-08-08 02:23:06,okx,ETH,ETH-USD-260828-2200-P,2026-08-28,2200,put,0.1529212410827615,0.1505,0.156,0.43448074942698095,-1.056171695258777,3.783867438985388,0.0004025991873789773,-0.0004310921593761386,3757,2,1912.21
2026-08-08 02:23:06,okx,ETH,ETH-USD-260828-2300-C,2026-08-28,2300,call,0.0020892012669662,0.0024,0.0025,0.45421732834806394,0.04675038305117378,0.8529708077113465,0.00023832027935838436,-0.00026747702424994435,18387,618,1912.21
2026-08-08 02:23:06,okx,ETH,ETH-USD-260828-2300-P,2026-08-28,2300,put,0.2027585331812804,0.2005,0.206,0.45421732834806394,-1.153678493152476,3.2538285601186456,0.00023832027935838436,-0.00026596296359899423,1471,0,1912.21
2026-08-08 02:23:06,okx,ETH,ETH-USD-260828-2800-C,2026-08-28,2800,call,0.0002436824400056,,,0.6162851343972946,0.005248837431803524,0.09783920188627883,0.00003701244108211244,-0.00005636411044850257,4575,0,1912.21
2026-08-08 02:23:06,okx,ETH,ETH-USD-260828-2800-P,2026-08-28,2800,put,0.4618948862828022,0.4585,0.4655,0.6162851343972946,-1.4561428379465524,3.0206225526429913,0.00003701244108211244,-0.0000528802105444877,1005,0,1912.21
2026-08-08 02:23:06,okx,ETH,ETH-USD-260828-2900-C,2026-08-28,2900,call,0.0002074933757199,,,0.6547669071654187,0.004286135047003493,0.07670119496679038,0.00003095211697701859,-0.00005007845324798926,3079,0,1912.21
2026-08-08 02:23:06,okx,ETH,ETH-USD-260828-2900-P,2026-08-28,2900,put,0.5140550716042129,,,0.6547669071654187,-1.509298100166294,3.1038696653933853,0.00003095211697701859,-0.00004620058549336143,0,0,1912.21
2026-08-08 02:23:06,okx,ETH,ETH-USD-260828-2600-C,2026-08-28,2600,call,0.0004179289719545,0.0004,0.0007,0.5430055244377273,0.009614089479201275,0.18981728884828242,0.00006292666712224591,-0.00008443259882518769,4188,0,1912.21
2026-08-08 02:23:06,okx,ETH,ETH-USD-260828-2600-P,2026-08-28,2600,put,0.3576763840433583,0.3425,,0.5430055244377273,-1.3473924662292724,2.90383040026523,0.00006292666712224591,-0.00008173663462239872,5,0,1912.21
2026-08-08 02:23:06,okx,ETH,ETH-USD-260828-2700-C,2026-08-28,2700,call,0.0003057847070887,0.0002,0.0007,0.5788124290825641,0.0068356418686142,0.1318651084366177,0.00004669809655394214,-0.00006678968973399937,6758,0,1912.21
2026-08-08 02:23:06,okx,ETH,ETH-USD-260828-2700-P,2026-08-28,2700,put,0.4097606141641886,0.4065,0.413,0.5788124290825641,-1.4023634736748005,2.950263339523447,0.00004669809655394214,-0.00006369975768059745,4000,0,1912.21
2026-08-08 02:23:06,okx,ETH,ETH-USD-260828-3200-C,2026-08-28,3200,call,0.0001636350473602,,,0.7713750417331602,0.0029625612058666187,0.046354227608050566,0.000022355556648915244,-0.000042611408838268194,2460,0,1912.21
2026-08-08 02:23:06,okx,ETH,ETH-USD-260828-3200-P,2026-08-28,3200,put,0.6706003364329429,0.6675,0.6745,0.7713750417331602,-1.6671993535122547,3.3866780570442936,0.000022355556648915244,-0.00003755163753180152,1000,0,1912.21
2026-08-08 02:23:06,okx,ETH,ETH-USD-260828-3400-C,2026-08-28,3400,call,0.0001546815120255,,0.1,0.846742117569547,0.0025799569790203947,0.03705392798009521,0.000019815077165549828,-0.00004145931391105648,2935,0,1912.21
2026-08-08 02:23:06,okx,ETH,ETH-USD-260828-3400-P,2026-08-28,3400,put,0.774984131669001,,,0.846742117569547,-1.7719670774089835,3.5861479967561025,0.000019815077165549828,-0.000035611606903363904,0,0,1912.21
2026-08-08 02:23:06,okx,ETH,ETH-USD-260828-3000-C,2026-08-28,3000,call,0.0001856336118284,,0.0003,0.6937187318543271,0.0036695915429979064,0.06283582084916904,0.000026987061143007277,-0.000046260814001928675,5469,0,1912.21
2026-08-08 02:23:06,okx,ETH,ETH-USD-260925-1600-C,2026-09-25,1600,call,0.1825233613036528,0.1805,0.1845,0.5272430246224102,0.6697450421693836,-0.13490999679358898,0.0008392808066293686,-0.0004587060844539925,8659,0,1912.21
2026-08-08 02:23:06,okx,ETH,ETH-USD-260828-3000-P,2026-08-28,3000,put,0.566229586226018,,,0.6937187318543271,-1.562107203505241,3.1943894109456465,0.000026987061143007277,-0.0000419889783966879,0,0,1912.21
2026-08-08 02:23:06,okx,ETH,ETH-USD-260925-1400-P,2026-09-25,1400,put,0.0059082521979866,0.006,0.0065,0.5953364429957124,-0.06452985455493881,0.6694187417577031,0.00042511424004418314,-0.00026235206547567814,55026,22,1912.21
2026-08-08 02:23:06,okx,ETH,ETH-USD-260828-3100-C,2026-08-28,3100,call,0.0001721188391577,,,0.7327041945660933,0.0032548491295719757,0.05326902877236854,0.000024280915985698347,-0.000043961076616600564,2918,0,1912.21
2026-08-08 02:23:06,okx,ETH,ETH-USD-260925-1400-C,2026-09-25,1400,call,0.2766787461063476,0.274,0.28,0.5953364429957124,0.6648044427343396,-0.7892498528208537,0.00042511424004418314,-0.00026235206547567814,141,0,1912.21
2026-08-08 02:23:06,okx,ETH,ETH-USD-260828-3100-P,2026-08-28,3100,put,0.6184124458390439,,,0.7327041945660933,-1.6147145057536079,3.2892077385387286,0.000024280915985698347,-0.00003929527316074684,0,0,1912.21
2026-08-08 02:23:06,okx,ETH,ETH-USD-260828-4000-C,2026-08-28,4000,call,0.0001424937473814,,0.1,1.0474302946391192,0.0019622402815830903,0.023002617905410916,0.000015635235070573448,-0.00004046741042335546,215,0,1912.21
2026-08-08 02:23:06,okx,ETH,ETH-USD-260925-2000-C,2026-09-25,2000,call,0.0506481821693393,0.05,0.0505,0.4706629207320561,0.3880141491763048,1.5280326573907554,0.0014330611381687878,-0.0006991833393975777,27505,568,1912.21
2026-08-08 02:23:06,okx,ETH,ETH-USD-260828-4000-P,2026-08-28,4000,put,1.0881501902185362,,,1.0474302946391192,-2.0857401531160686,4.198407404700714,0.000015635235070573448,-0.00003225589631198517,23,0,1912.21
2026-08-08 02:23:06,okx,ETH,ETH-USD-260925-1800-P,2026-09-25,1800,put,0.0415312854430626,0.0415,0.042,0.4868516426772062,-0.3673093441153337,2.7700078232381298,0.0013094980634479406,-0.000660872783478024,20461,294,1912.21
2026-08-08 02:23:06,okx,ETH,ETH-USD-260925-1800-C,2026-09-25,1800,call,0.1039504918966695,0.103,0.105,0.4868516426772062,0.5704061809708814,0.8945767730656998,0.0013094980634479406,-0.000660872783478024,8819,15,1912.21
2026-08-08 02:23:06,okx,ETH,ETH-USD-260925-1600-P,2026-09-25,1600,put,0.0159285111226689,0.016,0.0165,0.5272430246224102,-0.16377986901836303,1.5321398255819043,0.0008392808066293686,-0.0004587060844539925,21533,363,1912.21
2026-08-08 02:23:06,okx,ETH,ETH-USD-260828-3600-C,2026-08-28,3600,call,0.0001502789144339,,,0.9183252040913042,0.0023296635016867837,0.030973271771075415,0.0000181398515038196,-0.000041162872577089146,922,0,1912.21
2026-08-08 02:23:06,okx,ETH,ETH-USD-260925-2400-C,2026-09-25,2400,call,0.0097498939225906,0.01,0.0105,0.4871895381307355,0.11069898492785597,0.9111417633609957,0.0007291420921648295,-0.0003682362086345969,46910,2493,1912.21
2026-08-08 02:23:06,okx,ETH,ETH-USD-260828-3600-P,2026-08-28,3600,put,0.8793724778428028,,,0.9183252040913042,-1.8766024905561998,3.7888375798868488,0.0000181398515038196,-0.000034527229868170664,0,0,1912.21
2026-08-08 02:23:06,okx,ETH,ETH-USD-260925-2200-P,2026-09-25,2200,put,0.1682288026722435,0.165,0.1705,0.4725745149492545,-0.928887140608955,3.6653684914350846,0.0011288390062714287,-0.000552991774769774,3171,0,1912.21
2026-08-08 02:23:06,okx,ETH,ETH-USD-260828-3800-C,2026-08-28,3800,call,0.0001467586383052,,,0.9853304268322383,0.0021346315366738812,0.02652432809048982,0.00001682023113139152,-0.000040953357913140076,5702,0,1912.21
2026-08-08 02:23:06,okx,ETH,ETH-USD-260925-2200-C,2026-09-25,2200,call,0.0222967216710964,0.022,0.0225,0.4725745149492545,0.21720961227419677,1.373174985668781,0.0011288390062714287,-0.000552991774769774,13847,782,1912.21
2026-08-08 02:23:06,okx,ETH,ETH-USD-260828-3800-P,2026-08-28,3800,put,0.9837617063380667,,,0.9853304268322383,-1.9811826421910952,3.9931588755460283,0.00001682023113139152,-0.000033529779502995684,0,0,1912.21
2026-08-08 02:23:06,okx,ETH,ETH-USD-260925-2000-P,2026-09-25,2000,put,0.0924046194431095,0.0915,0.0935,0.4706629207320561,-0.6538919898083786,3.6118449353601223,0.0014330611381687878,-0.0006991833393975777,16216,871,1912.21
2026-08-08 02:23:06,okx,ETH,ETH-USD-260925-2800-C,2026-09-25,2800,call,0.0024143177400646,0.0025,0.0028,0.5385588611385133,0.031173544869780672,0.319238851709958,0.00027157282543294414,-0.00015161279470277236,12378,20,1912.21
2026-08-08 02:23:06,okx,ETH,ETH-USD-260925-2600-P,2026-09-25,2600,put,0.3588727706934181,0.3555,0.364,0.5102804225756428,-1.297650419240641,3.2493639304874207,0.0004410515153213982,-0.00023329992095778146,2836,0,1912.21
2026-08-08 02:23:06,okx,ETH,ETH-USD-260925-2600-C,2026-09-25,2600,call,0.004589402237517,0.0048,0.005,0.5102804225756428,0.05682756143944731,0.5404079691272436,0.0004410515153213982,-0.00023329992095778146,21721,10,1912.21
2026-08-08 02:23:06,okx,ETH,ETH-USD-260925-2400-P,2026-09-25,2400,put,0.2598576186511148,0.257,0.262,0.4871895381307355,-1.1395883818537642,3.411716496924236,0.0007291420921648295,-0.0003682362086345969,4315,0,1912.21
2026-08-08 02:23:06,okx,ETH,ETH-USD-260925-3200-C,2026-09-25,3200,call,0.0009219523390744,0.0009,0.0012,0.6016682953506158,0.012042382280975147,0.12862332648941943,0.0001214171247607959,-0.00007572746833183074,12003,0,1912.21
2026-08-08 02:23:06,okx,ETH,ETH-USD-260925-3000-P,2026-09-25,3000,put,0.5640564147051055,0.5595,0.569,0.5695952392319708,-1.544244057189793,3.3227180914401804,0.0001763070161910552,-0.00010410037953573041,898,0,1912.21
2026-08-08 02:23:06,okx,ETH,ETH-USD-260925-3000-C,2026-09-25,3000,call,0.0014217587944503,0.0015,0.0017,0.5695952392319708,0.018615151287232037,0.19699967448613037,0.0001763070161910552,-0.00010410037953573041,14126,0,1912.21
2026-08-08 02:23:06,okx,ETH,ETH-USD-260925-2800-P,2026-09-25,2800,put,0.4608733299233429,0.458,0.4655,0.5385588611385133,-1.427495049708776,3.236576040867071,0.00027157282543294414,-0.00015161279470277236,2930,0,1912.21
2026-08-08 02:23:06,okx,ETH,ETH-USD-260925-3600-C,2026-09-25,3600,call,0.0004762227746767,0.0003,0.0007,0.6646436285516384,0.006057447808015102,0.06378393562171017,0.0000666629768116982,-0.00004592930941560103,9760,0,1912.21
2026-08-08 02:23:06,okx,ETH,ETH-USD-260925-3400-P,2026-09-25,3400,put,0.7716304160493531,0.7675,0.777,0.6336058241687778,-1.7629161311203392,3.6310553540360044,0.0000881030591081235,-0.00005786640676365396,130,0,1912.21
2026-08-08 02:23:06,okx,ETH,ETH-USD-260925-3400-C,2026-09-25,3400,call,0.000644472683944,0.0005,0.0009,0.6336058241687778,0.008324305153622551,0.08857448148808114,0.0000881030591081235,-0.00005786640676365396,28830,0,1912.21
2026-08-08 02:23:06,okx,ETH,ETH-USD-260925-3200-P,2026-09-25,3200,put,0.6677322519771066,0.6625,0.673,0.6016682953506158,-1.6550074400945183,3.4627229712404057,0.0001214171247607959,-0.00007572746833183074,283,0,1912.21
2026-08-08 02:23:06,okx,ETH,ETH-USD-260925-4000-C,2026-09-25,4000,call,0.0002895139212424,0.0001,0.0007,0.7223448172780703,0.003562416977349079,0.03650003789849939,0.00004164275887911312,-0.00003118174546118385,18014,0,1912.21
2026-08-08 02:23:06,okx,ETH,ETH-USD-260925-3800-P,2026-09-25,3800,put,0.9797034000632163,0.9065,,0.6943113444591544,-1.975041246314426,4.006835612726311,0.00005207206166226456,-0.000037477913176845095,16,0,1912.21
2026-08-08 02:23:06,okx,ETH,ETH-USD-260925-3800-C,2026-09-25,3800,call,0.0003661692430529,0.0001,,0.6943113444591544,0.0045804177564723785,0.04759228458451421,0.00005207206166226456,-0.000037477913176845095,9326,0,1912.21
2026-08-08 02:23:06,okx,ETH,ETH-USD-260925-3600-P,2026-09-25,3600,put,0.8756378098674631,0.871,0.8815,0.6646436285516384,-1.8693736023644152,3.814646035966571,0.0000666629768116982,-0.00004592930941560103,1230,0,1912.21
2026-08-08 02:23:06,okx,ETH,ETH-USD-260925-4400-C,2026-09-25,4400,call,0.0001906012688782,,0.029,0.7731118447791724,0.00227812440532521,0.02275107943512469,0.000027898593358344652,-0.000022358414360644238,16445,0,1912.21
2026-08-08 02:23:06,okx,ETH,ETH-USD-260925-4200-P,2026-09-25,4200,put,1.1879218834105663,1.099,,0.7486211669468446,-2.1851750403433448,4.404593048096057,0.000033876166899170705,-0.00002628891928078321,0,0,1912.21
2026-08-08 02:23:06,okx,ETH,ETH-USD-260925-4200-C,2026-09-25,4200,call,0.0002333651356494,,,0.7486211669468446,0.002827851524490409,0.028587264360386583,0.000033876166899170705,-0.00002628891928078321,10236,0,1912.21
2026-08-08 02:23:06,okx,ETH,ETH-USD-260925-4000-P,2026-09-25,4000,put,1.0838023884687829,1.003,,0.7223448172780703,-2.0802498609920175,4.204124593837233,0.00004164275887911312,-0.00003118174546118385,10,0,1912.21
2026-08-08 02:23:06,okx,ETH,ETH-USD-260925-5000-C,2026-09-25,5000,call,0.0001083349375421,,0.0003,0.8363676516355476,0.001255709235082693,0.01220828211234284,0.000016268854387510987,-0.000014104918005683676,26371,0,1912.21
2026-08-08 02:23:06,okx,ETH,ETH-USD-260925-2100-C,2026-09-25,2100,call,0.0338434191893515,0.0335,0.034,0.46973073160218143,0.2958492696205886,1.5283492830345793,0.001315998519635638,-0.0006407974011101076,19466,2929,1912.21
2026-08-08 02:23:06,okx,ETH,ETH-USD-260925-4500-P,2026-09-25,4500,put,1.3441248501144294,,,0.7846960150748569,-2.3422354691082945,4.708971078972067,0.00002540567835578608,-0.000020665628086087442,0,0,1912.21
2026-08-08 02:23:06,okx,ETH,ETH-USD-260925-2100-P,2026-09-25,2100,put,0.1276876783268101,0.1245,0.129,0.46973073160218143,-0.7981521763133289,3.7163521749024144,0.001315998519635638,-0.0006407974011101076,1385,0,1912.21
2026-08-08 02:23:06,okx,ETH,ETH-USD-260925-4500-C,2026-09-25,4500,call,0.0001728662484466,0.0001,0.0004,0.7846960150748569,0.002053343607243378,0.020393453540991417,0.00002540567835578608,-0.000020665628086087442,8849,0,1912.21
2026-08-08 02:23:06,okx,ETH,ETH-USD-260925-4400-P,2026-09-25,4400,put,1.2920547632711727,1.1955,,0.7731118447791724,-2.2899153813609785,4.607138090967732,0.000027898593358344652,-0.000022358414360644238,0,0,1912.21
2026-08-08 02:23:06,okx,ETH,ETH-USD-260925-6000-C,2026-09-25,6000,call,0.0000441584051147,,0.01,0.9134786836319033,0.0005010886453786361,0.004798314032012185,0.000007002030009412443,-0.000006630385074251035,14114,0,1912.21
2026-08-08 02:23:06,okx,ETH,ETH-USD-260925-5500-P,2026-09-25,5500,put,1.8648992205393122,,,0.8787516715951018,-2.8644534461780125,5.738061110421754,0.00001063036525010744,-0.000009683463447505394,0,0,1912.21
2026-08-08 02:23:06,okx,ETH,ETH-USD-260925-5500-C,2026-09-25,5500,call,0.0000690180364443,,0.018,0.8787516715951018,0.0007884360298666285,0.007577346005994754,0.00001063036525010744,-0.000009683463447505394,6678,0,1912.21
2026-08-08 02:23:06,okx,ETH,ETH-USD-260925-5000-P,2026-09-25,5000,put,1.6044994281219678,,,0.8363676516355476,-2.6035096382266256,5.221738977035759,0.000016268854387510987,-0.000014104918005683676,0,0,1912.21
2026-08-08 02:23:06,okx,ETH,ETH-USD-260925-7000-C,2026-09-25,7000,call,0.000018076014928,,0.0002,0.9656397126560186,0.000205669186064181,0.0019870621165177715,0.0000030605366957039297,-0.0000030635789429747603,3332,0,1912.21
2026-08-08 02:23:06,okx,ETH,ETH-USD-260925-6500-P,2026-09-25,6500,put,2.385736681007209,0.0001,,0.9420304826003869,-3.3858745290826513,6.775465290054618,0.000004626243956184186,-0.00000451762162328974,0,0,1912.21
2026-08-08 02:23:06,okx,ETH,ETH-USD-260925-6500-C,2026-09-25,6500,call,0.0000282598674555,,,0.9420304826003869,0.00032042261757004903,0.0030753866541765357,0.000004626243956184186,-0.00000451762162328974,3637,0,1912.21
2026-08-08 02:23:06,okx,ETH,ETH-USD-260925-6000-P,2026-09-25,6000,put,2.125313470226425,0.0001,,0.9134786836319033,-3.1252173283086715,6.256235147940113,0.000007002030009412443,-0.000006630385074251035,0,0,1912.21
2026-08-08 02:23:06,okx,ETH,ETH-USD-260925-9000-C,2026-09-25,9000,call,0.0000030517440782,,,1.0275218099688532,0.000036024536091690956,0.0003653030349505443,0.0000005938585876319846,-0.0000006325435863622207,2072,0,1912.21
2026-08-08 02:23:06,okx,ETH,ETH-USD-260925-8000-P,2026-09-25,8000,put,3.1670331503983267,0.0001,,1.001773412443239,-4.167539046180811,8.336093063560737,0.000001343643293802216,-0.0000013953072686486294,0,0,1912.21
2026-08-08 02:23:06,okx,ETH,ETH-USD-260925-8000-C,2026-09-25,8000,call,0.0000074013032454,,,1.001773412443239,0.0000855097579230539,0.0008439516832690643,0.000001343643293802216,-0.0000013953072686486294,1350,0,1912.21
2026-08-08 02:23:06,okx,ETH,ETH-USD-260925-7000-P,2026-09-25,7000,put,2.646165606473123,0.0001,,0.9656397126560186,-3.646465817260328,7.295330035009302,0.0000030605366957039297,-0.0000030635789429747603,1,0,1912.21
2026-08-08 02:23:06,okx,ETH,ETH-USD-260925-11000-C,2026-09-25,11000,call,0.0000005417311164,,,1.0605225812126036,0.000006719248812202711,0.00007226326236881788,0.00000012010758366626524,-0.00000013204036515583464,566,0,1912.21
2026-08-08 02:23:06,okx,ETH,ETH-USD-260925-10000-P,2026-09-25,10000,put,4.208783461214323,0.0001,,1.0463749997029734,-5.2095152760207375,10.419222383749286,0.00000026525801594964695,-0.00000028772144870578136,0,0,1912.21
2026-08-08 02:23:06,okx,ETH,ETH-USD-260925-10000-C,2026-09-25,10000,call,0.0000012748454725,,,1.0463749997029734,0.000015418902679184974,0.00016099390245297607,0.00000026525801594964695,-0.00000028772144870578136,545,0,1912.21
2026-08-08 02:23:06,okx,ETH,ETH-USD-260925-9000-P,2026-09-25,9000,put,3.687907019476044,0.0001,,1.0275218099688532,-4.688541600894984,9.377520553897103,0.0000005938585876319846,-0.0000006325435863622207,0,0,1912.21
2026-08-08 02:23:06,okx,ETH,ETH-USD-260810-1940-P,2026-08-10,1940,put,0.0164521564603631,0.0001,,0.23349015186152902,-0.7924678460657428,17.961633907877708,0.00023404149738588578,-0.0012230398756129454,88,88,1912.21
2026-08-08 02:23:06,okx,ETH,ETH-USD-260925-11000-P,2026-09-25,11000,put,4.729660946736852,0.0001,,1.0605225812126036,-5.730477045166946,11.461039792093885,0.00000012010758366626524,-0.00000013204036515583464,0,0,1912.21
2026-08-08 02:23:06,okx,ETH,ETH-USD-260810-1940-C,2026-08-10,1940,call,0.0023500507296116,0.0026,0.0027,0.23349015186152902,0.22165816562498183,15.933381884496262,0.00023404149738588578,-0.0012230398756129454,3465,4493,1912.21
2026-08-08 02:23:06,okx,ETH,ETH-USD-260828-1950-C,2026-08-28,1950,call,0.0314270964883579,0.031,0.0315,0.4198688160151809,0.4167041647909798,3.1674892279656395,0.0009312381893478407,-0.0009659509465908774,12592,1497,1912.21
2026-08-08 02:23:06,okx,ETH,ETH-USD-260828-1950-P,2026-08-28,1950,put,0.0494091180527343,0.049,0.05,0.4198688160151809,-0.6010507519903754,5.20299906152835,0.0009312381893478407,-0.0009658157734170728,7713,300,1912.21
2026-08-08 02:23:06,okx,ETH,ETH-USD-260828-1750-C,2026-08-28,1750,call,0.0982445190971502,0.097,0.1,0.46225045572588985,0.7136605816076217,1.0487795794082218,0.000634505490146234,-0.0007240279084292643,9240,0,1912.21
2026-08-08 02:23:06,okx,ETH,ETH-USD-260828-1750-P,2026-08-28,1750,put,0.0118337918901336,0.0115,0.012,0.46225045572588985,-0.19970921550385087,2.875519173631167,0.000634505490146234,-0.0007246806709566854,11881,1330,1912.21
2026-08-08 02:23:06,okx,ETH,ETH-USD-260808-1890-C,2026-08-08,1890,call,0.0117165156386529,0.0115,0.013,0.2772001555338061,0.9400520304065682,12.396485164930535,0.000025375461870869187,-0.0003517040988673552,5937,230,1912.21
2026-08-08 02:23:06,okx,ETH,ETH-USD-260808-1890-P,2026-08-08,1890,put,0.0001409006962391,,0.0001,0.2772001555338061,-0.048372354651018065,14.373333935045707,0.000025375461870869187,-0.0003517040988673552,7232,9559,1912.21
2026-08-08 02:23:06,okx,ETH,ETH-USD-270625-800-P,2027-06-25,800,put,0.0152333185769814,0.0145,0.018,0.6938980709537607,-0.05904438081955342,0.26058816033846327,0.0008702367233090901,-0.00009398997359637415,1403,7,1912.21
2026-08-08 02:23:06,okx,ETH,ETH-USD-270625-800-C,2027-06-25,800,call,0.6086791657499923,0.6045,0.616,0.6938980709537607,0.34751390480168903,-0.5525284109040216,0.0008702367233090901,-0.00009398997359637415,0,0,1912.21
2026-08-08 02:23:06,okx,ETH,ETH-USD-270625-900-P,2027-06-25,900,put,0.0211010950275005,0.02,0.0235,0.6706302264531006,-0.08072731351743538,0.3498705389371248,0.0011120630088830292,-0.00011608095168311935,550,0,1912.21
2026-08-08 02:23:06,okx,ETH,ETH-USD-270625-900-C,2027-06-25,900,call,0.5637276730971377,0.559,0.571,0.6706302264531006,0.3766507578064624,-0.5648856037106708,0.0011120630088830292,-0.00011608095168311935,0,0,1912.21
2026-08-08 02:23:06,okx,ETH,ETH-USD-270625-600-P,2027-06-25,600,put,0.0073994918425475,0.007,0.0095,0.758761269732301,-0.028860844213156968,0.12992726409274433,0.00048217488295639515,-0.00005694533859248573,35,0,1912.21
2026-08-08 02:23:06,okx,ETH,ETH-USD-270625-600-C,2027-06-25,600,call,0.7024838772223057,0.6985,0.709,0.758761269732301,0.2760578700027749,-0.47991016433911926,0.00048217488295639515,-0.00005694533859248573,0,0,1912.21
2026-08-08 02:23:06,okx,ETH,ETH-USD-270625-700-P,2027-06-25,700,put,0.0107443246714047,0.0105,0.0135,0.72264501629819,-0.041938282174680264,0.18753883500407784,0.0006592868656430162,-0.00007415626998383505,231,0,1912.21
2026-08-08 02:23:06,okx,ETH,ETH-USD-270625-700-C,2027-06-25,700,call,0.6550094409477891,0.651,0.662,0.72264501629819,0.3138002177439069,-0.5239381648330964,0.0006592868656430162,-0.00007415626998383505,0,0,1912.21
2026-08-08 02:23:06,okx,ETH,ETH-USD-270625-1200-P,2027-06-25,1200,put,0.049189369270031,0.0465,0.0505,0.6226507491751516,-0.1765987370946644,0.7103257907905658,0.0019570300575657298,-0.00018966642230299881,795,0,1912.21
2026-08-08 02:23:06,okx,ETH,ETH-USD-270625-1200-C,2027-06-25,1200,call,0.4393581400295473,0.434,0.4455,0.6226507491751516,0.4332386913371992,-0.5093490660731614,0.0019570300575657298,-0.00018966642230299881,440,0,1912.21
2026-08-08 02:23:06,okx,ETH,ETH-USD-270625-1300-P,2027-06-25,1300,put,0.0626601251767588,0.0595,0.064,0.6116582639785136,-0.2190778866313855,0.8559208120327111,0.0022488973605281947,-0.00021410505630511739,4086,0,1912.21
2026-08-08 02:23:06,okx,ETH,ETH-USD-270625-1300-C,2027-06-25,1300,call,0.4020096268329014,0.3955,0.408,0.6116582639785136,0.4415793275031334,-0.46539361623632675,0.0022488973605281947,-0.00021410505630511739,20,0,1912.21
2026-08-08 02:23:06,okx,ETH,ETH-USD-270625-1000-P,2027-06-25,1000,put,0.0285782219112103,0.027,0.03,0.6515611359397876,-0.10740696301384246,0.4553279298385048,0.0013791904272837368,-0.00013987105387479283,754,0,1912.21
2026-08-08 02:23:06,okx,ETH,ETH-USD-270625-1000-C,2027-06-25,1000,call,0.5203855308774739,0.515,0.5275,0.6515611359397876,0.4007908940127105,-0.5610677842146014,0.0013791904272837368,-0.00013987105387479283,6,0,1912.21
2026-08-08 02:23:06,okx,ETH,ETH-USD-270625-1100-P,2027-06-25,1100,put,0.0378788098746377,0.036,0.04,0.6357874466312144,-0.1393393821892144,0.5760404425796753,0.0016638939479822416,-0.00016465921173988948,11998,0,1912.21
2026-08-08 02:23:06,okx,ETH,ETH-USD-270625-1100-C,2027-06-25,1100,call,0.4788668497375277,0.473,0.4855,0.6357874466312144,0.4196782605399939,-0.5419948428787412,0.0016638939479822416,-0.00016465921173988948,0,0,1912.21
2026-08-08 02:23:06,okx,ETH,ETH-USD-260821-1650-C,2026-08-21,1650,call,0.1404487431627797,0.1315,,0.4973236062251383,0.8064513722359103,-0.4764744029422761,0.0002049182732034835,-0.00038052748406877207,0,0,1912.21
2026-08-08 02:23:06,okx,ETH,ETH-USD-270625-1600-P,2027-06-25,1600,put,0.1168984110693791,0.112,0.1175,0.5881691228638088,-0.37448265750280424,1.3339792603072234,0.0030282877143245736,-0.00027723483390736933,10720,0,1912.21
2026-08-08 02:23:06,okx,ETH,ETH-USD-260821-1600-P,2026-08-21,1600,put,0.0014394092263544,0.0014,0.0015,0.5332213931183927,-0.03585471405960006,0.8223661527172006,0.0001451270949453941,-0.0002923246121605676,3117,1398,1912.21
2026-08-08 02:23:06,okx,ETH,ETH-USD-270625-1600-C,2027-06-25,1600,call,0.3037901054154007,0.2975,0.309,0.5881691228638088,0.4386339137396806,-0.29225388217774634,0.0030282877143245736,-0.00027723483390736933,20,0,1912.21
2026-08-08 02:23:06,okx,ETH,ETH-USD-260821-1700-C,2026-08-21,1700,call,0.1156497387479941,0.1065,,0.465756554736009,0.8010788462849643,0.12007014568148233,0.00029083665278552837,-0.0005080739219381357,0,0,1912.21
2026-08-08 02:23:06,okx,ETH,ETH-USD-270625-1700-P,2027-06-25,1700,put,0.139660561045955,0.1345,0.1395,0.5827107508297501,-0.43396204924213744,1.4983980838694366,0.003233321547513811,-0.0002932583376883669,4739,0,1912.21
2026-08-08 02:23:06,okx,ETH,ETH-USD-260821-1650-P,2026-08-21,1650,put,0.0021942176549907,0.0022,0.0023,0.4973236062251383,-0.05493562651603794,1.2462995945616204,0.0002049182732034835,-0.00038496238418682214,1907,1000,1912.21
2026-08-08 02:23:06,okx,ETH,ETH-USD-270625-1700-C,2027-06-25,1700,call,0.2757329862886031,0.2695,0.2805,0.5827107508297501,0.4299743077030027,-0.22947463002084378,0.003233321547513811,-0.0002932583376883669,1270,0,1912.21
2026-08-08 02:23:06,okx,ETH,ETH-USD-260821-1550-C,2026-08-21,1550,call,0.191441650976072,0.005,,0.5726191575122048,0.7850526110444499,-1.0676710084254053,0.00010431448931868055,-0.00021953561191314524,0,0,1912.21
2026-08-08 02:23:06,okx,ETH,ETH-USD-270625-1400-P,2027-06-25,1400,put,0.0783994868435185,0.0745,0.0795,0.602432941404201,-0.26650549609384444,1.010207597392695,0.0025300828981710886,-0.00023724217865811847,1600,0,1912.21
2026-08-08 02:23:06,okx,ETH,ETH-USD-270625-1400-C,2027-06-25,1400,call,0.3669297193962875,0.3605,0.3725,0.602432941404201,0.44497150374332983,-0.41274640228165355,0.0025300828981710886,-0.00023724217865811847,40,0,1912.21
2026-08-08 02:23:06,okx,ETH,ETH-USD-260821-1600-C,2026-08-21,1600,call,0.1657945664535055,0.1565,,0.5332213931183927,0.7994296483665316,-0.8482025721350627,0.0001451270949453941,-0.00028705199621001625,0,0,1912.21
2026-08-08 02:23:06,okx,ETH,ETH-USD-270625-1500-P,2027-06-25,1500,put,0.096471843133539,0.092,0.0975,0.5946808430379883,-0.31847535982897607,1.170445738401117,0.002792177425252574,-0.00025844932434722123,944,0,1912.21
2026-08-08 02:23:06,okx,ETH,ETH-USD-260821-1550-P,2026-08-21,1550,put,0.0009858620295588,0.0009,0.001,0.5726191575122048,-0.024129115055865347,0.550692443775225,0.00010431448931868055,-0.0002256459436961978,2135,158,1912.21
2026-08-08 02:23:06,okx,ETH,ETH-USD-270625-1500-C,2027-06-25,1500,call,0.3341828065829343,0.328,0.3395,0.5946808430379883,0.4438214257108535,-0.354147832678542,0.002792177425252574,-0.00025844932434722123,60,0,1912.21
2026-08-08 02:23:06,okx,ETH,ETH-USD-260821-1850-C,2026-08-21,1850,call,0.049992447002325,0.049,0.051,0.4023886020580757,0.6366769392845416,3.3492489473214317,0.0006744221233878633,-0.001023708535860356,2987,0,1912.21
2026-08-08 02:23:06,okx,ETH,ETH-USD-270625-2000-P,2027-06-25,2000,put,0.2212895682082102,0.2115,0.2325,0.571264714306135,-0.6273858716479347,1.9784539878887666,0.0036384298940206413,-0.0003235190450768079,0,0,1912.21
2026-08-08 02:23:06,okx,ETH,ETH-USD-260821-1800-P,2026-08-21,1800,put,0.0096893051860026,0.0095,0.01,0.4179743667821538,-0.21683115631809696,4.025317615002381,0.0005443069200007663,-0.0008592397532650236,1199,806,1912.21
2026-08-08 02:23:06,okx,ETH,ETH-USD-270625-2000-C,2027-06-25,2000,call,0.2049041861407373,0.1995,0.216,0.571264714306135,0.38900984240517134,-0.054337440217445444,0.0036384298940206413,-0.0003235190450768079,3477,6,1912.21
2026-08-08 02:23:06,okx,ETH,ETH-USD-260821-1900-C,2026-08-21,1900,call,0.0337676390304409,0.033,0.034,0.3923901124327967,0.5219713336444747,4.240751625525626,0.0007518608685275757,-0.0011135555844372055,5875,479,1912.21
2026-08-08 02:23:06,okx,ETH,ETH-USD-270625-2100-P,2027-06-25,2100,put,0.2526053503843362,0.242,0.2645,0.5687423939896846,-0.6950256314692127,2.1299524877661624,0.0037035485505999394,-0.0003278552067694259,0,0,1912.21
2026-08-08 02:23:06,okx,ETH,ETH-USD-260821-1850-P,2026-08-21,1850,put,0.0161404483719844,0.016,0.0165,0.4023886020580757,-0.32912060477067323,5.280844035431861,0.0006744221233878633,-0.001024792572648401,1448,226,1912.21
2026-08-08 02:23:06,okx,ETH,ETH-USD-270625-2100-C,2027-06-25,2100,call,0.1854006992134896,0.1805,0.19,0.5687423939896846,0.37218986828654865,-0.00447851174536062,0.0037035485505999394,-0.0003278552067694259,663,0,1912.21
2026-08-08 02:23:06,okx,ETH,ETH-USD-260821-1750-C,2026-08-21,1750,call,0.0918240120821253,0.0055,,0.43916418730124845,0.7759920082825007,1.0022501610294106,0.0004067121872216937,-0.0006718818065624019,0,0,1912.21
2026-08-08 02:23:06,okx,ETH,ETH-USD-270625-1800-P,2027-06-25,1800,put,0.1647048940023482,0.1595,0.1655,0.5781536605178917,-0.49632346868673555,1.6616456343591963,0.003404060309779418,-0.0003063296020890063,2541,1,1912.21
2026-08-08 02:23:06,okx,ETH,ETH-USD-260821-1700-P,2026-08-21,1700,put,0.0034958449595671,0.0035,0.0036,0.465756554736009,-0.08641078879280059,1.8950494158370121,0.00029083665278552837,-0.0005116711062236846,3984,989,1912.21
2026-08-08 02:23:06,okx,ETH,ETH-USD-270625-1800-C,2027-06-25,1800,call,0.2499580501416227,0.2435,0.255,0.5781536605178917,0.4184326739610599,-0.16786665093639466,0.003404060309779418,-0.0003063296020890063,1984,0,1912.21
2026-08-08 02:23:06,okx,ETH,ETH-USD-260821-1800-C,2026-08-21,1800,call,0.0696419355357054,0.069,0.072,0.4179743667821538,0.7228637514113011,2.145927799543584,0.0005443069200007663,-0.0008573180006444772,1746,0,1912.21
2026-08-08 02:23:06,okx,ETH,ETH-USD-270625-1900-P,2027-06-25,1900,put,0.191949332277411,0.184,0.2025,0.5743728789329128,-0.5609827891096554,1.8220739333271887,0.0035390596272023706,-0.00031639546210069936,1732,0,1912.21
2026-08-08 02:23:06,okx,ETH,ETH-USD-260821-1750-P,2026-08-21,1750,put,0.0057707500130605,0.0055,0.006,0.43916418730124845,-0.13760026312108087,2.8294347038365735,0.0004067121872216937,-0.0006746412750154495,2180,2126,1912.21
2026-08-08 02:23:06,okx,ETH,ETH-USD-270625-1900-C,2027-06-25,1900,call,0.2263832193133118,0.2205,0.2315,0.5743728789329128,0.40459313924079543,-0.10907792337371273,0.0035390596272023706,-0.00031639546210069936,1018,0,1912.21
2026-08-08 02:23:06,okx,ETH,ETH-USD-260821-2050-C,2026-08-21,2050,call,0.0079129283456426,0.0075,0.008,0.3981503087041546,0.18620714301636174,3.253090542944722,0.000523377564557182,-0.0007870467199960381,3827,1270,1912.21
2026-08-08 02:23:06,okx,ETH,ETH-USD-270625-2600-P,2027-06-25,2600,put,0.4341305997277208,0.419,,0.5626453181516455,-1.0382318810281197,2.806396113653179,0.00361448158384521,-0.0003165404146556887,0,0,1912.21
2026-08-08 02:23:06,okx,ETH,ETH-USD-260821-2000-P,2026-08-21,2000,put,0.0576006701166449,0.0055,,0.3902480778867461,-0.765941460651221,6.1465925198991584,0.0006529571866322537,-0.000960877828599341,1,0,1912.21
2026-08-08 02:23:06,okx,ETH,ETH-USD-270625-2600-C,2027-06-25,2600,call,0.112829603040006,0.1105,0.1165,0.5626453181516455,0.283082547240918,0.16376725711510418,0.00361448158384521,-0.0003165404146556887,940,0,1912.21
2026-08-08 02:23:06,okx,ETH,ETH-USD-260821-2100-C,2026-08-21,2100,call,0.0048026368760196,0.0046,0.0047,0.4106465523870345,0.12184708244157574,2.4122762050435416,0.0003954494392020776,-0.0006133782797796737,1339,76,1912.21
2026-08-08 02:23:06,okx,ETH,ETH-USD-270625-2800-P,2027-06-25,2800,put,0.5159262336169124,,,0.5623740445412971,-1.1731255925405155,3.042939357428344,0.003448199624535423,-0.00030183257567545347,0,0,1912.21
2026-08-08 02:23:06,okx,ETH,ETH-USD-260821-2050-P,2026-08-21,2050,put,0.0784634565927504,0.006,,0.3981503087041546,-0.8840009463421196,5.393506721661685,0.000523377564557182,-0.0007847798934540783,1,0,1912.21
2026-08-08 02:23:06,okx,ETH,ETH-USD-270625-2800-C,2027-06-25,2800,call,0.0929866987224503,0.091,0.097,0.5623740445412971,0.24982840713383275,0.1970313580796474,0.003448199624535423,-0.00030183257567545347,1190,8,1912.21
2026-08-08 02:23:06,okx,ETH,ETH-USD-260821-1950-C,2026-08-21,1950,call,0.0215087402069513,0.021,0.022,0.3880783222218968,0.3951342467259282,4.488185769892314,0.0007427210010419845,-0.0010882994225922958,7804,1843,1912.21
2026-08-08 02:23:06,okx,ETH,ETH-USD-270625-2200-P,2027-06-25,2200,put,0.2857662405796696,0.2745,0.299,0.5667327431461147,-0.7634525738732477,2.276086368083918,0.0037367486095025533,-0.00032962536800370775,0,0,1912.21
2026-08-08 02:23:06,okx,ETH,ETH-USD-260821-1900-P,2026-08-21,1900,put,0.0260162721194624,0.026,0.0265,0.3923901124327967,-0.46992884673655666,6.22455198628769,0.0007518608685275757,-0.001113801905392749,5683,1708,1912.21
2026-08-08 02:23:06,okx,ETH,ETH-USD-270625-2200-C,2027-06-25,2200,call,0.1677423203054494,0.163,0.1725,0.5667327431461147,0.35458271158516885,0.04001579716708484,0.0037367486095025533,-0.00032962536800370775,710,0,1912.21
2026-08-08 02:23:06,okx,ETH,ETH-USD-260821-2000-C,2026-08-21,2000,call,0.0131507735888994,0.013,0.0135,0.3902480778867461,0.2781639923814437,4.05838161383383,0.0006529571866322537,-0.0009623069393087997,6886,1103,1912.21
2026-08-08 02:23:06,okx,ETH,ETH-USD-270625-2400-P,2027-06-25,2400,put,0.357075968952207,0.3445,0.3715,0.5640015305548209,-0.901184097615325,2.5517468188280743,0.0037197202356181653,-0.0003265419644471764,0,0,1912.21
2026-08-08 02:23:06,okx,ETH,ETH-USD-260821-1950-P,2026-08-21,1950,put,0.0398580050153349,0.0395,0.0405,0.3880783222218968,-0.6228685699809198,6.52419140330601,0.0007427210010419845,-0.0010877080277153384,4206,3207,1912.21
2026-08-08 02:23:06,okx,ETH,ETH-USD-270625-2400-C,2027-06-25,2400,call,0.1374135104712395,0.1345,0.141,0.5640015305548209,0.31849075924840226,0.1123971051006198,0.0037197202356181653,-0.0003265419644471764,1170,0,1912.21
2026-08-08 02:23:06,okx,ETH,ETH-USD-260821-2250-C,2026-08-21,2250,call,0.0012854576469958,0.0012,0.0013,0.4637843552520599,0.035994077892443736,0.8490813435464766,0.00015488453382978934,-0.00027135403718840277,625,0,1912.21
2026-08-08 02:23:06,okx,ETH,ETH-USD-270625-3500-P,2027-06-25,3500,put,0.8279647500525216,,,0.5672290818417611,-1.6207697422428406,3.778882027766464,0.0026824918421134492,-0.00023683470352398395,0,0,1912.21
2026-08-08 02:23:06,okx,ETH,ETH-USD-260821-2200-P,2026-08-21,2200,put,0.1507809996872248,0.005,,0.44457120128239613,-1.0954791712617802,3.5039774825300642,0.00021164691397155947,-0.00035065148108824634,2,0,1912.21
2026-08-08 02:23:06,okx,ETH,ETH-USD-260925-1500-C,2026-09-25,1500,call,0.228341887929694,0.2255,0.232,0.5577528905007654,0.6779512636325788,-0.5301361430108996,0.0006086390288592066,-0.00035189896884518985,311,0,1912.21
2026-08-08 02:23:06,okx,ETH,ETH-USD-270625-3500-C,2027-06-25,3500,call,0.049290331434444,0.0485,0.0525,0.5672290818417611,0.15792275735009506,0.22149702858059303,0.0026824918421134492,-0.00023683470352398395,7057,0,1912.21
2026-08-08 02:23:06,okx,ETH,ETH-USD-260821-2300-C,2026-08-21,2300,call,0.0008812607684794,0.0008,0.0009,0.4832994447167517,0.024925194335727045,0.6021322415375547,0.00011424886098797492,-0.00020858708608378345,0,0,1912.21
2026-08-08 02:23:06,okx,ETH,ETH-USD-260925-1500-P,2026-09-25,1500,put,0.0096592158850215,0.01,0.0105,0.5577528905007654,-0.10347834060593375,1.0327230654661255,0.0006086390288592066,-0.00035189896884518985,30301,317,1912.21
2026-08-08 02:23:06,okx,ETH,ETH-USD-270625-4000-P,2027-06-25,4000,put,1.0656465731886544,,,0.5741434196387774,-1.9182941534385574,4.264384029700955,0.002161650730924036,-0.0001931765283670674,0,0,1912.21
2026-08-08 02:23:06,okx,ETH,ETH-USD-260821-2250-P,2026-08-21,2250,put,0.176238512771552,0.005,,0.4637843552520599,-1.1386245567693039,3.1983186128699717,0.00015488453382978934,-0.00026573634731643796,0,0,1912.21
2026-08-08 02:23:06,okx,ETH,ETH-USD-270625-4000-C,2027-06-25,4000,call,0.0328758090537085,0.032,0.036,0.5741434196387774,0.11449727466765466,0.198801173488531,0.002161650730924036,-0.0001931765283670674,2604,21,1912.21
2026-08-08 02:23:06,okx,ETH,ETH-USD-260821-2150-C,2026-08-21,2150,call,0.0029921631382131,0.0028,0.0029,0.4265124446129818,0.07978470210562809,1.71810229167977,0.00029036945159605196,-0.0004678124491182682,1093,248,1912.21
2026-08-08 02:23:06,okx,ETH,ETH-USD-260925-1700-C,2026-09-25,1700,call,0.1405671007582385,0.138,0.1425,0.5037279911263286,0.6343370170683936,0.36980062182814843,0.0010906780709855949,-0.0005695200687644346,7980,0,1912.21
2026-08-08 02:23:06,okx,ETH,ETH-USD-270625-3000-P,2027-06-25,3000,put,0.6015778725649381,,,0.5629692990923508,-1.3050749193739029,3.2649923359301924,0.0032445185538168705,-0.0002843042912815519,0,0,1912.21
2026-08-08 02:23:06,okx,ETH,ETH-USD-260821-2100-P,2026-08-21,2100,put,0.1014537968424895,0.0955,,0.4106465523870345,-0.9744636432427222,4.604897656412137,0.0003954494392020776,-0.0006102737374052127,2,0,1912.21
2026-08-08 02:23:06,okx,ETH,ETH-USD-260925-1700-P,2026-09-25,1700,put,0.0260600724409431,0.026,0.0265,0.5037279911263286,-0.25128320106858726,2.14104105810211,0.0010906780709855949,-0.0005695200687644346,16052,1781,1912.21
2026-08-08 02:23:06,okx,ETH,ETH-USD-270625-3000-C,2027-06-25,3000,call,0.0769997994637288,0.0755,0.0805,0.5629692990923508,0.2195186517057562,0.21580519377087395,0.0032445185538168705,-0.0002843042912815519,1408,0,1912.21
2026-08-08 02:23:06,okx,ETH,ETH-USD-260821-2200-C,2026-08-21,2200,call,0.0019285762820309,0.0018,0.0019,0.44457120128239613,0.05303682707415102,1.2069454858582014,0.00021164691397155947,-0.00035543145512770984,1791,973,1912.21
2026-08-08 02:23:06,okx,ETH,ETH-USD-270625-3200-P,2027-06-25,3200,put,0.6903342697973802,,,0.5642623845105289,-1.4337704106778322,3.476106688804554,0.0030221595231149424,-0.00026542811672011253,0,0,1912.21
2026-08-08 02:23:06,okx,ETH,ETH-USD-260821-2150-P,2026-08-21,2150,put,0.1257439548240452,0.0055,,0.4265124446129818,-1.0426286599044863,3.962929015699999,0.00029036945159605196,-0.0004638701909113058,1,0,1912.21
2026-08-08 02:23:06,okx,ETH,ETH-USD-270625-3200-C,2027-06-25,3200,call,0.0641176584894236,0.063,0.068,0.5642623845105289,0.1924627318071377,0.22364040383461484,0.0030221595231149424,-0.00026542811672011253,838,48,1912.21
2026-08-08 02:23:06,okx,ETH,ETH-USD-270625-5500-P,2027-06-25,5500,put,1.8075199226815084,,,0.602264513109816,-2.7453662254795184,5.7075370601898925,0.0011491705283743926,-0.00010772591585047375,0,0,1912.21
2026-08-08 02:23:06,okx,ETH,ETH-USD-270625-5500-C,2027-06-25,5500,call,0.0124601219959579,0.012,0.0155,0.602264513109816,0.0497219881665234,0.11736063289780888,0.0011491705283743926,-0.00010772591585047375,1140,0,1912.21
2026-08-08 02:23:06,okx,ETH,ETH-USD-260821-2350-C,2026-08-21,2350,call,0.0006168047864492,0.0006,0.0007,0.5024624764305519,0.01754380522954793,0.43095537972139175,0.0000849041995202889,-0.00016116011385895819,0,0,1912.21
2026-08-08 02:23:06,okx,ETH,ETH-USD-270625-4500-P,2027-06-25,4500,put,1.3097420440225682,,,0.5826707096104009,-2.2022713328933907,4.742882985466261,0.0017350245993161134,-0.0001573538106990954,0,0,1912.21
2026-08-08 02:23:06,okx,ETH,ETH-USD-260821-2300-P,2026-08-21,2300,put,0.2019349476123977,0.005,,0.4832994447167517,-1.1757960766518372,3.0035747835126836,0.00011424886098797492,-0.00020213168037931743,0,0,1912.21
2026-08-08 02:23:06,okx,ETH,ETH-USD-270625-4500-C,2027-06-25,4500,call,0.0228749343707544,0.0225,0.026,0.5826707096104009,0.08461902372609781,0.1691022722272836,0.0017350245993161134,-0.0001573538106990954,1405,0,1912.21
2026-08-08 02:23:06,okx,ETH,ETH-USD-270625-5000-P,2027-06-25,5000,put,1.5575361120234505,,,0.5921778293084241,-2.4769348480634754,5.223058517939182,0.0014029360003212298,-0.00012931188561107312,0,0,1912.21
2026-08-08 02:23:06,okx,ETH,ETH-USD-260821-2350-P,2026-08-21,2350,put,0.2277711233497296,0.005,,0.5024624764305519,-1.209280102083833,2.8846031943481534,0.0000849041995202889,-0.0001538669923219909,0,0,1912.21
2026-08-08 02:23:06,okx,ETH,ETH-USD-270625-5000-C,2027-06-25,5000,call,0.0165726568547684,0.016,0.0195,0.5921778293084241,0.06405443706928934,0.14107994767365173,0.0014029360003212298,-0.00012931188561107312,1660,0,1912.21
2026-08-08 02:23:06,okx,ETH,ETH-USD-260814-1550-C,2026-08-14,1550,call,0.190409555450356,0.1735,,0.6082453603244226,0.8058916738005943,-1.47932551080683,0.000013760465884944811,-0.00006101877285729933,0,0,1912.21
2026-08-08 02:23:06,okx,ETH,ETH-USD-260814-1500-P,2026-08-14,1500,put,0.0000322084167089,0.0001,0.0025,0.6308751397914402,-0.0013818748022701574,0.0565074397436983,0.000005790920082248843,-0.000029300573785829665,4031,0,1912.21
2026-08-08 02:23:06,okx,ETH,ETH-USD-260814-1600-C,2026-08-14,1600,call,0.1644139040917921,0.1495,,0.5785385374735831,0.8274341581773148,-1.3662221010880466,0.000028521662446770904,-0.00012706873531709764,0,0,1912.21
2026-08-08 02:23:06,okx,ETH,ETH-USD-260814-1550-P,2026-08-14,1550,put,0.000087309459483,0.0002,0.0004,0.6082453603244226,-0.0035944876613161502,0.13964681211699087,0.000013760465884944811,-0.00006712654189074695,2177,614,1912.21
2026-08-08 02:23:06,okx,ETH,ETH-USD-260814-1500-C,2026-08-14,1500,call,0.2164666385412144,0.1975,,0.6308751397914402,0.7819918298382883,-1.5102399695374187,0.000005790920082248843,-0.000022354773749240934,0,0,1912.21
2026-08-08 02:23:06,okx,ETH,ETH-USD-260810-1775-P,2026-08-10,1775,put,0.0000839421697717,,0.0002,0.3997655413547767,-0.008076957078015085,0.7165002870566687,0.0000171362659857595,-0.00015332067840284825,994,180,1912.21
2026-08-08 02:23:06,okx,ETH,ETH-USD-260814-1750-C,2026-08-14,1750,call,0.0874646494412739,0.078,,0.45272362928723875,0.8514564251864741,0.3336551852099818,0.00015747396425188327,-0.0005689909567772207,6,0,1912.21
2026-08-08 02:23:06,okx,ETH,ETH-USD-260810-1800-C,2026-08-10,1800,call,0.0592665226232397,0.0535,,0.37156103955575853,0.9232695400245616,-0.36079869366263945,0.00003378866650999146,-0.00028098323151073783,0,0,1912.21
2026-08-08 02:23:06,okx,ETH,ETH-USD-260814-1700-P,2026-08-14,1700,put,0.0008270134988409,0.0006,0.0008,0.49862863019080295,-0.03259249028465875,1.159899786267921,0.00009322982691068924,-0.00037282208427478396,19969,979,1912.21
2026-08-08 02:23:06,okx,ETH,ETH-USD-260810-1750-P,2026-08-10,1750,put,0.00003362688348,,0.0002,0.42152151939810756,-0.003330656435791004,0.30872275707929514,0.000007793149360661912,-0.0000735210891390475,819,819,1912.21
2026-08-08 02:23:06,okx,ETH,ETH-USD-260814-1800-C,2026-08-14,1800,call,0.0629505991662015,0.0615,0.064,0.40865690499777246,0.8179933259911253,2.08436399708221,0.0002596685729511847,-0.00084907629619366,494,180,1912.21
2026-08-08 02:23:06,okx,ETH,ETH-USD-260810-1775-C,2026-08-10,1775,call,0.072232788730553,0.0655,,0.3997655413547767,0.9197960690823127,-1.1392457652639871,0.0000171362659857595,-0.00015332067840284825,0,0,1912.21
2026-08-08 02:23:06,okx,ETH,ETH-USD-260814-1750-P,2026-08-14,1750,put,0.0015911399849311,0.0012,0.0013,0.45272362928723875,-0.06247956356084414,2.161527162704618,0.00015747396425188327,-0.000571746601798104,12738,4148,1912.21
2026-08-08 02:23:06,okx,ETH,ETH-USD-260814-1650-C,2026-08-14,1650,call,0.1385226211261184,0.125,,0.5415899546520692,0.8449236755651887,-1.1133776466854852,0.0000533241282092032,-0.00022718467012983098,0,0,1912.21
2026-08-08 02:23:06,okx,ETH,ETH-USD-260810-1750-C,2026-08-10,1750,call,0.0852507995490392,0.0775,,0.42152151939810756,0.9114737355532647,-1.5208860268988162,0.000007793149360661912,-0.0000735210891390475,0,0,1912.21
2026-08-08 02:23:06,okx,ETH,ETH-USD-260814-1600-P,2026-08-14,1600,put,0.0002038422345517,0.0002,0.0004,0.5785385374735831,-0.008164460105947628,0.30497513547847827,0.000028521662446770904,-0.00013233847334740418,8430,401,1912.21
2026-08-08 02:23:06,okx,ETH,ETH-USD-260814-1700-C,2026-08-14,1700,call,0.1128127070888162,0.1025,,0.49862863019080295,0.8552310416413076,-0.6157472775840115,0.00009322982691068924,-0.0003692284082507597,0,0,1912.21
2026-08-08 02:23:06,okx,ETH,ETH-USD-260814-1650-P,2026-08-14,1650,put,0.0004247434025106,0.0003,0.0005,0.5415899546520692,-0.016787399539425662,0.6100445035237433,0.0000533241282092032,-0.00023161637715699642,4925,865,1912.21
2026-08-08 02:23:06,okx,ETH,ETH-USD-260810-1875-P,2026-08-10,1875,put,0.0018810203874135,0.0015,0.0016,0.2680602416997216,-0.16874027094067617,12.260231126435741,0.00019561710083198662,-0.001173595414999807,3233,4658,1912.21
2026-08-08 02:23:06,okx,ETH,ETH-USD-260814-1950-C,2026-08-14,1950,call,0.0099609357578896,0.01,0.0105,0.3368597501793987,0.33588880325723824,7.703887359855373,0.00048188687092411955,-0.0013016315679914392,22019,14194,1912.21
2026-08-08 02:23:06,okx,ETH,ETH-USD-260810-1900-C,2026-08-10,1900,call,0.0114728346208446,0.011,0.0115,0.24367243071428116,0.6315900907313435,18.303712323125744,0.0002918274961866489,-0.0015915188462328352,1554,1404,1912.21
2026-08-08 02:23:06,okx,ETH,ETH-USD-260814-1900-P,2026-08-14,1900,put,0.0145064103887646,0.0145,0.015,0.3471045030091669,-0.43936842081214805,9.515406233124104,0.0005120156293313099,-0.0014249578687948762,8806,4754,1912.21
2026-08-08 02:23:06,okx,ETH,ETH-USD-260810-1850-P,2026-08-10,1850,put,0.0008166804005887,0.0005,0.0006,0.3014905535709235,-0.0770281532702199,6.229286012854628,0.00011210742230674727,-0.000756462245050879,4340,2373,1912.21
2026-08-08 02:23:06,okx,ETH,ETH-USD-260814-2000-C,2026-08-14,2000,call,0.0039726329827267,0.004,0.0041,0.3422386863224635,0.16565750755268543,5.3181075438967325,0.00033022491339186133,-0.0009063132647787931,28060,21748,1912.21
2026-08-08 02:23:06,okx,ETH,ETH-USD-260810-1875-C,2026-08-10,1875,call,0.0217565625290842,0.0205,0.0235,0.2680602416997216,0.8114072919047407,10.299936000744907,0.00019561710083198662,-0.001173595414999807,430,170,1912.21
2026-08-08 02:23:06,okx,ETH,ETH-USD-260814-1950-P,2026-08-14,1950,put,0.0285361628360771,0.027,0.03,0.3368597501793987,-0.6824970127754878,9.740658991920824,0.00048188687092411955,-0.001301035088999758,12555,3421,1912.21
2026-08-08 02:23:06,okx,ETH,ETH-USD-260810-1825-P,2026-08-10,1825,put,0.0003868455773676,0.0002,0.0003,0.3377756621919578,-0.036725477909859396,3.0889148241354456,0.00006234195789228287,-0.00047128972641815513,1599,1300,1912.21
2026-08-08 02:23:06,okx,ETH,ETH-USD-260814-1850-C,2026-08-14,1850,call,0.040424763015555,0.039,0.042,0.3719281939649132,0.7262517524840388,4.841235870208526,0.000399801602849514,-0.001191328422215253,8192,20,1912.21
2026-08-08 02:23:06,okx,ETH,ETH-USD-260810-1850-C,2026-08-10,1850,call,0.0337605486470371,0.0295,,0.3014905535709235,0.8900507754039246,4.2951281555063385,0.00011210742230674727,-0.000756462245050879,0,0,1912.21
2026-08-08 02:23:06,okx,ETH,ETH-USD-260814-1800-P,2026-08-14,1800,put,0.0031892738434915,0.0028,0.0029,0.40865690499777246,-0.1220551195775449,3.9644608882195502,0.0002596685729511847,-0.000850993910211402,13295,1048,1912.21
2026-08-08 02:23:06,okx,ETH,ETH-USD-260810-1800-P,2026-08-10,1800,put,0.000186002167236,0.0001,0.0002,0.37156103955575853,-0.017672120307038557,1.5210846270005607,0.00003378866650999146,-0.00028098323151073783,10567,1792,1912.21
2026-08-08 02:23:06,okx,ETH,ETH-USD-260814-1900-C,2026-08-14,1900,call,0.0220433674442097,0.0215,0.0225,0.3471045030091669,0.552904938399226,7.530859514701356,0.0005120156293313099,-0.0014247163167834165,12856,2935,1912.21
2026-08-08 02:23:06,okx,ETH,ETH-USD-260810-1825-C,2026-08-10,1825,call,0.0463990399285936,0.0415,,0.3377756621919578,0.9172848165930129,1.180894235129701,0.00006234195789228287,-0.00047128972641815513,0,0,1912.21
2026-08-08 02:23:06,okx,ETH,ETH-USD-260814-1850-P,2026-08-14,1850,put,0.0067756218264774,0.0065,0.007,0.3719281939649132,-0.23990914990598342,6.773557674988571,0.000399801602849514,-0.001192408005229854,23589,14974,1912.21
2026-08-08 02:23:06,okx,ETH,ETH-USD-260810-1925-P,2026-08-10,1925,put,0.0108506707688055,0.0105,0.0115,0.2327922921288786,-0.6420072054596027,21.99438414330607,0.0002950899393027534,-0.0015374541771292045,1137,1206,1912.21
2026-08-08 02:23:06,okx,ETH,ETH-USD-260814-2150-C,2026-08-14,2150,call,0.0004134976981515,0.0004,0.0005,0.4284184678312538,0.020017510943092565,0.8404803530425453,0.00006442906106374037,-0.0002213728836823468,4739,116,1912.21
2026-08-08 02:23:06,okx,ETH,ETH-USD-260810-1950-C,2026-08-10,1950,call,0.0014673337536496,0.0017,0.0018,0.23688296776986562,0.15120819961939866,12.42707121817831,0.00018456218060013455,-0.0009784885079396903,2113,3142,1912.21
2026-08-08 02:23:06,okx,ETH,ETH-USD-260814-2100-P,2026-08-14,2100,put,0.0976542510952984,0.0965,0.1005,0.39089174525462383,-1.0603976370802255,3.706115578579516,0.00010584008894802003,-0.0003286891224525552,1003,1000,1912.21
2026-08-08 02:23:06,okx,ETH,ETH-USD-260810-1920-P,2026-08-10,1920,put,0.0092857760268267,0.009,0.01,0.23376519402449372,-0.5851148255497994,22.588833969231974,0.00030645659401362175,-0.001603348758917511,560,560,1912.21
2026-08-08 02:23:06,okx,ETH,ETH-USD-260814-2200-C,2026-08-14,2200,call,0.0002719395373567,0.0003,0.0004,0.47093462639229344,0.01265024839425299,0.5157738328849399,0.000043520535347092675,-0.00016437367379211468,4831,2471,1912.21
2026-08-08 02:23:06,okx,ETH,ETH-USD-260810-1925-C,2026-08-10,1925,call,0.0045895607009206,0.0047,0.0048,0.2327922921288786,0.3642776257283584,19.981814480930147,0.0002950899393027534,-0.0015374541771292045,528,715,1912.21
2026-08-08 02:23:06,okx,ETH,ETH-USD-260814-2150-P,2026-08-14,2150,put,0.123437461310869,0.0055,,0.4284184678312538,-1.1028181323750412,3.0861516396788136,0.00006442906106374037,-0.00021742428067810117,3,0,1912.21
2026-08-08 02:23:06,okx,ETH,ETH-USD-260810-1910-P,2026-08-10,1910,put,0.0066539373343703,0.0065,0.007,0.23754863507436494,-0.46956742566664283,22.31266836858179,0.00031076122180350487,-0.0016521844898135637,1620,1231,1912.21
2026-08-08 02:23:06,okx,ETH,ETH-USD-260814-2050-C,2026-08-14,2050,call,0.0016039116920309,0.0016,0.0017,0.3611770604885781,0.07529863710015341,2.905927362369744,0.0001885492176486635,-0.0005461405755238585,9495,5621,1912.21
2026-08-08 02:23:06,okx,ETH,ETH-USD-260810-1920-C,2026-08-10,1920,call,0.0056383311798973,0.0055,0.006,0.23376519402449372,0.41855627880390733,20.58149176052456,0.00030645659401362175,-0.001603348758917511,1269,806,1912.21
2026-08-08 02:23:06,okx,ETH,ETH-USD-260814-2000-P,2026-08-14,2000,put,0.0486600441945468,0.0475,0.0505,0.3422386863224635,-0.8788407653013927,7.407104089604888,0.00033022491339186133,-0.0009048787547839707,2138,1202,1912.21
2026-08-08 02:23:06,okx,ETH,ETH-USD-260810-1900-P,2026-08-10,1900,put,0.004665618583952,0.0045,0.0047,0.24367243071428116,-0.36162610628534547,20.290144717159123,0.0002918274961866489,-0.0015915188462328352,1857,1827,1912.21
2026-08-08 02:23:06,okx,ETH,ETH-USD-260814-2100-C,2026-08-14,2100,call,0.0007424716162132,0.0008,0.0009,0.39089174525462383,0.03632554941655646,1.5126692055859523,0.00010584008894802003,-0.00033179969445365975,8943,850,1912.21
2026-08-08 02:23:06,okx,ETH,ETH-USD-260810-1910-C,2026-08-10,1910,call,0.008233822929352,0.008,0.0085,0.23754863507436494,0.528876225018555,20.315781067211393,0.00031076122180350487,-0.0016521844898135637,520,418,1912.21
2026-08-08 02:23:06,okx,ETH,ETH-USD-260814-2050-P,2026-08-14,2050,put,0.0724035070374836,0.0705,0.075,0.3611770604885781,-0.9953120925752765,5.047148821720604,0.0001885492176486635,-0.000543868034525895,1001,1000,1912.21
2026-08-08 02:23:06,okx,ETH,ETH-USD-260810-2050-P,2026-08-10,2050,put,0.0716943677964611,0.066,,0.37385948638414623,-1.062347083686577,2.9857380284138384,0.00001970296718569468,-0.0001648614898506624,0,0,1912.21
2026-08-08 02:23:06,okx,ETH,ETH-USD-260810-2100-C,2026-08-10,2100,call,0.0000902064453488,,,0.48473606928958307,0.007240076509111513,0.5206993894156913,0.00001587825583325736,-0.00017226113847188708,82,32,1912.21
2026-08-08 02:23:06,okx,ETH,ETH-USD-260814-2300-P,2026-08-14,2300,put,0.2015214029559792,0.005,,0.5615315781632212,-1.1944610234380133,2.6501934444953563,0.000025057787825033994,-0.00010638624962558498,1,2,1912.21
2026-08-08 02:23:06,okx,ETH,ETH-USD-260810-2000-P,2026-08-10,2000,put,0.0456642321461783,0.0415,,0.28523690297655363,-1.0219689408388029,4.5498270463129,0.000043748737527368186,-0.00027928680545195254,0,0,1912.21
2026-08-08 02:23:06,okx,ETH,ETH-USD-260810-2050-C,2026-08-10,2050,call,0.0000916272046874,,0.0002,0.37385948638414623,0.009280918357745496,0.8424820243251936,0.00001970296718569468,-0.0001648614898506624,296,145,1912.21
2026-08-08 02:23:06,okx,ETH,ETH-USD-260810-1975-P,2026-08-10,1975,put,0.0328718732764905,0.03,,0.25494454258616006,-0.9769497453267275,7.606603223368994,0.00008820635951775132,-0.0005032975300306494,0,0,1912.21
2026-08-08 02:23:06,okx,ETH,ETH-USD-260814-2250-C,2026-08-14,2250,call,0.0002016207543934,,0.0004,0.5159734861987277,0.008895128256490253,0.34604943317502934,0.00003206373666764063,-0.00013268468732649074,2155,230,1912.21
2026-08-08 02:23:06,okx,ETH,ETH-USD-260810-2000-C,2026-08-10,2000,call,0.0001981437639603,0.0002,0.0003,0.28523690297655363,0.02352179286297502,2.458845578909344,0.000043748737527368186,-0.00027928680545195254,3203,3430,1912.21
2026-08-08 02:23:06,okx,ETH,ETH-USD-260814-2200-P,2026-08-14,2200,put,0.1494080872837072,0.138,,0.47093462639229344,-1.136297851745233,2.8136700331639113,0.000043520535347092675,-0.0001595870397847279,4,0,1912.21
2026-08-08 02:23:06,okx,ETH,ETH-USD-260810-1950-P,2026-08-10,1950,put,0.0207967699263122,0.0001,,0.23688296776986562,-0.8681452657398347,14.465778148896778,0.00018456218060013455,-0.0009784885079396903,0,0,1912.21
2026-08-08 02:23:06,okx,ETH,ETH-USD-260814-2300-C,2026-08-14,2300,call,0.0001608869423638,,,0.5615315781632212,0.006711990344176288,0.24784741693097687,0.000025057787825033994,-0.00011284894563925394,3163,0,1912.21
2026-08-08 02:23:06,okx,ETH,ETH-USD-260810-1975-C,2026-08-10,1975,call,0.0004741109990501,0.0006,0.0007,0.25494454258616006,0.05547235420377814,5.541759024307983,0.00008820635951775132,-0.0005032975300306494,4162,1534,1912.21
2026-08-08 02:23:06,okx,ETH,ETH-USD-260814-2250-P,2026-08-14,2250,put,0.1754499526343764,0.005,,0.5159734861987277,-1.1661654287043475,2.696170547096705,0.00003206373666764063,-0.00012706002231596287,1,0,1912.21
2026-08-08 02:23:06,okx,ETH,ETH-USD-260808-1700-P,2026-08-08,1700,put,0.0000000000000001,,0.0004,0.4016565626638826,-0.0000000000000000000000000000003036373344020963,0.00000000000000000000000000034816591652682283,0.0000000000000000000000000000000008951153010960834,-0.000000000000000000000000000000017976446751304956,760,0,1912.21
2026-08-08 02:23:06,okx,ETH,ETH-USD-260808-1750-C,2026-08-08,1750,call,0.0847922360577906,0.0755,,0.40161827337878553,0.9152077639422094,-1.8304155278844176,0.0000000000000000000031770956852805727,-0.00000000000000000006379898417407864,0,0,1912.21
2026-08-08 02:23:06,okx,ETH,ETH-USD-260808-1650-P,2026-08-08,1650,put,0.0000000000000001,,0.0004,0.40165812841949283,-0.000000000000000000000000000000000000000000000005890659451108536,0.000000000000000000000000000000000000000000008444650914666457,0.000000000000000000000000000000000000000000000000021718406978568626,-0.0000000000000000000000000000000000000000000000004361687349632363,409,0,1912.21
2026-08-08 02:23:06,okx,ETH,ETH-USD-260808-1700-C,2026-08-08,1700,call,0.1109410293132823,0.1015,,0.4016565626638826,0.8890589706867177,-1.7781179413734354,0.0000000000000000000000000000000008951153010960834,-0.000000000000000000000000000000017976446751304956,0,0,1912.21
2026-08-08 02:23:06,okx,ETH,ETH-USD-260810-2150-P,2026-08-10,2150,put,0.1239823053560853,0.114,,0.6019130591935622,-1.1170024396147589,2.6481556945074702,0.000015257741085559291,-0.00020554323525548573,0,0,1912.21
2026-08-08 02:23:06,okx,ETH,ETH-USD-260808-1650-C,2026-08-08,1650,call,0.137089822568774,0.0285,,0.40165812841949283,0.862910177431226,-1.725820354862452,0.000000000000000000000000000000000000000000000000021718406978568626,-0.0000000000000000000000000000000000000000000000004361687349632363,0,0,1912.21
2026-08-08 02:23:06,okx,ETH,ETH-USD-260810-2100-P,2026-08-10,2100,put,0.0978295992466777,0.09,,0.48473606928958307,-1.0905251938777552,2.7162299301894244,0.00001587825583325736,-0.00017226113847188708,0,0,1912.21
2026-08-08 02:23:06,okx,ETH,ETH-USD-260810-2150-C,2026-08-10,2150,call,0.0001062603452006,,,0.6019130591935622,0.006900099114652311,0.4003506170486476,0.000015257741085559291,-0.00020554323525548573,0,0,1912.21
2026-08-08 02:23:06,okx,ETH,ETH-USD-260808-1825-P,2026-08-08,1825,put,0.0000000035182807,,0.0001,0.39759514964028486,-0.0000017661480089335427,0.0008502997427122115,0.000000002158744546784069,-0.00000004291531805568804,17722,8817,1912.21
2026-08-08 02:23:06,okx,ETH,ETH-USD-260808-1850-C,2026-08-08,1850,call,0.0324954866601328,0.031,0.0345,0.3840739927884498,0.9671694570633645,-1.8082952514596267,0.0000003104073079117356,-0.000005960968707018701,312,0,1912.21
2026-08-08 02:23:06,okx,ETH,ETH-USD-260808-1800-P,2026-08-08,1800,put,0.000000000002021,,0.0002,0.4007647350716895,-0.0000000012619174618711729,0.0000007622624579007228,0.000000000001952314261232056,-0.00000000003912093538396731,13206,761,1912.21
2026-08-08 02:23:06,okx,ETH,ETH-USD-260808-1825-C,2026-08-08,1825,call,0.0455690496928338,0.044,0.0475,0.39759514964028486,0.9544291876774381,-1.9080116079081817,0.000000002158744546784069,-0.00000004291531805568804,483,0,1912.21
2026-08-08 02:23:06,okx,ETH,ETH-USD-260808-1775-P,2026-08-08,1775,put,0.0000000000000001,,0.0004,0.4014671245018761,-0.0000000000001191171868045273,0.00000000008750140298414525,0.00000000000000022463477466267207,-0.000000000000004509173852347492,2366,591,1912.21
2026-08-08 02:23:06,okx,ETH,ETH-USD-260808-1800-C,2026-08-08,1800,call,0.0586434428043198,0.049,,0.4007647350716895,0.9413565559357837,-1.8827123521329443,0.000000000001952314261232056,-0.00000000003912093538396731,0,0,1912.21
2026-08-08 02:23:06,okx,ETH,ETH-USD-260808-1750-P,2026-08-08,1750,put,0.0000000000000001,,0.0004,0.40161827337878553,-0.000000000000000001422632398001828,0.00000000000000123657720338806,0.0000000000000000000031770956852805727,-0.00000000000000000006379898417407864,4201,2231,1912.21
2026-08-08 02:23:06,okx,ETH,ETH-USD-260808-1775-C,2026-08-08,1775,call,0.0717178394300448,0.0155,,0.4014671245018761,0.9282821605698361,-1.856564321052409,0.00000000000000022463477466267207,-0.000000000000004509173852347492,0,0,1912.21
2026-08-08 02:23:06,okx,ETH,ETH-USD-260808-1880-P,2026-08-08,1880,put,0.0000511005384382,,0.0001,0.3181700994267095,-0.017582170779579763,5.407357314446609,0.000010959910063275244,-0.0001743557837270039,15541,18885,1912.21
2026-08-08 02:23:06,okx,ETH,ETH-USD-260808-1900-C,2026-08-08,1900,call,0.0067762704364483,0.006,0.0085,0.2347847238426754,0.8517587412002274,35.99976155690425,0.00005676033903116196,-0.0006663230262323994,3125,2429,1912.21
2026-08-08 02:23:06,okx,ETH,ETH-USD-260808-1870-P,2026-08-08,1870,put,0.0000166809257094,,0.0002,0.3497501940113083,-0.00587939626965996,1.8925921393580403,0.00000421797792460467,-0.00007376192987329493,4370,3418,1912.21
2026-08-08 02:23:06,okx,ETH,ETH-USD-260808-1880-C,2026-08-08,1880,call,0.0168564741319504,0.016,0.019,0.3181700994267095,0.965612455626908,3.4409680616336327,0.000010959910063275244,-0.0001743557837270039,987,1146,1912.21
2026-08-08 02:23:06,okx,ETH,ETH-USD-260808-1860-P,2026-08-08,1860,put,0.0000043165961835,,0.0002,0.3709633036625236,-0.001606014286455855,0.5547018676935923,0.0000013117905200429713,-0.000024331307251416022,4939,3950,1912.21
2026-08-08 02:23:06,okx,ETH,ETH-USD-260808-1870-C,2026-08-08,1870,call,0.0220518131703199,0.0205,0.024,0.3497501940113083,0.9720854714857297,-0.06333759615273848,0.00000421797792460467,-0.00007376192987329493,1201,0,1912.21
2026-08-08 02:23:06,okx,ETH,ETH-USD-260808-1850-P,2026-08-08,1850,put,0.0000008371133257,,0.0002,0.3840739927884498,-0.00033589338982826107,0.12671544944675905,0.0000003104073079117356,-0.000005960968707018701,6925,5397,1912.21
2026-08-08 02:23:06,okx,ETH,ETH-USD-260808-1860-C,2026-08-08,1860,call,0.0272692074918924,0.026,0.029,0.3709633036625236,0.9711290948178353,-1.3907683505149901,0.0000013117905200429713,-0.000024331307251416022,508,0,1912.21
2026-08-08 02:23:06,okx,ETH,ETH-USD-260808-1975-P,2026-08-08,1975,put,0.032905789633928,0.007,,0.5155295491750796,-1.0261779471598118,3.493747475323815,0.000004764656173317998,-0.00012281605245024438,0,0,1912.21
2026-08-08 02:23:06,okx,ETH,ETH-USD-260808-2000-C,2026-08-08,2000,call,0.0000314369701826,,0.0001,0.6971549538568006,0.005572637696043722,0.895400538580054,0.0000040524260350727864,-0.00014125844427446326,46243,8838,1912.21
2026-08-08 02:23:06,okx,ETH,ETH-USD-260808-1950-P,2026-08-08,1950,put,0.0198274634472024,0.0028,,0.326205946679074,-1.0109295017551037,4.935217703461827,0.000006093711027017622,-0.00009939023871784978,0,0,1912.21
2026-08-08 02:23:06,okx,ETH,ETH-USD-260808-1975-C,2026-08-08,1975,call,0.000028456042006,,0.0002,0.5155295491750796,0.006699386432110349,1.4279928081399706,0.000004764656173317998,-0.00012281605245024438,9375,10671,1912.21
2026-08-08 02:23:06,okx,ETH,ETH-USD-260808-1925-P,2026-08-08,1925,put,0.0069804574980395,0.0055,0.008,0.20744539264062542,-0.9056480336592493,35.54505219261677,0.00004487087275114819,-0.00046541279079947376,4156,2402,1912.21
2026-08-08 02:23:06,okx,ETH,ETH-USD-260808-1950-C,2026-08-08,1950,call,0.0000245264830262,,0.0002,0.326205946679074,0.008873435209072508,2.895611829533474,0.000006093711027017622,-0.00009939023871784978,17501,20377,1912.21
2026-08-08 02:23:06,okx,ETH,ETH-USD-260808-1900-P,2026-08-08,1900,put,0.0004304141451327,0.0001,0.0003,0.2347847238426754,-0.14189540250845703,37.98706984432162,0.00005676033903116196,-0.0006663230262323994,7691,14995,1912.21
2026-08-08 02:23:06,okx,ETH,ETH-USD-260808-1925-C,2026-08-08,1925,call,0.0002519171616092,0.0002,0.0004,0.20744539264062542,0.10108050667718116,33.53159511194391,0.00004487087275114819,-0.00046541279079947376,8392,9745,1912.21
2026-08-08 02:23:06,okx,ETH,ETH-USD-260808-2100-P,2026-08-08,2100,put,0.0982503046733255,0.0825,,1.0232600874109261,-1.0980935939858891,2.219469845246426,0.0000001527617420206013,-0.00000781574967465229,0,0,1912.21
2026-08-08 02:23:06,okx,ETH,ETH-USD-260808-2050-P,2026-08-08,2050,put,0.0721112225266488,0.058,,0.9288906019955145,-1.070512540942003,2.3608945013942404,0.000001309560059570522,-0.0000608219016041872,0,0,1912.21
2026-08-08 02:23:06,okx,ETH,ETH-USD-260808-2100-C,2026-08-08,2100,call,0.0000009879426741,,0.0004,1.0232600874109261,0.00015572274476205849,0.022971211785123288,0.0000001527617420206013,-0.00000781574967465229,311,0,1912.21
2026-08-08 02:23:06,okx,ETH,ETH-USD-260808-2000-P,2026-08-08,2000,put,0.0459831671898504,0.01,,0.6971549538568006,-1.0403790925236243,2.9873039990193897,0.0000040524260350727864,-0.00014125844427446326,0,0,1912.21
2026-08-08 02:23:06,okx,ETH,ETH-USD-260808-2050-C,2026-08-08,2050,call,0.0000106990514891,,0.0004,0.9288906019955145,0.0015879825331564595,0.21669345444392088,0.000001309560059570522,-0.0000608219016041872,1555,659,1912.21
2026-08-08 02:23:06,okx,ETH,ETH-USD-260808-1875-C,2026-08-08,1875,call,0.0194501363689842,0.0185,0.021,0.3353173226793896,0.9702140112228342,1.2902358181411862,0.000006946144009542762,-0.00011645812061126795,1158,800,1912.21
2026-08-08 02:23:06,okx,ETH,ETH-USD-260811-2150-C,2026-08-11,2150,call,0.0001298257080209,,0.0002,0.5122928750973624,0.008099755453833351,0.4498006191522694,0.00002115226064509838,-0.00016753278382527717,0,0,1912.21
2026-08-08 02:23:06,okx,ETH,ETH-USD-260811-2150-P,2026-08-11,2150,put,0.1240541294380452,0.114,,0.5122928750973624,-1.1158245482761908,2.6976492266123175,0.00002115226064509838,-0.00016753278382527717,0,0,1912.21
2026-08-08 02:23:06,okx,ETH,ETH-USD-260811-1930-C,2026-08-11,1930,call,0.0069451904331868,0.007,0.0075,0.28699529689954806,0.36937895648066177,13.313375882877121,0.0003573300101669563,-0.0015855099486458205,44,44,1912.21
2026-08-08 02:23:06,okx,ETH,ETH-USD-260811-1930-P,2026-08-11,1930,put,0.0158632863396736,0.015,0.0165,0.28699529689954806,-0.6395391394258251,15.331212074690095,0.0003573300101669563,-0.0015855099486458205,502,502,1912.21
2026-08-08 02:23:06,okx,ETH,ETH-USD-260808-1875-P,2026-08-08,1875,put,0.0000298834499228,,0.0002,0.3353173226793896,-0.010365735858104339,3.251395312303064,0.000006946144009542762,-0.00011645812061126795,8195,9200,1912.21
2026-08-08 02:23:06,okx,ETH,ETH-USD-260809-1890-P,2026-08-09,1890,put,0.0007121135089532,0.0006,0.0007,0.18533411023128976,-0.1310702293826453,19.930452706994878,0.00012324195992252144,-0.0009254542297502632,2364,2540,1912.21
2026-08-08 02:23:06,okx,ETH,ETH-USD-261225-1700-C,2026-12-25,1700,call,0.194464197536704,0.193,0.1955,0.5455563660974093,0.5133735267511805,-0.007354559921837098,0.0021214539912082758,-0.00041562132510856856,5062,0,1912.21
2026-08-08 02:23:06,okx,ETH,ETH-USD-261225-1700-P,2026-12-25,1700,put,0.074708315629532,0.074,0.0755,0.5455563660974093,-0.3668432452603695,1.753078984101263,0.0021214539912082758,-0.00041562132510856856,4827,380,1912.21
2026-08-08 02:23:06,okx,ETH,ETH-USD-260809-1890-C,2026-08-09,1890,call,0.012675739958292,0.0115,0.0145,0.18533411023128976,0.8569403197080331,17.954431608813522,0.00012324195992252144,-0.0009254542297502632,1450,444,1912.21
2026-08-08 02:23:06,okx,ETH,ETH-USD-261030-1100-P,2026-10-30,1100,put,0.0047041977663169,0.0049,0.005,0.6943477718204356,-0.036791094174681904,0.29052862860827655,0.0003435086531718958,-0.00014327940071341341,605,0,1912.21
2026-08-08 02:23:06,okx,ETH,ETH-USD-261030-1100-C,2026-10-30,1100,call,0.4327968688955333,0.431,0.435,0.6943477718204356,0.5351221817542441,-0.8532979232495753,0.0003435086531718958,-0.00014327940071341341,0,0,1912.21
2026-08-08 02:23:06,okx,ETH,ETH-USD-261030-1200-P,2026-10-30,1200,put,0.0068394001444751,0.007,0.0075,0.6507274571941464,-0.0539529898323641,0.4243869338291364,0.00046962890395314854,-0.00018357899113032947,1922,0,1912.21
2026-08-08 02:23:06,okx,ETH,ETH-USD-261030-1200-C,2026-10-30,1200,call,0.3829404959218021,0.381,0.3855,0.6507274571941464,0.5699524020901006,-0.823423850015793,0.00046962890395314854,-0.00018357899113032947,0,0,1912.21
2026-08-08 02:23:06,okx,ETH,ETH-USD-261030-1450-P,2026-10-30,1450,put,0.0183337305467636,0.0185,0.019,0.5714227516532562,-0.13898222768425209,1.0138269579484103,0.0009588756900548959,-0.0003291462147530385,1529,450,1912.21
2026-08-08 02:23:06,okx,ETH,ETH-USD-261030-1450-C,2026-10-30,1450,call,0.264455887944367,,,0.5714227516532562,0.6149034542220594,-0.4939444058642125,0.0009588756900548959,-0.0003291462147530385,0,0,1912.21
2026-08-08 02:23:06,okx,ETH,ETH-USD-261030-1500-P,2026-10-30,1500,put,0.0223183277952951,0.0225,0.023,0.5599167145086326,-0.16609898140895035,1.1797769142461418,0.001082210397528385,-0.00036400232936563344,3924,410,1912.21
2026-08-08 02:23:06,okx,ETH,ETH-USD-261030-1500-C,2026-10-30,1500,call,0.2424446975169538,,,0.5599167145086326,0.6137827584941304,-0.3799865655600198,0.001082210397528385,-0.00036400232936563344,0,0,1912.21
2026-08-08 02:23:06,okx,ETH,ETH-USD-261030-1300-P,2026-10-30,1300,put,0.0101022957802134,0.0105,0.011,0.6142904950653553,-0.07927311025812035,0.6120701901393442,0.0006353048164152338,-0.00023443636121080468,7639,0,1912.21
2026-08-08 02:23:06,okx,ETH,ETH-USD-261030-1300-C,2026-10-30,1300,call,0.334211816205651,,,0.6142904950653553,0.596624397657883,-0.7397248256926625,0.0006353048164152338,-0.00023443636121080468,0,0,1912.21
2026-08-08 02:23:06,okx,ETH,ETH-USD-261030-1400-P,2026-10-30,1400,put,0.0150330920051536,0.0155,0.016,0.58426264546992,-0.11568638901622554,0.8633709946106404,0.0008420387552587951,-0.0002955352099014996,1848,290,1912.21
2026-08-08 02:23:06,okx,ETH,ETH-USD-261030-1400-C,2026-10-30,1400,call,0.2871510370787018,,,0.58426264546992,0.6122032348933166,-0.5924082532084439,0.0008420387552587951,-0.0002955352099014996,0,0,1912.21
2026-08-08 02:23:06,okx,ETH,ETH-USD-261030-1650-P,2026-10-30,1650,put,0.0393778080689877,0.0395,0.04,0.5326004088340441,-0.2721010956397664,1.7459400183608016,0.0014595511994466616,-0.000466970943510169,2604,0,1912.21
2026-08-08 02:23:06,okx,ETH,ETH-USD-261030-1650-C,2026-10-30,1650,call,0.1815168147628124,0.178,0.1845,0.5326004088340441,0.5857688182536226,0.030200190574023802,0.0014595511994466616,-0.000466970943510169,990,0,1912.21
2026-08-08 02:23:06,okx,ETH,ETH-USD-261030-1700-P,2026-10-30,1700,put,0.0470820521726028,0.047,0.0475,0.5256473689118826,-0.3156036358637556,1.9448055390018695,0.0015745815881566935,-0.0004971972207044509,2919,0,1912.21
2026-08-08 02:23:06,okx,ETH,ETH-USD-261030-1700-C,2026-10-30,1700,call,0.1632252711904828,0.162,0.165,0.5256473689118826,0.5682623360264026,0.17707359522155294,0.0015745815881566935,-0.0004971972207044509,100,0,1912.21
2026-08-08 02:23:06,okx,ETH,ETH-USD-261030-1550-P,2026-10-30,1550,put,0.0270875467316754,0.0275,0.028,0.5496625103003039,-0.19726564619696665,1.3592399374318611,0.0012092062809251967,-0.000399268951965682,1390,1595,1912.21
2026-08-08 02:23:06,okx,ETH,ETH-USD-261030-1550-C,2026-10-30,1550,call,0.2212181287773894,,,0.5496625103003039,0.6086121517028835,-0.252515658367839,0.0012092062809251967,-0.000399268951965682,0,0,1912.21
2026-08-08 02:23:06,okx,ETH,ETH-USD-261030-1600-P,2026-10-30,1600,put,0.0327419876163607,0.033,0.0335,0.5405818928979739,-0.23260314473536764,1.549245848188873,0.001336333120697254,-0.0004339555585251858,24507,20409,1912.21
2026-08-08 02:23:06,okx,ETH,ETH-USD-261030-1600-C,2026-10-30,1600,call,0.2008767819861301,0.1975,0.2045,0.5405818928979739,0.5992707111612519,-0.11450186360436612,0.001336333120697254,-0.0004339555585251858,1340,0,1912.21
2026-08-08 02:23:06,okx,ETH,ETH-USD-261030-1850-P,2026-10-30,1850,put,0.0772488549996689,0.077,0.0775,0.5103070063295301,-0.46644321345156337,2.5064133608626404,0.0018311074061765243,-0.0005613249919419619,954,1,1912.21
2026-08-08 02:23:06,okx,ETH,ETH-USD-261030-1850-C,2026-10-30,1850,call,0.1154047109897146,0.1145,0.1165,0.5103070063295301,0.49541093242890305,0.5827050691017078,0.0018311074061765243,-0.0005613249919419619,80,0,1912.21
2026-08-08 02:23:06,okx,ETH,ETH-USD-261030-1900-P,2026-10-30,1900,put,0.0897724553874498,0.0895,0.09,0.5068334625891229,-0.5216889834716979,2.6676258254692273,0.001877265463401211,-0.0005715575940499107,3104,304,1912.21
2026-08-08 02:23:06,okx,ETH,ETH-USD-261030-1900-C,2026-10-30,1900,call,0.1019325237015509,0.101,0.1025,0.5068334625891229,0.46616122040553787,0.6919254177147561,0.001877265463401211,-0.0005715575940499107,982,0,1912.21
2026-08-08 02:23:06,okx,ETH,ETH-USD-261030-1750-P,2026-10-30,1750,put,0.0559281296155571,0.056,0.0565,0.5196557860404876,-0.362807200271174,2.140983606563004,0.0016772338422271738,-0.0005235744106182412,1431,0,1912.21
2026-08-08 02:23:06,okx,ETH,ETH-USD-261030-1750-C,2026-10-30,1750,call,0.1460755609574925,0.145,0.148,0.5196557860404876,0.5470548296157536,0.3212595467891485,0.0016772338422271738,-0.0005235744106182412,350,0,1912.21
2026-08-08 02:23:06,okx,ETH,ETH-USD-261030-1800-P,2026-10-30,1800,put,0.0659719111818482,0.066,0.0665,0.5145622872408041,-0.41327153506143977,2.3296526139329505,0.0017637486425563199,-0.00054518471866995,708,160,1912.21
2026-08-08 02:23:06,okx,ETH,ETH-USD-261030-1800-C,2026-10-30,1800,call,0.1301235548478386,0.129,0.1315,0.5145622872408041,0.5225865528222573,0.4579364381655568,0.0017637486425563199,-0.00054518471866995,100,0,1912.21
2026-08-08 02:23:06,okx,ETH,ETH-USD-261030-2050-P,2026-10-30,2050,put,0.1346295356201804,0.133,0.135,0.5005524722248179,-0.6931683349948758,3.0373440100781273,0.0018845459094840647,-0.0005666636582376125,590,0,1912.21
2026-08-08 02:23:06,okx,ETH,ETH-USD-261030-2050-C,2026-10-30,2050,call,0.0688022409064474,0.0685,0.069,0.5005524722248179,0.372670042872668,0.9056672543430401,0.0018845459094840647,-0.0005666636582376125,737,88,1912.21
2026-08-08 02:23:06,okx,ETH,ETH-USD-261030-2100-P,2026-10-30,2100,put,0.1518476754176861,0.1505,0.1525,0.499641137443562,-0.7501553693730754,3.121341459729978,0.0018469602165322539,-0.0005543509010009848,910,0,1912.21
2026-08-08 02:23:06,okx,ETH,ETH-USD-261030-2100-C,2026-10-30,2100,call,0.0600245930280082,0.0595,0.06,0.499641137443562,0.34167906649123786,0.9376725880013518,0.0018469602165322539,-0.0005543509010009848,4116,0,1912.21
2026-08-08 02:23:06,okx,ETH,ETH-USD-261030-1950-P,2026-10-30,1950,put,0.1035341367284265,0.1025,0.104,0.5040884297377718,-0.5783348512113773,2.8106526071749154,0.0019012790060307602,-0.0005757336460674768,620,0,1912.21
2026-08-08 02:23:06,okx,ETH,ETH-USD-261030-1950-C,2026-10-30,1950,call,0.0896984173665826,0.089,0.0895,0.5040884297377718,0.4355114106626277,0.7829600834269054,0.0019012790060307602,-0.0005757336460674768,1364,816,1912.21
2026-08-08 02:23:06,okx,ETH,ETH-USD-261030-2000-P,2026-10-30,2000,put,0.1185039776816377,0.1175,0.119,0.5020188771418909,-0.6357062854836107,2.933992350514178,0.0019033149079363874,-0.0005739839198092383,736,0,1912.21
2026-08-08 02:23:06,okx,ETH,ETH-USD-261030-2000-C,2026-10-30,2000,call,0.0786724706438494,0.078,0.0785,0.5020188771418909,0.4041360343871637,0.854307710772629,0.0019033149079363874,-0.0005739839198092383,1689,150,1912.21
2026-08-08 02:23:06,okx,ETH,ETH-USD-260810-1700-P,2026-08-10,1700,put,0.0000033267974975,,,0.44844571988704796,-0.0003633164923667614,0.038080868637857535,0.000001025292290797856,-0.000010290506621167523,2,2,1912.21
2026-08-08 02:23:06,okx,ETH,ETH-USD-260811-1940-C,2026-08-11,1940,call,0.0051961606526046,0.005,0.0055,0.28642383579300834,0.30070046690972185,12.407595411928993,0.0003301455013717706,-0.0014619726236934298,319,319,1912.21
2026-08-08 02:23:06,okx,ETH,ETH-USD-261030-2300-P,2026-10-30,2300,put,0.2300968899825001,,,0.5007979331742167,-0.9651776563614916,3.2998070499344223,0.0015639302001493527,-0.000470488402419448,0,0,1912.21
2026-08-08 02:23:06,okx,ETH,ETH-USD-260808-1920-C,2026-08-08,1920,call,0.0005985094314973,0.0006,0.0007,0.20002480956979482,0.2089547599270954,56.411188476941014,0.00007288709659348409,-0.0007289613808103447,17467,12615,1912.21
2026-08-08 02:23:06,okx,ETH,ETH-USD-260811-1940-P,2026-08-11,1940,put,0.0193418114601613,,,0.28642383579300834,-0.7134451838978348,14.435886713544107,0.0003301455013717706,-0.0014619726236934298,0,0,1912.21
2026-08-08 02:23:06,okx,ETH,ETH-USD-261030-2300-C,2026-10-30,2300,call,0.0342906568890435,0.034,0.0345,0.5007979331742167,0.23064101148989896,0.9081697142316415,0.0015639302001493527,-0.000470488402419448,3534,422,1912.21
2026-08-08 02:23:06,okx,ETH,ETH-USD-261030-2400-P,2026-10-30,2400,put,0.2736838686041631,,,0.5037962822022723,-1.0618279291583417,3.327845183616141,0.0013834320676653035,-0.0004186796236412599,0,0,1912.21
2026-08-08 02:23:06,okx,ETH,ETH-USD-260810-1700-C,2026-08-10,1700,call,0.1113571516726122,0.1025,,0.44844571988704796,0.8883038071541445,-1.7392533786551647,0.000001025292290797856,-0.000010290506621167523,0,0,1912.21
2026-08-08 02:23:06,okx,ETH,ETH-USD-261030-2400-C,2026-10-30,2400,call,0.025886060158817,0.0255,0.026,0.5037962822022723,0.18598285468658754,0.8322236159262828,0.0013834320676653035,-0.0004186796236412599,3867,760,1912.21
2026-08-08 02:23:06,okx,ETH,ETH-USD-261030-2150-P,2026-10-30,2150,put,0.1700854109794782,0.1635,0.1715,0.4992456698266891,-0.8061865363741053,3.1874105856996384,0.001793136354643579,-0.0005377700989183989,630,0,1912.21
2026-08-08 02:23:06,okx,ETH,ETH-USD-261030-2150-C,2026-10-30,2150,call,0.0522665409138559,0.052,0.0525,0.4992456698266891,0.3116439574869773,0.9517495979774733,0.001793136354643579,-0.0005377700989183989,1724,0,1912.21
2026-08-08 02:23:06,okx,ETH,ETH-USD-261030-2200-P,2026-10-30,2200,put,0.1892624160416051,0.185,0.191,0.49932928500930385,-0.8608764844979311,3.237568075556237,0.001726002321608978,-0.0005177229792439477,330,0,1912.21
2026-08-08 02:23:06,okx,ETH,ETH-USD-261030-2200-C,2026-10-30,2200,call,0.0454477583000378,0.045,0.0455,0.49932928500930385,0.2829500673599209,0.9499149718405326,0.001726002321608978,-0.0005177229792439477,1303,0,1912.21
2026-08-08 02:23:06,okx,ETH,ETH-USD-261030-2800-P,2026-10-30,2800,put,0.4647742125529908,,,0.527074969543279,-1.3788514164466674,3.3810512538676654,0.000749223451917683,-0.00023722080967518728,0,0,1912.21
2026-08-08 02:23:06,okx,ETH,ETH-USD-261030-2800-C,2026-10-30,2800,call,0.0090101027000868,0.0085,0.009,0.527074969543279,0.07692783137241685,0.46949275822949704,0.000749223451917683,-0.00023722080967518728,3674,1025,1912.21
2026-08-08 02:23:06,okx,ETH,ETH-USD-261030-3000-P,2026-10-30,3000,put,0.565446256449772,,,0.5433225928308247,-1.5088221658678196,3.456458549798232,0.0005436840124243844,-0.0001774489179291241,0,0,1912.21
2026-08-08 02:23:06,okx,ETH,ETH-USD-261030-3000-C,2026-10-30,3000,call,0.0056989958930893,0.0055,0.006,0.5433225928308247,0.05094131393834215,0.33693159018590874,0.0005436840124243844,-0.0001774489179291241,1899,0,1912.21
2026-08-08 02:23:06,okx,ETH,ETH-USD-261030-2500-P,2026-10-30,2500,put,0.3194122473279265,,,0.5081042719364084,-1.150738576172314,3.339236801205742,0.0012024242694419136,-0.000367011445456353,0,0,1912.21
2026-08-08 02:23:06,okx,ETH,ETH-USD-261030-2500-C,2026-10-30,2500,call,0.0196228635306909,0.0195,0.02,0.5081042719364084,0.14906432366615407,0.7396310015288059,0.0012024242694419136,-0.000367011445456353,2905,850,1912.21
2026-08-08 02:23:06,okx,ETH,ETH-USD-260808-1920-P,2026-08-08,1920,put,0.0047121704423784,0.0039,0.0055,0.20002480956979482,-0.7951589010837857,58.419415798962774,0.00007288709659348409,-0.0007289613808103447,3010,2779,1912.21
2026-08-08 02:23:06,okx,ETH,ETH-USD-261030-2600-P,2026-10-30,2600,put,0.3667641997011515,,,0.513529060682809,-1.2325428963685094,3.3470225272755965,0.0010327865291517608,-0.00031859915428080404,0,0,1912.21
2026-08-08 02:23:06,okx,ETH,ETH-USD-261030-2600-C,2026-10-30,2600,call,0.0149832405520265,0.0145,0.015,0.513529060682809,0.11925211946349717,0.6434324956115832,0.0010327865291517608,-0.00031859915428080404,2012,250,1912.21
2026-08-08 02:23:06,okx,ETH,ETH-USD-261030-3200-P,2026-10-30,3200,put,0.667537679348239,0.6585,0.673,0.5614243707170292,-1.6287546118422025,3.571072935774853,0.00040144417908209235,-0.00013538964654390414,100,0,1912.21
2026-08-08 02:23:06,okx,ETH,ETH-USD-261030-3200-C,2026-10-30,3200,call,0.0038072680877775,0.0037,0.004,0.5614243707170292,0.034993099951036756,0.24357751218837498,0.00040144417908209235,-0.00013538964654390414,225,0,1912.21
2026-08-08 02:23:06,okx,ETH,ETH-USD-261225-1500-C,2026-12-25,1500,call,0.265917042689565,0.2645,0.267,0.5698612486980207,0.5484305786032578,-0.3368426168572786,0.0016521362889594076,-0.0003380956422774053,666,0,1912.21
2026-08-08 02:23:06,okx,ETH,ETH-USD-261225-1500-P,2026-12-25,1500,put,0.0426030292420604,0.042,0.043,0.5698612486980207,-0.22823127905399215,1.2164810984572216,0.0016521362889594076,-0.0003380956422774053,20456,222,1912.21
2026-08-08 02:23:06,okx,ETH,ETH-USD-260828-1000-C,2026-08-28,1000,call,0.4778944509546448,0.4765,0.4795,0.806933808905607,0.5216962035078155,-1.0390599496402397,0.0000019380364299422566,-0.0000002568425339829832,5,0,1912.21
2026-08-08 02:23:06,okx,ETH,ETH-USD-260828-1000-P,2026-08-28,1000,put,0.0000109158549044,,,0.806933808905607,-0.00022939484159737911,0.004791247058586269,0.0000019380364299422566,-0.000003864363941001257,3864,0,1912.21
2026-08-08 02:23:06,okx,ETH,ETH-USD-260828-1550-C,2026-08-28,1550,call,0.1935086738048606,0.191,0.1955,0.5596803226166494,0.7591592533035748,-0.7718971440488919,0.00023158681203516905,-0.0003188273508400318,571,0,1912.21
2026-08-08 02:23:06,okx,ETH,ETH-USD-260828-1550-P,2026-08-28,1550,put,0.0027051978264511,0.0026,0.0027,0.5596803226166494,-0.04982542413801518,0.8460722108342881,0.00023158681203516905,-0.0003202680490686788,12349,425,1912.21
2026-08-08 02:23:06,okx,ETH,ETH-USD-261225-2100-P,2026-12-25,2100,put,0.1827106499798547,0.1815,0.1835,0.5257883700273646,-0.720705954359045,2.6643228140590938,0.0024527786192339233,-0.0004631203925965095,358,379,1912.21
2026-08-08 02:23:06,okx,ETH,ETH-USD-261225-2100-C,2026-12-25,2100,call,0.0953502688063614,0.0945,0.096,0.5257883700273646,0.366620646361105,0.4896696126187937,0.0024527786192339233,-0.0004631203925965095,2148,0,1912.21
2026-08-08 02:23:06,okx,ETH,ETH-USD-260809-1960-C,2026-08-09,1960,call,0.0000772098406407,0.0001,0.0002,0.199551657819501,0.01827840411790847,3.8427652776640353,0.000026172627469162735,-0.00021161363861282786,2105,2105,1912.21
2026-08-08 02:23:06,okx,ETH,ETH-USD-260809-1960-P,2026-08-09,1960,put,0.0247075231524376,0.023,,0.199551657819501,-1.0063251282724248,5.891972342444701,0.000026172627469162735,-0.00021161363861282786,0,0,1912.21
2026-08-08 02:23:06,okx,ETH,ETH-USD-261225-2300-C,2026-12-25,2300,call,0.0653614019817473,0.0645,0.066,0.5248564769833535,0.2877835767382069,0.5707630108417842,0.0022951064832139236,-0.0004325815356082598,0,0,1912.21
2026-08-08 02:23:06,okx,ETH,ETH-USD-261225-2300-P,2026-12-25,2300,put,0.2562799146955735,,,0.5248564769833535,-0.9030979383362432,2.952526040990684,0.0022951064832139236,-0.0004325815356082598,0,0,1912.21
2026-08-08 02:23:06,okx,ETH,ETH-USD-260810-1960-C,2026-08-10,1960,call,0.0009176304978286,0.0011,0.0012,0.24251763932197998,0.1010584305796539,9.18018720146617,0.00013926782399923705,-0.0007559155917297977,204,204,1912.21
2026-08-08 02:23:06,okx,ETH,ETH-USD-260810-1960-P,2026-08-10,1960,put,0.0254743971124022,0.024,,0.24251763932197998,-0.9235224884480884,11.229349039521654,0.00013926782399923705,-0.0007559155917297977,0,0,1912.21
2026-08-08 02:23:06,okx,ETH,ETH-USD-260811-2025-C,2026-08-11,2025,call,0.0004300896823462,0.0003,0.0006,0.3313958577196693,0.03476678058114901,2.4189636726899484,0.00007306959052979767,-0.00037437638739355375,205,205,1912.21
2026-08-08 02:23:06,okx,ETH,ETH-USD-260811-2025-P,2026-08-11,2025,put,0.059009957148997,0.054,,0.3313958577196693,-1.0238130868855018,4.53612340762325,0.00007306959052979767,-0.00037437638739355375,0,0,1912.21
2026-08-08 02:23:06,okx,ETH,ETH-USD-260809-1980-C,2026-08-09,1980,call,0.0000448048843067,,0.0002,0.25053785478519675,0.009139855587298278,1.68016254421859,0.000014386670104730508,-0.00014604094367365696,534,534,1912.21
2026-08-08 02:23:06,okx,ETH,ETH-USD-260809-1980-P,2026-08-09,1980,put,0.0351305295564279,0.032,,0.25053785478519675,-1.0259188148886504,3.7502798851704875,0.000014386670104730508,-0.00014604094367365696,0,0,1912.21
2026-08-08 02:23:06,okx,ETH,ETH-USD-260809-1970-C,2026-08-09,1970,call,0.0000536650358182,,0.0003,0.22328523395434402,0.011931969507593175,2.379349246849648,0.000018142137179396118,-0.0001641305562073706,289,299,1912.21
2026-08-08 02:23:06,okx,ETH,ETH-USD-260809-1970-P,2026-08-09,1970,put,0.0299116840277772,0.0275,,0.22328523395434402,-1.0178991319255477,4.43901144971593,0.000018142137179396118,-0.0001641305562073706,0,0,1912.21
2026-08-08 02:23:06,okx,ETH,ETH-USD-260925-2300-C,2026-09-25,2300,call,0.0146694425695642,0.0145,0.015,0.4785803920939543,0.1557880578806772,1.145521673420612,0.000921519159869588,-0.0004571678034522074,14919,52,1912.21
2026-08-08 02:23:06,okx,ETH,ETH-USD-260925-2300-P,2026-09-25,2300,put,0.2126893454343998,0.209,0.2145,0.4785803920939543,-1.0424040019517087,3.541905793085384,0.000921519159869588,-0.0004571678034522074,238,0,1912.21
2026-08-08 02:23:06,okx,ETH,ETH-USD-260808-1910-P,2026-08-08,1910,put,0.001561129012611,0.001,0.0012,0.20522796718205072,-0.4154767173936084,75.80388127563673,0.00009865907444737413,-0.00101238006464486,10393,15313,1912.21
2026-08-08 02:23:06,okx,ETH,ETH-USD-260808-1910-C,2026-08-08,1910,call,0.0026772266528282,0.0023,0.0029,0.20522796718205072,0.5834071849661744,73.80611347091717,0.00009865907444737413,-0.00101238006464486,7561,9535,1912.21
