snapshot_utc,exchange,underlying,instrument,expiry,strike,type,mark_price,bid,ask,mark_iv,delta,gamma,vega,theta,open_interest,volume_24h,underlying_price
2026-08-28 11:28:02,okx,BTC,BTC-USD-270326-90000-C,2027-03-26,90000,call,0.0877110804326435,0.088,0.0885,0.4164318794454657,0.3554464831299481,0.5396186543602569,0.0029940522781042324,-0.00029702960139475407,3870,137,79698.9
2026-08-28 11:28:02,okx,BTC,BTC-USD-270326-85000-P,2027-03-26,85000,put,0.1480165992530959,0.1445,0.151,0.41624682008270303,-0.6327080276659843,2.5283834600731527,0.003022530898570544,-0.0002996970359957282,925,25,79698.9
2026-08-28 11:28:02,okx,BTC,BTC-USD-270326-85000-C,2027-03-26,85000,call,0.1094123128819509,0.1095,0.11,0.41624682008270303,0.4057028641790336,0.45156167638311717,0.003022530898570544,-0.00029971296244341017,7501,384,79698.9
2026-08-28 11:28:02,okx,BTC,BTC-USD-270326-80000-P,2027-03-26,80000,put,0.1135763539110451,0.1135,0.114,0.4180395794413196,-0.5223150234967963,2.2700856012188217,0.0029453888944193395,-0.00029331884955002016,3071,217,79698.9
2026-08-28 11:28:02,okx,BTC,BTC-USD-270326-100000-C,2027-03-26,100000,call,0.0566024560149731,0.057,0.0575,0.42145143232663784,0.2635967797497396,0.5921274179851823,0.0027122508594751506,-0.0002723262393124152,60144,81,79698.9
2026-08-28 11:28:02,okx,BTC,BTC-USD-270326-95000-P,2027-03-26,95000,put,0.2311215899551849,0.2305,0.235,0.41826218890129274,-0.8531731883771174,2.904668056370301,0.0028817061987036242,-0.00028708017215218725,4,0,79698.9
2026-08-28 11:28:02,okx,BTC,BTC-USD-260830-90000-P,2026-08-30,90000,put,0.1290045043423346,0.1285,0.1295,0.6883732937371138,-1.1215934734346942,2.65341257794336,0.00001435608525405213,-0.00026275402373822517,0,0,79698.9
2026-08-28 11:28:02,okx,BTC,BTC-USD-270326-95000-C,2027-03-26,95000,call,0.0703387773248729,0.0705,0.0715,0.41826218890129274,0.30740369074378493,0.5835142981284963,0.0028817061987036242,-0.0002871466385009492,3870,149,79698.9
2026-08-28 11:28:02,okx,BTC,BTC-USD-270326-90000-P,2027-03-26,90000,put,0.187404629933372,0.185,0.191,0.4164318794454657,-0.744047402353012,2.738606425326177,0.0029940522781042324,-0.0002969884049965321,154,0,79698.9
2026-08-28 11:28:02,okx,BTC,BTC-USD-270326-110000-C,2027-03-26,110000,call,0.0373898826399111,0.0375,0.038,0.430927071890639,0.1918262462651414,0.5438679784551587,0.0022980261175199815,-0.00023592812186639138,12634,0,79698.9
2026-08-28 11:28:02,okx,BTC,BTC-USD-270326-105000-P,2027-03-26,105000,put,0.3287839676947939,0.326,0.3315,0.42574664181389654,-1.0577376576853048,3.1412676893190605,0.0025109517957699412,-0.0002545699629366208,29,28,79698.9
2026-08-28 11:28:02,okx,BTC,BTC-USD-270326-105000-C,2027-03-26,105000,call,0.0458226288053149,0.046,0.0465,0.42574664181389654,0.22500520871148214,0.575781956525487,0.0025109517957699412,-0.00025468696918646275,2819,294,79698.9
2026-08-28 11:28:02,okx,BTC,BTC-USD-270326-100000-P,2027-03-26,100000,put,0.2784745317748686,0.277,0.2815,0.42145143232663784,-0.958063093009105,3.0354471635028712,0.0027122508594751506,-0.0002722345030131133,99,0,79698.9
2026-08-28 11:28:02,okx,BTC,BTC-USD-270326-130000-C,2027-03-26,130000,call,0.018254843846441,0.0175,0.018,0.45709219942279633,0.10442676718794842,0.377361792335239,0.0015405956138750034,-0.00016777311474884158,2168,0,79698.9
2026-08-28 11:28:02,okx,BTC,BTC-USD-270326-120000-P,2027-03-26,120000,put,0.4918356726049974,0.486,0.508,0.44320970403287463,-1.3257239602394426,3.3926337230459738,0.001888704568193872,-0.00019924140008036888,2,0,79698.9
2026-08-28 11:28:02,okx,BTC,BTC-USD-270326-120000-C,2027-03-26,120000,call,0.0256065443267683,0.025,0.026,0.44320970403287463,0.14026788707117077,0.4606500284247468,0.001888704568193872,-0.00019943421618183078,3143,0,79698.9
2026-08-28 11:28:02,okx,BTC,BTC-USD-270326-110000-P,2027-03-26,110000,put,0.3814404846589737,0.375,0.3925,0.430927071890639,-1.1519996137695876,3.231519698524616,0.0022980261175199815,-0.00023578584566600943,5,0,79698.9
2026-08-28 11:28:02,okx,BTC,BTC-USD-270326-160000-C,2027-03-26,160000,call,0.0081768343867198,0.007,0.0075,0.5010703585708342,0.04952775601530792,0.20503194258421972,0.0008760419311801968,-0.0001045824980584643,1964,0,79698.9
2026-08-28 11:28:02,okx,BTC,BTC-USD-270326-140000-P,2027-03-26,140000,put,0.7241105102827786,0.7095,0.7345,0.47172077358980974,-1.6307511894758426,3.727045345521818,0.0012626193771548822,-0.00014160851669077205,0,0,79698.9
2026-08-28 11:28:02,okx,BTC,BTC-USD-270326-140000-C,2027-03-26,140000,call,0.0135243294862154,0.0125,0.013,0.47172077358980974,0.07957263238653983,0.30639770179705295,0.0012626193771548822,-0.00014190241259439386,3068,345,79698.9
2026-08-28 11:28:02,okx,BTC,BTC-USD-270326-130000-P,2027-03-26,130000,put,0.6066624983838373,0.601,0.624,0.45709219942279633,-1.4837310673985495,3.5536774615082347,0.0015405956138750034,-0.0001675297587462997,0,0,79698.9
2026-08-28 11:28:02,okx,BTC,BTC-USD-270326-200000-C,2027-03-26,200000,call,0.0038418813479157,0.0026,0.0039,0.5533773001295728,0.02361639340505978,0.1034211821404317,0.0004793244647741894,-0.00006319598210482042,1146,794,79698.9
2026-08-28 11:28:02,okx,BTC,BTC-USD-270326-180000-P,2027-03-26,180000,put,1.204735050651942,1.187,1.2195,0.5286129818684249,-2.1657095047574453,4.540771014450413,0.0006362717293233365,-0.00007963811020683713,0,0,79698.9
2026-08-28 11:28:02,okx,BTC,BTC-USD-270326-180000-C,2027-03-26,180000,call,0.005434764818711,0.0047,0.0055,0.5286129818684249,0.03327826620847501,0.1427954725185721,0.0006362717293233365,-0.00008013416571477882,12000,0,79698.9
2026-08-28 11:28:02,okx,BTC,BTC-USD-270326-160000-P,2027-03-26,160000,put,0.963120067701617,0.9515,0.9755,0.5010703585708342,-1.9051280403988433,4.114343535412522,0.0008760419311801968,-0.00010418752235268255,320,0,79698.9
2026-08-28 11:28:02,okx,BTC,BTC-USD-270326-200000-P,2027-03-26,200000,put,1.4474992196994807,1.435,1.4745,0.5533773001295728,-2.4197033521126294,4.99006067317581,0.0004793244647741894,-0.0000625988467947188,0,0,79698.9
2026-08-28 11:28:02,okx,BTC,BTC-USD-260925-85000-P,2026-09-25,85000,put,0.0828210124253429,0.082,0.084,0.3911423103236485,-0.7776670523378263,4.796558583516608,0.0009675277014787378,-0.000678933264501432,2873,1,79698.9
2026-08-28 11:28:02,okx,BTC,BTC-USD-260925-85000-C,2026-09-25,85000,call,0.0198629883997197,0.02,0.0205,0.3911423103236485,0.2850589160611035,2.6711066467187474,0.0009675277014787378,-0.0006792049675169319,20394,1865,79698.9
2026-08-28 11:28:02,okx,BTC,BTC-USD-260925-45000-P,2026-09-25,45000,put,0.0004526821238983,0.0002,0.0004,0.8598577775746319,-0.006001667636134803,0.0787874421614319,0.000043824729864915934,-0.00006763802903231101,18818,800,79698.9
2026-08-28 11:28:02,okx,BTC,BTC-USD-260925-45000-C,2026-09-25,45000,call,0.4376535305203704,0.4365,0.4385,0.8598577775746319,0.5566179626927104,-1.0464518184962583,0.000043824729864915934,-0.00006574762850374821,530,0,79698.9
2026-08-28 11:28:02,okx,BTC,BTC-USD-260925-75000-P,2026-09-25,75000,put,0.017762601196322,0.0175,0.018,0.3904210174410733,-0.2758044386646004,3.5472560947341414,0.000892572202926133,-0.0006254332083043524,9983,1236,79698.9
2026-08-28 11:28:02,okx,BTC,BTC-USD-260925-75000-C,2026-09-25,75000,call,0.0798442952762227,0.0785,0.0805,0.3904210174410733,0.6618949452168083,1.6718573269713246,0.000892572202926133,-0.0006251643854338367,18448,118,79698.9
2026-08-28 11:28:02,okx,BTC,BTC-USD-260925-40000-P,2026-09-25,40000,put,0.0002808625501169,0.0001,0.0003,0.9671930586962378,-0.0034804409814900494,0.0432480745360065,0.00002678465408316526,-0.00004649920318002811,78131,0,79698.9
2026-08-28 11:28:02,okx,BTC,BTC-USD-260925-40000-C,2026-09-25,40000,call,0.500001569999351,0.499,0.501,0.9671930586962378,0.49662589708859456,-0.9569646016041627,0.00002678465408316526,-0.00004433853970845746,973,0,79698.9
2026-08-28 11:28:02,okx,BTC,BTC-USD-260831-81500-C,2026-08-31,81500,call,0.0048675921484391,0.0047,0.0048,0.3663475006436576,0.25033512986824163,9.41313918949219,0.0002841429142392791,-0.001822519834766004,900,1051,79698.9
2026-08-28 11:28:02,okx,BTC,BTC-USD-260831-81500-P,2026-08-31,81500,put,0.0270428165985264,0.0265,0.0275,0.3663475006436576,-0.771674699183754,11.457158847596183,0.0002841429142392791,-0.0018219146824065278,99,99,79698.9
2026-08-28 11:28:02,okx,BTC,BTC-USD-261225-50000-C,2026-12-25,50000,call,0.3871887548802807,0.386,0.389,0.5223784544046508,0.573784055465729,-0.8651460583572961,0.0004804084192704044,-0.00010522659085535474,830,0,79698.9
2026-08-28 11:28:02,okx,BTC,BTC-USD-261225-45000-P,2026-12-25,45000,put,0.003385872210478,0.0033,0.0036,0.5697068062036359,-0.02795455491223266,0.23308367969124982,0.000328684741852498,-0.00007877070310830248,25225,205,79698.9
2026-08-28 11:28:02,okx,BTC,BTC-USD-260829-80500-P,2026-08-29,80500,put,0.0151584239929904,0.015,0.016,0.49213870792505343,-0.6662971839609109,16.857947531828483,0.00017910264076555923,-0.004406935831127478,1824,3681,79698.9
2026-08-28 11:28:02,okx,BTC,BTC-USD-261225-45000-C,2026-12-25,45000,call,0.447150139690598,0.4455,0.4485,0.5697068062036359,0.5281279289386762,-0.8790812880105678,0.000328684741852498,-0.00007837552831851625,174,0,79698.9
2026-08-28 11:28:02,okx,BTC,BTC-USD-261225-60000-C,2026-12-25,60000,call,0.2719606505091003,0.2705,0.273,0.45309231544076684,0.628649892092057,-0.5823858451677683,0.0009957764315768197,-0.00018955898089729296,1004,0,79698.9
2026-08-28 11:28:02,okx,BTC,BTC-USD-260829-80500-C,2026-08-29,80500,call,0.0054841402612003,0.0055,0.006,0.49213870792505343,0.34327567845787355,14.838801806990917,0.00017910264076555923,-0.004407082680641659,4952,4289,79698.9
2026-08-28 11:28:02,okx,BTC,BTC-USD-261225-55000-P,2026-12-25,55000,put,0.0083064849277291,0.008,0.0085,0.48357377082803915,-0.07044089129461358,0.5845363378564684,0.0006986094088398699,-0.00014211010526422155,11957,453,79698.9
2026-08-28 11:28:02,okx,BTC,BTC-USD-261225-55000-C,2026-12-25,55000,call,0.3284863284363529,0.327,0.33,0.48357377082803915,0.6092154778564973,-0.7747764004457531,0.0006986094088398699,-0.00014182496201504066,680,0,79698.9
2026-08-28 11:28:02,okx,BTC,BTC-USD-261225-50000-P,2026-12-25,50000,put,0.005216699385909,0.005,0.0055,0.5223784544046508,-0.044085371035280964,0.3705927946447239,0.0004804084192704044,-0.00010556674987483832,12710,198,79698.9
2026-08-28 11:28:02,okx,BTC,BTC-USD-261225-25000-P,2026-12-25,25000,put,0.0005390138509633,0.0004,0.0007,0.8282772431154506,-0.003789869365033155,0.02838883857914513,0.00005612492480834034,-0.000019555603919656937,42198,1200,79698.9
2026-08-28 11:28:02,okx,BTC,BTC-USD-261225-70000-C,2026-12-25,70000,call,0.1710906439364103,0.17,0.172,0.4148177269469899,0.5962296800317877,0.09807509683195617,0.0017432258635458019,-0.0003040491137523603,17741,73,79698.9
2026-08-28 11:28:02,okx,BTC,BTC-USD-261225-25000-C,2026-12-25,25000,call,0.6914721292740756,0.6905,0.6925,0.8282772431154506,0.3051448438854718,-0.5894805879218649,0.00005612492480834034,-0.000018940366048660013,161,0,79698.9
2026-08-28 11:28:02,okx,BTC,BTC-USD-261225-65000-P,2026-12-25,65000,put,0.0223539003763651,0.022,0.0225,0.43041251109171325,-0.17749964101614604,1.325798717226076,0.0013606334720379443,-0.00024634363987639443,13923,449,79698.9
2026-08-28 11:28:02,okx,BTC,BTC-USD-261225-65000-C,2026-12-25,65000,call,0.2189493199134928,0.2175,0.22,0.43041251109171325,0.6257306134351668,-0.28066179167654975,0.0013606334720379443,-0.00024616852816781884,13513,0,79698.9
2026-08-28 11:28:02,okx,BTC,BTC-USD-261225-60000-P,2026-12-25,60000,put,0.0135730189862246,0.0135,0.014,0.45309231544076684,-0.11279341970915481,0.9005007784346556,0.0009957764315768197,-0.00018978910837617118,18628,300,79698.9
2026-08-28 11:28:02,okx,BTC,BTC-USD-261225-35000-P,2026-12-25,35000,put,0.0014973073368631,0.0014,0.0017,0.6882060204932279,-0.011390491713575479,0.09001458881915948,0.00015067167530871868,-0.00004362015464607537,22896,0,79698.9
2026-08-28 11:28:02,okx,BTC,BTC-USD-261225-80000-C,2026-12-25,80000,call,0.0964228339068238,0.0965,0.0975,0.4016020407990695,0.468687011172874,0.7799437133120278,0.0022458115704313865,-0.0003793335774957,14417,1080,79698.9
2026-08-28 11:28:02,okx,BTC,BTC-USD-261225-35000-C,2026-12-25,35000,call,0.5688459987884792,0.5675,0.57,0.6882060204932279,0.4211181068371314,-0.7750026082822543,0.00015067167530871868,-0.00004311494831568378,150,0,79698.9
2026-08-28 11:28:02,okx,BTC,BTC-USD-261225-75000-P,2026-12-25,75000,put,0.056924519045404,0.057,0.0575,0.4054941414881548,-0.3854734998946163,2.3332250529448304,0.0020628595719114342,-0.00035183748579571526,5229,275,79698.9
2026-08-28 11:28:02,okx,BTC,BTC-USD-261225-30000-P,2026-12-25,30000,put,0.0009513487638698,0.0008,0.0012,0.7567508721764168,-0.0069265156812621615,0.053083044261487126,0.00009667142710353017,-0.000030774392992397116,19876,10,79698.9
2026-08-28 11:28:02,okx,BTC,BTC-USD-261225-52000-P,2026-12-25,52000,put,0.0062592986633342,0.006,0.0065,0.505836110536722,-0.053110074220373324,0.445414499605802,0.0005587083850634878,-0.00011888445032813039,7106,336,79698.9
2026-08-28 11:28:02,okx,BTC,BTC-USD-261225-75000-C,2026-12-25,75000,call,0.1299355146110355,0.1295,0.1315,0.4054941414881548,0.5413306398568984,0.47961677344180104,0.0020628595719114342,-0.0003517724056277451,9256,274,79698.9
2026-08-28 11:28:02,okx,BTC,BTC-USD-261225-30000-C,2026-12-25,30000,call,0.6300922522012341,0.629,0.631,0.7567508721764168,0.3637951402193438,-0.6883602675397247,0.00009667142710353017,-0.00003021417089170286,4545,0,79698.9
2026-08-28 11:28:02,okx,BTC,BTC-USD-261225-52000-C,2026-12-25,52000,call,0.3635144693634068,0.362,0.365,0.505836110536722,0.5894741293406769,-0.8397539075162984,0.0005587083850634878,-0.00011856629761676788,50,0,79698.9
2026-08-28 11:28:02,okx,BTC,BTC-USD-261225-70000-P,2026-12-25,70000,put,0.0362874363850308,0.036,0.0365,0.4148177269469899,-0.2687875170696261,1.8281094910347837,0.0017432258635458019,-0.0003041692096906332,10228,1157,79698.9
2026-08-28 11:28:02,okx,BTC,BTC-USD-261225-90000-C,2026-12-25,90000,call,0.0512598154342198,0.051,0.0515,0.40597022955390977,0.3142806476108701,0.9946770247118131,0.0021458690828093383,-0.00036643224035864524,19661,1861,79698.9
2026-08-28 11:28:02,okx,BTC,BTC-USD-261225-85000-P,2026-12-25,85000,put,0.1211061426128505,0.1205,0.1225,0.4022480641396894,-0.660747215906709,3.050686625801542,0.0022649779468378603,-0.0003831653055634784,3037,210,79698.9
2026-08-28 11:28:02,okx,BTC,BTC-USD-261225-40000-P,2026-12-25,40000,put,0.0022524727733887,0.0022,0.0024,0.6252866127522698,-0.017914798962523036,0.1459783983415531,0.00022427747149209983,-0.0000589929898873626,12158,1200,79698.9
2026-08-28 11:28:02,okx,BTC,BTC-USD-261225-85000-C,2026-12-25,85000,call,0.0705327142069858,0.0705,0.071,0.4022480641396894,0.38963080914500775,0.9499305756981081,0.0022649779468378603,-0.0003832102569361136,19787,641,79698.9
2026-08-28 11:28:02,okx,BTC,BTC-USD-261225-40000-C,2026-12-25,40000,call,0.5078089522392568,0.5065,0.509,0.6252866127522698,0.4763807422382849,-0.8426126840600627,0.00022427747149209983,-0.00005854279932727369,1,0,79698.9
2026-08-28 11:28:02,okx,BTC,BTC-USD-261225-80000-P,2026-12-25,80000,put,0.0852040503269404,0.0855,0.0865,0.4016020407990695,-0.5199040712287418,2.7571258781152594,0.0022458115704313865,-0.00037934364189336754,5948,870,79698.9
2026-08-28 11:28:02,okx,BTC,BTC-USD-261225-100000-C,2026-12-25,100000,call,0.027425330007294,0.0265,0.027,0.4199465690970874,0.19499855877527325,0.8533435270090226,0.001700242693245673,-0.0003003447283111096,24123,612,79698.9
2026-08-28 11:28:02,okx,BTC,BTC-USD-261225-95000-P,2026-12-25,95000,put,0.2114784588601827,0.2095,0.2125,0.4120304211886659,-0.9252805296963634,3.296853165542717,0.0019404928498481012,-0.00033616198897724127,822,8,79698.9
2026-08-28 11:28:02,okx,BTC,BTC-USD-260925-52000-C,2026-09-25,52000,call,0.3504126807182075,0.3495,0.3515,0.7045770787235723,0.6389229743261218,-1.1352537378664689,0.00007667323978499911,-0.00009545311055150353,565,0,79698.9
2026-08-28 11:28:02,okx,BTC,BTC-USD-261225-95000-C,2026-12-25,95000,call,0.0373206064828217,0.0365,0.0375,0.4120304211886659,0.24867138065555522,0.9489493448388799,0.0019404928498481012,-0.00033631697189048175,9919,801,79698.9
2026-08-28 11:28:02,okx,BTC,BTC-USD-260925-52000-P,2026-09-25,52000,put,0.0007396349956019,0.0005,0.0007,0.7045770787235723,-0.011215265164988206,0.16502274111575102,0.00007667323978499911,-0.00009696514295985536,18942,9,79698.9
2026-08-28 11:28:02,okx,BTC,BTC-USD-261225-90000-P,2026-12-25,90000,put,0.1636254558258326,0.1615,0.1665,0.40597022955390977,-0.7978843200909477,3.2190069601154487,0.0021458690828093383,-0.0003663322732157074,1930,50,79698.9
2026-08-28 11:28:02,okx,BTC,BTC-USD-261225-110000-C,2026-12-25,110000,call,0.0155335566325853,0.014,0.015,0.4397101884584975,0.12046050978967716,0.6287461373075144,0.001245220743257503,-0.00023032292620352006,11211,0,79698.9
2026-08-28 11:28:02,okx,BTC,BTC-USD-261225-105000-P,2026-12-25,105000,put,0.318195867166795,0.315,0.318,0.42929477872345334,-1.1446968306603682,3.335077029133632,0.001461781817535123,-0.0002637074160185379,10,0,79698.9
2026-08-28 11:28:02,okx,BTC,BTC-USD-261225-105000-C,2026-12-25,105000,call,0.020453590817938,0.0195,0.02,0.42929477872345334,0.1528289649917524,0.7400254378293909,0.001461781817535123,-0.0002639724304723837,14107,166,79698.9
2026-08-28 11:28:02,okx,BTC,BTC-USD-261225-100000-P,2026-12-25,100000,put,0.263375394370403,0.2605,0.2635,0.4199465690970874,-1.0407402942267465,3.3248212330130626,0.001700242693245673,-0.0003001347296275664,570,46,79698.9
2026-08-28 11:28:02,okx,BTC,BTC-USD-261225-120000-C,2026-12-25,120000,call,0.0095055790691515,0.008,0.0085,0.4625605558313825,0.07722825807464855,0.44405292069521013,0.0009015012793876146,-0.00017541404596478448,5613,424,79698.9
2026-08-28 11:28:02,okx,BTC,BTC-USD-261225-115000-P,2026-12-25,115000,put,0.4333582995111628,0.427,0.44,0.45088434407076167,-1.3252241541325902,3.371255145523421,0.0010583048879375394,-0.00020035073414977232,772,0,79698.9
2026-08-28 11:28:02,okx,BTC,BTC-USD-261225-115000-C,2026-12-25,115000,call,0.0120315991908097,0.0105,0.011,0.45088434407076167,0.09587552681973249,0.529055783618776,0.0010583048879375394,-0.00020072578014422346,4178,200,79698.9
2026-08-28 11:28:02,okx,BTC,BTC-USD-261225-110000-P,2026-12-25,110000,put,0.3750680449671905,0.371,0.3795,0.4397101884584975,-1.2388522285125445,3.347371613911958,0.001245220743257503,-0.00023000289597937154,420,0,79698.9
2026-08-28 11:28:02,okx,BTC,BTC-USD-261225-130000-C,2026-12-25,130000,call,0.0062713789485525,0.005,0.0055,0.48661719062431885,0.05208613063324212,0.31558382425231,0.0006651371374480675,-0.00013615425296025112,8349,616,79698.9
2026-08-28 11:28:02,okx,BTC,BTC-USD-261225-125000-P,2026-12-25,125000,put,0.5525647392145596,0.544,0.559,0.4745282756859422,-1.4816579008343096,3.4628100418516414,0.0007718258665833747,-0.00015358297511629582,866,0,79698.9
2026-08-28 11:28:02,okx,BTC,BTC-USD-260830-82500-C,2026-08-30,82500,call,0.0018908817013681,0.0015,0.0016,0.41802964500303064,0.12719813192547264,6.8087668910813886,0.00015010513297283618,-0.001690741325392988,1406,1412,79698.9
2026-08-28 11:28:02,okx,BTC,BTC-USD-261225-125000-C,2026-12-25,125000,call,0.0076536149227101,0.006,0.007,0.4745282756859422,0.06301566541821499,0.37346290934659254,0.0007718258665833747,-0.00015406805265135234,10540,241,79698.9
2026-08-28 11:28:02,okx,BTC,BTC-USD-260830-82500-P,2026-08-30,82500,put,0.036710705119103,0.036,0.037,0.41802964500303064,-0.9074826021595953,8.878128359251525,0.00015010513297283618,-0.0016897897755153081,54,54,79698.9
2026-08-28 11:28:02,okx,BTC,BTC-USD-261225-120000-P,2026-12-25,120000,put,0.4926244913752528,0.4885,0.4985,0.4625605558313825,-1.4056583655277752,3.409826167900058,0.0009015012793876146,-0.00017498398420003064,517,0,79698.9
2026-08-28 11:28:02,okx,BTC,BTC-USD-260829-82500-C,2026-08-29,82500,call,0.0013098741044795,0.0013,0.0014,0.5534817326665169,0.10278428706189657,6.537889923971432,0.00008749010895131988,-0.002421188686011876,6869,9294,79698.9
2026-08-28 11:28:02,okx,BTC,BTC-USD-261225-150000-C,2026-12-25,150000,call,0.0032521034782799,0.0022,0.0026,0.5338771682663975,0.027227951904537303,0.17184856918148947,0.00039342434919076893,-0.00008835654630828965,6952,25,79698.9
2026-08-28 11:28:02,okx,BTC,BTC-USD-260829-82500-P,2026-08-29,82500,put,0.0360688527335193,0.0355,0.037,0.5534817326665169,-0.9318711309449321,8.607200759985087,0.00008749010895131988,-0.0024206576799762273,0,0,79698.9
2026-08-28 11:28:02,okx,BTC,BTC-USD-261225-140000-P,2026-12-25,140000,put,0.7346947197834455,0.7255,0.743,0.5106444342888375,-1.6931443679317086,3.6897808135667303,0.0005046528268527213,-0.00010775404129837599,0,0,79698.9
2026-08-28 11:28:02,okx,BTC,BTC-USD-261225-140000-C,2026-12-25,140000,call,0.004406959534352,0.0033,0.0036,0.5106444342888375,0.03689002627111902,0.22971202516107528,0.0005046528268527213,-0.00010840416614434051,9603,0,79698.9
2026-08-28 11:28:02,okx,BTC,BTC-USD-261225-130000-P,2026-12-25,130000,put,0.6129747152261498,0.6065,0.6175,0.48661719062431885,-1.5543743782693835,3.528504842057561,0.0006651371374480675,-0.00013561415965489192,10,0,79698.9
2026-08-28 11:28:02,okx,BTC,BTC-USD-261225-170000-C,2026-12-25,170000,call,0.0019559409963557,0.0011,0.0015,0.5764235037483265,0.016236072214025496,0.10333460178986043,0.00025491170266289437,-0.00006181154523842587,4753,0,79698.9
2026-08-28 11:28:02,okx,BTC,BTC-USD-261225-160000-P,2026-12-25,160000,put,0.9799454786804329,0.9745,0.99,0.5558769269697693,-1.956418440520723,4.08620803083628,0.00031382116201299107,-0.00007251326468599788,0,0,79698.9
2026-08-28 11:28:02,okx,BTC,BTC-USD-261225-160000-C,2026-12-25,160000,call,0.0024888704883469,0.0016,0.002,0.5558769269697693,0.020763724282508854,0.13184370122981712,0.00031382116201299107,-0.0000733834526131731,3120,0,79698.9
2026-08-28 11:28:02,okx,BTC,BTC-USD-261225-150000-P,2026-12-25,150000,put,0.8571242876988698,0.8495,0.8665,0.5338771682663975,-1.8263803275984924,3.879065128187549,0.00039342434919076893,-0.00008759638992171977,3347,0,79698.9
2026-08-28 11:28:02,okx,BTC,BTC-USD-261225-200000-C,2026-12-25,200000,call,0.0010437519228835,0.0004,0.0009,0.6289532288057181,0.008548428550822927,0.054511633350067604,0.00014665930358047984,-0.000038803236511570475,4069,0,79698.9
2026-08-28 11:28:02,okx,BTC,BTC-USD-261225-180000-P,2026-12-25,180000,put,1.22619225812351,1.2195,1.237,0.595437582595508,-2.2113909921315535,4.531072926951721,0.0002099689739169491,-0.0000515030259446439,0,0,79698.9
2026-08-28 11:28:02,okx,BTC,BTC-USD-261225-180000-C,2026-12-25,180000,call,0.0015668019884321,0.0008,0.0013,0.595437582595508,0.012938943272082018,0.08241305614445003,0.0002099689739169491,-0.00005259327695302981,2467,0,79698.9
2026-08-28 11:28:02,okx,BTC,BTC-USD-261225-170000-P,2026-12-25,170000,put,1.1029969731599374,1.0935,1.111,0.5764235037483265,-2.0845199778894083,4.304846701996728,0.00025491170266289437,-0.00006083132577064531,0,0,79698.9
2026-08-28 11:28:02,okx,BTC,BTC-USD-261225-240000-C,2026-12-25,240000,call,0.0004995996867033,0.0001,0.0005,0.6803326813378701,0.004074304790150346,0.026254302353934878,0.00007621549705081072,-0.00002181253526181966,5203,900,79698.9
2026-08-28 11:28:02,okx,BTC,BTC-USD-261225-220000-P,2026-12-25,220000,put,1.719679419505287,1.7145,1.7335,0.6569799066893371,-2.7127836600929194,5.474637393514254,0.00010497733488289375,-0.00002748234415285136,0,0,79698.9
2026-08-28 11:28:02,okx,BTC,BTC-USD-261225-220000-C,2026-12-25,220000,call,0.0007162674842244,0.0002,0.0007,0.6569799066893371,0.005841816511523688,0.03738644030536671,0.00010497733488289375,-0.000029012721323658643,4475,0,79698.9
2026-08-28 11:28:02,okx,BTC,BTC-USD-261225-200000-P,2026-12-25,200000,put,1.4728380560009535,1.465,1.486,0.6289532288057181,-2.4629292774532168,4.997467045358147,0.00014665930358047984,-0.00003749292242197388,0,0,79698.9
2026-08-28 11:28:02,okx,BTC,BTC-USD-261225-240000-P,2026-12-25,240000,put,1.9666315996507584,1.951,1.9815,0.6803326813378701,-2.961698942414697,5.95780079676363,0.00007621549705081072,-0.000020062095009801688,317,0,79698.9
2026-08-28 11:28:02,okx,BTC,BTC-USD-260830-77500-C,2026-08-30,77500,call,0.0296697842032732,0.029,0.03,0.3632754810705107,0.8363878973153427,6.658955546112356,0.0001538723434430582,-0.0015053917652093293,12,0,79698.9
2026-08-28 11:28:02,okx,BTC,BTC-USD-261225-58000-C,2026-12-25,58000,call,0.2942333231424671,0.2925,0.2955,0.46431389727624817,0.6232136318850873,-0.6727366466268571,0.0008673935299833344,-0.0001691632556350199,253,0,79698.9
2026-08-28 11:28:02,okx,BTC,BTC-USD-260830-77500-P,2026-08-30,77500,put,0.0017763355701146,0.0016,0.0017,0.3632754810705107,-0.13558491349184246,8.602901167726726,0.0001538723434430582,-0.0015061582406097538,2897,2532,79698.9
2026-08-28 11:28:02,okx,BTC,BTC-USD-261225-58000-P,2026-12-25,58000,put,0.0111288068252921,0.0105,0.0115,0.46431389727624817,-0.09351490285608417,0.7607204228554859,0.0008673935299833344,-0.0001694153894220192,6947,200,79698.9
2026-08-28 11:28:02,okx,BTC,BTC-USD-260925-62000-C,2026-09-25,62000,call,0.2264593115555217,0.2255,0.228,0.514545336512537,0.7420358894617272,-0.9882328212911886,0.00019470799906447464,-0.0001788518184613472,6648,2,79698.9
2026-08-28 11:28:02,okx,BTC,BTC-USD-260830-80500-C,2026-08-30,80500,call,0.0063784109576366,0.006,0.0065,0.3686757013718738,0.3559336617008787,13.551408439728444,0.00026733327445631973,-0.002655563770480394,2794,2366,79698.9
2026-08-28 11:28:02,okx,BTC,BTC-USD-260830-80500-P,2026-08-30,80500,put,0.0161129255550142,0.016,0.0165,0.3686757013718738,-0.6536639030730362,15.570603569276274,0.00026733327445631973,-0.0026552994307139557,719,983,79698.9
2026-08-28 11:28:02,okx,BTC,BTC-USD-260925-62000-P,2026-09-25,62000,put,0.00182598393844,0.0016,0.0017,0.514545336512537,-0.0331289345469039,0.5620968267260738,0.00019470799906447464,-0.00017982332498368332,16201,1613,79698.9
2026-08-28 11:28:02,okx,BTC,BTC-USD-260911-92000-P,2026-09-11,92000,put,0.1544029752320111,0.1525,0.156,0.43548342266204443,-1.102785941565632,3.4500768447021217,0.0002057313272509627,-0.0003233084258698858,320,200,79698.9
2026-08-28 11:28:02,okx,BTC,BTC-USD-261030-82000-C,2026-10-30,82000,call,0.0540105735858852,0.0535,0.0545,0.3826745447362007,0.4256923198230924,1.6570722424693376,0.0016530548315602403,-0.000503017562770349,2714,1191,79698.9
2026-08-28 11:28:02,okx,BTC,BTC-USD-260911-94000-C,2026-09-11,94000,call,0.0010938520248204,0.0011,0.0012,0.44617255182630833,0.03202632176983602,0.7854389737231179,0.00014387790812651945,-0.00023165513518848214,785,826,79698.9
2026-08-28 11:28:02,okx,BTC,BTC-USD-261030-82000-P,2026-10-30,82000,put,0.0749443324614659,0.0745,0.0755,0.3826745447362007,-0.5949385227635279,3.698333927642578,0.0016530548315602403,-0.0005029461720919845,291,266,79698.9
2026-08-28 11:28:02,okx,BTC,BTC-USD-260925-92000-P,2026-09-25,92000,put,0.1568164249345743,0.155,0.159,0.4106017950209056,-1.037272755796804,3.8309039961799396,0.0005503684223564676,-0.00040495430608496034,80,20,79698.9
2026-08-28 11:28:02,okx,BTC,BTC-USD-260911-92000-C,2026-09-11,92000,call,0.0017731083489473,0.0017,0.0018,0.43548342266204443,0.04972263517849571,1.145059691213866,0.0002057313272509627,-0.0003233084258698858,1158,1041,79698.9
2026-08-28 11:28:02,okx,BTC,BTC-USD-260925-92000-C,2026-09-25,92000,call,0.0063305982350846,0.006,0.0065,0.4106017950209056,0.11297182176439051,1.5304148410575502,0.0005503684223564676,-0.0004056043772206713,5279,2584,79698.9
2026-08-28 11:28:02,okx,BTC,BTC-USD-261225-82000-C,2026-12-25,82000,call,0.0851892478067936,0.0855,0.086,0.40138145910971157,0.43718665426413844,0.8644437514248148,0.0022726782133285976,-0.0003836716869656901,8646,48,79698.9
2026-08-28 11:28:02,okx,BTC,BTC-USD-261225-82000-P,2026-12-25,82000,put,0.0986873490212095,0.0985,0.1005,0.40138145910971157,-0.5761192051975178,2.8910554703481273,0.0022726782133285976,-0.0003836597450552366,361,361,79698.9
2026-08-28 11:28:02,okx,BTC,BTC-USD-261225-68000-P,2026-12-25,68000,put,0.0299883027636663,0.0295,0.03,0.42025629193642683,-0.22900718911901144,1.6219776930318661,0.001592869753669661,-0.0002815812404911246,2668,668,79698.9
2026-08-28 11:28:02,okx,BTC,BTC-USD-260911-98000-P,2026-09-11,98000,put,0.2282323983486823,0.226,0.23,0.4686063449995556,-1.2142359743695963,2.816173688173063,0.0000689664834386056,-0.00011662488122317428,0,0,79698.9
2026-08-28 11:28:02,okx,BTC,BTC-USD-260911-96000-P,2026-09-11,96000,put,0.2034261498914835,0.2015,0.2045,0.45724107350791215,-1.1819439624987242,2.938469185604665,0.0000997306986518844,-0.0001645580243896534,0,0,79698.9
2026-08-28 11:28:02,okx,BTC,BTC-USD-260911-98000-C,2026-09-11,98000,call,0.0004310184080272,0.0005,0.0006,0.4686063449995556,0.013436205205670146,0.36082932902253056,0.0000689664834386056,-0.00011662488122317428,2791,1414,79698.9
2026-08-28 11:28:02,okx,BTC,BTC-USD-260911-94000-P,2026-09-11,94000,put,0.1787808899270813,0.176,0.1805,0.44617255182630833,-1.145536789251338,3.1405651957654657,0.00014387790812651945,-0.00023165513518848214,0,0,79698.9
2026-08-28 11:28:02,okx,BTC,BTC-USD-261030-100000-C,2026-10-30,100000,call,0.0090219858996449,0.0085,0.0095,0.41225626871085863,0.10697062487323628,0.9275804790687983,0.0008104057161294117,-0.0002657328939339772,3802,884,79698.9
2026-08-28 11:28:02,okx,BTC,BTC-USD-261225-68000-C,2026-12-25,68000,call,0.189508395109345,0.188,0.1915,0.42025629193642683,0.611295230922362,-0.05862714705088087,0.001592869753669661,-0.0002814391382447307,4161,0,79698.9
2026-08-28 11:28:02,okx,BTC,BTC-USD-260911-96000-C,2026-09-11,96000,call,0.0006819409700257,0.0007,0.0008,0.45724107350791215,0.02067368279949601,0.5332338950082248,0.0000997306986518844,-0.0001645580243896534,4079,0,79698.9
2026-08-28 11:28:02,okx,BTC,BTC-USD-261030-100000-P,2026-10-30,100000,put,0.2540159084590857,0.252,0.256,0.41225626871085863,-1.1377011343787398,3.4169239975727503,0.0008104057161294117,-0.0002648942398500478,342,170,79698.9
2026-08-28 11:28:02,okx,BTC,BTC-USD-260904-94000-P,2026-09-04,94000,put,0.1783496115635999,0.177,0.18,0.46627146693055715,-1.1723941958261033,2.5968138524966506,0.000022071672696375253,-0.0000701754781387961,0,0,79698.9
2026-08-28 11:28:02,okx,BTC,BTC-USD-260904-85000-P,2026-09-04,85000,put,0.0696215710171055,0.0685,0.071,0.4236823733374158,-0.9250417085513881,5.7622588708470746,0.00031132264375093044,-0.0009600978352901336,0,0,79698.9
2026-08-28 11:28:02,okx,BTC,BTC-USD-260904-94000-C,2026-09-04,94000,call,0.000112561120344,0.0002,0.0003,0.46627146693055715,0.0055310210598514585,0.24096341872474092,0.000022071672696375253,-0.00007505528695682624,1257,221,79698.9
2026-08-28 11:28:02,okx,BTC,BTC-USD-260904-85000-C,2026-09-04,85000,call,0.0041764696502671,0.0041,0.0042,0.4236823733374158,0.1401034343774008,3.6319685849894965,0.00031132264375093044,-0.0009618877790991402,6549,2625,79698.9
2026-08-28 11:28:02,okx,BTC,BTC-USD-260830-76500-C,2026-08-30,76500,call,0.0412178855440603,0.0405,0.042,0.38530560272276654,0.8943218534313409,2.7896544547516413,0.00008968062386069448,-0.0009299590076032953,0,0,79698.9
2026-08-28 11:28:02,okx,BTC,BTC-USD-260830-76500-P,2026-08-30,76500,put,0.0007817825007231,0.0006,0.0007,0.38530560272276654,-0.0651093727202676,4.708516907054857,0.00008968062386069448,-0.0009310690880593403,3475,1915,79698.9
2026-08-28 11:28:02,okx,BTC,BTC-USD-261225-62000-C,2026-12-25,62000,call,0.2502464617345393,0.2485,0.252,0.4431211409349616,0.6304871005607884,-0.47406964551555464,0.0011354585338042508,-0.00021143973175737183,1432,0,79698.9
2026-08-28 11:28:02,okx,BTC,BTC-USD-261225-62000-P,2026-12-25,62000,put,0.0165757150059629,0.016,0.0165,0.4431211409349616,-0.13567098830046379,1.0582465322069499,0.0011354585338042508,-0.00021164785292812898,9145,249,79698.9
2026-08-28 11:28:02,okx,BTC,BTC-USD-260831-74000-C,2026-08-31,74000,call,0.0721942006599972,0.0715,0.0725,0.4233587277059483,0.9056077124667445,-0.40739076620226605,0.000046496944464296115,-0.0003426927469675703,0,0,79698.9
2026-08-28 11:28:02,okx,BTC,BTC-USD-260831-74000-P,2026-08-31,74000,put,0.0003114194923089,0.0002,0.0003,0.4233587277059483,-0.022352132316662575,1.448528923364548,0.000046496944464296115,-0.00034466430648009635,4359,4600,79698.9
2026-08-28 11:28:02,okx,BTC,BTC-USD-260831-73000-C,2026-08-31,73000,call,0.0846294845338474,0.084,0.085,0.4594577319740937,0.9010600578404705,-0.9156498312622375,0.00003186491591128897,-0.0002540287375135513,0,0,79698.9
2026-08-28 11:28:02,okx,BTC,BTC-USD-260831-73000-P,2026-08-31,73000,put,0.0002056359504556,0.0001,0.0002,0.4594577319740937,-0.014359789040458083,0.9151898624996196,0.00003186491591128897,-0.00025634385860901106,583,601,79698.9
2026-08-28 11:28:02,okx,BTC,BTC-USD-260831-77500-C,2026-08-31,77500,call,0.0307935138736817,0.0305,0.0315,0.34281286897125945,0.7990972200374704,6.745839274812574,0.0002237876919288304,-0.0013424370881239527,0,0,79698.9
2026-08-28 11:28:02,okx,BTC,BTC-USD-260831-77500-P,2026-08-31,77500,put,0.0028044686609553,0.0028,0.0029,0.34281286897125945,-0.1727526174046113,8.689538949696738,0.0002237876919288304,-0.0013432061820962112,1436,320,79698.9
2026-08-28 11:28:02,okx,BTC,BTC-USD-260831-77000-C,2026-08-31,77000,call,0.0362170745904654,0.0355,0.037,0.34884033201013753,0.8381727763726557,5.012142677812689,0.00018253984968906106,-0.0011139636569117918,0,0,79698.9
2026-08-28 11:28:02,okx,BTC,BTC-USD-260831-77000-P,2026-08-31,77000,put,0.0019574956698874,0.0018,0.0019,0.34884033201013753,-0.1274070621181868,6.943302354794374,0.00018253984968906106,-0.001114904531675517,893,382,79698.9
2026-08-28 11:28:02,okx,BTC,BTC-USD-260831-76000-C,2026-08-31,76000,call,0.0477756472543437,0.047,0.048,0.3668400701911839,0.8847693760395265,2.2447285526444527,0.00011520891492027845,-0.0007386978763656339,230,230,79698.9
2026-08-28 11:28:02,okx,BTC,BTC-USD-260831-76000-P,2026-08-31,76000,put,0.0009750009180622,0.0008,0.0009,0.3668400701911839,-0.0682704645488376,4.150808233821182,0.00011520891492027845,-0.0007399823127122927,2496,2709,79698.9
2026-08-28 11:28:02,okx,BTC,BTC-USD-260831-75000-C,2026-08-31,75000,call,0.0598649281723547,0.059,0.0605,0.3920493138219706,0.9027761377778768,0.5368588448626673,0.00007184670399817146,-0.0004915561024449532,0,0,79698.9
2026-08-28 11:28:02,okx,BTC,BTC-USD-260831-75000-P,2026-08-31,75000,put,0.0005232144203699,0.0004,0.0005,0.3920493138219706,-0.0377237049080087,2.4178585302344384,0.00007184670399817146,-0.0004931841003745457,1223,1225,79698.9
2026-08-28 11:28:02,okx,BTC,BTC-USD-260831-79500-C,2026-08-31,79500,call,0.0134824430801715,0.0135,0.014,0.33985611575648256,0.5320943392595027,12.119040393524012,0.00035052574271543117,-0.0020855083623586676,334,336,79698.9
2026-08-28 11:28:02,okx,BTC,BTC-USD-260831-79500-P,2026-08-31,79500,put,0.010575532698852,0.0105,0.011,0.33985611575648256,-0.46483549398753593,14.112900060018088,0.00035052574271543117,-0.0020855903331650585,479,823,79698.9
2026-08-28 11:28:02,okx,BTC,BTC-USD-260831-79000-C,2026-08-31,79000,call,0.0169972509731931,0.0165,0.0175,0.3373804803615003,0.6109759039257129,11.450746345158306,0.0003344968814368786,-0.0019755291670703443,450,450,79698.9
2026-08-28 11:28:02,okx,BTC,BTC-USD-260831-79000-P,2026-08-31,79000,put,0.0078198068840219,0.008,0.0085,0.3373804803615003,-0.37968393037008663,13.432066013749907,0.0003344968814368786,-0.0019757829186682024,1420,1437,79698.9
2026-08-28 11:28:02,okx,BTC,BTC-USD-260831-78500-C,2026-08-31,78500,call,0.0210953003641449,0.021,0.0215,0.3370496280362479,0.6841995766438477,10.196831427382119,0.00030496582783156976,-0.0017991992008327175,0,0,79698.9
2026-08-28 11:28:02,okx,BTC,BTC-USD-260925-88000-C,2026-09-25,88000,call,0.0122337627809226,0.012,0.0125,0.3983678532467564,0.1955285038692373,2.211277718682385,0.000791164776596186,-0.0005656765756783431,6078,2146,79698.9
2026-08-28 11:28:02,okx,BTC,BTC-USD-260831-78500-P,2026-08-31,78500,put,0.0056473225671219,0.0055,0.006,0.3370496280362479,-0.3001902587007125,12.165611098071238,0.00030496582783156976,-0.001799624733222042,1797,1331,79698.9
2026-08-28 11:28:02,okx,BTC,BTC-USD-260925-88000-P,2026-09-25,88000,put,0.1127037022382028,0.111,0.115,0.3983678532467564,-0.9047054398849488,4.411745606190757,0.000791164776596186,-0.0005652427148970384,0,0,79698.9
2026-08-28 11:28:02,okx,BTC,BTC-USD-260831-78000-C,2026-08-31,78000,call,0.0257216632780425,0.025,0.0265,0.3388674126035661,0.7476669410603254,8.547232451673816,0.0002662426000995124,-0.0015790183535333742,99,99,79698.9
2026-08-28 11:28:02,okx,BTC,BTC-USD-260831-78000-P,2026-08-31,78000,put,0.0040031517731678,0.0039,0.004,0.3388674126035661,-0.23045289533299573,10.503472124460458,0.0002662426000995124,-0.0015796156667141658,1825,2135,79698.9
2026-08-28 11:28:02,okx,BTC,BTC-USD-260831-83000-C,2026-08-31,83000,call,0.0022868566828719,0.0019,0.002,0.3987725535349189,0.1292892779244313,5.789307925955945,0.00018868262970177314,-0.0013173784356472827,2025,1908,79698.9
2026-08-28 11:28:02,okx,BTC,BTC-USD-260831-83000-P,2026-08-31,83000,put,0.0432736822565144,0.042,0.0435,0.3987725535349189,-0.9115305479812821,7.870947577767373,0.00018868262970177314,-0.001316257940913406,0,0,79698.9
2026-08-28 11:28:02,okx,BTC,BTC-USD-260831-82000-C,2026-08-31,82000,call,0.0037573400613575,0.0035,0.0036,0.3761209313147442,0.20118801875908693,8.136836753000594,0.0002512744719453614,-0.0016547136566132262,1322,730,79698.9
2026-08-28 11:28:02,okx,BTC,BTC-USD-260831-82000-P,2026-08-31,82000,put,0.0322030982192965,0.0315,0.0325,0.3761209313147442,-0.8270918092441479,10.193396409007063,0.0002512744719453614,-0.001653936723462283,105,165,79698.9
2026-08-28 11:28:02,okx,BTC,BTC-USD-260831-81000-C,2026-08-31,81000,call,0.0063214625125489,0.006,0.0065,0.3577433500438411,0.30917100134453684,10.615551663387825,0.00031441619565364886,-0.001969301628504572,1590,1509,79698.9
2026-08-28 11:28:02,okx,BTC,BTC-USD-260831-81000-P,2026-08-31,81000,put,0.0222261532547844,0.022,0.023,0.3577433500438411,-0.7065688287562195,12.647031323589337,0.00031441619565364886,-0.0019688682569365627,485,350,79698.9
2026-08-28 11:28:02,okx,BTC,BTC-USD-260831-80000-C,2026-08-31,80000,call,0.0105632764366931,0.0105,0.011,0.3443796155619837,0.452624298596889,12.135137861723832,0.0003513426957957943,-0.002118277851588258,690,577,79698.9
2026-08-28 11:28:02,okx,BTC,BTC-USD-260831-80000-P,2026-08-31,80000,put,0.0139268997632252,0.014,0.0145,0.3443796155619837,-0.550575533601389,14.141537526120386,0.0003513426957957943,-0.0021181880416031823,622,840,79698.9
2026-08-28 11:28:02,okx,BTC,BTC-USD-260831-85000-C,2026-08-31,85000,call,0.0009734328507459,0.0005,0.0006,0.4533309296893081,0.056819396881400586,2.7711788183643042,0.00010231439533525932,-0.0008121044468409528,4527,5632,79698.9
2026-08-28 11:28:02,okx,BTC,BTC-USD-260831-85000-P,2026-08-31,85000,put,0.067042393255795,0.066,0.0675,0.4533309296893081,-1.0090804248292697,4.902978461785645,0.00010231439533525932,-0.0008102968289412088,200,200,79698.9
2026-08-28 11:28:02,okx,BTC,BTC-USD-260831-84000-C,2026-08-31,84000,call,0.0014541753308033,0.001,0.0011,0.4248211246268556,0.08438354235355,4.0030789254941075,0.0001386555966677873,-0.0010313374211761552,1757,1483,79698.9
2026-08-28 11:28:02,okx,BTC,BTC-USD-260831-84000-P,2026-08-31,84000,put,0.0549820683201492,0.054,0.055,0.4248211246268556,-0.9689762814546418,6.109798573110491,0.0001386555966677873,-0.0010298733648593445,112,112,79698.9
2026-08-28 11:28:02,okx,BTC,BTC-USD-260829-77500-C,2026-08-29,77500,call,0.0294166113377553,0.0285,0.0295,0.5048367806279594,0.8506272635578337,6.476514192633001,0.00009677402153009,-0.0024423025831204212,715,0,79698.9
2026-08-28 11:28:02,okx,BTC,BTC-USD-260904-92000-P,2026-09-04,92000,put,0.1534410181614524,0.152,0.1545,0.4580941493505545,-1.1405046633629428,2.800995317344935,0.00004474024705991997,-0.00014527776535288255,160,0,79698.9
2026-08-28 11:28:02,okx,BTC,BTC-USD-260904-83000-P,2026-09-04,83000,put,0.0485921566049516,0.0475,0.0505,0.41208272873036417,-0.7972485871399599,7.233569432355142,0.0004364596117972745,-0.0013104286971976735,292,40,79698.9
2026-08-28 11:28:02,okx,BTC,BTC-USD-260904-92000-C,2026-09-04,92000,call,0.0002688452907337,0.0003,0.0004,0.4580941493505545,0.012358314865864084,0.495269360887321,0.00004474024705991997,-0.00014947093750224076,5332,1263,79698.9
2026-08-28 11:28:02,okx,BTC,BTC-USD-260829-77500-P,2026-08-29,77500,put,0.0014638527236709,0.0011,0.0012,0.5048367806279594,-0.12132176547888426,8.420412250706438,0.00009677402153009,-0.0024427319683884424,6568,5518,79698.9
2026-08-28 11:28:02,okx,BTC,BTC-USD-260904-83000-C,2026-09-04,83000,call,0.0082119328106505,0.008,0.0085,0.41208272873036417,0.24283431713168097,5.15340362381186,0.0004364596117972745,-0.001311532004338008,8958,8424,79698.9
2026-08-28 11:28:02,okx,BTC,BTC-USD-260925-64000-P,2026-09-25,64000,put,0.0024020257495616,0.0022,0.0023,0.48526252397743014,-0.044290633632032395,0.7559247259173153,0.00024714149076176904,-0.00021525790886749825,16927,425,79698.9
2026-08-28 11:28:02,okx,BTC,BTC-USD-260925-64000-C,2026-09-25,64000,call,0.2020274097455386,0.201,0.203,0.48526252397743014,0.7558795072801029,-0.8444155559069554,0.00024714149076176904,-0.00021439450752236527,8326,0,79698.9
2026-08-28 11:28:02,okx,BTC,BTC-USD-260829-74000-P,2026-08-29,74000,put,0.000204778814632,,0.0002,0.7257667454765713,-0.01630100101062474,1.1776157611513307,0.00001947963194704768,-0.0007068803205808515,6142,3835,79698.9
2026-08-28 11:28:02,okx,BTC,BTC-USD-260829-76000-C,2026-08-29,76000,call,0.0472327075359654,0.0465,0.0475,0.5739736578661179,0.9117871068137606,1.3329815765768231,0.000042469623149340156,-0.0012180976253388894,0,0,79698.9
2026-08-28 11:28:02,okx,BTC,BTC-USD-260829-72000-P,2026-08-29,72000,put,0.0001745325581695,,0.0001,0.9312974530276183,-0.01130772164842697,0.6716549356626603,0.000014168781892385695,-0.0006597648506346359,13019,1480,79698.9
2026-08-28 11:28:02,okx,BTC,BTC-USD-260829-74000-C,2026-08-29,74000,call,0.0720557534989033,0.071,0.0725,0.7257667454765713,0.9117535557470157,-0.6784933523639498,0.00001947963194704768,-0.0007057786614002613,0,0,79698.9
2026-08-28 11:28:02,okx,BTC,BTC-USD-260829-70000-P,2026-08-29,70000,put,0.0001949859566511,,0.0001,1.1701008448099435,-0.010179238406019003,0.490166439319031,0.00001288595595377907,-0.0007538904095559619,3485,385,79698.9
2026-08-28 11:28:02,okx,BTC,BTC-USD-260829-72000-C,2026-08-29,72000,call,0.0971102021396905,0.0965,0.0975,0.9312974530276183,0.8916642795211689,-1.1342890666765315,0.000014168781892385695,-0.0006582790349325779,0,0,79698.9
2026-08-28 11:28:02,okx,BTC,BTC-USD-260829-70000-C,2026-08-29,70000,call,0.1222153504354218,0.1215,0.1225,1.1701008448099435,0.8677102071755327,-1.2656124518440723,0.00001288595595377907,-0.0007520204373324356,105,105,79698.9
2026-08-28 11:28:02,okx,BTC,BTC-USD-260829-79000-P,2026-08-29,79000,put,0.0053328285609571,0.005,0.0055,0.47803495713311167,-0.3454854634324542,16.52550986895349,0.00017743449518764894,-0.004240913309102975,5947,7157,79698.9
2026-08-28 11:28:02,okx,BTC,BTC-USD-260925-72000-P,2026-09-25,72000,put,0.009929819164368,0.0095,0.01,0.40500853414947285,-0.16985040997935344,2.5136786147794425,0.000671952818357055,-0.0004884526553124456,10987,508,79698.9
2026-08-28 11:28:02,okx,BTC,BTC-USD-260829-80000-C,2026-08-29,80000,call,0.0077566237085134,0.0075,0.008,0.4837873916573487,0.4406037234547749,16.008025268371302,0.00019153027933320344,-0.004632877339905045,6335,6981,79698.9
2026-08-28 11:28:02,okx,BTC,BTC-USD-260901-80500-C,2026-09-01,80500,call,0.0109754575374396,0.011,0.0115,0.3702060175765535,0.3992503292514323,9.419250076332872,0.0003995736028233882,-0.0019180110205675811,150,150,79698.9
2026-08-28 11:28:02,okx,BTC,BTC-USD-260925-76000-C,2026-09-25,76000,call,0.071000549387361,0.0705,0.0715,0.387365448538433,0.6306921416782444,1.9782452551048626,0.000957713771273261,-0.0006656007682580099,1866,200,79698.9
2026-08-28 11:28:02,okx,BTC,BTC-USD-260829-78000-P,2026-08-29,78000,put,0.0022656285561096,0.0019,0.002,0.49111900792731455,-0.17653796176583453,11.16581501130703,0.00012447881437981982,-0.0030566610767908146,16271,15249,79698.9
2026-08-28 11:28:02,okx,BTC,BTC-USD-260829-79000-C,2026-08-29,79000,call,0.0144720660021042,0.014,0.015,0.47803495713311167,0.645275482295297,14.543987977497988,0.00017743449518764894,-0.004240772041226055,1647,1773,79698.9
2026-08-28 11:28:02,okx,BTC,BTC-USD-260829-77000-P,2026-08-29,77000,put,0.0009627162965822,0.0006,0.0007,0.5232839753067209,-0.08313660604414307,6.154413431318157,0.00007345178819295539,-0.0019217925101119376,10134,7764,79698.9
2026-08-28 11:28:02,okx,BTC,BTC-USD-260829-78000-C,2026-08-29,78000,call,0.0239472134458815,0.023,0.024,0.49111900792731455,0.8016817061678946,9.209375675439572,0.00012447881437981982,-0.0030563277306531605,824,0,79698.9
2026-08-28 11:28:02,okx,BTC,BTC-USD-260829-76000-P,2026-08-29,76000,put,0.0004664277489437,0.0002,0.0003,0.5739736578661179,-0.04135000553192409,3.2392558012681922,0.000042469623149340156,-0.001218815127998011,6084,4370,79698.9
2026-08-28 11:28:02,okx,BTC,BTC-USD-260829-77000-C,2026-08-29,77000,call,0.035186648634979,0.034,0.0355,0.5232839753067209,0.8825417840955638,4.223056651038743,0.00007345178819295539,-0.0019212670857135497,722,180,79698.9
2026-08-28 11:28:02,okx,BTC,BTC-USD-260925-72000-C,2026-09-25,72000,call,0.1095234286759258,0.1085,0.11,0.40500853414947285,0.7303409985467989,0.7132957977271377,0.000671952818357055,-0.00048802167467612513,23633,113,79698.9
2026-08-28 11:28:02,okx,BTC,BTC-USD-260829-83000-P,2026-08-29,83000,put,0.0419763069796689,0.0415,0.0425,0.5751197273400123,-0.9651079782735447,7.104979587585411,0.0000697624554875108,-0.0020054466093487855,95,0,79698.9
2026-08-28 11:28:02,okx,BTC,BTC-USD-260829-84000-C,2026-08-29,84000,call,0.0005352597240128,0.0004,0.0005,0.6248141045058817,0.04335270039562378,2.9842365361388965,0.00004497750975511599,-0.0014051208907320575,9552,3525,79698.9
2026-08-28 11:28:02,okx,BTC,BTC-USD-260829-82000-P,2026-08-29,82000,put,0.0303395273621618,0.03,0.0315,0.5342126667724088,-0.8878994724439335,10.47887763190049,0.00010898332857974296,-0.0029105502464024883,464,524,79698.9
2026-08-28 11:28:02,okx,BTC,BTC-USD-260829-83000-C,2026-08-29,83000,call,0.0009461546263167,0.0009,0.001,0.5751197273400123,0.07581807863029506,5.0231274737777305,0.0000697624554875108,-0.002006073654514802,9947,10471,79698.9
2026-08-28 11:28:02,okx,BTC,BTC-USD-260829-81000-P,2026-08-29,81000,put,0.0197692438908986,0.0195,0.021,0.5034037428935753,-0.7564553772107814,14.906050396298255,0.0001580417440944795,-0.0039776385045797785,937,1710,79698.9
2026-08-28 11:28:02,okx,BTC,BTC-USD-260829-82000-C,2026-08-29,82000,call,0.0018517224574345,0.0019,0.002,0.5342126667724088,0.14048530666588394,8.422108073680853,0.00010898332857974296,-0.002910985213307771,6779,4957,79698.9
2026-08-28 11:28:02,okx,BTC,BTC-USD-260829-80000-P,2026-08-29,80000,put,0.0111597337159912,0.011,0.0115,0.4837873916573487,-0.5626985000669985,18.01462971541485,0.00019153027933320344,-0.00463282652952123,3642,3884,79698.9
2026-08-28 11:28:02,okx,BTC,BTC-USD-260901-80500-P,2026-09-01,80500,put,0.0204564949013372,0.02,0.0215,0.3702060175765535,-0.6100390159125597,11.437828766660857,0.0003995736028233882,-0.0019177536240716506,0,0,79698.9
2026-08-28 11:28:02,okx,BTC,BTC-USD-260925-76000-P,2026-09-25,76000,put,0.0214228271180126,0.021,0.0215,0.387365448538433,-0.31950990065491647,3.8786493397711843,0.000957713771273261,-0.000665815538539924,17804,2049,79698.9
2026-08-28 11:28:02,okx,BTC,BTC-USD-260829-81000-C,2026-08-29,81000,call,0.003823786434796,0.0039,0.004,0.5034037428935753,0.2593881241050141,12.874363393666664,0.0001580417440944795,-0.003977881393224327,11344,11790,79698.9
2026-08-28 11:28:02,okx,BTC,BTC-USD-260829-90000-P,2026-08-29,90000,put,0.1289545925445599,0.1285,0.1295,1.0261193437128102,-1.1209246873548684,2.6791037765370826,0.000010517318872929298,-0.0005376276614305729,0,0,79698.9
2026-08-28 11:28:02,okx,BTC,BTC-USD-261127-105000-C,2026-11-27,105000,call,0.0122231186280525,0.0115,0.012,0.42440820437322846,0.11448321775670152,0.7524307972097829,0.0010367818592826655,-0.00024212640066056547,1001,0,79698.9
2026-08-28 11:28:02,okx,BTC,BTC-USD-260925-66000-P,2026-09-25,66000,put,0.0032820891085428,0.003,0.0031,0.4595592929590306,-0.060770129693924486,1.0288920774282673,0.00031822681178013244,-0.0002624898433148299,8893,1943,79698.9
2026-08-28 11:28:02,okx,BTC,BTC-USD-261127-105000-P,2026-11-27,105000,put,0.314688003496849,0.3125,0.318,0.42440820437322846,-1.1876740803518269,3.35674539342684,0.0010367818592826655,-0.0002414736486101742,0,0,79698.9
2026-08-28 11:28:02,okx,BTC,BTC-USD-260829-88000-P,2026-08-29,88000,put,0.1039014897718289,0.1035,0.1045,0.8820984865009197,-1.0927207653716444,2.867382124527287,0.000014100567660424265,-0.0006203145849029685,0,0,79698.9
2026-08-28 11:28:02,okx,BTC,BTC-USD-261127-100000-C,2026-11-27,100000,call,0.017574553884144,0.017,0.0175,0.4140108315276663,0.1560742518889304,0.9296422041661898,0.0012797316150612648,-0.0002915361367770387,4939,4720,79698.9
2026-08-28 11:28:02,okx,BTC,BTC-USD-260829-90000-C,2026-08-29,90000,call,0.0001280080508337,,0.0001,1.0261193437128102,0.007790314107126572,0.42167377361309283,0.000010517318872929298,-0.0005395992544217276,1361,360,79698.9
2026-08-28 11:28:02,okx,BTC,BTC-USD-261127-100000-P,2026-11-27,100000,put,0.2580266408590214,0.2525,0.259,0.4140108315276663,-1.0840755558334778,3.409941819611006,0.0012797316150612648,-0.00029101725295112865,79,0,79698.9
2026-08-28 11:28:02,okx,BTC,BTC-USD-260829-86000-P,2026-08-29,86000,put,0.078900306990793,0.0785,0.0795,0.7447237026016251,-1.060012779567289,3.392995607987148,0.000022222163493645216,-0.0008262615804033264,320,320,79698.9
2026-08-28 11:28:02,okx,BTC,BTC-USD-261127-82000-C,2026-11-27,82000,call,0.07042281568306,0.0705,0.071,0.39287371160759055,0.43398558105220625,1.166794194985348,0.0019898763691532325,-0.00043007463379231574,331,0,79698.9
2026-08-28 11:28:02,okx,BTC,BTC-USD-260829-88000-C,2026-08-29,88000,call,0.0001596001753525,,0.0001,0.8820984865009197,0.010911680502306146,0.6601172327793854,0.000014100567660424265,-0.000621902021372655,6343,5340,79698.9
2026-08-28 11:28:02,okx,BTC,BTC-USD-261127-82000-P,2026-11-27,82000,put,0.0876288302398279,0.087,0.089,0.39287371160759055,-0.5829372612801684,3.200639879650097,0.0019898763691532325,-0.00043003767557453813,9,0,79698.9
2026-08-28 11:28:02,okx,BTC,BTC-USD-260829-84000-P,2026-08-29,84000,put,0.0541077595259899,0.0535,0.055,0.6248141045058817,-1.0101146343022385,5.0911712055346205,0.00004497750975511599,-0.001404301767305307,153,363,79698.9
2026-08-28 11:28:02,okx,BTC,BTC-USD-260925-66000-C,2026-09-25,66000,call,0.1778995294834149,0.1765,0.179,0.4595592929590306,0.7644053281217151,-0.6214588382030117,0.00031822681178013244,-0.00026173454714690006,6743,315,79698.9
2026-08-28 11:28:02,okx,BTC,BTC-USD-260829-86000-C,2026-08-29,86000,call,0.0002431122915661,0.0001,0.0002,0.7447237026016251,0.018537110718617383,1.2358958274153362,0.000022222163493645216,-0.0008274648603515449,10893,7108,79698.9
2026-08-28 11:28:02,okx,BTC,BTC-USD-260925-78000-P,2026-09-25,78000,put,0.0306156011579172,0.0305,0.031,0.3838460426978356,-0.416956472155522,4.442191762948497,0.001057004065975035,-0.0007281360433193378,9945,3455,79698.9
2026-08-28 11:28:02,okx,BTC,BTC-USD-260925-55000-C,2026-09-25,55000,call,0.3130763662416489,0.3125,0.3145,0.6414390068498619,0.6728733596306661,-1.1461202498707643,0.00009772214558526078,-0.00011116002230452368,1258,0,79698.9
2026-08-28 11:28:02,okx,BTC,BTC-USD-260829-76500-C,2026-08-29,76500,call,0.0411500006524888,0.04,0.0415,0.5463717697507455,0.9016074772177003,2.5310357282680087,0.000055510514760025,-0.0015158374566819745,104,104,79698.9
2026-08-28 11:28:02,okx,BTC,BTC-USD-260829-76500-P,2026-08-29,76500,put,0.0006548945897796,0.0004,0.0005,0.5463717697507455,-0.05780027402499537,4.4498512307534,0.000055510514760025,-0.0015164589202107293,5016,4942,79698.9
2026-08-28 11:28:02,okx,BTC,BTC-USD-260925-78000-C,2026-09-25,78000,call,0.0551853798061607,0.055,0.056,0.3838460426978356,0.558250887081143,2.491777044475166,0.001057004065975035,-0.0007280293782146267,16547,405,79698.9
2026-08-28 11:28:02,okx,BTC,BTC-USD-260829-85000-P,2026-08-29,85000,put,0.0664559001722956,0.066,0.067,0.6818497328526174,-1.0389381805053408,3.9900495975047847,0.00003056250070854878,-0.0010409352038371225,171,170,79698.9
2026-08-28 11:28:02,okx,BTC,BTC-USD-260829-92000-C,2026-08-29,92000,call,0.0001108712114803,,0.0001,1.1681691946152548,0.0060737758677951075,0.29666869773436993,0.000008456270565754588,-0.0004939160392108076,971,0,79698.9
2026-08-28 11:28:02,okx,BTC,BTC-USD-260829-85000-C,2026-08-29,85000,call,0.0003410529216936,0.0002,0.0003,0.6818497328526174,0.02707043198654331,1.858032372521016,0.00003056250070854878,-0.0010419464055246071,6894,3661,79698.9
2026-08-28 11:28:02,okx,BTC,BTC-USD-260925-55000-P,2026-09-25,55000,put,0.0009152359507005,0.0007,0.0008,0.6414390068498619,-0.014772855215700239,0.22917217982196833,0.00009772214558526078,-0.00011250989694707079,52279,7,79698.9
2026-08-28 11:28:02,okx,BTC,BTC-USD-270625-25000-P,2027-06-25,25000,put,0.0013583653930167,0.0025,0.01,0.5960265076207268,-0.007854706794800171,0.0494240619656695,0.0001656339773789512,-0.00001640691469321458,59,0,79698.9
2026-08-28 11:28:02,okx,BTC,BTC-USD-270625-25000-C,2027-06-25,25000,call,0.6994506710232522,0.6915,0.707,0.5960265076207268,0.2940278327523944,-0.5543410171287197,0.0001656339773789512,-0.00001640691469321458,0,0,79698.9
2026-08-28 11:28:02,okx,BTC,BTC-USD-270625-30000-P,2027-06-25,30000,put,0.002813773785568,0.0033,0.0049,0.5687944841625749,-0.01587057410079673,0.09681406413809063,0.00030508500706354443,-0.00002883952851315111,787,40,79698.9
2026-08-28 11:28:02,okx,BTC,BTC-USD-270625-30000-C,2027-06-25,30000,call,0.6405245405418506,0.632,0.6465,0.5687944841625749,0.34638847335583683,-0.6277040307751764,0.00030508500706354443,-0.00002883952851315111,0,0,79698.9
2026-08-28 11:28:02,okx,BTC,BTC-USD-260925-68000-C,2026-09-25,68000,call,0.1542501989837774,0.153,0.1555,0.4375789677067811,0.7651149518434646,-0.29543131158465635,0.0004123557610056225,-0.0003232142689124582,13345,8,79698.9
2026-08-28 11:28:02,okx,BTC,BTC-USD-260829-92000-P,2026-08-29,92000,put,0.1540221506024559,0.1535,0.1545,1.1681691946152548,-1.1477237811822443,2.6042638118344485,0.000008456270565754588,-0.0004915602896981849,200,200,79698.9
2026-08-28 11:28:02,okx,BTC,BTC-USD-260925-68000-P,2026-09-25,68000,put,0.00464070223001,0.0043,0.0044,0.4375789677067811,-0.08506582287567925,1.4049302378536312,0.0004123557610056225,-0.0003238614599031849,14714,1541,79698.9
2026-08-28 11:28:02,okx,BTC,BTC-USD-270625-45000-P,2027-06-25,45000,put,0.0136538241770584,0.014,0.015,0.5002015619631591,-0.07183976179943874,0.39976580897817166,0.0010558362908071864,-0.00008777150460628201,1137,0,79698.9
2026-08-28 11:28:02,okx,BTC,BTC-USD-270625-45000-C,2027-06-25,45000,call,0.4702199743114823,0.466,0.477,0.5002015619631591,0.47154880938551164,-0.687011333391729,0.0010558362908071864,-0.00008777150460628201,1,0,79698.9
2026-08-28 11:28:02,okx,BTC,BTC-USD-270625-50000-P,2027-06-25,50000,put,0.0207697243777863,0.0205,0.022,0.48274676863441884,-0.10604527751238045,0.5680187847197183,0.0014162731804677634,-0.00011362615763698033,2617,0,79698.9
2026-08-28 11:28:02,okx,BTC,BTC-USD-270625-50000-C,2027-06-25,50000,call,0.4169543356382573,0.4115,0.423,0.48274676863441884,0.4977198015820088,-0.6395113734690602,0.0014162731804677634,-0.00011362615763698033,307,0,79698.9
2026-08-28 11:28:02,okx,BTC,BTC-USD-270625-35000-P,2027-06-25,35000,put,0.0051259410802449,0.0055,0.007,0.5434176809154785,-0.028290896772764036,0.1677016690825197,0.0004977264634477565,-0.00004495069503986661,1507,0,79698.9
2026-08-28 11:28:02,okx,BTC,BTC-USD-270625-35000-C,2027-06-25,35000,call,0.5824551689625747,0.573,0.591,0.5434176809154785,0.3943446585933084,-0.6775694416496252,0.0004977264634477565,-0.00004495069503986661,0,0,79698.9
2026-08-28 11:28:02,okx,BTC,BTC-USD-270625-40000-P,2027-06-25,40000,put,0.0086044953469347,0.0095,0.011,0.5204561702824226,-0.04644010310540984,0.26718549500771976,0.0007477560707961389,-0.00006467791684723662,4092,0,79698.9
2026-08-28 11:28:02,okx,BTC,BTC-USD-270625-40000-C,2027-06-25,40000,call,0.5255521843553115,0.5145,0.5345,0.5204561702824226,0.4365719601701016,-0.698838631543303,0.0007477560707961389,-0.00006467791684723662,9,0,79698.9
2026-08-28 11:28:02,okx,BTC,BTC-USD-270625-65000-P,2027-06-25,65000,put,0.0601189998062561,0.0585,0.0605,0.4462785801907587,-0.27184621155341654,1.2584650764076684,0.002629294253655243,-0.00019501011990630056,1215,1,79698.9
2026-08-28 11:28:02,okx,BTC,BTC-USD-270625-65000-C,2027-06-25,65000,call,0.2751589944448684,0.2715,0.2765,0.4462785801907587,0.5130483912692896,-0.3113241292377436,0.002629294253655243,-0.00019501011990630056,3854,1,79698.9
2026-08-28 11:28:02,okx,BTC,BTC-USD-260831-72000-C,2026-08-31,72000,call,0.0971127377543517,0.0965,0.0975,0.4989372344495395,0.892969888942702,-1.194571915232319,0.000023083766104543738,-0.0001990004869108616,0,0,79698.9
2026-08-28 11:28:02,okx,BTC,BTC-USD-270625-70000-P,2027-06-25,70000,put,0.0809052068354817,0.079,0.0815,0.4387902541522698,-0.3481294215617909,1.5219921065731818,0.0029864962521023958,-0.00021778645282449836,2871,150,79698.9
2026-08-28 11:28:02,okx,BTC,BTC-USD-260831-72000-P,2026-08-31,72000,put,0.0001478217552566,,0.0002,0.4989372344495395,-0.00990996003574799,0.6111877827245811,0.000023083766104543738,-0.00020165916958925502,1246,1261,79698.9
2026-08-28 11:28:02,okx,BTC,BTC-USD-270625-70000-C,2027-06-25,70000,call,0.2355636626001411,0.232,0.2365,0.4387902541522698,0.497141689170354,-0.16855011489110816,0.0029864962521023958,-0.00021778645282449836,444,0,79698.9
2026-08-28 11:28:02,okx,BTC,BTC-USD-260831-70000-C,2026-08-31,70000,call,0.1221357189146946,0.1215,0.1225,0.5825031042277427,0.8723859415954859,-1.4479332952328254,0.000013527627357535192,-0.00013462472650937733,0,0,79698.9
2026-08-28 11:28:02,okx,BTC,BTC-USD-270625-55000-P,2027-06-25,55000,put,0.0305122365344059,0.0295,0.0315,0.4680444887251298,-0.15038232721161152,0.7711927834591122,0.0018148704908140488,-0.00014117073937311648,1943,0,79698.9
2026-08-28 11:28:02,okx,BTC,BTC-USD-260831-70000-P,2026-08-31,70000,put,0.0000886680841927,,0.0001,0.5825031042277427,-0.00541391157800729,0.3076664111141609,0.000013527627357535192,-0.00013797053235363807,39,15,79698.9
2026-08-28 11:28:02,okx,BTC,BTC-USD-270625-55000-C,2027-06-25,55000,call,0.366315308920924,0.35,0.377,0.4680444887251298,0.5137592597922166,-0.5570903905485441,0.0018148704908140488,-0.00014117073937311648,11,1,79698.9
2026-08-28 11:28:02,okx,BTC,BTC-USD-270625-60000-P,2027-06-25,60000,put,0.0434550223590973,0.042,0.044,0.45595422245414446,-0.20564427182179174,1.0043320715595787,0.0022288099289397966,-0.00016889087669057213,5522,12,79698.9
2026-08-28 11:28:02,okx,BTC,BTC-USD-270625-60000-C,2027-06-25,60000,call,0.3188765558716625,0.3125,0.322,0.45595422245414446,0.5188738230914753,-0.44470411826695544,0.0022288099289397966,-0.00016889087669057213,12,1,79698.9
2026-08-28 11:28:02,okx,BTC,BTC-USD-260904-79000-P,2026-09-04,79000,put,0.0165796903619243,0.0165,0.017,0.3879028455521396,-0.43216399115539633,8.199122768616368,0.0005343956605104014,-0.0015114050797848406,4809,4390,79698.9
2026-08-28 11:28:02,okx,BTC,BTC-USD-270625-85000-P,2027-06-25,85000,put,0.1693542503230966,0.164,0.173,0.4270904122518797,-0.6189032423870252,2.258448257353825,0.003593009639157931,-0.00025502932341239017,35,1,79698.9
2026-08-28 11:28:02,okx,BTC,BTC-USD-260904-84000-C,2026-09-04,84000,call,0.0058979252045616,0.0055,0.006,0.417983552941248,0.1862611900261161,4.397541661819951,0.00037448583306241894,-0.0011414530414153932,12266,1269,79698.9
2026-08-28 11:28:02,okx,BTC,BTC-USD-270625-85000-C,2027-06-25,85000,call,0.1428680894658973,0.141,0.1435,0.4270904122518797,0.4074973920734365,0.20564698843290152,0.003593009639157931,-0.00025502932341239017,4191,0,79698.9
2026-08-28 11:28:02,okx,BTC,BTC-USD-270625-90000-P,2027-06-25,90000,put,0.2070936832091575,0.202,0.2115,0.4260347523605426,-0.7157100417101494,2.462588755470399,0.003621095328042876,-0.00025638753039376223,24,0,79698.9
2026-08-28 11:28:02,okx,BTC,BTC-USD-260904-79000-C,2026-09-04,79000,call,0.0263292217126976,0.026,0.0265,0.3879028455521396,0.5577944358019487,6.2192059147016785,0.0005343956605104014,-0.001511135113587831,5172,1082,79698.9
2026-08-28 11:28:02,okx,BTC,BTC-USD-270625-90000-C,2027-06-25,90000,call,0.1202259834780054,0.119,0.1215,0.4260347523605426,0.37106710065975135,0.28903447073059757,0.003621095328042876,-0.00025638753039376223,4051,0,79698.9
2026-08-28 11:28:02,okx,BTC,BTC-USD-270625-75000-P,2027-06-25,75000,put,0.1060442394459315,0.1045,0.1065,0.43325127454129614,-0.4328601395949391,1.782855149880352,0.0032752034018034264,-0.00023582510677520128,50,0,79698.9
2026-08-28 11:28:02,okx,BTC,BTC-USD-270625-75000-C,2027-06-25,75000,call,0.200321156336638,0.197,0.201,0.43325127454129614,0.4727874790466448,-0.028440087402815766,0.0032752034018034264,-0.00023582510677520128,5985,0,79698.9
2026-08-28 11:28:02,okx,BTC,BTC-USD-270625-80000-P,2027-06-25,80000,put,0.1355748146462387,0.134,0.137,0.42942616020983987,-0.5238919297804666,2.0307179998661473,0.0034791899373895485,-0.00024830104687998403,1142,0,79698.9
2026-08-28 11:28:02,okx,BTC,BTC-USD-270625-80000-C,2027-06-25,80000,call,0.1694701926629923,0.1665,0.1705,0.42942616020983987,0.4421321967705561,0.09866974676410194,0.0034791899373895485,-0.00024830104687998403,7823,87,79698.9
2026-08-28 11:28:02,okx,BTC,BTC-USD-270625-110000-P,2027-06-25,110000,put,0.3893133664971963,0.3675,0.4145,0.4307126913190975,-1.0913248890410336,3.0689619877828394,0.0031465861164955413,-0.00022523672568275051,0,0,79698.9
2026-08-28 11:28:02,okx,BTC,BTC-USD-270625-110000-C,2027-06-25,110000,call,0.0609195112702323,0.06,0.063,0.4307126913190975,0.23695828496662294,0.4123956397675269,0.0031465861164955413,-0.00022523672568275051,1804,0,79698.9
2026-08-28 11:28:02,okx,BTC,BTC-USD-260904-88000-P,2026-09-04,88000,put,0.1044170573443632,0.103,0.1055,0.4395815972933108,-1.0489219535684315,3.9495081965194427,0.00015288108051312622,-0.000487280299800872,0,0,79698.9
2026-08-28 11:28:02,okx,BTC,BTC-USD-270625-120000-P,2027-06-25,120000,put,0.4934973396150065,0.473,0.5195,0.4367163090314524,-1.2628928818113105,3.292551890173538,0.002760117373737664,-0.00020032671800871137,0,0,79698.9
2026-08-28 11:28:02,okx,BTC,BTC-USD-270625-120000-C,2027-06-25,120000,call,0.0443404066401368,0.044,0.0465,0.4367163090314524,0.18614330801522355,0.3944795105204698,0.002760117373737664,-0.00020032671800871137,1390,1,79698.9
2026-08-28 11:28:02,okx,BTC,BTC-USD-260904-86000-P,2026-09-04,86000,put,0.0808962002552423,0.0785,0.082,0.4291803139912464,-0.9741718923365184,5.07010824483531,0.00025164709134756636,-0.0007854792304155177,0,0,79698.9
2026-08-28 11:28:02,okx,BTC,BTC-USD-270625-95000-P,2027-06-25,95000,put,0.2483918224222342,0.243,0.2535,0.4260268845459919,-0.8124907324227277,2.6430423048555043,0.0035749992904537085,-0.0002531190783806693,8,0,79698.9
2026-08-28 11:28:02,okx,BTC,BTC-USD-260904-88000-C,2026-09-04,88000,call,0.0013746396187189,0.0014,0.0015,0.4395815972933108,0.0538165473460794,1.7440311946904201,0.00015288108051312622,-0.0004901001986128863,5057,2621,79698.9
2026-08-28 11:28:02,okx,BTC,BTC-USD-270625-95000-C,2027-06-25,95000,call,0.1011425838171291,0.1,0.1025,0.4260268845459919,0.3346629178566119,0.3487350042968254,0.0035749992904537085,-0.0002531190783806693,2039,27,79698.9
2026-08-28 11:28:02,okx,BTC,BTC-USD-260904-84000-P,2026-09-04,84000,put,0.0588105877851315,0.058,0.06,0.417983552941248,-0.8663528335740988,6.502769709020382,0.00037448583306241894,-0.0011400064159407229,104,40,79698.9
2026-08-28 11:28:02,okx,BTC,BTC-USD-270625-100000-P,2027-06-25,100000,put,0.2928117706259746,0.287,0.2985,0.42688587515557413,-0.9078924716071269,2.8019530070538194,0.0034699877405799085,-0.0002461793608747667,105,1,79698.9
2026-08-28 11:28:02,okx,BTC,BTC-USD-260904-86000-C,2026-09-04,86000,call,0.0029186601021352,0.0029,0.003,0.4291803139912464,0.1035043699208445,2.914755720320583,0.00025164709134756636,-0.0007876124925588602,8110,4005,79698.9
2026-08-28 11:28:02,okx,BTC,BTC-USD-270625-100000-C,2027-06-25,100000,call,0.0851809931469165,0.084,0.086,0.42688587515557413,0.29963768658165146,0.38689269067626214,0.0034699877405799085,-0.0002461793608747667,2452,0,79698.9
2026-08-28 11:28:02,okx,BTC,BTC-USD-260904-80000-P,2026-09-04,80000,put,0.0229396298170871,0.023,0.0235,0.3931694919155477,-0.5318389190847453,8.464175120785642,0.0005465031940437214,-0.001566476480534093,3425,3529,79698.9
2026-08-28 11:28:02,okx,BTC,BTC-USD-260925-105000-C,2026-09-25,105000,call,0.0008965313531949,0.0008,0.0009,0.46481074866532657,0.01898357119289683,0.3371997061601589,0.00013308224517391692,-0.00011102958880126966,10418,894,79698.9
2026-08-28 11:28:02,okx,BTC,BTC-USD-260904-82000-C,2026-09-04,82000,call,0.0112619440457182,0.011,0.0115,0.4059795790186691,0.3099527645777415,5.817166553947761,0.0004908452030794696,-0.0014530528388813292,6222,990,79698.9
2026-08-28 11:28:02,okx,BTC,BTC-USD-260904-78000-P,2026-09-04,78000,put,0.0115852819066045,0.0115,0.012,0.38602677542817027,-0.33624079841167226,7.4721380696356485,0.000493010752159423,-0.001387713851777705,6038,5591,79698.9
2026-08-28 11:28:02,okx,BTC,BTC-USD-260904-80000-C,2026-09-04,80000,call,0.0201567223815917,0.02,0.0205,0.3931694919155477,0.4706506272011736,6.459196028213802,0.0005465031940437214,-0.0015665498326714194,9574,7124,79698.9
2026-08-28 11:28:02,okx,BTC,BTC-USD-260904-77000-P,2026-09-04,77000,put,0.0078751804258269,0.0075,0.008,0.38765292783059047,-0.25113013903526377,6.396463969051984,0.00042916095024629516,-0.0012131413447327123,7141,3298,79698.9
2026-08-28 11:28:02,okx,BTC,BTC-USD-270625-130000-P,2027-06-25,130000,put,0.6029394175893886,0.5835,0.63,0.4443231953880805,-1.4230282520485007,3.4960578475840784,0.0023805563229633577,-0.00017578805510418043,0,0,79698.9
2026-08-28 11:28:02,okx,BTC,BTC-USD-260904-78000-C,2026-09-04,78000,call,0.0338672520436464,0.0335,0.034,0.38602677542817027,0.6411865092170989,5.517283454378106,0.000493010752159423,-0.0013871005672463597,14695,841,79698.9
2026-08-28 11:28:02,okx,BTC,BTC-USD-270625-130000-C,2027-06-25,130000,call,0.033019406866613,0.033,0.0355,0.4443231953880805,0.14676095359691138,0.35647943629325407,0.0023805563229633577,-0.00017578805510418043,1733,0,79698.9
2026-08-28 11:28:02,okx,BTC,BTC-USD-270625-140000-P,2027-06-25,140000,put,0.715910075874528,0.6965,0.744,0.45311354404818266,-1.573609615918841,3.6939376781295867,0.002041907161538897,-0.00015376409999160264,0,0,79698.9
2026-08-28 11:28:02,okx,BTC,BTC-USD-260904-77000-C,2026-09-04,77000,call,0.0426895893491374,0.0415,0.044,0.38765292783059047,0.7137660492649333,4.46667159245159,0.00042916095024629516,-0.001212184741867031,4625,300,79698.9
2026-08-28 11:28:02,okx,BTC,BTC-USD-260925-105000-P,2026-09-25,105000,put,0.3139339915898657,0.3115,0.3155,0.46481074866532657,-1.2937955662410752,2.9627579810281026,0.00013308224517391692,-0.00010967683401373828,312,285,79698.9
2026-08-28 11:28:02,okx,BTC,BTC-USD-270625-140000-C,2027-06-25,140000,call,0.0252269874038467,0.0255,0.0275,0.45311354404818266,0.11693260554544889,0.3128532352010074,0.002041907161538897,-0.00015376409999160264,863,0,79698.9
2026-08-28 11:28:02,okx,BTC,BTC-USD-260925-86000-C,2026-09-25,86000,call,0.0169321185665841,0.017,0.0175,0.39334659546952777,0.25252581938297736,2.5346770381702144,0.0009124933700159967,-0.0006441890302316905,3502,1561,79698.9
2026-08-28 11:28:02,okx,BTC,BTC-USD-260925-86000-P,2026-09-25,86000,put,0.0923941144027596,0.0915,0.0935,0.39334659546952777,-0.8227028074677046,4.685134291871579,0.0009124933700159967,-0.000643863274627589,0,0,79698.9
2026-08-28 11:28:02,okx,BTC,BTC-USD-260904-82000-P,2026-09-04,82000,put,0.0391097290537507,0.0385,0.0395,0.4059795790186691,-0.7175990203653254,7.872270123833895,0.0004908452030794696,-0.0014522928500753306,794,413,79698.9
2026-08-28 11:28:02,okx,BTC,BTC-USD-260904-90000-P,2026-09-04,90000,put,0.1287271459443545,0.1275,0.1305,0.4492095066402726,-1.1013667767027098,3.2169482138970684,0.00008557182856546931,-0.0002768292020040132,0,0,79698.9
2026-08-28 11:28:02,okx,BTC,BTC-USD-260904-81000-P,2026-09-04,81000,put,0.0305122036331466,0.0305,0.031,0.3996746620593983,-0.6283545015038183,8.317705423190581,0.0005300594693993773,-0.0015442650298965902,1315,902,79698.9
2026-08-28 11:28:02,okx,BTC,BTC-USD-260904-90000-C,2026-09-04,90000,call,0.000619850646173,0.0007,0.0008,0.4492095066402726,0.026433962868949137,0.9613467347537507,0.00008557182856546931,-0.00028033573748469944,7009,3332,79698.9
2026-08-28 11:28:02,okx,BTC,BTC-USD-260904-81000-C,2026-09-04,81000,call,0.0151968574113827,0.015,0.0155,0.3996746620593983,0.38666616411067456,6.287664091961597,0.0005300594693993773,-0.0015446817003682528,5031,2753,79698.9
2026-08-28 11:28:02,okx,BTC,BTC-USD-260925-50000-P,2026-09-25,50000,put,0.0006472905661359,0.0005,0.0006,0.7483834471942895,-0.009417754718227344,0.13377194154095828,0.00006564495970500863,-0.00008817986206166101,43324,800,79698.9
2026-08-28 11:28:02,okx,BTC,BTC-USD-260925-61000-C,2026-09-25,61000,call,0.2387522997231104,0.238,0.24,0.5304641797510992,0.7337061738231793,-1.0375836077735987,0.00017400872103561172,-0.00016465304345079625,90,0,79698.9
2026-08-28 11:28:02,okx,BTC,BTC-USD-260925-50000-C,2026-09-25,50000,call,0.3753282799098461,0.3745,0.3765,0.7483834471942895,0.6157151678693784,-1.1164939036342534,0.00006564495970500863,-0.00008655972447610606,857,0,79698.9
2026-08-28 11:28:02,okx,BTC,BTC-USD-260925-61000-P,2026-09-25,61000,put,0.0016150002954763,0.0014,0.0016,0.5304641797510992,-0.0289559917336997,0.4877407233401594,0.00017400872103561172,-0.00016567860256173396,9945,1,79698.9
2026-08-28 11:28:02,okx,BTC,BTC-USD-260925-69000-P,2026-09-25,69000,put,0.0055766423728811,0.005,0.0055,0.42801008608438407,-0.1011098603618916,1.6376110791974747,0.00046886070045548965,-0.0003601856761299766,6385,513,79698.9
2026-08-28 11:28:02,okx,BTC,BTC-USD-260925-70000-P,2026-09-25,70000,put,0.0067371008826714,0.006,0.0065,0.41939360744850684,-0.12031809362625541,1.9012528498848662,0.0005315090935549049,-0.00040009080181975754,58118,2446,79698.9
2026-08-28 11:28:02,okx,BTC,BTC-USD-260925-70000-C,2026-09-25,70000,call,0.131338654015334,0.13,0.1315,0.41939360744850684,0.7548679979963925,0.15088066663957028,0.0005315090935549049,-0.000399551716006234,120935,813,79698.9
2026-08-28 11:28:02,okx,BTC,BTC-USD-260925-60000-P,2026-09-25,60000,put,0.0014415055384126,0.0013,0.0014,0.5471907869889748,-0.02548735159043349,0.42518916227298464,0.00015627116217952438,-0.0001534820636099915,34456,3068,79698.9
2026-08-28 11:28:02,okx,BTC,BTC-USD-260925-60000-C,2026-09-25,60000,call,0.251082776776599,0.25,0.2525,0.5471907869889748,0.7246721555146933,-1.075129851937269,0.00015627116217952438,-0.00015240245191045222,5708,0,79698.9
2026-08-28 11:28:02,okx,BTC,BTC-USD-260925-69000-C,2026-09-25,69000,call,0.1426821673160961,0.1415,0.1435,0.42801008608438407,0.7615735728090043,-0.08775578714431688,0.00046886070045548965,-0.00035959253772785145,3042,0,79698.9
2026-08-28 11:28:02,okx,BTC,BTC-USD-260925-90000-P,2026-09-25,90000,put,0.1342797184822013,0.132,0.136,0.4041436224211969,-0.9759323974197522,4.114294488386336,0.0006669560670252775,-0.0004832474661634302,4343,0,79698.9
2026-08-28 11:28:02,okx,BTC,BTC-USD-260925-90000-C,2026-09-25,90000,call,0.0088018354038162,0.0085,0.009,0.4041436224211969,0.14930686323793813,1.8638159670709558,0.0006669560670252775,-0.00048378943212193804,29444,5449,79698.9
2026-08-28 11:28:02,okx,BTC,BTC-USD-260925-80000-P,2026-09-25,80000,put,0.0424822032404728,0.0425,0.043,0.38362076019746216,-0.5224925668383916,4.8042800073548815,0.0011005961658192942,-0.0007576743842806907,14654,1961,79698.9
2026-08-28 11:28:02,okx,BTC,BTC-USD-260925-80000-C,2026-09-25,80000,call,0.0420440382676117,0.042,0.0425,0.38362076019746216,0.4777201093017775,2.803854655074543,0.0011005961658192942,-0.0007576758243531827,24461,1360,79698.9
2026-08-28 11:28:02,okx,BTC,BTC-USD-260925-110000-P,2026-09-25,110000,put,0.3760440838811864,0.374,0.378,0.4892890070175897,-1.364795384927989,2.9435779621507114,0.00007990477635896382,-0.00006855204196316373,1292,0,79698.9
2026-08-28 11:28:02,okx,BTC,BTC-USD-261030-105000-P,2026-10-30,105000,put,0.3128560540513178,0.311,0.3155,0.42475404841340864,-1.236423588462519,3.2849335193820344,0.0005940059268832515,-0.00019963218869204974,0,0,79698.9
2026-08-28 11:28:02,okx,BTC,BTC-USD-260925-110000-C,2026-09-25,110000,call,0.0004867645917537,0.0004,0.0005,0.4892890070175897,0.010497044764743512,0.19299310276524584,0.00007990477635896382,-0.00007017505969370294,13913,4158,79698.9
2026-08-28 11:28:02,okx,BTC,BTC-USD-261030-110000-C,2026-10-30,110000,call,0.0036200162829166,0.0036,0.0037,0.43842586548085344,0.04717238423544471,0.4796796305768444,0.00043338868183849294,-0.00015113469395455922,4903,449,79698.9
2026-08-28 11:28:02,okx,BTC,BTC-USD-260925-100000-P,2026-09-25,100000,put,0.2523162296662251,0.25,0.2545,0.44193799436203346,-1.2136601292209779,3.110181061987615,0.00023031012264089438,-0.00018160696545667355,2375,0,79698.9
2026-08-28 11:28:02,okx,BTC,BTC-USD-261030-88000-P,2026-10-30,88000,put,0.1257007854894697,0.1245,0.1275,0.38913899751267483,-0.811414302786164,3.819395127266397,0.0014719740734760339,-0.00045521937416731,25,0,79698.9
2026-08-28 11:28:02,okx,BTC,BTC-USD-260925-100000-C,2026-09-25,100000,call,0.0017986284823163,0.0017,0.0018,0.44193799436203346,0.03660571595423364,0.6096493716371919,0.00023031012264089438,-0.00018268945730119703,26318,4562,79698.9
2026-08-28 11:28:02,okx,BTC,BTC-USD-261030-105000-C,2026-10-30,105000,call,0.0056231971352493,0.0055,0.006,0.42475404841340864,0.0704817587520558,0.6711228249528853,0.0005940059268832515,-0.0002006839714997472,5433,1079,79698.9
2026-08-28 11:28:02,okx,BTC,BTC-USD-260925-130000-P,2026-09-25,130000,put,0.6257257592001135,0.6215,0.629,0.5926006055004034,-1.6234832004221649,3.2848404537300655,0.000017128659399359492,-0.00001551532407472734,432,0,79698.9
2026-08-28 11:28:02,okx,BTC,BTC-USD-260925-130000-C,2026-09-25,130000,call,0.0000890036996334,0.0001,0.0003,0.5926006055004034,0.0018623983056098871,0.034149256274515594,0.000017128659399359492,-0.000018219393577297946,6928,0,79698.9
2026-08-28 11:28:02,okx,BTC,BTC-USD-261030-88000-C,2026-10-30,88000,call,0.0300803053859357,0.03,0.0305,0.38913899751267483,0.28389684535557475,1.6287728309829195,0.0014719740734760339,-0.00045554651931419617,1880,1817,79698.9
2026-08-28 11:28:02,okx,BTC,BTC-USD-260925-120000-P,2026-09-25,120000,put,0.5007800383942278,0.4985,0.503,0.5407127542483476,-1.4963813745013406,3.0742144957657396,0.000033611393438672606,-0.00003045767796185082,505,0,79698.9
2026-08-28 11:28:02,okx,BTC,BTC-USD-260925-120000-C,2026-09-25,120000,call,0.0001830009992714,0.0001,0.0004,0.5407127542483476,0.0039376397089131605,0.07357646734523213,0.000033611393438672606,-0.000032621221578405734,10946,0,79698.9
2026-08-28 11:28:02,okx,BTC,BTC-USD-260925-150000-P,2026-09-25,150000,put,0.8757492799382245,0.873,0.8795,0.689947747477195,-1.8747554181129666,3.7618396157910796,0.000006491660366221736,-0.000004254246411913602,0,0,79698.9
2026-08-28 11:28:02,okx,BTC,BTC-USD-260925-150000-C,2026-09-25,150000,call,0.0000330882266966,,0.0002,0.689947747477195,0.00064334964985079,0.011042080265445257,0.000006491660366221736,-0.000008039367686515599,12993,0,79698.9
2026-08-28 11:28:02,okx,BTC,BTC-USD-260925-140000-P,2026-09-25,140000,put,0.7507279083664935,0.748,0.7535,0.6427528546871855,-1.7493344630859615,3.5191773308917313,0.000010059940103448824,-0.000008361568946463213,139,0,79698.9
2026-08-28 11:28:02,okx,BTC,BTC-USD-260925-140000-C,2026-09-25,140000,call,0.0000514347604893,,0.0002,0.6427528546871855,0.0010377201593345078,0.01843296440113893,0.000010059940103448824,-0.000011606164335049516,7529,0,79698.9
2026-08-28 11:28:02,okx,BTC,BTC-USD-260925-170000-P,2026-09-25,170000,put,1.12581176985834,1.1195,1.129,0.7735470423906947,-2.1251573376698807,4.255663038177494,0.000003157381746565219,0.0000004822336714088492,0,0,79698.9
2026-08-28 11:28:02,okx,BTC,BTC-USD-260925-170000-C,2026-09-25,170000,call,0.0000161419357647,,,0.7735470423906947,0.00029459912797892736,0.004759164581774996,0.000003157381746565219,-0.000004383939375224539,2867,0,79698.9
2026-08-28 11:28:02,okx,BTC,BTC-USD-260925-160000-P,2026-09-25,160000,put,1.000778599778396,0.9945,1.0045,0.73360529729406,-1.9999988732548224,4.00793815509841,0.0000044455429505735576,-0.0000015281493366265076,60,0,79698.9
2026-08-28 11:28:02,okx,BTC,BTC-USD-261030-110000-P,2026-10-30,110000,put,0.3730918075556129,0.371,0.3765,0.43842586548085344,-1.3219665509417289,3.217957500931192,0.00043338868183849294,-0.00014986978242309375,0,0,79698.9
2026-08-28 11:28:02,okx,BTC,BTC-USD-260925-160000-C,2026-09-25,160000,call,0.0000226899613442,,0.0002,0.73360529729406,0.0004264790255159746,0.007087450537732547,0.0000044455429505735576,-0.0000058537964972442005,5725,0,79698.9
2026-08-28 11:28:02,okx,BTC,BTC-USD-260925-190000-P,2026-09-25,190000,put,1.3758836599209818,1.372,1.3805,0.842657507471912,-2.3753551385209666,4.753330500071973,0.0000016850347253827478,0.0000033985686707965545,0,0,79698.9
2026-08-28 11:28:02,okx,BTC,BTC-USD-260925-190000-C,2026-09-25,190000,call,0.000008595787359,,0.0001,0.842657507471912,0.00014996731193544358,0.002320288406168669,0.0000016850347253827478,-0.000002548656147868225,5440,0,79698.9
2026-08-28 11:28:02,okx,BTC,BTC-USD-261225-72000-P,2026-12-25,72000,put,0.0436663014987722,0.0435,0.044,0.4103828111100474,-0.3127106096672464,2.034823380286383,0.0018834358985502307,-0.00032511610752462806,3512,619,79698.9
2026-08-28 11:28:02,okx,BTC,BTC-USD-260925-180000-P,2026-09-25,180000,put,1.2508470644672305,1.244,1.2545,0.8098333752164195,-2.2502698829039307,4.504248260750501,0.0000022919907661971406,0.0000020750474833021803,0,0,79698.9
2026-08-28 11:28:02,okx,BTC,BTC-USD-260925-180000-C,2026-09-25,180000,call,0.000011718439131,,,0.8098333752164195,0.00020863841144984235,0.0032912181197394677,0.0000022919907661971406,-0.0000033316514493469042,4385,0,79698.9
2026-08-28 11:28:02,okx,BTC,BTC-USD-260901-78500-C,2026-09-01,78500,call,0.0236729164807715,0.023,0.0245,0.3581477565742154,0.6490556626744185,8.504830058830187,0.0003708656863846721,-0.0017218450199690753,0,0,79698.9
2026-08-28 11:28:02,okx,BTC,BTC-USD-260925-220000-P,2026-09-25,220000,put,1.7509976636535896,1.7465,1.7555,0.9230469886340201,-2.7505270307925462,5.502033111837972,0.000000689681052940687,0.000006426123931944246,0,0,79698.9
2026-08-28 11:28:02,okx,BTC,BTC-USD-260901-78500-P,2026-09-01,78500,put,0.0080763038433791,0.008,0.0085,0.3581477565742154,-0.3351581708084804,10.473257725795985,0.0003708656863846721,-0.0017222746237863045,0,0,79698.9
2026-08-28 11:28:02,okx,BTC,BTC-USD-260925-220000-C,2026-09-25,220000,call,0.0000034452033948,,0.0001,0.9230469886340201,0.0000578285929189017,0.0008633930670418395,0.000000689681052940687,-0.0000011426785447676187,12814,0,79698.9
2026-08-28 11:28:02,okx,BTC,BTC-USD-260925-48000-P,2026-09-25,48000,put,0.0005653645044741,0.0004,0.0005,0.7929205264191063,-0.007907361713548462,0.10860021038409386,0.00005614734351175429,-0.00007991038597731104,6496,4,79698.9
2026-08-28 11:28:02,okx,BTC,BTC-USD-260925-200000-P,2026-09-25,200000,put,1.5009211162089897,1.497,1.505,0.8722784837024717,-2.50042296666085,5.002719972556087,0.0000012475367280139281,0.000004534490774122532,0,0,79698.9
2026-08-28 11:28:02,okx,BTC,BTC-USD-261225-72000-C,2026-12-25,72000,call,0.1537526242558526,0.153,0.155,0.4103828111100474,0.5770213644942077,0.2553594319634746,0.0018834358985502307,-0.0003250180178944762,4301,170,79698.9
2026-08-28 11:28:02,okx,BTC,BTC-USD-260925-48000-C,2026-09-25,48000,call,0.4002542974692891,0.3995,0.4015,0.7929205264191063,0.5922202439705531,-1.0916550009841093,0.00005614734351175429,-0.00007818214321455295,320,0,79698.9
2026-08-28 11:28:02,okx,BTC,BTC-USD-260925-200000-C,2026-09-25,200000,call,0.0000063339698429,,0.02,0.8722784837024717,0.00010872368957310011,0.0016565918552410113,0.0000012475367280139281,-0.0000019532599305579424,6012,0,79698.9
2026-08-28 11:28:02,okx,BTC,BTC-USD-260925-83000-C,2026-09-25,83000,call,0.0271093380933658,0.027,0.028,0.3873948098783774,0.3573410514047388,2.8553862789113715,0.001055479576457822,-0.0007338238363889644,10205,3175,79698.9
2026-08-28 11:28:02,okx,BTC,BTC-USD-260925-260000-P,2026-09-25,260000,put,2.2511540903667,2.246,2.257,0.9980848837758796,-3.250674689181853,6.501626078783668,0.00000021076417741982105,0.000009353319106806272,0,0,79698.9
2026-08-28 11:28:02,okx,BTC,BTC-USD-260925-83000-P,2026-09-25,83000,put,0.0650594184978841,0.0645,0.066,0.3873948098783774,-0.6803796000906865,4.930827581902222,0.001055479576457822,-0.0007336602385506675,900,43,79698.9
2026-08-28 11:28:02,okx,BTC,BTC-USD-260925-260000-C,2026-09-25,260000,call,0.0000009994944102,,,0.9980848837758796,0.000016508273696480646,0.00024368387256884548,0.00000021076417741982105,-0.0000003775869139683739,1375,0,79698.9
2026-08-28 11:28:02,okx,BTC,BTC-USD-260925-240000-P,2026-09-25,240000,put,2.001075517745144,1.996,2.007,0.9643424836179504,-3.000607124780578,6.001733063894979,0.0000003818235995268829,0.000007988938039353896,0,0,79698.9
2026-08-28 11:28:02,okx,BTC,BTC-USD-260925-240000-C,2026-09-25,240000,call,0.0000018630839015,,,0.9643424836179504,0.00003090363992980575,0.00045700705396388235,0.0000003818235995268829,-0.0000006609162093893625,275,0,79698.9
2026-08-28 11:28:02,okx,BTC,BTC-USD-260925-280000-P,2026-09-25,280000,put,2.501233059690481,2.495,2.507,1.025835106177301,-3.500735559707099,7.001619209372481,0.00000011593716318949158,0.000010598479770355652,25,0,79698.9
2026-08-28 11:28:02,okx,BTC,BTC-USD-260925-280000-C,2026-09-25,280000,call,0.0000005326071432,,0.0003,1.025835106177301,0.000008806783492720053,0.00013047639129609183,0.00000011593716318949158,-0.0000002134780224503867,14095,0,79698.9
2026-08-28 11:28:02,okx,BTC,BTC-USD-260830-79750-C,2026-08-30,79750,call,0.0100115655967761,0.0095,0.0105,0.3576681563694777,0.49121899623878545,14.660228998699603,0.00028443320828185363,-0.0027409735669509244,431,431,79698.9
2026-08-28 11:28:02,okx,BTC,BTC-USD-260830-79750-P,2026-08-30,79750,put,0.0103390893865196,0.01,0.0105,0.3576681563694777,-0.508972380043447,16.660611751264064,0.00028443320828185363,-0.002740966930976202,0,0,79698.9
2026-08-28 11:28:02,okx,BTC,BTC-USD-260830-79250-C,2026-08-30,79250,call,0.0132724323224522,0.013,0.0135,0.35343406559828305,0.5863432739746275,14.160535458111076,0.00027550599542687553,-0.0026234146930562245,142,142,79698.9
2026-08-28 11:28:02,okx,BTC,BTC-USD-260830-79250-P,2026-08-30,79250,put,0.0073286289071065,0.007,0.0075,0.35343406559828305,-0.40757730997981645,16.148376626019964,0.00027550599542687553,-0.002623579859609312,0,0,79698.9
2026-08-28 11:28:02,okx,BTC,BTC-USD-260925-63000-P,2026-09-25,63000,put,0.0020842210648176,0.0019,0.002,0.49946830524293,-0.0381728300723485,0.6506031352999521,0.0002188941186911934,-0.0001962364763152494,3546,106,79698.9
2026-08-28 11:28:02,okx,BTC,BTC-USD-260925-63000-C,2026-09-25,63000,call,0.214213576871347,0.213,0.2155,0.49946830524293,0.7494946523880347,-0.9247318296208143,0.0002188941186911934,-0.00019531902238151483,802,0,79698.9
2026-08-28 11:28:02,okx,BTC,BTC-USD-261127-88000-C,2026-11-27,88000,call,0.0444108831020474,0.0445,0.045,0.3959962648631059,0.32069724375503333,1.261092697882056,0.0018753037391948122,-0.0004085818718678224,474,256,79698.9
2026-08-28 11:28:02,okx,BTC,BTC-USD-261127-88000-P,2026-11-27,88000,put,0.1360322551315184,0.1345,0.1415,0.3959962648631059,-0.7706345870406858,3.4437563594734937,0.0018753037391948122,-0.0004083842717806672,8,0,79698.9
2026-08-28 11:28:02,okx,BTC,BTC-USD-261127-120000-C,2026-11-27,120000,call,0.0046604994789045,0.0044,0.0045,0.45936453318696113,0.04784572567905181,0.37217534449247386,0.0005349811445229123,-0.00013523277235286525,1462,50,79698.9
2026-08-28 11:28:02,okx,BTC,BTC-USD-261127-120000-P,2026-11-27,120000,put,0.4931637780294588,0.4905,0.5,0.45936453318696113,-1.440334043587838,3.3485348830262534,0.0005349811445229123,-0.00013417841562903034,0,0,79698.9
2026-08-28 11:28:02,okx,BTC,BTC-USD-261127-115000-C,2026-11-27,115000,call,0.0062952630274976,0.006,0.0065,0.44746011566196275,0.06320348270925401,0.47170892180394763,0.0006661905359759809,-0.00016403447433736116,1343,1296,79698.9
2026-08-28 11:28:02,okx,BTC,BTC-USD-261127-115000-P,2026-11-27,115000,put,0.4327857436841325,0.427,0.4375,0.44746011566196275,-1.3629687961715151,3.3240534795654866,0.0006661905359759809,-0.00016311398583800744,0,0,79698.9
2026-08-28 11:28:02,okx,BTC,BTC-USD-261127-110000-C,2026-11-27,110000,call,0.0086785061254497,0.008,0.0085,0.4356981933567667,0.0845822001315633,0.5978353696167764,0.0008318399664940687,-0.00019943577425764354,696,411,79698.9
2026-08-28 11:28:02,okx,BTC,BTC-USD-261127-110000-P,2026-11-27,110000,put,0.3731561888881655,0.371,0.377,0.4356981933567667,-1.2795825883630858,3.326164946606074,0.0008318399664940687,-0.00019864915398277107,0,0,79698.9
2026-08-28 11:28:02,okx,BTC,BTC-USD-260925-65000-P,2026-09-25,65000,put,0.0027948722453292,0.0025,0.0026,0.4719527934586694,-0.051726613080643837,0.8809935945454139,0.0002800535024091231,-0.0002372330028364285,30154,1581,79698.9
2026-08-28 11:28:02,okx,BTC,BTC-USD-260925-65000-C,2026-09-25,65000,call,0.1899162844307539,0.1885,0.191,0.4719527934586694,0.7609461862832436,-0.7443520041823608,0.0002800535024091231,-0.0002364236540798971,20901,403,79698.9
2026-08-28 11:28:02,okx,BTC,BTC-USD-260911-85000-C,2026-09-11,85000,call,0.0096800414662401,0.0095,0.01,0.4023858573132674,0.2133638088847081,3.380032732488132,0.0005814741510371982,-0.0008443414092797636,496,496,79698.9
2026-08-28 11:28:02,okx,BTC,BTC-USD-260911-85000-P,2026-09-11,85000,put,0.0746098097821141,0.072,0.077,0.4023858573132674,-0.8514538978897577,5.509668146037064,0.0005814741510371982,-0.0008443414092797636,0,0,79698.9
2026-08-28 11:28:02,okx,BTC,BTC-USD-260831-82500-C,2026-08-31,82500,call,0.002918082451406,0.0026,0.0027,0.38696502291422397,0.16120647362739493,6.905236555626023,0.0002188123476139001,-0.0014824980451042542,15,15,79698.9
2026-08-28 11:28:02,okx,BTC,BTC-USD-260925-67000-C,2026-09-25,67000,call,0.1660010755617951,0.1645,0.167,0.4480976366822669,0.7659212412653879,-0.47270701937962034,0.00036219601239256745,-0.00029060441745664225,2603,430,79698.9
2026-08-28 11:28:02,okx,BTC,BTC-USD-260831-82500-P,2026-08-31,82500,put,0.0376343743171966,0.0365,0.0385,0.38696502291422397,-0.8733433533270792,8.97433620953497,0.0002188123476139001,-0.0014815493311618442,0,0,79698.9
2026-08-28 11:28:02,okx,BTC,BTC-USD-260925-67000-P,2026-09-25,67000,put,0.0038876069974753,0.0035,0.0036,0.4480976366822669,-0.07175687500200377,1.202649213155163,0.00036219601239256745,-0.00029130566103597054,3290,1164,79698.9
2026-08-28 11:28:02,okx,BTC,BTC-USD-260829-79500-P,2026-08-29,79500,put,0.0078673737677252,0.0075,0.0085,0.4786547255662014,-0.4524662571246073,17.95344800973152,0.00019128543197816572,-0.004577863879053783,2393,3284,79698.9
2026-08-28 11:28:02,okx,BTC,BTC-USD-260829-79500-C,2026-08-29,79500,call,0.0107354374845598,0.0105,0.011,0.4786547255662014,0.544565327500155,15.959384840481995,0.00019128543197816572,-0.00457781865030723,4029,3804,79698.9
2026-08-28 11:28:02,okx,BTC,BTC-USD-261030-46000-P,2026-10-30,46000,put,0.0012407824597092,0.001,0.0014,0.6360078929021838,-0.01365243412237186,0.14915533473882003,0.00013345681199353844,-0.00006751527107630912,5634,125,79698.9
2026-08-28 11:28:02,okx,BTC,BTC-USD-261030-46000-C,2026-10-30,46000,call,0.4284273509518487,0.4275,0.4295,0.6360078929021838,0.5588965751335371,-0.995942683772998,0.00013345681199353844,-0.00006605213494354389,0,0,79698.9
2026-08-28 11:28:02,okx,BTC,BTC-USD-261030-48000-P,2026-10-30,48000,put,0.0014164777497153,0.0013,0.0015,0.6042748872044877,-0.016091488511442875,0.18038559690038802,0.00015422027448264435,-0.00007412653432688442,5561,0,79698.9
2026-08-28 11:28:02,okx,BTC,BTC-USD-261030-48000-C,2026-10-30,48000,call,0.4037074724992036,0.4025,0.405,0.6042748872044877,0.5813509559295056,-1.014499291981509,0.00015422027448264435,-0.0000727486496836264,320,320,79698.9
2026-08-28 11:28:02,okx,BTC,BTC-USD-261030-54000-P,2026-10-30,54000,put,0.0023197388533199,0.0023,0.0024,0.5219359358186062,-0.028400411566209215,0.33637230330549844,0.00025128184379226605,-0.00010432090416167511,6312,100,79698.9
2026-08-28 11:28:02,okx,BTC,BTC-USD-261030-54000-C,2026-10-30,54000,call,0.3299240123748548,0.3285,0.3315,0.5219359358186062,0.6437223384298578,-1.0078731966866357,0.00025128184379226605,-0.0001031987739869387,0,0,79698.9
2026-08-28 11:28:02,okx,BTC,BTC-USD-261030-56000-P,2026-10-30,56000,put,0.0028391805174315,0.0028,0.003,0.49893127550115113,-0.035291348932992635,0.4212805515002736,0.0003013178647371497,-0.000119579409734504,7876,687,79698.9
2026-08-28 11:28:02,okx,BTC,BTC-USD-261030-56000-C,2026-10-30,56000,call,0.3055478802963153,0.3045,0.307,0.49893127550115113,0.661724836248114,-0.9727518188619394,0.0003013178647371497,-0.0001185425310492748,0,0,79698.9
2026-08-28 11:28:02,okx,BTC,BTC-USD-261030-50000-P,2026-10-30,50000,put,0.0016406011018317,0.0016,0.0018,0.5746407479251375,-0.01918605921775043,0.2200027755799667,0.000179736639565437,-0.00008215413660122857,5052,5,79698.9
2026-08-28 11:28:02,okx,BTC,BTC-USD-261030-50000-C,2026-10-30,50000,call,0.379036022108669,0.378,0.3805,0.5746407479251375,0.6031498204082375,-1.0246689836720093,0.000179736639565437,-0.00008086150344747775,0,0,79698.9
2026-08-28 11:28:02,okx,BTC,BTC-USD-261030-52000-P,2026-10-30,52000,put,0.0019326871560667,0.0019,0.0021,0.5471791948050136,-0.02317921527545788,0.2707943067740229,0.00021148175274725409,-0.00009204439563877661,5769,398,79698.9
2026-08-28 11:28:02,okx,BTC,BTC-USD-261030-52000-C,2026-10-30,52000,call,0.3544325344202529,0.3535,0.3555,0.5471791948050136,0.6240500995355697,-1.0236643228480322,0.00021148175274725409,-0.00009083701397453301,320,0,79698.9
2026-08-28 11:28:02,okx,BTC,BTC-USD-260831-80500-C,2026-08-31,80500,call,0.0081959453940054,0.008,0.0085,0.3503960162850266,0.37721480554867515,11.58256872453492,0.0003381985150008446,-0.0020747118177349153,872,1123,79698.9
2026-08-28 11:28:02,okx,BTC,BTC-USD-260911-62000-P,2026-09-11,62000,put,0.00030347049545,0.0003,0.0005,0.5529114470013461,-0.008506507278150416,0.22502331376858384,0.000043658879754781775,-0.00008711102758644371,3780,21,79698.9
2026-08-28 11:28:02,okx,BTC,BTC-USD-261030-62000-P,2026-10-30,62000,put,0.0058085814150395,0.0055,0.006,0.443228033595954,-0.0726195932363452,0.8494348141807413,0.0005374914870392286,-0.00018948696605528302,8479,289,79698.9
2026-08-28 11:28:02,okx,BTC,BTC-USD-260831-80500-P,2026-08-31,80500,put,0.0178301024283893,0.0175,0.0185,0.3503960162850266,-0.6322550256008419,13.601508386833952,0.0003381985150008446,-0.002074450226958373,415,484,79698.9
2026-08-28 11:28:02,okx,BTC,BTC-USD-260911-64000-C,2026-09-11,64000,call,0.1985782349913706,0.1975,0.2005,0.5102437031349355,0.7898064827120327,-1.2761089070460827,0.00005878605606265539,-0.00010824228357222264,0,0,79698.9
2026-08-28 11:28:02,okx,BTC,BTC-USD-261030-62000-C,2026-10-30,62000,call,0.2338305599659701,0.2325,0.2355,0.443228033595954,0.69907689749988,-0.6939581672917091,0.0005374914870392286,-0.00018870584183857544,816,0,79698.9
2026-08-28 11:28:02,okx,BTC,BTC-USD-261030-64000-P,2026-10-30,64000,put,0.0075893513733317,0.0075,0.008,0.4289679025066539,-0.09364141508988258,1.06951203739714,0.0006517143347477054,-0.00022236039544072333,9383,508,79698.9
2026-08-28 11:28:02,okx,BTC,BTC-USD-260911-62000-C,2026-09-11,62000,call,0.2235311689003419,0.2225,0.2255,0.5529114470013461,0.7681840553102833,-1.3283578114082837,0.000043658879754781775,-0.00008711102758644371,0,0,79698.9
2026-08-28 11:28:02,okx,BTC,BTC-USD-261030-64000-C,2026-10-30,64000,call,0.2107157561816111,0.2095,0.212,0.4289679025066539,0.702948510831382,-0.5236678144453892,0.0006517143347477054,-0.00022166452271352296,5188,0,79698.9
2026-08-28 11:28:02,okx,BTC,BTC-USD-261030-58000-P,2026-10-30,58000,put,0.0035426978207981,0.0035,0.0037,0.4781628308750228,-0.04443349084778592,0.5309858771766673,0.00036405410726081215,-0.00013846174720073958,11223,1816,79698.9
2026-08-28 11:28:02,okx,BTC,BTC-USD-261030-58000-C,2026-10-30,58000,call,0.2813558238570309,0.2805,0.2825,0.4781628308750228,0.67747612951836,-0.9128333635556247,0.00036405410726081215,-0.00013751012000501762,93,0,79698.9
2026-08-28 11:28:02,okx,BTC,BTC-USD-261030-60000-P,2026-10-30,60000,put,0.0045009183782007,0.0046,0.0047,0.4596082739658564,-0.05657119447376018,0.6716358083664064,0.0004420352906747443,-0.0001615955783990116,7258,336,79698.9
2026-08-28 11:28:02,okx,BTC,BTC-USD-261030-60000-C,2026-10-30,60000,call,0.2574184706717824,0.2565,0.2585,0.4596082739658564,0.6902318610774255,-0.8219703027359649,0.0004420352906747443,-0.00016072920269279684,653,299,79698.9
2026-08-28 11:28:02,okx,BTC,BTC-USD-260911-68000-P,2026-09-11,68000,put,0.0009910016566829,0.0011,0.0012,0.44361311872797826,-0.029815525092331326,0.8212076269039063,0.0001282478600065318,-0.00020530497596341692,2954,1271,79698.9
2026-08-28 11:28:02,okx,BTC,BTC-USD-261030-70000-P,2026-10-30,70000,put,0.0174745021783887,0.017,0.0175,0.3981972604636847,-0.197449359486562,1.9826719741530214,0.0010887741342582055,-0.0003448155533527023,5410,1775,79698.9
2026-08-28 11:28:02,okx,BTC,BTC-USD-260911-69000-C,2026-09-11,69000,call,0.1368350125216655,0.136,0.1385,0.43083177193329447,0.8253912805078188,-0.6728385080858964,0.00015993882496679986,-0.00024866037927963227,0,0,79698.9
2026-08-28 11:28:02,okx,BTC,BTC-USD-261030-70000-C,2026-10-30,70000,call,0.1459141857587148,0.1445,0.147,0.3981972604636847,0.6738208719898212,0.24013151120025486,0.0010887741342582055,-0.0003443754350940236,8093,0,79698.9
2026-08-28 11:28:02,okx,BTC,BTC-USD-260911-67000-P,2026-09-11,67000,put,0.0007661729652167,0.0008,0.0009,0.4579351141516033,-0.023099622089708463,0.6419995131992673,0.00010357067558056672,-0.00017115347567157502,1335,0,79698.9
2026-08-28 11:28:02,okx,BTC,BTC-USD-261030-72000-P,2026-10-30,72000,put,0.0229727733986972,0.0225,0.023,0.39166563970215074,-0.24819052261969785,2.3425496616281913,0.0012451964730230197,-0.00038787468566162006,9413,757,79698.9
2026-08-28 11:28:02,okx,BTC,BTC-USD-260911-68000-C,2026-09-11,68000,call,0.1490471870039835,0.1485,0.151,0.44361311872797826,0.8220386403272413,-0.8825007039352388,0.0001282478600065318,-0.00020530497596341692,258,0,79698.9
2026-08-28 11:28:02,okx,BTC,BTC-USD-261030-72000-C,2026-10-30,72000,call,0.1265168832363722,0.125,0.1275,0.39166563970215074,0.6479731440417249,0.5502223283053462,0.0012451964730230197,-0.0003875198188924485,8125,0,79698.9
2026-08-28 11:28:02,okx,BTC,BTC-USD-260911-66000-P,2026-09-11,66000,put,0.0006057997621657,0.0007,0.0008,0.47381004795809334,-0.01818868199428804,0.5064342791532458,0.00008454479598804717,-0.00014455599739178642,600,87,79698.9
2026-08-28 11:28:02,okx,BTC,BTC-USD-261030-66000-P,2026-10-30,66000,put,0.0099988031716471,0.0095,0.01,0.416761508404473,-0.1207748676276471,1.334274638404165,0.000784240897632335,-0.00025995969541823286,3998,604,79698.9
2026-08-28 11:28:02,okx,BTC,BTC-USD-260911-67000-C,2026-09-11,67000,call,0.161350943822116,0.1605,0.1635,0.4579351141516033,0.8162272761913411,-1.0366542833628316,0.00010357067558056672,-0.00017115347567157502,200,200,79698.9
2026-08-28 11:28:02,okx,BTC,BTC-USD-261030-66000-C,2026-10-30,66000,call,0.1882296342372753,0.1865,0.19,0.416761508404473,0.700708493478657,-0.30869208380844326,0.000784240897632335,-0.00025934907418053967,3827,0,79698.9
2026-08-28 11:28:02,okx,BTC,BTC-USD-260831-86000-C,2026-08-31,86000,call,0.000684383119429,0.0003,0.0004,0.48337895595563335,0.039656977452917144,1.950217917241254,0.00007675145999070393,-0.0006495848927346302,320,343,79698.9
2026-08-28 11:28:02,okx,BTC,BTC-USD-260911-64000-P,2026-09-11,64000,put,0.0004077076056759,0.0005,0.0006,0.5102437031349355,-0.011938614153447357,0.3273812866848775,0.00005878605606265539,-0.00010824228357222264,2254,54,79698.9
2026-08-28 11:28:02,okx,BTC,BTC-USD-261030-68000-P,2026-10-30,68000,put,0.0132235611030718,0.0125,0.013,0.40653261891486586,-0.15510018875707496,1.6414908064100384,0.0009320071674722736,-0.0003013530094665602,4222,494,79698.9
2026-08-28 11:28:02,okx,BTC,BTC-USD-260831-86000-P,2026-08-31,86000,put,0.0792944109401816,0.0785,0.0795,0.48337895595563335,-1.0387828421602316,4.107097556467551,0.00007675145999070393,-0.0006474337132519524,102,102,79698.9
2026-08-28 11:28:02,okx,BTC,BTC-USD-260911-66000-C,2026-09-11,66000,call,0.1737191561286636,0.173,0.1755,0.47381004795809334,0.8086109491482384,-1.1471649831318071,0.00008454479598804717,-0.00014455599739178642,126,0,79698.9
2026-08-28 11:28:02,okx,BTC,BTC-USD-261030-68000-C,2026-10-30,68000,call,0.166558818426049,0.165,0.1675,0.40653261891486586,0.6912766075342688,-0.05126278617264896,0.0009320071674722736,-0.0003008276397183743,4400,0,79698.9
2026-08-28 11:28:02,okx,BTC,BTC-USD-260829-81500-C,2026-08-29,81500,call,0.0026541529153818,0.0027,0.0028,0.5174715245091968,0.19191036867923714,10.606355517481175,0.00013331041805521253,-0.003449176387885459,4565,6773,79698.9
2026-08-28 11:28:02,okx,BTC,BTC-USD-260911-72000-P,2026-09-11,72000,put,0.0032545876651351,0.0032,0.0033,0.4015438809463363,-0.09048099965962964,2.2089333909884084,0.0003091199284818831,-0.00044792467166950933,3183,169,79698.9
2026-08-28 11:28:02,okx,BTC,BTC-USD-261030-78000-P,2026-10-30,78000,put,0.0488677874711134,0.0485,0.0495,0.3819426930339448,-0.44441303587707687,3.318747498362017,0.0015982381065194674,-0.00048541834719309816,5459,1170,79698.9
2026-08-28 11:28:02,okx,BTC,BTC-USD-260829-81500-P,2026-08-29,81500,put,0.0248707840957969,0.0245,0.026,0.5174715245091968,-0.8302037715335695,12.650583797906787,0.00013331041805521253,-0.0034488374601105436,128,195,79698.9
2026-08-28 11:28:02,okx,BTC,BTC-USD-260911-73000-C,2026-09-11,73000,call,0.0898760373482577,0.089,0.0915,0.3947180916673124,0.795118559913949,0.932432497970275,0.00037798936179333337,-0.0005384080904330362,16,0,79698.9
2026-08-28 11:28:02,okx,BTC,BTC-USD-261030-78000-C,2026-10-30,78000,call,0.077725176080835,0.077,0.0785,0.3819426930339448,0.5264309363394645,1.377059553928934,0.0015982381065194674,-0.0004853192348924483,5193,0,79698.9
2026-08-28 11:28:02,okx,BTC,BTC-USD-260911-71000-P,2026-09-11,71000,put,0.0023797548067515,0.0023,0.0024,0.40981991987658883,-0.0682384827646916,1.7407787516788162,0.0002495808727374445,-0.0003691044921023789,1968,127,79698.9
2026-08-28 11:28:02,okx,BTC,BTC-USD-261030-80000-P,2026-10-30,80000,put,0.061019723463338,0.061,0.0615,0.3816677277051149,-0.5191429209861798,3.5427829025804374,0.001646103015007088,-0.000499559289189885,1443,1270,79698.9
2026-08-28 11:28:02,okx,BTC,BTC-USD-260911-72000-C,2026-09-11,72000,call,0.1011964309740417,0.1,0.103,0.4015438809463363,0.8114822343140354,0.4050069230410781,0.0003091199284818831,-0.00044792467166950933,0,0,79698.9
2026-08-28 11:28:02,okx,BTC,BTC-USD-261030-80000-C,2026-10-30,80000,call,0.0649815383304086,0.0645,0.0655,0.3816677277051149,0.47659448641540103,1.5513080877772758,0.001646103015007088,-0.0004995454283787424,5963,1799,79698.9
2026-08-28 11:28:02,okx,BTC,BTC-USD-260911-70000-P,2026-09-11,70000,put,0.0017532064281313,0.0018,0.0019,0.41957432917626214,-0.05145913615827295,1.3587004465016284,0.0002000116952237982,-0.00030283723150477653,4395,308,79698.9
2026-08-28 11:28:02,okx,BTC,BTC-USD-260925-73000-P,2026-09-25,73000,put,0.0120745537789893,0.0115,0.012,0.3992260263265813,-0.20082045721306604,2.8521712069767546,0.0007466179431516625,-0.0005349738928835219,15368,3204,79698.9
2026-08-28 11:28:02,okx,BTC,BTC-USD-261030-74000-P,2026-10-30,74000,put,0.0299292763522775,0.0295,0.03,0.38684386324550607,-0.30704554295760517,2.700328512727458,0.0013897941805224936,-0.0004275710358871066,5001,362,79698.9
2026-08-28 11:28:02,okx,BTC,BTC-USD-260911-71000-C,2026-09-11,71000,call,0.1128501836252566,0.112,0.1145,0.40981991987658883,0.8211974840704505,-0.038093181991468064,0.0002495808727374445,-0.0003691044921023789,30,30,79698.9
2026-08-28 11:28:02,okx,BTC,BTC-USD-260925-95000-P,2026-09-25,95000,put,0.1918862929806829,0.19,0.1935,0.4214192075257477,-1.113967613805627,3.4767348026649585,0.00040163039259448973,-0.0003029784587366113,2434,400,79698.9
2026-08-28 11:28:02,okx,BTC,BTC-USD-261030-74000-C,2026-10-30,74000,call,0.1085778124473014,0.107,0.1095,0.38684386324550607,0.614011558888857,0.8582143090345338,0.0013897941805224936,-0.0004273014206074423,8914,0,79698.9
2026-08-28 11:28:02,okx,BTC,BTC-USD-260911-69000-P,2026-09-11,69000,put,0.0013074126839632,0.0013,0.0014,0.43083177193329447,-0.038990152050276894,1.0559243570302952,0.00015993882496679986,-0.00024866037927963227,1112,91,79698.9
2026-08-28 11:28:02,okx,BTC,BTC-USD-260925-95000-C,2026-09-25,95000,call,0.0038885508495361,0.0038,0.0039,0.4214192075257477,0.07378493911082419,1.1012296968320563,0.00040163039259448973,-0.00030379068763812696,20203,430,79698.9
2026-08-28 11:28:02,okx,BTC,BTC-USD-261030-76000-P,2026-10-30,76000,put,0.0385207753812585,0.038,0.039,0.38363545727190207,-0.37300867362979506,3.0328234561565157,0.001510772699250737,-0.00046091386461823527,3773,1716,79698.9
2026-08-28 11:28:02,okx,BTC,BTC-USD-260911-70000-C,2026-09-11,70000,call,0.124752220756235,0.124,0.1265,0.41957432917626214,0.8254495635383459,-0.3951169528916095,0.0002000116952237982,-0.00030283723150477653,1,0,79698.9
2026-08-28 11:28:02,okx,BTC,BTC-USD-260925-73000-C,2026-09-25,73000,call,0.0991641914799948,0.098,0.0995,0.3992260263265813,0.7118736097648384,1.0267830730209457,0.0007466179431516625,-0.000534596964835803,2866,1420,79698.9
2026-08-28 11:28:02,okx,BTC,BTC-USD-261030-76000-C,2026-10-30,76000,call,0.0922737377336312,0.0915,0.093,0.38363545727190207,0.5729418634017067,1.140922382093512,0.001510772699250737,-0.0004607295008280782,6091,500,79698.9
2026-08-28 11:28:02,okx,BTC,BTC-USD-260911-76000-P,2026-09-11,76000,put,0.0111566807919923,0.011,0.0115,0.38261611782429295,-0.25431196394924793,4.708702885608583,0.0006100323744012362,-0.0008422889672221509,1439,277,79698.9
2026-08-28 11:28:02,okx,BTC,BTC-USD-261030-95000-P,2026-10-30,95000,put,0.197574272920358,0.196,0.199,0.4012603785980948,-1.0196761582414495,3.6017751392456967,0.0010796323706123447,-0.00034393399059225475,260,62,79698.9
2026-08-28 11:28:02,okx,BTC,BTC-USD-260911-77000-C,2026-09-11,77000,call,0.0500906706108568,0.0495,0.0505,0.3812525284675007,0.6491269272201691,3.3875256450396294,0.000678151534057945,-0.0009330060259969775,1382,128,79698.9
2026-08-28 11:28:02,okx,BTC,BTC-USD-261030-95000-C,2026-10-30,95000,call,0.0148192847175452,0.0145,0.015,0.4012603785980948,0.1627620130479276,1.2368987966669425,0.0010796323706123447,-0.00034455951595241624,6044,2060,79698.9
2026-08-28 11:28:02,okx,BTC,BTC-USD-260911-75000-P,2026-09-11,75000,put,0.0082980582973153,0.008,0.0085,0.3852894867181344,-0.20090999479010693,4.047351453543816,0.0005331877679436663,-0.0007413312434280303,4156,1418,79698.9
2026-08-28 11:28:02,okx,BTC,BTC-USD-260911-76000-C,2026-09-11,76000,call,0.058984182062505,0.058,0.0605,0.38261611782429295,0.6977603385785097,2.804558280553068,0.0006100323744012362,-0.0008422889672221509,651,0,79698.9
2026-08-28 11:28:02,okx,BTC,BTC-USD-260911-74000-P,2026-09-11,74000,put,0.0061059886376036,0.0055,0.006,0.3893113070083914,-0.15595582885233006,3.383938241822764,0.00045399822500804746,-0.0006378170725551136,2879,993,79698.9
2026-08-28 11:28:02,okx,BTC,BTC-USD-261030-85000-P,2026-10-30,85000,put,0.0987790128509218,0.0975,0.1005,0.3853901946301592,-0.7064465078894914,3.8151431581875177,0.001594299586242999,-0.0004884230832831114,365,0,79698.9
2026-08-28 11:28:02,okx,BTC,BTC-USD-260911-75000-C,2026-09-11,75000,call,0.0686541450774264,0.068,0.07,0.3852894867181344,0.7386350405991275,2.1682613827653467,0.0005331877679436663,-0.0007413312434280303,190,30,79698.9
2026-08-28 11:28:02,okx,BTC,BTC-USD-261030-85000-C,2026-10-30,85000,call,0.0405018933613645,0.04,0.041,0.3853901946301592,0.35152448747468823,1.6992011674591587,0.001594299586242999,-0.0004886223511957367,10121,2339,79698.9
2026-08-28 11:28:02,okx,BTC,BTC-USD-260830-81500-C,2026-08-30,81500,call,0.0034282221944109,0.0032,0.0033,0.3900654524892107,0.21563509998904673,10.18915555698374,0.00021060498101326824,-0.0022134795848758057,1708,1600,79698.9
2026-08-28 11:28:02,okx,BTC,BTC-USD-260911-73000-P,2026-09-11,73000,put,0.0044627795489496,0.0043,0.0044,0.3947180916673124,-0.11937194119823925,2.7614135001946516,0.00037798936179333337,-0.0005384080904330362,1870,312,79698.9
2026-08-28 11:28:02,okx,BTC,BTC-USD-261030-90000-P,2026-10-30,90000,put,0.1451050156931898,0.1435,0.147,0.3921534695438327,-0.876411020818037,3.778365865365157,0.0013678823641688376,-0.0004262114421786317,0,0,79698.9
2026-08-28 11:28:02,okx,BTC,BTC-USD-260830-81500-P,2026-08-30,81500,put,0.0257053912019672,0.025,0.0265,0.3900654524892107,-0.8065040494404447,12.233433855842724,0.00021060498101326824,-0.0022128716400537465,308,318,79698.9
2026-08-28 11:28:02,okx,BTC,BTC-USD-260911-74000-C,2026-09-11,74000,call,0.0789906609273132,0.078,0.0805,0.3893113070083914,0.7710619393983814,1.5299027053213414,0.00045399822500804746,-0.0006378170725551136,370,0,79698.9
2026-08-28 11:28:02,okx,BTC,BTC-USD-261030-90000-C,2026-10-30,90000,call,0.0245889618470046,0.0245,0.025,0.3921534695438327,0.24379356250874146,1.5379566987116,0.0013678823641688376,-0.00042662383881502514,4918,1981,79698.9
2026-08-28 11:28:02,okx,BTC,BTC-USD-260911-80000-P,2026-09-11,80000,put,0.0310790684145033,0.031,0.0315,0.3846076219535288,-0.5276769691933515,6.379020099913902,0.0007772502462207002,-0.0010787572376177372,2675,1857,79698.9
2026-08-28 11:28:02,okx,BTC,BTC-USD-260911-81000-C,2026-09-11,81000,call,0.023514806437389,0.0235,0.024,0.3876764631313346,0.41463666487867884,4.3889262342323105,0.0007679311540151254,-0.0010743274908227422,2572,265,79698.9
2026-08-28 11:28:02,okx,BTC,BTC-USD-260911-79000-P,2026-09-11,79000,put,0.0247155924617488,0.0245,0.025,0.38229101485886746,-0.45447499946551545,6.181941811831753,0.0007652147904490882,-0.001055655984464374,2750,2627,79698.9
2026-08-28 11:28:02,okx,BTC,BTC-USD-260911-80000-C,2026-09-11,80000,call,0.0287922276466215,0.0285,0.029,0.3846076219535288,0.4745044018884987,4.374657357750201,0.0007772502462207002,-0.0010787572376177372,3107,2148,79698.9
2026-08-28 11:28:02,okx,BTC,BTC-USD-260911-78000-P,2026-09-11,78000,put,0.0192924092665912,0.019,0.0195,0.38115819128711403,-0.38290660301038904,5.820958946482294,0.0007314271992600773,-0.0010060540906272723,4230,1005,79698.9
2026-08-28 11:28:02,okx,BTC,BTC-USD-260911-79000-C,2026-09-11,79000,call,0.0349573372034657,0.035,0.0355,0.38229101485886746,0.5351791044778116,4.202633603945099,0.0007652147904490882,-0.001055655984464374,2435,495,79698.9
2026-08-28 11:28:02,okx,BTC,BTC-USD-260911-77000-P,2026-09-11,77000,put,0.0147917548499428,0.0145,0.015,0.3812525284675007,-0.3154726424461116,5.316724784372191,0.000678151534057945,-0.0009330060259969775,2767,646,79698.9
2026-08-28 11:28:02,okx,BTC,BTC-USD-260911-78000-C,2026-09-11,78000,call,0.0420627395179066,0.0415,0.0425,0.38115819128711403,0.5942202337944149,3.8667052728726863,0.0007314271992600773,-0.0010060540906272723,2252,115,79698.9
2026-08-28 11:28:02,okx,BTC,BTC-USD-260911-84000-P,2026-09-11,84000,put,0.0646038402556152,0.063,0.0665,0.398370176446727,-0.7961899392842794,5.839137692867676,0.0006422091374731598,-0.000923226509024434,421,229,79698.9
2026-08-28 11:28:02,okx,BTC,BTC-USD-260911-86000-C,2026-09-11,86000,call,0.0076427427418583,0.0075,0.008,0.4066052693853352,0.17618805367891055,3.004001177880643,0.0005180550884202418,-0.0007601405730615356,2775,1529,79698.9
2026-08-28 11:28:02,okx,BTC,BTC-USD-260911-83000-P,2026-09-11,83000,put,0.0551665948724862,0.0545,0.0555,0.39457131532385664,-0.7354752663592369,6.12037665527272,0.0006963972201556901,-0.0009915794234967611,565,704,79698.9
2026-08-28 11:28:02,okx,BTC,BTC-USD-260911-84000-C,2026-09-11,84000,call,0.0122026574493397,0.012,0.0125,0.398370176446727,0.2561005003516633,3.7345568135957907,0.0006422091374731598,-0.000923226509024434,4518,2661,79698.9
2026-08-28 11:28:02,okx,BTC,BTC-USD-260911-82000-P,2026-09-11,82000,put,0.0463822260820333,0.0455,0.047,0.3910023862545167,-0.6697955424734214,6.323461873742195,0.0007397387176848186,-0.001043764989901296,1679,199,79698.9
2026-08-28 11:28:02,okx,BTC,BTC-USD-260911-83000-C,2026-09-11,83000,call,0.015293997575809,0.015,0.0155,0.39457131532385664,0.3042879061381827,4.0408503102778806,0.0006963972201556901,-0.0009915794234967611,3323,667,79698.9
2026-08-28 11:28:02,okx,BTC,BTC-USD-260911-81000-P,2026-09-11,81000,put,0.038330232714869,0.038,0.0385,0.3876764631313346,-0.6000719733416945,6.418343510673058,0.0007679311540151254,-0.0010743274908227422,1648,202,79698.9
2026-08-28 11:28:02,okx,BTC,BTC-USD-260911-82000-C,2026-09-11,82000,call,0.0190382142949547,0.019,0.0195,0.3910023862545167,0.357440362885475,4.268990063024402,0.0007397387176848186,-0.001043764989901296,4171,603,79698.9
2026-08-28 11:28:02,okx,BTC,BTC-USD-260911-90000-P,2026-09-11,90000,put,0.130464291987991,0.1285,0.132,0.42526233878237674,-1.050552301250015,3.8920008900637204,0.0002891076126266484,-0.0004436713839363429,200,200,79698.9
2026-08-28 11:28:02,okx,BTC,BTC-USD-260911-88000-P,2026-09-11,88000,put,0.1072324289913674,0.1055,0.1085,0.4156033886799734,-0.984808784197823,4.473537626181333,0.00039503148105298315,-0.0005924555259924142,307,347,79698.9
2026-08-28 11:28:02,okx,BTC,BTC-USD-260911-90000-C,2026-09-11,90000,call,0.0028915961241242,0.0029,0.003,0.42526233878237674,0.0769017412170665,1.6370928051295575,0.0002891076126266484,-0.0004436713839363429,3471,995,79698.9
2026-08-28 11:28:02,okx,BTC,BTC-USD-260911-86000-P,2026-09-11,86000,put,0.085101096567331,0.0835,0.087,0.4066052693853352,-0.9011569202340785,5.15869112570662,0.0005180550884202418,-0.0007601405730615356,80,0,79698.9
2026-08-28 11:28:02,okx,BTC,BTC-USD-260911-88000-C,2026-09-11,88000,call,0.0047169041466978,0.0047,0.0048,0.4156033886799734,0.11759072399221214,2.2687386098012627,0.00039503148105298315,-0.0005924555259924142,4258,1450,79698.9
2026-08-28 11:28:02,okx,BTC,BTC-USD-260830-70000-P,2026-08-30,70000,put,0.0000512554370592,,0.0001,0.6807943782367878,-0.0034591798420539714,0.2183138315182761,0.000007316457683812732,-0.0001342147347056064,1260,20,79698.9
2026-08-28 11:28:02,okx,BTC,BTC-USD-260830-72000-C,2026-08-30,72000,call,0.0969657556308363,0.0965,0.0975,0.5801770657913305,0.8964497782630806,-1.3542890469317044,0.000012936858109801475,-0.00019958605878788767,0,0,79698.9
2026-08-28 11:28:02,okx,BTC,BTC-USD-260830-70000-C,2026-08-30,70000,call,0.1220146121465575,0.1215,0.1225,0.6807943782367878,0.8744517460483069,-1.5375080202624454,0.000007316457683812732,-0.00013087122138802587,0,0,79698.9
2026-08-28 11:28:02,okx,BTC,BTC-USD-260925-56000-C,2026-09-25,56000,call,0.300647035614924,0.3,0.302,0.6213379297437482,0.6838457188042825,-1.14310786805616,0.0001064940509896983,-0.00011747101912922755,4,0,79698.9
2026-08-28 11:28:02,okx,BTC,BTC-USD-260925-56000-P,2026-09-25,56000,put,0.000989877134528,0.0008,0.0009,0.6213379297437482,-0.01630315449383597,0.25718987854007697,0.0001064940509896983,-0.00011876684118317309,7472,9,79698.9
2026-08-28 11:28:02,okx,BTC,BTC-USD-260830-76000-P,2026-08-30,76000,put,0.0005381399375978,0.0004,0.0005,0.40028621340752235,-0.04573149836628999,3.4241332514087452,0.00006781912803680643,-0.0007314792737499091,6349,905,79698.9
2026-08-28 11:28:02,okx,BTC,BTC-USD-260830-77000-C,2026-08-30,77000,call,0.0353328223731016,0.0345,0.036,0.37290033972031006,0.8717921660235363,4.501640528056402,0.00011839410607699569,-0.0011886567617479312,130,0,79698.9
2026-08-28 11:28:02,okx,BTC,BTC-USD-260830-75000-P,2026-08-30,75000,put,0.000283794964558,0.0002,0.0003,0.43698648316566785,-0.024205831182347676,1.8561084856979326,0.00004015899375802939,-0.0004728589528030148,12645,2438,79698.9
2026-08-28 11:28:02,okx,BTC,BTC-USD-260830-76000-C,2026-08-30,76000,call,0.047245570186024,0.0465,0.048,0.40028621340752235,0.9074289354575301,1.5178123837611044,0.00006781912803680643,-0.0007301973907660536,0,0,79698.9
2026-08-28 11:28:02,okx,BTC,BTC-USD-260830-74000-P,2026-08-30,74000,put,0.0001731511598004,0.0001,0.0002,0.4807960299366023,-0.014327400311331355,1.079550978787371,0.000025686794394146792,-0.00033277639654271025,6946,6591,79698.9
2026-08-28 11:28:02,okx,BTC,BTC-USD-260830-75000-C,2026-08-30,75000,call,0.059533879623163,0.059,0.06,0.43698648316566785,0.916413017985896,-0.025129212638554926,0.00004015899375802939,-0.0004712334647635385,0,0,79698.9
2026-08-28 11:28:02,okx,BTC,BTC-USD-260830-72000-P,2026-08-30,72000,put,0.0000877077416951,,0.0002,0.5801770657913305,-0.006544316938433403,0.4516991434713235,0.000012936858109801475,-0.0002022423619942265,1542,0,79698.9
2026-08-28 11:28:02,okx,BTC,BTC-USD-260830-74000-C,2026-08-30,74000,call,0.0719658902285841,0.0715,0.0725,0.4807960299366023,0.9137498642013357,-0.7766035502379632,0.000025686794394146792,-0.0003308073034476131,0,0,79698.9
2026-08-28 11:28:02,okx,BTC,BTC-USD-260830-79000-P,2026-08-30,79000,put,0.0060888558805681,0.006,0.0065,0.3524936574551211,-0.3584291645149732,15.489898974346623,0.00026473442789787434,-0.0025143224027229715,2666,3021,79698.9
2026-08-28 11:28:02,okx,BTC,BTC-USD-261127-48000-C,2026-11-27,48000,call,0.4073030197518817,0.4055,0.4085,0.5662000771185584,0.5684271930164002,-0.9367700555811779,0.0002819952495553735,-0.00008698842635859222,0,0,79698.9
2026-08-28 11:28:02,okx,BTC,BTC-USD-260830-79500-C,2026-08-30,79500,call,0.0115529329251675,0.0115,0.012,0.35516074462519887,0.5389350224152399,14.548620930408068,0.00028214713667753226,-0.002699836091365317,699,491,79698.9
2026-08-28 11:28:02,okx,BTC,BTC-USD-261127-48000-P,2026-11-27,48000,put,0.0028220086299987,0.0024,0.0026,0.5662000771185584,-0.026844714690355726,0.2537737598323341,0.0002819952495553735,-0.00008786177206728682,853,28,79698.9
2026-08-28 11:28:02,okx,BTC,BTC-USD-260830-78500-P,2026-08-30,78500,put,0.0041095704342534,0.004,0.0041,0.3529781139838463,-0.2682019972735254,13.528366790545467,0.0002331373042593362,-0.002217305412467825,5412,4668,79698.9
2026-08-28 11:28:02,okx,BTC,BTC-USD-261127-46000-C,2026-11-27,46000,call,0.4317133361053214,0.43,0.433,0.5911684152403868,0.5478575037322075,-0.9302737706397827,0.00024345224326612858,-0.00007827118152240771,0,0,79698.9
2026-08-28 11:28:02,okx,BTC,BTC-USD-260830-79000-C,2026-08-30,79000,call,0.0151683228984585,0.015,0.0155,0.3524936574551211,0.6323560232755766,13.508328598765521,0.00026473442789787434,-0.0025140713349059785,1932,1218,79698.9
2026-08-28 11:28:02,okx,BTC,BTC-USD-261127-46000-P,2026-11-27,46000,put,0.0024272058258707,0.0019,0.0022,0.5911684152403868,-0.022611407820100272,0.21066405246483275,0.00024345224326612858,-0.00007919807452089478,1437,17,79698.9
2026-08-28 11:28:02,okx,BTC,BTC-USD-260830-78000-P,2026-08-30,78000,put,0.0027141923167286,0.0026,0.0027,0.35659523097203566,-0.19324680973434227,11.078063064407326,0.00019382340368203778,-0.001862311838609769,5405,4237,79698.9
2026-08-28 11:28:02,okx,BTC,BTC-USD-260830-78500-C,2026-08-30,78500,call,0.0194603646572332,0.019,0.02,0.3529781139838463,0.7163123981892362,11.559337999619943,0.0002331373042593362,-0.0022168825421230217,251,766,79698.9
2026-08-28 11:28:02,okx,BTC,BTC-USD-260830-77000-P,2026-08-30,77000,put,0.0011680465348538,0.001,0.0011,0.37290033972031006,-0.09390985245586048,6.433044565015196,0.00011839410607699569,-0.0011895950396761659,1432,1010,79698.9
2026-08-28 11:28:02,okx,BTC,BTC-USD-260831-88000-C,2026-08-31,88000,call,0.0003786422766246,0.0001,0.0002,0.5447842996338899,0.021218721757710016,1.0299437900652395,0.00004570637921173947,-0.0004359785728009888,1746,1996,79698.9
2026-08-28 11:28:02,okx,BTC,BTC-USD-260830-78000-C,2026-08-30,78000,call,0.0243363137447978,0.0235,0.025,0.35659523097203566,0.784996793400631,9.121575858137378,0.00019382340368203778,-0.001861717165737155,230,0,79698.9
2026-08-28 11:28:02,okx,BTC,BTC-USD-260831-88000-P,2026-08-31,88000,put,0.1040708049287841,0.103,0.1045,0.5447842996338899,-1.0823010936603958,3.2369834209014514,0.00004570637921173947,-0.0004331402701524437,238,388,79698.9
2026-08-28 11:28:02,okx,BTC,BTC-USD-260830-82000-P,2026-08-30,82000,put,0.031079259456685,0.03,0.0315,0.40331398010377156,-0.8628260723737489,10.462929255430975,0.00017914661650332418,-0.0019460333402083715,0,0,79698.9
2026-08-28 11:28:02,okx,BTC,BTC-USD-261127-56000-C,2026-11-27,56000,call,0.3110938175489806,0.309,0.312,0.4855858480098218,0.6366052362553468,-0.8336957671894315,0.0005312491170509755,-0.00014129368139859094,0,0,79698.9
2026-08-28 11:28:02,okx,BTC,BTC-USD-260830-83000-C,2026-08-30,83000,call,0.0014351621812385,0.0011,0.0012,0.4340159247859474,0.09827723020561221,5.462886654107335,0.00012487296801722396,-0.0014603275048051631,4739,16337,79698.9
2026-08-28 11:28:02,okx,BTC,BTC-USD-261127-56000-P,2026-11-27,56000,put,0.0058332830573685,0.0055,0.006,0.4855858480098218,-0.057878656069201645,0.5552720174596657,0.0005312491170509755,-0.00014195283794811558,1242,111,79698.9
2026-08-28 11:28:02,okx,BTC,BTC-USD-260830-81000-P,2026-08-30,81000,put,0.0206813899856693,0.02,0.021,0.37846577447760227,-0.7368585486654649,14.027204954390129,0.0002415350947591945,-0.002462607298809646,843,1686,79698.9
2026-08-28 11:28:02,okx,BTC,BTC-USD-261127-54000-C,2026-11-27,54000,call,0.3348451392928881,0.333,0.3355,0.5029515122356448,0.6224264395255404,-0.8843087874131981,0.000451381017450078,-0.0001242130276593966,0,0,79698.9
2026-08-28 11:28:02,okx,BTC,BTC-USD-260830-82000-C,2026-08-30,82000,call,0.0025307632440395,0.0022,0.0023,0.40331398010377156,0.16558386938353079,8.406109371916415,0.00017914661650332418,-0.0019468130875582412,1339,1168,79698.9
2026-08-28 11:28:02,okx,BTC,BTC-USD-261127-54000-P,2026-11-27,54000,put,0.0047794856437083,0.0045,0.0047,0.5029515122356448,-0.0472544566445599,0.4550530049270028,0.000451381017450078,-0.00012492573149871372,2434,643,79698.9
2026-08-28 11:28:02,okx,BTC,BTC-USD-260829-75000-P,2026-08-29,75000,put,0.0002780691427867,0.0001,0.0002,0.642034094225097,-0.023837363790510813,1.8364821321541211,0.00002692121470297935,-0.0008642126346829637,8315,5520,79698.9
2026-08-28 11:28:02,okx,BTC,BTC-USD-260830-80000-P,2026-08-30,80000,put,0.0121051913506946,0.012,0.0125,0.3608292110307138,-0.5590772815427629,16.51591491704166,0.00028245448086659385,-0.002745907011917929,760,1282,79698.9
2026-08-28 11:28:02,okx,BTC,BTC-USD-261127-52000-C,2026-11-27,52000,call,0.3588312410905333,0.357,0.3595,0.5221378029509713,0.6060500053201507,-0.9164045043974851,0.0003843161647508333,-0.00010965648931866407,0,0,79698.9
2026-08-28 11:28:02,okx,BTC,BTC-USD-260830-81000-C,2026-08-30,81000,call,0.0046755481832023,0.0045,0.0046,0.37846577447760227,0.2790098084362384,11.995468240186723,0.0002415350947591945,-0.002463043441103895,2910,2254,79698.9
2026-08-28 11:28:02,okx,BTC,BTC-USD-261127-52000-P,2026-11-27,52000,put,0.0039604682837856,0.0036,0.0039,0.5221378029509713,-0.03882789469550157,0.37335129563381947,0.0003843161647508333,-0.0001104227404477737,1339,148,79698.9
2026-08-28 11:28:02,okx,BTC,BTC-USD-260830-79500-P,2026-08-30,79500,put,0.0087447931123665,0.0085,0.009,0.35516074462519887,-0.4581209577030982,16.542732890644743,0.00028214713667753226,-0.0026999153566544996,2174,2876,79698.9
2026-08-28 11:28:02,okx,BTC,BTC-USD-261127-50000-C,2026-11-27,50000,call,0.3829980103529605,0.381,0.384,0.5432036320793849,0.58792572859764,-0.9329648251375797,0.0003284165751805015,-0.0000973492004295361,0,0,79698.9
2026-08-28 11:28:02,okx,BTC,BTC-USD-260829-75000-C,2026-08-29,75000,call,0.0595866963784332,0.0585,0.06,0.642034094225097,0.9167584707611518,-0.044709536949204064,0.00002692121470297935,-0.0008633030537631076,0,0,79698.9
2026-08-28 11:28:02,okx,BTC,BTC-USD-260830-80000-C,2026-08-30,80000,call,0.0086420039584063,0.0085,0.009,0.3608292110307138,0.44424949090336374,14.509261372149407,0.00028245448086659385,-0.002745999549156557,3213,2754,79698.9
2026-08-28 11:28:02,okx,BTC,BTC-USD-261127-50000-P,2026-11-27,50000,put,0.0033221183886451,0.003,0.0031,0.5432036320793849,-0.03214917526356404,0.30718498258482835,0.0003284165751805015,-0.0000981689988484382,487,1,79698.9
2026-08-28 11:28:02,okx,BTC,BTC-USD-260830-88000-P,2026-08-30,88000,put,0.1040125320559199,0.1035,0.1045,0.6207529444115489,-1.0902280618376499,2.968841895996936,0.000024879794581158493,-0.0004133063439070362,0,0,79698.9
2026-08-28 11:28:02,okx,BTC,BTC-USD-261127-64000-C,2026-11-27,64000,call,0.2200375846473888,0.218,0.221,0.43296855649471083,0.6600767490028816,-0.3961747847059926,0.000995811445407585,-0.00023679974167671234,816,0,79698.9
2026-08-28 11:28:02,okx,BTC,BTC-USD-261127-64000-P,2026-11-27,64000,put,0.0139975267860474,0.013,0.014,0.43296855649471083,-0.1336191279394596,1.1912169691786898,0.000995811445407585,-0.000237244709067067,3701,171,79698.9
2026-08-28 11:28:02,okx,BTC,BTC-USD-260830-86000-P,2026-08-30,86000,put,0.0791122203164655,0.0785,0.0795,0.5452079113966539,-1.0520261383602727,3.7047238877934516,0.00004436634128157138,-0.0006496189980728092,0,0,79698.9
2026-08-28 11:28:02,okx,BTC,BTC-USD-261127-62000-C,2026-11-27,62000,call,0.2420083384429585,0.24,0.243,0.44374102254586006,0.6604171611576445,-0.5437771469164816,0.0008583044115712503,-0.00020907643021328648,0,0,79698.9
2026-08-28 11:28:02,okx,BTC,BTC-USD-260830-88000-C,2026-08-30,88000,call,0.0002081093822025,,0.0002,0.6207529444115489,0.013431387853089437,0.7615229966154579,0.000024879794581158493,-0.00041614772159063085,4949,4724,79698.9
2026-08-28 11:28:02,okx,BTC,BTC-USD-261127-62000-P,2026-11-27,62000,put,0.0111631614240493,0.0105,0.011,0.44374102254586006,-0.10847571963024864,0.9940086146593046,0.0008583044115712503,-0.00020957494489343365,1482,5,79698.9
2026-08-28 11:28:02,okx,BTC,BTC-USD-260830-84000-P,2026-08-30,84000,put,0.054506292702609,0.0535,0.055,0.4689767806440443,-0.9929847359933445,5.612516168949457,0.00008646370454351286,-0.0010911389688161876,0,0,79698.9
2026-08-28 11:28:02,okx,BTC,BTC-USD-261127-60000-C,2026-11-27,60000,call,0.264583255271333,0.2625,0.2655,0.45605180044730204,0.6562068454694739,-0.6655290032040232,0.0007343444816123123,-0.00018373164278036064,0,0,79698.9
2026-08-28 11:28:02,okx,BTC,BTC-USD-260830-86000-C,2026-08-30,86000,call,0.0003931064631053,0.0001,0.0002,0.5452079113966539,0.02655014201931348,1.5475713270342795,0.00004436634128157138,-0.0006517731656451622,6803,5663,79698.9
2026-08-28 11:28:02,okx,BTC,BTC-USD-261127-60000-P,2026-11-27,60000,put,0.0089329590948561,0.0085,0.009,0.45605180044730204,-0.08788303916397099,0.8226507660628666,0.0007343444816123123,-0.00018428370475030028,3798,1183,79698.9
2026-08-28 11:28:02,okx,BTC,BTC-USD-260830-83000-P,2026-08-30,83000,put,0.0425263128040627,0.0415,0.043,0.4340159247859474,-0.9426742962072442,7.544789706933046,0.00012487296801722396,-0.0014592041523996725,0,0,79698.9
2026-08-28 11:28:02,okx,BTC,BTC-USD-261127-58000-C,2026-11-27,58000,call,0.2876452722779818,0.2855,0.2885,0.4699758029731576,0.6480614283030889,-0.7616178881438649,0.0006252965534528398,-0.00016110488929058997,0,0,79698.9
2026-08-28 11:28:02,okx,BTC,BTC-USD-260830-84000-C,2026-08-30,84000,call,0.0008724876696062,0.0005,0.0006,0.4689767806440443,0.060508375075088314,3.505529946812591,0.00008646370454351286,-0.0010926059262772988,2766,2113,79698.9
2026-08-28 11:28:02,okx,BTC,BTC-USD-261127-58000-P,2026-11-27,58000,put,0.0071898569439373,0.0065,0.007,0.4699758029731576,-0.07122546017590779,0.6769558888141284,0.0006252965534528398,-0.00016171049855032211,1943,553,79698.9
2026-08-28 11:28:02,okx,BTC,BTC-USD-261127-72000-C,2026-11-27,72000,call,0.1409177602834093,0.139,0.1415,0.40374108525686453,0.6049188443347404,0.38057043419114156,0.0015983442428535843,-0.0003548291314117688,250,0,79698.9
2026-08-28 11:28:02,okx,BTC,BTC-USD-261127-72000-P,2026-11-27,72000,put,0.0340981790523386,0.0335,0.034,0.40374108525686453,-0.2879890172253934,2.166386157311409,0.0015983442428535843,-0.0003550599096429536,4589,4025,79698.9
2026-08-28 11:28:02,okx,BTC,BTC-USD-261127-70000-C,2026-11-27,70000,call,0.1591027992388104,0.157,0.1595,0.4091200405374379,0.6271021169194555,0.17150693328230016,0.0014519146750461565,-0.0003265528329696317,3326,0,79698.9
2026-08-28 11:28:02,okx,BTC,BTC-USD-261127-70000-P,2026-11-27,70000,put,0.027478098850172,0.0265,0.0275,0.4091200405374379,-0.24100274848623027,1.9077166640936714,0.0014519146750461565,-0.00032683715849060894,1526,241,79698.9
2026-08-28 11:28:02,okx,BTC,BTC-USD-261127-68000-C,2026-11-27,68000,call,0.1784429825782173,0.1765,0.1795,0.4157341688060974,0.6437094025978952,-0.033100880624908416,0.0012980222547928986,-0.0002965871127365152,58,0,79698.9
2026-08-28 11:28:02,okx,BTC,BTC-USD-261127-68000-P,2026-11-27,68000,put,0.0220131630320114,0.021,0.022,0.4157341688060974,-0.1995924666533422,1.6535028578775663,0.0012980222547928986,-0.0002969249855472849,766,224,79698.9
2026-08-28 11:28:02,okx,BTC,BTC-USD-261127-66000-C,2026-11-27,66000,call,0.1988022340335336,0.1965,0.1995,0.4236583753049429,0.6546408238119326,-0.22454542412795553,0.0011439281027395165,-0.0002662767303517619,985,0,79698.9
2026-08-28 11:28:02,okx,BTC,BTC-USD-261127-66000-P,2026-11-27,66000,put,0.0175672953297598,0.017,0.0175,0.4236583753049429,-0.1638580492848568,1.4124523220656229,0.0011439281027395165,-0.0002666681504523241,1590,0,79698.9
2026-08-28 11:28:02,okx,BTC,BTC-USD-261127-80000-C,2026-11-27,80000,call,0.081670067898359,0.0815,0.0825,0.3931375131651348,0.4728251932049018,1.0687748418082064,0.0019713077431749394,-0.00042632184938905704,1599,0,79698.9
2026-08-28 11:28:02,okx,BTC,BTC-USD-261127-80000-P,2026-11-27,80000,put,0.0740709632975592,0.0745,0.075,0.3931375131651348,-0.5192946529730248,3.0530145341640593,0.0019713077431749394,-0.0004263384384610718,4724,3863,79698.9
2026-08-28 11:28:02,okx,BTC,BTC-USD-261127-78000-C,2026-11-27,78000,call,0.0943438739385111,0.094,0.0955,0.3942903484100614,0.5104805643364028,0.9360016493769242,0.0019206910008359793,-0.0004165619471598533,1353,180,79698.9
2026-08-28 11:28:02,okx,BTC,BTC-USD-261127-78000-P,2026-11-27,78000,put,0.0619396501801435,0.062,0.0625,0.3942903484100614,-0.4568362856870755,2.870635349423881,0.0019206910008359793,-0.00041663208352166057,857,339,79698.9
2026-08-28 11:28:02,okx,BTC,BTC-USD-261127-76000-C,2026-11-27,76000,call,0.1084628523222538,0.1075,0.1095,0.39639676810133867,0.545770560706839,0.7722492979961882,0.0018390179562846373,-0.00040094125096691384,808,0,79698.9
2026-08-28 11:28:02,okx,BTC,BTC-USD-261127-76000-P,2026-11-27,76000,put,0.0512535094063185,0.051,0.0515,0.39639676810133867,-0.39674329316219115,2.6572770057342487,0.0018390179562846373,-0.00040106493461851357,1101,263,79698.9
2026-08-28 11:28:02,okx,BTC,BTC-USD-261127-74000-C,2026-11-27,74000,call,0.1240069453651642,0.1225,0.1245,0.39952386093360925,0.5775707162928164,0.5841551255021162,0.001729717380634833,-0.00038004083139979753,2271,0,79698.9
2026-08-28 11:28:02,okx,BTC,BTC-USD-261127-74000-P,2026-11-27,74000,put,0.0419924832916613,0.0415,0.042,0.39952386093360925,-0.3401401414217656,2.4195768409312803,0.001729717380634833,-0.00038021806234118976,1608,849,79698.9
2026-08-28 11:28:02,okx,BTC,BTC-USD-260904-56000-C,2026-09-04,56000,call,0.2981625533968194,0.2975,0.2995,0.9936456289914584,0.697757078327315,-1.31206006467758,0.000015575111068088035,-0.00010470155646300869,2,0,79698.9
2026-08-28 11:28:02,okx,BTC,BTC-USD-260904-56000-P,2026-09-04,56000,put,0.0001669299618681,,0.0002,0.9936456289914584,-0.003985604072828234,0.09142530012270661,0.000015575111068088035,-0.00011286784434974529,4180,14,79698.9
2026-08-28 11:28:02,okx,BTC,BTC-USD-261127-95000-C,2026-11-27,95000,call,0.0257043830770586,0.025,0.026,0.40502429227594516,0.21270800894863795,1.107348714030021,0.0015453090948261323,-0.0003443854212851124,2636,450,79698.9
2026-08-28 11:28:02,okx,BTC,BTC-USD-261127-95000-P,2026-11-27,95000,put,0.2041436721580165,0.2025,0.206,0.40502429227594516,-0.9654343083876498,3.463633348702596,0.0015453090948261323,-0.0003440004056836836,0,0,79698.9
2026-08-28 11:28:02,okx,BTC,BTC-USD-261030-115000-C,2026-10-30,115000,call,0.002418461149501,0.0024,0.0025,0.45299531718576247,0.03233791935836781,0.3440246795473248,0.0003188232214978242,-0.00011487840931205809,2417,2746,79698.9
2026-08-28 11:28:02,okx,BTC,BTC-USD-261127-90000-C,2026-11-27,90000,call,0.037973131640419,0.0375,0.0385,0.39806171267211476,0.2865242920165572,1.2379012314728006,0.0017943849271455769,-0.00039300106346833803,4814,2575,79698.9
2026-08-28 11:28:02,okx,BTC,BTC-USD-261030-115000-P,2026-10-30,115000,put,0.434129186778825,0.43,0.4385,0.45299531718576247,-1.3990346037814045,3.2067697258268697,0.0003188232214978242,-0.0001134003690568246,0,0,79698.9
2026-08-28 11:28:02,okx,BTC,BTC-USD-261127-90000-P,2026-11-27,90000,put,0.1543996228274575,0.153,0.157,0.39806171267211476,-0.8296105349336101,3.4701708853731352,0.0017943849271455769,-0.0003927499160913904,0,0,79698.9
2026-08-28 11:28:02,okx,BTC,BTC-USD-261030-92000-C,2026-10-30,92000,call,0.020077073364011,0.02,0.0205,0.39554207044267353,0.2080870466438328,1.4253477415694302,0.0012543553887209144,-0.0003946059636359313,712,936,79698.9
2026-08-28 11:28:02,okx,BTC,BTC-USD-261127-85000-C,2026-11-27,85000,call,0.0560619660433982,0.056,0.0565,0.39381407112084493,0.37591605232545205,1.2487268065471455,0.0019611073354174,-0.00042490043824813486,2107,129,79698.9
2026-08-28 11:28:02,okx,BTC,BTC-USD-261030-92000-P,2026-10-30,92000,put,0.1654887009528471,0.164,0.169,0.39554207044267353,-0.9370109718679852,3.715543778593066,0.0012543553887209144,-0.0003941083155100307,0,0,79698.9
2026-08-28 11:28:02,okx,BTC,BTC-USD-261127-85000-P,2026-11-27,85000,put,0.1104756593365176,0.11,0.112,0.39381407112084493,-0.6782112842385948,3.356981479675239,0.0019611073354174,-0.00042478315909566847,320,320,79698.9
2026-08-28 11:28:02,okx,BTC,BTC-USD-260904-59500-C,2026-09-04,59500,call,0.2543572718774495,0.2535,0.2555,0.8666776425552074,0.7396638999610433,-1.3422820513422509,0.000022308745576324086,-0.00013404174767897762,0,0,79698.9
2026-08-28 11:28:02,okx,BTC,BTC-USD-260904-59500-P,2026-09-04,59500,put,0.0002251841944383,,0.0003,0.8666776425552074,-0.0059377000891089006,0.1489211487580535,0.000022308745576324086,-0.00014100642139553833,1224,0,79698.9
2026-08-28 11:28:02,okx,BTC,BTC-USD-260904-59000-C,2026-09-04,59000,call,0.2606157008275139,0.26,0.262,0.88550561747184,0.7336973665762866,-1.3393546718128524,0.000021295565829705907,-0.0001303903109617337,0,0,79698.9
2026-08-28 11:28:02,okx,BTC,BTC-USD-260904-59000-P,2026-09-04,59000,put,0.0002173937513685,0.0001,0.0002,0.88550561747184,-0.005638673809578699,0.13931740895887812,0.000021295565829705907,-0.0001375266438454624,1830,61,79698.9
2026-08-28 11:28:02,okx,BTC,BTC-USD-260904-58000-C,2026-09-04,58000,call,0.2731320273833167,0.2725,0.2745,0.9225829894602224,0.7217420695017106,-1.3319498849117977,0.000019327055767472498,-0.00012256062239103833,0,0,79698.9
2026-08-28 11:28:02,okx,BTC,BTC-USD-260904-58000-P,2026-09-04,58000,put,0.0002012815209028,,0.0002,0.9225829894602224,-0.005062851555580606,0.12165995720278473,0.000019327055767472498,-0.000130040273609103,4089,56,79698.9
2026-08-28 11:28:02,okx,BTC,BTC-USD-260904-57000-C,2026-09-04,57000,call,0.2856476087534302,0.285,0.287,0.958697372850103,0.7097614145559268,-1.32276984141703,0.000017421996083159336,-0.00011398805153472541,0,0,79698.9
2026-08-28 11:28:02,okx,BTC,BTC-USD-260904-57000-P,2026-09-04,57000,put,0.0001844241047476,0.0001,0.0002,0.958697372850103,-0.004512387172790501,0.10577776204040457,0.000017421996083159336,-0.00012181102108712605,1917,6,79698.9
2026-08-28 11:28:02,okx,BTC,BTC-USD-260904-61500-C,2026-09-04,61500,call,0.2293226473288633,0.2285,0.2305,0.7902013031368003,0.7634217217689104,-1.3472080276472536,0.000026661322922079513,-0.00014736921732234516,2,0,79698.9
2026-08-28 11:28:02,okx,BTC,BTC-USD-260904-61500-P,2026-09-04,61500,put,0.0002554372183893,0.0001,0.0002,0.7902013031368003,-0.0072421169383897945,0.19411964976734675,0.000026661322922079513,-0.00015364725437023392,1363,63,79698.9
2026-08-28 11:28:02,okx,BTC,BTC-USD-260904-61000-C,2026-09-04,61000,call,0.2355813167718793,0.235,0.237,0.8094245866722186,0.7575028688888086,-1.3471782543891038,0.000025514758626875186,-0.0001441671057597844,1,0,79698.9
2026-08-28 11:28:02,okx,BTC,BTC-USD-260904-61000-P,2026-09-04,61000,put,0.0002478872682712,0.0001,0.0002,0.8094245866722186,-0.006895410154204698,0.18161830369692292,0.000025514758626875186,-0.00015061680197484117,1467,24,79698.9
2026-08-28 11:28:02,okx,BTC,BTC-USD-260904-60500-C,2026-09-04,60500,call,0.24184002734088,0.241,0.243,0.8286026725891358,0.7515685515618096,-1.3462768586577478,0.00002441244101861039,-0.0001409028545878387,0,0,79698.9
2026-08-28 11:28:02,okx,BTC,BTC-USD-260904-60500-P,2026-09-04,60500,put,0.0002403784441375,,0.0003,0.8286026725891358,-0.006564167816916597,0.16998858009970438,0.00002441244101861039,-0.00014752420997006345,1469,63,79698.9
2026-08-28 11:28:02,okx,BTC,BTC-USD-260904-60000-C,2026-09-04,60000,call,0.2480986993693132,0.2475,0.2495,0.8476987798874226,0.7456215115401418,-1.3446144259719939,0.00002334598634875187,-0.00013753802491932388,1,0,79698.9
2026-08-28 11:28:02,okx,BTC,BTC-USD-260904-60000-P,2026-09-04,60000,put,0.0002328310794365,0.0001,0.0002,0.8476987798874226,-0.0062456481742975125,0.15911989345688446,0.00002334598634875187,-0.00014433103946871664,4559,130,79698.9
2026-08-28 11:28:02,okx,BTC,BTC-USD-260904-63500-C,2026-09-04,63500,call,0.2042907561068106,0.2035,0.2055,0.7136375853377057,0.7868603236977846,-1.3354626457948313,0.000031935755865240866,-0.00016061946740350734,1069,0,79698.9
2026-08-28 11:28:02,okx,BTC,BTC-USD-260904-63500-P,2026-09-04,63500,put,0.000288423568874,0.0002,0.0003,0.7136375853377057,-0.00886575366666364,0.25598950893406525,0.000031935755865240866,-0.0001662108677827242,781,469,79698.9
2026-08-28 11:28:02,okx,BTC,BTC-USD-260904-63000-C,2026-09-04,63000,call,0.2105480087824175,0.2095,0.212,0.7326481304647198,0.781046812517474,-1.3405776442156092,0.000030482634481685097,-0.00015711128391098075,882,0,79698.9
2026-08-28 11:28:02,okx,BTC,BTC-USD-260904-63000-P,2026-09-04,63000,put,0.0002794568513464,0.0002,0.0003,0.7326481304647198,-0.008413705182687192,0.23834339118471293,0.000030482634481685097,-0.00016287434345736557,2886,110,79698.9
2026-08-28 11:28:02,okx,BTC,BTC-USD-260904-62500-C,2026-09-04,62500,call,0.2168058565930221,0.216,0.218,0.7517730929624931,0.7751984514676239,-1.3440876641668138,0.000029131137561320214,-0.000153781557186463,832,0,79698.9
2026-08-28 11:28:02,okx,BTC,BTC-USD-260904-62500-P,2026-09-04,62500,put,0.0002710852688168,0.0001,0.0003,0.7517730929624931,-0.0079965065682503,0.22230225190493466,0.000029131137561320214,-0.00015971627590001582,3082,30,79698.9
2026-08-28 11:28:02,okx,BTC,BTC-USD-260904-62000-C,2026-09-04,62000,call,0.2230641194046505,0.222,0.2245,0.7709709954691262,0.7693216711430712,-1.3462320450236116,0.0000278625330919814,-0.00015055567063489383,1,0,79698.9
2026-08-28 11:28:02,okx,BTC,BTC-USD-260904-62000-P,2026-09-04,62000,put,0.0002631286873109,0.0001,0.0002,0.7709709954691262,-0.007607727228515964,0.20762675171956277,0.0000278625330919814,-0.00015666204851561463,3801,362,79698.9
2026-08-28 11:28:02,okx,BTC,BTC-USD-260904-65500-C,2026-09-04,65500,call,0.179272692518209,0.1785,0.1805,0.6395920329456103,0.8095803699906238,-1.292107993278622,0.00003928916834227375,-0.00017836012562384026,848,5,79698.9
2026-08-28 11:28:02,okx,BTC,BTC-USD-260904-65500-P,2026-09-04,65500,put,0.0003352375528096,0.0003,0.0004,0.6395920329456103,-0.011207946030972447,0.34946863876457035,0.00003928916834227375,-0.0001832648893343852,1768,307,79698.9
2026-08-28 11:28:02,okx,BTC,BTC-USD-260904-65000-C,2026-09-04,65000,call,0.1855249427936469,0.1845,0.187,0.6577176199216608,0.8040041632796111,-1.3072524751106835,0.00003715399787721054,-0.0001731404139569791,561,0,79698.9
2026-08-28 11:28:02,okx,BTC,BTC-USD-260904-65000-P,2026-09-04,65000,put,0.0003212684351131,0.0002,0.0003,0.6577176199216608,-0.010518593077698039,0.32179303760393474,0.00003715399787721054,-0.00017821683683469204,3830,338,79698.9
2026-08-28 11:28:02,okx,BTC,BTC-USD-260829-78500-P,2026-08-29,78500,put,0.0035058905012094,0.0033,0.0034,0.48218107941921495,-0.25154973169288364,14.058875919497165,0.00015321720645512552,-0.003693868491495713,10750,13195,79698.9
2026-08-28 11:28:02,okx,BTC,BTC-USD-260904-64500-C,2026-09-04,64500,call,0.1917789401809996,0.191,0.193,0.6761293093546648,0.7983496447931047,-1.3191920910367607,0.000035241631477090504,-0.00016852790272708527,1240,0,79698.9
2026-08-28 11:28:02,okx,BTC,BTC-USD-260904-64500-P,2026-09-04,64500,put,0.0003090464293316,0.0001,0.0003,0.6761293093546648,-0.009907551899917601,0.2973223023492838,0.000035241631477090504,-0.00017377598477196616,2150,352,79698.9
2026-08-28 11:28:02,okx,BTC,BTC-USD-260904-64000-C,2026-09-04,64000,call,0.1980343140614706,0.197,0.1995,0.6947837025946038,0.792631129904282,-1.3284519686869267,0.00003351305626423353,-0.0001643920777357718,292,8,79698.9
2026-08-28 11:28:02,okx,BTC,BTC-USD-260829-78500-C,2026-08-29,78500,call,0.018916301666669,0.018,0.019,0.48218107941921495,0.7329405751378564,12.089895305835686,0.00015321720645512552,-0.003693631184488426,918,201,79698.9
2026-08-28 11:28:02,okx,BTC,BTC-USD-260904-64000-P,2026-09-04,64000,put,0.0002982009166681,0.0002,0.0003,0.6947837025946038,-0.009360507124453148,0.2755313053705436,0.00003351305626423353,-0.00016981181894782068,2839,24,79698.9
2026-08-28 11:28:02,okx,BTC,BTC-USD-260904-67500-C,2026-09-04,67500,call,0.1542917456804332,0.1535,0.1555,0.5708133077976373,0.8306842274745382,-1.184304024795475,0.000051147347507033745,-0.00020870309127214056,8724,0,79698.9
2026-08-28 11:28:02,okx,BTC,BTC-USD-260925-71000-P,2026-09-25,71000,put,0.0081701740638324,0.0075,0.008,0.41172814831267296,-0.14310842943833765,2.194526341025799,0.0005996238088784368,-0.00044311096005682254,4224,510,79698.9
2026-08-28 11:28:02,okx,BTC,BTC-USD-260904-67500-P,2026-09-04,67500,put,0.0004191682875709,0.0004,0.0005,0.5708133077976373,-0.015166327204206154,0.5073970845620135,0.000051147347507033745,-0.00021292121831401354,4017,6,79698.9
2026-08-28 11:28:02,okx,BTC,BTC-USD-260904-67000-C,2026-09-04,67000,call,0.1605314167225,0.1595,0.162,0.5873642157866508,0.8256424381114394,-1.220283102346601,0.00004754868729993747,-0.000199290144385078,1101,200,79698.9
2026-08-28 11:28:02,okx,BTC,BTC-USD-261225-78000-P,2026-12-25,78000,put,0.0729532123029811,0.0735,0.074,0.40256032782078327,-0.46470015372671286,2.601647015216364,0.002192088438323952,-0.00037116196940074143,3210,403,79698.9
2026-08-28 11:28:02,okx,BTC,BTC-USD-260904-67000-P,2026-09-04,67000,put,0.0003926199365036,0.0003,0.0004,0.5873642157866508,-0.013942556903017798,0.45888688768231356,0.00004754868729993747,-0.000203679930594119,5213,32,79698.9
2026-08-28 11:28:02,okx,BTC,BTC-USD-260925-71000-C,2026-09-25,71000,call,0.1202677553859426,0.119,0.1205,0.41172814831267296,0.7445803206360625,0.4191488408769983,0.0005996238088784368,-0.00044262592683190055,4155,100,79698.9
2026-08-28 11:28:02,okx,BTC,BTC-USD-260904-66500-C,2026-09-04,66500,call,0.1667753225962567,0.166,0.168,0.6043724231567027,0.82042361283796,-1.2494956509690656,0.000044424619339520506,-0.0001912468150113708,1239,0,79698.9
2026-08-28 11:28:02,okx,BTC,BTC-USD-260904-66500-P,2026-09-04,66500,put,0.0003703064171258,0.0003,0.0004,0.6043724231567027,-0.012895822512210125,0.4171432197312747,0.000044424619339520506,-0.00019580826038757972,1946,112,79698.9
2026-08-28 11:28:02,okx,BTC,BTC-USD-261225-78000-C,2026-12-25,78000,call,0.1088888806771636,0.109,0.1105,0.40256032782078327,0.4991761516148625,0.6738944045332134,0.002192088438323952,-0.00037112989869495286,3568,0,79698.9
2026-08-28 11:28:02,okx,BTC,BTC-USD-260904-66000-C,2026-09-04,66000,call,0.1730226373691829,0.172,0.1745,0.6217959222662008,0.815060714051491,-1.2731172105421062,0.000041693965832594846,-0.0001843375449165037,845,0,79698.9
2026-08-28 11:28:02,okx,BTC,BTC-USD-260904-66000-P,2026-09-04,66000,put,0.0003514017969178,0.0003,0.0004,0.6217959222662008,-0.01199316163439206,0.38099054082966005,0.000041693965832594846,-0.00018907064945988065,1351,25,79698.9
2026-08-28 11:28:02,okx,BTC,BTC-USD-260904-71000-C,2026-09-04,71000,call,0.1108634653821442,0.1095,0.1125,0.47105082436062806,0.8559458091912734,-0.5740905420645878,0.00010066676168972552,-0.000342803133118589,3307,0,79698.9
2026-08-28 11:28:02,okx,BTC,BTC-USD-260918-70000-P,2026-09-18,70000,put,0.0041457555640291,0.004,0.0041,0.42099559713109486,-0.09003273514537274,1.738518149775718,0.00037488735829567245,-0.00037837798782538903,2,2,79698.9
2026-08-28 11:28:02,okx,BTC,BTC-USD-260904-71000-P,2026-09-04,71000,put,0.000854423741222,0.0008,0.0009,0.47105082436062806,-0.03376366313747978,1.2053284025929185,0.00010066676168972552,-0.00034581964599028603,7500,524,79698.9
2026-08-28 11:28:02,okx,BTC,BTC-USD-260918-72000-C,2026-09-18,72000,call,0.1056270521945698,0.1035,0.107,0.40683736177101304,0.7631280992224192,0.6624552318929644,0.000508790457174046,-0.0004962577478364777,0,0,79698.9
2026-08-28 11:28:02,okx,BTC,BTC-USD-260904-70000-C,2026-09-04,70000,call,0.1232037677079279,0.122,0.125,0.49631451161832496,0.8513966018455453,-0.8401141077537946,0.00008041892028361487,-0.00028772080795258167,3014,2,79698.9
2026-08-28 11:28:02,okx,BTC,BTC-USD-260918-68000-P,2026-09-18,68000,put,0.0026117707455034,0.0025,0.0026,0.43948697181681207,-0.058610312480923535,1.1913316670943497,0.00026972723995134193,-0.00028419623980534205,1,1,79698.9
2026-08-28 11:28:02,okx,BTC,BTC-USD-260904-70000-P,2026-09-04,70000,put,0.0006622872807372,0.0006,0.0007,0.49631451161832496,-0.025781751154633728,0.9142425982465635,0.00008041892028361487,-0.00029108063915861475,7797,6,79698.9
2026-08-28 11:28:02,okx,BTC,BTC-USD-260918-70000-C,2026-09-18,70000,call,0.1281072955570292,0.126,0.13,0.42099559713109486,0.785913641335863,-0.01337460318675363,0.00037488735829567245,-0.00037837798782538903,0,0,79698.9
2026-08-28 11:28:02,okx,BTC,BTC-USD-260904-69000-C,2026-09-04,69000,call,0.135609800005738,0.1345,0.137,0.5243098480798252,0.8442854511562307,-1.0197352259037735,0.00006586571879484333,-0.00024814995266901564,4851,0,79698.9
2026-08-28 11:28:02,okx,BTC,BTC-USD-260918-66000-P,2026-09-18,66000,put,0.0017033666551936,0.0016,0.0018,0.46235342128317025,-0.03874326986298114,0.8098775667532444,0.00019348473734732958,-0.00021447086414847367,15,15,79698.9
2026-08-28 11:28:02,okx,BTC,BTC-USD-260904-69000-P,2026-09-04,69000,put,0.0005358807922787,0.0005,0.0006,0.5243098480798252,-0.020361782515374384,0.7095592414394369,0.00006586571879484333,-0.0002518531022093847,3886,1013,79698.9
2026-08-28 11:28:02,okx,BTC,BTC-USD-260918-68000-C,2026-09-18,68000,call,0.1516029810244178,0.15,0.154,0.43948697181681207,0.7923090246722768,-0.5105070072120509,0.00026972723995134193,-0.00028419623980534205,0,0,79698.9
2026-08-28 11:28:02,okx,BTC,BTC-USD-260904-68000-C,2026-09-04,68000,call,0.1480573374949506,0.147,0.1495,0.5547608179372518,0.8355080529872504,-1.1401203057145597,0.00005531807507252388,-0.00021976071821102963,4279,18,79698.9
2026-08-28 11:28:02,okx,BTC,BTC-USD-260904-68000-P,2026-09-04,68000,put,0.0004509794952228,0.0004,0.0005,0.5547608179372518,-0.016608061355780808,0.5641119229715026,0.00005531807507252388,-0.00022380718608573462,5175,55,79698.9
2026-08-28 11:28:02,okx,BTC,BTC-USD-260918-66000-C,2026-09-18,66000,call,0.1757242472200222,0.174,0.178,0.46235342128317025,0.787149027962184,-0.8419070288970859,0.00019348473734732958,-0.00021447086414847367,0,0,79698.9
2026-08-28 11:28:02,okx,BTC,BTC-USD-260918-75000-P,2026-09-18,75000,put,0.0136019769612093,0.0135,0.014,0.3934885115047916,-0.24882089016293077,3.766639486714976,0.0007349813086181921,-0.0006933553411051309,59,59,79698.9
2026-08-28 11:28:02,okx,BTC,BTC-USD-260918-76000-C,2026-09-18,76000,call,0.0658997954714724,0.064,0.068,0.3910634300167447,0.6543825014308075,2.2901032950615705,0.0008041605809970402,-0.0007539412401078568,0,0,79698.9
2026-08-28 11:28:02,okx,BTC,BTC-USD-260918-74000-P,2026-09-18,74000,put,0.0107878631662368,0.0105,0.011,0.3969108118779219,-0.20628114607595743,3.3231783571872793,0.0006600965655522556,-0.0006281276570012666,46,46,79698.9
2026-08-28 11:28:02,okx,BTC,BTC-USD-260918-75000-C,2026-09-18,75000,call,0.0749893412394235,0.073,0.077,0.3934885115047916,0.6896930846383931,1.8896115371123283,0.0007349813086181921,-0.0006933553411051309,0,0,79698.9
2026-08-28 11:28:02,okx,BTC,BTC-USD-260918-73000-P,2026-09-18,73000,put,0.008511364417566,0.008,0.0085,0.4013535642599646,-0.16930529925618729,2.8831057789751475,0.0005835235371091902,-0.0005614783518160804,54,54,79698.9
2026-08-28 11:28:02,okx,BTC,BTC-USD-260918-74000-C,2026-09-18,74000,call,0.0846900625874083,0.0825,0.0865,0.3969108118779219,0.719719309061349,1.4711774469126666,0.0006600965655522556,-0.0006281276570012666,0,0,79698.9
2026-08-28 11:28:02,okx,BTC,BTC-USD-260925-82000-C,2026-09-25,82000,call,0.0315090232067992,0.0315,0.032,0.38587142783462447,0.39639913770244684,2.8881080717565477,0.001083969072904555,-0.0007506512963915969,7444,2574,79698.9
2026-08-28 11:28:02,okx,BTC,BTC-USD-260904-72000-C,2026-09-04,72000,call,0.0986283083634375,0.0975,0.1,0.44876200847875497,0.8565698222078004,-0.185223150551294,0.00012878571456129842,-0.0004188063206295038,5103,51,79698.9
2026-08-28 11:28:02,okx,BTC,BTC-USD-260918-72000-P,2026-09-18,72000,put,0.0066951824874841,0.0065,0.007,0.40683736177101304,-0.13784531658685176,2.4644020635115065,0.000508790457174046,-0.0004962577478364777,1,1,79698.9
2026-08-28 11:28:02,okx,BTC,BTC-USD-260925-82000-P,2026-09-25,82000,put,0.0569551318007652,0.057,0.058,0.38587142783462447,-0.6288188553412266,4.938544057843894,0.001083969072904555,-0.0007505417511419017,4083,1353,79698.9
2026-08-28 11:28:02,okx,BTC,BTC-USD-260904-72000-P,2026-09-04,72000,put,0.0011517055087838,0.001,0.0011,0.44876200847875497,-0.04567076944952663,1.6192580327633603,0.00012878571456129842,-0.00042147951516686494,5572,1442,79698.9
2026-08-28 11:28:02,okx,BTC,BTC-USD-260918-73000-C,2026-09-18,73000,call,0.0949283989816947,0.093,0.097,0.4013535642599646,0.7441816362171013,1.05613190802857,0.0005835235371091902,-0.0005614783518160804,0,0,79698.9
2026-08-28 11:28:02,okx,BTC,BTC-USD-260904-75000-P,2026-09-04,75000,put,0.0034991905624973,0.0033,0.0034,0.4015931494540534,-0.12821954737128652,3.990792888409612,0.00028167853045926776,-0.0008249257484298257,5652,7938,79698.9
2026-08-28 11:28:02,okx,BTC,BTC-USD-260918-79000-P,2026-09-18,79000,put,0.0315311474729919,0.0315,0.032,0.3895053774153525,-0.46397092593866407,5.151251928513017,0.0009399311619842384,-0.0008777220722497072,0,0,79698.9
2026-08-28 11:28:02,okx,BTC,BTC-USD-260904-76000-C,2026-09-04,76000,call,0.0526075104876293,0.0515,0.054,0.3928371317402461,0.7709622892200797,3.265770694192835,0.0003547328875108938,-0.001014896632017624,5981,0,79698.9
2026-08-28 11:28:02,okx,BTC,BTC-USD-260918-80000-C,2026-09-18,80000,call,0.036684735554769,0.0365,0.037,0.39079368200742925,0.4772788316372092,3.313493916427072,0.0009530305333750617,-0.0008928980252254115,200,205,79698.9
2026-08-28 11:28:02,okx,BTC,BTC-USD-260904-74000-P,2026-09-04,74000,put,0.0023512223823548,0.0021,0.0022,0.41389056901926913,-0.0899366141041231,2.985346440139356,0.00021809396420797308,-0.0006582819320172557,9423,4421,79698.9
2026-08-28 11:28:02,okx,BTC,BTC-USD-260918-78000-P,2026-09-18,78000,put,0.0259525230433708,0.026,0.0265,0.3891004549213415,-0.405299115398918,4.90231605419835,0.000909697573360696,-0.0008486063721557866,0,0,79698.9
2026-08-28 11:28:02,okx,BTC,BTC-USD-260904-75000-C,2026-09-04,75000,call,0.063378477058345,0.0625,0.0645,0.4015931494540534,0.8116144022717624,2.1111249891235144,0.00028167853045926776,-0.0008232825088954725,4322,535,79698.9
2026-08-28 11:28:02,okx,BTC,BTC-USD-260918-79000-C,2026-09-18,79000,call,0.0428591711793776,0.0425,0.0435,0.3895053774153525,0.5245971275187306,3.174115821598228,0.0009399311619842384,-0.0008777220722497072,200,300,79698.9
2026-08-28 11:28:02,okx,BTC,BTC-USD-260904-73000-P,2026-09-04,73000,put,0.0016175938686486,0.0014,0.0015,0.42965376269227695,-0.06349483339287058,2.199340954353247,0.00016723762236085676,-0.0005240118455094912,6511,1689,79698.9
2026-08-28 11:28:02,okx,BTC,BTC-USD-260918-77000-P,2026-09-18,77000,put,0.0211277777465148,0.021,0.0215,0.3896099720958748,-0.3491228240320029,4.57747008912624,0.0008635840118177822,-0.0008066444893210934,0,0,79698.9
2026-08-28 11:28:02,okx,BTC,BTC-USD-260904-74000-C,2026-09-04,74000,call,0.0747629476644711,0.074,0.076,0.41389056901926913,0.8373662162103518,1.1307407795104056,0.00021809396420797308,-0.0006562953741485665,2587,200,79698.9
2026-08-28 11:28:02,okx,BTC,BTC-USD-260918-78000-C,2026-09-18,78000,call,0.0497953818927138,0.048,0.052,0.3891004549213415,0.570755418394459,2.950206986611595,0.000909697573360696,-0.0008486063721557866,0,0,79698.9
2026-08-28 11:28:02,okx,BTC,BTC-USD-260918-76000-P,2026-09-18,76000,put,0.0170272663362151,0.0165,0.0175,0.3910634300167447,-0.2966449930345342,4.192158283992254,0.0008041605809970402,-0.0007539412401078568,0,0,79698.9
2026-08-28 11:28:02,okx,BTC,BTC-USD-260904-73000-C,2026-09-04,73000,call,0.0865617579370335,0.0855,0.0875,0.42965376269227695,0.8512768775930303,0.3697975323814452,0.00016723762236085676,-0.0005216819693064659,3565,100,79698.9
2026-08-28 11:28:02,okx,BTC,BTC-USD-260918-77000-C,2026-09-18,77000,call,0.0574854717388149,0.0555,0.0595,0.3896099720958748,0.6144181900973564,2.6503880608675217,0.0008635840118177822,-0.0008066444893210934,0,0,79698.9
2026-08-28 11:28:02,okx,BTC,BTC-USD-260918-83000-P,2026-09-18,83000,put,0.0610348778309427,0.059,0.063,0.3974680027447024,-0.6982979752934803,5.344230886385077,0.0008965381570050844,-0.0008543158509051431,0,0,79698.9
2026-08-28 11:28:02,okx,BTC,BTC-USD-260918-84000-C,2026-09-18,84000,call,0.0187153762766488,0.0185,0.019,0.4001437887273301,0.2991562584195371,3.130146539202302,0.0008524621006737033,-0.0008177841210814824,100,100,79698.9
2026-08-28 11:28:02,okx,BTC,BTC-USD-260918-82000-P,2026-09-18,82000,put,0.0526795475219992,0.052,0.0535,0.3950074025504974,-0.64191503549986,5.402653966751111,0.0009296256110487581,-0.0008803610672289879,0,0,79698.9
2026-08-28 11:28:02,okx,BTC,BTC-USD-260918-83000-C,2026-09-18,83000,call,0.0223035609654999,0.022,0.0225,0.3974680027447024,0.3403241568199849,3.2669866221581465,0.0008965381570050844,-0.0008543158509051431,8,8,79698.9
2026-08-28 11:28:02,okx,BTC,BTC-USD-260918-81000-P,2026-09-18,81000,put,0.0449441965172716,0.0445,0.0455,0.3927722241936257,-0.5834733648692889,5.396224845192863,0.0009491538964320632,-0.0008937682374612173,0,0,79698.9
2026-08-28 11:28:02,okx,BTC,BTC-USD-260918-82000-C,2026-09-18,82000,call,0.0264630657995135,0.026,0.027,0.3950074025504974,0.3841935769495876,3.350436741852217,0.0009296256110487581,-0.0008803610672289879,345,345,79698.9
2026-08-28 11:28:02,okx,BTC,BTC-USD-260904-76000-P,2026-09-04,76000,put,0.0052606627780503,0.005,0.0055,0.3928371317402461,-0.18140277975154348,5.1705008321360815,0.0003547328875108938,-0.0010161965532176412,5440,3540,79698.9
2026-08-28 11:28:02,okx,BTC,BTC-USD-260918-80000-P,2026-09-18,80000,put,0.0378715469913406,0.0375,0.0385,0.39079368200742925,-0.523802741484203,5.315657062669897,0.0009530305333750617,-0.0008928980252254115,0,0,79698.9
2026-08-28 11:28:02,okx,BTC,BTC-USD-260918-81000-C,2026-09-18,81000,call,0.0312425499377431,0.031,0.0315,0.3927722241936257,0.43012172791614106,3.3690346596220033,0.0009491538964320632,-0.0008937682374612173,200,243,79698.9
2026-08-28 11:28:02,okx,BTC,BTC-USD-260918-87000-P,2026-09-18,87000,put,0.0996271567040666,0.0975,0.1015,0.4093612801495026,-0.8932375901236878,4.7009595749618684,0.000681707572369574,-0.0006690404778893338,0,0,79698.9
2026-08-28 11:28:02,okx,BTC,BTC-USD-260918-88000-C,2026-09-18,88000,call,0.0089902106341643,0.0085,0.009,0.4127974591310652,0.1678188407693352,2.2939875652045605,0.000620241038216448,-0.0006138256425593378,0,0,79698.9
2026-08-28 11:28:02,okx,BTC,BTC-USD-260918-86000-P,2026-09-18,86000,put,0.0893129637130296,0.0865,0.0915,0.40610040828605815,-0.8496299080685071,4.8987643756383354,0.0007424133646738353,-0.0007228142754064789,0,0,79698.9
2026-08-28 11:28:02,okx,BTC,BTC-USD-260918-87000-C,2026-09-18,87000,call,0.0108364992667951,0.0105,0.011,0.4093612801495026,0.19543862064584805,2.5236071534227973,0.000681707572369574,-0.0006690404778893338,0,0,79698.9
2026-08-28 11:28:02,okx,BTC,BTC-USD-260918-85000-P,2026-09-18,85000,put,0.0794060465297823,0.0775,0.0815,0.40302460609897256,-0.8025109690823932,5.079765602370396,0.0008001731154393223,-0.0007731487029155145,0,0,79698.9
2026-08-28 11:28:02,okx,BTC,BTC-USD-260918-86000-C,2026-09-18,86000,call,0.0130371414187154,0.0125,0.0135,0.40610040828605815,0.22653278303701094,2.746438993427299,0.0007424133646738353,-0.0007228142754064789,200,200,79698.9
2026-08-28 11:28:02,okx,BTC,BTC-USD-260918-84000-P,2026-09-18,84000,put,0.0699615282850488,0.068,0.072,0.4001437887273301,-0.7519793933579458,5.232417842757268,0.0008524621006737033,-0.0008177841210814824,0,0,79698.9
2026-08-28 11:28:02,okx,BTC,BTC-USD-260918-85000-C,2026-09-18,85000,call,0.0156450593784253,0.0155,0.016,0.40302460609897256,0.26113820235910734,2.952467259487395,0.0008001731154393223,-0.0007731487029155145,200,200,79698.9
2026-08-28 11:28:02,okx,BTC,BTC-USD-260918-94000-P,2026-09-18,94000,put,0.1793036319014844,0.1765,0.182,0.43657278642251024,-1.112834733333994,3.460207086317346,0.00030795737636609864,-0.00032232558936083226,0,0,79698.9
2026-08-28 11:28:02,okx,BTC,BTC-USD-260918-96000-C,2026-09-18,96000,call,0.0020150558148229,0.002,0.0022,0.4454897101295011,0.045536367827662586,0.8394078378719148,0.0002368506655270345,-0.000252964629313085,0,0,79698.9
2026-08-28 11:28:02,okx,BTC,BTC-USD-260918-92000-P,2026-09-18,92000,put,0.1555933744199602,0.1525,0.1575,0.4281063263996105,-1.0629201310235994,3.7460741119169856,0.00039633184471962865,-0.00040677862894671914,0,0,79698.9
2026-08-28 11:28:02,okx,BTC,BTC-USD-260918-94000-C,2026-09-18,94000,call,0.0029091284635131,0.0029,0.003,0.43657278642251024,0.06343611508366524,1.1076653894820274,0.00030795737636609864,-0.00032232558936083226,315,315,79698.9
2026-08-28 11:28:02,okx,BTC,BTC-USD-260918-90000-P,2026-09-18,90000,put,0.1325026614541884,0.13,0.135,0.4201575616622054,-1.003851468006366,4.0976588501434605,0.000501740237374559,-0.0005054039463932971,0,0,79698.9
2026-08-28 11:28:02,okx,BTC,BTC-USD-260918-92000-C,2026-09-18,92000,call,0.004228541267903,0.0041,0.0042,0.4281063263996105,0.08832367806602487,1.4435864937377374,0.00039633184471962865,-0.00040677862894671914,242,242,79698.9
2026-08-28 11:28:02,okx,BTC,BTC-USD-260918-88000-P,2026-09-18,88000,put,0.1102957032143928,0.1075,0.1125,0.4127974591310652,-0.9333708896642182,4.496367026071667,0.000620241038216448,-0.0006138256425593378,0,0,79698.9
2026-08-28 11:28:02,okx,BTC,BTC-USD-260918-90000-C,2026-09-18,90000,call,0.0061674985880456,0.006,0.0065,0.4201575616622054,0.12236530175522294,1.8452253106202832,0.000501740237374559,-0.0005054039463932971,0,0,79698.9
2026-08-28 11:28:02,okx,BTC,BTC-USD-260901-74000-P,2026-09-01,74000,put,0.000662246773395,0.0005,0.0007,0.41546009886241725,-0.03868479594912823,2.013903904326768,0.00008498700576220127,-0.0004578717030835903,78,78,79698.9
2026-08-28 11:28:02,okx,BTC,BTC-USD-260901-76000-C,2026-09-01,76000,call,0.0488722911287483,0.047,0.05,0.3760322264832628,0.8481575540566741,2.936454561697269,0.00018401947479233024,-0.0008960216017661468,0,0,79698.9
2026-08-28 11:28:02,okx,BTC,BTC-USD-260901-72000-P,2026-09-01,72000,put,0.0002952103583648,0.0003,0.0004,0.47267690335939816,-0.016927986220957446,0.8856324081801695,0.000042529278486383414,-0.0002606862148939714,0,0,79698.9
2026-08-28 11:28:02,okx,BTC,BTC-USD-260901-74000-C,2026-09-01,74000,call,0.0726835719136901,0.071,0.0745,0.41546009886241725,0.8891091362513115,0.15831603992588875,0.00008498700576220127,-0.00045589634856175104,0,0,79698.9
2026-08-28 11:28:02,okx,BTC,BTC-USD-260901-70000-P,2026-09-01,70000,put,0.0001684718050466,0.0001,0.0002,0.5416232706811852,-0.009048940513287477,0.44965570584076414,0.00002469075231618925,-0.00017342001258935743,0,0,79698.9
2026-08-28 11:28:02,okx,BTC,BTC-USD-260901-72000-C,2026-09-01,72000,call,0.09739418549995,0.096,0.099,0.47267690335939816,0.8857904342983893,-0.919804432858524,0.000042529278486383414,-0.00025802386005897225,0,0,79698.9
2026-08-28 11:28:02,okx,BTC,BTC-USD-260918-96000-P,2026-09-18,96000,put,0.2034392295387084,0.201,0.2065,0.4454897101295011,-1.1557615199180322,3.2420036133633037,0.0002368506655270345,-0.000252964629313085,0,0,79698.9
2026-08-28 11:28:02,okx,BTC,BTC-USD-260901-70000-C,2026-09-01,70000,call,0.1223450969479221,0.121,0.124,0.5416232706811852,0.8685939683249664,-1.3056301118357434,0.00002469075231618925,-0.00017007065744119827,0,0,79698.9
2026-08-28 11:28:02,okx,BTC,BTC-USD-260901-79000-P,2026-09-01,79000,put,0.0104561395291412,0.01,0.011,0.35906001392002035,-0.4021468027710209,11.213307261227325,0.00039479771800196047,-0.0018380331134055681,124,124,79698.9
2026-08-28 11:28:02,okx,BTC,BTC-USD-260901-79500-C,2026-09-01,79500,call,0.0163744049894986,0.016,0.017,0.36146651189644013,0.5246658307558038,9.630868098321635,0.000407798342237531,-0.0019111308905382608,143,143,79698.9
2026-08-28 11:28:02,okx,BTC,BTC-USD-260901-78000-P,2026-09-01,78000,put,0.0061500470774798,0.006,0.0065,0.35874209276497304,-0.2735856760898643,9.471867597204453,0.00033820014777994175,-0.0015732179757680436,21,21,79698.9
2026-08-28 11:28:02,okx,BTC,BTC-USD-260901-79000-C,2026-09-01,79000,call,0.019783339666211,0.019,0.0205,0.35906001392002035,0.5883359086321515,9.232341838420982,0.00039479771800196047,-0.0018377752596666287,0,0,79698.9
2026-08-28 11:28:02,okx,BTC,BTC-USD-260901-77000-P,2026-09-01,77000,put,0.0034629859271813,0.0033,0.0034,0.3644430294268841,-0.1730190354438352,7.090674354501322,0.0002596487251679376,-0.001227047860332478,1095,1098,79698.9
2026-08-28 11:28:02,okx,BTC,BTC-USD-260901-78000-C,2026-09-01,78000,call,0.0280160722151947,0.027,0.029,0.35874209276497304,0.7043592794727613,7.515977686079201,0.00033820014777994175,-0.0015726166218725244,0,0,79698.9
2026-08-28 11:28:02,okx,BTC,BTC-USD-260901-76000-P,2026-09-01,76000,put,0.0019286159897433,0.0017,0.0018,0.3760322264832628,-0.10471188982485867,4.842193449460336,0.00018401947479233024,-0.0008973099559748261,236,236,79698.9
2026-08-28 11:28:02,okx,BTC,BTC-USD-260901-77000-C,2026-09-01,77000,call,0.0378678360655414,0.0365,0.039,0.3644430294268841,0.7923881642782441,5.159859955057163,0.0002596487251679376,-0.0012261030062803786,0,0,79698.9
2026-08-28 11:28:02,okx,BTC,BTC-USD-260901-82000-P,2026-09-01,82000,put,0.0341468478912069,0.033,0.035,0.39032062702093984,-0.7836146347814971,9.494238765843715,0.0003268352523533121,-0.0016534244400831673,0,0,79698.9
2026-08-28 11:28:02,okx,BTC,BTC-USD-260901-83000-C,2026-09-01,83000,call,0.003879672864171,0.0035,0.0036,0.40776416904099705,0.17176932471793863,5.821777893634788,0.0002655598729603414,-0.0014041634239324197,3,3,79698.9
2026-08-28 11:28:02,okx,BTC,BTC-USD-260901-81000-P,2026-09-01,81000,put,0.0246667598643347,0.024,0.0255,0.3760357140669556,-0.6736318695995088,10.939159596226055,0.0003810057771912184,-0.0018573004286431775,147,147,79698.9
2026-08-28 11:28:02,okx,BTC,BTC-USD-260901-82000-C,2026-09-01,82000,call,0.0058575730263415,0.0055,0.006,0.39032062702093984,0.24448134414331457,7.438046807994092,0.0003268352523533121,-0.001654197086813968,156,156,79698.9
2026-08-28 11:28:02,okx,BTC,BTC-USD-260901-80000-P,2026-09-01,80000,put,0.0166606629150591,0.016,0.017,0.36530847054983445,-0.542219964239044,11.686878487548999,0.0004091320659738373,-0.0019377617529330354,8,0,79698.9
2026-08-28 11:28:02,okx,BTC,BTC-USD-260901-81000-C,2026-09-01,81000,call,0.0089163100001145,0.0085,0.009,0.3760357140669556,0.3419263534847564,8.908043150057527,0.0003810057771912184,-0.0018577295752173976,205,205,79698.9
2026-08-28 11:28:02,okx,BTC,BTC-USD-260901-79500-P,2026-09-01,79500,put,0.0133166173527513,0.013,0.0135,0.36146651189644013,-0.47208575856764184,11.624371276968526,0.000407798342237531,-0.0019112169941989101,1,1,79698.9
2026-08-28 11:28:02,okx,BTC,BTC-USD-260901-80000-C,2026-09-01,80000,call,0.013449038051484,0.013,0.0135,0.36530847054983445,0.46080050300467473,9.68083755306156,0.0004091320659738373,-0.001937847399350676,158,150,79698.9
2026-08-28 11:28:02,okx,BTC,BTC-USD-260901-88000-P,2026-09-01,88000,put,0.1042813511271891,0.102,0.1055,0.5250152659999645,-1.067934175385245,3.606266103935285,0.00008154639642776202,-0.0005523536502436773,0,0,79698.9
2026-08-28 11:28:02,okx,BTC,BTC-USD-260901-90000-C,2026-09-01,90000,call,0.0004794897239218,0.0001,0.0002,0.5768025251285611,0.021741954115605453,0.849397669800853,0.00005440252130195598,-0.000406922077884811,0,0,79698.9
2026-08-28 11:28:02,okx,BTC,BTC-USD-260925-58000-C,2026-09-25,58000,call,0.2758268747377095,0.275,0.277,0.5829085343522237,0.7050080705064093,-1.1225634612387034,0.00012787518557668152,-0.0001326035625316814,757,0,79698.9
2026-08-28 11:28:02,okx,BTC,BTC-USD-260901-86000-P,2026-09-01,86000,put,0.0797685380970639,0.0775,0.081,0.474164327960088,-1.0157881073662711,4.595477884013594,0.0001284186959359826,-0.0007874699206620181,0,0,79698.9
2026-08-28 11:28:02,okx,BTC,BTC-USD-260925-58000-P,2026-09-25,58000,put,0.0011776598784182,0.001,0.0011,0.5829085343522237,-0.020146119695213408,0.3277449191645419,0.00012787518557668152,-0.0001337912794084238,20252,103,79698.9
2026-08-28 11:28:02,okx,BTC,BTC-USD-260901-88000-C,2026-09-01,88000,call,0.0007591262584534,0.0003,0.0004,0.5250152659999645,0.035388338582845666,1.3996210759991043,0.00008154639642776202,-0.0005551872979139575,3,3,79698.9
2026-08-28 11:28:02,okx,BTC,BTC-USD-260901-84000-P,2026-09-01,84000,put,0.0559936798935161,0.0535,0.057,0.42789609154845903,-0.9324706377210276,6.50192056360198,0.00020959044883114085,-0.0011614928421372758,0,0,79698.9
2026-08-28 11:28:02,okx,BTC,BTC-USD-260901-86000-C,2026-09-01,86000,call,0.0013239632296184,0.0008,0.0009,0.474164327960088,0.06245889492072651,2.438983879439598,0.0001284186959359826,-0.0007896165680191384,66,66,79698.9
2026-08-28 11:28:02,okx,BTC,BTC-USD-260901-83000-P,2026-09-01,83000,put,0.0447077727296813,0.042,0.0455,0.40776416904099705,-0.8688644100474197,7.903045363165505,0.0002655598729603414,-0.0014030472770450392,0,0,79698.9
2026-08-28 11:28:02,okx,BTC,BTC-USD-260901-84000-C,2026-09-01,84000,call,0.0026267550273605,0.0022,0.0023,0.42789609154845903,0.1207008528848772,4.395577582390171,0.00020959044883114085,-0.0011629524891812362,268,268,79698.9
2026-08-28 11:28:02,okx,BTC,BTC-USD-260901-90000-P,2026-09-01,90000,put,0.1290793645939474,0.127,0.1305,0.5768025251285611,-1.106656071533578,3.10619372109922,0.00005440252130195598,-0.00040340142990137075,0,0,79698.9
2026-08-28 11:28:02,okx,BTC,BTC-USD-270326-30000-C,2027-03-26,30000,call,0.6351928314819446,0.6335,0.636,0.6295608954776862,0.35507357631750563,-0.6562235960033729,0.00019518388222859406,-0.000029014515120737532,700,0,79698.9
2026-08-28 11:28:02,okx,BTC,BTC-USD-270326-40000-C,2027-03-26,40000,call,0.5162930002343534,0.5145,0.5175,0.5512373709663502,0.45627059922771374,-0.7620289060001878,0.0004770218820890569,-0.00006243716017139686,501,0,79698.9
2026-08-28 11:28:02,okx,BTC,BTC-USD-270326-35000-P,2027-03-26,35000,put,0.0031210262830575,0.0029,0.0032,0.5880872164039675,-0.019784009950014808,0.13251277205387685,0.00031426375177572247,-0.00004403244053627374,9456,26,79698.9
2026-08-28 11:28:02,okx,BTC,BTC-USD-270326-35000-C,2027-03-26,35000,call,0.5754093712077472,0.5735,0.577,0.5880872164039675,0.4077969455155808,-0.7226491388773145,0.00031426375177572247,-0.00004379566747855591,520,20,79698.9
2026-08-28 11:28:02,okx,BTC,BTC-USD-270326-30000-P,2027-03-26,30000,put,0.0018152234276715,0.0013,0.0025,0.6295608954776862,-0.011424385510147756,0.0767723276519339,0.00019518388222859406,-0.000029276558128995354,224351,104,79698.9
2026-08-28 11:28:02,okx,BTC,BTC-USD-270326-50000-C,2027-03-26,50000,call,0.4016079715537899,0.399,0.4025,0.4924604042687807,0.5322934100742581,-0.7211737500968307,0.0009723347689551519,-0.00011392094469041103,341,0,79698.9
2026-08-28 11:28:02,okx,BTC,BTC-USD-270326-45000-P,2027-03-26,45000,put,0.0080807639639517,0.0075,0.0085,0.5193558400623222,-0.05115811933549983,0.334695777748572,0.0006938899282325738,-0.00008585946113357762,15141,20,79698.9
2026-08-28 11:28:02,okx,BTC,BTC-USD-270326-45000-C,2027-03-26,45000,call,0.4581905826294745,0.456,0.46,0.5193558400623222,0.49858882340598015,-0.7647981077343879,0.0006938899282325738,-0.00008567322797693975,520,0,79698.9
2026-08-28 11:28:02,okx,BTC,BTC-USD-270326-40000-P,2027-03-26,40000,put,0.0050939184392473,0.0049,0.006,0.5512373709663502,-0.032393349875824075,0.2152989922068879,0.0004770218820890569,-0.00006264866327857471,53033,7,79698.9
2026-08-28 11:28:02,okx,BTC,BTC-USD-270326-60000-C,2027-03-26,60000,call,0.2958545789536109,0.2925,0.2975,0.45268888928264506,0.5631112536843009,-0.4750216695289607,0.0016948936957329383,-0.00018268413199880993,791,0,79698.9
2026-08-28 11:28:02,okx,BTC,BTC-USD-270326-55000-P,2027-03-26,55000,put,0.0192912022280489,0.018,0.019,0.4703502015547286,-0.11728085420394749,0.7194097446252554,0.0013111568664450001,-0.00014692708668580698,6638,337,79698.9
2026-08-28 11:28:02,okx,BTC,BTC-USD-270326-55000-C,2027-03-26,55000,call,0.3472224946344046,0.344,0.3475,0.4703502015547286,0.554632075813417,-0.6244161154094736,0.0013111568664450001,-0.00014679139343024908,812,0,79698.9
2026-08-28 11:28:02,okx,BTC,BTC-USD-270326-50000-P,2027-03-26,50000,put,0.0125874160178505,0.012,0.0125,0.4924604042687807,-0.07853652630516414,0.5004861226620139,0.0009723347689551519,-0.0001140819078965089,8097,557,79698.9
2026-08-28 11:28:02,okx,BTC,BTC-USD-270326-70000-C,2027-03-26,70000,call,0.2056015686647584,0.203,0.206,0.42904141198603357,0.5342770470195061,-0.07158183966185713,0.002459291244499903,-0.0002513110758347043,6307,2,79698.9
2026-08-28 11:28:02,okx,BTC,BTC-USD-260830-90000-C,2026-08-30,90000,call,0.0001147728482599,,0.0001,0.6883732937371138,0.007149145567198282,0.3959273399395754,0.00001435608525405213,-0.0002662826115330615,1399,180,79698.9
2026-08-28 11:28:02,okx,BTC,BTC-USD-270326-65000-P,2027-03-26,65000,put,0.0426289406503624,0.041,0.042,0.4390661560463964,-0.23782430117097367,1.3043256614189263,0.002091909810343905,-0.00021882019139949981,6373,669,79698.9
2026-08-28 11:28:02,okx,BTC,BTC-USD-270326-65000-C,2027-03-26,65000,call,0.2483817067975513,0.245,0.25,0.4390661560463964,0.5562546161222753,-0.28383217316757164,0.002091909810343905,-0.0002187350380450219,905,0,79698.9
2026-08-28 11:28:02,okx,BTC,BTC-USD-270326-60000-P,2027-03-26,60000,put,0.0290125496768385,0.0275,0.0285,0.45268888928264506,-0.16988466997100587,0.9909701777816529,0.0016948936957329383,-0.00018279455530382783,7004,421,79698.9
2026-08-28 11:28:02,okx,BTC,BTC-USD-270326-80000-C,2027-03-26,80000,call,0.1360613306694836,0.135,0.1375,0.4180395794413196,0.4550128747102794,0.31542980480467075,0.0029453888944193395,-0.00029330950604716213,5071,0,79698.9
2026-08-28 11:28:02,okx,BTC,BTC-USD-270326-75000-P,2027-03-26,75000,put,0.0845089867120114,0.084,0.0845,0.4221734627778378,-0.41693337608812664,1.968480104452948,0.0027540162537984148,-0.00027698235237275136,3250,0,79698.9
2026-08-28 11:28:02,okx,BTC,BTC-USD-270326-75000-C,2027-03-26,75000,call,0.1680832266000332,0.166,0.1695,0.4221734627778378,0.49931152848100674,0.13599029531468132,0.0027540162537984148,-0.00027694773891935343,5184,0,79698.9
2026-08-28 11:28:02,okx,BTC,BTC-USD-270326-70000-P,2027-03-26,70000,put,0.0609380656471531,0.06,0.0605,0.42904141198603357,-0.3208848639116852,1.6387419822005256,0.002459291244499903,-0.0002513709592386423,3851,176,79698.9
2026-08-28 11:28:02,okx,ETH,ETH-USD-260901-2200-P,2026-09-01,2200,put,0.0004209036926459,0.0002,0.0004,0.6157393784875348,-0.018355897237960623,0.7340832999185434,0.00004535854753358465,-0.0003621716869001925,155,155,2505.85
2026-08-28 11:28:02,okx,ETH,ETH-USD-260904-2300-C,2026-09-04,2300,call,0.0858389670868917,0.0845,0.087,0.49574735065005754,0.8183105847168285,0.8631263980232329,0.00023276010591389475,-0.0008404945538822592,5908,239,2505.85
2026-08-28 11:28:02,okx,ETH,ETH-USD-260925-800-P,2026-09-25,800,put,0.0000488745856753,0.0001,,1.3245279789854034,-0.0005112751244438119,0.005540541299171385,0.00000456694734453362,-0.000010857671258974815,30958,0,2505.85
2026-08-28 11:28:02,okx,ETH,ETH-USD-260901-2250-C,2026-09-01,2250,call,0.1031316606674001,0.1015,0.1045,0.5614747170911838,0.8682301344586245,-0.6121364855697444,0.00006668368857668504,-0.0004813000146835457,0,0,2505.85
2026-08-28 11:28:02,okx,ETH,ETH-USD-260904-2300-P,2026-09-04,2300,put,0.0031466740300016,0.0029,0.003,0.49574735065005754,-0.0987644741607366,2.6972765157783627,0.00023276010591389475,-0.000841537957557325,13458,10938,2505.85
2026-08-28 11:28:02,okx,ETH,ETH-USD-260925-800-C,2026-09-25,800,call,0.6817237841554914,0.681,0.683,1.3245279789854034,0.31764788122041127,-0.6307777713905387,0.00000456694734453362,-0.000008035514343138859,10,0,2505.85
2026-08-28 11:28:02,okx,ETH,ETH-USD-260830-2100-P,2026-08-30,2100,put,0.0000266394718263,,0.0001,0.8463690621215707,-0.001545029257907124,0.08485633148469614,0.0000035182217268747405,-0.00008023630079318007,10030,30,2505.85
2026-08-28 11:28:02,okx,ETH,ETH-USD-260904-2250-C,2026-09-04,2250,call,0.1044834181098539,0.103,0.106,0.5178613624685359,0.8363495635747336,-0.01750992539339619,0.00016099528000517043,-0.00060674974306421,3144,0,2505.85
2026-08-28 11:28:02,okx,ETH,ETH-USD-260918-3200-P,2026-09-18,3200,put,0.2776602573077658,0.2745,0.281,0.6263045509457142,-1.215540231959146,3.2428562630141653,0.0002905034464356607,-0.0004313720275942209,0,0,2505.85
2026-08-28 11:28:02,okx,ETH,ETH-USD-260901-2200-C,2026-09-01,2200,call,0.1228505588043674,0.121,0.124,0.6157393784875348,0.8589090414640224,-1.0204465774854228,0.00004535854753358465,-0.0003571342914052982,0,0,2505.85
2026-08-28 11:28:02,okx,ETH,ETH-USD-260904-2250-P,2026-09-04,2250,put,0.0018515302365686,0.0016,0.0017,0.5178613624685359,-0.06078908097940629,1.7767673637148833,0.00016099528000517043,-0.0006080442582908171,35649,10036,2505.85
2026-08-28 11:28:02,okx,ETH,ETH-USD-260830-2000-P,2026-08-30,2000,put,0.0000100527358089,,,0.9783878931785197,-0.000543575351101729,0.028140444335007373,0.0000013456138243222372,-0.00003547475639454895,0,0,2505.85
2026-08-28 11:28:02,okx,ETH,ETH-USD-260904-2200-C,2026-09-04,2200,call,0.1237184327319479,0.122,0.1255,0.5469521462881644,0.8388640675562369,-0.5942930776179632,0.00011130231691996567,-0.0004424355775007907,2153,201,2505.85
2026-08-28 11:28:02,okx,ETH,ETH-USD-260918-3100-P,2026-09-18,3100,put,0.2393251131622608,0.2365,0.2425,0.605525000520464,-1.1550470441264915,3.3729802999223644,0.0003677464370243829,-0.0005297008712326783,0,0,2505.85
2026-08-28 11:28:02,okx,ETH,ETH-USD-260925-1200-P,2026-09-25,1200,put,0.0003870838862463,0.0004,0.0006,1.065096192580234,-0.004284095632456803,0.04790314064196437,0.000031973260730366165,-0.00006112544248735968,37623,1,2505.85
2026-08-28 11:28:02,okx,ETH,ETH-USD-260830-2100-C,2026-08-30,2100,call,0.1621450957681715,0.161,0.164,0.8463690621215707,0.8361961288747878,-1.5906259847806936,0.0000035182217268747405,-0.00008023630079318007,0,0,2505.85
2026-08-28 11:28:02,okx,ETH,ETH-USD-260904-2200-P,2026-09-04,2200,put,0.0011469500422674,0.001,0.0011,0.5469521462881644,-0.038338162674477365,1.1601113828434655,0.00011130231691996567,-0.000443981204278939,8130,2218,2505.85
2026-08-28 11:28:02,okx,ETH,ETH-USD-260918-3200-C,2026-09-18,3200,call,0.0037610299286453,0.0036,0.0037,0.6263045509457142,0.057793485844883044,0.6961888274061073,0.0002905034464356607,-0.0004361331572542139,250,200,2505.85
2026-08-28 11:28:02,okx,ETH,ETH-USD-260925-1200-C,2026-09-25,1200,call,0.5229571019571938,0.522,0.5245,1.065096192580234,0.4729546388848258,-0.9065743283926008,0.000031973260730366165,-0.00005896183143512605,89,0,2505.85
2026-08-28 11:28:02,okx,ETH,ETH-USD-260904-2150-C,2026-09-04,2150,call,0.143272615275052,0.1415,0.145,0.5826600045989389,0.831943858611712,-0.942764317649494,0.00007891812998298507,-0.00033355822706887246,3662,1,2505.85
2026-08-28 11:28:02,okx,ETH,ETH-USD-260918-3000-P,2026-09-18,3000,put,0.2016963467752742,0.1985,0.205,0.5848886185815069,-1.0860147820819346,3.5614392049024493,0.00046433679587690375,-0.0006476035531895087,0,0,2505.85
2026-08-28 11:28:02,okx,ETH,ETH-USD-260925-1000-P,2026-09-25,1000,put,0.0001744819990205,,,1.2047015000952124,-0.0018331809072874205,0.01973710185501873,0.000014775249680285348,-0.00003194935545868437,17247,0,2505.85
2026-08-28 11:28:02,okx,ETH,ETH-USD-260830-2000-C,2026-08-30,2000,call,0.2020276301608994,0.2005,0.2035,0.9783878931785197,0.7973051466800363,-1.5675569997272687,0.0000013456138243222372,-0.00003547475639454895,0,0,2505.85
2026-08-28 11:28:02,okx,ETH,ETH-USD-260904-2150-P,2026-09-04,2150,put,0.0007615377689763,0.0007,0.0008,0.5826600045989389,-0.02532195729557697,0.7717673141650842,0.00007891812998298507,-0.0003353549653985621,8734,0,2505.85
2026-08-28 11:28:02,okx,ETH,ETH-USD-260918-3100-C,2026-09-18,3100,call,0.0052239013545713,0.005,0.0055,0.605525000520464,0.07849499499616153,0.9058962216770586,0.0003677464370243829,-0.000533769798481991,253,203,2505.85
2026-08-28 11:28:02,okx,ETH,ETH-USD-260925-1000-C,2026-09-25,1000,call,0.6022969458194024,0.6015,0.604,1.2047015000952124,0.39586576452378136,-0.7756607890071189,0.000014775249680285348,-0.00002945647147464958,13676,0,2505.85
2026-08-28 11:28:02,okx,ETH,ETH-USD-260901-2400-P,2026-09-01,2400,put,0.0045163885357804,0.004,0.0041,0.4624654804283631,-0.17685248198692483,5.724509021994362,0.0002623714901420413,-0.0015733456256073076,17,18,2505.85
2026-08-28 11:28:02,okx,ETH,ETH-USD-260901-2425-C,2026-09-01,2425,call,0.0391536560389885,0.0375,0.04,0.45549183949492017,0.7300830834096971,5.033123998101213,0.0003124233056743485,-0.001843839403870956,0,0,2505.85
2026-08-28 11:28:02,okx,ETH,ETH-USD-260901-2350-P,2026-09-01,2350,put,0.0021975843510037,0.0017,0.0018,0.48457370925877385,-0.09448942430156387,3.511152410349559,0.00017005138654876923,-0.001068519941055915,0,0,2505.85
2026-08-28 11:28:02,okx,ETH,ETH-USD-260901-2400-C,2026-09-01,2400,call,0.0471813243015691,0.0455,0.0495,0.4624654804283631,0.7801638147788746,3.810476428462764,0.0002623714901420413,-0.0015715856831507546,0,0,2505.85
2026-08-28 11:28:02,okx,ETH,ETH-USD-260901-2300-P,2026-09-01,2300,put,0.0011262778297183,0.0008,0.0009,0.5176230741047781,-0.05064090134269732,2.0249780870716645,0.00010518362785179098,-0.0007060127581487059,30,30,2505.85
2026-08-28 11:28:02,okx,ETH,ETH-USD-260901-2350-C,2026-09-01,2350,call,0.0648036999532755,0.062,0.0665,0.48457370925877385,0.8425890329482816,1.636995495849868,0.00017005138654876923,-0.0010659406353397767,0,0,2505.85
2026-08-28 11:28:02,okx,ETH,ETH-USD-260901-2250-P,2026-09-01,2250,put,0.0006431853921617,0.0004,0.0006,0.5614747170911838,-0.028972643759312664,1.1822690708661299,0.00006668368857668504,-0.00048551804691885454,1,1,2505.85
2026-08-28 11:28:02,okx,ETH,ETH-USD-260901-2300-C,2026-09-01,2300,call,0.0836735732684737,0.0815,0.0855,0.5176230741047781,0.8664997163911939,0.19069685160388147,0.00010518362785179098,-0.0007026140891729825,0,0,2505.85
2026-08-28 11:28:02,okx,ETH,ETH-USD-260901-2500-P,2026-09-01,2500,put,0.0170806025536232,0.0165,0.0175,0.450454247461773,-0.4822772692228335,9.547757118652896,0.00040841159294160295,-0.002385067487560652,0,0,2505.85
2026-08-28 11:28:02,okx,ETH,ETH-USD-260901-2525-C,2026-09-01,2525,call,0.0152962060288194,0.015,0.016,0.453817756623348,0.4341616187860042,7.615206816831865,0.0004066830756718132,-0.002392776261573768,576,576,2505.85
2026-08-28 11:28:02,okx,ETH,ETH-USD-260901-2475-P,2026-09-01,2475,put,0.0126330461780797,0.0125,0.013,0.4495385630729954,-0.3928547719664454,9.027689984051088,0.0003913781216568104,-0.0022810997928563825,215,215,2505.85
2026-08-28 11:28:02,okx,ETH,ETH-USD-260901-2500-C,2026-09-01,2500,call,0.0198631786464453,0.0195,0.02,0.450454247461773,0.5146147065748744,7.55397316705748,0.00040841159294160295,-0.0023849462716232697,200,200,2505.85
2026-08-28 11:28:02,okx,ETH,ETH-USD-260901-2450-P,2026-09-01,2450,put,0.0091213023022333,0.0085,0.009,0.4511983311440916,-0.3096686998409896,8.123124510366003,0.00035763992974012206,-0.0020922579108416037,2,2,2505.85
2026-08-28 11:28:02,okx,ETH,ETH-USD-260901-2475-C,2026-09-01,2475,call,0.0253862121891435,0.024,0.026,0.4495385630729954,0.5940682840732855,7.053843871971626,0.0003913781216568104,-0.0022805688952892075,0,0,2505.85
2026-08-28 11:28:02,okx,ETH,ETH-USD-260901-2425-P,2026-09-01,2425,put,0.0064593101914415,0.006,0.0065,0.45549183949492017,-0.23690213311407962,6.967094431148767,0.0003124233056743485,-0.0018451896646977165,16,16,2505.85
2026-08-28 11:28:02,okx,ETH,ETH-USD-260901-2450-C,2026-09-01,2450,call,0.0318450582315386,0.0305,0.0325,0.4511983311440916,0.6672854364407642,6.1692162378024955,0.00035763992974012206,-0.0020913173316446363,0,0,2505.85
2026-08-28 11:28:02,okx,ETH,ETH-USD-260901-2600-P,2026-09-01,2600,put,0.0436953682631107,0.041,0.0455,0.4759801575295593,-0.8067102792372197,7.919491826913649,0.00031706312450936595,-0.0019553131209079175,0,0,2505.85
2026-08-28 11:28:02,okx,ETH,ETH-USD-260901-2650-C,2026-09-01,2650,call,0.0037551258950129,0.0039,0.004,0.49909496906908096,0.1424424613386895,4.183225272640824,0.00023556191681325413,-0.0015244851695649048,0,0,2505.85
2026-08-28 11:28:02,okx,ETH,ETH-USD-260901-2575-P,2026-09-01,2575,put,0.0359029459322312,0.035,0.0375,0.46673808187137533,-0.7378225857589384,8.698857860829786,0.00035612433564768123,-0.0021540594537408863,104,104,2505.85
2026-08-28 11:28:02,okx,ETH,ETH-USD-260901-2600-C,2026-09-01,2600,call,0.0065955846829664,0.0065,0.007,0.4759801575295593,0.23005737559239642,5.845956517254418,0.00031706312450936595,-0.0019568306314897057,275,275,2505.85
2026-08-28 11:28:02,okx,ETH,ETH-USD-260901-2550-P,2026-09-01,2550,put,0.028790594606993,0.028,0.03,0.4592968570057178,-0.6591277765826821,9.311530728542413,0.00038780754097563055,-0.002308698409089203,0,0,2505.85
2026-08-28 11:28:02,okx,ETH,ETH-USD-260901-2575-C,2026-09-01,2575,call,0.0087737522703283,0.009,0.0095,0.46673808187137533,0.28897614931270066,6.6452603906865075,0.00035612433564768123,-0.0021551672826928816,450,450,2505.85
2026-08-28 11:28:02,okx,ETH,ETH-USD-260901-2525-P,2026-09-01,2525,put,0.022484219854239,0.0225,0.0235,0.453817756623348,-0.5726992767696809,9.628928607943234,0.0004066830756718132,-0.0023924877958813578,0,0,2505.85
2026-08-28 11:28:02,okx,ETH,ETH-USD-260901-2550-C,2026-09-01,2550,call,0.0116319908633318,0.0115,0.012,0.4592968570057178,0.35770203873098005,7.277871097915089,0.00038780754097563055,-0.0023093965564114066,27,27,2505.85
2026-08-28 11:28:02,okx,ETH,ETH-USD-260901-2900-P,2026-09-01,2900,put,0.1571338297876713,0.155,0.159,0.6534938146373275,-1.140291756411021,2.8921818218072484,0.00004221878874833329,-0.00035133883587539616,0,0,2505.85
2026-08-28 11:28:02,okx,ETH,ETH-USD-260901-2800-P,2026-09-01,2800,put,0.1177298119890769,0.1155,0.12,0.5900433145398509,-1.0806458039732576,3.4871671140593685,0.00008263892396665471,-0.0006275049706968865,0,0,2505.85
2026-08-28 11:28:02,okx,ETH,ETH-USD-260901-2900-C,2026-09-01,2900,call,0.0003869671886275,0.0003,0.0004,0.6534938146373275,0.016102935514320058,0.5793924379565658,0.00004221878874833329,-0.00035777252601469617,0,0,2505.85
2026-08-28 11:28:02,okx,ETH,ETH-USD-260901-2700-P,2026-09-01,2700,put,0.0791878905098024,0.0765,0.0815,0.526955043514312,-0.9886516333493073,4.980733662982391,0.0001671818586834279,-0.0011392148548129875,0,0,2505.85
2026-08-28 11:28:02,okx,ETH,ETH-USD-260901-2800-C,2026-09-01,2800,call,0.0008653090629993,0.0008,0.0009,0.5900433145398509,0.03587320892017522,1.2541290882725025,0.00008263892396665471,-0.0006322999343170159,50,0,2505.85
2026-08-28 11:28:02,okx,ETH,ETH-USD-260901-2650-P,2026-09-01,2650,put,0.0607960893116407,0.058,0.063,0.49909496906908096,-0.9142630330068808,6.296636261331965,0.00023556191681325413,-0.001522148295723531,0,0,2505.85
2026-08-28 11:28:02,okx,ETH,ETH-USD-260901-2700-C,2026-09-01,2700,call,0.0022057472566914,0.0023,0.0024,0.526955043514312,0.08799170051221737,2.827446995259341,0.0001671818586834279,-0.0011423710919139464,296,246,2505.85
2026-08-28 11:28:02,okx,ETH,ETH-USD-261225-600-P,2026-12-25,600,put,0.0004983853053642,,,0.9992942294019784,-0.0029770223240370643,0.019459827754327155,0.00004394807927668095,-0.000018474966752795818,12557,0,2505.85
2026-08-28 11:28:02,okx,ETH,ETH-USD-261225-600-C,2026-12-25,600,call,0.763450874616127,0.7615,0.766,0.9992942294019784,0.23403303326940908,-0.45456028343256516,0.00004394807927668095,-0.000018474966752795818,7,0,2505.85
2026-08-28 11:28:02,okx,ETH,ETH-USD-261225-1000-P,2026-12-25,1000,put,0.0023523604536091,0.0023,0.0024,0.809826067315983,-0.014864877664668263,0.09981696965167727,0.00018482354662079962,-0.00006296503347497556,15653,0,2505.85
2026-08-28 11:28:02,okx,ETH,ETH-USD-261225-1000-C,2026-12-25,1000,call,0.6072731759715471,0.6045,0.61,0.809826067315983,0.380151881657742,-0.6902165489931432,0.00018482354662079962,-0.00006296503347497556,0,0,2505.85
2026-08-28 11:28:02,okx,ETH,ETH-USD-261225-800-P,2026-12-25,800,put,0.0012116744299944,0.0001,0.0016,0.8996668245495816,-0.0074110887924062506,0.048917151248351325,0.00009988466425528402,-0.00003780340394722048,18524,0,2505.85
2026-08-28 11:28:02,okx,ETH,ETH-USD-261225-800-C,2026-12-25,800,call,0.6851483268443448,0.683,0.688,0.8996668245495816,0.30860231866552196,-0.583109663667505,0.00009988466425528402,-0.00003780340394722048,905,0,2505.85
2026-08-28 11:28:02,okx,ETH,ETH-USD-261225-1400-P,2026-12-25,1400,put,0.0073906911697425,0.007,0.0075,0.6709120295241011,-0.04843473412730482,0.3267314124971834,0.0005021799897062148,-0.00014173443248381893,9841,195,2505.85
2026-08-28 11:28:02,okx,ETH,ETH-USD-261225-1400-C,2026-12-25,1400,call,0.4542798328948556,0.451,0.458,0.6709120295241011,0.5045887289240695,-0.7793155136055653,0.0005021799897062148,-0.00014173443248381893,380,0,2505.85
2026-08-28 11:28:02,okx,ETH,ETH-USD-261225-1200-P,2026-12-25,1200,put,0.0042105058043549,0.004,0.0041,0.73322049355166,-0.02731900710896631,0.1853977034599432,0.00031220167126472844,-0.00009629865144258597,6665,1100,2505.85
2026-08-28 11:28:02,okx,ETH,ETH-USD-261225-1200-C,2026-12-25,1200,call,0.5301154844258804,0.527,0.5335,0.73322049355166,0.44670110407792596,-0.7626425189138414,0.00031220167126472844,-0.00009629865144258597,250,0,2505.85
2026-08-28 11:28:02,okx,ETH,ETH-USD-261225-1800-P,2026-12-25,1800,put,0.022525432111666,0.022,0.0225,0.5868235162210099,-0.1403452842495366,0.8704389541569595,0.0011269405830608274,-0.00027820114618302576,35520,2,2505.85
2026-08-28 11:28:02,okx,ETH,ETH-USD-261225-1800-C,2026-12-25,1800,call,0.3113829000439542,0.308,0.313,0.5868235162210099,0.5706848825308019,-0.5516213794037174,0.0011269405830608274,-0.00027820114618302576,9788,0,2505.85
2026-08-28 11:28:02,okx,ETH,ETH-USD-261225-1600-P,2026-12-25,1600,put,0.0129552403255888,0.012,0.0125,0.6225102348965859,-0.0838307193142268,0.549300710024204,0.0007736175314835132,-0.00020259241710993863,31346,2337,2505.85
2026-08-28 11:28:02,okx,ETH,ETH-USD-261225-1600-C,2026-12-25,1600,call,0.3808285451542895,0.377,0.385,0.6225102348965859,0.5481960956016296,-0.7147529198075088,0.0007736175314835132,-0.00020259241710993863,2786,1,2505.85
2026-08-28 11:28:02,okx,ETH,ETH-USD-261225-2200-P,2026-12-25,2200,put,0.0619254819950077,0.062,0.0625,0.5472571125909896,-0.3342570613262481,1.7319411883080251,0.0018950726899155668,-0.0004362823808449068,5379,1035,2505.85
2026-08-28 11:28:02,okx,ETH,ETH-USD-261225-2200-C,2026-12-25,2200,call,0.192751276134471,0.192,0.194,0.5472571125909896,0.5347798091830545,-0.006132552710580125,0.0018950726899155668,-0.0004362823808449068,15112,0,2505.85
2026-08-28 11:28:02,okx,ETH,ETH-USD-261225-2000-P,2026-12-25,2000,put,0.0381672009726517,0.038,0.0385,0.5622917363697153,-0.2235464254011965,1.2801345321276634,0.0015252996890284265,-0.0003608006152873831,10852,719,2505.85
2026-08-28 11:28:02,okx,ETH,ETH-USD-261225-2000-C,2026-12-25,2000,call,0.2480088320085275,0.2445,0.2495,0.5622917363697153,0.566487093243624,-0.2999325051619775,0.0015252996890284265,-0.0003608006152873831,10807,200,2505.85
2026-08-28 11:28:02,okx,ETH,ETH-USD-261225-2600-P,2026-12-25,2600,put,0.1380533642040607,0.137,0.1395,0.5394305461643429,-0.6111595825247508,2.515412530853145,0.00227139239743428,-0.0005154399664270608,1304,1,2505.85
2026-08-28 11:28:02,okx,ETH,ETH-USD-261225-2600-C,2026-12-25,2600,call,0.1108474845506993,0.111,0.1115,0.5394305461643429,0.41588399171351587,0.46132538237661175,0.00227139239743428,-0.0005154399664270608,37644,558,2505.85
2026-08-28 11:28:02,okx,ETH,ETH-USD-261225-2400-P,2026-12-25,2400,put,0.095152885932519,0.0955,0.096,0.5401218587370488,-0.4668299438196603,2.160543066091047,0.002157852296958545,-0.0004903022142813502,2199,409,2505.85
2026-08-28 11:28:02,okx,ETH,ETH-USD-261225-2400-C,2026-12-25,2400,call,0.1469628431755699,0.147,0.148,0.5401218587370488,0.4812102785541243,0.264462621343478,0.002157852296958545,-0.0004903022142813502,18580,50,2505.85
2026-08-28 11:28:02,okx,ETH,ETH-USD-261225-3000-P,2026-12-25,3000,put,0.2480340998155759,0.244,0.249,0.5494559561823782,-0.8976734391023296,2.9769494261433955,0.0021141269046310055,-0.0004886684780850019,760,0,2505.85
2026-08-28 11:28:02,okx,ETH,ETH-USD-261225-3000-C,2026-12-25,3000,call,0.0627965463693896,0.0625,0.063,0.5494559561823782,0.2873768388649012,0.6068488702089339,0.0021141269046310055,-0.0004886684780850019,33324,1942,2505.85
2026-08-28 11:28:02,okx,ETH,ETH-USD-261225-2800-P,2026-12-25,2800,put,0.1896081955876468,0.188,0.191,0.5433338457766343,-0.7570065219669105,2.7822484708614703,0.002243847765173871,-0.0005128738246759543,3665,100,2505.85
2026-08-28 11:28:02,okx,ETH,ETH-USD-261225-2800-C,2026-12-25,2800,call,0.083386479037873,0.0835,0.084,0.5433338457766343,0.34904040413583814,0.570154618655973,0.002243847765173871,-0.0005128738246759543,15456,578,2505.85
2026-08-28 11:28:02,okx,ETH,ETH-USD-261225-1300-P,2026-12-25,1300,put,0.005581407406518,0.005,0.0055,0.7002783319415238,-0.03648764643313513,0.24751129827483603,0.00039799944773987,-0.00011724748745029365,13196,0,2505.85
2026-08-28 11:28:02,okx,ETH,ETH-USD-261225-3400-P,2026-12-25,3400,put,0.3796698735231694,0.3745,0.385,0.5661730570380098,-1.1532726105401119,3.237657610812588,0.0017166353547245306,-0.00040886283708377905,211,0,2505.85
2026-08-28 11:28:02,okx,ETH,ETH-USD-261225-3400-C,2026-12-25,3400,call,0.0364006462841584,0.0355,0.036,0.5661730570380098,0.18978437115608307,0.5515436474201987,0.0017166353547245306,-0.00040886283708377905,19244,1567,2505.85
2026-08-28 11:28:02,okx,ETH,ETH-USD-261225-3200-P,2026-12-25,3200,put,0.3118299638021676,0.308,0.3135,0.5572075444998361,-1.0300200808090105,3.1217196917658003,0.0019263587982842627,-0.0004515486577346547,90,100,2505.85
2026-08-28 11:28:02,okx,ETH,ETH-USD-261225-3200-C,2026-12-25,3200,call,0.0475765734595689,0.047,0.0475,0.5572075444998361,0.2340335490227024,0.5936124321023746,0.0019263587982842627,-0.0004515486577346547,38536,702,2505.85
2026-08-28 11:28:02,okx,ETH,ETH-USD-261225-4000-P,2026-12-25,4000,put,0.5979422158848133,0.5925,0.6035,0.5972702957238868,-1.4770694579154677,3.543255351994247,0.0011457735824610684,-0.0002878857098712855,480,0,2505.85
2026-08-28 11:28:02,okx,ETH,ETH-USD-261225-4000-C,2026-12-25,4000,call,0.0176254779565649,0.0165,0.017,0.5972702957238868,0.1029975793741733,0.38312127741496466,0.0011457735824610684,-0.0002878857098712855,28812,2303,2505.85
2026-08-28 11:28:02,okx,ETH,ETH-USD-261225-3600-P,2026-12-25,3600,put,0.4504787356590393,0.4455,0.456,0.5760127784237695,-1.268037793874605,3.3405810508702998,0.001508995221158049,-0.0003656540341283156,100,0,2505.85
2026-08-28 11:28:02,okx,ETH,ETH-USD-261225-1300-C,2026-12-25,1300,call,0.4919784675798373,0.489,0.4955,0.7002783319415238,0.47703414068599814,-0.7795322759634306,0.00039799944773987,-0.00011724748745029365,430,0,2505.85
2026-08-28 11:28:02,okx,ETH,ETH-USD-261225-3600-C,2026-12-25,3600,call,0.0281936715236157,0.027,0.0275,0.5760127784237695,0.15402253968607177,0.496460383748946,0.001508995221158049,-0.0003656540341283156,6655,647,2505.85
2026-08-28 11:28:02,okx,ETH,ETH-USD-261225-5000-P,2026-12-25,5000,put,0.9822370658700252,0.97,0.9905,0.6521028314658394,-1.9317346446500976,4.14149012190749,0.0005903644182776898,-0.00016195212358377408,2,0,2505.85
2026-08-28 11:28:02,okx,ETH,ETH-USD-261225-5000-C,2026-12-25,5000,call,0.0068411434597144,0.006,0.0065,0.6521028314658394,0.04334915196195362,0.19132252868338845,0.0005903644182776898,-0.00016195212358377408,13554,857,2505.85
2026-08-28 11:28:02,okx,ETH,ETH-USD-261225-4500-P,2026-12-25,4500,put,0.7884362454598393,0.7775,0.7955,0.6249184580374963,-1.712495264038223,3.82463504152247,0.0008132497835576759,-0.0002137950745397385,10,10,2505.85
2026-08-28 11:28:02,okx,ETH,ETH-USD-261225-4500-C,2026-12-25,4500,call,0.0105799152905595,0.01,0.0105,0.6249184580374963,0.0650801529126231,0.2694842076207773,0.0008132497835576759,-0.0002137950745397385,7543,1936,2505.85
2026-08-28 11:28:02,okx,ETH,ETH-USD-261225-6000-P,2026-12-25,6000,put,1.3738429310513645,1.359,1.3845,0.7018213429702759,-2.3481469249347793,4.843810106955442,0.00033712674286108605,-0.00009953370325576181,0,0,2505.85
2026-08-28 11:28:02,okx,ETH,ETH-USD-261225-6000-C,2026-12-25,6000,call,0.0033678241589918,0.003,0.0034,0.7018213429702759,0.02195363099968247,0.1036089950865191,0.00033712674286108605,-0.00009953370325576181,14038,2835,2505.85
2026-08-28 11:28:02,okx,ETH,ETH-USD-261225-5500-P,2026-12-25,5500,put,1.1776283170545965,1.164,1.187,0.677878523262178,-2.142330150469678,4.484217686737344,0.00044050052415222404,-0.00012561707914814687,0,0,2505.85
2026-08-28 11:28:02,okx,ETH,ETH-USD-261225-5500-C,2026-12-25,5500,call,0.0046928024032548,0.0042,0.0045,0.677878523262178,0.030262025803578403,0.13903333419083158,0.00044050052415222404,-0.00012561707914814687,4293,0,2505.85
2026-08-28 11:28:02,okx,ETH,ETH-USD-261225-8000-P,2026-12-25,8000,put,2.161802456576255,2.1405,2.177,0.7785692969505777,-3.152353715567698,6.35915096984899,0.0001380290082858442,-0.00004520828453002781,0,0,2505.85
2026-08-28 11:28:02,okx,ETH,ETH-USD-261225-8000-C,2026-12-25,8000,call,0.001168980719758,0.0007,0.0014,0.7785692969505777,0.007780359011583832,0.03888282069042646,0.0001380290082858442,-0.00004520828453002781,2875,2,2505.85
2026-08-28 11:28:02,okx,ETH,ETH-USD-261225-7000-P,2026-12-25,7000,put,1.7674599370363173,1.7495,1.78,0.7438397694534975,-2.7525399533249377,5.591653751880208,0.00020969730567906275,-0.00006561794594052223,0,0,2505.85
2026-08-28 11:28:02,okx,ETH,ETH-USD-261225-7000-C,2026-12-25,7000,call,0.0019056456618824,0.0017,0.002,0.7438397694534975,0.012577361931933937,0.06141912136646392,0.00020969730567906275,-0.00006561794594052223,5397,0,2505.85
2026-08-28 11:28:02,okx,ETH,ETH-USD-270326-800-C,2027-03-26,800,call,0.69116731936424,0.684,0.6985,0.8214726902081186,0.29404714538087173,-0.5282100622011281,0.00028283507577920436,-0.00005535742172858154,1,0,2505.85
2026-08-28 11:28:02,okx,ETH,ETH-USD-270326-600-P,2027-03-26,600,put,0.0021594552185928,0.0001,,0.9166689148553679,-0.009639733816944903,0.049007512651679276,0.0001566774636795488,-0.00003421909299321111,144314,0,2505.85
2026-08-28 11:28:02,okx,ETH,ETH-USD-270326-600-C,2027-03-26,600,call,0.7674929496940848,0.7605,0.774,0.9166689148553679,0.22499006520421105,-0.42025208539063263,0.0001566774636795488,-0.00003421909299321111,23,0,2505.85
2026-08-28 11:28:02,okx,ETH,ETH-USD-270326-1200-C,2027-03-26,1200,call,0.5422922285424467,0.533,0.5515,0.6906166569052545,0.4136964783762584,-0.6498184215891769,0.0007050913934962384,-0.00011601974850300791,58,0,2505.85
2026-08-28 11:28:02,okx,ETH,ETH-USD-270326-1000-P,2027-03-26,1000,put,0.0069919778471706,0.006,0.0075,0.74751784821442,-0.03318446175168188,0.17359337693366123,0.00046083248526012526,-0.00008207560824759817,75260,7,2505.85
2026-08-28 11:28:02,okx,ETH,ETH-USD-270326-1000-C,2027-03-26,1000,call,0.6158811353063238,0.608,0.624,0.74751784821442,0.357865203283578,-0.6085059531368585,0.00046083248526012526,-0.00008207560824759817,1,0,2505.85
2026-08-28 11:28:02,okx,ETH,ETH-USD-270326-800-P,2027-03-26,800,put,0.0040559933969173,0.0034,0.0042,0.8214726902081186,-0.018792586647336212,0.09746940185528777,0.00028283507577920436,-0.00005535742172858154,4876,9,2505.85
2026-08-28 11:28:02,okx,ETH,ETH-USD-270326-1600-C,2027-03-26,1600,call,0.4041289196142809,0.3965,0.4155,0.6150174703571994,0.48806089775117445,-0.5789086325496703,0.001404555040870885,-0.00020581435987294713,2491,0,2505.85
2026-08-28 11:28:02,okx,ETH,ETH-USD-270326-1400-P,2027-03-26,1400,put,0.0188802712488096,0.018,0.019,0.6473599200491449,-0.08927892020935707,0.453318480923655,0.0010226523150687616,-0.00015773325681351863,27480,699,2505.85
2026-08-28 11:28:02,okx,ETH,ETH-USD-270326-1400-C,2027-03-26,1400,call,0.4713250916916241,0.4635,0.4815,0.6473599200491449,0.4581906108400068,-0.6416205811750727,0.0010226523150687616,-0.00015773325681351863,55,0,2505.85
2026-08-28 11:28:02,okx,ETH,ETH-USD-270326-1200-P,2027-03-26,1200,put,0.0116252395914628,0.0105,0.012,0.6906166569052545,-0.05556311966605352,0.28870077449544684,0.0007050913934962384,-0.00011601974850300791,4773,0,2505.85
2026-08-28 11:28:02,okx,ETH,ETH-USD-270326-2000-C,2027-03-26,2000,call,0.285878283563501,0.284,0.288,0.5748214930310391,0.49687603719450757,-0.31947819498175856,0.0022284198204715433,-0.0003051964433729025,4686,850,2505.85
2026-08-28 11:28:02,okx,ETH,ETH-USD-270326-1800-P,2027-03-26,1800,put,0.0459419151293409,0.045,0.046,0.591414878175324,-0.20282792076998923,0.9413358120253903,0.0018214838801972023,-0.0002566652274801687,6961,0,2505.85
2026-08-28 11:28:02,okx,ETH,ETH-USD-270326-1800-C,2027-03-26,1800,call,0.3419423985558167,0.3365,0.3435,0.591414878175324,0.5010614762934786,-0.46644298210154533,0.0018214838801972023,-0.0002566652274801687,4197,100,2505.85
2026-08-28 11:28:02,okx,ETH,ETH-USD-270326-1600-P,2027-03-26,1600,put,0.0299062676796357,0.029,0.03,0.6150174703571994,-0.13761856630524139,0.6724502955631615,0.001404555040870885,-0.00020581435987294713,21119,650,2505.85
2026-08-28 11:28:02,okx,ETH,ETH-USD-270326-2400-C,2027-03-26,2400,call,0.1946914104381152,0.193,0.196,0.5574202530084515,0.4463562586136343,-0.008527633070918045,0.00283369763943055,-0.0003763446180381521,2861,0,2505.85
2026-08-28 11:28:02,okx,ETH,ETH-USD-270326-2200-P,2027-03-26,2200,put,0.0971453033969743,0.0955,0.0975,0.563857611535709,-0.3828901796880048,1.560908374185241,0.0025777107392878948,-0.0003463004736319651,1095,110,2505.85
2026-08-28 11:28:02,okx,ETH,ETH-USD-270326-2200-C,2027-03-26,2200,call,0.2367014498071115,0.235,0.237,0.563857611535709,0.477419083389567,-0.15971015196990257,0.0025777107392878948,-0.0003463004736319651,3610,0,2505.85
2026-08-28 11:28:02,okx,ETH,ETH-USD-270326-2000-P,2027-03-26,2000,put,0.0680999686451944,0.0665,0.0685,0.5748214930310391,-0.2852232928760122,1.2447204651592814,0.0022284198204715433,-0.0003051964433729025,6633,1661,2505.85
2026-08-28 11:28:02,okx,ETH,ETH-USD-270326-2800-C,2027-03-26,2800,call,0.1309434385165567,0.1305,0.1325,0.5547584516197173,0.36688730145910886,0.214613755244025,0.003024947348416659,-0.00039982615860658933,7029,70,2505.85
2026-08-28 11:28:02,okx,ETH,ETH-USD-270326-2600-P,2027-03-26,2600,put,0.1765252028166966,0.1745,0.1785,0.5546247422663086,-0.6086133782046923,2.1521168881497705,0.002981175159163269,-0.00039394554264166336,707,0,2505.85
2026-08-28 11:28:02,okx,ETH,ETH-USD-270326-2600-C,2027-03-26,2600,call,0.1596370122104949,0.1595,0.1605,0.5546247422663086,0.4081157508869835,0.11865862996641872,0.002981175159163269,-0.00039394554264166336,2943,200,2505.85
2026-08-28 11:28:02,okx,ETH,ETH-USD-270326-2400-P,2027-03-26,2400,put,0.1333574325361474,0.132,0.134,0.5574202530084515,-0.4921629374709895,1.8685107590983299,0.00283369763943055,-0.0003763446180381521,2874,48,2505.85
2026-08-28 11:28:02,okx,ETH,ETH-USD-270326-3200-C,2027-03-26,3200,call,0.0886865658831111,0.0885,0.0895,0.55953928662528,0.2871310859901403,0.32013713661004156,0.0028773302920203866,-0.00038359219326765,4260,60,2505.85
2026-08-28 11:28:02,okx,ETH,ETH-USD-270326-3000-P,2027-03-26,3000,put,0.2809514800921603,0.276,0.2855,0.5566706827017995,-0.8472435273507101,2.6264990055511284,0.002982960544992433,-0.0003956355568727589,470,0,2505.85
2026-08-28 11:28:02,okx,ETH,ETH-USD-270326-3000-C,2027-03-26,3000,call,0.10761895246962,0.1075,0.109,0.5566706827017995,0.32590546775506957,0.280201015339569,0.002982960544992433,-0.0003956355568727589,5493,36,2505.85
2026-08-28 11:28:02,okx,ETH,ETH-USD-270326-2800-P,2027-03-26,2800,put,0.2260537976309276,0.2235,0.2285,0.5547584516197173,-0.728051760639619,2.4044918794414807,0.003024947348416659,-0.00039982615860658933,6505,0,2505.85
2026-08-28 11:28:02,okx,ETH,ETH-USD-270326-3600-C,2027-03-26,3600,call,0.0610537292243356,0.0605,0.062,0.5674470599455351,0.21995612262933387,0.34385226176799294,0.00255704647150586,-0.0003457111830972914,1940,213,2505.85
2026-08-28 11:28:02,okx,ETH,ETH-USD-270326-3400-P,2027-03-26,3400,put,0.4031660346300354,0.3905,0.4215,0.5631802609065697,-1.0779151114788714,2.9987418697420667,0.0027293369679537893,-0.00036623010335546985,1,0,2505.85
2026-08-28 11:28:02,okx,ETH,ETH-USD-270326-3400-C,2027-03-26,3400,call,0.0733891699911566,0.073,0.0745,0.5631802609065697,0.2516537496410122,0.3396041475022996,0.0027293369679537893,-0.00036623010335546985,1652,180,2505.85
2026-08-28 11:28:02,okx,ETH,ETH-USD-270326-3200-P,2027-03-26,3200,put,0.3402412620138209,0.334,0.3455,0.55953928662528,-0.9642278421226914,2.8228549928357047,0.0028773302920203866,-0.00038359219326765,280,0,2505.85
2026-08-28 11:28:02,okx,ETH,ETH-USD-270326-4500-C,2027-03-26,4500,call,0.0289865684129501,0.0285,0.0295,0.5917026161877431,0.1212563493779194,0.2777625453395672,0.0017699635772083111,-0.00024952684542069934,5445,750,2505.85
2026-08-28 11:28:02,okx,ETH,ETH-USD-270326-4000-P,2027-03-26,4000,put,0.6075130429165001,0.589,0.625,0.577409057420379,-1.396276924688486,3.4526801183443103,0.0021914839065590463,-0.00030148890542049036,2,0,2505.85
2026-08-28 11:28:02,okx,ETH,ETH-USD-270326-4000-C,2027-03-26,4000,call,0.0430696727531131,0.0425,0.0435,0.577409057420379,0.16792173545255368,0.32428279806223115,0.0021914839065590463,-0.00030148890542049036,6943,30,2505.85
2026-08-28 11:28:02,okx,ETH,ETH-USD-270326-3600-P,2027-03-26,3600,put,0.4690527623713839,0.4535,0.487,0.5674470599455351,-1.187822671497602,3.1594098500218646,0.00255704647150586,-0.0003457111830972914,20,0,2505.85
2026-08-28 11:28:02,okx,ETH,ETH-USD-270326-5500-C,2027-03-26,5500,call,0.015044381322819,0.0145,0.0155,0.6234304772273146,0.0681741130740449,0.1876603263107246,0.0011613742207989865,-0.0001725081701453541,3800,0,2505.85
2026-08-28 11:28:02,okx,ETH,ETH-USD-270326-5000-P,2027-03-26,5000,put,0.9759826768267297,0.956,0.993,0.6072309397706916,-1.865598417281985,4.139821786855859,0.0014266139055804676,-0.00020640005176084564,10,0,2505.85
2026-08-28 11:28:02,okx,ETH,ETH-USD-270326-5000-C,2027-03-26,5000,call,0.020428464122496,0.02,0.021,0.6072309397706916,0.0896499078943145,0.22932513650325978,0.0014266139055804676,-0.00020640005176084564,4697,913,2505.85
2026-08-28 11:28:02,okx,ETH,ETH-USD-270326-4500-P,2027-03-26,4500,put,0.7889853598467604,0.77,0.806,0.5917026161877431,-1.6384671432807503,3.797209530656906,0.0017699635772083111,-0.00024952684542069934,0,0,2505.85
2026-08-28 11:28:02,okx,ETH,ETH-USD-270326-7000-C,2027-03-26,7000,call,0.0075003246467749,0.0065,0.008,0.6729924893818379,0.03537780545249099,0.10790625771202533,0.0006913051109811684,-0.00011084840348864386,4691,0,2505.85
2026-08-28 11:28:02,okx,ETH,ETH-USD-270326-6000-P,2027-03-26,6000,put,1.358196668040711,1.3345,1.376,0.6399368112047052,-2.2929447914103567,4.846852744229259,0.0009601608106927849,-0.00014639644349734253,0,0,2505.85
2026-08-28 11:28:02,okx,ETH,ETH-USD-270326-6000-C,2027-03-26,6000,call,0.0115316127956304,0.011,0.012,0.6399368112047052,0.0533531988012027,0.15425676380613906,0.0009601608106927849,-0.00014639644349734253,35131,2,2505.85
2026-08-28 11:28:02,okx,ETH,ETH-USD-270326-5500-P,2027-03-26,5500,put,1.1661540152974759,1.1445,1.1835,0.6234304772273146,-2.0825990446198848,4.489206641698583,0.0011613742207989865,-0.0001725081701453541,0,0,2505.85
2026-08-28 11:28:02,okx,ETH,ETH-USD-270326-9000-C,2027-03-26,9000,call,0.004252092522087,0.0031,0.004,0.7363732973907813,0.01991439811019954,0.061912771600733246,0.00043074885889567914,-0.00007557386343164681,40545,0,2505.85
2026-08-28 11:28:02,okx,ETH,ETH-USD-270326-8000-P,2027-03-26,8000,put,2.134315755363083,2.103,2.157,0.7052964014695452,-3.102754775965204,6.336499990557953,0.0005311766097209252,-0.00008926065470514736,0,0,2505.85
2026-08-28 11:28:02,okx,ETH,ETH-USD-270326-8000-C,2027-03-26,8000,call,0.005429015036309,0.0044,0.0055,0.7052964014695452,0.025642544316875262,0.07970534999379461,0.0005311766097209252,-0.00008926065470514736,1711,200,2505.85
2026-08-28 11:28:02,okx,ETH,ETH-USD-270326-7000-P,2027-03-26,7000,put,1.7452762224327023,1.718,1.7655,0.6729924893818379,-2.7019698497943283,5.582601568205663,0.0006913051109811684,-0.00011084840348864386,0,0,2505.85
2026-08-28 11:28:02,okx,ETH,ETH-USD-270326-9000-P,2027-03-26,9000,put,2.524249675389708,2.4885,2.55,0.7363732973907813,-3.4995325872071392,7.100806742235411,0.00043074885889567914,-0.00007557386343164681,0,0,2505.85
2026-08-28 11:28:02,okx,ETH,ETH-USD-260830-2375-C,2026-08-30,2375,call,0.0530079284330881,0.0515,0.055,0.45174932489988495,0.9015303341450248,1.1558702932129032,0.00006795502371615172,-0.0008271932696560847,0,0,2505.85
2026-08-28 11:28:02,okx,ETH,ETH-USD-260830-2375-P,2026-08-30,2375,put,0.0006120552407931,0.0006,0.0007,0.45174932489988495,-0.04591502326695156,3.050761008036856,0.00006795502371615172,-0.0008271932696560847,3899,1541,2505.85
2026-08-28 11:28:02,okx,ETH,ETH-USD-260925-1300-C,2026-09-25,1300,call,0.4833162897181217,0.482,0.485,0.9922802656608667,0.5109951460476589,-0.9646554521525734,0.00004341826451285052,-0.00007533179046467165,97,0,2505.85
2026-08-28 11:28:02,okx,ETH,ETH-USD-260925-1300-P,2026-09-25,1300,put,0.0005224945218913,0.0006,0.0008,0.9922802656608667,-0.0060134830127305024,0.0693618059682055,0.00004341826451285052,-0.00007733076505100472,12061,1,2505.85
2026-08-28 11:28:02,okx,ETH,ETH-USD-260829-2375-P,2026-08-29,2375,put,0.0004737120082122,0.0003,0.0004,0.6297664863199137,-0.03855163107568422,2.792460191674639,0.00004008477470577473,-0.0012622023860690552,5441,3971,2505.85
2026-08-28 11:28:02,okx,ETH,ETH-USD-260829-2375-C,2026-08-29,2375,call,0.0525105066088845,0.0505,0.055,0.6297664863199137,0.9092526845892389,0.8968515603447929,0.00004008477470577473,-0.0012622023860690552,418,10,2505.85
2026-08-28 11:28:02,okx,ETH,ETH-USD-260925-1900-C,2026-09-25,1900,call,0.2474197721052116,0.2455,0.2495,0.6241853957270831,0.7087715339088614,-0.881910815410814,0.00025515249777206524,-0.0002848469001358526,9013,0,2505.85
2026-08-28 11:28:02,okx,ETH,ETH-USD-260925-1900-P,2026-09-25,1900,put,0.0032833141572842,0.0031,0.0033,0.6241853957270831,-0.04685646241016935,0.6293451772272475,0.00025515249777206524,-0.00028585805592678214,11351,2027,2505.85
2026-08-28 11:28:02,okx,ETH,ETH-USD-261030-3600-P,2026-10-30,3600,put,0.4380182296070954,0.433,0.443,0.5920884149798492,-1.3455332204181218,3.362854038893656,0.0006849669078981133,-0.00032058244911241986,0,0,2505.85
2026-08-28 11:28:02,okx,ETH,ETH-USD-261225-2500-C,2026-12-25,2500,call,0.1277301484018597,0.128,0.129,0.5390549303954767,0.4493274180788029,0.37395136316297434,0.00223384896320211,-0.0005065673741205546,2110,0,2505.85
2026-08-28 11:28:02,okx,ETH,ETH-USD-261030-3400-P,2026-10-30,3400,put,0.3630666390485327,0.358,0.3655,0.5766311965516666,-1.2337336397129066,3.3461266318512664,0.0008725085981022838,-0.00039853228228242833,266,0,2505.85
2026-08-28 11:28:02,okx,ETH,ETH-USD-261030-3600-C,2026-10-30,3600,call,0.0095467343788701,0.0095,0.01,0.5920884149798492,0.0824541021556291,0.5068793937461549,0.0006849669078981133,-0.0003225689588284202,8314,430,2505.85
2026-08-28 11:28:02,okx,ETH,ETH-USD-261030-2700-P,2026-10-30,2700,put,0.1313061058467803,0.1305,0.132,0.5331904218948084,-0.7105556321445936,3.187689672203299,0.0016220577113399055,-0.0006873696900526825,222,0,2505.85
2026-08-28 11:28:02,okx,ETH,ETH-USD-261030-3400-C,2026-10-30,3400,call,0.0139384766865407,0.014,0.0145,0.5766311965516666,0.11492105382896896,0.648817244767515,0.0008725085981022838,-0.0004001508190132017,4627,621,2505.85
2026-08-28 11:28:02,okx,ETH,ETH-USD-261030-2700-C,2026-10-30,2700,call,0.0598796085166051,0.0595,0.06,0.5331904218948084,0.36043485978571954,1.045708688342673,0.0016220577113399055,-0.0006877003213351612,6070,411,2505.85
2026-08-28 11:28:02,okx,ETH,ETH-USD-260831-2250-C,2026-08-31,2250,call,0.1025327142650229,0.101,0.104,0.5797593286725757,0.8806991171747001,-0.9599478723676164,0.000036351924276876286,-0.00036479962588987407,0,0,2505.85
2026-08-28 11:28:02,okx,ETH,ETH-USD-260831-2250-P,2026-08-31,2250,put,0.0003094199266613,0.0002,0.0003,0.5797593286725757,-0.016809835770383075,0.8350700335225502,0.000036351924276876286,-0.00036900676424158626,527,727,2505.85
2026-08-28 11:28:02,okx,ETH,ETH-USD-260831-2200-C,2026-08-31,2200,call,0.1224010803103889,0.121,0.124,0.655503369612191,0.8660192936862001,-1.220124217257238,0.0000262527788227624,-0.00029628125701678044,0,0,2505.85
2026-08-28 11:28:02,okx,ETH,ETH-USD-260831-2200-P,2026-08-31,2200,put,0.0002298001097507,,0.0003,0.655503369612191,-0.011545015860103558,0.5350044018353692,0.0000262527788227624,-0.00030130803823969805,1031,1157,2505.85
2026-08-28 11:28:02,okx,ETH,ETH-USD-261225-2500-P,2026-12-25,2500,put,0.115428109607015,0.1155,0.1165,0.5390549303954767,-0.5382144802272228,2.3490351597750254,0.00223384896320211,-0.0005065673741205546,5879,988,2505.85
2026-08-28 11:28:02,okx,ETH,ETH-USD-260831-2425-C,2026-08-31,2425,call,0.0362537300649254,0.0355,0.038,0.42403916705932176,0.779886991469073,5.5233752008659796,0.00023498243068929364,-0.0017431832928470783,340,340,2505.85
2026-08-28 11:28:02,okx,ETH,ETH-USD-260831-2425-P,2026-08-31,2425,put,0.0038483862445313,0.0035,0.0036,0.42403916705932176,-0.187428213371739,7.4580056105476045,0.00023498243068929364,-0.0017445216811495712,552,628,2505.85
2026-08-28 11:28:02,okx,ETH,ETH-USD-260830-2510-C,2026-08-30,2510,call,0.0111824787122428,0.011,0.0115,0.4181369790406884,0.4772998256730985,12.421156293535786,0.00028433226009060236,-0.0032035582561786703,779,827,2505.85
2026-08-28 11:28:02,okx,ETH,ETH-USD-260831-2400-C,2026-08-31,2400,call,0.0448279177570569,0.044,0.0465,0.43492237050105614,0.8297285729008766,3.696925249806571,0.00018225789526227825,-0.0013860966688576787,0,0,2505.85
2026-08-28 11:28:02,okx,ETH,ETH-USD-260830-2510-P,2026-08-30,2510,put,0.0126504190437541,0.0125,0.013,0.4181369790406884,-0.5240003204759796,14.423756585833942,0.00028433226009060236,-0.0032035582561786703,2252,2646,2505.85
2026-08-28 11:28:02,okx,ETH,ETH-USD-260831-2400-P,2026-08-31,2400,put,0.0024485810055247,0.0021,0.0022,0.43492237050105614,-0.1276143102405454,5.611611016089415,0.00018225789526227825,-0.0013878448785957745,2975,2761,2505.85
2026-08-28 11:28:02,okx,ETH,ETH-USD-260831-2350-C,2026-08-31,2350,call,0.0633619882009904,0.0615,0.0655,0.46832776855330444,0.8791507970544225,1.0121472501954782,0.00010150865533673702,-0.0008297803204309101,0,0,2505.85
2026-08-28 11:28:02,okx,ETH,ETH-USD-260831-2350-P,2026-08-31,2350,put,0.0010346655871816,0.0008,0.0009,0.46832776855330444,-0.05824744268822011,2.8869437296807634,0.00010150865533673702,-0.0008323481730402113,1822,397,2505.85
2026-08-28 11:28:02,okx,ETH,ETH-USD-260831-2300-C,2026-08-31,2300,call,0.0827847535385223,0.081,0.0845,0.5169024142538421,0.888536397395801,-0.35470905070161407,0.000057520448603454925,-0.0005171925731150521,0,0,2505.85
2026-08-28 11:28:02,okx,ETH,ETH-USD-260831-2300-P,2026-08-31,2300,put,0.0005094450624372,0.0003,0.0005,0.5169024142538421,-0.02891719894806199,1.4801981419861117,0.000057520448603454925,-0.0005205800685955588,1728,1388,2505.85
2026-08-28 11:28:02,okx,ETH,ETH-USD-260831-2525-C,2026-08-31,2525,call,0.0113833203667445,0.011,0.012,0.41870779974445343,0.4176682565974749,9.765224383309787,0.00034725053740978807,-0.002545351642716214,7755,8073,2505.85
2026-08-28 11:28:02,okx,ETH,ETH-USD-260831-2525-P,2026-08-31,2525,put,0.0188739482709033,0.0185,0.0195,0.41870779974445343,-0.5895362350408964,11.779633366586529,0.00034725053740978807,-0.002545050745276296,682,417,2505.85
2026-08-28 11:28:02,okx,ETH,ETH-USD-260831-2500-C,2026-08-31,2500,call,0.0158802489911693,0.0155,0.0165,0.41450851167775293,0.5201145997688864,9.7949639788547,0.0003513768472953684,-0.0025495816973703455,1543,2333,2505.85
2026-08-28 11:28:02,okx,ETH,ETH-USD-260831-2500-P,2026-08-31,2500,put,0.0133968839641898,0.013,0.0135,0.41450851167775293,-0.4771175701700949,11.789428318732663,0.0003513768472953684,-0.0025496906213660305,1832,860,2505.85
2026-08-28 11:28:02,okx,ETH,ETH-USD-260831-2475-C,2026-08-31,2475,call,0.0215794824865606,0.021,0.022,0.4138845529822785,0.6208117434743179,8.951188833130702,0.00033004736954363195,-0.002390934871722715,1,1,2505.85
2026-08-28 11:28:02,okx,ETH,ETH-USD-260831-2475-P,2026-08-31,2475,put,0.0091221245284431,0.0085,0.009,0.4138845529822785,-0.3664481047652736,10.925708529609885,0.00033004736954363195,-0.0023914536171540024,2006,1457,2505.85
2026-08-28 11:28:02,okx,ETH,ETH-USD-260831-2450-C,2026-08-31,2450,call,0.0284277906905574,0.0275,0.0295,0.41703900980940684,0.7096537459869182,7.402720589710541,0.0002878380122358546,-0.002100663189148133,108,0,2505.85
2026-08-28 11:28:02,okx,ETH,ETH-USD-260831-2450-P,2026-08-31,2450,put,0.0059964398013016,0.0055,0.006,0.41703900980940684,-0.2676337805532835,9.357295642790945,0.0002878380122358546,-0.002101591756015023,4709,4906,2505.85
2026-08-28 11:28:02,okx,ETH,ETH-USD-260831-2650-C,2026-08-31,2650,call,0.0019292063121496,0.002,0.0021,0.47975993005572776,0.09668295104797044,3.9005264724734987,0.00015366091818020688,-0.0012907277698154928,4241,3295,2505.85
2026-08-28 11:28:02,okx,ETH,ETH-USD-260831-2650-P,2026-08-31,2650,put,0.0592897988719997,0.0565,0.061,0.47975993005572776,-0.9603831490873497,6.0146586727441385,0.00015366091818020688,-0.0012883777651975612,0,0,2505.85
2026-08-28 11:28:02,okx,ETH,ETH-USD-260831-2600-C,2026-08-31,2600,call,0.0038749752237028,0.004,0.0042,0.44865102513010763,0.1797098696992039,6.335267513967577,0.0002349859997148402,-0.0018458101929305403,3372,3846,2505.85
2026-08-28 11:28:02,okx,ETH,ETH-USD-260831-2600-P,2026-08-31,2600,put,0.0412875819212765,0.039,0.042,0.44865102513010763,-0.8574115870373368,8.409510427440658,0.0002349859997148402,-0.001844279831183814,0,0,2505.85
2026-08-28 11:28:02,okx,ETH,ETH-USD-260829-2575-C,2026-08-29,2575,call,0.0026149722624826,0.0028,0.0029,0.5906365416786538,0.1713663001665984,8.639083813488098,0.00012435334243798458,-0.003672381406187629,5120,4359,2505.85
2026-08-28 11:28:02,okx,ETH,ETH-USD-260831-2575-C,2026-08-31,2575,call,0.0055707063428067,0.0055,0.006,0.4360716275326914,0.24317012175545263,7.730549077874815,0.0002803291745377567,-0.0021401956265480397,1211,975,2505.85
2026-08-28 11:28:02,okx,ETH,ETH-USD-260829-2575-P,2026-08-29,2575,put,0.0304066581164904,0.0285,0.031,0.5906365416786538,-0.8562531157648444,10.694322645350983,0.00012435334243798458,-0.003672381406187629,1020,880,2505.85
2026-08-28 11:28:02,okx,ETH,ETH-USD-260831-2575-P,2026-08-31,2575,put,0.033009320109242,0.032,0.034,0.4360716275326914,-0.7839790132816981,9.784847347949118,0.0002803291745377567,-0.0021390750862369163,258,150,2505.85
2026-08-28 11:28:02,okx,ETH,ETH-USD-260831-2550-C,2026-08-31,2550,call,0.0080035848903784,0.008,0.0085,0.42598450621950246,0.32322257820587397,8.979242495848917,0.00032079574451582493,-0.002392414466273097,2979,2166,2505.85
2026-08-28 11:28:02,okx,ETH,ETH-USD-260831-2550-P,2026-08-31,2550,put,0.0254682057256755,0.025,0.0265,0.42598450621950246,-0.693954235131887,11.013596122524437,0.00032079574451582493,-0.002391703747397577,256,736,2505.85
2026-08-28 11:28:02,okx,ETH,ETH-USD-260831-2900-C,2026-08-31,2900,call,0.0001269842872876,0.0001,0.0002,0.6604417963747545,0.006701681651067073,0.31298916368353774,0.000016864667645222846,-0.00019501802488631126,50,0,2505.85
2026-08-28 11:28:02,okx,ETH,ETH-USD-260831-2900-P,2026-08-31,2900,put,0.15722750615852,0.155,0.159,0.6604417963747545,-1.1500876354781513,2.6265677979419744,0.000016864667645222846,-0.00018856980591235226,0,0,2505.85
2026-08-28 11:28:02,okx,ETH,ETH-USD-260831-2800-C,2026-08-31,2800,call,0.0003443647352332,0.0003,0.0005,0.5924106941533237,0.018143599638824094,0.8280739462398601,0.00004006094192838979,-0.00041553085700645235,4335,4090,2505.85
2026-08-28 11:28:02,okx,ETH,ETH-USD-260831-2800-P,2026-08-31,2800,put,0.1175489148819126,0.115,0.1195,0.5924106941533237,-1.098756430692835,3.061874006903178,0.00004006094192838979,-0.00041072192377490424,0,0,2505.85
2026-08-28 11:28:02,okx,ETH,ETH-USD-260831-2700-C,2026-08-31,2700,call,0.0010242666225342,0.0011,0.0012,0.5160691795462328,0.05320540400860037,2.303733855568207,0.0000973092363209262,-0.0008792556686147094,853,222,2505.85
2026-08-28 11:28:02,okx,ETH,ETH-USD-260831-2700-P,2026-08-31,2700,put,0.0783328450446607,0.076,0.08,0.5160691795462328,-1.0238053395254996,4.457755342636407,0.0000973092363209262,-0.0008760860211255723,0,0,2505.85
2026-08-28 11:28:02,okx,ETH,ETH-USD-260830-2490-C,2026-08-30,2490,call,0.0152262708396122,0.015,0.0155,0.4121522251942462,0.5805601552526859,12.020410132157686,0.0002761930270198773,-0.003067314236722732,10,20,2505.85
2026-08-28 11:28:02,okx,ETH,ETH-USD-260830-2490-P,2026-08-30,2490,put,0.0087143869453745,0.0085,0.009,0.4121522251942462,-0.4127615036760809,14.007053450015219,0.0002761930270198773,-0.003067314236722732,1047,1143,2505.85
2026-08-28 11:28:02,okx,ETH,ETH-USD-260904-2550-C,2026-09-04,2550,call,0.0193842571910934,0.0195,0.02,0.49053178689228816,0.3954528735871356,5.007440157335733,0.0005342238403369497,-0.0019109965555546226,13397,2161,2505.85
2026-08-28 11:28:02,okx,ETH,ETH-USD-261225-1100-C,2026-12-25,1100,call,0.5685758185746294,0.566,0.5715,0.769759078166454,0.41423515292941904,-0.7319031222322302,0.00024205337009543384,-0.0000783819998424396,0,0,2505.85
2026-08-28 11:28:02,okx,ETH,ETH-USD-261225-1100-P,2026-12-25,1100,put,0.0031629215048976,0.003,0.0032,0.769759078166454,-0.020283282325232223,0.13713374827707225,0.00024205337009543384,-0.0000783819998424396,7341,570,2505.85
2026-08-28 11:28:02,okx,ETH,ETH-USD-260904-2800-P,2026-09-04,2800,put,0.1199429814267597,0.118,0.121,0.5836857403066134,-1.0292490108458092,4.095879510308894,0.00022335898587053899,-0.0009493318152435054,1072,160,2505.85
2026-08-28 11:28:02,okx,ETH,ETH-USD-261030-4000-C,2026-10-30,4000,call,0.0048560872121643,0.005,0.0055,0.6250181499295759,0.0444692491291252,0.3044207012588283,0.00042338258018771914,-0.00021047726318615954,3785,870,2505.85
2026-08-28 11:28:02,okx,ETH,ETH-USD-260829-2000-C,2026-08-29,2000,call,0.201745077047531,0.2005,0.204,1.572901695937011,0.7967652863900971,-1.5350988319501702,0.000002154385326538573,-0.00016943181669071665,0,0,2505.85
2026-08-28 11:28:02,okx,ETH,ETH-USD-260904-2900-C,2026-09-04,2900,call,0.0017740215282511,0.0013,0.0014,0.6308466141631544,0.048965087118091735,1.109102627554798,0.00014301936277344134,-0.0006580046538178584,7485,129,2505.85
2026-08-28 11:28:02,okx,ETH,ETH-USD-261030-4000-P,2026-10-30,4000,put,0.5920142481728562,0.5865,0.5975,0.6250181499295759,-1.5421833315083757,3.4777258625338296,0.00042338258018771914,-0.0002077548074997051,0,0,2505.85
2026-08-28 11:28:02,okx,ETH,ETH-USD-261225-1900-C,2026-12-25,1900,call,0.2788008721009971,0.2755,0.2805,0.5732668779082497,0.5721211272046489,-0.4347343750929465,0.001324466022527416,-0.0003194096685997798,7394,0,2505.85
2026-08-28 11:28:02,okx,ETH,ETH-USD-260904-2700-P,2026-09-04,2700,put,0.0832517455691847,0.0815,0.0835,0.5409325480005175,-0.9143209063045844,5.225153456856309,0.0003450866919938473,-0.0013603868850120481,230,430,2505.85
2026-08-28 11:28:02,okx,ETH,ETH-USD-261030-3800-C,2026-10-30,3800,call,0.0067144733321192,0.007,0.0075,0.6082930282800997,0.06000428151536358,0.39255651446472983,0.0005369240988292753,-0.00025977641140644036,3300,200,2505.85
2026-08-28 11:28:02,okx,ETH,ETH-USD-261225-1900-P,2026-12-25,1900,put,0.0294513226169152,0.029,0.0295,0.5732668779082497,-0.1784107155079306,1.0663293103322125,0.001324466022527416,-0.0003194096685997798,10849,2491,2505.85
2026-08-28 11:28:02,okx,ETH,ETH-USD-260904-2800-C,2026-09-04,2800,call,0.0032393263196979,0.0029,0.003,0.5836857403066134,0.0871901912660093,1.863001106085257,0.00022335898587053899,-0.000950799527083852,9817,995,2505.85
2026-08-28 11:28:02,okx,ETH,ETH-USD-261030-3800-P,2026-10-30,3800,put,0.5145293014265776,0.5095,0.519,0.6082930282800997,-1.4473156700902623,3.4071964176759817,0.0005369240988292753,-0.00025742192870521297,0,0,2505.85
2026-08-28 11:28:02,okx,ETH,ETH-USD-260904-2600-P,2026-09-04,2600,put,0.0503663089135619,0.05,0.051,0.5050858856176081,-0.7371402871311125,6.592062694465027,0.0004855109340547058,-0.0017878689586882728,1260,700,2505.85
2026-08-28 11:28:02,okx,ETH,ETH-USD-261030-2900-C,2026-10-30,2900,call,0.0391417995432407,0.039,0.0395,0.5432934545469132,0.265857847196843,1.021761883207915,0.0014534179072036816,-0.0006279505053072104,1858,416,2505.85
2026-08-28 11:28:02,okx,ETH,ETH-USD-260904-2700-C,2026-09-04,2700,call,0.0064272800949131,0.006,0.0065,0.5409325480005175,0.16224546716038313,3.0720207099263734,0.0003450866919938473,-0.0013613523737493122,7298,258,2505.85
2026-08-28 11:28:02,okx,ETH,ETH-USD-261030-2900-P,2026-10-30,2900,put,0.1899116297396492,0.185,0.1935,0.5432934545469132,-0.884465273765345,3.322408125132291,0.0014534179072036816,-0.0006272519010395046,0,0,2505.85
2026-08-28 11:28:02,okx,ETH,ETH-USD-260904-2550-P,2026-09-04,2550,put,0.0363899382161793,0.036,0.037,0.49053178689228816,-0.6213042569075561,7.040954418325115,0.0005342238403369497,-0.0019107844014719824,8566,3854,2505.85
2026-08-28 11:28:02,okx,ETH,ETH-USD-260904-2600-C,2026-09-04,2600,call,0.0134210330720807,0.013,0.0135,0.5050858856176081,0.2995532576870047,4.518675604828792,0.0004855109340547058,-0.0017883322243224546,13135,2093,2505.85
2026-08-28 11:28:02,okx,ETH,ETH-USD-260829-2300-P,2026-08-29,2300,put,0.0001545590456652,0.0001,0.0002,0.7864183123255644,-0.011765819377718685,0.8207703474926241,0.000014696535612745575,-0.0005778812366803966,5047,2116,2505.85
2026-08-28 11:28:02,okx,ETH,ETH-USD-260829-2350-C,2026-08-29,2350,call,0.0623126572843903,0.061,0.0645,0.6750299400337654,0.9137021028033792,-0.10966469762710494,0.0000271802418543398,-0.0009173738514519118,0,0,2505.85
2026-08-28 11:28:02,okx,ETH,ETH-USD-260829-2200-P,2026-08-29,2200,put,0.0000858662837733,,0.0003,1.0595419434197813,-0.005278778447129296,0.3020968555286706,0.000007240828056652086,-0.00038359805155568146,2089,43,2505.85
2026-08-28 11:28:02,okx,ETH,ETH-USD-260829-2300-C,2026-08-29,2300,call,0.0821270338168428,0.0805,0.084,0.7864183123255644,0.9061078336872593,-1.014976958637332,0.000014696535612745575,-0.0005778812366803966,0,0,2505.85
2026-08-28 11:28:02,okx,ETH,ETH-USD-260829-2100-P,2026-08-29,2100,put,0.0000577732300029,,0.0001,1.3385858752312396,-0.002962077077315811,0.1430333469582729,0.000004302152377592416,-0.0002879400202868851,108,0,2505.85
2026-08-28 11:28:02,okx,ETH,ETH-USD-260829-2200-C,2026-08-29,2200,call,0.1219725812822907,0.1205,0.1235,1.0595419434197813,0.8726873244845889,-1.4538353503347656,0.000007240828056652086,-0.00038359805155568146,0,0,2505.85
2026-08-28 11:28:02,okx,ETH,ETH-USD-260829-2000-P,2026-08-29,2000,put,0.0000298815943332,,0.0024,1.572901695937011,-0.0013857162751011744,0.06120317338022635,0.000002154385326538573,-0.00016943181669071665,0,0,2505.85
2026-08-28 11:28:02,okx,ETH,ETH-USD-260904-2900-P,2026-09-04,2900,put,0.1583568662681035,0.1555,0.16,0.6308466141631544,-1.1073469436405772,3.4217266890721363,0.00014301936277344134,-0.0006560347188744293,20,0,2505.85
2026-08-28 11:28:02,okx,ETH,ETH-USD-260829-2100-C,2026-08-29,2100,call,0.1618587284558607,0.1605,0.1635,1.3385858752312396,0.8350964757211424,-1.5330837586386437,0.000004302152377592416,-0.0002879400202868851,0,0,2505.85
2026-08-28 11:28:02,okx,ETH,ETH-USD-260829-2475-P,2026-08-29,2475,put,0.0053773076698115,0.005,0.0055,0.5381484912525913,-0.31825346887087896,14.23213413981388,0.0001715040384998549,-0.0046147319781211634,6155,7337,2505.85
2026-08-28 11:28:02,okx,ETH,ETH-USD-260829-2500-C,2026-08-29,2500,call,0.0115199475045345,0.011,0.012,0.5397738210641141,0.5288566305386819,14.129211741692355,0.00019215630645404513,-0.005186047188813341,7140,3988,2505.85
2026-08-28 11:28:02,okx,ETH,ETH-USD-260829-2450-P,2026-08-29,2450,put,0.0029001137830897,0.0024,0.0025,0.5465321556529799,-0.1966182786530329,10.771931270966355,0.00013296319217686342,-0.0036334330021461298,15456,16366,2505.85
2026-08-28 11:28:02,okx,ETH,ETH-USD-260829-2475-C,2026-08-29,2475,call,0.0174998620431439,0.017,0.018,0.5381484912525913,0.6694583969273039,12.256710408217515,0.0001715040384998549,-0.0046147319781211634,3146,5592,2505.85
2026-08-28 11:28:02,okx,ETH,ETH-USD-260829-2400-P,2026-08-29,2400,put,0.000824318168519,0.0007,0.0008,0.5927815782416775,-0.06540716157046723,4.5270637288326565,0.0000610871688583832,-0.0018105674183094126,12789,14136,2505.85
2026-08-28 11:28:02,okx,ETH,ETH-USD-260829-2450-C,2026-08-29,2450,call,0.025001228213257,0.024,0.0275,0.5465321556529799,0.781116699611835,8.816461314436621,0.00013296319217686342,-0.0036334330021461298,1980,1482,2505.85
2026-08-28 11:28:02,okx,ETH,ETH-USD-260829-2350-P,2026-08-29,2350,put,0.000297302626883,0.0002,0.0003,0.6750299400337654,-0.024125325328228902,1.7659901586361113,0.0000271802418543398,-0.0009173738514519118,8773,18757,2505.85
2026-08-28 11:28:02,okx,ETH,ETH-USD-260829-2400-C,2026-08-29,2400,call,0.0428825527123564,0.041,0.0455,0.5927815782416775,0.8923740416277707,2.6115013224361805,0.0000610871688583832,-0.0018105674183094126,519,250,2505.85
2026-08-28 11:28:02,okx,ETH,ETH-USD-260829-2600-P,2026-08-29,2600,put,0.0393586533703247,0.0365,0.04,0.6188544994700751,-0.9273584062209337,8.205536540779175,0.00009212793029620627,-0.002850689209533635,398,110,2505.85
2026-08-28 11:28:02,okx,ETH,ETH-USD-260829-2650-C,2026-08-29,2650,call,0.000649707092103,0.0008,0.0009,0.6874486523390888,0.047348110836575995,2.904757516875379,0.00004833429734920219,-0.0016613673787232918,2669,1200,2505.85
2026-08-28 11:28:02,okx,ETH,ETH-USD-260829-2550-P,2026-08-29,2550,put,0.022176790645478,0.021,0.023,0.5675883621646356,-0.7552970296556197,13.469679452054736,0.00015911254618081145,-0.004515521474330586,1808,1799,2505.85
2026-08-28 11:28:02,okx,ETH,ETH-USD-260829-2600-C,2026-08-29,2600,call,0.0015884074594818,0.0018,0.0019,0.6188544994700751,0.11023789724382413,6.130343933849659,0.00009212793029620627,-0.002850689209533635,10394,9392,2505.85
2026-08-28 11:28:02,okx,ETH,ETH-USD-260829-2525-P,2026-08-29,2525,put,0.0150452956142203,0.014,0.0155,0.5504170952268067,-0.6226024780672932,15.667033517827608,0.00018607379669531343,-0.005120909933742891,4397,6404,2505.85
2026-08-28 11:28:02,okx,ETH,ETH-USD-260829-2550-C,2026-08-29,2550,call,0.0043636648483052,0.0045,0.0046,0.5675883621646356,0.262345498742508,11.43439439525848,0.00015911254618081145,-0.004515521474330586,7395,5968,2505.85
2026-08-28 11:28:02,okx,ETH,ETH-USD-260829-2500-P,2026-08-29,2500,put,0.0093759531880372,0.009,0.0095,0.5397738210641141,-0.46883212279281594,16.12458924835535,0.00019215630645404513,-0.005186047188813341,7245,6220,2505.85
2026-08-28 11:28:02,okx,ETH,ETH-USD-260829-2525-C,2026-08-29,2525,call,0.0072107298738824,0.007,0.0075,0.5504170952268067,0.3850631627975198,13.651702236097982,0.00018607379669531343,-0.005120909933742891,6267,6636,2505.85
2026-08-28 11:28:02,okx,ETH,ETH-USD-260829-2900-P,2026-08-29,2900,put,0.1575534467229907,0.155,0.159,1.0729096547051549,-1.1546972822183095,2.467543106193162,0.00000397741879496062,-0.00021337055129594956,0,0,2505.85
2026-08-28 11:28:02,okx,ETH,ETH-USD-260829-3000-C,2026-08-29,3000,call,0.0000142677672713,,0.0024,1.1833800810461552,0.000911079170747724,0.052911281480369644,0.0000015182733688051274,-0.00008983472311134154,3,0,2505.85
2026-08-28 11:28:02,okx,ETH,ETH-USD-260829-2800-P,2026-08-29,2800,put,0.1177038176624946,0.1155,0.119,0.9296462053430559,-1.1102537910469041,2.667796839492885,0.000009747183568926503,-0.00045307161088173543,0,0,2505.85
2026-08-28 11:28:02,okx,ETH,ETH-USD-260829-2900-C,2026-08-29,2900,call,0.0000404801301275,,0.0002,1.0729096547051549,0.0026216716462281356,0.15290519846408662,0.00000397741879496062,-0.00021337055129594956,1419,19,2505.85
2026-08-28 11:28:02,okx,ETH,ETH-USD-260829-2700-P,2026-08-29,2700,put,0.0779988947290214,0.0755,0.0795,0.7663281478882287,-1.0547102502250587,3.5839916035468447,0.000026488262596300598,-0.001014935060810004,10,0,2505.85
2026-08-28 11:28:02,okx,ETH,ETH-USD-260829-2800-C,2026-08-29,2800,call,0.0001050912969715,0.0001,0.0002,0.9296462053430559,0.007157612684373604,0.4329740320303302,0.000009747183568926503,-0.00045307161088173543,10006,3279,2505.85
2026-08-28 11:28:02,okx,ETH,ETH-USD-260829-2650-P,2026-08-29,2650,put,0.0583770731166159,0.056,0.06,0.6874486523390888,-1.0102019676948117,5.019857673938154,0.00004833429734920219,-0.0016613673787232918,0,0,2505.85
2026-08-28 11:28:02,okx,ETH,ETH-USD-260829-2700-C,2026-08-29,2700,call,0.0003144085908383,0.0003,0.0005,0.7663281478882287,0.022793603372959024,1.4289838963508092,0.000026488262596300598,-0.001014935060810004,7691,6997,2505.85
2026-08-28 11:28:02,okx,ETH,ETH-USD-260925-1600-C,2026-09-25,1600,call,0.3646233130282563,0.363,0.366,0.7843667176460924,0.6210464570609517,-1.0762419143627615,0.00009927885336487412,-0.0001382664444017188,8467,0,2505.85
2026-08-28 11:28:02,okx,ETH,ETH-USD-260925-1400-P,2026-09-25,1400,put,0.0006829456385805,0.0007,0.0009,0.920015012142792,-0.008217616509841446,0.09825066716044022,0.00005744465884409265,-0.0000948613422134891,37998,192,2505.85
2026-08-28 11:28:02,okx,ETH,ETH-USD-260829-3000-P,2026-08-29,3000,put,0.1974414745874746,0.1945,0.199,1.1833800810461552,-1.1963154248270496,2.4473642894759644,0.0000015182733688051274,-0.00008983472311134154,0,0,2505.85
2026-08-28 11:28:02,okx,ETH,ETH-USD-260925-1400-C,2026-09-25,1400,call,0.4437005179600937,0.4425,0.4455,0.920015012142792,0.5485609070936549,-1.0153063800465525,0.00005744465884409265,-0.0000930270040930566,141,0,2505.85
2026-08-28 11:28:02,okx,ETH,ETH-USD-260925-2000-C,2026-09-25,2000,call,0.209489963553612,0.2075,0.2105,0.5858451296152788,0.7227769046866371,-0.6389118698977817,0.0003606476640781148,-0.0003783805206141375,35063,112,2505.85
2026-08-28 11:28:02,okx,ETH,ETH-USD-260925-1800-P,2026-09-25,1800,put,0.0022079816195657,0.0021,0.0023,0.6704234601692506,-0.031127232093380204,0.41862883120204974,0.0001823371505050891,-0.0002194137935237593,23912,339,2505.85
2026-08-28 11:28:02,okx,ETH,ETH-USD-260904-3200-C,2026-09-04,3200,call,0.0004572155566578,0.0001,0.0003,0.7779598622225491,0.012315275143532669,0.28460600467357844,0.00004518559515316728,-0.00025637316309913387,8599,4196,2505.85
2026-08-28 11:28:02,okx,ETH,ETH-USD-260925-1800-C,2026-09-25,1800,call,0.2861206624422105,0.2845,0.2885,0.6704234601692506,0.6847308696825437,-1.013087372349798,0.0001823371505050891,-0.00021823800126692913,10116,3,2505.85
2026-08-28 11:28:02,okx,ETH,ETH-USD-260904-3200-P,2026-09-04,3200,put,0.2766776291948815,0.274,0.278,0.7779598622225491,-1.2636152415556883,2.83646703807202,0.00004518559515316728,-0.0002528965588464572,0,0,2505.85
2026-08-28 11:28:02,okx,ETH,ETH-USD-260925-1600-P,2026-09-25,1600,put,0.0011581864561774,0.0012,0.0013,0.7843667176460924,-0.015271855628758366,0.19639471101665856,0.00009927885336487412,-0.0001397715095903501,32573,2,2505.85
2026-08-28 11:28:02,okx,ETH,ETH-USD-260904-2750-C,2026-09-04,2750,call,0.0045210043192841,0.0042,0.0043,0.5616046825287266,0.11856125387989563,2.408828163652493,0.0002791029670139831,-0.0011431378601767079,2825,457,2505.85
2026-08-28 11:28:02,okx,ETH,ETH-USD-260925-2400-C,2026-09-25,2400,call,0.0805777679668675,0.08,0.0815,0.5113424460684161,0.5745403190427716,1.4580189491423305,0.0010173935193166855,-0.0009334758764260289,37543,267,2505.85
2026-08-28 11:28:02,okx,ETH,ETH-USD-260904-2750-P,2026-09-04,2750,put,0.1012850646099507,0.0985,0.1015,0.5616046825287266,-0.9779415339084973,4.601833739229279,0.0002791029670139831,-0.0011419212598879026,150,10,2505.85
2026-08-28 11:28:02,okx,ETH,ETH-USD-260925-2200-P,2026-09-25,2200,put,0.0136861415652308,0.013,0.0135,0.5333031516883738,-0.1772564171898604,2.030019745985039,0.0006819301235180691,-0.0006527306811193257,13878,49,2505.85
2026-08-28 11:28:02,okx,ETH,ETH-USD-260925-2200-C,2026-09-25,2200,call,0.138493930889007,0.137,0.14,0.5333031516883738,0.6976812627584911,0.28014438608833553,0.0006819301235180691,-0.0006522134347260979,19312,8,2505.85
2026-08-28 11:28:02,okx,ETH,ETH-USD-260925-2000-P,2026-09-25,2000,put,0.0051297284804016,0.0049,0.0055,0.5858451296152788,-0.07262098617550046,0.9518839118264936,0.0003606476640781148,-0.0003792270399391665,23477,1708,2505.85
2026-08-28 11:28:02,okx,ETH,ETH-USD-260925-2800-C,2026-09-25,2800,call,0.0211396019493077,0.021,0.0215,0.5347919382254044,0.2350469752192144,1.7087108245686349,0.0008892475383485723,-0.0008535334777912927,25932,2120,2505.85
2026-08-28 11:28:02,okx,ETH,ETH-USD-260925-2600-P,2026-09-25,2600,put,0.0764832399735997,0.076,0.0775,0.515437829543788,-0.6416614741921304,4.047049819792957,0.0010871536095712407,-0.001005514388299188,7945,1387,2505.85
2026-08-28 11:28:02,okx,ETH,ETH-USD-260925-2600-C,2026-09-25,2600,call,0.0421861377985074,0.042,0.043,0.515437829543788,0.3923557839286486,1.9790153035514,0.0010871536095712407,-0.0010056556877695625,27073,1581,2505.85
2026-08-28 11:28:02,okx,ETH,ETH-USD-260925-2400-P,2026-09-25,2400,put,0.0353224243925256,0.035,0.0355,0.5113424460684161,-0.3799371499917935,3.366973887211461,0.0010173935193166855,-0.0009336638498874555,23892,8707,2505.85
2026-08-28 11:28:02,okx,ETH,ETH-USD-260829-2250-P,2026-08-29,2250,put,0.0001069868051041,,0.0003,0.9178651929439913,-0.007345745027764468,0.4663774396219805,0.000009718258767108236,-0.0004460025729175718,1284,100,2505.85
2026-08-28 11:28:02,okx,ETH,ETH-USD-260925-3200-C,2026-09-25,3200,call,0.00593321292528,0.0055,0.006,0.5975090294161884,0.0780337651799956,0.7780883721778825,0.0004259742395735606,-0.00045683782734046613,15131,2,2505.85
2026-08-28 11:28:02,okx,ETH,ETH-USD-260925-3000-P,2026-09-25,3000,put,0.2042376163835115,0.2025,0.205,0.5633493605673109,-1.0587974138186815,3.5831130218490514,0.0006300695936625888,-0.0006362792197380513,3203,150,2505.85
2026-08-28 11:28:02,okx,ETH,ETH-USD-260925-3000-C,2026-09-25,3000,call,0.0108356227095505,0.0105,0.011,0.5633493605673109,0.13429942247452478,1.1969193492626387,0.0006300695936625888,-0.0006370790650720281,20796,1870,2505.85
2026-08-28 11:28:02,okx,ETH,ETH-USD-260829-2250-C,2026-08-29,2250,call,0.1020365816899516,0.1005,0.104,0.9178651929439913,0.8905741329705836,-1.3294623163747157,0.000009718258767108236,-0.0004460025729175718,0,0,2505.85
2026-08-28 11:28:02,okx,ETH,ETH-USD-260925-2800-P,2026-09-25,2800,put,0.1349891498738343,0.1335,0.136,0.5347919382254044,-0.8785100719877783,3.9358249189826204,0.0008892475383485723,-0.000853062905389117,4124,577,2505.85
2026-08-28 11:28:02,okx,ETH,ETH-USD-260925-3600-C,2026-09-25,3600,call,0.0022297219261104,0.0018,0.0019,0.6716109732360201,0.030492903298347303,0.33308177838382347,0.0002019798275606023,-0.000243482037984026,13037,0,2505.85
2026-08-28 11:28:02,okx,ETH,ETH-USD-260925-3400-P,2026-09-25,3400,put,0.3560189471833849,0.352,0.359,0.63432598227967,-1.3046551364692698,3.207568314025901,0.0002896146633694985,-0.00032828151112876446,478,348,2505.85
2026-08-28 11:28:02,okx,ETH,ETH-USD-260925-3400-C,2026-09-25,3400,call,0.0035120620105555,0.003,0.0032,0.63432598227967,0.04752127799636429,0.5032154850946332,0.0002896146633694985,-0.0003297399023263436,28760,338,2505.85
2026-08-28 11:28:02,okx,ETH,ETH-USD-260925-3200-P,2026-09-25,3200,put,0.2788876523486752,0.2765,0.281,0.5975090294161884,-1.1946028601994245,3.323361622936723,0.0004259742395735606,-0.00045570870907468816,1655,1000,2505.85
2026-08-28 11:28:02,okx,ETH,ETH-USD-260925-4000-C,2026-09-25,4000,call,0.0010432222538966,0.0007,0.0009,0.742166103052755,0.01425084812129987,0.15932576881069366,0.00010638483236807467,-0.00014171806424766986,15187,0,2505.85
2026-08-28 11:28:02,okx,ETH,ETH-USD-260925-3800-P,2026-09-25,3800,put,0.5131071404423566,0.509,0.516,0.707868522741447,-1.490776368280338,3.249706598029901,0.00014486256054454478,-0.00018193982041434767,16,0,2505.85
2026-08-28 11:28:02,okx,ETH,ETH-USD-260925-3800-C,2026-09-25,3800,call,0.0014953637706583,0.0011,0.0013,0.707868522741447,0.020479624357723516,0.22719461275377797,0.00014486256054454478,-0.00018405675747552907,11392,2100,2505.85
2026-08-28 11:28:02,okx,ETH,ETH-USD-260925-3600-P,2026-09-25,3600,put,0.4342890528483741,0.4305,0.4375,0.6716109732360201,-1.4012233002535004,3.1965141854875188,0.0002019798275606023,-0.00024169437385464576,1230,10,2505.85
2026-08-28 11:28:02,okx,ETH,ETH-USD-260925-4400-C,2026-09-25,4400,call,0.0005449500693053,0.0003,0.0006,0.8031275792496929,0.0073956867603889535,0.08336555975826285,0.00006016238193625231,-0.00008672731179014248,19319,849,2505.85
2026-08-28 11:28:02,okx,ETH,ETH-USD-260925-4200-P,2026-09-25,4200,put,0.6714641937083135,0.6665,0.6745,0.7739916617618174,-1.6601604797326421,3.4549425750013882,0.00007951893986684134,-0.00010769654260899206,0,0,2505.85
2026-08-28 11:28:02,okx,ETH,ETH-USD-260925-4200-C,2026-09-25,4200,call,0.0007475255377468,0.0004,0.0006,0.7739916617618174,0.010175091077846633,0.1142714333804107,0.00007951893986684134,-0.00011047202553377577,9899,448,2505.85
2026-08-28 11:28:02,okx,ETH,ETH-USD-260925-4000-P,2026-09-25,4000,put,0.5922074446750287,0.5875,0.595,0.742166103052755,-1.5765449336029755,3.3409173322592443,0.00010638483236807467,-0.00013927185425468728,25,0,2505.85
2026-08-28 11:28:02,okx,ETH,ETH-USD-260925-5000-C,2026-09-25,5000,call,0.0002210211503924,,0.001,0.8747165563804122,0.003000803064481369,0.0343751683954438,0.000026953705000307455,-0.00004231886864208747,32943,0,2505.85
2026-08-28 11:28:02,okx,ETH,ETH-USD-260925-2100-C,2026-09-25,2100,call,0.1728978196322124,0.1705,0.174,0.5555795121660307,0.721150367075842,-0.2517559875260678,0.000504790817884053,-0.0005026861776956967,20570,2,2505.85
2026-08-28 11:28:02,okx,ETH,ETH-USD-260925-4500-P,2026-09-25,4500,put,0.7905126090832924,0.786,0.795,0.8166742726919091,-1.7833100405178623,3.6508442912244843,0.00005249347493631234,-0.00007367923907786076,0,0,2505.85
2026-08-28 11:28:02,okx,ETH,ETH-USD-260925-2100-P,2026-09-25,2100,put,0.0083138074337192,0.008,0.0085,0.5555795121660307,-0.11401741832940238,1.418579583284421,0.000504790817884053,-0.0005033680605548252,93240,175,2505.85
2026-08-28 11:28:02,okx,ETH,ETH-USD-260925-4500-C,2026-09-25,4500,call,0.0004672722885745,0.0002,0.0006,0.8166742726919091,0.006335213921947265,0.07155378234486456,0.00005249347493631234,-0.00007694863140034624,9447,0,2505.85
2026-08-28 11:28:02,okx,ETH,ETH-USD-260925-4400-P,2026-09-25,4400,put,0.750814063989306,0.7465,0.755,0.8031275792496929,-1.742479673136314,3.583116279551669,0.00006016238193625231,-0.00008362255593355759,0,0,2505.85
2026-08-28 11:28:02,okx,ETH,ETH-USD-260925-6000-C,2026-09-25,6000,call,0.0000497234597837,,0.009,0.9518854367383098,0.0006960210344310143,0.008385718736104312,0.000007103029079918497,-0.00001213608277484925,14114,0,2505.85
2026-08-28 11:28:02,okx,ETH,ETH-USD-260925-5500-P,2026-09-25,5500,put,1.1879128245210557,1.1815,1.1935,0.9187290449172141,-2.185898532440529,4.391619565470491,0.000013898418583319513,-0.000018003587805199907,0,0,2505.85
2026-08-28 11:28:02,okx,ETH,ETH-USD-260925-5500-C,2026-09-25,5500,call,0.0001052589791666,,0.0175,0.9187290449172141,0.001445667430349642,0.016931165728734845,0.000013898418583319513,-0.000022919344786691174,8152,0,2505.85
2026-08-28 11:28:02,okx,ETH,ETH-USD-260925-5000-P,2026-09-25,5000,put,0.989147472318696,0.984,0.993,0.8747165563804122,-1.9854939240908627,4.011364622706132,0.000026953705000307455,-0.0000382262939900991,0,0,2505.85
2026-08-28 11:28:02,okx,ETH,ETH-USD-260925-7000-C,2026-09-25,7000,call,0.0000107731541016,,,0.9960508716533372,0.00015855591366830942,0.002040365193313615,0.0000017920432604610944,-0.0000032039194200356322,3332,0,2505.85
2026-08-28 11:28:02,okx,ETH,ETH-USD-260925-6500-P,2026-09-25,6500,put,1.5855930379911403,1.5755,1.5925,0.9769488852731755,-2.584709966970586,5.174231174302549,0.000003587140581271469,0.0000002718237001834229,0,0,2505.85
2026-08-28 11:28:02,okx,ETH,ETH-USD-260925-6500-C,2026-09-25,6500,call,0.0000232437020795,,,0.9769488852731755,0.00033317833136139937,0.00414488369865454,0.000003587140581271469,-0.000006290297940313634,3687,0,2505.85
2026-08-28 11:28:02,okx,ETH,ETH-USD-260925-6000-P,2026-09-25,6000,put,1.3867384033752586,1.38,1.393,0.9518854367383098,-2.3854976515519817,4.7807730639089305,0.000007103029079918497,-0.000006397143463855087,0,0,2505.85
2026-08-28 11:28:02,okx,ETH,ETH-USD-260925-9000-C,2026-09-25,9000,call,0.0000004850336049,,,1.038412866196123,0.000007971180522679232,0.00011715509286384275,0.00000010547737417349186,-0.00000019659956638757672,2072,0,2505.85
2026-08-28 11:28:02,okx,ETH,ETH-USD-260925-8000-P,2026-09-25,8000,put,2.18221542168289,2.169,2.19,1.02221516819599,-3.1815560218504038,6.363672745643179,0.00000043741521252891925,0.000008229087936495002,0,0,2505.85
2026-08-28 11:28:02,okx,ETH,ETH-USD-260925-8000-C,2026-09-25,8000,call,0.0000022842730729,0.0001,,1.02221516819599,0.00003554159814683476,0.0004896187460792337,0.00000043741521252891925,-0.000000802580692510744,1605,1,2505.85
2026-08-28 11:28:02,okx,ETH,ETH-USD-260925-7000-P,2026-09-25,7000,put,1.7844616818167482,1.7765,1.791,0.9960508716533372,-2.7837340621038136,5.569825601228278,0.0000017920432604610944,0.00000418138454996432,1,0,2505.85
2026-08-28 11:28:02,okx,ETH,ETH-USD-260925-11000-C,2026-09-25,11000,call,0.0000000232921754,,,1.055885048661296,0.0000004225417662100504,0.000006956670563668451,0.000000006286781975643694,-0.000000011915139918627088,566,0,2505.85
2026-08-28 11:28:02,okx,ETH,ETH-USD-260925-10000-P,2026-09-25,10000,put,2.977737699733471,2.966,2.988,1.048872418530239,-3.976987640639809,7.9540071988304435,0.00000002554887169117675,0.000012276297612860558,0,0,2505.85
2026-08-28 11:28:02,okx,ETH,ETH-USD-260925-10000-C,2026-09-25,10000,call,0.000000104829311,,,1.048872418530239,0.0000018136708788993672,0.000028290209066812963,0.00000002554887169117675,-0.0000000481003341567689,545,0,2505.85
2026-08-28 11:28:02,okx,ETH,ETH-USD-260925-9000-P,2026-09-25,9000,put,2.579975851190594,2.5695,2.589,1.038412866196123,-3.579282537699097,7.158698172852103,0.00000010547737417349186,0.000010481433721623961,0,0,2505.85
2026-08-28 11:28:02,okx,ETH,ETH-USD-260925-11000-P,2026-09-25,11000,put,3.375499846943507,3.362,3.387,1.055885048661296,-4.374687977199991,8.749383756154078,0.000000006286781975643694,0.000013958847466104493,0,0,2505.85
2026-08-28 11:28:02,okx,ETH,ETH-USD-260829-2490-C,2026-08-29,2490,call,0.0137108492384839,0.013,0.014,0.5379281081151851,0.5871206865284379,13.650765687491788,0.00018693564605171798,-0.005027896920994526,3039,4333,2505.85
2026-08-28 11:28:02,okx,ETH,ETH-USD-260829-2490-P,2026-08-29,2490,put,0.0075754308992527,0.007,0.0075,0.5379281081151851,-0.40657731178973405,15.638161684128132,0.00018693564605171798,-0.005027896920994526,4326,4317,2505.85
2026-08-28 11:28:02,okx,ETH,ETH-USD-260830-2530-C,2026-08-30,2530,call,0.0080674433768546,0.008,0.0085,0.4273473340602623,0.3785918254637287,11.804242428674911,0.00027290354047343273,-0.00314252021869693,1380,1390,2505.85
2026-08-28 11:28:02,okx,ETH,ETH-USD-260830-2530-P,2026-08-30,2530,put,0.017515207934115,0.017,0.018,0.4273473340602623,-0.6306868079056608,13.822799695413691,0.00027290354047343273,-0.00314252021869693,40,40,2505.85
2026-08-28 11:28:02,okx,ETH,ETH-USD-270625-800-P,2027-06-25,800,put,0.0064929280124505,0.007,0.008,0.75494633677093,-0.02648096053213322,0.12357293883179055,0.00043939364831487824,-0.000055129210258694556,1402,0,2505.85
2026-08-28 11:28:02,okx,ETH,ETH-USD-270625-800-C,2027-06-25,800,call,0.6969860383705208,0.6805,0.7135,0.75494633677093,0.28298522179569147,-0.4953594258238589,0.00043939364831487824,-0.000055129210258694556,0,0,2505.85
2026-08-28 11:28:02,okx,ETH,ETH-USD-260831-2490-C,2026-08-31,2490,call,0.0180153940568194,0.0175,0.0185,0.41381100854174807,0.5612067445084475,9.559316973976433,0.00034581727571896697,-0.0025049196912066167,399,399,2505.85
2026-08-28 11:28:02,okx,ETH,ETH-USD-270625-900-P,2027-06-25,900,put,0.00859206803528,0.009,0.01,0.7245907253966916,-0.03521826121911799,0.164098304880432,0.0005593973574500766,-0.00006736357010886185,571,0,2505.85
2026-08-28 11:28:02,okx,ETH,ETH-USD-260831-2490-P,2026-08-31,2490,put,0.0115424318573848,0.011,0.0115,0.41381100854174807,-0.4320364967507779,11.545803456494884,0.00034581727571896697,-0.0025051925437765423,22,22,2505.85
2026-08-28 11:28:02,okx,ETH,ETH-USD-270625-900-C,2027-06-25,900,call,0.6603968171881088,0.6435,0.678,0.7245907253966916,0.31293119389968477,-0.5322006053571735,0.0005593973574500766,-0.00006736357010886185,40,0,2505.85
2026-08-28 11:28:02,okx,ETH,ETH-USD-270625-600-P,2027-06-25,600,put,0.0035572644763383,0.003,0.0046,0.8348059342139185,-0.014109525424214417,0.06507452436687426,0.0002536020408289166,-0.00003518440297223433,234,0,2505.85
2026-08-28 11:28:02,okx,ETH,ETH-USD-270625-600-C,2027-06-25,600,call,0.771427097244891,0.756,0.786,0.8348059342139185,0.21799011132165408,-0.39912474912486273,0.0002536020408289166,-0.00003518440297223433,0,0,2505.85
2026-08-28 11:28:02,okx,ETH,ETH-USD-270625-700-P,2027-06-25,700,put,0.0048450865188621,0.004,0.0065,0.7911779041055405,-0.019549157554469582,0.0909286122769142,0.00033800495734793984,-0.000044443590164087746,231,0,2505.85
2026-08-28 11:28:02,okx,ETH,ETH-USD-270625-700-C,2027-06-25,700,call,0.7340265580821734,0.7185,0.7495,0.7911779041055405,0.251233751982377,-0.45063720679677893,0.00033800495734793984,-0.000044443590164087746,0,0,2505.85
2026-08-28 11:28:02,okx,ETH,ETH-USD-270625-1200-P,2027-06-25,1200,put,0.0186648878740487,0.0185,0.02,0.6588994167334878,-0.07548221579241994,0.34177167973867023,0.00103628500129458,-0.00011347762816442157,2522,0,2505.85
2026-08-28 11:28:02,okx,ETH,ETH-USD-270625-1200-C,2027-06-25,1200,call,0.5544045534111539,0.5345,0.5755,0.6588994167334878,0.3887170576993171,-0.5866268672448038,0.00103628500129458,-0.00011347762816442157,440,0,2505.85
2026-08-28 11:28:02,okx,ETH,ETH-USD-270625-1300-P,2027-06-25,1300,put,0.0236715152608571,0.0235,0.0245,0.6432312764463348,-0.0945681855681061,0.4213376129827456,0.0012311101520680208,-0.0001316060881419428,4352,0,2505.85
2026-08-28 11:28:02,okx,ETH,ETH-USD-270625-1300-C,2027-06-25,1300,call,0.5207228195927212,0.499,0.543,0.6432312764463348,0.4083143607146091,-0.5844274795826847,0.0012311101520680208,-0.0001316060881419428,20,0,2505.85
2026-08-28 11:28:02,okx,ETH,ETH-USD-270625-1000-P,2027-06-25,1000,put,0.0112448757019973,0.0115,0.013,0.6989950462109055,-0.04608664981753132,0.2134917887544453,0.0006989825151566556,-0.00008119930730646904,1929,140,2505.85
2026-08-28 11:28:02,okx,ETH,ETH-USD-270625-1000-C,2027-06-25,1000,call,0.624361263649585,0.6065,0.643,0.6989950462109055,0.34074607809224955,-0.5601736670651164,0.0006989825151566556,-0.00008119930730646904,6,0,2505.85
2026-08-28 11:28:02,okx,ETH,ETH-USD-270625-1100-P,2027-06-25,1100,put,0.0145630594839173,0.0145,0.016,0.6773156071573572,-0.05940801475869647,0.27254543914009083,0.0008582489159573955,-0.00009660870506910941,12382,350,2505.85
2026-08-28 11:28:02,okx,ETH,ETH-USD-270625-1100-C,2027-06-25,1100,call,0.5889910862262637,0.57,0.609,0.6773156071573572,0.3661079859420625,-0.5784865622614271,0.0008582489159573955,-0.00009660870506910941,0,0,2505.85
2026-08-28 11:28:02,okx,ETH,ETH-USD-270625-1600-P,2027-06-25,1600,put,0.0452833769949702,0.0435,0.0455,0.6089538562575669,-0.17153433936000886,0.7180442398628728,0.001882142796704406,-0.00019047977495797034,12116,198,2505.85
2026-08-28 11:28:02,okx,ETH,ETH-USD-270625-1600-C,2027-06-25,1600,call,0.4262695977111105,0.419,0.452,0.6089538562575669,0.44739802529564043,-0.519820489448426,0.001882142796704406,-0.00019047977495797034,325,0,2505.85
2026-08-28 11:28:02,okx,ETH,ETH-USD-270625-1700-P,2027-06-25,1700,put,0.0550254562287109,0.053,0.0545,0.6008374594319593,-0.2039161860479276,0.8331902414516178,0.0021065738762965688,-0.00021035149822445727,8868,530,2505.85
2026-08-28 11:28:02,okx,ETH,ETH-USD-270625-1700-C,2027-06-25,1700,call,0.3973233157396098,0.39,0.397,0.6008374594319593,0.4536994513986998,-0.48204103344163707,0.0021065738762965688,-0.00021035149822445727,1270,0,2505.85
2026-08-28 11:28:02,okx,ETH,ETH-USD-270625-1400-P,2027-06-25,1400,put,0.029702684243689,0.029,0.03,0.6298981405091946,-0.11686657765375798,0.5110285042993091,0.001439720315155864,-0.0001507163518989137,1455,1,2505.85
2026-08-28 11:28:02,okx,ETH,ETH-USD-270625-1400-C,2027-06-25,1400,call,0.4880656273703116,0.482,0.5115,0.6298981405091946,0.42469924141993526,-0.5721031338480772,0.001439720315155864,-0.0001507163518989137,40,0,2505.85
2026-08-28 11:28:02,okx,ETH,ETH-USD-270625-1500-P,2027-06-25,1500,put,0.036872170711981,0.0355,0.037,0.6185643337745053,-0.14250599165015684,0.6102464028064065,0.0016582369835649957,-0.0001704682043260055,1789,0,2505.85
2026-08-28 11:28:02,okx,ETH,ETH-USD-270625-1500-C,2027-06-25,1500,call,0.4565467526333623,0.45,0.481,0.6185643337745053,0.43774310021451446,-0.550251780922936,0.0016582369835649957,-0.0001704682043260055,60,0,2505.85
2026-08-28 11:28:02,okx,ETH,ETH-USD-270625-2000-P,2027-06-25,2000,put,0.0928582548169741,0.0905,0.093,0.583675133510301,-0.31968340732813044,1.2079785883670793,0.0027355978925395646,-0.0002653599435724798,906,13,2505.85
2026-08-28 11:28:02,okx,ETH,ETH-USD-270625-2000-C,2027-06-25,2000,call,0.3190910307121492,0.3145,0.3205,0.583675133510301,0.45398204849143126,-0.33935232327204423,0.0027355978925395646,-0.0002653599435724798,3687,0,2505.85
2026-08-28 11:28:02,okx,ETH,ETH-USD-270625-2100-P,2027-06-25,2100,put,0.1084461666483119,0.106,0.1085,0.5798854591104328,-0.3636751471427753,1.3376200655899932,0.0029169521057527195,-0.000281114619238225,340,0,2505.85
2026-08-28 11:28:02,okx,ETH,ETH-USD-270625-2100-C,2027-06-25,2100,call,0.2959905813382459,0.2915,0.2975,0.5798854591104328,0.44867358146776454,-0.28707739163108664,0.0029169521057527195,-0.000281114619238225,1109,0,2505.85
2026-08-28 11:28:02,okx,ETH,ETH-USD-270625-1800-P,2027-06-25,1800,put,0.0661702752501054,0.064,0.066,0.5940230223325809,-0.2395360754039193,0.9542533360510665,0.002326632202275326,-0.00022969044343751585,3484,12,2505.85
2026-08-28 11:28:02,okx,ETH,ETH-USD-270625-1800-C,2027-06-25,1800,call,0.3697797735557631,0.3625,0.398,0.5940230223325809,0.45676283483368624,-0.4383444844241446,0.002326632202275326,-0.00022969044343751585,2349,0,2505.85
2026-08-28 11:28:02,okx,ETH,ETH-USD-270625-1900-P,2027-06-25,1900,put,0.0787704115574782,0.0765,0.079,0.5883482626405209,-0.27820709669536153,1.0796981814150397,0.0025376816686246777,-0.0002481324320018631,2400,6,2505.85
2026-08-28 11:28:02,okx,ETH,ETH-USD-270625-1900-C,2027-06-25,1900,call,0.3436915486578947,0.3365,0.3455,0.5883482626405209,0.45677508633322217,-0.3902661846421276,0.0025376816686246777,-0.0002481324320018631,1178,0,2505.85
2026-08-28 11:28:02,okx,ETH,ETH-USD-270625-2600-P,2027-06-25,2600,put,0.2081060382165613,0.201,0.2105,0.5710635876663102,-0.6100392565354199,1.9662215845388058,0.0035121398534261536,-0.00033332522808949796,3582,0,2505.85
2026-08-28 11:28:02,okx,ETH,ETH-USD-270625-2600-C,2027-06-25,2600,call,0.2022086468802891,0.1985,0.2025,0.5710635876663102,0.3957258360300102,-0.045308600592054535,0.0035121398534261536,-0.00033332522808949796,3065,5,2505.85
2026-08-28 11:28:02,okx,ETH,ETH-USD-270625-2800-P,2027-06-25,2800,put,0.2571556169948487,0.2495,0.262,0.5710272742887185,-0.7151791637160014,2.1956348341141716,0.003601973011421935,-0.00034182924909364245,1394,0,2505.85
2026-08-28 11:28:02,okx,ETH,ETH-USD-270625-2800-C,2027-06-25,2800,call,0.1738815032480939,0.1705,0.174,0.5710272742887185,0.36795247443138507,0.029371557819398632,0.003601973011421935,-0.00034182924909364245,739,10,2505.85
2026-08-28 11:28:02,okx,ETH,ETH-USD-270625-2200-P,2027-06-25,2200,put,0.1255275600516049,0.123,0.1255,0.5768774947771362,-0.40986416840084566,1.4672852161844234,0.003079120883360666,-0.00029520400832610193,443,21,2505.85
2026-08-28 11:28:02,okx,ETH,ETH-USD-270625-2200-C,2027-06-25,2200,call,0.2743836135362977,0.27,0.276,0.5768774947771362,0.44116783300067214,-0.23477878661861235,0.003079120883360666,-0.00029520400832610193,1366,0,2505.85
2026-08-28 11:28:02,okx,ETH,ETH-USD-270625-2400-P,2027-06-25,2400,put,0.1640610028340023,0.1615,0.1645,0.5728659703443395,-0.5075094186736951,1.7222738484008049,0.003339598668638979,-0.0003179502848813144,1619,1,2505.85
2026-08-28 11:28:02,okx,ETH,ETH-USD-270625-2400-C,2027-06-25,2400,call,0.2355403339082126,0.231,0.2375,0.5728659703443395,0.4208891283097789,-0.13452324556614326,0.003339598668638979,-0.0003179502848813144,2561,0,2505.85
2026-08-28 11:28:02,okx,ETH,ETH-USD-270625-3500-P,2027-06-25,3500,put,0.4582592995389434,0.4325,0.4925,0.5759994059398554,-1.0828522802173057,2.8909829796506585,0.003443435970541135,-0.0003296294165181007,0,0,2505.85
2026-08-28 11:28:02,okx,ETH,ETH-USD-260925-1500-C,2026-09-25,1500,call,0.4041255606814512,0.403,0.4055,0.8501519088876377,0.5854014074910682,-1.0547207194426063,0.00007531496440805735,-0.0001132571788712136,311,0,2505.85
2026-08-28 11:28:02,okx,ETH,ETH-USD-270625-3500-C,2027-06-25,3500,call,0.1041666573555,0.102,0.1045,0.5759994059398554,0.27106226746692746,0.18315388428219231,0.003443435970541135,-0.0003296294165181007,8412,0,2505.85
2026-08-28 11:28:02,okx,ETH,ETH-USD-260925-1500-P,2026-09-25,1500,put,0.000884211234655,0.0008,0.001,0.8501519088876377,-0.01114701065553497,0.13837611685060017,0.00007531496440805735,-0.00011492688052574551,25699,104,2505.85
2026-08-28 11:28:02,okx,ETH,ETH-USD-270625-4000-P,2027-06-25,4000,put,0.6203391354332671,0.579,0.653,0.5786034486259056,-1.3352644818528243,3.3167092002198686,0.003081767777684045,-0.0002963417506310294,0,0,2505.85
2026-08-28 11:28:02,okx,ETH,ETH-USD-270625-4000-C,2027-06-25,4000,call,0.0728046872236177,0.072,0.074,0.5786034486259056,0.21206642978629922,0.22204737694162197,0.003081767777684045,-0.0002963417506310294,3087,0,2505.85
2026-08-28 11:28:02,okx,ETH,ETH-USD-260925-1700-C,2026-09-25,1700,call,0.3252527290758178,0.3235,0.3275,0.7240832087241236,0.6546505816536192,-1.0685371823789491,0.00013304528661232153,-0.0001715732524891593,7070,0,2505.85
2026-08-28 11:28:02,okx,ETH,ETH-USD-270625-3000-P,2027-06-25,3000,put,0.3106145853079792,0.3015,0.316,0.5723810564076448,-0.8211203669326335,2.409670195040966,0.0036206699748426116,-0.0003444182111534626,2001,0,2505.85
2026-08-28 11:28:02,okx,ETH,ETH-USD-260925-1700-P,2026-09-25,1700,put,0.0015638253784561,0.0015,0.0017,0.7240832087241236,-0.02143762557919769,0.2836392320866848,0.00013304528661232153,-0.00017291368121189003,19907,407,2505.85
2026-08-28 11:28:02,okx,ETH,ETH-USD-270625-3000-C,2027-06-25,3000,call,0.1499637491507421,0.147,0.15,0.5723810564076448,0.33937781679670925,0.0886738275822801,0.0036206699748426116,-0.0003444182111534626,2362,2,2505.85
2026-08-28 11:28:02,okx,ETH,ETH-USD-270625-3200-P,2027-06-25,3200,put,0.3675700878454111,0.3575,0.3735,0.5739753809495323,-0.9266469171136396,2.6104183950990425,0.003582001974715391,-0.0003416890019462763,3106,0,2505.85
2026-08-28 11:28:02,okx,ETH,ETH-USD-270625-3200-C,2027-06-25,3200,call,0.1295425292776913,0.1265,0.1295,0.5739753809495323,0.3112178121976592,0.13468893647644484,0.003582001974715391,-0.0003416890019462763,1106,0,2505.85
2026-08-28 11:28:02,okx,ETH,ETH-USD-270625-5500-P,2027-06-25,5500,put,1.1538639369590422,1.119,1.1875,0.5828372593830702,-2.0310219641323326,4.44577130483147,0.0018434667682799134,-0.00017856425856198902,40,0,2505.85
2026-08-28 11:28:02,okx,ETH,ETH-USD-270625-5500-C,2027-06-25,5500,call,0.0260040706707744,0.03,0.0315,0.5828372593830702,0.09655803937146218,0.19061129782388064,0.0018434667682799134,-0.00017856425856198902,4493,430,2505.85
2026-08-28 11:28:02,okx,ETH,ETH-USD-270625-4500-P,2027-06-25,4500,put,0.7922348441520979,0.754,0.825,0.5804912534691011,-1.5767603983572105,3.7083391467396267,0.00265467718906249,-0.0002561057403323861,0,0,2505.85
2026-08-28 11:28:02,okx,ETH,ETH-USD-270625-4500-C,2027-06-25,4500,call,0.0512585899162418,0.0525,0.055,0.5804912534691011,0.16398687723680339,0.22684459555159933,0.00265467718906249,-0.0002561057403323861,1324,70,2505.85
2026-08-28 11:28:02,okx,ETH,ETH-USD-270625-5000-P,2027-06-25,5000,put,0.9707864496213473,0.9345,1.004,0.5818581391406804,-1.8081467614205382,4.081382233343751,0.00223058168791987,-0.00021569851767706683,0,0,2505.85
2026-08-28 11:28:02,okx,ETH,ETH-USD-270625-5000-C,2027-06-25,5000,call,0.0363683893592855,0.039,0.041,0.5818581391406804,0.1260168781283661,0.2130549542459426,0.00223058168791987,-0.00021569851767706683,2170,499,2505.85
2026-08-28 11:28:02,okx,ETH,ETH-USD-260904-3100-C,2026-09-04,3100,call,0.0006775084367643,0.0003,0.0004,0.7296650354992783,0.018538727415695688,0.43097702942741806,0.00006414634801965267,-0.00034135772116028224,3416,892,2505.85
2026-08-28 11:28:02,okx,ETH,ETH-USD-260904-3100-P,2026-09-04,3100,put,0.2370187324421975,0.234,0.2385,0.7296650354992783,-1.2175189606366745,2.9030924055321585,0.00006414634801965267,-0.00033838334001068805,0,0,2505.85
2026-08-28 11:28:02,okx,ETH,ETH-USD-260904-3000-C,2026-09-04,3000,call,0.0010579576741571,0.0006,0.0007,0.6801393198794592,0.02925450270012731,0.6778074848753094,0.00009406204130528212,-0.00046657878444855943,4931,393,2505.85
2026-08-28 11:28:02,okx,ETH,ETH-USD-260904-3000-P,2026-09-04,3000,put,0.1975199920467999,0.195,0.199,0.6801393198794592,-1.1669303567053924,3.0701772036863484,0.00009406204130528212,-0.0004641066264020478,0,0,2505.85
2026-08-28 11:28:02,okx,ETH,ETH-USD-260904-2650-C,2026-09-04,2650,call,0.0092602248812721,0.009,0.0095,0.5219874745907138,0.2217217326330495,3.811428375228526,0.0004171560582476903,-0.0015880046592761862,5939,1343,2505.85
2026-08-28 11:28:02,okx,ETH,ETH-USD-260904-2650-P,2026-09-04,2650,put,0.0661450955391483,0.0645,0.0665,0.5219874745907138,-0.8349082265084927,5.92468829351161,0.0004171560582476903,-0.0015872902820904635,270,0,2505.85
2026-08-28 11:28:02,okx,ETH,ETH-USD-260831-2510-C,2026-08-31,2510,call,0.0139395924134096,0.0135,0.0145,0.41579456895023265,0.478748005515062,9.88697915091967,0.0003527689731651891,-0.002567709336855443,0,0,2505.85
2026-08-28 11:28:02,okx,ETH,ETH-USD-260831-2510-P,2026-08-31,2510,put,0.0154458245588856,0.015,0.016,0.41579456895023265,-0.5224730931036753,11.889421348157144,0.0003527689731651891,-0.002567654332276887,0,0,2505.85
2026-08-28 11:28:02,okx,ETH,ETH-USD-260829-2510-C,2026-08-29,2510,call,0.0096025602909224,0.009,0.01,0.5431690266745258,0.4701158975616222,14.210417281709985,0.00019290310253478355,-0.005238949522315732,1539,2971,2505.85
2026-08-28 11:28:02,okx,ETH,ETH-USD-260829-2510-P,2026-08-29,2510,put,0.0114499899971594,0.011,0.0115,0.5431690266745258,-0.5315636107832017,16.21377629839963,0.00019290310253478355,-0.005238949522315732,3974,6832,2505.85
2026-08-28 11:28:02,okx,ETH,ETH-USD-260830-2575-C,2026-08-30,2575,call,0.0037769383453891,0.0037,0.0038,0.4573273977678423,0.2058495134753004,8.418225428782202,0.00020529266474855794,-0.0025298138370249664,9593,8763,2505.85
2026-08-28 11:28:02,okx,ETH,ETH-USD-260830-2575-P,2026-08-30,2575,put,0.0311793074105851,0.0285,0.0325,0.4573273977678423,-0.8213807161397898,10.472685888012384,0.00020529266474855794,-0.0025298138370249664,256,256,2505.85
2026-08-28 11:28:02,okx,ETH,ETH-USD-260830-2625-C,2026-08-30,2625,call,0.0016886242426214,0.0015,0.0016,0.50130863812043,0.10002121856111862,4.771412936083087,0.0001267003916307377,-0.0017114769597369277,4934,4016,2505.85
2026-08-28 11:28:02,okx,ETH,ETH-USD-260830-2625-P,2026-08-30,2625,put,0.04904055387219,0.0465,0.051,0.50130863812043,-0.9471552291047501,6.865765831414824,0.0001267003916307377,-0.0017114769597369277,0,0,2505.85
2026-08-28 11:28:02,okx,ETH,ETH-USD-260829-2625-C,2026-08-29,2625,call,0.0009953299156062,0.0011,0.0012,0.6514201834874073,0.07143757567689966,4.22789485156755,0.0000667409126073839,-0.0021738188768409515,2052,2033,2505.85
2026-08-28 11:28:02,okx,ETH,ETH-USD-260829-2625-P,2026-08-29,2625,put,0.0487441358832841,0.0455,0.051,0.6514201834874073,-0.9761356153211731,6.3230412335636945,0.0000667409126073839,-0.0021738188768409515,0,0,2505.85
2026-08-28 11:28:02,okx,ETH,ETH-USD-260829-2425-P,2026-08-29,2425,put,0.0015283847453977,0.0012,0.0013,0.5648503701244947,-0.11425829680481074,7.226609097364949,0.00009265867232420466,-0.002616914267878563,7442,9923,2505.85
2026-08-28 11:28:02,okx,ETH,ETH-USD-260829-2425-C,2026-08-29,2425,call,0.0336080592324,0.032,0.036,0.5648503701244947,0.8534997939267421,5.291092915901843,0.00009265867232420466,-0.002616914267878563,610,510,2505.85
2026-08-28 11:28:02,okx,ETH,ETH-USD-260829-2540-C,2026-08-29,2540,call,0.0053483737387058,0.005,0.0055,0.5599800631395428,0.3078825787154637,12.456191829334724,0.0001715876995794225,-0.004804284542222697,2851,2801,2505.85
2026-08-28 11:28:02,okx,ETH,ETH-USD-260829-2540-P,2026-08-29,2540,put,0.0191700755131447,0.019,0.0195,0.5599800631395428,-0.7057691946693381,14.483495376104326,0.0001715876995794225,-0.004804284542222697,1748,1796,2505.85
2026-08-28 11:28:02,okx,ETH,ETH-USD-260831-3000-C,2026-08-31,3000,call,0.0000445795476361,,0.0008,0.7135841658861025,0.002393593592248622,0.11543157249789336,0.000006711513650929479,-0.00008385524571779693,0,0,2505.85
2026-08-28 11:28:02,okx,ETH,ETH-USD-260831-3000-P,2026-08-31,3000,put,0.1970410731434214,0.1945,0.199,0.7135841658861025,-1.194285010334529,2.508788780351449,0.000006711513650929479,-0.00007576774100142699,0,0,2505.85
2026-08-28 11:28:02,okx,ETH,ETH-USD-260831-2625-C,2026-08-31,2625,call,0.0027158733871717,0.0028,0.003,0.4633490317180771,0.13178161330073762,5.020884638001346,0.00019156268146577532,-0.001554038865539503,744,739,2505.85
2026-08-28 11:28:02,okx,ETH,ETH-USD-260831-2625-P,2026-08-31,2625,put,0.0501024730158834,0.048,0.051,0.4633490317180771,-0.9153121651351929,7.115072194873206,0.00019156268146577532,-0.001552098682357174,140,140,2505.85
2026-08-28 11:28:02,okx,ETH,ETH-USD-261225-1700-C,2026-12-25,1700,call,0.3454826327334676,0.3415,0.35,0.6031701970932177,0.5624992459535453,-0.6457367170896232,0.0009413246146996599,-0.00023885243696671879,4912,5,2505.85
2026-08-28 11:28:02,okx,ETH,ETH-USD-261225-1700-P,2026-12-25,1700,put,0.0171172463529731,0.0165,0.017,0.6031701970932177,-0.10902924489455208,0.6973202646065717,0.0009413246146996599,-0.00023885243696671879,8376,260,2505.85
2026-08-28 11:28:02,okx,ETH,ETH-USD-260911-1900-P,2026-09-11,1900,put,0.0011404749002345,0.0007,0.0008,0.7264735863698379,-0.021929401866943077,0.3973337576074374,0.00009747890520781488,-0.00025552991035636906,3224,300,2505.85
2026-08-28 11:28:02,okx,ETH,ETH-USD-260911-1950-C,2026-09-11,1950,call,0.2242245835119075,0.222,0.2255,0.6846461570906606,0.750359253127706,-1.0618217739367766,0.00011406717612529114,-0.0002779173462731158,0,0,2505.85
2026-08-28 11:28:02,okx,ETH,ETH-USD-260911-1900-C,2026-09-11,1900,call,0.2439599135606159,0.242,0.245,0.7264735863698379,0.7348895293721233,-1.1163041048706954,0.00009747890520781488,-0.0002513038081118061,0,0,2505.85
2026-08-28 11:28:02,okx,ETH,ETH-USD-260911-2100-P,2026-09-11,2100,put,0.0026352477521165,0.0021,0.0022,0.5850265458715229,-0.0550933574739199,1.0502516810153553,0.00020876880661975836,-0.00044069797170060094,3719,995,2505.85
2026-08-28 11:28:02,okx,ETH,ETH-USD-260830-2150-C,2026-08-30,2150,call,0.1422078499175072,0.141,0.144,0.7694729641655502,0.8552884261008585,-1.576304048928677,0.000005252555442005599,-0.00010890602880898942,0,0,2505.85
2026-08-28 11:28:02,okx,ETH,ETH-USD-260911-2150-C,2026-09-11,2150,call,0.1467877080174239,0.1445,0.1475,0.5603534246553216,0.7823835783162976,-0.32882314401091595,0.00026290145908069876,-0.0005290626654252266,0,0,2505.85
2026-08-28 11:28:02,okx,ETH,ETH-USD-260911-2050-P,2026-09-11,2050,put,0.00201485133262,0.0016,0.0017,0.6139333174817598,-0.04189508811330172,0.8024690291796724,0.00016748975087821184,-0.0003710337714231287,3214,395,2505.85
2026-08-28 11:28:02,okx,ETH,ETH-USD-260911-2100-C,2026-09-11,2100,call,0.1657768374554836,0.1635,0.167,0.5850265458715229,0.7813907244218901,-0.6227164827762647,0.00020876880661975836,-0.0004378576971255204,0,0,2505.85
2026-08-28 11:28:02,okx,ETH,ETH-USD-260911-2000-P,2026-09-11,2000,put,0.0016009970312421,0.0012,0.0013,0.6471307937875369,-0.032738148731672176,0.6220260321471428,0.00013671879256375071,-0.00031924742679299004,23458,0,2505.85
2026-08-28 11:28:02,okx,ETH,ETH-USD-260911-2050-C,2026-09-11,2050,call,0.1850759032752408,0.183,0.1865,0.6139333174817598,0.7746727061183225,-0.8306665592835759,0.00016748975087821184,-0.0003678470399306775,0,0,2505.85
2026-08-28 11:28:02,okx,ETH,ETH-USD-260911-1950-P,2026-09-11,1950,put,0.0013246070907798,0.0009,0.001,0.6846461570906606,-0.02637596577554624,0.4916486638697278,0.00011406717612529114,-0.00028179699160030817,2198,0,2505.85
2026-08-28 11:28:02,okx,ETH,ETH-USD-260911-2000-C,2026-09-11,2000,call,0.2045815112131163,0.202,0.206,0.6471307937875369,0.763913357835766,-0.9712769809877336,0.00013671879256375071,-0.0003157142383831683,70,0,2505.85
2026-08-28 11:28:02,okx,ETH,ETH-USD-260830-2300-P,2026-08-30,2300,put,0.0001556689872468,0.0001,0.0002,0.5364934721318462,-0.011780338350259408,0.8179081044012289,0.000021665272680198696,-0.0003131962208427306,1717,1776,2505.85
2026-08-28 11:28:02,okx,ETH,ETH-USD-260911-2300-P,2026-09-11,2300,put,0.0099815581998143,0.009,0.01,0.5107858315217324,-0.18679182976384867,2.9807314875222293,0.0005055180496372758,-0.0009316219989841163,2840,177,2505.85
2026-08-28 11:28:02,okx,ETH,ETH-USD-261030-1100-P,2026-10-30,1100,put,0.0010446296533926,0.0005,0.0012,0.8911670161554841,-0.008659559391720436,0.07407313118321057,0.00008709770658520286,-0.00006173875120721102,2496,0,2505.85
2026-08-28 11:28:02,okx,ETH,ETH-USD-260830-2350-C,2026-08-30,2350,call,0.0627326352107544,0.061,0.065,0.47574827737575887,0.9097108008369226,0.04089329116484821,0.000044993824626376075,-0.0005767904316173504,0,0,2505.85
2026-08-28 11:28:02,okx,ETH,ETH-USD-260911-2350-C,2026-09-11,2350,call,0.0777156237853201,0.0765,0.0785,0.5019935175489982,0.6868256217045472,1.7687274561684658,0.0005988096619245952,-0.00108340162710311,2034,0,2505.85
2026-08-28 11:28:02,okx,ETH,ETH-USD-261030-1100-C,2026-10-30,1100,call,0.564364795253084,0.5625,0.567,0.8911670161554841,0.4276699002835923,-0.7985857881674149,0.00008709770658520286,-0.00005912559860787363,0,0,2505.85
2026-08-28 11:28:02,okx,ETH,ETH-USD-260830-2250-P,2026-08-30,2250,put,0.000086325458489,,0.0004,0.6095641295041565,-0.006159348940763906,0.4077559969909243,0.000012254236497893102,-0.00020127673167765451,1961,1030,2505.85
2026-08-28 11:28:02,okx,ETH,ETH-USD-260911-2250-P,2026-09-11,2250,put,0.0070077085828895,0.006,0.0065,0.523350102859092,-0.1376706260381763,2.357326957215198,0.0004136206617637409,-0.000781037497263419,3348,224,2505.85
2026-08-28 11:28:02,okx,ETH,ETH-USD-261030-1200-P,2026-10-30,1200,put,0.001317351497297,0.0009,0.0015,0.8310665219188971,-0.011374011173949358,0.10041061270299184,0.00011114724555509294,-0.00007347244253143054,6740,3,2505.85
2026-08-28 11:28:02,okx,ETH,ETH-USD-260830-2300-C,2026-08-30,2300,call,0.0824758830261009,0.081,0.084,0.5364934721318462,0.9057456919855492,-1.0171439562703886,0.000021665272680198696,-0.0003131962208427306,0,0,2505.85
2026-08-28 11:28:02,okx,ETH,ETH-USD-260911-2300-C,2026-09-11,2300,call,0.0934452989461672,0.092,0.0945,0.5107858315217324,0.7293574027887052,1.1484330224171215,0.0005055180496372758,-0.0009301675520785181,292,200,2505.85
2026-08-28 11:28:02,okx,ETH,ETH-USD-261030-1200-C,2026-10-30,1200,call,0.5249658506638718,0.5235,0.5275,0.8310665219188971,0.4646217630173009,-0.8515809356795088,0.00011114724555509294,-0.00007104327642470668,0,0,2505.85
2026-08-28 11:28:02,okx,ETH,ETH-USD-260830-2200-P,2026-08-30,2200,put,0.0000562337412107,,0.0003,0.689053104263033,-0.0037228634686854696,0.2304936507590668,0.00000781340079958586,-0.00014507103444233988,6420,108,2505.85
2026-08-28 11:28:02,okx,ETH,ETH-USD-260911-2200-P,2026-09-11,2200,put,0.0049550900170921,0.0044,0.0045,0.5398302783647415,-0.10076882043511567,1.8186695816109828,0.00033138653876667605,-0.0006454746691121116,7377,377,2505.85
2026-08-28 11:28:02,okx,ETH,ETH-USD-260830-2250-C,2026-08-30,2250,call,0.1023561000617159,0.101,0.104,0.6095641295041565,0.8914204633442662,-1.3874036275791362,0.000012254236497893102,-0.00020127673167765451,0,0,2505.85
2026-08-28 11:28:02,okx,ETH,ETH-USD-260911-2250-C,2026-09-11,2250,call,0.1103909115684961,0.109,0.1115,0.523350102859092,0.7585623188501915,0.564861067438462,0.0004136206617637409,-0.0007792365934404501,96,190,2505.85
2026-08-28 11:28:02,okx,ETH,ETH-USD-260830-2150-P,2026-08-30,2150,put,0.000038954185535,,0.0003,0.7694729641655502,-0.00239895008261473,0.13907070343826944,0.000005252555442005599,-0.00010890602880898942,0,0,2505.85
2026-08-28 11:28:02,okx,ETH,ETH-USD-260911-2150-P,2026-09-11,2150,put,0.0035655805533103,0.003,0.0031,0.5603534246553216,-0.07401679124369838,1.3839775951090758,0.00026290145908069876,-0.0005315564830829366,9176,745,2505.85
2026-08-28 11:28:02,okx,ETH,ETH-USD-260830-2200-C,2026-08-30,2200,call,0.1222755689088103,0.121,0.124,0.689053104263033,0.8739107307655664,-1.5247735377094367,0.00000781340079958586,-0.00014507103444233988,0,0,2505.85
2026-08-28 11:28:02,okx,ETH,ETH-USD-260911-2200-C,2026-09-11,2200,call,0.1282577552419521,0.126,0.129,0.5398302783647415,0.7755478367890664,0.06603626716261893,0.00033138653876667605,-0.0006433273083717722,192,0,2505.85
2026-08-28 11:28:02,okx,ETH,ETH-USD-260830-2450-P,2026-08-30,2450,put,0.0036458242780272,0.0036,0.0037,0.411754314084333,-0.21705540443221782,10.344581305156039,0.00020745392451280452,-0.002301694737266297,2555,1494,2505.85
2026-08-28 11:28:02,okx,ETH,ETH-USD-260911-2500-P,2026-09-11,2500,put,0.0366393101077177,0.0365,0.037,0.49661851658748823,-0.5008950759009392,5.107489890856701,0.0007740023180159121,-0.0013864715633950101,1123,294,2505.85
2026-08-28 11:28:02,okx,ETH,ETH-USD-261030-1450-P,2026-10-30,1450,put,0.0025378568125553,0.0024,0.0026,0.7068067341397675,-0.023637842114503465,0.22001195658644834,0.00021024964282097204,-0.00011820036252647387,1894,0,2505.85
2026-08-28 11:28:02,okx,ETH,ETH-USD-260830-2475-C,2026-08-30,2475,call,0.0188945175722382,0.0185,0.0195,0.41018211797525517,0.654758871487684,11.015863317661193,0.0002570196348845834,-0.0028407364062661396,4410,828,2505.85
2026-08-28 11:28:02,okx,ETH,ETH-USD-260911-2550-C,2026-09-11,2550,call,0.0316957604197502,0.0315,0.032,0.5010675157179391,0.42293098062943674,3.2133710089589633,0.0007720979396916265,-0.0013955380904292856,5123,488,2505.85
2026-08-28 11:28:02,okx,ETH,ETH-USD-261030-1450-C,2026-10-30,1450,call,0.4270071898963383,0.4255,0.43,0.7068067341397675,0.5515237183665906,-0.93031116437574,0.00021024964282097204,-0.00011623116265128379,0,0,2505.85
2026-08-28 11:28:02,okx,ETH,ETH-USD-260830-2425-P,2026-08-30,2425,put,0.002000541815076,0.002,0.0021,0.4193542697744366,-0.13255362472879198,7.36158407014459,0.0001512909959236641,-0.0017095510049920672,2465,1831,2505.85
2026-08-28 11:28:02,okx,ETH,ETH-USD-260911-2450-P,2026-09-11,2450,put,0.0273150104985725,0.027,0.0275,0.4950827120324571,-0.40976094759890513,4.774033148930952,0.0007431949415568646,-0.0013273039422915082,3206,520,2505.85
2026-08-28 11:28:02,okx,ETH,ETH-USD-261030-1500-P,2026-10-30,1500,put,0.0029467370608633,0.003,0.0031,0.686387283796213,-0.027690926981149878,0.25880959929748476,0.0002404531437243703,-0.0001312745651271638,8177,400,2505.85
2026-08-28 11:28:02,okx,ETH,ETH-USD-260830-2450-C,2026-08-30,2450,call,0.0261173566237631,0.0255,0.0275,0.411754314084333,0.7603092800559261,8.389851936179753,0.00020745392451280452,-0.002301694737266297,2504,1118,2505.85
2026-08-28 11:28:02,okx,ETH,ETH-USD-260911-2500-C,2026-09-11,2500,call,0.0404252018970566,0.04,0.041,0.49661851658748823,0.4949193073083587,3.1158611244381054,0.0007740023180159121,-0.001386402944158894,4847,381,2505.85
2026-08-28 11:28:02,okx,ETH,ETH-USD-261030-1500-C,2026-10-30,1500,call,0.4075802369280882,0.406,0.4105,0.686387283796213,0.5673037907579129,-0.9311798361806408,0.0002404531437243703,-0.00012939735849828047,0,0,2505.85
2026-08-28 11:28:02,okx,ETH,ETH-USD-260830-2400-P,2026-08-30,2400,put,0.001091538846108,0.0011,0.0012,0.43279653959546155,-0.07808107466836993,4.836138318716336,0.00010297140660490475,-0.0012008488227151742,8739,8100,2505.85
2026-08-28 11:28:02,okx,ETH,ETH-USD-260911-2400-P,2026-09-11,2400,put,0.0198698826433382,0.0195,0.02,0.4968153850915549,-0.3244353667202481,4.265045701013331,0.0006819878535919943,-0.0012223459740525974,2571,525,2505.85
2026-08-28 11:28:02,okx,ETH,ETH-USD-261030-1300-P,2026-10-30,1300,put,0.0016843654535535,0.0014,0.0017,0.7768849459751721,-0.015072117230401812,0.13664956774383513,0.00014248826768029803,-0.00008804878834782011,7136,1,2505.85
2026-08-28 11:28:02,okx,ETH,ETH-USD-260830-2425-C,2026-08-30,2425,call,0.0344468544429983,0.034,0.036,0.4193542697744366,0.8348379507339627,5.4268009192190805,0.0001512909959236641,-0.0017095510049920672,0,0,2505.85
2026-08-28 11:28:02,okx,ETH,ETH-USD-260911-2450-C,2026-09-11,2450,call,0.0510203645271649,0.0505,0.052,0.4950827120324571,0.5661371479462067,2.8222369578407287,0.0007431949415568646,-0.0013268888661380216,8979,4142,2505.85
2026-08-28 11:28:02,okx,ETH,ETH-USD-261030-1300-C,2026-10-30,1300,call,0.4856611981870117,0.484,0.4885,0.7768849459751721,0.500589971476786,-0.8946746096705402,0.00014248826768029803,-0.00008580360873370975,0,0,2505.85
2026-08-28 11:28:02,okx,ETH,ETH-USD-260830-2350-P,2026-08-30,2350,put,0.0003619817362731,0.0004,0.0005,0.47574827737575887,-0.02776144754966457,1.9158377879380222,0.000044993824626376075,-0.0005767904316173504,6342,3284,2505.85
2026-08-28 11:28:02,okx,ETH,ETH-USD-260911-2350-P,2026-09-11,2350,put,0.0141713452782207,0.0135,0.014,0.5019935175489982,-0.24923989851219272,3.6408584966019455,0.0005988096619245952,-0.0010845096170913377,3047,1080,2505.85
2026-08-28 11:28:02,okx,ETH,ETH-USD-261030-1400-P,2026-10-30,1400,put,0.0021999762037372,0.002,0.0022,0.7286839250432926,-0.020261541566646064,0.18734542917406113,0.00018423935011012462,-0.00010678400181249022,3424,0,2505.85
2026-08-28 11:28:02,okx,ETH,ETH-USD-260830-2400-C,2026-08-30,2400,call,0.0435126317562166,0.0415,0.0455,0.43279653959546155,0.8793373917689956,2.9213013858416055,0.00010297140660490475,-0.0012008488227151742,0,0,2505.85
2026-08-28 11:28:02,okx,ETH,ETH-USD-260911-2400-C,2026-09-11,2400,call,0.0634946989111842,0.063,0.064,0.4968153850915549,0.6315464411606777,2.353082085251479,0.0006819878535919943,-0.0012215844409817404,2295,472,2505.85
2026-08-28 11:28:02,okx,ETH,ETH-USD-261030-1400-C,2026-10-30,1400,call,0.4465051425040786,0.445,0.449,0.7286839250432926,0.5350668616564792,-0.9233113772721896,0.00018423935011012462,-0.00010472280869099337,0,0,2505.85
2026-08-28 11:28:02,okx,ETH,ETH-USD-260830-2550-P,2026-08-30,2550,put,0.0231891022275539,0.022,0.0235,0.43922483792050376,-0.7252461934697312,12.516068510424024,0.0002470871416167382,-0.002924320361646702,552,1080,2505.85
2026-08-28 11:28:02,okx,ETH,ETH-USD-260911-2700-P,2026-09-11,2700,put,0.090645161205364,0.0895,0.0915,0.5249064501905715,-0.8365793571791492,4.804149877910366,0.0006238726103631791,-0.0011801678845877988,497,640,2505.85
2026-08-28 11:28:02,okx,ETH,ETH-USD-261030-1650-P,2026-10-30,1650,put,0.004788010178113,0.0047,0.0049,0.6335980397822465,-0.0454793003724121,0.42329902062474967,0.0003626168942643202,-0.00018274066830617226,4990,0,2505.85
2026-08-28 11:28:02,okx,ETH,ETH-USD-260830-2600-C,2026-08-30,2600,call,0.0025023428889976,0.0024,0.0025,0.4783120730079652,0.1434136161848247,6.42531687339941,0.00016321566502021763,-0.002103589979895955,2806,636,2505.85
2026-08-28 11:28:02,okx,ETH,ETH-USD-260911-2750-C,2026-09-11,2750,call,0.0114302095211552,0.0115,0.012,0.5355533353823551,0.1936446078792567,2.33621315956063,0.0005536848681892803,-0.0010698661591575923,2514,19,2505.85
2026-08-28 11:28:02,okx,ETH,ETH-USD-261030-1650-C,2026-10-30,1650,call,0.3499140103956627,0.348,0.3525,0.6335980397822465,0.609014889140557,-0.8856893584011886,0.0003626168942643202,-0.0001811394414162092,990,0,2505.85
2026-08-28 11:28:02,okx,ETH,ETH-USD-260830-2525-P,2026-08-30,2525,put,0.0162176888649594,0.016,0.017,0.42478422568319685,-0.6049232407487823,14.05397671391045,0.00027737180024752704,-0.0031748162734871466,2726,3154,2505.85
2026-08-28 11:28:02,okx,ETH,ETH-USD-260911-2650-P,2026-09-11,2650,put,0.0750528373748036,0.0745,0.076,0.5154616085908932,-0.7629138127290526,5.046898067131208,0.0006889745918367828,-0.0012802729590716212,974,384,2505.85
2026-08-28 11:28:02,okx,ETH,ETH-USD-261030-1700-P,2026-10-30,1700,put,0.0056903087830869,0.0055,0.006,0.6187119182777415,-0.05393362891192606,0.49825181589690204,0.00041594140761690976,-0.0002046872415714958,4079,520,2505.85
2026-08-28 11:28:02,okx,ETH,ETH-USD-260830-2550-C,2026-08-30,2550,call,0.0057615134445442,0.0055,0.006,0.43922483792050376,0.29201092711996973,10.481554269244622,0.0002470871416167382,-0.002924320361646702,6658,745,2505.85
2026-08-28 11:28:02,okx,ETH,ETH-USD-260911-2700-C,2026-09-11,2700,call,0.0147532040376888,0.015,0.0155,0.5249064501905715,0.23890017668689237,2.653190810178283,0.0006238726103631791,-0.0011814850930211653,4055,486,2505.85
2026-08-28 11:28:02,okx,ETH,ETH-USD-261030-1700-C,2026-10-30,1700,call,0.3309804757840783,0.329,0.334,0.6187119182777415,0.6203937178590118,-0.8504028776449735,0.00041594140761690976,-0.00020317800792783947,100,0,2505.85
2026-08-28 11:28:02,okx,ETH,ETH-USD-260830-2500-P,2026-08-30,2500,put,0.0105607279343896,0.0105,0.011,0.41467078355688264,-0.46833119431350934,14.354382640126746,0.0002828599070110405,-0.003160550567354413,3888,2261,2505.85
2026-08-28 11:28:02,okx,ETH,ETH-USD-260911-2600-P,2026-09-11,2600,put,0.0607024285296878,0.0605,0.0615,0.5074448675360216,-0.6811266847548202,5.210362972515751,0.0007412564159808108,-0.0013563286214589001,1029,740,2505.85
2026-08-28 11:28:02,okx,ETH,ETH-USD-261030-1550-P,2026-10-30,1550,put,0.0034435805833762,0.0035,0.0036,0.6674000943985012,-0.03256523450738322,0.3048242725646505,0.0002754825634052564,-0.00014623760483453878,6592,0,2505.85
2026-08-28 11:28:02,okx,ETH,ETH-USD-260830-2525-C,2026-08-30,2525,call,0.0087648803641361,0.0085,0.009,0.42478422568319685,0.4023607708155295,12.039408690781828,0.00027737180024752704,-0.0031748162734871466,7146,2185,2505.85
2026-08-28 11:28:02,okx,ETH,ETH-USD-260911-2650-C,2026-09-11,2650,call,0.019080342446382,0.019,0.0195,0.5154616085908932,0.29264943347280303,2.9357715747274966,0.0006889745918367828,-0.001281243710587617,7075,1492,2505.85
2026-08-28 11:28:02,okx,ETH,ETH-USD-261030-1550-C,2026-10-30,1550,call,0.3882412472340426,0.3865,0.3915,0.6674000943985012,0.5822626404896484,-0.9248314774294127,0.0002754825634052564,-0.0001444523914519622,0,0,2505.85
2026-08-28 11:28:02,okx,ETH,ETH-USD-260830-2475-P,2026-08-30,2475,put,0.0063977655086887,0.006,0.0065,0.41018211797525517,-0.33257892202584927,12.99053890468826,0.0002570196348845834,-0.0028407364062661396,1512,1839,2505.85
2026-08-28 11:28:02,okx,ETH,ETH-USD-260911-2550-P,2026-09-11,2550,put,0.0478293308696647,0.0475,0.0485,0.5010675157179391,-0.5927996902440469,5.244832350705931,0.0007720979396916265,-0.0013952602527480308,1192,0,2505.85
2026-08-28 11:28:02,okx,ETH,ETH-USD-261030-1600-P,2026-10-30,1600,put,0.004049030611706,0.004,0.0042,0.6498150237762115,-0.038429798617667335,0.35923925810131874,0.0003159906302484563,-0.0001633202880215388,18409,0,2505.85
2026-08-28 11:28:02,okx,ETH,ETH-USD-260830-2500-C,2026-08-30,2500,call,0.0130826997157528,0.0125,0.0135,0.41467078355688264,0.5289797082254132,12.3597608350489,0.0002828599070110405,-0.003160550567354413,5431,867,2505.85
2026-08-28 11:28:02,okx,ETH,ETH-USD-260911-2600-C,2026-09-11,2600,call,0.0246493958405198,0.0245,0.025,0.5074448675360216,0.35452027378284956,3.139069055440413,0.0007412564159808108,-0.0013569529160575254,3180,400,2505.85
2026-08-28 11:28:02,okx,ETH,ETH-USD-261030-1600-C,2026-10-30,1600,call,0.3690108640458143,0.367,0.3715,0.6498150237762115,0.596231233637333,-0.9100828064086819,0.0003159906302484563,-0.00016162706788526898,1340,0,2505.85
2026-08-28 11:28:02,okx,ETH,ETH-USD-260830-2800-P,2026-08-30,2800,put,0.1173271157602874,0.115,0.119,0.6580968437178254,-1.1073529563868,2.7721912388367205,0.00001865144450307701,-0.00033074264244928764,0,0,2505.85
2026-08-28 11:28:02,okx,ETH,ETH-USD-260911-3000-P,2026-09-11,3000,put,0.1989003832987916,0.197,0.201,0.5990338577001264,-1.1277015705699924,3.4155417388924176,0.0002638113118588189,-0.0005668252812440963,0,0,2505.85
2026-08-28 11:28:02,okx,ETH,ETH-USD-261030-1850-P,2026-10-30,1850,put,0.0097577353739994,0.0095,0.01,0.5816313283394844,-0.09022940768521466,0.7991458782338587,0.0006196834112024563,-0.0002866653797632713,14501,0,2505.85
2026-08-28 11:28:02,okx,ETH,ETH-USD-260830-2900-C,2026-08-30,2900,call,0.0000340765750494,,0.0002,0.7154391484333149,0.0022838457409138143,0.1375315773922948,0.0000051683720377729485,-0.00009963556332442433,555,589,2505.85
2026-08-28 11:28:02,okx,ETH,ETH-USD-261030-1850-C,2026-10-30,1850,call,0.2755404027253158,0.273,0.2775,0.5816313283394844,0.6435974108596294,-0.6685077588558295,0.0006196834112024563,-0.00028543212585853525,2256,0,2505.85
2026-08-28 11:28:02,okx,ETH,ETH-USD-260830-2700-P,2026-08-30,2700,put,0.0778562080238371,0.0755,0.0795,0.5740219236757302,-1.041284262743251,4.031999547792879,0.00005688864329483385,-0.0008799175260811651,0,0,2505.85
2026-08-28 11:28:02,okx,ETH,ETH-USD-260911-2900-P,2026-09-11,2900,put,0.1610619055762838,0.1595,0.163,0.5724289318350441,-1.0531074720692482,3.764911464006636,0.00036042978870481777,-0.0007417398008765872,96,0,2505.85
2026-08-28 11:28:02,okx,ETH,ETH-USD-261030-1900-P,2026-10-30,1900,put,0.0117229061794451,0.0115,0.012,0.5716531842898804,-0.10685641647834329,0.9269372323315971,0.0007021176065596948,-0.0003192233688645735,4618,284,2505.85
2026-08-28 11:28:02,okx,ETH,ETH-USD-260830-2800-C,2026-08-30,2800,call,0.0001517241554142,0.0001,0.0002,0.6580968437178254,0.009635254456793176,0.538214817149534,0.00001865144450307701,-0.00033074264244928764,1385,598,2505.85
2026-08-28 11:28:02,okx,ETH,ETH-USD-260911-3000-C,2026-09-11,3000,call,0.0034916526955951,0.0034,0.0035,0.5990338577001264,0.06727568928116488,1.0255872191901032,0.0002638113118588189,-0.0005702212311816862,12898,1107,2505.85
2026-08-28 11:28:02,okx,ETH,ETH-USD-261030-1900-C,2026-10-30,1900,call,0.2576697403142032,0.2555,0.2595,0.5716531842898804,0.6468035593244696,-0.5803827192740286,0.0007021176065596948,-0.0003180821082061442,4956,0,2505.85
2026-08-28 11:28:02,okx,ETH,ETH-USD-260830-2650-P,2026-08-30,2650,put,0.0584897622307359,0.056,0.0605,0.5254434711768793,-0.9868204395997274,5.616417594645107,0.00009730782736902763,-0.0013777222991111192,0,0,2505.85
2026-08-28 11:28:02,okx,ETH,ETH-USD-260911-2800-P,2026-09-11,2800,put,0.1246259285695737,0.123,0.1255,0.5471716838147535,-0.958905796873863,4.249026204001562,0.00048421477681354714,-0.0009539420406923575,160,170,2505.85
2026-08-28 11:28:02,okx,ETH,ETH-USD-261030-1750-P,2026-10-30,1750,put,0.0067910981991954,0.0065,0.007,0.6051168706968367,-0.06403532817574807,0.5852686014481862,0.00047642503634768576,-0.00022929802652640142,4621,440,2505.85
2026-08-28 11:28:02,okx,ETH,ETH-USD-260830-2700-C,2026-08-30,2700,call,0.0005799375477093,0.0005,0.0006,0.5740219236757302,0.035811511998785336,1.877807998308807,0.00005688864329483385,-0.0008799175260811651,5859,624,2505.85
2026-08-28 11:28:02,okx,ETH,ETH-USD-260911-2900-C,2026-09-11,2900,call,0.0054920994515946,0.0055,0.006,0.5724289318350441,0.10203721245353742,1.4546220949610646,0.00036042978870481777,-0.000744442836979436,11438,524,2505.85
2026-08-28 11:28:02,okx,ETH,ETH-USD-261030-1750-C,2026-10-30,1750,call,0.3122454319836286,0.31,0.316,0.6051168706968367,0.6301251758531585,-0.8030524066096271,0.00047642503634768576,-0.00022788078612905182,350,0,2505.85
2026-08-28 11:28:02,okx,ETH,ETH-USD-260830-2600-P,2026-08-30,2600,put,0.0398794922363799,0.037,0.0405,0.4783120730079652,-0.8937897224556547,8.499723550680368,0.00016321566502021763,-0.002103589979895955,0,0,2505.85
2026-08-28 11:28:02,okx,ETH,ETH-USD-260911-2750-P,2026-09-11,2750,put,0.1072416289280839,0.106,0.108,0.5355533353823551,-0.9017512136509709,4.527004802621085,0.0005536848681892803,-0.0010682024938068553,0,0,2505.85
2026-08-28 11:28:02,okx,ETH,ETH-USD-261030-1800-P,2026-10-30,1800,put,0.0081313027169204,0.008,0.0085,0.5927711055529197,-0.07604431760109284,0.6853385753960224,0.0005443382918104034,-0.00025663638786330525,2095,0,2505.85
2026-08-28 11:28:02,okx,ETH,ETH-USD-260830-2650-C,2026-08-30,2650,call,0.0011630523189809,0.0011,0.0012,0.5254434711768793,0.0703291170915303,3.5021184812625905,0.00009730782736902763,-0.0013777222991111192,3549,903,2505.85
2026-08-28 11:28:02,okx,ETH,ETH-USD-260911-2800-C,2026-09-11,2800,call,0.0088950469233915,0.009,0.0095,0.5471716838147535,0.1564063123205505,2.018401985612735,0.00048421477681354714,-0.0009559521629604651,3641,701,2505.85
2026-08-28 11:28:02,okx,ETH,ETH-USD-261030-1800-C,2026-10-30,1800,call,0.2937498032847952,0.2915,0.2955,0.5927711055529197,0.6379493436857825,-0.7426487471777283,0.0005443382918104034,-0.00025531114071226246,292,12,2505.85
2026-08-28 11:28:02,okx,ETH,ETH-USD-261030-2050-P,2026-10-30,2050,put,0.0202453218441429,0.02,0.0205,0.54823695527538,-0.1736715806886627,1.387668390260931,0.0009821741107343264,-0.0004282405089101121,4310,178,2505.85
2026-08-28 11:28:02,okx,ETH,ETH-USD-261030-2050-C,2026-10-30,2050,call,0.2066846563292261,0.205,0.2085,0.54823695527538,0.6394878668880564,-0.23865050489250725,0.0009821741107343264,-0.000427375227990603,1847,0,2505.85
2026-08-28 11:28:02,okx,ETH,ETH-USD-261030-2100-P,2026-10-30,2100,put,0.0241731987933468,0.0235,0.0245,0.5424532538166366,-0.20209966813010793,1.5613706148557531,0.001080963448646806,-0.00046633188197255467,5130,335,2505.85
2026-08-28 11:28:02,okx,ETH,ETH-USD-261030-2100-C,2026-10-30,2100,call,0.1907767000618717,0.189,0.1925,0.5424532538166366,0.63089293670458,-0.10461459481362279,0.001080963448646806,-0.00046555859429935244,5167,10,2505.85
2026-08-28 11:28:02,okx,ETH,ETH-USD-261030-1950-P,2026-10-30,1950,put,0.0140844159697671,0.014,0.0145,0.5627916484051614,-0.12617313585196624,1.0683956747833445,0.0007908882807009852,-0.0003540045214306946,2932,0,2505.85
2026-08-28 11:28:02,okx,ETH,ETH-USD-261030-1950-C,2026-10-30,1950,call,0.240195416887967,0.238,0.242,0.5627916484051614,0.6473199972088154,-0.47859059133821885,0.0007908882807009852,-0.00035295525401857214,1394,20,2505.85
2026-08-28 11:28:02,okx,ETH,ETH-USD-260830-2900-P,2026-08-30,2900,put,0.1571085893086681,0.1555,0.159,0.7154391484333149,-1.154596801204236,2.451292871282595,0.0000051683720377729485,-0.00009963556332442433,0,0,2505.85
2026-08-28 11:28:02,okx,ETH,ETH-USD-261030-2000-P,2026-10-30,2000,put,0.0169038741980193,0.0165,0.017,0.5550013670510475,-0.14839195948949768,1.222539690212113,0.0008847926897028888,-0.0003905481360061853,3103,423,2505.85
2026-08-28 11:28:02,okx,ETH,ETH-USD-261030-2000-C,2026-10-30,2000,call,0.2231790418996606,0.222,0.225,0.5550013670510475,0.6449343308292528,-0.3641128904253879,0.0008847926897028888,-0.0003895908618403695,2443,0,2505.85
2026-08-28 11:28:02,okx,ETH,ETH-USD-261030-2300-P,2026-10-30,2300,put,0.0469148802734813,0.0465,0.047,0.5282417138376808,-0.3459282676402632,2.27546598358637,0.0014405615613737462,-0.0006051103737927739,1934,1018,2505.85
2026-08-28 11:28:02,okx,ETH,ETH-USD-261030-2300-C,2026-10-30,2300,call,0.1341750486757728,0.1335,0.135,0.5282417138376808,0.5663969662262998,0.4508155158532442,0.0014405615613737462,-0.0006047050591047986,6883,0,2505.85
2026-08-28 11:28:02,okx,ETH,ETH-USD-261030-2400-P,2026-10-30,2400,put,0.0631011344443337,0.063,0.0635,0.5258944980306383,-0.4324206461516845,2.5936536036491655,0.001565660224778595,-0.0006546788229745722,678,831,2505.85
2026-08-28 11:28:02,okx,ETH,ETH-USD-261030-2400-C,2026-10-30,2400,call,0.1106896364135085,0.11,0.111,0.5258944980306383,0.519570902230816,0.6896705068841644,0.001565660224778595,-0.0006544574947792104,3367,160,2505.85
2026-08-28 11:28:02,okx,ETH,ETH-USD-261030-2150-P,2026-10-30,2150,put,0.0287499607829227,0.0285,0.029,0.5376055495710033,-0.2336786883483375,1.740608500714862,0.0011787694076711218,-0.0005039690859847571,4104,607,2505.85
2026-08-28 11:28:02,okx,ETH,ETH-USD-261030-2150-C,2026-10-30,2150,call,0.1755176288348892,0.1735,0.1775,0.5376055495710033,0.6191470737443192,0.03495697652954869,0.0011787694076711218,-0.0005032877915578616,2334,0,2505.85
2026-08-28 11:28:02,okx,ETH,ETH-USD-261030-2200-P,2026-10-30,2200,put,0.0340335128250417,0.0335,0.034,0.5336497630676836,-0.2683169494304858,1.9218750051438511,0.0012730126996417389,-0.0005402420492305992,4144,160,2505.85
2026-08-28 11:28:02,okx,ETH,ETH-USD-261030-2200-C,2026-10-30,2200,call,0.1609653476604499,0.159,0.163,0.5336497630676836,0.6043419699201397,0.17655716644260022,0.0012730126996417389,-0.0005396527480500104,4432,0,2505.85
2026-08-28 11:28:02,okx,ETH,ETH-USD-261030-2800-P,2026-10-30,2800,put,0.1595394921668794,0.157,0.1605,0.5379453498330224,-0.7997552207395775,3.274085760025402,0.0015512931983349516,-0.0006630924325215215,2340,0,2505.85
2026-08-28 11:28:02,okx,ETH,ETH-USD-261030-2800-C,2026-10-30,2800,call,0.0484413284035874,0.048,0.0485,0.5379453498330224,0.31090158570667314,1.0527721471329008,0.0015512931983349516,-0.0006636070502966139,5457,1665,2505.85
2026-08-28 11:28:02,okx,ETH,ETH-USD-260831-2375-P,2026-08-31,2375,put,0.0015715572021609,0.0012,0.0013,0.449694306563146,-0.0859346233510395,4.062241226376604,0.00013687103392540927,-0.0010776486280824273,2528,2577,2505.85
2026-08-28 11:28:02,okx,ETH,ETH-USD-261030-3000-P,2026-10-30,3000,put,0.2220836797940303,0.2195,0.223,0.549161646100478,-0.9640882987442041,3.3444238914595106,0.0013393384473216424,-0.0005840523563809952,470,210,2505.85
2026-08-28 11:28:02,okx,ETH,ETH-USD-261030-3000-C,2026-10-30,3000,call,0.031642183164505,0.0315,0.032,0.549161646100478,0.22590113673392145,0.9644450205032589,0.0013393384473216424,-0.0005849349471413145,15048,2693,2505.85
2026-08-28 11:28:02,okx,ETH,ETH-USD-261030-2500-P,2026-10-30,2500,put,0.0826839375321797,0.0825,0.083,0.526291224654251,-0.524358715430846,2.8554297980618606,0.0016374429993766982,-0.000685134090989775,2049,1026,2505.85
2026-08-28 11:28:02,okx,ETH,ETH-USD-260831-2375-C,2026-08-31,2375,call,0.0539248868848314,0.0515,0.056,0.449694306563146,0.8614359380909928,2.167500103492539,0.00013687103392540927,-0.0010754905969087287,0,0,2505.85
2026-08-28 11:28:02,okx,ETH,ETH-USD-261030-2500-C,2026-10-30,2500,call,0.0906007730682378,0.09,0.0915,0.526291224654251,0.4672991474675921,0.8721140722649843,0.0016374429993766982,-0.0006850967492870267,5907,11,2505.85
2026-08-28 11:28:02,okx,ETH,ETH-USD-261030-2600-P,2026-10-30,2600,put,0.1055550282812675,0.105,0.1065,0.5291106512628452,-0.618092471612824,3.051653954816088,0.0016541938019204586,-0.0006957508072395882,3505,0,2505.85
2026-08-28 11:28:02,okx,ETH,ETH-USD-261030-2600-C,2026-10-30,2600,call,0.0738001973842089,0.0735,0.074,0.5291106512628452,0.41323170580155144,0.9890055999873371,0.0016541938019204586,-0.0006958974520294535,8200,715,2505.85
2026-08-28 11:28:02,okx,ETH,ETH-USD-261030-3200-P,2026-10-30,3200,put,0.2906096948011938,0.2875,0.2915,0.5622044203585911,-1.1079642089347133,3.3491258844540654,0.0010971118239560445,-0.0004893021174863569,782,408,2505.85
2026-08-28 11:28:02,okx,ETH,ETH-USD-261030-3200-C,2026-10-30,3200,call,0.0208248653054351,0.0205,0.021,0.5622044203585911,0.16135785557528745,0.8104817554340644,0.0010971118239560445,-0.0004905526812319031,6977,410,2505.85
2026-08-28 11:28:02,okx,ETH,ETH-USD-261225-1500-C,2026-12-25,1500,call,0.4171681335406988,0.4135,0.421,0.6450344870097807,0.5285962268495646,-0.7586813124039213,0.0006270038804630264,-0.00017013887247457307,666,0,2505.85
2026-08-28 11:28:02,okx,ETH,ETH-USD-261225-1500-P,2026-12-25,1500,put,0.009786910263792,0.009,0.0095,0.6450344870097807,-0.06392891213405073,0.42636896556330944,0.0006270038804630264,-0.00017013887247457307,22780,752,2505.85
2026-08-28 11:28:02,okx,ETH,ETH-USD-261225-2100-P,2026-12-25,2100,put,0.0489234906878949,0.0485,0.0495,0.5536898025636496,-0.27566933182626513,1.5048021351035432,0.0017190849297506205,-0.00040041860193568553,4487,338,2505.85
2026-08-28 11:28:02,okx,ETH,ETH-USD-261225-2100-C,2026-12-25,2100,call,0.2192572032755645,0.2185,0.221,0.5536898025636496,0.5538658627507964,-0.15426825405057984,0.0017190849297506205,-0.00040041860193568553,2821,0,2505.85
2026-08-28 11:28:02,okx,ETH,ETH-USD-261127-1300-C,2026-11-27,1300,call,0.489147348101927,0.4865,0.492,0.7377498462863107,0.4874777450149702,-0.8252512531992813,0.00027491726148398926,-0.00011161677820427543,0,0,2505.85
2026-08-28 11:28:02,okx,ETH,ETH-USD-261127-1300-P,2026-11-27,1300,put,0.0036686478054721,0.0032,0.0035,0.7377498462863107,-0.026974326360532132,0.20365288955172348,0.00027491726148398926,-0.00011161677820427543,1301,956,2505.85
2026-08-28 11:28:02,okx,ETH,ETH-USD-261127-1200-C,2026-11-27,1200,call,0.5277693114565514,0.5255,0.5305,0.774902293355823,0.45514435409963433,-0.8011101926954028,0.00021059251004539324,-0.00008980659135388517,0,0,2505.85
2026-08-28 11:28:02,okx,ETH,ETH-USD-261127-1200-P,2026-11-27,1200,put,0.0027120496444391,0.0023,0.0026,0.774902293355823,-0.019734481016213893,0.14864747753629362,0.00021059251004539324,-0.00008980659135388517,209,0,2505.85
2026-08-28 11:28:02,okx,ETH,ETH-USD-261127-1100-C,2026-11-27,1100,call,0.5666093833188712,0.5645,0.569,0.8143848390220388,0.4211123817618954,-0.7641301286479378,0.00015831048106525932,-0.00007095086496846518,0,0,2505.85
2026-08-28 11:28:02,okx,ETH,ETH-USD-261225-2300-C,2026-12-25,2300,call,0.1686317396488845,0.1685,0.17,0.5427969505445815,0.5101535036303486,0.13593627768930433,0.0020436822427017474,-0.0004666606238440345,1584,0,2505.85
2026-08-28 11:28:02,okx,ETH,ETH-USD-261127-1100-P,2026-11-27,1100,put,0.0019735599911018,0.0017,0.002,0.8143848390220388,-0.014193217094298782,0.10648106906445075,0.00015831048106525932,-0.00007095086496846518,5,0,2505.85
2026-08-28 11:28:02,okx,ETH,ETH-USD-261225-2300-P,2026-12-25,2300,put,0.0773138639576274,0.0775,0.078,0.5427969505445815,-0.39838504281119497,1.9530133705723915,0.0020436822427017474,-0.0004666606238440345,6917,1005,2505.85
2026-08-28 11:28:02,okx,ETH,ETH-USD-261127-1600-C,2026-11-27,1600,call,0.3755982509852298,0.3725,0.379,0.6441601391754915,0.5675782090644383,-0.7803937192224,0.0005688406016116436,-0.00020165211426082465,0,0,2505.85
2026-08-28 11:28:02,okx,ETH,ETH-USD-261127-1600-P,2026-11-27,1600,put,0.008855235235747,0.008,0.0085,0.6441601391754915,-0.06559357109002606,0.4859498410865288,0.0005688406016116436,-0.00020165211426082465,885,0,2505.85
2026-08-28 11:28:02,okx,ETH,ETH-USD-261127-1550-C,2026-11-27,1550,call,0.3941767478185359,0.391,0.3975,0.6577162120250033,0.5566341610767965,-0.8034393266785089,0.0005072468931435702,-0.00018360152675448316,0,0,2505.85
2026-08-28 11:28:02,okx,ETH,ETH-USD-261127-1550-P,2026-11-27,1550,put,0.0076444513112244,0.007,0.0075,0.6577162120250033,-0.05675100094784087,0.4233309973707658,0.0005072468931435702,-0.00018360152675448316,1010,260,2505.85
2026-08-28 11:28:02,okx,ETH,ETH-USD-261127-1500-C,2026-11-27,1500,call,0.4129234026103887,0.41,0.416,0.6721162281719153,0.5445560864334192,-0.8194718872666918,0.0004511157081836408,-0.00016685939978732875,0,0,2505.85
2026-08-28 11:28:02,okx,ETH,ETH-USD-261127-1500-P,2026-11-27,1500,put,0.0066018253452485,0.006,0.0065,0.6721162281719153,-0.049042457461391124,0.36772520052292873,0.0004511157081836408,-0.00016685939978732875,582,0,2505.85
2026-08-28 11:28:02,okx,ETH,ETH-USD-261127-1400-C,2026-11-27,1400,call,0.4508263289225389,0.448,0.4545,0.703380506693875,0.5175360844106852,-0.8328416702904705,0.00035407541310307017,-0.00013705801713705768,0,0,2505.85
2026-08-28 11:28:02,okx,ETH,ETH-USD-261127-1400-P,2026-11-27,1400,put,0.0049261901417415,0.0043,0.0047,0.703380506693875,-0.03648922322447106,0.27520894497984216,0.00035407541310307017,-0.00013705801713705768,915,0,2505.85
2026-08-28 11:28:02,okx,ETH,ETH-USD-260904-2350-P,2026-09-04,2350,put,0.0054750665485038,0.005,0.0055,0.4808095951791613,-0.1595507226336098,3.921236134677238,0.0003253007491822041,-0.0011406625285366224,7190,1770,2505.85
2026-08-28 11:28:02,okx,ETH,ETH-USD-261127-1800-C,2026-11-27,1800,call,0.3035724218869997,0.3,0.3045,0.5984810115202086,0.597014985296939,-0.6091696787967579,0.0008712871363736878,-0.0002869657221381362,0,0,2505.85
2026-08-28 11:28:02,okx,ETH,ETH-USD-260904-2400-C,2026-09-04,2400,call,0.0522585454486242,0.0515,0.0535,0.47308925178145556,0.708648130567061,3.365111220185717,0.00042495373253296457,-0.0014655965287430246,5244,1269,2505.85
2026-08-28 11:28:02,okx,ETH,ETH-USD-261127-1800-P,2026-11-27,1800,put,0.0159865291688315,0.0155,0.016,0.5984810115202086,-0.11530326737683343,0.815466826550787,0.0008712871363736878,-0.0002869657221381362,715,0,2505.85
2026-08-28 11:28:02,okx,ETH,ETH-USD-261127-1750-C,2026-11-27,1750,call,0.3211666727531505,0.3175,0.325,0.6086211825242213,0.5921135332496074,-0.6644064641998992,0.0007875159189939227,-0.0002637696060398456,0,0,2505.85
2026-08-28 11:28:02,okx,ETH,ETH-USD-260904-2350-C,2026-09-04,2350,call,0.0682277647889987,0.0675,0.0695,0.4808095951791613,0.7774607505673805,2.0472131882752582,0.0003253007491822041,-0.0011398702364130977,6943,0,2505.85
2026-08-28 11:28:02,okx,ETH,ETH-USD-261127-1750-P,2026-11-27,1750,put,0.0137914992771536,0.013,0.0135,0.6086211825242213,-0.10041810129433792,0.7206568048879916,0.0007875159189939227,-0.0002637696060398456,784,535,2505.85
2026-08-28 11:28:02,okx,ETH,ETH-USD-261127-1700-C,2026-11-27,1700,call,0.3390603428748414,0.3355,0.3425,0.6196113610913692,0.5854717862028194,-0.7112454578976256,0.0007090075903655892,-0.00024176231333389566,0,0,2505.85
2026-08-28 11:28:02,okx,ETH,ETH-USD-261127-1700-P,2026-11-27,1700,put,0.0118958886410159,0.011,0.0115,0.6196113610913692,-0.08727323021129903,0.6342445749306111,0.0007090075903655892,-0.00024176231333389566,987,442,2505.85
2026-08-28 11:28:02,okx,ETH,ETH-USD-261127-1650-C,2026-11-27,1650,call,0.3572157179380716,0.354,0.3615,0.631457269157452,0.5772416846271564,-0.7498076314490147,0.000636077339750941,-0.000221040694737388,0,0,2505.85
2026-08-28 11:28:02,okx,ETH,ETH-USD-261127-1650-P,2026-11-27,1650,put,0.0102619829464175,0.0095,0.01,0.631457269157452,-0.07571671365713496,0.556109165119568,0.000636077339750941,-0.000221040694737388,1075,726,2505.85
2026-08-28 11:28:02,okx,ETH,ETH-USD-261127-2000-C,2026-11-27,2000,call,0.2370287714032389,0.235,0.238,0.5661757312293145,0.5966550134268785,-0.31029947001103225,0.0012444456539063777,-0.00038774439683661785,459,0,2505.85
2026-08-28 11:28:02,okx,ETH,ETH-USD-261127-2000-P,2026-11-27,2000,put,0.0286000017163854,0.028,0.0285,0.5661757312293145,-0.1948097117662019,1.2726299803751286,0.0012444456539063777,-0.00038774439683661785,23127,227,2505.85
2026-08-28 11:28:02,okx,ETH,ETH-USD-260904-2500-P,2026-09-04,2500,put,0.0246874045356425,0.0245,0.025,0.4787308341684445,-0.49267853657358374,7.045942972363144,0.0005449516869171332,-0.0019024085555394274,9061,3964,2505.85
2026-08-28 11:28:02,okx,ETH,ETH-USD-261127-1950-C,2026-11-27,1950,call,0.2530017982417051,0.2505,0.254,0.5730461371242821,0.599940408167535,-0.39541074972326434,0.0011475147280361284,-0.000361881351278487,100,0,2505.85
2026-08-28 11:28:02,okx,ETH,ETH-USD-261127-1950-P,2026-11-27,1950,put,0.0247837477970228,0.024,0.0245,0.5730461371242821,-0.17173769889571852,1.1479454644032425,0.0011475147280361284,-0.000361881351278487,5812,1,2505.85
2026-08-28 11:28:02,okx,ETH,ETH-USD-260904-2450-P,2026-09-04,2450,put,0.0157026876236407,0.0155,0.016,0.47247772332539684,-0.36306674888178686,6.430538592499532,0.0005062251127582936,-0.0017442193305903352,4466,4108,2505.85
2026-08-28 11:28:02,okx,ETH,ETH-USD-261127-1900-C,2026-11-27,1900,call,0.2694464899420846,0.267,0.2705,0.5807082768265797,0.601042798428408,-0.4741689399373109,0.0010522004019283488,-0.000336259703063797,0,0,2505.85
2026-08-28 11:28:02,okx,ETH,ETH-USD-260904-2500-C,2026-09-04,2500,call,0.0276213183269517,0.0275,0.028,0.4787308341684445,0.5041421795976827,5.052301540020611,0.0005449516869171332,-0.0019023695980705266,22466,2794,2505.85
2026-08-28 11:28:02,okx,ETH,ETH-USD-261127-1900-P,2026-11-27,1900,put,0.0214391587395736,0.0205,0.0215,0.5807082768265797,-0.15084869050501837,1.0296140379295418,0.0010522004019283488,-0.000336259703063797,2400,140,2505.85
2026-08-28 11:28:02,okx,ETH,ETH-USD-260904-2400-P,2026-09-04,2400,put,0.0094454420245245,0.009,0.0095,0.47308925178145556,-0.24829975695735484,5.279006995234548,0.00042495373253296457,-0.001466137709315008,7107,6417,2505.85
2026-08-28 11:28:02,okx,ETH,ETH-USD-261127-1850-C,2026-11-27,1850,call,0.2863181080779308,0.2825,0.287,0.5891811261787099,0.600033501684324,-0.5456368665599213,0.0009597782559085929,-0.0003111989181482106,10,0,2505.85
2026-08-28 11:28:02,okx,ETH,ETH-USD-260904-2450-C,2026-09-04,2450,call,0.0385761962313453,0.038,0.039,0.47247772332539684,0.6138175529660542,4.47676998880385,0.0005062251127582936,-0.001743929261569893,4566,2064,2505.85
2026-08-28 11:28:02,okx,ETH,ETH-USD-261127-1850-P,2026-11-27,1850,put,0.0185214961175912,0.018,0.0185,0.5891811261787099,-0.13207136911927542,0.9185728750472777,0.0009597782559085929,-0.0003111989181482106,1570,300,2505.85
2026-08-28 11:28:02,okx,ETH,ETH-USD-261127-2200-C,2026-11-27,2200,call,0.1786999075437667,0.1775,0.1795,0.546160891809458,0.5616721472712457,0.06596300537339757,0.0016168639328181798,-0.0004859733099262217,1175,0,2505.85
2026-08-28 11:28:02,okx,ETH,ETH-USD-261127-3600-P,2026-11-27,3600,put,0.4429660200848632,0.437,0.4485,0.5782319305923916,-1.3032827363594068,3.376234322350415,0.0011078086962079772,-0.00035252115624983805,0,0,2505.85
2026-08-28 11:28:02,okx,ETH,ETH-USD-261127-2200-P,2026-11-27,2200,put,0.0494282608882278,0.049,0.0495,0.546160891809458,-0.3089390504411428,1.8071854007981747,0.0016168639328181798,-0.0004859733099262217,1410,90,2505.85
2026-08-28 11:28:02,okx,ETH,ETH-USD-261127-3800-C,2026-11-27,3800,call,0.0135202110505416,0.014,0.0145,0.5898354943923304,0.09409730788469357,0.4408369623217454,0.0009235536761478019,-0.00029978602970690503,3525,0,2505.85
2026-08-28 11:28:02,okx,ETH,ETH-USD-261127-2150-C,2026-11-27,2150,call,0.1923702122062648,0.1905,0.1935,0.5500936481042181,0.5735827271961734,-0.030205003403706573,0.0015294427179919857,-0.0004630076769745319,1524,130,2505.85
2026-08-28 11:28:02,okx,ETH,ETH-USD-261127-3400-P,2026-11-27,3400,put,0.3704193122771698,0.3645,0.376,0.567358799976047,-1.1880114808533546,3.310244825736105,0.001319370022558693,-0.0004119483363374264,0,0,2505.85
2026-08-28 11:28:02,okx,ETH,ETH-USD-261127-2150-P,2026-11-27,2150,put,0.0433092847928971,0.0425,0.0435,0.5500936481042181,-0.27724185238638804,1.6714441557614164,0.0015294427179919857,-0.0004630076769745319,987,164,2505.85
2026-08-28 11:28:02,okx,ETH,ETH-USD-261127-3600-C,2026-11-27,3600,call,0.0181378055211993,0.0185,0.019,0.5782319305923916,0.12135376898813781,0.526961311655325,0.0011078086962079772,-0.00035252115624983805,2274,592,2505.85
2026-08-28 11:28:02,okx,ETH,ETH-USD-261127-2100-C,2026-11-27,2100,call,0.2066723091598724,0.2045,0.208,0.5547233496985163,0.5834437881136771,-0.12613575672573837,0.0014370848647461468,-0.0004387096707885011,200,0,2505.85
2026-08-28 11:28:02,okx,ETH,ETH-USD-261127-2100-P,2026-11-27,2100,put,0.0378221009886762,0.037,0.0375,0.5547233496985163,-0.24759417333905726,1.5359401661797305,0.0014370848647461468,-0.0004387096707885011,980,295,2505.85
2026-08-28 11:28:02,okx,ETH,ETH-USD-261127-3400-C,2026-11-27,3400,call,0.0247482207448208,0.025,0.0255,0.567358799976047,0.1574785519748822,0.619264760079631,0.001319370022558693,-0.0004119483363374264,2348,640,2505.85
2026-08-28 11:28:02,okx,ETH,ETH-USD-261127-2050-C,2026-11-27,2050,call,0.2215715254766997,0.2195,0.2225,0.5600758349702426,0.5911530296533486,-0.22005288267119452,0.0013415132864585842,-0.0004134853806058235,200,0,2505.85
2026-08-28 11:28:02,okx,ETH,ETH-USD-261127-2050-P,2026-11-27,2050,put,0.032932036547675,0.032,0.033,0.5600758349702426,-0.22009831366955893,1.4024498039746205,0.0013415132864585842,-0.0004134853806058235,1591,225,2505.85
2026-08-28 11:28:02,okx,ETH,ETH-USD-260918-2100-P,2026-09-18,2100,put,0.0053183170546813,0.0046,0.0047,0.565350297802334,-0.0869844930559817,1.2913083839935888,0.0003609377938685432,-0.0004891200837376864,7,7,2505.85
2026-08-28 11:28:02,okx,ETH,ETH-USD-261127-2600-C,2026-11-27,2600,call,0.0941034558260052,0.094,0.095,0.5364935425009731,0.416761335493274,0.6563645659305323,0.0019896500107147593,-0.0005874346139008018,4874,971,2505.85
2026-08-28 11:28:02,okx,ETH,ETH-USD-260918-2150-C,2026-09-18,2150,call,0.1510046521972884,0.1485,0.1535,0.5494711635413903,0.7430745315721536,-0.09772255931487021,0.00043591059269391014,-0.0005716062619322967,0,0,2505.85
2026-08-28 11:28:02,okx,ETH,ETH-USD-261127-2600-P,2026-11-27,2600,put,0.1231460552330956,0.1225,0.1245,0.5364935425009731,-0.6121428072577306,2.714172851432542,0.0019896500107147593,-0.0005874346139008018,270,0,2505.85
2026-08-28 11:28:02,okx,ETH,ETH-USD-260918-2050-P,2026-09-18,2050,put,0.0040810151184248,0.0035,0.0036,0.5841556781363162,-0.06757811137105695,1.0268316597277956,0.0002976219977851164,-0.00041674200643449676,5,5,2505.85
2026-08-28 11:28:02,okx,ETH,ETH-USD-261127-2500-C,2026-11-27,2500,call,0.1110916050192002,0.1105,0.1115,0.535668021981597,0.45781928027078467,0.5547377875996252,0.001960573006575189,-0.0005779590725620723,2270,0,2505.85
2026-08-28 11:28:02,okx,ETH,ETH-USD-260918-2100-C,2026-09-18,2100,call,0.1691972609613032,0.166,0.1715,0.565350297802334,0.7486407592529123,-0.37994212062419935,0.0003609377938685432,-0.0004862669868801969,0,0,2505.85
2026-08-28 11:28:02,okx,ETH,ETH-USD-261127-2500-P,2026-11-27,2500,put,0.1005556429106333,0.1005,0.1015,0.535668021981597,-0.5315116262205659,2.5333996005823263,0.001960573006575189,-0.0005779590725620723,1506,2584,2505.85
2026-08-28 11:28:02,okx,ETH,ETH-USD-260918-2000-P,2026-09-18,2000,put,0.0031897881596606,0.0026,0.0028,0.6059893939176939,-0.05300364998953285,0.8158864269376106,0.0002457983999443459,-0.00035704601389970075,0,0,2505.85
2026-08-28 11:28:02,okx,ETH,ETH-USD-260925-2300-C,2026-09-25,2300,call,0.1073614555623539,0.106,0.109,0.5187140346484556,0.6482831441519944,0.8929213400818652,0.0008667423070568105,-0.0008065589954862134,18062,34,2505.85
2026-08-28 11:28:02,okx,ETH,ETH-USD-261127-2400-C,2026-11-27,2400,call,0.1308176437114566,0.13,0.132,0.5368556254086788,0.497043524451424,0.4180994326388806,0.0018871583709484704,-0.0005575504898773681,1380,0,2505.85
2026-08-28 11:28:02,okx,ETH,ETH-USD-261127-4000-P,2026-11-27,4000,put,0.5934085868637096,0.588,0.6,0.6019921730554673,-1.5092550973582037,3.531793967183053,0.0007691431361512524,-0.0002548099362276979,0,0,2505.85
2026-08-28 11:28:02,okx,ETH,ETH-USD-260918-2050-C,2026-09-18,2050,call,0.1878589668107623,0.185,0.19,0.5841556781363162,0.7481513015971492,-0.6046271662086168,0.0002976219977851164,-0.0004135428083716672,0,0,2505.85
2026-08-28 11:28:02,okx,ETH,ETH-USD-260925-2300-P,2026-09-25,2300,put,0.022329889113295,0.022,0.0225,0.5187140346484556,-0.26642443033946384,2.722336489064782,0.0008667423070568105,-0.0008069116054135408,8415,1594,2505.85
2026-08-28 11:28:02,okx,ETH,ETH-USD-261127-2400-P,2026-11-27,2400,put,0.0807031200872323,0.0805,0.0815,0.5368556254086788,-0.4527141457802725,2.3176147731022736,0.0018871583709484704,-0.0005575504898773681,1850,1024,2505.85
2026-08-28 11:28:02,okx,ETH,ETH-USD-261127-2300-C,2026-11-27,2300,call,0.1533646396901452,0.1525,0.1545,0.5402785166735334,0.5323318910900391,0.2518204843956829,0.0017704846339080705,-0.0005264149400774685,2865,0,2505.85
2026-08-28 11:28:02,okx,ETH,ETH-USD-261127-3800-P,2026-11-27,3800,put,0.5175055486455199,0.512,0.524,0.5898354943923304,-1.4096856699821592,3.4484029180554514,0.0009235536761478019,-0.00029978602970690503,0,0,2505.85
2026-08-28 11:28:02,okx,ETH,ETH-USD-260918-2000-C,2026-09-18,2000,call,0.2068667476377137,0.2045,0.209,0.6059893939176939,0.7428299236379853,-0.775780720317426,0.0002457983999443459,-0.00035350071463153106,0,0,2505.85
2026-08-28 11:28:02,okx,ETH,ETH-USD-261127-2300-P,2026-11-27,2300,put,0.0636715545502636,0.0635,0.064,0.5402785166735334,-0.37785254288200354,2.072189352339768,0.0017704846339080705,-0.0005264149400774685,794,604,2505.85
2026-08-28 11:28:02,okx,ETH,ETH-USD-261127-4000-C,2026-11-27,4000,call,0.0102661262374166,0.0105,0.011,0.6019921730554673,0.0736743530279572,0.3659350664107311,0.0007691431361512524,-0.0002548099362276979,806,103,2505.85
2026-08-28 11:28:02,okx,ETH,ETH-USD-260918-2300-P,2026-09-18,2300,put,0.016596480953239,0.016,0.0165,0.5182832847559307,-0.23589107484128652,2.8572064464694993,0.0007064191483222874,-0.0008774746685291739,0,0,2505.85
2026-08-28 11:28:02,okx,ETH,ETH-USD-261127-3200-C,2026-11-27,3200,call,0.0342510251170284,0.034,0.035,0.5574359137304705,0.20457763258841452,0.705713964277978,0.0015469549421930403,-0.00047455980993658123,1889,192,2505.85
2026-08-28 11:28:02,okx,ETH,ETH-USD-260918-2350-C,2026-09-18,2350,call,0.0862768476956832,0.084,0.0895,0.5129816787687778,0.6409423761639887,1.4255780299692944,0.0007935859525047546,-0.0009744827416113573,0,0,2505.85
2026-08-28 11:28:02,okx,ETH,ETH-USD-261127-3200-P,2026-11-27,3200,put,0.3007649936180627,0.298,0.3025,0.5574359137304705,-1.061765927720514,3.2384010848958353,0.0015469549421930403,-0.00047455980993658123,0,0,2505.85
2026-08-28 11:28:02,okx,ETH,ETH-USD-260918-2250-P,2026-09-18,2250,put,0.0124791227929036,0.012,0.0125,0.5260528539236711,-0.1861556903454337,2.41232559264781,0.0006131859508115051,-0.0007731208704561074,0,0,2505.85
2026-08-28 11:28:02,okx,ETH,ETH-USD-261127-3000-C,2026-11-27,3000,call,0.0478807537213672,0.048,0.0485,0.5487370449797752,0.26419214473146707,0.7640348406228232,0.001765332219728358,-0.0005331004801204996,1540,980,2505.85
2026-08-28 11:28:02,okx,ETH,ETH-USD-260918-2300-C,2026-09-18,2300,call,0.1008793937169987,0.0985,0.103,0.5182832847559307,0.6793175348303593,1.0267892271262071,0.0007064191483222874,-0.000876005976493045,0,0,2505.85
2026-08-28 11:28:02,okx,ETH,ETH-USD-261127-3000-P,2026-11-27,3000,put,0.235237599191087,0.233,0.237,0.5487370449797752,-0.9230049430581537,3.1384290162020645,0.001765332219728358,-0.0005331004801204996,0,0,2505.85
2026-08-28 11:28:02,okx,ETH,ETH-USD-260918-2200-P,2026-09-18,2200,put,0.0093524857831477,0.0085,0.009,0.536409812557081,-0.1451749640730688,1.9906735779863844,0.0005211442268211451,-0.0006700341151575816,0,0,2505.85
2026-08-28 11:28:02,okx,ETH,ETH-USD-261127-2800-C,2026-11-27,2800,call,0.0672219513475619,0.067,0.068,0.5416050849174285,0.3361184958280196,0.7606326855136215,0.0019317379642770339,-0.0005757703463922079,7056,1550,2505.85
2026-08-28 11:28:02,okx,ETH,ETH-USD-260918-2250-C,2026-09-18,2250,call,0.1166610433423788,0.1145,0.1185,0.5260528539236711,0.7091570799855241,0.621700051985895,0.0006131859508115051,-0.0007713060772146384,0,0,2505.85
2026-08-28 11:28:02,okx,ETH,ETH-USD-261127-2800-P,2026-11-27,2800,put,0.175421673785967,0.1745,0.177,0.5416050849174285,-0.771932119442293,2.9767339160542465,0.0019317379642770339,-0.0005757703463922079,130,40,2505.85
2026-08-28 11:28:02,okx,ETH,ETH-USD-260918-2150-P,2026-09-18,2150,put,0.007024716076382,0.006,0.0065,0.5494711635413903,-0.11244656007742833,1.6133196239842937,0.00043591059269391014,-0.000574113257584446,0,0,2505.85
2026-08-28 11:28:02,okx,ETH,ETH-USD-261127-2700-C,2026-11-27,2700,call,0.079602241268847,0.0795,0.0805,0.538757601377267,0.37575360904563854,0.7233931113553193,0.0019779480150561974,-0.0005864441111032547,5101,1964,2505.85
2026-08-28 11:28:02,okx,ETH,ETH-USD-260918-2200-C,2026-09-18,2200,call,0.1334334141183384,0.1315,0.1355,0.536409812557081,0.730241966917201,0.2398397160058447,0.0005211442268211451,-0.0006678732207107724,1,1,2505.85
2026-08-28 11:28:02,okx,ETH,ETH-USD-261127-2700-P,2026-11-27,2700,put,0.1482234021915948,0.1475,0.1495,0.538757601377267,-0.6927237699650199,2.860347869376636,0.0019779480150561974,-0.0005864441111032547,0,0,2505.85
2026-08-28 11:28:02,okx,ETH,ETH-USD-260904-1700-C,2026-09-04,1700,call,0.3221333418200786,0.321,0.3235,1.0816544567931259,0.674170285313487,-1.2774071267745062,0.000014410915756734692,-0.00010962671892025656,0,0,2505.85
2026-08-28 11:28:02,okx,ETH,ETH-USD-260918-2500-P,2026-09-18,2500,put,0.0462284908939774,0.0465,0.047,0.5106755436970538,-0.5058213617936382,4.262026040244376,0.0009484386898564109,-0.0011603833278676266,0,0,2505.85
2026-08-28 11:28:02,okx,ETH,ETH-USD-260904-1700-P,2026-09-04,1700,put,0.0001659109664461,0.0001,0.0003,1.0816544567931259,-0.0036678016829741313,0.07826904721841586,0.000014410915756734692,-0.00011368346121381748,5877,1435,2505.85
2026-08-28 11:28:02,okx,ETH,ETH-USD-260918-2550-C,2026-09-18,2550,call,0.0421049327732467,0.042,0.0425,0.5139882665242156,0.4336520552949054,2.3727148649267233,0.0009515472980232398,-0.00117181562684695,907,907,2505.85
2026-08-28 11:28:02,okx,ETH,ETH-USD-260904-1650-C,2026-09-04,1650,call,0.3420509496864503,0.341,0.3435,1.1404692953360724,0.6548360975479061,-1.2525156245432516,0.000012243391866928744,-0.00009752848183148888,0,0,2505.85
2026-08-28 11:28:02,okx,ETH,ETH-USD-260918-2450-P,2026-09-18,2450,put,0.0366257898176386,0.0365,0.037,0.50929880005901,-0.4312549409778871,4.023812977738888,0.0009199588705002784,-0.0011226454488499418,0,0,2505.85
2026-08-28 11:28:02,okx,ETH,ETH-USD-260904-1650-P,2026-09-04,1650,put,0.0001439240164226,,0.0002,1.1404692953360724,-0.003065575125129748,0.06328772080281997,0.000012243391866928744,-0.00010183633567659106,2019,1,2505.85
2026-08-28 11:28:02,okx,ETH,ETH-USD-260918-2500-C,2026-09-18,2500,call,0.0509153725148748,0.0505,0.0515,0.5106755436970538,0.48897060524075947,2.2724421061755815,0.0009484386898564109,-0.0011602990406528579,0,0,2505.85
2026-08-28 11:28:02,okx,ETH,ETH-USD-260904-1600-C,2026-09-04,1600,call,0.3619682810596345,0.361,0.3635,1.1969362496503635,0.6354540157608889,-1.2254909000323964,0.00001021039893085765,-0.00008457257494202722,0,0,2505.85
2026-08-28 11:28:02,okx,ETH,ETH-USD-260918-2400-P,2026-09-18,2400,put,0.0285310896642864,0.0285,0.029,0.5100272505227991,-0.35990228996611345,3.6947675576470527,0.0008669709949306229,-0.0010596012660708933,0,0,2505.85
2026-08-28 11:28:02,okx,ETH,ETH-USD-260904-1600-P,2026-09-04,1600,put,0.0001216605732116,0.0001,0.0002,1.1969362496503635,-0.002511242588721568,0.05043961666682469,0.00001021039893085765,-0.00008913154033867064,2695,1,2505.85
2026-08-28 11:28:02,okx,ETH,ETH-USD-260918-2450-C,2026-09-18,2450,call,0.0612116792242517,0.06,0.064,0.50929880005901,0.5436411867158225,2.0740207223514675,0.0009199588705002784,-0.0011222150604298332,0,0,2505.85
2026-08-28 11:28:02,okx,ETH,ETH-USD-260904-1550-C,2026-09-04,1550,call,0.381885939440947,0.381,0.3835,1.2504933837752605,0.6160221138369514,-1.1966146413941472,0.000008321458832889345,-0.00007108241744563582,0,0,2505.85
2026-08-28 11:28:02,okx,ETH,ETH-USD-260918-2350-P,2026-09-18,2350,put,0.0218929427176391,0.0215,0.022,0.5129816787687778,-0.2941620728483451,3.2957869279939622,0.0007935859525047546,-0.0009756053324421461,0,0,2505.85
2026-08-28 11:28:02,okx,ETH,ETH-USD-260904-1550-P,2026-09-04,1550,put,0.0000997241381289,,,1.2504933837752605,-0.002006730189233762,0.039443046658223145,0.000008321458832889345,-0.0000758924943938205,1410,0,2505.85
2026-08-28 11:28:02,okx,ETH,ETH-USD-260918-2400-C,2026-09-18,2400,call,0.073015986856615,0.0705,0.0755,0.5100272505227991,0.5950979983869081,1.7847669809410087,0.0008669709949306229,-0.0010588247764454445,0,0,2505.85
2026-08-28 11:28:02,okx,ETH,ETH-USD-260904-1900-C,2026-09-04,1900,call,0.2424673132945314,0.241,0.2445,0.8379520884387366,0.7506478531172062,-1.3385300767384274,0.000025617330989711895,-0.00015350351474853344,3818,0,2505.85
2026-08-28 11:28:02,okx,ETH,ETH-USD-260918-2700-P,2026-09-18,2700,put,0.0982037167741205,0.0945,0.101,0.5309961680573001,-0.7909015462046948,4.3481549062194595,0.0008393216388101235,-0.001066776191233297,0,0,2505.85
2026-08-28 11:28:02,okx,ETH,ETH-USD-260904-1900-P,2026-09-04,1900,put,0.0002582617064797,0.0002,0.0004,0.8379520884387366,-0.006935891172956347,0.1766374118418976,0.000025617330989711895,-0.00015655581083592936,14801,201,2505.85
2026-08-28 11:28:02,okx,ETH,ETH-USD-260918-2750-C,2026-09-18,2750,call,0.0190919437400488,0.019,0.0195,0.538523528673297,0.2424178922531816,2.042204915430799,0.0007775826133271369,-0.001003586414477252,0,0,2505.85
2026-08-28 11:28:02,okx,ETH,ETH-USD-260904-1850-C,2026-09-04,1850,call,0.2623803552155535,0.261,0.264,0.8984170678543857,0.7317487668774068,-1.3322299543180833,0.000022150700276662578,-0.00014183483800836178,305,0,2505.85
2026-08-28 11:28:02,okx,ETH,ETH-USD-260918-2650-P,2026-09-18,2650,put,0.0834415124574525,0.0795,0.086,0.524321677104601,-0.724968717068838,4.42845785847415,0.0008923351845674874,-0.0011202418059524516,0,0,2505.85
2026-08-28 11:28:02,okx,ETH,ETH-USD-260904-1850-P,2026-09-04,1850,put,0.0002317088111065,0.0002,0.0004,0.8984170678543857,-0.005898563089330368,0.14306470561539084,0.000022150700276662578,-0.00014513824564729898,6954,4001,2505.85
2026-08-28 11:28:02,okx,ETH,ETH-USD-260918-2700-C,2026-09-18,2700,call,0.0232945672521556,0.023,0.0235,0.5309961680573001,0.2834737781924546,2.1994042574251607,0.0008393216388101235,-0.0010680763088398888,0,0,2505.85
2026-08-28 11:28:02,okx,ETH,ETH-USD-260904-1800-C,2026-09-04,1800,call,0.2822971704186033,0.281,0.284,0.9598011053091345,0.7126573810163226,-1.3184376303380085,0.000019267174264807493,-0.00013131566314002817,280,0,2505.85
2026-08-28 11:28:02,okx,ETH,ETH-USD-260918-2600-P,2026-09-18,2600,put,0.0697650717958442,0.069,0.0715,0.5186157677191693,-0.6546410793899482,4.452581852230309,0.0009314533921617908,-0.0011569103524375719,0,0,2505.85
2026-08-28 11:28:02,okx,ETH,ETH-USD-260904-1800-P,2026-09-04,1800,put,0.000208929197761,0.0001,0.0003,0.9598011053091345,-0.005053534626989243,0.11698420094861507,0.000019267174264807493,-0.0001348701823305066,6980,1604,2505.85
2026-08-28 11:28:02,okx,ETH,ETH-USD-260918-2650-C,2026-09-18,2650,call,0.0284313707212032,0.0285,0.029,0.524321677104601,0.32951076798762347,2.319498888361227,0.0008923351845674874,-0.0011211958223537035,0,0,2505.85
2026-08-28 11:28:02,okx,ETH,ETH-USD-260904-1750-C,2026-09-04,1750,call,0.3022152682307833,0.301,0.304,1.0211704718845844,0.6934506183076903,-1.2996693515593682,0.000016731138549517338,-0.00012080085935318011,16,0,2505.85
2026-08-28 11:28:02,okx,ETH,ETH-USD-260918-2550-P,2026-09-18,2550,put,0.0573170589380648,0.0575,0.0585,0.5139882665242156,-0.5810357510801802,4.402090477676894,0.0009515472980232398,-0.0011715538128563787,0,0,2505.85
2026-08-28 11:28:02,okx,ETH,ETH-USD-260904-1750-P,2026-09-04,1750,put,0.000187432193546,0.0001,0.0003,1.0211704718845844,-0.004323883012196135,0.09587965108040494,0.000016731138549517338,-0.00012460649009519978,5730,0,2505.85
2026-08-28 11:28:02,okx,ETH,ETH-USD-260918-2600-C,2026-09-18,2600,call,0.0346539378453105,0.0345,0.035,0.5186157677191693,0.3799425663258253,2.3834145607987622,0.0009314533921617908,-0.0011575182676334837,0,0,2505.85
2026-08-28 11:28:02,okx,ETH,ETH-USD-260904-2100-C,2026-09-04,2100,call,0.16299595066216,0.1615,0.1645,0.6244705099010421,0.8196237900655065,-1.1426499291984935,0.000058246332442213654,-0.00026322599723596434,2740,0,2505.85
2026-08-28 11:28:02,okx,ETH,ETH-USD-260918-2900-P,2026-09-18,2900,put,0.165175951356253,0.162,0.168,0.5650467536542243,-1.0049258438099677,3.809006852136378,0.0005808749200602672,-0.0007840204020188098,0,0,2505.85
2026-08-28 11:28:02,okx,ETH,ETH-USD-260904-2100-P,2026-09-04,2100,put,0.0005452783396889,0.0005,0.0006,0.6244705099010421,-0.017705611518357308,0.5320088739692341,0.000058246332442213654,-0.00026527384711719524,9012,0,2505.85
2026-08-28 11:28:02,okx,ETH,ETH-USD-260918-3000-C,2026-09-18,3000,call,0.0073931505390159,0.007,0.0075,0.5848886185815069,0.10773557835934265,1.1739384840198956,0.00046433679587690375,-0.0006509802780281412,0,0,2505.85
2026-08-28 11:28:02,okx,ETH,ETH-USD-260904-2050-C,2026-09-04,2050,call,0.1828095550872526,0.1815,0.1845,0.6717275029272916,0.8042783511672135,-1.2523073638321665,0.00004494684234366419,-0.0002178958374085964,1506,0,2505.85
2026-08-28 11:28:02,okx,ETH,ETH-USD-260918-2850-P,2026-09-18,2850,put,0.1475144541331988,0.1445,0.1495,0.555664822126029,-0.9585766431592319,3.9494242690364394,0.0006452442476142105,-0.0008570131552744094,0,0,2505.85
2026-08-28 11:28:02,okx,ETH,ETH-USD-260904-2050-P,2026-09-04,2050,put,0.0004192879483865,0.0004,0.0005,0.6717275029272916,-0.013114636093225074,0.38247861068871064,0.00004494684234366419,-0.00022019479884136854,8992,370,2505.85
2026-08-28 11:28:02,okx,ETH,ETH-USD-260918-2900-C,2026-09-18,2900,call,0.0106707706914259,0.0105,0.011,0.5650467536542243,0.14903283794993366,1.501089488616575,0.0005808749200602672,-0.0007867049244467621,0,0,2505.85
2026-08-28 11:28:02,okx,ETH,ETH-USD-260904-2000-C,2026-09-04,2000,call,0.202672300211662,0.2015,0.2045,0.7236531629688466,0.7872332861338193,-1.3085261091854876,0.0000361465518837554,-0.00018822106604339186,6112,0,2505.85
2026-08-28 11:28:02,okx,ETH,ETH-USD-260918-2800-P,2026-09-18,2800,put,0.1303824833947052,0.1275,0.133,0.5467856036301775,-0.9076831261445784,4.093291913496897,0.0007116824237088712,-0.000930668280003908,0,0,2505.85
2026-08-28 11:28:02,okx,ETH,ETH-USD-260904-2000-P,2026-09-04,2000,put,0.0003424382564007,0.0003,0.0004,0.7236531629688466,-0.01022328680319368,0.28638703668853827,0.0000361465518837554,-0.00019077113902770524,10903,236,2505.85
2026-08-28 11:28:02,okx,ETH,ETH-USD-260918-2850-C,2026-09-18,2850,call,0.0129082812540873,0.0125,0.013,0.555664822126029,0.1754861992599813,1.6812985841980128,0.0006452442476142105,-0.0008593515764970216,0,0,2505.85
2026-08-28 11:28:02,okx,ETH,ETH-USD-260904-1950-C,2026-09-04,1950,call,0.2225622732801417,0.2215,0.2245,0.7793741223571263,0.7692202674058171,-1.3330649698661345,0.000030063998606594104,-0.00016808560900487458,5084,100,2505.85
2026-08-28 11:28:02,okx,ETH,ETH-USD-260918-2750-P,2026-09-18,2750,put,0.1139001010477292,0.111,0.1165,0.538523528673297,-0.8518532714846557,4.230747242906474,0.0007775826133271369,-0.00100194019566532,0,0,2505.85
2026-08-28 11:28:02,okx,ETH,ETH-USD-260904-1950-P,2026-09-04,1950,put,0.000292816508485,0.0003,0.0004,0.7793741223571263,-0.008299891207770778,0.22197534736104096,0.000030063998606594104,-0.00017088679354072925,4688,583,2505.85
2026-08-28 11:28:02,okx,ETH,ETH-USD-260918-2800-C,2026-09-18,2800,call,0.0156753183013091,0.0155,0.016,0.5467856036301775,0.20648387693394687,1.8649579073398463,0.0007116824237088712,-0.0009326606000211801,0,0,2505.85
