snapshot_utc,exchange,underlying,instrument,expiry,strike,type,mark_price,bid,ask,mark_iv,delta,gamma,vega,theta,open_interest,volume_24h,underlying_price
2026-08-15 01:51:06,okx,BTC,BTC-USD-260817-64750-C,2026-08-17,64750,call,0.0001798149935889,0.0001,0.0002,0.18708128100422788,0.031124002052166214,4.729361414589453,0.00005541172165686271,-0.00022972590616066597,252,275,62963.6
2026-08-15 01:51:06,okx,BTC,BTC-USD-270326-90000-C,2027-03-26,90000,call,0.0262172201629818,0.026,0.027,0.39444217417965866,0.15333702496166848,0.5426048647713291,0.0020490115291371945,-0.00018100649773280722,3676,0,62963.6
2026-08-15 01:51:06,okx,BTC,BTC-USD-260817-64750-P,2026-08-17,64750,put,0.0280597139976164,0.0265,0.0295,0.18708128100422788,-0.9966891889516094,6.784987796597004,0.00005541172165686271,-0.0002289622074415194,20,20,62963.6
2026-08-15 01:51:06,okx,BTC,BTC-USD-270326-85000-P,2027-03-26,85000,put,0.3503156419931108,0.339,0.362,0.393698214548742,-1.1187735566047141,3.227431622372204,0.00238373893111229,-0.00021017862860489195,518,0,62963.6
2026-08-15 01:51:06,okx,BTC,BTC-USD-270326-85000-C,2027-03-26,85000,call,0.0359962423270972,0.0355,0.0365,0.393698214548742,0.19555600449678073,0.5987725001692146,0.00238373893111229,-0.00021017862860489195,5535,0,62963.6
2026-08-15 01:51:06,okx,BTC,BTC-USD-270326-80000-P,2027-03-26,80000,put,0.2865127598316455,0.2755,0.3005,0.3942186297504088,-0.9904516380142707,3.1018741729591506,0.002702976050522746,-0.00023864138511502724,2575,0,62963.6
2026-08-15 01:51:06,okx,BTC,BTC-USD-270326-100000-C,2027-03-26,100000,call,0.0141942276381299,0.0145,0.015,0.39890158728687397,0.09309655625841064,0.4058206934620905,0.0014444692979267057,-0.00012904479711342237,59263,10,62963.6
2026-08-15 01:51:06,okx,BTC,BTC-USD-270326-95000-P,2027-03-26,95000,put,0.4881493067325236,0.473,0.6945,0.3962354624687136,-1.349418407133779,3.412686488978564,0.0017300984768831038,-0.00015352905782642086,3,0,62963.6
2026-08-15 01:51:06,okx,BTC,BTC-USD-270326-95000-C,2027-03-26,95000,call,0.0192040953410966,0.019,0.02,0.3962354624687136,0.11953816115612678,0.47477335239875235,0.0017300984768831038,-0.00015352905782642086,2849,151,62963.6
2026-08-15 01:51:06,okx,BTC,BTC-USD-270326-90000-P,2027-03-26,90000,put,0.4178495256917021,0.404,0.621,0.39444217417965866,-1.2383060397340317,3.3258909941627297,0.0020490115291371945,-0.00018100649773280722,4,0,62963.6
2026-08-15 01:51:06,okx,BTC,BTC-USD-270326-110000-C,2027-03-26,110000,call,0.0080428372530448,0.008,0.009,0.4062937955403852,0.05713469229638716,0.2856072102943577,0.0009937494282248774,-0.00009042395561937753,3582,229,62963.6
2026-08-15 01:51:06,okx,BTC,BTC-USD-270326-105000-P,2027-03-26,105000,put,0.6341843005410666,0.6205,0.649,0.40229474856363934,-1.5508685593681268,3.58899836587207,0.0011989938406893597,-0.00010802586061038861,10,0,62963.6
2026-08-15 01:51:06,okx,BTC,BTC-USD-270326-105000-C,2027-03-26,105000,call,0.0106132774242262,0.0105,0.0115,0.40229474856363934,0.07271501611019014,0.341831214915436,0.0011989938406893597,-0.00010802586061038861,1722,0,62963.6
2026-08-15 01:51:06,okx,BTC,BTC-USD-270326-100000-P,2027-03-26,100000,put,0.5604523448922636,0.55,0.5745,0.39890158728687397,-1.4531735156257009,3.498360837230314,0.0014444692979267057,-0.00012904479711342237,33,0,62963.6
2026-08-15 01:51:06,okx,BTC,BTC-USD-270326-130000-C,2027-03-26,130000,call,0.0030848258143969,0.0033,0.0038,0.4265520804277617,0.023957806834186503,0.13917683651051685,0.00048813398274692726,-0.0000466313004394301,1044,0,62963.6
2026-08-15 01:51:06,okx,BTC,BTC-USD-270326-120000-P,2027-03-26,120000,put,0.8603389845863323,0.02,2.155,0.41572103299838425,-1.8193122703050066,3.909257193921042,0.0006881655208848828,-0.0000640709740528594,1,0,62963.6
2026-08-15 01:51:06,okx,BTC,BTC-USD-270326-120000-C,2027-03-26,120000,call,0.004829243881372,0.005,0.0055,0.41572103299838425,0.03621181595592706,0.19820902139917496,0.0006881655208848828,-0.0000640709740528594,2038,0,62963.6
2026-08-15 01:51:06,okx,BTC,BTC-USD-270326-110000-P,2027-03-26,110000,put,0.7089267662325918,0.02,1.7765,0.4062937955403852,-1.6437623867761353,3.6874013684394025,0.0009937494282248774,-0.00009042395561937753,5,0,62963.6
2026-08-15 01:51:06,okx,BTC,BTC-USD-270326-160000-C,2027-03-26,160000,call,0.0011318083623022,0.0011,0.0017,0.4635433658058057,0.00910872417572153,0.05684062385876238,0.0002128131655902184,-0.00002209302993919574,556,0,62963.6
2026-08-15 01:51:06,okx,BTC,BTC-USD-270326-140000-P,2027-03-26,140000,put,1.1668543958798545,,2.9205,0.4383358623767694,-2.1481749386799054,4.429724290742799,0.0003575940157207668,-0.00003510457063271187,0,0,62963.6
2026-08-15 01:51:06,okx,BTC,BTC-USD-270326-140000-C,2027-03-26,140000,call,0.0020930317240678,0.0021,0.0029,0.4383358623767694,0.01660316195785054,0.10016808946728688,0.0003575940157207668,-0.00003510457063271187,1622,0,62963.6
2026-08-15 01:51:06,okx,BTC,BTC-USD-270326-130000-P,2027-03-26,130000,put,1.0132203782447706,,2.5365,0.4265520804277617,-1.9861932866151584,4.159479023409207,0.00048813398274692726,-0.0000466313004394301,0,0,62963.6
2026-08-15 01:51:06,okx,BTC,BTC-USD-270326-200000-C,2027-03-26,200000,call,0.0005319464757247,0.0001,0.0009,0.515709162085567,0.004163036673876907,0.025569106288924393,0.00010691865904296881,-0.000012348800365501472,357,0,62963.6
2026-08-15 01:51:06,okx,BTC,BTC-USD-270326-180000-P,2027-03-26,180000,put,1.7839925913865193,,4.463,0.48964341101883047,-2.7774742664661214,5.6028690524869695,0.00014351990854330994,-0.000015738324045078745,0,0,62963.6
2026-08-15 01:51:06,okx,BTC,BTC-USD-260828-61000-P,2026-08-28,61000,put,0.0097445769301818,0.0095,0.01,0.3001565906667808,-0.28007304668715455,6.3439361089629385,0.0006305034452728013,-0.0007138145897744954,16126,7532,62963.6
2026-08-15 01:51:06,okx,BTC,BTC-USD-270326-180000-C,2027-03-26,180000,call,0.0007279803290787,0.0005,0.0012,0.48964341101883047,0.005811862925279396,0.036296793704169245,0.00014351990854330994,-0.000015738324045078745,11100,0,62963.6
2026-08-15 01:51:06,okx,BTC,BTC-USD-260828-61000-C,2026-08-28,61000,call,0.0425668463136276,0.041,0.0445,0.3001565906667808,0.6871154194996307,4.409559176589368,0.0006305034452728013,-0.0007138145897744954,421,8,62963.6
2026-08-15 01:51:06,okx,BTC,BTC-USD-270326-160000-P,2027-03-26,160000,put,1.475144795968916,,3.691,0.4635433658058057,-2.464923390838857,5.004904853887919,0.0002128131655902184,-0.00002209302993919574,0,0,62963.6
2026-08-15 01:51:06,okx,BTC,BTC-USD-270326-200000-P,2027-03-26,200000,put,2.0930481809839923,0.0001,5.236,0.515709162085567,-3.088377107094346,6.210649393825371,0.00010691865904296881,-0.000012348800365501472,0,0,62963.6
2026-08-15 01:51:06,okx,BTC,BTC-USD-260816-64250-C,2026-08-16,64250,call,0.0000359078933382,,0.0001,0.14961647798882685,0.011848998971646856,3.505108955747393,0.000018171155105281333,-0.00010820912626752467,1019,223,62963.6
2026-08-15 01:51:06,okx,BTC,BTC-USD-260816-64250-P,2026-08-16,64250,put,0.0201124032507418,0.0185,0.0215,0.14961647798882685,-1.008232754739929,5.545272463170544,0.000018171155105281333,-0.00010820912626752467,187,120,62963.6
2026-08-15 01:51:06,okx,BTC,BTC-USD-260816-63250-C,2026-08-16,63250,call,0.0003841743041616,0.0002,0.0004,0.07473008939906603,0.16940767537260057,57.33903293211706,0.00014834733878382956,-0.00044124235054467705,4264,4507,62963.6
2026-08-15 01:51:06,okx,BTC,BTC-USD-260816-63250-P,2026-08-16,63250,put,0.0045839926910219,0.0024,0.0065,0.07473008939906603,-0.8347973195263438,59.34744292191495,0.00014834733878382956,-0.00044124235054467705,981,1005,62963.6
2026-08-15 01:51:06,okx,BTC,BTC-USD-260925-85000-P,2026-09-25,85000,put,0.3437523586348815,0.3405,0.347,0.37757448037143126,-1.3318941136690756,2.907550313135017,0.00010403163706533882,-0.000047604560464761204,2766,0,62963.6
2026-08-15 01:51:06,okx,BTC,BTC-USD-260925-85000-C,2026-09-25,85000,call,0.000499653111083,0.0005,0.0008,0.37757448037143126,0.011371328393817123,0.22101942900923122,0.00010403163706533882,-0.000047604560464761204,13553,28,62963.6
2026-08-15 01:51:06,okx,BTC,BTC-USD-260925-45000-P,2026-09-25,45000,put,0.0022580271653711,0.0022,0.0023,0.5627346489371063,-0.031213525551737762,0.41163094005671785,0.0002221157577356624,-0.0001514828684548555,19012,583,62963.6
2026-08-15 01:51:06,okx,BTC,BTC-USD-260925-45000-C,2026-09-25,45000,call,0.291124241888066,0.2895,0.2925,0.5627346489371063,0.6799270025992055,-1.0106501162451687,0.0002221157577356624,-0.0001514828684548555,530,0,62963.6
2026-08-15 01:51:06,okx,BTC,BTC-USD-260828-64500-C,2026-08-28,64500,call,0.0112864051173384,0.011,0.0115,0.2689400783678853,0.32888760328177846,6.492656711554055,0.0006984171031943129,-0.0007084683699494283,866,569,62963.6
2026-08-15 01:51:06,okx,BTC,BTC-USD-260828-64500-P,2026-08-28,64500,put,0.0339579399495963,0.0325,0.0355,0.2689400783678853,-0.6937952830960517,8.538022484309714,0.0006984171031943129,-0.0007084683699494283,907,320,62963.6
2026-08-15 01:51:06,okx,BTC,BTC-USD-260815-62250-C,2026-08-15,62250,call,0.0118413794923821,0.0001,0.056,0.22534764624473236,0.9646570197035197,7.370665607861443,0.000014711833478009534,-0.00016576385231069517,0,0,62963.6
2026-08-15 01:51:06,okx,BTC,BTC-USD-260815-62250-P,2026-08-15,62250,put,0.0000529805343924,,0.0001,0.22534764624473236,-0.023573406991929915,9.347126461252344,0.000014711833478009534,-0.00016576385231069517,6389,7642,62963.6
2026-08-15 01:51:06,okx,BTC,BTC-USD-260818-61750-C,2026-08-18,61750,call,0.0214408493491791,0.021,0.1135,0.21158590994433868,0.8224009596382866,10.332339551232463,0.0002260797747068032,-0.0007339327769910332,0,0,62963.6
2026-08-15 01:51:06,okx,BTC,BTC-USD-260816-62600-P,2026-08-16,62600,put,0.0001727434042262,0.0002,0.0004,0.0769997539576443,-0.08708294654419499,35.19679042862884,0.00009281394520684128,-0.0002844490572209708,114,115,62963.6
2026-08-15 01:51:06,okx,BTC,BTC-USD-260818-61750-P,2026-08-18,61750,put,0.0016470268500521,0.0019,0.002,0.21158590994433868,-0.15771134221206157,12.292564154933158,0.0002260797747068032,-0.00073447520138107,58,58,62963.6
2026-08-15 01:51:06,okx,BTC,BTC-USD-260816-62600-C,2026-08-16,62600,call,0.0062927650482189,0.0021,0.0115,0.0769997539576443,0.906802155126539,33.20902022528737,0.00009281394520684128,-0.0002844490572209708,0,0,62963.6
2026-08-15 01:51:06,okx,BTC,BTC-USD-260817-59000-P,2026-08-17,59000,put,0.0000250803574442,,0.0002,0.3087561528223682,-0.0033847352372230097,0.42409697517620265,0.000007964940366147427,-0.00005449791892641837,1073,1132,62963.6
2026-08-15 01:51:06,okx,BTC,BTC-USD-260817-60000-C,2026-08-17,60000,call,0.0475510136543966,0.046,0.149,0.24200546691068547,0.9472793268964241,-1.1206105836876141,0.000011577822778590716,-0.000060789637308145856,0,0,62963.6
2026-08-15 01:51:06,okx,BTC,BTC-USD-260817-59000-C,2026-08-17,59000,call,0.0634186023294842,0.005,0.164,0.3087561528223682,0.9331554696928581,-1.4489834346839596,0.000007964940366147427,-0.000052760987915127555,0,0,62963.6
2026-08-15 01:51:06,okx,BTC,BTC-USD-260816-64750-C,2026-08-16,64750,call,0.0000669068834029,,0.0006,0.21565111617272958,0.014637693273887564,2.9131016010706947,0.000021838622105855278,-0.00018744716285774406,1045,267,62963.6
2026-08-15 01:51:06,okx,BTC,BTC-USD-260816-64750-P,2026-08-16,64750,put,0.0280817407260779,0.0265,0.0295,0.21565111617272958,-1.0133824398440041,4.969141867306478,0.000021838622105855278,-0.00018744716285774406,100,100,62963.6
2026-08-15 01:51:06,okx,BTC,BTC-USD-260817-62500-P,2026-08-17,62500,put,0.0018744657503908,0.002,0.0021,0.1536553365150311,-0.2572305230326611,27.113987866758396,0.00025264543659874155,-0.0008602418254252307,481,396,62963.6
2026-08-15 01:51:06,okx,BTC,BTC-USD-260925-75000-P,2026-09-25,75000,put,0.1883937455634116,0.187,0.1915,0.3274384666650105,-1.1201214091488767,3.4368418167983954,0.0004428686873021421,-0.0001757458855541559,6971,0,62963.6
2026-08-15 01:51:06,okx,BTC,BTC-USD-260817-63000-C,2026-08-17,63000,call,0.0046755064517716,0.0045,0.0048,0.1503186897505201,0.4944100966627267,32.76509872090429,0.00031363685005047023,-0.0010446580395470936,918,950,62963.6
2026-08-15 01:51:06,okx,BTC,BTC-USD-260925-75000-C,2026-09-25,75000,call,0.0031707701012365,0.0034,0.0035,0.3274384666650105,0.0651128044360289,1.0663733896285845,0.0004428686873021421,-0.0001757458855541559,16393,802,62963.6
2026-08-15 01:51:06,okx,BTC,BTC-USD-260817-62000-P,2026-08-17,62000,put,0.0006431860252412,0.0008,0.001,0.16179642918974296,-0.10508022078234676,14.449260112516443,0.00014241028701145417,-0.0005106021779874308,4317,3817,62963.6
2026-08-15 01:51:06,okx,BTC,BTC-USD-260925-40000-P,2026-09-25,40000,put,0.0013918122856564,0.0012,0.0014,0.6715157601272027,-0.01738865119341223,0.21203792161601523,0.0001345442412477102,-0.00010949689831445727,70902,100,62963.6
2026-08-15 01:51:06,okx,BTC,BTC-USD-260817-62500-C,2026-08-17,62500,call,0.0097102532152593,0.0095,0.014,0.1536553365150311,0.734867151681408,25.12979251733026,0.00025264543659874155,-0.000860027016858554,0,0,62963.6
2026-08-15 01:51:06,okx,BTC,BTC-USD-260925-40000-C,2026-09-25,40000,call,0.369272892039163,0.368,0.3705,0.6715157601272027,0.6147362627185373,-1.0522119062078839,0.0001345442412477102,-0.00010949689831445727,973,0,62963.6
2026-08-15 01:51:06,okx,BTC,BTC-USD-260817-61000-P,2026-08-17,61000,put,0.0000908347078181,0.0002,0.0004,0.1925317315792299,-0.016574626779098718,2.7459048003935758,0.00003228515501913552,-0.00013774779691383163,1470,1589,62963.6
2026-08-15 01:51:06,okx,BTC,BTC-USD-260817-62000-C,2026-08-17,62000,call,0.0164157927054199,0.016,0.104,0.16179642918974296,0.8790806725340099,12.48093832588373,0.00014241028701145417,-0.0005101699233572377,0,0,62963.6
2026-08-15 01:51:06,okx,BTC,BTC-USD-260816-62250-C,2026-08-16,62250,call,0.0117079631303528,0.01,0.0135,0.09397518295046278,0.9718036935062119,5.507534702656901,0.000024099677609234898,-0.0000901418237633083,200,200,62963.6
2026-08-15 01:51:06,okx,BTC,BTC-USD-260817-60000-P,2026-08-17,60000,put,0.000031130112977,0.0002,0.0003,0.24200546691068547,-0.005134440829082287,0.7842169517633986,0.000011577822778590716,-0.00006209167619240407,247,164,62963.6
2026-08-15 01:51:06,okx,BTC,BTC-USD-260816-62250-P,2026-08-16,62250,put,0.0000311045466698,0.0001,0.0002,0.09397518295046278,-0.016524542580100946,7.484191174829527,0.000024099677609234898,-0.0000901418237633083,1899,2235,62963.6
2026-08-15 01:51:06,okx,BTC,BTC-USD-260817-61000-C,2026-08-17,61000,call,0.0317370798186172,0.0305,0.13,0.1925317315792299,0.9517127037418328,0.8093301393517124,0.00003228515501913552,-0.000136880650156606,0,0,62963.6
2026-08-15 01:51:06,okx,BTC,BTC-USD-260817-63750-P,2026-08-17,63750,put,0.0131032995709656,0.0125,0.015,0.15644296816693476,-0.8454772871536254,22.07340309493873,0.0001971071145560268,-0.0006829950532554206,443,420,62963.6
2026-08-15 01:51:06,okx,BTC,BTC-USD-261225-50000-C,2026-12-25,50000,call,0.2426758334038883,0.2405,0.2435,0.45496154359334645,0.6067262019485133,-0.3654008731563301,0.0013980419243336,-0.00023778879865623,510,0,62963.6
2026-08-15 01:51:06,okx,BTC,BTC-USD-260817-64000-C,2026-08-17,64000,call,0.0006584347911337,0.0004,0.0006,0.16176525726608756,0.10692849727966851,14.336146258178543,0.00014549170798836255,-0.0005215498301385836,2542,2572,62963.6
2026-08-15 01:51:06,okx,BTC,BTC-USD-261225-45000-P,2026-12-25,45000,put,0.0146527345844518,0.014,0.015,0.49740960628510394,-0.10684214001480105,0.7656561345557805,0.000994842581392066,-0.00018691649070173575,24960,180,62963.6
2026-08-15 01:51:06,okx,BTC,BTC-USD-260817-63500-P,2026-08-17,63500,put,0.0098684920092947,0.009,0.0115,0.15274100208972266,-0.7552770757328442,28.222733050130618,0.00025220567191247144,-0.0008534151092453268,254,60,62963.6
2026-08-15 01:51:06,okx,BTC,BTC-USD-260828-46000-C,2026-08-28,46000,call,0.270830055371671,0.2695,0.2725,0.6479344504060943,0.7247502774524818,-1.3444312130561522,0.000024724877395183792,-0.00006042480965829097,20,0,62963.6
2026-08-15 01:51:06,okx,BTC,BTC-USD-261225-45000-C,2026-12-25,45000,call,0.3112493486774737,0.3095,0.3125,0.49740960628510394,0.5951700402366497,-0.638368225947121,0.000994842581392066,-0.00018364723211851446,174,0,62963.6
2026-08-15 01:51:06,okx,BTC,BTC-USD-260817-63750-C,2026-08-17,63750,call,0.0010970389975585,0.0008,0.0009,0.15644296816693476,0.16646234105472502,20.04952383852203,0.0001971071145560268,-0.0006833238598475346,846,850,62963.6
2026-08-15 01:51:06,okx,BTC,BTC-USD-260828-46000-P,2026-08-28,46000,put,0.0001771964923512,0.0002,0.0004,0.6479344504060943,-0.00460495934411031,0.11427926053703193,0.000024724877395183792,-0.00006042480965829097,16189,3,62963.6
2026-08-15 01:51:06,okx,BTC,BTC-USD-260817-63250-P,2026-08-17,63250,put,0.0070565706686102,0.0065,0.0075,0.1506906157870507,-0.638749564147271,33.095061801258645,0.0002963759881225589,-0.0009895364115057048,671,417,62963.6
2026-08-15 01:51:06,okx,BTC,BTC-USD-261225-60000-C,2026-12-25,60000,call,0.1276962795993871,0.127,0.1285,0.4014859646554077,0.5226033736249904,0.48336689270512495,0.0022237194650592427,-0.0003361169934261968,1009,0,62963.6
2026-08-15 01:51:06,okx,BTC,BTC-USD-260817-63500-C,2026-08-17,63500,call,0.0018306410435428,0.0015,0.0017,0.15274100208972266,0.25269416177665005,26.20679057511163,0.00025220567191247144,-0.0008536351928056826,1819,1617,62963.6
2026-08-15 01:51:06,okx,BTC,BTC-USD-261225-55000-P,2026-12-25,55000,put,0.0399494321310139,0.0395,0.0405,0.4233622220137379,-0.2745490831222244,1.7530843854580889,0.001846957414594435,-0.00029517234973036854,12290,182,62963.6
2026-08-15 01:51:06,okx,BTC,BTC-USD-260817-63000-P,2026-08-17,63000,put,0.0047765382022134,0.0046,0.0049,0.1503186897505201,-0.505624359449055,34.76516763312785,0.00031363685005047023,-0.001044655402050254,542,509,62963.6
2026-08-15 01:51:06,okx,BTC,BTC-USD-261225-55000-C,2026-12-25,55000,call,0.1805579748511151,0.1745,0.1845,0.4233622220137379,0.583465803851771,0.03705461151009786,0.001846957414594435,-0.0002936230246806501,680,0,62963.6
2026-08-15 01:51:06,okx,BTC,BTC-USD-260817-63250-C,2026-08-17,63250,call,0.0029871293105135,0.0027,0.0029,0.1506906157870507,0.36525328266336693,31.087056107637366,0.0002963759881225589,-0.0009896477720343026,266,1097,62963.6
2026-08-15 01:51:06,okx,BTC,BTC-USD-261225-50000-P,2026-12-25,50000,put,0.0240732549973268,0.0235,0.024,0.45496154359334645,-0.17328733166420981,1.194626194069116,0.0013980419243336,-0.00024019809047269984,16844,200,62963.6
2026-08-15 01:51:06,okx,BTC,BTC-USD-260817-65000-P,2026-08-17,65000,put,0.0319807195894684,0.006,0.1405,0.19849396933135754,-1.0092161291497292,5.471200177851687,0.000042364745666834285,-0.00018547816425813738,0,0,62963.6
2026-08-15 01:51:06,okx,BTC,BTC-USD-261225-25000-P,2026-12-25,25000,put,0.002269500461909,0.0019,0.0023,0.7720048925933648,-0.014301832415618013,0.0959780492859638,0.00018846821927170272,-0.00005498127357323233,40960,0,62963.6
2026-08-15 01:51:06,okx,BTC,BTC-USD-261225-70000-C,2026-12-25,70000,call,0.0558659194646189,0.0555,0.0565,0.38079023816422186,0.33500576129466786,1.0030542314540984,0.002308458546321093,-0.0003317090820457925,17436,1476,62963.6
2026-08-15 01:51:06,okx,BTC,BTC-USD-260817-65500-C,2026-08-17,65500,call,0.000088692785141,,0.0001,0.2254910689659403,0.014113992376417249,2.009739718812521,0.000028406422476229126,-0.00014194684020197082,2009,1300,62963.6
2026-08-15 01:51:06,okx,BTC,BTC-USD-261225-25000-C,2026-12-25,25000,call,0.610842257300772,0.603,0.6125,0.7720048925933648,0.37570493439074354,-0.6840354843267593,0.00018846821927170272,-0.00004827214792300515,1,0,62963.6
2026-08-15 01:51:06,okx,BTC,BTC-USD-261225-65000-P,2026-12-25,65000,put,0.1014848717291791,0.1015,0.1025,0.3879649720079972,-0.5804755869392347,2.864519967221409,0.002394834226696451,-0.00035013564818586317,16633,0,62963.6
2026-08-15 01:51:06,okx,BTC,BTC-USD-260817-64500-P,2026-08-17,64500,put,0.0241733300194533,0.0225,0.026,0.17712543063258535,-0.9785583479743012,8.829896824156915,0.00007524943935009638,-0.00029471133433105375,93,0,62963.6
2026-08-15 01:51:06,okx,BTC,BTC-USD-261225-65000-C,2026-12-25,65000,call,0.0861053430763598,0.0855,0.0865,0.3879649720079972,0.4335420067573054,0.8364847798283285,0.002394834226696451,-0.0003503062566696477,13611,0,62963.6
2026-08-15 01:51:06,okx,BTC,BTC-USD-260817-65000-C,2026-08-17,65000,call,0.0001324109777857,,0.0002,0.19849396933135754,0.022565452552902574,3.407637014446422,0.000042364745666834285,-0.0001863505860090421,1525,729,62963.6
2026-08-15 01:51:06,okx,BTC,BTC-USD-261225-60000-P,2026-12-25,60000,put,0.0650817725657463,0.065,0.066,0.4014859646554077,-0.41341286671027727,2.355399373375661,0.0022237194650592427,-0.0003368063517091637,18276,0,62963.6
2026-08-15 01:51:06,okx,BTC,BTC-USD-260817-64250-P,2026-08-17,64250,put,0.0203486690754236,0.02,0.022,0.16867248914792776,-0.9511327012803302,11.931638140111271,0.00010457019673117964,-0.00039031908569833675,60,60,62963.6
2026-08-15 01:51:06,okx,BTC,BTC-USD-260828-48000-C,2026-08-28,48000,call,0.2391925303898417,0.238,0.241,0.5916703543614164,0.7542065250212693,-1.3441395137751175,0.000035299981575000306,-0.00007877789295547048,320,0,62963.6
2026-08-15 01:51:06,okx,BTC,BTC-USD-261225-35000-P,2026-12-25,35000,put,0.0059048561021311,0.0055,0.006,0.6163698716321386,-0.0407990414318759,0.2893257158972965,0.00046393692400999685,-0.00010804208261933034,23902,800,62963.6
2026-08-15 01:51:06,okx,BTC,BTC-USD-261225-80000-C,2026-12-25,80000,call,0.0219690505248997,0.0215,0.022,0.3781827101728841,0.17109170666192752,0.8607002218313536,0.0016483466521106745,-0.00023542825924229894,14427,430,62963.6
2026-08-15 01:51:06,okx,BTC,BTC-USD-260817-64500-C,2026-08-17,64500,call,0.0002618406230808,0.0001,0.0002,0.17712543063258535,0.045286452330618114,6.7822072235470765,0.00007524943935009638,-0.00029536631001844216,1474,1409,62963.6
2026-08-15 01:51:06,okx,BTC,BTC-USD-260828-48000-P,2026-08-28,48000,put,0.0002504167766384,0.0002,0.0003,0.5916703543614164,-0.0068598090273485485,0.17799315432211812,0.000035299981575000306,-0.00007877789295547048,8877,203,62963.6
2026-08-15 01:51:06,okx,BTC,BTC-USD-261225-35000-C,2026-12-25,35000,call,0.4584895415680735,0.455,0.4615,0.6163698716321386,0.5052104320970303,-0.8026932311605157,0.00046393692400999685,-0.00010305289050260609,150,0,62963.6
2026-08-15 01:51:06,okx,BTC,BTC-USD-261225-75000-P,2026-12-25,75000,put,0.2066176741747095,0.2015,0.2145,0.37780020232658795,-0.9257138479995469,3.3291999630528526,0.0020229863958746023,-0.00028666249847480844,3739,6,62963.6
2026-08-15 01:51:06,okx,BTC,BTC-USD-260817-62250-C,2026-08-17,62250,call,0.0129115321470912,0.0125,0.015,0.1571224029771022,0.8204816326703739,18.574715351658703,0.0001963434131089692,-0.000683308717784346,147,147,62963.6
2026-08-15 01:51:06,okx,BTC,BTC-USD-260817-64000-P,2026-08-17,64000,put,0.016633104972196,0.016,0.0185,0.16176525726608756,-0.9089795216275383,16.367962295992957,0.00014549170798836255,-0.0005211123005147114,20,20,62963.6
2026-08-15 01:51:06,okx,BTC,BTC-USD-260828-52000-C,2026-08-28,52000,call,0.1760528923492201,0.1745,0.178,0.4813230549436437,0.8081718634649662,-1.1850199933692964,0.00007539925996795272,-0.00013688435703060247,10,0,62963.6
2026-08-15 01:51:06,okx,BTC,BTC-USD-261225-30000-P,2026-12-25,30000,put,0.0037837477870956,0.0034,0.0036,0.6910147675646192,-0.024934467642538507,0.17191904432124988,0.000305596773418441,-0.0000797927257890768,19910,0,62963.6
2026-08-15 01:51:06,okx,BTC,BTC-USD-261225-52000-P,2026-12-25,52000,put,0.0294893647877792,0.029,0.0295,0.44107471067498344,-0.2092277472221539,1.405396009883278,0.0015773439333747253,-0.0002626973341481195,7777,0,62963.6
2026-08-15 01:51:06,okx,BTC,BTC-USD-261225-75000-C,2026-12-25,75000,call,0.0352500741489695,0.035,0.0355,0.37780020232658795,0.24430645241953766,0.989159362214683,0.0020229863958746023,-0.0002885530404920959,8721,3,62963.6
2026-08-15 01:51:06,okx,BTC,BTC-USD-260817-62250-P,2026-08-17,62250,put,0.0011073350745676,0.0013,0.0014,0.1571224029771022,-0.16764765134483886,20.55097391968913,0.0001963434131089692,-0.0006836322493827809,1403,1454,62963.6
2026-08-15 01:51:06,okx,BTC,BTC-USD-260817-64250-C,2026-08-17,64250,call,0.0004055892867063,0.0002,0.0003,0.16867248914792776,0.06874370832573269,9.891885320899146,0.00010457019673117964,-0.00039086533835396703,2169,368,62963.6
2026-08-15 01:51:06,okx,BTC,BTC-USD-260828-52000-P,2026-08-28,52000,put,0.00053226926825,0.0005,0.0006,0.4813230549436437,-0.01631666508770321,0.46395706373604223,0.00007539925996795272,-0.00013688435703060247,14157,232,62963.6
2026-08-15 01:51:06,okx,BTC,BTC-USD-261225-30000-C,2026-12-25,30000,call,0.5343624689394983,0.533,0.536,0.6910147675646192,0.4430736525250954,-0.7640971960140178,0.000305596773418441,-0.00007394356690560108,4075,0,62963.6
2026-08-15 01:51:06,okx,BTC,BTC-USD-261225-52000-C,2026-12-25,52000,call,0.2168943289197565,0.215,0.218,0.44107471067498344,0.6019863277350782,-0.217032140031186,0.0015773439333747253,-0.00026063202903835024,50,0,62963.6
2026-08-15 01:51:06,okx,BTC,BTC-USD-261225-70000-P,2026-12-25,70000,put,0.1492394838038986,0.145,0.1505,0.38079023816422186,-0.7570131857631444,3.187092125569723,0.002308458546321093,-0.0003306785067952565,10994,0,62963.6
2026-08-15 01:51:06,okx,BTC,BTC-USD-260817-68000-P,2026-08-17,68000,put,0.0796104061319005,0.005,0.196,0.4292023970869766,-1.0672958078659283,3.0767403689463126,0.00002499605753639184,-0.00023556922020482983,0,0,62963.6
2026-08-15 01:51:06,okx,BTC,BTC-USD-261225-90000-C,2026-12-25,90000,call,0.008739593298084,0.0085,0.009,0.3866271505101946,0.07998852924169175,0.5300233696858743,0.0009666404684976755,-0.00014119386587969825,15202,0,62963.6
2026-08-15 01:51:06,okx,BTC,BTC-USD-261225-85000-P,2026-12-25,85000,put,0.3410941744294463,0.3365,0.3495,0.38129818450899383,-1.2087766643280675,3.3434454213177425,0.0012792292367974837,-0.0001806410538438269,1681,0,62963.6
2026-08-15 01:51:06,okx,BTC,BTC-USD-260816-63100-P,2026-08-16,63100,put,0.0027210359451403,0.0018,0.0029,0.07162420567521294,-0.6696808076804383,87.8436240629748,0.00021324189533346072,-0.0006079029911949534,310,310,62963.6
2026-08-15 01:51:06,okx,BTC,BTC-USD-260817-67000-P,2026-08-17,67000,put,0.0636855140522783,0.052,0.1795,0.33588003001760813,-1.053489634555163,3.1275918396492166,0.000021190197061147276,-0.0001559824627927812,0,0,62963.6
2026-08-15 01:51:06,okx,BTC,BTC-USD-261225-40000-P,2026-12-25,40000,put,0.0091798263530896,0.009,0.0095,0.5513078490318448,-0.06584496322750374,0.4748246598967082,0.0006854600068462502,-0.00014276533631757597,14293,217,62963.6
2026-08-15 01:51:06,okx,BTC,BTC-USD-261225-85000-C,2026-12-25,85000,call,0.0137385030307858,0.0135,0.014,0.38129818450899383,0.11724634281356178,0.6913994070344841,0.0012792292367974837,-0.00018425152939461728,18968,330,62963.6
2026-08-15 01:51:06,okx,BTC,BTC-USD-260817-68000-C,2026-08-17,68000,call,0.0001411822283568,,,0.4292023970869766,0.012106462222978962,0.9179358287684982,0.00002499605753639184,-0.00023774631833683231,5,0,62963.6
2026-08-15 01:51:06,okx,BTC,BTC-USD-261225-40000-C,2026-12-25,40000,call,0.3837704761325717,0.378,0.396,0.5513078490318448,0.5581658636626748,-0.7731969938836488,0.0006854600068462502,-0.0001386361109676032,1,0,62963.6
2026-08-15 01:51:06,okx,BTC,BTC-USD-261225-80000-P,2026-12-25,80000,put,0.2713306862371002,0.2655,0.278,0.3781827101728841,-1.0769299471184295,3.3567435293920678,0.0016483466521106745,-0.00023267775045826002,6219,0,62963.6
2026-08-15 01:51:06,okx,BTC,BTC-USD-260817-66000-P,2026-08-17,66000,put,0.0477979213815329,0.006,0.162,0.2576945274586311,-1.0367416287313904,3.5016517335248976,0.00002274964046700343,-0.00012860790610599152,0,0,62963.6
2026-08-15 01:51:06,okx,BTC,BTC-USD-261225-100000-C,2026-12-25,100000,call,0.003867133526735,0.0039,0.0042,0.4023068511766068,0.038685042809475684,0.29656962365858447,0.0005451076521915367,-0.00008286496403844973,20763,0,62963.6
2026-08-15 01:51:06,okx,BTC,BTC-USD-260816-63100-C,2026-08-16,63100,call,0.0009027191038616,0.0007,0.001,0.07162420567521294,0.3321426733966115,85.83997710082069,0.00021324189533346072,-0.0006079029911949534,4374,4667,62963.6
2026-08-15 01:51:06,okx,BTC,BTC-USD-260817-67000-C,2026-08-17,67000,call,0.0000899285793547,,,0.33588003001760813,0.010039072738319148,1.0005344250622525,0.000021190197061147276,-0.0001577246687977511,1049,1046,62963.6
2026-08-15 01:51:06,okx,BTC,BTC-USD-261225-95000-P,2026-12-25,95000,put,0.4890583563784146,0.484,0.499,0.3937457725898797,-1.4269376863356678,3.361440091901462,0.0007241534345957525,-0.00010240222904912579,763,0,62963.6
2026-08-15 01:51:06,okx,BTC,BTC-USD-260817-65500-P,2026-08-17,65500,put,0.0398738206121338,0.007,0.152,0.2254910689659403,-1.0256043707239273,4.0891764450132095,0.000028406422476229126,-0.0001408569723875498,0,0,62963.6
2026-08-15 01:51:06,okx,BTC,BTC-USD-260925-52000-C,2026-09-25,52000,call,0.1843529604837701,0.1825,0.1855,0.44706483740744346,0.7320422261026517,-0.441534316097405,0.0005167158289932311,-0.0002799643755525445,550,0,62963.6
2026-08-15 01:51:06,okx,BTC,BTC-USD-261225-95000-C,2026-12-25,95000,call,0.0057146136068335,0.0055,0.006,0.3937457725898797,0.05508802752850625,0.39738866417311397,0.0007241534345957525,-0.00010773263813341908,9965,140,62963.6
2026-08-15 01:51:06,okx,BTC,BTC-USD-260817-66000-C,2026-08-17,66000,call,0.0000759743392298,,0.0001,0.2576945274586311,0.010913515766666654,1.4063414445287834,0.00002274964046700343,-0.00012991521998392884,1522,1419,62963.6
2026-08-15 01:51:06,okx,BTC,BTC-USD-260925-52000-P,2026-09-25,52000,put,0.0061075568042114,0.0055,0.006,0.44706483740744346,-0.08972016198288277,1.201990460073664,0.0005167158289932311,-0.0002799643755525445,18930,518,62963.6
2026-08-15 01:51:06,okx,BTC,BTC-USD-261225-90000-P,2026-12-25,90000,put,0.4140893003832051,0.4085,0.4235,0.3866271505101946,-1.3240358312612097,3.338072090691677,0.0009666404684976755,-0.00013672342356215643,1850,0,62963.6
2026-08-15 01:51:06,okx,BTC,BTC-USD-261225-110000-C,2026-12-25,110000,call,0.0019860052340755,0.0019,0.0023,0.422664677112769,0.020683118378002675,0.17010342651841717,0.0003238674429308659,-0.00005172898553482368,9715,50,62963.6
2026-08-15 01:51:06,okx,BTC,BTC-USD-261225-105000-P,2026-12-25,105000,put,0.6420498051192767,0.6075,0.6835,0.41202495029938646,-1.6101512684977592,3.499006052915582,0.00041609186713401693,-0.00005773346514502726,0,0,62963.6
2026-08-15 01:51:06,okx,BTC,BTC-USD-261225-105000-C,2026-12-25,105000,call,0.0027179909747749,0.0028,0.003,0.41202495029938646,0.027877152088959488,0.2229492117421451,0.00041609186713401693,-0.00006478380776282349,14553,0,62963.6
2026-08-15 01:51:06,okx,BTC,BTC-USD-261225-100000-P,2026-12-25,100000,put,0.5652049119847766,0.56,0.576,0.4023068511766068,-1.5213420244159706,3.4166237581094765,0.0005451076521915367,-0.00007667458818740497,320,0,62963.6
2026-08-15 01:51:06,okx,BTC,BTC-USD-261225-120000-C,2026-12-25,120000,call,0.0011855188482944,0.001,0.0014,0.44596375834400437,0.012457494180686294,0.10503610450007073,0.0002099920083082887,-0.000035391287864614775,5608,0,62963.6
2026-08-15 01:51:06,okx,BTC,BTC-USD-261225-115000-P,2026-12-25,115000,put,0.7968271232887527,0.02,1.9985,0.4340313855714476,-1.778215285689331,3.7203386527208497,0.0002577773566279452,-0.000033511156561085986,0,0,62963.6
2026-08-15 01:51:06,okx,BTC,BTC-USD-261225-115000-C,2026-12-25,115000,call,0.0015072377713303,0.0014,0.0018,0.4340313855714476,0.0158158416199324,0.1322763981023232,0.0002577773566279452,-0.00004228143271238513,3779,0,62963.6
2026-08-15 01:51:06,okx,BTC,BTC-USD-261225-110000-P,2026-12-25,110000,put,0.7193118550650377,0.713,0.7315,0.422664677112769,-1.695346655569988,3.6021629744143984,0.0003238674429308659,-0.000043818676150276,421,0,62963.6
2026-08-15 01:51:06,okx,BTC,BTC-USD-261225-130000-C,2026-12-25,130000,call,0.0008068150697182,0.0006,0.001,0.47101230543444145,0.008388558781517114,0.0705436242992189,0.00014902973673221878,-0.000026528573106381854,7234,0,62963.6
2026-08-15 01:51:06,okx,BTC,BTC-USD-261225-125000-P,2026-12-25,125000,put,0.9522715756349278,,2.388,0.4583278540918614,-1.939942642888169,3.9852650840901576,0.00017500758774787053,-0.000019823235274587237,0,0,62963.6
2026-08-15 01:51:06,okx,BTC,BTC-USD-261225-125000-C,2026-12-25,125000,call,0.0009636187445849,0.0008,0.0012,0.4583278540918614,0.0100911911436389,0.08519741602654203,0.00017500758774787053,-0.000030313444959389314,9799,83,62963.6
2026-08-15 01:51:06,okx,BTC,BTC-USD-261225-120000-P,2026-12-25,120000,put,0.8744994400521771,0.868,0.8875,0.44596375834400437,-1.8595749864898492,3.849101065841142,0.0002099920083082887,-0.000025761044946564167,517,0,62963.6
2026-08-15 01:51:06,okx,BTC,BTC-USD-261225-150000-C,2026-12-25,150000,call,0.0005005489296656,0.0002,0.0005,0.523317499147532,0.004941387886697487,0.03959513844252471,0.00009382096695774215,-0.0000185562486895024,6962,0,62963.6
2026-08-15 01:51:06,okx,BTC,BTC-USD-261225-140000-P,2026-12-25,140000,put,1.1859002718217073,,2.973,0.4969870399466727,-2.1778344877038545,4.419249592320239,0.00011449672518321427,-0.000008435735229622574,0,0,62963.6
2026-08-15 01:51:06,okx,BTC,BTC-USD-261225-140000-C,2026-12-25,140000,call,0.0006102078719834,0.0003,0.0007,0.4969870399466727,0.006203406411770086,0.051173804088990305,0.00011449672518321427,-0.00002150584521467903,8756,0,62963.6
2026-08-15 01:51:06,okx,BTC,BTC-USD-261225-130000-P,2026-12-25,130000,put,1.0301088076465212,,2.5825,0.47101230543444145,-2.019646628611563,4.126613999085379,0.00014902973673221878,-0.00001517839665482832,0,0,62963.6
2026-08-15 01:51:06,okx,BTC,BTC-USD-261225-170000-C,2026-12-25,170000,call,0.0003977865801292,,0.0005,0.5755893681700976,0.003669824003384985,0.02735997867300812,0.00007237037614347639,-0.000015743696177804835,4275,0,62963.6
2026-08-15 01:51:06,okx,BTC,BTC-USD-261225-160000-P,2026-12-25,160000,put,1.4977025455600173,,3.7535,0.5496088206727026,-2.491875789440029,5.0243439748346,0.00008083913249562343,-0.0000002821243482252237,0,0,62963.6
2026-08-15 01:51:06,okx,BTC,BTC-USD-261225-160000-C,2026-12-25,160000,call,0.0004363388644522,0.0001,0.0006,0.5496088206727026,0.0041675181206850395,0.03225735971317184,0.00008083913249562343,-0.000016792101400287534,2441,0,62963.6
2026-08-15 01:51:06,okx,BTC,BTC-USD-261225-150000-P,2026-12-25,150000,put,1.3417786842523103,,3.363,0.523317499147532,-2.335099212951472,4.719676340118863,0.00009382096695774215,-0.0000037662051709430157,0,0,62963.6
2026-08-15 01:51:06,okx,BTC,BTC-USD-261225-200000-C,2026-12-25,200000,call,0.0003543080433538,,0.0004,0.6501146535187061,0.0029485200719773542,0.01958990100728205,0.00006003865234995119,-0.000014752305445540975,3205,0,62963.6
2026-08-15 01:51:06,okx,BTC,BTC-USD-261225-180000-P,2026-12-25,180000,put,1.8096170114558947,,4.5345,0.601074696351326,-2.8047111470244976,5.640037875719085,0.0000666797902231612,0.000004801739492476369,0,0,62963.6
2026-08-15 01:51:06,okx,BTC,BTC-USD-261225-180000-C,2026-12-25,180000,call,0.0003746620144884,,0.0005,0.601074696351326,0.0033375739813056825,0.0239404337074784,0.0000666797902231612,-0.000015148104626591795,1510,0,62963.6
2026-08-15 01:51:06,okx,BTC,BTC-USD-261225-170000-P,2026-12-25,170000,put,1.6536520646486152,,4.1445,0.5755893681700976,-2.6483761902798735,5.331452007239525,0.00007237037614347639,0.000002486214407760399,0,0,62963.6
2026-08-15 01:51:06,okx,BTC,BTC-USD-261225-240000-C,2026-12-25,240000,call,0.0003577976197213,,0.0003,0.73923002268157,0.002639768466509523,0.01526199207990908,0.00005502190568301298,-0.0000153729685174566,1170,0,62963.6
2026-08-15 01:51:06,okx,BTC,BTC-USD-260828-62000-C,2026-08-28,62000,call,0.0312785915492336,0.031,0.032,0.2885814536060089,0.6012171298551409,5.647771456223662,0.0007179580899750197,-0.0007814794868735493,30294,2886,62963.6
2026-08-15 01:51:06,okx,BTC,BTC-USD-261225-220000-P,2026-12-25,220000,put,2.433546530784641,0.0001,6.097,0.6962106957555387,-3.429310327940187,6.881108647892975,0.00005673024163602784,0.000011901757038065272,0,0,62963.6
2026-08-15 01:51:06,okx,BTC,BTC-USD-260828-62000-P,2026-08-28,62000,put,0.014311694798846,0.014,0.0145,0.2885814536060089,-0.3818268849576572,7.613859485849257,0.0007179580899750197,-0.0007814794868735493,19790,2723,62963.6
2026-08-15 01:51:06,okx,BTC,BTC-USD-260828-69000-P,2026-08-28,69000,put,0.0950805474455683,0.0925,0.097,0.2799643480432694,-1.0464084904343611,3.9851356258308566,0.00019240841468188413,-0.00020317808543029208,452,0,62963.6
2026-08-15 01:51:06,okx,BTC,BTC-USD-261225-220000-C,2026-12-25,220000,call,0.000351895851552,,0.0004,0.6962106957555387,0.0027492199557947743,0.016989552101011236,0.00005673024163602784,-0.000014927821215014579,3684,0,62963.6
2026-08-15 01:51:06,okx,BTC,BTC-USD-260828-69000-C,2026-08-28,69000,call,0.0010598357645482,0.001,0.0011,0.2799643480432694,0.047624364760527,1.7970699154410799,0.00019240841468188413,-0.00020317808543029208,8689,368,62963.6
2026-08-15 01:51:06,okx,BTC,BTC-USD-261225-200000-P,2026-12-25,200000,put,2.1215728002306014,0.0001,5.316,0.6501146535187061,-3.1171056143789153,6.259698169909067,0.00006003865234995119,0.000008637405740533028,0,0,62963.6
2026-08-15 01:51:06,okx,BTC,BTC-USD-261225-240000-P,2026-12-25,240000,put,2.745528575298651,0.0001,6.8785,0.73923002268157,-3.7414251928745617,7.503391914762051,0.00005502190568301298,0.000014896476802629101,0,0,62963.6
2026-08-15 01:51:06,okx,BTC,BTC-USD-260815-63100-C,2026-08-15,63100,call,0.0001844394739283,0.0001,0.0003,0.0706887567715937,0.17888085489914382,139.28613967046627,0.00006929535012882892,-0.00024492010753296054,4569,5330,62963.6
2026-08-15 01:51:06,okx,BTC,BTC-USD-260815-63100-P,2026-08-15,63100,put,0.0018896928996449,0.0004,0.0043,0.0706887567715937,-0.8228434812371272,141.28958834273882,0.00006929535012882892,-0.00024492010753296054,1131,1021,62963.6
2026-08-15 01:51:06,okx,BTC,BTC-USD-260815-59000-C,2026-08-15,59000,call,0.0636202587508607,0.0505,,1.2124025642672378,0.9164042569046604,-0.3259423188994277,0.000012824880066052442,-0.0007774458739250881,0,0,62963.6
2026-08-15 01:51:06,okx,BTC,BTC-USD-260815-62000-P,2026-08-15,62000,put,0.0001381247796403,,0.0001,0.33866094039856237,-0.03829912477910068,9.3194841935668,0.000021973765227359514,-0.0003720827997997402,6882,8673,62963.6
2026-08-15 01:51:06,okx,BTC,BTC-USD-260815-62500-C,2026-08-15,62500,call,0.0078379675236802,0.006,0.009,0.13529379034961328,0.9777915124506259,8.238114231541385,0.00000968147150325463,-0.00006549214879185436,880,1433,62963.6
2026-08-15 01:51:06,okx,BTC,BTC-USD-260815-61000-P,2026-08-15,61000,put,0.0006365852930894,,0.0002,0.8137783042271464,-0.0673547962454482,6.135529060023526,0.00003428060237475237,-0.0013948405234205535,14745,8198,62963.6
2026-08-15 01:51:06,okx,BTC,BTC-USD-260815-62000-C,2026-08-15,62000,call,0.0158952450269553,0.0034,0.099,0.33866094039856237,0.9459625050219898,7.350960933964617,0.000021973765227359514,-0.0003720827997997402,0,0,62963.6
2026-08-15 01:51:06,okx,BTC,BTC-USD-260815-60000-P,2026-08-15,60000,put,0.0005524957254431,,0.0009,1.096913728073349,-0.04619997302629534,3.3915433308639233,0.00002540419507084553,-0.0013933105161931883,10530,7419,62963.6
2026-08-15 01:51:06,okx,BTC,BTC-USD-260815-61000-C,2026-08-15,61000,call,0.0322685906977058,0.03,0.033,0.8137783042271464,0.9010316459782053,4.198756175576219,0.00003428060237475237,-0.0013948405234205535,320,320,62963.6
2026-08-15 01:51:06,okx,BTC,BTC-USD-260815-59000-P,2026-08-15,59000,put,0.0002384830316416,,0.0015,1.2124025642672378,-0.0202318101641192,1.5473298152381314,0.000012824880066052442,-0.0007774458739250881,3091,1054,62963.6
2026-08-15 01:51:06,okx,BTC,BTC-USD-260815-60000-C,2026-08-15,60000,call,0.0480593862873607,0.0105,0.148,1.096913728073349,0.9063112816199212,1.48652082157149,0.00002540419507084553,-0.0013933105161931883,0,0,62963.6
2026-08-15 01:51:06,okx,BTC,BTC-USD-260815-63300-C,2026-08-15,63300,call,0.0000205238519625,,0.0001,0.09186686411498457,0.022368483431962138,21.839609025131537,0.000014113159198970348,-0.00006482658391824768,2385,4821,62963.6
2026-08-15 01:51:06,okx,BTC,BTC-USD-260815-63750-P,2026-08-15,63750,put,0.0120243787326208,0.011,0.014,0.136440186686348,-1.0115767489315408,2.484554999808211,0.0000004419295937833797,-0.000003014847813901313,930,461,62963.6
2026-08-15 01:51:06,okx,BTC,BTC-USD-260815-63300-P,2026-08-15,63300,put,0.0049007543091393,0.0037,0.007,0.09186686411498457,-0.9825308902197963,23.849407772435054,0.000014113159198970348,-0.00006482658391824768,497,557,62963.6
2026-08-15 01:51:06,okx,BTC,BTC-USD-260815-64000-C,2026-08-15,64000,call,0.0000000207648799,,0.0001,0.14721085547205437,0.000023407346641922704,0.025739964327042918,0.000000026648251056649182,-0.00000019614559174417015,6998,6255,62963.6
2026-08-15 01:51:06,okx,BTC,BTC-USD-260815-63500-P,2026-08-15,63500,put,0.0080593847916998,0.007,0.01,0.11555240656095941,-1.00374886489094,6.161212151701175,0.0000033693599194272513,-0.00001946688236299296,2233,477,62963.6
2026-08-15 01:51:06,okx,BTC,BTC-USD-260815-63750-C,2026-08-15,63750,call,0.0000004499546584,,0.0001,0.136440186686348,0.00046645913006432234,0.4604685836850007,0.0000004419295937833797,-0.000003014847813901313,3399,2791,62963.6
2026-08-15 01:51:06,okx,BTC,BTC-USD-260815-63000-P,2026-08-15,63000,put,0.0007505688006196,0.0006,0.0011,0.06529690842659525,-0.5319312919772701,230.95552791316825,0.00010537743470683939,-0.0003440410352141005,7158,6155,62963.6
2026-08-15 01:51:06,okx,BTC,BTC-USD-260815-63500-C,2026-08-15,63500,call,0.0000041773030628,,0.0014,0.11555240656095941,0.004325546276305919,4.145063329366683,0.0000033693599194272513,-0.00001946688236299296,13468,20129,62963.6
2026-08-15 01:51:06,okx,BTC,BTC-USD-260815-62500-P,2026-08-15,62500,put,0.0000182898550159,,0.0001,0.13529379034961328,-0.014407711139183075,10.222512678721001,0.00000968147150325463,-0.00006549214879185436,7220,7852,62963.6
2026-08-15 01:51:06,okx,BTC,BTC-USD-260815-63000-C,2026-08-15,63000,call,0.0006328038906334,0.0003,0.0008,0.06529690842659525,0.46820552540125737,228.95525427841122,0.00010537743470683939,-0.0003440410352141005,9730,15988,62963.6
2026-08-15 01:51:06,okx,BTC,BTC-USD-260815-65000-P,2026-08-15,65000,put,0.031867535224589,0.008,0.127,0.1553554766665707,-1.031887192533389,2.0637743850899652,0.000000000000000025287457325966726,-0.0000000000000001964272493280563,0,0,62963.6
2026-08-15 01:51:06,okx,BTC,BTC-USD-260815-65500-C,2026-08-15,65500,call,0.0000000000000001,,0.0015,0.15556555503229902,0.0000000000000000000013634458851653613,0.0000000000000000031663111737626465,0.000000000000000000000003460769501420336,-0.000000000000000000000026918826416365365,7884,2714,62963.6
2026-08-15 01:51:06,okx,BTC,BTC-USD-260815-62900-P,2026-08-15,62900,put,0.0001934571600984,0.0002,0.0005,0.06568817519767318,-0.20205210315999791,162.15696095922678,0.00007458833851707533,-0.0002449785924106499,2176,2294,62963.6
2026-08-15 01:51:06,okx,BTC,BTC-USD-260815-64500-P,2026-08-15,64500,put,0.0239300926483317,0.0225,0.026,0.1541334097356503,-1.0239495952980937,2.0479042214703043,0.0000000000054434221053397334,-0.00000000004195066048632127,502,0,62963.6
2026-08-15 01:51:06,okx,BTC,BTC-USD-260815-65000-C,2026-08-15,65000,call,0.0000000000000001,,0.0008,0.1553554766665707,0.00000000000001230735205714959,0.000000000023162505790574154,0.000000000000000025287457325966726,-0.0000000000000001964272493280563,13437,6069,62963.6
2026-08-15 01:51:06,okx,BTC,BTC-USD-260815-64250-P,2026-08-15,64250,put,0.0199613717178048,0.019,0.022,0.1520642297841066,-1.0199803430548215,2.040541653423128,0.0000000006201696965685981,-0.0000000047152813622073486,1209,270,62963.6
2026-08-15 01:51:06,okx,BTC,BTC-USD-260815-62900-C,2026-08-15,62900,call,0.0016631807658421,0.0011,0.002,0.06568817519767318,0.7964971954607859,160.15986236198523,0.00007458833851707533,-0.0002449785924106499,1493,1687,62963.6
2026-08-15 01:51:06,okx,BTC,BTC-USD-260815-64500-C,2026-08-15,64500,call,0.0000000000023933,,0.0015,0.1541334097356503,0.0000000034465890889217966,0.0000050239809383090685,0.0000000000054434221053397334,-0.00000000004195066048632127,4619,3343,62963.6
2026-08-15 01:51:06,okx,BTC,BTC-USD-260815-64000-P,2026-08-15,64000,put,0.0159926708321676,0.015,0.018,0.14721085547205437,-1.0159885976093224,2.0577639742389717,0.000000026648251056649182,-0.00000019614559174417015,953,20,62963.6
2026-08-15 01:51:06,okx,BTC,BTC-USD-260815-64250-C,2026-08-15,64250,call,0.0000000003611918,,0.0015,0.1520642297841066,0.00000045879550195589997,0.0005800497224807094,0.0000000006201696965685981,-0.0000000047152813622073486,5503,4237,62963.6
2026-08-15 01:51:06,okx,BTC,BTC-USD-260815-68000-P,2026-08-15,68000,put,0.0794921906964931,0.005,,0.15560964901108748,-1.0795127552657122,2.1590255105314244,0.00000000000000000000000000000000000000000000000000000000000000000000000000000018240239775392444,-0.0000000000000000000000000000000000000000000000000000000000000000000000000000014191786546634476,0,0,62963.6
2026-08-15 01:51:06,okx,BTC,BTC-USD-260815-69000-C,2026-08-15,69000,call,0.0000000000000001,,0.0015,0.15560965710164057,0.000000000000000000000000000000000000000000000000000000000000000000000000000000000000000000000000000000000001721136783067665,0.000000000000000000000000000000000000000000000000000000000000000000000000000000000000000000000000000000009241304323883602,0.000000000000000000000000000000000000000000000000000000000000000000000000000000000000000000000000000000000000010098650295371654,-0.00000000000000000000000000000000000000000000000000000000000000000000000000000000000000000000000000000000000007857237548260823,74,0,62963.6
2026-08-15 01:51:06,okx,BTC,BTC-USD-260815-67000-P,2026-08-15,67000,put,0.0636173055391919,0.0525,,0.1556094088903253,-1.0636375676882752,2.1272751353765504,0.000000000000000000000000000000000000000000000000000025937809485949418,-0.00000000000000000000000000000000000000000000000000020180836010092303,0,0,62963.6
2026-08-15 01:51:06,okx,BTC,BTC-USD-260815-68000-C,2026-08-15,68000,call,0.0000000000000001,,0.0015,0.15560964901108748,0.00000000000000000000000000000000000000000000000000000000000000000000000000003698707769967197,0.0000000000000000000000000000000000000000000000000000000000000000000000001669051749739082,0.00000000000000000000000000000000000000000000000000000000000000000000000000000018240239775392444,-0.0000000000000000000000000000000000000000000000000000000000000000000000000000014191786546634476,2253,0,62963.6
2026-08-15 01:51:06,okx,BTC,BTC-USD-260815-66000-P,2026-08-15,66000,put,0.0477424203818905,0.011,,0.15560191034644458,-1.0477623801108382,2.0955247602216764,0.000000000000000000000000000000016703023063215427,-0.00000000000000000000000000000012995111485985215,0,0,62963.6
2026-08-15 01:51:06,okx,BTC,BTC-USD-260815-67000-C,2026-08-15,67000,call,0.0000000000000001,,0.0015,0.1556094088903253,0.000000000000000000000000000000000000000000000000006512438942997977,0.000000000000000000000000000000000000000000000023731619352947863,0.000000000000000000000000000000000000000000000000000025937809485949418,-0.00000000000000000000000000000000000000000000000000020180836010092303,5252,0,62963.6
2026-08-15 01:51:06,okx,BTC,BTC-USD-260815-65500-P,2026-08-15,65500,put,0.0398049778032398,0.0095,,0.15556555503229902,-1.0398247863221197,2.0796495726442394,0.000000000000000000000003460769501420336,-0.000000000000000000000026918826416365365,0,0,62963.6
2026-08-15 01:51:06,okx,BTC,BTC-USD-260815-66000-C,2026-08-15,66000,call,0.0000000000000001,,0.0001,0.15560191034644458,0.0000000000000000000000000000055270042189970546,0.000000000000000000000000015280385816574542,0.000000000000000000000000000000016703023063215427,-0.00000000000000000000000000000012995111485985215,16786,6213,62963.6
2026-08-15 01:51:06,okx,BTC,BTC-USD-260817-63100-P,2026-08-17,63100,put,0.0056200108349621,0.005,0.006,0.15026451374466648,-0.5598557013685267,34.572814222618995,0.00031072967785115844,-0.0010345748782082508,0,0,62963.6
2026-08-15 01:51:06,okx,BTC,BTC-USD-260815-69000-P,2026-08-15,69000,put,0.0953670758537945,0.005,,0.15560965710164057,-1.095387942843149,2.190775885686298,0.000000000000000000000000000000000000000000000000000000000000000000000000000000000000000000000000000000000000010098650295371654,-0.00000000000000000000000000000000000000000000000000000000000000000000000000000000000000000000000000000000000007857237548260823,0,0,62963.6
2026-08-15 01:51:06,okx,BTC,BTC-USD-260817-63100-C,2026-08-17,63100,call,0.0039316152414583,0.0037,0.004,0.15026451374466648,0.44176611102279745,32.56957059783635,0.00031072967785115844,-0.0010346210049177935,150,150,62963.6
2026-08-15 01:51:06,okx,BTC,BTC-USD-261225-58000-C,2026-12-25,58000,call,0.1475689223580103,0.1465,0.148,0.4091544776395416,0.5511513144030209,0.3081326316291937,0.002091046684877849,-0.0003218225484012002,253,0,62963.6
2026-08-15 01:51:06,okx,BTC,BTC-USD-261225-58000-P,2026-12-25,58000,put,0.0537568010497853,0.0535,0.0545,0.4091544776395416,-0.35366438458773797,2.1177640296107114,0.002091046684877849,-0.0003228558933908677,4876,2,62963.6
2026-08-15 01:51:06,okx,BTC,BTC-USD-260817-62900-P,2026-08-17,62900,put,0.0040249862801124,0.0039,0.0041,0.15060479276495273,-0.45149637921254043,34.300865518134664,0.00031091916859547053,-0.0010375941721346637,0,0,62963.6
2026-08-15 01:51:06,okx,BTC,BTC-USD-260925-62000-C,2026-09-25,62000,call,0.0570435549823066,0.0565,0.057,0.3485190285374662,0.5349939620842318,2.2437375103486024,0.0013053881260631287,-0.000551374461174117,6650,2,62963.6
2026-08-15 01:51:06,okx,BTC,BTC-USD-260817-62900-C,2026-08-17,62900,call,0.0055113183727325,0.005,0.006,0.15060479276495273,0.5469507206196987,32.30397131847019,0.00031091916859547053,-0.0010375533204187999,150,150,62963.6
2026-08-15 01:51:06,okx,BTC,BTC-USD-260925-62000-P,2026-09-25,62000,put,0.0368278813643713,0.036,0.037,0.3485190285374662,-0.44479965447929015,4.203324743475646,0.0013053881260631287,-0.000551374461174117,19038,337,62963.6
2026-08-15 01:51:06,okx,BTC,BTC-USD-260816-62800-P,2026-08-16,62800,put,0.0005897413780309,0.0005,0.0007,0.07212753844854528,-0.24324994235954417,74.39220509136535,0.00018346544730602908,-0.0005266927288136264,3467,5308,62963.6
2026-08-15 01:51:06,okx,BTC,BTC-USD-260816-62800-C,2026-08-16,62800,call,0.0035344276279151,0.0013,0.005,0.07212753844854528,0.753810511073716,72.39808418449883,0.00018346544730602908,-0.0005266927288136264,300,300,62963.6
2026-08-15 01:51:06,okx,BTC,BTC-USD-261225-68000-P,2026-12-25,68000,put,0.1288711657408797,0.1285,0.13,0.38310186427724335,-0.6865129481110326,3.0818842029541837,0.0023721578417115895,-0.00034214634684354416,862,0,62963.6
2026-08-15 01:51:06,okx,BTC,BTC-USD-261225-68000-C,2026-12-25,68000,call,0.0666952156761841,0.066,0.067,0.38310186427724335,0.3743054576022709,0.9602473915275773,0.0023721578417115895,-0.0003428329353873796,4565,20,62963.6
2026-08-15 01:51:06,okx,BTC,BTC-USD-260817-66500-C,2026-08-17,66500,call,0.0000779688956168,,,0.2946498153426664,0.00991805580687889,1.1302341456503466,0.000020946933037420257,-0.00013677511137140264,90,10,62963.6
2026-08-15 01:51:06,okx,BTC,BTC-USD-260817-66500-P,2026-08-17,66500,put,0.0557367351532301,0.0055,0.1705,0.2946498153426664,-1.0456738700888906,3.2414179974418857,0.000020946933037420257,-0.00013525035142994903,0,0,62963.6
2026-08-15 01:51:06,okx,BTC,BTC-USD-261225-62000-C,2026-12-25,62000,call,0.1096487887314326,0.109,0.11,0.39515470808116604,0.48942352372520376,0.6431713448472992,0.002322449071495911,-0.0003457425541920482,1212,0,62963.6
2026-08-15 01:51:06,okx,BTC,BTC-USD-261225-62000-P,2026-12-25,62000,put,0.0782318959723757,0.078,0.079,0.39515470808116604,-0.47779325795457295,2.5776049082068524,0.002322449071495911,-0.0003460879257683146,6899,401,62963.6
2026-08-15 01:51:06,okx,BTC,BTC-USD-260816-62400-P,2026-08-16,62400,put,0.0000575385748204,0.0001,0.0003,0.08540738933463203,-0.03112900075321932,14.041422375982176,0.00004109148781755818,-0.00013968482914152014,258,289,62963.6
2026-08-15 01:51:06,okx,BTC,BTC-USD-260817-61500-C,2026-08-17,61500,call,0.0239329592412589,0.023,0.117,0.17476678536943052,0.9362573716197835,4.366444521490938,0.00006740016304503487,-0.0002603842476103827,0,0,62963.6
2026-08-15 01:51:06,okx,BTC,BTC-USD-260817-62700-C,2026-08-17,62700,call,0.0074484307789959,0.007,0.008,0.15174748515163508,0.6471955072413044,29.595993904559563,0.00028975752373855667,-0.0009742100038678867,0,0,62963.6
2026-08-15 01:51:06,okx,BTC,BTC-USD-260828-50000-C,2026-08-28,50000,call,0.2075885688959526,0.2065,0.2095,0.5355444499431646,0.7824180460016515,-1.3036486500490336,0.00005080130607519052,-0.00010261727394385998,141,0,62963.6
2026-08-15 01:51:06,okx,BTC,BTC-USD-260816-62400-C,2026-08-16,62400,call,0.0093528956129218,,0.0295,0.08540738933463203,0.9595807491549881,12.060002876165761,0.00004109148781755818,-0.00013968482914152014,0,0,62963.6
2026-08-15 01:51:06,okx,BTC,BTC-USD-260828-50000-P,2026-08-28,50000,put,0.000357200548866,0.0004,0.0005,0.5355444499431646,-0.010359385298992038,0.28190621255225345,0.00005080130607519052,-0.00010261727394385998,19575,1166,62963.6
2026-08-15 01:51:06,okx,BTC,BTC-USD-260828-65000-C,2026-08-28,65000,call,0.008836894118572,0.0085,0.009,0.267267775396776,0.27669177160230873,6.117942235221933,0.0006475686428163658,-0.000652803511835343,11683,1273,62963.6
2026-08-15 01:51:06,okx,BTC,BTC-USD-260828-65000-P,2026-08-28,65000,put,0.0394361152673593,0.037,0.041,0.267267775396776,-0.7539188890885279,8.179163556603605,0.0006475686428163658,-0.000652803511835343,8494,0,62963.6
2026-08-15 01:51:06,okx,BTC,BTC-USD-260828-66000-C,2026-08-28,66000,call,0.0052594172098001,0.005,0.0055,0.26623919947021846,0.18694863504019793,5.012444773083465,0.0005208264004459235,-0.0005230161043587721,20038,1228,62963.6
2026-08-15 01:51:06,okx,BTC,BTC-USD-260828-66000-P,2026-08-28,66000,put,0.0517140109916455,0.049,0.0535,0.26623919947021846,-0.8595175742766515,7.105377191717164,0.0005208264004459235,-0.0005230161043587721,7527,4,62963.6
2026-08-15 01:51:06,okx,BTC,BTC-USD-260828-55000-C,2026-08-28,55000,call,0.1290853273088533,0.1275,0.131,0.4072196410873192,0.835221004291378,-0.6583922247904738,0.00014967789136268516,-0.00022989866298714882,20,0,62963.6
2026-08-15 01:51:06,okx,BTC,BTC-USD-260828-55000-P,2026-08-28,55000,put,0.001130822127058,0.0012,0.0013,0.4072196410873192,-0.03683417013932983,1.0857181240709421,0.00014967789136268516,-0.00022989866298714882,23567,7,62963.6
2026-08-15 01:51:06,okx,BTC,BTC-USD-260817-61500-P,2026-08-17,61500,put,0.00022353334577,0.0004,0.0006,0.17476678536943052,-0.03996674029886058,6.318892745328227,0.00006740016304503487,-0.0002610339483040921,1299,1250,62963.6
2026-08-15 01:51:06,okx,BTC,BTC-USD-260817-62700-P,2026-08-17,62700,put,0.0027873710002515,0.0028,0.0029,0.15174748515163508,-0.3480768800318499,31.58653867910587,0.00028975752373855667,-0.000974337834009157,0,0,62963.6
2026-08-15 01:51:06,okx,BTC,BTC-USD-260828-60000-C,2026-08-28,60000,call,0.0552592076985009,0.0535,0.0575,0.31356944455355396,0.751164777553653,3.0909868045076325,0.0005231029361916222,-0.000618686966279303,8090,0,62963.6
2026-08-15 01:51:06,okx,BTC,BTC-USD-260828-60000-P,2026-08-28,60000,put,0.0065815656819967,0.006,0.0065,0.31356944455355396,-0.20016814000711938,4.993652639629177,0.0005231029361916222,-0.000618686966279303,26760,2979,62963.6
2026-08-15 01:51:06,okx,BTC,BTC-USD-260828-72000-C,2026-08-28,72000,call,0.0003052326611657,0.0004,0.0005,0.3146091167932231,0.014367931642549693,0.5910442296880462,0.00007081674960950494,-0.00008403445065857802,22907,228,62963.6
2026-08-15 01:51:06,okx,BTC,BTC-USD-260828-72000-P,2026-08-28,72000,put,0.1418920622413609,0.1395,0.1435,0.3146091167932231,-1.1272315694303772,2.8742432318339,0.00007081674960950494,-0.00008403445065857802,1423,0,62963.6
2026-08-15 01:51:06,okx,BTC,BTC-USD-260828-74000-C,2026-08-28,74000,call,0.0001831337368644,0.0002,0.0003,0.34656223177595435,0.008311109110011827,0.3332064236239916,0.00004403151805881641,-0.0000575565776932156,19637,15,62963.6
2026-08-15 01:51:06,okx,BTC,BTC-USD-260828-74000-P,2026-08-28,74000,put,0.1734807085831761,0.171,0.1755,0.34656223177595435,-1.1649994892149407,2.6798276202738966,0.00004403151805881641,-0.0000575565776932156,1984,0,62963.6
2026-08-15 01:51:06,okx,BTC,BTC-USD-260828-68000-C,2026-08-28,68000,call,0.0017794453364014,0.0017,0.0018,0.2727872313577396,0.07574418981048933,2.6408992164970733,0.00027664753264722443,-0.000284643264563569,16553,2978,62963.6
2026-08-15 01:51:06,okx,BTC,BTC-USD-260828-68000-P,2026-08-28,68000,put,0.0799447843843632,0.0775,0.0815,0.2727872313577396,-1.002433116758386,4.7972538296348235,0.00027664753264722443,-0.000284643264563569,2052,25,62963.6
2026-08-15 01:51:06,okx,BTC,BTC-USD-260828-70000-C,2026-08-28,70000,call,0.0006592759978441,0.0006,0.0007,0.2894669341388143,0.030615618959115895,1.2154477101193635,0.00013421706001129433,-0.0001465401917011295,15402,595,62963.6
2026-08-15 01:51:06,okx,BTC,BTC-USD-260828-70000-P,2026-08-28,70000,put,0.1105353603119227,0.108,0.1125,0.2894669341388143,-1.0792727848617851,3.4352245177611658,0.00013421706001129433,-0.0001465401917011295,3529,0,62963.6
2026-08-15 01:51:06,okx,BTC,BTC-USD-260828-80000-C,2026-08-28,80000,call,0.0001197504022977,,0.0002,0.4683938185920885,0.004285972112699287,0.13612673503481512,0.000024615166921839317,-0.0000434874570394645,4463,400,62963.6
2026-08-15 01:51:06,okx,BTC,BTC-USD-260828-80000-P,2026-08-28,80000,put,0.2685495610469589,0.266,0.2705,0.4683938185920885,-1.2641579179683304,2.6730145151968747,0.000024615166921839317,-0.0000434874570394645,1290,0,62963.6
2026-08-15 01:51:06,okx,BTC,BTC-USD-260828-82000-C,2026-08-28,82000,call,0.0001251850401842,,0.0002,0.5134879063883708,0.004101835270618011,0.1189916888968666,0.00002372075727338792,-0.000045941888308715505,3758,0,62963.6
2026-08-15 01:51:06,okx,BTC,BTC-USD-260828-82000-P,2026-08-28,82000,put,0.3002657409509618,0.2975,0.302,0.5134879063883708,-1.2960531520624374,2.7193016635629776,0.00002372075727338792,-0.000045941888308715505,731,0,62963.6
2026-08-15 01:51:06,okx,BTC,BTC-USD-260828-76000-C,2026-08-28,76000,call,0.0001375654638508,,0.0003,0.3837646857491223,0.005840121814107252,0.22003769150701577,0.000032296221951109635,-0.000046748405419293874,29975,1,62963.6
2026-08-15 01:51:06,okx,BTC,BTC-USD-260828-76000-P,2026-08-28,76000,put,0.205145885576279,0.2025,0.207,0.3837646857491223,-1.1991815737628708,2.6300810826609724,0.000032296221951109635,-0.000046748405419293874,1532,0,62963.6
2026-08-15 01:51:06,okx,BTC,BTC-USD-260815-62750-C,2026-08-15,62750,call,0.0038789151987148,0.0019,0.0055,0.07944736268804599,0.9621389269266731,33.92102982953183,0.00001999141679864561,-0.00007941326705249467,1023,3069,62963.6
2026-08-15 01:51:06,okx,BTC,BTC-USD-260828-78000-C,2026-08-28,78000,call,0.0001217413105526,,0.0003,0.4247937492677464,0.0047596822806698705,0.1653173283137102,0.000026973528617632615,-0.00004321812822734878,7124,3,62963.6
2026-08-15 01:51:06,okx,BTC,BTC-USD-260815-62750-P,2026-08-15,62750,put,0.0000279588193759,,0.0001,0.07944736268804599,-0.03402909355749507,35.91336587050017,0.00001999141679864561,-0.00007941326705249467,7775,6565,62963.6
2026-08-15 01:51:06,okx,BTC,BTC-USD-260828-78000-P,2026-08-28,78000,put,0.2368408066890974,0.2345,0.2385,0.4247937492677464,-1.231973110548334,2.638782913971718,0.000026973528617632615,-0.00004321812822734878,625,0,62963.6
2026-08-15 01:51:06,okx,BTC,BTC-USD-260828-88000-C,2026-08-28,88000,call,0.0001594439196161,,0.0022,0.6495624641440267,0.004122772610510031,0.09347730065124323,0.0000239975268080374,-0.00005879460522635296,8634,0,62963.6
2026-08-15 01:51:06,okx,BTC,BTC-USD-260828-88000-P,2026-08-28,88000,put,0.3954322356287434,0.38,0.5455,0.6495624641440267,-1.3911655064786228,2.8840538588295086,0.0000239975268080374,-0.00005879460522635296,0,0,62963.6
2026-08-15 01:51:06,okx,BTC,BTC-USD-260828-90000-C,2026-08-28,90000,call,0.0001717211144999,,,0.6932353579146904,0.004155767345411405,0.08790318934939777,0.0000242241923914101,-0.00006334029547924075,5265,0,62963.6
2026-08-15 01:51:06,okx,BTC,BTC-USD-260828-90000-P,2026-08-28,90000,put,0.4271552580897437,0.4245,0.429,0.6932353579146904,-1.4228436089957472,2.941901942031715,0.0000242241923914101,-0.00006334029547924075,1000,0,62963.6
2026-08-15 01:51:06,okx,BTC,BTC-USD-260828-84000-C,2026-08-28,84000,call,0.0001348542603109,,0.0002,0.5591765239542815,0.004059734021833835,0.10788129233588513,0.000023557913840339438,-0.0000496862055407754,4813,0,62963.6
2026-08-15 01:51:06,okx,BTC,BTC-USD-260828-84000-P,2026-08-28,84000,put,0.3319861554372051,0.317,0.4765,0.5591765239542815,-1.3278063505632474,2.7716134615060475,0.000023557913840339438,-0.0000496862055407754,0,0,62963.6
2026-08-15 01:51:06,okx,BTC,BTC-USD-260828-86000-C,2026-08-28,86000,call,0.0001467649674697,,0.0027,0.6047278453447431,0.004081735519911815,0.09987475707191407,0.000023728182968835087,-0.00005412208533227545,11928,0,62963.6
2026-08-15 01:51:06,okx,BTC,BTC-USD-260828-86000-P,2026-08-28,86000,put,0.3637088114104807,0.3485,0.511,0.6047278453447431,-1.359495446317195,2.8270291207461278,0.000023728182968835087,-0.00005412208533227545,0,0,62963.6
2026-08-15 01:51:06,okx,BTC,BTC-USD-260828-96000-C,2026-08-28,96000,call,0.0001981100838544,,,0.8144564568519411,0.004082999597166753,0.07294346180045604,0.000023991999794750808,-0.00007370286872954016,5658,0,62963.6
2026-08-15 01:51:06,okx,BTC,BTC-USD-260828-96000-P,2026-08-28,96000,put,0.5223138828574478,0.5055,0.6845,0.8144564568519411,-1.518049668500069,3.1172087979949272,0.000023991999794750808,-0.00007370286872954016,0,0,62963.6
2026-08-15 01:51:06,okx,BTC,BTC-USD-260828-100000-C,2026-08-28,100000,call,0.000202994080885,,0.002,0.8856897729094907,0.0038642982403529614,0.06351620306183592,0.000022917216194977198,-0.00007655852616024037,2504,0,62963.6
2026-08-15 01:51:06,okx,BTC,BTC-USD-260828-100000-P,2026-08-28,100000,put,0.5857402573867118,,,0.8856897729094907,-1.581690564360934,3.23462592826441,0.000022917216194977198,-0.00007655852616024037,0,0,62963.6
2026-08-15 01:51:06,okx,BTC,BTC-USD-260828-92000-C,2026-08-28,92000,call,0.0001826741843892,,,0.7354169903016805,0.004164825283364943,0.08274120258371605,0.000024324287462425462,-0.00006747204275350013,3064,0,62963.6
2026-08-15 01:51:06,okx,BTC,BTC-USD-260828-92000-P,2026-08-28,92000,put,0.4588769564257499,0.4425,0.6145,0.7354169903016805,-1.4545456483098194,3.0001621497700843,0.000024324287462425462,-0.00006747204275350013,0,0,62963.6
2026-08-15 01:51:06,okx,BTC,BTC-USD-260828-94000-C,2026-08-28,94000,call,0.0001916200584205,,,0.7758748777176991,0.004141598458547844,0.0777853279699553,0.000024252868539316525,-0.00007097491403236293,3342,0,62963.6
2026-08-15 01:51:06,okx,BTC,BTC-USD-260828-94000-P,2026-08-28,94000,put,0.4905966475658975,0.474,0.6415,0.7758748777176991,-1.4862799723866622,3.058628469660375,0.000024252868539316525,-0.00007097491403236293,0,0,62963.6
2026-08-15 01:51:06,okx,BTC,BTC-USD-260828-115000-C,2026-08-28,115000,call,0.0001486540103067,,,1.085501759149435,0.0024038638100817764,0.03342045283951009,0.000015070970581871131,-0.00006170520879713772,1974,0,62963.6
2026-08-15 01:51:06,okx,BTC,BTC-USD-260828-115000-P,2026-08-28,115000,put,0.8235165068120075,,,1.085501759149435,-1.8209842281813986,3.6801966368224712,0.000015070970581871131,-0.00006170520879713772,0,0,62963.6
2026-08-15 01:51:06,okx,BTC,BTC-USD-260828-120000-C,2026-08-28,120000,call,0.0001209417403984,,,1.1322518500701242,0.0019106157954789076,0.025982633172655676,0.000012255828810886643,-0.000052340250591606903,24,0,62963.6
2026-08-15 01:51:06,okx,BTC,BTC-USD-260828-120000-P,2026-08-28,120000,put,0.9027656577073903,,,1.1322518500701242,-1.9007552193260657,3.8313143034157453,0.000012255828810886643,-0.000052340250591606903,0,0,62963.6
2026-08-15 01:51:06,okx,BTC,BTC-USD-260828-105000-C,2026-08-28,105000,call,0.0001948108454818,,,0.9635651490734944,0.003442498255287922,0.052361807502364896,0.000020733521654887912,-0.00007535363911503496,6615,0,62963.6
2026-08-15 01:51:06,okx,BTC,BTC-USD-260828-105000-P,2026-08-28,105000,put,0.6650089373165999,,,0.9635651490734944,-1.6613901074760635,3.382027018965068,0.000020733521654887912,-0.00007535363911503496,0,0,62963.6
2026-08-15 01:51:06,okx,BTC,BTC-USD-260828-110000-C,2026-08-28,110000,call,0.00017486176725,,,1.0297475762348005,0.002931399779539824,0.04224398154559054,0.000017991366062140457,-0.00006987872800241204,1336,0,62963.6
2026-08-15 01:51:06,okx,BTC,BTC-USD-260828-110000-P,2026-08-28,110000,put,0.7442658514036592,,,1.0297475762348005,-1.7411789490818759,3.530464679268422,0.000017991366062140457,-0.00006987872800241204,1,0,62963.6
2026-08-15 01:51:06,okx,BTC,BTC-USD-260925-64000-P,2026-09-25,64000,put,0.0513088453712399,0.051,0.052,0.3367354686273372,-0.5686816793918518,4.657922026044002,0.0013399762201597022,-0.0005468477734925685,18069,0,62963.6
2026-08-15 01:51:06,okx,BTC,BTC-USD-260925-64000-C,2026-09-25,64000,call,0.0399185729768505,0.0395,0.0405,0.3367354686273372,0.4427181828672674,2.635122301525763,0.0013399762201597022,-0.0005468477734925685,7412,25,62963.6
2026-08-15 01:51:06,okx,BTC,BTC-USD-260828-63000-P,2026-08-28,63000,put,0.0206323023513376,0.0205,0.021,0.27882287764812164,-0.5017798649153506,8.503063512429387,0.0007594304326924706,-0.0007986683498473275,3861,1109,62963.6
2026-08-15 01:51:06,okx,BTC,BTC-USD-260828-63000-C,2026-08-28,63000,call,0.0217438264686669,0.0215,0.022,0.27882287764812164,0.4971196985234602,6.505264385551765,0.0007594304326924706,-0.0007986683498473275,3139,5884,62963.6
2026-08-15 01:51:06,okx,BTC,BTC-USD-260925-72000-P,2026-09-25,72000,put,0.1443532105175622,0.1435,0.1475,0.3216253845354886,-1.0172315079482912,3.9608400326588096,0.0007003066470827662,-0.00027297260267789057,2057,0,62963.6
2026-08-15 01:51:06,okx,BTC,BTC-USD-260925-72000-C,2026-09-25,72000,call,0.0065391540738741,0.007,0.0075,0.3216253845354886,0.12059333709321789,1.6851903425757908,0.0007003066470827662,-0.00027297260267789057,15544,1565,62963.6
2026-08-15 01:51:06,okx,BTC,BTC-USD-260925-66000-P,2026-09-25,66000,put,0.0696501054555296,0.0695,0.0705,0.3281276246005372,-0.697656562953399,4.823904548168626,0.0012716136196879546,-0.00050568312240926,2202,0,62963.6
2026-08-15 01:51:06,okx,BTC,BTC-USD-260925-66000-C,2026-09-25,66000,call,0.0266538870488154,0.027,0.0275,0.3281276246005372,0.3453495450013178,2.737892332259192,0.0012716136196879546,-0.00050568312240926,5703,89,62963.6
2026-08-15 01:51:06,okx,BTC,BTC-USD-260816-62750-C,2026-08-16,62750,call,0.0041737490934632,0.0024,0.006,0.07301074094337315,0.8051363071204412,61.8836525148953,0.00015954901933791393,-0.0004636420557716075,421,422,62963.6
2026-08-15 01:51:06,okx,BTC,BTC-USD-260816-62750-P,2026-08-16,62750,put,0.000435228995052,0.0004,0.0006,0.07301074094337315,-0.19113030837218759,63.87618574588056,0.00015954901933791393,-0.0004636420557716075,5102,2954,62963.6
2026-08-15 01:51:06,okx,BTC,BTC-USD-260828-64000-C,2026-08-28,64000,call,0.0142385285094606,0.014,0.0145,0.27141341073783337,0.38423152298228713,6.693229208017942,0.0007355220535948408,-0.0007529689612051183,15650,53,62963.6
2026-08-15 01:51:06,okx,BTC,BTC-USD-260828-64000-P,2026-08-28,64000,put,0.0289823770251895,0.0285,0.0295,0.27141341073783337,-0.6305235890825367,8.72273943214759,0.0007355220535948408,-0.0007529689612051183,20329,4792,62963.6
2026-08-15 01:51:06,okx,BTC,BTC-USD-260828-63500-C,2026-08-28,63500,call,0.0177216135909028,0.0175,0.018,0.2747081403152111,0.4409496303086666,6.69751614269771,0.0007561958714015499,-0.0007835304939746451,22,22,62963.6
2026-08-15 01:51:06,okx,BTC,BTC-USD-260828-63500-P,2026-08-28,63500,put,0.0245377757901027,0.0245,0.025,0.2747081403152111,-0.5658777074431508,8.711170818201344,0.0007561958714015499,-0.0007835304939746451,1327,1287,62963.6
2026-08-15 01:51:06,okx,BTC,BTC-USD-260925-78000-P,2026-09-25,78000,put,0.2342561150823261,0.2335,0.2375,0.33810262579200995,-1.1969951574775135,3.1097244969338367,0.0002735249480985542,-0.00011207944752077868,5788,0,62963.6
2026-08-15 01:51:06,okx,BTC,BTC-USD-260925-55000-C,2026-09-25,55000,call,0.1411668878652132,0.14,0.1415,0.409897336710216,0.7201767156283769,0.16422131042135882,0.0007434156338775123,-0.0003693067793646409,1262,0,62963.6
2026-08-15 01:51:06,okx,BTC,BTC-USD-260925-78000-C,2026-09-25,78000,call,0.001624220601664,0.0018,0.0019,0.33810262579200995,0.03564842465078795,0.6444373326772335,0.0002735249480985542,-0.00011207944752077868,8760,304,62963.6
2026-08-15 01:51:06,okx,BTC,BTC-USD-260925-55000-P,2026-09-25,55000,put,0.0103304032041416,0.0095,0.01,0.409897336710216,-0.14899504100055372,1.9025648236792203,0.0007434156338775123,-0.0003693067793646409,54244,335,62963.6
2026-08-15 01:51:06,okx,BTC,BTC-USD-270625-25000-P,2027-06-25,25000,put,0.0080577081978069,0.007,0.0085,0.6437460830448585,-0.036236588663496126,0.18045921598073264,0.0005985125160106145,-0.00006130190129277704,60,0,62963.6
2026-08-15 01:51:06,okx,BTC,BTC-USD-270625-25000-C,2027-06-25,25000,call,0.6265074617317622,,,0.6437460830448585,0.3459355001664454,-0.5838849616791505,0.0005985125160106145,-0.00006130190129277704,0,0,62963.6
2026-08-15 01:51:06,okx,BTC,BTC-USD-270625-30000-P,2027-06-25,30000,put,0.0128736496233788,0.0115,0.0135,0.5944785976302891,-0.058552987016875224,0.2907968008663633,0.0008890048570291405,-0.00008408653675737678,439,0,62963.6
2026-08-15 01:51:06,okx,BTC,BTC-USD-270625-30000-C,2027-06-25,30000,call,0.5550133538641251,0.55,0.558,0.5944785976302891,0.4000535195790546,-0.6264162123254964,0.0008890048570291405,-0.00008408653675737678,0,0,62963.6
2026-08-15 01:51:06,okx,BTC,BTC-USD-260925-68000-C,2026-09-25,68000,call,0.0170991856070349,0.0175,0.018,0.32294254948712786,0.2543256474378593,2.544760670756584,0.0011145699110091374,-0.00043622753764666566,13806,756,62963.6
2026-08-15 01:51:06,okx,BTC,BTC-USD-260925-68000-P,2026-09-25,68000,put,0.0917013500260738,0.0915,0.093,0.32294254948712786,-0.8202867062124549,4.693985378057214,0.0011145699110091374,-0.00043622753764666566,11260,0,62963.6
2026-08-15 01:51:06,okx,BTC,BTC-USD-270625-45000-P,2027-06-25,45000,put,0.0420506173109767,0.039,0.042,0.48742005511352915,-0.1884281693215565,0.8833851978048219,0.002125683570413333,-0.00016484968381743885,1023,150,62963.6
2026-08-15 01:51:06,okx,BTC,BTC-USD-260828-61500-C,2026-08-28,61500,call,0.0367239244975993,0.036,0.0455,0.29414010624913517,0.6468002298298088,5.056336621573925,0.0006783451590968143,-0.000752584115393155,0,0,62963.6
2026-08-15 01:51:06,okx,BTC,BTC-USD-270625-45000-C,2027-06-25,45000,call,0.3552601736720961,0.346,0.3705,0.48742005511352915,0.49948159057233815,-0.49243432198296744,0.002125683570413333,-0.00016484968381743885,0,0,62963.6
2026-08-15 01:51:06,okx,BTC,BTC-USD-270625-50000-P,2027-06-25,50000,put,0.059860960599671,0.057,0.06,0.4639718687408864,-0.2608568488798129,1.173181729206714,0.0026024104002249494,-0.0001921115798793472,1242,150,62963.6
2026-08-15 01:51:06,okx,BTC,BTC-USD-270625-50000-C,2027-06-25,50000,call,0.2967604676675816,0.2875,0.3105,0.4639718687408864,0.5034873287800701,-0.355506626113052,0.0026024104002249494,-0.0001921115798793472,307,0,62963.6
2026-08-15 01:51:06,okx,BTC,BTC-USD-270625-35000-P,2027-06-25,35000,put,0.0195831219881007,0.018,0.02,0.5521227944949553,-0.0895485981660951,0.4407421953843344,0.0012437673243659616,-0.00010925993270565463,2117,0,62963.6
2026-08-15 01:51:06,okx,BTC,BTC-USD-270625-35000-C,2027-06-25,35000,call,0.4854127769356381,0.48,0.488,0.5521227944949553,0.445492326195823,-0.6293396533395018,0.0012437673243659616,-0.00010925993270565463,0,0,62963.6
2026-08-15 01:51:06,okx,BTC,BTC-USD-270625-40000-P,2027-06-25,40000,put,0.0289810185492953,0.0265,0.029,0.5165898813264225,-0.13194881252995982,0.637426815090709,0.0016613512733239895,-0.0001365505557587825,3985,0,62963.6
2026-08-15 01:51:06,okx,BTC,BTC-USD-270625-40000-C,2027-06-25,40000,call,0.4185006242036239,0.4105,0.426,0.5165898813264225,0.47952652959794656,-0.5855238691651037,0.0016613512733239895,-0.0001365505557587825,9,0,62963.6
2026-08-15 01:51:06,okx,BTC,BTC-USD-270625-65000-P,2027-06-25,65000,put,0.1502640037945031,0.144,0.159,0.42098303232338863,-0.5674028866961838,2.133482222497274,0.003619765427495404,-0.00024245499062874087,710,271,62963.6
2026-08-15 01:51:06,okx,BTC,BTC-USD-270625-65000-C,2027-06-25,65000,call,0.1582333629827869,0.155,0.1615,0.42098303232338863,0.42624454426166414,0.1461873605815779,0.003619765427495404,-0.00024245499062874087,4260,3,62963.6
2026-08-15 01:51:06,okx,BTC,BTC-USD-270625-70000-P,2027-06-25,70000,put,0.1938090991563612,0.1855,0.2065,0.41361697761243327,-0.6888191273112009,2.4169950570131253,0.003701297952071298,-0.00024357825335810066,301,100,62963.6
2026-08-15 01:51:06,okx,BTC,BTC-USD-270625-70000-C,2027-06-25,70000,call,0.1254684090514362,0.1245,0.129,0.41361697761243327,0.3812627214126353,0.27683135956545263,0.003701297952071298,-0.00024357825335810066,337,0,62963.6
2026-08-15 01:51:06,okx,BTC,BTC-USD-260816-62900-P,2026-08-16,62900,put,0.0010491213311056,0.001,0.0011,0.07103340395829841,-0.3730172870787621,91.50346902739572,0.0002218809645853821,-0.0006273134508789919,4084,3985,62963.6
2026-08-15 01:51:06,okx,BTC,BTC-USD-270625-55000-P,2027-06-25,55000,put,0.0834070876749644,0.0805,0.084,0.44554055092375383,-0.3495478893229925,1.4922836797822445,0.0030426664514141915,-0.00021568884840634633,1554,127,62963.6
2026-08-15 01:51:06,okx,BTC,BTC-USD-270625-55000-C,2027-06-25,55000,call,0.2439965454496661,0.2355,0.253,0.44554055092375383,0.4912307061028788,-0.18927351106949783,0.0030426664514141915,-0.00021568884840634633,10,0,62963.6
2026-08-15 01:51:06,okx,BTC,BTC-USD-260828-61500-P,2026-08-28,61500,put,0.0118293414306826,0.0115,0.012,0.29414010624913517,-0.328316010669983,7.006569102573508,0.0006783451590968143,-0.000752584115393155,132,136,62963.6
2026-08-15 01:51:06,okx,BTC,BTC-USD-270625-60000-P,2027-06-25,60000,put,0.1134279090329375,0.111,0.115,0.43142830406228533,-0.4528585227769574,1.8196672597739332,0.003394862586811324,-0.00023303274025443288,3253,105,62963.6
2026-08-15 01:51:06,okx,BTC,BTC-USD-260816-62900-C,2026-08-16,62900,call,0.0024061398839353,0.0023,0.0026,0.07103340395829841,0.6256308422357614,89.50617276876667,0.0002218809645853821,-0.0006273134508789919,594,606,62963.6
2026-08-15 01:51:06,okx,BTC,BTC-USD-270625-60000-C,2027-06-25,60000,call,0.1977073175144303,0.1905,0.2065,0.43142830406228533,0.4643544904149023,-0.014758766609786275,0.003394862586811324,-0.00023303274025443288,11,0,62963.6
2026-08-15 01:51:06,okx,BTC,BTC-USD-270625-85000-P,2027-06-25,85000,put,0.3583026309509074,0.3455,0.5785,0.4043296773871128,-1.0552236265056567,3.0439058457763997,0.003249538632492255,-0.00020904675572476437,1,0,62963.6
2026-08-15 01:51:06,okx,BTC,BTC-USD-270625-85000-C,2027-06-25,85000,call,0.0610317929663554,0.06,0.063,0.4043296773871128,0.24416147551614426,0.4451356417327976,0.003249538632492255,-0.00020904675572476437,235,123,62963.6
2026-08-15 01:51:06,okx,BTC,BTC-USD-270625-90000-P,2027-06-25,90000,put,0.4216577110151208,0.408,0.6475,0.4041970960251638,-1.1700163399712937,3.19376878534726,0.002971035662960732,-0.00019106764998378403,2,0,62963.6
2026-08-15 01:51:06,okx,BTC,BTC-USD-270625-90000-C,2027-06-25,90000,call,0.04807682373736,0.047,0.05,0.4041970960251638,0.20580317981649549,0.44212974577168174,0.002971035662960732,-0.00019106764998378403,2568,150,62963.6
2026-08-15 01:51:06,okx,BTC,BTC-USD-270625-75000-P,2027-06-25,75000,put,0.243533683594741,0.2315,0.257,0.40871780531881835,-0.812755798816043,2.6622004242325734,0.003648068653282605,-0.00023723167137347552,0,0,62963.6
2026-08-15 01:51:06,okx,BTC,BTC-USD-270625-75000-C,2027-06-25,75000,call,0.0988829441966068,0.0975,0.1015,0.40871780531881835,0.33376046767378154,0.3691678912529246,0.003648068653282605,-0.00023723167137347552,3106,100,62963.6
2026-08-15 01:51:06,okx,BTC,BTC-USD-270625-80000-P,2027-06-25,80000,put,0.298647002050607,0.29,0.3355,0.40573749995731145,-0.9356936026256633,2.869360312755564,0.003486221803154749,-0.00022505375927373353,3,1,62963.6
2026-08-15 01:51:06,okx,BTC,BTC-USD-270625-80000-C,2027-06-25,80000,call,0.0776862133592639,0.077,0.0795,0.40573749995731145,0.2872570816301497,0.42345894424393826,0.003486221803154749,-0.00022505375927373353,3032,0,62963.6
2026-08-15 01:51:06,okx,BTC,BTC-USD-260816-63400-C,2026-08-16,63400,call,0.0001669845365598,0.0001,0.0002,0.0801072615567974,0.08139968458230705,31.939861169604672,0.00008850913980503754,-0.0002822031996520004,2180,1931,62963.6
2026-08-15 01:51:06,okx,BTC,BTC-USD-260818-62250-P,2026-08-18,62250,put,0.0031853444635363,0.0033,0.0034,0.2057427536663191,-0.2695227716579015,17.436622740455558,0.0003101492792136322,-0.0009797426375796792,18,18,62963.6
2026-08-15 01:51:06,okx,BTC,BTC-USD-270625-110000-P,2027-06-25,110000,put,0.6985274867595844,,1.757,0.4119493219311443,-1.5798616034374124,3.687025880424912,0.0018702290261292586,-0.00012258143286190173,0,0,62963.6
2026-08-15 01:51:06,okx,BTC,BTC-USD-260816-63400-P,2026-08-16,63400,put,0.0067483044690016,0.005,0.0085,0.0801072615567974,-0.925186824138532,33.953034187046356,0.00008850913980503754,-0.0002822031996520004,200,200,62963.6
2026-08-15 01:51:06,okx,BTC,BTC-USD-270625-110000-C,2027-06-25,110000,call,0.0197064023089878,0.019,0.021,0.4119493219311443,0.10169558741433048,0.3239114987214261,0.0018702290261292586,-0.00012258143286190173,622,250,62963.6
2026-08-15 01:51:06,okx,BTC,BTC-USD-260818-60000-P,2026-08-18,60000,put,0.0001745573237271,0.0003,0.0004,0.2522770848283215,-0.019979715592996515,2.0551112525545405,0.00004535314037343868,-0.00017568257968501657,350,350,62963.6
2026-08-15 01:51:06,okx,BTC,BTC-USD-270625-120000-P,2027-06-25,120000,put,0.8446909660463657,,1.2,0.4186051281170521,-1.7619266436806478,3.926873253622695,0.0014525200436313098,-0.0000967414932343073,0,0,62963.6
2026-08-15 01:51:06,okx,BTC,BTC-USD-260818-62250-C,2026-08-18,62250,call,0.0150429971514247,0.0145,0.0615,0.2057427536663191,0.718525662191235,15.460525872757282,0.0003101492792136322,-0.0009794176414614074,0,0,62963.6
2026-08-15 01:51:06,okx,BTC,BTC-USD-270625-120000-C,2027-06-25,120000,call,0.0132497830093514,0.0125,0.0145,0.4186051281170521,0.07249938270307149,0.25802120085525604,0.0014525200436313098,-0.0000967414932343073,1271,1152,62963.6
2026-08-15 01:51:06,okx,BTC,BTC-USD-260828-59000-P,2026-08-28,59000,put,0.004457201021393,0.0044,0.0045,0.32881778675218143,-0.14106164360734316,3.775040133478014,0.00041712921834918506,-0.0005173399132668383,10197,1847,62963.6
2026-08-15 01:51:06,okx,BTC,BTC-USD-270625-95000-P,2027-06-25,95000,put,0.4879477580453553,0.4725,0.7175,0.40508747676307083,-1.2796081306077296,3.327012670820844,0.0026778479971527637,-0.00017259207372610202,0,0,62963.6
2026-08-15 01:51:06,okx,BTC,BTC-USD-260818-60000-C,2026-08-18,60000,call,0.0477449741621893,0.046,0.148,0.2522770848283215,0.932356124261593,0.1504395728453615,0.00004535314037343868,-0.00017437915634380192,0,0,62963.6
2026-08-15 01:51:06,okx,BTC,BTC-USD-260828-59000-C,2026-08-28,59000,call,0.0689902156709555,0.0675,0.0715,0.32881778675218143,0.7944157253274162,1.9040853956084947,0.00041712921834918506,-0.0005173399132668383,10,0,62963.6
2026-08-15 01:51:06,okx,BTC,BTC-USD-270625-95000-C,2027-06-25,95000,call,0.0380568214743853,0.037,0.04,0.40508747676307083,0.17264580694604822,0.42250479571328897,0.0026778479971527637,-0.00017259207372610202,1379,121,62963.6
2026-08-15 01:51:06,okx,BTC,BTC-USD-270625-100000-P,2027-06-25,100000,put,0.55652278355111,0.5395,0.789,0.4067889103492618,-1.3841204019284201,3.450479538292408,0.0023894420668860257,-0.00015465063886697353,0,0,62963.6
2026-08-15 01:51:06,okx,BTC,BTC-USD-270625-100000-C,2027-06-25,100000,call,0.0303217976869313,0.0295,0.032,0.4067889103492618,0.14456795339134598,0.3931028276528757,0.0023894420668860257,-0.00015465063886697353,1638,150,62963.6
2026-08-15 01:51:06,okx,BTC,BTC-USD-260821-57000-C,2026-08-21,57000,call,0.0958623262592462,0.0925,0.1945,0.33062936343312277,0.8945055865489213,-1.200574850858177,0.00003334728773939922,-0.00008549151570510168,0,0,62963.6
2026-08-15 01:51:06,okx,BTC,BTC-USD-260925-105000-C,2026-09-25,105000,call,0.0002135540598047,,0.0003,0.5480081889180449,0.003733899246047782,0.05607788347116961,0.00003936132731972889,-0.00002614190769268504,6452,0,62963.6
2026-08-15 01:51:06,okx,BTC,BTC-USD-260821-56000-P,2026-08-21,56000,put,0.0000721386494463,0.0003,0.0004,0.352959691021548,-0.004966922591905013,0.31695820102021993,0.000018574518430445304,-0.00005239426573225281,5744,749,62963.6
2026-08-15 01:51:06,okx,BTC,BTC-USD-260821-58000-C,2026-08-21,58000,call,0.0801510527807499,0.077,0.125,0.3104069872475931,0.9003855210823798,-0.6435431797045351,0.00006157011910037832,-0.00015054720042586526,3,0,62963.6
2026-08-15 01:51:06,okx,BTC,BTC-USD-260821-57000-P,2026-08-21,57000,put,0.0001399870888244,0.0004,0.0005,0.33062936343312277,-0.009635113567389882,0.6077065493744452,0.00003334728773939922,-0.00008811310228428395,2031,2,62963.6
2026-08-15 01:51:06,okx,BTC,BTC-USD-270625-130000-P,2027-06-25,130000,put,0.9932718068097848,,2.4965,0.4260368354676293,-1.9346343059615896,4.177750044876831,0.0011315329553903816,-0.00007670090097345424,0,0,62963.6
2026-08-15 01:51:06,okx,BTC,BTC-USD-270625-130000-C,2027-06-25,130000,call,0.0092105251863525,0.0085,0.0105,0.4260368354676293,0.05266055595410626,0.20316032104543874,0.0011315329553903816,-0.00007670090097345424,717,600,62963.6
2026-08-15 01:51:06,okx,BTC,BTC-USD-260821-56000-C,2026-08-21,56000,call,0.111655991397854,0.108,0.208,0.352959691021548,0.8833116599785059,-1.459598964120602,0.000018574518430445304,-0.000049338100594514944,0,0,62963.6
2026-08-15 01:51:06,okx,BTC,BTC-USD-270625-140000-P,2027-06-25,140000,put,1.143281284991422,,2.872,0.4337719884505556,-2.1011404157497,4.440270386359797,0.0008888130598722498,-0.00006134201513657526,0,0,62963.6
2026-08-15 01:51:06,okx,BTC,BTC-USD-260925-105000-P,2026-09-25,105000,put,0.6595257197068499,0.6555,0.664,0.5480081889180449,-1.65559399977282,3.374733681508905,0.00003936132731972889,-0.00002614190769268504,488,0,62963.6
2026-08-15 01:51:06,okx,BTC,BTC-USD-270625-140000-C,2027-06-25,140000,call,0.0065999047815717,0.006,0.0075,0.4337719884505556,0.03902328169797232,0.15994299146445273,0.0008888130598722498,-0.00006134201513657526,413,95,62963.6
2026-08-15 01:51:06,okx,BTC,BTC-USD-260821-60500-C,2026-08-21,60500,call,0.0422830084845804,0.0415,0.1285,0.2690205989341798,0.8389739832663862,3.9546779269295653,0.00025972638212821866,-0.0005572600334029148,0,0,62963.6
2026-08-15 01:51:06,okx,BTC,BTC-USD-260821-60000-P,2026-08-21,60000,put,0.0013981456848316,0.0018,0.0019,0.27626167970786725,-0.08498048983449288,4.417998764220027,0.0002011539858425729,-0.00044408820736791313,11190,6323,62963.6
2026-08-15 01:51:06,okx,BTC,BTC-USD-260821-61000-C,2026-08-21,61000,call,0.0353348820086725,0.0345,0.0375,0.26228822279476904,0.7989412955210861,5.647038646728678,0.0003257107423404004,-0.0006817932183977866,446,0,62963.6
2026-08-15 01:51:06,okx,BTC,BTC-USD-260821-60500-P,2026-08-21,60500,put,0.0020759668371084,0.0024,0.0025,0.2690205989341798,-0.12068412826057562,5.873994149983489,0.00025972638212821866,-0.0005583605950271526,4958,2967,62963.6
2026-08-15 01:51:06,okx,BTC,BTC-USD-260821-59000-C,2026-08-21,59000,call,0.0646300049802964,0.0615,0.1665,0.29229042897895424,0.8949035220820266,0.47705816598884904,0.00011356902974428825,-0.0002635270475092352,0,0,62963.6
2026-08-15 01:51:06,okx,BTC,BTC-USD-260821-58000-P,2026-08-21,58000,put,0.0002902271883137,0.0006,0.0008,0.3104069872475931,-0.019617296579831436,1.1964624556198873,0.00006157011910037832,-0.00015273420844649194,5892,757,62963.6
2026-08-15 01:51:06,okx,BTC,BTC-USD-260821-60000-C,2026-08-21,60000,call,0.0495359441212964,0.046,0.1505,0.27626167970786725,0.8667465629195188,2.514544658712003,0.0002011539858425729,-0.0004427703564643977,0,0,62963.6
2026-08-15 01:51:06,okx,BTC,BTC-USD-260821-59000-P,2026-08-21,59000,put,0.0006306929658458,0.0011,0.0012,0.29229042897895424,-0.04096141312608485,2.348788036405072,0.00011356902974428825,-0.0002652794769713063,7227,426,62963.6
2026-08-15 01:51:06,okx,BTC,BTC-USD-260821-62500-C,2026-08-21,62500,call,0.0174300629777831,0.017,0.018,0.24507888420404333,0.5929175961660971,10.766188678068696,0.000502073118829647,-0.000982923413977729,966,888,62963.6
2026-08-15 01:51:06,okx,BTC,BTC-USD-260821-62000-P,2026-08-21,62000,put,0.0063744387030602,0.006,0.0065,0.2503245081911287,-0.3077516553823626,11.245431306461578,0.00045609290647700556,-0.0009122857560125612,15125,1285,62963.6
2026-08-15 01:51:06,okx,BTC,BTC-USD-260821-63000-C,2026-08-21,63000,call,0.0128216526782585,0.0125,0.013,0.24031349198752938,0.49991639607135274,11.671541546834392,0.00052194110269522,-0.0010020863568763858,1758,866,62963.6
2026-08-15 01:51:06,okx,BTC,BTC-USD-260821-62500-P,2026-08-21,62500,put,0.0089460484862825,0.0085,0.009,0.24507888420404333,-0.3984647504526652,12.74895337130622,0.000502073118829647,-0.0009831548184848554,11151,1293,62963.6
2026-08-15 01:51:06,okx,BTC,BTC-USD-260821-61500-C,2026-08-21,61500,call,0.0287973193154197,0.028,0.0665,0.2560584618759643,0.744759538189933,7.485335774636214,0.0003939001891788758,-0.0008053004697341035,0,0,62963.6
2026-08-15 01:51:06,okx,BTC,BTC-USD-260821-61000-P,2026-08-21,61000,put,0.0030585971501934,0.0033,0.0034,0.26228822279476904,-0.1686478747788258,7.5822169873285015,0.0003257107423404004,-0.0006826764907427466,7681,3836,62963.6
2026-08-15 01:51:06,okx,BTC,BTC-USD-260821-62000-C,2026-08-21,62000,call,0.0227892099835537,0.022,0.024,0.2503245081911287,0.6756996324634496,9.278528730769954,0.00045609290647700556,-0.0009118370622261568,696,4,62963.6
2026-08-15 01:51:06,okx,BTC,BTC-USD-260821-61500-P,2026-08-21,61500,put,0.0044517912459333,0.0046,0.0047,0.2560584618759643,-0.23076069088292897,9.436376232781937,0.0003939001891788758,-0.0008059664527997857,3320,1670,62963.6
2026-08-15 01:51:06,okx,BTC,BTC-USD-260821-64500-C,2026-08-21,64500,call,0.0041197929024528,0.0038,0.0039,0.2354743052042025,0.22819432951795085,9.447463386147659,0.00039973050418607423,-0.0007521479092453771,2952,975,62963.6
2026-08-15 01:51:06,okx,BTC,BTC-USD-260821-64000-P,2026-08-21,64000,put,0.0214968532213612,0.021,0.023,0.23504869753408342,-0.7056625588820455,12.964869830576328,0.0004654711000579039,-0.0008738060695266211,2145,370,62963.6
2026-08-15 01:51:06,okx,BTC,BTC-USD-260821-65000-C,2026-08-21,65000,call,0.0027031381207935,0.0024,0.0025,0.2378527146745996,0.16292334132069844,7.6646560687767975,0.00032576306415913364,-0.0006191781096880302,5542,3650,62963.6
2026-08-15 01:51:06,okx,BTC,BTC-USD-260821-64500-P,2026-08-21,64500,put,0.0273588055669235,0.0265,0.0295,0.2354743052042025,-0.7949122521926119,11.493676549568784,0.00039973050418607423,-0.0007515101566353924,1493,136,62963.6
2026-08-15 01:51:06,okx,BTC,BTC-USD-260821-63500-C,2026-08-21,63500,call,0.0090590530737559,0.0085,0.009,0.2366463770429907,0.4026404323539889,11.752846251831315,0.0005093828960721896,-0.0009631412565882504,2025,1203,62963.6
2026-08-15 01:51:06,okx,BTC,BTC-USD-260925-50000-P,2026-09-25,50000,put,0.0044258617257639,0.0042,0.0044,0.4758577753851019,-0.06473960708962202,0.8770893755930936,0.00040211382757647475,-0.000231903162419288,45357,500,62963.6
2026-08-15 01:51:06,okx,BTC,BTC-USD-260925-61000-C,2026-09-25,61000,call,0.0669543826386495,0.066,0.067,0.35530863935706514,0.5761339019292872,1.9702180494477326,0.0012540154549331524,-0.0005399942682220882,0,0,62963.6
2026-08-15 01:51:06,okx,BTC,BTC-USD-260821-63000-P,2026-08-21,63000,put,0.0122683949757507,0.012,0.0125,0.24031349198752938,-0.49939700932035946,13.670168357617817,0.00052194110269522,-0.0010021004721042345,7364,2598,62963.6
2026-08-15 01:51:06,okx,BTC,BTC-USD-260925-50000-C,2026-09-25,50000,call,0.2142772114176473,0.2125,0.2155,0.4758577753851019,0.7254165353003149,-0.7032229091867803,0.00040211382757647475,-0.000231903162419288,857,0,62963.6
2026-08-15 01:51:06,okx,BTC,BTC-USD-260925-61000-P,2026-09-25,61000,put,0.0309357360145518,0.03,0.031,0.35530863935706514,-0.38785659178643606,3.8981990368791792,0.0012540154549331524,-0.0005399942682220882,552,270,62963.6
2026-08-15 01:51:06,okx,BTC,BTC-USD-260821-64000-C,2026-08-21,64000,call,0.0061885973458834,0.006,0.0065,0.23504869753408342,0.30951296405556694,10.934518784701101,0.0004654711000579039,-0.0008742265328573281,2880,420,62963.6
2026-08-15 01:51:06,okx,BTC,BTC-USD-260821-63500-P,2026-08-21,63500,put,0.016436552160241,0.016,0.0165,0.2366463770429907,-0.6046040318106736,13.767335180160641,0.0005093828960721896,-0.0009629380825368212,3635,471,62963.6
2026-08-15 01:51:06,okx,BTC,BTC-USD-260821-66500-C,2026-08-21,66500,call,0.0008026663518643,0.0006,0.0007,0.2558626608591277,0.05602270751746147,3.2953093919464944,0.00014943209817274954,-0.0003055463422218431,8311,235,62963.6
2026-08-15 01:51:06,okx,BTC,BTC-USD-260925-70000-P,2026-09-25,70000,put,0.1168606548136573,0.116,0.1205,0.3208731105495312,-0.9279394267627252,4.362699211501665,0.0009091869203289428,-0.0003535631522087016,50342,0,62963.6
2026-08-15 01:51:06,okx,BTC,BTC-USD-260821-66000-P,2026-08-21,66000,put,0.0482085441653726,0.047,0.05,0.24813891361468204,-0.9673127518168603,6.543601451026347,0.00019602837584685185,-0.0003874289904546619,44,0,62963.6
2026-08-15 01:51:06,okx,BTC,BTC-USD-260925-70000-C,2026-09-25,70000,call,0.0106525443822939,0.011,0.0115,0.3208731105495312,0.1782791725831865,2.1502620128098417,0.0009091869203289428,-0.0003535631522087016,37155,3142,62963.6
2026-08-15 01:51:06,okx,BTC,BTC-USD-260816-63600-C,2026-08-16,63600,call,0.0000685365567051,,0.0002,0.0907021005862051,0.03408129275342827,14.163816670454409,0.00004442811168073259,-0.00016038994104780369,291,354,62963.6
2026-08-15 01:51:06,okx,BTC,BTC-USD-260821-67000-C,2026-08-21,67000,call,0.0005673207978131,0.0004,0.0005,0.26517383081598406,0.04027344329099349,2.4438211936714627,0.00011473686153062884,-0.0002431439105252704,9933,2680,62963.6
2026-08-15 01:51:06,okx,BTC,BTC-USD-260925-60000-P,2026-09-25,60000,put,0.0258718099813476,0.025,0.0255,0.36272066525574753,-0.3353887750882445,3.5617709695045385,0.0011852665943329376,-0.0005210373271003004,32873,173,62963.6
2026-08-15 01:51:06,okx,BTC,BTC-USD-260816-63600-P,2026-08-16,63600,put,0.0098251918832557,,0.0285,0.0907021005862051,-0.9756805677299372,16.18334039142114,0.00004442811168073259,-0.00016038994104780369,0,0,62963.6
2026-08-15 01:51:06,okx,BTC,BTC-USD-260821-66500-P,2026-08-21,66500,put,0.0557647061723062,0.0545,0.171,0.2558626608591277,-0.9988081092849015,5.40497102555122,0.00014943209817274954,-0.0003040394324947473,3,0,62963.6
2026-08-15 01:51:06,okx,BTC,BTC-USD-260925-60000-C,2026-09-25,60000,call,0.0776934296116076,0.0765,0.0775,0.36272066525574753,0.6127985957796799,1.66539622776869,0.0011852665943329376,-0.0005210373271003004,6466,0,62963.6
2026-08-15 01:51:06,okx,BTC,BTC-USD-260821-65500-C,2026-08-21,65500,call,0.0017721233724226,0.0015,0.0016,0.2421037579146202,0.11412840536690325,5.92917420445118,0.00025551753489988906,-0.0004943529758574793,3357,1481,62963.6
2026-08-15 01:51:06,okx,BTC,BTC-USD-260925-90000-P,2026-09-25,90000,put,0.4225737076597154,0.419,0.426,0.41472855650304496,-1.4155762780683032,2.9711084875485607,0.00006560725856864509,-0.000032975874730268554,2821,0,62963.6
2026-08-15 01:51:06,okx,BTC,BTC-USD-260821-65000-P,2026-08-21,65000,put,0.033872907574257,0.033,0.0355,0.2378527146745996,-0.8681142991628144,9.726731349743822,0.00032576306415913364,-0.0006183230677987678,1634,90,62963.6
2026-08-15 01:51:06,okx,BTC,BTC-USD-260925-90000-C,2026-09-25,90000,call,0.0003061371051051,0.0003,0.0006,0.41472855650304496,0.006704778233583413,0.12654637494478735,0.00006560725856864509,-0.000032975874730268554,27146,836,62963.6
2026-08-15 01:51:06,okx,BTC,BTC-USD-260821-66000-C,2026-08-21,66000,call,0.0011772611339235,0.001,0.0011,0.24813891361468204,0.07958700621255266,4.44980193496752,0.00019602837584685185,-0.0003887186109024799,5325,1641,62963.6
2026-08-15 01:51:06,okx,BTC,BTC-USD-260925-80000-P,2026-09-25,80000,put,0.2653301774129011,0.2645,0.2685,0.3475138161781469,-1.2396667150606382,2.9908875365499146,0.00020093717530276128,-0.0000846277631664965,7856,0,62963.6
2026-08-15 01:51:06,okx,BTC,BTC-USD-260821-65500-P,2026-08-21,65500,put,0.0408726496148788,0.04,0.0425,0.2421037579146202,-0.9248402938895596,8.007111602964107,0.00025551753489988906,-0.0004932806446889392,2393,0,62963.6
2026-08-15 01:51:06,okx,BTC,BTC-USD-260925-80000-C,2026-09-25,80000,call,0.0010923369199142,0.0013,0.0014,0.3475138161781469,0.024583112763260792,0.4623878809021161,0.00020093717530276128,-0.0000846277631664965,16463,141,62963.6
2026-08-15 01:51:06,okx,BTC,BTC-USD-260821-69000-C,2026-08-21,69000,call,0.0002204681176879,0.0001,0.0002,0.3161444831512683,0.0149796144702855,0.8954620180645332,0.00005014697004668508,-0.00012669722782271146,9223,724,62963.6
2026-08-15 01:51:06,okx,BTC,BTC-USD-260925-110000-P,2026-09-25,110000,put,0.7385522250410534,0.734,0.743,0.594967208895498,-1.7347108156914233,3.526760369446404,0.00003856006907025145,-0.000027804259127365615,1292,0,62963.6
2026-08-15 01:51:06,okx,BTC,BTC-USD-260821-68000-P,2026-08-21,68000,put,0.0790773579816147,0.005,0.1965,0.288133432383356,-1.055768759337308,3.565405717696621,0.00007180229296924606,-0.0001631767694821193,3,0,62963.6
2026-08-15 01:51:06,okx,BTC,BTC-USD-260925-110000-C,2026-09-25,110000,call,0.0002251943631964,0.0001,0.0003,0.594967208895498,0.0036326975664380946,0.050073342930681095,0.00003856006907025145,-0.000027804259127365615,10365,0,62963.6
2026-08-15 01:51:06,okx,BTC,BTC-USD-260821-70000-C,2026-08-21,70000,call,0.0001763300848993,0.0001,0.0002,0.3483219350502702,0.011235815615384457,0.633206912263384,0.00003914636307898597,-0.00010897089044124013,2637,109,62963.6
2026-08-15 01:51:06,okx,BTC,BTC-USD-260925-100000-P,2026-09-25,100000,put,0.5805113007533854,0.576,0.584,0.5015532232376396,-1.5762518044743303,3.2270611812723775,0.000042267389523300144,-0.000025692297695307794,2750,0,62963.6
2026-08-15 01:51:06,okx,BTC,BTC-USD-260821-69000-P,2026-08-21,69000,put,0.0948362918830941,0.005,0.213,0.3161444831512683,-1.079506496196828,3.08443423939876,0.00005014697004668508,-0.00012410387169922666,3,0,62963.6
2026-08-15 01:51:06,okx,BTC,BTC-USD-260925-100000-C,2026-09-25,100000,call,0.0002140001371521,0.0001,0.0005,0.5015532232376396,0.004060480305543623,0.06643661171262943,0.000042267389523300144,-0.000025692297695307794,25936,0,62963.6
2026-08-15 01:51:06,okx,BTC,BTC-USD-260821-67500-C,2026-08-21,67500,call,0.0004184255231409,0.0003,0.0004,0.2759669326067265,0.02981870550478716,1.8358884738884274,0.00008966158033896415,-0.00019774057016411697,11819,641,62963.6
2026-08-15 01:51:06,okx,BTC,BTC-USD-260925-130000-P,2026-09-25,130000,put,1.054705957796163,1.0485,1.0605,0.775100959957997,-2.050489001342966,4.148837764346842,0.000041930056561388575,-0.00003938802605910907,13,0,62963.6
2026-08-15 01:51:06,okx,BTC,BTC-USD-260821-67000-P,2026-08-21,67000,put,0.0634601174072479,0.0625,0.0655,0.26517383081598406,-1.0224884322843195,4.569344944822088,0.00011473686153062884,-0.00024141971151889677,54,0,62963.6
2026-08-15 01:51:06,okx,BTC,BTC-USD-260925-130000-C,2026-09-25,130000,call,0.0003194669950597,,0.0002,0.775100959957997,0.003916968870870215,0.04002582391917104,0.000041930056561388575,-0.00003938802605910907,6713,0,62963.6
2026-08-15 01:51:06,okx,BTC,BTC-USD-260821-68000-C,2026-08-21,68000,call,0.0003230477941942,0.0002,0.0003,0.288133432383356,0.02285523378390516,1.4081577314541944,0.00007180229296924606,-0.00016533554704704852,15251,343,62963.6
2026-08-15 01:51:06,okx,BTC,BTC-USD-260925-120000-P,2026-09-25,120000,put,0.8966241444088408,0.8905,0.901,0.687473165127223,-1.8926556311374976,3.836413550965973,0.00003970934683843012,-0.00003308483611599805,505,0,62963.6
2026-08-15 01:51:06,okx,BTC,BTC-USD-260821-67500-P,2026-08-21,67500,put,0.0712419789215685,0.0705,0.188,0.2759669326067265,-1.040874228843476,3.977274342584954,0.00008966158033896415,-0.00019579908187846554,3,0,62963.6
2026-08-15 01:51:06,okx,BTC,BTC-USD-260925-120000-C,2026-09-25,120000,call,0.0002673836693605,,0.0002,0.687473165127223,0.003719110598351051,0.043664067494275906,0.00003970934683843012,-0.00003308483611599805,9258,0,62963.6
2026-08-15 01:51:06,okx,BTC,BTC-USD-260821-73000-C,2026-08-21,73000,call,0.0001613399922333,,0.0002,0.4614460514743294,0.008037301501364006,0.35465368776750833,0.00002932218209846055,-0.00010813268200708368,3173,0,62963.6
2026-08-15 01:51:06,okx,BTC,BTC-USD-260828-42000-P,2026-08-28,42000,put,0.0000810079844178,,0.0002,0.75434556093233,-0.001946872516481928,0.04530064880799005,0.000011344102949364828,-0.00003227680739275949,7157,1,62963.6
2026-08-15 01:51:06,okx,BTC,BTC-USD-260925-150000-P,2026-09-25,150000,put,1.3708579766155862,,3.4275,0.929600636018405,-2.3662911846732544,4.7754446746087815,0.00004503690931348662,-0.000050739418408033314,0,0,62963.6
2026-08-15 01:51:06,okx,BTC,BTC-USD-260821-72000-P,2026-08-21,72000,put,0.1423565123872728,0.141,0.1445,0.4217607774858459,-1.1336052717214997,2.6912088256371294,0.000030651371348983764,-0.00009941606281733605,324,0,62963.6
2026-08-15 01:51:06,okx,BTC,BTC-USD-260828-42000-C,2026-08-28,42000,call,0.3341553573959707,0.333,0.3355,0.75434556093233,0.6639861697760587,-1.286565435777091,0.000011344102949364828,-0.00003227680739275949,72,0,62963.6
2026-08-15 01:51:06,okx,BTC,BTC-USD-260925-150000-C,2026-09-25,150000,call,0.0004120256912356,,0.0002,0.929600636018405,0.004177242496556274,0.03450782026916056,0.00004503690931348662,-0.000050739418408033314,8696,0,62963.6
2026-08-15 01:51:06,okx,BTC,BTC-USD-260821-74000-C,2026-08-21,74000,call,0.0001715532248188,,0.0002,0.5021762956089804,0.007867672178852292,0.31909629616300195,0.000028820553877534327,-0.00011566404905626974,1109,0,62963.6
2026-08-15 01:51:06,okx,BTC,BTC-USD-260828-44000-P,2026-08-28,44000,put,0.0001227238412166,,0.0002,0.7026507739392226,-0.0030508052989957077,0.07294794990532413,0.000017058632810782126,-0.000045209928741163714,6085,2,62963.6
2026-08-15 01:51:06,okx,BTC,BTC-USD-260925-140000-P,2026-09-25,140000,put,1.2127862210345175,1.206,1.219,0.8560122844502468,-2.208350688635833,4.462044003156698,0.00004387158314225883,-0.00004551387341765851,27,0,62963.6
2026-08-15 01:51:06,okx,BTC,BTC-USD-260821-73000-P,2026-08-21,73000,put,0.1582232180695822,0.0345,0.2855,0.4614460514743294,-1.1498972793493503,2.6705228494689375,0.00002932218209846055,-0.00010380101164937654,7,0,62963.6
2026-08-15 01:51:06,okx,BTC,BTC-USD-260828-44000-C,2026-08-28,44000,call,0.3024863279866528,0.227,0.3775,0.7026507739392226,0.6945933342455707,-1.3223403291838087,0.000017058632810782126,-0.000045209928741163714,0,0,62963.6
2026-08-15 01:51:06,okx,BTC,BTC-USD-260925-140000-C,2026-09-25,140000,call,0.0003700001717906,,0.0002,0.8560122844502468,0.004086510055990583,0.03716960577305065,0.00004387158314225883,-0.00004551387341765851,5197,0,62963.6
2026-08-15 01:51:06,okx,BTC,BTC-USD-260821-71000-C,2026-08-21,71000,call,0.0001591729943626,0.0001,0.0002,0.383800676593437,0.009384916097925565,0.4904508515731318,0.000033498965472572966,-0.00010274866934813001,3685,1,62963.6
2026-08-15 01:51:06,okx,BTC,BTC-USD-260925-170000-P,2026-09-25,170000,put,1.686964469052041,,,1.0554409591315053,-2.6824316448269467,5.40238827006442,0.0000447662855136005,-0.00005726186621041764,0,0,62963.6
2026-08-15 01:51:06,okx,BTC,BTC-USD-260821-70000-P,2026-08-21,70000,put,0.1106536674282911,0.005,0.2305,0.3483219350502702,-1.0991124125976293,2.8539033686894113,0.00003914636307898597,-0.00010594295575919973,5,0,62963.6
2026-08-15 01:51:06,okx,BTC,BTC-USD-260925-170000-C,2026-09-25,170000,call,0.0004590580044441,,0.0002,1.0554409591315053,0.0040992392988386485,0.02932650181284841,0.0000447662855136005,-0.00005726186621041764,2146,0,62963.6
2026-08-15 01:51:06,okx,BTC,BTC-USD-260821-72000-C,2026-08-21,72000,call,0.0001561478879097,,0.0002,0.4217607774858459,0.008467191583314332,0.4070638990275012,0.000030651371348983764,-0.00010331315461648761,620,501,62963.6
2026-08-15 01:51:06,okx,BTC,BTC-USD-260925-160000-P,2026-09-25,160000,put,1.5289176996266858,,3.8225,0.9959372896556402,-2.524320923092791,5.088894385429922,0.00004531290624138498,-0.00005469333482583284,0,0,62963.6
2026-08-15 01:51:06,okx,BTC,BTC-USD-260821-71000-P,2026-08-21,71000,put,0.1264980239157398,0.125,0.1285,0.383800676593437,-1.116825429660988,2.7428715430909594,0.000033498965472572966,-0.00009928615610753403,16,0,62963.6
2026-08-15 01:51:06,okx,BTC,BTC-USD-260925-160000-C,2026-09-25,160000,call,0.0004420186407123,,0.0002,0.9959372896556402,0.004178732555007049,0.03189507413432533,0.00004531290624138498,-0.00005469333482583284,5535,0,62963.6
2026-08-15 01:51:06,okx,BTC,BTC-USD-260925-190000-P,2026-09-25,190000,put,2.0030233155052986,0.0001,,1.156295123359208,-2.998831272332185,6.029638108495319,0.0000417910754300937,-0.00005856427007982306,0,0,62963.6
2026-08-15 01:51:06,okx,BTC,BTC-USD-260925-190000-C,2026-09-25,190000,call,0.0004584443344553,,0.0002,1.156295123359208,0.003762068749575704,0.02445142633179777,0.0000417910754300937,-0.00005856427007982306,3219,0,62963.6
2026-08-15 01:51:06,okx,BTC,BTC-USD-261225-72000-P,2026-12-25,72000,put,0.1711559559055429,0.1665,0.1785,0.37914269983531873,-0.8261683462846796,3.2626938793453553,0.002212321185386584,-0.00031521894234811374,210,0,62963.6
2026-08-15 01:51:06,okx,BTC,BTC-USD-260925-180000-P,2026-09-25,180000,put,1.8449990888038381,,,1.1086861231781713,-2.840607561530073,5.71595829571255,0.000043538626886265475,-0.00005850107323394402,0,0,62963.6
2026-08-15 01:51:06,okx,BTC,BTC-USD-260925-180000-C,2026-09-25,180000,call,0.0004639476946176,,0.0002,1.1086861231781713,0.003954551073700172,0.02683407050500459,0.000043538626886265475,-0.00005850107323394402,4385,0,62963.6
2026-08-15 01:51:06,okx,BTC,BTC-USD-260828-54000-P,2026-08-28,54000,put,0.0008575766394759,0.0009,0.001,0.43070336216281824,-0.027507418553833613,0.8061681285901612,0.00011749892672422633,-0.00019088079455092233,13372,1048,62963.6
2026-08-15 01:51:06,okx,BTC,BTC-USD-260925-220000-P,2026-09-25,220000,put,2.4770548165224584,0.0001,,1.271214391374591,-3.473641010752302,6.971539433041416,0.000034854583631210453,-0.00005369813390036017,0,0,62963.6
2026-08-15 01:51:06,okx,BTC,BTC-USD-260821-74000-P,2026-08-21,74000,put,0.1740949448801531,0.0485,0.303,0.5021762956089804,-1.1659290262177622,2.666689692956231,0.000028820553877534327,-0.000110897800140007,0,0,62963.6
2026-08-15 01:51:06,okx,BTC,BTC-USD-260828-54000-C,2026-08-28,54000,call,0.1446674544543297,0.1435,0.1465,0.43070336216281824,0.8286922072508615,-0.9062311230192289,0.00011749892672422633,-0.00019088079455092233,30,0,62963.6
2026-08-15 01:51:06,okx,BTC,BTC-USD-260925-220000-C,2026-09-25,220000,call,0.000400755166745,,,1.271214391374591,0.0030460157634207923,0.018165380009970727,0.000034854583631210453,-0.00005369813390036017,12814,0,62963.6
2026-08-15 01:51:06,okx,BTC,BTC-USD-260925-48000-P,2026-09-25,48000,put,0.0033017579821535,0.0032,0.0033,0.5080099147643254,-0.04754923520344755,0.6425672282039121,0.0003143606447915873,-0.0001935445082536445,5943,0,62963.6
2026-08-15 01:51:06,okx,BTC,BTC-USD-260925-200000-P,2026-09-25,200000,put,2.1610392846288016,0.0001,,1.1988799458654056,-3.1570866776792004,6.343452812166411,0.000039676682578363,-0.00005764896867181128,0,0,62963.6
2026-08-15 01:51:06,okx,BTC,BTC-USD-261225-72000-C,2026-12-25,72000,call,0.0465847772916791,0.046,0.047,0.37914269983531873,0.2970511421176417,1.0162549025407124,0.002212321185386584,-0.00031659350430535035,1694,336,62963.6
2026-08-15 01:51:06,okx,BTC,BTC-USD-260925-48000-C,2026-09-25,48000,call,0.2447590536863614,0.243,0.246,0.5080099147643254,0.7110006614908919,-0.874532565184767,0.0003143606447915873,-0.0001935445082536445,320,0,62963.6
2026-08-15 01:51:06,okx,BTC,BTC-USD-260925-200000-C,2026-09-25,200000,call,0.000444683396335,,0.003,1.1988799458654056,0.003537891880547273,0.022203673046915257,0.000039676682578363,-0.00005764896867181128,6022,0,62963.6
2026-08-15 01:51:06,okx,BTC,BTC-USD-260925-260000-P,2026-09-25,260000,put,3.109063898015636,0.0001,,1.37720578017093,-4.10670577713912,8.229549760729565,0.00002512179953356318,-0.00004193050336883477,0,0,62963.6
2026-08-15 01:51:06,okx,BTC,BTC-USD-260815-66500-C,2026-08-15,66500,call,0.0000000000000001,,0.0001,0.15560827880089073,0.0000000000000000000000000000000000000009071862092979393,0.0000000000000000000000000000000000029080676950325066,0.000000000000000000000000000000000000000003178629160570862,-0.000000000000000000000000000000000000000024731050631137605,9087,0,62963.6
2026-08-15 01:51:06,okx,BTC,BTC-USD-260925-260000-C,2026-09-25,260000,call,0.0002909164134292,,,1.37720578017093,0.0021061632885515822,0.011925879874222,0.00002512179953356318,-0.00004193050336883477,1375,0,62963.6
2026-08-15 01:51:06,okx,BTC,BTC-USD-260925-240000-P,2026-09-25,240000,put,2.7930598891753853,0.0001,,1.329626109324698,-3.79019421771928,7.6002517137921135,0.000029852252417706123,-0.000048104658216009894,0,0,62963.6
2026-08-15 01:51:06,okx,BTC,BTC-USD-260925-240000-C,2026-09-25,240000,call,0.0003463676964249,,,1.329626109324698,0.002555265752417597,0.014752746848718933,0.000029852252417706123,-0.000048104658216009894,275,0,62963.6
2026-08-15 01:51:06,okx,BTC,BTC-USD-260925-280000-P,2026-09-25,280000,put,3.4250720294229096,3.4075,3.4435,1.4163216284867812,-4.423158931691538,8.8593628750649,0.0000208834862926502,-0.00003584638644358085,25,0,62963.6
2026-08-15 01:51:06,okx,BTC,BTC-USD-260925-280000-C,2026-09-25,280000,call,0.0002395876974556,,0.0001,1.4163216284867812,0.0017154656921089325,0.009614080297604919,0.0000208834862926502,-0.00003584638644358085,13475,0,62963.6
2026-08-15 01:51:06,okx,BTC,BTC-USD-260815-66500-P,2026-08-15,66500,put,0.0556798629605412,0.0445,,0.15560827880089073,-1.0556999738995567,2.1113999477991134,0.000000000000000000000000000000000000000003178629160570862,-0.000000000000000000000000000000000000000024731050631137605,0,0,62963.6
2026-08-15 01:51:06,okx,BTC,BTC-USD-260816-61000-P,2026-08-16,61000,put,0.0000386450105496,,0.0002,0.2289322664748742,-0.008434231015670054,1.7197967551197257,0.00001341771542494696,-0.00012226087859459165,4980,5127,62963.6
2026-08-15 01:51:06,okx,BTC,BTC-USD-260816-62000-C,2026-08-16,62000,call,0.0156637510792638,,0.0955,0.11237724640599092,0.9760191792503577,1.4899187812480097,0.000013312482569203102,-0.00005954418649741703,0,0,62963.6
2026-08-15 01:51:06,okx,BTC,BTC-USD-260816-60000-P,2026-08-16,60000,put,0.0001277076901172,,0.0001,0.3853272806841004,-0.015542691071562014,1.7463529011054857,0.000022747665272370844,-0.00034887392753707604,7892,7756,62963.6
2026-08-15 01:51:06,okx,BTC,BTC-USD-260816-61000-C,2026-08-16,61000,call,0.0315613498074117,0.0065,0.118,0.2289322664748742,0.9600480565548534,-0.2171678200213211,0.00001341771542494696,-0.00012226087859459165,0,0,62963.6
2026-08-15 01:51:06,okx,BTC,BTC-USD-260816-59000-P,2026-08-16,59000,put,0.0002300686866463,,0.0016,0.5434896049106586,-0.01964828150576668,1.5203355439050643,0.000027703391470481217,-0.0005992749284182519,1561,1390,62963.6
2026-08-15 01:51:06,okx,BTC,BTC-USD-260816-60000-C,2026-08-16,60000,call,0.0475270894575224,0.01,0.148,0.3853272806841004,0.9370628376863299,-0.15885815641029805,0.000022747665272370844,-0.00034887392753707604,0,0,62963.6
2026-08-15 01:51:06,okx,BTC,BTC-USD-260816-59000-C,2026-08-16,59000,call,0.0635061274245948,0.051,0.162,0.5434896049106586,0.9170804884394937,-0.35312199598545635,0.000027703391470481217,-0.0005992749284182519,0,0,62963.6
2026-08-15 01:51:06,okx,BTC,BTC-USD-260816-63500-P,2026-08-16,63500,put,0.0082716433629728,0.0065,0.01,0.08492452982519667,-0.956891003505542,23.071805700723655,0.00006184199025903481,-0.00020903477289718322,1293,1634,62963.6
2026-08-15 01:51:06,okx,BTC,BTC-USD-260925-63000-P,2026-09-25,63000,put,0.043605168133328,0.043,0.044,0.34232929829001174,-0.5054247781739051,4.461262483622913,0.0013350938153522446,-0.0005539063545869757,587,127,62963.6
2026-08-15 01:51:06,okx,BTC,BTC-USD-260816-63750-C,2026-08-16,63750,call,0.000044488159823,,0.0001,0.10111188944209872,0.02103810538771277,8.493704535302307,0.000029704393182778838,-0.00011954318939208972,1135,872,62963.6
2026-08-15 01:51:06,okx,BTC,BTC-USD-260816-63000-P,2026-08-16,63000,put,0.0017534749555421,0.0016,0.0018,0.0708370264013972,-0.523573018313451,96.9018485895731,0.00023369474876807107,-0.0006588874015233031,11027,9765,62963.6
2026-08-15 01:51:06,okx,BTC,BTC-USD-260816-63500-C,2026-08-16,63500,call,0.0001026557334767,,0.0002,0.08492452982519667,0.05128318109656025,21.05545733151945,0.00006184199025903481,-0.00020903477289718322,3647,4017,62963.6
2026-08-15 01:51:06,okx,BTC,BTC-USD-260925-63000-C,2026-09-25,63000,call,0.0480178687451008,0.0475,0.0485,0.34232929829001174,0.4901719612374155,2.470069004800272,0.0013350938153522446,-0.0005539063545869757,200,200,62963.6
2026-08-15 01:51:06,okx,BTC,BTC-USD-260816-62500-P,2026-08-16,62500,put,0.0000965634932896,0.0002,0.0003,0.08076661695835835,-0.05120255691705692,22.24985623827522,0.00006156457019253832,-0.00019790860233138388,4455,2998,62963.6
2026-08-15 01:51:06,okx,BTC,BTC-USD-260816-63000-C,2026-08-16,63000,call,0.0015228258113176,0.0014,0.0016,0.0708370264013972,0.4766627868823356,94.90137697918152,0.00023369474876807107,-0.0006588874015233031,7499,7317,62963.6
2026-08-15 01:51:06,okx,BTC,BTC-USD-260816-62000-P,2026-08-16,62000,put,0.0000177232529451,,0.0001,0.11237724640599092,-0.008339867132797349,3.45863687401432,0.000013312482569203102,-0.00005954418649741703,7532,7723,62963.6
2026-08-15 01:51:06,okx,BTC,BTC-USD-260816-62500-C,2026-08-16,62500,call,0.0078042528343368,0.006,0.0095,0.08076661695835835,0.9410948688724139,20.265261386696277,0.00006156457019253832,-0.00019790860233138388,1047,701,62963.6
2026-08-15 01:51:06,okx,BTC,BTC-USD-260816-65000-P,2026-08-16,65000,put,0.0320796172160873,0.0085,0.127,0.2535554122192768,-1.0146278869479635,4.928144007133026,0.000025297614154669922,-0.00025530209418595217,0,0,62963.6
2026-08-15 01:51:06,okx,BTC,BTC-USD-260816-65500-C,2026-08-16,65500,call,0.0001805137570495,,,0.3356706311224303,0.023772535267630228,2.8152026466889333,0.00003307285066638749,-0.00044186225317597146,3697,1920,62963.6
2026-08-15 01:51:06,okx,BTC,BTC-USD-260816-64500-P,2026-08-16,64500,put,0.02409289896432,0.0225,0.0255,0.18077226155075576,-1.0114117600100812,5.113225702599793,0.00001922746373519387,-0.00013834253198036719,239,290,62963.6
2026-08-15 01:51:06,okx,BTC,BTC-USD-260816-65000-C,2026-08-16,65000,call,0.0000956141307764,,0.0006,0.2535554122192768,0.017361435873086042,2.864165361490927,0.000025297614154669922,-0.00025530209418595217,8249,1629,62963.6
2026-08-15 01:51:06,okx,BTC,BTC-USD-260816-64000-P,2026-08-16,64000,put,0.0161404713194649,0.0145,0.018,0.1228562245952389,-1.0027355146812817,6.776517323673824,0.000020173720687785892,-0.00009864727582052422,268,120,62963.6
2026-08-15 01:51:06,okx,BTC,BTC-USD-260816-64500-C,2026-08-16,64500,call,0.0000472343642807,,0.0019,0.18077226155075576,0.01263918340465277,3.0651238157703253,0.00001922746373519387,-0.00013834253198036719,2466,1754,62963.6
2026-08-15 01:51:06,okx,BTC,BTC-USD-260816-63750-P,2026-08-16,63750,put,0.0121826450319548,0.0105,0.014,0.10111188944209872,-0.9911052689175475,10.517991283912826,0.000029704393182778838,-0.00011954318939208972,373,151,62963.6
2026-08-15 01:51:06,okx,BTC,BTC-USD-260816-64000-C,2026-08-16,64000,call,0.0000331452046971,,0.0001,0.1228562245952389,0.013377049327136433,4.744292195656987,0.000020173720687785892,-0.00009864727582052422,2309,1989,62963.6
2026-08-15 01:51:06,okx,BTC,BTC-USD-260816-68000-P,2026-08-16,68000,put,0.080291664028625,0.005,0.1965,0.735741576869557,-1.0405247355178486,4.068449832180297,0.00005032524188142588,-0.0014737136208056861,0,0,62963.6
2026-08-15 01:51:06,okx,BTC,BTC-USD-260816-69000-C,2026-08-16,69000,call,0.0006822236715614,,,0.850939712658963,0.03507117734516985,1.505480135198844,0.00004614516159811956,-0.0015628845260055202,2021,1691,62963.6
2026-08-15 01:51:06,okx,BTC,BTC-USD-260816-67000-P,2026-08-16,67000,put,0.0642711894319159,0.0525,0.1795,0.5901367938906049,-1.025703992964587,4.467720223581016,0.00004907733301992294,-0.0011527511782112026,0,0,62963.6
2026-08-15 01:51:06,okx,BTC,BTC-USD-260816-68000-C,2026-08-16,68000,call,0.0006776300316844,,,0.735741576869557,0.03909486374109573,1.9092106336624095,0.00005032524188142588,-0.0014737136208056861,4712,1492,62963.6
2026-08-15 01:51:06,okx,BTC,BTC-USD-260816-66000-P,2026-08-16,66000,put,0.0481549798306801,0.0105,0.161,0.4218980706025539,-1.0178719120394382,4.806215949992332,0.000040228749428315956,-0.0006755321131615708,1,0,62963.6
2026-08-15 01:51:06,okx,BTC,BTC-USD-260816-67000-C,2026-08-16,67000,call,0.0005338324055183,,,0.5901367938906049,0.03803884748172558,2.3402345426883904,0.00004907733301992294,-0.0011527511782112026,3048,1010,62963.6
2026-08-15 01:51:06,okx,BTC,BTC-USD-260816-65500-P,2026-08-16,65500,put,0.0401028553276322,0.01,0.1435,0.3356706311224303,-1.0161551669597353,4.895058051143664,0.00003307285066638749,-0.00044186225317597146,1,1,62963.6
2026-08-15 01:51:06,okx,BTC,BTC-USD-260816-66000-C,2026-08-16,66000,call,0.0002942997748259,,,0.4218980706025539,0.02999416959424298,2.710483786724969,0.000040228749428315956,-0.0006755321131615708,2450,889,62963.6
2026-08-15 01:51:06,okx,BTC,BTC-USD-260816-69000-P,2026-08-16,69000,put,0.0961729346390453,0.005,0.2135,0.850939712658963,-1.0604251807264058,3.696472851341995,0.00004614516159811956,-0.0015628845260055202,0,0,62963.6
2026-08-15 01:51:06,okx,BTC,BTC-USD-260925-65000-P,2026-09-25,65000,put,0.0599911061286253,0.06,0.0605,0.3319840484699059,-0.6332607276082417,4.780424137133019,0.0013185712074728823,-0.0005305194350990497,29492,6,62963.6
2026-08-15 01:51:06,okx,BTC,BTC-USD-260925-65000-C,2026-09-25,65000,call,0.0327978607280735,0.033,0.0335,0.3319840484699059,0.39394225749867645,2.7260181669191823,0.0013185712074728823,-0.0005305194350990497,21315,393,62963.6
2026-08-15 01:51:06,okx,BTC,BTC-USD-260815-64750-C,2026-08-15,64750,call,0.0000000000000062,,0.0015,0.1549972392926892,0.000000000010197426798253051,0.00000001698981731146151,0.000000000000018508254793180007,-0.00000000000014343641985342915,3777,954,62963.6
2026-08-15 01:51:06,okx,BTC,BTC-USD-260816-61750-C,2026-08-16,61750,call,0.0196313487006238,0.0055,0.0995,0.13559379224328333,0.9740521735691838,0.29045924830105874,0.000010446828174460013,-0.00005638014474995521,0,0,62963.6
2026-08-15 01:51:06,okx,BTC,BTC-USD-260816-61750-P,2026-08-16,61750,put,0.0000161516316692,,0.0001,0.13559379224328333,-0.0063376831108133075,2.2512389616610533,0.000010446828174460013,-0.00005638014474995521,3146,3224,62963.6
2026-08-15 01:51:06,okx,BTC,BTC-USD-260815-64750-P,2026-08-15,64750,put,0.02789881393527,0.0265,0.03,0.1549972392926892,-1.0279183956288447,2.0558368082679013,0.000000000000018508254793180007,-0.00000000000014343641985342915,100,0,62963.6
2026-08-15 01:51:06,okx,BTC,BTC-USD-260828-56000-C,2026-08-28,56000,call,0.1136325507037587,0.112,0.116,0.3851691729175588,0.8375467035322014,-0.2963449439258485,0.00019286953143664865,-0.0002801981211991683,1054,0,62963.6
2026-08-15 01:51:06,okx,BTC,BTC-USD-260828-56000-P,2026-08-28,56000,put,0.0015334181550216,0.0016,0.0017,0.3851691729175588,-0.050364019524519445,1.4794765021875935,0.00019286953143664865,-0.0002801981211991683,11604,57,62963.6
2026-08-15 01:51:06,okx,BTC,BTC-USD-260816-63200-C,2026-08-16,63200,call,0.0005127237229425,0.0003,0.0005,0.07343995373600948,0.2147514542572412,67.43969528496386,0.00017154589134434444,-0.0005014349987574407,4433,4795,62963.6
2026-08-15 01:51:06,okx,BTC,BTC-USD-261030-46000-P,2026-10-30,46000,put,0.0063484846519655,0.0065,0.007,0.4909088131734135,-0.06665289206692937,0.6658704188703561,0.000546204911001512,-0.00017563837146315439,5760,50,62963.6
2026-08-15 01:51:06,okx,BTC,BTC-USD-260816-63200-P,2026-08-16,63200,put,0.0039187082612756,0.0017,0.006,0.07343995373600948,-0.7886597027010717,69.44651759888049,0.00017154589134434444,-0.0005014349987574407,200,200,62963.6
2026-08-15 01:51:06,okx,BTC,BTC-USD-261030-46000-C,2026-10-30,46000,call,0.2817875614871471,0.1895,0.3815,0.4909088131734135,0.6558568830231264,-0.7791491313097555,0.000546204911001512,-0.00016809307854959127,0,0,62963.6
2026-08-15 01:51:06,okx,BTC,BTC-USD-261030-48000-P,2026-10-30,48000,put,0.0081824682267019,0.0085,0.009,0.46789514239762736,-0.08616071480345375,0.8535389341211315,0.0006659119118914017,-0.0002040709324271351,5926,299,62963.6
2026-08-15 01:51:06,okx,BTC,BTC-USD-261030-48000-C,2026-10-30,48000,call,0.2522096366161192,0.2435,0.3565,0.46789514239762736,0.6677625287687784,-0.6543075530233329,0.0006659119118914017,-0.00019738628247708003,0,0,62963.6
2026-08-15 01:51:06,okx,BTC,BTC-USD-260816-62700-P,2026-08-16,62700,put,0.0003195526847922,0.0003,0.0005,0.07411760909663001,-0.14817973301314025,53.40291204238671,0.00013547049542933536,-0.0003996391698342277,2634,2836,62963.6
2026-08-15 01:51:06,okx,BTC,BTC-USD-261030-54000-P,2026-10-30,54000,put,0.0187044624794915,0.0185,0.019,0.41394316844426465,-0.18847202089313653,1.711886861725057,0.0011544784525467974,-0.0003128295874868869,5346,25,62963.6
2026-08-15 01:51:06,okx,BTC,BTC-USD-260817-61750-C,2026-08-17,61750,call,0.0201158375975212,0.019,0.1105,0.16767870393588505,0.9155011325537777,7.708433441527759,0.0000988759098498402,-0.0003668627932524502,0,0,62963.6
2026-08-15 01:51:06,okx,BTC,BTC-USD-261030-54000-C,2026-10-30,54000,call,0.1684959055316162,0.16,0.2855,0.41394316844426465,0.6596916281256245,0.015559563687534772,0.0011544784525467974,-0.00030872686642735575,0,0,62963.6
2026-08-15 01:51:06,okx,BTC,BTC-USD-261030-56000-P,2026-10-30,56000,put,0.0247883893236363,0.0245,0.0255,0.4003972703153114,-0.24175552520711527,2.086748247497999,0.0013411314182041113,-0.0003514114298564647,6516,51,62963.6
2026-08-15 01:51:06,okx,BTC,BTC-USD-260816-62700-C,2026-08-16,62700,call,0.0048519066317307,0.0031,0.0065,0.07411760909663001,0.8472930445388568,51.41196648728272,0.00013547049542933536,-0.0003996391698342277,660,661,62963.6
2026-08-15 01:51:06,okx,BTC,BTC-USD-261030-56000-C,2026-10-30,56000,call,0.1431679239299967,0.135,0.2625,0.4003972703153114,0.6378215922938221,0.32759401249612446,0.0013411314182041113,-0.00034816935176044153,0,0,62963.6
2026-08-15 01:51:06,okx,BTC,BTC-USD-261030-50000-P,2026-10-30,50000,put,0.0106940333128087,0.011,0.0115,0.4475189747493948,-0.11196613361725312,1.089079694133564,0.0008088798609145291,-0.00023705630768272937,5946,54,62963.6
2026-08-15 01:51:06,okx,BTC,BTC-USD-261030-50000-C,2026-10-30,50000,call,0.2233092932564618,0.2145,0.333,0.4475189747493948,0.6733705784371553,-0.4815937299752525,0.0008088798609145291,-0.00023123230069618225,0,0,62963.6
2026-08-15 01:51:06,okx,BTC,BTC-USD-261030-52000-P,2026-10-30,52000,put,0.0141100376787475,0.014,0.0145,0.4295941908178106,-0.14558440455685598,1.3759243463014954,0.0009735824214007794,-0.00027384875916051287,3901,400,62963.6
2026-08-15 01:51:06,okx,BTC,BTC-USD-261030-52000-C,2026-10-30,52000,call,0.1953133891766365,0.1865,0.3085,0.4295941908178106,0.6711657759797288,-0.25757601477167436,0.0009735824214007794,-0.00026888539513747375,0,0,62963.6
2026-08-15 01:51:06,okx,BTC,BTC-USD-261030-62000-P,2026-10-30,62000,put,0.0551108564706599,0.0545,0.0555,0.3708424584579924,-0.4638279321649667,3.2155694945034248,0.0017726031849991755,-0.00042950514453190543,7636,302,62963.6
2026-08-15 01:51:06,okx,BTC,BTC-USD-261030-62000-C,2026-10-30,62000,call,0.0792546657397278,0.079,0.08,0.3708424584579924,0.5099895907824997,1.2679344486084916,0.0017726031849991755,-0.00042884499532640626,729,0,62963.6
2026-08-15 01:51:06,okx,BTC,BTC-USD-261030-64000-P,2026-10-30,64000,put,0.0700395791450194,0.0695,0.071,0.36421505949185606,-0.5534602963258002,3.496477701295289,0.0018182674383573844,-0.0004322982110295966,12790,938,62963.6
2026-08-15 01:51:06,okx,BTC,BTC-USD-261030-64000-C,2026-10-30,64000,call,0.0627714799683232,0.0625,0.063,0.36421505949185606,0.45177069510384255,1.4860157184360034,0.0018182674383573844,-0.0004324987047876055,5222,10,62963.6
2026-08-15 01:51:06,okx,BTC,BTC-USD-261030-58000-P,2026-10-30,58000,put,0.0326881575127094,0.0325,0.033,0.3887970835462155,-0.30590728877442813,2.4811130213982238,0.001518392644112373,-0.000386182767331228,12549,1872,62963.6
2026-08-15 01:51:06,okx,BTC,BTC-USD-261030-58000-C,2026-10-30,58000,call,0.1196557836733057,0.117,0.123,0.3887970835462155,0.6050832972086857,0.6591318494319957,0.001518392644112373,-0.00038380133219871284,12,0,62963.6
2026-08-15 01:51:06,okx,BTC,BTC-USD-260817-61750-P,2026-08-17,61750,put,0.0003748213096874,0.0006,0.0007,0.16767870393588505,-0.06469137006372241,9.668818446762758,0.0000988759098498402,-0.0003674037709144013,66,66,62963.6
2026-08-15 01:51:06,okx,BTC,BTC-USD-261030-60000-P,2026-10-30,60000,put,0.0427121265761024,0.0425,0.043,0.3789924679045416,-0.38045363184971204,2.8677006742137503,0.001668149533659666,-0.0004133609474666374,3222,14,62963.6
2026-08-15 01:51:06,okx,BTC,BTC-USD-261030-60000-C,2026-10-30,60000,call,0.0982678442909344,0.098,0.0995,0.3789924679045416,0.561950422615578,0.9828925652831703,0.001668149533659666,-0.00041184015529763024,337,0,62963.6
2026-08-15 01:51:06,okx,BTC,BTC-USD-261030-70000-P,2026-10-30,70000,put,0.129999978412215,0.122,0.229,0.3538871821358586,-0.8265423587810407,3.804947016046116,0.0015909691463944508,-0.00036560057388261737,0,0,62963.6
2026-08-15 01:51:06,okx,BTC,BTC-USD-261030-70000-C,2026-10-30,70000,call,0.0284961538982264,0.028,0.0285,0.3538871821358586,0.2729290380951311,1.6060042222937725,0.0015909691463944508,-0.00036838299653115013,4196,308,62963.6
2026-08-15 01:51:06,okx,BTC,BTC-USD-261030-72000-P,2026-10-30,72000,put,0.1543838801809506,0.1445,0.306,0.35338824355306314,-0.9089778679303439,3.7556094634063446,0.001430575271598197,-0.0003272471492037053,0,0,62963.6
2026-08-15 01:51:06,okx,BTC,BTC-USD-261030-72000-C,2026-10-30,72000,call,0.0214681472211975,0.021,0.0215,0.35338824355306314,0.22190699742800443,1.4938397326896478,0.001430575271598197,-0.0003308902148157461,8259,510,62963.6
2026-08-15 01:51:06,okx,BTC,BTC-USD-261030-66000-P,2026-10-30,66000,put,0.0875580384531128,0.087,0.0885,0.35912497184772,-0.6460968656886865,3.690400353127403,0.0017993458680488099,-0.00042129419674462565,3060,313,62963.6
2026-08-15 01:51:06,okx,BTC,BTC-USD-261030-66000-C,2026-10-30,66000,call,0.0488780308306523,0.0485,0.049,0.35912497184772,0.39054759422313273,1.6171114333037648,0.0017993458680488099,-0.00042235533346614247,4294,7,62963.6
2026-08-15 01:51:06,okx,BTC,BTC-USD-261030-68000-P,2026-10-30,68000,put,0.1076201452063749,0.1045,0.1105,0.355734548533434,-0.7381772707040728,3.7900149738783027,0.0017195234903003673,-0.0003981259934013355,1208,400,62963.6
2026-08-15 01:51:06,okx,BTC,BTC-USD-261030-68000-C,2026-10-30,68000,call,0.0375282291381504,0.037,0.0375,0.355734548533434,0.3298806576899226,1.653899117090312,0.0017195234903003673,-0.0004000477730863603,4045,1062,62963.6
2026-08-15 01:51:06,okx,BTC,BTC-USD-261030-78000-P,2026-10-30,78000,put,0.2361676264896091,0.224,0.392,0.35792624441141274,-1.1138470853331053,3.452076935415245,0.000915573468675388,-0.00020839967482388875,4,0,62963.6
2026-08-15 01:51:06,okx,BTC,BTC-USD-261030-78000-C,2026-10-30,78000,call,0.0090161681925636,0.0085,0.009,0.35792624441141274,0.11127818547177194,1.00182639380549,0.000915573468675388,-0.0002146246693264535,3608,42,62963.6
2026-08-15 01:51:06,okx,BTC,BTC-USD-261030-80000-P,2026-10-30,80000,put,0.2653242506834309,0.2525,0.421,0.3608059020357936,-1.1692605154026032,3.355450168599671,0.0007665610925494255,-0.0001740771823170427,100,0,62963.6
2026-08-15 01:51:06,okx,BTC,BTC-USD-261030-80000-C,2026-10-30,80000,call,0.0067608839406212,0.0065,0.007,0.3608059020357936,0.08727822388445003,0.8423726900255646,0.0007665610925494255,-0.0001811628197831154,3062,0,62963.6
2026-08-15 01:51:06,okx,BTC,BTC-USD-260818-59000-P,2026-08-18,59000,put,0.000073052528262,0.0001,0.0002,0.2897360459431484,-0.008066548136188777,0.8165290389857385,0.000020688509174921392,-0.00009204021670136968,22,22,62963.6
2026-08-15 01:51:06,okx,BTC,BTC-USD-261030-74000-P,2026-10-30,74000,put,0.1804245899471277,0.1695,0.335,0.35403072931131446,-0.9843549826244626,3.666312179218212,0.001255623227070985,-0.00028652450438127895,0,0,62963.6
2026-08-15 01:51:06,okx,BTC,BTC-USD-260925-95000-P,2026-09-25,95000,put,0.5015189122825188,0.498,0.5045,0.45666035094773727,-1.4964457582878743,3.08854031822302,0.000049370722329763985,-0.00002732393735514958,780,0,62963.6
2026-08-15 01:51:06,okx,BTC,BTC-USD-261030-74000-C,2026-10-30,74000,call,0.0160969485416105,0.0155,0.016,0.35403072931131446,0.17794335121606167,1.3417155115371633,0.001255623227070985,-0.0002910282129568277,7808,125,62963.6
2026-08-15 01:51:06,okx,BTC,BTC-USD-260925-95000-C,2026-09-25,95000,call,0.0002364766970967,0.0002,0.0005,0.45666035094773727,0.00485091225300572,0.08594697714125975,0.000049370722329763985,-0.00002732393735514958,9579,0,62963.6
2026-08-15 01:51:06,okx,BTC,BTC-USD-261030-76000-P,2026-10-30,76000,put,0.207785267274568,0.1965,0.363,0.3556085173336585,-1.05248789340289,3.5594187347740327,0.0010805659863072717,-0.00024625650443195376,4,0,62963.6
2026-08-15 01:51:06,okx,BTC,BTC-USD-260818-59000-C,2026-08-18,59000,call,0.0635158089892011,0.0615,0.1645,0.2897360459431484,0.9283970277208242,-1.0563981127282873,0.000020688509174921392,-0.00009030193681662476,0,0,62963.6
2026-08-15 01:51:06,okx,BTC,BTC-USD-261030-76000-C,2026-10-30,76000,call,0.0120457174232868,0.0115,0.012,0.3556085173336585,0.14122390891981068,1.1719951301286313,0.0010805659863072717,-0.00025162085597101047,5502,0,62963.6
2026-08-15 01:51:06,okx,BTC,BTC-USD-261030-95000-P,2026-10-30,95000,put,0.4950113098690995,0.479,0.663,0.38800362477419226,-1.4783982010059589,3.165459644122944,0.00016914695422063204,-0.00002946812194633507,0,0,62963.6
2026-08-15 01:51:06,okx,BTC,BTC-USD-261030-95000-C,2026-10-30,95000,call,0.0008586297830582,0.0009,0.0013,0.38800362477419226,0.01374155189741724,0.1811801383161925,0.00016914695422063204,-0.00004300858163871774,2209,301,62963.6
2026-08-15 01:51:06,okx,BTC,BTC-USD-261030-85000-P,2026-10-30,85000,put,0.3404292941648928,0.3265,0.4975,0.36948911868266254,-1.2879342241491052,3.19110336380404,0.0004749250483853344,-0.00010573000712833173,0,0,62963.6
2026-08-15 01:51:06,okx,BTC,BTC-USD-261030-85000-C,2026-10-30,85000,call,0.0033361563076727,0.0033,0.0034,0.36948911868266254,0.04713818634338913,0.5209585428190504,0.0004749250483853344,-0.00011496725200317446,2809,132,62963.6
2026-08-15 01:51:06,okx,BTC,BTC-USD-261030-90000-P,2026-10-30,90000,put,0.41730291744107,0.402,0.5815,0.3789170481915155,-1.3881806944692798,3.137438318873392,0.00028584219279008524,-0.00005958224581454413,0,0,62963.6
2026-08-15 01:51:06,okx,BTC,BTC-USD-261030-90000-C,2026-10-30,90000,call,0.0016800084694394,0.0018,0.0019,0.3789170481915155,0.025425387228655446,0.31022615547752136,0.00028584219279008524,-0.00007097109809815683,1422,79,62963.6
2026-08-15 01:51:06,okx,BTC,BTC-USD-260818-61500-C,2026-08-18,61500,call,0.0249327626413265,0.023,0.12,0.21546324659448665,0.8583971435853949,7.91342789412432,0.00018511060290063577,-0.0006117515768021782,0,0,62963.6
2026-08-15 01:51:06,okx,BTC,BTC-USD-260818-61500-P,2026-08-18,61500,put,0.0011708552365801,0.0014,0.0015,0.21546324659448665,-0.11774709226555945,9.865716365826229,0.00018511060290063577,-0.0006124027153280975,120,123,62963.6
2026-08-15 01:51:06,okx,BTC,BTC-USD-260818-61000-C,2026-08-18,61000,call,0.0322908800141356,0.0305,0.1305,0.22514662948407888,0.9040808351647274,4.04942592293937,0.00011765381942400797,-0.00040586451463114047,0,0,62963.6
2026-08-15 01:51:06,okx,BTC,BTC-USD-260818-61000-P,2026-08-18,61000,put,0.0005928027981508,0.0009,0.001,0.22514662948407888,-0.06412726868743858,5.985842130643702,0.00011765381942400797,-0.00040673308142882483,438,439,62963.6
2026-08-15 01:51:06,okx,BTC,BTC-USD-260818-60500-C,2026-08-18,60500,call,0.039945118318716,0.0385,0.139,0.2374158439008084,0.9252047874438742,1.5756498281238505,0.00007256486234374617,-0.0002634455369721004,0,0,62963.6
2026-08-15 01:51:06,okx,BTC,BTC-USD-260818-60500-P,2026-08-18,60500,put,0.0003108712914926,0.0005,0.0006,0.2374158439008084,-0.035067184409503495,3.4961937718306055,0.00007256486234374617,-0.00026453153204155,279,280,62963.6
2026-08-15 01:51:06,okx,BTC,BTC-USD-260818-63000-C,2026-08-18,63000,call,0.0075762912973352,0.0075,0.008,0.20168403849188687,0.4953005460292885,19.94942588594811,0.00037676500259195946,-0.0011665950943736685,174,174,62963.6
2026-08-15 01:51:06,okx,BTC,BTC-USD-260828-62500-C,2026-08-28,62500,call,0.0262734456875005,0.026,0.0265,0.28347727192188893,0.5509915169142753,6.143724519368209,0.0007459781534099816,-0.0007976170447693041,682,682,62963.6
2026-08-15 01:51:06,okx,BTC,BTC-USD-260818-63000-P,2026-08-18,63000,put,0.0076228933263047,0.0075,0.008,0.20168403849188687,-0.5046520858180306,21.949331149642745,0.00037676500259195946,-0.0011665939480842926,0,0,62963.6
2026-08-15 01:51:06,okx,BTC,BTC-USD-260828-62500-P,2026-08-28,62500,put,0.0172342352536422,0.017,0.0175,0.28347727192188893,-0.43998027221152913,8.125668097619819,0.0007459781534099816,-0.0007976170447693041,908,2572,62963.6
2026-08-15 01:51:06,okx,BTC,BTC-USD-260818-62750-C,2026-08-18,62750,call,0.0097329587536285,0.0095,0.01,0.20241706961976189,0.5754625089852505,19.235620661004678,0.00036813962601239814,-0.0011439678054661262,362,362,62963.6
2026-08-15 01:51:06,okx,BTC,BTC-USD-260818-62750-P,2026-08-18,62750,put,0.0058114758769786,0.0055,0.006,0.20241706961976189,-0.4205220568626743,21.227589792700527,0.00036813962601239814,-0.0011440753733126328,0,0,62963.6
2026-08-15 01:51:06,okx,BTC,BTC-USD-260818-62500-C,2026-08-18,62500,call,0.0122310123929518,0.012,0.016,0.20376791148514872,0.6509975956818044,17.663014608814215,0.0003447550643024311,-0.001078367604765217,0,0,62963.6
2026-08-15 01:51:06,okx,BTC,BTC-USD-260818-62500-P,2026-08-18,62500,put,0.0043414446106826,0.0044,0.0045,0.20376791148514872,-0.34101890416672626,19.647047608511276,0.0003447550643024311,-0.001078583886747606,11,13,62963.6
2026-08-15 01:51:06,okx,BTC,BTC-USD-260818-62000-C,2026-08-18,62000,call,0.0181285513614649,0.018,0.107,0.20834713296841265,0.775913853484449,12.92195824045465,0.00026902427085614077,-0.0008601686230667758,0,0,62963.6
2026-08-15 01:51:06,okx,BTC,BTC-USD-260818-62000-P,2026-08-18,62000,put,0.0023028137679573,0.0025,0.0026,0.20834713296841265,-0.20816651436529351,14.890118976154133,0.00026902427085614077,-0.00086060233332093,369,369,62963.6
2026-08-15 01:51:06,okx,BTC,BTC-USD-260818-64000-C,2026-08-18,64000,call,0.0023325328748704,0.002,0.0021,0.20685694946114375,0.20996485324549935,14.424672895872476,0.00027394317218542837,-0.0008700696889934814,31,31,62963.6
2026-08-15 01:51:06,okx,BTC,BTC-USD-260818-64000-P,2026-08-18,64000,put,0.0182514745263169,0.0175,0.114,0.20685694946114375,-0.805860042599396,16.456322687562267,0.00027394317218542837,-0.0008696336861605751,0,0,62963.6
2026-08-15 01:51:06,okx,BTC,BTC-USD-260818-63750-C,2026-08-18,63750,call,0.0031910577430285,0.0029,0.003,0.20428466937805975,0.2690872572264263,16.66928646379589,0.0003135987755249882,-0.0009836189177075036,441,1333,62963.6
2026-08-15 01:51:06,okx,BTC,BTC-USD-260818-63750-P,2026-08-18,63750,put,0.0151419144888558,0.0145,0.0165,0.20428466937805975,-0.7427695726190748,18.693000123486893,0.0003135987755249882,-0.0009832916290104798,33,33,62963.6
2026-08-15 01:51:06,okx,BTC,BTC-USD-260818-63500-C,2026-08-18,63500,call,0.0043238087799894,0.0041,0.0042,0.20255701574694482,0.3380840025768475,18.526082283698774,0.000346993392486668,-0.0010791359452788293,529,572,62963.6
2026-08-15 01:51:06,okx,BTC,BTC-USD-260925-56000-C,2026-09-25,56000,call,0.1274337343585921,0.126,0.1275,0.3990401935292654,0.7085096345497971,0.4264323714056801,0.000831467031298105,-0.0004021074963495106,163,0,62963.6
2026-08-15 01:51:06,okx,BTC,BTC-USD-260818-63500-P,2026-08-18,63500,put,0.0123065806201974,0.0115,0.0165,0.20255701574694482,-0.6698047612692596,20.54185981139099,0.000346993392486668,-0.0010789173707176883,0,0,62963.6
2026-08-15 01:51:06,okx,BTC,BTC-USD-260818-63250-C,2026-08-18,63250,call,0.0057752381680711,0.0055,0.006,0.2016863401949795,0.41470311735084114,19.693952655775302,0.00036927228508544437,-0.001143453320273704,166,166,62963.6
2026-08-15 01:51:06,okx,BTC,BTC-USD-260818-63250-P,2026-08-18,63250,put,0.0097899251026599,0.0095,0.01,0.2016863401949795,-0.5892175804958718,21.701794051468728,0.00036927228508544437,-0.0011433434598484454,0,0,62963.6
2026-08-15 01:51:06,okx,BTC,BTC-USD-260925-56000-P,2026-09-25,56000,put,0.0124002227036829,0.0115,0.012,0.3990401935292654,-0.17646524492693225,2.196382130359139,0.000831467031298105,-0.0004021074963495106,6737,51,62963.6
2026-08-15 01:51:06,okx,BTC,BTC-USD-260818-66000-C,2026-08-18,66000,call,0.0002566342712386,0.0001,0.0002,0.2561310247722711,0.02764191987018885,2.5925051234714305,0.000060501667361995393,-0.0002379425132588428,79,79,62963.6
2026-08-15 01:51:06,okx,BTC,BTC-USD-260818-66000-P,2026-08-18,66000,put,0.0479202551676394,0.005,0.1605,0.2561310247722711,-1.0199275039698594,4.687643971151527,0.000060501667361995393,-0.00023663679733887605,0,0,62963.6
2026-08-15 01:51:06,okx,BTC,BTC-USD-260818-65000-C,2026-08-18,65000,call,0.0006772700067521,0.0004,0.0005,0.22531990806677563,0.07148484429613973,6.315038765999473,0.00012981353109812197,-0.00044911434919517887,722,816,62963.6
2026-08-15 01:51:06,okx,BTC,BTC-USD-260818-65000-P,2026-08-18,65000,put,0.0324685512806759,0.005,0.1405,0.22531990806677563,-0.9602123155463321,8.378433085684415,0.00012981353109812197,-0.0004482434898187423,1,1,62963.6
2026-08-15 01:51:06,okx,BTC,BTC-USD-260818-64500-C,2026-08-18,64500,call,0.0012382126459859,0.0009,0.001,0.2144822729941099,0.12311089686237305,9.877964986823338,0.00019371950076477567,-0.0006379652078512901,1984,1984,62963.6
2026-08-15 01:51:06,okx,BTC,BTC-USD-260818-64500-P,2026-08-18,64500,put,0.0250933241086711,0.024,0.1275,0.2144822729941099,-0.9006501309813105,11.925487042510705,0.00019371950076477567,-0.0006373117767466187,0,0,62963.6
2026-08-15 01:51:06,okx,BTC,BTC-USD-260818-64250-C,2026-08-18,64250,call,0.0016979759270889,0.0014,0.0015,0.21026075434695526,0.1614664154427432,12.085751731005328,0.0002327586082090039,-0.0007514367412639165,2440,2533,62963.6
2026-08-15 01:51:06,okx,BTC,BTC-USD-260818-64250-P,2026-08-18,64250,put,0.021585002484155,0.021,0.121,0.21026075434695526,-0.8583265464015464,14.125337654693904,0.0002327586082090039,-0.0007508920242951276,0,0,62963.6
2026-08-15 01:51:06,okx,BTC,BTC-USD-261127-48000-C,2026-11-27,48000,call,0.2598869083809215,,,0.4658177930528036,0.6344399524920943,-0.5501241670020132,0.00095632726350124,-0.00020652347680219317,0,0,62963.6
2026-08-15 01:51:06,okx,BTC,BTC-USD-261127-48000-P,2026-11-27,48000,put,0.0135795084194662,0.0135,0.014,0.4658177930528036,-0.11640154999787561,0.9515588379779266,0.00095632726350124,-0.00021327159284351618,1360,1410,62963.6
2026-08-15 01:51:06,okx,BTC,BTC-USD-261127-46000-C,2026-11-27,46000,call,0.2883221690017062,,,0.48370506779087097,0.6269882553403784,-0.6694130145650846,0.0008076467840237022,-0.00017945760681582513,0,0,62963.6
2026-08-15 01:51:06,okx,BTC,BTC-USD-261127-46000-P,2026-11-27,46000,put,0.010729754773708,0.0105,0.011,0.48370506779087097,-0.0925681845458428,0.7696998652073579,0.0008076467840237022,-0.0001870628478514193,1450,1451,62963.6
2026-08-15 01:51:06,okx,BTC,BTC-USD-260818-68000-C,2026-08-18,68000,call,0.0001225876993948,,0.0002,0.3503772035988819,0.010815139645019792,0.8491429145453949,0.000027218405637843613,-0.0001464346693984095,0,0,62963.6
2026-08-15 01:51:06,okx,BTC,BTC-USD-260818-68000-P,2026-08-18,68000,put,0.0795308878407501,0.005,0.1955,0.3503772035988819,-1.0684988121901815,3.007770818215798,0.000027218405637843613,-0.00014425924039138222,0,0,62963.6
2026-08-15 01:51:06,okx,BTC,BTC-USD-260818-67000-C,2026-08-18,67000,call,0.0001472836168217,,0.0002,0.29820931487414404,0.0147450753307748,1.3067163517809288,0.000035548114852401684,-0.0001627729974377262,441,441,62963.6
2026-08-15 01:51:06,okx,BTC,BTC-USD-260818-67000-P,2026-08-18,67000,put,0.0636832441356999,0.005,0.1785,0.29820931487414404,-1.0486966125068502,3.4335997274561785,0.000035548114852401684,-0.00016103242497422917,0,0,62963.6
2026-08-15 01:51:06,okx,BTC,BTC-USD-261127-56000-C,2026-11-27,56000,call,0.1565081540639418,,,0.4126260711000909,0.5986405629067857,0.2168607596908544,0.001666705196008109,-0.00032553645498005794,0,0,62963.6
2026-08-15 01:51:06,okx,BTC,BTC-USD-261127-56000-P,2026-11-27,56000,put,0.0353408111686577,0.035,0.0355,0.4126260711000909,-0.27734118999817925,1.9688242655007844,0.001666705196008109,-0.0003288560710442962,1298,2148,62963.6
2026-08-15 01:51:06,okx,BTC,BTC-USD-261127-54000-C,2026-11-27,54000,call,0.1803781097765237,,,0.42346651915440975,0.6186219172651611,-0.008602729165613068,0.0014861178783083773,-0.0002968723072094198,0,0,62963.6
2026-08-15 01:51:06,okx,BTC,BTC-USD-261127-54000-P,2026-11-27,54000,put,0.0279257526146968,0.0275,0.028,0.42346651915440975,-0.22607477303605517,1.6807906514368194,0.0014861178783083773,-0.00030104904826792927,1109,3598,62963.6
2026-08-15 01:51:06,okx,BTC,BTC-USD-261127-52000-C,2026-11-27,52000,call,0.2057098548756612,,,0.43585271828307637,0.630984783263304,-0.21661372824348818,0.0013014067256210107,-0.00026639620101347465,0,0,62963.6
2026-08-15 01:51:06,okx,BTC,BTC-USD-261127-52000-P,2026-11-27,52000,put,0.0219724834472914,0.0215,0.022,0.43585271828307637,-0.18242684443416354,1.4102095271514468,0.0013014067256210107,-0.0002714300670662553,380,687,62963.6
2026-08-15 01:51:06,okx,BTC,BTC-USD-261127-50000-C,2026-11-27,50000,call,0.232284012487889,,,0.44992055527693364,0.6360463206494293,-0.39871463850127103,0.0011223988763661987,-0.00023582283070043515,0,0,62963.6
2026-08-15 01:51:06,okx,BTC,BTC-USD-261127-50000-P,2026-11-27,50000,put,0.0172616267929765,0.017,0.0175,0.44992055527693364,-0.1460802444442894,1.1655384916861664,0.0011223988763661987,-0.00024171382174748696,320,320,62963.6
2026-08-15 01:51:06,okx,BTC,BTC-USD-261127-64000-C,2026-11-27,64000,call,0.0793155821022221,0.0795,0.08,0.3823689242086374,0.45209773843503714,1.0357825238967353,0.0021187930176340968,-0.00038636926298148887,377,713,62963.6
2026-08-15 01:51:06,okx,BTC,BTC-USD-261127-64000-P,2026-11-27,64000,put,0.0832882962731094,0.0825,0.084,0.3823689242086374,-0.5490242648849228,3.0380265305366554,0.0021187930176340968,-0.0003862603790686424,3036,3843,62963.6
2026-08-15 01:51:06,okx,BTC,BTC-USD-261127-62000-C,2026-11-27,62000,call,0.0956066176534582,0.0945,0.0965,0.3881792449392636,0.49657447672380245,0.8709749305955305,0.002066884558194885,-0.0003821635042949648,0,0,62963.6
2026-08-15 01:51:06,okx,BTC,BTC-USD-261127-62000-P,2026-11-27,62000,put,0.0682943175578026,0.068,0.0685,0.3881792449392636,-0.4732624639924088,2.8106488120279525,0.002066884558194885,-0.0003829117453763895,0,0,62963.6
2026-08-15 01:51:06,okx,BTC,BTC-USD-261127-60000-C,2026-11-27,60000,call,0.1139635232141539,0.1125,0.115,0.3950926966481066,0.5367631194907564,0.670820798573537,0.0019685254439308943,-0.0003698763481431515,0,0,62963.6
2026-08-15 01:51:06,okx,BTC,BTC-USD-261127-60000-P,2026-11-27,60000,put,0.0553662088519555,0.055,0.0555,0.3950926966481066,-0.40178875862170604,2.547924554798462,0.0019685254439308943,-0.00037148171421884737,0,0,62963.6
2026-08-15 01:51:06,okx,BTC,BTC-USD-261127-58000-C,2026-11-27,58000,call,0.1343094332873003,0.133,0.1355,0.40320642570311616,0.5711519611367909,0.44799327440213366,0.0018315335431109917,-0.0003504884816201491,0,0,62963.6
2026-08-15 01:51:06,okx,BTC,BTC-USD-261127-58000-P,2026-11-27,58000,put,0.0444271046585591,0.044,0.0445,0.40320642570311616,-0.3361148543719229,2.262526905419561,0.0018315335431109917,-0.0003529509726901162,1125,1125,62963.6
2026-08-15 01:51:06,okx,BTC,BTC-USD-261127-72000-C,2026-11-27,72000,call,0.0343629654570918,0.034,0.0345,0.37014355880910504,0.2674699000636752,1.2247842622230614,0.0018604752958590795,-0.0003293225745042612,27,27,62963.6
2026-08-15 01:51:06,okx,BTC,BTC-USD-261127-72000-P,2026-11-27,72000,put,0.1634757366941503,,,0.37014355880910504,-0.8587923536712798,3.477308769692972,0.0018604752958590795,-0.00032578519061433,0,0,62963.6
2026-08-15 01:51:06,okx,BTC,BTC-USD-261127-70000-C,2026-11-27,70000,call,0.0427828557718964,0.0425,0.043,0.37157608513605084,0.31113250798890885,1.2469971769621742,0.0019839335225049913,-0.00035237069562532564,20,20,62963.6
2026-08-15 01:51:06,okx,BTC,BTC-USD-261127-70000-P,2026-11-27,70000,put,0.140610612742412,,,0.37157608513605084,-0.7838446831422974,3.4369515592245867,0.0019839335225049913,-0.0003496904367296656,0,0,62963.6
2026-08-15 01:51:06,okx,BTC,BTC-USD-261127-68000-C,2026-11-27,68000,call,0.0529695804919644,0.053,0.0535,0.37402574120412885,0.35750842467758037,1.2260600060393183,0.0020737354999063214,-0.00037053085656432543,0,0,62963.6
2026-08-15 01:51:06,okx,BTC,BTC-USD-261127-68000-P,2026-11-27,68000,put,0.1195123231959373,0.108,0.1235,0.37402574120412885,-0.7061837038498769,3.3534442630942336,0.0020737354999063214,-0.0003687077226629366,0,0,62963.6
2026-08-15 01:51:06,okx,BTC,BTC-USD-261127-66000-C,2026-11-27,66000,call,0.0651071507696693,0.065,0.0655,0.3776047829595901,0.40510684775295996,1.155970077706833,0.002120658478017367,-0.0003822552917172161,0,0,62963.6
2026-08-15 01:51:06,okx,BTC,BTC-USD-261127-66000-P,2026-11-27,66000,put,0.1003648792070995,0.0955,0.1065,0.3776047829595901,-0.6273002181707489,3.2207842095542505,0.002120658478017367,-0.0003812892828100985,0,0,62963.6
2026-08-15 01:51:06,okx,BTC,BTC-USD-261127-80000-C,2026-11-27,80000,call,0.013970831544523,0.013,0.014,0.37220827016382824,0.13423222909630786,0.8932058229157936,0.001235031505059161,-0.00022007797979512915,0,0,62963.6
2026-08-15 01:51:06,okx,BTC,BTC-USD-261127-80000-P,2026-11-27,80000,put,0.2682236598477529,,,0.37220827016382824,-1.117170275053642,3.3960108312156936,0.001235031505059161,-0.00021311209592811327,0,0,62963.6
2026-08-15 01:51:06,okx,BTC,BTC-USD-261127-78000-C,2026-11-27,78000,call,0.01750732223689,0.017,0.0175,0.3707556136162853,0.1609173370163098,0.9938036802239159,0.0013932639497615906,-0.0002472558975203081,140,140,62963.6
2026-08-15 01:51:06,okx,BTC,BTC-USD-261127-78000-P,2026-11-27,78000,put,0.2404751362735772,,,0.3707556136162853,-1.0592001045298913,3.434038563316318,0.0013932639497615906,-0.00024114713864756336,0,0,62963.6
2026-08-15 01:51:06,okx,BTC,BTC-USD-261127-76000-C,2026-11-27,76000,call,0.0219482020183621,0.0215,0.022,0.36985219531002544,0.19198468626491752,1.0882747971847968,0.0015553107824011552,-0.0002752738206174169,708,708,62963.6
2026-08-15 01:51:06,okx,BTC,BTC-USD-261127-76000-P,2026-11-27,76000,put,0.2136310017885064,,,0.36985219531002544,-0.996847692677535,3.465939555069702,0.0015553107824011552,-0.00027002218673894334,0,0,62963.6
2026-08-15 01:51:06,okx,BTC,BTC-USD-261127-74000-C,2026-11-27,74000,call,0.0274936307422469,0.027,0.0275,0.3696090636209616,0.22756113116072185,1.1684873570913448,0.001714088996792715,-0.00030308549506954794,0,0,62963.6
2026-08-15 01:51:06,okx,BTC,BTC-USD-261127-74000-P,2026-11-27,74000,put,0.1878914162458482,,,0.3696090636209616,-0.9299861851779817,3.4835819897687523,0.001714088996792715,-0.0002986909861853456,0,0,62963.6
2026-08-15 01:51:06,okx,BTC,BTC-USD-260904-56000-C,2026-09-04,56000,call,0.1165727373135976,0.0165,0.2185,0.38032584734150066,0.8001324647489221,0.11113206554600656,0.0003612204208208897,-0.0003391092088786123,0,0,62963.6
2026-08-15 01:51:06,okx,BTC,BTC-USD-260904-56000-P,2026-09-04,56000,put,0.0035400560120854,0.0034,0.0035,0.38032584734150066,-0.08688736749347636,1.8851717300308037,0.0003612204208208897,-0.0003391092088786123,504,504,62963.6
2026-08-15 01:51:06,okx,BTC,BTC-USD-261127-95000-C,2026-11-27,95000,call,0.0027668087471903,0.0027,0.0032,0.39190470075271155,0.033047977324701897,0.3096930910274974,0.00042066243141870234,-0.00007898869110143119,0,0,62963.6
2026-08-15 01:51:06,okx,BTC,BTC-USD-261127-95000-P,2026-11-27,95000,put,0.4916572440494913,,,0.39190470075271155,-1.4529924963533638,3.2817740383836287,0.00042066243141870234,-0.00006559436977738143,0,0,62963.6
2026-08-15 01:51:06,okx,BTC,BTC-USD-261127-90000-C,2026-11-27,90000,call,0.0046651992995688,0.0045,0.0046,0.384471655114223,0.052700626461579504,0.45396672949032635,0.000614286640411836,-0.00011313899681499602,440,440,62963.6
2026-08-15 01:51:06,okx,BTC,BTC-USD-261127-90000-P,2026-11-27,90000,put,0.4153430989355127,,,0.384471655114223,-1.3551271907071143,3.269622363827714,0.000614286640411836,-0.00010188748797662422,0,0,62963.6
2026-08-15 01:51:06,okx,BTC,BTC-USD-261127-85000-C,2026-11-27,85000,call,0.0080072783500958,0.0075,0.008,0.3775939954187286,0.0843096351294204,0.6508450961099225,0.0008838209497380094,-0.0001598309677662471,0,0,62963.6
2026-08-15 01:51:06,okx,BTC,BTC-USD-261127-85000-P,2026-11-27,85000,put,0.3404726423196826,,,0.3775939954187286,-1.2453055255299015,3.3100754174285667,0.0008838209497380094,-0.00015072227141355325,0,0,62963.6
2026-08-15 01:51:06,okx,BTC,BTC-USD-260904-59500-C,2026-09-04,59500,call,0.0675161209518684,,0.1725,0.3334165236609011,0.7188785026866699,2.2687687265019023,0.0006858352867843815,-0.0005644407927235279,0,0,62963.6
2026-08-15 01:51:06,okx,BTC,BTC-USD-260904-59500-P,2026-09-04,59500,put,0.0099188970690117,0.0095,0.01,0.3334165236609011,-0.22358006907087863,4.153685870016999,0.0006858352867843815,-0.0005644407927235279,17,17,62963.6
2026-08-15 01:51:06,okx,BTC,BTC-USD-260904-59000-C,2026-09-04,59000,call,0.0740507348418632,,0.1785,0.3392173108372096,0.7385102563680568,1.891118547459608,0.0006340648939965951,-0.0005309127599627075,0,0,62963.6
2026-08-15 01:51:06,okx,BTC,BTC-USD-260904-59000-P,2026-09-04,59000,put,0.0085341598991985,0.008,0.0085,0.3392173108372096,-0.196028495458756,3.7601960511132333,0.0006340648939965951,-0.0005309127599627075,147,147,62963.6
2026-08-15 01:51:06,okx,BTC,BTC-USD-260904-58000-C,2026-09-04,58000,call,0.0876797997547966,,0.1915,0.3517196774387154,0.7689007606198659,1.1934525078330993,0.0005331193535732772,-0.00046284178828423224,0,0,62963.6
2026-08-15 01:51:06,okx,BTC,BTC-USD-260904-58000-P,2026-09-04,58000,put,0.0063245226925161,0.006,0.0065,0.3517196774387154,-0.14979835134547548,3.0308507317637816,0.0005331193535732772,-0.00046284178828423224,234,234,62963.6
2026-08-15 01:51:06,okx,BTC,BTC-USD-260817-62750-C,2026-08-17,62750,call,0.006932009528352,0.0065,0.0075,0.1513902739350491,0.623061459474083,30.472700278516974,0.0002968280507248504,-0.0009956516265024536,421,574,62963.6
2026-08-15 01:51:06,okx,BTC,BTC-USD-260904-57000-C,2026-09-04,57000,call,0.1019047433996246,0.0008,0.205,0.3654247155228925,0.7888198430683484,0.5970897477045433,0.0004410307162640497,-0.0003978122964230105,0,0,62963.6
2026-08-15 01:51:06,okx,BTC,BTC-USD-260817-62750-P,2026-08-17,62750,put,0.0030646316711386,0.0031,0.0032,0.1513902739350491,-0.37300460593884244,32.464832409342826,0.0002968280507248504,-0.0009957577120373723,304,312,62963.6
2026-08-15 01:51:06,okx,BTC,BTC-USD-260904-57000-P,2026-09-04,57000,put,0.0047107642177284,0.0045,0.0046,0.3654247155228925,-0.11403962903552159,2.4028086919122833,0.0004410307162640497,-0.0003978122964230105,691,1351,62963.6
2026-08-15 01:51:06,okx,BTC,BTC-USD-260904-61500-C,2026-09-04,61500,call,0.0438405632401405,0.0435,0.044,0.313181097357794,0.6086968710708779,3.7899460101926077,0.0008702986077856372,-0.0006727834168798756,0,0,62963.6
2026-08-15 01:51:06,okx,BTC,BTC-USD-260904-61500-P,2026-09-04,61500,put,0.0179207435965155,0.0175,0.018,0.313181097357794,-0.36544098040961337,5.73822171315359,0.0008702986077856372,-0.0006727834168798756,400,440,62963.6
2026-08-15 01:51:06,okx,BTC,BTC-USD-260904-61000-C,2026-09-04,61000,call,0.0493375975553022,0.0475,0.0565,0.31779933971961627,0.6409310881303611,3.4290275179707432,0.0008308480664292456,-0.0006517575217962306,0,0,62963.6
2026-08-15 01:51:06,okx,BTC,BTC-USD-260904-61000-P,2026-09-04,61000,put,0.0154984268518693,0.015,0.0155,0.31779933971961627,-0.3252869434193944,5.361463581070255,0.0008308480664292456,-0.0006517575217962306,30,30,62963.6
2026-08-15 01:51:06,okx,BTC,BTC-USD-260904-60500-C,2026-09-04,60500,call,0.0551331705291477,0.0095,0.1135,0.3227095648694777,0.6701073299043837,3.0474120293896596,0.0007857912616239808,-0.0006259367932530495,0,0,62963.6
2026-08-15 01:51:06,okx,BTC,BTC-USD-260904-60500-P,2026-09-04,60500,put,0.0133746487659069,0.013,0.0135,0.3227095648694777,-0.28819088171463614,4.964008452627699,0.0007857912616239808,-0.0006259367932530495,395,395,62963.6
2026-08-15 01:51:06,okx,BTC,BTC-USD-260904-60000-C,2026-09-04,60000,call,0.0612015027809756,,0.1655,0.3279145327919863,0.6960981247605967,2.6571301352773578,0.0007369009822864007,-0.0005964598951998417,0,0,62963.6
2026-08-15 01:51:06,okx,BTC,BTC-USD-260904-60000-P,2026-09-04,60000,put,0.0115236299579269,0.011,0.0115,0.3279145327919863,-0.25428026692768735,4.557886918653926,0.0007369009822864007,-0.0005964598951998417,46,66,62963.6
2026-08-15 01:51:06,okx,BTC,BTC-USD-260815-61500-P,2026-08-15,61500,put,0.0004170001726557,,0.0001,0.5889400366829093,-0.06178944068797448,7.893988258789607,0.00003212526768087769,-0.0009459928163212193,9951,7161,62963.6
2026-08-15 01:51:06,okx,BTC,BTC-USD-260904-63500-C,2026-09-04,63500,call,0.0252729258096541,0.025,0.0255,0.2975794623361761,0.45575249174609783,4.7728401820179345,0.0009387481274651927,-0.0006895463856367795,0,0,62963.6
2026-08-15 01:51:06,okx,BTC,BTC-USD-260815-63250-C,2026-08-15,63250,call,0.0000327855005328,,0.0001,0.08581442343290895,0.03582751796830575,34.59633021288287,0.000020884335826498136,-0.00008960886188650906,5981,9259,62963.6
2026-08-15 01:51:06,okx,BTC,BTC-USD-260904-63500-P,2026-09-04,63500,put,0.0310305104052609,0.031,0.0315,0.2975794623361761,-0.5500646394573363,6.784474444424802,0.0009387481274651927,-0.0006895463856367795,0,0,62963.6
2026-08-15 01:51:06,okx,BTC,BTC-USD-260904-63000-C,2026-09-04,63000,call,0.0293663817445783,0.029,0.03,0.3010440533207654,0.4966479612541271,4.620101220102071,0.0009378243606227606,-0.0006968880385928238,95,45,62963.6
2026-08-15 01:51:06,okx,BTC,BTC-USD-260815-61500-C,2026-08-15,61500,call,0.0241115629986214,0.0065,0.101,0.5889400366829093,0.9145345953243975,5.941340186764863,0.00003212526768087769,-0.0009459928163212193,0,0,62963.6
2026-08-15 01:51:06,okx,BTC,BTC-USD-260904-63000-P,2026-09-04,63000,put,0.0272046152803772,0.027,0.0275,0.3010440533207654,-0.5012493500185713,6.615895842647467,0.0009378243606227606,-0.0006968880385928238,50,0,62963.6
2026-08-15 01:51:06,okx,BTC,BTC-USD-260816-61500-C,2026-08-16,61500,call,0.0236038890590553,0.0055,0.103,0.16314312971652933,0.97015515056032,-0.09938189476455934,0.000010336675827055457,-0.00006711994835731783,0,0,62963.6
2026-08-15 01:51:06,okx,BTC,BTC-USD-260904-62500-C,2026-09-04,62500,call,0.033835616832839,0.0335,0.0345,0.30480728826943654,0.5361381708722112,4.398026188672196,0.000925342224789797,-0.0006962082659858477,732,732,62963.6
2026-08-15 01:51:06,okx,BTC,BTC-USD-260816-61500-P,2026-08-16,61500,put,0.0000195227474649,,0.0001,0.16314312971652933,-0.006265516416519236,1.853459439189119,0.000010336675827055457,-0.00006711994835731783,2509,1040,62963.6
2026-08-15 01:51:06,okx,BTC,BTC-USD-260904-62500-P,2026-09-04,62500,put,0.02375449930883,0.0235,0.024,0.30480728826943654,-0.4538393204697515,6.3779811713561205,0.000925342224789797,-0.0006962082659858477,62,62,62963.6
2026-08-15 01:51:06,okx,BTC,BTC-USD-260904-62000-C,2026-09-04,62000,call,0.0386661425372065,0.038,0.039,0.3088516256239869,0.5736459682324169,4.117270799797111,0.0009023559463639089,-0.0006879220404108597,0,0,62963.6
2026-08-15 01:51:06,okx,BTC,BTC-USD-260904-62000-P,2026-09-04,62000,put,0.0206656739533895,0.0205,0.021,0.3088516256239869,-0.4084117031788102,6.081386142619565,0.0009023559463639089,-0.0006879220404108597,140,140,62963.6
2026-08-15 01:51:06,okx,BTC,BTC-USD-260904-65500-C,2026-09-04,65500,call,0.0128606767349223,0.0125,0.013,0.2886178314676214,0.293106019722257,4.572582266060404,0.0008262986794417847,-0.0005886696776364331,356,356,62963.6
2026-08-15 01:51:06,okx,BTC,BTC-USD-260904-65500-P,2026-09-04,65500,put,0.0502956655697608,0.0036,0.117,0.2886178314676214,-0.7443903912041199,6.647575087913157,0.0008262986794417847,-0.0005886696776364331,0,0,62963.6
2026-08-15 01:51:06,okx,BTC,BTC-USD-260904-65000-C,2026-09-04,65000,call,0.0153861617532488,0.0155,0.016,0.29012185256242096,0.33206603795543294,4.740650315682745,0.0008702105468453732,-0.0006231839110312522,122,122,62963.6
2026-08-15 01:51:06,okx,BTC,BTC-USD-260904-65000-P,2026-09-04,65000,put,0.0449017995282794,0.0435,0.055,0.29012185256242096,-0.6975105530402084,6.799803497674028,0.0008702105468453732,-0.0006231839110312522,0,0,62963.6
2026-08-15 01:51:06,okx,BTC,BTC-USD-260904-64500-C,2026-09-04,64500,call,0.018286479193834,0.018,0.0185,0.29210890268507517,0.37266047109634043,4.8339474275387015,0.0009044566014286132,-0.0006521447075505891,890,898,62963.6
2026-08-15 01:51:06,okx,BTC,BTC-USD-260904-64500-P,2026-09-04,64500,put,0.0398827659090565,0.0395,0.0445,0.29210890268507517,-0.648996299968565,6.877260969668513,0.0009044566014286132,-0.0006521447075505891,0,0,62963.6
2026-08-15 01:51:06,okx,BTC,BTC-USD-260815-63250-P,2026-08-15,63250,put,0.0041192716998446,0.0029,0.006,0.08581442343290895,-0.9682780963045808,36.60454144142864,0.000020884335826498136,-0.00008960886188650906,2287,408,62963.6
2026-08-15 01:51:06,okx,BTC,BTC-USD-260904-64000-C,2026-09-04,64000,call,0.0215788323484041,0.0215,0.022,0.29459089334266925,0.41415522848244907,4.84539054631351,0.0009275801587076753,-0.0006745004063851131,45,45,62963.6
2026-08-15 01:51:06,okx,BTC,BTC-USD-260904-64000-P,2026-09-04,64000,put,0.0352557680038186,0.035,0.0355,0.29459089334266925,-0.5995817226517206,6.872864448581849,0.0009275801587076753,-0.0006745004063851131,216,216,62963.6
2026-08-15 01:51:06,okx,BTC,BTC-USD-260904-67500-C,2026-09-04,67500,call,0.005970683878549,0.0055,0.006,0.2871862906726195,0.16387550143167068,3.410211289499426,0.0005957503523946067,-0.00042231787146617165,2672,2847,62963.6
2026-08-15 01:51:06,okx,BTC,BTC-USD-260904-67500-P,2026-09-04,67500,put,0.0750830769526192,,0.203,0.2871862906726195,-0.905300189217649,5.5485626707980655,0.0005957503523946067,-0.00042231787146617165,0,0,62963.6
2026-08-15 01:51:06,okx,BTC,BTC-USD-260904-67000-C,2026-09-04,67000,call,0.0072739924525232,0.007,0.0075,0.28688150010856106,0.1915461886483488,3.7444325866077026,0.0006571400544368712,-0.0004653416554125503,0,0,62963.6
2026-08-15 01:51:06,okx,BTC,BTC-USD-260904-67000-P,2026-09-04,67000,put,0.0684670344667855,,0.1945,0.28688150010856106,-0.8697096820702352,5.866944328044871,0.0006571400544368712,-0.0004653416554125503,0,0,62963.6
2026-08-15 01:51:06,okx,BTC,BTC-USD-260904-66500-C,2026-09-04,66500,call,0.0088347804435606,0.0085,0.009,0.28701008554595375,0.2224438765296409,4.059764139970123,0.0007175035948013127,-0.0005083147211231986,178,178,62963.6
2026-08-15 01:51:06,okx,BTC,BTC-USD-260828-58000-C,2026-08-28,58000,call,0.0834444662181738,0.082,0.0855,0.3458742076384365,0.820480028601109,0.9447543893097314,0.00032480731550890626,-0.0004237347211197279,2795,0,62963.6
2026-08-15 01:51:06,okx,BTC,BTC-USD-260904-66500-P,2026-09-04,66500,put,0.062108471398015,,0.187,0.28701008554595375,-0.8308921742582075,6.16643624154582,0.0007175035948013127,-0.0005083147211231986,0,0,62963.6
2026-08-15 01:51:06,okx,BTC,BTC-USD-260828-58000-P,2026-08-28,58000,put,0.0030560789355532,0.003,0.0031,0.3458742076384365,-0.09914179170763751,2.7839980299272242,0.00032480731550890626,-0.0004237347211197279,23225,4315,62963.6
2026-08-15 01:51:06,okx,BTC,BTC-USD-260904-66000-C,2026-09-04,66000,call,0.0106864036553568,0.0105,0.011,0.28758469169812,0.25640472485675614,4.340941320015542,0.000774656063546694,-0.0005499030609419647,108,108,62963.6
2026-08-15 01:51:06,okx,BTC,BTC-USD-260904-66000-P,2026-09-04,66000,put,0.0560407435500034,,0.1795,0.28758469169812,-0.7890115060003564,6.431773781729767,0.000774656063546694,-0.0005499030609419647,0,0,62963.6
2026-08-15 01:51:06,okx,BTC,BTC-USD-260904-71000-C,2026-09-04,71000,call,0.0015178335046514,0.0014,0.0015,0.30037856941694635,0.050647283176611414,1.4060874190179504,0.00025128001710501954,-0.0001863109350480538,1,1,62963.6
2026-08-15 01:51:06,okx,BTC,BTC-USD-260904-71000-P,2026-09-04,71000,put,0.126065683997377,0.003,0.2565,0.30037856941694635,-1.0739671469878582,3.6553162793468896,0.00025128001710501954,-0.0001863109350480538,0,0,62963.6
2026-08-15 01:51:06,okx,BTC,BTC-USD-260904-70000-C,2026-09-04,70000,call,0.0022139237870747,0.0021,0.0022,0.29476298776139415,0.0710070389417417,1.8593300519877625,0.0003273862303286542,-0.00023820167285937152,467,467,62963.6
2026-08-15 01:51:06,okx,BTC,BTC-USD-260904-70000-P,2026-09-04,70000,put,0.1109230721601846,,0.241,0.29476298776139415,-1.0377677513612564,4.076879632593759,0.0003273862303286542,-0.00023820167285937152,0,0,62963.6
2026-08-15 01:51:06,okx,BTC,BTC-USD-260904-69000-C,2026-09-04,69000,call,0.00327990001171,0.0031,0.0032,0.29057315392828137,0.09984530538049177,2.4220181997351338,0.0004227714276411952,-0.0003032302777572154,852,852,62963.6
2026-08-15 01:51:06,okx,BTC,BTC-USD-260904-69000-P,2026-09-04,69000,put,0.0961503462652041,,0.226,0.29057315392828137,-0.993089845061035,4.607888500618186,0.0004227714276411952,-0.0003032302777572154,0,0,62963.6
2026-08-15 01:51:06,okx,BTC,BTC-USD-260904-68000-C,2026-09-04,68000,call,0.0048915234108473,0.0048,0.0049,0.2879117126335923,0.13945104547444992,3.0710240581374815,0.0005352544090926783,-0.00038039170177788,1200,1365,62963.6
2026-08-15 01:51:06,okx,BTC,BTC-USD-260904-68000-P,2026-09-04,68000,put,0.0819232675447254,,0.211,0.2879117126335923,-0.9376444651056054,5.225215079297592,0.0005352544090926783,-0.00038039170177788,0,0,62963.6
2026-08-15 01:51:06,okx,BTC,BTC-USD-260925-82000-C,2026-09-25,82000,call,0.0007699300123861,0.0009,0.001,0.35851550468270593,0.01754074049058953,0.3375963174335833,0.0001510212656164652,-0.0000656185367039243,6819,400,62963.6
2026-08-15 01:51:06,okx,BTC,BTC-USD-260904-72000-C,2026-09-04,72000,call,0.001064973036435,0.001,0.0011,0.30731820136398713,0.03654575269941361,1.05886792613047,0.00019305667973115243,-0.00014644837712596696,0,0,62963.6
2026-08-15 01:51:06,okx,BTC,BTC-USD-260925-82000-P,2026-09-25,82000,put,0.2966137165176976,0.296,0.3,0.35851550468270593,-1.278315333028907,2.929308464472576,0.0001510212656164652,-0.0000656185367039243,2191,0,62963.6
2026-08-15 01:51:06,okx,BTC,BTC-USD-260904-72000-P,2026-09-04,72000,put,0.1414515256487766,0.018,0.271,0.30731820136398713,-1.1039083173265274,3.3397760661823517,0.00019305667973115243,-0.00014644837712596696,0,0,62963.6
2026-08-15 01:51:06,okx,BTC,BTC-USD-260828-67000-C,2026-08-28,67000,call,0.0030589729489624,0.003,0.0031,0.2681442181921053,0.12047013645137435,3.7541710278167963,0.00038906698810734327,-0.00039349832902326224,12304,959,62963.6
2026-08-15 01:51:06,okx,BTC,BTC-USD-260828-67000-P,2026-08-28,67000,put,0.0653689393638662,0.0625,0.0675,0.2681442181921053,-0.941851621491488,5.878814543702521,0.00038906698810734327,-0.00039349832902326224,1896,250,62963.6
2026-08-15 01:51:06,okx,BTC,BTC-USD-260925-58000-C,2026-09-25,58000,call,0.1013670636337598,0.1,0.1015,0.37950182406530447,0.6709469905915412,1.0245270019235198,0.0010150852500439842,-0.000466870978658,858,0,62963.6
2026-08-15 01:51:06,okx,BTC,BTC-USD-260925-58000-P,2026-09-25,58000,put,0.0179394979911752,0.017,0.0175,0.37950182406530447,-0.24563413458078565,2.857689252268173,0.0010150852500439842,-0.000466870978658,30195,2262,62963.6
2026-08-15 01:51:06,okx,BTC,BTC-USD-270326-30000-C,2027-03-26,30000,call,0.5436653576427802,0.5385,0.5505,0.6156425799363434,0.423163659216996,-0.6927627389514355,0.0005782696782246391,-0.00007973068390100058,700,0,62963.6
2026-08-15 01:51:06,okx,BTC,BTC-USD-270326-40000-C,2027-03-26,40000,call,0.3997122190402653,0.394,0.4085,0.5186035279837283,0.5176225688691334,-0.6595202224216726,0.0011918351189689268,-0.00013842612589288372,501,0,62963.6
2026-08-15 01:51:06,okx,BTC,BTC-USD-270326-35000-P,2027-03-26,35000,put,0.0118141892167362,0.011,0.012,0.5629368916474297,-0.06500414481882415,0.37606921325634274,0.0008472529249397184,-0.00010681671234006675,9512,800,62963.6
2026-08-15 01:51:06,okx,BTC,BTC-USD-270326-35000-C,2027-03-26,35000,call,0.4706238481777895,0.4655,0.478,0.5629368916474297,0.47619038034061484,-0.7063198370625353,0.0008472529249397184,-0.00010681671234006675,500,0,62963.6
2026-08-15 01:51:06,okx,BTC,BTC-USD-270326-30000-P,2027-03-26,30000,put,0.0075427928190203,0.0065,0.0075,0.6156425799363434,-0.0407173623482375,0.23499930417903145,0.0005782696782246391,-0.00007973068390100058,224431,0,62963.6
2026-08-15 01:51:06,okx,BTC,BTC-USD-270326-50000-C,2027-03-26,50000,call,0.2692895985114966,0.267,0.2715,0.4541491700073242,0.5471866215304567,-0.34658129570166146,0.002077256014689236,-0.000211278336741758,342,0,62963.6
2026-08-15 01:51:06,okx,BTC,BTC-USD-270326-45000-P,2027-03-26,45000,put,0.0279189055900838,0.027,0.028,0.48253302704849754,-0.1530586575268402,0.8520115585217911,0.0016111882087117523,-0.0001741164236901472,12672,0,62963.6
2026-08-15 01:51:06,okx,BTC,BTC-USD-270326-45000-C,2027-03-26,45000,call,0.3321027528257236,0.3295,0.3345,0.48253302704849754,0.54276287482101,-0.5396315061739092,0.0016111882087117523,-0.0001741164236901472,520,0,62963.6
2026-08-15 01:51:06,okx,BTC,BTC-USD-270326-40000-P,2027-03-26,40000,put,0.0182154659419188,0.0175,0.0185,0.5186035279837283,-0.10088545988451121,0.5774958350856166,0.0011918351189689268,-0.00013842612589288372,53203,0,62963.6
2026-08-15 01:51:06,okx,BTC,BTC-USD-270326-60000-C,2027-03-26,60000,call,0.1642503333091575,0.1625,0.1655,0.4170758203388403,0.48857628620947485,0.155008363280871,0.002888244099014245,-0.0002697834640214473,791,48,62963.6
2026-08-15 01:51:06,okx,BTC,BTC-USD-270326-55000-P,2027-03-26,55000,put,0.063326045632111,0.062,0.063,0.43263326732962315,-0.32184387004299686,1.5994975418131874,0.0025293102704620207,-0.0002450690336587677,6768,0,62963.6
2026-08-15 01:51:06,okx,BTC,BTC-USD-270326-55000-C,2027-03-26,55000,call,0.2128840811423373,0.211,0.2145,0.43263326732962315,0.5286046694932645,-0.10139953725933533,0.0025293102704620207,-0.0002450690336587677,1012,0,62963.6
2026-08-15 01:51:06,okx,BTC,BTC-USD-270326-50000-P,2027-03-26,50000,put,0.0424186571385635,0.041,0.0425,0.4541491700073242,-0.22594841441159896,1.19968877618245,0.002077256014689236,-0.000211278336741758,9730,151,62963.6
2026-08-15 01:51:06,okx,BTC,BTC-USD-270326-70000-C,2027-03-26,70000,call,0.0923606129137947,0.092,0.093,0.4001711112253169,0.3692075917997962,0.5303685116379764,0.003105589419786637,-0.00027832754638521423,5418,5,62963.6
2026-08-15 01:51:06,okx,BTC,BTC-USD-270326-65000-P,2027-03-26,65000,put,0.129187699569191,0.128,0.1305,0.40657193806897357,-0.5723146304671575,2.386489673999054,0.003088310083427944,-0.0002812060879838872,6077,0,62963.6
2026-08-15 01:51:06,okx,BTC,BTC-USD-270326-65000-C,2027-03-26,65000,call,0.1241199233540041,0.123,0.1255,0.40657193806897357,0.43276091625751495,0.37633858054970887,0.003088310083427944,-0.0002812060879838872,1060,62,62963.6
2026-08-15 01:51:06,okx,BTC,BTC-USD-270326-60000-P,2027-03-26,60000,put,0.0920052036616377,0.091,0.0925,0.4170758203388403,-0.43918575692099204,2.010532449541805,0.002888244099014245,-0.0002697834640214473,6761,0,62963.6
2026-08-15 01:51:06,okx,BTC,BTC-USD-270326-80000-C,2027-03-26,80000,call,0.0495062660283386,0.049,0.05,0.3942186297504088,0.24656441949301847,0.6278420579445719,0.002702976050522746,-0.00023864138511502724,5781,32,62963.6
2026-08-15 01:51:06,okx,BTC,BTC-USD-270326-75000-P,2027-03-26,75000,put,0.2275811990860118,0.225,0.23,0.39626737178612037,-0.8542885295771291,2.9303625060458747,0.002961378905423366,-0.0002628141307697333,3365,150,62963.6
2026-08-15 01:51:06,okx,BTC,BTC-USD-270326-75000-C,2027-03-26,75000,call,0.0678876111454115,0.0675,0.0685,0.39626737178612037,0.3054140243359545,0.6109573982197072,0.002961378905423366,-0.0002628141307697333,5409,165,62963.6
2026-08-15 01:51:06,okx,BTC,BTC-USD-270326-70000-P,2027-03-26,70000,put,0.1747412949916883,0.1735,0.178,0.4001711112253169,-0.7131814585190819,2.695146612275732,0.003105589419786637,-0.00027832754638521423,2971,0,62963.6
2026-08-15 01:51:06,okx,ETH,ETH-USD-260904-2300-C,2026-09-04,2300,call,0.0014245317215361,0.0013,0.0014,0.4518642392731201,0.033360535743727014,0.6552378389881783,0.00018104473218721903,-0.000201921550447956,0,0,1882.56
2026-08-15 01:51:06,okx,ETH,ETH-USD-260925-800-P,2026-09-25,800,put,0.0001888615437931,0.0002,0.0006,0.9320653061660686,-0.0020848090102774204,0.023445015062499946,0.000020307019948217842,-0.00002293892986625523,30958,496,1882.56
2026-08-15 01:51:06,okx,ETH,ETH-USD-260904-2300-P,2026-09-04,2300,put,0.2213394861127747,0.0705,0.38,0.4518642392731201,-1.1864532518711588,3.0948654142179497,0.00018104473218721903,-0.00020026116438503076,0,0,1882.56
2026-08-15 01:51:06,okx,ETH,ETH-USD-260925-800-C,2026-09-25,800,call,0.5761996045569866,,,0.9320653061660686,0.42189545982257115,-0.8245155226031972,0.000020307019948217842,-0.00002293892986625523,10,0,1882.56
2026-08-15 01:51:06,okx,ETH,ETH-USD-260904-2250-C,2026-09-04,2250,call,0.0020437867792552,0.0019,0.002,0.4394526202836055,0.04675538592356138,0.8832272350414021,0.00023820758445000455,-0.0002583768902288894,0,0,1882.56
2026-08-15 01:51:06,okx,ETH,ETH-USD-260904-2250-P,2026-09-04,2250,put,0.1954421745282102,0.047,0.3515,0.4394526202836055,-1.1465407106562182,3.2698194282009614,0.00023820758445000455,-0.00025691666905102367,0,0,1882.56
2026-08-15 01:51:06,okx,ETH,ETH-USD-260904-2200-C,2026-09-04,2200,call,0.0030145695161589,0.0029,0.003,0.4285947834239,0.06661026118456503,1.1906508513534049,0.0003148894509848927,-0.00033310971561844097,267,267,1882.56
2026-08-15 01:51:06,okx,ETH,ETH-USD-260925-1200-P,2026-09-25,1200,put,0.0018196236508135,0.0019,0.002,0.692460321681258,-0.021492944240391845,0.24808196825283924,0.0001605272524938764,-0.00013471758259997872,30458,0,1882.56
2026-08-15 01:51:06,okx,ETH,ETH-USD-260904-2200-P,2026-09-04,2200,put,0.1698963906228302,0.1565,0.3225,0.4285947834239,-1.1001681443601081,3.5242076624427514,0.0003148894509848927,-0.0003318496593256346,0,0,1882.56
2026-08-15 01:51:06,okx,ETH,ETH-USD-260925-1200-C,2026-09-25,1200,call,0.3658357381706038,0.3525,0.4305,0.692460321681258,0.6144774590088811,-1.0238588382457066,0.0001605272524938764,-0.00013471758259997872,89,0,1882.56
2026-08-15 01:51:06,okx,ETH,ETH-USD-260904-2150-C,2026-09-04,2150,call,0.0045425673431694,0.0044,0.0045,0.419483346840301,0.0956881124843286,1.5869669141756046,0.00041399560207642854,-0.00042863507298475845,323,324,1882.56
2026-08-15 01:51:06,okx,ETH,ETH-USD-260925-1000-P,2026-09-25,1000,put,0.0006781576983771,0.0006,0.0009,0.8132932113581625,-0.007648124522497194,0.08629739810363296,0.00006526931346460231,-0.00006433344486707038,17518,280,1882.56
2026-08-15 01:51:06,okx,ETH,ETH-USD-260904-2150-P,2026-09-04,2150,put,0.1449078218075571,0.0022,0.2965,0.419483346840301,-1.0445726020252384,3.8674883431947387,0.00041399560207642854,-0.00042757518157701154,0,0,1882.56
2026-08-15 01:51:06,okx,ETH,ETH-USD-260925-1000-C,2026-09-25,1000,call,0.4706915864648689,0.4685,0.4725,0.8132932113581625,0.5223272115185635,-0.9736532739784886,0.00006526931346460231,-0.00006433344486707038,900,0,1882.56
2026-08-15 01:51:06,okx,ETH,ETH-USD-260815-1940-C,2026-08-15,1940,call,0.0000041655805224,,0.0015,0.38250224437571856,0.0014432789151244,0.4632006784164087,0.000001251449577109512,-0.000023934079362353787,2899,2914,1882.56
2026-08-15 01:51:06,okx,ETH,ETH-USD-260815-1940-P,2026-08-15,1940,put,0.0306817733214247,0.0075,0.132,0.38250224437571856,-1.0292480093489174,2.524583254944493,0.000001251449577109512,-0.00002368164478901102,0,0,1882.56
2026-08-15 01:51:06,okx,ETH,ETH-USD-260815-1840-P,2026-08-15,1840,put,0.0000048689736245,,0.0001,0.29964243324488216,-0.002114075882539584,0.8423097707280844,0.000001762794914427234,-0.000026410367417230354,9786,5293,1882.56
2026-08-15 01:51:06,okx,ETH,ETH-USD-260815-1840-C,2026-08-15,1840,call,0.0224545492351895,0.0055,0.11,0.29964243324488216,0.9754487954606754,-1.1128159719583455,0.000001762794914427234,-0.00002622594000720115,0,0,1882.56
2026-08-15 01:51:06,okx,ETH,ETH-USD-260817-1830-C,2026-08-17,1830,call,0.0290250272175018,0.0055,0.135,0.2761711913062304,0.8780231762595676,5.89833832119709,0.00013067013164235955,-0.0007987993914934314,0,0,1882.56
2026-08-15 01:51:06,okx,ETH,ETH-USD-261225-600-P,2026-12-25,600,put,0.0013545251335856,0.0011,0.0016,0.8663463260000487,-0.008096073727769585,0.05233871834297578,0.00011347021231136208,-0.00003716441618901615,12557,0,1882.56
2026-08-15 01:51:06,okx,ETH,ETH-USD-261225-600-C,2026-12-25,600,call,0.6855059537723233,,0.6875,0.8663463260000487,0.3077475096962628,-0.579348448505089,0.00011347021231136208,-0.00003716441618901615,7,0,1882.56
2026-08-15 01:51:06,okx,ETH,ETH-USD-260815-1930-C,2026-08-15,1930,call,0.0000075791662435,,0.0015,0.34100849481971773,0.002792726093000565,0.9460878292283132,0.000002278060388080664,-0.00003884183491195738,7284,211,1882.56
2026-08-15 01:51:06,okx,ETH,ETH-USD-261225-1000-P,2026-12-25,1000,put,0.0075861945389569,0.0075,0.008,0.6850135582278036,-0.04659061849978612,0.29792734630118844,0.0005082039675680286,-0.0001316106785291058,14601,0,1882.56
2026-08-15 01:51:06,okx,ETH,ETH-USD-260815-1930-P,2026-08-15,1930,put,0.0253724581068989,0.024,0.0275,0.34100849481971773,-1.0225857204789586,2.996844722372232,0.000002278060388080664,-0.00003863308653695182,399,0,1882.56
2026-08-15 01:51:06,okx,ETH,ETH-USD-261225-1000-C,2026-12-25,1000,call,0.4811719089368529,0.4795,0.552,0.6850135582278036,0.4798153538736013,-0.7548845984455864,0.0005082039675680286,-0.0001316106785291058,0,0,1882.56
2026-08-15 01:51:06,okx,ETH,ETH-USD-260816-1910-C,2026-08-16,1910,call,0.0002111949434368,0.0002,0.0003,0.15637009912671937,0.055662318584946906,12.167757764398827,0.00006608316449957138,-0.00041128522314421665,1483,1714,1882.56
2026-08-15 01:51:06,okx,ETH,ETH-USD-261225-800-P,2026-12-25,800,put,0.003485175028112,0.0034,0.0037,0.7672627164694289,-0.021198897913924562,0.13694562383261383,0.00026285659488328294,-0.00007624596794625586,19924,570,1882.56
2026-08-15 01:51:06,okx,ETH,ETH-USD-260816-1910-P,2026-08-16,1910,put,0.0149450781208942,0.013,0.017,0.15637009912671937,-0.9590353015188199,14.19715300460636,0.00006608316449957138,-0.00041081223637387505,1198,1000,1882.56
2026-08-15 01:51:06,okx,ETH,ETH-USD-261225-800-C,2026-12-25,800,call,0.5823537465464288,0.5775,0.585,0.7672627164694289,0.39992587998478535,-0.7053039319648059,0.00026285659488328294,-0.00007624596794625586,905,0,1882.56
2026-08-15 01:51:06,okx,ETH,ETH-USD-261225-1400-P,2026-12-25,1400,put,0.0306537622848241,0.0305,0.0315,0.575587391059487,-0.1765612116903576,1.013727608472348,0.001377769212525064,-0.0002998069228442404,16306,0,1882.56
2026-08-15 01:51:06,okx,ETH,ETH-USD-261225-1400-C,2026-12-25,1400,call,0.2936737624418786,0.2925,0.2945,0.575587391059487,0.5604071496323848,-0.46020911417313676,0.001377769212525064,-0.0002998069228442404,380,0,1882.56
2026-08-15 01:51:06,okx,ETH,ETH-USD-260817-1830-P,2026-08-17,1830,put,0.0009477208316944,0.001,0.0011,0.2761711913062304,-0.09381162527874759,7.84200792427372,0.00013067013164235955,-0.0007997009776920752,2,2,1882.56
2026-08-15 01:51:06,okx,ETH,ETH-USD-261225-1200-P,2026-12-25,1200,put,0.0155643006593333,0.0155,0.016,0.6214847360907341,-0.0941047449447838,0.5801061762367495,0.0008825214788656825,-0.00020735268348279413,7276,230,1882.56
2026-08-15 01:51:06,okx,ETH,ETH-USD-261225-1200-C,2026-12-25,1200,call,0.3838671579368087,0.378,0.3865,0.6214847360907341,0.5375824219032811,-0.6832681574593801,0.0008825214788656825,-0.00020735268348279413,250,0,1882.56
2026-08-15 01:51:06,okx,ETH,ETH-USD-261225-1800-P,2026-12-25,1800,put,0.098159350443908,0.098,0.0995,0.5266212337302533,-0.4694115387877705,2.1312028274203274,0.002275286992615423,-0.00045298983818748215,22279,1202,1882.56
2026-08-15 01:51:06,okx,ETH,ETH-USD-261225-1800-C,2026-12-25,1800,call,0.1506136363601208,0.1495,0.152,0.5266212337302533,0.4781192114843268,0.23614132687613276,0.002275286992615423,-0.00045298983818748215,9783,93,1882.56
2026-08-15 01:51:06,okx,ETH,ETH-USD-261225-1600-P,2026-12-25,1600,put,0.0570034078534876,0.057,0.058,0.5448980304295945,-0.302911238509434,1.5661611605531593,0.001896107199645292,-0.00039059981645030585,27747,418,1882.56
2026-08-15 01:51:06,okx,ETH,ETH-USD-261225-1600-C,2026-12-25,1600,call,0.2147405508901212,0.2135,0.216,0.5448980304295945,0.5393383172879859,-0.11833795104168023,0.001896107199645292,-0.00039059981645030585,2809,0,1882.56
2026-08-15 01:51:06,okx,ETH,ETH-USD-261225-2200-P,2026-12-25,2200,put,0.2266883421022711,0.225,0.2285,0.5160235191298749,-0.8511320047391113,2.9235831920910744,0.00228360981339207,-0.0004454975359634868,1804,11,1882.56
2026-08-15 01:51:06,okx,ETH,ETH-USD-261225-2200-C,2026-12-25,2200,call,0.0685769137776424,0.068,0.069,0.5160235191298749,0.306961134482341,0.6073969136481698,0.00228360981339207,-0.0004454975359634868,16544,0,1882.56
2026-08-15 01:51:06,okx,ETH,ETH-USD-261225-2000-P,2026-12-25,2000,put,0.1553158060898339,0.1545,0.1565,0.5180884261317976,-0.6589314375463952,2.5970280226980083,0.0024013404390350137,-0.0004703395880534708,10048,398,1882.56
2026-08-15 01:51:06,okx,ETH,ETH-USD-261225-2000-C,2026-12-25,2000,call,0.102487234885626,0.102,0.1035,0.5180884261317976,0.39388050720037965,0.4914041332044587,0.0024013404390350137,-0.0004703395880534708,15855,96,1882.56
2026-08-15 01:51:06,okx,ETH,ETH-USD-261225-2600-P,2026-12-25,2600,put,0.3993060979782631,0.393,0.408,0.5230130041453498,-1.198667020534606,3.2882399719818665,0.001688369753905579,-0.0003338366088932987,1760,0,1882.56
2026-08-15 01:51:06,okx,ETH,ETH-USD-261225-2600-C,2026-12-25,2600,call,0.0306289554127927,0.0295,0.0305,0.5230130041453498,0.16998850763620119,0.5509289156402524,0.001688369753905579,-0.0003338366088932987,40248,849,1882.56
2026-08-15 01:51:06,okx,ETH,ETH-USD-261225-2400-P,2026-12-25,2400,put,0.309062926752309,0.307,0.31,0.5180201687348284,-1.0327324461483924,3.1380424911054736,0.00201325421672957,-0.0003942749595687723,919,0,1882.56
2026-08-15 01:51:06,okx,ETH,ETH-USD-261225-2400-C,2026-12-25,2400,call,0.0456686413072595,0.0445,0.0455,0.5180201687348284,0.2306418875477373,0.6112938237132143,0.00201325421672957,-0.0003942749595687723,25576,0,1882.56
2026-08-15 01:51:06,okx,ETH,ETH-USD-261225-3000-P,2026-12-25,3000,put,0.5937724755757593,0.5845,0.6025,0.5388893661779351,-1.4874413284063823,3.5404742214906935,0.0011043983867578908,-0.00022499832595633323,711,0,1882.56
2026-08-15 01:51:06,okx,ETH,ETH-USD-261225-3000-C,2026-12-25,3000,call,0.0145296187694472,0.014,0.0145,0.5388893661779351,0.09177658871377983,0.3820383872503688,0.0011043983867578908,-0.00022499832595633323,28677,970,1882.56
2026-08-15 01:51:06,okx,ETH,ETH-USD-261225-2800-P,2026-12-25,2800,put,0.4948307801371524,0.489,0.502,0.5301797606056693,-1.3493221248828629,3.414428139373175,0.0013750810278793525,-0.0002756165830667648,797,0,1882.56
2026-08-15 01:51:06,okx,ETH,ETH-USD-261225-2800-C,2026-12-25,2800,call,0.0208707804512611,0.02,0.021,0.5301797606056693,0.12461459776262186,0.46655469408220507,0.0013750810278793525,-0.0002756165830667648,9781,0,1882.56
2026-08-15 01:51:06,okx,ETH,ETH-USD-261225-1300-P,2026-12-25,1300,put,0.0219694875557877,0.0215,0.0225,0.5964663693181855,-0.1301988764941228,0.7780440253104989,0.0011187737780130346,-0.00025227960946302665,11735,0,1882.56
2026-08-15 01:51:06,okx,ETH,ETH-USD-261225-3400-P,2026-12-25,3400,put,0.7973870828665095,0.559,1.0495,0.5591235188553588,-1.7381241261652982,3.826644757819678,0.0007098895008340881,-0.00015005567447322896,1,0,1882.56
2026-08-15 01:51:06,okx,ETH,ETH-USD-261225-3400-C,2026-12-25,3400,call,0.0075785118193559,0.007,0.0075,0.5591235188553588,0.05165617990421889,0.24708414568064377,0.0007098895008340881,-0.00015005567447322896,12743,4,1882.56
2026-08-15 01:51:06,okx,ETH,ETH-USD-261225-3200-P,2026-12-25,3200,put,0.6948889574254076,0.6545,0.736,0.5486596157174551,-1.6161524069779434,3.6769423087498976,0.0008839593696627016,-0.00018335350145942976,0,0,1882.56
2026-08-15 01:51:06,okx,ETH,ETH-USD-261225-3200-C,2026-12-25,3200,call,0.0103632434986747,0.0095,0.0105,0.5486596157174551,0.06834670461689617,0.3079440855602183,0.0008839593696627016,-0.00018335350145942976,37601,484,1882.56
2026-08-15 01:51:06,okx,ETH,ETH-USD-261225-4000-P,2026-12-25,4000,put,1.109065188097762,1.098,1.121,0.5922219189623021,-2.080997210721528,4.342412583570222,0.0003871577504153416,-0.00008668148529643945,580,0,1882.56
2026-08-15 01:51:06,okx,ETH,ETH-USD-261225-4000-C,2026-12-25,4000,call,0.0034080456893463,0.003,0.0033,0.5922219189623021,0.024626678772021612,0.13116480458312194,0.0003871577504153416,-0.00008668148529643945,3464,2,1882.56
2026-08-15 01:51:06,okx,ETH,ETH-USD-261225-3600-P,2026-12-25,3600,put,0.9007700007550872,0.8895,0.9095,0.570002939748648,-1.8553724741587463,3.988815155427483,0.0005743211129538014,-0.000123761563410147,100,0,1882.56
2026-08-15 01:51:06,okx,ETH,ETH-USD-261225-1300-C,2026-12-25,1300,call,0.3376309162730525,0.336,0.34,0.5964663693181855,0.5541288875912809,-0.5906115028603084,0.0011187737780130346,-0.00025227960946302665,432,0,1882.56
2026-08-15 01:51:06,okx,ETH,ETH-USD-261225-3600-C,2026-12-25,3600,call,0.0056785725875131,0.005,0.0055,0.570002939748648,0.03968902638544846,0.1986921543390938,0.0005743211129538014,-0.000123761563410147,5369,2,1882.56
2026-08-15 01:51:06,okx,ETH,ETH-USD-260815-1920-P,2026-08-15,1920,put,0.0200644572873982,0.0065,0.116,0.29118405925759777,-1.0150279532965836,3.9210112820054883,0.000003865102665662022,-0.00005610765087018366,0,0,1882.56
2026-08-15 01:51:06,okx,ETH,ETH-USD-261225-5000-P,2026-12-25,5000,put,1.6333513356884723,1.309,1.9695,0.6454781285184987,-2.6224842360092953,5.318473781806472,0.00017191883893961677,-0.00004195260278431849,2,0,1882.56
2026-08-15 01:51:06,okx,ETH,ETH-USD-261225-5000-C,2026-12-25,5000,call,0.0012799076779526,0.001,0.0015,0.6454781285184987,0.009545625857642064,0.054414058072598234,0.00017191883893961677,-0.00004195260278431849,5181,0,1882.56
2026-08-15 01:51:06,okx,ETH,ETH-USD-261225-4500-P,2026-12-25,4500,put,1.3708627826546782,1.0765,1.678,0.6195771958447351,-2.3540675207840076,4.81979932704219,0.000250687651667286,-0.000058719490185582545,0,0,1882.56
2026-08-15 01:51:06,okx,ETH,ETH-USD-260815-1920-C,2026-08-15,1920,call,0.0000123071469895,,0.0015,0.29118405925759777,0.00503765158329292,1.880880072245736,0.000003865102665662022,-0.00005627271304685203,9288,4214,1882.56
2026-08-15 01:51:06,okx,ETH,ETH-USD-261225-4500-C,2026-12-25,4500,call,0.0019984974452104,0.0016,0.0021,0.6195771958447351,0.014759354896235487,0.08214557568170414,0.000250687651667286,-0.000058719490185582545,3136,0,1882.56
2026-08-15 01:51:06,okx,ETH,ETH-USD-261225-6000-P,2026-12-25,6000,put,2.159110826508581,1.7745,2.5555,0.6914514764043436,-3.153752096347439,6.344148479258388,0.00009181025741725436,-0.000023999755804318154,0,0,1882.56
2026-08-15 01:51:06,okx,ETH,ETH-USD-261225-6000-C,2026-12-25,6000,call,0.0006251128959574,0.0003,0.001,0.6914514764043436,0.004683737892885664,0.0272768107777398,0.00009181025741725436,-0.000023999755804318154,8100,8,1882.56
2026-08-15 01:51:06,okx,ETH,ETH-USD-261225-5500-P,2026-12-25,5500,put,1.8961524895190904,1.5425,2.261,0.6694740449315438,-2.8886905441729116,5.828264160470227,0.0001234327187349165,-0.000031240498031965365,0,0,1882.56
2026-08-15 01:51:06,okx,ETH,ETH-USD-261225-5500-C,2026-12-25,5500,call,0.0008739187075186,0.0006,0.0011,0.6694740449315438,0.0065423038807190526,0.03779846436296603,0.0001234327187349165,-0.000031240498031965365,4891,0,1882.56
2026-08-15 01:51:06,okx,ETH,ETH-USD-261225-8000-P,2026-12-25,8000,put,3.211528062174432,0.0001,11.237,0.7611236746598465,-4.20964884740497,8.431953338250565,0.00003490299438790667,-0.000010043193442253376,0,0,1882.56
2026-08-15 01:51:06,okx,ETH,ETH-USD-261225-8000-C,2026-12-25,8000,call,0.0002137773576004,0.0002,0.0039,0.7611236746598465,0.001598931582128738,0.00945778027636656,0.00003490299438790667,-0.000010043193442253376,272,0,1882.56
2026-08-15 01:51:06,okx,ETH,ETH-USD-261225-7000-P,2026-12-25,7000,put,2.685251292666754,0.0001,9.396,0.7296391911220511,-3.682212420197269,7.3851351144971,0.00005475417329226836,-0.000015103558735637009,0,0,1882.56
2026-08-15 01:51:06,okx,ETH,ETH-USD-261225-7000-C,2026-12-25,7000,call,0.0003512934520261,,0.0041,0.7296391911220511,0.002629386416442894,0.015451501269676472,0.00005475417329226836,-0.000015103558735637009,4510,0,1882.56
2026-08-15 01:51:06,okx,ETH,ETH-USD-260828-1850-P,2026-08-28,1850,put,0.0207439973061118,0.0205,0.021,0.3835547302602705,-0.4082682756598795,6.055557030370078,0.0007298004437003937,-0.0010556439507174724,14561,1309,1882.56
2026-08-15 01:51:06,okx,ETH,ETH-USD-260828-1850-C,2026-08-28,1850,call,0.0388177771382184,0.0385,0.0395,0.3835547302602705,0.5735856481213591,4.091849182807602,0.0007298004437003937,-0.0010555077330037534,10305,24,1882.56
2026-08-15 01:51:06,okx,ETH,ETH-USD-260816-2150-C,2026-08-16,2150,call,0.0000000001671069,,,0.42424248271559345,0.000000048568295670041965,0.000010697393490352196,0.00000000015761193577153514,-0.0000000026613872500734578,0,0,1882.56
2026-08-15 01:51:06,okx,ETH,ETH-USD-260816-2150-P,2026-08-16,2150,put,0.1422346461063483,0.029,,0.42424248271559345,-1.1421988431715466,2.284408480873174,0.00000000015761193577153514,0.000004562242865309352,0,0,1882.56
2026-08-15 01:51:06,okx,ETH,ETH-USD-270326-800-C,2027-03-26,800,call,0.5925415575514477,0.59,0.596,0.7307298937401369,0.3726967144998779,-0.6109685365221712,0.0006008239911585697,-0.00009832650040205327,1,0,1882.56
2026-08-15 01:51:06,okx,ETH,ETH-USD-270326-600-P,2027-03-26,600,put,0.0046695392421417,0.0042,0.0049,0.8164030340341304,-0.02090008829190122,0.10526430974904803,0.0003169156281996273,-0.000057944832014146537,143914,199,1882.56
2026-08-15 01:51:06,okx,ETH,ETH-USD-270326-600-C,2027-03-26,600,call,0.6917106896794372,,0.6945,0.8164030340341304,0.2920522321641342,-0.5206403311630227,0.0003169156281996273,-0.000057944832014146537,23,0,1882.56
2026-08-15 01:51:06,okx,ETH,ETH-USD-270326-1200-C,2027-03-26,1200,call,0.4079553312493621,0.4025,0.543,0.6228376926448096,0.4780214397104988,-0.5600069279075428,0.0015087601094971677,-0.0002104561019247368,85,0,1882.56
2026-08-15 01:51:06,okx,ETH,ETH-USD-270326-1000-P,2027-03-26,1000,put,0.0188089570944182,0.018,0.0195,0.6679760166463006,-0.08469905421804143,0.41468247551532444,0.0010021700811297977,-0.00014992316591679654,75034,420,1882.56
2026-08-15 01:51:06,okx,ETH,ETH-USD-270326-1000-C,2027-03-26,1000,call,0.4972108744899109,0.4765,0.5005,0.6679760166463006,0.4368881465420175,-0.6284919260047934,0.0010021700811297977,-0.00014992316591679654,1,0,1882.56
2026-08-15 01:51:06,okx,ETH,ETH-USD-270326-800-P,2027-03-26,800,put,0.0098200236350536,0.0095,0.0105,0.7307298937401369,-0.044573046108169284,0.2235709846939231,0.0006008239911585697,-0.00009832650040205327,5923,198,1882.56
2026-08-15 01:51:06,okx,ETH,ETH-USD-270326-1600-C,2027-03-26,1600,call,0.2573040514514865,0.2515,0.26,0.5696735700726099,0.4779256288652594,-0.22102084151177176,0.002560494745715184,-0.00032667537755721684,2491,0,1882.56
2026-08-15 01:51:06,okx,ETH,ETH-USD-270326-1400-P,2027-03-26,1400,put,0.0575165157998399,0.056,0.058,0.5911395690702794,-0.23860223945270817,1.046926006392085,0.002059981662354166,-0.00027272178256812073,29784,190,1882.56
2026-08-15 01:51:06,okx,ETH,ETH-USD-270326-1400-C,2027-03-26,1400,call,0.3272792001535297,0.324,0.33,0.5911395690702794,0.49161984161137434,-0.41351815573607986,0.002059981662354166,-0.00027272178256812073,60,0,1882.56
2026-08-15 01:51:06,okx,ETH,ETH-USD-270326-1200-P,2027-03-26,1200,put,0.0338730303747709,0.0325,0.034,0.6228376926448096,-0.14788320120157195,0.6918023539165986,0.0015087601094971677,-0.0002104561019247368,3054,0,1882.56
2026-08-15 01:51:06,okx,ETH,ETH-USD-270326-2000-C,2027-03-26,2000,call,0.1526537178222314,0.152,0.1545,0.5482477178292862,0.3934359761041557,0.13732708763768392,0.003099224518834685,-0.00038053649489358326,5345,0,1882.56
2026-08-15 01:51:06,okx,ETH,ETH-USD-270326-1800-P,2027-03-26,1800,put,0.1380191728688979,0.1365,0.139,0.5559958068742783,-0.49649420507110426,1.8520944170481028,0.002921655229654283,-0.0003638035426146315,8127,0,1882.56
2026-08-15 01:51:06,okx,ETH,ETH-USD-270326-1800-C,2027-03-26,1800,call,0.1991426241807847,0.197,0.2005,0.5559958068742783,0.44236275629700184,-0.025619505688109247,0.002921655229654283,-0.0003638035426146315,4160,100,1882.56
2026-08-15 01:51:06,okx,ETH,ETH-USD-270326-1600-P,2027-03-26,1600,put,0.0918609836186983,0.0905,0.0925,0.5696735700726099,-0.35661389235083485,1.4480582009204168,0.002560494745715184,-0.00032667537755721684,24223,0,1882.56
2026-08-15 01:51:06,okx,ETH,ETH-USD-270326-2400-C,2027-03-26,2400,call,0.0889612335207555,0.088,0.0905,0.5436349566480077,0.28716647042400933,0.31838001706079616,0.0029684511555381817,-0.0003614129615848185,2644,0,1882.56
2026-08-15 01:51:06,okx,ETH,ETH-USD-270326-2200-P,2027-03-26,2200,put,0.2641183897340839,0.261,0.267,0.5448224341107282,-0.8078298293215548,2.5462967721908467,0.0031013161730490757,-0.0003784142375047876,346,0,1882.56
2026-08-15 01:51:06,okx,ETH,ETH-USD-270326-2200-C,2027-03-26,2200,call,0.1166026080041677,0.1155,0.118,0.5448224341107282,0.33966201235057475,0.25131308884658743,0.0031013161730490757,-0.0003784142375047876,1390,20,1882.56
2026-08-15 01:51:06,okx,ETH,ETH-USD-270326-2000-P,2027-03-26,2000,put,0.1958498830312462,0.194,0.1975,0.5482477178292862,-0.6497384254159622,2.2236758906779195,0.003099224518834685,-0.00038053649489358326,4485,0,1882.56
2026-08-15 01:51:06,okx,ETH,ETH-USD-260817-1840-C,2026-08-17,1840,call,0.024118871308431,0.0135,0.041,0.2624715084164157,0.845966325820141,8.549559357162433,0.00016616251954153048,-0.0009657317285795558,0,0,1882.56
2026-08-15 01:51:06,okx,ETH,ETH-USD-270326-2800-C,2027-03-26,2800,call,0.0522445372227727,0.052,0.0535,0.5456036110276087,0.19783425755452777,0.34917618069715217,0.0024857283132465827,-0.00030373674669958306,6922,0,1882.56
2026-08-15 01:51:06,okx,ETH,ETH-USD-260817-1840-P,2026-08-17,1840,put,0.0013522222417893,0.0013,0.0015,0.2624715084164157,-0.1311790484041761,10.503850105611068,0.00016616251954153048,-0.0009664628817704688,155,258,1882.56
2026-08-15 01:51:06,okx,ETH,ETH-USD-270326-2600-P,2027-03-26,2600,put,0.424162328985158,0.4095,0.442,0.5440101650733906,-1.1167519029548765,3.059634030350682,0.002748946070382963,-0.0003349189156305632,697,0,1882.56
2026-08-15 01:51:06,okx,ETH,ETH-USD-270326-2600-C,2027-03-26,2600,call,0.0680073142134387,0.0675,0.0695,0.5440101650733906,0.23937481902127658,0.34738058639837577,0.002748946070382963,-0.0003349189156305632,2926,0,1882.56
2026-08-15 01:51:06,okx,ETH,ETH-USD-270326-2400-P,2027-03-26,2400,put,0.3407966317715732,0.3365,0.3435,0.5436349566480077,-0.964642811400132,2.821998580709079,0.0029684511555381817,-0.0003614129615848185,594,198,1882.56
2026-08-15 01:51:06,okx,ETH,ETH-USD-260828-2150-P,2026-08-28,2150,put,0.1426355002302625,0.125,0.2905,0.40644957166062157,-1.0947455212708797,3.4744019443032186,0.00018967337322802684,-0.00028970239873008966,3,0,1882.56
2026-08-15 01:51:06,okx,ETH,ETH-USD-270326-3200-C,2027-03-26,3200,call,0.0315538218216239,0.031,0.0325,0.5514609742953179,0.13393902832866691,0.30879841310882705,0.0019451706527657676,-0.00024023646806055677,4917,160,1882.56
2026-08-15 01:51:06,okx,ETH,ETH-USD-260817-1750-C,2026-08-17,1750,call,0.070630959731983,0.006,0.1845,0.3808847924230526,0.9223214176827779,-1.1971812762440477,0.000015243871981660098,-0.000126403069164744,0,0,1882.56
2026-08-15 01:51:06,okx,ETH,ETH-USD-260828-2150-C,2026-08-28,2150,call,0.0014942265853032,0.0015,0.0016,0.40644957166062157,0.04632795771812738,1.1922549863252039,0.00018967337322802684,-0.00029076802637783823,14221,880,1882.56
2026-08-15 01:51:06,okx,ETH,ETH-USD-270326-3000-P,2027-03-26,3000,put,0.605217846453199,0.5895,0.6255,0.5481541879065571,-1.4019289934018724,3.463254584158269,0.0022108543474479827,-0.0002714121655646393,470,0,1882.56
2026-08-15 01:51:06,okx,ETH,ETH-USD-270326-3000-C,2027-03-26,3000,call,0.0404235986396769,0.04,0.0415,0.5481541879065571,0.16283260887830425,0.3337313795979153,0.0022108543474479827,-0.0002714121655646393,4344,200,1882.56
2026-08-15 01:51:06,okx,ETH,ETH-USD-270326-2800-P,2027-03-26,2800,put,0.5127191685153933,0.497,0.5315,0.5456036110276087,-1.2626099045736372,3.2700645049534827,0.0024857283132465827,-0.00030373674669958306,6500,0,1882.56
2026-08-15 01:51:06,okx,ETH,ETH-USD-270326-3600-C,2027-03-26,3600,call,0.0198205656210047,0.0195,0.021,0.5597499045715005,0.09134575163283964,0.25010000662661813,0.0014817790644487093,-0.00018575645936552655,1962,0,1882.56
2026-08-15 01:51:06,okx,ETH,ETH-USD-270326-3400-P,2027-03-26,3400,put,0.7983093866071398,0.5295,1.0855,0.5553673588912992,-1.6630033301825322,3.8265697200661704,0.0017003950862349605,-0.00021149330993890832,1,0,1882.56
2026-08-15 01:51:06,okx,ETH,ETH-USD-270326-3400-C,2027-03-26,3400,call,0.0248759057518146,0.0245,0.026,0.5553673588912992,0.11039315240166807,0.27977675489776993,0.0017003950862349605,-0.00021149330993890832,3731,0,1882.56
2026-08-15 01:51:06,okx,ETH,ETH-USD-270326-3200-P,2027-03-26,3200,put,0.7006676861560474,0.682,0.982,0.5514609742953179,-1.5351400141035214,3.6469564979732034,0.0019451706527657676,-0.00024023646806055677,1,0,1882.56
2026-08-15 01:51:06,okx,ETH,ETH-USD-260817-1825-P,2026-08-17,1825,put,0.0007991409501768,0.0009,0.001,0.28332454170367394,-0.07958422733077943,6.7560929397837794,0.00011553494951800842,-0.0007253901619383745,2185,1255,1882.56
2026-08-15 01:51:06,okx,ETH,ETH-USD-270326-4500-C,2027-03-26,4500,call,0.0081637756546427,0.008,0.0095,0.583137826118997,0.04205271539990652,0.14281995251619534,0.0008094033264633573,-0.00010570673048007433,2580,200,1882.56
2026-08-15 01:51:06,okx,ETH,ETH-USD-260817-1850-C,2026-08-17,1850,call,0.0194220233751805,0.017,0.02,0.24997858021671576,0.7982242493848062,11.859249647461304,0.00020792020960291158,-0.0011512076747456413,608,0,1882.56
2026-08-15 01:51:06,okx,ETH,ETH-USD-270326-4000-P,2027-03-26,4000,put,1.0993974349825786,0.808,1.4085,0.5695699486617757,-2.022739327529933,4.368457687252011,0.0011252061306811984,-0.00014353096304167286,0,0,1882.56
2026-08-15 01:51:06,okx,ETH,ETH-USD-260817-1800-P,2026-08-17,1800,put,0.0003586664543377,0.0005,0.0006,0.31984553825018974,-0.03604250637056267,3.193894270046678,0.00006172119588291399,-0.0004374743989032569,1617,1704,1882.56
2026-08-15 01:51:06,okx,ETH,ETH-USD-270326-4000-C,2027-03-26,4000,call,0.0130051045645493,0.013,0.0145,0.5695699486617757,0.06360947551030272,0.19576008117153962,0.0011252061306811984,-0.00014353096304167286,7633,2,1882.56
2026-08-15 01:51:06,okx,ETH,ETH-USD-260817-1825-C,2026-08-17,1825,call,0.031531775995567,0.0055,0.14,0.28332454170367394,0.8895952878645349,4.817733909393151,0.00011553494951800842,-0.0007244033592358655,0,0,1882.56
2026-08-15 01:51:06,okx,ETH,ETH-USD-270326-3600-P,2027-03-26,3600,put,0.8975736629972312,0.6215,1.1925,0.5597499045715005,-1.7863681711033725,4.005527852099042,0.0014817790644487093,-0.00018575645936552655,20,0,1882.56
2026-08-15 01:51:06,okx,ETH,ETH-USD-260817-1775-P,2026-08-17,1775,put,0.0001630488250968,0.0003,0.0005,0.35346589218216445,-0.016445055598759608,1.4949149374534951,0.00003194404664214806,-0.0002502175694583222,556,686,1882.56
2026-08-15 01:51:06,okx,ETH,ETH-USD-270326-5500-C,2027-03-26,5500,call,0.0038599668070324,0.0037,0.0045,0.6121927155233381,0.02103706851229316,0.07957416441235189,0.00045551732623083944,-0.00006245389087546297,1068,0,1882.56
2026-08-15 01:51:06,okx,ETH,ETH-USD-260817-1800-C,2026-08-17,1800,call,0.0443679447976417,0.0055,0.1585,0.31984553825018974,0.9198605771097473,1.2820881030860583,0.00006172119588291399,-0.00043606151368142087,0,0,1882.56
2026-08-15 01:51:06,okx,ETH,ETH-USD-270326-5000-P,2027-03-26,5000,put,1.6134490539603963,1.273,1.9685,0.5974920278613925,-2.578837439394664,5.321314482937105,0.0005980413717158659,-0.00008002575603856864,10,0,1882.56
2026-08-15 01:51:06,okx,ETH,ETH-USD-260817-1750-P,2026-08-17,1750,put,0.0000683947928507,0.0002,0.0004,0.3808847924230526,-0.007028802367523609,0.6615191638565552,0.000015243871981660098,-0.00012866811942523413,962,527,1882.56
2026-08-15 01:51:06,okx,ETH,ETH-USD-270326-5000-C,2027-03-26,5000,call,0.0054586409378593,0.006,0.0065,0.5974920278613925,0.02909856440563103,0.10544247533651441,0.0005980413717158659,-0.00008002575603856864,1680,0,1882.56
2026-08-15 01:51:06,okx,ETH,ETH-USD-260817-1775-C,2026-08-17,1775,call,0.0574489704663149,0.0075,0.1725,0.35346589218216445,0.9261815961665462,-0.39033836607711647,0.00003194404664214806,-0.0002483786017171591,0,0,1882.56
2026-08-15 01:51:06,okx,ETH,ETH-USD-270326-4500-P,2027-03-26,4500,put,1.355355147374926,1.041,1.6845,0.583137826118997,-2.3050896880203586,4.837104759356726,0.0008094033264633573,-0.00010570673048007433,0,0,1882.56
2026-08-15 01:51:06,okx,ETH,ETH-USD-260817-1890-P,2026-08-17,1890,put,0.0089628010605947,0.0085,0.0095,0.21993752864041974,-0.5916999385382932,23.754286151070644,0.0003068567100716626,-0.001495343369613531,1550,1550,1882.56
2026-08-15 01:51:06,okx,ETH,ETH-USD-270326-7000-C,2027-03-26,7000,call,0.0017750691076036,0.0001,0.0024,0.6560871266635191,0.009911054554157583,0.03966525680748877,0.00023872447613487824,-0.000035077199049189345,1493,0,1882.56
2026-08-15 01:51:06,okx,ETH,ETH-USD-260817-1900-C,2026-08-17,1900,call,0.0032758380013467,0.0031,0.0033,0.21887831718821105,0.29935281965148536,19.68483915548327,0.00027443169486583523,-0.0013310429514159657,1184,1100,1882.56
2026-08-15 01:51:06,okx,ETH,ETH-USD-270326-6000-P,2027-03-26,6000,put,2.1324533371330814,1.737,2.54,0.6269644221551101,-3.1136959175024037,6.320621942314564,0.0003575277656124024,-0.000050201779702105244,0,0,1882.56
2026-08-15 01:51:06,okx,ETH,ETH-USD-260817-1880-P,2026-08-17,1880,put,0.006273661923487,0.006,0.0065,0.2238625445730033,-0.4678534495578946,23.495586092210647,0.0003121805754770595,-0.0015485324975074875,407,402,1882.56
2026-08-15 01:51:06,okx,ETH,ETH-USD-270326-6000-C,2027-03-26,6000,call,0.002864841506037,0.0024,0.0036,0.6269644221551101,0.01582728705794962,0.0615755331938568,0.0003575277656124024,-0.000050201779702105244,20485,203,1882.56
2026-08-15 01:51:06,okx,ETH,ETH-USD-260817-1890-C,2026-08-17,1890,call,0.0051761635314083,0.0049,0.0055,0.21993752864041974,0.41199829911603253,21.746889675761995,0.0003068567100716626,-0.0014954643814612725,4475,4673,1882.56
2026-08-15 01:51:06,okx,ETH,ETH-USD-270326-5500-P,2027-03-26,5500,put,1.872649421131823,1.506,2.2515,0.6121927155233381,-2.8476925356680307,5.817033372773,0.00045551732623083944,-0.00006245389087546297,0,0,1882.56
2026-08-15 01:51:06,okx,ETH,ETH-USD-260817-1875-P,2026-08-17,1875,put,0.0051973267110715,0.0049,0.0055,0.22680231015555036,-0.4085138170659916,22.52830570778598,0.0003043830993162419,-0.0015297135832318346,845,466,1882.56
2026-08-15 01:51:06,okx,ETH,ETH-USD-270326-9000-C,2027-03-26,9000,call,0.0009423737719342,0.001,,0.7107421026509461,0.005198277083817292,0.0208265421423388,0.00013573714338060576,-0.000021606140193989572,40531,4,1882.56
2026-08-15 01:51:06,okx,ETH,ETH-USD-260817-1880-C,2026-08-17,1880,call,0.0077976817134662,0.0075,0.008,0.2238625445730033,0.5305342154104292,21.498810762273997,0.0003121805754770595,-0.0015484830763474978,1171,689,1882.56
2026-08-15 01:51:06,okx,ETH,ETH-USD-270326-8000-P,2027-03-26,8000,put,3.1740238709666837,0.0001,,0.6841052329374818,-4.1657961765192315,8.373193898526868,0.00017407767238742774,-0.000026670577855754563,0,0,1882.56
2026-08-15 01:51:06,okx,ETH,ETH-USD-260817-1850-P,2026-08-17,1850,put,0.0019660316277043,0.0019,0.002,0.24997858021671576,-0.18423169752551255,13.824161541281944,0.00020792020960291158,-0.0011517683949288234,3993,484,1882.56
2026-08-15 01:51:06,okx,ETH,ETH-USD-270326-8000-C,2027-03-26,8000,call,0.0012392101306252,,,0.6841052329374818,0.0069014295612398685,0.027798686365924252,0.00017407767238742774,-0.000026670577855754563,60,0,1882.56
2026-08-15 01:51:06,okx,ETH,ETH-USD-260817-1875-C,2026-08-17,1875,call,0.0093766751606336,0.009,0.0095,0.22680231015555036,0.5872185615593314,20.536840950535332,0.0003043830993162419,-0.0015295789455679794,900,900,1882.56
2026-08-15 01:51:06,okx,ETH,ETH-USD-270326-7000-P,2027-03-26,7000,put,2.652961647339155,0.0001,,0.6560871266635191,-3.641199350766255,7.341886067448314,0.00023872447613487824,-0.000035077199049189345,0,0,1882.56
2026-08-15 01:51:06,okx,ETH,ETH-USD-260817-1975-P,2026-08-17,1975,put,0.0490667299757183,0.0055,0.178,0.28617258817037927,-1.0316045811491925,3.972124280217205,0.00003376776524945568,-0.00021257667042076035,0,0,1882.56
2026-08-15 01:51:06,okx,ETH,ETH-USD-260817-2000-C,2026-08-17,2000,call,0.0000834394638032,,0.0004,0.3266020693125088,0.009640470805214086,0.9935969580971163,0.000020448605595483593,-0.00014800085123332503,3237,3469,1882.56
2026-08-15 01:51:06,okx,ETH,ETH-USD-260817-1950-P,2026-08-17,1950,put,0.0359608729666226,0.0055,0.159,0.25189683680749075,-0.9965184136111972,6.287023927899349,0.00006686073101198442,-0.00037208219376106045,14,0,1882.56
2026-08-15 01:51:06,okx,ETH,ETH-USD-260817-1975-C,2026-08-17,1975,call,0.000139505233624,,0.0002,0.28617258817037927,0.017233524336147638,1.8744480692465244,0.00003376776524945568,-0.00021414636283421338,378,371,1882.56
2026-08-15 01:51:06,okx,ETH,ETH-USD-270326-9000-P,2027-03-26,9000,put,3.6953251172124997,0.0001,,0.7107421026509461,-4.689086529756713,9.4093961558234,0.00013573714338060576,-0.000021606140193989572,0,0,1882.56
2026-08-15 01:51:06,okx,ETH,ETH-USD-260817-1925-P,2026-08-17,1925,put,0.0233205186457784,0.0215,0.026,0.22812053731814136,-0.9127606660354743,12.341874226716106,0.00014829182441443572,-0.0007489235686186366,356,0,1882.56
2026-08-15 01:51:06,okx,ETH,ETH-USD-260817-1950-C,2026-08-17,1950,call,0.0003102915224424,0.0002,0.0003,0.25189683680749075,0.03904326015913858,4.215900580358677,0.00006686073101198442,-0.00037322580365518643,3179,2470,1882.56
2026-08-15 01:51:06,okx,ETH,ETH-USD-260817-1900-P,2026-08-17,1900,put,0.0123731328496986,0.012,0.013,0.21887831718821105,-0.7096559906888419,21.702856776163923,0.00027443169486583523,-0.0013307515065604939,662,16,1882.56
2026-08-15 01:51:06,okx,ETH,ETH-USD-260817-1925-C,2026-08-17,1925,call,0.0009465804995124,0.0008,0.0009,0.22812053731814136,0.10952457601985739,10.297303742605441,0.00014829182441443572,-0.0007496410959934355,4934,2512,1882.56
2026-08-15 01:51:06,okx,ETH,ETH-USD-260817-2100-P,2026-08-17,2100,put,0.1153354227839137,0.0055,0.254,0.48539104201007643,-1.1129925987758533,2.411055456327396,0.000005552851515917642,-0.00005602974582245305,0,0,1882.56
2026-08-15 01:51:06,okx,ETH,ETH-USD-260817-2050-P,2026-08-17,2050,put,0.0888018747606799,0.0055,0.2245,0.41119031689535457,-1.0842370218302433,2.573628518948194,0.000010297959763122387,-0.00009098965599311612,0,0,1882.56
2026-08-15 01:51:06,okx,ETH,ETH-USD-260817-2100-C,2026-08-17,2100,call,0.0000249815522493,,,0.48539104201007643,0.0022276652845084114,0.18061492820667294,0.000005552851515917642,-0.00005972985083254111,0,0,1882.56
2026-08-15 01:51:06,okx,ETH,ETH-USD-260817-2000-P,2026-08-17,2000,put,0.0622873075038112,0.046,0.1935,0.3266020693125088,-1.0524740663951304,3.1178260324978058,0.000020448605595483593,-0.000146005076300545,0,0,1882.56
2026-08-15 01:51:06,okx,ETH,ETH-USD-260817-2050-C,2026-08-17,2050,call,0.0000447201248437,,,0.41119031689535457,0.004430378800109813,0.39629371768748833,0.000010297959763122387,-0.00009383759596455017,0,0,1882.56
2026-08-15 01:51:06,okx,ETH,ETH-USD-260817-1920-P,2026-08-17,1920,put,0.0209321322164407,0.007,0.0675,0.22499622720612988,-0.8839209890990889,14.161017367971988,0.00017236357886736195,-0.0008587579833044853,0,0,1882.56
2026-08-15 01:51:06,okx,ETH,ETH-USD-260817-1920-C,2026-08-17,1920,call,0.0012135227297576,0.0011,0.0012,0.22499622720612988,0.13570896661324175,12.121757456547327,0.00017236357886736195,-0.000859390294175419,167,167,1882.56
2026-08-15 01:51:06,okx,ETH,ETH-USD-260817-1930-C,2026-08-17,1930,call,0.0007425166357971,0.0006,0.0007,0.2318302587023727,0.08833356157730979,8.664664005131048,0.0001266996593689211,-0.0006509071842419576,0,0,1882.56
2026-08-15 01:51:06,okx,ETH,ETH-USD-260815-2100-C,2026-08-15,2100,call,0.0000000000000001,,0.0015,0.4913378251201038,0.000000000000000021524660684193274,0.000000000000014065778370402305,0.00000000000000000004866125291260978,-0.0000000000000000011954554417880189,0,0,1882.56
2026-08-15 01:51:06,okx,ETH,ETH-USD-260815-2100-P,2026-08-15,2100,put,0.1156812685448496,0.102,,0.4913378251201038,-1.115696755337365,2.231393510674744,0.00000000000000000004866125291260978,0.0000009514137467367252,0,0,1882.56
2026-08-15 01:51:06,okx,ETH,ETH-USD-260816-1930-C,2026-08-16,1930,call,0.0000536034444208,,0.0002,0.1934571311348501,0.01380164921130166,3.089014238360133,0.000020751020508223214,-0.00015978107154558804,477,255,1882.56
2026-08-15 01:51:06,okx,ETH,ETH-USD-260828-1450-P,2026-08-28,1450,put,0.0004260251939104,0.0005,0.0007,0.6096299293997847,-0.010819749609805406,0.25889331538154925,0.00005252985122346176,-0.0001207845346950999,15863,0,1882.56
2026-08-15 01:51:06,okx,ETH,ETH-USD-260816-1930-P,2026-08-16,1930,put,0.0254125501853602,0.006,0.126,0.1934571311348501,-1.0115210768621379,5.139659690507012,0.000020751020508223214,-0.00015896709165172824,0,0,1882.56
2026-08-15 01:51:06,okx,ETH,ETH-USD-260828-1450-C,2026-08-28,1450,call,0.2307865429954382,0.2295,0.2325,0.6096299293997847,0.7587414338944087,-1.2802290516268793,0.00005252985122346176,-0.00011904585649942356,580,0,1882.56
2026-08-15 01:51:06,okx,ETH,ETH-USD-260817-1930-P,2026-08-17,1930,put,0.025771783441646,0.0075,0.109,0.2318302587023727,-0.9366069668210227,10.714545061927714,0.0001266996593689211,-0.0006501044403632932,0,0,1882.56
2026-08-15 01:51:06,okx,ETH,ETH-USD-260828-1300-C,2026-08-28,1300,call,0.3100382771768097,0.2955,0.375,0.683993916375286,0.6880832989555667,-1.3320181002304141,0.000010967176996945031,-0.00002595407642764545,86,0,1882.56
2026-08-15 01:51:06,okx,ETH,ETH-USD-260828-1300-P,2026-08-28,1300,put,0.0000702326367489,0.0001,0.0036,0.683993916375286,-0.0018681069447631811,0.047884711570245736,0.000010967176996945031,-0.000028293677304055677,10625,0,1882.56
2026-08-15 01:51:06,okx,ETH,ETH-USD-260828-1100-C,2026-08-28,1100,call,0.4161129383320841,0.4095,0.4895,0.7351481450189126,0.5837575154644294,-1.1661557364526662,0.0000003629235092776789,0.0000021345126532427183,0,0,1882.56
2026-08-15 01:51:06,okx,ETH,ETH-USD-260828-1100-P,2026-08-28,1100,put,0.0000015248073126,,0.0032,0.7351481450189126,-0.000047520297388148604,0.0014543350709691142,0.0000003629235092776789,-0.0000010063184641460438,11081,0,1882.56
2026-08-15 01:51:06,okx,ETH,ETH-USD-260828-1200-C,2026-08-28,1200,call,0.3630531060947042,0.362,0.365,0.7154886803122072,0.6364975471547613,-1.2632042027613188,0.000002544202593912938,-0.000004125700428181483,0,0,1882.56
2026-08-15 01:51:06,okx,ETH,ETH-USD-260828-1200-P,2026-08-28,1200,put,0.0000133770622882,,0.0033,0.7154886803122072,-0.0003806736763125417,0.01055223890082872,0.000002544202593912938,-0.000006865916425080978,11528,0,1882.56
2026-08-15 01:51:06,okx,ETH,ETH-USD-260815-1775-P,2026-08-15,1775,put,0.0000000000000074,,0.0002,0.3270531089534049,-0.0000000000063231733559884786,0.00000000505223741698638,0.000000000000011569796965552841,-0.00000000000018919683948439332,5172,3483,1882.56
2026-08-15 01:51:06,okx,ETH,ETH-USD-260815-1800-C,2026-08-15,1800,call,0.0437005956293718,0.01,0.1345,0.32557741701896153,0.956311394681318,-1.9125545751344195,0.00000000015589830785846723,0.00000035663435636712585,0,0,1882.56
2026-08-15 01:51:06,okx,ETH,ETH-USD-260815-1750-P,2026-08-15,1750,put,0.0000000000000001,,0.0015,0.3272973653784843,-0.00000000000000002168669754141258,0.000000000000021327967998231177,0.000000000000000000048901260108018035,-0.0000000000000000008002625007180717,2960,333,1882.56
2026-08-15 01:51:06,okx,ETH,ETH-USD-260815-1775-C,2026-08-15,1775,call,0.0569824174631762,0.012,,0.3270531089534049,0.9430294003383543,-1.8860587956371175,0.000000000000011569796965552841,0.00000046838751002414806,0,0,1882.56
2026-08-15 01:51:06,okx,ETH,ETH-USD-260815-1725-P,2026-08-15,1725,put,0.0000000000000001,,0.0015,0.32733658550198697,-0.000000000000000000000004086048409288377,0.000000000000000000004790525900928687,0.000000000000000000000000010988752923892633,-0.00000000000000000000000017985101463721986,1975,0,1882.56
2026-08-15 01:51:06,okx,ETH,ETH-USD-260815-1750-C,2026-08-15,1750,call,0.0702642394637855,0.057,,0.3272973653784843,0.9297472961144707,-1.85949459222892,0.000000000000000000048901260108018035,0.0000005776031950631807,0,0,1882.56
2026-08-15 01:51:06,okx,ETH,ETH-USD-260815-1725-C,2026-08-15,1725,call,0.0835460614644023,0.0175,,0.32733658550198697,0.916465191884264,-1.832930383768528,0.000000000000000000000000010988752923892633,0.0000006868186909069736,0,0,1882.56
2026-08-15 01:51:06,okx,ETH,ETH-USD-260815-1870-P,2026-08-15,1870,put,0.000274989060867,,0.0002,0.1995261710192334,-0.10879971973990551,35.443710886940025,0.00004933745363392873,-0.0004922033840599017,12803,26795,1882.56
2026-08-15 01:51:06,okx,ETH,ETH-USD-260815-1880-C,2026-08-15,1880,call,0.0024389811469012,0.0014,0.0021,0.16808571602978292,0.6027577509688901,85.24397774099657,0.00010200123227692023,-0.0008572275587531291,19432,27878,1882.56
2026-08-15 01:51:06,okx,ETH,ETH-USD-260815-1850-P,2026-08-15,1850,put,0.0000222837166662,,0.0002,0.27644319499163383,-0.009139626871092987,3.3747181197999003,0.000006513235828289575,-0.000090026801437965,9339,10500,1882.56
2026-08-15 01:51:06,okx,ETH,ETH-USD-260815-1870-C,2026-08-15,1870,call,0.0067864829216918,0.0046,0.007,0.1995261710192334,0.8847016766795576,33.456708094101096,0.00004933745363392873,-0.0004921500152448841,3751,5900,1882.56
2026-08-15 01:51:06,okx,ETH,ETH-USD-260815-1825-P,2026-08-15,1825,put,0.0000002349684464,,0.0015,0.3171177119267339,-0.00011759701518594157,0.05498985067034434,0.00000012188596983386982,-0.0000019326080308427106,10123,4591,1882.56
2026-08-15 01:51:06,okx,ETH,ETH-USD-260815-1850-C,2026-08-15,1850,call,0.0171592351779845,0.015,0.019,0.27644319499163383,0.9737360861642047,1.408966693729305,0.000006513235828289575,-0.000089886060226273,390,240,1882.56
2026-08-15 01:51:06,okx,ETH,ETH-USD-260815-1800-P,2026-08-15,1800,put,0.00000000016682,,0.0002,0.32557741701896153,-0.00000010989356623965975,0.00006843401534907196,0.00000000015589830785846723,-0.000000002537847010867809,10753,8687,1882.56
2026-08-15 01:51:06,okx,ETH,ETH-USD-260815-1825-C,2026-08-15,1825,call,0.0304190084303816,0.007,0.114,0.3171177119267339,0.9694760117899052,-1.8841973669398377,0.00000012188596983386982,-0.000001682651323307709,0,0,1882.56
2026-08-15 01:51:06,okx,ETH,ETH-USD-260815-1925-P,2026-08-15,1925,put,0.0227182346956368,0.021,0.0245,0.31693769433176844,-1.0189665635550613,3.3743345867925703,0.0000029731922605811417,-0.00004692884983325019,674,0,1882.56
2026-08-15 01:51:06,okx,ETH,ETH-USD-260815-1950-C,2026-08-15,1950,call,0.0000019142305198,,0.0015,0.4145438036522743,0.0006486002481613484,0.2050739824860822,0.0000006005257575808645,-0.000012447195852148909,13027,6710,1882.56
2026-08-15 01:51:06,okx,ETH,ETH-USD-260815-1900-P,2026-08-15,1900,put,0.0094901745469904,0.009,0.0115,0.1913280672311889,-0.977532397935776,16.10347572848422,0.000019001964729525168,-0.00018170224972499812,3254,1000,1882.56
2026-08-15 01:51:06,okx,ETH,ETH-USD-260815-1925-C,2026-08-15,1925,call,0.0000097201551047,,0.0015,0.31693769433176844,0.003755462170856382,1.3288905353407345,0.0000029731922605811417,-0.00004711575510908715,9375,3509,1882.56
2026-08-15 01:51:06,okx,ETH,ETH-USD-260815-1890-P,2026-08-15,1890,put,0.0045181705767557,0.0041,0.0065,0.16437961883822633,-0.8323000733671494,60.2547050580426,0.00006760586951571499,-0.0005556140490932212,6008,2293,1882.56
2026-08-15 01:51:06,okx,ETH,ETH-USD-260815-1900-C,2026-08-15,1900,call,0.0000634820070751,,0.0002,0.1913280672311889,0.03190752355993522,14.084595885492796,0.000019001964729525168,-0.00018177993950499208,12281,15316,1882.56
2026-08-15 01:51:06,okx,ETH,ETH-USD-260815-1880-P,2026-08-15,1880,put,0.001240216086323,0.0008,0.001,0.16808571602978292,-0.3960564871426555,87.24160621721968,0.00010200123227692023,-0.0008572372413698096,6640,7492,1882.56
2026-08-15 01:51:06,okx,ETH,ETH-USD-260815-1890-C,2026-08-15,1890,call,0.000404206837087,0.0001,0.0003,0.16437961883822633,0.17182700643647902,58.24645089843535,0.00006760586951571499,-0.000555648052674878,16015,25341,1882.56
2026-08-15 01:51:06,okx,ETH,ETH-USD-260815-2025-P,2026-08-15,2025,put,0.075835802559396,0.0165,,0.4872255444208048,-1.075850435000171,2.1517043278942807,0.000000000011826435731294159,0.0000006234791522652051,0,0,1882.56
2026-08-15 01:51:06,okx,ETH,ETH-USD-260815-2000-P,2026-08-15,2000,put,0.0625539828547381,0.0495,,0.48004927840351586,-1.0625674008060952,2.125501382188885,0.0000000012352857440947864,0.0000004849018809325334,0,0,1882.56
2026-08-15 01:51:06,okx,ETH,ETH-USD-260815-2025-C,2026-08-15,2025,call,0.0000000000163967,,0.0015,0.4872255444208048,0.000000007646573769873234,0.0000034426007910404665,0.000000000011826435731294159,-0.0000000002881069437388687,976,0,1882.56
2026-08-15 01:51:06,okx,ETH,ETH-USD-260815-1975-P,2026-08-15,1975,put,0.0492722761569427,0.011,0.16,0.46123137875958037,-1.049244148835596,2.112856469962385,0.00000004651923143937081,-0.0000006674692273889875,0,0,1882.56
2026-08-15 01:51:06,okx,ETH,ETH-USD-260815-2000-C,2026-08-15,2000,call,0.0000000023123556,,0.0015,0.48004927840351586,0.0000009376104428559037,0.00036470535580878386,0.0000000012352857440947864,-0.000000029649882433416925,1152,0,1882.56
2026-08-15 01:51:06,okx,ETH,ETH-USD-260815-1950-P,2026-08-15,1950,put,0.0359922507716687,0.0095,0.138,0.4145438036522743,-1.035355529707963,2.2770822423983312,0.0000006005257575808645,-0.000012151075080468948,0,0,1882.56
2026-08-15 01:51:06,okx,ETH,ETH-USD-260815-1975-C,2026-08-15,1975,call,0.000000117615177,,0.0001,0.46123137875958037,0.00004208535073544921,0.014284001589722504,0.00000004651923143937081,-0.0000010728054949119446,2787,100,1882.56
2026-08-15 01:51:06,okx,ETH,ETH-USD-260925-1300-C,2026-09-25,1300,call,0.3139678667152601,0.3,0.412,0.6375078340682847,0.6535302777364503,-0.9679695789152035,0.000244342087107341,-0.00018878366825098594,97,0,1882.56
2026-08-15 01:51:06,okx,ETH,ETH-USD-260925-1300-P,2026-09-25,1300,put,0.0029504093188207,0.0031,0.0032,0.6375078340682847,-0.03543765911692854,0.4099662947915544,0.000244342087107341,-0.00018878366825098594,12561,85,1882.56
2026-08-15 01:51:06,okx,ETH,ETH-USD-260815-1860-C,2026-08-15,1860,call,0.0119020898897974,0.01,0.0125,0.24125668499943598,0.956721616944892,9.137822207522449,0.00001871559008686346,-0.00022566536169147332,1766,881,1882.56
2026-08-15 01:51:06,okx,ETH,ETH-USD-260815-1860-P,2026-08-15,1860,put,0.0000778672287258,,0.0002,0.24125668499943598,-0.031466937782488345,11.11419931697721,0.00001871559008686346,-0.00022576241670482813,11171,13734,1882.56
2026-08-15 01:51:06,okx,ETH,ETH-USD-260828-1350-P,2026-08-28,1350,put,0.0001381222489625,0.0002,0.0005,0.6629030176847818,-0.0035903047477431455,0.08934893129076128,0.00001978249647070804,-0.00004946208058687616,7450,1005,1882.56
2026-08-15 01:51:06,okx,ETH,ETH-USD-260828-1350-C,2026-08-28,1350,call,0.2835703245428456,0.2405,0.352,0.6629030176847818,0.7128976936872149,-1.3436270655791547,0.00001978249647070804,-0.00004732278727071057,0,0,1882.56
2026-08-15 01:51:06,okx,ETH,ETH-USD-260925-1900-C,2026-09-25,1900,call,0.0587197938151239,0.0585,0.0595,0.46216182921094057,0.4544751881723979,1.6571869747722379,0.001340511338102357,-0.000750836160962351,8796,8,1882.56
2026-08-15 01:51:06,okx,ETH,ETH-USD-260925-1900-P,2026-09-25,1900,put,0.0656942791587893,0.065,0.066,0.46216182921094057,-0.5524779503056175,3.6710932517282684,0.001340511338102357,-0.000750836160962351,11110,501,1882.56
2026-08-15 01:51:06,okx,ETH,ETH-USD-260817-1910-P,2026-08-17,1910,put,0.016413740116968,0.016,0.0185,0.22061393509456487,-0.8088697560023995,18.11434678147336,0.0002249651512009182,-0.001099334145974036,270,0,1882.56
2026-08-15 01:51:06,okx,ETH,ETH-USD-260817-1910-C,2026-08-17,1910,call,0.0020057879494505,0.0019,0.002,0.22061393509456487,0.20544962702392947,16.085708015420703,0.0002249651512009182,-0.001099796023837239,670,309,1882.56
2026-08-15 01:51:06,okx,ETH,ETH-USD-260828-2050-C,2026-08-28,2050,call,0.0046403387123637,0.0045,0.0046,0.3824530982906435,0.12625717585204765,2.6636382916621684,0.0004050560473051446,-0.0005842755750345634,19063,3621,1882.56
2026-08-15 01:51:06,okx,ETH,ETH-USD-260817-2025-P,2026-08-17,2025,put,0.0755395862667243,0.0055,0.2095,0.3692842222485505,-1.0690888028970387,2.754934966963286,0.000014078706834372526,-0.00011279229164894268,0,0,1882.56
2026-08-15 01:51:06,okx,ETH,ETH-USD-260817-2025-C,2026-08-17,2025,call,0.0000590749288021,,,0.3692842222485505,0.006302166018310068,0.6041530291325881,0.000014078706834372526,-0.0001152141491010497,0,0,1882.56
2026-08-15 01:51:06,okx,ETH,ETH-USD-260828-2050-P,2026-08-28,2050,put,0.092709927864968,0.092,0.094,0.3824530982906435,-0.9617431180677033,4.8396388795016705,0.0004050560473051446,-0.0005836105625073041,2188,190,1882.56
2026-08-15 01:51:06,okx,ETH,ETH-USD-260828-1650-C,2026-08-28,1650,call,0.1269420960426954,0.125,0.129,0.47672091135234856,0.8068533583514096,-0.19937191606732188,0.00024487424733345186,-0.000439351177348887,5363,0,1882.56
2026-08-15 01:51:06,okx,ETH,ETH-USD-260828-1650-P,2026-08-28,1650,put,0.0027249472258782,0.0027,0.0028,0.47672091135234856,-0.06885419529131699,1.552043191218131,0.00024487424733345186,-0.00044028862530358473,10390,5579,1882.56
2026-08-15 01:51:06,okx,ETH,ETH-USD-261225-1100-C,2026-12-25,1100,call,0.4318642825039259,0.405,0.4345,0.6509304955231485,0.5122472940393483,-0.7370094214253368,0.0006780680569935556,-0.00016686367857890892,0,0,1882.56
2026-08-15 01:51:06,okx,ETH,ETH-USD-261225-1100-P,2026-12-25,1100,put,0.0109199966662403,0.0105,0.0115,0.6509304955231485,-0.06679927557137787,0.4210837177961155,0.0006780680569935556,-0.00016686367857890892,6567,92,1882.56
2026-08-15 01:51:06,okx,ETH,ETH-USD-260815-1910-C,2026-08-15,1910,call,0.0000217162122874,,0.0002,0.23799420605883145,0.010129455059646157,4.262209320066146,0.000007154391343528737,-0.00008513500609174968,11147,9290,1882.56
2026-08-15 01:51:06,okx,ETH,ETH-USD-261225-1900-C,2026-12-25,1900,call,0.1245918016329019,0.1245,0.126,0.5212916468037113,0.43752313755123023,0.38086639143463513,0.0023722662620758186,-0.0004675177538729055,7458,0,1882.56
2026-08-15 01:51:06,okx,ETH,ETH-USD-261225-1900-P,2026-12-25,1900,put,0.1247789442768994,0.1245,0.126,0.5212916468037113,-0.5626482099582057,2.381209086453507,0.0023722662620758186,-0.0004675177538729055,11679,0,1882.56
2026-08-15 01:51:06,okx,ETH,ETH-USD-260816-1870-C,2026-08-16,1870,call,0.0077684461126936,0.0065,0.0085,0.15604718731337125,0.7558957602338683,32.15596585254798,0.00018081786635851274,-0.0011228107846261682,2379,2443,1882.56
2026-08-15 01:51:06,okx,ETH,ETH-USD-260816-1870-P,2026-08-16,1870,put,0.0012522021631869,0.0011,0.0012,0.15604718731337125,-0.23755164793055258,34.14286066887682,0.00018081786635851274,-0.0011230197841028628,5086,3269,1882.56
2026-08-15 01:51:06,okx,ETH,ETH-USD-260828-1600-C,2026-08-28,1600,call,0.1524689434264664,0.1505,0.1545,0.5102378633924904,0.8055514186449879,-0.690867794717554,0.00017052895642607688,-0.00032703620371165015,2590,0,1882.56
2026-08-15 01:51:06,okx,ETH,ETH-USD-260828-1600-P,2026-08-28,1600,put,0.0017159523634716,0.0017,0.0018,0.5102378633924904,-0.04361954246311059,1.007474127498643,0.00017052895642607688,-0.0003281739592265926,18511,626,1882.56
2026-08-15 01:51:06,okx,ETH,ETH-USD-260828-1700-C,2026-08-28,1700,call,0.1021134161007621,0.1,0.104,0.44579447013904255,0.7925623391345569,0.5587834998137046,0.00034711033262219533,-0.0005828796230663137,7131,480,1882.56
2026-08-15 01:51:06,okx,ETH,ETH-USD-260828-1700-P,2026-08-28,1700,put,0.0044321095301226,0.0043,0.0044,0.44579447013904255,-0.10968180704279779,2.363271792168414,0.00034711033262219533,-0.0005836167634607668,25140,5527,1882.56
2026-08-15 01:51:06,okx,ETH,ETH-USD-260828-1400-C,2026-08-28,1400,call,0.2571468698926244,0.256,0.259,0.6380550060625226,0.736611839483789,-1.3300544224452158,0.00003317680605118118,-0.00007790327967257612,802,0,1882.56
2026-08-15 01:51:06,okx,ETH,ETH-USD-260828-1400-P,2026-08-28,1400,put,0.0002505098449189,0.0003,0.0006,0.6380550060625226,-0.006412751485797002,0.15599475949395636,0.00003317680605118118,-0.00007984226542849708,42963,1000,1882.56
2026-08-15 01:51:06,okx,ETH,ETH-USD-260815-1910-P,2026-08-15,1910,put,0.0147611375524496,0.013,0.017,0.23799420605883145,-1.0046233081281477,6.291714846441734,0.000007154391343528737,-0.0000850136301134185,1163,1860,1882.56
2026-08-15 01:51:06,okx,ETH,ETH-USD-260828-1500-C,2026-08-28,1500,call,0.2045163547326002,0.203,0.2065,0.5781636458377071,0.7785626597664902,-1.1775222049974658,0.00007970897624156273,-0.0001722798935186443,2099,0,1882.56
2026-08-15 01:51:06,okx,ETH,ETH-USD-260828-1500-P,2026-08-28,1500,put,0.0006916791772502,0.0007,0.0009,0.5781636458377071,-0.017535116272352057,0.41467334708021863,0.00007970897624156273,-0.00017381826415407604,12566,108,1882.56
2026-08-15 01:51:06,okx,ETH,ETH-USD-260828-2000-C,2026-08-28,2000,call,0.0083515876480988,0.008,0.0085,0.37589502426684934,0.20399450735389826,3.641226478169868,0.0005527950566070101,-0.0007836935301774325,34637,2886,1882.56
2026-08-15 01:51:06,okx,ETH,ETH-USD-260828-2000-P,2026-08-28,2000,put,0.0698853345545251,0.069,0.073,0.37589502426684934,-0.8574691940312246,5.764153880940114,0.0005527950566070101,-0.000783228825210418,14461,2,1882.56
2026-08-15 01:51:06,okx,ETH,ETH-USD-260828-2100-C,2026-08-28,2100,call,0.0025924433699756,0.0026,0.0027,0.39278046342335715,0.07628890604307038,1.8123932532856775,0.0002803062115199153,-0.000415252822853384,19973,939,1882.56
2026-08-15 01:51:06,okx,ETH,ETH-USD-260828-2100-P,2026-08-28,2100,put,0.1171978747687573,0.114,0.12,0.39278046342335715,-1.0382479804113087,4.041467026194436,0.0002803062115199153,-0.00041438750276588004,3612,0,1882.56
2026-08-15 01:51:06,okx,ETH,ETH-USD-260828-1800-C,2026-08-28,1800,call,0.0570780089133141,0.0565,0.0575,0.3980884754659537,0.6815043768002842,2.9236188516935075,0.0006197578628576615,-0.000930145839080684,16217,30,1882.56
2026-08-15 01:51:06,okx,ETH,ETH-USD-260828-1800-P,2026-08-28,1800,put,0.0124683868350299,0.012,0.0125,0.3980884754659537,-0.2738129544463266,4.834253514186728,0.0006197578628576615,-0.0009304823643546481,14895,829,1882.56
2026-08-15 01:51:06,okx,ETH,ETH-USD-260828-1900-C,2026-08-28,1900,call,0.0246480299207877,0.0245,0.025,0.375796178277484,0.44253629777720677,4.666059979278641,0.0007576360697378862,-0.001073713064412149,20670,5315,1882.56
2026-08-15 01:51:06,okx,ETH,ETH-USD-260828-1900-P,2026-08-28,1900,put,0.0331100923348588,0.0325,0.0335,0.375796178277484,-0.5658542185386599,6.682841011910374,0.0007576360697378862,-0.0010736489745656237,18866,911,1882.56
2026-08-15 01:51:06,okx,ETH,ETH-USD-260828-2400-C,2026-08-28,2400,call,0.0002298492773745,0.0002,0.0005,0.5109739616217435,0.007170401548457332,0.1958312759495851,0.00003900322101416649,-0.00007516915554856896,22068,600,1882.56
2026-08-15 01:51:06,okx,ETH,ETH-USD-260828-2400-P,2026-08-28,2400,put,0.2740503341532223,0.271,0.276,0.5109739616217435,-1.2665860401136904,2.7433441592738803,0.00003900322101416649,-0.00007310199009959727,1610,0,1882.56
2026-08-15 01:51:06,okx,ETH,ETH-USD-260828-2500-C,2026-08-28,2500,call,0.0001612200417602,0.0001,0.002,0.5631944415837855,0.004748945697698376,0.12306448987393492,0.00002711473352238044,-0.00005759767802279915,15284,1400,1882.56
2026-08-15 01:51:06,okx,ETH,ETH-USD-260828-2500-P,2026-08-28,2500,put,0.3270533894099634,0.304,0.494,0.5631944415837855,-1.3220806810337054,2.7767237433367424,0.00002711473352238044,-0.00005512989745333818,5,0,1882.56
2026-08-15 01:51:06,okx,ETH,ETH-USD-260828-2200-C,2026-08-28,2200,call,0.0009057983013588,0.001,0.0011,0.42304287813538366,0.028941594331395926,0.7825096204518098,0.00012911996501053702,-0.00020602210958115786,17394,1046,1882.56
2026-08-15 01:51:06,okx,ETH,ETH-USD-260828-2200-P,2026-08-28,2200,put,0.1685829141924956,0.166,0.1715,0.42304287813538366,-1.1386684771922395,3.11772976349908,0.00012911996501053702,-0.0002047561743731647,3758,0,1882.56
2026-08-15 01:51:06,okx,ETH,ETH-USD-260828-2300-C,2026-08-28,2300,call,0.0004021921609061,0.0005,0.0006,0.4634189002162429,0.012979604664959534,0.36267624869343673,0.00006540980402822674,-0.00011432876459025613,18185,70,1882.56
2026-08-15 01:51:06,okx,ETH,ETH-USD-260828-2300-P,2026-08-28,2300,put,0.2211509925443986,0.218,0.2235,0.4634189002162429,-1.207703651927932,2.804042761879219,0.00006540980402822674,-0.00011266221426177369,1471,0,1882.56
2026-08-15 01:51:06,okx,ETH,ETH-USD-260828-2800-C,2026-08-28,2800,call,0.000108313757882,,,0.7292684171589454,0.0025973017386885255,0.05478083057258304,0.000015885009879956968,-0.00004369353871569898,4575,0,1882.56
2026-08-15 01:51:06,okx,ETH,ETH-USD-260828-2800-P,2026-08-28,2800,put,0.4862155366031508,0.483,0.4895,0.7292684171589454,-1.4834518802004835,3.0268791944509275,0.000015885009879956968,-0.000040023912784770206,1005,0,1882.56
2026-08-15 01:51:06,okx,ETH,ETH-USD-260828-2900-C,2026-08-28,2900,call,0.00010411317166,,,0.7835216527283986,0.0023430391160185558,0.046294301373011736,0.000014507104904590963,-0.00004287204937354255,3079,0,1882.56
2026-08-15 01:51:06,okx,ETH,ETH-USD-260828-2900-P,2026-08-28,2900,put,0.5392830205092843,0.3525,0.732,0.7835216527283986,-1.5367793278924098,3.1245390353898688,0.000014507104904590963,-0.0000388018083221245,0,0,1882.56
2026-08-15 01:51:06,okx,ETH,ETH-USD-260828-2600-C,2026-08-28,2600,call,0.0001305505377106,,0.0034,0.6180129562449551,0.003593845262256572,0.08716664614931288,0.000021178057814312737,-0.000049365721748917114,4188,0,1882.56
2026-08-15 01:51:06,okx,ETH,ETH-USD-260828-2600-P,2026-08-28,2600,put,0.380094404398269,0.3565,0.5535,0.6180129562449551,-1.3763089665384032,2.8469722697506326,0.000021178057814312737,-0.00004649732605896687,5,0,1882.56
2026-08-15 01:51:06,okx,ETH,ETH-USD-260828-2700-C,2026-08-28,2700,call,0.0001158071163879,,,0.6737896616201884,0.0029722505723137793,0.06718777498596973,0.000017896170853237248,-0.00004548063963434377,6758,0,1882.56
2026-08-15 01:51:06,okx,ETH,ETH-USD-260828-2700-P,2026-08-28,2700,put,0.4331513454693015,0.43,0.436,0.6737896616201884,-1.4300037462976023,2.933139768725802,0.000017896170853237248,-0.00004221162882390427,4000,0,1882.56
2026-08-15 01:51:06,okx,ETH,ETH-USD-260828-3200-C,2026-08-28,3200,call,0.0000953519005023,,,0.9334058184605829,0.0018358182038595158,0.03085498636179962,0.000011704457457132953,-0.000041206398307860644,2460,0,1882.56
2026-08-15 01:51:06,okx,ETH,ETH-USD-260828-3200-P,2026-08-28,3200,put,0.6984893127151927,0.695,0.702,0.9334058184605829,-1.6965061040123375,3.4275388307941927,0.000011704457457132953,-0.000035934311894974805,1000,0,1882.56
2026-08-15 01:51:06,okx,ETH,ETH-USD-260828-3400-C,2026-08-28,3400,call,0.0000871890217303,,0.1,1.020099916519407,0.0015555562736648003,0.02415826525821909,0.000010102866746082481,-0.00003887142254208539,2935,0,1882.56
2026-08-15 01:51:06,okx,ETH,ETH-USD-260828-3400-P,2026-08-28,3400,put,0.8046245188211313,0.588,1.028,1.020099916519407,-1.8029327360810443,3.6331348499676372,0.000010102866746082481,-0.000032798105888221016,0,0,1882.56
2026-08-15 01:51:06,okx,ETH,ETH-USD-260828-3000-C,2026-08-28,3000,call,0.0001011892434668,,,0.8358931386107409,0.002149125993868591,0.03999471456814226,0.000013446591538080165,-0.00004239411750813135,5469,0,1882.56
2026-08-15 01:51:06,okx,ETH,ETH-USD-260925-1600-C,2026-09-25,1600,call,0.1664662358137447,0.1635,0.1675,0.5142888131090728,0.6844165840579854,-0.025725770163730555,0.0007807542176035102,-0.0004866335328899668,8659,0,1882.56
2026-08-15 01:51:06,okx,ETH,ETH-USD-260828-3000-P,2026-08-28,3000,put,0.5923517810734464,0.565,0.7905,0.8358931386107409,-1.590046426083816,3.224385818723511,0.000013446591538080165,-0.000037923261336224046,0,0,1882.56
2026-08-15 01:51:06,okx,ETH,ETH-USD-260925-1400-P,2026-09-25,1400,put,0.0048939109253074,0.005,0.0055,0.5887759640625195,-0.058950503929187825,0.6722570471229545,0.00036892269756981185,-0.00026324859574683587,52458,3050,1882.56
2026-08-15 01:51:06,okx,ETH,ETH-USD-260828-3100-C,2026-08-28,3100,call,0.0000984583434922,,,0.8859441472089157,0.001985182461780591,0.03500403793152826,0.00001254043198774511,-0.00004190458934119191,2918,0,1882.56
2026-08-15 01:51:06,okx,ETH,ETH-USD-260925-1400-C,2026-09-25,1400,call,0.2629127111983961,0.2615,0.2655,0.5887759640625195,0.6830149665282973,-0.8116738937920156,0.00036892269756981185,-0.00026324859574683587,141,0,1882.56
2026-08-15 01:51:06,okx,ETH,ETH-USD-260828-3100-P,2026-08-28,3100,put,0.6454207346658271,0.447,0.8505,0.8859441472089157,-1.64328355468516,3.3255415122254095,0.00001254043198774511,-0.00003703311804879533,0,0,1882.56
2026-08-15 01:51:06,okx,ETH,ETH-USD-260828-4000-C,2026-08-28,4000,call,0.0000527939489548,,0.1,1.217773612793619,0.0008266748357816853,0.011240717313886768,0.000005702734664079831,-0.00002619350205138659,215,0,1882.56
2026-08-15 01:51:06,okx,ETH,ETH-USD-260925-2000-C,2026-09-25,2000,call,0.0377429162988258,0.037,0.038,0.4584554733754872,0.3440851869440321,1.7857366300002844,0.001281967609330097,-0.0007122866910513631,34898,730,1882.56
2026-08-15 01:51:06,okx,ETH,ETH-USD-260828-4000-P,2026-08-28,4000,put,1.1230202307024877,,,1.217773612793619,-2.1221007279344644,4.257095522854378,0.000005702734664079831,-0.000017716494674586617,8,0,1882.56
2026-08-15 01:51:06,okx,ETH,ETH-USD-260925-1800-P,2026-09-25,1800,put,0.0414874073286006,0.0415,0.042,0.4721077876013904,-0.39480558660404663,3.1312224521348186,0.0012495466824284708,-0.0007149476871240171,21071,185,1882.56
2026-08-15 01:51:06,okx,ETH,ETH-USD-260925-1800-C,2026-09-25,1800,call,0.0875115791082858,0.087,0.0885,0.4721077876013904,0.5591500182698628,1.223311242387,0.0012495466824284708,-0.0007149476871240171,10325,2,1882.56
2026-08-15 01:51:06,okx,ETH,ETH-USD-260925-1600-P,2026-09-25,1600,put,0.0144447497873577,0.0145,0.015,0.5142888131090728,-0.16354395360771176,1.6701953051676637,0.0007807542176035102,-0.0004866335328899668,20599,43,1882.56
2026-08-15 01:51:06,okx,ETH,ETH-USD-260828-3600-C,2026-08-28,3600,call,0.0000766002589513,,,1.0958621884663091,0.0012902250941401957,0.01888356472738698,0.000008542669165642875,-0.0000353096057665353,922,0,1882.56
2026-08-15 01:51:06,okx,ETH,ETH-USD-260925-2400-C,2026-09-25,2400,call,0.0057930765429999,0.0055,0.006,0.4870604484990749,0.07691334473131824,0.7771308093888458,0.000512518137192918,-0.0003025329754414955,50564,1410,1882.56
2026-08-15 01:51:06,okx,ETH,ETH-USD-260828-3600-P,2026-08-28,3600,put,0.9107572990430629,,,1.0958621884663091,-1.909344437399081,3.8401528897138295,0.000008542669165642875,-0.00002843505887169238,0,0,1882.56
2026-08-15 01:51:06,okx,ETH,ETH-USD-260925-2200-P,2026-09-25,2200,put,0.1805517341376571,0.179,0.183,0.4656630022020307,-0.9971076776697941,3.690145362849266,0.0008926396597057029,-0.0005037656227889132,3173,0,1882.56
2026-08-15 01:51:06,okx,ETH,ETH-USD-260828-3800-C,2026-08-28,3800,call,0.0000647114257046,,,1.161399494884778,0.0010446617529001649,0.014642857996924732,0.000007057662454808242,-0.00003091619976900307,5702,0,1882.56
2026-08-15 01:51:06,okx,ETH,ETH-USD-260925-2200-C,2026-09-25,2200,call,0.014581277423939,0.014,0.0145,0.4656630022020307,0.16883806162053952,1.3582538842685994,0.0008926396597057029,-0.0005037656227889132,20799,117,1882.56
2026-08-15 01:51:06,okx,ETH,ETH-USD-260828-3800-P,2026-08-28,3800,put,1.0168887791945267,,,1.161399494884778,-2.0157363708788334,4.048204923260392,0.000007057662454808242,-0.00002324042263318163,0,0,1882.56
2026-08-15 01:51:06,okx,ETH,ETH-USD-260925-2000-P,2026-09-25,2000,put,0.0977160587658422,0.0965,0.099,0.4584554733754872,-0.7158654851380893,3.905637974164527,0.001281967609330097,-0.0007122866910513631,18845,0,1882.56
2026-08-15 01:51:06,okx,ETH,ETH-USD-260925-2800-C,2026-09-25,2800,call,0.0013589795802212,0.0012,0.0014,0.5523440600999615,0.019687057566158208,0.23286809945068343,0.000169965852543482,-0.00011377634557766765,12376,0,1882.56
2026-08-15 01:51:06,okx,ETH,ETH-USD-260925-2600-P,2026-09-25,2600,put,0.380569115263675,0.377,0.385,0.5173034835728758,-1.3410266451100747,3.1726293064572384,0.00028684562826134386,-0.00017983501426911978,2836,0,1882.56
2026-08-15 01:51:06,okx,ETH,ETH-USD-260925-2600-C,2026-09-25,2600,call,0.0026040300565536,0.0024,0.0025,0.5173034835728758,0.036909228596683226,0.4167575590437222,0.00028684562826134386,-0.00017983501426911978,25560,310,1882.56
2026-08-15 01:51:06,okx,ETH,ETH-USD-260925-2400-P,2026-09-25,2400,put,0.2777608475034195,0.2735,0.281,0.4870604484990749,-1.1950274617672274,3.3210124223859374,0.000512518137192918,-0.0003025329754414955,4315,0,1882.56
2026-08-15 01:51:06,okx,ETH,ETH-USD-260925-3200-C,2026-09-25,3200,call,0.0005326226705977,0.0002,0.0007,0.6262965772068092,0.007589679016807824,0.09031780473911906,0.0000746822404639991,-0.000056686284476269065,11763,0,1882.56
2026-08-15 01:51:06,okx,ETH,ETH-USD-260925-3000-P,2026-09-25,3000,put,0.590768833807162,0.5865,0.596,0.5893144647139781,-1.578231081145094,3.319827308565028,0.00010881857315213385,-0.00007771963341163179,898,0,1882.56
2026-08-15 01:51:06,okx,ETH,ETH-USD-260925-3000-C,2026-09-25,3000,call,0.0008091201066376,0.0006,0.0009,0.5893144647139781,0.011694926978088332,0.13997529231866385,0.00010881857315213385,-0.00007771963341163179,14164,0,1882.56
2026-08-15 01:51:06,okx,ETH,ETH-USD-260925-2800-P,2026-09-25,2800,put,0.4853213790340442,0.4815,0.4885,0.5523440600999615,-1.4642438833488118,3.2007299812806234,0.000169965852543482,-0.00011377634557766765,2930,0,1882.56
2026-08-15 01:51:06,okx,ETH,ETH-USD-260925-3600-C,2026-09-25,3600,call,0.0002787062044263,0.0001,0.0039,0.695962557791612,0.003818802263219232,0.044097378702892494,0.000040697404086812466,-0.000034326790484529074,9760,0,1882.56
2026-08-15 01:51:06,okx,ETH,ETH-USD-260925-3400-P,2026-09-25,3400,put,0.8023306120389683,0.7965,0.8085,0.6620813306607507,-1.7966559842985796,3.665575909798891,0.00005407910628605451,-0.00004339317852073227,130,0,1882.56
2026-08-15 01:51:06,okx,ETH,ETH-USD-260925-3400-C,2026-09-25,3400,call,0.0003762698450405,0.0001,0.0015,0.6620813306607507,0.005260158241026816,0.061743624719678376,0.00005407910628605451,-0.00004339317852073227,28843,0,1882.56
2026-08-15 01:51:06,okx,ETH,ETH-USD-260925-3200-P,2026-09-25,3200,put,0.6964896506178239,0.691,0.7005,0.6262965772068092,-1.6883313963145865,3.482159955401908,0.0000746822404639991,-0.000056686284476269065,283,0,1882.56
2026-08-15 01:51:06,okx,ETH,ETH-USD-260925-4000-C,2026-09-25,4000,call,0.0001657777856636,,0.0007,0.7567855270902997,0.002191560625645725,0.024540118128072646,0.000024740944214671165,-0.000022691839514252525,18014,50,1882.56
2026-08-15 01:51:06,okx,ETH,ETH-USD-260925-3800-P,2026-09-25,3800,put,1.014161850445042,0.771,1.2665,0.7275767397415669,-2.0110442060084237,4.060331487526424,0.000031450542241435935,-0.00002773240662556251,16,0,1882.56
2026-08-15 01:51:06,okx,ETH,ETH-USD-260925-3800-C,2026-09-25,3800,call,0.0002128797577106,0.0001,0.0037,0.7275767397415669,0.0028620709476068636,0.032518933614362415,0.000031450542241435935,-0.00002773240662556251,9326,0,1882.56
2026-08-15 01:51:06,okx,ETH,ETH-USD-260925-3600-P,2026-09-25,3600,put,0.9082303626450557,0.9035,0.9145,0.695962557791612,-1.9040924074845995,3.85991979819853,0.000040697404086812466,-0.000034326790484529074,1230,0,1882.56
2026-08-15 01:51:06,okx,ETH,ETH-USD-260925-4400-C,2026-09-25,4400,call,0.0001036389716883,,0.0037,0.8080887411205779,0.0013347085951357623,0.014616525333348203,0.000015788782446934872,-0.000015462806170995603,18724,1319,1882.56
2026-08-15 01:51:06,okx,ETH,ETH-USD-260925-4200-P,2026-09-25,4200,put,1.2260742277767962,0.957,1.505,0.7835929465033515,-2.224194135365374,4.470620309101867,0.00001969093422641416,-0.000018699821241108637,0,0,1882.56
2026-08-15 01:51:06,okx,ETH,ETH-USD-260925-4200-C,2026-09-25,4200,call,0.0001306285960619,,0.0037,0.7835929465033515,0.0017022760070813162,0.018827486356956833,0.00001969093422641416,-0.000018699821241108637,10569,0,1882.56
2026-08-15 01:51:06,okx,ETH,ETH-USD-260925-4000-P,2026-09-25,4000,put,1.1201120627196963,0.864,1.3865,0.7567855270902997,-2.117709783538597,4.2643428064565585,0.000024740944214671165,-0.000022691839514252525,30,0,1882.56
2026-08-15 01:51:06,okx,ETH,ETH-USD-260925-5000-C,2026-09-25,5000,call,0.0000525247469719,,0.0003,0.8691830406071062,0.0006619306065547726,0.007133086479370304,0.00000830847674007497,-0.000008752120080469111,26371,700,1882.56
2026-08-15 01:51:06,okx,ETH,ETH-USD-260925-2100-C,2026-09-25,2100,call,0.023578351450952,0.023,0.0235,0.45990288304504406,0.24576609360500834,1.6443169631613281,0.0011102818197408916,-0.0006188422778811666,20572,675,1882.56
2026-08-15 01:51:06,okx,ETH,ETH-USD-260925-4500-P,2026-09-25,4500,put,1.385032024660866,1.098,1.683,0.819511661495812,-2.383704263681453,4.7826998609340805,0.000014164362089792376,-0.000014068013408403816,0,0,1882.56
2026-08-15 01:51:06,okx,ETH,ETH-USD-260925-2100-P,2026-09-25,2100,put,0.1365501510413193,0.135,0.137,0.45990288304504406,-0.8671821120812193,3.8702133745337832,0.0011102818197408916,-0.0006188422778811666,1605,230,1882.56
2026-08-15 01:51:06,okx,ETH,ETH-USD-260925-4500-C,2026-09-25,4500,call,0.000092454110079,,0.0037,0.819511661495812,0.0011847485033205651,0.012921836564533542,0.000014164362089792376,-0.000014068013408403816,9174,0,1882.56
2026-08-15 01:51:06,okx,ETH,ETH-USD-260925-4400-P,2026-09-25,4400,put,1.3320445523991244,1.0505,1.625,0.8080887411205779,-2.3305567699855314,4.678399482494682,0.000015788782446934872,-0.000015462806170995603,0,0,1882.56
2026-08-15 01:51:06,okx,ETH,ETH-USD-260925-6000-C,2026-09-25,6000,call,0.0000168244437984,,0.01,0.939331057355007,0.00021127789577769188,0.0022905108869163224,0.0000028805516669993555,-0.0000032792533171695972,14114,0,1882.56
2026-08-15 01:51:06,okx,ETH,ETH-USD-260925-5500-P,2026-09-25,5500,put,1.9149559505847544,1.567,2.2765,0.9083435961429157,-2.914490809793018,5.833750363667687,0.000004896104686915362,-0.000005389909452415218,0,0,1882.56
2026-08-15 01:51:06,okx,ETH,ETH-USD-260925-5500-C,2026-09-25,5500,call,0.0000298088004594,,0.0034,0.9083435961429157,0.00037353843281592413,0.004021667216019988,0.000004896104686915362,-0.000005389909452415218,6678,0,1882.56
2026-08-15 01:51:06,okx,ETH,ETH-USD-260925-5000-P,2026-09-25,5000,put,1.6499853809145126,1.332,1.9805,0.8691830406071062,-2.6492147495987486,5.306886446889977,0.00000830847674007497,-0.000008752120080469111,0,0,1882.56
2026-08-15 01:51:06,okx,ETH,ETH-USD-260925-7000-C,2026-09-25,7000,call,0.0000052930129134,,,0.9839032691268472,0.0000676988857951136,0.0007545320870557313,0.0000009897025791176183,-0.0000011801513866007632,3332,0,1882.56
2026-08-15 01:51:06,okx,ETH,ETH-USD-260925-6500-P,2026-09-25,6500,put,2.444922162891564,2.0335,2.8695,0.964033396434339,-3.444720131369971,6.890991320260323,0.0000016901159606974224,-0.0000019746457626996144,0,0,1882.56
2026-08-15 01:51:06,okx,ETH,ETH-USD-260925-6500-C,2026-09-25,6500,call,0.0000094498737602,,,0.964033396434339,0.00011955289692354545,0.0013119517265332387,0.0000016901159606974224,-0.0000019746457626996144,3637,0,1882.56
2026-08-15 01:51:06,okx,ETH,ETH-USD-260925-6000-P,2026-09-25,6000,put,2.1799362518448477,1.8005,2.573,0.939331057355007,-3.179640738350587,6.361994543379645,0.0000028805516669993555,-0.0000032792533171695972,0,0,1882.56
2026-08-15 01:51:06,okx,ETH,ETH-USD-260925-9000-C,2026-09-25,9000,call,0.000000527605867,,,1.033335194179663,0.0000071579857340972555,0.00008599689358742628,0.00000011716405010669376,-0.00000014672908608074832,2072,0,1882.56
2026-08-15 01:51:06,okx,ETH,ETH-USD-260818-1840-C,2026-08-18,1840,call,0.026041484484205,0.007,0.0415,0.298644844078396,0.7711935451596605,8.46083221145412,0.000266510949460691,-0.0012213207574814612,36,36,1882.56
2026-08-15 01:51:06,okx,ETH,ETH-USD-260925-8000-P,2026-09-25,8000,put,3.2398942310456698,0.0001,,1.0132649822618027,-4.239780843076,8.479857854388412,0.0000003392017103226838,-0.00000041654476694255346,0,0,1882.56
2026-08-15 01:51:06,okx,ETH,ETH-USD-260925-8000-C,2026-09-25,8000,call,0.000001661177604,,,1.0132649822618027,0.000021845252486107256,0.00025247773144141154,0.0000003392017103226838,-0.00000041654476694255346,1350,0,1882.56
2026-08-15 01:51:06,okx,ETH,ETH-USD-260925-7000-P,2026-09-25,7000,put,2.7099112916474715,0.0001,,0.9839032691268472,-3.70975965340163,7.420409236661906,0.0000009897025791176183,-0.0000011801513866007632,1,0,1882.56
2026-08-15 01:51:06,okx,ETH,ETH-USD-260816-1860-C,2026-08-16,1860,call,0.0124041474856251,0.0105,0.015,0.17207030432949408,0.8692400347220514,17.879930926467203,0.00011618256539586787,-0.0007953079616194943,400,400,1882.56
2026-08-15 01:51:06,okx,ETH,ETH-USD-260925-11000-C,2026-09-25,11000,call,0.0000000569772619,,,1.0578483172959694,0.0000008229565607553571,0.000010657547733813885,0.000000014711169911418947,-0.0000000188604142137708,566,0,1882.56
2026-08-15 01:51:06,okx,ETH,ETH-USD-260816-1860-P,2026-08-16,1860,put,0.0005753717543774,0.0006,0.0007,0.17207030432949408,-0.11889482045753307,19.856200636826372,0.00011618256539586787,-0.000795687457657948,3935,3081,1882.56
2026-08-15 01:51:06,okx,ETH,ETH-USD-260925-10000-P,2026-09-25,10000,put,4.299865883467812,0.0001,,1.0475218883376076,-5.299750963860279,10.599536638562201,0.000000041098386384638514,-0.00000005217572503062317,0,0,1882.56
2026-08-15 01:51:06,okx,ETH,ETH-USD-260925-10000-C,2026-09-25,10000,call,0.0000001711327309,,,1.0475218883376076,0.000002396550327546195,0.000029917740986427448,0.000000041098386384638514,-0.00000005217572503062317,545,0,1882.56
2026-08-15 01:51:06,okx,ETH,ETH-USD-260925-9000-P,2026-09-25,9000,put,3.769879668707441,0.0001,,1.033335194179663,-4.769770866383812,9.539642045632679,0.00000011716405010669376,-0.00000014672908608074832,0,0,1882.56
2026-08-15 01:51:06,okx,ETH,ETH-USD-260925-11000-P,2026-09-25,11000,put,4.829852340545852,0.0001,,1.0578483172959694,-5.8297278734951075,11.65946805045107,0.000000014711169911418947,-0.0000000188604142137708,0,0,1882.56
2026-08-15 01:51:06,okx,ETH,ETH-USD-260818-1840-P,2026-08-18,1840,put,0.0032492445736382,0.0031,0.0033,0.298644844078396,-0.2058941525463483,10.415007606866137,0.000266510949460691,-0.0012220527318143404,0,0,1882.56
2026-08-15 01:51:06,okx,ETH,ETH-USD-260828-1950-C,2026-08-28,1950,call,0.014693429947539,0.0145,0.015,0.37353563012890906,0.31232689804332886,4.443767071891117,0.0006875929070350548,-0.000968643952132888,23479,14069,1882.56
2026-08-15 01:51:06,okx,ETH,ETH-USD-260828-1950-P,2026-08-28,1950,put,0.0496913346077878,0.049,0.05,0.37353563012890906,-0.722600210807166,6.513621289592106,0.0006875929070350548,-0.000968379554726118,15931,0,1882.56
2026-08-15 01:51:06,okx,ETH,ETH-USD-260828-1750-C,2026-08-28,1750,call,0.0785367121739015,0.077,0.079,0.41912883578416626,0.7537933302657931,1.6314977994182662,0.00047783419512780807,-0.0007548042706558965,9290,120,1882.56
2026-08-15 01:51:06,okx,ETH,ETH-USD-260828-1750-P,2026-08-28,1750,put,0.0073912478494396,0.007,0.0075,0.41912883578416626,-0.1749874084461895,3.4890592768422315,0.00047783419512780807,-0.0007553411034901049,10861,2036,1882.56
2026-08-15 01:51:06,okx,ETH,ETH-USD-270625-800-P,2027-06-25,800,put,0.0150542938899498,0.015,0.0175,0.6886142610173698,-0.05932822659803161,0.26506307722077854,0.0008680160395738584,-0.00009510205186184616,1402,300,1882.56
2026-08-15 01:51:06,okx,ETH,ETH-USD-270625-800-C,2027-06-25,800,call,0.601967758039555,0.5615,0.6085,0.6886142610173698,0.3537568729818364,-0.5611071219389574,0.0008680160395738584,-0.00009510205186184616,0,0,1882.56
2026-08-15 01:51:06,okx,ETH,ETH-USD-270625-900-P,2027-06-25,900,put,0.0209639005983734,0.0205,0.0235,0.6651506304229708,-0.0815115990929579,0.3574003601151708,0.0011131565731798425,-0.00011780463726889344,559,0,1882.56
2026-08-15 01:51:06,okx,ETH,ETH-USD-270625-900-C,2027-06-25,900,call,0.5562415477666792,0.458,0.668,0.6651506304229708,0.3832091379343936,-0.5720411139395322,0.0011131565731798425,-0.00011780463726889344,0,0,1882.56
2026-08-15 01:51:06,okx,ETH,ETH-USD-270625-600-P,2027-06-25,600,put,0.0072391607141343,0.007,0.0095,0.754196335291576,-0.0287085870735968,0.13088104194772504,0.0004770338736827167,-0.00005724265396400557,36,0,1882.56
2026-08-15 01:51:06,okx,ETH,ETH-USD-270625-600-C,2027-06-25,600,call,0.6974242588263382,,,0.754196335291576,0.2811052376113042,-0.4887466074220769,0.0004770338736827167,-0.00005724265396400557,0,0,1882.56
2026-08-15 01:51:06,okx,ETH,ETH-USD-270625-700-P,2027-06-25,700,put,0.0105625814714855,0.0105,0.013,0.7176551116337284,-0.041926409151977755,0.18985781361569373,0.0006549876707337317,-0.00007478853597900802,232,0,1882.56
2026-08-15 01:51:06,okx,ETH,ETH-USD-270625-700-C,2027-06-25,700,call,0.6491118626023901,0.645,0.6555,0.7176551116337284,0.31952305298040673,-0.5330411106490752,0.0006549876707337317,-0.00007478853597900802,0,0,1882.56
2026-08-15 01:51:06,okx,ETH,ETH-USD-270625-1200-P,2027-06-25,1200,put,0.0495736440353214,0.0475,0.0515,0.6169705844562694,-0.1804453383570359,0.7321119871645675,0.001971915811622014,-0.00019357040202903558,795,0,1882.56
2026-08-15 01:51:06,okx,ETH,ETH-USD-270625-1200-C,2027-06-25,1200,call,0.4299438402597292,0.4245,0.4525,0.6169705844562694,0.43918231101276606,-0.5071433115750364,0.001971915811622014,-0.00019357040202903558,440,0,1882.56
2026-08-15 01:51:06,okx,ETH,ETH-USD-270625-1300-P,2027-06-25,1300,put,0.0633973484418953,0.061,0.065,0.6059973530614843,-0.22448950246743132,0.883600614425127,0.0022676344924020546,-0.00021864014449962348,4086,0,1882.56
2026-08-15 01:51:06,okx,ETH,ETH-USD-270625-1300-C,2027-06-25,1300,call,0.3921317276850038,0.3865,0.3975,0.6059973530614843,0.44677378434985415,-0.45892595920944373,0.0022676344924020546,-0.00021864014449962348,20,0,1882.56
2026-08-15 01:51:06,okx,ETH,ETH-USD-260817-1870-P,2026-08-17,1870,put,0.0042864529250304,0.0041,0.0044,0.23034528286497818,-0.35302842268178014,21.130738654301695,0.00029081867651700353,-0.0014843996083944097,1389,4,1882.56
2026-08-15 01:51:06,okx,ETH,ETH-USD-270625-1000-P,2027-06-25,1000,put,0.028538322160344,0.0275,0.03,0.6459606899524747,-0.10893744385757133,0.4668309033820232,0.0013845853302533976,-0.00014230230665352383,759,0,1882.56
2026-08-15 01:51:06,okx,ETH,ETH-USD-270625-1000-C,2027-06-25,1000,call,0.5121801523473505,0.507,0.5185,0.6459606899524747,0.4074189306172637,-0.5658818455676466,0.0013845853302533976,-0.00014230230665352383,6,0,1882.56
2026-08-15 01:51:06,okx,ETH,ETH-USD-270625-1100-P,2027-06-25,1100,put,0.0380078873805609,0.0365,0.04,0.6301242958291566,-0.14188813151194732,0.5923535417744504,0.0016740991707569065,-0.0001678392501545315,11998,0,1882.56
2026-08-15 01:51:06,okx,ETH,ETH-USD-260817-1870-C,2026-08-17,1870,call,0.0111211300341752,0.0105,0.0115,0.23034528286497818,0.6400486696005419,19.14458446973705,0.00029081867651700353,-0.001484179754226689,900,503,1882.56
2026-08-15 01:51:06,okx,ETH,ETH-USD-270625-1100-C,2027-06-25,1100,call,0.470013900586268,0.3985,0.476,0.6301242958291566,0.4261038804103711,-0.5436304820701864,0.0016740991707569065,-0.0001678392501545315,0,0,1882.56
2026-08-15 01:51:06,okx,ETH,ETH-USD-260821-1650-C,2026-08-21,1650,call,0.1240571827711476,0.106,0.2355,0.4850535733712726,0.8583367048033548,-1.0405187838773982,0.000056215302485712425,-0.00021394018774951648,0,0,1882.56
2026-08-15 01:51:06,okx,ETH,ETH-USD-270625-1600-P,2027-06-25,1600,put,0.1193354277891076,0.1155,0.12,0.582718621176317,-0.3858211125998888,1.3791277637117565,0.0030477956975561043,-0.00028257313656900637,10728,2,1882.56
2026-08-15 01:51:06,okx,ETH,ETH-USD-260821-1600-P,2026-08-21,1600,put,0.0002435741992995,0.0002,0.0004,0.5420691765473691,-0.010146383379282482,0.39265426012371196,0.0000345969884262922,-0.00014987482869929209,4318,1,1882.56
2026-08-15 01:51:06,okx,ETH,ETH-USD-270625-1600-C,2027-06-25,1600,call,0.293162356088318,0.2865,0.3185,0.582718621176317,0.4403490865598471,-0.2732126346077154,0.0030477956975561043,-0.00028257313656900637,20,0,1882.56
2026-08-15 01:51:06,okx,ETH,ETH-USD-260821-1700-C,2026-08-21,1700,call,0.0978371846922677,0.0805,0.213,0.43021694855589554,0.8692512900997423,-0.44215125027379054,0.00009559365193984326,-0.0003255401137517413,0,0,1882.56
2026-08-15 01:51:06,okx,ETH,ETH-USD-270625-1700-P,2027-06-25,1700,put,0.142874899375329,0.139,0.143,0.5773660696702142,-0.4475135564788437,1.5485043394210232,0.003248424118903963,-0.00029840775714497637,4739,2,1882.56
2026-08-15 01:51:06,okx,ETH,ETH-USD-260821-1650-P,2026-08-21,1650,put,0.0004070061301486,0.0004,0.0006,0.4850535733712726,-0.01777512942690427,0.7117048845831195,0.000056215302485712425,-0.00021790970621273889,3535,303,1882.56
2026-08-15 01:51:06,okx,ETH,ETH-USD-270625-1700-C,2027-06-25,1700,call,0.2650660106932399,0.2585,0.273,0.5773660696702142,0.43029228012837567,-0.20710733379341587,0.003248424118903963,-0.00029840775714497637,1270,1,1882.56
2026-08-15 01:51:06,okx,ETH,ETH-USD-260821-1550-C,2026-08-21,1550,call,0.1768978121083103,0.0725,0.281,0.5973894288238564,0.8171158793735959,-1.4248680155895443,0.000021437682155069842,-0.00009667304916675141,0,0,1882.56
2026-08-15 01:51:06,okx,ETH,ETH-USD-270625-1400-P,2027-06-25,1400,put,0.079595018941693,0.0765,0.0805,0.5968203012013001,-0.2737187158530266,1.0439244748416119,0.002551188320505322,-0.00024225471010865386,1600,0,1882.56
2026-08-15 01:51:06,okx,ETH,ETH-USD-270625-1400-C,2027-06-25,1400,call,0.3566935812035021,0.35,0.414,0.5968203012013001,0.4491802084117424,-0.40187337368792614,0.002551188320505322,-0.00024225471010865386,40,0,1882.56
2026-08-15 01:51:06,okx,ETH,ETH-USD-260821-1600-C,2026-08-21,1600,call,0.1504437224791744,0.1325,0.2575,0.5420691765473691,0.8394166073894536,-1.30647172141376,0.0000345969884262922,-0.00014505327421086871,0,0,1882.56
2026-08-15 01:51:06,okx,ETH,ETH-USD-270625-1500-P,2027-06-25,1500,put,0.0982343110951598,0.0945,0.0995,0.5891398303914094,-0.32768205846342446,1.2100670780264602,0.0028136487557218473,-0.0002637390214677897,946,0,1882.56
2026-08-15 01:51:06,okx,ETH,ETH-USD-260821-1550-P,2026-08-21,1550,put,0.0001476921895595,,0.0003,0.5973894288238564,-0.005898267933617057,0.22116027902488167,0.000021437682155069842,-0.00010234663968037574,3617,2947,1882.56
2026-08-15 01:51:06,okx,ETH,ETH-USD-270625-1500-C,2027-06-25,1500,call,0.3236970563756696,0.317,0.3285,0.5891398303914094,0.446852503248828,-0.3390020453980445,0.0028136487557218473,-0.0002637390214677897,60,0,1882.56
2026-08-15 01:51:06,okx,ETH,ETH-USD-260821-1850-C,2026-08-21,1850,call,0.0266871629175622,0.0265,0.0275,0.31908579404442705,0.6444124777088894,7.36512587626905,0.0004733045864168209,-0.0012061405215376998,7339,3961,1882.56
2026-08-15 01:51:06,okx,ETH,ETH-USD-270625-2000-P,2027-06-25,2000,put,0.2273626470438233,0.2195,0.235,0.5663031102104275,-0.6475394012128162,2.0390414970482458,0.0036273638199740077,-0.0003268332164502209,0,0,1882.56
2026-08-15 01:51:06,okx,ETH,ETH-USD-260821-1800-P,2026-08-21,1800,put,0.0036673357659183,0.0038,0.0039,0.34385530502714096,-0.15673489502078997,5.562684039183766,0.00030937758721684167,-0.0008500860171100842,13085,5547,1882.56
2026-08-15 01:51:06,okx,ETH,ETH-USD-270625-2000-C,2027-06-25,2000,call,0.1946463074178363,0.1855,0.198,0.5663031102104275,0.3851733477368538,-0.026384000851094012,0.0036273638199740077,-0.0003268332164502209,3486,0,1882.56
2026-08-15 01:51:06,okx,ETH,ETH-USD-260821-1900-C,2026-08-21,1900,call,0.0120624726506457,0.012,0.0125,0.3089497587499541,0.4075129363701758,8.845514047332875,0.0005115735475938689,-0.0012627604357493304,8785,1330,1882.56
2026-08-15 01:51:06,okx,ETH,ETH-USD-270625-2100-P,2027-06-25,2100,put,0.2597690972091246,0.2505,0.272,0.5639238697723112,-0.717228365554477,2.1925349659600273,0.003680658436316796,-0.0003302418579258779,0,0,1882.56
2026-08-15 01:51:06,okx,ETH,ETH-USD-260821-1850-P,2026-08-21,1850,put,0.0092368728320669,0.009,0.0095,0.31908579404442705,-0.3378947303674615,9.329740292421752,0.0004733045864168209,-0.0012067018959001183,17033,13736,1882.56
2026-08-15 01:51:06,okx,ETH,ETH-USD-270625-2100-C,2027-06-25,2100,call,0.1754169406018382,0.171,0.185,0.5639238697723112,0.3671200208426765,0.023838193165720268,0.003680658436316796,-0.0003302418579258779,673,0,1882.56
2026-08-15 01:51:06,okx,ETH,ETH-USD-260821-1750-C,2026-08-21,1750,call,0.0720821651669524,0.059,0.1875,0.3818395634867404,0.859538111089895,0.9115434306417701,0.00017217012914009944,-0.0005230939093410781,0,0,1882.56
2026-08-15 01:51:06,okx,ETH,ETH-USD-270625-1800-P,2027-06-25,1800,put,0.1687913812191296,0.1625,0.1705,0.5729272273814096,-0.5121138846057477,1.7160112704336499,0.003412405814007041,-0.0003110614980901068,2543,7,1882.56
2026-08-15 01:51:06,okx,ETH,ETH-USD-260821-1700-P,2026-08-21,1700,put,0.0007369796901447,0.0008,0.0009,0.43021694855589554,-0.03340938759203971,1.3631701051097733,0.00009559365193984326,-0.0003286575961897628,6122,1927,1882.56
2026-08-15 01:51:06,okx,ETH,ETH-USD-270625-1800-C,2027-06-25,1800,call,0.2393466755557413,0.233,0.2435,0.5729272273814096,0.4173275894489553,-0.1428716776757559,0.003412405814007041,-0.0003110614980901068,1984,0,1882.56
2026-08-15 01:51:06,okx,ETH,ETH-USD-260821-1800-C,2026-08-21,1800,call,0.0476675974902893,0.046,0.049,0.34385530502714096,0.799023469594038,3.6511673099541104,0.00030937758721684167,-0.0008486726067224646,1791,0,1882.56
2026-08-15 01:51:06,okx,ETH,ETH-USD-270625-1900-P,2027-06-25,1900,put,0.1969925959162158,0.189,0.205,0.5692747779013388,-0.578987917582404,1.879935708390431,0.0035385555184031404,-0.0003205044624027277,1732,0,1882.56
2026-08-15 01:51:06,okx,ETH,ETH-USD-260821-1750-P,2026-08-21,1750,put,0.0015319318037053,0.0017,0.0018,0.3818395634867404,-0.06967141006340988,2.76996247294838,0.00017217012914009944,-0.0005253593557538987,5780,424,1882.56
2026-08-15 01:51:06,okx,ETH,ETH-USD-270625-1900-C,2027-06-25,1900,call,0.2159120732715279,0.2105,0.225,0.5692747779013388,0.4020891939197824,-0.08221851461394193,0.0035385555184031404,-0.0003205044624027277,1018,100,1882.56
2026-08-15 01:51:06,okx,ETH,ETH-USD-260815-2050-P,2026-08-15,2050,put,0.0891176245436626,0.0755,,0.48992816034572645,-1.0891325468521544,2.178265106561742,0.00000000000004421797415333226,0.000000732981671870786,0,0,1882.56
2026-08-15 01:51:06,okx,ETH,ETH-USD-260821-2050-C,2026-08-21,2050,call,0.0007591721396795,0.0006,0.0007,0.3658498455166401,0.039226203203395024,1.7201009341274123,0.00011278335731019549,-0.000329741867625416,5997,1183,1882.56
2026-08-15 01:51:06,okx,ETH,ETH-USD-270625-2600-P,2027-06-25,2600,put,0.4472561408197383,0.4355,0.7325,0.5585803659101263,-1.068665743881637,2.8711259337303776,0.003528995445245598,-0.0003136338203598884,0,0,1882.56
2026-08-15 01:51:06,okx,ETH,ETH-USD-260821-2000-P,2026-08-21,2000,put,0.0639881718316846,0.0615,0.066,0.3369432628604675,-0.974472419833533,5.607834422198849,0.000211312360184544,-0.0005669841302904838,1004,1000,1882.56
2026-08-15 01:51:06,okx,ETH,ETH-USD-270625-2600-C,2027-06-25,2600,call,0.1047248993059552,0.102,0.1075,0.5585803659101263,0.27386082975293397,0.18607278646123612,0.003528995445245598,-0.0003136338203598884,960,0,1882.56
2026-08-15 01:51:06,okx,ETH,ETH-USD-260821-2100-C,2026-08-21,2100,call,0.0003553550483071,0.0002,0.0004,0.3969722394952926,0.0187152679868512,0.8572723662797285,0.00006087763935381879,-0.00019313037940915995,3444,152,1882.56
2026-08-15 01:51:06,okx,ETH,ETH-USD-270625-2800-P,2027-06-25,2800,put,0.5315084702155549,0.5185,0.827,0.5586206424997388,-1.2059083777815327,3.1067128602344103,0.0033421648589396433,-0.0002970509685099794,0,0,1882.56
2026-08-15 01:51:06,okx,ETH,ETH-USD-260815-2050-C,2026-08-15,2050,call,0.0000000000000464,,0.0015,0.48992816034572645,0.000000000024797158883814055,0.000000012807838998846258,0.00000000000004421797415333226,-0.0000000000010831811506046532,2329,0,1882.56
2026-08-15 01:51:06,okx,ETH,ETH-USD-260821-2050-P,2026-08-21,2050,put,0.0895087686096881,0.087,0.0915,0.3658498455166401,-1.0492763787190478,3.8971060979722973,0.00011278335731019549,-0.00032689509788703074,1001,1000,1882.56
2026-08-15 01:51:06,okx,ETH,ETH-USD-270625-2800-C,2027-06-25,2800,call,0.085705594739173,0.0835,0.0885,0.5586206424997388,0.23988947074800518,0.2151171631753344,0.0033421648589396433,-0.0002970509685099794,1190,0,1882.56
2026-08-15 01:51:06,okx,ETH,ETH-USD-260821-1950-C,2026-08-21,1950,call,0.0046544204485506,0.0044,0.0046,0.31592950254929486,0.19988515025319967,6.45988585326121,0.00037145939798877744,-0.0009377575863651155,9634,9212,1882.56
2026-08-15 01:51:06,okx,ETH,ETH-USD-270625-2200-P,2027-06-25,2200,put,0.2940693894695064,0.285,0.307,0.5620625706126957,-0.7875818892231818,2.340006679758744,0.003701245709150807,-0.0003309929216694005,0,0,1882.56
2026-08-15 01:51:06,okx,ETH,ETH-USD-260821-1900-P,2026-08-21,1900,put,0.0211621542040264,0.0205,0.0215,0.3089497587499541,-0.6013431151676981,10.863226150408625,0.0005115735475938689,-0.0012624697740865481,11038,1844,1882.56
2026-08-15 01:51:06,okx,ETH,ETH-USD-270625-2200-C,2027-06-25,2200,call,0.1580814158809206,0.154,0.1625,0.5620625706126957,0.3484021346214552,0.06803863206946997,0.003701245709150807,-0.0003309929216694005,710,0,1882.56
2026-08-15 01:51:06,okx,ETH,ETH-USD-260821-2000-C,2026-08-21,2000,call,0.001788547000552,0.0015,0.0016,0.3369432628604675,0.08748131862738692,3.483926945277009,0.000211312360184544,-0.0005689788640036681,17253,5739,1882.56
2026-08-15 01:51:06,okx,ETH,ETH-USD-270625-2400-P,2027-06-25,2400,put,0.3677555166989248,0.3565,0.3825,0.5596302506300439,-0.9287497015843031,2.6167752151515025,0.0036584048014683544,-0.00032574597986369995,0,0,1882.56
2026-08-15 01:51:06,okx,ETH,ETH-USD-260821-1950-P,2026-08-21,1950,put,0.0403040736408072,0.039,0.043,0.31592950254929486,-0.8355197447461974,8.530695643260003,0.00037145939798877744,-0.0009366148886771323,5228,1212,1882.56
2026-08-15 01:51:06,okx,ETH,ETH-USD-270625-2400-C,2027-06-25,2400,call,0.1284959091477404,0.1255,0.1315,0.5596302506300439,0.3105055971553008,0.13826461767229467,0.0036584048014683544,-0.00032574597986369995,1170,0,1882.56
2026-08-15 01:51:06,okx,ETH,ETH-USD-260821-2250-C,2026-08-21,2250,call,0.0000399564215311,,0.0001,0.4731909390080349,0.0021885277680746503,0.10851524645447762,0.000009156290620629052,-0.00003462567215286907,969,330,1882.56
2026-08-15 01:51:06,okx,ETH,ETH-USD-270625-3500-P,2027-06-25,3500,put,0.8517765282277441,0.79,0.9205,0.5645668517577018,-1.6590243840368781,3.8406573177320693,0.0025402876502100442,-0.00022818358351779075,0,0,1882.56
2026-08-15 01:51:06,okx,ETH,ETH-USD-260821-2200-P,2026-08-21,2200,put,0.1684845494945229,0.1495,0.317,0.45200159211557606,-1.1635765733323702,2.5565246769966627,0.000017770444728336264,-0.00005878870770860222,2,0,1882.56
2026-08-15 01:51:06,okx,ETH,ETH-USD-260925-1500-C,2026-09-25,1500,call,0.2133601576237639,0.2105,0.216,0.5474914205048561,0.6962828224714033,-0.507829911375074,0.0005475041386257512,-0.0003632832211737333,311,0,1882.56
2026-08-15 01:51:06,okx,ETH,ETH-USD-270625-3500-C,2027-06-25,3500,call,0.0445229338822667,0.043,0.0465,0.5645668517577018,0.1482229266250441,0.22616269640822478,0.0025402876502100442,-0.00022818358351779075,7087,0,1882.56
2026-08-15 01:51:06,okx,ETH,ETH-USD-260821-2300-C,2026-08-21,2300,call,0.0000177335157289,,0.0001,0.49011756551733454,0.000996612711672589,0.05117081896059623,0.000004466189020454229,-0.000017493694888518915,140,140,1882.56
2026-08-15 01:51:06,okx,ETH,ETH-USD-260925-1500-P,2026-09-25,1500,put,0.0083400144740262,0.0085,0.009,0.5474914205048561,-0.09868018159018777,1.082096096748108,0.0005475041386257512,-0.0003632832211737333,33168,540,1882.56
2026-08-15 01:51:06,okx,ETH,ETH-USD-270625-4000-P,2027-06-25,4000,put,1.0948281531575004,0.7795,1.434,0.572234915756502,-1.9592878746136313,4.328607621872441,0.002020147039590186,-0.0001839261410365167,0,0,1882.56
2026-08-15 01:51:06,okx,ETH,ETH-USD-260821-2250-P,2026-08-21,2250,put,0.1949894394470434,0.049,0.346,0.4731909390080349,-1.1925094280004602,2.497911157991547,0.000009156290620629052,-0.00002837075831368001,0,0,1882.56
2026-08-15 01:51:06,okx,ETH,ETH-USD-270625-4000-C,2027-06-25,4000,call,0.0293954739055263,0.0275,0.031,0.572234915756502,0.1061376232857085,0.19775662607376138,0.002020147039590186,-0.0001839261410365167,2611,0,1882.56
2026-08-15 01:51:06,okx,ETH,ETH-USD-260821-2150-C,2026-08-21,2150,call,0.0001742071123513,,0.0003,0.4263764602214831,0.009258987044203578,0.4351955469231001,0.000033158414909412996,-0.00011298578159001086,3425,2297,1882.56
2026-08-15 01:51:06,okx,ETH,ETH-USD-260925-1700-C,2026-09-25,1700,call,0.1238925124031479,0.121,0.125,0.4892703370966212,0.6391920778711423,0.5981185259653674,0.00103775443049402,-0.000615352682662807,7980,0,1882.56
2026-08-15 01:51:06,okx,ETH,ETH-USD-270625-3000-P,2027-06-25,3000,put,0.6195868153239535,0.6055,0.9235,0.559529339329245,-1.3397761929300354,3.327722886964177,0.0031225049629764524,-0.0002779790878552463,0,0,1882.56
2026-08-15 01:51:06,okx,ETH,ETH-USD-260821-2100-P,2026-08-21,2100,put,0.1156549231571914,0.0055,0.2555,0.3969722394952926,-1.0963361573971147,3.0873752170476605,0.00006087763935381879,-0.00018943157364557377,2,0,1882.56
2026-08-15 01:51:06,okx,ETH,ETH-USD-260925-1700-P,2026-09-25,1700,put,0.0248696835001118,0.0245,0.0255,0.4892703370966212,-0.2617659933986609,2.4000346685049734,0.00103775443049402,-0.000615352682662807,16830,35,1882.56
2026-08-15 01:51:06,okx,ETH,ETH-USD-270625-3000-C,2027-06-25,3000,call,0.070512305884973,0.069,0.0725,0.559529339329245,0.20929293049446962,0.229584640115167,0.0031225049629764524,-0.0002779790878552463,1408,0,1882.56
2026-08-15 01:51:06,okx,ETH,ETH-USD-260821-2200-C,2026-08-21,2200,call,0.0000850381078867,,0.0033,0.45200159211557606,0.0045725389746419055,0.22022645238263844,0.000017770444728336264,-0.00006419158552259032,2620,1,1882.56
2026-08-15 01:51:06,okx,ETH,ETH-USD-270625-3200-P,2027-06-25,3200,put,0.7107153017707413,0.694,1.023,0.5611353594106995,-1.4700599431414276,3.5380790376304834,0.0028888844047393687,-0.0002579193495196194,0,0,1882.56
2026-08-15 01:51:06,okx,ETH,ETH-USD-260821-2150-P,2026-08-21,2150,put,0.1420237468601116,0.005,0.2865,0.4263764602214831,-1.1323412818012855,2.718396084614078,0.000033158414909412996,-0.0001084349398012237,1,0,1882.56
2026-08-15 01:51:06,okx,ETH,ETH-USD-270625-3200-C,2027-06-25,3200,call,0.0583691583691622,0.0565,0.061,0.5611353594106995,0.18228045517804414,0.2333982409915399,0.0028888844047393687,-0.0002579193495196194,838,0,1882.56
2026-08-15 01:51:06,okx,ETH,ETH-USD-270625-5500-P,2027-06-25,5500,put,1.8509595496486855,,,0.6024045357986665,-2.794797012802034,5.791903724384955,0.00104929100047025,-0.00010057042963753287,0,0,1882.56
2026-08-15 01:51:06,okx,ETH,ETH-USD-270625-5500-C,2027-06-25,5500,call,0.0109896156772209,0.0095,0.012,0.6024045357986665,0.04516304680955815,0.11198360516177133,0.00104929100047025,-0.00010057042963753287,2030,890,1882.56
2026-08-15 01:51:06,okx,ETH,ETH-USD-260821-2350-C,2026-08-21,2350,call,0.0000073690986704,,,0.5033381437736432,0.00042749980436040865,0.022842645010562154,0.0000020444846090175777,-0.000008224121366128012,720,0,1882.56
2026-08-15 01:51:06,okx,ETH,ETH-USD-270625-4500-P,2027-06-25,4500,put,1.3439222012099414,1.0095,1.7005,0.5814822759297418,-2.2458900579006333,4.812348301226319,0.0016048997590363179,-0.00014848087481204324,0,0,1882.56
2026-08-15 01:51:06,okx,ETH,ETH-USD-260821-2300-P,2026-08-21,2300,put,0.2215171881801171,0.073,0.375,0.49011756551733454,-1.2202501865183852,2.4936644174207117,0.000004466189020454229,-0.000010386745024128904,0,0,1882.56
2026-08-15 01:51:06,okx,ETH,ETH-USD-270625-4500-C,2027-06-25,4500,call,0.0203104370514705,0.0185,0.022,0.5814822759297418,0.07771362723612399,0.1651409309528046,0.0016048997590363179,-0.00014848087481204324,1405,0,1882.56
2026-08-15 01:51:06,okx,ETH,ETH-USD-270625-5000-P,2027-06-25,5000,put,1.5964412087408926,1.2395,1.9745,0.5916723671944745,-2.5233429689931555,5.299504171960708,0.001287895695280872,-0.00012124060719574397,0,0,1882.56
2026-08-15 01:51:06,okx,ETH,ETH-USD-260821-2350-P,2026-08-21,2350,put,0.2480567954019347,0.097,0.404,0.5033381437736432,-1.2473681428872205,2.518433930393724,0.0000020444846090175777,-0.00000026513547653704203,0,0,1882.56
2026-08-15 01:51:06,okx,ETH,ETH-USD-270625-5000-C,2027-06-25,5000,call,0.0146503596759253,0.013,0.016,0.5916723671944745,0.05843890338101932,0.1359404272123575,0.001287895695280872,-0.00012124060719574397,1660,0,1882.56
2026-08-15 01:51:06,okx,ETH,ETH-USD-260816-1800-P,2026-08-16,1800,put,0.0000077287022823,0.0001,0.0003,0.2630307749817368,-0.0018529391424940145,0.38547762642736616,0.000003456062260028943,-0.00003618185737816424,17014,16923,1882.56
2026-08-15 01:51:06,okx,ETH,ETH-USD-260816-1825-C,2026-08-16,1825,call,0.0304796509618312,0.007,0.119,0.23517972429249284,0.9571285143516941,0.4071480802776323,0.000018789794019277983,-0.0001749064646109962,0,0,1882.56
2026-08-15 01:51:06,okx,ETH,ETH-USD-260816-1775-P,2026-08-16,1775,put,0.0000005129543425,0.0001,0.0002,0.27652305100169616,-0.00014515449326334154,0.03477434165526769,0.0000003281864108018984,-0.0000036120657118376156,2173,47,1882.56
2026-08-15 01:51:06,okx,ETH,ETH-USD-260816-1800-C,2026-08-16,1800,call,0.043711695123976,0.0095,0.1365,0.2630307749817368,0.9544065981280715,-1.5270414481137649,0.000003456062260028943,-0.000034779381969156066,0,0,1882.56
2026-08-15 01:51:06,okx,ETH,ETH-USD-260816-1750-P,2026-08-16,1750,put,0.0000000151886562,,0.0016,0.2822980006468374,-0.0000052465908449366195,0.0014676314283898887,0.000000014157278200907793,-0.00000015907133087108547,2465,1865,1882.56
2026-08-15 01:51:06,okx,ETH,ETH-USD-260816-1775-C,2026-08-16,1775,call,0.0569858088303888,0.012,0.162,0.27652305100169616,0.942833000315211,-1.851181967961681,0.0000003281864108018984,-0.0000017833488984317605,0,0,1882.56
2026-08-15 01:51:06,okx,ETH,ETH-USD-260816-1750-C,2026-08-16,1750,call,0.0702666405190548,0.0515,0.183,0.2822980006468374,0.9296915257555382,-1.8579259132643766,0.000000014157278200907793,0.0000020958868869324526,0,0,1882.56
2026-08-15 01:51:06,okx,ETH,ETH-USD-260816-1880-P,2026-08-16,1880,put,0.0028020994974673,0.0026,0.0028,0.14525183846798967,-0.4451128389954302,47.214739974611746,0.00023158142339542697,-0.0013387571769114045,18443,19591,1882.56
2026-08-15 01:51:06,okx,ETH,ETH-USD-260816-1890-C,2026-08-16,1890,call,0.0016354052485635,0.0017,0.0018,0.14144042936293338,0.3102150013265303,42.006823789852966,0.00020750670157936523,-0.0011681317715325232,2792,3100,1882.56
2026-08-15 01:51:06,okx,ETH,ETH-USD-260816-1875-P,2026-08-16,1875,put,0.0018795048758706,0.0017,0.0018,0.14987474660339528,-0.3304801366732933,41.776547329780335,0.00021208314933548984,-0.0012650845804950386,4141,3969,1882.56
2026-08-15 01:51:06,okx,ETH,ETH-USD-260816-1880-C,2026-08-16,1880,call,0.004005811665233,0.0039,0.0043,0.14525183846798967,0.5536471221538272,45.21722005231322,0.00023158142339542697,-0.001338718673996469,4179,4338,1882.56
2026-08-15 01:51:06,okx,ETH,ETH-USD-260816-1850-P,2026-08-16,1850,put,0.0002867891253092,0.0003,0.0004,0.19089511647947358,-0.060960885725294386,10.851093586587668,0.00007049076516908717,-0.0005355811845925342,6291,4455,1882.56
2026-08-15 01:51:06,okx,ETH,ETH-USD-260816-1875-C,2026-08-16,1875,call,0.0057394829345067,0.005,0.0065,0.14987474660339528,0.6656235479835458,39.78433996046666,0.00021208314933548984,-0.0012649608292992236,3308,3307,1882.56
2026-08-15 01:51:06,okx,ETH,ETH-USD-260816-1825-P,2026-08-16,1825,put,0.00005701399449,0.0001,0.0003,0.23517972429249284,-0.012412405380962489,2.3462299197429455,0.000018789794019277983,-0.00017588269861560672,4121,1242,1882.56
2026-08-15 01:51:06,okx,ETH,ETH-USD-260816-1850-C,2026-08-16,1850,call,0.0174280966382979,0.0155,0.0195,0.19089511647947358,0.9218614164694534,8.885448982198172,0.00007049076516908717,-0.0005350311919923213,138,0,1882.56
2026-08-15 01:51:06,okx,ETH,ETH-USD-260816-1950-P,2026-08-16,1950,put,0.0360112148115811,0.034,0.038,0.2400923856483223,-1.029821812146852,3.2941707895262597,0.000010201176087683473,-0.00009632840740675884,108,0,1882.56
2026-08-15 01:51:06,okx,ETH,ETH-USD-260816-1975-C,2026-08-16,1975,call,0.0000146904406481,,,0.29626946711044005,0.002888208433355427,0.5053020817255625,0.000005211295656683988,-0.00006145187083419557,2074,158,1882.56
2026-08-15 01:51:06,okx,ETH,ETH-USD-260816-1925-P,2026-08-16,1925,put,0.0227720519324206,0.021,0.025,0.1827958169605301,-1.0043595576306719,6.2104999225474895,0.000026434484928518813,-0.00019159720850321044,294,0,1882.56
2026-08-15 01:51:06,okx,ETH,ETH-USD-260816-1950-C,2026-08-16,1950,call,0.0000272045071597,,0.0001,0.2400923856483223,0.0061260198962605605,1.2222751254400344,0.000010201176087683473,-0.00009748338042413679,4815,3913,1882.56
2026-08-15 01:51:06,okx,ETH,ETH-USD-260816-1900-P,2026-08-16,1900,put,0.009996482713733,0.0095,0.012,0.14542256718440155,-0.8733081791899945,27.410382093548478,0.00012844683154539024,-0.0007431446557439754,1882,1000,1882.56
2026-08-15 01:51:06,okx,ETH,ETH-USD-260816-1925-C,2026-08-16,1925,call,0.0000693710823518,0.0001,0.0002,0.1827958169605301,0.01830689195034954,4.165167023385447,0.000026434484928518813,-0.00019232594011619073,4426,1541,1882.56
2026-08-15 01:51:06,okx,ETH,ETH-USD-260816-1890-P,2026-08-16,1890,put,0.0057442248625388,0.005,0.0065,0.14144042936293338,-0.6938575128075635,44.014968818121154,0.00020750670157936523,-0.0011679997778856997,1919,1511,1882.56
2026-08-15 01:51:06,okx,ETH,ETH-USD-260816-1900-C,2026-08-16,1900,call,0.0005751313180167,0.0006,0.0007,0.14542256718440155,0.13607688792893582,25.39161195931062,0.00012844683154539024,-0.0007434471459525578,6434,6790,1882.56
2026-08-15 01:51:06,okx,ETH,ETH-USD-260816-2100-P,2026-08-16,2100,put,0.1156720031231507,0.101,,0.4157252385390907,-1.115632345370102,2.2319941619204413,0.000000010437241590282658,0.0000035397197772002494,0,0,1882.56
2026-08-15 01:51:06,okx,ETH,ETH-USD-260816-2050-P,2026-08-16,2050,put,0.0891099074083243,0.0755,0.2235,0.39378198098195083,-1.0889590954170496,2.1974409092504117,0.0000002645862896819499,-0.0000012869938349272552,0,0,1882.56
2026-08-15 01:51:06,okx,ETH,ETH-USD-260816-2100-C,2026-08-16,2100,call,0.0000000160926143,,,0.4157252385390907,0.0000037814455576369128,0.0007219082891217535,0.000000010437241590282658,-0.00000017270166656379925,0,0,1882.56
2026-08-15 01:51:06,okx,ETH,ETH-USD-260816-2000-P,2026-08-16,2000,put,0.0625533705045435,0.0495,0.1875,0.3409948237915603,-1.0612663318714723,2.3292254022326393,0.000002425739791101309,-0.000030915207497847515,0,0,1882.56
2026-08-15 01:51:06,okx,ETH,ETH-USD-260816-2050-C,2026-08-16,2050,call,0.0000005792864928,,,0.39378198098195083,0.00011426647442773296,0.01929418546745664,0.0000002645862896819499,-0.000004146932469895928,326,0,1882.56
2026-08-15 01:51:06,okx,ETH,ETH-USD-260816-1975-P,2026-08-16,1975,put,0.049280030199422,0.011,0.1605,0.29626946711044005,-1.0463410060718485,2.6037605107359707,0.000005211295656683988,-0.000059870656412419944,0,0,1882.56
2026-08-15 01:51:06,okx,ETH,ETH-USD-260816-2000-C,2026-08-16,2000,call,0.0000067012914171,,,0.3409948237915603,0.0012442650958226832,0.20420420829804936,0.000002425739791101309,-0.00003292266332402083,676,334,1882.56
2026-08-15 01:51:06,okx,ETH,ETH-USD-260817-1700-P,2026-08-17,1700,put,0.0000075201815952,,0.0003,0.4158626517522731,-0.0008474978644808253,0.08942452777176707,0.0000022551913783746985,-0.00002078345317150297,1168,683,1882.56
2026-08-15 01:51:06,okx,ETH,ETH-USD-260817-1700-C,2026-08-17,1700,call,0.0971233717165555,0.078,0.1795,0.4158626517522731,0.901949858755812,-1.7161701854688187,0.0000022551913783746985,-0.00001766623787235885,0,0,1882.56
2026-08-15 01:51:06,okx,ETH,ETH-USD-260818-1725-P,2026-08-18,1725,put,0.0002206311714146,0.0004,0.0005,0.43170577491838946,-0.015257940455630952,0.9612562450361813,0.000035845665857649894,-0.0002376120557899938,22,22,1882.56
2026-08-15 01:51:06,okx,ETH,ETH-USD-260818-1725-C,2026-08-18,1725,call,0.0840818251801365,0.0155,0.175,0.43170577491838946,0.9007617761437522,-0.870783188162585,0.000035845665857649894,-0.0002349202175570335,0,0,1882.56
2026-08-15 01:51:06,okx,ETH,ETH-USD-261225-1700-C,2026-12-25,1700,call,0.1806823799850211,0.1795,0.182,0.5343813439727729,0.512908274284188,0.06532913669455824,0.0021127944803323935,-0.00042683738540248646,5062,0,1882.56
2026-08-15 01:51:06,okx,ETH,ETH-USD-261225-1700-P,2026-12-25,1700,put,0.0755866655085978,0.0755,0.0765,0.5343813439727729,-0.38198187875057066,1.8551094427640755,0.0021127944803323935,-0.00042683738540248646,4846,0,1882.56
2026-08-15 01:51:06,okx,ETH,ETH-USD-260817-1860-C,2026-08-17,1860,call,0.0150433971529065,0.014,0.0155,0.23914258385057577,0.730327799458068,15.601222939494747,0.00025221530353901984,-0.0013361670152119258,108,0,1882.56
2026-08-15 01:51:06,okx,ETH,ETH-USD-260817-1860-P,2026-08-17,1860,put,0.0028980627245961,0.0027,0.003,0.23914258385057577,-0.2574387201382524,17.576755978687387,0.00025221530353901984,-0.001336557302387377,2067,734,1882.56
2026-08-15 01:51:06,okx,ETH,ETH-USD-261030-1100-P,2026-10-30,1100,put,0.0041481319756117,0.0043,0.0044,0.6904269252529223,-0.03435380463751829,0.28552940796947623,0.000312754123819917,-0.00014158443683786177,1741,0,1882.56
2026-08-15 01:51:06,okx,ETH,ETH-USD-261030-1100-C,2026-10-30,1100,call,0.4230035733056742,0.3825,0.4895,0.6904269252529223,0.5467631230059948,-0.87670444731755,0.000312754123819917,-0.00014158443683786177,0,0,1882.56
2026-08-15 01:51:06,okx,ETH,ETH-USD-261030-1200-P,2026-10-30,1200,put,0.0061032351696986,0.006,0.0065,0.6442144723720349,-0.05113093309669759,0.42430869893474804,0.0004334428982746725,-0.0001830868370571322,2309,0,1882.56
2026-08-15 01:51:06,okx,ETH,ETH-USD-261030-1200-C,2026-10-30,1200,call,0.3721273529843123,0.371,0.3745,0.6442144723720349,0.5828148061507713,-0.8435827795601898,0.0004334428982746725,-0.0001830868370571322,0,0,1882.56
2026-08-15 01:51:06,okx,ETH,ETH-USD-261030-1450-P,2026-10-30,1450,put,0.0172073543129714,0.0175,0.018,0.5606764435443148,-0.13856805567591668,1.0639084358882471,0.0009216027605099394,-0.00033880579509084724,1913,61,1882.56
2026-08-15 01:51:06,okx,ETH,ETH-USD-261030-1450-C,2026-10-30,1450,call,0.2511531633389626,0.2315,0.272,0.5606764435443148,0.6274497125814416,-0.46812710062646934,0.0009216027605099394,-0.00033880579509084724,0,0,1882.56
2026-08-15 01:51:06,okx,ETH,ETH-USD-261030-1500-P,2026-10-30,1500,put,0.0212006224740753,0.0215,0.022,0.5487010401489978,-0.1673703953480174,1.248425487220511,0.0010474046957889061,-0.00037682963821093074,6254,0,1882.56
2026-08-15 01:51:06,okx,ETH,ETH-USD-261030-1500-C,2026-10-30,1500,call,0.2287307697423423,0.223,0.252,0.5487010401489978,0.6250617787113187,-0.3364388608981614,0.0010474046957889061,-0.00037682963821093074,0,0,1882.56
2026-08-15 01:51:06,okx,ETH,ETH-USD-261030-1300-P,2026-10-30,1300,put,0.0091718397479998,0.0095,0.01,0.605696082559918,-0.07654788147460743,0.6239772849483043,0.00059586626094666,-0.00023664553444016455,7887,0,1882.56
2026-08-15 01:51:06,okx,ETH,ETH-USD-261030-1300-C,2026-10-30,1300,call,0.3223646340471646,0.2745,0.4055,0.605696082559918,0.6102266693768172,-0.7495718167545449,0.00059586626094666,-0.00023664553444016455,0,0,1882.56
2026-08-15 01:51:06,okx,ETH,ETH-USD-261030-1400-P,2026-10-30,1400,put,0.0139448634337886,0.014,0.015,0.5741070217667671,-0.11409906372316901,0.8977168973430617,0.0008030415153145075,-0.0003022912731916801,3289,60,1882.56
2026-08-15 01:51:06,okx,ETH,ETH-USD-261030-1400-C,2026-10-30,1400,call,0.2743063342175045,0.2615,0.3645,0.5741070217667671,0.6255042987322114,-0.581489827567699,0.0008030415153145075,-0.0003022912731916801,0,0,1882.56
2026-08-15 01:51:06,okx,ETH,ETH-USD-261030-1650-P,2026-10-30,1650,put,0.0387406635447925,0.039,0.0395,0.5206511603146294,-0.2819307000038827,1.8795543651080506,0.0014311454541036078,-0.0004885683947810067,4149,0,1882.56
2026-08-15 01:51:06,okx,ETH,ETH-USD-261030-1650-C,2026-10-30,1650,call,0.1670238255398861,0.1615,0.168,0.5206511603146294,0.5897446914613871,0.1362035821775109,0.0014311454541036078,-0.0004885683947810067,990,0,1882.56
2026-08-15 01:51:06,okx,ETH,ETH-USD-261030-1700-P,2026-10-30,1700,put,0.046811743552737,0.0465,0.0475,0.5136583722875814,-0.32939366521739627,2.098913339722497,0.001545458144067806,-0.0005205067573117656,2956,6,1882.56
2026-08-15 01:51:06,okx,ETH,ETH-USD-261030-1700-C,2026-10-30,1700,call,0.1486792437901062,0.1475,0.15,0.5136583722875814,0.5686961320498513,0.3027337451880017,0.001545458144067806,-0.0005205067573117656,100,0,1882.56
2026-08-15 01:51:06,okx,ETH,ETH-USD-261030-1550-P,2026-10-30,1550,put,0.0260425034953261,0.0265,0.027,0.5380937287406307,-0.20079520571721352,1.4487045674415278,0.0011771568758403444,-0.00041532399948780545,5702,140,1882.56
2026-08-15 01:51:06,okx,ETH,ETH-USD-261030-1550-C,2026-10-30,1550,call,0.2071569890058686,0.187,0.23,0.5380937287406307,0.6180513741441005,-0.18898859228110024,0.0011771568758403444,-0.00041532399948780545,0,0,1882.56
2026-08-15 01:51:06,okx,ETH,ETH-USD-261030-1600-P,2026-10-30,1600,put,0.03185144994925,0.032,0.033,0.5287706084372585,-0.2389907748627788,1.6608030467966373,0.0013066789601459288,-0.000453034168665686,28090,51,1882.56
2026-08-15 01:51:06,okx,ETH,ETH-USD-261030-1600-C,2026-10-30,1600,call,0.1865502737020681,0.1815,0.1885,0.5287706084372585,0.606270210800513,-0.02971892452994634,0.0013066789601459288,-0.000453034168665686,1340,0,1882.56
2026-08-15 01:51:06,okx,ETH,ETH-USD-261030-1850-P,2026-10-30,1850,put,0.0788361526982246,0.078,0.0795,0.49872345436983195,-0.4938901879284931,2.698042478971766,0.0017819882981733154,-0.0005827192889045771,4699,0,1882.56
2026-08-15 01:51:06,okx,ETH,ETH-USD-261030-1850-C,2026-10-30,1850,call,0.1014566676624206,0.101,0.102,0.49872345436983195,0.48344282674468814,0.7433764496254033,0.0017819882981733154,-0.0005827192889045771,80,0,1882.56
2026-08-15 01:51:06,okx,ETH,ETH-USD-261030-1900-P,2026-10-30,1900,put,0.0922272737402692,0.0915,0.093,0.49553858686433483,-0.5536906248361859,2.8604920201484596,0.0018149690274516601,-0.000589714015307389,4152,17,1882.56
2026-08-15 01:51:06,okx,ETH,ETH-USD-261030-1900-C,2026-10-30,1900,call,0.0884321269467406,0.088,0.089,0.49553858686433483,0.45005679563897316,0.8529971791981416,0.0018149690274516601,-0.000589714015307389,4926,4000,1882.56
2026-08-15 01:51:06,okx,ETH,ETH-USD-261030-1750-P,2026-10-30,1750,put,0.0561485357848685,0.056,0.057,0.5077188028761467,-0.38096173527731925,2.31245796084929,0.0016447013951708265,-0.000547526396407551,2138,20,1882.56
2026-08-15 01:51:06,okx,ETH,ETH-USD-261030-1750-C,2026-10-30,1750,call,0.1316003742645132,0.1305,0.1325,0.5077188028761467,0.5435424677919062,0.4634495547108396,0.0016447013951708265,-0.000547526396407551,350,0,1882.56
2026-08-15 01:51:06,okx,ETH,ETH-USD-261030-1800-P,2026-10-30,1800,put,0.0668119161224338,0.0665,0.0675,0.5027625956632723,-0.4360391730634692,2.51397607576443,0.0017246121616447394,-0.0005685244639219125,713,5,1882.56
2026-08-15 01:51:06,okx,ETH,ETH-USD-261030-1800-C,2026-10-30,1800,call,0.1158480928443541,0.115,0.1165,0.5027625956632723,0.5148794358077341,0.6121388580220231,0.0017246121616447394,-0.0005685244639219125,100,0,1882.56
2026-08-15 01:51:06,okx,ETH,ETH-USD-261030-2050-P,2026-10-30,2050,put,0.1402463598750691,0.139,0.141,0.490441332222062,-0.7364479423148937,3.2005219622424153,0.0017701872020659658,-0.0005692473445078948,1405,0,1882.56
2026-08-15 01:51:06,okx,ETH,ETH-USD-261030-2050-C,2026-10-30,2050,call,0.0572042278083672,0.0565,0.0575,0.490441332222062,0.3465426955661989,1.0345406864802296,0.0017701872020659658,-0.0005692473445078948,1259,0,1882.56
2026-08-15 01:51:06,okx,ETH,ETH-USD-261030-2100-P,2026-10-30,2100,put,0.1586398206256479,0.157,0.16,0.4900139252475189,-0.7960385689973293,3.2665253293539736,0.0017142040584271596,-0.0005507641887847961,910,0,1882.56
2026-08-15 01:51:06,okx,ETH,ETH-USD-261030-2100-C,2026-10-30,2100,call,0.0491820268012215,0.0485,0.049,0.4900139252475189,0.31336647468574125,1.0477152419878324,0.0017142040584271596,-0.0005507641887847961,4136,0,1882.56
2026-08-15 01:51:06,okx,ETH,ETH-USD-261030-1950-P,2026-10-30,1950,put,0.1069634660441473,0.106,0.108,0.4931480591785084,-0.6145863107156782,2.998719595626465,0.0018231475005465758,-0.0005895136804421777,630,0,1882.56
2026-08-15 01:51:06,okx,ETH,ETH-USD-261030-1950-C,2026-10-30,1950,call,0.0767526574928942,0.076,0.077,0.4931480591785084,0.4155755155614588,0.9383959430721912,0.0018231475005465758,-0.0005895136804421777,1529,0,1882.56
2026-08-15 01:51:06,okx,ETH,ETH-USD-261030-2000-P,2026-10-30,2000,put,0.1229931524832169,0.1215,0.1235,0.4914704259958614,-0.6757529320227434,3.111858569251118,0.001807504818628924,-0.0005824673773028519,736,0,1882.56
2026-08-15 01:51:06,okx,ETH,ETH-USD-261030-2000-C,2026-10-30,2000,call,0.0663666821742395,0.0655,0.0665,0.4914704259958614,0.3808233000563714,0.9987061050928884,0.001807504818628924,-0.0005824673773028519,1803,0,1882.56
2026-08-15 01:51:06,okx,ETH,ETH-USD-261030-2300-P,2026-10-30,2300,put,0.2416740993575452,0.2335,0.4325,0.4934797178324652,-1.015263621152895,3.3647639914537213,0.0013755759948091398,-0.0004450908326059795,0,0,1882.56
2026-08-15 01:51:06,okx,ETH,ETH-USD-261030-2300-C,2026-10-30,2300,call,0.0265536585022212,0.026,0.0265,0.4934797178324652,0.1997990457380872,0.9346386576717568,0.0013755759948091398,-0.0004450908326059795,5864,0,1882.56
2026-08-15 01:51:06,okx,ETH,ETH-USD-261030-2400-P,2026-10-30,2400,put,0.2874987071238619,0.2785,0.481,0.49779884368882127,-1.1111170159642554,3.360638285749289,0.0011839484018283932,-0.00038643941177570574,0,0,1882.56
2026-08-15 01:51:06,okx,ETH,ETH-USD-261030-2400-C,2026-10-30,2400,call,0.019546942753089,0.0185,0.019,0.49779884368882127,0.15677446253068236,0.8248553287594135,0.0011839484018283932,-0.00038643941177570574,4357,0,1882.56
2026-08-15 01:51:06,okx,ETH,ETH-USD-261030-2150-P,2026-10-30,2150,put,0.1780794895374609,0.1765,0.1795,0.4901441614963242,-0.854020830549728,3.312597641768736,0.0016430890055265715,-0.0005280556292300263,630,0,1882.56
2026-08-15 01:51:06,okx,ETH,ETH-USD-261030-2150-C,2026-10-30,2150,call,0.0422060339553103,0.0415,0.042,0.4901441614963242,0.2817986189353204,1.0409587427986398,0.0016430890055265715,-0.0005280556292300263,2124,270,1882.56
2026-08-15 01:51:06,okx,ETH,ETH-USD-261030-2200-P,2026-10-30,2200,put,0.1984655232908336,0.197,0.1995,0.49079067745287425,-0.9100258324944261,3.3420162871143986,0.0015605699659682693,-0.0005021972178668056,330,0,1882.56
2026-08-15 01:51:06,okx,ETH,ETH-USD-261030-2200-C,2026-10-30,2200,call,0.0361764059509584,0.0355,0.036,0.49079067745287425,0.2522080227926,1.0175485765403465,0.0015605699659682693,-0.0005021972178668056,1984,3,1882.56
2026-08-15 01:51:06,okx,ETH,ETH-USD-261030-2800-P,2026-10-30,2800,put,0.4856403220563217,0.4685,0.6935,0.5268714978382933,-1.4194539196040579,3.3724592033188325,0.0005873044912904328,-0.00020289099897748342,0,0,1882.56
2026-08-15 01:51:06,okx,ETH,ETH-USD-261030-2800-C,2026-10-30,2800,call,0.0063632636237532,0.006,0.0065,0.5268714978382933,0.05975280530670284,0.4140457534973111,0.0005873044912904328,-0.00020289099897748342,3714,40,1882.56
2026-08-15 01:51:06,okx,ETH,ETH-USD-261030-3000-P,2026-10-30,3000,put,0.5889131865307875,0.564,0.8045,0.5460702412084557,-1.5461420427510428,3.456312662139588,0.00041530424437591856,-0.00014869954259288365,0,0,1882.56
2026-08-15 01:51:06,okx,ETH,ETH-USD-261030-3000-C,2026-10-30,3000,call,0.0039734810673214,0.0036,0.0038,0.5460702412084557,0.038722305367629335,0.2865839659022436,0.00041530424437591856,-0.00014869954259288365,1509,0,1882.56
2026-08-15 01:51:06,okx,ETH,ETH-USD-261030-2500-P,2026-10-30,2500,put,0.3352767873627182,0.3255,0.5315,0.5035006159694785,-1.1981782407606705,3.3495676891270114,0.001002701185661065,-0.00033102918740853774,0,0,1882.56
2026-08-15 01:51:06,okx,ETH,ETH-USD-261030-2500-C,2026-10-30,2500,call,0.0144936994764962,0.014,0.0145,0.5035006159694785,0.12254204933822291,0.7081271089292241,0.001002701185661065,-0.00033102918740853774,4665,30,1882.56
2026-08-15 01:51:06,okx,ETH,ETH-USD-261030-2600-P,2026-10-30,2600,put,0.38447743656401,0.3695,0.5855,0.5103685808674845,-1.2776666574902593,3.344221527093829,0.0008411661345491068,-0.0002814883747552532,0,0,1882.56
2026-08-15 01:51:06,okx,ETH,ETH-USD-261030-2600-C,2026-10-30,2600,call,0.0108630251623394,0.0105,0.011,0.5103685808674845,0.09588244421258971,0.5971233236881306,0.0008411661345491068,-0.0002814883747552532,2268,112,1882.56
2026-08-15 01:51:06,okx,ETH,ETH-USD-261030-3200-P,2026-10-30,3200,put,0.6932508758129297,0.6875,0.6995,0.5670306125582043,-1.6642065438148343,3.583418723410128,0.0003020916122280602,-0.00011231555984875805,100,0,1882.56
2026-08-15 01:51:06,okx,ETH,ETH-USD-261030-3200-C,2026-10-30,3200,call,0.0026485233185659,0.0023,0.0025,0.5670306125582043,0.026315427511749076,0.20237478075696047,0.0003020916122280602,-0.00011231555984875805,228,3,1882.56
2026-08-15 01:51:06,okx,ETH,ETH-USD-260818-1800-C,2026-08-18,1800,call,0.0452165238801059,0.005,0.129,0.3427512365658731,0.8750868203214369,2.8236005432809645,0.0001398537108390909,-0.0007346028076280265,0,0,1882.56
2026-08-15 01:51:06,okx,ETH,ETH-USD-260818-1800-P,2026-08-18,1800,put,0.0011829086310504,0.0012,0.0013,0.3427512365658731,-0.08075984047791938,4.735293864879677,0.0001398537108390909,-0.0007360164737522384,174,174,1882.56
2026-08-15 01:51:06,okx,ETH,ETH-USD-260818-1775-C,2026-08-18,1775,call,0.057979856462246,0.005,0.1735,0.37372831607011914,0.8964101853546743,0.9159033514163223,0.00009031106429962835,-0.0005164061365690055,0,0,1882.56
2026-08-15 01:51:06,okx,ETH,ETH-USD-260818-1775-P,2026-08-18,1775,put,0.0006703816266349,0.0008,0.0009,0.37372831607011914,-0.04616082737802434,2.80104537688172,0.00009031106429962835,-0.0005182458600628001,231,231,1882.56
2026-08-15 01:51:06,okx,ETH,ETH-USD-260818-1750-C,2026-08-18,1750,call,0.0709729049789125,0.005,0.186,0.4040433757566123,0.9025884065300165,-0.20633522615345315,0.00005763067046815858,-0.0003552732501010344,0,0,1882.56
2026-08-15 01:51:06,okx,ETH,ETH-USD-261225-1500-C,2026-12-25,1500,call,0.252540255361887,0.2515,0.254,0.5585153288506848,0.5554948677609719,-0.29874704407389363,0.0016437816782667151,-0.0003470828397315219,666,0,1882.56
2026-08-15 01:51:06,okx,ETH,ETH-USD-260818-1750-P,2026-08-18,1750,put,0.000387570556746,0.0005,0.0006,0.4040433757566123,-0.026706958136024393,1.6522555031786286,0.00005763067046815858,-0.0003575390309644119,398,398,1882.56
2026-08-15 01:51:06,okx,ETH,ETH-USD-261225-1500-P,2026-12-25,1500,put,0.0421616837650429,0.042,0.043,0.5585153288506848,-0.23411409079910928,1.2804708730462688,0.0016437816782667151,-0.0003470828397315219,20795,637,1882.56
2026-08-15 01:51:06,okx,ETH,ETH-USD-260818-1870-C,2026-08-18,1870,call,0.0141482071064367,0.0135,0.0145,0.2758689770017612,0.5952330660370165,13.538834060306622,0.0003624976729970937,-0.0015350992298005836,200,200,1882.56
2026-08-15 01:51:06,okx,ETH,ETH-USD-260818-1870-P,2026-08-18,1870,put,0.0072869986997366,0.007,0.0075,0.2758689770017612,-0.3977854093489815,15.524871011078618,0.0003624976729970937,-0.0015353199352899636,0,0,1882.56
2026-08-15 01:51:06,okx,ETH,ETH-USD-260818-1860-C,2026-08-18,1860,call,0.0177491084915738,0.017,0.018,0.2821907109738802,0.6642175105957246,12.051079580265029,0.0003368242231190541,-0.0014589260748541953,0,0,1882.56
2026-08-15 01:51:06,okx,ETH,ETH-USD-260818-1860-P,2026-08-18,1860,put,0.0055775562502516,0.005,0.006,0.2821907109738802,-0.32349070556361026,14.026496012583697,0.0003368242231190541,-0.0014593172032914086,109,109,1882.56
2026-08-15 01:51:06,okx,ETH,ETH-USD-260818-1850-C,2026-08-18,1850,call,0.021736603670141,0.021,0.022,0.2898197149931378,0.7231029612257419,10.284748841040908,0.0003033063692197864,-0.0013490924632318798,312,312,1882.56
2026-08-15 01:51:06,okx,ETH,ETH-USD-260828-1000-C,2026-08-28,1000,call,0.4691831881656928,0.4635,0.5355,0.7464408005895368,0.5307287232453817,-1.061356522408674,0.000000027360048444161575,0.0000034644164261033134,5,0,1882.56
2026-08-15 01:51:06,okx,ETH,ETH-USD-260818-1850-P,2026-08-18,1850,put,0.0042547075941964,0.0041,0.0043,0.2898197149931378,-0.25929499570693,12.249544754906253,0.0003033063692197864,-0.001349654014616926,36,36,1882.56
2026-08-15 01:51:06,okx,ETH,ETH-USD-260828-1000-P,2026-08-28,1000,put,0.000000090148566,,0.0002,0.7464408005895368,-0.0000031274471797893628,0.00010717897644865827,0.000000027360048444161575,-0.00000007702981177471456,3864,0,1882.56
2026-08-15 01:51:06,okx,ETH,ETH-USD-260818-1825-C,2026-08-18,1825,call,0.0329478546828756,0.005,0.0595,0.3138079849655435,0.8245233239827966,5.947538576939588,0.0002126682463097604,-0.0010237053914878829,0,0,1882.56
2026-08-15 01:51:06,okx,ETH,ETH-USD-260828-1550-C,2026-08-28,1550,call,0.1783819909016223,0.1765,0.18,0.5445921249466534,0.794873080448879,-0.9953575143611643,0.00011756242779051984,-0.00024013878809568722,571,0,1882.56
2026-08-15 01:51:06,okx,ETH,ETH-USD-260818-1825-P,2026-08-18,1825,put,0.0021900990203755,0.0022,0.0023,0.3138079849655435,-0.1445989848832175,7.885783194671615,0.0002126682463097604,-0.001024693000242512,1939,1939,1882.56
2026-08-15 01:51:06,okx,ETH,ETH-USD-260828-1550-P,2026-08-28,1550,put,0.0010931575924499,0.0011,0.0012,0.5445921249466534,-0.02776128812459127,0.6499112227857764,0.00011756242779051984,-0.00024147685117087425,12744,60,1882.56
2026-08-15 01:51:06,okx,ETH,ETH-USD-260818-1910-C,2026-08-18,1910,call,0.0044739561517828,0.0043,0.0046,0.2654379996482605,0.2844679719291391,13.060312981930837,0.0003227418355034549,-0.0013153090366601564,16,16,1882.56
2026-08-15 01:51:06,okx,ETH,ETH-USD-260818-1910-P,2026-08-18,1910,put,0.0188541230835714,0.0185,0.0195,0.2654379996482605,-0.7297915403635113,15.088832006516139,0.0003227418355034549,-0.0013148480503582041,144,144,1882.56
2026-08-15 01:51:06,okx,ETH,ETH-USD-260818-1900-C,2026-08-18,1900,call,0.0061633459910015,0.006,0.0065,0.2656373932675758,0.35819406073176197,14.254961044615992,0.0003547892024674891,-0.001446961850130724,103,107,1882.56
2026-08-15 01:51:06,okx,ETH,ETH-USD-260818-1900-P,2026-08-18,1900,put,0.015233169088168,0.015,0.016,0.2656373932675758,-0.6507551923342253,16.272859550747967,0.0003547892024674891,-0.0014466712867766043,108,108,1882.56
2026-08-15 01:51:06,okx,ETH,ETH-USD-260818-1890-C,2026-08-18,1890,call,0.0083277050070266,0.008,0.0085,0.26746151816031966,0.437809268998825,14.770929821045748,0.0003733361953792177,-0.0015330013100727127,1061,1065,1882.56
2026-08-15 01:51:06,okx,ETH,ETH-USD-260818-1890-P,2026-08-18,1890,put,0.012087184269571,0.0115,0.0125,0.26746151816031966,-0.5658297248404991,16.778207808724396,0.0003733361953792177,-0.0015328811696664266,800,865,1882.56
2026-08-15 01:51:06,okx,ETH,ETH-USD-260818-1880-C,2026-08-18,1880,call,0.0109940825680918,0.0105,0.0115,0.27092995397662817,0.5184675017458149,14.508611937429592,0.00037573640422084,-0.0015627844328917778,200,200,1882.56
2026-08-15 01:51:06,okx,ETH,ETH-USD-260818-1880-P,2026-08-18,1880,put,0.009443217996014,0.009,0.01,0.27092995397662817,-0.4798612328668461,16.50526940665491,0.00037573640422084,-0.0015628347154333247,3,3,1882.56
2026-08-15 01:51:06,okx,ETH,ETH-USD-260818-2000-C,2026-08-18,2000,call,0.0002931937954894,0.0001,0.0003,0.32467782618506796,0.025219185827386626,1.888045200357523,0.00005614809158140664,-0.00027991741243355294,0,0,1882.56
2026-08-15 01:51:06,okx,ETH,ETH-USD-260818-2000-P,2026-08-18,2000,put,0.062466455238878,0.005,0.1955,0.32467782618506796,-1.0368326595052315,4.012148891022759,0.00005614809158140664,-0.00027792261960110247,0,0,1882.56
2026-08-15 01:51:06,okx,ETH,ETH-USD-260818-1975-C,2026-08-18,1975,call,0.0005423211315925,0.0004,0.0005,0.29908895347889713,0.04637943523370222,3.3771872490845634,0.00009258557957288538,-0.00042518978800818174,221,434,1882.56
2026-08-15 01:51:06,okx,ETH,ETH-USD-260818-1975-P,2026-08-18,1975,put,0.0494397229884254,0.005,0.1775,0.29908895347889713,-1.0023967620322582,5.474739643616485,0.00009258557957288538,-0.00042362105254531413,0,0,1882.56
2026-08-15 01:51:06,okx,ETH,ETH-USD-260818-1950-C,2026-08-18,1950,call,0.0011603026721532,0.001,0.0011,0.2796782490689203,0.09370014970906426,6.203853438827495,0.000159464860387025,-0.0006847892682074043,2306,2317,1882.56
2026-08-15 01:51:06,okx,ETH,ETH-USD-261225-2100-P,2026-12-25,2100,put,0.1894245291041604,0.1885,0.1905,0.5164705809706206,-0.7557392943724277,2.776927390988414,0.002368172826779562,-0.0004623947467746228,760,1211,1882.56
2026-08-15 01:51:06,okx,ETH,ETH-USD-260818-1950-P,2026-08-18,1950,put,0.0367818449424306,0.005,0.159,0.2796782490689203,-0.9418003994902385,8.274854537226101,0.000159464860387025,-0.0006836465901141196,0,0,1882.56
2026-08-15 01:51:06,okx,ETH,ETH-USD-261225-2100-C,2026-12-25,2100,call,0.0839545293397421,0.0835,0.0845,0.5164705809706206,0.34971324761168593,0.5660223070201865,0.002368172826779562,-0.0004623947467746228,2617,0,1882.56
2026-08-15 01:51:06,okx,ETH,ETH-USD-260816-1840-C,2026-08-16,1840,call,0.022605011375783,0.0055,0.1095,0.20998761576213382,0.9451529409818259,3.9661343057759133,0.000042325159276823697,-0.0003530259466722223,0,0,1882.56
2026-08-15 01:51:06,okx,ETH,ETH-USD-260818-1925-C,2026-08-18,1925,call,0.0027016222703288,0.0026,0.0027,0.26807058921743654,0.19227356050767205,10.503332388899503,0.00026038305624136984,-0.0010717256275599464,812,832,1882.56
2026-08-15 01:51:06,okx,ETH,ETH-USD-260816-1840-P,2026-08-16,1840,put,0.0001511720810534,0.0002,0.0004,0.20998761576213382,-0.0323568082280855,5.921153804195736,0.000042325159276823697,-0.0003537464358341942,1718,1117,1882.56
2026-08-15 01:51:06,okx,ETH,ETH-USD-260818-1925-P,2026-08-18,1925,put,0.0250473049540508,0.005,0.081,0.26807058921743654,-0.829951340624973,12.547782191164794,0.00026038305624136984,-0.0010710090068362444,0,0,1882.56
2026-08-15 01:51:06,okx,ETH,ETH-USD-260816-1920-C,2026-08-16,1920,call,0.0000947241379044,0.0001,0.0002,0.1729215196477115,0.025375135417482913,5.801549881210989,0.00003482946808594229,-0.00023971551485621543,3468,2996,1882.56
2026-08-15 01:51:06,okx,ETH,ETH-USD-261127-1300-C,2026-11-27,1300,call,0.3299442368332335,0.327,0.333,0.5997344970190002,0.579664988082747,-0.651246749731465,0.0008703681267420609,-0.0002503398881794933,0,0,1882.56
2026-08-15 01:51:06,okx,ETH,ETH-USD-260816-1920-P,2026-08-16,1920,put,0.020141139097103,0.0065,0.121,0.1729215196477115,-0.9946350376711203,7.841570227388195,0.00003482946808594229,-0.0002390720315241147,0,0,1882.56
2026-08-15 01:51:06,okx,ETH,ETH-USD-261127-1300-P,2026-11-27,1300,put,0.0154482454474175,0.0155,0.016,0.5997344970190002,-0.10577323862567878,0.7196297036853867,0.0008703681267420609,-0.0002503398881794933,200,200,1882.56
2026-08-15 01:51:06,okx,ETH,ETH-USD-261127-1200-C,2026-11-27,1200,call,0.377837459748676,0.375,0.381,0.6295679613500349,0.5589408440660103,-0.7492950979364651,0.0006628133392845332,-0.0002001252575130918,0,0,1882.56
2026-08-15 01:51:06,okx,ETH,ETH-USD-261127-1200-P,2026-11-27,1200,put,0.0106103907771534,0.0105,0.011,0.6295679613500349,-0.07377136520330592,0.5161293206021673,0.0006628133392845332,-0.0002001252575130918,200,200,1882.56
2026-08-15 01:51:06,okx,ETH,ETH-USD-261127-1100-C,2026-11-27,1100,call,0.427272885326986,0.4245,0.43,0.6656093074109527,0.5289759402002051,-0.7976911428755837,0.0004948084788805047,-0.00015795179441231323,0,0,1882.56
2026-08-15 01:51:06,okx,ETH,ETH-USD-261225-2300-C,2026-12-25,2300,call,0.055951005850137,0.055,0.056,0.5165871075704451,0.26699221127937384,0.6204293003814648,0.002160868159087789,-0.00042201291585312303,977,120,1882.56
2026-08-15 01:51:06,okx,ETH,ETH-USD-261127-1100-P,2026-11-27,1100,put,0.0073147387697572,0.007,0.0075,0.6656093074109527,-0.05101025163000139,0.36228124078482926,0.0004948084788805047,-0.00015795179441231323,0,0,1882.56
2026-08-15 01:51:06,okx,ETH,ETH-USD-261225-2300-P,2026-12-25,2300,put,0.2667038627349762,0.265,0.2795,0.5165871075704451,-0.9437415251794172,3.041896773299047,0.002160868159087789,-0.00042201291585312303,0,0,1882.56
2026-08-15 01:51:06,okx,ETH,ETH-USD-260818-2025-C,2026-08-18,2025,call,0.0001844455917131,,0.0002,0.3547425740631473,0.015438210563428128,1.1395418652126204,0.00003704031374493058,-0.00020175862760348962,1,1,1882.56
2026-08-15 01:51:06,okx,ETH,ETH-USD-260818-2025-P,2026-08-18,2025,put,0.0756335666216572,0.005,0.2105,0.3547425740631473,-1.0598892828358477,3.290196852011172,0.00003704031374493058,-0.0001993377774014564,0,0,1882.56
2026-08-15 01:51:06,okx,ETH,ETH-USD-261127-1600-C,2026-11-27,1600,call,0.2015937416589188,0.199,0.2025,0.539972478577077,0.5667703838130379,-0.07725516839455399,0.0016291537585966555,-0.0004218924415545722,0,0,1882.56
2026-08-15 01:51:06,okx,ETH,ETH-USD-261127-1600-P,2026-11-27,1600,put,0.0452909830302222,0.0455,0.046,0.539972478577077,-0.2768458952127171,1.609977389656956,0.0016291537585966555,-0.0004218924415545722,200,200,1882.56
2026-08-15 01:51:06,okx,ETH,ETH-USD-261127-1550-C,2026-11-27,1550,call,0.220913543585813,0.218,0.222,0.5473081903110906,0.5775235640514623,-0.19355089890636545,0.0015031025903982443,-0.00039453779718758025,0,0,1882.56
2026-08-15 01:51:06,okx,ETH,ETH-USD-261127-1550-P,2026-11-27,1550,put,0.0382452461642633,0.038,0.039,0.5473081903110906,-0.2397297062547378,1.4409556417060347,0.0015031025903982443,-0.00039453779718758025,200,200,1882.56
2026-08-15 01:51:06,okx,ETH,ETH-USD-261127-1500-C,2026-11-27,1500,call,0.2411678604445545,,,0.5555960546786615,0.5848072181589028,-0.3046909758048283,0.0013726060885013735,-0.0003657405545277256,0,0,1882.56
2026-08-15 01:51:06,okx,ETH,ETH-USD-261127-1500-P,2026-11-27,1500,put,0.0321340242301513,0.032,0.0325,0.5555960546786615,-0.2060830434277425,1.2770895473684623,0.0013726060885013735,-0.0003657405545277256,234,234,1882.56
2026-08-15 01:51:06,okx,ETH,ETH-USD-261127-1400-C,2026-11-27,1400,call,0.2841702924668436,,,0.5753113460580203,0.5888743841348361,-0.5011183394354255,0.0011118944291059639,-0.00030678529456596354,0,0,1882.56
2026-08-15 01:51:06,okx,ETH,ETH-USD-261127-1400-P,2026-11-27,1400,put,0.0224053786667341,0.0225,0.023,0.5753113460580203,-0.14928986001269964,0.9752101488596457,0.0011118944291059639,-0.00030678529456596354,200,200,1882.56
2026-08-15 01:51:06,okx,ETH,ETH-USD-261127-1800-C,2026-11-27,1800,call,0.1348180920462406,0.1335,0.136,0.5189129816476308,0.4933914060634439,0.3767618779618279,0.0020210311283821044,-0.0005029624735320598,0,0,1882.56
2026-08-15 01:51:06,okx,ETH,ETH-USD-261127-1800-P,2026-11-27,1800,put,0.083977488588957,0.084,0.085,0.5189129816476308,-0.4556769078405305,2.2748985057697766,0.0020210311283821044,-0.0005029624735320598,0,0,1882.56
2026-08-15 01:51:06,okx,ETH,ETH-USD-261127-1750-C,2026-11-27,1750,call,0.1498539680514207,0.1485,0.151,0.5230490238474059,0.515635859286517,0.27120342365868155,0.0019459018459651264,-0.00048812535931075986,0,0,1882.56
2026-08-15 01:51:06,okx,ETH,ETH-USD-261127-1750-P,2026-11-27,1750,put,0.0726478258012838,0.0725,0.074,0.5230490238474059,-0.4070694458979024,2.1166140340275206,0.0019459018459651264,-0.00048812535931075986,201,201,1882.56
2026-08-15 01:51:06,okx,ETH,ETH-USD-261127-1700-C,2026-11-27,1700,call,0.1660152429398478,0.1645,0.167,0.5279016570526411,0.5355383808346091,0.15834033053906152,0.0018537935319173613,-0.00046933444924075887,0,0,1882.56
2026-08-15 01:51:06,okx,ETH,ETH-USD-261127-1700-P,2026-11-27,1700,put,0.0624435618968577,0.0625,0.0635,0.5279016570526411,-0.3608039156302555,1.9510249234687906,0.0018537935319173613,-0.00046933444924075887,200,200,1882.56
2026-08-15 01:51:06,okx,ETH,ETH-USD-261127-1650-C,2026-11-27,1650,call,0.1832757465767093,0.1825,0.1845,0.5335238887276303,0.5526939981221045,0.041121836030975474,0.0017471924486687205,-0.0004470567523307597,0,0,1882.56
2026-08-15 01:51:06,okx,ETH,ETH-USD-261127-1650-P,2026-11-27,1650,put,0.053338526740866,0.0535,0.0545,0.5335238887276303,-0.3172852896232052,1.781080411521595,0.0017471924486687205,-0.0004470567523307597,200,200,1882.56
2026-08-15 01:51:06,okx,ETH,ETH-USD-261127-2000-C,2026-11-27,2000,call,0.0858862542984627,0.0855,0.0865,0.5085872165588902,0.3904287126554627,0.6842652195905408,0.0021283767756396592,-0.0005191370156697197,201,201,1882.56
2026-08-15 01:51:06,okx,ETH,ETH-USD-261127-2000-P,2026-11-27,2000,put,0.1405078060125919,0.1395,0.142,0.5085872165588902,-0.664091636126731,2.793305917154928,0.0021283767756396592,-0.0005191370156697197,0,0,1882.56
2026-08-15 01:51:06,okx,ETH,ETH-USD-261127-1950-C,2026-11-27,1950,call,0.0964807578335545,0.096,0.0975,0.5103256620254986,0.4172980812456764,0.6272401922282191,0.0021308616657108007,-0.0005215196890022123,0,0,1882.56
2026-08-15 01:51:06,okx,ETH,ETH-USD-261127-1950-P,2026-11-27,1950,put,0.1247367707548307,0.124,0.126,0.5103256620254986,-0.6108592588169623,2.683554872353497,0.0021308616657108007,-0.0005215196890022123,200,200,1882.56
2026-08-15 01:51:06,okx,ETH,ETH-USD-261127-1900-C,2026-11-27,1900,call,0.1081455831712505,0.108,0.109,0.5125959754793441,0.44373394069584915,0.5564284309291454,0.0021140745104754675,-0.0005197129361588825,0,0,1882.56
2026-08-15 01:51:06,okx,ETH,ETH-USD-261127-1900-P,2026-11-27,1900,put,0.1100360572996734,0.1095,0.111,0.5125959754793441,-0.5580603906472349,2.5600170936153135,0.0021140745104754675,-0.0005197129361588825,200,200,1882.56
2026-08-15 01:51:06,okx,ETH,ETH-USD-261127-1850-C,2026-11-27,1850,call,0.1209174393092371,0.1205,0.122,0.5154440354770657,0.46926211061849693,0.47249203509200843,0.0020774119542753544,-0.0005135375322704283,0,0,1882.56
2026-08-15 01:51:06,okx,ETH,ETH-USD-261127-1850-P,2026-11-27,1850,put,0.0964423746448067,0.0965,0.0975,0.5154440354770657,-0.5061692120050322,2.4233546803390666,0.0020774119542753544,-0.0005135375322704283,0,0,1882.56
2026-08-15 01:51:06,okx,ETH,ETH-USD-261127-2200-C,2026-11-27,2200,call,0.0531105117753345,0.0525,0.053,0.506050034748242,0.2865297031921022,0.781166617188222,0.0019574636447460907,-0.00047506737746865786,200,200,1882.56
2026-08-15 01:51:06,okx,ETH,ETH-USD-261127-2200-P,2026-11-27,2200,put,0.2131942186608768,0.212,,0.506050034748242,-0.873442680468311,3.1011113845090486,0.0019574636447460907,-0.00047506737746865786,0,0,1882.56
2026-08-15 01:51:06,okx,ETH,ETH-USD-261127-2150-C,2026-11-27,2150,call,0.059987248212909,0.0595,0.0605,0.5060848639568101,0.3113151855026827,0.7749006536949256,0.0020201978149290943,-0.0004903264152579704,1524,1724,1882.56
2026-08-15 01:51:06,okx,ETH,ETH-USD-261127-2150-P,2026-11-27,2150,put,0.193705416305598,0.1925,0.1955,0.5060848639568101,-0.8222941894381754,3.0421194035766423,0.0020201978149290943,-0.0004903264152579704,0,0,1882.56
2026-08-15 01:51:06,okx,ETH,ETH-USD-261127-2100-C,2026-11-27,2100,call,0.0676985944824738,0.067,0.068,0.5064997691107965,0.3370811222180169,0.7574133031593244,0.0020711073696708508,-0.0005030948952332623,200,200,1882.56
2026-08-15 01:51:06,okx,ETH,ETH-USD-261127-2100-P,2026-11-27,2100,put,0.1750512237823097,0.174,0.177,0.5064997691107965,-0.7701652440032863,2.971906035601931,0.0020711073696708508,-0.0005030948952332623,0,0,1882.56
2026-08-15 01:51:06,okx,ETH,ETH-USD-261127-2050-C,2026-11-27,2050,call,0.0763108753968409,0.076,0.077,0.5073235882812023,0.363561471676154,0.7274990264542859,0.0021078722614127575,-0.0005128583009441629,200,200,1882.56
2026-08-15 01:51:06,okx,ETH,ETH-USD-261127-2050-P,2026-11-27,2050,put,0.1572979659038235,0.1565,0.159,0.5073235882812023,-0.7173218858255944,2.8892657414577827,0.0021078722614127575,-0.0005128583009441629,0,0,1882.56
2026-08-15 01:51:06,okx,ETH,ETH-USD-261127-2600-C,2026-11-27,2600,call,0.0202553482142756,0.019,0.02,0.5165697735243677,0.13730518615059037,0.5978396590908069,0.0012872966633315959,-0.0003189155377520363,200,200,1882.56
2026-08-15 01:51:06,okx,ETH,ETH-USD-261127-2600-P,2026-11-27,2600,put,0.3912633654426435,,,0.5165697735243677,-1.2335712672662613,3.3395925659245105,0.0012872966633315959,-0.0003189155377520363,0,0,1882.56
2026-08-15 01:51:06,okx,ETH,ETH-USD-261127-2500-C,2026-11-27,2500,call,0.0256247834270889,0.0245,0.0255,0.5124335338158557,0.1660732147625946,0.6641102254675479,0.0014582026007633046,-0.0003583632411100794,350,350,1882.56
2026-08-15 01:51:06,okx,ETH,ETH-USD-261127-2500-P,2026-11-27,2500,put,0.3439017230697507,,,0.5124335338158557,-1.1520772212151476,3.300411097423032,0.0014582026007633046,-0.0003583632411100794,0,0,1882.56
2026-08-15 01:51:06,okx,ETH,ETH-USD-260925-2300-C,2026-09-25,2300,call,0.0090884724849473,0.0085,0.009,0.47495224212707005,0.11392601773568208,1.0469535621004427,0.0006843691498643297,-0.0003939317466855889,14962,120,1882.56
2026-08-15 01:51:06,okx,ETH,ETH-USD-261127-2400-C,2026-11-27,2400,call,0.0325914727798167,0.0315,0.0325,0.5091991285829419,0.20043140723399963,0.7230468797490242,0.0016346627249895884,-0.00039919386319093003,420,420,1882.56
2026-08-15 01:51:06,okx,ETH,ETH-USD-260925-2300-P,2026-09-25,2300,put,0.228057586322016,0.2265,0.232,0.47495224212707005,-1.1050172551587574,3.4848401078893216,0.0006843691498643297,-0.0003939317466855889,188,0,1882.56
2026-08-15 01:51:06,okx,ETH,ETH-USD-261127-2400-P,2026-11-27,2400,put,0.2981373348367717,,,0.5091991285829419,-1.0649930113046329,3.2538957168262894,0.0016346627249895884,-0.00039919386319093003,0,0,1882.56
2026-08-15 01:51:06,okx,ETH,ETH-USD-261127-2300-C,2026-11-27,2300,call,0.0415875715688707,0.0405,0.0415,0.5070147059980341,0.2406586308275496,0.7657506650235996,0.0018060083612250037,-0.0004391454201075984,200,290,1882.56
2026-08-15 01:51:06,okx,ETH,ETH-USD-261127-2300-P,2026-11-27,2300,put,0.2544023560401195,,,0.5070147059980341,-0.9720397702719731,3.191147467222645,0.0018060083612250037,-0.0004391454201075984,0,0,1882.56
2026-08-15 01:51:06,okx,ETH,ETH-USD-261127-3200-C,2026-11-27,3200,call,0.0059296126238488,0.0049,0.0055,0.5541154082678684,0.046878901362768295,0.2699485272973462,0.0005756522109416202,-0.00015297781328746813,0,0,1882.56
2026-08-15 01:51:06,okx,ETH,ETH-USD-261127-3200-P,2026-11-27,3200,put,0.6933240953664558,,,0.5541154082678684,-1.6403536566887416,3.644413643400366,0.0005756522109416202,-0.00015297781328746813,0,0,1882.56
2026-08-15 01:51:06,okx,ETH,ETH-USD-261127-3000-C,2026-11-27,3000,call,0.0085831985699985,0.0075,0.008,0.5397787980433313,0.06561185384239845,0.35541074474028983,0.0007502875933892987,-0.00019422790776432952,202,202,1882.56
2026-08-15 01:51:06,okx,ETH,ETH-USD-261127-3000-P,2026-11-27,3000,put,0.5905155261411923,,,0.5397787980433313,-1.5161686693308922,3.5189717910868707,0.0007502875933892987,-0.00019422790776432952,0,0,1882.56
2026-08-15 01:51:06,okx,ETH,ETH-USD-261127-2800-C,2026-11-27,2800,call,0.0129438461226094,0.012,0.0125,0.5270466871601035,0.09415401892883904,0.46649703571941437,0.0009857577818873197,-0.0002491651776857376,200,200,1882.56
2026-08-15 01:51:06,okx,ETH,ETH-USD-261127-2800-P,2026-11-27,2800,put,0.4894140185223905,,,0.5270466871601035,-1.3821744693662321,3.4191540123095567,0.0009857577818873197,-0.0002491651776857376,0,0,1882.56
2026-08-15 01:51:06,okx,ETH,ETH-USD-261127-2700-C,2026-11-27,2700,call,0.0161243857578737,0.015,0.0155,0.5214784934100121,0.11356115696959826,0.5306096698465406,0.0011286547454399851,-0.0002822705431893162,250,250,1882.56
2026-08-15 01:51:06,okx,ETH,ETH-USD-261127-2700-P,2026-11-27,2700,put,0.4398634805719481,,,0.5214784934100121,-1.3100413138863631,3.377814611558463,0.0011286547454399851,-0.0002822705431893162,0,0,1882.56
2026-08-15 01:51:06,okx,ETH,ETH-USD-260904-1700-C,2026-09-04,1700,call,0.1075363768017502,0.0965,0.1255,0.45777370854445765,0.7368912707236205,0.7404499856297587,0.0005625219995285772,-0.0006348154899880908,0,0,1882.56
2026-08-15 01:51:06,okx,ETH,ETH-USD-260904-1700-P,2026-09-04,1700,put,0.0092525314855842,0.009,0.0095,0.45777370854445765,-0.16471022446999065,2.5436529760169813,0.0005625219995285772,-0.000635557082545879,1100,1100,1882.56
2026-08-15 01:51:06,okx,ETH,ETH-USD-260904-1650-C,2026-09-04,1650,call,0.1310326389904623,0.0465,0.2335,0.4801410710523447,0.760468830663365,0.12418224847697228,0.0004383609452719954,-0.0005185435866044861,0,0,1882.56
2026-08-15 01:51:06,okx,ETH,ETH-USD-260904-1650-P,2026-09-04,1650,put,0.0062322270320125,0.006,0.0065,0.4801410710523447,-0.1146149734951399,1.8743498567939825,0.0004383609452719954,-0.0005194853440473337,30,30,1882.56
2026-08-15 01:51:06,okx,ETH,ETH-USD-260904-1600-C,2026-09-04,1600,call,0.1555629710658885,0.1425,0.24,0.5055211620722553,0.7690160472939698,-0.3454352708878879,0.0003345788071767631,-0.00041631948186384896,0,0,1882.56
2026-08-15 01:51:06,okx,ETH,ETH-USD-260904-1600-P,2026-09-04,1600,put,0.0042459924651551,0.0043,0.0044,0.5055211620722553,-0.07955006582942888,1.3516969553589093,0.0003345788071767631,-0.00041746140419175596,1770,1770,1882.56
2026-08-15 01:51:06,okx,ETH,ETH-USD-260904-1550-C,2026-09-04,1550,call,0.1807624768404351,,,0.533152566388959,0.7667198506318466,-0.6808520510160275,0.0002522644085410744,-0.0003306215029244559,0,0,1882.56
2026-08-15 01:51:06,okx,ETH,ETH-USD-260904-1550-P,2026-09-04,1550,put,0.002928931597418,0.003,0.0031,0.533152566388959,-0.0553285714564461,0.9632447931605577,0.0002522644085410744,-0.0003319635901374224,290,290,1882.56
2026-08-15 01:51:06,okx,ETH,ETH-USD-260904-1900-C,2026-09-04,1900,call,0.0347518953795037,0.0345,0.035,0.4075350344223055,0.45203946032354475,3.248392533670264,0.0009391545018100935,-0.0009444815112357208,2518,2569,1882.56
2026-08-15 01:51:06,okx,ETH,ETH-USD-260904-1900-P,2026-09-04,1900,put,0.0425343166324725,0.042,0.043,0.4075350344223055,-0.5556327990104912,5.263737052338336,0.0009391545018100935,-0.0009444224442532712,1945,2429,1882.56
2026-08-15 01:51:06,okx,ETH,ETH-USD-260904-1850-C,2026-09-04,1850,call,0.0486814319198151,0.0485,0.049,0.41381708207270024,0.5470767055246935,2.8791378056050427,0.0009124818836213573,-0.0009316944179893474,0,0,1882.56
2026-08-15 01:51:06,okx,ETH,ETH-USD-260904-1850-P,2026-09-04,1850,put,0.0299472865305003,0.0295,0.03,0.41381708207270024,-0.43407786277423627,4.841446942202903,0.0009124818836213573,-0.0009318355158919572,12,14,1882.56
2026-08-15 01:51:06,okx,ETH,ETH-USD-260904-1800-C,2026-09-04,1800,call,0.0657595824819812,0.065,0.0665,0.4243074655457472,0.6302249478292675,2.2382619106452584,0.0008238616419838998,-0.00086237696242692,0,0,1882.56
2026-08-15 01:51:06,okx,ETH,ETH-USD-260904-1800-P,2026-09-04,1800,put,0.0205088704503829,0.0205,0.021,0.4243074655457472,-0.3244119294345562,4.1475356651729065,0.0008238616419838998,-0.0008627182252145894,876,876,1882.56
2026-08-15 01:51:06,okx,ETH,ETH-USD-260904-1750-C,2026-09-04,1750,call,0.0855766636692385,0.0755,0.1025,0.43902546817207777,0.694189839544133,1.475645110692347,0.0006978015453349149,-0.0007555489450698691,0,0,1882.56
2026-08-15 01:51:06,okx,ETH,ETH-USD-260904-1750-P,2026-09-04,1750,put,0.0138093849953563,0.0135,0.014,0.43902546817207777,-0.23392934668458434,3.3318834831497814,0.0006978015453349149,-0.0007560903727425978,1195,1195,1882.56
2026-08-15 01:51:06,okx,ETH,ETH-USD-260904-2100-C,2026-09-04,2100,call,0.0069339233334362,0.0065,0.007,0.41232142333276267,0.13719964017897285,2.0619476998533566,0.0005346119742959959,-0.0005440575168771713,1163,1183,1882.56
2026-08-15 01:51:06,okx,ETH,ETH-USD-260904-2100-P,2026-09-04,2100,put,0.12078261115554,0.11,0.2685,0.41232142333276267,-0.9765433832954882,4.2894337468022785,0.0005346119742959959,-0.0005431977903544838,0,0,1882.56
2026-08-15 01:51:06,okx,ETH,ETH-USD-260904-2050-C,2026-09-04,2050,call,0.0106128430622238,0.0105,0.011,0.4073216819872326,0.19406628553561395,2.5693534938525726,0.0006685373490727014,-0.000672083863986374,1,1,1882.56
2026-08-15 01:51:06,okx,ETH,ETH-USD-260904-2050-P,2026-09-04,2050,put,0.0979449642420438,0.0195,0.1915,0.4073216819872326,-0.8931590469037406,4.743804158731282,0.0006685373490727014,-0.000671424302348746,0,0,1882.56
2026-08-15 01:51:06,okx,ETH,ETH-USD-260904-2000-C,2026-09-04,2000,call,0.016109197431209,0.0155,0.0165,0.40470503770630256,0.26755602270965784,3.017093951066625,0.0007978149919664363,-0.0007968683561136472,89,89,1882.56
2026-08-15 01:51:06,okx,ETH,ETH-USD-260904-2000-P,2026-09-04,2000,put,0.0769247519687454,0.0755,0.1075,0.40470503770630256,-0.7931516186945906,5.138509233875121,0.0007978149919664363,-0.0007964089593610787,0,0,1882.56
2026-08-15 01:51:06,okx,ETH,ETH-USD-260904-1950-C,2026-09-04,1950,call,0.0239930539699106,0.0235,0.0245,0.4046989152163923,0.35563690679999305,3.2805523809275012,0.0008965388287893181,-0.0008954170701983632,2260,2260,1882.56
2026-08-15 01:51:06,okx,ETH,ETH-USD-260904-1950-P,2026-09-04,1950,put,0.0582920418651631,0.0575,0.059,0.4046989152163923,-0.6785530435691493,5.348932281665785,0.0008965388287893181,-0.000895157838330854,0,0,1882.56
