snapshot_utc,exchange,underlying,instrument,expiry,strike,type,mark_price,bid,ask,mark_iv,delta,gamma,vega,theta,open_interest,volume_24h,underlying_price
2026-08-20 01:53:12,okx,BTC,BTC-USD-260823-63750-C,2026-08-23,63750,call,0.0856482522407706,0.085,0.087,0.44240315001532593,0.8988898621801199,-0.864584004040856,0.00003681430845938659,-0.00025019941800878193,2,2,69701.7
2026-08-20 01:53:12,okx,BTC,BTC-USD-260828-64500-C,2026-08-28,64500,call,0.0775564514553702,0.0765,0.079,0.38508086956289345,0.83856853740587,0.9836667631252061,0.0002317267805936422,-0.000540092657018088,1663,695,69701.7
2026-08-20 01:53:12,okx,BTC,BTC-USD-260823-63750-P,2026-08-23,63750,put,0.000233725439236,0.0001,0.0002,0.44240315001532593,-0.015749410465359104,0.9646945412501019,0.00003681430845938659,-0.00025019941800878193,334,336,69701.7
2026-08-20 01:53:12,okx,BTC,BTC-USD-260828-64500-P,2026-08-28,64500,put,0.0022705001468735,0.0022,0.0023,0.38508086956289345,-0.08617130100843917,2.833146439953824,0.0002317267805936422,-0.0005404858462146393,5433,5209,69701.7
2026-08-20 01:53:12,okx,BTC,BTC-USD-260820-67000-P,2026-08-20,67000,put,0.0000847122233488,,0.0002,0.6741077600831944,-0.013639779604045539,1.9760163272482465,0.000009168866994435418,-0.00030903962569939225,11229,28751,69701.7
2026-08-20 01:53:12,okx,BTC,BTC-USD-260820-67000-C,2026-08-20,67000,call,0.0385883418536629,0.0375,0.0395,0.6741077600831944,0.947913086369123,0.0529105953019091,0.000009168866994435418,-0.0003087713271711408,17064,23671,69701.7
2026-08-20 01:53:12,okx,BTC,BTC-USD-261225-50000-C,2026-12-25,50000,call,0.3075302942385929,0.3065,0.313,0.49910818923669453,0.5996731489096895,-0.6360103804770024,0.0009802645541169964,-0.0001919437451863283,510,0,69701.7
2026-08-20 01:53:12,okx,BTC,BTC-USD-261225-45000-P,2026-12-25,45000,put,0.009121221972704,0.009,0.0095,0.5435905582503633,-0.06741988621634815,0.4976701869078821,0.0006876330639492408,-0.00014685847443405921,24270,2140,69701.7
2026-08-20 01:53:12,okx,BTC,BTC-USD-260828-46000-C,2026-08-28,46000,call,0.3405775615789305,0.34,0.3415,0.9710220987017779,0.6576968922318353,-1.2773084782906567,0.000008363691224365983,-0.00004741173391657776,20,0,69701.7
2026-08-20 01:53:12,okx,BTC,BTC-USD-261225-45000-C,2026-12-25,45000,call,0.372868278815534,0.3715,0.377,0.5435905582503633,0.5687626169017856,-0.7746948193283854,0.0006876330639492408,-0.0001465131809010244,174,0,69701.7
2026-08-20 01:53:12,okx,BTC,BTC-USD-260828-46000-P,2026-08-28,46000,put,0.0000759260348436,,0.0004,0.9710220987017779,-0.0018074886527883927,0.04170028347859057,0.000008363691224365983,-0.000049191414203282394,16197,0,69701.7
2026-08-20 01:53:12,okx,BTC,BTC-USD-261225-60000-C,2026-12-25,60000,call,0.1891743820884135,0.189,0.19,0.4367774696570053,0.5891407476352615,-0.025432213585183328,0.0017555529083903918,-0.0003011003211486115,1004,0,69701.7
2026-08-20 01:53:12,okx,BTC,BTC-USD-261225-55000-P,2026-12-25,55000,put,0.0232897449333836,0.023,0.0235,0.46370288592243236,-0.1689087143815248,1.1725796909762292,0.0013495338038227453,-0.00024585580411505835,12550,291,69701.7
2026-08-20 01:53:12,okx,BTC,BTC-USD-261225-55000-C,2026-12-25,55000,call,0.2456741051340758,0.2445,0.2505,0.46370288592243236,0.6086476783184164,-0.38253309442365313,0.0013495338038227453,-0.0002456447309127266,680,0,69701.7
2026-08-20 01:53:12,okx,BTC,BTC-USD-261225-50000-P,2026-12-25,50000,put,0.0144645857168319,0.0145,0.015,0.49910818923669453,-0.10719629899934797,0.7777285153410727,0.0009802645541169964,-0.00019222192855401158,15854,619,69701.7
2026-08-20 01:53:12,okx,BTC,BTC-USD-261225-25000-P,2026-12-25,25000,put,0.0013683526713113,0.0011,0.0014,0.8027004786453964,-0.008894182122727886,0.061611921068997606,0.0001226428703643772,-0.000038679175804499756,40960,1,69701.7
2026-08-20 01:53:12,okx,BTC,BTC-USD-261225-70000-C,2026-12-25,70000,call,0.0998782081371166,0.0995,0.1005,0.4047728735726134,0.46469985447951667,0.7176622228225765,0.0023243551713167847,-0.0003695715148600366,17372,1281,69701.7
2026-08-20 01:53:12,okx,BTC,BTC-USD-261225-25000-C,2026-12-25,25000,call,0.6478408027984172,0.6465,0.649,0.8027004786453964,0.3445405418317909,-0.6452575268400399,0.0001226428703643772,-0.00003806544161005883,1,0,69701.7
2026-08-20 01:53:12,okx,BTC,BTC-USD-261225-65000-P,2026-12-25,65000,put,0.0590390876649364,0.059,0.0595,0.4174638642223971,-0.3797275109989414,2.2113820772418515,0.0021132206608796065,-0.00034656878457383717,16446,589,69701.7
2026-08-20 01:53:12,okx,BTC,BTC-USD-261225-65000-C,2026-12-25,65000,call,0.1400607512234906,0.1395,0.141,0.4174638642223971,0.5392027712828072,0.3735215126783542,0.0021132206608796065,-0.0003464919317022085,13612,15,69701.7
2026-08-20 01:53:12,okx,BTC,BTC-USD-261225-60000-P,2026-12-25,60000,put,0.0374713702087905,0.0375,0.038,0.4367774696570053,-0.2591025898555835,1.6710544613965066,0.0017555529083903918,-0.0003012442841855917,18799,2459,69701.7
2026-08-20 01:53:12,okx,BTC,BTC-USD-260828-48000-C,2026-08-28,48000,call,0.3119344094837526,0.3115,0.313,0.9066983520090127,0.68558568586725,-1.3145014098413328,0.000011620563087895512,-0.0000621895025354371,320,0,69701.7
2026-08-20 01:53:12,okx,BTC,BTC-USD-261225-35000-P,2026-12-25,35000,put,0.0037930285955602,0.0036,0.0038,0.6595876530268554,-0.026488577070112918,0.19131850106235468,0.000318130771347827,-0.00008244326728939846,22752,3263,69701.7
2026-08-20 01:53:12,okx,BTC,BTC-USD-261225-80000-C,2026-12-25,80000,call,0.0467872841455621,0.0465,0.047,0.39501395229895436,0.29348902568213214,0.9843129060651243,0.002163964880212226,-0.0003358158593713107,16475,6862,69701.7
2026-08-20 01:53:12,okx,BTC,BTC-USD-260828-48000-P,2026-08-28,48000,put,0.0001047398029728,,0.0003,0.9066983520090127,-0.002592798534096339,0.06185555896136014,0.000011620563087895512,-0.0000638192918934765,9191,0,69701.7
2026-08-20 01:53:12,okx,BTC,BTC-USD-261225-35000-C,2026-12-25,35000,call,0.5089027820805281,0.5075,0.5105,0.6595876530268554,0.4683200364662134,-0.7982987260102978,0.000318130771347827,-0.0000819637534256606,150,0,69701.7
2026-08-20 01:53:12,okx,BTC,BTC-USD-261225-75000-P,2026-12-25,75000,put,0.1294061162665068,0.129,0.13,0.39767012812712466,-0.6820945225248127,3.0481517878688096,0.0023347297064384665,-0.0003646776973359812,4241,640,69701.7
2026-08-20 01:53:12,okx,BTC,BTC-USD-260828-52000-C,2026-08-28,52000,call,0.2546533596960227,0.254,0.256,0.76438896730199,0.7408551866901202,-1.3671171233888146,0.000019810018111985343,-0.00009038931581148099,10,0,69701.7
2026-08-20 01:53:12,okx,BTC,BTC-USD-261225-30000-P,2026-12-25,30000,put,0.0023839772547796,0.002,0.0024,0.7289735935944965,-0.01601652757309485,0.11305770068874918,0.00020592548514466495,-0.00005897951513288326,19886,32,69701.7
2026-08-20 01:53:12,okx,BTC,BTC-USD-261225-52000-P,2026-12-25,52000,put,0.017480867000661,0.0175,0.018,0.48388210390973463,-0.12883114043025168,0.9215135056300252,0.001119931557670836,-0.00021290857336914677,7571,8,69701.7
2026-08-20 01:53:12,okx,BTC,BTC-USD-261225-75000-C,2026-12-25,75000,call,0.0690650831829232,0.0685,0.0695,0.39767012812712466,0.37820964933874346,0.9275434441416968,0.0023347297064384665,-0.0003647350647950556,9076,372,69701.7
2026-08-20 01:53:12,okx,BTC,BTC-USD-260828-52000-P,2026-08-28,52000,put,0.000167621741857,,0.0004,0.76438896730199,-0.004671504744671653,0.12393625948076896,0.000019810018111985343,-0.00009171932331218996,13290,306,69701.7
2026-08-20 01:53:12,okx,BTC,BTC-USD-261225-30000-C,2026-12-25,30000,call,0.5781750790608163,0.577,0.5795,0.7289735935944965,0.4081051411723276,-0.7351856368020958,0.00020592548514466495,-0.00005843289110379387,4075,0,69701.7
2026-08-20 01:53:12,okx,BTC,BTC-USD-261225-52000-C,2026-12-25,52000,call,0.2822740361939945,0.281,0.287,0.48388210390973463,0.6063130853951472,-0.5487749460207726,0.001119931557670836,-0.0002126572340676041,50,0,69701.7
2026-08-20 01:53:12,okx,BTC,BTC-USD-261225-70000-P,2026-12-25,70000,put,0.0895378928996312,0.089,0.09,0.4047728735726134,-0.5249173725931359,2.6968966769678815,0.0023243551713167847,-0.0003695812575663137,10596,88,69701.7
2026-08-20 01:53:12,okx,BTC,BTC-USD-261225-90000-C,2026-12-25,90000,call,0.0212107111151221,0.0205,0.021,0.3996693461915,0.161978898826684,0.8001580263007871,0.0015663653330630853,-0.0002459542539466598,14365,2154,69701.7
2026-08-20 01:53:12,okx,BTC,BTC-USD-261225-85000-P,2026-12-25,85000,put,0.233143372322507,0.2275,0.237,0.3959293855346588,-0.9815404277618005,3.326787562834819,0.0018824345004342638,-0.0002926207261214005,1681,0,69701.7
2026-08-20 01:53:12,okx,BTC,BTC-USD-261225-40000-P,2026-12-25,40000,put,0.0058641850002588,0.0055,0.006,0.5972776363371588,-0.042396996725499944,0.311712737401213,0.000472528259136873,-0.00011088637913605985,14711,1547,69701.7
2026-08-20 01:53:12,okx,BTC,BTC-USD-261225-85000-C,2026-12-25,85000,call,0.0314396425967854,0.031,0.0315,0.3959293855346588,0.22013763368356312,0.9234314399440923,0.0018824345004342638,-0.00029281231391117796,18749,3217,69701.7
2026-08-20 01:53:12,okx,BTC,BTC-USD-261225-40000-C,2026-12-25,40000,call,0.4402925901641576,0.439,0.444,0.5972776363371588,0.52309856160173,-0.8192783792532469,0.000472528259136873,-0.0001104739754376735,1,0,69701.7
2026-08-20 01:53:12,okx,BTC,BTC-USD-261225-80000-P,2026-12-25,80000,put,0.1778096655502146,0.1725,0.1815,0.39501395229895436,-0.8375020909723278,3.2462951393740442,0.002163964880212226,-0.00033569138174688475,6219,0,69701.7
2026-08-20 01:53:12,okx,BTC,BTC-USD-261225-100000-C,2026-12-25,100000,call,0.0101286316665728,0.0095,0.01,0.41312658516984774,0.08702276086085702,0.5302926345710548,0.001014484744734144,-0.0001646642380960254,21481,210,69701.7
2026-08-20 01:53:12,okx,BTC,BTC-USD-261225-95000-P,2026-12-25,95000,put,0.3575745996538778,0.351,0.361,0.40558480548226244,-1.2245772055323445,3.346375779375494,0.001268710242833873,-0.00020184131132417962,763,0,69701.7
2026-08-20 01:53:12,okx,BTC,BTC-USD-260925-52000-C,2026-09-25,52000,call,0.2595385526920716,0.2585,0.2615,0.5282462814384464,0.7098146586580989,-1.0030345066602313,0.00021858604782737574,-0.0001592442971847847,550,0,69701.7
2026-08-20 01:53:12,okx,BTC,BTC-USD-261225-95000-C,2026-12-25,95000,call,0.0145081732860185,0.014,0.0145,0.40558480548226244,0.11847474549482688,0.6602718773211511,0.001268710242833873,-0.00020216711944466014,10015,743,69701.7
2026-08-20 01:53:12,okx,BTC,BTC-USD-260925-52000-P,2026-09-25,52000,put,0.0021074815668873,0.0019,0.002,0.5282462814384464,-0.03280941517302298,0.4822136410020122,0.00021858604782737574,-0.0001592442971847847,19004,611,69701.7
2026-08-20 01:53:12,okx,BTC,BTC-USD-261225-90000-P,2026-12-25,90000,put,0.2935957891619125,0.2875,0.297,0.3996693461915,-1.1103861074095835,3.344888038773322,0.0015663653330630853,-0.00024569555599153085,1850,0,69701.7
2026-08-20 01:53:12,okx,BTC,BTC-USD-261225-110000-C,2026-12-25,110000,call,0.0053123779930606,0.005,0.0055,0.4313540867574114,0.04873868752492746,0.33328728566103766,0.0006478211840883449,-0.00010979058402989539,10623,737,69701.7
2026-08-20 01:53:12,okx,BTC,BTC-USD-261225-105000-P,2026-12-25,105000,put,0.4916725564050616,0.4855,0.4955,0.42183974633505866,-1.4197898516851248,3.3896840489425046,0.000809046967143998,-0.00013362952460077525,0,0,69701.7
2026-08-20 01:53:12,okx,BTC,BTC-USD-261225-105000-C,2026-12-25,105000,call,0.0072434333950644,0.007,0.0075,0.42183974633505866,0.06463598892385362,0.42083236772454735,0.000809046967143998,-0.0001340895530519588,14373,181,69701.7
2026-08-20 01:53:12,okx,BTC,BTC-USD-261225-100000-P,2026-12-25,100000,put,0.4238764063555013,0.4175,0.4275,0.41312658516984774,-1.326716134957218,3.3577704262072054,0.001014484744734144,-0.00016427131981019334,319,12,69701.7
2026-08-20 01:53:12,okx,BTC,BTC-USD-261225-120000-C,2026-12-25,120000,call,0.0030710066215025,0.003,0.0032,0.45166271062222835,0.029152188487666257,0.21236302558982753,0.0004262175744330912,-0.00007563535151010191,4880,728,69701.7
2026-08-20 01:53:12,okx,BTC,BTC-USD-261225-115000-P,2026-12-25,115000,put,0.6297849636848579,0.622,0.634,0.44137308133031244,-1.5884248318641192,3.516637218074388,0.000522870899334909,-0.0000900787832246351,772,772,69701.7
2026-08-20 01:53:12,okx,BTC,BTC-USD-261225-115000-C,2026-12-25,115000,call,0.0039931440327228,0.0039,0.0041,0.44137308133031244,0.03737489832666694,0.2650377576928155,0.000522870899334909,-0.00009067303200652175,3752,30,69701.7
2026-08-20 01:53:12,okx,BTC,BTC-USD-261225-110000-P,2026-12-25,110000,put,0.5604228493241268,0.554,0.5645,0.4313540867574114,-1.506374097874955,3.4435128564608024,0.0006478211840883449,-0.00010926344541336028,421,0,69701.7
2026-08-20 01:53:12,okx,BTC,BTC-USD-261225-130000-C,2026-12-25,130000,call,0.001927548553759,0.0019,0.0022,0.4723686548176771,0.018596308443395236,0.1402410687087899,0.00029221217459456615,-0.000054232634539952576,7234,0,69701.7
2026-08-20 01:53:12,okx,BTC,BTC-USD-261225-125000-P,2026-12-25,125000,put,0.7695655360992744,0.7625,0.7745,0.4620409973351528,-1.744063145676238,3.7060819065826216,0.00035109911621849545,-0.00006300838618436651,866,866,69701.7
2026-08-20 01:53:12,okx,BTC,BTC-USD-261225-125000-C,2026-12-25,125000,call,0.0024110198050012,0.0024,0.0026,0.4620409973351528,0.02311047409635555,0.171734667037434,0.00035109911621849545,-0.0000637368552969562,9797,0,69701.7
2026-08-20 01:53:12,okx,BTC,BTC-USD-261225-120000-P,2026-12-25,120000,put,0.6995441745947063,0.6915,0.704,0.45166271062222835,-1.6673344864940236,3.6053363755532075,0.0004262175744330912,-0.00007497399256286374,517,0,69701.7
2026-08-20 01:53:12,okx,BTC,BTC-USD-261225-150000-C,2026-12-25,150000,call,0.0009021125273229,0.0008,0.001,0.5114620640260187,0.00877763514684821,0.06822064150473417,0.0001529536804117402,-0.00003073669977120383,6868,2523,69701.7
2026-08-20 01:53:12,okx,BTC,BTC-USD-261225-140000-P,2026-12-25,140000,put,0.9804871954260039,0.972,0.986,0.49248105332786873,-1.9667197044336604,4.054670393509873,0.00020815378909058043,-0.00003934715584799111,0,0,69701.7
2026-08-20 01:53:12,okx,BTC,BTC-USD-261225-140000-C,2026-12-25,140000,call,0.0012886341685241,0.0012,0.0017,0.49248105332786873,0.012514749711644648,0.09620148521926306,0.00020815378909058043,-0.0000402769554566354,8756,1330,69701.7
2026-08-20 01:53:12,okx,BTC,BTC-USD-261225-130000-P,2026-12-25,130000,put,0.839763413169101,0.8325,0.845,0.4723686548176771,-1.8192642561201022,3.8159621978357854,0.00029221217459456615,-0.00005343705526201135,10,10,69701.7
2026-08-20 01:53:12,okx,BTC,BTC-USD-261225-170000-C,2026-12-25,170000,call,0.0004832762343299,0.0004,0.0007,0.5451897211622903,0.004699706017340161,0.03697769048533943,0.000088152053262586,-0.00001888276186776338,4265,0,69701.7
2026-08-20 01:53:12,okx,BTC,BTC-USD-261225-160000-P,2026-12-25,160000,put,1.2625765904972985,1.252,1.2695,0.5290585158857499,-2.255632389893897,4.573662526272905,0.00011509428940746404,-0.000022726223646245904,0,0,69701.7
2026-08-20 01:53:12,okx,BTC,BTC-USD-261225-160000-C,2026-12-25,160000,call,0.0006526359555429,0.0005,0.0008,0.5290585158857499,0.006349843415022794,0.04969805965506523,0.00011509428940746404,-0.00002392446391629632,2441,0,69701.7
2026-08-20 01:53:12,okx,BTC,BTC-USD-261225-150000-P,2026-12-25,150000,put,1.1214633704269403,1.112,1.128,0.5114620640260187,-2.111830708580264,4.30943732895896,0.0001529536804117402,-0.00002967267983185648,3657,3657,69701.7
2026-08-20 01:53:12,okx,BTC,BTC-USD-261225-200000-C,2026-12-25,200000,call,0.0002129772690585,,0.0006,0.5852326317724104,0.0020750104948774576,0.016577544627567234,0.00004229197762796686,-0.000009724638685369058,3205,0,69701.7
2026-08-20 01:53:12,okx,BTC,BTC-USD-261225-180000-P,2026-12-25,180000,put,1.5450131783084138,1.5325,1.5535,0.5598751781276156,-2.5411924107520165,5.117428333231453,0.00006840376329789973,-0.000013580571844249247,0,0,69701.7
2026-08-20 01:53:12,okx,BTC,BTC-USD-261225-180000-C,2026-12-25,180000,call,0.0003638304823829,0.0003,0.0007,0.5598751781276156,0.003537601720518254,0.027968308286382956,0.00006840376329789973,-0.000015047252775705783,1510,0,69701.7
2026-08-20 01:53:12,okx,BTC,BTC-USD-261225-170000-P,2026-12-25,170000,put,1.4037699274182232,1.392,1.4115,0.5451897211622903,-2.3986564168733873,4.843689936266794,0.000088152053262586,-0.000017550301267009904,0,0,69701.7
2026-08-20 01:53:12,okx,BTC,BTC-USD-261225-240000-C,2026-12-25,240000,call,0.0000781342089585,,0.0005,0.6229002377428126,0.0007719909331682839,0.0063417146520735775,0.000017125360292153655,-0.000004191278348008897,1170,0,69701.7
2026-08-20 01:53:12,okx,BTC,BTC-USD-260828-62000-C,2026-08-28,62000,call,0.1120055340155332,0.1105,0.113,0.4350118262135706,0.8545670124722017,-0.5711858245993875,0.00011195280592817388,-0.0002944010809261613,30294,0,69701.7
2026-08-20 01:53:12,okx,BTC,BTC-USD-261225-220000-P,2026-12-25,220000,put,2.110228126412813,2.0935,2.1215,0.6059531204428117,-3.108971683931211,6.230597454765732,0.000026733203250656383,-0.000004361134427844394,0,0,69701.7
2026-08-20 01:53:12,okx,BTC,BTC-USD-260828-62000-P,2026-08-28,62000,put,0.0008796253779028,0.0008,0.0009,0.4350118262135706,-0.03433019654620403,1.206608593437424,0.00011195280592817388,-0.0002949816337835442,19493,9830,69701.7
2026-08-20 01:53:12,okx,BTC,BTC-USD-261225-220000-C,2026-12-25,220000,call,0.0001279920182306,,0.0005,0.6059531204428117,0.0012538868685538955,0.010146313166202346,0.000026733203250656383,-0.000006364696682113179,3684,0,69701.7
2026-08-20 01:53:12,okx,BTC,BTC-USD-261225-200000-P,2026-12-25,200000,put,1.8275877183793652,1.813,1.8375,0.5852326317724104,-2.8254027811412725,5.671533127899867,0.00004229197762796686,-0.000007989517092506396,0,0,69701.7
2026-08-20 01:53:12,okx,BTC,BTC-USD-261225-240000-P,2026-12-25,240000,put,2.3929036618878166,2.3745,2.406,0.6229002377428126,-3.3922013590302114,6.792288414578833,0.000017125360292153655,-0.0000019192754323339874,0,0,69701.7
2026-08-20 01:53:12,okx,BTC,BTC-USD-260821-64400-P,2026-08-21,64400,put,0.0000224808438347,,0.0002,0.48352419879616604,-0.0026657931631140393,0.2932213192301064,0.000004785321646088725,-0.00009220187232329996,691,699,69701.7
2026-08-20 01:53:12,okx,BTC,BTC-USD-260823-65250-P,2026-08-23,65250,put,0.000469021133674,0.0003,0.0006,0.38296585975672603,-0.03318917565480341,2.087835841670869,0.00006903198639661899,-0.00040612700438126553,2692,2773,69701.7
2026-08-20 01:53:12,okx,BTC,BTC-USD-260821-64400-C,2026-08-21,64400,call,0.0757293262462301,0.0755,0.077,0.48352419879616604,0.9216817544353281,-1.5554737759667778,0.000004785321646088725,-0.00009220187232329996,845,846,69701.7
2026-08-20 01:53:12,okx,BTC,BTC-USD-260823-65250-C,2026-08-23,65250,call,0.0643638897423037,0.063,0.066,0.38296585975672603,0.9029710210529222,0.215515448255418,0.00006903198639661899,-0.00040612700438126553,100,100,69701.7
2026-08-20 01:53:12,okx,BTC,BTC-USD-260822-62500-C,2026-08-22,62500,call,0.1031409538796978,0.102,0.1045,0.4684044442701759,0.895438175932353,-1.6604607910224154,0.0000037736123897932316,-0.00003919661498352539,0,0,69701.7
2026-08-20 01:53:12,okx,BTC,BTC-USD-260822-62500-P,2026-08-22,62500,put,0.0000155645154943,,0.0002,0.4684044442701759,-0.001489205403014851,0.13339397164832034,0.0000037736123897932316,-0.00003919661498352539,3711,2041,69701.7
2026-08-20 01:53:12,okx,BTC,BTC-USD-260822-62000-C,2026-08-22,62000,call,0.1103104916110616,0.11,0.1115,0.4820008499302518,0.8887820383432903,-1.691970820280831,0.000002548556242793328,-0.000027240325522980933,0,0,69701.7
2026-08-20 01:53:12,okx,BTC,BTC-USD-260822-62000-P,2026-08-22,62000,put,0.0000101053617717,,0.0002,0.4820008499302518,-0.0009699239413946215,0.08753310428853894,0.000002548556242793328,-0.000027240325522980933,2201,1890,69701.7
2026-08-20 01:53:12,okx,BTC,BTC-USD-260822-61500-C,2026-08-22,61500,call,0.1174820770961707,0.117,0.119,0.4961929873793492,0.8819342036322179,-1.7069777797548211,0.0000017438061902073534,-0.000019187531419049226,1,0,69701.7
2026-08-20 01:53:12,okx,BTC,BTC-USD-260822-61500-P,2026-08-22,61500,put,0.0000066939617944,,0.0002,0.4961929873793492,-0.0006423396017841021,0.0581753067131829,0.0000017438061902073534,-0.000019187531419049226,278,56,69701.7
2026-08-20 01:53:12,okx,BTC,BTC-USD-260822-61000-C,2026-08-22,61000,call,0.1246549015271443,0.1235,0.126,0.510908732764942,0.8749685699774872,-1.7116159745141653,0.000001209452741471592,-0.0000137025847248779,0,0,69701.7
2026-08-20 01:53:12,okx,BTC,BTC-USD-260822-61000-P,2026-08-22,61000,put,0.0000045215076816,,0.0002,0.510908732764942,-0.0004325542058319418,0.03918627385247294,0.000001209452741471592,-0.0000137025847248779,2938,2728,69701.7
2026-08-20 01:53:12,okx,BTC,BTC-USD-260822-64250-C,2026-08-22,64250,call,0.0780946582717904,0.077,0.0795,0.42648109004964607,0.914578178628234,-1.2199742227321215,0.00001604921542662464,-0.0001517832518047324,442,605,69701.7
2026-08-20 01:53:12,okx,BTC,BTC-USD-260822-64250-P,2026-08-22,64250,put,0.0000817580053893,0.0001,0.0003,0.42648109004964607,-0.007463169384524148,0.6241084732933948,0.00001604921542662464,-0.0001517832518047324,1588,652,69701.7
2026-08-20 01:53:12,okx,BTC,BTC-USD-260822-64000-C,2026-08-22,64000,call,0.0816641348684573,0.081,0.083,0.4318681408405093,0.9125721701250241,-1.3377615458061072,0.000013002540928498298,-0.0001245230253015796,19,19,69701.7
2026-08-20 01:53:12,okx,BTC,BTC-USD-260822-64000-P,2026-08-22,64000,put,0.000063736159513,0.0001,0.0003,0.4318681408405093,-0.005881468362392578,0.4991457311687265,0.000013002540928498298,-0.0001245230253015796,1647,1504,69701.7
2026-08-20 01:53:12,okx,BTC,BTC-USD-260822-63500-C,2026-08-22,63500,call,0.0888145459597755,0.0885,0.0905,0.44327386197754065,0.9076028005793023,-1.503025280154293,0.000008548393690450864,-0.00008402855696518213,0,0,69701.7
2026-08-20 01:53:12,okx,BTC,BTC-USD-260822-63500-P,2026-08-22,63500,put,0.0000391503657447,0.0001,0.0003,0.44327386197754065,-0.0036754188574315053,0.3195311587191746,0.000008548393690450864,-0.00008402855696518213,2224,2570,69701.7
2026-08-20 01:53:12,okx,BTC,BTC-USD-260822-63000-C,2026-08-22,63000,call,0.0959748466387598,0.0955,0.0975,0.455473359417622,0.9017797273439107,-1.6026385471654656,0.000005653208197881603,-0.00005709896381452215,432,560,69701.7
2026-08-20 01:53:12,okx,BTC,BTC-USD-260822-63000-P,2026-08-22,63000,put,0.0000244541596427,,0.0002,0.455473359417622,-0.002323073042140209,0.20556705360663613,0.000005653208197881603,-0.00005709896381452215,6716,7423,69701.7
2026-08-20 01:53:12,okx,BTC,BTC-USD-260822-66000-C,2026-08-22,66000,call,0.0533901997645553,0.053,0.055,0.39524628982967835,0.907732685242318,0.8980530702932168,0.0000662532897988646,-0.0005806915637774024,2792,5372,69701.7
2026-08-20 01:53:12,okx,BTC,BTC-USD-260822-66000-P,2026-08-22,66000,put,0.0004897885959565,0.0005,0.0007,0.39524628982967835,-0.03942262944783056,2.792363699673514,0.0000662532897988646,-0.0005806915637774024,3238,3269,69701.7
2026-08-20 01:53:12,okx,BTC,BTC-USD-260822-65500-C,2026-08-22,65500,call,0.060368597788705,0.06,0.062,0.4029599453600641,0.9152771134328883,-0.021892505087533074,0.00004502213594888541,-0.0004023076036030382,914,1116,69701.7
2026-08-20 01:53:12,okx,BTC,BTC-USD-260822-65500-P,2026-08-22,65500,put,0.0002931897350198,0.0003,0.0005,0.4029599453600641,-0.024702782206577248,1.858067286191398,0.00004502213594888541,-0.0004023076036030382,1695,1967,69701.7
2026-08-20 01:53:12,okx,BTC,BTC-USD-260822-65000-C,2026-08-22,65000,call,0.067425635223883,0.067,0.069,0.4116622106076706,0.9174749411664037,-0.6541984547006096,0.000030026613232704437,-0.00027410541715559584,6538,6762,69701.7
2026-08-20 01:53:12,okx,BTC,BTC-USD-260822-65000-P,2026-08-22,65000,put,0.0001752302851115,0.0002,0.0004,0.4116622106076706,-0.015329535422378984,1.2114104984769556,0.000030026613232704437,-0.00027410541715559584,3050,4244,69701.7
2026-08-20 01:53:12,okx,BTC,BTC-USD-260822-64500-C,2026-08-22,64500,call,0.0745305851576484,0.0735,0.076,0.4213135995233972,0.9161463254652062,-1.0714088690148849,0.000019802985702438964,-0.0001850147778617437,796,816,69701.7
2026-08-20 01:53:12,okx,BTC,BTC-USD-260822-64500-P,2026-08-22,64500,put,0.0001051833337903,0.0002,0.0003,0.4213135995233972,-0.009482732072893432,0.7798492460613146,0.000019802985702438964,-0.0001850147778617437,836,857,69701.7
2026-08-20 01:53:12,okx,BTC,BTC-USD-260822-69000-C,2026-08-22,69000,call,0.0171625104473537,0.0165,0.0175,0.37104326689962003,0.6204600299985711,11.617116187644047,0.00029471759842148376,-0.0024249394088135647,4131,6454,69701.7
2026-08-20 01:53:12,okx,BTC,BTC-USD-260822-69000-P,2026-08-22,69000,put,0.007312080589273,0.007,0.0075,0.37104326689962003,-0.3697477989956751,13.59753184563254,0.00029471759842148376,-0.0024249394088135647,1413,1435,69701.7
2026-08-20 01:53:12,okx,BTC,BTC-USD-260925-62000-C,2026-09-25,62000,call,0.1252321538335528,0.1245,0.126,0.4009331246770447,0.7224026481442309,0.42015690507781434,0.0007427011668029988,-0.0004106681738153372,6650,0,69701.7
2026-08-20 01:53:12,okx,BTC,BTC-USD-260822-68000-C,2026-08-22,68000,call,0.0275083570638262,0.027,0.029,0.3748216560986762,0.7732901271535492,7.935110435792675,0.0002195418541197326,-0.0018247873839350153,3933,6618,69701.7
2026-08-20 01:53:12,okx,BTC,BTC-USD-260822-68000-P,2026-08-22,68000,put,0.0033079334355728,0.0031,0.0033,0.3748216560986762,-0.20256686373933128,9.886824417578437,0.0002195418541197326,-0.0018247873839350153,932,1085,69701.7
2026-08-20 01:53:12,okx,BTC,BTC-USD-260822-67000-C,2026-08-22,67000,call,0.0398764760161224,0.0395,0.0415,0.3829080987219291,0.8666545705343187,3.818162253479475,0.00013131354535791048,-0.0011149986611752507,7365,2595,69701.7
2026-08-20 01:53:12,okx,BTC,BTC-USD-260822-67000-P,2026-08-22,67000,put,0.0013260586176963,0.0013,0.0014,0.3829080987219291,-0.09485158225719581,5.741174559062504,0.00013131354535791048,-0.0011149986611752507,3116,4137,69701.7
2026-08-20 01:53:12,okx,BTC,BTC-USD-260925-62000-P,2026-09-25,62000,put,0.0106027997996793,0.0105,0.011,0.4009331246770447,-0.1630337475774911,2.191029696521259,0.0007427011668029988,-0.0004106681738153372,18548,3036,69701.7
2026-08-20 01:53:12,okx,BTC,BTC-USD-260821-64200-P,2026-08-21,64200,put,0.0000184764159437,,0.0002,0.49151943321579245,-0.002190333073453562,0.24146193386734027,0.000004005942188920356,-0.00007846134756302038,1138,1388,69701.7
2026-08-20 01:53:12,okx,BTC,BTC-USD-260821-64200-C,2026-08-21,64200,call,0.0785957974537354,0.078,0.08,0.49151943321579245,0.9192865699672295,-1.6014918722140257,0.000004005942188920356,-0.00007846134756302038,0,0,69701.7
2026-08-20 01:53:12,okx,BTC,BTC-USD-260820-59000-P,2026-08-20,59000,put,0.0000000000004332,,0.0016,0.9947826888398753,-0.00000000011317589856526704,0.00000002807918946950981,0.00000000000019338858424098403,-0.000000000009618977663897648,3708,0,69701.7
2026-08-20 01:53:12,okx,BTC,BTC-USD-260821-64600-P,2026-08-21,64600,put,0.0000275464400635,,0.0002,0.4757674817321855,-0.003263292160647099,0.35761732957583064,0.000005742233919268534,-0.00010886443609911447,1306,1411,69701.7
2026-08-20 01:53:12,okx,BTC,BTC-USD-260820-59000-C,2026-08-20,59000,call,0.1533083332312612,0.152,0.154,0.9947826888398753,0.8467405833557337,-1.69348113885863,0.00000000000019338858424098403,0.000001069637574355354,452,458,69701.7
2026-08-20 01:53:12,okx,BTC,BTC-USD-260821-64600-C,2026-08-21,64600,call,0.0728639162070625,0.072,0.0745,0.4757674817321855,0.923954899995554,-1.4968190547365718,0.000005742233919268534,-0.00010886443609911447,40,40,69701.7
2026-08-20 01:53:12,okx,BTC,BTC-USD-260828-63000-P,2026-08-28,63000,put,0.0012483947236607,0.0012,0.0013,0.41280984378071583,-0.04873589190737734,1.6916493976560716,0.00014883263711920651,-0.00037213995657277407,5319,5336,69701.7
2026-08-20 01:53:12,okx,BTC,BTC-USD-260828-63000-C,2026-08-28,63000,call,0.0980383204296377,0.0965,0.0995,0.41280984378071583,0.8544983688693897,-0.11481912389746249,0.00014883263711920651,-0.0003716343491797238,4287,971,69701.7
2026-08-20 01:53:12,okx,BTC,BTC-USD-260925-72000-P,2026-09-25,72000,put,0.0612969239522869,0.061,0.062,0.35974029847810257,-0.6363041523363627,4.729032242100464,0.0012350604888142862,-0.0006127485906503028,2413,600,69701.7
2026-08-20 01:53:12,okx,BTC,BTC-USD-260925-72000-C,2026-09-25,72000,call,0.0331245608948497,0.033,0.0335,0.35974029847810257,0.3919445652759598,2.6725348068758183,0.0012350604888142862,-0.0006127485906503028,21256,10959,69701.7
2026-08-20 01:53:12,okx,BTC,BTC-USD-260925-66000-P,2026-09-25,66000,put,0.0225499354950794,0.0225,0.023,0.3741999619090242,-0.3101217695766998,3.5111763470881585,0.0010745184332889015,-0.0005545268906402333,6776,7075,69701.7
2026-08-20 01:53:12,okx,BTC,BTC-USD-260925-66000-C,2026-09-25,66000,call,0.0800586026924287,0.0795,0.0805,0.3741999619090242,0.6324395549012625,1.626053698132234,0.0010745184332889015,-0.0005545268906402333,6605,1477,69701.7
2026-08-20 01:53:12,okx,BTC,BTC-USD-260828-64000-C,2026-08-28,64000,call,0.0842986038734325,0.0835,0.086,0.3935578671889689,0.8466021586150771,0.5534050615344398,0.00019996205518735933,-0.0004762341548078555,15613,1380,69701.7
2026-08-20 01:53:12,okx,BTC,BTC-USD-260828-64000-P,2026-08-28,64000,put,0.0018446610991091,0.0018,0.0019,0.3935578671889689,-0.07096915392005126,2.388547686604697,0.00019996205518735933,-0.0004766648167365732,21611,6472,69701.7
2026-08-20 01:53:12,okx,BTC,BTC-USD-260823-65750-P,2026-08-23,65750,put,0.0006397748730415,0.0006,0.0007,0.36700725362071734,-0.04515461881948983,2.8014924873427884,0.00008872769886970688,-0.0005002479342152284,1038,1056,69701.7
2026-08-20 01:53:12,okx,BTC,BTC-USD-260822-65750-C,2026-08-22,65750,call,0.0568670791435937,0.0565,0.0585,0.3989773381346927,0.9123097631895322,0.39763870824307923,0.0000547708677214638,-0.0004845829357828608,0,0,69701.7
2026-08-20 01:53:12,okx,BTC,BTC-USD-260823-65750-C,2026-08-23,65750,call,0.0573614240840361,0.0555,0.059,0.36700725362071734,0.8981792192423179,0.9148248112191727,0.00008872769886970688,-0.0005002479342152284,1,1,69701.7
2026-08-20 01:53:12,okx,BTC,BTC-USD-260822-65750-P,2026-08-22,65750,put,0.0003791695324518,0.0004,0.0006,0.3989773381346927,-0.03125784197527492,2.2847739185726934,0.0000547708677214638,-0.0004845829357828608,789,1047,69701.7
2026-08-20 01:53:12,okx,BTC,BTC-USD-260925-78000-P,2026-09-25,78000,put,0.1256483546378924,0.122,0.126,0.3699808423340171,-0.9327614758158251,4.214886262932774,0.0008633791421860196,-0.00044054045042248746,5809,15,69701.7
2026-08-20 01:53:12,okx,BTC,BTC-USD-260925-78000-C,2026-09-25,78000,call,0.0117949613256689,0.011,0.0115,0.3699808423340171,0.18117463493085756,1.9870140414394082,0.0008633791421860196,-0.00044054045042248746,13109,8077,69701.7
2026-08-20 01:53:12,okx,BTC,BTC-USD-270625-25000-P,2027-06-25,25000,put,0.007455168570903,0.005,0.0065,0.6980561902725648,-0.03165254036809094,0.15180274954915113,0.0005234144856098689,-0.000059073095869986695,60,2,69701.7
2026-08-20 01:53:12,okx,BTC,BTC-USD-270625-25000-C,2027-06-25,25000,call,0.6616809470464113,0.6525,0.669,0.6980561902725648,0.31414846462882107,-0.539799260444673,0.0005234144856098689,-0.000059073095869986695,0,0,69701.7
2026-08-20 01:53:12,okx,BTC,BTC-USD-270625-30000-P,2027-06-25,30000,put,0.0109080512697775,0.0085,0.0105,0.6394592507034549,-0.04774744385839669,0.23238999610364477,0.0007416932534078614,-0.00007668153790409993,439,27,69701.7
2026-08-20 01:53:12,okx,BTC,BTC-USD-270625-30000-C,2027-06-25,30000,call,0.5959789854403875,0.5865,0.604,0.6394592507034549,0.36721376213789775,-0.597532415888944,0.0007416932534078614,-0.00007668153790409993,0,0,69701.7
2026-08-20 01:53:12,okx,BTC,BTC-USD-260925-68000-C,2026-09-25,68000,call,0.0612782130434149,0.061,0.062,0.36613362424201906,0.561101692613388,2.171217489253815,0.0011977301495902717,-0.0006047886030791991,13357,1315,69701.7
2026-08-20 01:53:12,okx,BTC,BTC-USD-260925-68000-P,2026-09-25,68000,put,0.0323298892643277,0.0325,0.033,0.36613362424201906,-0.4100220962426943,4.11346506696598,0.0011977301495902717,-0.0006047886030791991,11871,5624,69701.7
2026-08-20 01:53:12,okx,BTC,BTC-USD-270625-45000-P,2027-06-25,45000,put,0.0309774871193048,0.028,0.0305,0.5172403877562936,-0.13961522370021645,0.6706335475079584,0.0017153004990632104,-0.0001434452771475356,1135,2,69701.7
2026-08-20 01:53:12,okx,BTC,BTC-USD-260828-61500-C,2026-08-28,61500,call,0.1190446756207379,0.1175,0.1205,0.4471659696477368,0.8525714706539564,-0.7382125686028819,0.00009778570550108462,-0.0002642340521066701,0,0,69701.7
2026-08-20 01:53:12,okx,BTC,BTC-USD-270625-45000-C,2027-06-25,45000,call,0.4085838883752198,0.4015,0.4155,0.5172403877562936,0.4828265852942251,-0.5742500704809247,0.0017153004990632104,-0.0001434452771475356,0,0,69701.7
2026-08-20 01:53:12,okx,BTC,BTC-USD-270625-50000-P,2027-06-25,50000,put,0.0431484900519878,0.04,0.0425,0.49049325281686934,-0.19175575410004148,0.8967017171516289,0.0021327253142244384,-0.00016913035980653862,1243,100,69701.7
2026-08-20 01:53:12,okx,BTC,BTC-USD-270625-50000-C,2027-06-25,50000,call,0.3516000470030045,0.3445,0.3605,0.49049325281686934,0.4998462558937825,-0.48650230283601914,0.0021327253142244384,-0.00016913035980653862,307,0,69701.7
2026-08-20 01:53:12,okx,BTC,BTC-USD-270625-35000-P,2027-06-25,35000,put,0.015589743406408,0.0135,0.0155,0.5906008115657173,-0.06970729910067795,0.3414301412422165,0.0010108863885811199,-0.00009652726467740248,2130,14,69701.7
2026-08-20 01:53:12,okx,BTC,BTC-USD-270625-35000-C,2027-06-25,35000,call,0.5315058332721196,0.522,0.5395,0.5906008115657173,0.41441410789499883,-0.6268126727491371,0.0010108863885811199,-0.00009652726467740248,0,0,69701.7
2026-08-20 01:53:12,okx,BTC,BTC-USD-270625-40000-P,2027-06-25,40000,put,0.0220516838857695,0.0195,0.0215,0.5502532389939389,-0.09959268101345188,0.4858282541092731,0.001336371819143174,-0.0001188895074558908,3992,0,69701.7
2026-08-20 01:53:12,okx,BTC,BTC-USD-270625-40000-C,2027-06-25,40000,call,0.4688129294465828,0.462,0.475,0.5502532389939389,0.45368892698160734,-0.6207349618808453,0.001336371819143174,-0.0001188895074558908,9,0,69701.7
2026-08-20 01:53:12,okx,BTC,BTC-USD-270625-65000-P,2027-06-25,65000,put,0.1067175001461467,0.1035,0.1075,0.4390232594423715,-0.4276067521814078,1.7411391845712674,0.0032954015729509778,-0.00023391037530924336,710,0,69701.7
2026-08-20 01:53:12,okx,BTC,BTC-USD-270625-65000-C,2027-06-25,65000,call,0.2077045241824683,0.199,0.217,0.4390232594423715,0.47147586081056325,-0.0570260414126749,0.0032954015729509778,-0.00023391037530924336,4282,26,69701.7
2026-08-20 01:53:12,okx,BTC,BTC-USD-270625-70000-P,2027-06-25,70000,put,0.1386576014672751,0.1355,0.1405,0.42910117441507484,-0.5287448717431751,2.028920741663712,0.003531792540674311,-0.0002450239289465535,311,0,69701.7
2026-08-20 01:53:12,okx,BTC,BTC-USD-270625-70000-C,2027-06-25,70000,call,0.1704897811986985,0.1665,0.1775,0.42910117441507484,0.43949794224817845,0.09243511368100475,0.003531792540674311,-0.0002450239289465535,344,0,69701.7
2026-08-20 01:53:12,okx,BTC,BTC-USD-270625-55000-P,2027-06-25,55000,put,0.0593724027212153,0.056,0.059,0.46906802186840935,-0.25728111961844125,1.1588461414401863,0.002560569871025193,-0.00019418964547448934,1665,20,69701.7
2026-08-20 01:53:12,okx,BTC,BTC-USD-270625-55000-C,2027-06-25,55000,call,0.2986691153673335,0.292,0.3085,0.46906802186840935,0.5034810913747653,-0.3626782805462264,0.002560569871025193,-0.00019418964547448934,10,0,69701.7
2026-08-20 01:53:12,okx,BTC,BTC-USD-260828-61500-P,2026-08-28,61500,put,0.0007507755172807,0.0006,0.0007,0.4471659696477368,-0.0291572124852687,1.025244797675568,0.00009778570550108462,-0.0002648520776962193,5888,1105,69701.7
2026-08-20 01:53:12,okx,BTC,BTC-USD-270625-60000-P,2027-06-25,60000,put,0.0803805052552241,0.077,0.0805,0.45214571325968467,-0.33630870535311025,1.4455949798799117,0.002961207449917006,-0.00021647156771208018,3253,0,69701.7
2026-08-20 01:53:12,okx,BTC,BTC-USD-270625-60000-C,2027-06-25,60000,call,0.2505223735964441,0.2445,0.258,0.45214571325968467,0.4936137066394785,-0.21424984410526582,0.002961207449917006,-0.00021647156771208018,11,0,69701.7
2026-08-20 01:53:12,okx,BTC,BTC-USD-270625-85000-P,2027-06-25,85000,put,0.2664132088363876,0.259,0.2775,0.41352623723159765,-0.8593656778762148,2.7382755687989775,0.0035721744331625132,-0.00023883025307418275,3,1,69701.7
2026-08-20 01:53:12,okx,BTC,BTC-USD-270625-85000-C,2027-06-25,85000,call,0.090780855653116,0.09,0.0935,0.41352623723159765,0.31635773911328596,0.38682873481997593,0.0035721744331625132,-0.00023883025307418275,4020,3665,69701.7
2026-08-20 01:53:12,okx,BTC,BTC-USD-270625-90000-P,2027-06-25,90000,put,0.3179479986822375,0.3085,0.3305,0.4115245104698136,-0.9693334009539792,2.915156862088211,0.003404764342984557,-0.00022653555588670585,2,1,69701.7
2026-08-20 01:53:12,okx,BTC,BTC-USD-270625-90000-C,2027-06-25,90000,call,0.0731608011940675,0.0725,0.076,0.4115245104698136,0.27555021703490384,0.425389626110445,0.003404764342984557,-0.00022653555588670585,2775,605,69701.7
2026-08-20 01:53:12,okx,BTC,BTC-USD-270625-75000-P,2027-06-25,75000,put,0.1761732530063442,0.1705,0.1845,0.42187045640497495,-0.6365538158027514,2.2953764860001553,0.003653993464821653,-0.0002492300992425655,0,0,69701.7
2026-08-20 01:53:12,okx,BTC,BTC-USD-270625-75000-C,2027-06-25,75000,call,0.1388505884328691,0.137,0.1415,0.42187045640497495,0.4008491991879847,0.22057045601868322,0.003653993464821653,-0.0002492300992425655,3884,1100,69701.7
2026-08-20 01:53:12,okx,BTC,BTC-USD-270625-80000-P,2027-06-25,80000,put,0.2189522078010012,0.212,0.229,0.41687177174416407,-0.7477206148099508,2.5324185309577447,0.0036626486725575692,-0.00024686036218534633,3,0,69701.7
2026-08-20 01:53:12,okx,BTC,BTC-USD-270625-80000-C,2027-06-25,80000,call,0.1124746989226277,0.111,0.1155,0.41687177174416407,0.35884260118016764,0.31929209897750827,0.0036626486725575692,-0.00024686036218534633,7882,2686,69701.7
2026-08-20 01:53:12,okx,BTC,BTC-USD-270625-110000-P,2027-06-25,110000,put,0.5530294274067051,0.54,0.568,0.4132847253853758,-1.3725387811218994,3.4362847838910873,0.0024203665686844604,-0.00016172758869597496,0,0,69701.7
2026-08-20 01:53:12,okx,BTC,BTC-USD-270625-110000-C,2027-06-25,110000,call,0.0316228526989417,0.031,0.034,0.4132847253853758,0.1489856408645135,0.39323593991826133,0.0024203665686844604,-0.00016172758869597496,944,0,69701.7
2026-08-20 01:53:12,okx,BTC,BTC-USD-270625-120000-P,2027-06-25,120000,put,0.681254137763365,0.665,0.696,0.41822574933012846,-1.5508272531060965,3.6527754463501294,0.001952905393039592,-0.00013205218268542328,0,0,69701.7
2026-08-20 01:53:12,okx,BTC,BTC-USD-270625-120000-C,2027-06-25,120000,call,0.021537874445805,0.021,0.0235,0.41822574933012846,0.10901757087908119,0.33308579837977503,0.001952905393039592,-0.00013205218268542328,1274,36,69701.7
2026-08-20 01:53:12,okx,BTC,BTC-USD-260828-59000-P,2026-08-28,59000,put,0.0004014280463324,0.0003,0.0004,0.51736275725598,-0.014680140148977954,0.49588281403733175,0.0000545857414742596,-0.00017105459849303756,12114,2520,69701.7
2026-08-20 01:53:12,okx,BTC,BTC-USD-270625-95000-P,2027-06-25,95000,put,0.3729396291832055,0.3635,0.3845,0.4106578233315918,-1.076184751966402,3.067769026491408,0.0031850357152818256,-0.00021146963654085065,1,1,69701.7
2026-08-20 01:53:12,okx,BTC,BTC-USD-260828-59000-C,2026-08-28,59000,call,0.1545352854789235,0.154,0.156,0.51736275725598,0.8312059135943436,-1.1958892934493115,0.0000545857414742596,-0.00017024920924265687,10,0,69701.7
2026-08-20 01:53:12,okx,BTC,BTC-USD-270625-95000-C,2027-06-25,95000,call,0.0589975873901373,0.059,0.0615,0.4106578233315918,0.2378590670218636,0.43968138851487665,0.0031850357152818256,-0.00021146963654085065,1707,263,69701.7
2026-08-20 01:53:12,okx,BTC,BTC-USD-270625-100000-P,2027-06-25,100000,put,0.4307952917313288,0.419,0.445,0.4107538957668164,-1.1791288977290624,3.2018660142014057,0.0029359321687938314,-0.00019497607343132458,1,1,69701.7
2026-08-20 01:53:12,okx,BTC,BTC-USD-270625-100000-C,2027-06-25,100000,call,0.0476984056333621,0.0475,0.05,0.4107538957668164,0.2040751222585856,0.4354579742261099,0.0029359321687938314,-0.00019497607343132458,1722,102,69701.7
2026-08-20 01:53:12,okx,BTC,BTC-USD-260821-57000-C,2026-08-21,57000,call,0.1819146623354969,0.1815,0.183,0.8384192119884717,0.8181135190316328,-1.6344693660932395,0.00000005066007074243359,-0.0000016925340144347069,0,0,69701.7
2026-08-20 01:53:12,okx,BTC,BTC-USD-260821-56000-P,2026-08-21,56000,put,0.0000001181569697,,0.0002,0.8814238899992763,-0.000010690570779605972,0.0009351682754962697,0.000000027688319634836657,-0.0000009725049247221029,9015,400,69701.7
2026-08-20 01:53:12,okx,BTC,BTC-USD-260821-58000-C,2026-08-21,58000,call,0.1675624472991731,0.167,0.169,0.792204601098118,0.8324506563078392,-1.6616586915753424,0.00000008830805110820747,-0.0000027877129515837773,4,2,69701.7
2026-08-20 01:53:12,okx,BTC,BTC-USD-260821-57000-P,2026-08-21,57000,put,0.0000002184234387,,0.0002,0.8384192119884717,-0.000020179929721273002,0.001798031829468582,0.00000005066007074243359,-0.0000016925340144347069,4621,0,69701.7
2026-08-20 01:53:12,okx,BTC,BTC-USD-270625-130000-P,2027-06-25,130000,put,0.813186653787866,0.7935,0.8285,0.4249391838335192,-1.717298675144177,3.8701282515655375,0.0015680838343087164,-0.00010773322691200871,0,0,69701.7
2026-08-20 01:53:12,okx,BTC,BTC-USD-270625-130000-C,2027-06-25,130000,call,0.015160701860509,0.0145,0.017,0.4249391838335192,0.08086655083976536,0.273797799597653,0.0015680838343087164,-0.00010773322691200871,717,290,69701.7
2026-08-20 01:53:12,okx,BTC,BTC-USD-260821-56000-C,2026-08-21,56000,call,0.1962669402460092,0.195,0.1975,0.8814238899992763,0.8037697856017788,-1.6066257840696205,0.000000027688319634836657,-0.0000009725049247221029,0,0,69701.7
2026-08-20 01:53:12,okx,BTC,BTC-USD-270625-140000-P,2027-06-25,140000,put,0.9473933315382802,0.9265,0.963,0.4329597003490191,-1.8752610822110078,4.095823724138244,0.0012666876567645321,-0.00008866875779745026,0,0,69701.7
2026-08-20 01:53:12,okx,BTC,BTC-USD-270625-140000-C,2027-06-25,140000,call,0.0110576910011266,0.0105,0.0125,0.4329597003490191,0.0612245457716993,0.22285246817282864,0.0012666876567645321,-0.00008866875779745026,444,181,69701.7
2026-08-20 01:53:12,okx,BTC,BTC-USD-260821-60500-C,2026-08-21,60500,call,0.1316825069442619,0.131,0.133,0.667464901886087,0.8682246786090136,-1.7222165576647364,0.0000003265769360407343,-0.000008686090216835314,0,0,69701.7
2026-08-20 01:53:12,okx,BTC,BTC-USD-260821-60000-P,2026-08-21,60000,put,0.0000010690192182,,0.0002,0.6929746823452233,-0.00010961237770188226,0.010741511693813537,0.00000025066531973012114,-0.000006921847268787452,12997,2930,69701.7
2026-08-20 01:53:12,okx,BTC,BTC-USD-260821-61000-C,2026-08-21,61000,call,0.124506747677791,0.124,0.126,0.6419768346867569,0.8753520059330493,-1.7312516398855011,0.00000042929780353436136,-0.000010982176409352264,446,0,69701.7
2026-08-20 01:53:12,okx,BTC,BTC-USD-260821-60500-P,2026-08-21,60500,put,0.0000013866516391,,0.0002,0.667464901886087,-0.00014530011312534983,0.014523399779541432,0.0000003265769360407343,-0.000008686090216835314,7043,3054,69701.7
2026-08-20 01:53:12,okx,BTC,BTC-USD-260821-59000-C,2026-08-21,59000,call,0.1532103299366575,0.1525,0.1545,0.743426447617615,0.8467769040153725,-1.687709986306665,0.00000014934879030344087,-0.000004424356446584015,0,0,69701.7
2026-08-20 01:53:12,okx,BTC,BTC-USD-260821-58000-P,2026-08-21,58000,put,0.0000003815640965,,0.0002,0.792204601098118,-0.00003626544231053791,0.003315151924957082,0.00000008830805110820747,-0.0000027877129515837773,7490,0,69701.7
2026-08-20 01:53:12,okx,BTC,BTC-USD-260821-60000-C,2026-08-21,60000,call,0.138858378400332,0.1375,0.14,0.6929746823452233,0.8610837549500391,-1.7116452229616685,0.00000025066531973012114,-0.000006921847268787452,0,0,69701.7
2026-08-20 01:53:12,okx,BTC,BTC-USD-260821-59000-P,2026-08-21,59000,put,0.0000006423785622,,0.0002,0.743426447617615,-0.0000632405235727719,0.0059703027712258916,0.00000014934879030344087,-0.000004424356446584015,8348,2258,69701.7
2026-08-20 01:53:12,okx,BTC,BTC-USD-260821-62500-C,2026-08-21,62500,call,0.1029809349018624,0.1025,0.104,0.5674210967149224,0.896555319304534,-1.738059770970534,0.0000010738321205345757,-0.00002428020008680126,802,322,69701.7
2026-08-20 01:53:12,okx,BTC,BTC-USD-260821-62000-P,2026-08-21,62000,put,0.0000032794094215,,0.0002,0.5917683459903288,-0.0003666938305402217,0.03883429627812184,0.0000007750929862333285,-0.000018277463691118666,17872,5271,69701.7
2026-08-20 01:53:12,okx,BTC,BTC-USD-260821-63000-C,2026-08-21,63000,call,0.0958067532070181,0.0945,0.0965,0.5438368321210092,0.9034904196788465,-1.7253295502612847,0.0000015265056168847549,-0.000033080907592322506,2451,7,69701.7
2026-08-20 01:53:12,okx,BTC,BTC-USD-260821-62500-P,2026-08-21,62500,put,0.0000045709632022,,0.0002,0.5674210967149224,-0.0005211049951962495,0.05609307762892644,0.0000010738321205345757,-0.00002428020008680126,12664,1723,69701.7
2026-08-20 01:53:12,okx,BTC,BTC-USD-260821-61500-C,2026-08-21,61500,call,0.1173311577625365,0.116,0.1185,0.6166836798458837,0.8824587101262883,-1.7379449634171857,0.000000571807313180732,-0.000014051495633880188,0,0,69701.7
2026-08-20 01:53:12,okx,BTC,BTC-USD-260821-61000-P,2026-08-21,61000,put,0.0000018164736587,,,0.6419768346867569,-0.0001945841834875239,0.01984154034757245,0.00000042929780353436136,-0.000010982176409352264,12206,5045,69701.7
2026-08-20 01:53:12,okx,BTC,BTC-USD-260821-62000-C,2026-08-21,62000,call,0.1101558324365723,0.1095,0.1105,0.5917683459903288,0.8895331190747923,-1.7409653295325431,0.0000007750929862333285,-0.000018277463691118666,696,0,69701.7
2026-08-20 01:53:12,okx,BTC,BTC-USD-260821-61500-P,2026-08-21,61500,put,0.0000024156468949,,0.0002,0.6166836798458837,-0.0002644913846462901,0.027501439604683348,0.000000571807313180732,-0.000014051495633880188,5503,2779,69701.7
2026-08-20 01:53:12,okx,BTC,BTC-USD-260821-64500-C,2026-08-21,64500,call,0.0742964708690347,0.074,0.075,0.4796153143449243,0.9228355199036306,-1.527911895398312,0.000005239113931083374,-0.00010012932229398339,4423,697,69701.7
2026-08-20 01:53:12,okx,BTC,BTC-USD-260821-64000-P,2026-08-21,64000,put,0.0000152928258405,,0.0001,0.49974163055128673,-0.001810340445959484,0.1997499465768368,0.0000033694163218672725,-0.0000670981578270216,6372,4326,69701.7
2026-08-20 01:53:12,okx,BTC,BTC-USD-260821-65000-C,2026-08-21,65000,call,0.0671376413583627,0.0665,0.0675,0.4610143353280557,0.9279882463765489,-1.3278147205475224,0.000008370437111159318,-0.0001537704764139022,10015,4145,69701.7
2026-08-20 01:53:12,okx,BTC,BTC-USD-260821-64500-P,2026-08-21,64500,put,0.0000248632843375,,0.0002,0.4796153143449243,-0.002947349973691178,0.32365384435633154,0.000005239113931083374,-0.00010012932229398339,2422,3393,69701.7
2026-08-20 01:53:12,okx,BTC,BTC-USD-260821-63500-C,2026-08-21,63500,call,0.0886338112156662,0.088,0.0895,0.5212120603496213,0.9102757100420065,-1.6958973055815214,0.0000022335095708219337,-0.00004638874957941787,3364,210,69701.7
2026-08-20 01:53:12,okx,BTC,BTC-USD-260821-63000-P,2026-08-21,63000,put,0.0000065783568488,,0.0002,0.5438368321210092,-0.0007626160152817319,0.08317652112697178,0.0000015265056168847549,-0.000033080907592322506,11268,4448,69701.7
2026-08-20 01:53:12,okx,BTC,BTC-USD-260821-64000-C,2026-08-21,64000,call,0.0814630894990284,0.081,0.082,0.49974163055128673,0.9167959180369644,-1.6374625703890109,0.0000033694163218672725,-0.0000670981578270216,3698,2285,69701.7
2026-08-20 01:53:12,okx,BTC,BTC-USD-260821-63500-P,2026-08-21,63500,put,0.0000098254539876,,0.0002,0.5212120603496213,-0.0011539370465194394,0.1269619885955305,0.0000022335095708219337,-0.00004638874957941787,7189,5322,69701.7
2026-08-20 01:53:12,okx,BTC,BTC-USD-260821-66500-C,2026-08-21,66500,call,0.0458223734110466,0.0455,0.0465,0.4159770121498183,0.9269287839065725,0.7257818933893389,0.00003688884745608327,-0.0006114695145113114,11365,2943,69701.7
2026-08-20 01:53:12,okx,BTC,BTC-USD-260925-69000-P,2026-09-25,69000,put,0.038369640401532,0.0385,0.039,0.36336376141207,-0.46476521278346383,4.3536478017429925,0.0012358404035361546,-0.0006193112999370469,3480,4207,69701.7
2026-08-20 01:53:12,okx,BTC,BTC-USD-260821-66000-P,2026-08-21,66000,put,0.0001365319136467,0.0001,0.0002,0.4290502232932789,-0.015361912533320898,1.5555085365625358,0.00002248968666016236,-0.00038450494454600383,3242,4467,69701.7
2026-08-20 01:53:12,okx,BTC,BTC-USD-260821-66250-C,2026-08-21,66250,call,0.0493413351538626,0.0485,0.0505,0.4222578448709572,0.9303304520984745,0.126748709015923,0.000028849072592808176,-0.00048542258130880844,385,385,69701.7
2026-08-20 01:53:12,okx,BTC,BTC-USD-260821-67000-C,2026-08-21,67000,call,0.0388733493897581,0.038,0.04,0.4050034180252074,0.9125182362176196,2.4252269316743935,0.000059175410271529954,-0.0009550153633125515,9946,9171,69701.7
2026-08-20 01:53:12,okx,BTC,BTC-USD-260828-67500-P,2026-08-28,67500,put,0.0084492007788858,0.008,0.0085,0.35088948608033577,-0.26734424054742273,6.667759611919623,0.00048669824793991684,-0.0010343732105950556,5556,7060,69701.7
2026-08-20 01:53:12,okx,BTC,BTC-USD-260821-66500-P,2026-08-21,66500,put,0.0002555221803123,0.0002,0.0004,0.4159770121498183,-0.02756053154834053,2.634760524299165,0.00003688884745608327,-0.0006114695145113114,4837,8181,69701.7
2026-08-20 01:53:12,okx,BTC,BTC-USD-260925-69000-C,2026-09-25,69000,call,0.0530377924714883,0.053,0.0535,0.36336376141207,0.5206398082616785,2.3828377596527073,0.0012358404035361546,-0.0006193112999370469,3041,3953,69701.7
2026-08-20 01:53:12,okx,BTC,BTC-USD-260821-65500-C,2026-08-21,65500,call,0.0599938890556248,0.0595,0.0615,0.4441079545578435,0.9314920540711239,-0.9688157740207672,0.000013651317934047714,-0.00024158698028829993,4829,6115,69701.7
2026-08-20 01:53:12,okx,BTC,BTC-USD-260821-65000-P,2026-08-21,65000,put,0.0000422228621562,,0.0002,0.4610143353280557,-0.0049712348951706006,0.5381042419959169,0.000008370437111159318,-0.0001537704764139022,3143,2964,69701.7
2026-08-20 01:53:12,okx,BTC,BTC-USD-260828-67500-C,2026-08-28,67500,call,0.0407272032924219,0.0405,0.0415,0.35088948608033577,0.7004067531419704,4.732257624540836,0.00048669824793991684,-0.001034204857791502,489,613,69701.7
2026-08-20 01:53:12,okx,BTC,BTC-USD-260821-66000-C,2026-08-21,66000,call,0.0528795722328718,0.0525,0.053,0.4290502232932789,0.9319507915271943,-0.3391168715584945,0.00002248968666016236,-0.00038450494454600383,7446,3111,69701.7
2026-08-20 01:53:12,okx,BTC,BTC-USD-260821-65500-P,2026-08-21,65500,put,0.000074659647909,,0.0003,0.4441079545578435,-0.0086440385949935,0.9114564113114675,0.000013651317934047714,-0.00024158698028829993,4128,3265,69701.7
2026-08-20 01:53:12,okx,BTC,BTC-USD-260821-69000-C,2026-08-21,69000,call,0.0145950494874391,0.014,0.015,0.38357633235080196,0.6559850721833892,14.780240282834898,0.0002121945614131916,-0.003243369608676219,13243,15416,69701.7
2026-08-20 01:53:12,okx,BTC,BTC-USD-260821-68000-P,2026-08-21,68000,put,0.0016600434841422,0.0015,0.0016,0.3896993733771155,-0.1431329382661864,10.096624115173567,0.00013142600826493504,-0.0020408985493525645,6816,9407,69701.7
2026-08-20 01:53:12,okx,BTC,BTC-USD-260821-70000-C,2026-08-21,70000,call,0.0069406575586682,0.007,0.0075,0.387499516050461,0.4153312342030541,16.394021992737503,0.0002294505921191564,-0.0035429966300729084,13034,24194,69701.7
2026-08-20 01:53:12,okx,BTC,BTC-USD-260821-69000-P,2026-08-21,69000,put,0.0049091436991584,0.0047,0.0048,0.38357633235080196,-0.33438730024351315,16.7609850276887,0.0002121945614131916,-0.003243369608676219,2819,3899,69701.7
2026-08-20 01:53:12,okx,BTC,BTC-USD-260821-67500-C,2026-08-21,67500,call,0.0321201437902742,0.0315,0.0325,0.396221636979911,0.8832340867894816,4.913972359630296,0.00009099342953179896,-0.0014366752621932275,15370,9946,69701.7
2026-08-20 01:53:12,okx,BTC,BTC-USD-260822-66250-P,2026-08-22,66250,put,0.0006314265328627,0.0006,0.0008,0.3917706591671877,-0.04951362421062252,3.388433327382399,0.00007960791815341788,-0.0006916055039736462,1009,1187,69701.7
2026-08-20 01:53:12,okx,BTC,BTC-USD-260821-67000-P,2026-08-21,67000,put,0.0004826872475145,0.0004,0.0005,0.4050034180252074,-0.04914769063169116,4.348558785373014,0.000059175410271529954,-0.0009550153633125515,5095,5991,69701.7
2026-08-20 01:53:12,okx,BTC,BTC-USD-260821-66250-P,2026-08-21,66250,put,0.0001863893788829,0.0002,0.0003,0.4222578448709572,-0.020570557659239506,2.028550728531351,0.000028849072592808176,-0.00048542258130880844,1636,2854,69701.7
2026-08-20 01:53:12,okx,BTC,BTC-USD-260821-68000-C,2026-08-21,68000,call,0.0256983274494043,0.025,0.0265,0.3896993733771155,0.8328862113719202,8.144585815897354,0.00013142600826493504,-0.0020408985493525645,25996,13892,69701.7
2026-08-20 01:53:12,okx,BTC,BTC-USD-260821-67500-P,2026-08-21,67500,put,0.0009056707365213,0.0008,0.0009,0.396221636979911,-0.08560845145422716,6.851657436117714,0.00009099342953179896,-0.0014366752621932275,1959,4684,69701.7
2026-08-20 01:53:12,okx,BTC,BTC-USD-260822-66250-C,2026-08-22,66250,call,0.0499443392589185,0.0495,0.0515,0.3917706591671877,0.9012294000048674,1.4869472789514193,0.00007960791815341788,-0.0006916055039736462,178,178,69701.7
2026-08-20 01:53:12,okx,BTC,BTC-USD-260821-73000-C,2026-08-21,73000,call,0.000844056804642,0.0009,0.001,0.5187181715695414,0.06346351012219473,4.00747310402386,0.00007372430902654475,-0.0015238863018601507,2985,3059,69701.7
2026-08-20 01:53:12,okx,BTC,BTC-USD-260821-72000-P,2026-08-21,72000,put,0.0348396435993199,0.033,0.0355,0.4587704362566315,-0.9215880416036139,8.983503663026376,0.00011261086740045355,-0.0020586670779810853,613,289,69701.7
2026-08-20 01:53:12,okx,BTC,BTC-USD-260821-74000-C,2026-08-21,74000,call,0.0005622873159961,0.0006,0.0007,0.5850706152961197,0.04034916543310893,2.4777120190022677,0.000051457091306220206,-0.0011996758377833996,6773,8736,69701.7
2026-08-20 01:53:12,okx,BTC,BTC-USD-260821-73000-P,2026-08-21,73000,put,0.048567663724287,0.0475,0.0495,0.5187181715695414,-0.9843217534598903,6.103043631188029,0.00007372430902654475,-0.0015238863018601507,7,0,69701.7
2026-08-20 01:53:12,okx,BTC,BTC-USD-260821-71000-C,2026-08-21,71000,call,0.0030458268057639,0.0032,0.0033,0.41269542358450195,0.21792596283492321,11.831513183222057,0.00017403944419800172,-0.0028621193030039017,5343,14626,69701.7
2026-08-20 01:53:12,okx,BTC,BTC-USD-260821-70000-P,2026-08-21,70000,put,0.0116071299473689,0.0115,0.012,0.387499516050461,-0.5893943610126438,18.4034731831689,0.0002294505921191564,-0.0035429966300729084,301,330,69701.7
2026-08-20 01:53:12,okx,BTC,BTC-USD-260821-72000-C,2026-08-21,72000,call,0.0014684148566562,0.0016,0.0017,0.4587704362566315,0.11184399918967544,6.916639581439798,0.00011261086740045355,-0.0020586670779810853,9632,18787,69701.7
2026-08-20 01:53:12,okx,BTC,BTC-USD-260821-71000-P,2026-08-21,71000,put,0.022064677371446,0.0205,0.024,0.41269542358450195,-0.8011528551695705,13.869670819231045,0.00017403944419800172,-0.0028621193030039017,121,110,69701.7
2026-08-20 01:53:12,okx,BTC,BTC-USD-260822-63750-C,2026-08-22,63750,call,0.0852377541810224,0.085,0.087,0.4374680715921085,0.9102221385293439,-1.430505129656879,0.00001053780282724262,-0.00010222725440342379,0,0,69701.7
2026-08-20 01:53:12,okx,BTC,BTC-USD-260822-63750-P,2026-08-22,63750,put,0.0000498570295348,0.0001,0.0003,0.4374680715921085,-0.00464379043273148,0.399226728267272,0.00001053780282724262,-0.00010222725440342379,1384,1263,69701.7
2026-08-20 01:53:12,okx,BTC,BTC-USD-261225-72000-P,2026-12-25,72000,put,0.1043818254118652,0.104,0.105,0.4013242510917187,-0.587166364477922,2.8561064435231382,0.0023531202738627448,-0.00037095347700157104,210,2,69701.7
2026-08-20 01:53:12,okx,BTC,BTC-USD-260821-74000-P,2026-08-21,74000,put,0.0626382724126226,0.0615,0.0635,0.5850706152961197,-1.0217893209377718,4.601988991744029,0.000051457091306220206,-0.0011996758377833996,0,0,69701.7
2026-08-20 01:53:12,okx,BTC,BTC-USD-261225-72000-C,2026-12-25,72000,call,0.0864496013209231,0.086,0.087,0.4013242510917187,0.43072564051109175,0.8203224335451106,0.0023531202738627448,-0.00037097057836143446,3988,760,69701.7
2026-08-20 01:53:12,okx,BTC,BTC-USD-260822-64750-C,2026-08-22,64750,call,0.0709735457690213,0.0705,0.0725,0.41637199103759576,0.9171598288967405,-0.8853671174667459,0.000024408037883132572,-0.0002253640520796086,673,885,69701.7
2026-08-20 01:53:12,okx,BTC,BTC-USD-260822-64750-P,2026-08-22,64750,put,0.0001356423877066,0.0002,0.0004,0.41637199103759576,-0.012056938166700662,0.9730664166601364,0.000024408037883132572,-0.0002253640520796086,440,80,69701.7
2026-08-20 01:53:12,okx,BTC,BTC-USD-260823-66250-P,2026-08-23,66250,put,0.0009050061481881,0.0009,0.001,0.35327243467370384,-0.06290066223839125,3.789075375860957,0.00011539974759178143,-0.0006262764022116965,848,848,69701.7
2026-08-20 01:53:12,okx,BTC,BTC-USD-260823-70000-C,2026-08-23,70000,call,0.010493038892228,0.01,0.011,0.3312253003752828,0.44103913975129266,11.778377420778503,0.0003739370851744416,-0.0019027138467466907,303,571,69701.7
2026-08-20 01:53:12,okx,BTC,BTC-USD-260823-66250-C,2026-08-23,66250,call,0.0504534359615477,0.05,0.0515,0.35327243467370384,0.8876068171774986,1.8880604170291773,0.00011539974759178143,-0.0006262764022116965,0,0,69701.7
2026-08-20 01:53:12,okx,BTC,BTC-USD-260822-67500-P,2026-08-22,67500,put,0.0021219630737035,0.002,0.0021,0.37832713057682266,-0.1410999720506151,7.730001374352303,0.0001740613888290996,-0.0014602936534614792,1105,1108,69701.7
2026-08-20 01:53:12,okx,BTC,BTC-USD-260820-66250-C,2026-08-20,66250,call,0.0493120961835427,0.0485,0.0505,0.7772569806398772,0.9439387958229463,-0.9623132737565935,0.000005021163943122902,-0.00019479299173329507,0,0,69701.7
2026-08-20 01:53:12,okx,BTC,BTC-USD-260821-66750-P,2026-08-21,66750,put,0.0003511255776585,0.0003,0.0004,0.4102214425630015,-0.03687109499661465,3.4001246474659776,0.00004690911965862501,-0.0007668069353387966,796,1118,69701.7
2026-08-20 01:53:12,okx,BTC,BTC-USD-260822-67500-C,2026-08-22,67500,call,0.0334973835870432,0.033,0.035,0.37832713057682266,0.8275815997915823,5.792638230667907,0.0001740613888290996,-0.0014602936534614792,0,0,69701.7
2026-08-20 01:53:12,okx,BTC,BTC-USD-260823-71000-P,2026-08-23,71000,put,0.0245567843930407,0.0235,0.025,0.34804332952091666,-0.7320711163979725,11.921618292795326,0.00032455319701684034,-0.0017352843252953613,0,0,69701.7
2026-08-20 01:53:12,okx,BTC,BTC-USD-260821-66750-C,2026-08-21,66750,call,0.0423298822641474,0.041,0.0435,0.4102214425630015,0.9212065261554974,1.4839694051617536,0.00004690911965862501,-0.0007668069353387966,0,0,69701.7
2026-08-20 01:53:12,okx,BTC,BTC-USD-260823-70000-P,2026-08-23,70000,put,0.0147437545611311,0.0145,0.015,0.3312253003752828,-0.5632706498202138,13.786996999921518,0.0003739370851744416,-0.0019027138467466907,2438,2439,69701.7
2026-08-20 01:53:12,okx,BTC,BTC-USD-260823-71000-C,2026-08-23,71000,call,0.0059596299288676,0.0055,0.006,0.34804332952091666,0.28658595588169816,9.884304148235985,0.00032455319701684034,-0.0017352843252953613,2375,3250,69701.7
2026-08-20 01:53:12,okx,BTC,BTC-USD-260828-65500-P,2026-08-28,65500,put,0.0034999754417042,0.0034,0.0035,0.3704855001544699,-0.12749093409457682,3.928619929493585,0.0003078073651293664,-0.0006907237744686386,2199,2130,69701.7
2026-08-20 01:53:12,okx,BTC,BTC-USD-260820-64250-C,2026-08-20,64250,call,0.0779707893273294,0.0765,0.079,0.9320447463671813,0.9216103477454858,-1.7747012616284374,0.00000044574214192850566,-0.00002022879746031143,2138,557,69701.7
2026-08-20 01:53:12,okx,BTC,BTC-USD-260828-65500-C,2026-08-28,65500,call,0.0644499438185474,0.0635,0.066,0.3704855001544699,0.8115859560780938,2.050466149148244,0.0003078073651293664,-0.0006904055307364199,2143,270,69701.7
2026-08-20 01:53:12,okx,BTC,BTC-USD-260820-66250-P,2026-08-20,66250,put,0.0000455255906807,,0.0001,0.7772569806398772,-0.006850418665447926,0.9392651552201949,0.000005021163943122902,-0.0001951364166988979,2014,2685,69701.7
2026-08-20 01:53:12,okx,BTC,BTC-USD-260925-63000-P,2026-09-25,63000,put,0.012811032114131,0.0125,0.0135,0.3928966223407064,-0.19283525858873246,2.504852072875937,0.0008270249165879436,-0.0004481278050871701,1632,1846,69701.7
2026-08-20 01:53:12,okx,BTC,BTC-USD-260925-63000-C,2026-09-25,63000,call,0.1131602144388735,0.1125,0.114,0.3928966223407064,0.7068823693220497,0.7054168170543728,0.0008270249165879436,-0.0004481278050871701,802,696,69701.7
2026-08-20 01:53:12,okx,BTC,BTC-USD-260820-64250-P,2026-08-20,64250,put,0.0000030428343387,,0.001,0.9320447463671813,-0.00047579611684363027,0.06947102609622129,0.00000044574214192850566,-0.000020772559592184667,2724,2521,69701.7
2026-08-20 01:53:12,okx,BTC,BTC-USD-260820-64100-C,2026-08-20,64100,call,0.0801226474966957,0.0795,0.081,0.93812322435518,0.9195677529181139,-1.7858086318742417,0.00000034917181499886383,-0.00001581950568598367,418,245,69701.7
2026-08-20 01:53:12,okx,BTC,BTC-USD-260820-64100-P,2026-08-20,64100,put,0.0000023128111954,,0.0015,0.93812322435518,-0.0003656606472607332,0.05405819525650727,0.00000034917181499886383,-0.000016378293105327188,3006,2124,69701.7
2026-08-20 01:53:12,okx,BTC,BTC-USD-260925-65000-P,2026-09-25,65000,put,0.0187118680593153,0.0185,0.0195,0.37953785853926025,-0.26635596820348034,3.175881645449763,0.0009964425969582675,-0.0005215697435297733,30881,3827,69701.7
2026-08-20 01:53:12,okx,BTC,BTC-USD-260925-65000-C,2026-09-25,65000,call,0.0905007069657957,0.09,0.0915,0.37953785853926025,0.6619241240854219,1.3193214608719581,0.0009964425969582675,-0.0005215697435297733,21393,429,69701.7
2026-08-20 01:53:12,okx,BTC,BTC-USD-260925-67000-C,2026-09-25,67000,call,0.0702989946019169,0.07,0.0715,0.3697381774389458,0.5986386287019974,1.9147177403241826,0.0011428923343229365,-0.0005827799716370032,3305,3556,69701.7
2026-08-20 01:53:12,okx,BTC,BTC-USD-260925-67000-P,2026-09-25,67000,put,0.0270704991136986,0.027,0.0275,0.3697381774389458,-0.35820392796502487,3.8284028536582273,0.0011428923343229365,-0.0005827799716370032,2323,3315,69701.7
2026-08-20 01:53:12,okx,BTC,BTC-USD-260828-56000-C,2026-08-28,56000,call,0.1973944750367205,0.196,0.1985,0.6177241981940254,0.7946337216032927,-1.3536135538300078,0.000032921578645662295,-0.0001221486731543595,1054,0,69701.7
2026-08-20 01:53:12,okx,BTC,BTC-USD-260828-56000-P,2026-08-28,56000,put,0.0002526688091688,0.0002,0.0004,0.6177241981940254,-0.008241176864944822,0.25213624310646715,0.000032921578645662295,-0.00012317889879773802,11553,1354,69701.7
2026-08-20 01:53:12,okx,BTC,BTC-USD-260820-64300-C,2026-08-20,64300,call,0.0772535437163117,0.0765,0.0785,0.9298917200119736,0.9222853774729161,-1.7702261036099707,0.0000004825199526666128,-0.00002189578824466633,1126,1253,69701.7
2026-08-20 01:53:12,okx,BTC,BTC-USD-260820-64300-P,2026-08-20,64300,put,0.0000033266208242,,0.0008,0.9298917200119736,-0.0005183431550650007,0.07538133764599135,0.0000004825199526666128,-0.000022434541947382806,1409,2255,69701.7
2026-08-20 01:53:12,okx,BTC,BTC-USD-261030-46000-P,2026-10-30,46000,put,0.0033499720254669,0.0034,0.0036,0.5547759452550168,-0.03533168435596067,0.36327610197780047,0.00031690700675959685,-0.0001233221150616684,7313,2672,69701.7
2026-08-20 01:53:12,okx,BTC,BTC-USD-261030-46000-C,2026-10-30,46000,call,0.3485849264132448,0.348,0.351,0.5547759452550168,0.6184918921260202,-0.9443710509861613,0.00031690700675959685,-0.00011850657771979235,0,0,69701.7
2026-08-20 01:53:12,okx,BTC,BTC-USD-261030-48000-P,2026-10-30,48000,put,0.0042253573407684,0.0043,0.0045,0.5312876221372368,-0.04494290357050901,0.4622382507172898,0.00038619345090434723,-0.00014391723232268683,5936,124,69701.7
2026-08-20 01:53:12,okx,BTC,BTC-USD-261030-48000-C,2026-10-30,48000,call,0.3210354644319057,0.3205,0.3235,0.5312876221372368,0.6373077849324275,-0.9022631262885834,0.00038619345090434723,-0.00013949827266016202,0,0,69701.7
2026-08-20 01:53:12,okx,BTC,BTC-USD-261030-54000-P,2026-10-30,54000,put,0.0086851475328066,0.0085,0.009,0.46837121532321047,-0.09283813960861374,0.9317683414095083,0.0006821872760594672,-0.00022408616432225334,5241,955,69701.7
2026-08-20 01:53:12,okx,BTC,BTC-USD-261030-54000-C,2026-10-30,54000,call,0.2402207127340221,0.2395,0.243,0.46837121532321047,0.6746938849571897,-0.603295707722099,0.0006821872760594672,-0.0002208569376977822,0,0,69701.7
2026-08-20 01:53:12,okx,BTC,BTC-USD-261030-56000-P,2026-10-30,56000,put,0.0111674343477194,0.011,0.0115,0.45048169350936546,-0.11835748446384037,1.1637093777720817,0.000815220815544373,-0.0002575406201839636,7186,685,69701.7
2026-08-20 01:53:12,okx,BTC,BTC-USD-261030-56000-C,2026-10-30,56000,call,0.2142781522522944,0.2135,0.217,0.45048169350936546,0.6776016521229189,-0.42820889540143675,0.000815220815544373,-0.0002547079712388437,0,0,69701.7
2026-08-20 01:53:12,okx,BTC,BTC-USD-261030-50000-P,2026-10-30,50000,put,0.0053446624478828,0.0055,0.006,0.5089246930137461,-0.05717670829115381,0.5862290944820088,0.0004688156650158064,-0.00016734710689013174,6941,610,69701.7
2026-08-20 01:53:12,okx,BTC,BTC-USD-261030-50000-C,2026-10-30,50000,call,0.2937299222423795,0.293,0.296,0.5089246930137461,0.6535010922327383,-0.8351265065657758,0.0004688156650158064,-0.00016332472490695815,0,0,69701.7
2026-08-20 01:53:12,okx,BTC,BTC-USD-261030-52000-P,2026-10-30,52000,put,0.0067933546849171,0.0065,0.007,0.4878957821944618,-0.07281971875492553,0.7408494360193187,0.0005669154335350573,-0.00019399442160392217,4209,790,69701.7
2026-08-20 01:53:12,okx,BTC,BTC-USD-261030-52000-C,2026-10-30,52000,call,0.2667537671827734,0.266,0.269,0.4878957821944618,0.6662851937899223,-0.737360389070377,0.0005669154335350573,-0.00019036861730009985,0,0,69701.7
2026-08-20 01:53:12,okx,BTC,BTC-USD-261030-62000-P,2026-10-30,62000,put,0.0241830395301384,0.024,0.0245,0.4073517414625706,-0.23965686463710245,2.1040744406057375,0.0012920519760660474,-0.0003689848372270243,8217,218,69701.7
2026-08-20 01:53:12,okx,BTC,BTC-USD-261030-62000-C,2026-10-30,62000,call,0.1420192155447915,0.1415,0.145,0.4073517414625706,0.6415836080125238,0.34159349530648453,0.0012920519760660474,-0.00036734192131995813,1271,670,69701.7
2026-08-20 01:53:12,okx,BTC,BTC-USD-261030-64000-P,2026-10-30,64000,put,0.0312014480106856,0.031,0.0315,0.3965545897322201,-0.29783552097458,2.4699199642483567,0.0014509459985533944,-0.0004033123990098092,14487,2603,69701.7
2026-08-20 01:53:12,okx,BTC,BTC-USD-261030-64000-C,2026-10-30,64000,call,0.1206127767286983,0.12,0.1245,0.3965545897322201,0.611832063696002,0.6505847949071922,0.0014509459985533944,-0.00040206606078209417,5241,0,69701.7
2026-08-20 01:53:12,okx,BTC,BTC-USD-261030-58000-P,2026-10-30,58000,put,0.0144249753829362,0.014,0.015,0.43431858983094057,-0.15059374722811686,1.4389075765631858,0.0009646390550152922,-0.0002937864865901184,13254,966,69701.7
2026-08-20 01:53:12,okx,BTC,BTC-USD-261030-58000-C,2026-10-30,58000,call,0.1891108459908707,0.1885,0.192,0.43431858983094057,0.6737925013795981,-0.2098649206522441,0.0009646390550152922,-0.00029135041532434973,12,0,69701.7
2026-08-20 01:53:12,okx,BTC,BTC-USD-261030-60000-P,2026-10-30,60000,put,0.0186795682732274,0.0185,0.019,0.41993563878754553,-0.19071884639790893,1.7551791475015561,0.001126182400445292,-0.00033159364818623454,4756,5829,69701.7
2026-08-20 01:53:12,okx,BTC,BTC-USD-261030-60000-C,2026-10-30,60000,call,0.1649405915845214,0.164,0.168,0.41993563878754553,0.6620945142307618,0.04955242624421488,0.001126182400445292,-0.00032955415459981713,337,0,69701.7
2026-08-20 01:53:12,okx,BTC,BTC-USD-260823-68500-P,2026-08-23,68500,put,0.0053218227149159,0.005,0.006,0.3222683292660734,-0.2843755482974782,11.611785618889659,0.00031734506954384504,-0.0015710891179537016,2293,2427,69701.7
2026-08-20 01:53:12,okx,BTC,BTC-USD-261030-70000-P,2026-10-30,70000,put,0.0636665789895659,0.0635,0.0645,0.37438116421109613,-0.520524416083038,3.436587935147524,0.0017508069155747236,-0.000459058859379591,1375,1375,69701.7
2026-08-20 01:53:12,okx,BTC,BTC-USD-260828-68500-C,2026-08-28,68500,call,0.0307668032158267,0.0305,0.0315,0.34588098943032314,0.6145507279217997,5.925786550963235,0.0005596815090327826,-0.0011723947880949253,3102,3212,69701.7
2026-08-20 01:53:12,okx,BTC,BTC-USD-261030-70000-C,2026-10-30,70000,call,0.0678033658176567,0.0675,0.0685,0.37438116421109613,0.47442450465041097,1.4466900936806264,0.0017508069155747236,-0.00045900225418992976,7744,3218,69701.7
2026-08-20 01:53:12,okx,BTC,BTC-USD-260823-66750-P,2026-08-23,66750,put,0.0013188920592714,0.0013,0.0014,0.3419073554286907,-0.08896512652042157,5.109180075756935,0.00015034574678954608,-0.000789679798647704,842,1154,69701.7
2026-08-20 01:53:12,okx,BTC,BTC-USD-261030-72000-P,2026-10-30,72000,put,0.0787478064003716,0.0785,0.0795,0.3701324203391021,-0.6044270721659293,3.640644553864603,0.0017571315107400127,-0.00045527120417030256,330,490,69701.7
2026-08-20 01:53:12,okx,BTC,BTC-USD-260823-68500-C,2026-08-23,68500,call,0.0225907652389178,0.022,0.0235,0.3222683292660734,0.6984133172117816,9.646207887871139,0.00031734506954384504,-0.0015710891179537016,849,2031,69701.7
2026-08-20 01:53:12,okx,BTC,BTC-USD-261030-72000-C,2026-10-30,72000,call,0.054459745931822,0.054,0.055,0.3701324203391021,0.4189489605884755,1.5938924883557934,0.0017571315107400127,-0.0004556111766599924,8086,548,69701.7
2026-08-20 01:53:12,okx,BTC,BTC-USD-261030-66000-P,2026-10-30,66000,put,0.0399903603334859,0.04,0.0405,0.3875048179586947,-0.3649529254224736,2.8306412191082484,0.0015891666867083607,-0.0004315600601463077,2631,718,69701.7
2026-08-20 01:53:12,okx,BTC,BTC-USD-260823-66750-C,2026-08-23,66750,call,0.0436941024749959,0.042,0.045,0.3419073554286907,0.8687159942495505,3.193817834216991,0.00015034574678954608,-0.000789679798647704,0,0,69701.7
2026-08-20 01:53:12,okx,BTC,BTC-USD-261030-66000-C,2026-10-30,66000,call,0.100976841754858,0.101,0.102,0.3875048179586947,0.5731417712690641,0.9544518257251733,0.0015891666867083607,-0.00043071029959794395,4144,0,69701.7
2026-08-20 01:53:12,okx,BTC,BTC-USD-261030-68000-P,2026-10-30,68000,put,0.0507642766285767,0.0505,0.0515,0.38014041472534954,-0.4398443583356312,3.160831052225742,0.0016928459052355444,-0.0004508535581141604,1327,388,69701.7
2026-08-20 01:53:12,okx,BTC,BTC-USD-261030-68000-C,2026-10-30,68000,call,0.0833259107533083,0.083,0.0845,0.38014041472534954,0.5266774503768622,1.2277874348007551,0.0016928459052355444,-0.00045040037524514783,4205,27,69701.7
2026-08-20 01:53:12,okx,BTC,BTC-USD-260822-66750-P,2026-08-22,66750,put,0.0010397983822531,0.001,0.0011,0.38559883770784753,-0.07686748778199495,4.863537344569425,0.00011218770625363712,-0.0009592929475282357,3966,4454,69701.7
2026-08-20 01:53:12,okx,BTC,BTC-USD-261030-78000-P,2026-10-30,78000,put,0.136142998253446,0.133,0.138,0.36535694378890465,-0.8492719507981842,3.803882129625549,0.0015016206797700247,-0.0003830758203900172,4,0,69701.7
2026-08-20 01:53:12,okx,BTC,BTC-USD-260822-68500-C,2026-08-22,68500,call,0.0220269302308141,0.0215,0.0225,0.37239500417932975,0.7035357162212568,9.98247437696348,0.00026200954958780566,-0.0021636710461957463,2153,2353,69701.7
2026-08-20 01:53:12,okx,BTC,BTC-USD-261030-78000-C,2026-10-30,78000,call,0.0265803958949745,0.026,0.0265,0.36535694378890465,0.25938541801908754,1.5865673919910057,0.0015016206797700247,-0.0003846055259177607,3904,770,69701.7
2026-08-20 01:53:12,okx,BTC,BTC-USD-260821-67250-P,2026-08-21,67250,put,0.0006624302814015,0.0006,0.0007,0.40033373059000604,-0.06512837589890977,5.4974108331424825,0.00007386402855127098,-0.001178326286280365,2766,6456,69701.7
2026-08-20 01:53:12,okx,BTC,BTC-USD-261030-80000-P,2026-10-30,80000,put,0.1586711696265184,0.154,0.1615,0.36608176178167834,-0.9220763770825082,3.7462011097737538,0.0013593166770560824,-0.0003469698084462093,100,0,69701.7
2026-08-20 01:53:12,okx,BTC,BTC-USD-260822-66750-C,2026-08-22,66750,call,0.0431777142232223,0.0415,0.0445,0.38559883770784753,0.8810509554841781,2.9477004580370796,0.00011218770625363712,-0.0009592929475282357,0,0,69701.7
2026-08-20 01:53:12,okx,BTC,BTC-USD-261030-80000-C,2026-10-30,80000,call,0.0206837199714064,0.02,0.0205,0.36608176178167834,0.21500810375571924,1.4720321480972987,0.0013593166770560824,-0.0003488960916533042,3099,2364,69701.7
2026-08-20 01:53:12,okx,BTC,BTC-USD-260925-73000-P,2026-09-25,73000,put,0.0704812289891491,0.07,0.071,0.35993987771299735,-0.6924198821239982,4.736169425195236,0.0011981722265971585,-0.0005947770675564792,0,0,69701.7
2026-08-20 01:53:12,okx,BTC,BTC-USD-261030-74000-P,2026-10-30,74000,put,0.0959578093719456,0.0955,0.097,0.3672838059435624,-0.6887912655479175,3.765942359533143,0.001712468282793017,-0.00044000782392969093,0,0,69701.7
2026-08-20 01:53:12,okx,BTC,BTC-USD-260821-67250-C,2026-08-21,67250,call,0.0354649978793999,0.0345,0.037,0.40033373059000604,0.9001258566476001,3.566902368049463,0.00007386402855127098,-0.001178326286280365,0,0,69701.7
2026-08-20 01:53:12,okx,BTC,BTC-USD-260925-95000-P,2026-09-25,95000,put,0.3579509417883193,0.3545,0.3605,0.4749937191987684,-1.3332280108799397,3.0545499097148983,0.0001831035665147974,-0.00011994707800822771,780,0,69701.7
2026-08-20 01:53:12,okx,BTC,BTC-USD-261030-74000-C,2026-10-30,74000,call,0.0432449016067554,0.043,0.0435,0.3672838059435624,0.36301187922744294,1.6623360699824228,0.001712468282793017,-0.0004407443740987321,8913,2107,69701.7
2026-08-20 01:53:12,okx,BTC,BTC-USD-260828-68500-P,2026-08-28,68500,put,0.0128247836339442,0.0125,0.013,0.34588098943032314,-0.367537317525955,7.889962641858744,0.0005596815090327826,-0.0011724881954341463,3242,4952,69701.7
2026-08-20 01:53:12,okx,BTC,BTC-USD-260925-95000-C,2026-09-25,95000,call,0.0013346294208676,0.0012,0.0013,0.4749937191987684,0.023489047080763513,0.34111579379349205,0.0001831035665147974,-0.00011994707800822771,12315,3730,69701.7
2026-08-20 01:53:12,okx,BTC,BTC-USD-261030-76000-P,2026-10-30,76000,put,0.115157720851182,0.1125,0.117,0.36572590796260596,-0.7710747653980083,3.8162240866751556,0.0016236089038719908,-0.0004150636067751386,5,0,69701.7
2026-08-20 01:53:12,okx,BTC,BTC-USD-260925-73000-C,2026-09-25,73000,call,0.0280286942225809,0.0275,0.028,0.35993987771299735,0.3501100676773843,2.65110952559247,0.0011981722265971585,-0.0005947770675564792,1576,2408,69701.7
2026-08-20 01:53:12,okx,BTC,BTC-USD-261030-76000-C,2026-10-30,76000,call,0.0340199657893511,0.0335,0.0345,0.36572590796260596,0.3091554913983078,1.6557635730825235,0.0016236089038719908,-0.00041619673462353103,7322,1954,69701.7
2026-08-20 01:53:12,okx,BTC,BTC-USD-260820-68000-P,2026-08-20,68000,put,0.0001861354236915,,0.0002,0.5108567367130018,-0.035069142907817076,5.779546604989612,0.000020357450863021202,-0.0005199857395580145,5126,17342,69701.7
2026-08-20 01:53:12,okx,BTC,BTC-USD-261030-95000-P,2026-10-30,95000,put,0.3547956296474353,0.3515,0.357,0.3983346290786904,-1.3017730780653645,3.2092489517269067,0.00047100838647988876,-0.00012670251890124152,240,240,69701.7
2026-08-20 01:53:12,okx,BTC,BTC-USD-260820-68500-C,2026-08-20,68500,call,0.0173166937189067,0.0165,0.018,0.43369477150857394,0.9152120595148413,9.56744775268396,0.000034501749996105606,-0.0007480409993335718,9574,10910,69701.7
2026-08-20 01:53:12,okx,BTC,BTC-USD-261030-95000-C,2026-10-30,95000,call,0.0036218252675189,0.0035,0.0036,0.3983346290786904,0.04851474293003079,0.5086733097361161,0.00047100838647988876,-0.00013160313470347054,4502,2553,69701.7
2026-08-20 01:53:12,okx,BTC,BTC-USD-260820-66750-P,2026-08-20,66750,put,0.0000699774460716,,0.0001,0.7112026900097435,-0.010948681151055946,1.5483741018419446,0.000007577339539812932,-0.0002694507224345085,2385,3512,69701.7
2026-08-20 01:53:12,okx,BTC,BTC-USD-260820-68000-C,2026-08-20,68000,call,0.0243391771039414,0.0235,0.025,0.5108567367130018,0.9408352583783838,3.82773780241721,0.000020357450863021202,-0.0005198176096128982,101,152,69701.7
2026-08-20 01:53:12,okx,BTC,BTC-USD-260822-71000-P,2026-08-22,71000,put,0.0238522478403593,0.0225,0.0245,0.3848206982670706,-0.7510560938134972,12.491330754476326,0.0002612354453840962,-0.002229260358798863,0,0,69701.7
2026-08-20 01:53:12,okx,BTC,BTC-USD-261030-85000-P,2026-10-30,85000,put,0.2201118037485831,0.2165,0.2225,0.3721106326793221,-1.077925283981625,3.5175867106961554,0.0009892044075964774,-0.00025522202562026404,0,0,69701.7
2026-08-20 01:53:12,okx,BTC,BTC-USD-260820-66750-C,2026-08-20,66750,call,0.0421612540639015,0.0415,0.043,0.7112026900097435,0.9470163009938544,-0.367555862447876,0.000007577339539812932,-0.00026915738176047323,0,0,69701.7
2026-08-20 01:53:12,okx,BTC,BTC-USD-261030-85000-C,2026-10-30,85000,call,0.0110622358518696,0.0105,0.011,0.3721106326793221,0.13022697690899188,1.101282188914922,0.0009892044075964774,-0.000258139753025737,3951,2208,69701.7
2026-08-20 01:53:12,okx,BTC,BTC-USD-260822-68500-P,2026-08-22,68500,put,0.0050015034876471,0.0047,0.005,0.37239500417932975,-0.27949669372230646,11.948539196850607,0.00026200954958780566,-0.0021636710461957463,1065,1489,69701.7
2026-08-20 01:53:12,okx,BTC,BTC-USD-261030-90000-P,2026-10-30,90000,put,0.2862374725647861,0.2825,0.2885,0.3832048916232288,-1.2009559090678636,3.3157562590131624,0.0006836350439055035,-0.00017983335928330809,0,0,69701.7
2026-08-20 01:53:12,okx,BTC,BTC-USD-260822-71000-C,2026-08-22,71000,call,0.0050026901580943,0.005,0.0055,0.3848206982670706,0.2678534113834807,10.453511744082371,0.0002612354453840962,-0.002229260358798863,1057,1281,69701.7
2026-08-20 01:53:12,okx,BTC,BTC-USD-261030-90000-C,2026-10-30,90000,call,0.0061257864264711,0.0055,0.006,0.3832048916232288,0.07826413187514207,0.7573161771271507,0.0006836350439055035,-0.00018374253088715905,2567,2524,69701.7
2026-08-20 01:53:12,okx,BTC,BTC-USD-260820-69000-P,2026-08-20,69000,put,0.0008179791441133,0.0006,0.0007,0.3727445231960581,-0.15982938407977704,24.92657440188562,0.00006401792865239792,-0.0011931108467433172,1993,3288,69701.7
2026-08-20 01:53:12,okx,BTC,BTC-USD-260820-68500-P,2026-08-20,68500,put,0.0003389460136892,0.0003,0.0004,0.43369477150857394,-0.06786810942787556,11.533608090569391,0.000034501749996105606,-0.0007481590449871203,5256,7793,69701.7
2026-08-20 01:53:12,okx,BTC,BTC-USD-260820-69000-C,2026-08-20,69000,call,0.0106204328742987,0.0095,0.012,0.3727445231960581,0.8304265525194561,22.946062528687154,0.00006401792865239792,-0.0011930428853813362,3873,5569,69701.7
2026-08-20 01:53:12,okx,BTC,BTC-USD-260828-69500-C,2026-08-28,69500,call,0.0224508346500705,0.0225,0.023,0.34399119161792413,0.5151135463174243,6.6470802143834975,0.0005972658348655484,-0.0012443421621312518,1581,2535,69701.7
2026-08-20 01:53:12,okx,BTC,BTC-USD-260828-62500-C,2026-08-28,62500,call,0.1050001632856603,0.1035,0.1065,0.423552027186359,0.8553137539137746,-0.36577986341031316,0.00012882236772738043,-0.00032994559379949053,1224,0,69701.7
2026-08-20 01:53:12,okx,BTC,BTC-USD-260828-62500-P,2026-08-28,62500,put,0.0010422461138564,0.001,0.0011,0.423552027186359,-0.04075198098381184,1.4263516063848596,0.00012882236772738043,-0.0003304886739247071,5746,1215,69701.7
2026-08-20 01:53:12,okx,BTC,BTC-USD-260828-71000-P,2026-08-28,71000,put,0.0311764118390904,0.031,0.032,0.347452482011997,-0.6547501172005317,8.575051050602548,0.0005709201731767394,-0.0012013720173311721,100,100,69701.7
2026-08-20 01:53:12,okx,BTC,BTC-USD-260828-69500-P,2026-08-28,69500,put,0.0188447979998412,0.0185,0.019,0.34399119161792413,-0.48131155088869176,8.63993040879573,0.0005972658348655484,-0.00124436062400614,1070,1070,69701.7
2026-08-20 01:53:12,okx,BTC,BTC-USD-260828-71000-C,2026-08-28,71000,call,0.0132784740918392,0.013,0.0135,0.347452482011997,0.3631805576431265,6.539189700915233,0.0005709201731767394,-0.0012014659736527826,2401,3212,69701.7
2026-08-20 01:53:12,okx,BTC,BTC-USD-260925-56000-C,2026-09-25,56000,call,0.2040282983745156,0.2035,0.205,0.4677882931243893,0.7400435212629148,-0.7148986913811896,0.0003555411168591744,-0.00022937399743538825,163,0,69701.7
2026-08-20 01:53:12,okx,BTC,BTC-USD-260925-56000-P,2026-09-25,56000,put,0.0037179140858556,0.0036,0.0037,0.4677882931243893,-0.05970548132444709,0.8845993137935344,0.0003555411168591744,-0.00022937399743538825,7833,1332,69701.7
2026-08-20 01:53:12,okx,BTC,BTC-USD-260821-63750-C,2026-08-21,63750,call,0.0850480838370558,0.0845,0.0855,0.5103205322998028,0.9135792824462231,-1.6713877731387061,0.0000027327242643588566,-0.000055571132458964106,1661,14,69701.7
2026-08-20 01:53:12,okx,BTC,BTC-USD-260821-63750-P,2026-08-21,63750,put,0.0000121926196224,,0.0002,0.5103205322998028,-0.001438670339501854,0.15864813243274375,0.0000027327242643588566,-0.000055571132458964106,5631,5029,69701.7
2026-08-20 01:53:12,okx,BTC,BTC-USD-260820-63900-C,2026-08-20,63900,call,0.0829920312132597,0.082,0.084,0.9453994557608714,0.9168095111920689,-1.7959734195111212,0.0000002484063945179546,-0.000011163331209121139,10,10,69701.7
2026-08-20 01:53:12,okx,BTC,BTC-USD-260820-63900-P,2026-08-20,63900,put,0.0000015789377465,,0.0015,0.9453994557608714,-0.0002535953106992566,0.038152793494415034,0.0000002484063945179546,-0.000011742152345091693,2015,2999,69701.7
2026-08-20 01:53:12,okx,BTC,BTC-USD-260823-69500-P,2026-08-23,69500,put,0.0108447127900122,0.0105,0.0115,0.3256683347274424,-0.4676182476253668,13.83135579453551,0.00037450728777622337,-0.0018736447239463578,980,980,69701.7
2026-08-20 01:53:12,okx,BTC,BTC-USD-260823-72000-C,2026-08-23,72000,call,0.0034302369151345,0.0032,0.0034,0.3717406856657498,0.17865974772131427,7.171713549971513,0.00024957725098036286,-0.0014252679856263297,5506,7414,69701.7
2026-08-20 01:53:12,okx,BTC,BTC-USD-260823-69500-C,2026-08-23,69500,call,0.0137672165187441,0.0135,0.0145,0.3256683347274424,0.5295179005920574,11.837083498100661,0.00037450728777622337,-0.0018736447239463578,500,545,69701.7
2026-08-20 01:53:12,okx,BTC,BTC-USD-260925-71000-P,2026-09-25,71000,put,0.0528624618615731,0.0525,0.0535,0.3602161668303876,-0.5789849063260147,4.664531877150094,0.0012546334554045405,-0.0006232826912288109,798,798,69701.7
2026-08-20 01:53:12,okx,BTC,BTC-USD-260821-67750-C,2026-08-21,67750,call,0.0288573608962044,0.027,0.03,0.3926748223282517,0.8610526489337279,6.452629399422616,0.00011035028683979826,-0.001726700100654042,1669,1669,69701.7
2026-08-20 01:53:12,okx,BTC,BTC-USD-261225-78000-P,2026-12-25,78000,put,0.1575162050167456,0.157,0.158,0.3956029236492089,-0.7762958943915244,3.1839985197320435,0.0022501056163540148,-0.00034960091595235095,0,0,69701.7
2026-08-20 01:53:12,okx,BTC,BTC-USD-260925-71000-C,2026-09-25,71000,call,0.0389702705132672,0.0385,0.0395,0.3602161668303876,0.43498257909724775,2.636596906303569,0.0012546334554045405,-0.0006232826912288109,1943,2448,69701.7
2026-08-20 01:53:12,okx,BTC,BTC-USD-260823-73000-P,2026-08-23,73000,put,0.0493829437935331,0.0475,0.05,0.40152595743023894,-0.9346070040826973,6.983146753881106,0.0001831025263136,-0.00112943021100626,0,0,69701.7
2026-08-20 01:53:12,okx,BTC,BTC-USD-261225-78000-C,2026-12-25,78000,call,0.0547663629405205,0.0545,0.055,0.3956029236492089,0.3264204443465741,0.9785658422558472,0.0022501056163540148,-0.0003496985495106362,507,640,69701.7
2026-08-20 01:53:12,okx,BTC,BTC-USD-260823-72000-P,2026-08-23,72000,put,0.0363738301745778,0.035,0.0385,0.3717406856657498,-0.8543446072665207,9.237722259947184,0.00024957725098036286,-0.0014252679856263297,0,0,69701.7
2026-08-20 01:53:12,okx,BTC,BTC-USD-260823-73000-C,2026-08-23,73000,call,0.00209291173882,0.0019,0.002,0.40152595743023894,0.11274463361330223,4.888443478489107,0.0001831025263136,-0.00112943021100626,10556,15068,69701.7
2026-08-20 01:53:12,okx,BTC,BTC-USD-260821-68750-P,2026-08-21,68750,put,0.0038171932030639,0.0036,0.0037,0.3842378186150999,-0.27748488330770144,15.33013835163421,0.00019516381387453937,-0.00298820092998431,752,1098,69701.7
2026-08-20 01:53:12,okx,BTC,BTC-USD-260821-69500-C,2026-08-21,69500,call,0.0102807554555378,0.01,0.0105,0.383982502280385,0.537611725493558,16.517166449932525,0.00023222181745105743,-0.003553242484613032,3905,5493,69701.7
2026-08-20 01:53:12,okx,BTC,BTC-USD-260821-68500-P,2026-08-21,68500,put,0.0029276133224022,0.0028,0.0029,0.38547883404658567,-0.2262314094533441,13.66481657466501,0.000175084408562456,-0.0026894185880501614,1040,1203,69701.7
2026-08-20 01:53:12,okx,BTC,BTC-USD-260821-68750-C,2026-08-21,68750,call,0.0170911935355899,0.0165,0.0175,0.3842378186150999,0.7092991834220018,13.356570218174804,0.00019516381387453937,-0.00298820092998431,807,819,69701.7
2026-08-20 01:53:12,okx,BTC,BTC-USD-260821-68250-P,2026-08-21,68250,put,0.0022170483962021,0.0021,0.0022,0.3872997612783683,-0.18136193999258804,11.883142663848215,0.00015338476998606485,-0.002367226755281439,813,1053,69701.7
2026-08-20 01:53:12,okx,BTC,BTC-USD-260821-68500-C,2026-08-21,68500,call,0.0197897081991738,0.019,0.021,0.38547883404658567,0.7569643515791603,11.698425052600003,0.000175084408562456,-0.0026894185880501614,2521,2531,69701.7
2026-08-20 01:53:12,okx,BTC,BTC-USD-260821-67750-P,2026-08-21,67750,put,0.001230982386697,0.0011,0.0012,0.3926748223282517,-0.11137819500717969,8.39749108730443,0.00011035028683979826,-0.001726700100654042,1975,3077,69701.7
2026-08-20 01:53:12,okx,BTC,BTC-USD-260821-68250-C,2026-08-21,68250,call,0.0226672378172189,0.022,0.0235,0.3872997612783683,0.7982455153427174,9.923927753177603,0.00015338476998606485,-0.002367226755281439,1204,1204,69701.7
2026-08-20 01:53:12,okx,BTC,BTC-USD-260822-72000-P,2026-08-22,72000,put,0.0358831446605838,0.0345,0.0365,0.4114154063641855,-0.8762363776739137,9.26779601996652,0.00019100075572756728,-0.0017425526272650815,0,0,69701.7
2026-08-20 01:53:12,okx,BTC,BTC-USD-260822-73000-C,2026-08-22,73000,call,0.001604750719446,0.0016,0.0017,0.45043620342427837,0.09586708240569382,4.6733171885487925,0.0001353716077513446,-0.001352169522915421,1789,3407,69701.7
2026-08-20 01:53:12,okx,BTC,BTC-USD-260822-69500-P,2026-08-22,69500,put,0.0103205005019078,0.01,0.0105,0.37075553471742495,-0.46873966302501585,14.553439984621168,0.0003118478826180499,-0.002563897798368824,18,18,69701.7
2026-08-20 01:53:12,okx,BTC,BTC-USD-260822-72000-C,2026-08-22,72000,call,0.0026835932081461,0.0028,0.0029,0.4114154063641855,0.15702396562443013,7.201275333369834,0.00019100075572756728,-0.0017425526272650815,1056,1312,69701.7
2026-08-20 01:53:12,okx,BTC,BTC-USD-260822-68250-P,2026-08-22,68250,put,0.0040840020864807,0.0038,0.004,0.37347355425198986,-0.23917227805459856,10.94908454731217,0.0002415706115946978,-0.002000664289674158,352,352,69701.7
2026-08-20 01:53:12,okx,BTC,BTC-USD-260822-69500-C,2026-08-22,69500,call,0.012995933474902,0.0125,0.0135,0.37075553471742495,0.5286435850199134,12.55867348853131,0.0003118478826180499,-0.002563897798368824,752,752,69701.7
2026-08-20 01:53:12,okx,BTC,BTC-USD-260821-69500-P,2026-08-21,69500,put,0.0077710387557478,0.0075,0.008,0.383982502280385,-0.45993725832774224,18.512264417575125,0.00023222181745105743,-0.003553242484613032,2176,2492,69701.7
2026-08-20 01:53:12,okx,BTC,BTC-USD-260822-68250-C,2026-08-22,68250,call,0.0246969272721909,0.024,0.026,0.37347355425198986,0.7402724223636231,8.990195146475726,0.0002415706115946978,-0.002000664289674158,554,554,69701.7
2026-08-20 01:53:12,okx,BTC,BTC-USD-260904-75000-P,2026-09-04,75000,put,0.0806100601903078,0.079,0.0815,0.3556956377777408,-0.9089410328487513,5.314631635438023,0.0005198230069317474,-0.0006038260331775577,0,0,69701.7
2026-08-20 01:53:12,okx,BTC,BTC-USD-260904-76000-C,2026-09-04,76000,call,0.0048277528712744,0.005,0.0055,0.3619783103199766,0.1286397455318415,2.653301754042792,0.00044032637804391583,-0.0005222905338119706,1564,1577,69701.7
2026-08-20 01:53:12,okx,BTC,BTC-USD-260904-74000-P,2026-09-04,74000,put,0.0685356439911939,0.0665,0.0695,0.35088595753905744,-0.8492661889230986,5.813804224170825,0.0006034995423562186,-0.00069219749700764,0,0,69701.7
2026-08-20 01:53:12,okx,BTC,BTC-USD-260904-75000-C,2026-09-04,75000,call,0.0064648700914488,0.0065,0.007,0.3556956377777408,0.1648662789914883,3.167017011757545,0.0005198230069317474,-0.0006058595992685238,2327,2992,69701.7
2026-08-20 01:53:12,okx,BTC,BTC-USD-260904-73000-P,2026-09-04,73000,put,0.0572389261092577,0.0555,0.059,0.34763472079894087,-0.7800794340340337,6.269290615089087,0.0006841895155826882,-0.0007780165909873362,0,0,69701.7
2026-08-20 01:53:12,okx,BTC,BTC-USD-260904-74000-C,2026-09-04,74000,call,0.0087068184360465,0.009,0.0095,0.35088595753905744,0.21022369209260441,3.6948244621394184,0.0006034995423562186,-0.0006938388047237743,1862,2804,69701.7
2026-08-20 01:53:12,okx,BTC,BTC-USD-260822-73000-P,2026-08-22,73000,put,0.0491542959420564,0.0475,0.051,0.45043620342427837,-0.9517440989940159,6.768539551348212,0.0001353716077513446,-0.001352169522915421,0,0,69701.7
2026-08-20 01:53:12,okx,BTC,BTC-USD-260904-73000-C,2026-09-04,73000,call,0.0117264650978218,0.012,0.0125,0.34763472079894087,0.2650930161571326,4.178945714706755,0.0006841895155826882,-0.0007792656403286385,2657,2673,69701.7
2026-08-20 01:53:12,okx,BTC,BTC-USD-260820-70500-P,2026-08-20,70500,put,0.0121334959817097,0.011,0.0145,0.3395422216003515,-0.9157627605175658,20.88094686842655,0.00004514490470895711,-0.0007663449436468165,0,0,69701.7
2026-08-20 01:53:12,okx,BTC,BTC-USD-260822-70000-C,2026-08-22,70000,call,0.0095758540858834,0.0095,0.01,0.3719600932730422,0.434399268837717,12.642452073943955,0.000310455076819153,-0.002560739383916728,3526,4941,69701.7
2026-08-20 01:53:12,okx,BTC,BTC-USD-260822-70000-P,2026-08-22,70000,put,0.0140754179979757,0.014,0.0145,0.3719600932730422,-0.5701593982578951,14.65156940813518,0.000310455076819153,-0.002560739383916728,202,202,69701.7
2026-08-20 01:53:12,okx,BTC,BTC-USD-260820-70000-P,2026-08-20,70000,put,0.0062138237515233,0.0065,0.0075,0.3292790893655241,-0.7064227720099095,41.37077387063231,0.00009183331936954973,-0.0015118958839858928,40,40,69701.7
2026-08-20 01:53:12,okx,BTC,BTC-USD-260822-66500-C,2026-08-22,66500,call,0.046537161319429,0.046,0.048,0.38855385657068425,0.8924557125878659,2.1695901352477827,0.00009491827650989732,-0.0008178456245367445,2629,1789,69701.7
2026-08-20 01:53:12,okx,BTC,BTC-USD-260820-70500-C,2026-08-20,70500,call,0.0004100677867988,0.0007,0.0009,0.3395422216003515,0.09602047905121602,18.85738038928898,0.00004514490470895711,-0.0007664272351595383,787,2030,69701.7
2026-08-20 01:53:12,okx,BTC,BTC-USD-260822-66500-P,2026-08-22,66500,put,0.0008117470359166,0.0008,0.0009,0.38855385657068425,-0.06187502115296541,4.078251602729445,0.00009491827650989732,-0.0008178456245367445,1981,4890,69701.7
2026-08-20 01:53:12,okx,BTC,BTC-USD-260820-69500-P,2026-08-20,69500,put,0.0023893820546588,0.0023,0.0024,0.33714630657680944,-0.3874079936168866,43.68974920752258,0.0001009857311745915,-0.0017023314634563994,3761,4499,69701.7
2026-08-20 01:53:12,okx,BTC,BTC-USD-260822-65250-C,2026-08-22,65250,call,0.0638895261320325,0.0635,0.0655,0.4071898126138127,0.9169170160491988,-0.3694071737069311,0.000036835914661911283,-0.00033261254778717747,1426,1349,69701.7
2026-08-20 01:53:12,okx,BTC,BTC-USD-260820-70000-C,2026-08-20,70000,call,0.0016656895316445,0.0019,0.002,0.3292790893655241,0.298184699902356,39.361558926807774,0.00009183331936954973,-0.001511928091207047,2789,6932,69701.7
2026-08-20 01:53:12,okx,BTC,BTC-USD-260822-65250-P,2026-08-22,65250,put,0.0002266196358042,0.0003,0.0004,0.4071898126138127,-0.019475170064925287,1.5033771985213171,0.000036835914661911283,-0.00033261254778717747,2180,3390,69701.7
2026-08-20 01:53:12,okx,BTC,BTC-USD-260821-65750-C,2026-08-21,65750,call,0.0564317311171355,0.056,0.057,0.4363390572507962,0.932224471390559,-0.6968499251442586,0.00001751396806142977,-0.00030452225309691826,1804,4038,69701.7
2026-08-20 01:53:12,okx,BTC,BTC-USD-260904-76000-P,2026-09-04,76000,put,0.0932893075138454,0.092,0.0945,0.3619783103199766,-0.9594849971329347,4.8295512393723445,0.00044032637804391583,-0.0005198647093461726,0,0,69701.7
2026-08-20 01:53:12,okx,BTC,BTC-USD-260820-69500-C,2026-08-20,69500,call,0.0050165418098121,0.0046,0.0055,0.33714630657680944,0.6100237106388626,41.69488579901108,0.0001009857311745915,-0.001702313586385986,5224,9878,69701.7
2026-08-20 01:53:12,okx,BTC,BTC-USD-260821-65750-P,2026-08-21,65750,put,0.0001005962536651,0.0001,0.0002,0.4363390572507962,-0.011499926972757344,1.1905988715823739,0.00001751396806142977,-0.00030452225309691826,2355,4280,69701.7
2026-08-20 01:53:12,okx,BTC,BTC-USD-260820-67500-C,2026-08-20,67500,call,0.0314505952507007,0.0305,0.0325,0.5939128586075801,0.9475407339211039,1.3293980046265654,0.000013366432559731652,-0.00039670573722274565,3152,6139,69701.7
2026-08-20 01:53:12,okx,BTC,BTC-USD-260820-67500-P,2026-08-20,67500,put,0.0001222595954188,,0.0001,0.5939128586075801,-0.021187899708580787,3.2668552718859347,0.000013366432559731652,-0.0003969239514594295,7891,21369,69701.7
2026-08-20 01:53:12,okx,BTC,BTC-USD-260820-66500-C,2026-08-20,66500,call,0.0457359023470352,0.045,0.047,0.7456680263645387,0.945661071400086,-0.6985823667578004,0.000006207609523071529,-0.0002311220144827924,5690,7855,69701.7
2026-08-20 01:53:12,okx,BTC,BTC-USD-260820-66500-P,2026-08-20,66500,put,0.0000569787416891,,0.0001,0.7456680263645387,-0.008716026916566307,1.2101718298755044,0.000006207609523071529,-0.00023144039730261146,4160,8110,69701.7
2026-08-20 01:53:12,okx,BTC,BTC-USD-260820-65750-C,2026-08-20,65750,call,0.0564690095164828,0.0555,0.0575,0.8315206603392835,0.939592845530336,-1.3407111062436952,0.0000031251539864631927,-0.00012953780526706832,3652,4351,69701.7
2026-08-20 01:53:12,okx,BTC,BTC-USD-260820-65750-P,2026-08-20,65750,put,0.0000271449485885,,0.0001,0.8315206603392835,-0.004020601301542074,0.546515787420061,0.0000031251539864631927,-0.00012993131452423875,3023,6871,69701.7
2026-08-20 01:53:12,okx,BTC,BTC-USD-260823-74000-P,2026-08-23,74000,put,0.063024486725431,0.061,0.0635,0.43647781810966374,-0.9870068081847205,5.445950066412175,0.000135132447527817,-0.0009060940074744158,0,0,69701.7
2026-08-20 01:53:12,okx,BTC,BTC-USD-260828-73000-C,2026-08-28,73000,call,0.0063985230246179,0.006,0.0065,0.3648691731940543,0.20444635928297536,4.855567082656569,0.00043441259886276945,-0.0009600419127890178,2443,2564,69701.7
2026-08-20 01:53:12,okx,BTC,BTC-USD-260823-70500-P,2026-08-23,70500,put,0.0193448662966976,0.019,0.02,0.33873162965964165,-0.6528204547956271,13.073462798983085,0.0003554491957668636,-0.001849629422326208,54,54,69701.7
2026-08-20 01:53:12,okx,BTC,BTC-USD-260823-74000-C,2026-08-23,74000,call,0.0013880158754476,0.0012,0.0013,0.43647781810966374,0.0746921122194431,3.3225522256038476,0.000135132447527817,-0.0009060940074744158,879,1208,69701.7
2026-08-20 01:53:12,okx,BTC,BTC-USD-260823-70500-C,2026-08-23,70500,call,0.0079209312301595,0.0075,0.0085,0.33873162965964165,0.35866297612996134,11.050495937131908,0.0003554491957668636,-0.001849629422326208,2779,2870,69701.7
2026-08-20 01:53:12,okx,BTC,BTC-USD-260822-74000-P,2026-08-22,74000,put,0.0630126382878858,0.061,0.0635,0.5003297878484592,-0.9974397863895736,5.243575764378369,0.00010040892744886055,-0.00111403530633281,0,0,69701.7
2026-08-20 01:53:12,okx,BTC,BTC-USD-260822-70500-P,2026-08-22,70500,put,0.0186143578751323,0.0185,0.0195,0.3766040550413392,-0.666428919298639,13.87518634046476,0.0002917897500888724,-0.002436830326098677,17,17,69701.7
2026-08-20 01:53:12,okx,BTC,BTC-USD-260822-74000-C,2026-08-22,74000,call,0.0011130992951026,0.001,0.0011,0.5003297878484592,0.06452223311150196,3.119651725376219,0.00010040892744886055,-0.00111403530633281,812,816,69701.7
2026-08-20 01:53:12,okx,BTC,BTC-USD-260821-70500-P,2026-08-21,70500,put,0.0164326667692806,0.016,0.0175,0.3971234690275202,-0.7067101759161786,16.560145712774595,0.00020678119840868243,-0.0032722538968256365,17,17,69701.7
2026-08-20 01:53:12,okx,BTC,BTC-USD-260822-70500-C,2026-08-22,70500,call,0.0069397970779537,0.007,0.0075,0.3766040550413392,0.34530516684765594,11.85171816817217,0.0002917897500888724,-0.002436830326098677,2605,4461,69701.7
2026-08-20 01:53:12,okx,BTC,BTC-USD-260828-73000-P,2026-08-28,73000,put,0.052968426635176,0.051,0.0535,0.3648691731940543,-0.8421584190774054,6.94877663937733,0.00043441259886276945,-0.000959798065538742,11,11,69701.7
2026-08-20 01:53:12,okx,BTC,BTC-USD-260821-70500-C,2026-08-21,70500,call,0.0045900052920893,0.0047,0.0048,0.3971234690275202,0.3051920306939172,14.536341299554405,0.00020678119840868243,-0.0032722538968256365,2898,4444,69701.7
2026-08-20 01:53:12,okx,BTC,BTC-USD-270326-30000-C,2027-03-26,30000,call,0.586378580893616,0.5835,0.5875,0.6572138893697319,0.38888340645081537,-0.6636633380483465,0.00044841120589049477,-0.00006751332109298715,700,0,69701.7
2026-08-20 01:53:12,okx,BTC,BTC-USD-270326-40000-C,2027-03-26,40000,call,0.4536721699532881,0.4515,0.455,0.5552643114443959,0.48798047495021174,-0.7044015750782561,0.0009016446596207216,-0.00011469420027640993,501,0,69701.7
2026-08-20 01:53:12,okx,BTC,BTC-USD-270326-35000-P,2027-03-26,35000,put,0.0086214346869386,0.008,0.0085,0.601988993688714,-0.047127151081969465,0.2737176732739429,0.000646004028241832,-0.00008909022566923292,9210,586,69701.7
2026-08-20 01:53:12,okx,BTC,BTC-USD-270326-35000-C,2027-03-26,35000,call,0.5193739487652806,0.517,0.521,0.601988993688714,0.44215589994293464,-0.7048484287758652,0.000646004028241832,-0.00008909022566923292,500,0,69701.7
2026-08-20 01:53:12,okx,BTC,BTC-USD-270326-30000-P,2027-03-26,30000,put,0.0057335688264658,0.0048,0.0055,0.6572138893697319,-0.030502065856245313,0.17510760656577476,0.00044841120589049477,-0.00006751332109298715,224461,40,69701.7
2026-08-20 01:53:12,okx,BTC,BTC-USD-270326-50000-C,2027-03-26,50000,call,0.3292412846402198,0.3265,0.338,0.4852628701246989,0.5440822115647693,-0.5343278773557552,0.0016070505069943923,-0.00017865405193883958,342,0,69701.7
2026-08-20 01:53:12,okx,BTC,BTC-USD-270326-45000-P,2027-03-26,45000,put,0.0190123303089905,0.0185,0.019,0.5165904028010748,-0.10592855271716153,0.6079315822612995,0.001223472027579296,-0.00014479269777922365,12600,264,69701.7
2026-08-20 01:53:12,okx,BTC,BTC-USD-270326-45000-C,2027-03-26,45000,call,0.3899798484097161,0.3875,0.3925,0.5165904028010748,0.5231496557434294,-0.6502248346598825,0.001223472027579296,-0.00014479269777922365,520,3,69701.7
2026-08-20 01:53:12,okx,BTC,BTC-USD-270326-40000-P,2027-03-26,40000,put,0.0128121538637544,0.012,0.0125,0.5552643114443959,-0.0712001547925358,0.413959684407239,0.0009016446596207216,-0.00011469420027640993,52665,1272,69701.7
2026-08-20 01:53:12,okx,BTC,BTC-USD-270326-60000-C,2027-03-26,60000,call,0.2212006888088876,0.219,0.2305,0.44137509383968115,0.532416006684524,-0.14089556950003482,0.002438488851332469,-0.00024656695915566357,791,0,69701.7
2026-08-20 01:53:12,okx,BTC,BTC-USD-270326-55000-P,2027-03-26,55000,put,0.0414066564142487,0.0405,0.0415,0.46046833999317066,-0.22120815053066867,1.1788048457479567,0.0020275783849498298,-0.00021388666548632825,6983,330,69701.7
2026-08-20 01:53:12,okx,BTC,BTC-USD-270326-55000-C,2027-03-26,55000,call,0.2725891785373576,0.27,0.282,0.46046833999317066,0.5476652153656092,-0.3589418860445988,0.0020275783849498298,-0.00021388666548632825,1012,0,69701.7
2026-08-20 01:53:12,okx,BTC,BTC-USD-270326-50000-P,2027-03-26,50000,put,0.0281662645283026,0.0275,0.028,0.4852628701246989,-0.15489357561366499,0.8636236970011137,0.0016070505069943923,-0.00017865405193883958,9508,346,69701.7
2026-08-20 01:53:12,okx,BTC,BTC-USD-270326-70000-C,2027-03-26,70000,call,0.1377985412439432,0.1375,0.1395,0.4171683629809878,0.4525907639172615,0.29965889289950415,0.003005465506021548,-0.0002872297333075146,6227,1312,69701.7
2026-08-20 01:53:12,okx,BTC,BTC-USD-270326-65000-P,2027-03-26,65000,put,0.0846759562601604,0.0845,0.0855,0.42718626558449174,-0.40922245490339554,1.907331237994346,0.0027814463013867176,-0.00027220383719601596,6209,440,69701.7
2026-08-20 01:53:12,okx,BTC,BTC-USD-270326-65000-C,2027-03-26,65000,call,0.1760734824056526,0.1745,0.178,0.42718626558449174,0.49944606842856926,0.08999419133041626,0.0027814463013867176,-0.00027220383719601596,1020,40,69701.7
2026-08-20 01:53:12,okx,BTC,BTC-USD-270326-60000-P,2027-03-26,60000,put,0.0599106646745871,0.0595,0.0605,0.44137509383968115,-0.30635493792959717,1.5366463197282076,0.002438488851332469,-0.00024656695915566357,6570,176,69701.7
2026-08-20 01:53:12,okx,BTC,BTC-USD-270326-80000-C,2027-03-26,80000,call,0.0814342315363553,0.081,0.082,0.4068353618045075,0.34000198353347094,0.5634182423482724,0.0030248801245559556,-0.0002819247114728302,5504,74,69701.7
2026-08-20 01:53:12,okx,BTC,BTC-USD-270326-75000-P,2027-03-26,75000,put,0.1548182054089618,0.1535,0.1555,0.4106640075036319,-0.6509769136445583,2.55817863698541,0.0030847847183681503,-0.00029021361545521456,3365,0,69701.7
2026-08-20 01:53:12,okx,BTC,BTC-USD-270326-75000-C,2027-03-26,75000,call,0.1064307355768375,0.106,0.1075,0.4106640075036319,0.3974867671230933,0.46125127545010697,0.0030847847183681503,-0.00029021361545521456,5362,185,69701.7
2026-08-20 01:53:12,okx,BTC,BTC-USD-270326-70000-P,2027-03-26,70000,put,0.1162935130872592,0.1165,0.1175,0.4171683629809878,-0.5259753381325467,2.256791096999121,0.003005465506021548,-0.0002872297333075146,2979,286,69701.7
2026-08-20 01:53:12,okx,BTC,BTC-USD-270326-90000-C,2027-03-26,90000,call,0.0470161864604275,0.0465,0.0475,0.40465623350135155,0.234817287511125,0.6095136508536634,0.0026111882906012115,-0.00024206427911675318,3532,432,69701.7
2026-08-20 01:53:12,okx,BTC,BTC-USD-270326-85000-P,2027-03-26,85000,put,0.2501065654828379,0.246,0.2575,0.4049406938413831,-0.903488426496747,2.9857363237894385,0.0028542201736864122,-0.00026477999887190303,494,26,69701.7
2026-08-20 01:53:12,okx,BTC,BTC-USD-260820-64900-C,2026-08-20,64900,call,0.0686487434294066,0.068,0.0695,0.8983968680151466,0.9300782363485444,-1.6762735410838234,0.0000011530358621543303,-0.00005131547524047028,2982,3533,69701.7
2026-08-20 01:53:12,okx,BTC,BTC-USD-270326-85000-C,2027-03-26,85000,call,0.0619340996730969,0.0615,0.0625,0.4049406938413831,0.2847704117065915,0.6092186473827612,0.0028542201736864122,-0.00026477999887190303,5645,493,69701.7
2026-08-20 01:53:12,okx,BTC,BTC-USD-260820-64900-P,2026-08-20,64900,put,0.0000088791039577,,0.0001,0.8983968680151466,-0.0013364054672560539,0.18655574254777757,0.0000011530358621543303,-0.00005179412779330564,855,1736,69701.7
2026-08-20 01:53:12,okx,BTC,BTC-USD-270326-80000-P,2027-03-26,80000,put,0.1997141993572879,0.197,0.201,0.4068353618045075,-0.778359275952024,2.800140761319262,0.0030248801245559556,-0.0002819247114728302,2453,182,69701.7
2026-08-20 01:53:12,okx,BTC,BTC-USD-270326-100000-C,2027-03-26,100000,call,0.0273549175397085,0.027,0.028,0.4078953544194656,0.15554477454733298,0.5291641733219177,0.0020494156951081565,-0.0001915071966019671,59163,1090,69701.7
2026-08-20 01:53:12,okx,BTC,BTC-USD-270326-95000-P,2027-03-26,95000,put,0.3637221768786964,0.359,0.3725,0.40571501840253305,-1.1364139940405673,3.234514825260514,0.0023330583988746367,-0.00021684677919963502,4,1,69701.7
2026-08-20 01:53:12,okx,BTC,BTC-USD-270326-95000-C,2027-03-26,95000,call,0.0357647150913389,0.035,0.036,0.40571501840253305,0.1916400015984581,0.5784068339824636,0.0023330583988746367,-0.00021684677919963502,3079,270,69701.7
2026-08-20 01:53:12,okx,BTC,BTC-USD-270326-90000-P,2027-03-26,90000,put,0.3050811502589765,0.301,0.3135,0.40465623350135155,-1.023339129410057,3.1258264846960273,0.0026111882906012115,-0.00024206427911675318,5,1,69701.7
2026-08-20 01:53:12,okx,BTC,BTC-USD-270326-110000-C,2027-03-26,110000,call,0.0164406804590679,0.016,0.017,0.4149108442437478,0.10240652927020834,0.4144213673155552,0.001536316631569362,-0.0001460299040396324,12681,10000,69701.7
2026-08-20 01:53:12,okx,BTC,BTC-USD-270326-105000-P,2027-03-26,105000,put,0.4888389255176644,0.484,0.497,0.41101228240369475,-1.341770443884451,3.407854619137345,0.0017801326770031647,-0.00016761522119450184,11,1,69701.7
2026-08-20 01:53:12,okx,BTC,BTC-USD-270326-105000-C,2027-03-26,105000,call,0.0210964677526903,0.0205,0.0215,0.41101228240369475,0.12607870919026115,0.47215631298792055,0.0017801326770031647,-0.00016761522119450184,1732,254,69701.7
2026-08-20 01:53:12,okx,BTC,BTC-USD-270326-100000-P,2027-03-26,100000,put,0.4252048773158741,0.4125,0.434,0.4078953544194656,-1.2424067998095356,3.325067322035655,0.0020494156951081565,-0.0001915071966019671,53,52,69701.7
2026-08-20 01:53:12,okx,BTC,BTC-USD-270326-130000-C,2027-03-26,130000,call,0.0068901481789773,0.0065,0.0075,0.4360003738373484,0.04755078260729264,0.23218219527240783,0.0008532615423544038,-0.00008522662986493926,1044,0,69701.7
2026-08-20 01:53:12,okx,BTC,BTC-USD-270326-120000-P,2027-03-26,120000,put,0.6877810438501726,0.6735,0.6965,0.4245519716189496,-1.6088732552319756,3.6664108011654997,0.0011389986806740594,-0.00011077974599174522,1,0,69701.7
2026-08-20 01:53:12,okx,BTC,BTC-USD-270326-120000-C,2027-03-26,120000,call,0.0103610921187735,0.01,0.011,0.4245519716189496,0.06866863399626705,0.3113270227090142,0.0011389986806740594,-0.00011077974599174522,1936,350,69701.7
2026-08-20 01:53:12,okx,BTC,BTC-USD-270326-110000-P,2027-03-26,110000,put,0.55407563621285,0.54,0.563,0.4149108442437478,-1.4353402025223474,3.4899148309006667,0.001536316631569362,-0.0001460299040396324,5,0,69701.7
2026-08-20 01:53:12,okx,BTC,BTC-USD-270326-160000-C,2027-03-26,160000,call,0.0027563321913626,0.0024,0.003,0.47606120678830083,0.019848466025199497,0.10617341834666842,0.0004152414252332359,-0.00004528660332442223,556,11,69701.7
2026-08-20 01:53:12,okx,BTC,BTC-USD-270326-140000-P,2027-03-26,140000,put,0.9618256516530512,0.946,0.972,0.4486672276390597,-1.9229268474239165,4.08937184326293,0.0006533208745656869,-0.00006715172368350462,0,0,69701.7
2026-08-20 01:53:12,okx,BTC,BTC-USD-260820-64600-C,2026-08-20,64600,call,0.0729505870845754,0.0715,0.074,0.915523813523857,0.9262614086699158,-1.7336396224172776,0.0000007596670332009445,-0.000034265920711556,1835,2257,69701.7
2026-08-20 01:53:12,okx,BTC,BTC-USD-270326-140000-C,2027-03-26,140000,call,0.0048357079664194,0.0045,0.0055,0.4486672276390597,0.03420535667569999,0.1751074350636978,0.0006533208745656869,-0.00006715172368350462,1622,0,69701.7
2026-08-20 01:53:12,okx,BTC,BTC-USD-260820-64600-P,2026-08-20,64600,put,0.0000055463741072,,0.0015,0.915523813523857,-0.000847772551975065,0.12057874002650407,0.0000007596670332009445,-0.00003477462383933192,1765,2652,69701.7
2026-08-20 01:53:12,okx,BTC,BTC-USD-270326-130000-P,2027-03-26,130000,put,0.8240950958879927,0.8095,0.8335,0.4360003738373484,-1.7697862640566366,3.866856288600266,0.0008532615423544038,-0.00008522662986493926,0,0,69701.7
2026-08-20 01:53:12,okx,BTC,BTC-USD-270326-200000-C,2027-03-26,200000,call,0.001376179097619,0.0008,0.0014,0.532821530690937,0.009652116773468274,0.05114067787519189,0.0002244410267805856,-0.00002739619789218323,357,0,69701.7
2026-08-20 01:53:12,okx,BTC,BTC-USD-270326-180000-P,2027-03-26,180000,put,1.5179691122117893,1.4965,1.5325,0.5045120026808945,-2.5031596791574984,5.1033468540507,0.000292709743367913,-0.00003383101001358487,0,0,69701.7
2026-08-20 01:53:12,okx,BTC,BTC-USD-260828-61000-P,2026-08-28,61000,put,0.0006481378408248,0.0005,0.0006,0.4599885900536107,-0.024977936985697235,0.8757620008947893,0.00008590858894250839,-0.00023935538325451405,11755,1288,69701.7
2026-08-20 01:53:12,okx,BTC,BTC-USD-270326-180000-C,2027-03-26,180000,call,0.0018391846146913,0.0014,0.0019,0.5045120026808945,0.013153154684865758,0.070721186365972,0.000292709743367913,-0.00003383101001358487,11100,0,69701.7
2026-08-20 01:53:12,okx,BTC,BTC-USD-260828-61000-C,2026-08-28,61000,call,0.1261100294101089,0.1255,0.1275,0.4599885900536107,0.8495822202743472,-0.8733583136252994,0.00008590858894250839,-0.00023869988493279855,421,0,69701.7
2026-08-20 01:53:12,okx,BTC,BTC-USD-270326-160000-P,2027-03-26,160000,put,1.2393162678332275,1.221,1.2515,0.47606120678830083,-2.2168740529457907,4.579618456288649,0.0004152414252332359,-0.00004528660332442223,320,320,69701.7
2026-08-20 01:53:12,okx,BTC,BTC-USD-270326-200000-P,2027-03-26,200000,put,1.7970760986499505,1.7725,1.8135,0.532821530690937,-2.7862510319402696,5.642946975302667,0.0002244410267805856,-0.00002739619789218323,0,0,69701.7
2026-08-20 01:53:12,okx,BTC,BTC-USD-260925-85000-P,2026-09-25,85000,put,0.217707368464384,0.2145,0.2185,0.4037588751866913,-1.1456069220416314,3.371593284658381,0.00043328187929244185,-0.00024126682567552756,2766,2,69701.7
2026-08-20 01:53:12,okx,BTC,BTC-USD-260925-85000-C,2026-09-25,85000,call,0.003892773188243,0.0036,0.0037,0.4037588751866913,0.0682978140284714,0.9437838125181757,0.00043328187929244185,-0.00024126682567552756,15082,3420,69701.7
2026-08-20 01:53:12,okx,BTC,BTC-USD-260925-45000-P,2026-09-25,45000,put,0.0009320639783596,0.0007,0.001,0.6533718661615229,-0.013152310522647702,0.1803905916498071,0.0000999990011200415,-0.00009010753185139796,18795,3135,69701.7
2026-08-20 01:53:12,okx,BTC,BTC-USD-260925-45000-C,2026-09-25,45000,call,0.3583243370674613,0.3575,0.36,0.6533718661615229,0.6295031379850539,-1.104920305365596,0.0000999990011200415,-0.00009010753185139796,530,0,69701.7
2026-08-20 01:53:12,okx,BTC,BTC-USD-260820-71000-P,2026-08-20,71000,put,0.0189912153009376,0.018,0.02,0.36285469023611205,-0.993767756037591,8.142001577384688,0.000015586775829204282,-0.0002826537219478099,320,320,69701.7
2026-08-20 01:53:12,okx,BTC,BTC-USD-260820-68750-P,2026-08-20,68750,put,0.0005077967993279,0.0004,0.0005,0.40055639821565664,-0.10203156820090423,16.971515732035797,0.000046877444391078344,-0.0009388494375180155,2407,4267,69701.7
2026-08-20 01:53:12,okx,BTC,BTC-USD-260820-71000-C,2026-08-20,71000,call,0.0000924931309947,0.0003,0.0005,0.36285469023611205,0.02519125118770687,6.104083562934093,0.000015586775829204282,-0.00028278609775209926,5056,6429,69701.7
2026-08-20 01:53:12,okx,BTC,BTC-USD-260820-68250-P,2026-08-20,68250,put,0.0002435212466922,,0.0003,0.47090367495860624,-0.04758392379360863,8.030618584238265,0.000026081757127594116,-0.0006140980533655971,2463,3444,69701.7
2026-08-20 01:53:12,okx,BTC,BTC-USD-260820-68750-C,2026-08-20,68750,call,0.0138978975170294,0.013,0.0145,0.40055639821565664,0.8846364845700709,14.998179626493851,0.000046877444391078344,-0.0009387564340102507,447,1249,69701.7
2026-08-20 01:53:12,okx,BTC,BTC-USD-260820-68250-C,2026-08-20,68250,call,0.0208089159394259,0.02,0.0215,0.47090367495860624,0.9319083613208504,6.071634014009347,0.000026081757127594116,-0.0006139549655662647,155,157,69701.7
2026-08-20 01:53:12,okx,BTC,BTC-USD-260820-67750-P,2026-08-20,67750,put,0.0001487931113489,,0.0002,0.5522559936522091,-0.026891072453115953,4.291802043175525,0.000016335656637365018,-0.0004510721709461738,3552,4721,69701.7
2026-08-20 01:53:12,okx,BTC,BTC-USD-260820-67750-C,2026-08-20,67750,call,0.0278894817791147,0.027,0.029,0.5522559936522091,0.9454254450048268,2.3471690082596397,0.000016335656637365018,-0.0004508789988552737,0,0,69701.7
2026-08-20 01:53:12,okx,BTC,BTC-USD-260925-75000-P,2026-09-25,75000,put,0.0908923054894185,0.0905,0.0915,0.3622416423827568,-0.7979020403757052,4.608792785190898,0.0010840966720527538,-0.0005415909361367235,6971,2,69701.7
2026-08-20 01:53:12,okx,BTC,BTC-USD-260925-75000-C,2026-09-25,75000,call,0.0198794273045881,0.0195,0.02,0.3622416423827568,0.27319037380379735,2.466607956831893,0.0010840966720527538,-0.0005415909361367235,21062,9631,69701.7
2026-08-20 01:53:12,okx,BTC,BTC-USD-260925-40000-P,2026-09-25,40000,put,0.0005080047423334,0.0005,0.0008,0.7460256909940254,-0.006735080132304892,0.0882031005780268,0.00005537809176900279,-0.00005697663182251288,71011,936,69701.7
2026-08-20 01:53:12,okx,BTC,BTC-USD-260925-40000-C,2026-09-25,40000,call,0.4293011363770905,0.428,0.431,0.7460256909940254,0.5645142074300965,-1.054295474546776,0.00005537809176900279,-0.00005697663182251288,973,0,69701.7
2026-08-20 01:53:12,okx,BTC,BTC-USD-260822-67750-P,2026-08-22,67750,put,0.0026588842881318,0.0025,0.0026,0.37643957685017526,-0.169865770037383,8.801730121951516,0.00019677734359972016,-0.001642633353456283,281,295,69701.7
2026-08-20 01:53:12,okx,BTC,BTC-USD-260822-67750-C,2026-08-22,67750,call,0.0304468063589283,0.03,0.032,0.37643957685017526,0.8024035113301557,6.857191559216439,0.00019677734359972016,-0.001642633353456283,0,0,69701.7
2026-08-20 01:53:12,okx,BTC,BTC-USD-260821-62250-C,2026-08-21,62250,call,0.1065683160603112,0.106,0.108,0.5795116040593218,0.8930524643979176,-1.7404466734793487,0.0000009095952682027325,-0.0000210049049731744,0,0,69701.7
2026-08-20 01:53:12,okx,BTC,BTC-USD-260821-62250-P,2026-08-21,62250,put,0.0000038575774057,,0.0002,0.5795116040593218,-0.00043565420461377633,0.046529563725714276,0.0000009095952682027325,-0.0000210049049731744,2806,419,69701.7
2026-08-20 01:53:12,okx,BTC,BTC-USD-260822-68750-C,2026-08-22,68750,call,0.019511638001712,0.019,0.02,0.3715852923409036,0.6634288269809979,10.871000058989303,0.00027999414361487774,-0.0023071600893570664,2481,2631,69701.7
2026-08-20 01:53:12,okx,BTC,BTC-USD-260828-69000-P,2026-08-28,69000,put,0.015618070371634,0.0155,0.016,0.3445518396415214,-0.42330371196324723,8.338438431868198,0.0005837863973473595,-0.0012182743308203454,2868,3419,69701.7
2026-08-20 01:53:12,okx,BTC,BTC-USD-260828-69000-C,2026-08-28,69000,call,0.0263920984876898,0.026,0.0265,0.3445518396415214,0.5659528593636882,6.3599252892143285,0.0005837863973473595,-0.001218218396213291,9287,5221,69701.7
2026-08-20 01:53:12,okx,BTC,BTC-USD-260822-68750-P,2026-08-22,68750,put,0.0060737097010882,0.0055,0.006,0.3715852923409036,-0.3231912924879068,12.844240297927112,0.00027999414361487774,-0.0023071600893570664,800,824,69701.7
2026-08-20 01:53:12,okx,BTC,BTC-USD-260821-64250-P,2026-08-21,64250,put,0.0000193922786887,,0.0002,0.4894988908718595,-0.0022993238320799096,0.25336868590665673,0.000004186166795077566,-0.00008165421963897177,2605,2691,69701.7
2026-08-20 01:53:12,okx,BTC,BTC-USD-260821-64250-C,2026-08-21,64250,call,0.0778790944076313,0.0775,0.079,0.4894988908718595,0.9198952403480428,-1.5910204424535885,0.000004186166795077566,-0.00008165421963897177,1084,866,69701.7
2026-08-20 01:53:12,okx,BTC,BTC-USD-261225-58000-C,2026-12-25,58000,call,0.2109986333328653,0.2095,0.216,0.4465815109701874,0.6006397136107681,-0.17792435663628106,0.0015933392180547557,-0.0002793789905802798,253,0,69701.7
2026-08-20 01:53:12,okx,BTC,BTC-USD-261225-58000-P,2026-12-25,58000,put,0.0310230821248147,0.031,0.0315,0.4465815109701874,-0.2193288459637154,1.4620127625126857,0.0015933392180547557,-0.0002795497976834006,5370,1441,69701.7
2026-08-20 01:53:12,okx,BTC,BTC-USD-260820-60000-C,2026-08-20,60000,call,0.1389577453043086,0.138,0.14,0.9931108619881412,0.861092113206385,-1.7221829825907635,0.000000000008621625118314072,0.0000009690504988893028,0,0,69701.7
2026-08-20 01:53:12,okx,BTC,BTC-USD-260820-60000-P,2026-08-20,60000,put,0.000000000023545,,0.0016,0.9931108619881412,-0.0000000055755568781498496,0.000001254973120153323,0.000000000008621625118314072,-0.00000000042811130851811806,2935,0,69701.7
2026-08-20 01:53:12,okx,BTC,BTC-USD-260820-62000-C,2026-08-20,62000,call,0.110256586258238,0.1095,0.111,0.9826737953121727,0.889791935913818,-1.7789962037670157,0.000000004030645745604941,0.0000005711010665029983,190,190,69701.7
2026-08-20 01:53:12,okx,BTC,BTC-USD-260820-62000-P,2026-08-20,62000,put,0.0000000168776028,,0.0002,0.9826737953121727,-0.0000032534941886092076,0.000594175048997714,0.000000004030645745604941,-0.00000019804037742442935,2450,0,69701.7
2026-08-20 01:53:12,okx,BTC,BTC-USD-260820-61500-C,2026-08-20,61500,call,0.1174318672377312,0.116,0.1185,0.986774057524372,0.8826186335185991,-1.765086985517738,0.00000000103503841228579,0.0000007681583105088912,0,0,69701.7
2026-08-20 01:53:12,okx,BTC,BTC-USD-260820-61500-P,2026-08-20,61500,put,0.0000000038820639,,0.0016,0.986774057524372,-0.0000007882328913783504,0.00015185798524303633,0.00000000103503841228579,-0.000000051067424986134914,5611,0,69701.7
2026-08-20 01:53:12,okx,BTC,BTC-USD-260820-61000-C,2026-08-20,61000,call,0.1246071581262394,0.124,0.1255,0.9896646120291539,0.8754434839651585,-1.7508527511058383,0.00000000023635288625163024,0.0000008576145283780705,0,0,69701.7
2026-08-20 01:53:12,okx,BTC,BTC-USD-260820-61000-P,2026-08-20,61000,put,0.00000000079554,,0.0016,0.9896646120291539,-0.00000017012981579531472,0.00003455708411041832,0.00000000023635288625163024,-0.000000011695498684554133,3414,0,69701.7
2026-08-20 01:53:12,okx,BTC,BTC-USD-260820-60500-C,2026-08-20,60500,call,0.1317824514508637,0.131,0.1325,0.9916931321882813,0.8682678537653814,-1.7365287824561184,0.00000000004793303534533289,0.0000009170175765725425,0,0,69701.7
2026-08-20 01:53:12,okx,BTC,BTC-USD-260820-60500-P,2026-08-20,60500,put,0.0000000001451323,,0.0016,0.9916931321882813,-0.00000003267307664565051,0.000006990420797787085,0.00000000004793303534533289,-0.000000002376742057680743,4049,0,69701.7
2026-08-20 01:53:12,okx,BTC,BTC-USD-260820-63000-C,2026-08-20,63000,call,0.0959062074697336,0.0945,0.097,0.9687712180998767,0.9041073427519007,-1.80182415790623,0.000000043210680828659505,-0.000001424088730774887,59,0,69701.7
2026-08-20 01:53:12,okx,BTC,BTC-USD-260820-63000-P,2026-08-20,63000,put,0.0000002260391626,,0.0002,0.9687712180998767,-0.000039381969138284456,0.006469291535848111,0.000000043210680828659505,-0.0000020930615915671187,7395,2439,69701.7
2026-08-20 01:53:12,okx,BTC,BTC-USD-261225-68000-P,2026-12-25,68000,put,0.0762089175276836,0.076,0.0765,0.40911950350985665,-0.46459959737203843,2.5154281399879874,0.0022625449470254624,-0.00036362767396573,682,501,69701.7
2026-08-20 01:53:12,okx,BTC,BTC-USD-260820-62750-C,2026-08-20,62750,call,0.099493751764803,0.0985,0.1005,0.9731686011284615,0.9005368145276162,-1.7974038355595912,0.000000024926590646457372,-0.000000518872885100184,6,0,69701.7
2026-08-20 01:53:12,okx,BTC,BTC-USD-260820-62750-P,2026-08-20,62750,put,0.0000001233467159,,0.0002,0.9731686011284615,-0.00002202636516472591,0.003713846225970801,0.000000024926590646457372,-0.0000012128878916762146,9076,6781,69701.7
2026-08-20 01:53:12,okx,BTC,BTC-USD-260820-62500-C,2026-08-20,62500,call,0.1030813408146689,0.1025,0.104,0.9768875145565026,0.8969589791094501,-1.7918682195165354,0.000000013975785523643219,0.000000036419098045759474,0,0,69701.7
2026-08-20 01:53:12,okx,BTC,BTC-USD-260820-62500-P,2026-08-20,62500,put,0.0000000654090659,,0.0002,0.9768875145565026,-0.000011977955072750455,0.0020736946125100753,0.000000013975785523643219,-0.0000006826380543140698,3163,2933,69701.7
2026-08-20 01:53:12,okx,BTC,BTC-USD-260820-62250-C,2026-08-20,62250,call,0.106668956098862,0.106,0.1075,0.9800272278558051,0.8933767412268482,-1.7856402924762622,0.000000007614486063520861,0.00000037097935452324427,0,0,69701.7
2026-08-20 01:53:12,okx,BTC,BTC-USD-261225-68000-C,2026-12-25,68000,call,0.1148217720935965,0.1145,0.1155,0.40911950350985665,0.49674285178425254,0.5927432416754055,0.0022625449470254624,-0.00036359108719331227,4631,0,69701.7
2026-08-20 01:53:12,okx,BTC,BTC-USD-260820-62250-P,2026-08-20,62250,put,0.000000033705743,,0.0002,0.9800272278558051,-0.000006332009416532691,0.001125853996267156,0.000000007614486063520861,-0.0000003731199436203851,2235,52,69701.7
2026-08-20 01:53:12,okx,BTC,BTC-USD-260820-64000-C,2026-08-20,64000,call,0.0815573088059677,0.081,0.0825,0.9418744850830216,0.9181930912054003,-1.7914902744755754,0.0000002951433197380778,-0.000013330580299656317,1688,823,69701.7
2026-08-20 01:53:12,okx,BTC,BTC-USD-260820-64000-P,2026-08-20,64000,put,0.0000019153254609,,0.0015,0.9418744850830216,-0.0003051688286711074,0.045506245592567246,0.0000002951433197380778,-0.000013899384577313354,8369,11343,69701.7
2026-08-20 01:53:12,okx,BTC,BTC-USD-260820-63750-C,2026-08-20,63750,call,0.0851442122124756,0.0845,0.086,0.9502887313323983,0.9147198165474058,-1.8007552106872502,0.00000019025446399296578,-0.00000844597894804768,600,180,69701.7
2026-08-20 01:53:12,okx,BTC,BTC-USD-260820-63750-P,2026-08-20,63750,put,0.0000011717444529,,0.0002,0.9502887313323983,-0.00019055965840749172,0.029065541724376358,0.00000019025446399296578,-0.000009039825371488514,12982,14528,69701.7
2026-08-20 01:53:12,okx,BTC,BTC-USD-260820-63500-C,2026-08-20,63500,call,0.0887313841269897,0.088,0.0895,0.9574695817072869,0.91120668452948,-1.8045550398721337,0.00000011934355668435364,-0.000005094497762690782,293,2,69701.7
2026-08-20 01:53:12,okx,BTC,BTC-USD-260820-63500-P,2026-08-20,63500,put,0.000000696671451,,0.0002,0.9574695817072869,-0.00011580784807527003,0.01808994488297691,0.00000011934355668435364,-0.000005713386331915416,8017,2344,69701.7
2026-08-20 01:53:12,okx,BTC,BTC-USD-260820-63250-C,2026-08-20,63250,call,0.0923187369882274,0.0915,0.0935,0.963581479538547,0.9076661337866462,-1.8045044216770934,0.00000007282218022092097,-0.000002864571640065206,249,0,69701.7
2026-08-20 01:53:12,okx,BTC,BTC-USD-260820-63250-P,2026-08-20,63250,put,0.0000004025451725,,0.0002,0.963581479538547,-0.00006847476265102737,0.010964795421500712,0.00000007282218022092097,-0.000003508502355073638,2655,1072,69701.7
2026-08-20 01:53:12,okx,BTC,BTC-USD-260820-66000-C,2026-08-20,66000,call,0.0528897992538683,0.052,0.054,0.8058693018636716,0.9419037115539883,-1.1730708197723747,0.000003997665587383354,-0.00016071108175363073,7814,5917,69701.7
2026-08-20 01:53:12,okx,BTC,BTC-USD-260820-66000-P,2026-08-20,66000,put,0.00003558167349,,0.0001,0.8058693018636716,-0.005297619106147707,0.7213318415478979,0.000003997665587383354,-0.00016107954886501735,12845,18990,69701.7
2026-08-20 01:53:12,okx,BTC,BTC-USD-260820-65500-C,2026-08-20,65500,call,0.0600496954083209,0.0585,0.061,0.8543131259501703,0.9370367955191474,-1.4725525623873719,0.0000023941896068649452,-0.00010185068698305528,7570,10879,69701.7
2026-08-20 01:53:12,okx,BTC,BTC-USD-260820-65500-P,2026-08-20,65500,put,0.0000201838529106,,0.0002,0.8543131259501703,-0.0029887674844724338,0.407498563619868,0.0000023941896068649452,-0.00010226923838600953,4328,7407,69701.7
2026-08-20 01:53:12,okx,BTC,BTC-USD-260820-65000-C,2026-08-20,65000,call,0.0672150998265228,0.0665,0.068,0.8920075605446923,0.9313068344812655,-1.651451273310038,0.000001314674631637571,-0.00005816627733954962,13443,25602,69701.7
2026-08-20 01:53:12,okx,BTC,BTC-USD-260820-65000-P,2026-08-20,65000,put,0.0000102942960803,,0.0001,0.8920075605446923,-0.0015429608658383007,0.21424831738416966,0.000001314674631637571,-0.00005863491303407145,6236,7043,69701.7
2026-08-20 01:53:12,okx,BTC,BTC-USD-260820-64500-C,2026-08-20,64500,call,0.0743847981701122,0.073,0.0755,0.920600742461229,0.9249514922530438,-1.747854260800478,0.0000006557103897996675,-0.000029663620444012113,3584,2774,69701.7
2026-08-20 01:53:12,okx,BTC,BTC-USD-260820-64500-P,2026-08-20,64500,put,0.0000046986646376,,0.0001,0.920600742461229,-0.0007225354375436644,0.10349379458069707,0.0000006557103897996675,-0.000030182340430101552,8618,10459,69701.7
2026-08-20 01:53:12,okx,BTC,BTC-USD-260820-64750-P,2026-08-20,64750,put,0.0000070531900552,,0.001,0.907329391714965,-0.001069250501172238,0.15059065239629937,0.0000009401229229799807,-0.000042650008265075466,2784,2753,69701.7
2026-08-20 01:53:12,okx,BTC,BTC-USD-260820-64750-C,2026-08-20,64750,call,0.0707995057080137,0.07,0.072,0.907329391714965,0.9281926610176735,-1.707933170641392,0.0000009401229229799807,-0.00004215633042476983,3036,6360,69701.7
2026-08-20 01:53:12,okx,BTC,BTC-USD-261225-62000-C,2026-12-25,62000,call,0.1685373253022153,0.1685,0.1695,0.4281926078418731,0.5726780851108761,0.13421469066486033,0.001910225632518788,-0.0003212207475309418,1212,0,69701.7
2026-08-20 01:53:12,okx,BTC,BTC-USD-261225-62000-P,2026-12-25,62000,put,0.0451068527510197,0.045,0.0455,0.4281926078418731,-0.30384003029633033,1.8872509214792732,0.001910225632518788,-0.00032133786650178145,7830,674,69701.7
2026-08-20 01:53:12,okx,BTC,BTC-USD-260828-50000-C,2026-08-28,50000,call,0.2832931707941575,0.282,0.2845,0.8372410891868138,0.7133170674607063,-1.345306753477685,0.0000153992209052806,-0.00007661291206917003,141,0,69701.7
2026-08-20 01:53:12,okx,BTC,BTC-USD-260828-50000-P,2026-08-28,50000,put,0.0001354669766847,0.0001,0.0003,0.8372410891868138,-0.0035355204573628276,0.08839842235845329,0.0000153992209052806,-0.00007809281049854423,19172,17,69701.7
2026-08-20 01:53:12,okx,BTC,BTC-USD-260820-69250-P,2026-08-20,69250,put,0.0013883931433639,0.0012,0.0013,0.3513391290814911,-0.25309348302764817,34.86407107994205,0.00008425314046052931,-0.001480061454713332,1605,2019,69701.7
2026-08-20 01:53:12,okx,BTC,BTC-USD-260828-65000-C,2026-08-28,65000,call,0.0709304567716803,0.07,0.0725,0.3773869922523658,0.8270871571800131,1.4831056567293093,0.00026776365625429875,-0.0006117040221842467,11427,4616,69701.7
2026-08-20 01:53:12,okx,BTC,BTC-USD-260820-71500-C,2026-08-20,71500,call,0.0000223703504564,0.0001,0.0003,0.3931873584393365,0.006563229298051312,1.7643333163531272,0.000004877895523220547,-0.00009589618827208261,3558,4975,69701.7
2026-08-20 01:53:12,okx,BTC,BTC-USD-260828-65000-P,2026-08-28,65000,put,0.0028124969290103,0.0027,0.0028,0.3773869922523658,-0.10482120711347687,3.346922385316289,0.00026776365625429875,-0.0006120597386486317,12409,8380,69701.7
2026-08-20 01:53:12,okx,BTC,BTC-USD-260822-69250-P,2026-08-22,69250,put,0.0087256457365813,0.0085,0.009,0.37076734722536325,-0.41851682352134956,14.175398062650185,0.000305499797665605,-0.0025117862194582756,170,170,69701.7
2026-08-20 01:53:12,okx,BTC,BTC-USD-260828-66000-C,2026-08-28,66000,call,0.0581491860124617,0.057,0.0595,0.3643828020061307,0.7915227977851331,2.6783195034709686,0.00035117051265527044,-0.0007747675907906134,20360,894,69701.7
2026-08-20 01:53:12,okx,BTC,BTC-USD-260820-69250-C,2026-08-20,69250,call,0.0076031998860333,0.007,0.009,0.3513391290814911,0.7407503373998433,32.876383439087064,0.00008425314046052931,-0.0014800185354971347,578,738,69701.7
2026-08-20 01:53:12,okx,BTC,BTC-USD-260828-66000-P,2026-08-28,66000,put,0.0043672091014451,0.0043,0.0044,0.3643828020061307,-0.15472261826671824,4.570810335574671,0.00035117051265527044,-0.0007750483617906659,9372,4193,69701.7
2026-08-20 01:53:12,okx,BTC,BTC-USD-260828-55000-C,2026-08-28,55000,call,0.2117035848640382,0.211,0.213,0.6536979039421764,0.7814689712859867,-1.3686439374907426,0.000028724198478437385,-0.00011262775481723208,20,0,69701.7
2026-08-20 01:53:12,okx,BTC,BTC-USD-260828-70500-P,2026-08-28,70500,put,0.0266289508961006,0.0265,0.027,0.34534111985255794,-0.5984592799279153,8.753488395371821,0.0005901799063368757,-0.0012343813911481125,594,594,69701.7
2026-08-20 01:53:12,okx,BTC,BTC-USD-260822-69250-C,2026-08-22,69250,call,0.0149885771521188,0.0145,0.0155,0.37076734722536325,0.575278714998238,12.18780698561101,0.000305499797665605,-0.0025117862194582756,0,0,69701.7
2026-08-20 01:53:12,okx,BTC,BTC-USD-260828-55000-P,2026-08-28,55000,put,0.0002257957048329,,0.0005,0.6536979039421764,-0.00706887542388934,0.20843175592900948,0.000028724198478437385,-0.00011373292592494322,23923,518,69701.7
2026-08-20 01:53:12,okx,BTC,BTC-USD-260828-60000-C,2026-08-28,60000,call,0.1402973922441468,0.1395,0.142,0.4875235365190852,0.8414006510770157,-1.0698046861849988,0.00006758729886094757,-0.00019885124778126604,7740,370,69701.7
2026-08-20 01:53:12,okx,BTC,BTC-USD-260828-60000-P,2026-08-28,60000,put,0.0004995177432093,0.0004,0.0005,0.4875235365190852,-0.018822454424667158,0.6506415248183668,0.00006758729886094757,-0.00019958169156731413,27262,3768,69701.7
2026-08-20 01:53:12,okx,BTC,BTC-USD-260828-70500-C,2026-08-28,70500,call,0.0158990046146763,0.016,0.0165,0.34534111985255794,0.4123028690365622,6.731964097442867,0.0005901799063368757,-0.0012344378747375568,1343,1344,69701.7
2026-08-20 01:53:12,okx,BTC,BTC-USD-260828-72000-C,2026-08-28,72000,call,0.009201599260562,0.009,0.0095,0.35444714292599483,0.27515930222841845,5.811697154965442,0.0005099852863669166,-0.001094852953780541,27428,24520,69701.7
2026-08-20 01:53:12,okx,BTC,BTC-USD-260828-72000-P,2026-08-28,72000,put,0.0414355199394669,0.0405,0.042,0.35444714292599483,-0.7571084243736013,7.876232608169481,0.0005099852863669166,-0.001094684051994598,1418,265,69701.7
2026-08-20 01:53:12,okx,BTC,BTC-USD-260828-74000-C,2026-08-28,74000,call,0.0045251211347123,0.0043,0.0044,0.3783469475836816,0.15124195452262712,3.8989608868506007,0.00035950118143211486,-0.0008238417932320804,13213,28501,69701.7
2026-08-20 01:53:12,okx,BTC,BTC-USD-260828-74000-P,2026-08-28,74000,put,0.0654310076769241,0.0635,0.066,0.3783469475836816,-0.9096998755961151,6.020844547088085,0.00035950118143211486,-0.0008235230005174719,1984,0,69701.7
2026-08-20 01:53:12,okx,BTC,BTC-USD-260828-68000-C,2026-08-28,68000,call,0.0355552021453178,0.035,0.036,0.3479903849411826,0.6596866107060348,5.371489462747694,0.0005265756678967178,-0.0011097396791920878,22166,21147,69701.7
2026-08-20 01:53:12,okx,BTC,BTC-USD-260828-68000-P,2026-08-28,68000,put,0.0104451910976084,0.01,0.0105,0.3479903849411826,-0.3152329088625392,7.321328501884842,0.0005265756678967178,-0.001109870559263475,4602,5748,69701.7
2026-08-20 01:53:12,okx,BTC,BTC-USD-260820-71500-P,2026-08-20,71500,put,0.0260963864954314,0.0255,0.027,0.3931873584393365,-1.0195715455837628,3.8166028661167553,0.000004877895523220547,-0.00009571372817622568,1,1,69701.7
2026-08-20 01:53:12,okx,BTC,BTC-USD-260828-70000-C,2026-08-28,70000,call,0.0189513071320458,0.019,0.0195,0.3441984362185686,0.4634134121681401,6.772477190669104,0.0005993379627198502,-0.0012494302565867162,24854,32397,69701.7
2026-08-20 01:53:12,okx,BTC,BTC-USD-260828-70000-P,2026-08-28,70000,put,0.0225132619476436,0.0225,0.023,0.3441984362185686,-0.5401802109171566,8.779664436839697,0.0005993379627198502,-0.0012494112457294383,3579,764,69701.7
2026-08-20 01:53:12,okx,BTC,BTC-USD-260828-80000-C,2026-08-28,80000,call,0.0010812454466592,0.0008,0.001,0.4999393393946434,0.03590586022505789,1.0034618205476573,0.0001215759570944391,-0.00036814936656218085,5357,2721,69701.7
2026-08-20 01:53:12,okx,BTC,BTC-USD-260828-80000-P,2026-08-28,80000,put,0.148003029578792,0.1455,0.15,0.4999393393946434,-1.1110582804438527,3.2973901018854783,0.0001215759570944391,-0.00036738090106157675,1290,0,69701.7
2026-08-20 01:53:12,okx,BTC,BTC-USD-260828-82000-C,2026-08-28,82000,call,0.000822227824587,0.0006,0.0007,0.5466232332153527,0.026115431397271464,0.7045398970496564,0.00009355432203435222,-0.00030975022505723925,4626,2017,69701.7
2026-08-20 01:53:12,okx,BTC,BTC-USD-260828-82000-P,2026-08-28,82000,put,0.1764159778200268,0.1745,0.177,0.5466232332153527,-1.1495228127883619,3.0558163854209233,0.00009355432203435222,-0.0003088318686279699,731,0,69701.7
2026-08-20 01:53:12,okx,BTC,BTC-USD-260828-76000-C,2026-08-28,76000,call,0.0024685173417007,0.0022,0.0023,0.4128095058967529,0.08569708365559288,2.4045155698161453,0.00024048708376896302,-0.0006013092015150937,19266,30666,69701.7
2026-08-20 01:53:12,okx,BTC,BTC-USD-260828-76000-P,2026-08-28,76000,put,0.0920463697472195,0.0895,0.0925,0.4128095058967529,-1.0039188499798721,4.583747437087076,0.00024048708376896302,-0.00060084051787182,1542,10,69701.7
2026-08-20 01:53:12,okx,BTC,BTC-USD-260828-78000-C,2026-08-28,78000,call,0.0015410118148477,0.0013,0.0014,0.4544203542576017,0.05298602419651716,1.5107071250628443,0.00016614720714643096,-0.0004573080961529039,8330,3215,69701.7
2026-08-20 01:53:12,okx,BTC,BTC-USD-260828-78000-P,2026-08-28,78000,put,0.1197908300836736,0.1175,0.1205,0.4544203542576017,-1.0653040129556708,3.74728719936722,0.00016614720714643096,-0.00045668952158096503,625,0,69701.7
2026-08-20 01:53:12,okx,BTC,BTC-USD-260828-88000-C,2026-08-28,88000,call,0.0004332811358974,0.0002,0.0005,0.6757594661623594,0.01221786668211059,0.29729778535215134,0.00004916996200294134,-0.00020125785348620157,10241,2211,69701.7
2026-08-20 01:53:12,okx,BTC,BTC-USD-260828-88000-P,2026-08-28,88000,put,0.2620429287212585,0.2595,0.263,0.6757594661623594,-1.249442688053691,2.8206188948237547,0.00004916996200294134,-0.00019988982427093658,0,0,69701.7
2026-08-20 01:53:12,okx,BTC,BTC-USD-260828-90000-C,2026-08-28,90000,call,0.0003503893467244,0.0001,0.0004,0.7120558633308351,0.009624701859763054,0.22909505830287186,0.000039992630683239045,-0.0001724865123853303,8145,183,69701.7
2026-08-20 01:53:12,okx,BTC,BTC-USD-260828-90000-P,2026-08-28,90000,put,0.2906320027953926,0.2885,0.2915,0.7120558633308351,-1.2807099563927613,2.809764374807921,0.000039992630683239045,-0.0001709685922414001,1000,0,69701.7
2026-08-20 01:53:12,okx,BTC,BTC-USD-260828-84000-C,2026-08-28,84000,call,0.0006546404071441,0.0004,0.0005,0.592368077855401,0.01987874122637656,0.5160064596911526,0.00007445492646149037,-0.0002671438841397031,7987,5095,69701.7
2026-08-20 01:53:12,okx,BTC,BTC-USD-260828-84000-P,2026-08-28,84000,put,0.2049203562658911,0.2025,0.206,0.592368077855401,-1.1844336064759797,2.9246311550958652,0.00007445492646149037,-0.0002660756367817685,0,0,69701.7
2026-08-20 01:53:12,okx,BTC,BTC-USD-260828-86000-C,2026-08-28,86000,call,0.0005317873468731,0.0003,0.0005,0.6357128934916312,0.015508663625498225,0.3885690468939828,0.0000603245126403494,-0.00023228189345604665,11937,423,69701.7
2026-08-20 01:53:12,okx,BTC,BTC-USD-260828-86000-P,2026-08-28,86000,put,0.2334694690689271,0.231,0.2355,0.6357128934916312,-1.2174777875935805,2.8545419493321402,0.0000603245126403494,-0.00023106375516944688,0,0,69701.7
2026-08-20 01:53:12,okx,BTC,BTC-USD-260828-96000-C,2026-08-28,96000,call,0.0001691166153094,,0.0003,0.7982046665818973,0.004471823620868005,0.10376875703435648,0.00002034686024892676,-0.00009837244719788079,5658,0,69701.7
2026-08-20 01:53:12,okx,BTC,BTC-USD-260828-96000-P,2026-08-28,96000,put,0.3764666276538987,0.3745,0.3775,0.7982046665818973,-1.3718851451818248,2.8564826946397424,0.00002034686024892676,-0.00009640485426795493,0,0,69701.7
2026-08-20 01:53:12,okx,BTC,BTC-USD-260828-100000-C,2026-08-28,100000,call,0.000095186973824,,0.0003,0.8389802851725889,0.002518977206524772,0.05900386575245491,0.00001215141485726416,-0.00006175054830377993,2504,0,69701.7
2026-08-20 01:53:12,okx,BTC,BTC-USD-260828-100000-P,2026-08-28,100000,put,0.4337366297390272,0.431,0.436,0.8389802851725889,-1.4311861986296135,2.926414217424732,0.00001215141485726416,-0.000059483173516523625,0,0,69701.7
2026-08-20 01:53:12,okx,BTC,BTC-USD-260828-92000-C,2026-08-28,92000,call,0.0002795667454977,0.0002,0.0003,0.7444763480505174,0.007534681185942182,0.17670407785626527,0.00003228871709041136,-0.00014560056117961443,3069,79,69701.7
2026-08-20 01:53:12,okx,BTC,BTC-USD-260828-92000-P,2026-08-28,92000,put,0.3192331460574729,0.3175,0.3205,0.7444763480505174,-1.311474080583305,2.81472160139476,0.00003228871709041136,-0.000143932750107019,0,0,69701.7
2026-08-20 01:53:12,okx,BTC,BTC-USD-260828-94000-C,2026-08-28,94000,call,0.0002193937142096,,0.0004,0.7731156525455926,0.005839912814238931,0.13583769062948417,0.000025792858970960627,-0.0001207829240770866,3342,19,69701.7
2026-08-20 01:53:12,okx,BTC,BTC-USD-260828-94000-P,2026-08-28,94000,put,0.3478449388894919,0.346,0.35,0.7731156525455926,-1.341842952471731,2.831203421201424,0.000025792858970960627,-0.00011896522207582595,0,0,69701.7
2026-08-20 01:53:12,okx,BTC,BTC-USD-260828-115000-C,2026-08-28,115000,call,0.0000063775927167,,,0.9184427179057495,0.00018517812423856674,0.004899379785394723,0.000001094592233772194,-0.000006089305650803702,1974,0,69701.7
2026-08-20 01:53:12,okx,BTC,BTC-USD-260828-115000-P,2026-08-28,115000,put,0.6486875643327229,0.6465,0.65,0.9184427179057495,-1.6485757740873204,3.3024212842085126,0.000001094592233772194,-0.000002697748898558254,0,0,69701.7
2026-08-20 01:53:12,okx,BTC,BTC-USD-260828-120000-C,2026-08-28,120000,call,0.0000022380997394,,,0.930481573501456,0.00006785187740095966,0.001889150711573681,0.000000426101455143487,-0.0000024015099627865744,24,0,69701.7
2026-08-20 01:53:12,okx,BTC,BTC-USD-260828-120000-P,2026-08-28,120000,put,0.720363339498013,0.718,0.7215,0.930481573501456,-1.720378359125965,3.4427815727183058,0.000000426101455143487,0.000001364774111121922,0,0,69701.7
2026-08-20 01:53:12,okx,BTC,BTC-USD-260828-105000-C,2026-08-28,105000,call,0.0000421887896621,,0.0003,0.875742497929028,0.0011389667831678055,0.027502760920860774,0.0000058982431601066325,-0.000031286843590808683,6615,0,69701.7
2026-08-20 01:53:12,okx,BTC,BTC-USD-260828-105000-P,2026-08-28,105000,put,0.5053635462131331,0.5025,0.5065,0.875742497929028,-1.5042514678447774,3.038283630176751,0.0000058982431601066325,-0.000028644741481889335,0,0,69701.7
2026-08-20 01:53:12,okx,BTC,BTC-USD-260828-110000-C,2026-08-28,110000,call,0.0000170496576988,,0.0002,0.9010385203315178,0.0004756809335084057,0.011986789557080773,0.000002636495372639109,-0.000014389092200050845,1336,0,69701.7
2026-08-20 01:53:12,okx,BTC,BTC-USD-260828-110000-P,2026-08-28,110000,put,0.5770183217394375,0.574,0.5785,0.9010385203315178,-1.5766000124862436,3.1661381763965855,0.000002636495372639109,-0.000011372262769468445,1,0,69701.7
2026-08-20 01:53:12,okx,BTC,BTC-USD-260925-64000-P,2026-09-25,64000,put,0.0154896345817265,0.0155,0.016,0.38576665429628465,-0.22723316848863265,2.8363656111275413,0.000912683522756399,-0.00048556781945025045,18562,1798,69701.7
2026-08-20 01:53:12,okx,BTC,BTC-USD-260925-64000-C,2026-09-25,64000,call,0.1015586451973379,0.101,0.1025,0.38576665429628465,0.6867656916112096,1.0083678909278564,0.000912683522756399,-0.00048556781945025045,7726,228,69701.7
2026-08-20 01:53:12,okx,BTC,BTC-USD-260823-75000-P,2026-08-23,75000,put,0.0769881235322456,0.075,0.0775,0.4756041872223232,-1.0232954769290619,4.479013901759241,0.00010315979235659366,-0.0007537157081866783,0,0,69701.7
2026-08-20 01:53:12,okx,BTC,BTC-USD-260925-76000-C,2026-09-25,76000,call,0.0167003035480726,0.016,0.0165,0.3642812063123255,0.23917241636580308,2.3234873733579127,0.0010137970486389192,-0.0005093224162375471,224,231,69701.7
2026-08-20 01:53:12,okx,BTC,BTC-USD-260823-71500-P,2026-08-23,71500,put,0.0302698653883956,0.028,0.0305,0.35907781058471794,-0.7991984389326269,10.577816227525743,0.00028751633276655295,-0.0015859976030003658,0,0,69701.7
2026-08-20 01:53:12,okx,BTC,BTC-USD-260823-75000-C,2026-08-23,75000,call,0.0010052138869921,0.0007,0.0009,0.4756041872223232,0.05275072618326635,2.3269214955345845,0.00010315979235659366,-0.0007537157081866783,561,661,69701.7
2026-08-20 01:53:12,okx,BTC,BTC-USD-260823-71500-C,2026-08-23,71500,call,0.0044994915265872,0.0043,0.0045,0.35907781058471794,0.22663227470112596,8.526154800258237,0.00028751633276655295,-0.0015859976030003658,201,201,69701.7
2026-08-20 01:53:12,okx,BTC,BTC-USD-260822-75000-P,2026-08-22,75000,put,0.0771413397715784,0.0755,0.0775,0.5593930424291548,-1.0278027059652544,4.378954215183212,0.00008028572699211438,-0.000995922792194979,0,0,69701.7
2026-08-20 01:53:12,okx,BTC,BTC-USD-260822-71500-P,2026-08-22,71500,put,0.0296551646504374,0.0285,0.0305,0.39647617052363043,-0.8209576129121402,10.85802440334784,0.0002257207941739377,-0.001984535748015107,0,0,69701.7
2026-08-20 01:53:12,okx,BTC,BTC-USD-260822-75000-C,2026-08-22,75000,call,0.0008918070086225,0.0006,0.0008,0.5593930424291548,0.0485101516371871,2.226328499978329,0.00008028572699211438,-0.000995922792194979,250,350,69701.7
2026-08-20 01:53:12,okx,BTC,BTC-USD-260925-76000-P,2026-09-25,76000,put,0.1019933534420339,0.101,0.1025,0.3642812063123255,-0.8462012300027596,4.494234666095038,0.0010137970486389192,-0.0005093224162375471,0,0,69701.7
2026-08-20 01:53:12,okx,BTC,BTC-USD-260822-71500-C,2026-08-22,71500,call,0.0036306100830862,0.0038,0.0039,0.39647617052363043,0.20512731133552076,8.805854554852518,0.0002257207941739377,-0.001984535748015107,474,482,69701.7
2026-08-20 01:53:12,okx,BTC,BTC-USD-260828-63500-C,2026-08-28,63500,call,0.0911325116351663,0.0895,0.093,0.40280585404255365,0.8517428760008628,0.1891882348363038,0.00017241816257636066,-0.0004201968162064122,1195,24,69701.7
2026-08-20 01:53:12,okx,BTC,BTC-USD-260828-63500-P,2026-08-28,63500,put,0.001510577395016,0.0014,0.0015,0.40280585404255365,-0.058659910655084926,2.009993808148199,0.00017241816257636066,-0.00042066495086729615,2328,1497,69701.7
2026-08-20 01:53:12,okx,BTC,BTC-USD-260925-55000-C,2026-09-25,55000,call,0.2177833021356778,0.217,0.2195,0.48184348763673873,0.7344218006907814,-0.8131166436741586,0.0003138348478685196,-0.00020855094458148389,1262,0,69701.7
2026-08-20 01:53:12,okx,BTC,BTC-USD-260925-55000-P,2026-09-25,55000,put,0.0031927461378866,0.003,0.0031,0.48184348763673873,-0.051045969707520504,0.7578188971224452,0.0003138348478685196,-0.00020855094458148389,53540,1568,69701.7
2026-08-20 01:53:12,okx,BTC,BTC-USD-260821-64750-P,2026-08-21,64750,put,0.0000322284214787,0.0001,0.0002,0.4701132593573822,-0.0038117617493914177,0.41613130751427113,0.000006601909707217109,-0.0001236751576928188,1254,1034,69701.7
2026-08-20 01:53:12,okx,BTC,BTC-USD-260821-64750-C,2026-08-21,64750,call,0.0707157414619307,0.0705,0.0715,0.4701132593573822,0.9255594138251292,-1.44261104363477,0.000006601909707217109,-0.0001236751576928188,2993,3730,69701.7
2026-08-20 01:53:12,okx,BTC,BTC-USD-260820-65250-C,2026-08-20,65250,call,0.0636317714799364,0.063,0.0645,0.8744087905165485,0.9342648748488003,-1.5744645376825057,0.0000017946978074056747,-0.00007802128054384958,2511,5816,69701.7
2026-08-20 01:53:12,okx,BTC,BTC-USD-260904-80000-P,2026-09-04,80000,put,0.1474719897672395,0.146,0.15,0.40013730275262765,-1.094937962345144,3.4944998987704223,0.00021817592363168964,-0.00028209870453864313,0,0,69701.7
2026-08-20 01:53:12,okx,BTC,BTC-USD-260925-105000-C,2026-09-25,105000,call,0.0007502420968386,0.0005,0.0008,0.555442155362581,0.012227165897259163,0.16648274988874498,0.0001053419252665275,-0.00008069471479926249,6391,0,69701.7
2026-08-20 01:53:12,okx,BTC,BTC-USD-260904-82000-C,2026-09-04,82000,call,0.001193404026975,0.0014,0.0015,0.42587090069799693,0.03440138914863274,0.830978107629771,0.00016015007903538665,-0.00022351483950527637,290,290,69701.7
2026-08-20 01:53:12,okx,BTC,BTC-USD-260904-78000-P,2026-09-04,78000,put,0.1198895300635508,0.1185,0.1225,0.3786209297689395,-1.0378347955172662,4.027161207603236,0.0003088045818393881,-0.00037993749806576604,0,0,69701.7
2026-08-20 01:53:12,okx,BTC,BTC-USD-260904-80000-C,2026-09-04,80000,call,0.0017449769498217,0.0019,0.002,0.40013730275262765,0.050456503617777974,1.2037109668445782,0.00021817592363168964,-0.0002860935625037684,250,250,69701.7
2026-08-20 01:53:12,okx,BTC,BTC-USD-260904-77000-P,2026-09-04,77000,put,0.1064230238063414,0.105,0.109,0.3696484435905574,-1.001987949830143,4.394857193442367,0.00036936804772237295,-0.0004446026726694928,0,0,69701.7
2026-08-20 01:53:12,okx,BTC,BTC-USD-260904-78000-C,2026-09-04,78000,call,0.0027952463335564,0.003,0.0031,0.3786209297689395,0.07892480879658266,1.7936419989755379,0.0003088045818393881,-0.0003831478392812276,60,0,69701.7
2026-08-20 01:53:12,okx,BTC,BTC-USD-260820-65250-P,2026-08-20,65250,put,0.00001461293701,,0.0002,0.8744087905165485,-0.002172804326561588,0.2984108206682182,0.0000017946978074056747,-0.00007846487409258762,3990,7187,69701.7
2026-08-20 01:53:12,okx,BTC,BTC-USD-260904-77000-C,2026-09-04,77000,call,0.003645104620059,0.0039,0.004,0.3696484435905574,0.10045422365916974,2.189972846463742,0.00036936804772237295,-0.0004474207555101226,0,0,69701.7
2026-08-20 01:53:12,okx,BTC,BTC-USD-260925-105000-P,2026-09-25,105000,put,0.5001682715556013,0.497,0.501,0.555442155362581,-1.4873022139540446,3.165541509591352,0.0001053419252665275,-0.00008069471479926249,597,109,69701.7
2026-08-20 01:53:12,okx,BTC,BTC-USD-260904-82000-P,2026-09-04,82000,put,0.1755531459318163,0.174,0.1785,0.42587090069799693,-1.1396279384633625,3.179036762853762,0.00016015007903538665,-0.0002187354647904874,0,0,69701.7
2026-08-20 01:53:12,okx,BTC,BTC-USD-260925-50000-P,2026-09-25,50000,put,0.0016452752930369,0.0014,0.0015,0.5621572644225846,-0.024969678271601757,0.361134153549918,0.00017376499326433024,-0.0001347178419079442,45145,1566,69701.7
2026-08-20 01:53:12,okx,BTC,BTC-USD-260925-61000-C,2026-09-25,61000,call,0.1377038514973919,0.137,0.1385,0.40987624631589287,0.7336156696764058,0.15935362040084577,0.000662218998261558,-0.00037433409765809015,0,0,69701.7
2026-08-20 01:53:12,okx,BTC,BTC-USD-260925-50000-C,2026-09-25,50000,call,0.2876366898364834,0.287,0.2895,0.5621572644225846,0.6890919311814,-1.0669890653560856,0.00017376499326433024,-0.0001347178419079442,857,0,69701.7
2026-08-20 01:53:12,okx,BTC,BTC-USD-260925-61000-P,2026-09-25,61000,put,0.0087943257543872,0.0085,0.009,0.40987624631589287,-0.13753949385625636,1.90166394746617,0.000662218998261558,-0.00037433409765809015,6403,5839,69701.7
2026-08-20 01:53:12,okx,BTC,BTC-USD-260925-70000-P,2026-09-25,70000,put,0.0452130342145536,0.045,0.0455,0.3614028280324016,-0.5214466520961266,4.539190787250202,0.0012550818744947742,-0.0006255594748763366,48769,4178,69701.7
2026-08-20 01:53:12,okx,BTC,BTC-USD-260925-70000-C,2026-09-25,70000,call,0.0456010145753786,0.0455,0.046,0.3614028280324016,0.47823960113807584,2.5398182807817973,0.0012550818744947742,-0.0006255594748763366,131218,137144,69701.7
2026-08-20 01:53:12,okx,BTC,BTC-USD-260925-60000-P,2026-09-25,60000,put,0.0073203343677027,0.007,0.0075,0.4197204701893068,-0.11595725054917302,1.6406697601609819,0.0005873105936181586,-0.00033996404446077165,33880,5823,69701.7
2026-08-20 01:53:12,okx,BTC,BTC-USD-260925-60000-C,2026-09-25,60000,call,0.1505100318198384,0.15,0.151,0.4197204701893068,0.7409166807944291,-0.07307810252622217,0.0005873105936181586,-0.00033996404446077165,5709,757,69701.7
2026-08-20 01:53:12,okx,BTC,BTC-USD-260925-90000-P,2026-09-25,90000,put,0.2873236847330097,0.2835,0.288,0.43716959478491774,-1.2476047541553175,3.1182770334800103,0.0002705560180920285,-0.00016312185431882885,2821,2,69701.7
2026-08-20 01:53:12,okx,BTC,BTC-USD-260925-90000-C,2026-09-25,90000,call,0.0021082309112133,0.002,0.0021,0.43716959478491774,0.037706142860085466,0.5476552394492045,0.0002705560180920285,-0.00016312185431882885,26429,1010,69701.7
2026-08-20 01:53:12,okx,BTC,BTC-USD-260925-80000-P,2026-09-25,80000,put,0.1508129056079654,0.1475,0.151,0.37763454888190173,-1.0062744668357044,3.9241746864750517,0.0007170455188356916,-0.0003734422475103471,7669,53,69701.7
2026-08-20 01:53:12,okx,BTC,BTC-USD-260925-80000-C,2026-09-25,80000,call,0.0083991688774796,0.0075,0.008,0.37763454888190173,0.13622410828909842,1.6391775362254455,0.0007170455188356916,-0.0003734422475103471,16345,5645,69701.7
2026-08-20 01:53:12,okx,BTC,BTC-USD-260925-110000-P,2026-09-25,110000,put,0.5714414742362155,0.568,0.5725,0.5952004335424854,-1.5612247542983921,3.268651099336334,0.00008643456891033111,-0.00007095054099088557,1292,0,69701.7
2026-08-20 01:53:12,okx,BTC,BTC-USD-260925-110000-C,2026-09-25,110000,call,0.0006225862317975,0.0004,0.0007,0.5952004335424854,0.009710786498211686,0.12678001774312678,0.00008643456891033111,-0.00007095054099088557,10364,0,69701.7
2026-08-20 01:53:12,okx,BTC,BTC-USD-260925-100000-P,2026-09-25,100000,put,0.4289746002296111,0.426,0.43,0.5149772749737362,-1.4118446343737046,3.086524285156053,0.00013444461823332844,-0.00009548529389732126,2750,50,69701.7
2026-08-20 01:53:12,okx,BTC,BTC-USD-260925-100000-C,2026-09-25,100000,call,0.000957429316504,0.0008,0.001,0.5149772749737362,0.016278584532298905,0.23027784734404605,0.00013444461823332844,-0.00009548529389732126,24085,2339,69701.7
2026-08-20 01:53:12,okx,BTC,BTC-USD-260925-130000-P,2026-09-25,130000,put,0.8567895722600842,0.851,0.858,0.735314551958562,-1.8516025437571477,3.7691953008302006,0.00004819753490144181,-0.00004887682529697404,432,432,69701.7
2026-08-20 01:53:12,okx,BTC,BTC-USD-260925-130000-C,2026-09-25,130000,call,0.0003672500730451,0.0001,0.0005,0.735314551958562,0.004957640820656902,0.0560749316745919,0.00004819753490144181,-0.00004887682529697404,6499,0,69701.7
2026-08-20 01:53:12,okx,BTC,BTC-USD-260925-120000-P,2026-09-25,120000,put,0.7140891025433139,0.709,0.7155,0.6697170623862981,-1.707005965110385,3.508779445654268,0.00006304098520985945,-0.00005822632195160598,505,0,69701.7
2026-08-20 01:53:12,okx,BTC,BTC-USD-260925-120000-C,2026-09-25,120000,call,0.0004684974475854,0.0002,0.0006,0.6697170623862981,0.006741897576819063,0.08128372027985929,0.00006304098520985945,-0.00005822632195160598,9259,0,69701.7
2026-08-20 01:53:12,okx,BTC,BTC-USD-260828-42000-P,2026-08-28,42000,put,0.000030883102186,,,1.0799809232857671,-0.000708369447023215,0.015905042062533348,0.0000035387105030936846,-0.00002314855028010949,7157,0,69701.7
2026-08-20 01:53:12,okx,BTC,BTC-USD-260925-150000-P,2026-09-25,150000,put,1.1422469481598583,1.1375,1.1475,0.8386902372385041,-2.1394261985786396,4.313255500906828,0.00002865968061284403,-0.00003314957279789909,0,0,69701.7
2026-08-20 01:53:12,okx,BTC,BTC-USD-260828-42000-C,2026-08-28,42000,call,0.3978764503728869,0.3975,0.399,1.0799809232857671,0.6014478044041549,-1.188407305639823,0.0000035387105030936846,-0.000021069088136074425,72,0,69701.7
2026-08-20 01:53:12,okx,BTC,BTC-USD-260925-150000-C,2026-09-25,150000,call,0.0002211917901981,,0.0004,0.8386902372385041,0.0027586297803656647,0.028885844188816633,0.00002865968061284403,-0.00003314957279789909,8676,0,69701.7
2026-08-20 01:53:12,okx,BTC,BTC-USD-260828-44000-P,2026-08-28,44000,put,0.0000507754732749,,0.0005,1.0290085215669023,-0.001178638417641328,0.026653283533812935,0.000005654123571307268,-0.00003524087666584536,6085,0,69701.7
2026-08-20 01:53:12,okx,BTC,BTC-USD-260925-140000-P,2026-09-25,140000,put,0.9995114160877419,0.994,1.001,0.7914207391564421,-1.9956706723301036,4.038723109593197,0.00003724695669654139,-0.000040653994385475734,27,0,69701.7
2026-08-20 01:53:12,okx,BTC,BTC-USD-260828-44000-C,2026-08-28,44000,call,0.3692243768806689,0.3685,0.37,1.0290085215669023,0.6296516389502596,-1.2350072712019888,0.000005654123571307268,-0.000033311305450475514,0,0,69701.7
2026-08-20 01:53:12,okx,BTC,BTC-USD-260925-140000-C,2026-09-25,140000,call,0.0002873768093918,,0.0005,0.7914207391564421,0.0037018341383008736,0.03997809665638808,0.00003724695669654139,-0.000040653994385475734,5197,0,69701.7
2026-08-20 01:53:12,okx,BTC,BTC-USD-260925-170000-P,2026-09-25,170000,put,1.4277527754132913,1.4205,1.4295,0.9112424942108445,-2.4263177814760284,4.8708129385343035,0.000016452703769194754,-0.000020676462804871385,0,0,69701.7
2026-08-20 01:53:12,okx,BTC,BTC-USD-260925-170000-C,2026-09-25,170000,call,0.0001235848610091,,0.0004,0.9112424942108445,0.0014916906641772526,0.01519399425389213,0.000016452703769194754,-0.000020676462804871385,2146,0,69701.7
2026-08-20 01:53:12,okx,BTC,BTC-USD-260925-160000-P,2026-09-25,160000,put,1.284994374210343,1.2785,1.2865,0.8782344310834896,-2.282958467674592,4.590948922059406,0.000021836242697460984,-0.00002644803276438862,0,0,69701.7
2026-08-20 01:53:12,okx,BTC,BTC-USD-260925-160000-C,2026-09-25,160000,call,0.0001669007493715,,0.0004,0.8782344310834896,0.00203868257501367,0.020954621560194068,0.000021836242697460984,-0.00002644803276438862,5525,0,69701.7
2026-08-20 01:53:12,okx,BTC,BTC-USD-260925-190000-P,2026-09-25,190000,put,1.713297323602525,1.7055,1.7155,0.9619069791998529,-2.712657341851455,5.43479227795712,0.000009055309976243843,-0.000012012721242636953,0,0,69701.7
2026-08-20 01:53:12,okx,BTC,BTC-USD-260925-190000-C,2026-09-25,190000,call,0.0000646988676212,,0.0004,0.9619069791998529,0.0007767740699515901,0.007924046114306662,0.000009055309976243843,-0.000012012721242636953,3219,0,69701.7
2026-08-20 01:53:12,okx,BTC,BTC-USD-260925-180000-P,2026-09-25,180000,put,1.570520934949129,1.563,1.5725,0.9388153236868458,-2.569540777579199,5.152233614628636,0.000012264393241013594,-0.000015879295802325476,0,0,69701.7
2026-08-20 01:53:12,okx,BTC,BTC-USD-260925-180000-C,2026-09-25,180000,call,0.0000900273055363,,0.0004,0.9388153236868458,0.0010810164516072188,0.010990026567023409,0.000012264393241013594,-0.000015879295802325476,4385,0,69701.7
2026-08-20 01:53:12,okx,BTC,BTC-USD-260828-54000-P,2026-08-28,54000,put,0.0002038441698746,0.0001,0.0004,0.6903595887218517,-0.006128862078408582,0.1742116502816718,0.00002528589137426744,-0.00010573407262892618,13545,1017,69701.7
2026-08-20 01:53:12,okx,BTC,BTC-USD-260925-220000-P,2026-09-25,220000,put,2.141660468206956,2.132,2.145,1.0115962167920798,-3.141593537287874,6.286658855591815,0.0000034884431837511306,-0.000004866803958023167,0,0,69701.7
2026-08-20 01:53:12,okx,BTC,BTC-USD-260828-54000-C,2026-08-28,54000,call,0.2260176162607333,0.2255,0.227,0.6903595887218517,0.768071932873106,-1.3741899396213575,0.00002528589137426744,-0.00010455395605688242,30,0,69701.7
2026-08-20 01:53:12,okx,BTC,BTC-USD-260925-220000-C,2026-09-25,220000,call,0.0000226921981206,,,1.0115962167920798,0.00027754430533385045,0.0029166924053994738,0.0000034884431837511306,-0.000004866803958023167,12814,0,69701.7
2026-08-20 01:53:12,okx,BTC,BTC-USD-260925-48000-P,2026-09-25,48000,put,0.0013048679870708,0.0011,0.0013,0.5978381479614839,-0.019243984046266715,0.27275122787914025,0.00013911050895328288,-0.00011469607744218842,5965,620,69701.7
2026-08-20 01:53:12,okx,BTC,BTC-USD-260925-200000-P,2026-09-25,200000,put,1.8560803329811695,1.8475,1.8585,0.9813165320527728,-2.8556922578826325,5.718187806745801,0.00000663132472659529,-0.000008974585774379577,0,0,69701.7
2026-08-20 01:53:12,okx,BTC,BTC-USD-260925-48000-C,2026-09-25,48000,call,0.3158566259487795,0.315,0.317,0.5978381479614839,0.666255161028615,-1.098247062270623,0.00013911050895328288,-0.00011469607744218842,320,0,69701.7
2026-08-20 01:53:12,okx,BTC,BTC-USD-260925-200000-C,2026-09-25,200000,call,0.0000459911549554,,0.003,0.9813165320527728,0.0005541799293745933,0.005694931121787505,0.00000663132472659529,-0.000008974585774379577,6012,0,69701.7
2026-08-20 01:53:12,okx,BTC,BTC-USD-260925-260000-P,2026-09-25,260000,put,2.7128498993063355,2.7015,2.717,1.049827729520034,-3.713053131873414,7.426990260227493,0.0000009218085017409713,-0.0000013346388147636998,0,0,69701.7
2026-08-20 01:53:12,okx,BTC,BTC-USD-260925-260000-C,2026-09-25,260000,call,0.000005254932257,,,1.049827729520034,0.00006723728219505098,0.0007495219162735912,0.0000009218085017409713,-0.0000013346388147636998,1375,0,69701.7
2026-08-20 01:53:12,okx,BTC,BTC-USD-260925-240000-P,2026-09-25,240000,put,2.4272521838206216,2.417,2.431,1.0335730514789752,-3.4273586564121694,6.856473121201863,0.0000018025628976087455,-0.0000025694289149260763,0,0,69701.7
2026-08-20 01:53:12,okx,BTC,BTC-USD-260925-240000-C,2026-09-25,240000,call,0.0000109736291647,,,1.0335730514789752,0.00013706896223892535,0.0014816704530470016,0.0000018025628976087455,-0.0000025694289149260763,275,0,69701.7
2026-08-20 01:53:12,okx,BTC,BTC-USD-260925-280000-P,2026-09-25,280000,put,2.998450588229173,2.987,3.0035,1.062068681390066,-3.9987120776154836,7.997868905419458,0.0000004691814970911793,-0.0000006872242582246497,25,0,69701.7
2026-08-20 01:53:12,okx,BTC,BTC-USD-260925-280000-C,2026-09-25,280000,call,0.0000025096724726,,0.0001,1.062068681390066,0.00003293532132628734,0.0003788795458387803,0.0000004691814970911793,-0.0000006872242582246497,13475,0,69701.7
2026-08-20 01:53:12,okx,BTC,BTC-USD-260820-69750-P,2026-08-20,69750,put,0.0039856013792776,0.004,0.0044,0.3305026635284672,-0.5490606990507924,46.496007705960594,0.00010472340718499332,-0.001730540175107534,110,110,69701.7
2026-08-20 01:53:12,okx,BTC,BTC-USD-260820-69750-C,2026-08-20,69750,call,0.0030251141469151,0.0031,0.0032,0.3305026635284672,0.4519588890332152,44.493968529792575,0.00010472340718499332,-0.0017305473401829047,359,369,69701.7
2026-08-20 01:53:12,okx,BTC,BTC-USD-260828-66500-P,2026-08-28,66500,put,0.0054529262166119,0.005,0.0055,0.35908248066245985,-0.18696445891235447,5.258381224034896,0.00039666283904052656,-0.0008627144293893765,1850,2199,69701.7
2026-08-20 01:53:12,okx,BTC,BTC-USD-260828-66500-C,2026-08-28,66500,call,0.0520669116618017,0.051,0.0535,0.35908248066245985,0.7664494830186775,3.3515533401728317,0.00039666283904052656,-0.0008624711311214904,2229,983,69701.7
2026-08-20 01:53:12,okx,BTC,BTC-USD-260823-76000-C,2026-08-23,76000,call,0.0007876757338673,0.0005,0.0007,0.5178972959799764,0.03970057695087864,1.7000654829733388,0.0000821786856953191,-0.000653814085193657,0,0,69701.7
2026-08-20 01:53:12,okx,BTC,BTC-USD-260823-78000-P,2026-08-23,78000,put,0.1195974602431746,0.118,0.1215,0.6081464133415146,-1.092891535727254,3.263494265045251,0.000058443503318311416,-0.0005460040054817157,0,0,69701.7
2026-08-20 01:53:12,okx,BTC,BTC-USD-260823-77000-P,2026-08-23,77000,put,0.1053333392088533,0.104,0.107,0.5623807612983883,-1.073179176938001,3.505509505708171,0.00006815910996092926,-0.0005888515244028004,0,0,69701.7
2026-08-20 01:53:12,okx,BTC,BTC-USD-260823-78000-C,2026-08-23,78000,call,0.0005752342121112,0.0002,0.0004,0.6081464133415146,0.026196515509567305,1.0253181625716083,0.000058443503318311416,-0.0005460040054817157,0,0,69701.7
2026-08-20 01:53:12,okx,BTC,BTC-USD-260823-76000-P,2026-08-23,76000,put,0.0911170241743908,0.0895,0.093,0.5178972959799764,-1.050692908869614,3.880852454614324,0.0000821786856953191,-0.000653814085193657,0,0,69701.7
2026-08-20 01:53:12,okx,BTC,BTC-USD-260823-77000-C,2026-08-23,77000,call,0.0006575519730598,0.0003,0.0005,0.5623807612983883,0.03156159159065595,1.296027968650857,0.00006815910996092926,-0.0005888515244028004,0,0,69701.7
2026-08-20 01:53:12,okx,BTC,BTC-USD-260821-75000-C,2026-08-21,75000,call,0.0004060185678071,0.0004,0.0006,0.65148364766881,0.02762704661790758,1.6284216905523767,0.000037707585837267576,-0.0009789097175017373,1,1,69701.7
2026-08-20 01:53:12,okx,BTC,BTC-USD-260821-75000-P,2026-08-21,75000,put,0.0768343818414152,0.075,0.0785,0.65148364766881,-1.0488646625417688,3.7814051088717293,0.000037707585837267576,-0.0009789097175017373,0,0,69701.7
2026-08-20 01:53:12,okx,BTC,BTC-USD-260822-78000-C,2026-08-22,78000,call,0.0008022955298295,0.0002,0.0004,0.7741400444321713,0.03336055786512689,1.1782339002678024,0.000059536055993695914,-0.001022044630685007,0,0,69701.7
2026-08-20 01:53:12,okx,BTC,BTC-USD-260822-78000-P,2026-08-22,78000,put,0.1201018096033036,0.118,0.121,0.7741400444321713,-1.0860048140414122,3.4169646440808803,0.000059536055993695914,-0.001022044630685007,0,0,69701.7
2026-08-20 01:53:12,okx,BTC,BTC-USD-260822-77000-C,2026-08-22,77000,call,0.0007820107750181,0.0003,0.0005,0.697998430308599,0.03572015706567712,1.3863991340847495,0.00006285951306560346,-0.0009729616560024909,0,0,69701.7
2026-08-20 01:53:12,okx,BTC,BTC-USD-260822-77000-P,2026-08-22,77000,put,0.1057315310783194,0.104,0.107,0.697998430308599,-1.069294376739496,3.596428201695096,0.00006285951306560346,-0.0009729616560024909,0,0,69701.7
2026-08-20 01:53:12,okx,BTC,BTC-USD-260822-76000-C,2026-08-22,76000,call,0.0008019657534844,0.0004,0.0006,0.6258634416767322,0.04015503265104695,1.7054649204906023,0.00006904197211081823,-0.0009582151628313097,0,0,69701.7
2026-08-20 01:53:12,okx,BTC,BTC-USD-260822-76000-P,2026-08-22,76000,put,0.0914014922866129,0.09,0.0925,0.6258634416767322,-1.0505086630527605,3.8867923118982164,0.00006904197211081823,-0.0009582151628313097,0,0,69701.7
2026-08-20 01:53:12,okx,BTC,BTC-USD-260820-72000-P,2026-08-20,72000,put,0.033255152597538,0.032,0.035,0.42497594581034087,-1.0315296164707912,2.572756964802619,0.000001511855266008079,-0.00003189252130733317,0,0,69701.7
2026-08-20 01:53:12,okx,BTC,BTC-USD-260820-72000-C,2026-08-20,72000,call,0.0000058424775308,0.0001,0.0002,0.42497594581034087,0.0017809260675391298,0.506135879725959,0.000001511855266008079,-0.00003212506569475771,0,0,69701.7
2026-08-20 01:53:12,okx,BTC,BTC-USD-260821-76000-C,2026-08-21,76000,call,0.000300211435267,0.0003,0.0005,0.7135012551183573,0.01951432868042272,1.1092275532771003,0.000028164386013565666,-0.0008007656247027652,0,0,69701.7
2026-08-20 01:53:12,okx,BTC,BTC-USD-260821-62750-P,2026-08-21,62750,put,0.0000054598225008,,0.0002,0.5555213099445043,-0.000627917796228615,0.0680682832033706,0.0000012759241240392504,-0.000028244634820565892,1287,413,69701.7
2026-08-20 01:53:12,okx,BTC,BTC-USD-260821-63250-C,2026-08-21,63250,call,0.0922200803924809,0.0915,0.0925,0.5323922531250769,0.906907353789859,-1.7133034781613952,0.0000018395561814913017,-0.000039026102017482185,870,5,69701.7
2026-08-20 01:53:12,okx,BTC,BTC-USD-260821-62750-C,2026-08-21,62750,call,0.0993937292169157,0.0985,0.1,0.5555213099445043,0.9000368122007005,-1.7332611767904877,0.0000012759241240392504,-0.000028244634820565892,106,1,69701.7
2026-08-20 01:53:12,okx,BTC,BTC-USD-260821-63250-P,2026-08-21,63250,put,0.0000080000865568,,0.0002,0.5323922531250769,-0.0009339876014680394,0.1023792046212589,0.0000018395561814913017,-0.000039026102017482185,7691,2625,69701.7
2026-08-20 01:53:12,okx,BTC,BTC-USD-260823-62000-P,2026-08-23,62000,put,0.0001488527202406,,0.0002,0.5277354177003994,-0.008949462597130435,0.4961595724704584,0.00002250642869534814,-0.00018246277114460194,2,2,69701.7
2026-08-20 01:53:12,okx,BTC,BTC-USD-260823-62500-C,2026-08-23,62500,call,0.1035121065993939,0.103,0.105,0.502106292725915,0.8864560795799822,-1.206657146678839,0.00002535323731086469,-0.00019556022284839626,0,0,69701.7
2026-08-20 01:53:12,okx,BTC,BTC-USD-260823-61000-P,2026-08-23,61000,put,0.0001270009242824,,0.0002,0.5807625400797622,-0.007104325302776231,0.3685215377317602,0.00001834895107745524,-0.00016370474832487535,0,0,69701.7
2026-08-20 01:53:12,okx,BTC,BTC-USD-260823-62000-C,2026-08-23,62000,call,0.1106696474134978,0.11,0.112,0.5277354177003994,0.8805820653090608,-1.2829034833419242,0.00002250642869534814,-0.00018246277114460194,0,0,69701.7
2026-08-20 01:53:12,okx,BTC,BTC-USD-260823-60000-P,2026-08-23,60000,put,0.0001113865597134,,0.0002,0.6347469662726517,-0.005814678575936145,0.2828162285105464,0.00001534952683496877,-0.000149674240827981,60,60,69701.7
2026-08-20 01:53:12,okx,BTC,BTC-USD-260823-61000-C,2026-08-23,61000,call,0.1249942344128097,0.1245,0.126,0.5807625400797622,0.8680799198952507,-1.3818469526642938,0.00001834895107745524,-0.00016370474832487535,0,0,69701.7
2026-08-20 01:53:12,okx,BTC,BTC-USD-260823-60000-C,2026-08-23,60000,call,0.1393250588435107,0.138,0.1405,0.6347469662726517,0.8550222839139264,-1.4388576964691786,0.00001534952683496877,-0.000149674240827981,0,0,69701.7
2026-08-20 01:53:12,okx,BTC,BTC-USD-260823-64000-P,2026-08-23,64000,put,0.0002564155004595,0.0001,0.0002,0.43143685646673907,-0.017498206794595524,1.0823738225548953,0.00004029453450976002,-0.0002670636767133974,295,295,69701.7
2026-08-20 01:53:12,okx,BTC,BTC-USD-260823-64250-C,2026-08-23,64250,call,0.0785251195247519,0.078,0.08,0.4208598244612742,0.902227832220768,-0.6223998791588801,0.00004436098088195969,-0.00028680719879991987,0,0,69701.7
2026-08-20 01:53:12,okx,BTC,BTC-USD-260823-63500-P,2026-08-23,63500,put,0.0002148219864028,0.0001,0.0002,0.45373145402831216,-0.01427553545591873,0.8645618629651786,0.000033824895887972945,-0.00023576904976466232,230,230,69701.7
2026-08-20 01:53:12,okx,BTC,BTC-USD-260823-64000-C,2026-08-23,64000,call,0.0820843326031767,0.0815,0.0835,0.43143685646673907,0.9007278865279246,-0.7540783640901447,0.00004029453450976002,-0.0002670636767133974,0,0,69701.7
2026-08-20 01:53:12,okx,BTC,BTC-USD-260823-63000-P,2026-08-23,63000,put,0.0001856068858715,0.0001,0.0003,0.47736290762143907,-0.011959059736249085,0.7054383633683206,0.000029010360700065748,-0.00021274199936931404,237,407,69701.7
2026-08-20 01:53:12,okx,BTC,BTC-USD-260823-63500-C,2026-08-23,63500,call,0.0892159584867549,0.0885,0.0905,0.45373145402831216,0.8967769165125191,-0.9575430409716972,0.000033824895887972945,-0.00023576904976466232,0,0,69701.7
2026-08-20 01:53:12,okx,BTC,BTC-USD-260823-62500-P,2026-08-23,62500,put,0.0001645313037716,,0.0002,0.502106292725915,-0.010249089680291314,0.586753191841708,0.00002535323731086469,-0.00019556022284839626,910,1510,69701.7
2026-08-20 01:53:12,okx,BTC,BTC-USD-260823-63000-C,2026-08-23,63000,call,0.0963599627838587,0.095,0.0975,0.47736290762143907,0.8919197508781066,-1.1023192578603909,0.000029010360700065748,-0.00021274199936931404,0,0,69701.7
2026-08-20 01:53:12,okx,BTC,BTC-USD-260823-65000-P,2026-08-23,65000,put,0.0004075489454318,0.0003,0.0005,0.39172713492799993,-0.02875665718788996,1.8124075416426362,0.00006129997527637145,-0.0003688887351024662,730,730,69701.7
2026-08-20 01:53:12,okx,BTC,BTC-USD-260823-65500-C,2026-08-23,65500,call,0.0608534093045264,0.0595,0.0625,0.3747186358114447,0.9011640414968567,0.5352245647507863,0.00007810743772867915,-0.0004496236235042539,267,367,69701.7
2026-08-20 01:53:12,okx,BTC,BTC-USD-260823-64750-P,2026-08-23,64750,put,0.0003576989929612,0.0002,0.0004,0.4009794544335872,-0.025105616924934952,1.5806433625756504,0.00005472199131310768,-0.0003370819139087946,316,675,69701.7
2026-08-20 01:53:12,okx,BTC,BTC-USD-260823-65000-C,2026-08-23,65000,call,0.0678890272528789,0.0665,0.0695,0.39172713492799993,0.9038167188427945,-0.05273921041873271,0.00006129997527637145,-0.0003688887351024662,82,82,69701.7
2026-08-20 01:53:12,okx,BTC,BTC-USD-260823-64500-P,2026-08-23,64500,put,0.0003170802522904,0.0002,0.0004,0.4106987121056215,-0.022088470975005235,1.385596490457694,0.00004912625631645227,-0.00030994772178634313,1090,1329,69701.7
2026-08-20 01:53:12,okx,BTC,BTC-USD-260823-64750-C,2026-08-23,64750,call,0.0714257869992258,0.071,0.073,0.4009794544335872,0.9038809384287083,-0.2773297481316362,0.00005472199131310768,-0.0003370819139087946,303,303,69701.7
2026-08-20 01:53:12,okx,BTC,BTC-USD-260823-64250-P,2026-08-23,64250,put,0.0002838121208523,0.0002,0.0004,0.4208598244612742,-0.019585081778793274,1.2212259488402422,0.00004436098088195969,-0.00028680719879991987,395,406,69701.7
2026-08-20 01:53:12,okx,BTC,BTC-USD-260823-64500-C,2026-08-23,64500,call,0.0749717779573724,0.0745,0.0765,0.4106987121056215,0.9033112637015969,-0.4652029788955105,0.00004912625631645227,-0.00030994772178634313,215,215,69701.7
2026-08-20 01:53:12,okx,BTC,BTC-USD-260823-68000-P,2026-08-23,68000,put,0.0035937636350275,0.0037,0.0038,0.3245813071183098,-0.20949479114351874,9.712761189893447,0.0002689931361242094,-0.0013412697836773628,1450,1657,69701.7
2026-08-20 01:53:12,okx,BTC,BTC-USD-260823-69000-C,2026-08-23,69000,call,0.0178059715569918,0.0175,0.0185,0.32263549037318817,0.6176938259212873,11.096669811520073,0.00035479163863601465,-0.001758478054134584,6987,7189,69701.7
2026-08-20 01:53:12,okx,BTC,BTC-USD-260823-67000-P,2026-08-23,67000,put,0.0016053050369006,0.0016,0.0017,0.33715209757306774,-0.10604799754441892,5.901324547062931,0.00017104285802269342,-0.0008858949956155974,2131,3387,69701.7
2026-08-20 01:53:12,okx,BTC,BTC-USD-260823-68000-C,2026-08-23,68000,call,0.0280359255566645,0.0275,0.0295,0.3245813071183098,0.7661204330116589,7.7615307415830905,0.0002689931361242094,-0.0013412697836773628,7358,7775,69701.7
2026-08-20 01:53:12,okx,BTC,BTC-USD-260823-66000-P,2026-08-23,66000,put,0.0007577206504458,0.0007,0.0008,0.3598521761772919,-0.053160972581399166,3.2568477706053804,0.00010109574457042763,-0.000558866974448478,1049,1509,69701.7
2026-08-20 01:53:12,okx,BTC,BTC-USD-260823-67000-C,2026-08-23,67000,call,0.0403939057538076,0.04,0.042,0.33715209757306774,0.8552199439025943,3.978788664168905,0.00017104285802269342,-0.0008858949956155974,2397,4963,69701.7
2026-08-20 01:53:12,okx,BTC,BTC-USD-260823-65500-P,2026-08-23,65500,put,0.0005451503947144,0.0004,0.0006,0.3747186358114447,-0.03858297588790997,2.4147185995203198,0.00007810743772867915,-0.0004496236235042539,1757,3173,69701.7
2026-08-20 01:53:12,okx,BTC,BTC-USD-260823-66000-C,2026-08-23,66000,call,0.0538927601626229,0.053,0.0555,0.3598521761772919,0.8937596861574497,1.3630064531276833,0.00010109574457042763,-0.000558866974448478,2949,3949,69701.7
2026-08-20 01:53:12,okx,BTC,BTC-USD-260823-69000-P,2026-08-23,69000,put,0.0077102484306249,0.0075,0.008,0.32263549037318817,-0.37226868094205456,13.076594825246756,0.00035479163863601465,-0.001758478054134584,5324,5368,69701.7
2026-08-20 01:53:12,okx,BTC,BTC-USD-261127-48000-C,2026-11-27,48000,call,0.326691166486993,0.325,0.3315,0.5182875734787781,0.6129421426529257,-0.7873932369370789,0.0006180021611904261,-0.00015873092668174395,0,0,69701.7
2026-08-20 01:53:12,okx,BTC,BTC-USD-261127-48000-P,2026-11-27,48000,put,0.0077213580348134,0.0075,0.008,0.5182875734787781,-0.06734536837506717,0.5731817851189066,0.0006180021611904261,-0.0001612918640343094,677,210,69701.7
2026-08-20 01:53:12,okx,BTC,BTC-USD-261127-46000-C,2026-11-27,46000,call,0.3536226287380792,0.352,0.356,0.5389065746528527,0.5972075497114875,-0.8367513118071729,0.0005241395350591428,-0.00013945229211217446,0,0,69701.7
2026-08-20 01:53:12,okx,BTC,BTC-USD-261127-46000-P,2026-11-27,46000,put,0.0063097586044955,0.006,0.0065,0.5389065746528527,-0.05473464835700561,0.4671330843298134,0.0005241395350591428,-0.00014224084620844814,711,1072,69701.7
2026-08-20 01:53:12,okx,BTC,BTC-USD-261127-56000-C,2026-11-27,56000,call,0.2240056155059357,0.2215,0.2295,0.4540285860383101,0.6377351887486735,-0.34701726249157666,0.0011463088375955814,-0.0002603840101652186,0,0,69701.7
2026-08-20 01:53:12,okx,BTC,BTC-USD-261127-56000-P,2026-11-27,56000,put,0.0184080537793722,0.018,0.0185,0.4540285860383101,-0.15593357411731804,1.2403202632404067,0.0011463088375955814,-0.0002620344805429513,1424,137,69701.7
2026-08-20 01:53:12,okx,BTC,BTC-USD-261127-54000-C,2026-11-27,54000,call,0.2486817273719714,0.2465,0.255,0.46762729870005315,0.6385663699534512,-0.4961547736812994,0.0009931094239480163,-0.00023194947686513496,0,0,69701.7
2026-08-20 01:53:12,okx,BTC,BTC-USD-261127-54000-P,2026-11-27,54000,put,0.0147411039640038,0.0145,0.015,0.46762729870005315,-0.1267570799530408,1.0344921261316846,0.0009931094239480163,-0.00023382756398657582,1325,615,69701.7
2026-08-20 01:53:12,okx,BTC,BTC-USD-261127-52000-C,2026-11-27,52000,call,0.2741099983324965,0.272,0.2765,0.4827861390789233,0.6342756747533119,-0.6190362807394443,0.0008527122259147056,-0.00020518361546292366,0,0,69701.7
2026-08-20 01:53:12,okx,BTC,BTC-USD-261127-52000-P,2026-11-27,52000,put,0.0118263132431249,0.0115,0.012,0.4827861390789233,-0.10270246219368023,0.85491999315454,0.0008527122259147056,-0.0002072893193280727,1616,618,69701.7
2026-08-20 01:53:12,okx,BTC,BTC-USD-261127-50000-C,2026-11-27,50000,call,0.3001531059418623,0.2985,0.3025,0.4996285447933938,0.6255115127093311,-0.71562758577869,0.000727411857081599,-0.0001806724123565684,0,0,69701.7
2026-08-20 01:53:12,okx,BTC,BTC-USD-261127-50000-P,2026-11-27,50000,put,0.0095263591710866,0.0095,0.01,0.4996285447933938,-0.0831213112781613,0.7016380621962951,0.000727411857081599,-0.00018300573296542566,510,273,69701.7
2026-08-20 01:53:12,okx,BTC,BTC-USD-261127-64000-C,2026-11-27,64000,call,0.1359433610864022,0.134,0.141,0.4130673383871795,0.574742701596098,0.4352829716181902,0.0017801029420714202,-0.0003693203894238208,816,0,69701.7
2026-08-20 01:53:12,okx,BTC,BTC-USD-261127-64000-P,2026-11-27,64000,put,0.043718046085455,0.0435,0.044,0.4130673383871795,-0.33230731310789235,2.249383001026171,0.0017801029420714202,-0.0003700603928267207,3044,949,69701.7
2026-08-20 01:53:12,okx,BTC,BTC-USD-261127-62000-C,2026-11-27,62000,call,0.1560449089400215,0.1535,0.1615,0.4214896772228882,0.5997417085752529,0.22542736870235,0.001633176350137603,-0.0003455150789287308,0,0,69701.7
2026-08-20 01:53:12,okx,BTC,BTC-USD-261127-62000-P,2026-11-27,62000,put,0.0354765322576703,0.035,0.0355,0.4214896772228882,-0.2789629931692377,1.9828367721913314,0.001633176350137603,-0.0003464826990753389,91,0,69701.7
2026-08-20 01:53:12,okx,BTC,BTC-USD-261127-60000-C,2026-11-27,60000,call,0.1775259206308291,0.175,0.183,0.43106201890515955,0.618609853522586,0.019435734275269036,0.0014730396618219857,-0.00031844437897880854,0,0,69701.7
2026-08-20 01:53:12,okx,BTC,BTC-USD-261127-60000-P,2026-11-27,60000,put,0.0286144822670739,0.028,0.0285,0.43106201890515955,-0.2317495352624049,1.7201545118452508,0.0014730396618219857,-0.00031963961586912483,789,376,69701.7
2026-08-20 01:53:12,okx,BTC,BTC-USD-261127-58000-C,2026-11-27,58000,call,0.2002334286659899,0.1975,0.2055,0.44187553315094014,0.6312179294840349,-0.17367559443757746,0.0013082498190124404,-0.0002896045435424151,0,0,69701.7
2026-08-20 01:53:12,okx,BTC,BTC-USD-261127-58000-P,2026-11-27,58000,put,0.0229789286208306,0.0225,0.023,0.44187553315094014,-0.19079614634145636,1.4703525572134053,0.0013082498190124404,-0.00029102739717643954,2359,202,69701.7
2026-08-20 01:53:12,okx,BTC,BTC-USD-261127-72000-C,2026-11-27,72000,call,0.0714945937232819,0.071,0.072,0.3892780764516162,0.42731905552980076,1.109055914795138,0.0020787019823420203,-0.000407060578335079,245,220,69701.7
2026-08-20 01:53:12,okx,BTC,BTC-USD-261127-72000-P,2026-11-27,72000,put,0.0926415254479509,0.092,0.0935,0.3892780764516162,-0.5931122110121885,3.149918447879116,0.0020787019823420203,-0.00040689011476314606,0,0,69701.7
2026-08-20 01:53:12,okx,BTC,BTC-USD-261127-70000-C,2026-11-27,70000,call,0.0850878992998201,0.0845,0.086,0.39388579937189755,0.4691910329140904,0.9840843586670808,0.0020591479556475185,-0.0004078965097597248,2656,2636,69701.7
2026-08-20 01:53:12,okx,BTC,BTC-USD-261127-70000-P,2026-11-27,70000,put,0.0778917693430852,0.0775,0.0785,0.39388579937189755,-0.522894920668399,2.9682562658320597,0.0020591479556475185,-0.0004079536629315,270,270,69701.7
2026-08-20 01:53:12,okx,BTC,BTC-USD-261127-68000-C,2026-11-27,68000,call,0.1003812693081654,0.0995,0.101,0.3993408564936452,0.5085335596039585,0.8247701180571002,0.0020001080595098554,-0.00040155525089076877,56,0,69701.7
2026-08-20 01:53:12,okx,BTC,BTC-USD-261127-68000-P,2026-11-27,68000,put,0.0648420776700265,0.0645,0.065,0.3993408564936452,-0.4552070810190311,2.7522513993030797,0.0020001080595098554,-0.00040184002080625227,532,533,69701.7
2026-08-20 01:53:12,okx,BTC,BTC-USD-261127-66000-C,2026-11-27,66000,call,0.1173544907416427,0.116,0.118,0.40571050414719373,0.5440757547119345,0.6386155335928061,0.0019050591690914626,-0.00038841086234432854,985,0,69701.7
2026-08-20 01:53:12,okx,BTC,BTC-USD-261127-66000-P,2026-11-27,66000,put,0.0534722374220996,0.053,0.0535,0.40571050414719373,-0.3913195729515554,2.5094061889197863,0.0019050591690914626,-0.00038892324900352017,208,185,69701.7
2026-08-20 01:53:12,okx,BTC,BTC-USD-261127-80000-C,2026-11-27,80000,call,0.0335577120254842,0.0335,0.0345,0.3810507015499748,0.2619715179266917,1.2130944686462877,0.0017999084950554112,-0.0003452337087669651,946,926,69701.7
2026-08-20 01:53:12,okx,BTC,BTC-USD-261127-80000-P,2026-11-27,80000,put,0.1680768904757696,0.1615,0.172,0.3810507015499748,-0.8718410004532963,3.4807195054062645,0.0017999084950554112,-0.0003441527782201994,0,0,69701.7
2026-08-20 01:53:12,okx,BTC,BTC-USD-261127-78000-C,2026-11-27,78000,call,0.0407849513766545,0.0405,0.0415,0.3816282533280259,0.3004766431291359,1.2418816875069913,0.001912429486457218,-0.00036733117737463753,856,336,69701.7
2026-08-20 01:53:12,okx,BTC,BTC-USD-261127-78000-P,2026-11-27,78000,put,0.1469610681455359,0.1405,0.151,0.3816282533280259,-0.8049905622913524,3.4528160983479674,0.001912429486457218,-0.00036647786357158,0,0,69701.7
2026-08-20 01:53:12,okx,BTC,BTC-USD-261127-76000-C,2026-11-27,76000,call,0.0494214473159122,0.0495,0.05,0.3831361538723334,0.3415904730104197,1.2374660559512676,0.0020010555900998417,-0.00038581996693296667,808,306,69701.7
2026-08-20 01:53:12,okx,BTC,BTC-USD-261127-76000-P,2026-11-27,76000,put,0.1272545024033894,0.121,0.1315,0.3831361538723334,-0.7355314194505688,3.3917098408732445,0.0020010555900998417,-0.0003851942698736173,0,0,69701.7
2026-08-20 01:53:12,okx,BTC,BTC-USD-261127-74000-C,2026-11-27,74000,call,0.0596178422070802,0.0595,0.0605,0.3856574967700004,0.3843021117849903,1.1941394438899462,0.0020583718248247083,-0.0003994149369992093,2006,1105,69701.7
2026-08-20 01:53:12,okx,BTC,BTC-USD-261127-74000-P,2026-11-27,74000,put,0.1091078356131536,0.1085,0.11,0.3856574967700004,-0.6644744677164987,3.2916926028929243,0.0020583718248247083,-0.00039901685668356824,0,0,69701.7
2026-08-20 01:53:12,okx,BTC,BTC-USD-260904-56000-C,2026-09-04,56000,call,0.1985239599546389,0.198,0.2,0.5198629866529689,0.7844537498009403,-1.1789645971541027,0.00008472319895279994,-0.0001389256237908147,0,0,69701.7
2026-08-20 01:53:12,okx,BTC,BTC-USD-260904-56000-P,2026-09-04,56000,put,0.0006582237229758,0.0006,0.0007,0.5198629866529689,-0.017322376373105155,0.42458765519398817,0.00008472319895279994,-0.0001443449668216536,4190,9071,69701.7
2026-08-20 01:53:12,okx,BTC,BTC-USD-261127-95000-C,2026-11-27,95000,call,0.0081861455240606,0.008,0.0085,0.3989359111047205,0.08357522711837595,0.6245644532337958,0.0008588759072261773,-0.00017253884195993894,570,570,69701.7
2026-08-20 01:53:12,okx,BTC,BTC-USD-261127-95000-P,2026-11-27,95000,put,0.3552782865848762,0.3495,0.359,0.3989359111047205,-1.26282713845786,3.317369184386268,0.0008588759072261773,-0.00016975078583536171,0,0,69701.7
2026-08-20 01:53:12,okx,BTC,BTC-USD-261127-90000-C,2026-11-27,90000,call,0.0127660414719328,0.0125,0.0135,0.38945315947381826,0.12264201501868245,0.8257080136929539,0.0011342268964715464,-0.00022241999983080502,838,1309,69701.7
2026-08-20 01:53:12,okx,BTC,BTC-USD-261127-90000-P,2026-11-27,90000,put,0.2890005283292385,0.285,0.2925,0.38945315947381826,-1.152897068158804,3.3767861800479273,0.0011342268964715464,-0.00022020098556549828,0,0,69701.7
2026-08-20 01:53:12,okx,BTC,BTC-USD-261127-85000-C,2026-11-27,85000,call,0.0205513991707691,0.0205,0.021,0.3831618254609246,0.18086731149707425,1.0448836429114234,0.0014656050478503851,-0.00028272523363421685,1219,931,69701.7
2026-08-20 01:53:12,okx,BTC,BTC-USD-261127-85000-P,2026-11-27,85000,put,0.2259282318245647,0.222,0.23,0.3831618254609246,-1.023808489281663,3.454235244468898,0.0014656050478503851,-0.0002810752612281806,0,0,69701.7
2026-08-20 01:53:12,okx,BTC,BTC-USD-260904-59500-C,2026-09-04,59500,call,0.1491960425447877,0.1475,0.1505,0.45155657732841625,0.8127700988779474,-0.7365123216471549,0.0001677799185657489,-0.0002442370749205167,0,0,69701.7
2026-08-20 01:53:12,okx,BTC,BTC-USD-260904-59500-P,2026-09-04,59500,put,0.0014375822161156,0.0013,0.0015,0.45155657732841625,-0.03911703518197591,0.9672619464726918,0.0001677799185657489,-0.00024828351363944415,722,867,69701.7
2026-08-20 01:53:12,okx,BTC,BTC-USD-260904-59000-C,2026-09-04,59000,call,0.1561840682963887,0.155,0.1575,0.4603133671190932,0.8102743034212491,-0.8346703145108486,0.00015118938739878022,-0.00022383018430241692,0,0,69701.7
2026-08-20 01:53:12,okx,BTC,BTC-USD-260904-59000-P,2026-09-04,59000,put,0.0012674256958607,0.0012,0.0013,0.4603133671190932,-0.034454115226406,0.8547865227844614,0.00015118938739878022,-0.00022807275220876027,1694,1147,69701.7
2026-08-20 01:53:12,okx,BTC,BTC-USD-260904-58000-C,2026-09-04,58000,call,0.1702321731501505,0.1695,0.1715,0.4788484074032541,0.8034140419126209,-0.9899754672033051,0.0001234502252145632,-0.0001890935367415053,0,0,69701.7
2026-08-20 01:53:12,okx,BTC,BTC-USD-260904-58000-P,2026-09-04,58000,put,0.0009991660059108,0.0009,0.001,0.4788484074032541,-0.026996945910497613,0.6708465084429319,0.0001234502252145632,-0.00019372836302268052,3709,246,69701.7
2026-08-20 01:53:12,okx,BTC,BTC-USD-260904-57000-C,2026-09-04,57000,call,0.1843525003194603,0.184,0.186,0.49871384838849575,0.7946318351552347,-1.1011904943456738,0.00010172994174150172,-0.00016124042875979952,0,0,69701.7
2026-08-20 01:53:12,okx,BTC,BTC-USD-260904-57000-P,2026-09-04,57000,put,0.0008031286315091,0.0007,0.0008,0.49871384838849575,-0.02146172184334732,0.5309966196514903,0.00010172994174150172,-0.00016626751341580656,2117,604,69701.7
2026-08-20 01:53:12,okx,BTC,BTC-USD-260904-61500-C,2026-09-04,61500,call,0.1216078951440906,0.121,0.123,0.4200120192195356,0.8137980938213489,-0.16453206625791073,0.0002568251241333611,-0.00035023063134768874,0,0,69701.7
2026-08-20 01:53:12,okx,BTC,BTC-USD-260904-61500-P,2026-09-04,61500,put,0.002482163902842,0.0023,0.0024,0.4200120192195356,-0.06672390188764744,1.596511925160082,0.0002568251241333611,-0.00035349255331695254,1777,1397,69701.7
2026-08-20 01:53:12,okx,BTC,BTC-USD-260904-61000-C,2026-09-04,61000,call,0.128436835805392,0.128,0.13,0.427370937421934,0.8151642213109827,-0.3381885244748058,0.00023079529802378756,-0.00031977613994365456,0,0,69701.7
2026-08-20 01:53:12,okx,BTC,BTC-USD-260904-61000-P,2026-09-04,61000,put,0.0021529222922874,0.002,0.0021,0.427370937421934,-0.05819905898574533,1.4085380361186501,0.00023079529802378756,-0.0003232341911003343,1089,715,69701.7
2026-08-20 01:53:12,okx,BTC,BTC-USD-260904-60500-C,2026-09-04,60500,call,0.1353162236147216,0.134,0.137,0.43508264643071837,0.8153470696064159,-0.4901683245208334,0.00020739071504987148,-0.0002920451005015324,0,0,69701.7
2026-08-20 01:53:12,okx,BTC,BTC-USD-260904-60500-P,2026-09-04,60500,put,0.0018741278297613,0.0018,0.0019,0.43508264643071837,-0.05085749527804389,1.242240805248086,0.00020739071504987148,-0.000295699280845628,1287,418,69701.7
2026-08-20 01:53:12,okx,BTC,BTC-USD-260904-60000-C,2026-09-04,60000,call,0.1422381959745721,0.1405,0.144,0.44314533052034294,0.8145023937120464,-0.6223078323298206,0.00018644784170490338,-0.00026691696850877466,0,0,69701.7
2026-08-20 01:53:12,okx,BTC,BTC-USD-260904-60000-P,2026-09-04,60000,put,0.0016379179177558,0.0015,0.0016,0.44314533052034294,-0.04454345576014515,1.0957838666145623,0.00018644784170490338,-0.00027076727804028615,4423,545,69701.7
2026-08-20 01:53:12,okx,BTC,BTC-USD-260904-63500-C,2026-09-04,63500,call,0.0950014647902573,0.093,0.0965,0.39412041700504175,0.7929078165144016,0.7739457210017459,0.0003886954401950413,-0.0004995137552579831,968,24,69701.7
2026-08-20 01:53:12,okx,BTC,BTC-USD-260904-63500-P,2026-09-04,63500,put,0.0045084626364319,0.0043,0.0044,0.39412041700504175,-0.1162490408436678,2.5922594357178848,0.0003886954401950413,-0.0005019911604775833,159,29,69701.7
2026-08-20 01:53:12,okx,BTC,BTC-USD-260904-63000-C,2026-09-04,63000,call,0.1015224515653159,0.0995,0.103,0.4000614861072512,0.8008290979942386,0.501217737418564,0.0003516032028405939,-0.00045826625491671787,986,200,69701.7
2026-08-20 01:53:12,okx,BTC,BTC-USD-260904-63000-P,2026-09-04,63000,put,0.0038712671396346,0.0037,0.0038,0.4000614861072512,-0.10116904395156251,2.3052140213101664,0.0003516032028405939,-0.00046093978932373387,2824,2475,69701.7
2026-08-20 01:53:12,okx,BTC,BTC-USD-260823-66500-C,2026-08-23,66500,call,0.0470508744634173,0.0465,0.0485,0.34728553208050383,0.879382369758977,2.4969113404974825,0.000131789543336867,-0.000703103211759438,2148,3698,69701.7
2026-08-20 01:53:12,okx,BTC,BTC-USD-260904-62500-C,2026-09-04,62500,call,0.1081393752661656,0.1075,0.1095,0.4063569103583953,0.8068194949512826,0.25409603276133025,0.00031720157862943774,-0.00041952046442364315,832,38,69701.7
2026-08-20 01:53:12,okx,BTC,BTC-USD-260823-66500-P,2026-08-23,66500,put,0.0010890543488754,0.0011,0.0012,0.34728553208050383,-0.07471193033395393,4.405099940683344,0.000131789543336867,-0.000703103211759438,2194,3534,69701.7
2026-08-20 01:53:12,okx,BTC,BTC-USD-260904-62500-P,2026-09-04,62500,put,0.0033300085686286,0.0032,0.0033,0.4063569103583953,-0.08801993158225024,2.043774885828396,0.00031720157862943774,-0.00042239012801807517,2460,4720,69701.7
2026-08-20 01:53:12,okx,BTC,BTC-USD-260904-62000-C,2026-09-04,62000,call,0.1148385527394047,0.113,0.1165,0.41300712323480404,0.8110778569314359,0.032454260247047735,0.00028560486962488156,-0.0003834785840494864,0,0,69701.7
2026-08-20 01:53:12,okx,BTC,BTC-USD-260904-62000-P,2026-09-04,62000,put,0.0028710037700118,0.0027,0.0028,0.41300712323480404,-0.07660285418982883,1.8078156824895768,0.00028560486962488156,-0.00038654437683133426,3220,1137,69701.7
2026-08-20 01:53:12,okx,BTC,BTC-USD-260904-65500-C,2026-09-04,65500,call,0.0702054878420991,0.068,0.0715,0.3738731642231932,0.7381976586285335,2.0875534709380053,0.0005568884060904012,-0.0006805066442779549,853,69,69701.7
2026-08-20 01:53:12,okx,BTC,BTC-USD-260904-65500-P,2026-09-04,65500,put,0.0083452147756971,0.0075,0.0085,0.3738731642231932,-0.19959406037860894,3.96313690895229,0.0005568884060904012,-0.0006821995327478914,1222,2497,69701.7
2026-08-20 01:53:12,okx,BTC,BTC-USD-260904-65000-C,2026-09-04,65000,call,0.0761748230295113,0.075,0.0775,0.37841129510918986,0.7556523452311822,1.7322004423908899,0.000512968985982448,-0.0006341530472420711,396,151,69701.7
2026-08-20 01:53:12,okx,BTC,BTC-USD-260904-65000-P,2026-09-04,65000,put,0.0071563676912534,0.0065,0.007,0.37841129510918986,-0.17498065836369206,3.593466449580638,0.000512968985982448,-0.0006360420648994235,2942,2697,69701.7
2026-08-20 01:53:12,okx,BTC,BTC-USD-260904-64500-C,2026-09-04,64500,call,0.0823100657418886,0.0815,0.0835,0.38329702132675414,0.7704952715299532,1.3919795622488886,0.00046984597266067687,-0.0005880232722299966,1130,136,69701.7
2026-08-20 01:53:12,okx,BTC,BTC-USD-260904-64500-P,2026-09-04,64500,put,0.0061334281317749,0.0055,0.006,0.38329702132675414,-0.1529790166526528,3.2389281386141002,0.00046984597266067687,-0.0005901084190747649,1053,872,69701.7
2026-08-20 01:53:12,okx,BTC,BTC-USD-260904-64000-C,2026-09-04,64000,call,0.0885917137585081,0.0865,0.09,0.38853274807536464,0.7828586698297383,1.0714982642111568,0.00042823848552346654,-0.0005429278789606513,288,158,69701.7
2026-08-20 01:53:12,okx,BTC,BTC-USD-260904-64000-P,2026-09-04,64000,put,0.0052568938765387,0.0049,0.0055,0.38853274807536464,-0.13345690294059945,2.904129409751832,0.00042823848552346654,-0.0005452091549928356,1893,366,69701.7
2026-08-20 01:53:12,okx,BTC,BTC-USD-260904-67500-C,2026-09-04,67500,call,0.0483966698137855,0.0475,0.049,0.3591334412127773,0.6414699499340133,3.5195031234502334,0.0007208260875991256,-0.0008471738464889427,8811,3507,69701.7
2026-08-20 01:53:12,okx,BTC,BTC-USD-260904-67500-P,2026-09-04,67500,put,0.015169125834807,0.0145,0.015,0.3591334412127773,-0.32495663072220227,5.452356284762664,0.0007208260875991256,-0.0008480822182092153,2220,2932,69701.7
2026-08-20 01:53:12,okx,BTC,BTC-USD-260904-67000-C,2026-09-04,67000,call,0.0534978584715365,0.0525,0.054,0.3623137775014777,0.669600653985487,3.177005969998805,0.0006838662061719841,-0.0008106566288249821,834,174,69701.7
2026-08-20 01:53:12,okx,BTC,BTC-USD-260904-67000-P,2026-09-04,67000,put,0.0131121322207021,0.0125,0.013,0.3623137775014777,-0.2896672112584603,5.0955417004867,0.0006838662061719841,-0.0008117611297326708,1408,2085,69701.7
2026-08-20 01:53:12,okx,BTC,BTC-USD-260904-66500-C,2026-09-04,66500,call,0.0588463499512233,0.058,0.061,0.3658278748916415,0.695165312068262,2.8180025497365455,0.0006434270838529261,-0.0007698979478979511,1153,1120,69701.7
2026-08-20 01:53:12,okx,BTC,BTC-USD-260828-58000-C,2026-08-28,58000,call,0.1688044489148503,0.168,0.17,0.549220280859735,0.8197361920703481,-1.2756367248007126,0.0000451921760450036,-0.00014945825528230364,2795,0,69701.7
2026-08-20 01:53:12,okx,BTC,BTC-USD-260904-66500-P,2026-09-04,66500,put,0.0113024414285331,0.0105,0.011,0.3658278748916415,-0.25694383776341706,4.722220849399903,0.0006434270838529261,-0.0007711985779930556,1188,1496,69701.7
2026-08-20 01:53:12,okx,BTC,BTC-USD-260823-67500-C,2026-08-23,67500,call,0.0340154595575359,0.0335,0.0355,0.329558241078926,0.818249852787627,5.781539677492786,0.0002179952390361491,-0.001103648107188766,1198,3842,69701.7
2026-08-20 01:53:12,okx,BTC,BTC-USD-260828-58000-P,2026-08-28,58000,put,0.0003346085506057,0.0002,0.0004,0.549220280859735,-0.011812809914612202,0.3874612791692081,0.0000451921760450036,-0.00015033858999701695,22979,2382,69701.7
2026-08-20 01:53:12,okx,BTC,BTC-USD-260904-66000-C,2026-09-04,66000,call,0.0644224150587846,0.0635,0.0665,0.3696797806647003,0.7180447217502409,2.451972236134695,0.0006007188662279409,-0.0007261196762447042,845,408,69701.7
2026-08-20 01:53:12,okx,BTC,BTC-USD-260823-67500-P,2026-08-23,67500,put,0.0024000782382639,0.0025,0.0026,0.329558241078926,-0.1501917300134684,7.7184228430949755,0.0002179952390361491,-0.001103648107188766,2738,3470,69701.7
2026-08-20 01:53:12,okx,BTC,BTC-USD-260904-66000-P,2026-09-04,66000,put,0.0097203242642385,0.009,0.0095,0.3696797806647003,-0.22690571266916973,4.341873104973516,0.0006007188662279409,-0.0007276164355272247,729,637,69701.7
2026-08-20 01:53:12,okx,BTC,BTC-USD-260904-71000-C,2026-09-04,71000,call,0.0208033378140324,0.0205,0.0215,0.3461455798411175,0.3988866742923503,4.723327957730635,0.0007987243676225545,-0.0009056232714524981,2874,3748,69701.7
2026-08-20 01:53:12,okx,BTC,BTC-USD-260904-71000-P,2026-09-04,71000,put,0.0376830697380449,0.038,0.0385,0.3461455798411175,-0.617650914249743,6.756403134814821,0.0007987243676225545,-0.0009051587388608594,243,243,69701.7
2026-08-20 01:53:12,okx,BTC,BTC-USD-260904-70000-C,2026-09-04,70000,call,0.0271432732403433,0.027,0.0275,0.34807288815052057,0.47210079185952175,4.659844318610126,0.0008152378006291683,-0.0009293349707683985,3142,2995,69701.7
2026-08-20 01:53:12,okx,BTC,BTC-USD-260904-70000-P,2026-09-04,70000,put,0.029706640620644,0.0295,0.03,0.34807288815052057,-0.5301193658580351,6.66428463404524,0.0008152378006291683,-0.0009292626965515916,2433,3509,69701.7
2026-08-20 01:53:12,okx,BTC,BTC-USD-260904-69000-C,2026-09-04,69000,call,0.0347466604464448,0.034,0.035,0.35154932443188663,0.544104518491232,4.351131131320188,0.0007991805678101224,-0.0009199139977170874,5385,2651,69701.7
2026-08-20 01:53:12,okx,BTC,BTC-USD-260904-69000-P,2026-09-04,69000,put,0.0229936632830338,0.0225,0.023,0.35154932443188663,-0.4437982084017883,6.326936585106229,0.0007991805678101224,-0.0009202339818751123,1645,2056,69701.7
2026-08-20 01:53:12,okx,BTC,BTC-USD-260904-68000-C,2026-09-04,68000,call,0.043560963584505,0.0425,0.044,0.35628246304820926,0.6109749877594685,3.8356467187204957,0.0007530972618345776,-0.0008782559343516902,4579,5736,69701.7
2026-08-20 01:53:12,okx,BTC,BTC-USD-260904-68000-P,2026-09-04,68000,put,0.0174916018773823,0.017,0.0175,0.35628246304820926,-0.3626103083090154,5.782817310857463,0.0007530972618345776,-0.000878968176884547,1781,3701,69701.7
2026-08-20 01:53:12,okx,BTC,BTC-USD-260925-82000-C,2026-09-25,82000,call,0.0060751539346805,0.0055,0.006,0.38700079408743293,0.10258855015496361,1.3229630089085964,0.0005874178838887718,-0.00031351911364508223,5976,1238,69701.7
2026-08-20 01:53:12,okx,BTC,BTC-USD-260904-72000-C,2026-09-04,72000,call,0.0157040617479834,0.0155,0.0165,0.34602674050037296,0.32870964797329577,4.546116564621615,0.0007525244961068091,-0.0008530536495089107,5420,7517,69701.7
2026-08-20 01:53:12,okx,BTC,BTC-USD-260925-82000-P,2026-09-25,82000,put,0.1770492340834284,0.174,0.1775,0.38700079408743293,-1.0684724893479591,3.665085087914442,0.0005874178838887718,-0.00031351911364508223,2221,50,69701.7
2026-08-20 01:53:12,okx,BTC,BTC-USD-260904-72000-P,2026-09-04,72000,put,0.0469001582157074,0.047,0.048,0.34602674050037296,-0.7021453713933341,6.607826603354875,0.0007525244961068091,-0.0008521968585424401,18,18,69701.7
2026-08-20 01:53:12,okx,BTC,BTC-USD-260828-67000-C,2026-08-28,67000,call,0.0462451308420134,0.0455,0.0475,0.35458534268201075,0.7360877494861623,4.04664621997662,0.0004425665336598712,-0.0009502868716621221,12844,1261,69701.7
2026-08-20 01:53:12,okx,BTC,BTC-USD-260828-67000-P,2026-08-28,67000,put,0.0067991368626505,0.0065,0.007,0.35458534268201075,-0.22449471832405019,5.967811155597045,0.0004425665336598712,-0.0009504926971978419,4930,6384,69701.7
2026-08-20 01:53:12,okx,BTC,BTC-USD-260822-63250-P,2026-08-22,63250,put,0.0000308723146779,,0.0002,0.449278171331905,-0.0029173070156789764,0.2560667929703412,0.000006944889575365084,-0.00006919121072025244,297,299,69701.7
2026-08-20 01:53:12,okx,BTC,BTC-USD-260822-63250-C,2026-08-22,63250,call,0.0923937663512518,0.092,0.094,0.449278171331905,0.9047732028957134,-1.5593142268524436,0.000006944889575365084,-0.00006919121072025244,0,0,69701.7
2026-08-20 01:53:12,okx,BTC,BTC-USD-260821-65250-P,2026-08-21,65250,put,0.0000558815475656,,0.0003,0.4523392990557502,-0.006533308461397213,0.6991179655867201,0.000010668114950777723,-0.00019229252375094333,2073,2628,69701.7
2026-08-20 01:53:12,okx,BTC,BTC-USD-260821-65250-C,2026-08-21,65250,call,0.0635632054995268,0.063,0.064,0.4523392990557502,0.9300144785075213,-1.1739776083511166,0.000010668114950777723,-0.00019229252375094333,2679,2902,69701.7
2026-08-20 01:53:12,okx,BTC,BTC-USD-260925-58000-C,2026-09-25,58000,call,0.1769003152148475,0.175,0.179,0.44206055474686345,0.7455984153441537,-0.4488882731750512,0.00045766763481142726,-0.000279021049322272,766,100,69701.7
2026-08-20 01:53:12,okx,BTC,BTC-USD-260925-58000-P,2026-09-25,58000,put,0.0051502743444496,0.005,0.0055,0.44206055474686345,-0.08271305162132836,1.207734660755913,0.00045766763481142726,-0.000279021049322272,24909,8594,69701.7
2026-08-20 01:53:12,okx,ETH,ETH-USD-260823-1930-P,2026-08-23,1930,put,0.0003523560841813,0.0002,0.0004,0.7803919039559147,-0.013698049706844856,0.49206950035840374,0.00003233576778950856,-0.0003876595248358058,570,1070,2266.62
2026-08-20 01:53:12,okx,ETH,ETH-USD-260904-2300-C,2026-09-04,2300,call,0.0344822588059812,0.0345,0.035,0.5028950734799502,0.43035475377442445,3.0026407185190744,0.0008119947668141952,-0.0013371521684500888,3321,8924,2266.62
2026-08-20 01:53:12,okx,ETH,ETH-USD-260925-800-P,2026-09-25,800,put,0.0000556757864639,0.0001,0.0007,1.0725367854490744,-0.0006224237355854203,0.007148509957867473,0.0000062893472435432315,-0.00000930300060346382,30958,2,2266.62
2026-08-20 01:53:12,okx,ETH,ETH-USD-260823-2100-C,2026-08-23,2100,call,0.0755067793252328,0.073,0.0775,0.5931323746975549,0.8419257334358797,1.0346498043203847,0.00014378175459972637,-0.0013101165568155885,1938,1965,2266.62
2026-08-20 01:53:12,okx,ETH,ETH-USD-260904-2300-P,2026-09-04,2300,put,0.0488470783577737,0.0485,0.0495,0.5028950734799502,-0.5834666942684863,5.030283614604897,0.0008119947668141952,-0.0013366184633552246,2168,2671,2266.62
2026-08-20 01:53:12,okx,ETH,ETH-USD-260925-800-C,2026-09-25,800,call,0.6477301053565458,0.6465,0.649,1.0725367854490744,0.3517109051969013,-0.697518147907106,0.0000062893472435432315,-0.00000930300060346382,10,0,2266.62
2026-08-20 01:53:12,okx,ETH,ETH-USD-260904-2250-C,2026-09-04,2250,call,0.0446623608721789,0.0445,0.0455,0.5015851925265964,0.5052617814594673,2.8469575178842113,0.0008086494224017162,-0.0013277885627846554,2970,2911,2266.62
2026-08-20 01:53:12,okx,ETH,ETH-USD-260823-1930-C,2026-08-23,1930,call,0.1487168100315392,0.147,0.1505,0.7803919039559147,0.8379450122992081,-1.2112166236537023,0.00003233576778950856,-0.0003876595248358058,4,4,2266.62
2026-08-20 01:53:12,okx,ETH,ETH-USD-260904-2250-P,2026-09-04,2250,put,0.0369880696881331,0.037,0.0375,0.5015851925265964,-0.4865200698868583,4.830521220576863,0.0008086494224017162,-0.0013280724361453735,3963,4862,2266.62
2026-08-20 01:53:12,okx,ETH,ETH-USD-260904-2200-C,2026-09-04,2200,call,0.0569852637254364,0.057,0.0575,0.5033935536108889,0.5774388937622775,2.4962542928460882,0.0007681516407874643,-0.0012653048805052317,2091,1099,2266.62
2026-08-20 01:53:12,okx,ETH,ETH-USD-260925-1200-P,2026-09-25,1200,put,0.0006861375096805,0.0005,0.0007,0.872428821136074,-0.00769546827837097,0.08634597594048618,0.00006148725511388704,-0.00007398103273750839,30698,2971,2266.62
2026-08-20 01:53:12,okx,ETH,ETH-USD-260904-2200-P,2026-09-04,2200,put,0.0272718618055525,0.027,0.0275,0.5033935536108889,-0.39230336088746315,4.435738802145569,0.0007681516407874643,-0.0012664063323215326,912,1497,2266.62
2026-08-20 01:53:12,okx,ETH,ETH-USD-260925-1200-C,2026-09-25,1200,call,0.4721977818648034,0.4705,0.474,0.872428821136074,0.5208045251203591,-0.9706540108569741,0.00006148725511388704,-0.00007398103273750839,89,0,2266.62
2026-08-20 01:53:12,okx,ETH,ETH-USD-260904-2150-C,2026-09-04,2150,call,0.0713973724871232,0.071,0.072,0.5085377048089179,0.6415668311622449,1.9895620779605985,0.0006955695453581049,-0.0011567407496668129,3720,525,2266.62
2026-08-20 01:53:12,okx,ETH,ETH-USD-260925-1000-P,2026-09-25,1000,put,0.0002475009550161,,0.0009,0.9794071708408305,-0.002717111812098665,0.03030003489007651,0.000024190105841869676,-0.00003267430264572307,17378,0,2266.62
2026-08-20 01:53:12,okx,ETH,ETH-USD-260904-2150-P,2026-09-04,2150,put,0.0196448598314012,0.0195,0.02,0.5085377048089179,-0.3061358267909108,3.88496739386691,0.0006955695453581049,-0.0011586597799386961,1218,1492,2266.62
2026-08-20 01:53:12,okx,ETH,ETH-USD-260925-1000-C,2026-09-25,1000,call,0.5598405379176186,0.5585,0.5615,0.9794071708408305,0.43769954935350974,-0.8505332874411403,0.000024190105841869676,-0.00003267430264572307,900,0,2266.62
2026-08-20 01:53:12,okx,ETH,ETH-USD-260823-2100-P,2026-08-23,2100,put,0.002156855341061,0.0022,0.0023,0.5931323746975549,-0.08473252056034378,2.8879663123128316,0.00014378175459972637,-0.0013101165568155885,2662,3238,2266.62
2026-08-20 01:53:12,okx,ETH,ETH-USD-261225-1300-P,2026-12-25,1300,put,0.0098318494505848,0.0085,0.009,0.6646667696230345,-0.060907491822850976,0.38909844399723226,0.0006193799377387577,-0.00016175479134957938,12538,1286,2266.62
2026-08-20 01:53:12,okx,ETH,ETH-USD-261225-1300-C,2026-12-25,1300,call,0.4411832545603267,0.4365,0.4445,0.6646667696230345,0.5077535403095953,-0.7482236202676603,0.0006193799377387577,-0.00016175479134957938,432,0,2266.62
2026-08-20 01:53:12,okx,ETH,ETH-USD-260828-1850-P,2026-08-28,1850,put,0.0014388309576997,0.0008,0.0009,0.7502426949824581,-0.03286872083084015,0.6925004933513202,0.0001063445823260888,-0.0004832527223333536,13767,3796,2266.62
2026-08-20 01:53:12,okx,ETH,ETH-USD-260828-1850-C,2026-08-28,1850,call,0.1855821864765267,0.183,0.1865,0.7502426949824581,0.7829436045843956,-0.9391241574791512,0.0001063445823260888,-0.00048186287912076425,8836,634,2266.62
2026-08-20 01:53:12,okx,ETH,ETH-USD-260828-1450-P,2026-08-28,1450,put,0.0000422949248177,,0.0007,0.9850505828807037,-0.0010348898777306323,0.024644224818781993,0.000005029048493071584,-0.000030005900167190443,15133,2060,2266.62
2026-08-20 01:53:12,okx,ETH,ETH-USD-260828-1450-C,2026-08-28,1450,call,0.3605736152471713,0.3595,0.362,0.9850505828807037,0.6383855813936704,-1.2541967177240199,0.000005029048493071584,-0.00002728458902387589,580,0,2266.62
2026-08-20 01:53:12,okx,ETH,ETH-USD-260828-1300-C,2026-08-28,1300,call,0.4266813456797905,0.4255,0.428,1.0272822636893668,0.5731516241460236,-1.1433253671072683,0.0000006918427013547387,-0.0000010842641479436352,86,0,2266.62
2026-08-20 01:53:12,okx,ETH,ETH-USD-260828-1300-P,2026-08-28,1300,put,0.0000045385561145,,0.0007,1.0272822636893668,-0.00012190182143931682,0.0032216848276573483,0.0000006918427013547387,-0.000004304875765280133,10385,0,2266.62
2026-08-20 01:53:12,okx,ETH,ETH-USD-260828-1100-C,2026-08-28,1100,call,0.5148708467726179,0.514,0.516,1.055171286627311,0.48507578305562055,-0.9700979604040195,0.000000012792169422502402,0.000003804587293122658,0,0,2266.62
2026-08-20 01:53:12,okx,ETH,ETH-USD-260828-1100-P,2026-08-28,1100,put,0.0000000572471788,,,1.055171286627311,-0.0000018158399249696603,0.00005723738707138209,0.000000012792169422502402,-0.00000008175828957643528,11081,0,2266.62
2026-08-20 01:53:12,okx,ETH,ETH-USD-260828-1200-C,2026-08-28,1200,call,0.4707744437906541,0.4695,0.472,1.0443594840767112,0.5291568114590881,-1.057812159262875,0.00000011844035080217157,0.000002804250942128252,0,0,2266.62
2026-08-20 01:53:12,okx,ETH,ETH-USD-260828-1200-P,2026-08-28,1200,put,0.0000006454660965,,0.0006,1.0443594840767112,-0.000018750972415973053,0.0005389656001332774,0.00000011844035080217157,-0.0000007492276578895442,11257,0,2266.62
2026-08-20 01:53:12,okx,ETH,ETH-USD-260823-1940-P,2026-08-23,1940,put,0.0003798290375247,0.0002,0.0004,0.7665710816891647,-0.014888720436487755,0.5381711469467243,0.00003475163212453769,-0.00040924385263226714,660,836,2266.62
2026-08-20 01:53:12,okx,ETH,ETH-USD-260822-1960-C,2026-08-22,1960,call,0.1352350385730251,0.1335,0.137,0.8377880300726855,0.851951876379945,-1.2047416251178535,0.00002583319893460854,-0.0004743828378558263,6,6,2266.62
2026-08-20 01:53:12,okx,ETH,ETH-USD-260823-1940-C,2026-08-23,1940,call,0.1443316635752835,0.1425,0.146,0.7665710816891647,0.8411669999219282,-1.1739402937701076,0.00003475163212453769,-0.00040924385263226714,187,187,2266.62
2026-08-20 01:53:12,okx,ETH,ETH-USD-260822-1960-P,2026-08-22,1960,put,0.00029786222293,0.0002,0.0004,0.8377880300726855,-0.013025926787904811,0.5252139812178462,0.00002583319893460854,-0.000479927887423608,1566,2080,2266.62
2026-08-20 01:53:12,okx,ETH,ETH-USD-260823-1890-C,2026-08-23,1890,call,0.1662829569751545,0.1645,0.168,0.8375693280893547,0.8239457641872346,-1.3174381211364197,0.000024680480364954883,-0.0003175622714982831,108,108,2266.62
2026-08-20 01:53:12,okx,ETH,ETH-USD-260823-1890-P,2026-08-23,1890,put,0.0002680253893998,,0.0003,0.8375693280893547,-0.010046664409366399,0.3505467360567823,0.000024680480364954883,-0.0003175622714982831,201,401,2266.62
2026-08-20 01:53:12,okx,ETH,ETH-USD-260925-1300-C,2026-09-25,1300,call,0.4285186425685191,0.4265,0.4295,0.8176485735885544,0.5605678699888107,-1.009411513161557,0.00009073730946088786,-0.00010231937066053575,97,0,2266.62
2026-08-20 01:53:12,okx,ETH,ETH-USD-260925-1300-P,2026-09-25,1300,put,0.0010476945171359,0.0007,0.0009,0.8176485735885544,-0.01197378952648025,0.1356718058690248,0.00009073730946088786,-0.00010231937066053575,12070,105,2266.62
2026-08-20 01:53:12,okx,ETH,ETH-USD-260822-1750-C,2026-08-22,1750,call,0.2277034553328927,0.226,0.229,1.2197283789903284,0.7691594282391152,-1.4414143249060267,0.000007301458567872254,-0.0001881336811429816,0,0,2266.62
2026-08-20 01:53:12,okx,ETH,ETH-USD-260822-1750-P,2026-08-22,1750,put,0.0000909036226812,,0.0006,1.2197283789903284,-0.0031421817321793167,0.10318889503656221,0.000007301458567872254,-0.00019748734135198776,921,886,2266.62
2026-08-20 01:53:12,okx,ETH,ETH-USD-260822-1850-C,2026-08-22,1850,call,0.1836301332837596,0.182,0.185,1.0332878844545577,0.8106905214052458,-1.4246435276893945,0.000012557723866299474,-0.00028019832576894383,0,0,2266.62
2026-08-20 01:53:12,okx,ETH,ETH-USD-260822-1850-P,2026-08-22,1850,put,0.000148712697413,,0.0007,1.0332878844545577,-0.005742609135836909,0.2082227333927708,0.000012557723866299474,-0.00028773836186308117,4146,632,2266.62
2026-08-20 01:53:12,okx,ETH,ETH-USD-260822-1825-C,2026-08-22,1825,call,0.1946455963157605,0.193,0.196,1.080233087343692,0.8004755629002246,-1.4369312166293424,0.000010945017307401232,-0.00025418664807224907,0,0,2266.62
2026-08-20 01:53:12,okx,ETH,ETH-USD-260822-1825-P,2026-08-22,1825,put,0.0001313929484478,,0.0007,1.080233087343692,-0.00492468749841104,0.173869284167929,0.000010945017307401232,-0.00026218009019510354,575,989,2266.62
2026-08-20 01:53:12,okx,ETH,ETH-USD-260822-1800-C,2026-08-22,1800,call,0.2056634137083567,0.204,0.207,1.1272031064084183,0.7901271386514135,-1.4428337027599247,0.00000956877509439265,-0.0002307329862941469,0,0,2266.62
2026-08-20 01:53:12,okx,ETH,ETH-USD-260822-1800-P,2026-08-22,1800,put,0.0001164275600778,,0.0007,1.1272031064084183,-0.004240231604774926,0.1459010377524523,0.00000956877509439265,-0.00023917983444571864,322,1018,2266.62
2026-08-20 01:53:12,okx,ETH,ETH-USD-260822-1775-C,2026-08-22,1775,call,0.2166828529326055,0.215,0.218,1.173817321643636,0.7796806341621434,-1.4439589190885092,0.000008367921046422614,-0.00020891303131233426,0,0,2266.62
2026-08-20 01:53:12,okx,ETH,ETH-USD-260828-1350-P,2026-08-28,1350,put,0.0000103758286337,,0.0007,1.015702419381476,-0.0002691739565600798,0.006848587964444832,0.0000014495145386825053,-0.000008917685941695774,7450,0,2266.62
2026-08-20 01:53:12,okx,ETH,ETH-USD-260822-1775-P,2026-08-22,1775,put,0.0001030840033603,,0.0006,1.173817321643636,-0.0036538559515980795,0.1227100611389739,0.000008367921046422614,-0.00021781328549262316,470,467,2266.62
2026-08-20 01:53:12,okx,ETH,ETH-USD-260828-1350-C,2026-08-28,1350,call,0.4046386873518688,0.4035,0.406,1.015702419381476,0.5950533337788821,-1.1837964275064397,0.0000014495145386825053,-0.0000058635078156999244,0,0,2266.62
2026-08-20 01:53:12,okx,ETH,ETH-USD-260822-1900-C,2026-08-22,1900,call,0.1616113725386129,0.16,0.163,0.94112992851481,0.8304800285830842,-1.3703928729542953,0.00001689268016022391,-0.00034591048573851863,0,0,2266.62
2026-08-20 01:53:12,okx,ETH,ETH-USD-260822-1900-P,2026-08-22,1900,put,0.0001955175141986,,0.0003,0.94112992851481,-0.00801886224289259,0.3066049086976582,0.00001689268016022391,-0.00035254370977522164,1283,1309,2266.62
2026-08-20 01:53:12,okx,ETH,ETH-USD-260822-1890-C,2026-08-22,1890,call,0.1660133185128933,0.1645,0.1675,0.95925645009918,0.8266141848354825,-1.3854302757603896,0.00001586881947955219,-0.00033074024246571915,0,0,2266.62
2026-08-20 01:53:12,okx,ETH,ETH-USD-260822-1890-P,2026-08-22,1890,put,0.0001843503760927,,0.0006,0.95925645009918,-0.007471553933515458,0.2827412017776066,0.00001586881947955219,-0.00033755482891390903,478,235,2266.62
2026-08-20 01:53:12,okx,ETH,ETH-USD-260822-1880-C,2026-08-22,1880,call,0.1704163129821392,0.169,0.172,0.9775638523929913,0.8226955406005921,-1.3980855377862438,0.000014934180482548816,-0.0003167405375941296,0,0,2266.62
2026-08-20 01:53:12,okx,ETH,ETH-USD-260822-1880-P,2026-08-22,1880,put,0.0001742317329521,,0.0006,0.9775638523929913,-0.00697704611142694,0.26125963563779464,0.000014934180482548816,-0.00032373648645380636,457,203,2266.62
2026-08-20 01:53:12,okx,ETH,ETH-USD-260925-1900-C,2026-09-25,1900,call,0.176292147156332,0.174,0.178,0.5584422724000196,0.6881411551670155,-0.1390130311544319,0.0006863005888952428,-0.0005285644334515724,9256,244,2266.62
2026-08-20 01:53:12,okx,ETH,ETH-USD-260822-1875-C,2026-08-22,1875,call,0.1726181532841157,0.171,0.174,0.9867764571810789,0.8207187496753305,-1.4036187369181394,0.000014496638338433032,-0.00031012658432442454,0,0,2266.62
2026-08-20 01:53:12,okx,ETH,ETH-USD-260925-1900-P,2026-09-25,1900,put,0.0130653769273875,0.0115,0.012,0.5584422724000196,-0.1486505010476404,1.5345702812748798,0.0006863005888952428,-0.0005285644334515724,12531,3499,2266.62
2026-08-20 01:53:12,okx,ETH,ETH-USD-260822-1875-P,2026-08-22,1875,put,0.0001695154787354,,0.0006,0.9867764571810789,-0.006747261008199268,0.2513132844489201,0.000014496638338433032,-0.00031721321438984474,2050,431,2266.62
2026-08-20 01:53:12,okx,ETH,ETH-USD-260822-1975-C,2026-08-22,1975,call,0.1286562636974251,0.127,0.13,0.8138633687303276,0.8565928900779913,-1.1325180798553243,0.000029193191814408784,-0.0005215883324337127,1728,2185,2266.62
2026-08-20 01:53:12,okx,ETH,ETH-USD-260822-1975-P,2026-08-22,1975,put,0.0003387570159097,0.0002,0.0004,0.8138633687303276,-0.015004641175326622,0.610676982651312,0.000029193191814408784,-0.0005268613383842641,3990,8227,2266.62
2026-08-20 01:53:12,okx,ETH,ETH-USD-260822-1950-C,2026-08-22,1950,call,0.139625272949344,0.138,0.1415,0.8542220386622938,0.8486521480537162,-1.244314961453713,0.000023903481452943534,-0.0004470625340648267,1035,1523,2266.62
2026-08-20 01:53:12,okx,ETH,ETH-USD-260822-1950-P,2026-08-22,1950,put,0.0002749834868622,0.0002,0.0004,0.8542220386622938,-0.011912503057154732,0.4768143407680285,0.000023903481452943534,-0.00045278894604409536,5028,5880,2266.62
2026-08-20 01:53:12,okx,ETH,ETH-USD-260822-1925-C,2026-08-22,1925,call,0.1506124047187857,0.149,0.1525,0.8967942718092332,0.8398529181425768,-1.3198341474790884,0.000019936224594108726,-0.000390280882118549,230,259,2266.62
2026-08-20 01:53:12,okx,ETH,ETH-USD-260822-1925-P,2026-08-22,1925,put,0.0002293324753378,,0.0003,0.8967942718092332,-0.009678852825846993,0.379229394457759,0.000019936224594108726,-0.0003964607001265348,4520,7105,2266.62
2026-08-20 01:53:12,okx,ETH,ETH-USD-260822-1910-C,2026-08-22,1910,call,0.157210661317146,0.1555,0.159,0.9232130717260605,0.8342844265803875,-1.3526096343107712,0.00001801919505739349,-0.0003624424823926624,401,400,2266.62
2026-08-20 01:53:12,okx,ETH,ETH-USD-260822-1910-P,2026-08-22,1910,put,0.0002079194051183,,0.0003,0.9232130717260605,-0.008627616302568043,0.33321445145513967,0.00001801919505739349,-0.0003688943440178785,1229,390,2266.62
2026-08-20 01:53:12,okx,ETH,ETH-USD-260822-2100-C,2026-08-22,2100,call,0.0747356596214067,0.0725,0.076,0.6596787335414501,0.8572159833299997,0.816881148376723,0.00010315273872086524,-0.0015059245848608072,7131,14596,2266.62
2026-08-20 01:53:12,okx,ETH,ETH-USD-260822-2100-P,2026-08-22,2100,put,0.0015820668447225,0.0015,0.0016,0.6596787335414501,-0.06954594863555348,2.6704050123078296,0.00010315273872086524,-0.001508930560667773,14682,17787,2266.62
2026-08-20 01:53:12,okx,ETH,ETH-USD-260822-2050-C,2026-08-22,2050,call,0.095991600340421,0.094,0.098,0.7103359991237383,0.8695635054232705,-0.37593426920849776,0.00005981684461680818,-0.0009382965740018999,2000,2071,2266.62
2026-08-20 01:53:12,okx,ETH,ETH-USD-260822-2050-P,2026-08-22,2050,put,0.0007724420018043,0.0006,0.0007,0.7103359991237383,-0.03513266625738867,1.4334580741528207,0.00005981684461680818,-0.0009422093618662996,2581,3786,2266.62
2026-08-20 01:53:12,okx,ETH,ETH-USD-260822-2000-C,2026-08-22,2000,call,0.117715350033256,0.1165,0.119,0.7761565759524856,0.8632353049726701,-0.9678281648815803,0.00003637381794054843,-0.0006212183733377963,4697,10109,2266.62
2026-08-20 01:53:12,okx,ETH,ETH-USD-260822-2000-P,2026-08-22,2000,put,0.0004306261327069,0.0003,0.0004,0.7761565759524856,-0.019395106423094974,0.7974326579099498,0.00003637381794054843,-0.0006260379732596305,8567,11560,2266.62
2026-08-20 01:53:12,okx,ETH,ETH-USD-260828-2050-C,2026-08-28,2050,call,0.1020261240534764,0.099,0.102,0.6129265593014838,0.7708459037223777,0.7174386822602047,0.0003131554436224492,-0.0011618434287752727,21938,6831,2266.62
2026-08-20 01:53:12,okx,ETH,ETH-USD-260828-2050-P,2026-08-28,2050,put,0.0060767509364127,0.0046,0.0047,0.6129265593014838,-0.13316234876477534,2.5254551872345106,0.0003131554436224492,-0.0011625675380224996,7755,8219,2266.62
2026-08-20 01:53:12,okx,ETH,ETH-USD-260820-1840-C,2026-08-20,1840,call,0.1887723241880754,0.187,0.1885,4.055732320337622,0.7882262740804789,-1.0672504678115629,0.00001441295917454655,-0.0029227552177957554,0,0,2266.62
2026-08-20 01:53:12,okx,ETH,ETH-USD-260820-1840-P,2026-08-20,1840,put,0.0009575617699361,,0.0031,4.055732320337622,-0.023991230020940495,0.5571845403912757,0.00001441295917454655,-0.0029227552177957554,1967,205,2266.62
2026-08-20 01:53:12,okx,ETH,ETH-USD-261225-1900-C,2026-12-25,1900,call,0.2213829973187248,0.218,0.2265,0.5522391130440707,0.5460363868289865,-0.15500970833741087,0.0018041683736172052,-0.00039147161867474794,7458,0,2266.62
2026-08-20 01:53:12,okx,ETH,ETH-USD-261225-1900-P,2026-12-25,1900,put,0.0524847898506404,0.051,0.0515,0.5522391130440707,-0.2850835832107426,1.5072302317420474,0.0018041683736172052,-0.00039147161867474794,10992,1032,2266.62
2026-08-20 01:53:12,okx,ETH,ETH-USD-260821-1860-P,2026-08-21,1860,put,0.0000363009991137,,,1.168433644912858,-0.0018329867845900726,0.087623081176998,0.000003372253807841658,-0.00015701407515780798,5760,2062,2266.62
2026-08-20 01:53:12,okx,ETH,ETH-USD-260821-1870-C,2026-08-21,1870,call,0.1745374318344648,0.173,0.1755,1.1397119896226053,0.8235717149782334,-1.558899691877708,0.00000345730540672987,-0.00014984618829763926,1924,160,2266.62
2026-08-20 01:53:12,okx,ETH,ETH-USD-260821-1825-P,2026-08-21,1825,put,0.000036246494839,,,1.2712238602699961,-0.0016931455512205142,0.07507030601411391,0.0000031325866206068907,-0.00015868630652647725,2323,1560,2266.62
2026-08-20 01:53:12,okx,ETH,ETH-USD-260821-1860-C,2026-08-21,1860,call,0.178951435006563,0.1775,0.1805,1.168433644912858,0.8192075653387612,-1.5544580230697043,0.000003372253807841658,-0.00014966169640379137,1081,41,2266.62
2026-08-20 01:53:12,okx,ETH,ETH-USD-260821-1825-C,2026-08-21,1825,call,0.1944009319460585,0.193,0.196,1.2712238602699961,0.8038977187633579,-1.5361114226150427,0.0000031325866206068907,-0.000150699009101737,0,0,2266.62
2026-08-20 01:53:12,okx,ETH,ETH-USD-260821-1925-P,2026-08-21,1925,put,0.0000397848641812,,0.0006,0.9892347795409354,-0.0023268196424281115,0.1281026011093563,0.000004198030120641378,-0.00016548515469623368,3575,3386,2266.62
2026-08-20 01:53:12,okx,ETH,ETH-USD-260821-1880-P,2026-08-21,1880,put,0.0000367074405272,,0.0006,1.1113502131343482,-0.001939740816153647,0.09688647608905164,0.0000035532460246961258,-0.0001573585904263813,4572,5950,2266.62
2026-08-20 01:53:12,okx,ETH,ETH-USD-260823-1960-P,2026-08-23,1960,put,0.0004457373082147,0.0003,0.0005,0.7396657718707285,-0.017736254720438886,0.647876511370533,0.000040392073808528654,-0.0004589720084984579,1850,2010,2266.62
2026-08-20 01:53:12,okx,ETH,ETH-USD-260821-1925-C,2026-08-21,1925,call,0.1502628947617718,0.1485,0.151,0.9892347795409354,0.8474060098400724,-1.5713630578556446,0.000004198030120641378,-0.0001593119106164182,5091,1258,2266.62
2026-08-20 01:53:12,okx,ETH,ETH-USD-260821-1870-P,2026-08-21,1870,put,0.0000364553823784,,,1.1397119896226053,-0.0018830336619098215,0.09200980540257846,0.00000345730540672987,-0.00015701716171716336,2280,994,2266.62
2026-08-20 01:53:12,okx,ETH,ETH-USD-260821-1880-C,2026-08-21,1880,call,0.1701235263372507,0.1685,0.1715,1.1113502131343482,0.8279292043407819,-1.5628514142248193,0.0000035532460246961258,-0.0001503690223413497,2507,0,2266.62
2026-08-20 01:53:12,okx,ETH,ETH-USD-260823-1960-C,2026-08-23,1960,call,0.135572333026775,0.134,0.137,0.7396657718707285,0.847144782342703,-1.0818855627557507,0.000040392073808528654,-0.0004589720084984579,195,195,2266.62
2026-08-20 01:53:12,okx,ETH,ETH-USD-260925-1600-C,2026-09-25,1600,call,0.2988374557800332,0.296,0.3,0.6666894292920598,0.6628928028405179,-0.9300354504695592,0.000262069523616333,-0.00024096022931669424,8659,0,2266.62
2026-08-20 01:53:12,okx,ETH,ETH-USD-260925-1400-P,2026-09-25,1400,put,0.0015630611271848,0.001,0.0012,0.7641614024306879,-0.018220782251193626,0.20847649271644614,0.00013057907402387557,-0.00013761442560439395,46977,12781,2266.62
2026-08-20 01:53:12,okx,ETH,ETH-USD-260925-1400-C,2026-09-25,1400,call,0.3849933128748282,0.383,0.386,0.7641614024306879,0.5983625433806582,-1.0246901585472574,0.00013057907402387557,-0.00013761442560439395,141,0,2266.62
2026-08-20 01:53:12,okx,ETH,ETH-USD-260821-1890-P,2026-08-21,1890,put,0.0000370809713899,,0.0006,1.0833879219255382,-0.0020046554410589473,0.10235173976604088,0.000003662550751761449,-0.0001581181991755468,6161,2979,2266.62
2026-08-20 01:53:12,okx,ETH,ETH-USD-260821-1970-P,2026-08-21,1970,put,0.0000491186194504,,0.0005,0.8787501219088498,-0.0031518147362504384,0.18934579717489405,0.000005529365265593338,-0.00019362193421715033,937,1435,2266.62
2026-08-20 01:53:12,okx,ETH,ETH-USD-260925-2000-C,2026-09-25,2000,call,0.1397367243537615,0.1375,0.142,0.534224750712231,0.6592100777821939,0.34970396146468397,0.0008851649779749643,-0.000652159022358358,35104,18170,2266.62
2026-08-20 01:53:12,okx,ETH,ETH-USD-260925-1800-P,2026-09-25,1800,put,0.0082996706470524,0.007,0.0075,0.5886934205758172,-0.0976880945764948,1.0661962032515215,0.0005092012253698023,-0.0004134127832947094,20871,6392,2266.62
2026-08-20 01:53:12,okx,ETH,ETH-USD-260925-1800-C,2026-09-25,1800,call,0.2155671371797367,0.2125,0.217,0.5886934205758172,0.6950618955216004,-0.5193037769446684,0.0005092012253698023,-0.0004134127832947094,10283,14,2266.62
2026-08-20 01:53:12,okx,ETH,ETH-USD-260821-1890-C,2026-08-21,1890,call,0.1657097423127506,0.164,0.1665,1.0833879219255382,0.8322784862326689,-1.5662145435814148,0.000003662550751761449,-0.00015131003642500766,1527,823,2266.62
2026-08-20 01:53:12,okx,ETH,ETH-USD-260821-1970-C,2026-08-21,1970,call,0.130408519517908,0.129,0.1315,0.8787501219088498,0.866444899071815,-1.5498476304412367,0.000005529365265593338,-0.00018826501414255097,618,618,2266.62
2026-08-20 01:53:12,okx,ETH,ETH-USD-260925-1600-P,2026-09-25,1600,put,0.0034885966398693,0.0026,0.0028,0.6666894292920598,-0.041773855024455686,0.47929786526038765,0.000262069523616333,-0.00024096022931669424,30913,8037,2266.62
2026-08-20 01:53:12,okx,ETH,ETH-USD-260925-2400-C,2026-09-25,2400,call,0.0391198992793038,0.0395,0.04,0.4923578826834474,0.3507577523929327,1.7708378848437065,0.0012091030006619475,-0.000821011941149353,46944,16798,2266.62
2026-08-20 01:53:12,okx,ETH,ETH-USD-260925-2200-P,2026-09-25,2200,put,0.0478886898907789,0.0475,0.048,0.5031451489952401,-0.4382443477483125,3.2966732503139844,0.0012095216070223925,-0.0008392902931130668,5092,6494,2266.62
2026-08-20 01:53:12,okx,ETH,ETH-USD-260925-2200-C,2026-09-25,2200,call,0.078993371208504,0.078,0.079,0.5031451489952401,0.5306723068160261,1.3588399411853072,0.0012095216070223925,-0.0008392902931130668,20005,10846,2266.62
2026-08-20 01:53:12,okx,ETH,ETH-USD-260925-2000-P,2026-09-25,2000,put,0.0205506504285567,0.019,0.0195,0.534224750712231,-0.2216232445490229,2.1113706061271174,0.0008851649779749643,-0.000652159022358358,20301,5896,2266.62
2026-08-20 01:53:12,okx,ETH,ETH-USD-260925-2800-C,2026-09-25,2800,call,0.0082095491322915,0.009,0.0095,0.5127973044054598,0.10378249454423105,0.9709533500436177,0.0006002800842237917,-0.0004245266393756683,16603,13977,2266.62
2026-08-20 01:53:12,okx,ETH,ETH-USD-260925-2600-P,2026-09-25,2600,put,0.1629675317830253,0.16,0.1655,0.4969472890173511,-0.9472599445282559,3.7637912647558984,0.0009226872885267118,-0.0006323683751688345,2834,23,2266.62
2026-08-20 01:53:12,okx,ETH,ETH-USD-260925-2600-C,2026-09-25,2600,call,0.0179094278857913,0.0185,0.019,0.4969472890173511,0.19782337450232607,1.4736246266947348,0.0009226872885267118,-0.0006323683751688345,22949,14243,2266.62
2026-08-20 01:53:12,okx,ETH,ETH-USD-260925-2400-P,2026-09-25,2400,put,0.0960966105690581,0.0965,0.0975,0.4923578826834474,-0.7062422344045274,3.884837858438627,0.0012091030006619475,-0.000821011941149353,4266,720,2266.62
2026-08-20 01:53:12,okx,ETH,ETH-USD-260925-3200-C,2026-09-25,3200,call,0.0021744079439695,0.0027,0.0028,0.5650967556221621,0.030892993595058087,0.3522736133633657,0.00023241145463630736,-0.00018112801270171218,11421,7171,2266.62
2026-08-20 01:53:12,okx,ETH,ETH-USD-260925-3000-P,2026-09-25,3000,put,0.3252435297340903,0.323,0.3295,0.5364494709037585,-1.2662669031878464,3.2279391052371156,0.0003705430509563479,-0.00027414023057194216,898,0,2266.62
2026-08-20 01:53:12,okx,ETH,ETH-USD-260925-3000-C,2026-09-25,3000,call,0.0040226406218974,0.0047,0.0048,0.5364494709037585,0.05498308030897884,0.5854391382434653,0.0003705430509563479,-0.00027414023057194216,18144,14149,2266.62
2026-08-20 01:53:12,okx,ETH,ETH-USD-260925-2800-P,2026-09-25,2800,put,0.2413490456370051,0.2395,0.244,0.5127973044054598,-1.1293841567194725,3.4372866525710246,0.0006002800842237917,-0.0004245266393756683,2929,10,2266.62
2026-08-20 01:53:12,okx,ETH,ETH-USD-260925-3600-C,2026-09-25,3600,call,0.0008488710974074,0.001,0.0012,0.6292740752551663,0.01219826293019623,0.14492187091753794,0.00010583171743591032,-0.0000918461514989532,9760,1100,2266.62
2026-08-20 01:53:12,okx,ETH,ETH-USD-260925-3400-P,2026-09-25,3400,put,0.4986837986513799,0.495,0.504,0.5965728860384603,-1.4786970599278415,3.2151259306051685,0.00015272262923517738,-0.0001256528034201389,130,0,2266.62
2026-08-20 01:53:12,okx,ETH,ETH-USD-260925-3400-C,2026-09-25,3400,call,0.0013001243242277,0.0016,0.0018,0.5965728860384603,0.018719588035227087,0.22029263467903176,0.00015272262923517738,-0.0001256528034201389,27965,2449,2266.62
2026-08-20 01:53:12,okx,ETH,ETH-USD-260925-3200-P,2026-09-25,3200,put,0.4114766896636418,0.4085,0.4155,0.5650967556221621,-1.3784403221348887,3.1709402448232593,0.00023241145463630736,-0.00018112801270171218,283,0,2266.62
2026-08-20 01:53:12,okx,ETH,ETH-USD-260925-4000-C,2026-09-25,4000,call,0.0004388520910134,0.0003,0.0007,0.6941404978271851,0.006148301066911874,0.0721213254923915,0.00005820414655336788,-0.0000557194200999347,17436,125,2266.62
2026-08-20 01:53:12,okx,ETH,ETH-USD-260925-3800-P,2026-09-25,3800,put,0.6741409160807214,0.67,0.6795,0.6620574428152939,-1.6651306566151256,3.447284882756015,0.00007695571356863015,-0.00007026544824746073,16,0,2266.62
2026-08-20 01:53:12,okx,ETH,ETH-USD-260925-3800-C,2026-09-25,3800,call,0.0005944565386102,0.0007,0.0009,0.6620574428152939,0.008452655814186331,0.10011825789739179,0.00007695571356863015,-0.00007026544824746073,9038,161,2266.62
2026-08-20 01:53:12,okx,ETH,ETH-USD-260925-3600-P,2026-09-25,3600,put,0.5863139380320388,0.583,0.5905,0.6292740752551663,-1.5733017172659942,3.315921831309919,0.00010583171743591032,-0.0000918461514989532,1230,0,2266.62
2026-08-20 01:53:12,okx,ETH,ETH-USD-260925-4400-C,2026-09-25,4400,call,0.0002653782642686,,0.0009,0.7543643389144297,0.0035980595331197673,0.04110724173927669,0.00003619348101769151,-0.000037654491219407777,18573,0,2266.62
2026-08-20 01:53:12,okx,ETH,ETH-USD-260925-4200-P,2026-09-25,4200,put,0.8500458972484147,0.8455,0.855,0.725012931979372,-1.8451102195262867,3.753235901317949,0.00004538002551748681,-0.000045374909121635696,0,0,2266.62
2026-08-20 01:53:12,okx,ETH,ETH-USD-260925-4200-C,2026-09-25,4200,call,0.0003366524913446,0.0002,0.0006,0.725012931979372,0.0046397573692687636,0.05373594752683832,0.00004538002551748681,-0.000045374909121635696,10236,0,2266.62
2026-08-20 01:53:12,okx,ETH,ETH-USD-260925-4000-P,2026-09-25,4000,put,0.7620667042406039,0.7575,0.768,0.6941404978271851,-1.7555183435955217,3.5954546148172586,0.00005820414655336788,-0.0000557194200999347,30,0,2266.62
2026-08-20 01:53:12,okx,ETH,ETH-USD-260925-5000-C,2026-09-25,5000,call,0.0001424016463372,,0.0003,0.832089510332055,0.0018518992100044175,0.020410197613488362,0.000019930173914666973,-0.000022871066411395367,26371,0,2266.62
2026-08-20 01:53:12,okx,ETH,ETH-USD-260925-2100-C,2026-09-25,2100,call,0.1069744195737195,0.1055,0.1065,0.5158987745144114,0.6058511964760518,0.8839449335483422,0.001073877022722396,-0.000764054478477714,20632,4249,2266.62
2026-08-20 01:53:12,okx,ETH,ETH-USD-260925-4500-P,2026-09-25,4500,put,0.9820687289262129,0.977,0.9875,0.7684130806250149,-1.9786815353973788,3.9999901533090365,0.00003253510517732224,-0.00003447880804784041,0,0,2266.62
2026-08-20 01:53:12,okx,ETH,ETH-USD-260925-2100-P,2026-09-25,2100,put,0.0318290419522545,0.031,0.0315,0.5158987745144114,-0.31902379197172587,2.733694910443897,0.001073877022722396,-0.000764054478477714,42492,52655,2266.62
2026-08-20 01:53:12,okx,ETH,ETH-USD-260925-4500-C,2026-09-25,4500,call,0.0002373952579236,,0.0008,0.7684130806250149,0.0031934398478588952,0.036240202818560385,0.00003253510517732224,-0.00003447880804784041,9118,0,2266.62
2026-08-20 01:53:12,okx,ETH,ETH-USD-260925-4400-P,2026-09-25,4400,put,0.9380560156288184,0.933,0.945,0.7543643389144297,-1.934235249595557,3.9167738599966304,0.00003619348101769151,-0.000037654491219407777,0,0,2266.62
2026-08-20 01:53:12,okx,ETH,ETH-USD-260821-1980-P,2026-08-21,1980,put,0.0000527778899265,,0.0005,0.8561175940294379,-0.003448943737265168,0.2106907705531387,0.000005997650672641431,-0.0002046107226480182,649,1349,2266.62
2026-08-20 01:53:12,okx,ETH,ETH-USD-260925-6000-C,2026-09-25,6000,call,0.0000557815609157,,,0.9289214793286734,0.0006991513023170769,0.007482906071987973,0.000008194508986660612,-0.00001049801575831452,14114,0,2266.62
2026-08-20 01:53:12,okx,ETH,ETH-USD-260925-5500-P,2026-09-25,5500,put,1.42232697056884,1.416,1.4295,0.8851688715132255,-2.4211649608616295,4.856761696373578,0.000012688717482074954,-0.00001548991875840121,0,0,2266.62
2026-08-20 01:53:12,okx,ETH,ETH-USD-260925-5500-C,2026-09-25,5500,call,0.0000886738631528,,,0.8851688715132255,0.0011266755492165968,0.012178423551885526,0.000012688717482074954,-0.00001548991875840121,6678,0,2266.62
2026-08-20 01:53:12,okx,ETH,ETH-USD-260821-1980-C,2026-08-21,1980,call,0.1259980212330213,0.1245,0.1275,0.8561175940294379,0.8705619665875924,-1.5373310500965764,0.000005997650672641431,-0.00019943520790791132,608,662,2266.62
2026-08-20 01:53:12,okx,ETH,ETH-USD-260925-5000-P,2026-09-25,5000,put,1.2021772168333253,1.1965,1.21,0.832089510332055,-2.2002314066180375,4.424576809269572,0.000019930173914666973,-0.000022871066411395367,0,0,2266.62
2026-08-20 01:53:12,okx,ETH,ETH-USD-260925-7000-C,2026-09-25,7000,call,0.0000219954431084,,,0.9945325180965618,0.00027398345126358644,0.002936821854713549,0.0000034424473035966543,-0.000004721625829968433,3332,0,2266.62
2026-08-20 01:53:12,okx,ETH,ETH-USD-260925-6500-P,2026-09-25,6500,put,1.8626803451128817,1.8495,1.8715,0.9648946330560981,-2.8622711695843077,5.730085019610957,0.0000053121653834899535,-0.000007068980075786233,0,0,2266.62
2026-08-20 01:53:12,okx,ETH,ETH-USD-260925-6500-C,2026-09-25,6500,call,0.000035085369797,,,0.9648946330560981,0.0004371279921467504,0.004668424458047631,0.0000053121653834899535,-0.000007068980075786233,3637,0,2266.62
2026-08-20 01:53:12,okx,ETH,ETH-USD-260925-6000-P,2026-09-25,6000,put,1.6424975597853018,1.6305,1.6505,0.9289214793286734,-2.6418008156913335,5.292482840059289,0.000008194508986660612,-0.00001049801575831452,0,0,2266.62
2026-08-20 01:53:12,okx,ETH,ETH-USD-260925-9000-C,2026-09-25,9000,call,0.0000033139571896,,,1.070997513229187,0.0000425830413710939,0.00047792180301672865,0.0000005990133516499626,-0.0000008847697064849375,2072,0,2266.62
2026-08-20 01:53:12,okx,ETH,ETH-USD-260925-8000-P,2026-09-25,8000,put,2.5232642659395284,2.506,2.535,1.0394777001219675,-3.52322545186208,7.047844378442922,0.000001438752618116513,-0.000002062559962475137,0,0,2266.62
2026-08-20 01:53:12,okx,ETH,ETH-USD-260925-8000-C,2026-09-25,8000,call,0.000008561640347,,,1.0394777001219675,0.00010783746278763375,0.0011777997931867,0.000001438752618116513,-0.000002062559962475137,1350,0,2266.62
2026-08-20 01:53:12,okx,ETH,ETH-USD-260925-7000-P,2026-09-25,7000,put,2.0828707367048915,2.0685,2.093,0.9945325180965618,-3.0826426447079953,6.168770078173231,0.0000034424473035966543,-0.000004721625829968433,1,0,2266.62
2026-08-20 01:53:12,okx,ETH,ETH-USD-260925-11000-C,2026-09-25,11000,call,0.0000005051975598,,,1.1103977114442536,0.000006824308087565578,0.00008153540068566359,0.00000010498190342851783,-0.00000016076750804370805,566,0,2266.62
2026-08-20 01:53:12,okx,ETH,ETH-USD-260925-10000-P,2026-09-25,10000,put,3.4040709176135535,3.3815,3.4205,1.093676386756206,-4.404149666441754,8.808529350667046,0.0000002498745965532106,-0.0000003768913939668459,0,0,2266.62
2026-08-20 01:53:12,okx,ETH,ETH-USD-260925-10000-C,2026-09-25,10000,call,0.0000012872395773,,,1.093676386756206,0.000016945214330306708,0.00019612735487789274,0.0000002498745965532106,-0.0000003768913939668459,545,0,2266.62
2026-08-20 01:53:12,okx,ETH,ETH-USD-260925-9000-P,2026-09-25,9000,put,2.9636659812937687,2.944,2.9775,1.070997513229187,-3.963707367449105,7.927977822783969,0.0000005990133516499626,-0.0000008847697064849375,0,0,2266.62
2026-08-20 01:53:12,okx,ETH,ETH-USD-260925-11000-P,2026-09-25,11000,put,3.844477098608934,3.819,3.863,1.1103977114442536,-4.844576448513606,9.68924808104407,0.00000010498190342851783,-0.00000016076750804370805,0,0,2266.62
2026-08-20 01:53:12,okx,ETH,ETH-USD-260821-1975-P,2026-08-21,1975,put,0.0000508488781431,,0.0005,0.8673392685620545,-0.003293186700283661,0.1995315160491937,0.000005752830663551128,-0.00019883115678933047,3065,3816,2266.62
2026-08-20 01:53:12,okx,ETH,ETH-USD-260820-1930-C,2026-08-20,1930,call,0.1485514685528742,0.147,0.1485,2.895360660116904,0.8350238421632641,-1.133909686856879,0.000010833604094901363,-0.0015683595551829403,7249,10640,2266.62
2026-08-20 01:53:12,okx,ETH,ETH-USD-260821-1910-P,2026-08-21,1910,put,0.0000383064964135,,0.0006,1.0288197718975838,-0.0021668730332926236,0.11555390901167498,0.000003933521790691035,-0.0001612631084181741,5383,6057,2266.62
2026-08-20 01:53:12,okx,ETH,ETH-USD-260821-1975-C,2026-08-21,1975,call,0.1282031709989193,0.1265,0.1295,0.8673392685620545,0.8685106253661778,-1.5440761080837293,0.000005752830663551128,-0.0001935649393819774,4395,3054,2266.62
2026-08-20 01:53:12,okx,ETH,ETH-USD-260821-1910-C,2026-08-21,1910,call,0.1568826527270485,0.1555,0.158,1.0288197718975838,0.8409446616740196,-1.5706691604029495,0.000003933521790691035,-0.0001548177563366199,2512,1035,2266.62
2026-08-20 01:53:12,okx,ETH,ETH-USD-260820-1930-P,2026-08-20,1930,put,0.000463157972978,,0.0031,2.895360660116904,-0.016921692030072554,0.5699813815297943,0.000010833604094901363,-0.0015683595551829403,6880,8421,2266.62
2026-08-20 01:53:12,okx,ETH,ETH-USD-270625-800-P,2027-06-25,800,put,0.0085444371274131,0.0085,0.01,0.7205626445076783,-0.034817299808346504,0.1614921403208226,0.0005608026397325686,-0.00006533342661099332,1402,218,2266.62
2026-08-20 01:53:12,okx,ETH,ETH-USD-270625-800-C,2027-06-25,800,call,0.6641210188909535,0.649,0.6825,0.7205626445076783,0.3096120499048117,-0.5273665591054939,0.0005608026397325686,-0.00006533342661099332,0,0,2266.62
2026-08-20 01:53:12,okx,ETH,ETH-USD-270625-900-P,2027-06-25,900,put,0.0116030309394039,0.011,0.013,0.6934123799511918,-0.0471774877088594,0.21704279247146463,0.0007208028947246482,-0.00008080937671884007,573,190,2266.62
2026-08-20 01:53:12,okx,ETH,ETH-USD-270625-900-C,2027-06-25,900,call,0.6241266854233868,0.608,0.644,0.6934123799511918,0.3403055307184436,-0.5579232443831413,0.0007208028947246482,-0.00008080937671884007,40,40,2266.62
2026-08-20 01:53:12,okx,ETH,ETH-USD-270625-600-P,2027-06-25,600,put,0.0044311934370047,,0.012,0.7945307853864647,-0.017762135598659117,0.08230110826821169,0.00031489449880660775,-0.00004045101717239322,234,200,2266.62
2026-08-20 01:53:12,okx,ETH,ETH-USD-270625-600-C,2027-06-25,600,call,0.74611362975966,0.7315,0.762,0.7945307853864647,0.2405598766862095,-0.43434291630152555,0.00031489449880660775,-0.00004045101717239322,0,0,2266.62
2026-08-20 01:53:12,okx,ETH,ETH-USD-270625-700-P,2027-06-25,700,put,0.0061987418028377,0.005,0.0075,0.7536156616303897,-0.025152088443281678,0.11698660152327896,0.00042577954141220515,-0.000051878612117326384,232,0,2266.62
2026-08-20 01:53:12,okx,ETH,ETH-USD-270625-700-C,2027-06-25,700,call,0.7048282508459356,0.69,0.722,0.7536156616303897,0.27622359255573176,-0.4857647604747478,0.00042577954141220515,-0.000051878612117326384,0,0,2266.62
2026-08-20 01:53:12,okx,ETH,ETH-USD-270625-1200-P,2027-06-25,1200,put,0.0265167218912513,0.0255,0.0265,0.635786869384763,-0.1041666059966591,0.4566876023863249,0.0013378483516925655,-0.00013752197036514762,1765,968,2266.62
2026-08-20 01:53:12,okx,ETH,ETH-USD-260820-1920-C,2026-08-20,1920,call,0.1530165025997999,0.1515,0.153,3.022850668355659,0.8296515321162837,-1.1216706381342838,0.000011342162129371574,-0.0017142831186684555,2954,2934,2266.62
2026-08-20 01:53:12,okx,ETH,ETH-USD-270625-1200-C,2027-06-25,1200,call,0.5098815945365618,0.5055,0.5345,0.635786869384763,0.41247741857307824,-0.5766004467531497,0.0013378483516925655,-0.00013752197036514762,440,0,2266.62
2026-08-20 01:53:12,okx,ETH,ETH-USD-270625-1300-P,2027-06-25,1300,put,0.0338876664179787,0.0315,0.0335,0.6221083557361976,-0.13072342934527542,0.5607859058805703,0.0015778034384389698,-0.000158698410352077,4148,1310,2266.62
2026-08-20 01:53:12,okx,ETH,ETH-USD-270625-1300-C,2027-06-25,1300,call,0.4741996117837317,0.469,0.5005,0.6221083557361976,0.4289742639386066,-0.5586094806871938,0.0015778034384389698,-0.000158698410352077,20,0,2266.62
2026-08-20 01:53:12,okx,ETH,ETH-USD-270625-1000-P,2027-06-25,1000,put,0.0155188153322599,0.0145,0.016,0.6708257648966314,-0.06263203277046049,0.284532752071072,0.0009052397681256888,-0.000098180898694857,1733,970,2266.62
2026-08-20 01:53:12,okx,ETH,ETH-USD-270625-1000-C,2027-06-25,1000,call,0.5849895425366853,0.568,0.6065,0.6708257648966314,0.3679046543709873,-0.5765406222118235,0.0009052397681256888,-0.000098180898694857,6,0,2266.62
2026-08-20 01:53:12,okx,ETH,ETH-USD-270625-1100-P,2027-06-25,1100,put,0.0204407417378709,0.02,0.021,0.6518503605595689,-0.0815340764740679,0.36442450407929117,0.001112081802732276,-0.00011720288125179573,11982,20,2266.62
2026-08-20 01:53:12,okx,ETH,ETH-USD-270625-1100-C,2027-06-25,1100,call,0.546858541662739,0.5285,0.57,0.6518503605595689,0.39205627938152465,-0.582756207631894,0.001112081802732276,-0.00011720288125179573,0,0,2266.62
2026-08-20 01:53:12,okx,ETH,ETH-USD-260821-1650-C,2026-08-21,1650,call,0.2716441074229289,0.27,0.273,1.7890325261114675,0.7272544904195396,-1.4207556534741943,0.0000020758384857311125,-0.0001368260683831748,0,0,2266.62
2026-08-20 01:53:12,okx,ETH,ETH-USD-260822-1870-P,2026-08-22,1870,put,0.0001650044045449,,0.0006,0.9960236099829618,-0.006528025385566947,0.241849753135821,0.000014077194443418809,-0.0003109216728102934,1396,1032,2266.62
2026-08-20 01:53:12,okx,ETH,ETH-USD-270625-1600-P,2027-06-25,1600,put,0.0649612582211918,0.0605,0.0635,0.5917403135076954,-0.23434229284928565,0.9321820739095119,0.0023238175866385907,-0.00022232424975700062,11183,614,2266.62
2026-08-20 01:53:12,okx,ETH,ETH-USD-260821-1600-P,2026-08-21,1600,put,0.0000268865589673,,,1.9235131532921415,-0.0008731066394532207,0.027355520404441988,0.0000016933694499241803,-0.0001297960833610955,3720,0,2266.62
2026-08-20 01:53:12,okx,ETH,ETH-USD-270625-1600-C,2027-06-25,1600,call,0.3761144217482725,0.371,0.4065,0.5917403135076954,0.4545164065770308,-0.4455353249431209,0.0023238175866385907,-0.00022232424975700062,20,0,2266.62
2026-08-20 01:53:12,okx,ETH,ETH-USD-260821-1700-C,2026-08-21,1700,call,0.2495765204911477,0.248,0.251,1.6459049007086988,0.7491276943619084,-1.4554213925123607,0.00000242355044465355,-0.0001486990737205212,0,0,2266.62
2026-08-20 01:53:12,okx,ETH,ETH-USD-270625-1700-P,2027-06-25,1700,put,0.0786017071028175,0.0735,0.0775,0.5843126852988467,-0.27649362874266953,1.0701921451207024,0.002560539187826897,-0.00024189694613955577,6959,2602,2266.62
2026-08-20 01:53:12,okx,ETH,ETH-USD-260821-1650-P,2026-08-21,1650,put,0.000031664752859,,,1.7890325261114675,-0.0010879348511752054,0.03592919706723514,0.0000020758384857311125,-0.00014798795916153335,3818,620,2266.62
2026-08-20 01:53:12,okx,ETH,ETH-USD-260822-1870-C,2026-08-22,1870,call,0.1748201987661186,0.173,0.1765,0.9960236099829618,0.8187314092694733,-1.4086691161742597,0.000014077194443418809,-0.0003037443615391298,0,0,2266.62
2026-08-20 01:53:12,okx,ETH,ETH-USD-270625-1700-C,2027-06-25,1700,call,0.3467019433503406,0.3415,0.3785,0.5843126852988467,0.4554187393977917,-0.3936325911602198,0.002560539187826897,-0.00024189694613955577,1270,0,2266.62
2026-08-20 01:53:12,okx,ETH,ETH-USD-260821-1550-C,2026-08-21,1550,call,0.3157752052508074,0.3145,0.317,2.0472520973222927,0.6835411480658312,-1.3485314188270745,0.0000013055530062596163,-0.00009353167764553182,0,0,2266.62
2026-08-20 01:53:12,okx,ETH,ETH-USD-270625-1400-P,2027-06-25,1400,put,0.042681819476706,0.0395,0.042,0.6104090877212881,-0.16129711627980134,0.6757136912632333,0.0018262748252539244,-0.00018023567904350155,1785,185,2266.62
2026-08-20 01:53:12,okx,ETH,ETH-USD-270625-1400-C,2027-06-25,1400,call,0.4399408375629016,0.435,0.4675,0.6104090877212881,0.44145424571822556,-0.5297890327328205,0.0018262748252539244,-0.00018023567904350155,40,0,2266.62
2026-08-20 01:53:12,okx,ETH,ETH-USD-260820-1920-P,2026-08-20,1920,put,0.0005141418156545,,0.0001,3.022850668355659,-0.017879776511284362,0.5733919791208523,0.000011342162129371574,-0.0017142831186684555,6663,9297,2266.62
2026-08-20 01:53:12,okx,ETH,ETH-USD-260821-1600-C,2026-08-21,1600,call,0.2937101170058517,0.2925,0.295,1.9235131532921415,0.7053983360473004,-1.3851873649690651,0.0000016933694499241803,-0.00011772716591027455,0,0,2266.62
2026-08-20 01:53:12,okx,ETH,ETH-USD-270625-1500-P,2027-06-25,1500,put,0.0530098782306779,0.049,0.052,0.600370891999796,-0.1958748855073513,0.8000733639657537,0.002077053073538621,-0.00020161408343108314,956,10,2266.62
2026-08-20 01:53:12,okx,ETH,ETH-USD-260821-1550-P,2026-08-21,1550,put,0.0000211870271087,,,2.0472520973222927,-0.000659312036961367,0.019869501378510714,0.0000013055530062596163,-0.00010650762176881513,3617,0,2266.62
2026-08-20 01:53:12,okx,ETH,ETH-USD-270625-1500-C,2027-06-25,1500,call,0.4072159690373161,0.402,0.436,0.600370891999796,0.4499301452048204,-0.4915366974585895,0.002077053073538621,-0.00020161408343108314,60,0,2266.62
2026-08-20 01:53:12,okx,ETH,ETH-USD-260821-1850-C,2026-08-21,1850,call,0.1833655148844858,0.1815,0.1845,1.1974756132696058,0.814838059518589,-1.5496079074314157,0.0000032959873591656355,-0.00014974368383646524,6483,93,2266.62
2026-08-20 01:53:12,okx,ETH,ETH-USD-260823-2200-P,2026-08-23,2200,put,0.0090865416235521,0.009,0.0095,0.551378320751955,-0.28484287233080624,6.986858078725904,0.0003155120845392647,-0.0026725153652889756,2159,2278,2266.62
2026-08-20 01:53:12,okx,ETH,ETH-USD-270625-2000-P,2027-06-25,2000,put,0.1299478799506724,0.1255,0.1295,0.5677144810154247,-0.42196708355905554,1.5010975292128208,0.0031610168194283117,-0.00029014188128148133,6,6,2266.62
2026-08-20 01:53:12,okx,ETH,ETH-USD-260821-1800-P,2026-08-21,1800,put,0.0000363902422084,,0.0001,1.346121352292501,-0.0016117174685545636,0.06787546900111782,0.0000029917488835657236,-0.0001604810317436314,24833,15027,2266.62
2026-08-20 01:53:12,okx,ETH,ETH-USD-260821-1990-C,2026-08-21,1990,call,0.1215884139689448,0.12,0.123,0.8342585412598279,0.874614453055159,-1.520455100505505,0.000006560934314440876,-0.00021311814360253968,0,0,2266.62
2026-08-20 01:53:12,okx,ETH,ETH-USD-270625-2000-C,2027-06-25,2000,call,0.2688893343595233,0.2645,0.305,0.5677144810154247,0.43910629072384,-0.2210492193529704,0.0031610168194283117,-0.00029014188128148133,3482,4,2266.62
2026-08-20 01:53:12,okx,ETH,ETH-USD-260821-1900-C,2026-08-21,1900,call,0.1612961071322714,0.1595,0.162,1.055864654661598,0.8366177129239349,-1.5688692167893392,0.0000037881475978931725,-0.00015275893643163885,9306,1194,2266.62
2026-08-20 01:53:12,okx,ETH,ETH-USD-260823-2150-P,2026-08-23,2150,put,0.004433337453606,0.0046,0.0047,0.5647575815642123,-0.1597923409966481,4.794546466776132,0.0002253585344933091,-0.0019551973773922217,2033,2780,2266.62
2026-08-20 01:53:12,okx,ETH,ETH-USD-270625-2100-P,2027-06-25,2100,put,0.1505196217625162,0.1455,0.15,0.5636882027843415,-0.475559333801139,1.6448097492411424,0.00331305425878271,-0.0003019403388365052,5,5,2266.62
2026-08-20 01:53:12,okx,ETH,ETH-USD-260821-1850-P,2026-08-21,1850,put,0.0000362233216735,,0.0004,1.1974756132696058,-0.0017882960879697458,0.08364480378170197,0.0000032959873591656355,-0.0001572774679249743,17534,780,2266.62
2026-08-20 01:53:12,okx,ETH,ETH-USD-260823-2200-C,2026-08-23,2200,call,0.0383102715117321,0.038,0.0395,0.551378320751955,0.6859419651890469,5.045288403686198,0.0003155120845392647,-0.0026725153652889756,1893,2089,2266.62
2026-08-20 01:53:12,okx,ETH,ETH-USD-270625-2100-C,2027-06-25,2100,call,0.2464081488918095,0.2415,0.284,0.5636882027843415,0.4285677091959012,-0.16344433675293799,0.00331305425878271,-0.0003019403388365052,673,0,2266.62
2026-08-20 01:53:12,okx,ETH,ETH-USD-260821-1750-C,2026-08-21,1750,call,0.2275071642867165,0.226,0.229,1.4970403927360207,0.77102712513681,-1.4891398504220759,0.000002723115892159843,-0.00015310004684679465,1012,1012,2266.62
2026-08-20 01:53:12,okx,ETH,ETH-USD-260823-1980-P,2026-08-23,1980,put,0.0005308264650176,0.0004,0.0006,0.7139011747424925,-0.02138481506876545,0.7868952892734626,0.00004737039279806705,-0.0005195168152746979,1609,3079,2266.62
2026-08-20 01:53:12,okx,ETH,ETH-USD-270625-1800-P,2027-06-25,1800,put,0.0939723088936712,0.089,0.093,0.5779207555783833,-0.32204730048942065,1.212210735132691,0.002781819242651394,-0.00025992666996292916,3634,1314,2266.62
2026-08-20 01:53:12,okx,ETH,ETH-USD-260821-1700-P,2026-08-21,1700,put,0.0000348655978923,,,1.6459049007086988,-0.0012857134927673523,0.0454054231969909,0.00000242355044465355,-0.00015895393782641742,7047,2612,2266.62
2026-08-20 01:53:12,okx,ETH,ETH-USD-260823-2150-C,2026-08-23,2150,call,0.055720164389782,0.055,0.057,0.5647575815642123,0.7889292047613903,2.8971033752600555,0.0002253585344933091,-0.0019551973773922217,903,1003,2266.62
2026-08-20 01:53:12,okx,ETH,ETH-USD-270625-1800-C,2027-06-25,1800,call,0.3190196178616369,0.314,0.3525,0.5779207555783833,0.4529187363651852,-0.337721338576521,0.002781819242651394,-0.00025992666996292916,1984,5,2266.62
2026-08-20 01:53:12,okx,ETH,ETH-USD-260821-1800-C,2026-08-21,1800,call,0.2054364695818351,0.204,0.207,1.346121352292501,0.7929436555540433,-1.5212352770440778,0.0000029917488835657236,-0.00015204022098265997,1776,0,2266.62
2026-08-20 01:53:12,okx,ETH,ETH-USD-270625-1900-P,2027-06-25,1900,put,0.1110897828321202,0.1065,0.11,0.572426401233109,-0.3706641977415736,1.3564068271917507,0.0029831400721101703,-0.00027608762812032203,1732,5,2266.62
2026-08-20 01:53:12,okx,ETH,ETH-USD-260821-1750-P,2026-08-21,1750,put,0.0000362971702756,,,1.4970403927360207,-0.0014572653018268761,0.055828930455197864,0.000002723115892159843,-0.00016244788428022847,6356,2580,2266.62
2026-08-20 01:53:12,okx,ETH,ETH-USD-260823-1980-C,2026-08-23,1980,call,0.1268321833643795,0.125,0.128,0.7139011747424925,0.8523215386991023,-0.9605174182622732,0.00004737039279806705,-0.0005195168152746979,0,0,2266.62
2026-08-20 01:53:12,okx,ETH,ETH-USD-270625-1900-C,2027-06-25,1900,call,0.2930841645205285,0.2885,0.3275,0.572426401233109,0.4473555078271771,-0.2796325839457509,0.0029831400721101703,-0.00027608762812032203,1018,0,2266.62
2026-08-20 01:53:12,okx,ETH,ETH-USD-260821-2050-C,2026-08-21,2050,call,0.0951686331834824,0.0935,0.097,0.7210897496757517,0.8962088178729467,-1.2411541897218425,0.00001366492489668339,-0.00038874776193129426,12530,18700,2266.62
2026-08-20 01:53:12,okx,ETH,ETH-USD-260822-1930-P,2026-08-22,1930,put,0.0002373541681702,,0.0003,0.8881242532697882,-0.010072292105260078,0.39644949683518915,0.00002064505424069165,-0.0004065875384006032,1645,2247,2266.62
2026-08-20 01:53:12,okx,ETH,ETH-USD-260822-1970-P,2026-08-22,1970,put,0.0003241423644957,0.0002,0.0004,0.8217367313671486,-0.014299229264360282,0.5802959188814845,0.0000280050334072024,-0.000510307771773435,1566,1696,2266.62
2026-08-20 01:53:12,okx,ETH,ETH-USD-270625-2600-P,2027-06-25,2600,put,0.2770590869434253,0.253,0.312,0.5513521753652347,-0.7645030687138276,2.314700443646536,0.0036703390979601,-0.00032718164099063433,199,209,2266.62
2026-08-20 01:53:12,okx,ETH,ETH-USD-260821-2000-P,2026-08-21,2000,put,0.0000629966211628,,0.0002,0.8132057405762184,-0.0042535042634023286,0.2675438044008837,0.000007241368135966587,-0.000234657626866847,3104,3609,2266.62
2026-08-20 01:53:12,okx,ETH,ETH-USD-260822-1980-C,2026-08-22,1980,call,0.1264654269081942,0.1245,0.128,0.8060961495441976,0.8580428675845477,-1.104457507339414,0.000030456274458629097,-0.0005392284687059956,0,0,2266.62
2026-08-20 01:53:12,okx,ETH,ETH-USD-270625-2600-C,2027-06-25,2600,call,0.1576829776749314,0.1575,0.163,0.5513521753652347,0.35489231785393666,0.07590967051100779,0.0036703390979601,-0.00032718164099063433,860,100,2266.62
2026-08-20 01:53:12,okx,ETH,ETH-USD-260820-1940-P,2026-08-20,1940,put,0.0004144864631552,,0.0031,2.768990896409913,-0.015941514088377323,0.5651788883746343,0.000010305841142193155,-0.0014268390151289793,1853,3643,2266.62
2026-08-20 01:53:12,okx,ETH,ETH-USD-260821-2025-P,2026-08-21,2025,put,0.0000842412115321,,0.0002,0.7643046094075098,-0.0058720482888793,0.37924096351863573,0.000009655590774042775,-0.0002940753483180232,3193,4025,2266.62
2026-08-20 01:53:12,okx,ETH,ETH-USD-260821-2100-C,2026-08-21,2100,call,0.0733068647453538,0.0715,0.0755,0.6532241702320781,0.9037664660460428,-0.39089340094267083,0.000031811220638276716,-0.0008250461516967069,9105,15168,2266.62
2026-08-20 01:53:12,okx,ETH,ETH-USD-260822-1860-P,2026-08-22,1860,put,0.0001565355331285,,0.0006,1.0146075403779284,-0.00611829725725205,0.22424636014905297,0.000013287900321560617,-0.00029896464123995705,1064,2296,2266.62
2026-08-20 01:53:12,okx,ETH,ETH-USD-270625-2800-P,2027-06-25,2800,put,0.337250195544295,0.3085,0.374,0.5490877627251979,-0.8838645333517989,2.551664508287517,0.0036470822339935483,-0.00032377324992407847,402,404,2266.62
2026-08-20 01:53:12,okx,ETH,ETH-USD-260821-2050-P,2026-08-21,2050,put,0.0001224927279279,,0.0003,0.7210897496757517,-0.008701468069456444,0.5686663821629637,0.00001366492489668339,-0.00039265343932995384,3452,3904,2266.62
2026-08-20 01:53:12,okx,ETH,ETH-USD-260822-1930-C,2026-08-22,1930,call,0.1484138698554248,0.147,0.15,0.8881242532697882,0.8416660548916531,-1.3070271971586374,0.00002064505424069165,-0.0004004984015983608,197,202,2266.62
2026-08-20 01:53:12,okx,ETH,ETH-USD-260822-1970-C,2026-08-22,1970,call,0.1308482056022044,0.129,0.1325,0.8217367313671486,0.8550917259604682,-1.1584859915681727,0.0000280050334072024,-0.00050494408461714,0,0,2266.62
2026-08-20 01:53:12,okx,ETH,ETH-USD-270625-2800-C,2027-06-25,2800,call,0.1317682317166861,0.132,0.1375,0.5490877627251979,0.32163819064425475,0.14065906029540973,0.0036470822339935483,-0.00032377324992407847,1190,2,2266.62
2026-08-20 01:53:12,okx,ETH,ETH-USD-260821-1950-C,2026-08-21,1950,call,0.1392315268016705,0.1375,0.141,0.9261988036259864,0.8580657683926747,-1.565041215945566,0.000004810603805862418,-0.00017182909566979356,22360,8871,2266.62
2026-08-20 01:53:12,okx,ETH,ETH-USD-260821-2010-P,2026-08-21,2010,put,0.000070079625022,,0.0005,0.7929907132370649,-0.00479887994554847,0.3055168683837781,0.000008066773123270936,-0.0002549068113387873,1137,1549,2266.62
2026-08-20 01:53:12,okx,ETH,ETH-USD-270625-2200-P,2027-06-25,2200,put,0.1727601062794104,0.1675,0.1725,0.5602655818725523,-0.5310417629327396,1.7863169157569598,0.003437921682578067,-0.00031141789634319913,5,10,2266.62
2026-08-20 01:53:12,okx,ETH,ETH-USD-260820-1940-C,2026-08-20,1940,call,0.1440887468388023,0.1425,0.144,2.768990896409913,0.8404182456707279,-1.147540631143576,0.000010305841142193155,-0.0014268390151289793,6926,10928,2266.62
2026-08-20 01:53:12,okx,ETH,ETH-USD-260821-1900-P,2026-08-21,1900,put,0.0000376033462737,,0.0006,1.055864654661598,-0.0020796252665849562,0.10852545959170058,0.0000037881475978931725,-0.0001593856938476855,14478,10948,2266.62
2026-08-20 01:53:12,okx,ETH,ETH-USD-260821-2025-C,2026-08-21,2025,call,0.1061657755554939,0.1045,0.108,0.7643046094075098,0.8880027463615433,-1.4085086257822093,0.000009655590774042775,-0.0002897161575831325,2021,2026,2266.62
2026-08-20 01:53:12,okx,ETH,ETH-USD-260822-1860-C,2026-08-22,1860,call,0.1792248430070886,0.1775,0.181,1.0146075403779284,0.8147279853408096,-1.4174462050470702,0.000013287900321560617,-0.0002916059675573066,0,0,2266.62
2026-08-20 01:53:12,okx,ETH,ETH-USD-270625-2200-C,2027-06-25,2200,call,0.2255957061291463,0.221,0.265,0.5602655818725523,0.4161389487784455,-0.1080445076654104,0.003437921682578067,-0.00031141789634319913,5790,85,2266.62
2026-08-20 01:53:12,okx,ETH,ETH-USD-260821-1990-P,2026-08-21,1990,put,0.0000573281812129,,0.0005,0.8342585412598279,-0.0038106537864908445,0.2363951131777948,0.000006560934314440876,-0.00021811225300815407,945,2048,2266.62
2026-08-20 01:53:12,okx,ETH,ETH-USD-260821-2000-C,2026-08-21,2000,call,0.1171799248535318,0.1155,0.1185,0.8132057405762184,0.8785857990950398,-1.4981348023160004,0.000007241368135966587,-0.0002298449227957251,44937,13313,2266.62
2026-08-20 01:53:12,okx,ETH,ETH-USD-270625-2400-P,2027-06-25,2400,put,0.2219968218409506,0.2145,0.223,0.5549615509471366,-0.6461491468869452,2.059108570475231,0.003605573154499852,-0.0003235123396984226,5,10,2266.62
2026-08-20 01:53:12,okx,ETH,ETH-USD-260821-1950-P,2026-08-21,1950,put,0.000043810792487,,0.0005,0.9261988036259864,-0.0027025523818062086,0.156495425603396,0.000004810603805862418,-0.00017754882641337786,4799,6573,2266.62
2026-08-20 01:53:12,okx,ETH,ETH-USD-260821-2010-C,2026-08-21,2010,call,0.112772850302028,0.111,0.1145,0.7929907132370649,0.8824546199296859,-1.4689901313666904,0.000008066773123270936,-0.0002502755126021579,0,0,2266.62
2026-08-20 01:53:12,okx,ETH,ETH-USD-270625-2400-C,2027-06-25,2400,call,0.1887265671315716,0.188,0.1935,0.5549615509471366,0.38713890225252934,-0.007467527803718132,0.003605573154499852,-0.0003235123396984226,6170,0,2266.62
2026-08-20 01:53:12,okx,ETH,ETH-USD-260821-2250-C,2026-08-21,2250,call,0.0179049131333491,0.018,0.0185,0.6121858074206565,0.5639750932606433,9.751104686170631,0.00022894605031530918,-0.005584414058127498,3406,7035,2266.62
2026-08-20 01:53:12,okx,ETH,ETH-USD-270625-3500-P,2027-06-25,3500,put,0.5783702173256293,0.536,0.6105,0.5483694359451584,-1.2906416869243127,3.256955157518253,0.0031392977988177052,-0.00027832960305152973,0,0,2266.62
2026-08-20 01:53:12,okx,ETH,ETH-USD-260821-2200-P,2026-08-21,2200,put,0.0039106316820501,0.0043,0.0044,0.5982743959093503,-0.2011719026634439,8.317263980180707,0.00016278174042354138,-0.0038806682306438793,1896,4332,2266.62
2026-08-20 01:53:12,okx,ETH,ETH-USD-260925-1500-C,2026-09-25,1500,call,0.3417127776536215,0.3395,0.343,0.7134299887157137,0.6330809161105779,-1.0043091142655352,0.00018555826495972834,-0.00018257316450910203,311,0,2266.62
2026-08-20 01:53:12,okx,ETH,ETH-USD-270625-3500-C,2027-06-25,3500,call,0.0715177625411182,0.0725,0.076,0.5483694359451584,0.21623671807075456,0.2431983475281189,0.0031392977988177052,-0.00027832960305152973,7163,75,2266.62
2026-08-20 01:53:12,okx,ETH,ETH-USD-260821-2300-C,2026-08-21,2300,call,0.0089519873186708,0.0085,0.009,0.6539838831630546,0.3440160452543259,9.00105567792438,0.00021782547365488327,-0.005676308339071655,13519,25838,2266.62
2026-08-20 01:53:12,okx,ETH,ETH-USD-260822-2025-P,2026-08-22,2025,put,0.0005665938370606,0.0004,0.0006,0.7415186456330844,-0.02576140786197431,1.0608734310236967,0.00004623453968465685,-0.0007602388079686768,1451,1655,2266.62
2026-08-20 01:53:12,okx,ETH,ETH-USD-260925-1500-P,2026-09-25,1500,put,0.0023232222097179,0.0017,0.0018,0.7134299887157137,-0.027544075637834814,0.3169408692312902,0.00018555826495972834,-0.00018257316450910203,28121,14855,2266.62
2026-08-20 01:53:12,okx,ETH,ETH-USD-270625-4000-P,2027-06-25,4000,put,0.7697412492398246,0.7275,0.799,0.5522820317489248,-1.5622555875525543,3.6874666359343244,0.00263425881398356,-0.0002352193251064535,0,0,2266.62
2026-08-20 01:53:12,okx,ETH,ETH-USD-260821-2250-P,2026-08-21,2250,put,0.0111419237850521,0.011,0.0115,0.6121858074206565,-0.429219123017604,11.737493118727127,0.00022894605031530918,-0.005584691628836308,3331,6686,2266.62
2026-08-20 01:53:12,okx,ETH,ETH-USD-270625-4000-C,2027-06-25,4000,call,0.0476241580575261,0.0485,0.0515,0.5522820317489248,0.1598911610132367,0.24317313880274247,0.00263425881398356,-0.0002352193251064535,2491,1686,2266.62
2026-08-20 01:53:12,okx,ETH,ETH-USD-260821-2150-C,2026-08-21,2150,call,0.052035233895134,0.05,0.054,0.6119164566599471,0.8776842405242277,1.9967260572082688,0.0000789268257620055,-0.001922438368128066,8094,9310,2266.62
2026-08-20 01:53:12,okx,ETH,ETH-USD-260822-1990-P,2026-08-22,1990,put,0.0003896536891711,0.0003,0.0005,0.790893793295904,-0.017446267509738073,0.7150431455559934,0.000033229642553539764,-0.000582782668131586,2471,3365,2266.62
2026-08-20 01:53:12,okx,ETH,ETH-USD-270625-3000-P,2027-06-25,3000,put,0.4018516227018668,0.3605,0.4375,0.5478892740114486,-1.0025994426020695,2.7708997597263805,0.0035544747475287036,-0.00031486317857364125,5,5,2266.62
2026-08-20 01:53:12,okx,ETH,ETH-USD-260821-2100-P,2026-08-21,2100,put,0.0003315120666136,0.0004,0.0006,0.6532241702320781,-0.023214802480321414,1.4630691361100574,0.000031811220638276716,-0.0008280448024229041,9663,17956,2266.62
2026-08-20 01:53:12,okx,ETH,ETH-USD-260822-2025-C,2026-08-22,2025,call,0.1068185349566435,0.105,0.1085,0.7415186456330844,0.8679018836762378,-0.7264531520527274,0.00004623453968465685,-0.0007558726140755597,0,0,2266.62
2026-08-20 01:53:12,okx,ETH,ETH-USD-270625-3000-C,2027-06-25,3000,call,0.110263804315143,0.111,0.116,0.5478892740114486,0.28901061882227375,0.18767963687769343,0.0035544747475287036,-0.00031486317857364125,2599,4193,2266.62
2026-08-20 01:53:12,okx,ETH,ETH-USD-260821-2200-C,2026-08-21,2200,call,0.0327444088071614,0.0325,0.034,0.5982743959093503,0.7699513310308425,6.375017512792135,0.00016278174042354138,-0.0038794836332626064,14216,20658,2266.62
2026-08-20 01:53:12,okx,ETH,ETH-USD-260822-1980-P,2026-08-22,1980,put,0.000354476782872,0.0002,0.0004,0.8060961495441976,-0.015761239697259708,0.643150707224201,0.000030456274458629097,-0.0005444107934508035,1801,2865,2266.62
2026-08-20 01:53:12,okx,ETH,ETH-USD-270625-3200-P,2027-06-25,3200,put,0.4701871978559856,0.4525,0.5035,0.547560500901989,-1.1196221407520246,2.9745863817250973,0.00341149732400589,-0.000302016583860748,2,4,2266.62
2026-08-20 01:53:12,okx,ETH,ETH-USD-260821-2150-P,2026-08-21,2150,put,0.0011306689932083,0.0014,0.0015,0.6119164566599471,-0.0713680105860975,3.894830559428919,0.0000789268257620055,-0.0019245299921818006,11389,15868,2266.62
2026-08-20 01:53:12,okx,ETH,ETH-USD-260822-1990-C,2026-08-22,1990,call,0.1220874907021068,0.1205,0.1235,0.790893793295904,0.8607709918290481,-1.0413913731215794,0.000033229642553539764,-0.0005777817057982649,0,0,2266.62
2026-08-20 01:53:12,okx,ETH,ETH-USD-270625-3200-C,2027-06-25,3200,call,0.0924935249101469,0.0935,0.098,0.547560500901989,0.2580952581006083,0.2191515840198311,0.00341149732400589,-0.000302016583860748,689,1015,2266.62
2026-08-20 01:53:12,okx,ETH,ETH-USD-270625-5500-P,2027-06-25,5500,put,1.3850494022941349,1.3385,1.408,0.5743439668765595,-2.299154896408909,4.895070565559044,0.0014441158957504503,-0.00013409968437976268,40,40,2266.62
2026-08-20 01:53:12,okx,ETH,ETH-USD-270625-5500-C,2027-06-25,5500,call,0.0171384019184747,0.017,0.0195,0.5743439668765595,0.06879688286905367,0.15916700700311925,0.0014441158957504503,-0.00013409968437976268,2780,740,2266.62
2026-08-20 01:53:12,okx,ETH,ETH-USD-260821-2350-C,2026-08-21,2350,call,0.0046249432129754,0.0041,0.0042,0.7236757965220744,0.19472355764683108,6.195654851322816,0.00016381938205496378,-0.004724004108363871,7985,15674,2266.62
2026-08-20 01:53:12,okx,ETH,ETH-USD-270625-4500-P,2027-06-25,4500,put,0.9701309951773034,0.927,0.9965,0.5583836791287331,-1.8185986402977479,4.093976744320463,0.0021610398622474727,-0.00019509634697354984,0,0,2266.62
2026-08-20 01:53:12,okx,ETH,ETH-USD-260821-2300-P,2026-08-21,2300,put,0.0242597857471883,0.0235,0.0245,0.6539838831630546,-0.6712491536078826,11.031586075648798,0.00021782547365488327,-0.005675678883108002,2704,3535,2266.62
2026-08-20 01:53:12,okx,ETH,ETH-USD-270625-4500-C,2027-06-25,4500,call,0.0327492675972178,0.0335,0.0365,0.5583836791287331,0.11881645183876724,0.21914656004743244,0.0021610398622474727,-0.00019509634697354984,1417,81,2266.62
2026-08-20 01:53:12,okx,ETH,ETH-USD-270625-5000-P,2027-06-25,5000,put,1.1759452517881084,1.1315,1.2,0.5659035405044798,-2.0631206931392527,4.493917399685283,0.0017629143010902545,-0.00016129735871297908,0,0,2266.62
2026-08-20 01:53:12,okx,ETH,ETH-USD-260821-2350-P,2026-08-21,2350,put,0.0420035294183072,0.0395,0.0425,0.7236757965220744,-0.8426126237993384,8.270327214215156,0.00016381938205496378,-0.004722467625727757,702,702,2266.62
2026-08-20 01:53:12,okx,ETH,ETH-USD-270625-5000-C,2027-06-25,5000,call,0.0232988878102356,0.0235,0.026,0.5659035405044798,0.08956274256798584,0.18855052827080607,0.0017629143010902545,-0.00016129735871297908,1660,270,2266.62
2026-08-20 01:53:12,okx,ETH,ETH-USD-260823-2250-P,2026-08-23,2250,put,0.017383346797661,0.0175,0.018,0.5533167716476108,-0.45245178610288456,8.438813894072068,0.0003717208228325711,-0.0031596956381067113,1881,3384,2266.62
2026-08-20 01:53:12,okx,ETH,ETH-USD-260821-2020-C,2026-08-21,2020,call,0.1083675796634405,0.1065,0.11,0.7736436319019775,0.886193186542008,-1.4312648800816723,0.000009072119669358336,-0.00027523118736109373,0,0,2266.62
2026-08-20 01:53:12,okx,ETH,ETH-USD-260823-2075-P,2026-08-23,2075,put,0.0015356697434053,0.0015,0.0016,0.6126115258539306,-0.061788358415500885,2.189556141510391,0.00011285836768155103,-0.0010621196765472965,1316,1401,2266.62
2026-08-20 01:53:12,okx,ETH,ETH-USD-260823-2250-C,2026-08-23,2250,call,0.024543979637845,0.0245,0.0255,0.5533167716476108,0.5403963431787834,6.453117635508733,0.0003717208228325711,-0.0031596956381067113,2112,2727,2266.62
2026-08-20 01:53:12,okx,ETH,ETH-USD-260823-2010-P,2026-08-23,2010,put,0.0007114953292709,0.0007,0.0008,0.6778005499744744,-0.029008320366633367,1.0707005107739924,0.00006120662301430763,-0.0006373160590510935,220,220,2266.62
2026-08-20 01:53:12,okx,ETH,ETH-USD-260823-2075-C,2026-08-23,2075,call,0.0859171422515751,0.084,0.088,0.6126115258539306,0.8538382496998151,0.35830292527975927,0.00011285836768155103,-0.0010621196765472965,50,100,2266.62
2026-08-20 01:53:12,okx,ETH,ETH-USD-260823-2010-C,2026-08-23,2010,call,0.1137749939998354,0.112,0.1155,0.6778005499744744,0.8579360084583234,-0.703188146875921,0.00006120662301430763,-0.0006373160590510935,0,0,2266.62
2026-08-20 01:53:12,okx,ETH,ETH-USD-260822-2010-P,2026-08-22,2010,put,0.0004785476515276,0.0004,0.0005,0.7619107198208936,-0.021656178527710797,0.89199210265073,0.000039943887657932896,-0.0006748643437677693,834,851,2266.62
2026-08-20 01:53:12,okx,ETH,ETH-USD-260822-2075-C,2026-08-22,2075,call,0.0852757912484401,0.0835,0.087,0.6829558847029247,0.8667048396064511,0.1242605160695729,0.00007837249536572071,-0.0011834420834068435,593,743,2266.62
2026-08-20 01:53:12,okx,ETH,ETH-USD-260821-2075-P,2026-08-21,2075,put,0.0001938795739425,0.0002,0.0004,0.6839543500049895,-0.013809017094782067,0.8963900575483015,0.000020426392584871777,-0.0005567125053165286,3829,3854,2266.62
2026-08-20 01:53:12,okx,ETH,ETH-USD-260822-2010-C,2026-08-22,2010,call,0.1133501584396903,0.1115,0.115,0.7619107198208936,0.8653873849250331,-0.8820950242547576,0.000039943887657932896,-0.000670226106257422,0,0,2266.62
2026-08-20 01:53:12,okx,ETH,ETH-USD-260821-2040-P,2026-08-21,2040,put,0.0001043774434533,,0.0003,0.7376667318143242,-0.007371703808790927,0.4804468935582963,0.000011809415901729283,-0.0003471375959836118,2437,2749,2266.62
2026-08-20 01:53:12,okx,ETH,ETH-USD-260821-2075-C,2026-08-21,2075,call,0.0842046261410899,0.0825,0.0855,0.6839543500049895,0.9021367601396015,-0.9355014969204658,0.000020426392584871777,-0.0005532603412541004,4725,4797,2266.62
2026-08-20 01:53:12,okx,ETH,ETH-USD-260821-2020-P,2026-08-21,2020,put,0.0000789665417973,,0.0002,0.7736436319019775,-0.005474509850018505,0.35207051270238054,0.000009072119669358336,-0.00027968108076323073,319,319,2266.62
2026-08-20 01:53:12,okx,ETH,ETH-USD-260821-2040-C,2026-08-21,2040,call,0.0995646754543708,0.098,0.101,0.7376667318143242,0.89312438561682,-1.3205452852929256,0.000011809415901729283,-0.00034305051325045984,0,0,2266.62
2026-08-20 01:53:12,okx,ETH,ETH-USD-260820-1990-P,2026-08-20,1990,put,0.0002147186996129,,0.0031,2.1624419771060692,-0.011009419686059365,0.5207267371300281,0.000007526350036594494,-0.0008137647626762867,908,908,2266.62
2026-08-20 01:53:12,okx,ETH,ETH-USD-260820-2010-C,2026-08-20,2010,call,0.1129334770669234,0.1115,0.1135,1.9361981410782159,0.8780659555800914,-1.2792712970044997,0.000006443694708494554,-0.0006238134858131346,149,149,2266.62
2026-08-20 01:53:12,okx,ETH,ETH-USD-260822-2250-P,2026-08-22,2250,put,0.0159597848237598,0.016,0.0165,0.6158272324749537,-0.4491104678873508,9.02393401687076,0.0003091169241403991,-0.0042207429076367466,5814,6867,2266.62
2026-08-20 01:53:12,okx,ETH,ETH-USD-260820-1990-C,2026-08-20,1990,call,0.1218187280540136,0.1205,0.122,2.1624419771060692,0.8674214679018888,-1.236135038045868,0.000007526350036594494,-0.0008137647626762867,0,0,2266.62
2026-08-20 01:53:12,okx,ETH,ETH-USD-260822-2200-P,2026-08-22,2200,put,0.0078245958529621,0.0075,0.0085,0.611655804070324,-0.2700112022105494,7.316031519069633,0.0002560256590473259,-0.0034723627714989386,852,2648,2266.62
2026-08-20 01:53:12,okx,ETH,ETH-USD-260822-2250-C,2026-08-22,2250,call,0.0229166809146467,0.023,0.0235,0.6158272324749537,0.5438487449328848,7.0380155912302875,0.0003091169241403991,-0.004220457368002084,4496,9568,2266.62
2026-08-20 01:53:12,okx,ETH,ETH-USD-260822-2075-P,2026-08-22,2075,put,0.0010894156907897,0.0009,0.0011,0.6829558847029247,-0.049024212216655115,1.9557186197157852,0.00007837249536572071,-0.0011869014652425263,1199,1255,2266.62
2026-08-20 01:53:12,okx,ETH,ETH-USD-260822-2200-C,2026-08-22,2200,call,0.0368470575057815,0.0365,0.0375,0.611655804070324,0.7008822503247922,5.3742446139989495,0.0002560256590473259,-0.0034711704198068416,2529,6010,2266.62
2026-08-20 01:53:12,okx,ETH,ETH-USD-260820-2125-P,2026-08-20,2125,put,0.0000331761245814,,0.0031,0.9264656018881062,-0.004348486575262682,0.5267396870860173,0.0000033495662556230323,-0.00015516289585399413,1021,2085,2266.62
2026-08-20 01:53:12,okx,ETH,ETH-USD-260820-2100-P,2026-08-20,2100,put,0.0000383118044561,,0.0031,1.0954380386578522,-0.004253888241383311,0.4375791413494842,0.0000032802810331284723,-0.00017966723105884035,1516,3267,2266.62
2026-08-20 01:53:12,okx,ETH,ETH-USD-260820-2125-C,2026-08-20,2125,call,0.0620475077216173,0.061,0.063,0.9264656018881062,0.9336744461505613,-1.3493061783656306,0.0000033495662556230323,-0.00015516289585399413,11671,15028,2266.62
2026-08-20 01:53:12,okx,ETH,ETH-USD-260820-2075-P,2026-08-20,2075,put,0.0000533840578588,,0.001,1.294953321398753,-0.004945335527903836,0.4244252830650368,0.000003746352303776001,-0.00024256756794523008,1671,3170,2266.62
2026-08-20 01:53:12,okx,ETH,ETH-USD-260820-2100-C,2026-08-20,2100,call,0.0730877689121152,0.072,0.0735,1.0954380386578522,0.9227334805700191,-1.4163955962733206,0.0000032802810331284723,-0.00017966723105884035,3997,6731,2266.62
2026-08-20 01:53:12,okx,ETH,ETH-USD-260820-2010-P,2026-08-20,2010,put,0.0001575681210211,,0.0031,1.9361981410782159,-0.009193383139393859,0.49524738043447075,0.000006443694708494554,-0.0006238134858131346,2555,2756,2266.62
2026-08-20 01:53:12,okx,ETH,ETH-USD-260820-2075-C,2026-08-20,2075,call,0.0841379666761411,0.083,0.085,1.294953321398753,0.9110064693690771,-1.4074783267289253,0.000003746352303776001,-0.00024256756794523008,615,1728,2266.62
2026-08-20 01:53:12,okx,ETH,ETH-USD-260823-2080-P,2026-08-23,2080,put,0.0016409372248138,0.0017,0.0018,0.6084479283923486,-0.06577116081015462,2.31536595010379,0.00011848505828416557,-0.0011074943766455486,1726,1763,2266.62
2026-08-20 01:53:12,okx,ETH,ETH-USD-260823-2125-C,2026-08-23,2125,call,0.0653977228189424,0.0645,0.067,0.5771238919278754,0.8210417861188712,1.887922228415687,0.0001816632509563421,-0.0016106110042406075,194,214,2266.62
2026-08-20 01:53:12,okx,ETH,ETH-USD-260823-2060-P,2026-08-23,2060,put,0.0012657392441043,0.0012,0.0013,0.6258754081978013,-0.0513798493035791,1.8509834449993008,0.00009756802450650912,-0.0009381017062578084,215,215,2266.62
2026-08-20 01:53:12,okx,ETH,ETH-USD-260823-2080-C,2026-08-23,2080,call,0.0838161000281839,0.0815,0.085,0.6084479283923486,0.8520617764813428,0.4797000755207954,0.00011848505828416557,-0.0011074943766455486,0,0,2266.62
2026-08-20 01:53:12,okx,ETH,ETH-USD-260823-2060-C,2026-08-23,2060,call,0.0922661408666728,0.09,0.094,0.6258754081978013,0.8576277712831925,0.03296820382575741,0.00009756802450650912,-0.0009381017062578084,0,0,2266.62
2026-08-20 01:53:12,okx,ETH,ETH-USD-260821-2060-P,2026-08-21,2060,put,0.0001457305042947,0.0002,0.0004,0.7054862387021272,-0.01038538752249379,0.678555248751707,0.000015952578721397185,-0.00044846860509685884,4276,9391,2266.62
2026-08-20 01:53:12,okx,ETH,ETH-USD-260821-2080-C,2026-08-21,2080,call,0.0820182635297907,0.0805,0.083,0.6772867223100298,0.9028946321059966,-0.8497455521130647,0.000022259173908787065,-0.0005973883326295663,2459,2469,2266.62
2026-08-20 01:53:12,okx,ETH,ETH-USD-260823-2300-P,2026-08-23,2300,put,0.0299229582737382,0.0295,0.0305,0.5708201037413019,-0.6277232388834925,8.433101475086092,0.00036534607741155157,-0.0032037471691446057,1070,1419,2266.62
2026-08-20 01:53:12,okx,ETH,ETH-USD-260821-2060-C,2026-08-21,2060,call,0.0907777134044865,0.089,0.0925,0.7054862387021272,0.8989390949367017,-1.1400937161666838,0.000015952578721397185,-0.00044474433303269177,556,556,2266.62
2026-08-20 01:53:12,okx,ETH,ETH-USD-260823-2175-P,2026-08-23,2175,put,0.0063780881041053,0.0065,0.007,0.5561534578006985,-0.2157944251848108,5.910283557220158,0.0002717029485310106,-0.002321365467446745,2807,3058,2266.62
2026-08-20 01:53:12,okx,ETH,ETH-USD-260823-2300-C,2026-08-23,2300,call,0.0150204940659265,0.0145,0.0155,0.5708201037413019,0.38718818215999035,6.403278632999126,0.00036534607741155157,-0.0032037471691446057,8011,8815,2266.62
2026-08-20 01:53:12,okx,ETH,ETH-USD-261225-1700-C,2026-12-25,1700,call,0.2875212435136242,0.2835,0.287,0.5785877457063382,0.5628214442121825,-0.4441606551343806,0.0013746902470053322,-0.00031251447367715296,5062,0,2266.62
2026-08-20 01:53:12,okx,ETH,ETH-USD-260823-2125-P,2026-08-23,2125,put,0.0030793473587685,0.0032,0.0033,0.5771238919278754,-0.11664811375825959,3.7633020281699485,0.0001816632509563421,-0.0016106110042406075,1565,1696,2266.62
2026-08-20 01:53:12,okx,ETH,ETH-USD-261225-1700-P,2026-12-25,1700,put,0.031138636831654,0.029,0.0295,0.5785877457063382,-0.18081221319178573,1.0431066596735559,0.0013746902470053322,-0.00031251447367715296,6291,1930,2266.62
2026-08-20 01:53:12,okx,ETH,ETH-USD-260823-2175-C,2026-08-23,2175,call,0.0466333665162833,0.046,0.0475,0.5561534578006985,0.743958766454135,3.9907771739422664,0.0002717029485310106,-0.002321365467446745,1075,1619,2266.62
2026-08-20 01:53:12,okx,ETH,ETH-USD-260822-2080-P,2026-08-22,2080,put,0.001171313122542,0.0011,0.0012,0.6779635042679986,-0.05251969075704738,2.081986832679934,0.00008279495062155387,-0.0012447097551861028,958,1493,2266.62
2026-08-20 01:53:12,okx,ETH,ETH-USD-260822-2125-C,2026-08-22,2125,call,0.0644681878058364,0.062,0.0665,0.6407517790874885,0.8384193433920206,1.7317610657811733,0.00013491748562863726,-0.0019143980418426317,582,1220,2266.62
2026-08-20 01:53:12,okx,ETH,ETH-USD-260822-2060-P,2026-08-22,2060,put,0.0008828999233432,0.0007,0.0009,0.6989097015550685,-0.04004269381945314,1.6219459505981204,0.00006656847063056752,-0.0010316897043976742,1480,2517,2266.62
2026-08-20 01:53:12,okx,ETH,ETH-USD-260822-2080-C,2026-08-22,2080,call,0.0831511321239991,0.081,0.085,0.6779635042679986,0.8654159370945482,0.24611557697674274,0.00008279495062155387,-0.0012413410545561636,253,277,2266.62
2026-08-20 01:53:12,okx,ETH,ETH-USD-260821-2125-P,2026-08-21,2125,put,0.0006018801012362,0.0007,0.0008,0.6291524290107613,-0.040513897516914484,2.4129068216960454,0.0000504336761530778,-0.0012644055907550104,4287,8476,2266.62
2026-08-20 01:53:12,okx,ETH,ETH-USD-260822-2060-C,2026-08-22,2060,call,0.0916889451495735,0.0895,0.0935,0.6989097015550685,0.8690666299181848,-0.19627269687715557,0.00006656847063056752,-0.001027958278944761,108,108,2266.62
2026-08-20 01:53:12,okx,ETH,ETH-USD-260821-2080-P,2026-08-21,2080,put,0.0002145957403247,0.0003,0.0004,0.6772867223100298,-0.01525824338678304,0.9865601988724946,0.000022259173908787065,-0.0006007497940247483,2149,3718,2266.62
2026-08-20 01:53:12,okx,ETH,ETH-USD-260821-2125-C,2026-08-21,2125,call,0.0625418388915692,0.0605,0.064,0.6291524290107613,0.8975028623014301,0.5368733020593563,0.0000504336761530778,-0.0012618604533650446,796,1111,2266.62
2026-08-20 01:53:12,okx,ETH,ETH-USD-260820-2150-P,2026-08-20,2150,put,0.000040149073092,,0.0002,0.790228169284808,-0.005992327381237527,0.8206878689602283,0.000004460005349584323,-0.0001762210931201235,4409,6549,2266.62
2026-08-20 01:53:12,okx,ETH,ETH-USD-260820-2175-C,2026-08-20,2175,call,0.0400216750406162,0.039,0.0405,0.6883680698623965,0.9477440996956294,-0.14423049497950735,0.00000841326327909655,-0.00028957109023379344,5675,6923,2266.62
2026-08-20 01:53:12,okx,ETH,ETH-USD-260820-2060-P,2026-08-20,2060,put,0.0000680155422665,,0.0036,1.4282245812408372,-0.00564305622774591,0.43349186142149176,0.000004208374200906516,-0.0003005251740397225,1221,1503,2266.62
2026-08-20 01:53:12,okx,ETH,ETH-USD-260820-2150-C,2026-08-20,2150,call,0.0510193551595048,0.05,0.052,0.790228169284808,0.943066169259008,-1.0774291243202625,0.000004460005349584323,-0.0001762210931201235,4802,8321,2266.62
2026-08-20 01:53:12,okx,ETH,ETH-USD-260822-2175-P,2026-08-22,2175,put,0.0052815294874291,0.005,0.0055,0.616643808748688,-0.19807138185142897,6.045255647252479,0.00021518749930469816,-0.002942348389078787,3996,4125,2266.62
2026-08-20 01:53:12,okx,ETH,ETH-USD-260820-2060-C,2026-08-20,2060,call,0.0907736734669226,0.0895,0.0915,1.4282245812408372,0.9036874103205823,-1.3851690716751646,0.000004208374200906516,-0.0003005251740397225,0,0,2266.62
2026-08-20 01:53:12,okx,ETH,ETH-USD-260822-2125-P,2026-08-22,2125,put,0.0023473778101184,0.0023,0.0024,0.6407517790874885,-0.09937546871597971,3.607350689997174,0.00013491748562863726,-0.00191695061162088,2216,3853,2266.62
2026-08-20 01:53:12,okx,ETH,ETH-USD-260822-2175-C,2026-08-22,2175,call,0.0453367739212147,0.0445,0.048,0.616643808748688,0.7617891905414654,4.12553450246669,0.00021518749930469816,-0.002940702631357973,1785,2441,2266.62
2026-08-20 01:53:12,okx,ETH,ETH-USD-260820-2200-P,2026-08-20,2200,put,0.000240260279864,0.0003,0.0005,0.6219403792553526,-0.03687015094205493,4.955244872992011,0.00002118830217454765,-0.0006588930345107589,8932,14517,2266.62
2026-08-20 01:53:12,okx,ETH,ETH-USD-260820-2175-P,2026-08-20,2175,put,0.0000775944648264,,0.0002,0.6883680698623965,-0.012349960859037347,1.7759576261298264,0.00000841326327909655,-0.00028957109023379344,2546,6883,2266.62
2026-08-20 01:53:12,okx,ETH,ETH-USD-260820-2200-C,2026-08-20,2200,call,0.0291492153450306,0.028,0.031,0.6219403792553526,0.9342594735270333,3.012985624053834,0.00002118830217454765,-0.0006588930345107589,4957,7703,2266.62
2026-08-20 01:53:12,okx,ETH,ETH-USD-261030-1100-P,2026-10-30,1100,put,0.0014192501286347,0.001,0.0013,0.7745261436189893,-0.012255562077927233,0.10803133876616818,0.00012628406140607998,-0.00006861874313204768,2496,1171,2266.62
2026-08-20 01:53:12,okx,ETH,ETH-USD-261030-1100-C,2026-10-30,1100,call,0.5177104208934207,0.5155,0.5205,0.7745261436189893,0.470683526839913,-0.8578468390695123,0.00012628406140607998,-0.00006297782445052126,0,0,2266.62
2026-08-20 01:53:12,okx,ETH,ETH-USD-261030-1200-P,2026-10-30,1200,put,0.002163260820019,0.0016,0.0019,0.736323698625393,-0.018731932822629714,0.1642198075563653,0.0001822040234037429,-0.00009411827511893077,6737,6566,2266.62
2026-08-20 01:53:12,okx,ETH,ETH-USD-261030-1200-C,2026-10-30,1200,call,0.4745516496147925,0.472,0.4775,0.736323698625393,0.5081107096331959,-0.8894654773552861,0.0001822040234037429,-0.00008895704786140053,0,0,2266.62
2026-08-20 01:53:12,okx,ETH,ETH-USD-261030-1450-P,2026-10-30,1450,put,0.005530985381596,0.0047,0.005,0.6465250777231479,-0.04811860372979069,0.41357961555613754,0.00040052934979851264,-0.00018164837867732143,2284,891,2266.62
2026-08-20 01:53:12,okx,ETH,ETH-USD-261030-1450-C,2026-10-30,1450,call,0.3681624192513386,0.365,0.3715,0.6465250777231479,0.5884829225709988,-0.8596234370454415,0.00040052934979851264,-0.0001776863799797817,0,0,2266.62
2026-08-20 01:53:12,okx,ETH,ETH-USD-261030-1500-P,2026-10-30,1500,put,0.006622548246224,0.006,0.0065,0.6304180955817937,-0.05749180865852378,0.490311318257684,0.0004619129591451904,-0.000204263732615651,10220,2886,2266.62
2026-08-20 01:53:12,okx,ETH,ETH-USD-261030-1500-C,2026-10-30,1500,call,0.3473025911309605,0.344,0.3505,0.6304180955817937,0.6010614944112584,-0.8267952878818804,0.0004619129591451904,-0.00020054157963010936,0,0,2266.62
2026-08-20 01:53:12,okx,ETH,ETH-USD-261030-1300-P,2026-10-30,1300,put,0.0031887323305787,0.0026,0.0029,0.6989504744259747,-0.027711837664479915,0.24161781205978664,0.00025405822665785203,-0.00012457029296978,7376,1529,2266.62
2026-08-20 01:53:12,okx,ETH,ETH-USD-261030-1300-C,2026-10-30,1300,call,0.43167433915534,0.429,0.4345,0.6989504744259747,0.5430343583293313,-0.8998745799278359,0.00025405822665785203,-0.000119888757136246,0,0,2266.62
2026-08-20 01:53:12,okx,ETH,ETH-USD-261030-1400-P,2026-10-30,1400,put,0.0046142235047746,0.004,0.0042,0.6633754227598812,-0.0401701344916409,0.34735787652567457,0.00034579613531934047,-0.0001609161875623394,2772,784,2266.62
2026-08-20 01:53:12,okx,ETH,ETH-USD-261030-1400-C,2026-10-30,1400,call,0.3891970483595234,0.386,0.392,0.6633754227598812,0.5744796150401558,-0.881941622537919,0.00034579613531934047,-0.0001567143431528016,0,0,2266.62
2026-08-20 01:53:12,okx,ETH,ETH-USD-261030-1650-P,2026-10-30,1650,put,0.0113462932548849,0.0105,0.011,0.5872408562253558,-0.09673489823861929,0.7951314346001179,0.0006897464000757264,-0.00028410082617666107,3479,867,2266.62
2026-08-20 01:53:12,okx,ETH,ETH-USD-261030-1650-C,2026-10-30,1650,call,0.2861721631846029,0.2835,0.29,0.5872408562253558,0.6276737351381412,-0.6536858321534029,0.0006897464000757264,-0.0002810982103271137,990,0,2266.62
2026-08-20 01:53:12,okx,ETH,ETH-USD-261030-1700-P,2026-10-30,1700,put,0.0135727020826172,0.0125,0.013,0.5747313563748975,-0.11448245747017737,0.9245035181969512,0.0007803815416766297,-0.0003145744535131537,3368,906,2266.62
2026-08-20 01:53:12,okx,ETH,ETH-USD-261030-1700-C,2026-10-30,1700,call,0.2664471810273289,0.263,0.2705,0.5747313563748975,0.6318779526755759,-0.5682173020945553,0.0007803815416766297,-0.0003118116833756045,100,0,2266.62
2026-08-20 01:53:12,okx,ETH,ETH-USD-261030-1550-P,2026-10-30,1550,put,0.0079255047843819,0.007,0.0075,0.6151288135256417,-0.06853492843697652,0.5787684598444632,0.000530411526914839,-0.00022886057888652362,5576,300,2266.62
2026-08-20 01:53:12,okx,ETH,ETH-USD-261030-1550-C,2026-10-30,1550,call,0.3266541566841122,0.3235,0.33,0.6151288135256417,0.6119701514017984,-0.7822416998330867,0.000530411526914839,-0.00022537827161298008,0,0,2266.62
2026-08-20 01:53:12,okx,ETH,ETH-USD-261030-1600-P,2026-10-30,1600,put,0.009483221560801,0.0085,0.009,0.6007195920683933,-0.08151905713515178,0.6800720187018484,0.0006063336577321748,-0.0002554839584087916,18268,28004,2266.62
2026-08-20 01:53:12,okx,ETH,ETH-USD-261030-1600-C,2026-10-30,1600,call,0.306260482475525,0.303,0.31,0.6007195920683933,0.6209377994726158,-0.724841694513687,0.0006063336577321748,-0.0002522414968472462,1340,0,2266.62
2026-08-20 01:53:12,okx,ETH,ETH-USD-261030-1850-P,2026-10-30,1850,put,0.0231129006373769,0.0225,0.023,0.5432411643035348,-0.18571724866376774,1.395578434006592,0.0010861117871897503,-0.00041376949328381,14028,11246,2266.62
2026-08-20 01:53:12,okx,ETH,ETH-USD-261030-1850-C,2026-10-30,1850,call,0.2101332066270701,0.208,0.214,0.5432411643035348,0.6264984917889637,-0.22885304689887084,0.0010861117871897503,-0.000411726260282255,2112,0,2266.62
2026-08-20 01:53:12,okx,ETH,ETH-USD-261030-1900-P,2026-10-30,1900,put,0.0274983526780974,0.027,0.0275,0.5347814172152349,-0.21618097488815682,1.575564647379625,0.0011934944557325067,-0.00044757056793203956,4179,1075,2266.62
2026-08-20 01:53:12,okx,ETH,ETH-USD-261030-1900-C,2026-10-30,1900,call,0.1925672676827844,0.1905,0.1965,0.5347814172152349,0.6179865423335673,-0.09277038706382332,0.0011934944557325067,-0.0004457671806424827,4956,0,2266.62
2026-08-20 01:53:12,okx,ETH,ETH-USD-261030-1750-P,2026-10-30,1750,put,0.0162275485241502,0.0155,0.016,0.5632186180352664,-0.13505633163319278,1.06823768015795,0.0008775437629962052,-0.0003466410249821826,2353,1320,2266.62
2026-08-20 01:53:12,okx,ETH,ETH-USD-261030-1750-C,2026-10-30,1750,call,0.2471506364838557,0.2445,0.2505,0.5632186180352664,0.6332558552815531,-0.46838669367154184,0.0008775437629962052,-0.00034411810055663146,350,0,2266.62
2026-08-20 01:53:12,okx,ETH,ETH-USD-261030-1800-P,2026-10-30,1800,put,0.0193822211216455,0.0185,0.019,0.5527195480423421,-0.1587267427142717,1.22572537290399,0.0009800349285680125,-0.00037989239506089166,1367,932,2266.62
2026-08-20 01:53:12,okx,ETH,ETH-USD-261030-1800-C,2026-10-30,1800,call,0.2283539180963449,0.226,0.232,0.5527195480423421,0.631537220969467,-0.35480255446348724,0.0009800349285680125,-0.00037760931634733857,100,0,2266.62
2026-08-20 01:53:12,okx,ETH,ETH-USD-261030-2050-P,2026-10-30,2050,put,0.0453460253098763,0.0455,0.046,0.5153762470891085,-0.32844694915203815,2.142442287768875,0.001494624369379844,-0.0005400256945470504,2590,321,2266.62
2026-08-20 01:53:12,okx,ETH,ETH-USD-261030-2050-C,2026-10-30,2050,call,0.1445607673595446,0.144,0.1455,0.5153762470891085,0.5715758983766642,0.34239659271147,0.001494624369379844,-0.0005389418443934878,1903,724,2266.62
2026-08-20 01:53:12,okx,ETH,ETH-USD-261030-2100-P,2026-10-30,2100,put,0.0530803277344664,0.053,0.054,0.5108206607866972,-0.3722518488180101,2.326517384366381,0.0015776096294389877,-0.0005649091316745368,2529,389,2266.62
2026-08-20 01:53:12,okx,ETH,ETH-USD-261030-2100-C,2026-10-30,2100,call,0.1303436787991289,0.13,0.1315,0.5108206607866972,0.5497227754796851,0.4825681357709908,0.0015776096294389877,-0.0005640651272329724,5243,971,2266.62
2026-08-20 01:53:12,okx,ETH,ETH-USD-261030-1950-P,2026-10-30,1950,put,0.032617051873662,0.0325,0.033,0.5273300727268677,-0.25017806136413206,1.7626267719233366,0.00129943895043142,-0.0004804770611841663,1917,2360,2266.62
2026-08-20 01:53:12,okx,ETH,ETH-USD-261030-1950-C,2026-10-30,1950,call,0.1757345758933428,0.174,0.1795,0.5273300727268677,0.6059412326265848,0.05038818394190284,0.00129943895043142,-0.0004789135196066075,1514,105,2266.62
2026-08-20 01:53:12,okx,ETH,ETH-USD-261030-2000-P,2026-10-30,2000,put,0.0385437894992694,0.0385,0.039,0.5208696296679767,-0.2876575548780151,1.9530019531622458,0.0014008782879237015,-0.000511597396759655,1331,1270,2266.62
2026-08-20 01:53:12,okx,ETH,ETH-USD-261030-2000-C,2026-10-30,2000,call,0.1597099225339439,0.158,0.164,0.5208696296679767,0.5904135158816944,0.19685981164282626,0.0014008782879237015,-0.0005102737008940943,2564,1593,2266.62
2026-08-20 01:53:12,okx,ETH,ETH-USD-261030-2300-P,2026-10-30,2300,put,0.0939397469346914,0.094,0.095,0.5012496735560708,-0.5683572090583026,2.9330532045537523,0.0017577746927742927,-0.0006172369748585905,0,0,2266.62
2026-08-20 01:53:12,okx,ETH,ETH-USD-261030-2300-C,2026-10-30,2300,call,0.083397534059329,0.0835,0.0845,0.5012496735560708,0.4414245223153635,0.9134897418064206,0.0017577746927742927,-0.0006173523532650184,7663,4554,2266.62
2026-08-20 01:53:12,okx,ETH,ETH-USD-261030-2400-P,2026-10-30,2400,put,0.1202250842008519,0.12,0.1215,0.5008162237688204,-0.6712102316491746,3.1289412935832814,0.0017466558027147778,-0.0006125076490590526,0,0,2266.62
2026-08-20 01:53:12,okx,ETH,ETH-USD-261030-2400-C,2026-10-30,2400,call,0.065780089355477,0.0655,0.0665,0.5008162237688204,0.38247505326247677,1.0215707237599787,0.0017466558027147778,-0.0006131027188894767,4489,323,2266.62
2026-08-20 01:53:12,okx,ETH,ETH-USD-261030-2150-P,2026-10-30,2150,put,0.0617892800849467,0.062,0.0625,0.5071690716992576,-0.41866685644694573,2.500961163009999,0.0016471368999741711,-0.0005855152581108232,1616,986,2266.62
2026-08-20 01:53:12,okx,ETH,ETH-USD-261030-2150-C,2026-10-30,2150,call,0.1171012401646027,0.117,0.118,0.5071690716992576,0.525259544619742,0.6131083608766238,0.0016471368999741711,-0.0005849110993812568,2334,780,2266.62
2026-08-20 01:53:12,okx,ETH,ETH-USD-261030-2200-P,2026-10-30,2200,put,0.0714991992723319,0.0715,0.0725,0.5043839923225101,-0.467197016905046,2.66201343938459,0.0017011014939288466,-0.000601289835259267,857,791,2266.62
2026-08-20 01:53:12,okx,ETH,ETH-USD-261030-2200-C,2026-10-30,2200,call,0.1048597683669819,0.105,0.106,0.5043839923225101,0.4986811609306344,0.7302570837132293,0.0017011014939288466,-0.0006009255222416988,4307,984,2266.62
2026-08-20 01:53:12,okx,ETH,ETH-USD-261030-2800-P,2026-10-30,2800,put,0.2545481667586224,0.249,0.2575,0.5130667989977256,-1.0423225160116927,3.360771834396112,0.0012781699402005617,-0.0004573891119893912,2120,120,2266.62
2026-08-20 01:53:12,okx,ETH,ETH-USD-261030-2800-C,2026-10-30,2800,call,0.0244920440331982,0.024,0.0245,0.5130667989977256,0.18697698305190086,0.9021728362689247,0.0012781699402005617,-0.0004599029475158002,8220,6314,2266.62
2026-08-20 01:53:12,okx,ETH,ETH-USD-261030-3000-P,2026-10-30,3000,put,0.333039853263947,0.3285,0.336,0.5253112497880783,-1.1909854339762735,3.3467165632904097,0.000989351025859273,-0.0003610505723439102,0,0,2266.62
2026-08-20 01:53:12,okx,ETH,ETH-USD-261030-3000-C,2026-10-30,3000,call,0.0151781665984979,0.0145,0.015,0.5253112497880783,0.1261211721632911,0.7125033510112807,0.000989351025859273,-0.0003645237907183116,2851,4242,2266.62
2026-08-20 01:53:12,okx,ETH,ETH-USD-261030-2500-P,2026-10-30,2500,put,0.1498807169087824,0.1495,0.1515,0.5019935825965666,-0.7720540095907612,3.255765006353744,0.0016773966060733465,-0.0005892298853118042,447,447,2266.62
2026-08-20 01:53:12,okx,ETH,ETH-USD-261030-2500-C,2026-10-30,2500,call,0.0515329400933951,0.0515,0.052,0.5019935825965666,0.32553482885887586,1.06058732945447,0.0016773966060733465,-0.0005903046465662244,9161,7483,2266.62
2026-08-20 01:53:12,okx,ETH,ETH-USD-261030-2600-P,2026-10-30,2600,put,0.1824648550264478,0.1815,0.1845,0.5045343016050783,-0.8683489548949863,3.3259733976929184,0.0015653474150242827,-0.0005521949779216731,2130,130,2266.62
2026-08-20 01:53:12,okx,ETH,ETH-USD-261030-2600-C,2026-10-30,2600,call,0.0402142962410481,0.04,0.0405,0.5045343016050783,0.2731434370926363,1.0429886137176727,0.0015653474150242827,-0.0005537494306000896,6518,4621,2266.62
2026-08-20 01:53:12,okx,ETH,ETH-USD-261030-3200-P,2026-10-30,3200,put,0.415387795864724,0.408,0.4205,0.5404005245617092,-1.3192286761723777,3.348406672789164,0.0007489692150169342,-0.000279472757584761,100,0,2266.62
2026-08-20 01:53:12,okx,ETH,ETH-USD-261030-3200-C,2026-10-30,3200,call,0.0097205452592504,0.009,0.0095,0.5404005245617092,0.08568503704315755,0.5385792463580933,0.0007489692150169342,-0.00028390535880715476,3245,1929,2266.62
2026-08-20 01:53:12,okx,ETH,ETH-USD-260822-1940-C,2026-08-22,1940,call,0.144018366923588,0.1425,0.1455,0.8710103496813779,0.8452167582901655,-1.2781427113780353,0.00002218346460052927,-0.0004225586489322885,824,164,2266.62
2026-08-20 01:53:12,okx,ETH,ETH-USD-260822-1940-P,2026-08-22,1940,put,0.0002549643487197,0.0001,0.0003,0.8710103496813779,-0.010934740763726586,0.43416028672974893,0.00002218346460052927,-0.000428466423323044,1390,2715,2266.62
2026-08-20 01:53:12,okx,ETH,ETH-USD-260822-2150-C,2026-08-22,2150,call,0.0546100296870764,0.054,0.057,0.6263641793664634,0.8074013110437971,2.860031180646221,0.000173143516386598,-0.0024027161327441694,5768,10360,2266.62
2026-08-20 01:53:12,okx,ETH,ETH-USD-260822-2150-P,2026-08-22,2150,put,0.0035220024723247,0.0036,0.0037,0.6263641793664634,-0.14142638120665058,4.757686565147115,0.000173143516386598,-0.0024048152964937005,1064,1362,2266.62
2026-08-20 01:53:12,okx,ETH,ETH-USD-260821-2175-C,2026-08-21,2175,call,0.0420003303461764,0.0415,0.0435,0.6016161754253413,0.8371387449302882,4.023919473800439,0.00011784622978672113,-0.0028235029135896296,4436,6670,2266.62
2026-08-20 01:53:12,okx,ETH,ETH-USD-260904-2350-P,2026-09-04,2350,put,0.0627258176464965,0.0625,0.0635,0.5068134693492579,-0.6779026566186667,5.041574287970781,0.0007807069172297068,-0.0012945577866090613,20,20,2266.62
2026-08-20 01:53:12,okx,ETH,ETH-USD-260904-2400-C,2026-09-04,2400,call,0.0199606587385624,0.02,0.0205,0.5130857226900406,0.29209223086797137,2.7877226522422496,0.0007230649358869476,-0.0012152570262971174,609,609,2266.62
2026-08-20 01:53:12,okx,ETH,ETH-USD-260822-2350-P,2026-08-22,2350,put,0.0450835298152131,0.0425,0.046,0.6763902345682515,-0.7904692471582578,7.61508144364275,0.000252124664511467,-0.003779849681082307,527,527,2266.62
2026-08-20 01:53:12,okx,ETH,ETH-USD-260904-2350-C,2026-09-04,2350,call,0.026321887358866,0.026,0.0265,0.5068134693492579,0.3579583881208291,2.9698521984917896,0.0007807069172297068,-0.001295909070159508,344,2008,2266.62
2026-08-20 01:53:12,okx,ETH,ETH-USD-260822-2300-P,2026-08-22,2300,put,0.028607282702366,0.028,0.029,0.6382342547130383,-0.6365386346087217,8.932191200845347,0.0003019680882257887,-0.0042726407398750825,1725,1908,2266.62
2026-08-20 01:53:12,okx,ETH,ETH-USD-260822-2350-C,2026-08-22,2350,call,0.0079092947822351,0.0075,0.008,0.6763902345682515,0.24662148623176602,5.540899976862701,0.000252124664511467,-0.003781377765562513,1385,2179,2266.62
2026-08-20 01:53:12,okx,ETH,ETH-USD-260821-2175-P,2026-08-21,2175,put,0.0021311593326579,0.0024,0.0025,0.6016161754253413,-0.12294899747201748,5.944094958605051,0.00011784622978672113,-0.0028251410243071333,2886,4462,2266.62
2026-08-20 01:53:12,okx,ETH,ETH-USD-260822-2300-C,2026-08-22,2300,call,0.0134986132313203,0.013,0.0135,0.6382342547130383,0.37848633849640806,6.902141254635087,0.0003019680882257887,-0.0042732620122978545,6306,10017,2266.62
2026-08-20 01:53:12,okx,ETH,ETH-USD-260904-2500-P,2026-09-04,2500,put,0.1140159879724476,0.112,0.115,0.5319675872410572,-0.9141803578061694,4.3965778921878735,0.0005709902424522991,-0.0009913567203318151,0,0,2266.62
2026-08-20 01:53:12,okx,ETH,ETH-USD-260904-2450-P,2026-09-04,2450,put,0.0955995767138478,0.095,0.0965,0.5215306882938022,-0.8448194841769645,4.6708027572064985,0.0006497966602284435,-0.0011072192729559968,0,0,2266.62
2026-08-20 01:53:12,okx,ETH,ETH-USD-260904-2500-C,2026-09-04,2500,call,0.0114947254773027,0.011,0.0115,0.5319675872410572,0.1877994770230814,2.1926182225293713,0.0005709902424522991,-0.0009951607392490092,1278,3189,2266.62
2026-08-20 01:53:12,okx,ETH,ETH-USD-260904-2400-P,2026-09-04,2400,put,0.0784036997620311,0.078,0.079,0.5130857226900406,-0.7658084105681094,4.9035239351144115,0.0007230649358869476,-0.0012130881642910883,8,8,2266.62
2026-08-20 01:53:12,okx,ETH,ETH-USD-260904-2450-C,2026-09-04,2450,call,0.015117424954541,0.015,0.0155,0.5215306882938022,0.23512075395570126,2.510922280941168,0.0006497966602284435,-0.0011102057134176084,2271,2313,2266.62
2026-08-20 01:53:12,okx,ETH,ETH-USD-260821-1930-C,2026-08-21,1930,call,0.1480564449979126,0.1465,0.149,0.9763210417547379,0.849550348717583,-1.5709458888485486,0.000004301166821706604,-0.0001612548636150631,5174,1553,2266.62
2026-08-20 01:53:12,okx,ETH,ETH-USD-260820-2050-P,2026-08-20,2050,put,0.0000805356022188,,0.0038,1.522326739198316,-0.0062120089033558,0.4434120994533893,0.00000457895989453077,-0.00034853365425804454,7688,10543,2266.62
2026-08-20 01:53:12,okx,ETH,ETH-USD-260821-1930-P,2026-08-21,1930,put,0.0000404138780034,,0.0006,0.9763210417547379,-0.002389579023313653,0.1329339666332446,0.000004301166821706604,-0.00016733740502763232,6544,7460,2266.62
2026-08-20 01:53:12,okx,ETH,ETH-USD-260820-2050-C,2026-08-20,2050,call,0.0952002437311241,0.094,0.096,1.522326739198316,0.8987042320792038,-1.3664203825117298,0.00000457895989453077,-0.00034853365425804454,2503,3834,2266.62
2026-08-20 01:53:12,okx,ETH,ETH-USD-260821-2110-C,2026-08-21,2110,call,0.0689795413546299,0.067,0.0705,0.6427848058178178,0.9024771628713949,-0.07484891946074351,0.00003822934850943816,-0.000976386971442948,626,626,2266.62
2026-08-20 01:53:12,okx,ETH,ETH-USD-260822-2110-P,2026-08-22,2110,put,0.0018487544250871,0.0018,0.0019,0.6515739918647442,-0.08019682097949979,3.0178129901265844,0.00011501119923985061,-0.0016617234027018588,578,765,2266.62
2026-08-20 01:53:12,okx,ETH,ETH-USD-260821-2110-P,2026-08-21,2110,put,0.0004183462312526,0.0004,0.0006,0.6427848058178178,-0.028918302171761456,1.7879420106255695,0.00003822934850943816,-0.0009792042168346527,5669,7745,2266.62
2026-08-20 01:53:12,okx,ETH,ETH-USD-260822-2110-C,2026-08-22,2110,call,0.070589234089385,0.0685,0.0725,0.6515739918647442,0.8509782630430324,1.15546282208152,0.00011501119923985061,-0.0016588987893063803,477,609,2266.62
2026-08-20 01:53:12,okx,ETH,ETH-USD-260821-2090-P,2026-08-21,2090,put,0.0002652608780186,0.0003,0.0004,0.6647297374005139,-0.01874971669826132,1.1993208167742113,0.000026548696618710742,-0.0007032341974542526,3403,3674,2266.62
2026-08-20 01:53:12,okx,ETH,ETH-USD-261225-600-P,2026-12-25,600,put,0.0006795530397973,,0.0014,0.9323806916818791,-0.004094629611347412,0.026862993082498784,0.000060702351968030184,-0.000022237954793607483,12557,0,2266.62
2026-08-20 01:53:12,okx,ETH,ETH-USD-260821-2090-C,2026-08-21,2090,call,0.0776547711121216,0.076,0.079,0.6647297374005139,0.9038173553113106,-0.6458133272449323,0.000026548696618710742,-0.0007000541413935628,579,579,2266.62
2026-08-20 01:53:12,okx,ETH,ETH-USD-261225-600-C,2026-12-25,600,call,0.7382263553981399,0.7355,0.741,0.9323806916818791,0.2583643082959355,-0.49805488273206694,0.000060702351968030184,-0.000022237954793607483,7,0,2266.62
2026-08-20 01:53:12,okx,ETH,ETH-USD-261225-1000-P,2026-12-25,1000,put,0.0038056070214091,0.003,0.0033,0.7626695463160481,-0.02344578889680307,0.15276417321831953,0.0002815146803806225,-0.00008435940456402053,15653,1552,2266.62
2026-08-20 01:53:12,okx,ETH,ETH-USD-261225-1000-C,2026-12-25,1000,call,0.5663836109519798,0.5625,0.569,0.7626695463160481,0.4139857742820017,-0.72209895313929,0.0002815146803806225,-0.00008435940456402053,0,0,2266.62
2026-08-20 01:53:12,okx,ETH,ETH-USD-261225-800-P,2026-12-25,800,put,0.0018144528459762,0.0013,0.0016,0.8432869822803422,-0.011009810296218248,0.0717607660870457,0.00014624204822188383,-0.000048455570419761396,18524,0,2266.62
2026-08-20 01:53:12,okx,ETH,ETH-USD-261225-800-C,2026-12-25,800,call,0.6518768559904327,0.6485,0.6545,0.8432869822803422,0.3389354402468256,-0.628129734999042,0.00014624204822188383,-0.000048455570419761396,905,0,2266.62
2026-08-20 01:53:12,okx,ETH,ETH-USD-261225-1400-P,2026-12-25,1400,put,0.0132511011466164,0.0115,0.012,0.6385367259700998,-0.08148195368518218,0.5121223975120026,0.0007773016154210751,-0.00019501656591942523,11178,11617,2266.62
2026-08-20 01:53:12,okx,ETH,ETH-USD-261225-1400-C,2026-12-25,1400,call,0.4008603066494155,0.3955,0.4045,0.6385367259700998,0.5309222347651446,-0.712685979388651,0.0007773016154210751,-0.00019501656591942523,380,0,2266.62
2026-08-20 01:53:12,okx,ETH,ETH-USD-261225-1200-P,2026-12-25,1200,put,0.0072447858668662,0.006,0.0065,0.6940637810065605,-0.044980652319794895,0.29048653193182944,0.0004852320530527495,-0.0001323259182556827,7186,1805,2266.62
2026-08-20 01:53:12,okx,ETH,ETH-USD-261225-1200-C,2026-12-25,1200,call,0.4823383905835511,0.478,0.4855,0.6940637810065605,0.4799372234947709,-0.7593492196973021,0.0004852320530527495,-0.0001323259182556827,250,0,2266.62
2026-08-20 01:53:12,okx,ETH,ETH-USD-261225-1800-P,2026-12-25,1800,put,0.0406644983320838,0.039,0.0395,0.564183719200477,-0.22897618126590147,1.2680734415213804,0.0015934981523624365,-0.00035323860980597814,35918,20625,2266.62
2026-08-20 01:53:12,okx,ETH,ETH-USD-261225-1800-C,2026-12-25,1800,call,0.253304905407111,0.2495,0.253,0.564183719200477,0.5584006324559472,-0.306680185922317,0.0015934981523624365,-0.00035323860980597814,9788,5,2266.62
2026-08-20 01:53:12,okx,ETH,ETH-USD-261225-1600-P,2026-12-25,1600,put,0.0236062247246965,0.0215,0.022,0.5956552168102633,-0.14055036155943182,0.8395810929324158,0.0011598022438796844,-0.0002714406881054146,27667,2631,2266.62
2026-08-20 01:53:12,okx,ETH,ETH-USD-261225-1600-C,2026-12-25,1600,call,0.3237310310136098,0.3195,0.323,0.5956552168102633,0.5593401395266558,-0.5601999092397596,0.0011598022438796844,-0.0002714406881054146,2809,0,2266.62
2026-08-20 01:53:12,okx,ETH,ETH-USD-261225-2200-P,2026-12-25,2200,put,0.1038703314632117,0.1035,0.104,0.529114040350804,-0.493984087068507,2.216145909405549,0.002265643572591418,-0.00047101737473271394,2153,993,2266.62
2026-08-20 01:53:12,okx,ETH,ETH-USD-261225-2200-C,2026-12-25,2200,call,0.1415419401104673,0.141,0.142,0.529114040350804,0.4683653519248635,0.2914470314188079,0.002265643572591418,-0.00047101737473271394,12965,6162,2266.62
2026-08-20 01:53:12,okx,ETH,ETH-USD-261225-2000-P,2026-12-25,2000,put,0.0668533846996471,0.0655,0.0665,0.5425473126218546,-0.3486643979239714,1.751386052705365,0.001993806013657354,-0.0004250270506688344,7739,5766,2266.62
2026-08-20 01:53:12,okx,ETH,ETH-USD-261225-2000-C,2026-12-25,2000,call,0.1920093925607885,0.1905,0.192,0.5425473126218546,0.5261987284336382,0.001659799990145705,0.001993806013657354,-0.0004250270506688344,11165,9178,2266.62
2026-08-20 01:53:12,okx,ETH,ETH-USD-261225-2600-P,2026-12-25,2600,put,0.210260805706393,0.21,0.2135,0.520223511947647,-0.8148982425634954,2.88363981751338,0.0022741250065676415,-0.0004648366510230692,1760,0,2266.62
2026-08-20 01:53:12,okx,ETH,ETH-USD-261225-2600-C,2026-12-25,2600,call,0.0729636159258769,0.0735,0.0745,0.520223511947647,0.3224238217013971,0.6089956889835946,0.0022741250065676415,-0.0004648366510230692,38365,1557,2266.62
2026-08-20 01:53:12,okx,ETH,ETH-USD-261225-2400-P,2026-12-25,2400,put,0.1520618343121115,0.152,0.1535,0.5223506908997385,-0.653460232475314,2.6003856314294076,0.0023555807322408065,-0.000483455182351541,919,0,2266.62
2026-08-20 01:53:12,okx,ETH,ETH-USD-261225-2400-C,2026-12-25,2400,call,0.1022490437454811,0.1025,0.1035,0.5223506908997385,0.3963755191538176,0.5007141281711445,0.0023555807322408065,-0.000483455182351541,17984,10626,2266.62
2026-08-20 01:53:12,okx,ETH,ETH-USD-261225-3000-P,2026-12-25,3000,put,0.3491104305778146,0.3455,0.356,0.5244475536758533,-1.1142386887484441,3.220601871947368,0.0018140502719758995,-0.0003738070048505824,676,130,2266.62
2026-08-20 01:53:12,okx,ETH,ETH-USD-261225-3000-C,2026-12-25,3000,call,0.0368444423695265,0.0375,0.038,0.5244475536758533,0.1980560007879702,0.5960124928745392,0.0018140502719758995,-0.0003738070048505824,28725,697,2266.62
2026-08-20 01:53:12,okx,ETH,ETH-USD-261225-2800-P,2026-12-25,2800,put,0.2765731883491199,0.27,0.2805,0.5211480411290396,-0.9698636898975936,3.0808971300809547,0.002073444633567421,-0.00042457029539553126,3697,3000,2266.62
2026-08-20 01:53:12,okx,ETH,ETH-USD-261225-2800-C,2026-12-25,2800,call,0.0517915993547177,0.0525,0.053,0.5211480411290396,0.2549446870030599,0.6312803762796482,0.002073444633567421,-0.00042457029539553126,11052,1154,2266.62
2026-08-20 01:53:12,okx,ETH,ETH-USD-261225-3400-P,2026-12-25,3400,put,0.5064375560243322,0.504,0.514,0.5360904718024339,-1.3698689855380404,3.431203220909083,0.0012923779208341192,-0.0002722222827119933,1,0,2266.62
2026-08-20 01:53:12,okx,ETH,ETH-USD-261225-3400-C,2026-12-25,3400,call,0.0192027693882724,0.0195,0.02,0.5360904718024339,0.11739832926989578,0.4566685912932108,0.0012923779208341192,-0.0002722222827119933,12083,1797,2266.62
2026-08-20 01:53:12,okx,ETH,ETH-USD-260820-2090-P,2026-08-20,2090,put,0.0000430789340744,,0.0031,1.1717190489295186,-0.004453060004596392,0.4265408380923879,0.000003415181493462903,-0.0002000816605721023,2868,4038,2266.62
2026-08-20 01:53:12,okx,ETH,ETH-USD-261225-3200-P,2026-12-25,3200,put,0.4261802306618871,0.4225,0.433,0.5295750299946557,-1.2472125438793973,3.3306402735999874,0.0015439265372156569,-0.0003212552137306319,0,0,2266.62
2026-08-20 01:53:12,okx,ETH,ETH-USD-261225-3200-C,2026-12-25,3200,call,0.0264298432397135,0.027,0.0275,0.5295750299946557,0.15256845829277818,0.5310782692556364,0.0015439265372156569,-0.0003212552137306319,36970,1171,2266.62
2026-08-20 01:53:12,okx,ETH,ETH-USD-261225-4000-P,2026-12-25,4000,put,0.757819994792355,0.746,0.7695,0.560780427679437,-1.6941087540996653,3.765403463228788,0.0007374446728809769,-0.0001624868963910824,530,50,2266.62
2026-08-20 01:53:12,okx,ETH,ETH-USD-260820-2090-C,2026-08-20,2090,call,0.0775065862459828,0.0765,0.078,1.1717190489295186,0.9181200832410376,-1.41860544839888,0.000003415181493462903,-0.0002000816605721023,2393,3606,2266.62
2026-08-20 01:53:12,okx,ETH,ETH-USD-261225-4000-C,2026-12-25,4000,call,0.0081320105146377,0.0085,0.009,0.560780427679437,0.055617498615553866,0.2659509577983492,0.0007374446728809769,-0.0001624868963910824,5478,3523,2266.62
2026-08-20 01:53:12,okx,ETH,ETH-USD-261225-3600-P,2026-12-25,3600,put,0.5888912004138757,0.5785,0.5995,0.5436413282096983,-1.4840295365235787,3.5341162836593765,0.0010728867309487318,-0.00022917244184115758,100,0,2266.62
2026-08-20 01:53:12,okx,ETH,ETH-USD-261225-3600-C,2026-12-25,3600,call,0.0141720145639302,0.0145,0.015,0.5436413282096983,0.09072409092011863,0.3846090287719817,0.0010728867309487318,-0.00022917244184115758,4605,3979,2266.62
2026-08-20 01:53:12,okx,ETH,ETH-USD-261225-5000-P,2026-12-25,5000,put,1.1898158682388553,1.174,1.2005,0.6078285824438854,-2.167173704962969,4.484446047321068,0.00031808189529136644,-0.00007596545127040687,2,0,2266.62
2026-08-20 01:53:12,okx,ETH,ETH-USD-261225-5000-C,2026-12-25,5000,call,0.0027058878917089,0.0025,0.003,0.6078285824438854,0.01998411093105535,0.11013041553301935,0.00031808189529136644,-0.00007596545127040687,5931,1100,2266.62
2026-08-20 01:53:12,okx,ETH,ETH-USD-261225-4500-P,2026-12-25,4500,put,0.9728735704025361,0.9595,0.9855,0.5841058385908453,-1.9362851961825895,4.105131491609416,0.0004735978272128054,-0.00010869193035107218,0,0,2266.62
2026-08-20 01:53:12,okx,ETH,ETH-USD-261225-4500-C,2026-12-25,4500,call,0.0044745880901039,0.0045,0.0046,0.5841058385908453,0.032156838122031954,0.168247423000174,0.0004735978272128054,-0.00010869193035107218,3586,450,2266.62
2026-08-20 01:53:12,okx,ETH,ETH-USD-261225-6000-P,2026-12-25,6000,put,1.6257526141773546,1.6055,1.6395,0.6528608252339299,-2.6153763225178124,5.3024989530905255,0.00016330566477971018,-0.000041890728473002935,0,0,2266.62
2026-08-20 01:53:12,okx,ETH,ETH-USD-261225-6000-C,2026-12-25,6000,call,0.0012206377607786,0.0009,0.0015,0.6528608252339299,0.009213056555016315,0.053320194944867276,0.00016330566477971018,-0.000041890728473002935,8100,0,2266.62
2026-08-20 01:53:12,okx,ETH,ETH-USD-261225-5500-P,2026-12-25,5500,put,1.407585995692188,1.3895,1.42,0.630921246266528,-2.3926476464133337,4.886898176203713,0.00022349214707251302,-0.00005540302444757326,0,0,2266.62
2026-08-20 01:53:12,okx,ETH,ETH-USD-261225-5500-C,2026-12-25,5500,call,0.0017650173103267,0.0016,0.0024,0.630921246266528,0.013225951070092447,0.07515098123686055,0.00022349214707251302,-0.00005540302444757326,4891,0,2266.62
2026-08-20 01:53:12,okx,ETH,ETH-USD-261225-8000-P,2026-12-25,8000,put,2.4997733644818707,2.471,2.52,0.7264517507505255,-3.4964424767586935,7.016804123791352,0.00006058065540560205,-0.00001729166429728743,0,0,2266.62
2026-08-20 01:53:12,okx,ETH,ETH-USD-261225-8000-C,2026-12-25,8000,call,0.0003973959264364,0.0003,0.001,0.7264517507505255,0.0030100286717446964,0.017899112930474755,0.00006058065540560205,-0.00001729166429728743,272,0,2266.62
2026-08-20 01:53:12,okx,ETH,ETH-USD-261225-7000-P,2026-12-25,7000,put,2.0626143041593745,2.038,2.0795,0.6925078546908018,-3.0570162946673527,6.153547978511649,0.000095405200723052,-0.000025959289783332394,0,0,2266.62
2026-08-20 01:53:12,okx,ETH,ETH-USD-261225-7000-C,2026-12-25,7000,call,0.0006603316733692,0.0004,0.001,0.6925078546908018,0.005004647584280986,0.029506094008381334,0.000095405200723052,-0.000025959289783332394,4510,0,2266.62
2026-08-20 01:53:12,okx,ETH,ETH-USD-270326-800-C,2027-03-26,800,call,0.6592712015030366,0.651,0.666,0.7828510016271703,0.3207753235625503,-0.5617019867591094,0.00037378128562514697,-0.00006703521289670941,1,0,2266.62
2026-08-20 01:53:12,okx,ETH,ETH-USD-270326-600-P,2027-03-26,600,put,0.0027186720813585,,0.005,0.8682008695166624,-0.012261831709460061,0.06263291244534283,0.00019784333069245886,-0.00003935029197989901,144114,200,2266.62
2026-08-20 01:53:12,okx,ETH,ETH-USD-260823-2350-P,2026-08-23,2350,put,0.0461755411922863,0.0455,0.0465,0.603465504104076,-0.7748028577293322,7.366678063653741,0.00031302536015431493,-0.002901927111348417,470,470,2266.62
2026-08-20 01:53:12,okx,ETH,ETH-USD-270326-600-C,2027-03-26,600,call,0.7430178463469354,0.736,0.7495,0.8682008695166624,0.24744461452317437,-0.45677998001992604,0.00019784333069245886,-0.00003935029197989901,23,23,2266.62
2026-08-20 01:53:12,okx,ETH,ETH-USD-270326-1200-C,2027-03-26,1200,call,0.4979229981868279,0.491,0.5065,0.6638796981440509,0.4394109527943954,-0.6387309116918091,0.0009530947227476365,-0.00014495452618762945,85,1,2266.62
2026-08-20 01:53:12,okx,ETH,ETH-USD-260823-2350-C,2026-08-23,2350,call,0.0092099799364787,0.0085,0.009,0.603465504104076,0.2621718550759655,5.292728638043146,0.00031302536015431493,-0.002901927111348417,4539,9456,2266.62
2026-08-20 01:53:12,okx,ETH,ETH-USD-270326-1000-P,2027-03-26,1000,put,0.0100792433941984,0.008,0.009,0.715795090116348,-0.04683829711293884,0.2389975874729248,0.0006219964130616092,-0.00010199594903238136,75515,800,2266.62
2026-08-20 01:53:12,okx,ETH,ETH-USD-270326-1000-C,2027-03-26,1000,call,0.5772445338368266,0.568,0.585,0.715795090116348,0.38600577994145185,-0.6266905666358565,0.0006219964130616092,-0.00010199594903238136,1,0,2266.62
2026-08-20 01:53:12,okx,ETH,ETH-USD-270326-800-P,2027-03-26,800,put,0.0055389691489341,0.0041,0.0049,0.7828510016271703,-0.02549993808096228,0.13084853652791573,0.00037378128562514697,-0.00006703521289670941,5059,258,2266.62
2026-08-20 01:53:12,okx,ETH,ETH-USD-270326-1600-C,2027-03-26,1600,call,0.3528223646035989,0.3445,0.364,0.5945810258755884,0.49542948628817807,-0.47979336276268486,0.0018170149948980264,-0.0002475003886748464,2491,0,2266.62
2026-08-20 01:53:12,okx,ETH,ETH-USD-270326-1400-P,2027-03-26,1400,put,0.0285865326823017,0.026,0.027,0.6242721009680261,-0.12903598553910753,0.6228077595117467,0.0013615171404587829,-0.00019471677486544286,28234,356,2266.62
2026-08-20 01:53:12,okx,ETH,ETH-USD-270326-1400-C,2027-03-26,1400,call,0.4226179393019811,0.415,0.432,0.6242721009680261,0.47694572233703947,-0.5891556562405474,0.0013615171404587829,-0.00019471677486544286,60,0,2266.62
2026-08-20 01:53:12,okx,ETH,ETH-USD-270326-1200-P,2027-03-26,1200,put,0.0173246496556743,0.0155,0.016,0.6638796981440509,-0.08000193967087343,0.40009487323872855,0.0009530947227476365,-0.00014495452618762945,3562,220,2266.62
2026-08-20 01:53:12,okx,ETH,ETH-USD-270326-2000-C,2027-03-26,2000,call,0.2350331286679999,0.2325,0.2355,0.5574700956539332,0.4738590152587345,-0.1522230595254165,0.002651733172226294,-0.00033865518164815316,5636,0,2266.62
2026-08-20 01:53:12,okx,ETH,ETH-USD-270326-1800-P,2027-03-26,1800,put,0.0690523767655417,0.067,0.068,0.572843534473267,-0.28530336057124484,1.2324402647032235,0.0022670212859182705,-0.00029750751577675645,8111,79,2266.62
2026-08-20 01:53:12,okx,ETH,ETH-USD-270326-1800-C,2027-03-26,1800,call,0.2899498995622722,0.282,0.303,0.572843534473267,0.49381597812665845,-0.32579841269258303,0.0022670212859182705,-0.00029750751577675645,4355,5,2266.62
2026-08-20 01:53:12,okx,ETH,ETH-USD-270326-1600-P,2027-03-26,1600,put,0.0453578998953939,0.0425,0.0435,0.5945810258755884,-0.19712103699884703,0.9053076838113655,0.0018170149948980264,-0.0002475003886748464,24538,215,2266.62
2026-08-20 01:53:12,okx,ETH,ETH-USD-270326-2400-C,2027-03-26,2400,call,0.1501730034916413,0.15,0.1515,0.5409531659136491,0.3968389007463105,0.15340215194704576,0.0030634945957234583,-0.0003796497457165372,2778,535,2266.62
2026-08-20 01:53:12,okx,ETH,ETH-USD-270326-2200-P,2027-03-26,2200,put,0.1407445205350969,0.14,0.1415,0.5471819522624053,-0.5125215562020484,1.918756243403356,0.002924157165565448,-0.00036655470943166673,531,185,2266.62
2026-08-20 01:53:12,okx,ETH,ETH-USD-270326-2200-C,2027-03-26,2200,call,0.1885081595088785,0.187,0.1895,0.5471819522624053,0.43973541331761123,0.014242304364036807,0.002924157165565448,-0.00036655470943166673,1390,0,2266.62
2026-08-20 01:53:12,okx,ETH,ETH-USD-270326-2000-P,2027-03-26,2000,put,0.1007025477827438,0.0995,0.1005,0.5574700956539332,-0.3918291388500469,1.5791532486921462,0.002651733172226294,-0.00033865518164815316,6715,2715,2266.62
2026-08-20 01:53:12,okx,ETH,ETH-USD-260820-2110-P,2026-08-20,2110,put,0.0000350941819552,,0.0032,1.0240494252342918,-0.0041756897498963766,0.46002364410855195,0.0000032280335863070307,-0.00016528329693473522,2009,2357,2266.62
2026-08-20 01:53:12,okx,ETH,ETH-USD-270326-2800-C,2027-03-26,2800,call,0.0945991536048938,0.0945,0.096,0.536521805783394,0.3044110275645011,0.32178102544592846,0.0029855384660046253,-0.00036695801395390007,7024,865,2266.62
2026-08-20 01:53:12,okx,ETH,ETH-USD-270326-2600-P,2027-03-26,2600,put,0.2446542582952529,0.2295,0.2595,0.5378705073399663,-0.774987870616467,2.5063778022300434,0.0030760192039142767,-0.0003790295780700102,697,5,2266.62
2026-08-20 01:53:12,okx,ETH,ETH-USD-270326-2600-C,2027-03-26,2600,call,0.1192840134460858,0.119,0.1205,0.5378705073399663,0.35040672972494885,0.2555886015472122,0.0030760192039142767,-0.0003790295780700102,3626,1000,2266.62
2026-08-20 01:53:12,okx,ETH,ETH-USD-260820-2110-C,2026-08-20,2110,call,0.0686705010853649,0.0675,0.069,1.0240494252342918,0.9272259046272747,-1.4027795446457905,0.0000032280335863070307,-0.00016528329693473522,370,370,2266.62
2026-08-20 01:53:12,okx,ETH,ETH-USD-270326-2400-P,2027-03-26,2400,put,0.1889763064293341,0.1885,0.191,0.5409531659136491,-0.6419868841842272,2.2310537218081214,0.0030634945957234583,-0.0003796497457165372,594,5,2266.62
2026-08-20 01:53:12,okx,ETH,ETH-USD-260828-2150-P,2026-08-28,2150,put,0.0133077322852605,0.012,0.0125,0.5640678880666251,-0.2647643125665501,4.287070586998624,0.0004793419337646471,-0.001637634874547598,3694,4251,2266.62
2026-08-20 01:53:12,okx,ETH,ETH-USD-270326-3200-C,2027-03-26,3200,call,0.0596775658914796,0.06,0.0615,0.537246499861009,0.2224850122620227,0.3683212361907054,0.0026127057912437553,-0.0003215662274674211,4260,3000,2266.62
2026-08-20 01:53:12,okx,ETH,ETH-USD-260828-2150-C,2026-08-28,2150,call,0.0651601142014425,0.0635,0.065,0.5640678880666251,0.6833419034565617,2.3908581549524004,0.0004793419337646471,-0.0016372436322830526,14248,2367,2266.62
2026-08-20 01:53:12,okx,ETH,ETH-USD-270326-3000-P,2027-03-26,3000,put,0.3735517369250971,0.3585,0.394,0.5363910783868368,-1.0372175506099348,2.9541551192370075,0.0028216089731682658,-0.0003467246364932053,475,5,2266.62
2026-08-20 01:53:12,okx,ETH,ETH-USD-270326-3000-C,2027-03-26,3000,call,0.0750476082529816,0.0755,0.0765,0.5363910783868368,0.2613146805532373,0.3570906569106631,0.0028216089731682658,-0.0003467246364932053,4520,1748,2266.62
2026-08-20 01:53:12,okx,ETH,ETH-USD-270326-2800-P,2027-03-26,2800,put,0.3065363403655352,0.2915,0.323,0.536521805783394,-0.9075523881877929,2.7457078569505162,0.0029855384660046253,-0.00036695801395390007,6505,5,2266.62
2026-08-20 01:53:12,okx,ETH,ETH-USD-270326-3600-C,2027-03-26,3600,call,0.0382466152312694,0.039,0.04,0.5412212483459022,0.15925833099790676,0.3453753873341614,0.0021485383693365416,-0.0002663939027843388,2330,768,2266.62
2026-08-20 01:53:12,okx,ETH,ETH-USD-270326-3400-P,2027-03-26,3400,put,0.5192851800709188,0.5035,0.5395,0.5389051894682004,-1.2832018391942503,3.3057487905471565,0.0023824861210464984,-0.0002941366034303096,1,0,2266.62
2026-08-20 01:53:12,okx,ETH,ETH-USD-270326-3400-C,2027-03-26,3400,call,0.0476471675758543,0.0485,0.0495,0.5389051894682004,0.18846802279067812,0.36240906657729915,0.0023824861210464984,-0.0002941366034303096,2241,2630,2266.62
2026-08-20 01:53:12,okx,ETH,ETH-USD-270326-3200-P,2027-03-26,3200,put,0.4447486364750697,0.431,0.465,0.537246499861009,-1.1626160343120275,3.138523329338806,0.0026127057912437553,-0.0003215662274674211,5,20,2266.62
2026-08-20 01:53:12,okx,ETH,ETH-USD-270326-4500-C,2027-03-26,4500,call,0.0155290262409719,0.016,0.0165,0.5570912091377102,0.07586261537490759,0.22955171901717839,0.0012700992617499906,-0.00016209525311785265,3110,930,2266.62
2026-08-20 01:53:12,okx,ETH,ETH-USD-270326-4000-P,2027-03-26,4000,put,0.7564773717179012,0.7405,0.7765,0.5473773047448256,-1.6175953781852517,3.758266119493668,0.0017120713492370396,-0.00021469156132471038,2,2,2266.62
2026-08-20 01:53:12,okx,ETH,ETH-USD-270326-4000-C,2027-03-26,4000,call,0.0251385334884134,0.0255,0.0265,0.5473773047448256,0.11378093003231128,0.2955135030585424,0.0017120713492370396,-0.00021469156132471038,9135,1700,2266.62
2026-08-20 01:53:12,okx,ETH,ETH-USD-270326-3600-P,2027-03-26,3600,put,0.5964515696378083,0.581,0.6165,0.5412212483459022,-1.3989803463979,3.461852742125775,0.0021485383693365416,-0.0002663939027843388,20,20,2266.62
2026-08-20 01:53:12,okx,ETH,ETH-USD-270326-5500-C,2027-03-26,5500,call,0.0068819509443978,0.0065,0.008,0.5802261278077419,0.03685885390132124,0.13276232551996742,0.0007163844502765863,-0.00009522473217853877,1298,1023,2266.62
2026-08-20 01:53:12,okx,ETH,ETH-USD-270326-5000-P,2027-03-26,5000,put,1.1742613476919113,1.155,1.1945,0.5682316061093214,-2.1122066024364448,4.502907990334847,0.0009462660564209757,-0.00012318135472188474,10,0,2266.62
2026-08-20 01:53:12,okx,ETH,ETH-USD-270326-5000-C,2027-03-26,5000,call,0.0100877999050519,0.0105,0.0115,0.5682316061093214,0.05201378283550886,0.1744672197909391,0.0009462660564209757,-0.00012318135472188474,1963,58,2266.62
2026-08-20 01:53:12,okx,ETH,ETH-USD-270326-4500-P,2027-03-26,4500,put,0.9632852192491457,0.946,0.983,0.5570912091377102,-1.8719357313698508,4.125148412506694,0.0012700992617499906,-0.00016209525311785265,0,0,2266.62
2026-08-20 01:53:12,okx,ETH,ETH-USD-270326-7000-C,2027-03-26,7000,call,0.0028148943593837,0.0016,0.0041,0.6181702474370954,0.01594743555128887,0.06404264366851836,0.0003546233843782833,-0.00005022058840669401,1493,0,2266.62
2026-08-20 01:53:12,okx,ETH,ETH-USD-270326-6000-P,2027-03-26,6000,put,1.6019207515309222,1.578,1.6255,0.5927003991868949,-2.5700481919660305,5.296410125943344,0.000553991609486734,-0.00007522197550865655,0,0,2266.62
2026-08-20 01:53:12,okx,ETH,ETH-USD-270326-6000-C,2027-03-26,6000,call,0.0049124941866908,0.0049,0.006,0.5927003991868949,0.027016270360313916,0.10228120129065461,0.000553991609486734,-0.00007522197550865655,20485,0,2266.62
2026-08-20 01:53:12,okx,ETH,ETH-USD-270326-5500-P,2027-03-26,5500,put,1.3874728535099436,1.366,1.409,0.5802261278077419,-2.3437835698978278,4.894047173118265,0.0007163844502765863,-0.00009522473217853877,0,0,2266.62
2026-08-20 01:53:12,okx,ETH,ETH-USD-270326-9000-C,2027-03-26,9000,call,0.0013082926396525,,0.0034,0.6680315604128577,0.007486525560761142,0.03113856022496456,0.00018419510600774306,-0.000028189112033447905,40547,0,2266.62
2026-08-20 01:53:12,okx,ETH,ETH-USD-270326-8000-P,2027-03-26,8000,put,2.464507500397926,2.43,2.497,0.643462036095922,-3.4522766379573895,6.968709066720212,0.00024684799215000285,-0.000036388056122279924,0,0,2266.62
2026-08-20 01:53:12,okx,ETH,ETH-USD-270326-8000-C,2027-03-26,8000,call,0.001829823938951,,0.0046,0.643462036095922,0.010475978477735903,0.04320383384996107,0.00024684799215000285,-0.000036388056122279924,60,0,2266.62
2026-08-20 01:53:12,okx,ETH,ETH-USD-270326-7000-P,2027-03-26,7000,put,2.032657861260987,2.003,2.0605,0.6181702474370954,-3.013961103829446,6.123859722429989,0.0003546233843782833,-0.00005022058840669401,0,0,2266.62
2026-08-20 01:53:12,okx,ETH,ETH-USD-270326-9000-P,2027-03-26,9000,put,2.896820678656,2.8565,2.9345,0.6680315604128577,-3.888110167928755,7.822331947203997,0.00018419510600774306,-0.000028189112033447905,0,0,2266.62
2026-08-20 01:53:12,okx,ETH,ETH-USD-260823-2110-P,2026-08-23,2110,put,0.0024831437039508,0.0025,0.0026,0.5863017748811792,-0.09629046912077385,3.2170797323246827,0.00015812379672170088,-0.0014242065180153619,1033,2010,2266.62
2026-08-20 01:53:12,okx,ETH,ETH-USD-260823-2110-C,2026-08-23,2110,call,0.0714204482785234,0.0695,0.0735,0.5863017748811792,0.8347804432278126,1.3549379076275097,0.00015812379672170088,-0.0014242065180153619,0,0,2266.62
2026-08-20 01:53:12,okx,ETH,ETH-USD-260823-2225-P,2026-08-23,2225,put,0.0127176573688237,0.0125,0.0135,0.550445608348859,-0.3650517836741021,7.873213489258869,0.0003506100442150017,-0.0029647855896977366,2717,2721,2266.62
2026-08-20 01:53:12,okx,ETH,ETH-USD-260823-2225-C,2026-08-23,2225,call,0.0309098387330057,0.0305,0.0315,0.550445608348859,0.6167646997266585,5.909580522457348,0.0003506100442150017,-0.0029647855896977366,264,264,2266.62
2026-08-20 01:53:12,okx,ETH,ETH-USD-260823-2140-P,2026-08-23,2140,put,0.0038303032602086,0.004,0.0041,0.5692581832879751,-0.14105961037892756,4.36665372280851,0.00020733587813308727,-0.0018131689336696385,1416,2516,2266.62
2026-08-20 01:53:12,okx,ETH,ETH-USD-260823-2400-C,2026-08-23,2400,call,0.0057885685318097,0.005,0.0055,0.6434566415536657,0.17466321528833004,3.9759594928866133,0.00024817425040916984,-0.002453186313934594,1274,4463,2266.62
2026-08-20 01:53:12,okx,ETH,ETH-USD-260821-1940-P,2026-08-21,1940,put,0.0000419187095737,,0.0006,0.9509440184515299,-0.002532386413736058,0.1437801344646631,0.000004534592244168514,-0.00017183326483626943,1738,1554,2266.62
2026-08-20 01:53:12,okx,ETH,ETH-USD-260823-2140-C,2026-08-23,2140,call,0.0595297496059836,0.0585,0.0615,0.5692581832879751,0.8032492770267479,2.4780359479971596,0.00020733587813308727,-0.0018131689336696385,0,0,2266.62
2026-08-20 01:53:12,okx,ETH,ETH-USD-260821-1920-P,2026-08-21,1920,put,0.0000392282154603,,0.0006,1.0022923445603644,-0.0022690933467736196,0.1236164258569961,0.000004102849142484109,-0.00016386797741512892,4004,4128,2266.62
2026-08-20 01:53:12,okx,ETH,ETH-USD-260821-1940-C,2026-08-21,1940,call,0.1436437922741199,0.142,0.145,0.9509440184515299,0.8538217378439528,-1.5689281140507145,0.000004534592244168514,-0.00016593212875819265,3658,4506,2266.62
2026-08-20 01:53:12,okx,ETH,ETH-USD-260821-1920-C,2026-08-21,1920,call,0.1524694168907323,0.151,0.1535,1.0022923445603644,0.8452566378773307,-1.5714350365912126,0.000004102849142484109,-0.00015760403066806717,3847,755,2266.62
2026-08-20 01:53:12,okx,ETH,ETH-USD-260820-2140-P,2026-08-20,2140,put,0.000035381330997,,0.0032,0.8406769834569325,-0.005043690183472748,0.6621293585284665,0.000003825589942442986,-0.00016080427063780748,3354,3765,2266.62
2026-08-20 01:53:12,okx,ETH,ETH-USD-260820-2225-C,2026-08-20,2225,call,0.0188275899061731,0.018,0.021,0.5913967718559121,0.8581131979243636,11.318836056135979,0.000053800432792891484,-0.001590870113908349,1275,1295,2266.62
2026-08-20 01:53:12,okx,ETH,ETH-USD-260822-2225-P,2026-08-22,2225,put,0.0113392476820906,0.011,0.012,0.611402865620839,-0.35528084189016945,8.368469143444067,0.00028922777319825686,-0.003920943306411752,3093,4604,2266.62
2026-08-20 01:53:12,okx,ETH,ETH-USD-260820-2140-C,2026-08-20,2140,call,0.0554286376216592,0.054,0.056,0.8406769834569325,0.9396005808910041,-1.2271591836204874,0.000003825589942442986,-0.00016080427063780748,380,380,2266.62
2026-08-20 01:53:12,okx,ETH,ETH-USD-260822-2140-P,2026-08-22,2140,put,0.0029925697662011,0.003,0.0031,0.6315649147779194,-0.12296321063204868,4.275040561202159,0.00015719183233145223,-0.0022013972959943565,1218,1523,2266.62
2026-08-20 01:53:12,okx,ETH,ETH-USD-260822-2225-C,2026-08-22,2225,call,0.0293289265539437,0.029,0.03,0.611402865620839,0.6266454907876193,6.4046164780884896,0.00028922777319825686,-0.003920204360748373,829,829,2266.62
2026-08-20 01:53:12,okx,ETH,ETH-USD-260823-2400-P,2026-08-23,2400,put,0.0648172268356134,0.062,0.0655,0.6434566415536657,-0.8843747892787824,6.094035502020838,0.00024817425040916984,-0.002453186313934594,0,0,2266.62
2026-08-20 01:53:12,okx,ETH,ETH-USD-260822-2140-C,2026-08-22,2140,call,0.0584937100933394,0.0575,0.0605,0.6315649147779194,0.82145132956142,2.3862114808152226,0.00015719183233145223,-0.0021991167698333387,0,0,2266.62
2026-08-20 01:53:12,okx,ETH,ETH-USD-260820-2250-P,2026-08-20,2250,put,0.0034314541970582,0.0034,0.0038,0.5965907725909686,-0.3331376425924491,23.63577041075882,0.00009563606197532371,-0.0028527796050708066,3954,3644,2266.62
2026-08-20 01:53:12,okx,ETH,ETH-USD-260820-2225-P,2026-08-20,2225,put,0.0009537603516296,0.0012,0.0013,0.5913967718559121,-0.12405199045914621,13.283166432902998,0.000053800432792891484,-0.001590870113908349,2047,5429,2266.62
2026-08-20 01:53:12,okx,ETH,ETH-USD-260820-2250-C,2026-08-20,2250,call,0.0102701582409787,0.01,0.011,0.5965907725909686,0.6600631097054822,21.649368906162955,0.00009563606197532371,-0.0028527796050708066,2976,7941,2266.62
2026-08-20 01:53:12,okx,ETH,ETH-USD-260820-1825-C,2026-08-20,1825,call,0.195472586504498,0.1935,0.195,4.246730075607851,0.7808731750291501,-1.0638773713402,0.000014755822704352413,-0.0031331998034455286,0,0,2266.62
2026-08-20 01:53:12,okx,ETH,ETH-USD-260820-1825-P,2026-08-20,1825,put,0.0010367487799848,,0.0031,4.246730075607851,-0.024722990723616355,0.5473149601653329,0.000014755822704352413,-0.0031331998034455286,4737,4766,2266.62
2026-08-20 01:53:12,okx,ETH,ETH-USD-260820-1800-C,2026-08-20,1800,call,0.206628380811214,0.2045,0.206,4.5595023065538305,0.7689507719323687,-1.061615626164104,0.000015155800649428033,-0.003455145400936858,0,0,2266.62
2026-08-20 01:53:12,okx,ETH,ETH-USD-260820-1800-P,2026-08-20,1800,put,0.0011574175760777,,0.0031,4.5595023065538305,-0.02560982990597629,0.527505577512586,0.000015155800649428033,-0.003455145400936858,1990,1153,2266.62
2026-08-20 01:53:12,okx,ETH,ETH-USD-260820-1775-C,2026-08-20,1775,call,0.217765332286227,0.2155,0.217,4.863275657941201,0.7574451057987923,-1.0627184494985702,0.00001534708956350007,-0.0037318563547206673,0,0,2266.62
2026-08-20 01:53:12,okx,ETH,ETH-USD-260820-1775-P,2026-08-20,1775,put,0.0012592435404676,,0.0031,4.863275657941201,-0.026079932125131274,0.5043316263492772,0.00001534708956350007,-0.0037318563547206673,1003,179,2266.62
2026-08-20 01:53:12,okx,ETH,ETH-USD-260820-1750-C,2026-08-20,1750,call,0.228879232757761,0.2265,0.228,5.156022422806094,0.7463420770966805,-1.0663487608078444,0.00001534121968801565,-0.003954983635230151,0,0,2266.62
2026-08-20 01:53:12,okx,ETH,ETH-USD-260820-1750-P,2026-08-20,1750,put,0.0013380185013783,,0.0031,5.156022422806094,-0.026147396912821634,0.47863018721115985,0.00001534121968801565,-0.003954983635230151,3122,306,2266.62
2026-08-20 01:53:12,okx,ETH,ETH-USD-260820-1880-C,2026-08-20,1880,call,0.1708922746420147,0.169,0.1705,3.5393390355593235,0.8085237076284183,-1.085699891186129,0.000013124855500351372,-0.0023226656704234557,1690,0,2266.62
2026-08-20 01:53:12,okx,ETH,ETH-USD-260820-1880-P,2026-08-20,1880,put,0.0007337130408722,,0.003,3.5393390355593235,-0.021350698736075337,0.5740489215428581,0.000013124855500351372,-0.0023226656704234557,10474,6045,2266.62
2026-08-20 01:53:12,okx,ETH,ETH-USD-260820-1870-C,2026-08-20,1870,call,0.1753630137269788,0.1735,0.175,3.668970535598394,0.8033610733622252,-1.07963046007984,0.000013496591212482671,-0.002475929774480756,949,155,2266.62
2026-08-20 01:53:12,okx,ETH,ETH-USD-260820-1870-P,2026-08-20,1870,put,0.0007904019215872,,0.0031,3.668970535598394,-0.022099107436499905,0.57128990151761,0.000013496591212482671,-0.002475929774480756,5146,2906,2266.62
2026-08-20 01:53:12,okx,ETH,ETH-USD-260820-1860-C,2026-08-20,1860,call,0.1798335715036864,0.178,0.1795,3.798378963852452,0.7982552168882905,-1.0745830419586624,0.000013835730234811615,-0.0026276673336722896,162,0,2266.62
2026-08-20 01:53:12,okx,ETH,ETH-USD-260820-1860-P,2026-08-20,1860,put,0.0008469094940455,,0.003,3.798378963852452,-0.02279073834466606,0.5675088685072504,0.000013835730234811615,-0.0026276673336722896,4769,2506,2266.62
2026-08-20 01:53:12,okx,ETH,ETH-USD-260820-1850-C,2026-08-20,1850,call,0.1843034914261224,0.1825,0.184,3.9273637144573517,0.7932094160189773,-1.0704814274994154,0.00001414138158863673,-0.0027769174461753574,108,0,2266.62
2026-08-20 01:53:12,okx,ETH,ETH-USD-260820-1850-P,2026-08-20,1850,put,0.0009027792122322,,0.0001,3.9273637144573517,-0.02342231364821065,0.5627820318349603,0.00001414138158863673,-0.0027769174461753574,5435,3586,2266.62
2026-08-20 01:53:12,okx,ETH,ETH-USD-260820-1925-C,2026-08-20,1925,call,0.1507837174299829,0.1495,0.151,2.9589805501101796,0.8323344395670349,-1.1276180701166183,0.000011090501607294327,-0.0016408289273474798,6527,3823,2266.62
2026-08-20 01:53:12,okx,ETH,ETH-USD-260820-1925-P,2026-08-20,1925,put,0.000488381747962,,0.0031,2.9589805501101796,-0.01740398184341749,0.5718587727042865,0.000011090501607294327,-0.0016408289273474798,4378,5147,2266.62
2026-08-20 01:53:12,okx,ETH,ETH-USD-260820-1910-C,2026-08-20,1910,call,0.1574834997014382,0.156,0.1575,3.1512237317245058,0.8243088501203834,-1.1107867352003484,0.000011828202323225106,-0.0018636655932292945,1593,91,2266.62
2026-08-20 01:53:12,okx,ETH,ETH-USD-260820-1910-P,2026-08-20,1910,put,0.0005670887130436,,0.0011,3.1512237317245058,-0.018808232941416113,0.5754474309232503,0.000011828202323225106,-0.0018636655932292945,8170,10648,2266.62
2026-08-20 01:53:12,okx,ETH,ETH-USD-260820-1900-C,2026-08-20,1900,call,0.1619520742025355,0.1605,0.162,3.28024699702833,0.819002665022706,-1.101206368101874,0.000012288869077548525,-0.002015526294425143,3174,27,2266.62
2026-08-20 01:53:12,okx,ETH,ETH-USD-260820-1900-P,2026-08-20,1900,put,0.0006216130098916,,0.0031,3.28024699702833,-0.019700192473324912,0.5761993468901877,0.000012288869077548525,-0.002015526294425143,19319,20745,2266.62
2026-08-20 01:53:12,okx,ETH,ETH-USD-260820-1890-C,2026-08-20,1890,call,0.1664218113168284,0.1645,0.1665,3.409692728908881,0.8137391392143697,-1.0928672483139787,0.000012721750146489372,-0.002168862948674015,1332,568,2266.62
2026-08-20 01:53:12,okx,ETH,ETH-USD-260820-1890-P,2026-08-20,1890,put,0.0006772999199351,,0.0031,3.409692728908881,-0.02054949271589256,0.5757100155465458,0.000012721750146489372,-0.002168862948674015,6007,4956,2266.62
2026-08-20 01:53:12,okx,ETH,ETH-USD-260820-2025-C,2026-08-20,2025,call,0.1062780128824092,0.105,0.107,1.774455509783349,0.8859236748845221,-1.3127992927120475,0.000005684823323626881,-0.0005043733034377305,1826,3136,2266.62
2026-08-20 01:53:12,okx,ETH,ETH-USD-260820-2025-P,2026-08-20,2025,put,0.0001231792428807,,0.0031,1.774455509783349,-0.007957002183616097,0.4749620614242287,0.000005684823323626881,-0.0005043733034377305,7022,8969,2266.62
2026-08-20 01:53:12,okx,ETH,ETH-USD-260820-2000-C,2026-08-20,2000,call,0.1173744501623144,0.116,0.118,2.0479067865406253,0.8727641103491234,-1.2573407546986457,0.000006977350077931543,-0.0007144481288332882,11125,21962,2266.62
2026-08-20 01:53:12,okx,ETH,ETH-USD-260820-2000-P,2026-08-20,2000,put,0.0001844910121628,,0.0022,2.0479067865406253,-0.010081002804593422,0.508349471608788,0.000006977350077931543,-0.0007144481288332882,9817,12968,2266.62
2026-08-20 01:53:12,okx,ETH,ETH-USD-260820-1975-C,2026-08-20,1975,call,0.1284913949558637,0.127,0.129,2.339014765629872,0.8593508435863636,-1.206207462073021,0.00000836595728685307,-0.0009784048811289077,13515,24863,2266.62
2026-08-20 01:53:12,okx,ETH,ETH-USD-260820-1975-P,2026-08-20,1975,put,0.000266310295089,,0.0002,2.339014765629872,-0.012458705652931569,0.5374116364055693,0.00000836595728685307,-0.0009784048811289077,5477,6039,2266.62
2026-08-20 01:53:12,okx,ETH,ETH-USD-260820-1950-C,2026-08-20,1950,call,0.1396286436241094,0.1385,0.14,2.6439820688945197,0.845826605630485,-1.1625804344901376,0.000009762647862349448,-0.0012906132946491678,14119,27799,2266.62
2026-08-20 01:53:12,okx,ETH,ETH-USD-260820-1950-P,2026-08-20,1950,put,0.0003684334527117,,0.002,2.6439820688945197,-0.0149473796943888,0.55896753615961,0.000009762647862349448,-0.0012906132946491678,7237,7675,2266.62
2026-08-20 01:53:12,okx,ETH,ETH-USD-260823-2450-P,2026-08-23,2450,put,0.0847790558270833,0.082,0.0855,0.6827394553959933,-0.9652497360261738,5.024857768966536,0.00018838581999127435,-0.0019758671355142236,0,0,2266.62
2026-08-20 01:53:12,okx,ETH,ETH-USD-260823-2500-C,2026-08-23,2500,call,0.0023240708386321,0.002,0.0021,0.7164011637434008,0.0758429692238074,2.0076456394852324,0.00013794254287487797,-0.0015181302595241222,1502,1502,2266.62
2026-08-20 01:53:12,okx,ETH,ETH-USD-260823-2325-P,2026-08-23,2325,put,0.0376650874053449,0.037,0.038,0.5856608545590681,-0.7060590951252004,7.973194335273757,0.00034264459379169265,-0.00308279472551192,509,934,2266.62
2026-08-20 01:53:12,okx,ETH,ETH-USD-260823-2450-C,2026-08-23,2450,call,0.0036873004752838,0.0032,0.0033,0.6827394553959933,0.11585156030275365,2.8626551763086807,0.00018838581999127435,-0.0019758671355142236,917,1483,2266.62
2026-08-20 01:53:12,okx,ETH,ETH-USD-260823-2275-P,2026-08-23,2275,put,0.0231238824685854,0.023,0.0235,0.559932442976194,-0.5417916433005155,8.620393377765573,0.0003763100464771822,-0.0032369498509086337,254,297,2266.62
2026-08-20 01:53:12,okx,ETH,ETH-USD-260823-2325-C,2026-08-23,2325,call,0.0117310746735351,0.011,0.012,0.5856608545590681,0.31988397179919,5.921308201424975,0.00034264459379169265,-0.00308279472551192,433,453,2266.62
2026-08-20 01:53:12,okx,ETH,ETH-USD-260823-2275-C,2026-08-23,2275,call,0.0192529667847717,0.019,0.02,0.559932442976194,0.46208813186206,6.612633827440422,0.0003763100464771822,-0.0032369498509086337,50,50,2266.62
2026-08-20 01:53:12,okx,ETH,ETH-USD-261030-3600-P,2026-10-30,3600,put,0.5858190197663834,0.5775,0.5915,0.5765165556334185,-1.537917754103178,3.4621072162989157,0.00043473593562357244,-0.00016946977152759696,0,0,2266.62
2026-08-20 01:53:12,okx,ETH,ETH-USD-261225-2500-C,2026-12-25,2500,call,0.0864748269551389,0.087,0.088,0.5208575988692953,0.35900997043907684,0.5670273588018666,0.0023335612270889857,-0.00047756694353986366,0,0,2266.62
2026-08-20 01:53:12,okx,ETH,ETH-USD-261030-3400-P,2026-10-30,3400,put,0.4999656733249212,0.492,0.505,0.5576498372879616,-1.4332113714537256,3.387078974930048,0.0005668047855470443,-0.00021633188585965297,0,0,2266.62
2026-08-20 01:53:12,okx,ETH,ETH-USD-261030-3600-C,2026-10-30,3600,call,0.0045406412808602,0.004,0.0042,0.5765165556334185,0.04261017326429917,0.30105136156396095,0.00043473593562357244,-0.0001758211384459755,1428,1928,2266.62
2026-08-20 01:53:12,okx,ETH,ETH-USD-261030-2700-P,2026-10-30,2700,put,0.2175068033588028,0.2165,0.219,0.5082738942635049,-0.9586202737780872,3.3556689360878775,0.0014272725303207915,-0.0005066739689211261,0,0,2266.62
2026-08-20 01:53:12,okx,ETH,ETH-USD-261030-3400-C,2026-10-30,3400,call,0.0064928587794226,0.006,0.0065,0.5576498372879616,0.05950944883778079,0.4016373343470354,0.0005668047855470443,-0.0002217238699300391,854,1054,2266.62
2026-08-20 01:53:12,okx,ETH,ETH-USD-260823-2500-P,2026-08-23,2500,put,0.1054789232384275,0.103,0.107,0.7164011637434008,-1.0273216188669347,4.213974815666718,0.00013794254287487797,-0.0015181302595241222,0,0,2266.62
2026-08-20 01:53:12,okx,ETH,ETH-USD-261030-2700-C,2026-10-30,2700,call,0.0313534626033909,0.0305,0.0315,0.5082738942635049,0.22677567174752084,0.9848770450366614,0.0014272725303207915,-0.0005087081130235388,752,1192,2266.62
2026-08-20 01:53:12,okx,ETH,ETH-USD-260821-2450-P,2026-08-21,2450,put,0.0831924475327365,0.0805,0.085,0.9012134528149598,-1.0105890688972594,4.6332799678384395,0.00008092384338096414,-0.0029027611631208764,160,160,2266.62
2026-08-20 01:53:12,okx,ETH,ETH-USD-260822-2275-C,2026-08-22,2275,call,0.0176565740877136,0.0175,0.018,0.6248179958677966,0.45899313349674087,7.191118454328736,0.000312988837128813,-0.004335951810202248,445,445,2266.62
2026-08-20 01:53:12,okx,ETH,ETH-USD-260821-2400-P,2026-08-21,2400,put,0.0621043918594725,0.0595,0.064,0.8102410628736789,-0.9454623123475793,6.017032042491386,0.00011492473496615173,-0.003708064697611325,0,0,2266.62
2026-08-20 01:53:12,okx,ETH,ETH-USD-260821-2450-C,2026-08-21,2450,call,0.0016722857737759,0.0011,0.0012,0.9012134528149598,0.0708890777168323,2.4703236746102566,0.00008092384338096414,-0.0029061116991019164,3665,6058,2266.62
2026-08-20 01:53:12,okx,ETH,ETH-USD-260821-2220-P,2026-08-21,2220,put,0.0061320773882865,0.006,0.007,0.6005784060981487,-0.28328756829032226,10.078576500596677,0.0001963813984383605,-0.0046996462447208304,1617,1857,2266.62
2026-08-20 01:53:12,okx,ETH,ETH-USD-260821-2400-C,2026-08-21,2400,call,0.0026550178773263,0.002,0.0021,0.8102410628736789,0.11394485168255122,3.8982177144311243,0.00011492473496615173,-0.003710508206919902,4408,5638,2266.62
2026-08-20 01:53:12,okx,ETH,ETH-USD-261225-2500-P,2026-12-25,2500,put,0.1800298171287121,0.18,0.182,0.5208575988692953,-0.7345689375079353,2.754185174695891,0.0023335612270889857,-0.00047756694353986366,0,0,2266.62
2026-08-20 01:53:12,okx,ETH,ETH-USD-260821-2220-C,2026-08-21,2220,call,0.0261375394026721,0.026,0.0265,0.6005784060981487,0.6966640584375484,8.118673247140935,0.0001963813984383605,-0.004698824458008542,936,936,2266.62
2026-08-20 01:53:12,okx,ETH,ETH-USD-260822-2450-P,2026-08-22,2450,put,0.0843198785624802,0.082,0.0865,0.777036635719566,-0.9785357222107738,4.948745426300472,0.00014360123334757464,-0.0024709599779420034,0,0,2266.62
2026-08-20 01:53:12,okx,ETH,ETH-USD-260828-1650-C,2026-08-28,1650,call,0.2726660891602763,0.271,0.274,0.8883524894739352,0.7200758005360027,-1.290401188706773,0.00003008593817189509,-0.00015983036984838073,5363,0,2266.62
2026-08-20 01:53:12,okx,ETH,ETH-USD-260822-2500-C,2026-08-22,2500,call,0.0019483534487624,0.0017,0.0018,0.8279066227991114,0.0675510733372188,1.9169080774104732,0.00010494537098116352,-0.0019266433343131271,2483,2483,2266.62
2026-08-20 01:53:12,okx,ETH,ETH-USD-260828-1650-P,2026-08-28,1650,put,0.0003287512396859,0.0003,0.0005,0.8883524894739352,-0.007540597807315598,0.1648316079798633,0.00003008593817189509,-0.0001618859470263327,10351,516,2266.62
2026-08-20 01:53:12,okx,ETH,ETH-USD-260822-2400-P,2026-08-22,2400,put,0.0640261620108893,0.061,0.0645,0.724764452041814,-0.9009274683579003,6.1253612847357255,0.00019356881667612305,-0.0031084185415949338,0,0,2266.62
2026-08-20 01:53:12,okx,ETH,ETH-USD-260822-2450-C,2026-08-22,2450,call,0.0030145124056373,0.0027,0.0028,0.777036635719566,0.10268653174903829,2.7863009183808476,0.00014360123334757464,-0.0024743016865370784,922,922,2266.62
2026-08-20 01:53:12,okx,ETH,ETH-USD-260822-2325-P,2026-08-22,2325,put,0.0364500990429032,0.0355,0.037,0.6556436622189097,-0.7190818452436218,8.352644867656231,0.00028004632395720074,-0.004070170806475123,370,370,2266.62
2026-08-20 01:53:12,okx,ETH,ETH-USD-260822-2400-C,2026-08-22,2400,call,0.0047863614159787,0.0044,0.0045,0.724764452041814,0.1582290253170178,4.0070482973858885,0.00019356881667612305,-0.0031108534381325747,1770,1914,2266.62
2026-08-20 01:53:12,okx,ETH,ETH-USD-260822-2275-P,2026-08-22,2275,put,0.021732460777793,0.0215,0.0225,0.6248179958677966,-0.5449989594659419,9.199102640254102,0.000312988837128813,-0.004335783943808194,713,797,2266.62
2026-08-20 01:53:12,okx,ETH,ETH-USD-260822-2325-C,2026-08-22,2325,call,0.0103086467908914,0.01,0.0105,0.6556436622189097,0.30697600800395497,6.300529161161079,0.00028004632395720074,-0.004071245484926612,463,464,2266.62
2026-08-20 01:53:12,okx,ETH,ETH-USD-260820-2350-P,2026-08-20,2350,put,0.0379047477067919,0.037,0.039,0.8866902473188835,-0.9777849779408071,7.051584379375519,0.0000315352503950376,-0.0013980999486019404,0,0,2266.62
2026-08-20 01:53:12,okx,ETH,ETH-USD-260820-2400-C,2026-08-20,2400,call,0.0003381248569728,,0.0001,1.1454981090917522,0.028900336690800985,2.1431724772684415,0.000017595549119840693,-0.001007783412260428,5068,8212,2266.62
2026-08-20 01:53:12,okx,ETH,ETH-USD-260820-2300-P,2026-08-20,2300,put,0.0173971782492403,0.015,0.0185,0.6993886584395878,-0.8087704962475664,17.157309454166693,0.000075850217849917,-0.002652439105220196,129,129,2266.62
2026-08-20 01:53:12,okx,ETH,ETH-USD-260820-2350-C,2026-08-20,2350,call,0.0006029497082201,0.0002,0.0004,0.8866902473188835,0.05955803001480988,4.976898363464284,0.0000315352503950376,-0.0013980999486019404,3960,7146,2266.62
2026-08-20 01:53:12,okx,ETH,ETH-USD-260820-2275-P,2026-08-20,2275,put,0.0090211563945618,0.0085,0.0095,0.6359531120308354,-0.6051292918496024,24.264052441952483,0.0001023201588817707,-0.0032535411732175796,1613,1892,2266.62
2026-08-20 01:53:12,okx,ETH,ETH-USD-260820-2300-C,2026-08-20,2300,call,0.0021656312719145,0.0019,0.002,0.6993886584395878,0.20650138387920774,15.126765693913145,0.000075850217849917,-0.002652439105220196,2494,4182,2266.62
2026-08-20 01:53:12,okx,ETH,ETH-USD-260822-2500-P,2026-08-22,2500,put,0.1053192851675379,0.1035,0.1075,0.8279066227991114,-1.0357369409074875,4.123484105899886,0.00010494537098116352,-0.0019223948136606178,0,0,2266.62
2026-08-20 01:53:12,okx,ETH,ETH-USD-260820-2275-C,2026-08-20,2275,call,0.004824734927859,0.0045,0.0047,0.6359531120308354,0.39910702436275036,22.255579809527777,0.0001023201588817707,-0.0032535411732175796,2521,3198,2266.62
2026-08-20 01:53:12,okx,ETH,ETH-USD-260820-2450-P,2026-08-20,2450,put,0.0817602101681298,0.081,0.0825,1.4633449008785684,-1.0594294144054774,3.4959724313820857,0.000014064042500976613,-0.0010290272439771797,0,0,2266.62
2026-08-20 01:53:12,okx,ETH,ETH-USD-260820-2400-P,2026-08-20,2400,put,0.0597101738767908,0.059,0.0605,1.1454981090917522,-1.030513799093659,4.2620007488373615,0.000017595549119840693,-0.001007783412260428,0,0,2266.62
2026-08-20 01:53:12,okx,ETH,ETH-USD-260820-2450-C,2026-08-20,2450,call,0.0003179101270654,,0.0032,1.4633449008785684,0.02205584920782556,1.3330019041554801,0.000014064042500976613,-0.0010290272439771797,876,1663,2266.62
2026-08-20 01:53:12,okx,ETH,ETH-USD-260821-1960-C,2026-08-21,1960,call,0.1348197335132152,0.133,0.1365,0.9021221894207287,0.8622761374113853,-1.5588593785760303,0.000005138400910865071,-0.00017917885614332054,975,1833,2266.62
2026-08-20 01:53:12,okx,ETH,ETH-USD-260821-1960-P,2026-08-21,1960,put,0.0000461750593947,,0.0005,0.9021221894207287,-0.002906379879888018,0.17150565600651624,0.000005138400910865071,-0.00018471718155241233,3784,4210,2266.62
2026-08-20 01:53:12,okx,ETH,ETH-USD-260822-2550-P,2026-08-22,2550,put,0.1267028143427701,0.1245,0.129,0.873914784634637,-1.0807627201601528,3.562595372389002,0.00007563648006869284,-0.0014605940021114715,0,0,2266.62
2026-08-20 01:53:12,okx,ETH,ETH-USD-260904-2550-C,2026-09-04,2550,call,0.0088163533648231,0.0085,0.009,0.5442180211932258,0.14968556614925985,1.8736771389537483,0.000494258402850872,-0.0008813152001541033,552,653,2266.62
2026-08-20 01:53:12,okx,ETH,ETH-USD-261225-1100-C,2026-12-25,1100,call,0.5241245399061893,0.52,0.527,0.7267533703358258,0.44841065489013154,-0.7494385175912631,0.0003734349117158094,-0.00010663457062863074,0,0,2266.62
2026-08-20 01:53:12,okx,ETH,ETH-USD-261225-1100-P,2026-12-25,1100,put,0.0052887355825615,0.0043,0.0046,0.7267533703358258,-0.03276406460655377,0.21291092140210743,0.0003734349117158094,-0.00010663457062863074,6607,1312,2266.62
2026-08-20 01:53:12,okx,ETH,ETH-USD-260822-2550-C,2026-08-22,2550,call,0.001266317062062,0.0011,0.0012,0.873914784634637,0.0445910543694477,1.3118878233298008,0.00007563648006869284,-0.0014657493348214153,1200,1200,2266.62
2026-08-20 01:53:12,okx,ETH,ETH-USD-260904-2800-P,2026-09-04,2800,put,0.2377122928996932,0.2345,0.24,0.6267842562890624,-1.1804525794220948,3.250303502762815,0.00023298403614240327,-0.00046982154915188026,0,0,2266.62
2026-08-20 01:53:12,okx,ETH,ETH-USD-260904-2900-C,2026-09-04,2900,call,0.0021689649485744,0.0016,0.0017,0.6669130102683046,0.039016991230612245,0.5691086356261355,0.00018037691724046497,-0.0003942093315389286,3011,3011,2266.62
2026-08-20 01:53:12,okx,ETH,ETH-USD-260904-2700-P,2026-09-04,2700,put,0.1950147104803747,0.192,0.198,0.5901356623049361,-1.1118300705572493,3.4863499757135905,0.0003114299049443488,-0.0005951545266876028,0,0,2266.62
2026-08-20 01:53:12,okx,ETH,ETH-USD-260904-2800-C,2026-09-04,2800,call,0.0029563659895195,0.0025,0.0026,0.6267842562890624,0.053764835586666046,0.7818686727452931,0.00023298403614240327,-0.00047853103880256915,3593,3597,2266.62
2026-08-20 01:53:12,okx,ETH,ETH-USD-260904-2600-P,2026-09-04,2600,put,0.1534472686885692,0.151,0.1545,0.5581076634915352,-1.0264083941884632,3.8717436596853916,0.0004242726081162147,-0.0007704259271185741,0,0,2266.62
2026-08-20 01:53:12,okx,ETH,ETH-USD-260904-2700-C,2026-09-04,2700,call,0.0043370050418773,0.004,0.0041,0.5901356623049361,0.07830815105834162,1.1060735324824085,0.0003114299049443488,-0.0006022288594271267,200,200,2266.62
2026-08-20 01:53:12,okx,ETH,ETH-USD-260904-2550-P,2026-09-04,2550,put,0.1333767265958061,0.131,0.135,0.5442180211932258,-0.974333865376576,4.121716002005419,0.000494258402850872,-0.0008766936027813268,0,0,2266.62
2026-08-20 01:53:12,okx,ETH,ETH-USD-260904-2600-C,2026-09-04,2600,call,0.0068477847217479,0.0065,0.007,0.5581076634915352,0.11965063403395747,1.5796256032405498,0.0004242726081162147,-0.0007758651029469331,399,399,2266.62
2026-08-20 01:53:12,okx,ETH,ETH-USD-260828-1600-C,2026-08-28,1600,call,0.2945980298803144,0.293,0.296,0.9171294820312443,0.700654988479857,-1.3020942090842473,0.00002057887174042245,-0.00011209557794160769,2590,0,2266.62
2026-08-20 01:53:12,okx,ETH,ETH-USD-260828-1600-P,2026-08-28,1600,put,0.0002121963592833,0.0002,0.0004,0.9171294820312443,-0.004912428095481851,0.10904062406643056,0.00002057887174042245,-0.00011431758861090029,16805,10798,2266.62
2026-08-20 01:53:12,okx,ETH,ETH-USD-260828-1700-C,2026-08-28,1700,call,0.2507800183468978,0.249,0.2525,0.8567673713761241,0.7384555852386842,-1.2571607474296247,0.00004257972443964121,-0.00021907683048712367,6731,30,2266.62
2026-08-20 01:53:12,okx,ETH,ETH-USD-260828-1700-P,2026-08-28,1700,put,0.0004911760267484,0.0003,0.0005,0.8567673713761241,-0.01120979487261344,0.24217001279297062,0.00004257972443964121,-0.00022096597417373495,26599,3449,2266.62
2026-08-20 01:53:12,okx,ETH,ETH-USD-260828-1400-C,2026-08-28,1400,call,0.3826015862445184,0.3815,0.384,1.0017140948044307,0.616824066678343,-1.2212919798676751,0.000002799221641385558,-0.000014096404508455859,802,0,2266.62
2026-08-20 01:53:12,okx,ETH,ETH-USD-260828-1400-P,2026-08-28,1400,put,0.000021770321724,,0.0007,1.0017140948044307,-0.0005474228250784544,0.01345099913916781,0.000002799221641385558,-0.00001698414914311106,42963,0,2266.62
2026-08-20 01:53:12,okx,ETH,ETH-USD-260828-1500-C,2026-08-28,1500,call,0.3385595464788392,0.3375,0.34,0.9654865483228083,0.6596349284590396,-1.2804381675379517,0.000008478962613620571,-0.00004703017748306247,2099,0,2266.62
2026-08-20 01:53:12,okx,ETH,ETH-USD-260904-2900-P,2026-09-04,2900,put,0.2810031133304243,0.2775,0.2835,0.6669130102683046,-1.2392796171713187,3.1257018524299975,0.00018037691724046497,-0.0003838646849770748,0,0,2266.62
2026-08-20 01:53:12,okx,ETH,ETH-USD-260828-1500-P,2026-08-28,1500,put,0.0000767217569265,,0.0007,0.9654865483228083,-0.0018345245803406155,0.04250073854080879,0.000008478962613620571,-0.000049585055135036375,12668,972,2266.62
2026-08-20 01:53:12,okx,ETH,ETH-USD-260828-2000-C,2026-08-28,2000,call,0.1221585430828739,0.119,0.1225,0.6436879263302353,0.7885480169950727,0.09002750185830001,0.00024269082268678577,-0.0009453057112112562,29200,9717,2266.62
2026-08-20 01:53:12,okx,ETH,ETH-USD-260828-2000-P,2026-08-28,2000,put,0.0041606743653693,0.0029,0.003,0.6436879263302353,-0.093411253724101,1.8539460432966473,0.00024269082268678577,-0.0009461962539498238,15149,15826,2266.62
2026-08-20 01:53:12,okx,ETH,ETH-USD-260828-2100-C,2026-08-28,2100,call,0.0828769365407258,0.0805,0.083,0.5861466425962006,0.7369534726078986,1.504131938120933,0.0003947724651531655,-0.0014009615499264937,26045,51402,2266.62
2026-08-20 01:53:12,okx,ETH,ETH-USD-260828-2100-P,2026-08-28,2100,put,0.0089760590241029,0.0075,0.008,0.5861466425962006,-0.18910376164723372,3.3562464066311977,0.0003947724651531655,-0.0014015192256823798,6650,7651,2266.62
2026-08-20 01:53:12,okx,ETH,ETH-USD-260822-1920-C,2026-08-22,1920,call,0.1528114060134655,0.151,0.1545,0.9055348348275628,0.8380171453553816,-1.3316543001036754,0.00001926395618024438,-0.00038055503618338466,4,6,2266.62
2026-08-20 01:53:12,okx,ETH,ETH-USD-260828-1800-C,2026-08-28,1800,call,0.2072101252671707,0.205,0.2085,0.7870183394053409,0.7705377989187738,-1.0941076728419676,0.00007955572159116697,-0.0003776839473012601,16059,1965,2266.62
2026-08-20 01:53:12,okx,ETH,ETH-USD-260822-1920-P,2026-08-22,1920,put,0.0002217772138244,,0.0003,0.9055348348275628,-0.009308049584552823,0.36299608977619385,0.00001926395618024438,-0.0003868255353971139,661,827,2266.62
2026-08-20 01:53:12,okx,ETH,ETH-USD-260828-1800-P,2026-08-28,1800,put,0.001018274147903,0.0006,0.0007,0.7870183394053409,-0.023225544728482456,0.4934190144525451,0.00007955572159116697,-0.0003792402240051901,22716,9121,2266.62
2026-08-20 01:53:12,okx,ETH,ETH-USD-260828-1900-C,2026-08-28,1900,call,0.1641266520141119,0.1615,0.165,0.7133976634372732,0.7914514812831404,-0.7092633280943874,0.00014095296602958468,-0.0006078391308077676,19428,1704,2266.62
2026-08-20 01:53:12,okx,ETH,ETH-USD-260828-1900-P,2026-08-28,1900,put,0.0020317920957257,0.0012,0.0013,0.7133976634372732,-0.04640982590007453,0.9664592862720425,0.00014095296602958468,-0.0006090625405290164,21849,17396,2266.62
2026-08-20 01:53:12,okx,ETH,ETH-USD-260828-2400-C,2026-08-28,2400,call,0.011402939965407,0.013,0.0135,0.5285469157058363,0.23857327950261306,3.5204065907329247,0.0004778460468453936,-0.001529727387822988,20628,22654,2266.62
2026-08-20 01:53:12,okx,ETH,ETH-USD-260828-2400-P,2026-08-28,2400,put,0.0697930360514291,0.071,0.0725,0.5285469157058363,-0.8197778453603953,5.637108840458941,0.0004778460468453936,-0.00152928646263083,1980,370,2266.62
2026-08-20 01:53:12,okx,ETH,ETH-USD-260828-2500-C,2026-08-28,2500,call,0.0048016094494501,0.0065,0.007,0.5411886649531082,0.11852784690483009,2.268496844307761,0.0003066637298635898,-0.0010052229171653559,9937,13718,2266.62
2026-08-20 01:53:12,okx,ETH,ETH-USD-260828-2500-P,2026-08-28,2500,put,0.1072886967363537,0.1065,0.1105,0.5411886649531082,-0.983921241494137,4.473395021105695,0.0003066637298635898,-0.001004449124990517,5,0,2266.62
2026-08-20 01:53:12,okx,ETH,ETH-USD-260828-2200-C,2026-08-28,2200,call,0.0493894483251121,0.048,0.049,0.5471718028474492,0.6091674091923481,3.2413096291068175,0.0005518666529488827,-0.0018286739719130345,17890,15286,2266.62
2026-08-20 01:53:12,okx,ETH,ETH-USD-260828-2200-P,2026-08-28,2200,put,0.0195855620093709,0.0185,0.019,0.5471718028474492,-0.3609877885987429,5.181620024689,0.0005518666529488827,-0.0018288987806862392,5422,3861,2266.62
2026-08-20 01:53:12,okx,ETH,ETH-USD-260828-2300-C,2026-08-28,2300,call,0.0253370674063756,0.0255,0.026,0.5293901068391488,0.4194703074781448,4.123804770504888,0.0005941663101286864,-0.001905053557069995,14640,21487,2266.62
2026-08-20 01:53:12,okx,ETH,ETH-USD-260828-2300-P,2026-08-28,2300,put,0.0396301722915162,0.04,0.0405,0.5293901068391488,-0.594782853848905,6.152311093158988,0.0005941663101286864,-0.0019049454988605183,2487,1901,2266.62
2026-08-20 01:53:12,okx,ETH,ETH-USD-260828-2800-C,2026-08-28,2800,call,0.0005311888976235,0.0013,0.0014,0.6393588835445954,0.015419152903675659,0.3843497823235971,0.00006003434778363526,-0.00023248981948544443,6536,2059,2266.62
2026-08-20 01:53:12,okx,ETH,ETH-USD-260828-2800-P,2026-08-28,2800,put,0.2353092497871723,0.2335,0.239,0.6393588835445954,-1.2193238261031674,2.8538357403372836,0.00006003434778363526,-0.00023071742636256146,4041,3036,2266.62
2026-08-20 01:53:12,okx,ETH,ETH-USD-260828-2900-C,2026-08-28,2900,call,0.0003315493551847,0.0008,0.0009,0.6858842338806508,0.009477929692994293,0.2351273366357478,0.000039412771152170035,-0.00016373747265185926,3206,629,2266.62
2026-08-20 01:53:12,okx,ETH,ETH-USD-260828-2900-P,2026-08-28,2900,put,0.2792066014456151,0.277,0.2825,0.6858842338806508,-1.2693630128498077,2.792809221721351,0.000039412771152170035,-0.000161632212546295,0,0,2266.62
2026-08-20 01:53:12,okx,ETH,ETH-USD-260828-2600-C,2026-08-28,2600,call,0.0020671127030186,0.0036,0.0037,0.5652057096707219,0.0564708832351326,1.2616457927483764,0.00017570703788964432,-0.0006015217905083523,6776,4732,2266.62
2026-08-20 01:53:12,okx,ETH,ETH-USD-260828-2600-P,2026-08-28,2600,put,0.148651191190804,0.148,0.153,0.5652057096707219,-1.0900761686997933,3.554739896618228,0.00017570703788964432,-0.0006004151313508319,5,0,2266.62
2026-08-20 01:53:12,okx,ETH,ETH-USD-260828-2700-C,2026-08-28,2700,call,0.0009795399034639,0.002,0.0021,0.5985612215174636,0.028118045044243832,0.6807245333729656,0.00009976152258056504,-0.00036168433419251744,6124,5981,2266.62
2026-08-20 01:53:12,okx,ETH,ETH-USD-260828-2700-P,2026-08-28,2700,put,0.1916606095921308,0.191,0.1955,0.5985612215174636,-1.1625269704266405,3.0620145643147345,0.00009976152258056504,-0.0003602448080523157,2000,0,2266.62
2026-08-20 01:53:12,okx,ETH,ETH-USD-260828-3200-C,2026-08-28,3200,call,0.0001556060244158,0.0003,0.0004,0.8457296237630618,0.003932150999206484,0.08711034245432633,0.000018165586636887874,-0.00009305557921777827,2460,50,2266.62
2026-08-20 01:53:12,okx,ETH,ETH-USD-260823-2600-C,2026-08-23,2600,call,0.0008336374502794,0.0008,0.001,0.7624229043941337,0.029735503966087467,0.900440466650479,0.00006526039933893404,-0.000764363936076284,1310,1310,2266.62
2026-08-20 01:53:12,okx,ETH,ETH-USD-260828-3200-P,2026-08-28,3200,put,0.4113216317174911,0.409,0.4145,0.8457296237630618,-1.4072026821514712,2.909380008755682,0.000018165586636887874,-0.00008995171816417012,1000,0,2266.62
2026-08-20 01:53:12,okx,ETH,ETH-USD-260828-3400-C,2026-08-28,3400,call,0.0001295509955133,,0.0007,0.9585410914138085,0.0029604597221959917,0.05926113354812676,0.000014130221776498869,-0.00008203920901102922,2935,0,2266.62
2026-08-20 01:53:12,okx,ETH,ETH-USD-260828-3400-P,2026-08-28,3400,put,0.4994895590903517,0.4975,0.503,0.9585410914138085,-1.4963703005003992,3.0579226539933173,0.000014130221776498869,-0.00007826961399205847,0,0,2266.62
2026-08-20 01:53:12,okx,ETH,ETH-USD-260828-3000-C,2026-08-28,3000,call,0.0002346266263871,0.0006,0.0007,0.7366249438319342,0.006493108368004855,0.15686582366690774,0.000028296153144548693,-0.00012625094992376105,5548,103,2266.62
2026-08-20 01:53:12,okx,ETH,ETH-USD-260828-3000-P,2026-08-28,3000,put,0.3232066699176991,0.321,0.3265,0.7366249438319342,-1.3164457977107555,2.8027436358244286,0.000028296153144548693,-0.0001238128228355155,5,5,2266.62
2026-08-20 01:53:12,okx,ETH,ETH-USD-260828-3100-C,2026-08-28,3100,call,0.0001838321412671,0.0004,0.0006,0.7902753014664269,0.004874646035365872,0.11318414589251447,0.00002197144622421688,-0.00010517154443783451,2918,50,2266.62
2026-08-20 01:53:12,okx,ETH,ETH-USD-260828-3100-P,2026-08-28,3100,put,0.3672528666334607,0.365,0.3705,0.7902753014664269,-1.3621622235793533,2.8472578851219534,0.00002197144622421688,-0.00010240055036690764,0,0,2266.62
2026-08-20 01:53:12,okx,ETH,ETH-USD-260820-2325-P,2026-08-20,2325,put,0.0273196657217902,0.0255,0.03,0.7833839220907252,-0.9206812373156287,10.728860766282919,0.0000485901106144644,-0.0019032355713990649,0,0,2266.62
2026-08-20 01:53:12,okx,ETH,ETH-USD-260828-4000-C,2026-08-28,4000,call,0.0001109534749764,,0.0006,1.2744820135426567,0.001969928475285513,0.03035174435530895,0.000009883976051515905,-0.00007630053018289478,215,0,2266.62
2026-08-20 01:53:12,okx,ETH,ETH-USD-260820-2500-C,2026-08-20,2500,call,0.0003844403049959,,0.0031,1.8269285896258554,0.02143504488262235,1.0370768258801024,0.000013769484580611253,-0.0012577932522365538,89,89,2266.62
2026-08-20 01:53:12,okx,ETH,ETH-USD-260828-4000-P,2026-08-28,4000,put,0.7640529087751049,0.761,0.768,1.2744820135426567,-1.761948612963062,3.5581888272320037,0.000009883976051515905,-0.00007053373326783625,8,0,2266.62
2026-08-20 01:53:12,okx,ETH,ETH-USD-260822-2600-P,2026-08-22,2600,put,0.1483154604082741,0.1465,0.15,0.9134081620140864,-1.118243533413542,3.1839767191366195,0.000053461578039743324,-0.0010767870644956617,0,0,2266.62
2026-08-20 01:53:12,okx,ETH,ETH-USD-260820-2325-C,2026-08-20,2325,call,0.0010529932338411,0.0007,0.0009,0.7833839220907252,0.10562620672556695,8.676245878200527,0.0000485901106144644,-0.0019032355713990649,3033,3853,2266.62
2026-08-20 01:53:12,okx,ETH,ETH-USD-260823-2700-P,2026-08-23,2700,put,0.1916566898288422,0.19,0.1945,0.7863322055969512,-1.1815399151020756,2.725995295435035,0.000025446856923070985,-0.00030739354094798036,0,0,2266.62
2026-08-20 01:53:12,okx,ETH,ETH-USD-260828-3600-C,2026-08-28,3600,call,0.0001198284745308,,0.0006,1.0696081324954205,0.0024891063800293574,0.04516610179100268,0.000012129882763233702,-0.00007858564618963154,922,0,2266.62
2026-08-20 01:53:12,okx,ETH,ETH-USD-260822-2600-C,2026-08-22,2600,call,0.0008133975656337,0.0007,0.0009,0.9134081620140864,0.02917600140095248,0.8891376495076309,0.000053461578039743324,-0.0010828492092630402,300,300,2266.62
2026-08-20 01:53:12,okx,ETH,ETH-USD-260828-3600-P,2026-08-28,3600,put,0.5876738189711326,0.5845,0.591,1.0696081324954205,-1.5850375809144832,3.220219476380028,0.000012129882763233702,-0.00007415031720529819,0,0,2266.62
2026-08-20 01:53:12,okx,ETH,ETH-USD-260823-2600-P,2026-08-23,2600,put,0.1481146839460666,0.146,0.15,0.7624229043941337,-1.1175556676482843,3.195022809879223,0.00006526039933893404,-0.000764363936076284,0,0,2266.62
2026-08-20 01:53:12,okx,ETH,ETH-USD-260828-3800-C,2026-08-28,3800,call,0.0001150846876083,,0.0006,1.1755504329171662,0.002196679547496075,0.03650443783120006,0.000010873050068559132,-0.0000774202747410135,5702,0,2266.62
2026-08-20 01:53:12,okx,ETH,ETH-USD-260823-2700-C,2026-08-23,2700,call,0.0002494492370631,0.0004,0.0007,0.7863322055969512,0.009877840035925898,0.34315978515903184,0.000025446856923070985,-0.00030739354094798036,110,110,2266.62
2026-08-20 01:53:12,okx,ETH,ETH-USD-260828-3800-P,2026-08-28,3800,put,0.6758630575859733,0.6725,0.6795,1.1755504329171662,-1.6735259348189337,3.3879496665640603,0.000010873050068559132,-0.00007231921179131754,1652,1652,2266.62
2026-08-20 01:53:12,okx,ETH,ETH-USD-260820-2500-P,2026-08-20,2500,put,0.1038969913673066,0.1025,0.106,1.8269285896258554,-1.0821213465595234,3.244189608764394,0.000013769484580611253,-0.0012577932522365538,0,0,2266.62
2026-08-20 01:53:12,okx,ETH,ETH-USD-260823-2800-P,2026-08-23,2800,put,0.2355956383475168,0.2335,0.2375,0.7979013180710086,-1.2327996538362858,2.5799572354208986,0.00000813650823999328,-0.00009973366472632313,0,0,2266.62
2026-08-20 01:53:12,okx,ETH,ETH-USD-260823-2800-C,2026-08-23,2800,call,0.0000622036597458,0.0001,0.0004,0.7979013180710086,0.00274468482534549,0.10886855809763574,0.00000813650823999328,-0.00009973366472632313,0,0,2266.62
2026-08-20 01:53:12,okx,ETH,ETH-USD-260828-1950-C,2026-08-28,1950,call,0.1429358368704215,0.14,0.143,0.6775216949882233,0.7942156094849755,-0.37683585330711683,0.00018564831757746366,-0.00076079169465885,27556,4921,2266.62
2026-08-20 01:53:12,okx,ETH,ETH-USD-260828-1950-P,2026-08-28,1950,put,0.0028894725524761,0.0019,0.002,0.6775216949882233,-0.06569467946621879,1.3429847245952717,0.00018564831757746366,-0.0007618486708887581,19921,14224,2266.62
2026-08-20 01:53:12,okx,ETH,ETH-USD-260828-1750-C,2026-08-28,1750,call,0.2289541857697583,0.227,0.2305,0.822788109018302,0.755447004282452,-1.1951653120982708,0.00005875059524875311,-0.0002910692924983565,8890,51,2266.62
2026-08-20 01:53:12,okx,ETH,ETH-USD-260828-1750-P,2026-08-28,1750,put,0.0007138390500496,0.0005,0.0006,0.822788109018302,-0.01626735759682488,0.348263411660283,0.00005875059524875311,-0.00029279200269362717,19657,5824,2266.62
2026-08-20 01:53:12,okx,ETH,ETH-USD-260925-1700-C,2026-09-25,1700,call,0.2566406315656057,0.254,0.2575,0.6248936696108759,0.6849292888254234,-0.7773236356122708,0.0003677832508920618,-0.0003169591925076859,7510,220,2266.62
2026-08-20 01:53:12,okx,ETH,ETH-USD-260925-1700-P,2026-09-25,1700,put,0.0053324687291816,0.0043,0.0044,0.6248936696108759,-0.06377903515611098,0.7200930123507978,0.0003677832508920618,-0.0003169591925076859,27965,21685,2266.62
2026-08-20 01:53:12,okx,ETH,ETH-USD-260821-2500-P,2026-08-21,2500,put,0.1046923555502751,0.1025,0.106,0.986900865004585,-1.0576652817371033,3.8112373864071736,0.00005753528232100856,-0.002258393042215919,0,0,2266.62
2026-08-20 01:53:12,okx,ETH,ETH-USD-260821-2275-P,2026-08-21,2275,put,0.0169820338416892,0.0165,0.0175,0.6292304024207288,-0.5557388459156817,11.8734116605691,0.0002327870156565121,-0.005836263742988871,1558,1558,2266.62
2026-08-20 01:53:12,okx,ETH,ETH-USD-260821-2500-C,2026-08-21,2500,call,0.0011014060145001,0.0006,0.0008,0.986900865004585,0.045883847460949506,1.6041391280110677,0.00005753528232100856,-0.0022626506048694208,0,0,2266.62
2026-08-20 01:53:12,okx,ETH,ETH-USD-260821-2275-C,2026-08-21,2275,call,0.012709629301579,0.0125,0.013,0.6292304024207288,0.4484908616545461,9.864952245428645,0.0002327870156565121,-0.005836439685616293,26,26,2266.62
2026-08-20 01:53:12,okx,ETH,ETH-USD-260820-2260-P,2026-08-20,2260,put,0.0052657216710487,0.005,0.006,0.608532167286807,-0.4430741893744408,25.399700417497964,0.00010410785276045925,-0.0031676488635949034,0,880,2266.62
2026-08-20 01:53:12,okx,ETH,ETH-USD-260820-2260-C,2026-08-20,2260,call,0.00769037551072,0.007,0.008,0.608532167286807,0.5545407884892591,23.404470461770565,0.00010410785276045925,-0.0031676488635949034,0,0,2266.62
2026-08-20 01:53:12,okx,ETH,ETH-USD-260823-2375-P,2026-08-23,2375,put,0.055276965379597,0.0525,0.057,0.6231000961954869,-0.8338889710188567,6.71826310151948,0.0002806167087786968,-0.0026861228510380165,0,0,2266.62
2026-08-20 01:53:12,okx,ETH,ETH-USD-260822-2375-C,2026-08-22,2375,call,0.0061208092274098,0.0055,0.006,0.6997022430905625,0.1974545244426973,4.749963885158677,0.00022237723677612795,-0.003450219031563926,0,0,2266.62
2026-08-20 01:53:12,okx,ETH,ETH-USD-260823-2375-C,2026-08-23,2375,call,0.0072798555997913,0.0065,0.007,0.6231000961954869,0.2141173876673484,4.622250384147071,0.0002806167087786968,-0.0026861228510380165,0,0,2266.62
2026-08-20 01:53:12,okx,ETH,ETH-USD-260822-2375-P,2026-08-22,2375,put,0.0543278270413541,0.052,0.0565,0.6997022430905625,-0.8506690890897738,6.846211112223619,0.00022237723677612795,-0.003448237541055002,0,0,2266.62
2026-08-20 01:53:12,okx,ETH,ETH-USD-260820-2240-P,2026-08-20,2240,put,0.0021208783784843,0.0022,0.0025,0.5902582851581971,-0.23452579820963979,20.05492137473024,0.00008068237204721112,-0.0023811719283541245,1010,1010,2266.62
2026-08-20 01:53:12,okx,ETH,ETH-USD-260820-2240-C,2026-08-20,2240,call,0.013373632626654,0.013,0.0145,0.5902582851581971,0.7542607285225229,18.077348321265916,0.00008068237204721112,-0.0023811719283541245,0,0,2266.62
2026-08-20 01:53:12,okx,ETH,ETH-USD-260823-1825-P,2026-08-23,1825,put,0.0001818231250242,,0.0007,0.9338789427789702,-0.00640143263292899,0.21184838815299994,0.000016575460604014968,-0.0002377993783665503,490,490,2266.62
2026-08-20 01:53:12,okx,ETH,ETH-USD-260823-1850-C,2026-08-23,1850,call,0.1838754815192584,0.1825,0.1855,0.8966419803997866,0.808766792437295,-1.3768316664926559,0.00001924514684305726,-0.00026509090275708355,0,0,2266.62
2026-08-20 01:53:12,okx,ETH,ETH-USD-260823-1800-P,2026-08-23,1800,put,0.000157630779461,,0.0007,0.9709643458820458,-0.005423847464970385,0.17600509952558197,0.000014299601715171905,-0.00021329552823492516,4,8,2266.62
2026-08-20 01:53:12,okx,ETH,ETH-USD-260823-1825-C,2026-08-23,1825,call,0.1948787808731734,0.1935,0.1965,0.9338789427789702,0.7989087166733128,-1.3987719104594836,0.000016575460604014968,-0.0002377993783665503,0,0,2266.62
2026-08-20 01:53:12,okx,ETH,ETH-USD-260823-1775-P,2026-08-23,1775,put,0.0001364367597223,,0.0007,1.0075988669316165,-0.004594761697170972,0.14638610952545664,0.000012326891814728845,-0.0001908076493880648,50,50,2266.62
2026-08-20 01:53:12,okx,ETH,ETH-USD-260823-1800-C,2026-08-23,1800,call,0.2058861370516083,0.2045,0.2075,0.9709643458820458,0.788854655960364,-1.4125519073250867,0.000014299601715171905,-0.00021329552823492516,0,0,2266.62
2026-08-20 01:53:12,okx,ETH,ETH-USD-260823-1775-C,2026-08-23,1775,call,0.2168964915558675,0.2155,0.2185,1.0075988669316165,0.778652095847256,-1.4201076055633972,0.000012326891814728845,-0.0001908076493880648,0,0,2266.62
2026-08-20 01:53:12,okx,ETH,ETH-USD-260823-1910-P,2026-08-23,1910,put,0.0003058356067564,,0.0004,0.8086497210931528,-0.011681010330739969,0.41383683841179186,0.000028156332233030972,-0.000349776838976354,410,750,2266.62
2026-08-20 01:53:12,okx,ETH,ETH-USD-260823-1920-C,2026-08-23,1920,call,0.1531049070139198,0.1515,0.1545,0.7944261313295171,0.8345958235059702,-1.2436320992700882,0.00003014647021703247,-0.00036791247713590194,0,0,2266.62
2026-08-20 01:53:12,okx,ETH,ETH-USD-260823-1900-P,2026-08-23,1900,put,0.0002860013545772,,0.0003,0.8230387171505827,-0.010822574170232772,0.3805629031545929,0.00002634133715588483,-0.0003330524319482223,955,2666,2266.62
2026-08-20 01:53:12,okx,ETH,ETH-USD-260823-1910-C,2026-08-23,1910,call,0.1574955283733127,0.156,0.159,0.8086497210931528,0.8311367349705872,-1.2717986521908624,0.000028156332233030972,-0.000349776838976354,0,0,2266.62
2026-08-20 01:53:12,okx,ETH,ETH-USD-260823-1875-P,2026-08-23,1875,put,0.0002439896615175,,0.0007,0.8595793370237548,-0.009014412389290889,0.3107740064926954,0.000022438733057636106,-0.00029630489464922834,600,960,2266.62
2026-08-20 01:53:12,okx,ETH,ETH-USD-260823-1900-C,2026-08-23,1900,call,0.1618883135307327,0.16,0.1635,0.8230387171505827,0.8275825127787313,-1.2962472707433352,0.00002634133715588483,-0.0003330524319482223,0,0,2266.62
2026-08-20 01:53:12,okx,ETH,ETH-USD-260823-1850-P,2026-08-23,1850,put,0.0002100722951072,,0.0007,0.8966419803997866,-0.00757500274985422,0.25585192388164274,0.00001924514684305726,-0.00026509090275708355,288,288,2266.62
2026-08-20 01:53:12,okx,ETH,ETH-USD-260823-1875-C,2026-08-23,1875,call,0.1728778503616709,0.171,0.1745,0.8595793370237548,0.8183590286787659,-1.343972875643418,0.000022438733057636106,-0.00029630489464922834,0,0,2266.62
2026-08-20 01:53:12,okx,ETH,ETH-USD-260823-1975-P,2026-08-23,1975,put,0.0005073939524188,0.0004,0.0006,0.720225060220355,-0.02038356647022204,0.7489389004556221,0.00004548094150988202,-0.0005032134048496248,1477,2546,2266.62
2026-08-20 01:53:12,okx,ETH,ETH-USD-260823-2000-C,2026-08-23,2000,call,0.118118648163998,0.116,0.12,0.689464342278176,0.8564130838216439,-0.8008411657361478,0.000056068910280237,-0.0005938659869208443,1507,1834,2266.62
2026-08-20 01:53:12,okx,ETH,ETH-USD-260823-1950-P,2026-08-23,1950,put,0.0004107568691036,0.0003,0.0005,0.7529877134263449,-0.01622686850550813,0.5898375737540132,0.00003742526374615612,-0.0004329196372811881,1850,3400,2266.62
2026-08-20 01:53:12,okx,ETH,ETH-USD-260823-1975-C,2026-08-23,1975,call,0.1290150605565804,0.127,0.1305,0.720225060220355,0.8511164581214644,-0.9940611487277508,0.00004548094150988202,-0.0005032134048496248,29,55,2266.62
2026-08-20 01:53:12,okx,ETH,ETH-USD-260823-1925-P,2026-08-23,1925,put,0.0003397543626239,0.0002,0.0004,0.787383845772227,-0.013151560365596664,0.47088176549599026,0.00003121459519144287,-0.00037757109027243785,310,510,2266.62
2026-08-20 01:53:12,okx,ETH,ETH-USD-260823-1950-C,2026-08-23,1950,call,0.1399499719972631,0.138,0.1415,0.7529877134263449,0.8442415102052708,-1.1310991836675446,0.00003742526374615612,-0.0004329196372811881,1,1,2266.62
2026-08-20 01:53:12,okx,ETH,ETH-USD-260823-1920-P,2026-08-23,1920,put,0.0003278336569628,0.0002,0.0004,0.7944261313295171,-0.012634580147719891,0.4508287080372921,0.00003014647021703247,-0.00036791247713590194,205,205,2266.62
2026-08-20 01:53:12,okx,ETH,ETH-USD-260823-1925-C,2026-08-23,1925,call,0.1509105180147815,0.149,0.1525,0.787383845772227,0.8362851724642749,-1.2279917001637528,0.00003121459519144287,-0.00037757109027243785,258,259,2266.62
2026-08-20 01:53:12,okx,ETH,ETH-USD-260823-2050-P,2026-08-23,2050,put,0.0011182616521962,0.0011,0.0012,0.6353416270778528,-0.045565915525478375,1.6553880797150284,0.00008862123919338014,-0.0008649672333233785,385,791,2266.62
2026-08-20 01:53:12,okx,ETH,ETH-USD-260823-2025-P,2026-08-23,2025,put,0.0008359902816415,0.0007,0.0009,0.6610594687358003,-0.03416221480327718,1.2572682132683943,0.00007008490030240956,-0.000711736956025878,349,428,2266.62
2026-08-20 01:53:12,okx,ETH,ETH-USD-260823-2050-C,2026-08-23,2050,call,0.096531282684364,0.0945,0.0985,0.6353416270778528,0.8590290467089302,-0.1538018447537887,0.00008862123919338014,-0.0008649672333233785,232,232,2266.62
2026-08-20 01:53:12,okx,ETH,ETH-USD-260823-2000-P,2026-08-23,2000,put,0.0006425300838343,0.0006,0.0007,0.689464342278176,-0.02611858665094982,0.9642221752090399,0.000056068910280237,-0.0005938659869208443,1454,1469,2266.62
2026-08-20 01:53:12,okx,ETH,ETH-USD-260823-2025-C,2026-08-23,2025,call,0.1072805598378072,0.1055,0.109,0.6610594687358003,0.859401101550224,-0.5298584194386081,0.00007008490030240956,-0.000711736956025878,301,318,2266.62
2026-08-20 01:53:12,okx,ETH,ETH-USD-261225-1500-C,2026-12-25,1500,call,0.3616147132907518,0.356,0.3655,0.615580141532005,0.5484405170333818,-0.6502665687674557,0.000958514018047974,-0.00023183506475070461,666,0,2266.62
2026-08-20 01:53:12,okx,ETH,ETH-USD-261225-1500-P,2026-12-25,1500,put,0.0177477073948956,0.0155,0.016,0.615580141532005,-0.10770682773482536,0.6620281207689587,0.000958514018047974,-0.00023183506475070461,22486,1880,2266.62
2026-08-20 01:53:12,okx,ETH,ETH-USD-260828-1000-C,2026-08-28,1000,call,0.558967783548429,0.558,0.56,1.061650296556566,0.44097953693018616,-0.8819558476982643,0.0000000007746006897988111,0.000004214231474874451,5,0,2266.62
2026-08-20 01:53:12,okx,ETH,ETH-USD-260828-1000-P,2026-08-28,1000,put,0.0000000028221081,,,1.061650296556566,-0.00000009842940068863858,0.0000034230209095128637,0.0000000007746006897988111,-0.000000004981090505940602,3864,0,2266.62
2026-08-20 01:53:12,okx,ETH,ETH-USD-260828-1550-C,2026-08-28,1550,call,0.3165653230827881,0.3155,0.318,0.9428653120117996,0.6804436009570752,-1.2974532864514619,0.000013526373814459446,-0.00007486047468400181,571,0,2266.62
2026-08-20 01:53:12,okx,ETH,ETH-USD-260828-1550-P,2026-08-28,1550,put,0.0001309939613162,0.0002,0.0007,0.9428653120117996,-0.003074833850284319,0.06958358316325751,0.000013526373814459446,-0.00007724891884463507,10620,1680,2266.62
2026-08-20 01:53:12,okx,ETH,ETH-USD-261225-2100-P,2026-12-25,2100,put,0.0839514978788038,0.083,0.084,0.5349045947017586,-0.41875200823435826,1.9906994785739744,0.002150603436688827,-0.00045199404919742564,870,676,2266.62
2026-08-20 01:53:12,okx,ETH,ETH-USD-261225-2100-C,2026-12-25,2100,call,0.1653653061330023,0.164,0.1655,0.5349045947017586,0.49985427444113184,0.15348691322299415,0.002150603436688827,-0.00045199404919742564,3021,3424,2266.62
2026-08-20 01:53:12,okx,ETH,ETH-USD-261127-1300-C,2026-11-27,1300,call,0.4359873031543678,0.4315,0.4405,0.6684649944315393,0.5270896665110002,-0.8225341238443185,0.0004210758718905916,-0.000141793981394144,0,0,2266.62
2026-08-20 01:53:12,okx,ETH,ETH-USD-261127-1300-P,2026-11-27,1300,put,0.0058622558870372,0.005,0.0055,0.6684649944315393,-0.04279527893417231,0.3172357670460267,0.0004210758718905916,-0.000141793981394144,207,0,2266.62
2026-08-20 01:53:12,okx,ETH,ETH-USD-261127-1200-C,2026-11-27,1200,call,0.4780544098428341,0.474,0.482,0.6989192510468294,0.4960498291868412,-0.8268952872479978,0.0003139835543198641,-0.00011054845448588477,0,0,2266.62
2026-08-20 01:53:12,okx,ETH,ETH-USD-261127-1200-P,2026-11-27,1200,put,0.0040928277499136,0.0036,0.0039,0.6989192510468294,-0.029997812762548745,0.22519999665078222,0.0003139835543198641,-0.00011054845448588477,205,0,2266.62
2026-08-20 01:53:12,okx,ETH,ETH-USD-261127-1100-C,2026-11-27,1100,call,0.5205723076714072,0.517,0.5245,0.7304755273216871,0.4618001800496164,-0.8093960878040667,0.00022685397103301,-0.00008347776782029289,0,0,2266.62
2026-08-20 01:53:12,okx,ETH,ETH-USD-261225-2300-C,2026-12-25,2300,call,0.1205346518496642,0.1205,0.1215,0.5249882031085441,0.4333261091777637,0.408579591369983,0.0023341016426950616,-0.0004814657099432348,1278,301,2266.62
2026-08-20 01:53:12,okx,ETH,ETH-USD-261127-1100-P,2026-11-27,1100,put,0.0027741907528965,0.0023,0.0028,0.7304755273216871,-0.020410158403990998,0.15502458910314834,0.00022685397103301,-0.00008347776782029289,5,5,2266.62
2026-08-20 01:53:12,okx,ETH,ETH-USD-261225-2300-P,2026-12-25,2300,put,0.1266052428093517,0.1265,0.128,0.5249882031085441,-0.5727664861334875,2.420764781992485,0.0023341016426950616,-0.0004814657099432348,705,715,2266.62
2026-08-20 01:53:12,okx,ETH,ETH-USD-261127-1600-C,2026-11-27,1600,call,0.3144200350503807,0.309,0.32,0.5902118122054317,0.5898628414562573,-0.6274729963403411,0.0008863476523767637,-0.00026353042767493273,0,0,2266.62
2026-08-20 01:53:12,okx,ETH,ETH-USD-261127-1600-P,2026-11-27,1600,put,0.0158045922598198,0.0145,0.015,0.5902118122054317,-0.11153401447626257,0.7753207155246988,0.0008863476523767637,-0.00026353042767493273,755,45,2266.62
2026-08-20 01:53:12,okx,ETH,ETH-USD-261127-1550-C,2026-11-27,1550,call,0.3340011522070625,0.329,0.3395,0.6015293030883269,0.5835577592141952,-0.6822536346507057,0.0007931095831110585,-0.00024033042646097157,0,0,2266.62
2026-08-20 01:53:12,okx,ETH,ETH-USD-261127-1550-P,2026-11-27,1550,put,0.0134674420037066,0.0125,0.013,0.6015293030883269,-0.0959204449704336,0.6767027737185517,0.0007931095831110585,-0.00024033042646097157,735,535,2266.62
2026-08-20 01:53:12,okx,ETH,ETH-USD-261127-1500-C,2026-11-27,1500,call,0.3539088683107693,0.349,0.359,0.6136003267749306,0.5753418856396051,-0.727564801344282,0.0007060028324470301,-0.00021822816292599518,0,0,2266.62
2026-08-20 01:53:12,okx,ETH,ETH-USD-261127-1500-P,2026-11-27,1500,put,0.0114568906946185,0.0105,0.011,0.6136003267749306,-0.08221766679713223,0.5875543035291928,0.0007060028324470301,-0.00021822816292599518,868,644,2266.62
2026-08-20 01:53:12,okx,ETH,ETH-USD-261127-1400-C,2026-11-27,1400,call,0.3945307515412306,0.39,0.3995,0.6398306241215139,0.5539353783297724,-0.7911825277868499,0.0005510047064912453,-0.00017759842187791132,0,0,2266.62
2026-08-20 01:53:12,okx,ETH,ETH-USD-261127-1400-P,2026-11-27,1400,put,0.0082422390994899,0.0075,0.008,0.6398306241215139,-0.059786870611182666,0.43626197009506007,0.0005510047064912453,-0.00017759842187791132,915,670,2266.62
2026-08-20 01:53:12,okx,ETH,ETH-USD-261127-1800-C,2026-11-27,1800,call,0.2403974509226327,0.237,0.2425,0.5529843772815158,0.5925179308087684,-0.3171570062940037,0.001305059564664523,-0.00036354817340281435,0,0,2266.62
2026-08-20 01:53:12,okx,ETH,ETH-USD-261127-1800-P,2026-11-27,1800,put,0.0294550777832517,0.0285,0.029,0.5529843772815158,-0.19655353211531654,1.2609859195541662,0.001305059564664523,-0.00036354817340281435,650,420,2266.62
2026-08-20 01:53:12,okx,ETH,ETH-USD-261127-1750-C,2026-11-27,1750,call,0.2581462608261522,0.255,0.26,0.5610548586441001,0.5955291937873046,-0.40721362710583775,0.0011958969321486284,-0.00033800089519506676,0,0,2266.62
2026-08-20 01:53:12,okx,ETH,ETH-USD-261127-1750-P,2026-11-27,1750,put,0.0252856202739762,0.024,0.025,0.5610548586441001,-0.17162361738888915,1.1270919952465497,0.0011958969321486284,-0.00033800089519506676,431,795,2266.62
2026-08-20 01:53:12,okx,ETH,ETH-USD-261127-1700-C,2026-11-27,1700,call,0.2764379722414789,0.273,0.278,0.569955651353537,0.5960092014226187,-0.48953954197805755,0.0010887613328520562,-0.00031260255541178925,0,0,2266.62
2026-08-20 01:53:12,okx,ETH,ETH-USD-261127-1700-P,2026-11-27,1700,put,0.021659064276508,0.0205,0.021,0.569955651353537,-0.14922495800568372,1.000928776878547,0.0010887613328520562,-0.00031260255541178925,530,470,2266.62
2026-08-20 01:53:12,okx,ETH,ETH-USD-261127-1650-C,2026-11-27,1650,call,0.2952146150313265,0.2895,0.301,0.5796795801047214,0.5940709053620526,-0.5631562717840839,0.0009851816979674715,-0.00028768890180382186,0,0,2266.62
2026-08-20 01:53:12,okx,ETH,ETH-USD-261127-1650-P,2026-11-27,1650,put,0.0185174396535605,0.0175,0.018,0.5796795801047214,-0.12924460231835855,0.8834747435767385,0.0009851816979674715,-0.00028768890180382186,401,0,2266.62
2026-08-20 01:53:12,okx,ETH,ETH-USD-261127-2000-C,2026-11-27,2000,call,0.1759585688529151,0.1755,0.177,0.5289166545727851,0.5547132115103629,0.08790004926907598,0.0017220993048735582,-0.0004588430995829035,510,150,2266.62
2026-08-20 01:53:12,okx,ETH,ETH-USD-261127-2000-P,2026-11-27,2000,put,0.0526892653647141,0.0525,0.0535,0.5289166545727851,-0.32203285840528717,1.8413921891003762,0.0017220993048735582,-0.0004588430995829035,1210,1210,2266.62
2026-08-20 01:53:12,okx,ETH,ETH-USD-261127-1950-C,2026-11-27,1950,call,0.19098023579755,0.1885,0.1935,0.5337249302707829,0.567920858306543,-0.01607589371426396,0.001625185959223813,-0.00043695762454512257,0,0,2266.62
2026-08-20 01:53:12,okx,ETH,ETH-USD-261127-1950-P,2026-11-27,1950,put,0.0457926648965539,0.0455,0.046,0.5337249302707829,-0.28690655986121577,1.6935789426212535,0.001625185959223813,-0.00043695762454512257,460,260,2266.62
2026-08-20 01:53:12,okx,ETH,ETH-USD-261127-1900-C,2026-11-27,1900,call,0.2067596969285089,0.204,0.209,0.5393285081965962,0.5786924502110888,-0.11970217170187587,0.0015218657034424758,-0.00041347425957026046,0,0,2266.62
2026-08-20 01:53:12,okx,ETH,ETH-USD-261127-1900-P,2026-11-27,1900,put,0.0396538586147178,0.039,0.04,0.5393285081965962,-0.25421631620877866,1.546115361137859,0.0015218657034424758,-0.00041347425957026046,320,110,2266.62
2026-08-20 01:53:12,okx,ETH,ETH-USD-261127-1850-C,2026-11-27,1850,call,0.2232497403020783,0.2205,0.2255,0.5457443424039667,0.5869090774586669,-0.22074117516853867,0.0014144108739664746,-0.0003888513399103944,10,0,2266.62
2026-08-20 01:53:12,okx,ETH,ETH-USD-261127-1850-P,2026-11-27,1850,put,0.0342256345754923,0.0335,0.034,0.5457443424039667,-0.22408103721330933,1.4012390541754138,0.0014144108739664746,-0.0003888513399103944,570,290,2266.62
2026-08-20 01:53:12,okx,ETH,ETH-USD-261127-2200-C,2026-11-27,2200,call,0.1240964029439129,0.124,0.126,0.5171596733363638,0.48201515363136094,0.4626369307041641,0.0020063454210245473,-0.0005226959422864691,1175,980,2266.62
2026-08-20 01:53:12,okx,ETH,ETH-USD-261127-2200-P,2026-11-27,2200,put,0.0885001691068918,0.089,0.09,0.5171596733363638,-0.482405523275854,2.391478284518594,0.0020063454210245473,-0.0005226959422864691,0,0,2266.62
2026-08-20 01:53:12,okx,ETH,ETH-USD-261127-2150-C,2026-11-27,2150,call,0.1357888398753647,0.136,0.1375,0.5190331120398203,0.5025951745024569,0.37919064044892786,0.001953930248234683,-0.0005108846946231417,1524,210,2266.62
2026-08-20 01:53:12,okx,ETH,ETH-USD-261127-2150-P,2026-11-27,2150,put,0.0782743386255486,0.0785,0.0795,0.5190331120398203,-0.4399068506568668,2.2641946907675754,0.001953930248234683,-0.0005108846946231417,0,0,2266.62
2026-08-20 01:53:12,okx,ETH,ETH-USD-261127-2100-C,2026-11-27,2100,call,0.1483377405082554,0.148,0.1495,0.5215972125101601,0.5217834194190071,0.2876954445233253,0.001888240264555144,-0.0004961480480687933,200,0,2266.62
2026-08-20 01:53:12,okx,ETH,ETH-USD-261127-2100-P,2026-11-27,2100,put,0.0689049718456442,0.069,0.07,0.5215972125101601,-0.3987999539924254,2.1288621913461903,0.001888240264555144,-0.0004961480480687933,270,270,2266.62
2026-08-20 01:53:12,okx,ETH,ETH-USD-261127-2050-C,2026-11-27,2050,call,0.1617342878084356,0.1615,0.163,0.5248823985283694,0.5392532076189677,0.1899098070952886,0.0018104317675534712,-0.00047869946484015597,200,0,2266.62
2026-08-20 01:53:12,okx,ETH,ETH-USD-261127-2050-P,2026-11-27,2050,put,0.0603832517330296,0.0605,0.061,0.5248823985283694,-0.35941151404457344,1.9872392504223708,0.0018104317675534712,-0.00047869946484015597,0,0,2266.62
2026-08-20 01:53:12,okx,ETH,ETH-USD-261127-2600-C,2026-11-27,2600,call,0.0584956626308764,0.058,0.059,0.51958806112038,0.30566640420871405,0.7748468831435611,0.0019585608081486936,-0.0005126429560550944,3993,4534,2266.62
2026-08-20 01:53:12,okx,ETH,ETH-USD-261127-2600-P,2026-11-27,2600,put,0.1982455680962151,0.19,0.2,0.51958806112038,-0.8341034866816309,3.054386664924251,0.0019585608081486936,-0.0005126429560550944,270,270,2266.62
2026-08-20 01:53:12,okx,ETH,ETH-USD-261127-2500-C,2026-11-27,2500,call,0.0708688584778057,0.0705,0.0715,0.5173679823391835,0.3480613860899104,0.7519393415017609,0.0020372536478165102,-0.0005309619795601134,1228,1935,2266.62
2026-08-20 01:53:12,okx,ETH,ETH-USD-261127-2500-P,2026-11-27,2500,put,0.1667822291175544,0.166,0.168,0.5173679823391835,-0.747871201304652,2.9438045162908857,0.0020372536478165102,-0.0005309619795601134,0,0,2266.62
2026-08-20 01:53:12,okx,ETH,ETH-USD-260925-2300-C,2026-09-25,2300,call,0.05638532581547,0.0565,0.057,0.495517866315588,0.4418855263400485,1.6707571075259993,0.0012573085494542568,-0.000859224131938569,14840,10774,2266.62
2026-08-20 01:53:12,okx,ETH,ETH-USD-261127-2400-C,2026-11-27,2400,call,0.0856722543590793,0.0855,0.087,0.515826059428524,0.392681978939109,0.6955755138348859,0.002077298712234928,-0.0005397852360734589,1040,1020,2266.62
2026-08-20 01:53:12,okx,ETH,ETH-USD-260925-2300-P,2026-09-25,2300,put,0.0693213408014845,0.069,0.07,0.495517866315588,-0.5710727943408509,3.696673748887798,0.0012573085494542568,-0.000859224131938569,930,630,2266.62
2026-08-20 01:53:12,okx,ETH,ETH-USD-261127-2400-P,2026-11-27,2400,put,0.137749090173238,0.1375,0.1395,0.515826059428524,-0.659413304959671,2.7997660816324457,0.002077298712234928,-0.0005397852360734589,0,0,2266.62
2026-08-20 01:53:12,okx,ETH,ETH-USD-261127-2300-C,2026-11-27,2300,call,0.1032607356383191,0.1035,0.105,0.5153541651767534,0.43807057994823073,0.6003704454321254,0.00206919309150926,-0.0005371871077651206,2865,3745,2266.62
2026-08-20 01:53:12,okx,ETH,ETH-USD-261127-2300-P,2026-11-27,2300,put,0.1115010366268879,0.1115,0.113,0.5153541651767534,-0.5701874004547667,2.6168864062381205,0.00206919309150926,-0.0005371871077651206,0,0,2266.62
2026-08-20 01:53:12,okx,ETH,ETH-USD-261127-3200-C,2026-11-27,3200,call,0.0188926639889043,0.018,0.019,0.5431848323170251,0.12721324932619257,0.5543447101585738,0.0011946252265402596,-0.0003268873292243669,1826,1826,2266.62
2026-08-20 01:53:12,okx,ETH,ETH-USD-261127-3200-P,2026-11-27,3200,put,0.4216617784077827,0.417,0.4275,0.5431848323170251,-1.2755804625388474,3.359932133888654,0.0011946252265402596,-0.0003268873292243669,0,0,2266.62
2026-08-20 01:53:12,okx,ETH,ETH-USD-261127-3000-C,2026-11-27,3000,call,0.027241076739135,0.0265,0.027,0.533751840940965,0.17181861820905572,0.6593490613847398,0.0014557699498575242,-0.00039142711548020165,530,340,2266.62
2026-08-20 01:53:12,okx,ETH,ETH-USD-261127-3000-P,2026-11-27,3000,put,0.3423371215068334,0.337,0.348,0.533751840940965,-1.1433004866644192,3.2895872711316896,0.0014557699498575242,-0.00039142711548020165,0,0,2266.62
2026-08-20 01:53:12,okx,ETH,ETH-USD-261127-2800-C,2026-11-27,2800,call,0.0398008723044484,0.039,0.0395,0.5257448168938973,0.23099506952555668,0.7458080327660211,0.0017267431117164629,-0.0004573213776770936,1436,2360,2266.62
2026-08-20 01:53:12,okx,ETH,ETH-USD-261127-2800-P,2026-11-27,2800,put,0.2672238474209669,0.2575,0.269,0.5257448168938973,-0.9964494283563532,3.200697028529841,0.0017267431117164629,-0.0004573213776770936,0,0,2266.62
2026-08-20 01:53:12,okx,ETH,ETH-USD-261127-2700-C,2026-11-27,2700,call,0.0482417929602885,0.0475,0.0485,0.5224043500474375,0.2664630565622709,0.7705591191176021,0.0018517027191579571,-0.0004873004585326419,3907,5122,2266.62
2026-08-20 01:53:12,okx,ETH,ETH-USD-261127-2700-P,2026-11-27,2700,put,0.2318282332512171,0.2215,0.233,0.5224043500474375,-0.9171441378238565,3.1377735078898574,0.0018517027191579571,-0.0004873004585326419,0,0,2266.62
2026-08-20 01:53:12,okx,ETH,ETH-USD-260904-1700-C,2026-09-04,1700,call,0.2512739690297218,0.2495,0.253,0.7159087803811641,0.7275573584107083,-1.1156587716434716,0.00010156705899392613,-0.00022900784879952422,0,0,2266.62
2026-08-20 01:53:12,okx,ETH,ETH-USD-260904-1700-P,2026-09-04,1700,put,0.0011694597514568,0.0008,0.001,0.7159087803811641,-0.02178892927318218,0.38303380372430945,0.00010156705899392613,-0.0002382850851716496,1782,660,2266.62
2026-08-20 01:53:12,okx,ETH,ETH-USD-260904-1650-C,2026-09-04,1650,call,0.2730954227526103,0.2715,0.275,0.7552662595099238,0.7100127659958738,-1.156065992881006,0.00008331999091240735,-0.0001961297064517334,0,0,2266.62
2026-08-20 01:53:12,okx,ETH,ETH-USD-260904-1650-P,2026-09-04,1650,put,0.0009518027385071,0.0006,0.0008,0.7552662595099238,-0.01729392499143171,0.29854738909360523,0.00008331999091240735,-0.0002062245212794412,1837,1270,2266.62
2026-08-20 01:53:12,okx,ETH,ETH-USD-260904-1600-C,2026-09-04,1600,call,0.2949728520639764,0.2935,0.2965,0.796947620822658,0.6913151330678619,-1.1749731962757757,0.00006916530063090468,-0.00016972719858207732,0,0,2266.62
2026-08-20 01:53:12,okx,ETH,ETH-USD-260904-1600-P,2026-09-04,1600,put,0.0007901213140352,0.0004,0.0007,0.796947620822658,-0.013951961222858623,0.23556099230566524,0.00006916530063090468,-0.00018063959186536763,2695,572,2266.62
2026-08-20 01:53:12,okx,ETH,ETH-USD-260904-1550-C,2026-09-04,1550,call,0.3168874874443109,0.3155,0.3185,0.8405396716290259,0.6718276700070466,-1.1786843084983378,0.0000579532338211075,-0.00014790721971664445,0,0,2266.62
2026-08-20 01:53:12,okx,ETH,ETH-USD-260904-1550-P,2026-09-04,1550,put,0.0006656459585315,0.0003,0.0005,0.8405396716290259,-0.01139982758708904,0.18777068668993316,0.0000579532338211075,-0.00015963719145551726,1010,988,2266.62
2026-08-20 01:53:12,okx,ETH,ETH-USD-260904-1900-C,2026-09-04,1900,call,0.1653959147015047,0.163,0.167,0.5882730712069257,0.771073572185755,-0.5135125302443784,0.0002529017717942188,-0.00048150164431578915,4428,681,2266.62
2026-08-20 01:53:12,okx,ETH,ETH-USD-260904-1900-P,2026-09-04,1900,put,0.0034478483665921,0.0031,0.0032,0.5882730712069257,-0.06643110228447552,1.1614968186960823,0.0002529017717942188,-0.0004875085668655847,8177,8844,2266.62
2026-08-20 01:53:12,okx,ETH,ETH-USD-260904-1850-C,2026-09-04,1850,call,0.186514724916491,0.1845,0.1885,0.6151958929191115,0.7665229927497169,-0.7604897482683834,0.0001986347826445848,-0.0003936108323061641,321,16,2266.62
2026-08-20 01:53:12,okx,ETH,ETH-USD-260904-1850-P,2026-09-04,1850,put,0.0025275478457403,0.0021,0.0022,0.6151958929191115,-0.04894208502392866,0.8704404072789077,0.0001986347826445848,-0.0004004353333115421,1760,2233,2266.62
2026-08-20 01:53:12,okx,ETH,ETH-USD-260904-1800-C,2026-09-04,1800,call,0.2079284797885531,0.206,0.2095,0.6455858711970991,0.7567774100481607,-0.9316455555234764,0.00015700773833970084,-0.0003245185626061444,280,0,2266.62
2026-08-20 01:53:12,okx,ETH,ETH-USD-260904-1800-P,2026-09-04,1800,put,0.0019021919819644,0.0016,0.0017,0.6455858711970991,-0.036648071028899845,0.6552054066306446,0.00015700773833970084,-0.0003321606420671048,6166,6916,2266.62
2026-08-20 01:53:12,okx,ETH,ETH-USD-260904-1750-C,2026-09-04,1750,call,0.2295370874159643,0.2275,0.2315,0.6792432741280786,0.7434095826340199,-1.0448762181700024,0.00012545943375622196,-0.0002708005952218765,16,16,2266.62
2026-08-20 01:53:12,okx,ETH,ETH-USD-260904-1750-P,2026-09-04,1750,put,0.0014716888735373,0.0011,0.0012,0.6792432741280786,-0.02797630174645555,0.4978955505909487,0.00012545943375622196,-0.00027926025313841944,4290,2295,2266.62
2026-08-20 01:53:12,okx,ETH,ETH-USD-260904-2100-C,2026-09-04,2100,call,0.0876946669930597,0.087,0.0885,0.517170013185645,0.6936280481980758,1.3988705724440489,0.0006022072250693952,-0.0010175568863989512,2961,4021,2266.62
2026-08-20 01:53:12,okx,ETH,ETH-USD-260904-2100-P,2026-09-04,2100,put,0.0139030436014997,0.0135,0.014,0.517170013185645,-0.23203501305849497,3.2501966949571903,0.0006022072250693952,-0.0010202934951264167,3389,5111,2266.62
2026-08-20 01:53:12,okx,ETH,ETH-USD-260904-2050-C,2026-09-04,2050,call,0.105572093291295,0.105,0.106,0.5294078293977994,0.7317206013349653,0.803961191470982,0.0005016845534221686,-0.0008666197722457082,1508,1865,2266.62
2026-08-20 01:53:12,okx,ETH,ETH-USD-260904-2050-P,2026-09-04,2050,put,0.0097413591638968,0.0095,0.01,0.5294078293977994,-0.1719028632250203,2.611208120590953,0.0005016845534221686,-0.0008701739594287563,8941,8968,2266.62
2026-08-20 01:53:12,okx,ETH,ETH-USD-260904-2000-C,2026-09-04,2000,call,0.1246875610838536,0.123,0.126,0.5453271625299855,0.7560670318802988,0.26813978762040747,0.0004057473687649995,-0.000720609335144474,7240,7680,2266.62
2026-08-20 01:53:12,okx,ETH,ETH-USD-260904-2000-P,2026-09-04,2000,put,0.0068177162206173,0.0065,0.007,0.5453271625299855,-0.1255168359831018,2.0313075233472087,0.0004057473687649995,-0.0007249811007831046,5951,7345,2266.62
2026-08-20 01:53:12,okx,ETH,ETH-USD-260904-1950-C,2026-09-04,1950,call,0.1447185104949941,0.1425,0.1465,0.564956784722417,0.7683877167354591,-0.17373728687777862,0.0003218362860145988,-0.0005905901194498341,5084,250,2266.62
2026-08-20 01:53:12,okx,ETH,ETH-USD-260904-1950-P,2026-09-04,1950,put,0.0048095548959197,0.0045,0.0046,0.564956784722417,-0.09115655443135645,1.5453512554558524,0.0003218362860145988,-0.0005957794635440472,4550,4043,2266.62
