snapshot_utc,exchange,underlying,instrument,expiry,strike,type,mark_price,bid,ask,mark_iv,delta,gamma,vega,theta,open_interest,volume_24h,underlying_price
2026-08-07 03:17:29,okx,BTC,BTC-USD-270326-90000-C,2027-03-26,90000,call,0.0318314304120179,0.0315,0.032,0.3967241261979344,0.17463752859755213,0.5544155920284203,0.0022708910576446912,-0.00019483821788352106,3517,141,64274.7
2026-08-07 03:17:29,okx,BTC,BTC-USD-270326-85000-P,2027-03-26,85000,put,0.3285300116838622,0.315,0.3405,0.39635729462228203,-1.0669730704882723,3.1653509574480228,0.002589428418152163,-0.00022196270128812935,518,0,64274.7
2026-08-07 03:17:29,okx,BTC,BTC-USD-270326-85000-C,2027-03-26,85000,call,0.0429568784343569,0.0425,0.043,0.39635729462228203,0.21858839676158504,0.5942280229483078,0.002589428418152163,-0.00022196270128812935,4966,100,64274.7
2026-08-07 03:17:29,okx,BTC,BTC-USD-270326-80000-P,2027-03-26,80000,put,0.2679524718887724,0.256,0.2765,0.39724950710732293,-0.939670742324359,3.022384811362168,0.0028761660717552995,-0.0002470964819144563,2575,0,64274.7
2026-08-07 03:17:29,okx,BTC,BTC-USD-270326-100000-C,2027-03-26,100000,call,0.0177520934184601,0.0175,0.018,0.40040522090357267,0.10961738205546752,0.435252346120959,0.001659926004864262,-0.00014374001855306515,59306,410,64274.7
2026-08-07 03:17:29,okx,BTC,BTC-USD-270326-95000-P,2027-03-26,95000,put,0.4605029546022023,,,0.39813309203068187,-1.2982637393229546,3.371361062517527,0.0019540002383633586,-0.00016824498405453592,3,0,64274.7
2026-08-07 03:17:29,okx,BTC,BTC-USD-270326-95000-C,2027-03-26,95000,call,0.0236859233233434,0.0235,0.024,0.39813309203068187,0.13854025348570936,0.49775307690019926,0.0019540002383633586,-0.00016824498405453592,2768,0,64274.7
2026-08-07 03:17:29,okx,BTC,BTC-USD-270326-90000-P,2027-03-26,90000,put,0.3930265126761998,,,0.3967241261979344,-1.1865452014317084,3.2767810520869416,0.0022708910576446912,-0.00019483821788352106,4,0,64274.7
2026-08-07 03:17:29,okx,BTC,BTC-USD-270326-110000-C,2027-03-26,110000,call,0.0102800593907189,0.01,0.0105,0.4069702033636059,0.06904596831828312,0.3179743512871401,0.0011756511777133276,-0.00010347378429502437,3313,0,64274.7
2026-08-07 03:17:29,okx,BTC,BTC-USD-270326-105000-P,2027-03-26,105000,put,0.6014936820931045,0.02,,0.4033921188586321,-1.5012213776161276,3.5501143701818085,0.0013993796081974378,-0.0001220821548474722,0,0,64274.7
2026-08-07 03:17:29,okx,BTC,BTC-USD-270326-105000-C,2027-03-26,105000,call,0.0134327527848921,0.013,0.014,0.4033921188586321,0.08682514075134319,0.3740213334468673,0.0013993796081974378,-0.0001220821548474722,1722,0,64274.7
2026-08-07 03:17:29,okx,BTC,BTC-USD-270326-100000-P,2027-03-26,100000,put,0.5301910737119957,0.5145,0.5425,0.40040522090357267,-1.4028078735326,3.4601028572970933,0.001659926004864262,-0.00014374001855306515,33,0,64274.7
2026-08-07 03:17:29,okx,BTC,BTC-USD-270326-130000-C,2027-03-26,130000,call,0.0040164220921403,0.0038,0.0045,0.42536054529178857,0.029771956151137115,0.16219341290629263,0.0005974257091914038,-0.00005495792765097148,1044,0,64274.7
2026-08-07 03:17:29,okx,BTC,BTC-USD-270326-120000-P,2027-03-26,120000,put,0.8211821019472717,0.02,,0.4155032657274839,-1.7703578071536823,3.856607652027466,0.0008313827710234342,-0.00007470758506437753,1,0,64274.7
2026-08-07 03:17:29,okx,BTC,BTC-USD-270326-120000-C,2027-03-26,120000,call,0.006255325595029,0.006,0.0065,0.4155032657274839,0.044552499551998775,0.22678703861610414,0.0008313827710234342,-0.00007470758506437753,2038,10,64274.7
2026-08-07 03:17:29,okx,BTC,BTC-USD-270326-110000-P,2027-03-26,110000,put,0.6739629377136078,0.02,,0.4069702033636059,-1.5946218128285912,3.6453099135808884,0.0011756511777133276,-0.00010347378429502437,5,0,64274.7
2026-08-07 03:17:29,okx,BTC,BTC-USD-270326-160000-C,2027-03-26,160000,call,0.0014366872271366,0.0008,0.0025,0.4589044890396832,0.011206208916144067,0.06706131329893436,0.00026007927961271566,-0.00002581174082665846,566,0,64274.7
2026-08-07 03:17:29,okx,BTC,BTC-USD-270326-140000-P,2027-03-26,140000,put,1.1201334749464136,,,0.4360839210596946,-2.096706683033379,4.352754372151965,0.00044013461779068624,-0.0000415092454158616,0,0,64274.7
2026-08-07 03:17:29,okx,BTC,BTC-USD-270326-140000-C,2027-03-26,140000,call,0.0027189025354637,0.0023,0.0036,0.4360839210596946,0.02068867478991565,0.1179636565053768,0.00044013461779068624,-0.0000415092454158616,1622,0,64274.7
2026-08-07 03:17:29,okx,BTC,BTC-USD-270326-130000-P,2027-03-26,130000,put,0.9701870964737365,,,0.42536054529178857,-1.9363808761133505,4.094499077435268,0.0005974257091914038,-0.00005495792765097148,0,0,64274.7
2026-08-07 03:17:29,okx,BTC,BTC-USD-270326-200000-C,2027-03-26,200000,call,0.0006138126065864,0.0002,0.0012,0.5053289750299519,0.004755646865170155,0.02879718420129326,0.00012261878183411818,-0.000013400482452892625,357,0,64274.7
2026-08-07 03:17:29,okx,BTC,BTC-USD-270326-180000-P,2027-03-26,180000,put,1.7232766126841623,,,0.4822808802052986,-2.7154335108254086,5.486832290783214,0.00017096473632615688,-0.000017831826169899605,0,0,64274.7
2026-08-07 03:17:29,okx,BTC,BTC-USD-260828-61000-P,2026-08-28,61000,put,0.0122698932367593,0.0115,0.012,0.34309048059944697,-0.25347418695962753,4.276260251993548,0.0007509943556159419,-0.0006074580901482432,8224,1733,64274.7
2026-08-07 03:17:29,okx,BTC,BTC-USD-270326-180000-C,2027-03-26,180000,call,0.0008864481557985,0.0009,0.0014,0.4822808802052986,0.0069319492331129055,0.04210137066617193,0.00017096473632615688,-0.000017831826169899605,11099,0,64274.7
2026-08-07 03:17:29,okx,BTC,BTC-USD-260828-61000-C,2026-08-28,61000,call,0.0653857787313289,0.0645,0.0675,0.34309048059944697,0.6928205642333538,2.383670749607586,0.0007509943556159419,-0.0006060026189701787,420,0,64274.7
2026-08-07 03:17:29,okx,BTC,BTC-USD-270326-160000-P,2027-03-26,160000,put,1.421339055696793,,,0.4589044890396832,-2.408674200024764,4.906822131180751,0.00026007927961271566,-0.00002581174082665846,0,0,64274.7
2026-08-07 03:17:29,okx,BTC,BTC-USD-270326-200000-P,2027-03-26,200000,put,2.0254917731936573,0.0001,,0.5053289750299519,-3.020094864310965,6.078498206553562,0.00012261878183411818,-0.000013400482452892625,0,0,64274.7
2026-08-07 03:17:29,okx,BTC,BTC-USD-260925-85000-P,2026-09-25,85000,put,0.3160622798867439,0.3155,0.318,0.35665767263260684,-1.2946773404966734,2.980515522960015,0.00018803815299965,-0.00006816095243269044,2766,0,64274.7
2026-08-07 03:17:29,okx,BTC,BTC-USD-260925-85000-C,2026-09-25,85000,call,0.0009920945966764,0.0012,0.0013,0.35665767263260684,0.020380637309592654,0.35039956734748295,0.00018803815299965,-0.00006816095243269044,13482,3,64274.7
2026-08-07 03:17:29,okx,BTC,BTC-USD-260925-45000-P,2026-09-25,45000,put,0.0026309711609221,0.0027,0.0028,0.5578022982773765,-0.03332960111344943,0.4053189249922161,0.00025461435250612006,-0.00014434484640113226,18524,100,64274.7
2026-08-07 03:17:29,okx,BTC,BTC-USD-260925-45000-C,2026-09-25,45000,call,0.3064173436544158,0.3055,0.308,0.5578022982773765,0.662877563607515,-0.9870954044497128,0.00025461435250612006,-0.00014434484640113226,530,0,64274.7
2026-08-07 03:17:29,okx,BTC,BTC-USD-260809-65250-C,2026-08-09,65250,call,0.0017191412190985,0.0019,0.002,0.21593179489167139,0.18678430177860683,15.748908726747942,0.00020947634666305685,-0.0010297744210287167,400,240,64274.7
2026-08-07 03:17:29,okx,BTC,BTC-USD-260809-65250-P,2026-08-09,65250,put,0.0167765515368732,,,0.21593179489167139,-0.82826521326306,17.779007756831273,0.00020947634666305685,-0.0010297744210287167,0,0,64274.7
2026-08-07 03:17:29,okx,BTC,BTC-USD-260809-65750-C,2026-08-09,65750,call,0.0007431888376274,0.0009,0.001,0.21961776944239486,0.0932754504060086,9.659234877155308,0.00013010814347194725,-0.0006505227217717225,112,112,64274.7
2026-08-07 03:17:29,okx,BTC,BTC-USD-260925-75000-P,2026-09-25,75000,put,0.1669134786715307,0.164,0.1685,0.3252126403912449,-1.0490713038281794,3.75215817260501,0.0007250134154740065,-0.00023963572455092973,6971,0,64274.7
2026-08-07 03:17:29,okx,BTC,BTC-USD-260809-65750-P,2026-08-09,65750,put,0.0235788168589866,0.0225,,0.21961776944239486,-0.9295522218390426,11.70489022164541,0.00013010814347194725,-0.0006505227217717225,0,0,64274.7
2026-08-07 03:17:29,okx,BTC,BTC-USD-260925-75000-C,2026-09-25,75000,call,0.0065574328273536,0.0065,0.007,0.3252126403912449,0.11127397070676136,1.4314676235351287,0.0007250134154740065,-0.00023963572455092973,14464,71,64274.7
2026-08-07 03:17:29,okx,BTC,BTC-USD-260925-40000-P,2026-09-25,40000,put,0.0016343926479628,0.0015,0.0017,0.6561775579874672,-0.018955757005846653,0.2157428246491646,0.00015727823811709959,-0.00010488855701398363,71010,11,64274.7
2026-08-07 03:17:29,okx,BTC,BTC-USD-260925-40000-C,2026-09-25,40000,call,0.3827778348644016,0.382,0.384,0.6561775579874672,0.599895056079455,-1.0219588015214387,0.00015727823811709959,-0.00010488855701398363,973,0,64274.7
2026-08-07 03:17:29,okx,BTC,BTC-USD-261225-50000-C,2026-12-25,50000,call,0.2585648265265645,0.258,0.2605,0.4649804231318758,0.5988146078019612,-0.4216495493149772,0.0013858891873211562,-0.00022697400066125267,510,0,64274.7
2026-08-07 03:17:29,okx,BTC,BTC-USD-261225-45000-P,2026-12-25,45000,put,0.0148016620873634,0.015,0.0155,0.5067848911593824,-0.10378114022274652,0.7200261101606672,0.0009975401242195909,-0.0001801334752675383,25013,570,64274.7
2026-08-07 03:17:29,okx,BTC,BTC-USD-260828-46000-C,2026-08-28,46000,call,0.286171413024291,0.2855,0.288,0.5900773181374799,0.7059022348995577,-1.2689316608619017,0.000048958086577781905,-0.00006030616442367082,20,0,64274.7
2026-08-07 03:17:29,okx,BTC,BTC-USD-261225-45000-C,2026-12-25,45000,call,0.3259901565804868,0.326,0.3285,0.5067848911593824,0.5834785338530832,-0.6544932379909923,0.0009975401242195909,-0.00017670253362370785,163,0,64274.7
2026-08-07 03:17:29,okx,BTC,BTC-USD-260828-46000-P,2026-08-28,46000,put,0.0003579293009119,0.0003,0.0004,0.5900773181374799,-0.007697085672198589,0.15826698028161096,0.000048958086577781905,-0.00006813685281527687,15719,300,64274.7
2026-08-07 03:17:29,okx,BTC,BTC-USD-261225-60000-C,2026-12-25,60000,call,0.1434330760923298,0.143,0.1445,0.4107096977523877,0.5343349811033948,0.33624093918789644,0.0022162933170903616,-0.0003230539488914351,1009,0,64274.7
2026-08-07 03:17:29,okx,BTC,BTC-USD-261225-55000-P,2026-12-25,55000,put,0.0384316644204563,0.038,0.039,0.4333040810558285,-0.2564230159497398,1.6089246685818293,0.0018242232620646695,-0.00028148237334110727,12217,0,64274.7
2026-08-07 03:17:29,okx,BTC,BTC-USD-261225-55000-C,2026-12-25,55000,call,0.1968941515053115,0.196,0.1985,0.4333040810558285,0.5835610301429408,-0.07104342360353227,0.0018242232620646695,-0.00027973522151306595,680,0,64274.7
2026-08-07 03:17:29,okx,BTC,BTC-USD-261225-50000-P,2026-12-25,50000,put,0.0237393357375753,0.0235,0.024,0.4649804231318758,-0.1648072522822941,1.105594170853533,0.0013858891873211562,-0.00022956304739718853,15168,0,64274.7
2026-08-07 03:17:29,okx,BTC,BTC-USD-261225-25000-P,2026-12-25,25000,put,0.002444479602799,0.0022,0.0026,0.7745934946537116,-0.014891136317066879,0.09692454794349879,0.0001997622387952711,-0.00005515802946590798,40959,0,64274.7
2026-08-07 03:17:29,okx,BTC,BTC-USD-261225-70000-C,2026-12-25,70000,call,0.0674651516785765,0.067,0.0675,0.3875767194061808,0.36657260966964716,0.9028850474097362,0.002435524558674081,-0.00033591019518921654,15742,410,64274.7
2026-08-07 03:17:29,okx,BTC,BTC-USD-261225-25000-C,2026-12-25,25000,call,0.6190849889124586,0.619,0.6215,0.7745934946537116,0.3669197937250607,-0.6666973121407563,0.0001997622387952711,-0.0000483595081904993,1,0,64274.7
2026-08-07 03:17:29,okx,BTC,BTC-USD-261225-65000-P,2026-12-25,65000,put,0.0943827237262368,0.0945,0.095,0.39596134443300524,-0.5355671771615456,2.677044973606186,0.0024424048685059148,-0.00034386813995636735,16035,625,64274.7
2026-08-07 03:17:29,okx,BTC,BTC-USD-261225-65000-C,2026-12-25,65000,call,0.100119203402824,0.0995,0.1005,0.39596134443300524,0.4571412409479863,0.6916281373871218,0.0024424048685059148,-0.0003438047779441151,13657,0,64274.7
2026-08-07 03:17:29,okx,BTC,BTC-USD-261225-60000-P,2026-12-25,60000,put,0.0613335927116085,0.0615,0.062,0.4107096977523877,-0.38201125099771144,2.168933403390109,0.0022162933170903616,-0.0003239592058115818,17279,477,64274.7
2026-08-07 03:17:29,okx,BTC,BTC-USD-260828-48000-C,2026-08-28,48000,call,0.2553131712817714,0.2545,0.257,0.5499652403807174,0.7330028104669862,-1.245837575851107,0.00007031621078439125,-0.00008422741688871522,320,0,64274.7
2026-08-07 03:17:29,okx,BTC,BTC-USD-261225-35000-P,2026-12-25,35000,put,0.0061717418610019,0.006,0.0065,0.6225423669755452,-0.0410851640969397,0.28198157398545226,0.0004777848085979957,-0.00010601229545486483,24739,1427,64274.7
2026-08-07 03:17:29,okx,BTC,BTC-USD-261225-80000-C,2026-12-25,80000,call,0.0285673987077307,0.028,0.0285,0.3823784173362534,0.202750621067152,0.8790367093783049,0.0018866172809988608,-0.00025696786050458505,13993,10,64274.7
2026-08-07 03:17:29,okx,BTC,BTC-USD-260828-48000-P,2026-08-28,48000,put,0.0005260339889002,0.0005,0.0006,0.5499652403807174,-0.011622567520933482,0.24341318012473223,0.00007031621078439125,-0.00009120807631851571,7532,0,64274.7
2026-08-07 03:17:29,okx,BTC,BTC-USD-261225-35000-C,2026-12-25,35000,call,0.4700862437623934,0.47,0.4725,0.6225423669755452,0.4934501379620389,-0.7870890301325051,0.0004777848085979957,-0.00010089756399524527,150,0,64274.7
2026-08-07 03:17:29,okx,BTC,BTC-USD-261225-75000-P,2026-12-25,75000,put,0.1912292554415573,0.1835,0.196,0.3833538485225623,-0.8671363825359358,3.2430476083061497,0.002221609677626111,-0.0003016312628048918,3744,0,64274.7
2026-08-07 03:17:29,okx,BTC,BTC-USD-260828-52000-C,2026-08-28,52000,call,0.193938581068625,0.193,0.196,0.4738719132051006,0.77888890918815,-1.0190122128714216,0.00014826094462694434,-0.00016041557577179132,10,0,64274.7
2026-08-07 03:17:29,okx,BTC,BTC-USD-261225-30000-P,2026-12-25,30000,put,0.0040055913484381,0.0038,0.0041,0.6951830120807607,-0.025487614018759024,0.17033980366162074,0.0003187264503921793,-0.00007897836363166746,19008,0,64274.7
2026-08-07 03:17:29,okx,BTC,BTC-USD-261225-52000-P,2026-12-25,52000,put,0.0287879300073931,0.0285,0.029,0.45114650364146613,-0.19742465289445713,1.2947435162065726,0.001559382121116917,-0.0002505844360433029,7509,430,64274.7
2026-08-07 03:17:29,okx,BTC,BTC-USD-261225-75000-C,2026-12-25,75000,call,0.0442397277098764,0.0435,0.044,0.3833538485225623,0.2782964075904468,0.952182028053384,0.002221609677626111,-0.0003032516906084287,8563,138,64274.7
2026-08-07 03:17:29,okx,BTC,BTC-USD-260828-52000-P,2026-08-28,52000,put,0.0012041366367696,0.0012,0.0013,0.4738719132051006,-0.027788583632096346,0.594342772769071,0.00014826094462694434,-0.0001656961772779807,9329,67,64274.7
2026-08-07 03:17:29,okx,BTC,BTC-USD-261225-30000-C,2026-12-25,30000,call,0.5442830969539637,0.5445,0.5465,0.6951830120807607,0.43268550203179407,-0.7460064284394855,0.0003187264503921793,-0.00007302173726415335,4075,0,64274.7
2026-08-07 03:17:29,okx,BTC,BTC-USD-261225-52000-C,2026-12-25,52000,call,0.2330682193147289,0.2325,0.235,0.45114650364146613,0.5967420815931683,-0.2935899527686781,0.001559382121116917,-0.00024833214727052486,50,0,64274.7
2026-08-07 03:17:29,okx,BTC,BTC-USD-261225-70000-P,2026-12-25,70000,put,0.1380916757061233,0.137,0.139,0.3875767194061808,-0.7024979944483103,3.0410262556456513,0.002435524558674081,-0.0003351316622935741,11885,416,64274.7
2026-08-07 03:17:29,okx,BTC,BTC-USD-261225-90000-C,2026-12-25,90000,call,0.0119722748481827,0.0115,0.012,0.38788668517020936,0.1010904293458992,0.5951855248907096,0.001187972236352133,-0.00016420857080550431,14735,50,64274.7
2026-08-07 03:17:29,okx,BTC,BTC-USD-261225-85000-P,2026-12-25,85000,put,0.3181198895315203,0.3125,0.325,0.3840517031844778,-1.154208957594707,3.339884919100916,0.0015215580707630104,-0.00020489965038562242,1681,0,64274.7
2026-08-07 03:17:29,okx,BTC,BTC-USD-261225-40000-P,2026-12-25,40000,put,0.009456332127078,0.0095,0.01,0.5593413615453255,-0.06522769075957614,0.45479970984379986,0.0006968298402174278,-0.00013890295427164412,13330,0,64274.7
2026-08-07 03:17:29,okx,BTC,BTC-USD-261225-85000-C,2026-12-25,85000,call,0.0184043543915713,0.018,0.0185,0.3840517031844778,0.14394820454852683,0.743570594814448,0.0015215580707630104,-0.00020820386800494845,18738,0,64274.7
2026-08-07 03:17:29,okx,BTC,BTC-USD-261225-40000-C,2026-12-25,40000,call,0.3970078303243354,0.397,0.3995,0.5593413615453255,0.5456697973078279,-0.7669952662910084,0.0006968298402174278,-0.0001346301177199191,1,0,64274.7
2026-08-07 03:17:29,okx,BTC,BTC-USD-261225-80000-P,2026-12-25,80000,put,0.2519199301435458,0.2465,0.2555,0.3823784173362534,-1.0190443550676562,3.3226266616479214,0.0018866172809988608,-0.0002545055377931536,6219,0,64274.7
2026-08-07 03:17:29,okx,BTC,BTC-USD-261225-100000-C,2026-12-25,100000,call,0.005409369846384,0.005,0.0055,0.40051996223091313,0.05063729117072175,0.3534469083351696,0.000699540951453166,-0.00009986461938208821,21452,0,64274.7
2026-08-07 03:17:29,okx,BTC,BTC-USD-261225-95000-P,2026-12-25,95000,put,0.4603828565339672,0.4545,0.4645,0.39348514453071826,-1.3797555720445354,3.363525830640795,0.0009128918635071738,-0.00012303392725855524,763,0,64274.7
2026-08-07 03:17:29,okx,BTC,BTC-USD-260925-52000-C,2026-09-25,52000,call,0.202127159357402,0.2015,0.204,0.45261815542541894,0.7159274966691058,-0.5208734884035746,0.0005557513974552112,-0.0002556528485959244,550,0,64274.7
2026-08-07 03:17:29,okx,BTC,BTC-USD-261225-95000-C,2026-12-25,95000,call,0.00794131398575,0.0075,0.008,0.39348514453071826,0.07112596211554958,0.461762762320625,0.0009128918635071738,-0.00012802193469367044,10090,261,64274.7
2026-08-07 03:17:29,okx,BTC,BTC-USD-260925-52000-P,2026-09-25,52000,put,0.0066406844760315,0.0065,0.007,0.45261815542541894,-0.08857856034178628,1.0881386256182095,0.0005557513974552112,-0.0002556528485959244,17824,305,64274.7
2026-08-07 03:17:29,okx,BTC,BTC-USD-261225-90000-P,2026-12-25,90000,put,0.388050813692266,0.382,0.395,0.38788668517020936,-1.2734289188057601,3.3442242211940285,0.001187972236352133,-0.0001600624582782837,1850,0,64274.7
2026-08-07 03:17:29,okx,BTC,BTC-USD-261225-110000-C,2026-12-25,110000,call,0.0027603475795913,0.0026,0.0028,0.4178658300254897,0.02727011721048567,0.20834786226091348,0.0004219405631676431,-0.00006285090360855644,9765,691,64274.7
2026-08-07 03:17:29,okx,BTC,BTC-USD-261225-105000-P,2026-12-25,105000,put,0.6089682402349138,0.02,,0.4087213156353252,-1.5668723241428273,3.477525795106693,0.0005397005249832104,-0.00007195713369184797,0,0,64274.7
2026-08-07 03:17:29,okx,BTC,BTC-USD-261225-105000-C,2026-12-25,105000,call,0.0038006902784285,0.0037,0.0039,0.4087213156353252,0.03673358203410851,0.27031398275282126,0.0005397005249832104,-0.00007862893094275227,14388,219,64274.7
2026-08-07 03:17:29,okx,BTC,BTC-USD-261225-100000-P,2026-12-25,100000,put,0.5342139160987353,0.5285,0.542,0.40051996223091313,-1.4766064289977887,3.4079343486721903,0.000699540951453166,-0.00009403471703907848,320,0,64274.7
2026-08-07 03:17:29,okx,BTC,BTC-USD-261225-120000-C,2026-12-25,120000,call,0.0016081279896562,0.0014,0.0017,0.43827329525559333,0.01622317665572946,0.12919019032131743,0.00027209969885366795,-0.0000425133786768641,5608,40,64274.7
2026-08-07 03:17:29,okx,BTC,BTC-USD-261225-115000-P,2026-12-25,115000,put,0.7599665184139678,0.02,,0.4277679901677081,-1.7355671273275688,3.675386862112251,0.0003355980197115521,-0.00004282053756088811,0,0,64274.7
2026-08-07 03:17:29,okx,BTC,BTC-USD-261225-115000-C,2026-12-25,115000,call,0.0020729610492144,0.0019,0.0021,0.4277679901677081,0.02076315086621806,0.16272630572467725,0.0003355980197115521,-0.00005117612462758154,3778,0,64274.7
2026-08-07 03:17:29,okx,BTC,BTC-USD-261225-110000-P,2026-12-25,110000,put,0.6842909012402107,0.678,0.6895,0.4178658300254897,-1.6526979749748758,3.5682840466316357,0.0004219405631676431,-0.00005533721144975759,421,0,64274.7
2026-08-07 03:17:29,okx,BTC,BTC-USD-261225-130000-C,2026-12-25,130000,call,0.0010584795234095,0.0008,0.001,0.4605985328046604,0.010672628438912214,0.08591883492120604,0.00018976687551396472,-0.000031161185978271786,7224,0,64274.7
2026-08-07 03:17:29,okx,BTC,BTC-USD-261225-125000-P,2026-12-25,125000,put,0.9119059051366585,,,0.4492527692666175,-1.8960535630042323,3.922516618090211,0.00022503157672055938,-0.000026001636896761615,0,0,64274.7
2026-08-07 03:17:29,okx,BTC,BTC-USD-261225-125000-C,2026-12-25,125000,call,0.0012863403636369,0.0011,0.0013,0.4492527692666175,0.01300108720640567,0.104407317668935,0.00022503157672055938,-0.00003604101377924416,9872,0,64274.7
2026-08-07 03:17:29,okx,BTC,BTC-USD-261225-120000-P,2026-12-25,120000,put,0.8358646890585437,0.829,0.846,0.43827329525559333,-1.816469287546483,3.7945751187257426,0.00027209969885366795,-0.00003331589670227612,517,0,64274.7
2026-08-07 03:17:29,okx,BTC,BTC-USD-261225-150000-C,2026-12-25,150000,call,0.000611670223508,0.0003,0.0006,0.5080417200285533,0.005944555103943386,0.04651119425289825,0.0001139614550983939,-0.000020641874761276535,6962,0,64274.7
2026-08-07 03:17:29,okx,BTC,BTC-USD-261225-140000-P,2026-12-25,140000,put,1.1404807524978033,,,0.4840420108325496,-2.1304649877313997,4.337569247613989,0.00014248787999673936,-0.00001202413165107261,0,0,64274.7
2026-08-07 03:17:29,okx,BTC,BTC-USD-261225-140000-C,2026-12-25,140000,call,0.00077217661238,0.0005,0.0008,0.4840420108325496,0.007676220504515005,0.06128683114215976,0.00014248787999673936,-0.00002458919325723884,8756,0,64274.7
2026-08-07 03:17:29,okx,BTC,BTC-USD-261225-130000-P,2026-12-25,130000,put,0.9880410480005651,,,0.4605985328046604,-1.9747442077801511,4.056752507359333,0.00018976687551396472,-0.00002027991418789469,0,0,64274.7
2026-08-07 03:17:29,okx,BTC,BTC-USD-260809-61000-C,2026-08-09,61000,call,0.0511451653985277,0.049,,0.2966757244539458,0.9378111321487759,-0.6135744818972129,0.000022529130513095523,-0.00015216576603320663,0,0,64274.7
2026-08-07 03:17:29,okx,BTC,BTC-USD-261225-170000-C,2026-12-25,170000,call,0.0004579497490586,,0.0005,0.5562437805908997,0.004199858502660513,0.03096931839555656,0.00008411306122944872,-0.000016681335509988635,4275,0,64274.7
2026-08-07 03:17:29,okx,BTC,BTC-USD-260809-61000-P,2026-08-09,61000,put,0.0000877252358343,0.0001,0.0003,0.2966757244539458,-0.011124046664123451,1.2842958757285856,0.000022529130513095523,-0.00015216576603320663,2929,1535,64274.7
2026-08-07 03:17:29,okx,BTC,BTC-USD-261225-160000-P,2026-12-25,160000,put,1.4456771118652312,,,0.5322017674943432,-2.4387069250625966,4.924348931784456,0.00009594390424362037,-0.000002272393307141824,0,0,64274.7
2026-08-07 03:17:29,okx,BTC,BTC-USD-260809-60000-C,2026-08-09,60000,call,0.0666248473380258,0.0635,,0.3029895213685634,0.9317540959263989,-1.6415709130715916,0.000004046173367426317,-0.000027910178267516467,0,0,64274.7
2026-08-07 03:17:29,okx,BTC,BTC-USD-261225-160000-C,2026-12-25,160000,call,0.0005165211632714,0.0002,0.0006,0.5322017674943432,0.004883027207020166,0.03716902724522288,0.00009594390424362037,-0.000018205034544886285,2441,0,64274.7
2026-08-07 03:17:29,okx,BTC,BTC-USD-260809-60000-P,2026-08-09,60000,put,0.0000109717681636,,0.0002,0.3029895213685634,-0.001624768479731555,0.2251868157406692,0.000004046173367426317,-0.000027910178267516467,1250,0,64274.7
2026-08-07 03:17:29,okx,BTC,BTC-USD-261225-150000-P,2026-12-25,150000,put,1.2930462535172,,,0.5080417200285533,-2.284921025148822,4.628242354758429,0.0001139614550983939,-0.000006393023339321187,0,0,64274.7
2026-08-07 03:17:29,okx,BTC,BTC-USD-260809-59000-C,2026-08-09,59000,call,0.0821711464273446,0.0725,,0.30575037062267046,0.9176786017295313,-1.8119939557817986,0.0000004298202045569937,-0.000002991881117707673,0,0,64274.7
2026-08-07 03:17:29,okx,BTC,BTC-USD-261225-200000-C,2026-12-25,200000,call,0.0003840697773433,,0.0004,0.6260026566049889,0.0032034974614254656,0.021286258823140163,0.00006658764540681983,-0.000014862085491046563,3205,0,64274.7
2026-08-07 03:17:29,okx,BTC,BTC-USD-260809-59000-P,2026-08-09,59000,put,0.0000008354503134,,0.0002,0.30575037062267046,-0.00014394826983032337,0.023651144216924717,0.0000004298202045569937,-0.000002991881117707673,0,0,64274.7
2026-08-07 03:17:29,okx,BTC,BTC-USD-261225-180000-P,2026-12-25,180000,put,1.751033794712177,,,0.579973323816118,-2.7452960666456483,5.524751686472306,0.00007609632730937729,0.0000035648418427172037,0,0,64274.7
2026-08-07 03:17:29,okx,BTC,BTC-USD-261225-180000-C,2026-12-25,180000,call,0.0004211891936809,,0.0005,0.579973323816118,0.003742629657670294,0.026674293865668244,0.00007609632730937729,-0.000015735379026605502,1510,0,64274.7
2026-08-07 03:17:29,okx,BTC,BTC-USD-261225-170000-P,2026-12-25,170000,put,1.5983445478592866,,,0.5562437805908997,-2.592114465783807,5.223597966968493,0.00008411306122944872,0.0000009350955435449514,0,0,64274.7
2026-08-07 03:17:29,okx,BTC,BTC-USD-260809-63500-C,2026-08-09,63500,call,0.0151997069036641,,,0.24779279388223208,0.7259333404385788,15.38524279600924,0.00025103994407229727,-0.0014161916065517607,0,0,64274.7
2026-08-07 03:17:29,okx,BTC,BTC-USD-261225-240000-C,2026-12-25,240000,call,0.0003729025621352,,0.0003,0.7107619454290958,0.0027695158820641697,0.016113534051746814,0.00005911218757283845,-0.00001498013280638958,1170,0,64274.7
2026-08-07 03:17:29,okx,BTC,BTC-USD-260809-63500-P,2026-08-09,63500,put,0.0030333552588931,0.0027,0.0028,0.24779279388223208,-0.2618926243912425,17.36089472566888,0.00025103994407229727,-0.0014161916065517607,1230,164,64274.7
2026-08-07 03:17:29,okx,BTC,BTC-USD-260828-62000-C,2026-08-28,62000,call,0.0536934490304869,0.053,0.0545,0.33290885581534513,0.6437597620677271,3.0578162166871192,0.0008400683396129591,-0.0006582358957926306,32472,0,64274.7
2026-08-07 03:17:29,okx,BTC,BTC-USD-261225-220000-P,2026-12-25,220000,put,2.361888975063662,0.0001,,0.6696741520494275,-3.3570123228848905,6.738015061104505,0.00006170847304609509,0.000011301369014906425,0,0,64274.7
2026-08-07 03:17:29,okx,BTC,BTC-USD-260809-63000-C,2026-08-09,63000,call,0.021638331926318,0.02,,0.261445134742302,0.8206441754671266,10.24339438111259,0.00018696261691724804,-0.001112822394551512,0,0,64274.7
2026-08-07 03:17:29,okx,BTC,BTC-USD-260810-64250-C,2026-08-10,64250,call,0.0092035612608993,0.009,0.0095,0.23690270898465338,0.5082490521427111,16.961893991739302,0.00037296422734679356,-0.001382190925003742,0,0,64274.7
2026-08-07 03:17:29,okx,BTC,BTC-USD-260828-62000-P,2026-08-28,62000,put,0.0160907367511713,0.0155,0.016,0.33290885581534513,-0.31804801783333575,4.981431776489244,0.0008400683396129591,-0.0006592663524897923,18319,1457,64274.7
2026-08-07 03:17:29,okx,BTC,BTC-USD-260828-69000-P,2026-08-28,69000,put,0.0775135195805435,0.075,0.0785,0.29475162272970484,-0.9009579143509742,5.4429569670188505,0.0006232290982974104,-0.0004312029603351086,445,0,64274.7
2026-08-07 03:17:29,okx,BTC,BTC-USD-261225-220000-C,2026-12-25,220000,call,0.0003723399120934,,0.0003,0.6696741520494275,0.0029238614858329965,0.018142692363059074,0.00006170847304609509,-0.000014734011117572776,3684,0,64274.7
2026-08-07 03:17:29,okx,BTC,BTC-USD-260809-63000-P,2026-08-09,63000,put,0.0016937625779626,0.0014,0.0015,0.261445134742302,-0.15940363215931022,12.203489996365464,0.00018696261691724804,-0.001112822394551512,2130,1591,64274.7
2026-08-07 03:17:29,okx,BTC,BTC-USD-260810-64250-P,2026-08-10,64250,put,0.0084869631478197,0.0085,0.009,0.23690270898465338,-0.49102657885275436,18.96044525373023,0.00037296422734679356,-0.001382190925003742,106,106,64274.7
2026-08-07 03:17:29,okx,BTC,BTC-USD-260828-69000-C,2026-08-28,69000,call,0.0065240193530814,0.0065,0.007,0.29475162272970484,0.16944106650666046,3.3021590053035808,0.0006232290982974104,-0.00043314760500426646,7421,510,64274.7
2026-08-07 03:17:29,okx,BTC,BTC-USD-261225-200000-P,2026-12-25,200000,put,2.0564486901123753,0.0001,,0.6260026566049889,-3.051283942875595,6.130261139497182,0.00006658764540681983,0.000007805715009854396,0,0,64274.7
2026-08-07 03:17:29,okx,BTC,BTC-USD-260809-62500-C,2026-08-09,62500,call,0.0286273248032747,0.028,,0.2736629629301555,0.8804893778678429,5.944091841054127,0.00012687593866680578,-0.0007904707554292963,0,0,64274.7
2026-08-07 03:17:29,okx,BTC,BTC-USD-260809-62500-P,2026-08-09,62500,put,0.0009045377513349,0.0007,0.0008,0.2736629629301555,-0.09178027255520968,7.888631141900232,0.00012687593866680578,-0.0007904707554292963,5566,5778,64274.7
2026-08-07 03:17:29,okx,BTC,BTC-USD-260809-62000-C,2026-08-09,62000,call,0.03595457945717,0.0345,,0.28363990993687527,0.914998223275118,2.7856105193674545,0.00007877397851595124,-0.0005086752805260524,0,0,64274.7
2026-08-07 03:17:29,okx,BTC,BTC-USD-260809-62000-P,2026-08-09,62000,put,0.0004535747016456,0.0003,0.0005,0.28363990993687527,-0.04949326994454996,4.714593505806791,0.00007877397851595124,-0.0005086752805260524,895,963,64274.7
2026-08-07 03:17:29,okx,BTC,BTC-USD-261225-240000-P,2026-12-25,240000,put,2.6673415525302397,0.0001,,0.7107619454290958,-3.6626154125223604,7.346883390860597,0.00005911218757283845,0.000014422826957667854,0,0,64274.7
2026-08-07 03:17:29,okx,BTC,BTC-USD-260809-65500-C,2026-08-09,65500,call,0.0011319470830859,0.0014,0.0015,0.2170068981058413,0.13320107856632768,12.588111538387926,0.0001678478612894289,-0.0008292392788028187,2554,2464,64274.7
2026-08-07 03:17:29,okx,BTC,BTC-USD-260809-65500-P,2026-08-09,65500,put,0.0200784662526529,0.019,0.021,0.2170068981058413,-0.8857375150770315,14.625988725674645,0.0001678478612894289,-0.0008292392788028187,54,5,64274.7
2026-08-07 03:17:29,okx,BTC,BTC-USD-260809-65000-C,2026-08-09,65000,call,0.0025733498004591,0.0028,0.0029,0.21643741736054153,0.2544096208393797,18.69487086053911,0.0002500942192164992,-0.0012323285514846101,554,1205,64274.7
2026-08-07 03:17:29,okx,BTC,BTC-USD-260809-65000-P,2026-08-09,65000,put,0.0137416512664416,0.0135,0.0145,0.21643741736054153,-0.756750815600595,20.717191733419057,0.0002500942192164992,-0.0012323285514846101,224,10,64274.7
2026-08-07 03:17:29,okx,BTC,BTC-USD-260809-64500-C,2026-08-09,64500,call,0.0053291638851311,0.005,0.0055,0.22233579198936984,0.42043553415248835,21.889212620113188,0.0003040864285094536,-0.0015392066599342797,542,345,64274.7
2026-08-07 03:17:29,okx,BTC,BTC-USD-260809-64500-P,2026-08-09,64500,put,0.0087192476475291,0.0085,0.009,0.22233579198936984,-0.5829467450841018,23.895977178586367,0.0003040864285094536,-0.0015392066599342797,1071,226,64274.7
2026-08-07 03:17:29,okx,BTC,BTC-USD-260809-64000-C,2026-08-09,64000,call,0.0096337835139899,0.0095,0.01,0.2341155862205871,0.5897146457418441,20.103551533357678,0.0002998122701506649,-0.0015979759722797072,216,172,64274.7
2026-08-07 03:17:29,okx,BTC,BTC-USD-260809-64000-P,2026-08-09,64000,put,0.0052456495728034,0.005,0.0055,0.2341155862205871,-0.40588947629136174,22.094759777424088,0.0002998122701506649,-0.0015979759722797072,1202,635,64274.7
2026-08-07 03:17:29,okx,BTC,BTC-USD-260809-69000-C,2026-08-09,69000,call,0.0000575886280891,,0.0002,0.36430431038650307,0.006295612743115886,0.6203581145663816,0.000013874581185556864,-0.00011507333676736757,1590,340,64274.7
2026-08-07 03:17:29,okx,BTC,BTC-USD-260809-69000-P,2026-08-09,69000,put,0.0734516317227476,0.0095,,0.36430431038650307,-1.0670900813239341,2.767129502700482,0.000013874581185556864,-0.00011507333676736757,0,0,64274.7
2026-08-07 03:17:29,okx,BTC,BTC-USD-260809-68000-C,2026-08-09,68000,call,0.0000659552624633,,0.0002,0.3022170799964732,0.008441150520978196,0.9699983749181348,0.00001794610777800527,-0.00012347521497917442,2503,2353,64274.7
2026-08-07 03:17:29,okx,BTC,BTC-USD-260809-68000-P,2026-08-09,68000,put,0.0579035629499528,0.0565,,0.3022170799964732,-1.0493882291393029,3.0856571342386974,0.00001794610777800527,-0.00012347521497917442,0,0,64274.7
2026-08-07 03:17:29,okx,BTC,BTC-USD-260809-67000-C,2026-08-09,67000,call,0.0001286118993562,0.0001,0.0003,0.25373159455710237,0.018009702735743448,2.2278851171034595,0.00003456362440944578,-0.00019965690755286005,382,381,64274.7
2026-08-07 03:17:29,okx,BTC,BTC-USD-260809-67000-P,2026-08-09,67000,put,0.0424097841796767,0.041,,0.25373159455710237,-1.0242633625177688,4.312431247610484,0.00003456362440944578,-0.00019965690755286005,0,0,64274.7
2026-08-07 03:17:29,okx,BTC,BTC-USD-260809-66000-C,2026-08-09,66000,call,0.0004926503569787,0.0006,0.0007,0.2237131718930263,0.06494151130148705,7.214565001301722,0.0000988638089237488,-0.00050352311018468,1003,623,64274.7
2026-08-07 03:17:29,okx,BTC,BTC-USD-260809-66000-P,2026-08-09,66000,put,0.0272173872301302,0.026,,0.2237131718930263,-0.9617752395452565,9.267998502995209,0.0000988638089237488,-0.00050352311018468,6,5,64274.7
2026-08-07 03:17:29,okx,BTC,BTC-USD-260808-63750-C,2026-08-08,63750,call,0.0115706076221397,0.011,0.012,0.2916886148171894,0.6819705834077944,19.656715025667246,0.00020095121275887044,-0.0024499789941101187,521,200,64274.7
2026-08-07 03:17:29,okx,BTC,BTC-USD-260808-63750-P,2026-08-08,63750,put,0.003303828382061,0.003,0.0031,0.2916886148171894,-0.30975492341384464,21.64016603931052,0.00020095121275887044,-0.0024499789941101187,3212,3169,64274.7
2026-08-07 03:17:29,okx,BTC,BTC-USD-260814-65500-C,2026-08-14,65500,call,0.0077573447893152,0.008,0.0085,0.2695904667728952,0.3136101620140212,8.836772206627625,0.0005030273504565848,-0.000942237936172611,673,104,64274.7
2026-08-07 03:17:29,okx,BTC,BTC-USD-260814-65500-P,2026-08-14,65500,put,0.026210640695409,0.026,0.027,0.2695904667728952,-0.704833632480416,10.873659795616499,0.0005030273504565848,-0.000942237936172611,109,508,64274.7
2026-08-07 03:17:29,okx,BTC,BTC-USD-260808-64250-C,2026-08-08,64250,call,0.0064998001842778,0.006,0.007,0.2738459448148141,0.5092505520769308,24.4089301798373,0.00022820948340802584,-0.002612114759909028,1668,1957,64274.7
2026-08-07 03:17:29,okx,BTC,BTC-USD-260808-64250-P,2026-08-08,64250,put,0.006011320714865,0.0055,0.006,0.2738459448148141,-0.49025319401389755,26.407937672018956,0.00022820948340802584,-0.002612114759909028,2010,2737,64274.7
2026-08-07 03:17:29,okx,BTC,BTC-USD-261225-58000-C,2026-12-25,58000,call,0.1636852154539429,0.1625,0.1645,0.41873463161425095,0.5579550975915113,0.17297741107231945,0.002072991041820874,-0.0003077731935727396,253,0,64274.7
2026-08-07 03:17:29,okx,BTC,BTC-USD-261225-58000-P,2026-12-25,58000,put,0.051040530591568,0.051,0.0515,0.41873463161425095,-0.32784626010622464,1.9445801264677913,0.002072991041820874,-0.0003090152084560442,5001,104,64274.7
2026-08-07 03:17:29,okx,BTC,BTC-USD-260925-62000-C,2026-09-25,62000,call,0.0744765764422522,0.0735,0.075,0.35956832908465347,0.5740683034855335,1.6619518623227423,0.0013618850673039402,-0.0004976912349673151,6650,0,64274.7
2026-08-07 03:17:29,okx,BTC,BTC-USD-260925-62000-P,2026-09-25,62000,put,0.0337042410067719,0.033,0.0335,0.35956832908465347,-0.38515045679668414,3.5803893828871773,0.0013618850673039402,-0.0004976912349673151,11783,71,64274.7
2026-08-07 03:17:29,okx,BTC,BTC-USD-260807-63250-C,2026-08-07,63250,call,0.0161482635044816,0.0055,,0.31159836652927253,0.9717416718272036,2.411023233378483,0.0000072950002373208946,-0.00011365550788899232,0,0,64274.7
2026-08-07 03:17:29,okx,BTC,BTC-USD-260807-63250-P,2026-08-07,63250,put,0.0000304055422337,,0.0001,0.31159836652927253,-0.012131287459231461,4.378769151951354,0.0000072950002373208946,-0.00011365550788899232,5491,6467,64274.7
2026-08-07 03:17:29,okx,BTC,BTC-USD-261225-68000-P,2026-12-25,68000,put,0.1193843968490618,0.1185,0.12,0.3903353954704421,-0.6352091177799015,2.915553406104972,0.0024665107841479322,-0.0003420477266844553,862,0,64274.7
2026-08-07 03:17:29,okx,BTC,BTC-USD-261225-68000-C,2026-12-25,68000,call,0.0793030743031685,0.079,0.0795,0.3903353954704421,0.40331661193468554,0.8385019466757978,0.0024665107841479322,-0.0003424895016169399,4741,274,64274.7
2026-08-07 03:17:29,okx,BTC,BTC-USD-260807-64250-C,2026-08-07,64250,call,0.0023522919000574,0.0022,0.0024,0.22267755773733683,0.5427639750638207,75.68566422022458,0.00009191066775727862,-0.0010233221513099296,2488,2113,64274.7
2026-08-07 03:17:29,okx,BTC,BTC-USD-260807-64250-P,2026-08-07,64250,put,0.001789882823782,0.0018,0.0019,0.22267755773733683,-0.45666428792674796,77.68452074620572,0.00009191066775727862,-0.0010233221513099296,6094,10982,64274.7
2026-08-07 03:17:29,okx,BTC,BTC-USD-260807-63750-C,2026-08-07,63750,call,0.0085924640655787,0.008,0.0095,0.2675185627558002,0.9036556439578296,23.881862629277443,0.00003694836699336627,-0.0004942187017119596,920,0,64274.7
2026-08-07 03:17:29,okx,BTC,BTC-USD-260807-63750-P,2026-08-07,63750,put,0.0002523305463172,0.0002,0.0003,0.2675185627558002,-0.08799496718067226,25.865163851554446,0.00003694836699336627,-0.0004942187017119596,6719,5307,64274.7
2026-08-07 03:17:29,okx,BTC,BTC-USD-261225-62000-C,2026-12-25,62000,call,0.1248209397310616,0.1245,0.126,0.4039403890193816,0.5061322738037165,0.4910199135680676,0.0023323941562041575,-0.00033463429475045147,901,0,64274.7
2026-08-07 03:17:29,okx,BTC,BTC-USD-261225-62000-P,2026-12-25,62000,put,0.073266657831994,0.0735,0.074,0.4039403890193816,-0.44075883270075994,2.3848021265770205,0.0023323941562041575,-0.00033520279370744037,5729,760,64274.7
2026-08-07 03:17:29,okx,BTC,BTC-USD-260828-50000-C,2026-08-28,50000,call,0.2245458481969297,0.224,0.2265,0.5109959000530914,0.7578718156514056,-1.1734930755178816,0.00010156112647552749,-0.00011626892223848266,151,0,64274.7
2026-08-07 03:17:29,okx,BTC,BTC-USD-260828-50000-P,2026-08-28,50000,put,0.0007850573345664,0.0008,0.0009,0.5109959000530914,-0.017779619752677337,0.3778097952902845,0.00010156112647552749,-0.0001223995527064776,13017,0,64274.7
2026-08-07 03:17:29,okx,BTC,BTC-USD-260828-65000-C,2026-08-28,65000,call,0.0254424295166463,0.0255,0.026,0.30777827209416003,0.4412808199070197,4.474758478649158,0.0009575280088470381,-0.0006944882422295361,8208,511,64274.7
2026-08-07 03:17:29,okx,BTC,BTC-USD-260828-65000-P,2026-08-28,65000,put,0.0343792368830925,0.034,0.035,0.30777827209416003,-0.5670660461182881,6.491452210699774,0.0009575280088470381,-0.0006942436554839893,8969,65,64274.7
2026-08-07 03:17:29,okx,BTC,BTC-USD-260828-66000-C,2026-08-28,66000,call,0.0187416848139989,0.0185,0.019,0.30197319706031184,0.3647898804892239,4.515219982203687,0.0009197361129869714,-0.0006546395985437567,16214,524,64274.7
2026-08-07 03:17:29,okx,BTC,BTC-USD-260828-66000-P,2026-08-28,66000,put,0.0431916653956991,0.043,0.044,0.30197319706031184,-0.6590700142441657,6.562939771670466,0.0009197361129869714,-0.0006539699973173071,7044,1107,64274.7
2026-08-07 03:17:29,okx,BTC,BTC-USD-260814-61500-C,2026-08-14,61500,call,0.0477509202640934,0.005,0.114,0.32936152060417395,0.7912733525030808,3.6994197198992262,0.0003429897761948342,-0.0007849075198964396,0,0,64274.7
2026-08-07 03:17:29,okx,BTC,BTC-USD-260828-55000-C,2026-08-28,55000,call,0.1486416743781775,0.148,0.1505,0.4229483724160735,0.7963057169355907,-0.5097177308861925,0.00026597395909727206,-0.0002612887763070286,20,0,64274.7
2026-08-07 03:17:29,okx,BTC,BTC-USD-260828-55000-P,2026-08-28,55000,put,0.0024467495920841,0.0025,0.0026,0.4229483724160735,-0.05691086200890072,1.1967154270027904,0.00026597395909727206,-0.0002652943343705097,20947,110,64274.7
2026-08-07 03:17:29,okx,BTC,BTC-USD-260828-60000-C,2026-08-28,60000,call,0.0779480950003233,0.077,0.0795,0.3541783275519007,0.7311403409037786,1.7197674193482884,0.0006544774005979244,-0.0005446634082679886,8063,0,64274.7
2026-08-07 03:17:29,okx,BTC,BTC-USD-260814-61500-P,2026-08-14,61500,put,0.0040085950461509,0.0036,0.0037,0.32936152060417395,-0.16497540110620001,5.611917227117788,0.0003429897761948342,-0.0007849075198964396,2073,83,64274.7
2026-08-07 03:17:29,okx,BTC,BTC-USD-260828-60000-P,2026-08-28,60000,put,0.0093190362904997,0.009,0.0095,0.3541783275519007,-0.19964138158112102,3.5813308643180872,0.0006544774005979244,-0.0005465438939269558,24903,107,64274.7
2026-08-07 03:17:29,okx,BTC,BTC-USD-260828-72000-C,2026-08-28,72000,call,0.0020841310365853,0.0022,0.0023,0.30104962828213927,0.06518609919577895,1.6642477385325183,0.000313744784435947,-0.00022274834147315147,23287,106,64274.7
2026-08-07 03:17:29,okx,BTC,BTC-USD-260828-72000-P,2026-08-28,72000,put,0.1196131509098093,0.1175,0.121,0.30104962828213927,-1.0517519677861007,3.8981238724962775,0.000313744784435947,-0.0002195286533612853,1419,0,64274.7
2026-08-07 03:17:29,okx,BTC,BTC-USD-260828-74000-C,2026-08-28,74000,call,0.0010230270283786,0.0011,0.0013,0.3116220057905478,0.03428093616885538,0.9676243711270006,0.00018751321171261417,-0.0001378106754182062,16856,205,64274.7
2026-08-07 03:17:29,okx,BTC,BTC-USD-260828-74000-P,2026-08-28,74000,put,0.1495783933321106,0.1475,0.1515,0.3116220057905478,-1.1136831882291875,3.263552619923086,0.00018751321171261417,-0.00013374095834453448,1500,0,64274.7
2026-08-07 03:17:29,okx,BTC,BTC-USD-260809-66500-C,2026-08-09,66500,call,0.0002332009582193,0.0003,0.0004,0.23612503342288135,0.032475838194091056,3.9252154969429647,0.00005669173457761845,-0.00030475601897444874,783,983,64274.7
2026-08-07 03:17:29,okx,BTC,BTC-USD-260828-68000-C,2026-08-28,68000,call,0.0094481199098011,0.0095,0.01,0.29554299198105666,0.22531844924986297,3.8606942595675138,0.0007399425126841057,-0.0005155987151402943,15592,736,64274.7
2026-08-07 03:17:29,okx,BTC,BTC-USD-260809-66500-P,2026-08-09,66500,put,0.0347361555349554,0.0335,,0.23612503342288135,-1.002019069856037,5.994205313043221,0.00005669173457761845,-0.00030475601897444874,0,0,64274.7
2026-08-07 03:17:29,okx,BTC,BTC-USD-260828-68000-P,2026-08-28,68000,put,0.0649244469220092,0.0625,0.066,0.29554299198105666,-0.8295675028996897,5.97046616386662,0.0007399425126841057,-0.0005140790849520393,2054,0,64274.7
2026-08-07 03:17:29,okx,BTC,BTC-USD-260828-70000-C,2026-08-28,70000,call,0.0044596772780096,0.0046,0.0047,0.295462770273593,0.12467567291887786,2.707532997919928,0.0005073445913117277,-0.0003534816573908336,16938,2683,64274.7
2026-08-07 03:17:29,okx,BTC,BTC-USD-260828-70000-P,2026-08-28,70000,put,0.0909623507207256,0.089,0.092,0.295462770273593,-0.9612363366468384,4.879357017051361,0.0005073445913117277,-0.000351111998240773,3529,0,64274.7
2026-08-07 03:17:29,okx,BTC,BTC-USD-260828-80000-C,2026-08-28,80000,call,0.0002300060593125,0.0002,0.0004,0.3667779999266496,0.007837382774491152,0.2341401756279637,0.00005320930900192768,-0.00004603017710381756,4444,20,64274.7
2026-08-07 03:17:29,okx,BTC,BTC-USD-260828-80000-P,2026-08-28,80000,put,0.2418644116545679,0.2395,0.244,0.3667779999266496,-1.2332049138720416,2.7162247689210295,0.00005320930900192768,-0.00003941037314472918,1290,0,64274.7
2026-08-07 03:17:29,okx,BTC,BTC-USD-260828-82000-C,2026-08-28,82000,call,0.0001762973091283,0.0001,0.0004,0.3910038135511973,0.00580576698475369,0.16834909989793756,0.000040862453460729554,-0.000037684345175830485,3758,3,64274.7
2026-08-07 03:17:29,okx,BTC,BTC-USD-260828-82000-P,2026-08-28,82000,put,0.272837049334892,0.271,0.275,0.3910038135511973,-1.2662625870779423,2.7124858080233296,0.000040862453460729554,-0.000030214512254936547,731,0,64274.7
2026-08-07 03:17:29,okx,BTC,BTC-USD-260828-76000-C,2026-08-28,76000,call,0.0005520108835341,0.0007,0.0008,0.3265162993626577,0.019103078587672878,0.5680716763536419,0.00011495887029091952,-0.00008852875594546565,28185,16,64274.7
2026-08-07 03:17:29,okx,BTC,BTC-USD-260828-76000-P,2026-08-28,76000,put,0.1801337236177741,0.178,0.182,0.3265162993626577,-1.1598871032265332,2.926052039982054,0.00011495887029091952,-0.00008360900990998838,1532,0,64274.7
2026-08-07 03:17:29,okx,BTC,BTC-USD-260828-78000-C,2026-08-28,78000,call,0.000335288675938,0.0004,0.0005,0.3450994638721475,0.01163966105015837,0.3515883669238447,0.00007512564696212065,-0.00006114746667897972,7120,0,64274.7
2026-08-07 03:17:29,okx,BTC,BTC-USD-260828-78000-P,2026-08-28,78000,put,0.2109433478406859,0.2085,0.2125,0.3450994638721475,-1.1983765781802111,2.771620845384584,0.00007512564696212065,-0.000055377691681696885,635,0,64274.7
2026-08-07 03:17:29,okx,BTC,BTC-USD-260808-61500-C,2026-08-08,61500,call,0.0433725599769136,0.041,,0.35480230709054705,0.9422941806640328,-0.09245100096580391,0.000020839275353591695,-0.0003090446995918991,0,0,64274.7
2026-08-07 03:17:29,okx,BTC,BTC-USD-260828-88000-C,2026-08-28,88000,call,0.0001285586339049,,0.0003,0.4742190738027675,0.003642980752089234,0.09105547447823382,0.00002708204747758668,-0.000030291530906475075,8634,0,64274.7
2026-08-07 03:17:29,okx,BTC,BTC-USD-260808-61500-P,2026-08-08,61500,put,0.0001034317688377,0.0001,0.0002,0.35480230709054705,-0.01442924944625429,1.8209958592547701,0.000020839275353591695,-0.0003090446995918991,1280,212,64274.7
2026-08-07 03:17:29,okx,BTC,BTC-USD-260828-88000-P,2026-08-28,88000,put,0.3658683499511924,,,0.4742190738027675,-1.3615035455590971,2.8213485271006062,0.00002708204747758668,-0.000020271611100164473,0,0,64274.7
2026-08-07 03:17:29,okx,BTC,BTC-USD-260828-90000-C,2026-08-28,90000,call,0.0001280485885362,,0.0003,0.5041340346473941,0.0034304843997203568,0.08094370760838727,0.000025705709567122776,-0.00003056588510552616,5265,0,64274.7
2026-08-07 03:17:29,okx,BTC,BTC-USD-260828-90000-P,2026-08-28,90000,put,0.3968941863363318,0.3945,0.398,0.5041340346473941,-1.392742099327629,2.873288875063086,0.000025705709567122776,-0.000019695936337410002,1000,0,64274.7
2026-08-07 03:17:29,okx,BTC,BTC-USD-260828-84000-C,2026-08-28,84000,call,0.0001483238403716,0.0001,0.0004,0.41727746620299816,0.004671743524978187,0.12982537572142272,0.000033723523367279164,-0.000033190661559945604,4813,800,64274.7
2026-08-07 03:17:29,okx,BTC,BTC-USD-260828-84000-P,2026-08-28,84000,put,0.3038354222966434,,,0.41727746620299816,-1.298422667953881,2.7360141986791415,0.000033723523367279164,-0.00002487079967724611,0,0,64274.7
2026-08-07 03:17:29,okx,BTC,BTC-USD-260828-86000-C,2026-08-28,86000,call,0.0001343185585942,,0.0003,0.4451493234953793,0.004020021739717233,0.10619826735026155,0.00002953135824858991,-0.00003100621846110145,11928,1500,64274.7
2026-08-07 03:17:29,okx,BTC,BTC-USD-260828-86000-P,2026-08-28,86000,put,0.3348477634453737,,,0.4451493234953793,-1.3301004471553057,2.774439205140307,0.00002953135824858991,-0.000021836327616596408,0,0,64274.7
2026-08-07 03:17:29,okx,BTC,BTC-USD-260828-96000-C,2026-08-28,96000,call,0.0001438914054087,,0.0003,0.5960805997888015,0.0032708079587315617,0.06501748621273686,0.000024770558670413938,-0.0000348259390622331,5658,0,64274.7
2026-08-07 03:17:29,okx,BTC,BTC-USD-260828-96000-P,2026-08-28,96000,put,0.4899890684447279,,,0.5960805997888015,-1.4859799480171079,3.0435189981644157,0.000024770558670413938,-0.000021405903408700284,0,0,64274.7
2026-08-07 03:17:29,okx,BTC,BTC-USD-260828-100000-C,2026-08-28,100000,call,0.0001616328457504,,0.0002,0.6570171778085618,0.003326137437633577,0.05951660500859906,0.00002524622444527522,-0.00003912327607224298,2503,0,64274.7
2026-08-07 03:17:29,okx,BTC,BTC-USD-260828-100000-P,2026-08-28,100000,put,0.5520595027460853,,,0.6570171778085618,-1.5479767333705325,3.1621223466249315,0.00002524622444527522,-0.000024003182495099053,0,0,64274.7
2026-08-07 03:17:29,okx,BTC,BTC-USD-260809-70000-C,2026-08-09,70000,call,0.0000654566182643,,0.0002,0.43515084963204625,0.00601540161370967,0.4977007020538473,0.000013346516702018505,-0.00013222034447342944,0,0,64274.7
2026-08-07 03:17:29,okx,BTC,BTC-USD-260828-92000-C,2026-08-28,92000,call,0.0001310860936441,,0.0003,0.534586604231625,0.003320314422029995,0.07392008436182813,0.000025009632256797333,-0.0000315345853547855,3064,0,64274.7
2026-08-07 03:17:29,okx,BTC,BTC-USD-260809-70000-P,2026-08-09,70000,put,0.0890159351200917,0.0055,,0.43515084963204625,-1.082926606860109,2.6755847190014848,0.000013346516702018505,-0.00013222034447342944,0,0,64274.7
2026-08-07 03:17:29,okx,BTC,BTC-USD-260828-92000-P,2026-08-28,92000,put,0.4279235702719473,,,0.534586604231625,-1.4238783267214827,2.928317366648854,0.000025009632256797333,-0.00001981460762486379,0,0,64274.7
2026-08-07 03:17:29,okx,BTC,BTC-USD-260828-94000-C,2026-08-28,94000,call,0.0001366101436083,,0.0003,0.5653111539911551,0.003275046981452806,0.06884351412171621,0.000024750730066576155,-0.00003300179199666683,3341,0,64274.7
2026-08-07 03:17:29,okx,BTC,BTC-USD-260828-94000-P,2026-08-28,94000,put,0.4589554407524196,,0.6415,0.5653111539911551,-1.4549496515782234,2.985292911241068,0.000024750730066576155,-0.000020431785304939564,0,0,64274.7
2026-08-07 03:17:29,okx,BTC,BTC-USD-260828-115000-C,2026-08-28,115000,call,0.0002248222983575,,0.0031,0.8646915722916169,0.0034920547902710973,0.04624732819098358,0.00002672977815171075,-0.00005451533918125414,1974,0,64274.7
2026-08-07 03:17:29,okx,BTC,BTC-USD-260828-115000-P,2026-08-28,115000,put,0.7848202904275021,,,0.8646915722916169,-1.78050624663912,3.614243931049766,0.00002672977815171075,-0.00003302002839056854,0,0,64274.7
2026-08-07 03:17:29,okx,BTC,BTC-USD-260828-120000-C,2026-08-28,120000,call,0.0002351992568856,,0.0031,0.9240436765815094,0.0034225886798847625,0.04225620315354134,0.00002634827173266256,-0.00005742580712768693,24,0,64274.7
2026-08-07 03:17:29,okx,BTC,BTC-USD-260828-120000-P,2026-08-28,120000,put,0.8623965334623002,,,0.9240436765815094,-1.8581408562899144,3.7653830930931393,0.00002634827173266256,-0.000033805423932487455,0,0,64274.7
2026-08-07 03:17:29,okx,BTC,BTC-USD-260828-105000-C,2026-08-28,105000,call,0.0001857552458089,,0.0002,0.730644929982552,0.003425528345771468,0.05453833430666411,0.0000260474751075923,-0.000044888384609342734,6615,0,64274.7
2026-08-07 03:17:29,okx,BTC,BTC-USD-260828-105000-P,2026-08-28,105000,put,0.6296494912224136,,,0.730644929982552,-1.6254424860028027,3.3122743630038127,0.0000260474751075923,-0.00002764321862768492,0,0,64274.7
2026-08-07 03:17:29,okx,BTC,BTC-USD-260828-110000-C,2026-08-28,110000,call,0.000207820939671,,0.0001,0.8001260303751503,0.003491019775614127,0.05029441705621382,0.00002661340687550365,-0.00005022510432353132,1336,0,64274.7
2026-08-07 03:17:29,okx,BTC,BTC-USD-260828-110000-P,2026-08-28,110000,put,0.7072374229925458,,,0.8001260303751503,-1.7029421381133685,3.463160732834179,0.00002661340687550365,-0.000030854865937359625,1,0,64274.7
2026-08-07 03:17:29,okx,BTC,BTC-USD-260808-63250-P,2026-08-08,63250,put,0.0017366548721691,0.0014,0.0015,0.3103737851310811,-0.18061097880627383,15.070980108421429,0.00014962888834565852,-0.0019411215594601222,1115,1115,64274.7
2026-08-07 03:17:29,okx,BTC,BTC-USD-260809-63250-P,2026-08-09,63250,put,0.0022772473959806,0.0019,0.002,0.2547208645408476,-0.20570219665995423,14.725359088363698,0.00021938694457783472,-0.001272230532289702,124,125,64274.7
2026-08-07 03:17:29,okx,BTC,BTC-USD-260808-63250-C,2026-08-08,63250,call,0.0177817338829139,0.0165,0.087,0.3103737851310811,0.8033362887461759,13.10308557331653,0.00014962888834565852,-0.0019411215594601222,0,0,64274.7
2026-08-07 03:17:29,okx,BTC,BTC-USD-260809-63250-C,2026-08-09,63250,call,0.0183327078925437,0.005,,0.2547208645408476,0.778234689568175,12.75748531590744,0.00021938694457783472,-0.001272230532289702,0,0,64274.7
2026-08-07 03:17:29,okx,BTC,BTC-USD-260810-63750-P,2026-08-10,63750,put,0.0055761150418741,0.005,0.0055,0.24766220420240673,-0.3575628076904518,16.730183570950476,0.0003473238068013014,-0.0013456283174380576,227,227,64274.7
2026-08-07 03:17:29,okx,BTC,BTC-USD-260810-63750-C,2026-08-10,63750,call,0.0140692376832565,0.0135,0.014,0.24766220420240673,0.6339363592505742,14.747185237068427,0.0003473238068013014,-0.0013456283174380576,0,0,64274.7
2026-08-07 03:17:29,okx,BTC,BTC-USD-260925-64000-P,2026-09-25,64000,put,0.0458740870546106,0.0455,0.046,0.34767832288182954,-0.48969279725669423,4.073800068414786,0.0014500905789444462,-0.0005124020368260571,18431,396,64274.7
2026-08-07 03:17:29,okx,BTC,BTC-USD-260925-64000-C,2026-09-25,64000,call,0.0557035946009126,0.055,0.056,0.34767832288182954,0.5004685036797886,2.09347746654182,0.0014500905789444462,-0.0005124020368260571,4915,665,64274.7
2026-08-07 03:17:29,okx,BTC,BTC-USD-260807-64750-C,2026-08-07,64750,call,0.0001862288113291,0.0001,0.0003,0.22063298436224996,0.08042858709530815,29.067960706303875,0.000034671519708490396,-0.00038248404328294016,3493,5594,64274.7
2026-08-07 03:17:29,okx,BTC,BTC-USD-260807-64750-P,2026-08-07,64750,put,0.0074015441780398,0.006,0.008,0.22063298436224996,-0.926777327747327,31.082372535989144,0.000034671519708490396,-0.00038248404328294016,1784,2260,64274.7
2026-08-07 03:17:29,okx,BTC,BTC-USD-260828-63000-P,2026-08-28,63000,put,0.0209515107473233,0.0205,0.021,0.32362638588201414,-0.3930574120870019,5.634486036863979,0.0009111832313559615,-0.0006950281216975505,4755,144,64274.7
2026-08-07 03:17:29,okx,BTC,BTC-USD-260828-63000-C,2026-08-28,63000,call,0.043041049811385,0.0425,0.0435,0.32362638588201414,0.5842633965221428,3.6798444196456908,0.0009111832313559615,-0.0006944226794812915,2384,174,64274.7
2026-08-07 03:17:29,okx,BTC,BTC-USD-260925-72000-P,2026-09-25,72000,put,0.1263864038922083,0.124,0.128,0.32413308079100445,-0.9279343168911621,4.1974652795306575,0.0010229972766276703,-0.0003370046839023351,2050,0,64274.7
2026-08-07 03:17:29,okx,BTC,BTC-USD-260925-72000-C,2026-09-25,72000,call,0.0124445998817983,0.0125,0.013,0.32413308079100445,0.18599714666238096,1.9696023524235713,0.0010229972766276703,-0.0003370046839023351,12865,105,64274.7
2026-08-07 03:17:29,okx,BTC,BTC-USD-260925-66000-P,2026-09-25,66000,put,0.0612278257756309,0.061,0.0615,0.3377930900515001,-0.603587923089215,4.405936020524957,0.0014563691633379997,-0.0004999888718736806,2502,0,64274.7
2026-08-07 03:17:29,okx,BTC,BTC-USD-260925-66000-C,2026-09-25,66000,call,0.0401145054327549,0.04,0.0405,0.3377930900515001,0.4175159185015327,2.3637283373434625,0.0014563691633379997,-0.0004999888718736806,4826,0,64274.7
2026-08-07 03:17:29,okx,BTC,BTC-USD-260809-64250-C,2026-08-09,64250,call,0.0072987828274291,0.007,0.0075,0.22776588601020767,0.5076643921662095,21.54899323489862,0.0003092413694290377,-0.0016035288555925663,460,287,64274.7
2026-08-07 03:17:29,okx,BTC,BTC-USD-260828-64000-C,2026-08-28,64000,call,0.0335828781124498,0.0335,0.034,0.31522975003183296,0.5158364703303673,4.1761243005957525,0.000953338641115195,-0.0007079808022348637,18345,59,64274.7
2026-08-07 03:17:29,okx,BTC,BTC-USD-260809-64250-P,2026-08-09,64250,put,0.0067997577380349,0.0065,0.007,0.22776588601020767,-0.49182880846868854,23.547979636168417,0.0003092413694290377,-0.0016035288555925663,200,203,64274.7
2026-08-07 03:17:29,okx,BTC,BTC-USD-260828-64000-P,2026-08-28,64000,put,0.0270065122636421,0.0265,0.027,0.31522975003183296,-0.47699736698685885,6.161791975230205,0.000953338641115195,-0.0007081612299702196,18904,1057,64274.7
2026-08-07 03:17:29,okx,BTC,BTC-USD-260814-63500-C,2026-08-14,63500,call,0.0234731137853216,0.023,0.0235,0.2943047948845103,0.605376238737038,7.935169451863283,0.000530685849075281,-0.0010851738029947432,1866,400,64274.7
2026-08-07 03:17:29,okx,BTC,BTC-USD-260814-63500-P,2026-08-14,63500,put,0.0108285991293974,0.0105,0.011,0.2943047948845103,-0.38197003531482077,9.909861999967001,0.000530685849075281,-0.0010851738029947432,1227,548,64274.7
2026-08-07 03:17:29,okx,BTC,BTC-USD-260809-63750-C,2026-08-09,63750,call,0.0122836350403942,0.0115,0.0125,0.24085580261558703,0.6630247070535913,17.930437849319404,0.000279074915377227,-0.0015302712872021756,409,190,64274.7
2026-08-07 03:17:29,okx,BTC,BTC-USD-260809-63750-P,2026-08-09,63750,put,0.0040063922474155,0.0037,0.0038,0.24085580261558703,-0.32869033637792233,19.91386793618243,0.000279074915377227,-0.0015302712872021756,664,656,64274.7
2026-08-07 03:17:29,okx,BTC,BTC-USD-260925-78000-P,2026-09-25,78000,put,0.2102620083075224,0.209,0.212,0.33061997998684073,-1.1418297623414615,3.3705644266112733,0.00048435041462077655,-0.00016275220211022258,5737,0,64274.7
2026-08-07 03:17:29,okx,BTC,BTC-USD-260925-55000-C,2026-09-25,55000,call,0.159743571691467,0.159,0.1605,0.4182369927701869,0.7106232516408794,-0.04626931244119777,0.0007750986316799283,-0.0003294712440875498,1259,11,64274.7
2026-08-07 03:17:29,okx,BTC,BTC-USD-260925-78000-C,2026-09-25,78000,call,0.0034917206295783,0.0037,0.0038,0.33061997998684073,0.06492932317487676,0.9570462555785968,0.00048435041462077655,-0.00016275220211022258,7685,0,64274.7
2026-08-07 03:17:29,okx,BTC,BTC-USD-260925-55000-P,2026-09-25,55000,put,0.0106713386438637,0.0105,0.011,0.4182369927701869,-0.14029661635141039,1.655570423543382,0.0007750986316799283,-0.0003294712440875498,53691,11,64274.7
2026-08-07 03:17:29,okx,BTC,BTC-USD-270625-25000-P,2027-06-25,25000,put,0.0079860803462555,0.0006,0.0085,0.6478633302001452,-0.03520576549943298,0.17350960736923138,0.0005896055496027316,-0.000059278130141499754,59,0,64274.7
2026-08-07 03:17:29,okx,BTC,BTC-USD-270625-25000-C,2027-06-25,25000,call,0.634713113038433,,,0.6478633302001452,0.33806330053333694,-0.5730285246963084,0.0005896055496027316,-0.000059278130141499754,0,0,64274.7
2026-08-07 03:17:29,okx,BTC,BTC-USD-270625-30000-P,2027-06-25,30000,put,0.0126774450476414,0.0045,0.0195,0.5993470597997299,-0.05651327617650866,0.27783767150269695,0.0008719518209766737,-0.00008109991561610366,489,0,64274.7
2026-08-07 03:17:29,okx,BTC,BTC-USD-270625-30000-C,2027-06-25,30000,call,0.5647498842782542,,,0.5993470597997299,0.39140960306281525,-0.6180080869759508,0.0008719518209766737,-0.00008109991561610366,0,0,64274.7
2026-08-07 03:17:29,okx,BTC,BTC-USD-260925-68000-C,2026-09-25,68000,call,0.0278984352112471,0.028,0.0285,0.3306327768751333,0.3325349018427482,2.4182887162127784,0.001374070334058649,-0.00046173518562041933,13412,2180,64274.7
2026-08-07 03:17:29,okx,BTC,BTC-USD-260925-68000-P,2026-09-25,68000,put,0.0799545834433013,0.0795,0.081,0.3306327768751333,-0.7195114804022648,4.522381480702804,0.001374070334058649,-0.00046173518562041933,11230,0,64274.7
2026-08-07 03:17:29,okx,BTC,BTC-USD-270625-45000-P,2027-06-25,45000,put,0.0404537984787426,0.038,0.0405,0.49297988223247435,-0.17827304919329764,0.8319880123069399,0.0020689703342898374,-0.0001582825340426146,923,46,64274.7
2026-08-07 03:17:29,okx,BTC,BTC-USD-270625-45000-C,2027-06-25,45000,call,0.368562457324662,,,0.49297988223247435,0.4936112696656882,-0.511780625411032,0.0020689703342898374,-0.0001582825340426146,0,0,64274.7
2026-08-07 03:17:29,okx,BTC,BTC-USD-270625-50000-P,2027-06-25,50000,put,0.0571573948677789,0.0545,0.0575,0.4693000577959972,-0.24566343465438248,1.1037933122096588,0.002537233913609219,-0.00018478241959135752,1081,0,64274.7
2026-08-07 03:17:29,okx,BTC,BTC-USD-270625-50000-C,2027-06-25,50000,call,0.3106114602521337,0.3025,0.3245,0.4693000577959972,0.5008746974111573,-0.38928295192142076,0.002537233913609219,-0.00018478241959135752,307,0,64274.7
2026-08-07 03:17:29,okx,BTC,BTC-USD-270625-35000-P,2027-06-25,35000,put,0.0191452183622813,0.018,0.02,0.557483478032703,-0.08583070709085541,0.4185911741855916,0.0012151588005317828,-0.00010512707271471454,2117,0,64274.7
2026-08-07 03:17:29,okx,BTC,BTC-USD-270625-35000-C,2027-06-25,35000,call,0.4965630641313296,,,0.557483478032703,0.4367459853550225,-0.6265622107061642,0.0012151588005317828,-0.00010512707271471454,0,0,64274.7
2026-08-07 03:17:29,okx,BTC,BTC-USD-270625-40000-P,2027-06-25,40000,put,0.0281077270449739,0.026,0.0285,0.5221734684523006,-0.1256022768064935,0.6023467398032621,0.001618547359789353,-0.00013115647848542484,3975,0,64274.7
2026-08-07 03:17:29,okx,BTC,BTC-USD-270625-40000-C,2027-06-25,40000,call,0.4308709793524579,,,0.5221734684523006,0.47162822884593836,-0.5921142715016015,0.001618547359789353,-0.00013115647848542484,9,0,64274.7
2026-08-07 03:17:29,okx,BTC,BTC-USD-270625-65000-P,2027-06-25,65000,put,0.1415277744983367,0.138,0.1445,0.424799078151537,-0.5333402573332117,2.029268803967377,0.003609539018245657,-0.00023794952412549476,434,0,64274.7
2026-08-07 03:17:29,okx,BTC,BTC-USD-270625-65000-C,2027-06-25,65000,call,0.171018059497998,0.166,0.174,0.424799078151537,0.4371593143519901,0.08826966059697366,0.003609539018245657,-0.00023794952412549476,4237,5,64274.7
2026-08-07 03:17:29,okx,BTC,BTC-USD-270625-70000-P,2027-06-25,70000,put,0.182309689905542,0.1725,0.197,0.41678222752362293,-0.6492253328211786,2.3137423713092518,0.0037353184336957174,-0.00024159411812865178,301,0,64274.7
2026-08-07 03:17:29,okx,BTC,BTC-USD-270625-70000-C,2027-06-25,70000,call,0.1371453814436388,0.134,0.1395,0.41678222752362293,0.3959280520705772,0.22343560152574063,0.0037353184336957174,-0.00024159411812865178,337,5,64274.7
2026-08-07 03:17:29,okx,BTC,BTC-USD-270625-55000-P,2027-06-25,55000,put,0.0791446978898696,0.076,0.082,0.45047319280977405,-0.32832062018430064,1.4061560870335685,0.0029804153602331807,-0.00020835085107708817,1533,0,64274.7
2026-08-07 03:17:29,okx,BTC,BTC-USD-270625-55000-C,2027-06-25,55000,call,0.2579441698126599,0.2505,0.2735,0.45047319280977405,0.4928713250877932,-0.2362278035106193,0.0029804153602331807,-0.00020835085107708817,10,0,64274.7
2026-08-07 03:17:29,okx,BTC,BTC-USD-270625-60000-P,2027-06-25,60000,put,0.1071384415854713,0.1035,0.1095,0.4358441963506199,-0.42511961134896625,1.7212289207640021,0.003350980394866881,-0.0002266484161512271,3168,163,64274.7
2026-08-07 03:17:29,okx,BTC,BTC-USD-270625-60000-C,2027-06-25,60000,call,0.2112833200466971,0.2045,0.222,0.4358441963506199,0.4707261471296815,-0.07046259619329345,0.003350980394866881,-0.0002266484161512271,11,0,64274.7
2026-08-07 03:17:29,okx,BTC,BTC-USD-270625-85000-P,2027-06-25,85000,put,0.3379439034828538,,,0.4056987055962809,-1.00602472642759,2.964339327021657,0.003410361288002475,-0.00021471062993812194,1,0,64274.7
2026-08-07 03:17:29,okx,BTC,BTC-USD-270625-85000-C,2027-06-25,85000,call,0.0688158146362568,0.0675,0.072,0.4056987055962809,0.2630900980838275,0.4261096779988217,0.003410361288002475,-0.00021471062993812194,235,0,64274.7
2026-08-07 03:17:29,okx,BTC,BTC-USD-270625-90000-P,2027-06-25,90000,put,0.3984522594466358,,,0.4050023281774241,-1.1195916074337124,3.122067496821857,0.0031563772628900367,-0.00019837912036754646,2,0,64274.7
2026-08-07 03:17:29,okx,BTC,BTC-USD-270625-90000-C,2027-06-25,90000,call,0.0546695771384745,0.0535,0.0595,0.4050023281774241,0.22417703028425925,0.43453022138591346,0.0031563772628900367,-0.00019837912036754646,2564,3,64274.7
2026-08-07 03:17:29,okx,BTC,BTC-USD-270625-75000-P,2027-06-25,75000,put,0.229106316119042,0.213,0.2475,0.4112698751972789,-0.7687848140757266,2.5649075527211527,0.003729647791808366,-0.00023803688305327052,0,0,64274.7
2026-08-07 03:17:29,okx,BTC,BTC-USD-270625-75000-C,2027-06-25,75000,call,0.1092874141955743,0.1065,0.112,0.4112698751972789,0.3510223840225831,0.32529315652453294,0.003729647791808366,-0.00023803688305327052,2699,10,64274.7
2026-08-07 03:17:29,okx,BTC,BTC-USD-270625-80000-P,2027-06-25,80000,put,0.2812363719671787,0.2715,0.3035,0.40769280444065703,-0.8885632578415567,2.780707677332455,0.003611712301098558,-0.00022850501131494813,2,0,64274.7
2026-08-07 03:17:29,okx,BTC,BTC-USD-270625-80000-C,2027-06-25,80000,call,0.0867628765821464,0.086,0.0885,0.40769280444065703,0.3058977534633071,0.3917856547227272,0.003611712301098558,-0.00022850501131494813,3129,100,64274.7
2026-08-07 03:17:29,okx,BTC,BTC-USD-270625-110000-P,2027-06-25,110000,put,0.6653373228389039,,,0.41084643789847836,-1.5279790223591507,3.6250935265286195,0.002064062240873374,-0.0001315987757843442,0,0,64274.7
2026-08-07 03:17:29,okx,BTC,BTC-USD-270625-110000-C,2027-06-25,110000,call,0.0229362666844845,0.022,0.0245,0.41084643789847836,0.11440486818503702,0.3403257454402446,0.002064062240873374,-0.0001315987757843442,410,0,64274.7
2026-08-07 03:17:29,okx,BTC,BTC-USD-270625-120000-P,2027-06-25,120000,put,0.8072352569979442,,1.2,0.416781572762186,-1.709289769350687,3.85994308355201,0.0016238001215320983,-0.00010502449765431835,0,0,64274.7
2026-08-07 03:17:29,okx,BTC,BTC-USD-270625-120000-C,2027-06-25,120000,call,0.0155250139203957,0.0145,0.017,0.416781572762186,0.08240174760660834,0.27656004963741887,0.0016238001215320983,-0.00010502449765431835,350,0,64274.7
2026-08-07 03:17:29,okx,BTC,BTC-USD-260828-59000-P,2026-08-28,59000,put,0.0070715039396894,0.0065,0.007,0.3661725908858978,-0.15594372555571476,2.94042386390251,0.0005589407355869675,-0.000482601334676364,3274,6,64274.7
2026-08-07 03:17:29,okx,BTC,BTC-USD-270625-95000-P,2027-06-25,95000,put,0.4620320658487651,,,0.40535957700159253,-1.2285215516321886,3.2610652913693405,0.002876974902584674,-0.00018097810880587665,0,0,64274.7
2026-08-07 03:17:29,okx,BTC,BTC-USD-260828-59000-C,2026-08-28,59000,call,0.091213735864767,0.0835,0.156,0.3661725908858978,0.7593249682211033,1.1098864763488743,0.0005589407355869675,-0.0004802958345364941,0,0,64274.7
2026-08-07 03:17:29,okx,BTC,BTC-USD-270625-95000-C,2027-06-25,95000,call,0.0435947900790393,0.042,0.0465,0.40535957700159253,0.18990089929233717,0.4242203895202888,0.002876974902584674,-0.00018097810880587665,1352,15,64274.7
2026-08-07 03:17:29,okx,BTC,BTC-USD-270625-100000-P,2027-06-25,100000,put,0.5280442916629909,,,0.40656369663802344,-1.3326875284294748,3.3879313801881765,0.0025931515809209994,-0.00016360856465764517,0,0,64274.7
2026-08-07 03:17:29,okx,BTC,BTC-USD-270625-100000-C,2027-06-25,100000,call,0.0349524224317004,0.033,0.037,0.40656369663802344,0.16038873570160483,0.4017788519260172,0.0025931515809209994,-0.00016360856465764517,1597,0,64274.7
2026-08-07 03:17:29,okx,BTC,BTC-USD-260821-57000-C,2026-08-21,57000,call,0.1165173827449616,0.005,0.186,0.40498587995380964,0.8242672217488853,-0.1725199746718138,0.00023249355411093122,-0.0003316251912256005,0,0,64274.7
2026-08-07 03:17:29,okx,BTC,BTC-USD-260925-105000-C,2026-09-25,105000,call,0.000243547527666,0.0002,0.0005,0.48979559410408025,0.00430597190958321,0.06530796456378112,0.000048799494946739224,-0.000024292281427560754,6452,0,64274.7
2026-08-07 03:17:29,okx,BTC,BTC-USD-260821-56000-P,2026-08-21,56000,put,0.0015688061414507,0.0013,0.0014,0.4249100656100993,-0.04582487222527818,1.207695089048214,0.00018444176928638801,-0.00027602792075499626,3426,102,64274.7
2026-08-07 03:17:29,okx,BTC,BTC-USD-260821-58000-C,2026-08-21,58000,call,0.1017338153015379,0.005,0.1705,0.3862419592522574,0.8182671602431371,0.31500260144147124,0.0002931680538137385,-0.000398816217949883,0,0,64274.7
2026-08-07 03:17:29,okx,BTC,BTC-USD-260821-57000-P,2026-08-21,57000,put,0.0020961024551611,0.0018,0.0019,0.40498587995380964,-0.06130324277859661,1.59862095438315,0.00023249355411093122,-0.0003316251912256005,1514,100,64274.7
2026-08-07 03:17:29,okx,BTC,BTC-USD-270625-130000-P,2027-06-25,130000,put,0.9518633090273461,,,0.4236387741790451,-1.8806860569629869,4.102987012896588,0.0012774976430335225,-0.00008398569963810871,0,0,64274.7
2026-08-07 03:17:29,okx,BTC,BTC-USD-270625-130000-C,2027-06-25,130000,call,0.0108438790266686,0.01,0.012,0.4236387741790451,0.060313086407416554,0.22098872615578147,0.0012774976430335225,-0.00008398569963810871,469,10,64274.7
2026-08-07 03:17:29,okx,BTC,BTC-USD-260821-56000-C,2026-08-21,56000,call,0.1315265551980965,0.1235,0.2005,0.4249100656100993,0.824209268363125,-0.5323731921285922,0.00018444176928638801,-0.00027602792075499626,0,0,64274.7
2026-08-07 03:17:29,okx,BTC,BTC-USD-270625-140000-P,2027-06-25,140000,put,1.0981278905152716,,,0.430928209577811,-2.0453456393345157,4.356552882329011,0.0010113189530098089,-0.00006763050113553048,0,0,64274.7
2026-08-07 03:17:29,okx,BTC,BTC-USD-260925-105000-P,2026-09-25,105000,put,0.6247420117095143,0.619,0.628,0.48979559410408025,-1.6201774124393338,3.3142747332616156,0.000048799494946739224,-0.000024292281427560754,488,0,64274.7
2026-08-07 03:17:29,okx,BTC,BTC-USD-270625-140000-C,2027-06-25,140000,call,0.0077992735914652,0.0065,0.009,0.430928209577811,0.04496113044899573,0.17593934276198792,0.0010113189530098089,-0.00006763050113553048,448,75,64274.7
2026-08-07 03:17:29,okx,BTC,BTC-USD-260821-60500-C,2026-08-21,60500,call,0.0665317071185512,0.005,0.1295,0.34474647853076723,0.7611038420138312,2.2326780471201166,0.0005034739258610099,-0.0006113269446079136,0,0,64274.7
2026-08-07 03:17:29,okx,BTC,BTC-USD-260821-60000-P,2026-08-21,60000,put,0.0054795961490322,0.005,0.0055,0.3524231131864093,-0.15344163692681087,3.631033400635848,0.0004556437661634535,-0.0005655702170944524,1426,200,64274.7
2026-08-07 03:17:29,okx,BTC,BTC-USD-260821-61000-C,2026-08-21,61000,call,0.0599643242242843,0.059,0.0615,0.3373829631081372,0.7396719195385424,2.7327758789732104,0.0005527188483074476,-0.0006567863801242891,446,0,64274.7
2026-08-07 03:17:29,okx,BTC,BTC-USD-260821-60500-P,2026-08-21,60500,put,0.0064880675127105,0.006,0.0065,0.34474647853076723,-0.17884375630042595,4.112573243748631,0.0005034739258610099,-0.0006113269446079136,2044,32,64274.7
2026-08-07 03:17:29,okx,BTC,BTC-USD-260821-59000-C,2026-08-21,59000,call,0.0872778164524165,0.005,0.155,0.3687133365826529,0.8039836803464637,0.9564617795177007,0.0003677561719217938,-0.00047757934099834697,0,0,64274.7
2026-08-07 03:17:29,okx,BTC,BTC-USD-260821-58000-P,2026-08-21,58000,put,0.0028490037785831,0.0025,0.0026,0.3862419592522574,-0.08283962822342343,2.1172161783745924,0.0002931680538137385,-0.000398816217949883,4390,200,64274.7
2026-08-07 03:17:29,okx,BTC,BTC-USD-260821-60000-C,2026-08-21,60000,call,0.0732914701382957,0.0665,0.1385,0.3524231131864093,0.778737799417907,1.7666745279464122,0.0004556437661634535,-0.0005655702170944524,0,0,64274.7
2026-08-07 03:17:29,okx,BTC,BTC-USD-260821-59000-P,2026-08-21,59000,put,0.0039294736963075,0.0035,0.0036,0.3687133365826529,-0.11265943205917552,2.789748004328979,0.0003677561719217938,-0.00047757934099834697,3620,459,64274.7
2026-08-07 03:17:29,okx,BTC,BTC-USD-260821-62500-C,2026-08-21,62500,call,0.0417393413750705,0.041,0.043,0.31716586796790236,0.6502191108753269,4.324092720688074,0.0006938301610056339,-0.0007750618031153414,398,0,64274.7
2026-08-07 03:17:29,okx,BTC,BTC-USD-260821-62000-P,2026-08-21,62000,put,0.0107949330020395,0.0105,0.011,0.3235937972157374,-0.278888040668556,5.720505757279134,0.0006497705060092908,-0.000740554282575761,3049,382,64274.7
2026-08-07 03:17:29,okx,BTC,BTC-USD-260821-63000-C,2026-08-21,63000,call,0.0362722032982097,0.0355,0.0365,0.31104655635415995,0.6118152494577935,4.826420712659266,0.0007319221134705081,-0.0008018386413617622,1509,0,64274.7
2026-08-07 03:17:29,okx,BTC,BTC-USD-260821-62500-P,2026-08-21,62500,put,0.012768639302921,0.012,0.0125,0.31716586796790236,-0.3208011353170875,6.266133213072902,0.0006938301610056339,-0.0007750618031153414,2164,118,64274.7
2026-08-07 03:17:29,okx,BTC,BTC-USD-260821-61500-C,2026-08-21,61500,call,0.0536205323977776,0.005,0.112,0.33033234970552244,0.714157721289385,3.2576823877235537,0.0006020514545841366,-0.0007004569227452354,0,0,64274.7
2026-08-07 03:17:29,okx,BTC,BTC-USD-260821-61000-P,2026-08-21,61000,put,0.0076889190018665,0.007,0.0075,0.3373829631081372,-0.2080438407452541,4.628207399540804,0.0005527188483074476,-0.0006567863801242891,4886,11,64274.7
2026-08-07 03:17:29,okx,BTC,BTC-USD-260821-62000-C,2026-08-21,62000,call,0.0475338694576119,0.0465,0.0485,0.3235937972157374,0.684364043554319,3.794001588833384,0.0006497705060092908,-0.000740554282575761,694,0,64274.7
2026-08-07 03:17:29,okx,BTC,BTC-USD-260821-61500-P,2026-08-21,61500,put,0.0091133615587824,0.0085,0.009,0.33033234970552244,-0.2413262009639506,5.168650232230225,0.0006020514545841366,-0.0007004569227452354,1708,1050,64274.7
2026-08-07 03:17:29,okx,BTC,BTC-USD-260821-64500-C,2026-08-21,64500,call,0.0221565954974437,0.022,0.0225,0.29451278211532417,0.47506455824407845,5.918264967357772,0.0007867554753399729,-0.0008160948506844743,1968,504,64274.7
2026-08-07 03:17:29,okx,BTC,BTC-USD-260821-64000-P,2026-08-21,64000,put,0.0207866579502929,0.0205,0.021,0.29972310287976023,-0.47071142119654497,7.6373531756148045,0.0007805694803308913,-0.0008240024480400707,1622,357,64274.7
2026-08-07 03:17:29,okx,BTC,BTC-USD-260821-65000-C,2026-08-21,65000,call,0.0183093106961527,0.018,0.0185,0.2897616941900019,0.4247754002222795,6.060473291523753,0.0007787551900307663,-0.0007947648320485279,1326,489,64274.7
2026-08-07 03:17:29,okx,BTC,BTC-USD-260821-64500-P,2026-08-21,64500,put,0.0242588309589855,0.024,0.0245,0.29451278211532417,-0.5270283358264932,7.922450755498915,0.0007867554753399729,-0.0008160948506844743,557,74,64274.7
2026-08-07 03:17:29,okx,BTC,BTC-USD-260821-63500-C,2026-08-21,63500,call,0.0311663897415236,0.0305,0.0315,0.3052333185184484,0.5694428421806365,5.2765291769821925,0.0007616178332754521,-0.0008187772330740589,1797,1,64274.7
2026-08-07 03:17:29,okx,BTC,BTC-USD-260925-50000-P,2026-09-25,50000,put,0.0049482421743951,0.005,0.0055,0.4789765426142244,-0.0657602624635833,0.8161140627191231,0.00044196316324957816,-0.00021514854849925946,42462,21,64274.7
2026-08-07 03:17:29,okx,BTC,BTC-USD-260821-63000-P,2026-08-21,63000,put,0.0150697356094832,0.0145,0.015,0.31104655635415995,-0.3669731587041601,6.783997528983174,0.0007319221134705081,-0.0008018386413617622,2822,5,64274.7
2026-08-07 03:17:29,okx,BTC,BTC-USD-260925-50000-C,2026-09-25,50000,call,0.2313775449449436,0.2305,0.233,0.4789765426142244,0.7078032538930439,-0.731012969994131,0.00044196316324957816,-0.00021514854849925946,857,0,64274.7
2026-08-07 03:17:29,okx,BTC,BTC-USD-260821-64000-C,2026-08-21,64000,call,0.0264526568721741,0.026,0.0265,0.29972310287976023,0.5236133109044874,5.6487037114127405,0.0007805694803308913,-0.0008240024480400707,834,7,64274.7
2026-08-07 03:17:29,okx,BTC,BTC-USD-260821-63500-P,2026-08-21,63500,put,0.0177321564362196,0.0175,0.018,0.3052333185184484,-0.4171137279508565,7.249642317245178,0.0007616178332754521,-0.0008187772330740589,1755,0,64274.7
2026-08-07 03:17:29,okx,BTC,BTC-USD-260821-66500-C,2026-08-21,66500,call,0.009534618364363,0.0095,0.01,0.27895980007250926,0.2763108419638305,5.627157683652094,0.0006704941814893335,-0.0006587692997817363,1515,20,64274.7
2026-08-07 03:17:29,okx,BTC,BTC-USD-260925-70000-P,2026-09-25,70000,put,0.1018364502213693,0.101,0.103,0.326157254287525,-0.8295490007465975,4.432014524644514,0.0012189976578906715,-0.00040408061452028873,50486,10,64274.7
2026-08-07 03:17:29,okx,BTC,BTC-USD-260821-66000-P,2026-08-21,66000,put,0.0374168164288329,0.037,0.0385,0.28199779881832626,-0.7013211605074091,7.96168836710903,0.0007193940117106564,-0.0007145115476023831,3,3,64274.7
2026-08-07 03:17:29,okx,BTC,BTC-USD-260925-70000-C,2026-09-25,70000,call,0.0188374741001372,0.019,0.0195,0.326157254287525,0.2534399221526803,2.2660366788459587,0.0012189976578906715,-0.00040408061452028873,35656,787,64274.7
2026-08-07 03:17:29,okx,BTC,BTC-USD-260821-67000-C,2026-08-21,67000,call,0.0074737299420599,0.0075,0.008,0.276466630752403,0.23183100487325328,5.228990514717808,0.0006121217564139902,-0.0005960425319591968,6131,315,64274.7
2026-08-07 03:17:29,okx,BTC,BTC-USD-260925-60000-P,2026-09-25,60000,put,0.024403119520494,0.024,0.0245,0.37349937957290574,-0.2948910484366948,3.003282578867541,0.0012150000835135834,-0.0004612159256023375,33188,1357,64274.7
2026-08-07 03:17:29,okx,BTC,BTC-USD-260821-66500-P,2026-08-21,66500,put,0.0427097913595959,0.006,0.044,0.27895980007250926,-0.7568546999848984,7.693488767549551,0.0006704941814893335,-0.0006587692997817363,3,2,64274.7
2026-08-07 03:17:29,okx,BTC,BTC-USD-260925-60000-C,2026-09-25,60000,call,0.0961182828451522,0.095,0.0965,0.37349937957290574,0.6333851711912577,1.1467301396116356,0.0012150000835135834,-0.0004612159256023375,6466,0,64274.7
2026-08-07 03:17:29,okx,BTC,BTC-USD-260821-65500-C,2026-08-21,65500,call,0.0149288125738282,0.015,0.0155,0.28559412403810164,0.3739970490697858,6.058737176820643,0.0007560809456690847,-0.0007605263688252517,911,468,64274.7
2026-08-07 03:17:29,okx,BTC,BTC-USD-260925-90000-P,2026-09-25,90000,put,0.3929535331419936,0.3915,0.395,0.3839010452842645,-1.3815862716875467,2.974393030085277,0.00010929350826111811,-0.00004264339407556954,2821,0,64274.7
2026-08-07 03:17:29,okx,BTC,BTC-USD-260821-65000-P,2026-08-21,65000,put,0.0281797805411172,0.028,0.0285,0.2897616941900019,-0.5850856558178315,8.080195403603973,0.0007787551900307663,-0.0007947648320485279,649,4,64274.7
2026-08-07 03:17:29,okx,BTC,BTC-USD-260925-90000-C,2026-09-25,90000,call,0.0005262781289811,0.0006,0.0008,0.3839010452842645,0.010828057754382179,0.1895643712014196,0.00010929350826111811,-0.00004264339407556954,27146,0,64274.7
2026-08-07 03:17:29,okx,BTC,BTC-USD-260821-66000-C,2026-08-21,66000,call,0.0120098778170228,0.012,0.0125,0.28199779881832626,0.32407621947178045,5.910893607150651,0.0007193940117106564,-0.0007145115476023831,2068,199,64274.7
2026-08-07 03:17:29,okx,BTC,BTC-USD-260925-80000-P,2026-09-25,80000,put,0.2400599773212726,0.2395,0.242,0.33631635722365555,-1.1921352327174097,3.1915996331348495,0.00036596341093609897,-0.0001250903361216292,8119,0,64274.7
2026-08-07 03:17:29,okx,BTC,BTC-USD-260821-65500-P,2026-08-21,65500,put,0.0325675168022154,0.032,0.033,0.28559412403810164,-0.6436321689398644,8.093995612839944,0.0007560809456690847,-0.0007605263688252517,710,228,64274.7
2026-08-07 03:17:29,okx,BTC,BTC-USD-260925-80000-C,2026-09-25,80000,call,0.0023468617541501,0.0026,0.0027,0.33631635722365555,0.045566393453193604,0.7161963807936427,0.00036596341093609897,-0.0001250903361216292,15891,100,64274.7
2026-08-07 03:17:29,okx,BTC,BTC-USD-260821-69000-C,2026-08-21,69000,call,0.0025355925549855,0.003,0.0031,0.2716556913911427,0.09931622165645249,3.121275388337629,0.00035077227169156503,-0.0003356145486409226,2617,454,64274.7
2026-08-07 03:17:29,okx,BTC,BTC-USD-260925-110000-P,2026-09-25,110000,put,0.7020919952681923,0.697,0.705,0.5290422935784647,-1.697936440555911,3.458772854113975,0.00004485180080610116,-0.00002411617238584902,1292,0,64274.7
2026-08-07 03:17:29,okx,BTC,BTC-USD-260821-68000-P,2026-08-21,68000,put,0.0609153969280141,0.005,0.1385,0.27305829207414006,-0.900592323304471,6.32520990360162,0.00048046395353802305,-0.00046207545022891496,3,2,64274.7
2026-08-07 03:17:29,okx,BTC,BTC-USD-260925-110000-C,2026-09-25,110000,call,0.0002364613633991,0.0001,0.0004,0.5290422935784647,0.003903295428668547,0.055093382144815545,0.00004485180080610116,-0.00002411617238584902,10249,1,64274.7
2026-08-07 03:17:29,okx,BTC,BTC-USD-260821-70000-C,2026-08-21,70000,call,0.0014156743477083,0.0018,0.0019,0.27213650395167815,0.060751995938618686,2.160508543809193,0.00024153787841483192,-0.00023150947164413347,2452,200,64274.7
2026-08-07 03:17:29,okx,BTC,BTC-USD-260925-100000-P,2026-09-25,100000,put,0.5474143814827952,0.542,0.5495,0.45184400593072205,-1.541979605896807,3.1776184744616973,0.00005703983926588544,-0.000026194186830581855,2750,0,64274.7
2026-08-07 03:17:29,okx,BTC,BTC-USD-260821-69000-P,2026-08-21,69000,put,0.0745519374673325,0.005,0.161,0.2716556913911427,-0.972690130139973,5.265288091930479,0.00035077227169156503,-0.0003356145486409226,3,3,64274.7
2026-08-07 03:17:29,okx,BTC,BTC-USD-260925-100000-C,2026-09-25,100000,call,0.0002729870238921,0.0002,0.0005,0.45184400593072205,0.005147426816447224,0.08336440903518881,0.00005703983926588544,-0.000026194186830581855,25966,0,64274.7
2026-08-07 03:17:29,okx,BTC,BTC-USD-260821-67500-C,2026-08-21,67500,call,0.0057888305250115,0.006,0.0065,0.274504280951937,0.19150376829059718,4.746103176890386,0.0005476103093057222,-0.000529440856741658,2527,637,64274.7
2026-08-07 03:17:29,okx,BTC,BTC-USD-260925-130000-P,2026-09-25,130000,put,1.0115806217799084,1.005,1.014,0.686625830996392,-2.0074887858484214,4.062743461957596,0.000044205575341166305,-0.000030848587789365886,13,0,64274.7
2026-08-07 03:17:29,okx,BTC,BTC-USD-260821-67000-P,2026-08-21,67000,put,0.0484171373207157,0.046,0.1155,0.276466630752403,-0.8091026990450149,7.310857922554345,0.0006121217564139902,-0.0005960425319591968,4,3,64274.7
2026-08-07 03:17:29,okx,BTC,BTC-USD-260925-130000-C,2026-09-25,130000,call,0.0002968089833344,,0.0003,0.686625830996392,0.0037763566788089915,0.04021317690313469,0.000044205575341166305,-0.000030848587789365886,6713,0,64274.7
2026-08-07 03:17:29,okx,BTC,BTC-USD-260821-68000-C,2026-08-21,68000,call,0.0044355207825126,0.0048,0.0049,0.27305829207414006,0.15587770455287578,4.212269847886926,0.00048046395353802305,-0.00046207545022891496,5437,821,64274.7
2026-08-07 03:17:29,okx,BTC,BTC-USD-260925-120000-P,2026-09-25,120000,put,0.8568254005810837,0.8505,0.8595,0.6086426834283376,-1.852868665864584,3.7580371829872403,0.0000429044058917505,-0.000026540090571190444,505,0,64274.7
2026-08-07 03:17:29,okx,BTC,BTC-USD-260821-67500-P,2026-08-21,67500,put,0.0545004722870902,0.005,0.127,0.274504280951937,-0.8571980975972104,6.843506908666001,0.0005476103093057222,-0.000529440856741658,3,2,64274.7
2026-08-07 03:17:29,okx,BTC,BTC-USD-260925-120000-C,2026-09-25,120000,call,0.0002557272304003,,0.0004,0.6086426834283376,0.0036837733913208924,0.0449323044754306,0.0000429044058917505,-0.000026540090571190444,9258,0,64274.7
2026-08-07 03:17:29,okx,BTC,BTC-USD-260821-73000-C,2026-08-21,73000,call,0.0002516360624094,0.0006,0.0007,0.28361479318442584,0.012867457998653947,0.5774915847093945,0.00006654105962303658,-0.00006646841264681311,3159,0,64274.7
2026-08-07 03:17:29,okx,BTC,BTC-USD-260828-42000-P,2026-08-28,42000,put,0.000163725896487,,0.0003,0.6706678700845629,-0.003348414171210096,0.06643229925241152,0.00002326514288929774,-0.000036802007146302184,7149,0,64274.7
2026-08-07 03:17:29,okx,BTC,BTC-USD-260925-150000-P,2026-09-25,150000,put,1.3211084711954015,,,0.8300438223427624,-2.3165632155043077,4.676524372298176,0.000048552230106475045,-0.00004095890209016585,0,0,64274.7
2026-08-07 03:17:29,okx,BTC,BTC-USD-260821-72000-P,2026-08-21,72000,put,0.1190646543727537,0.1175,0.1205,0.27824366954880275,-1.097116538932241,3.148424234362136,0.00010326213491461159,-0.00010119594428723018,17,10,64274.7
2026-08-07 03:17:29,okx,BTC,BTC-USD-260828-42000-C,2026-08-28,42000,call,0.3480299024808819,0.3475,0.3495,0.6706678700845629,0.6481987915682197,-1.236662112226448,0.00002326514288929774,-0.00002727126083108503,72,0,64274.7
2026-08-07 03:17:29,okx,BTC,BTC-USD-260925-150000-C,2026-09-25,150000,call,0.000396379507047,,0.0025,0.8300438223427624,0.004127333565573703,0.03514327415841397,0.000048552230106475045,-0.00004095890209016585,8695,0,64274.7
2026-08-07 03:17:29,okx,BTC,BTC-USD-260821-74000-C,2026-08-21,74000,call,0.000149726897688,0.0005,0.0006,0.290361684652771,0.00788569298906486,0.36850240240566406,0.00004339707809414509,-0.0000443809416281816,490,0,64274.7
2026-08-07 03:17:29,okx,BTC,BTC-USD-260828-44000-P,2026-08-28,44000,put,0.0002438129476906,,0.0004,0.6305711720773475,-0.0051057811639191875,0.10301968121874192,0.000033984901370133133,-0.000050544504838808,6127,0,64274.7
2026-08-07 03:17:29,okx,BTC,BTC-USD-260925-140000-P,2026-09-25,140000,put,1.1663442935156896,1.16,1.169,0.7607860568111992,-2.162022811377171,4.369309636230656,0.00004641460267701386,-0.00003588849811063931,27,0,64274.7
2026-08-07 03:17:29,okx,BTC,BTC-USD-260821-73000-P,2026-08-21,73000,put,0.1344138560421387,0.005,,0.28361479318442584,-1.121284189554086,2.8457948798148744,0.00006654105962303658,-0.00006646841264681311,7,7,64274.7
2026-08-07 03:17:29,okx,BTC,BTC-USD-260828-44000-C,2026-08-28,44000,call,0.3170836431015776,,,0.6305711720773475,0.677467481991674,-1.2621268450924443,0.000033984901370133133,-0.0000418637874853964,0,0,64274.7
2026-08-07 03:17:29,okx,BTC,BTC-USD-260925-140000-C,2026-09-25,140000,call,0.0003463412732252,,0.0025,0.7607860568111992,0.0039550344213849006,0.037353944633544085,0.00004641460267701386,-0.00003588849811063931,5197,0,64274.7
2026-08-07 03:17:29,okx,BTC,BTC-USD-260821-71000-C,2026-08-21,71000,call,0.0007845952855419,0.0012,0.0013,0.2743749923263178,0.0362658445348474,1.423634785697879,0.00015966321307390094,-0.00015429295813976728,1742,1,64274.7
2026-08-07 03:17:29,okx,BTC,BTC-USD-260925-170000-P,2026-09-25,170000,put,1.630619458382577,,,0.9526508683905657,-2.625797173758187,5.291445058722494,0.00005116922949080706,-0.00004954282276603946,0,0,64274.7
2026-08-07 03:17:29,okx,BTC,BTC-USD-260821-70000-P,2026-08-21,70000,put,0.0889684880269008,0.0865,0.1815,0.27213650395167815,-1.0267906797968853,4.335593895280201,0.00024153787841483192,-0.00023150947164413347,5,5,64274.7
2026-08-07 03:17:29,okx,BTC,BTC-USD-260925-170000-C,2026-09-25,170000,call,0.0004790878024419,,0.0003,0.9526508683905657,0.004318781854345297,0.03121314749742831,0.00005116922949080706,-0.00004954282276603946,2146,0,64274.7
2026-08-07 03:17:29,okx,BTC,BTC-USD-260821-72000-C,2026-08-21,72000,call,0.0004389031598699,0.0008,0.0009,0.27824366954880275,0.021498784681420104,0.9111935871348135,0.00010326213491461159,-0.00010119594428723018,101,0,64274.7
2026-08-07 03:17:29,okx,BTC,BTC-USD-260925-160000-P,2026-09-25,160000,put,1.4758679217430217,,,0.8939995522373584,-2.471149924980199,4.983952180918299,0.00005018982078806034,-0.000045602751651695944,0,0,64274.7
2026-08-07 03:17:29,okx,BTC,BTC-USD-260821-71000-P,2026-08-21,71000,put,0.10387387773158,0.005,0.201,0.2743749923263178,-1.0668131551397353,3.6297927850470444,0.00015966321307390094,-0.00015429295813976728,9,5,64274.7
2026-08-07 03:17:29,okx,BTC,BTC-USD-260925-160000-C,2026-09-25,160000,call,0.0004416906087772,,0.0031,0.8939995522373584,0.004253327361007759,0.03314567623588603,0.00005018982078806034,-0.000045602751651695944,5535,0,64274.7
2026-08-07 03:17:29,okx,BTC,BTC-USD-260814-66500-C,2026-08-14,66500,call,0.0037907099297187,0.0041,0.0042,0.26450773176130804,0.18524044742755513,6.913111065735671,0.00037983646782274765,-0.0006980708225102892,479,332,64274.7
2026-08-07 03:17:29,okx,BTC,BTC-USD-260925-190000-P,2026-09-25,190000,put,1.940093817679807,0.0001,,1.0550281205942786,-2.935269533564549,5.9065169290789115,0.000051160928723283815,-0.000054858074180095086,0,0,64274.7
2026-08-07 03:17:29,okx,BTC,BTC-USD-260814-66500-P,2026-08-14,66500,put,0.0377929111168215,0.005,0.1085,0.26450773176130804,-0.8487521072881713,8.981096175167124,0.00037983646782274765,-0.0006980708225102892,0,0,64274.7
2026-08-07 03:17:29,okx,BTC,BTC-USD-260925-190000-C,2026-09-25,190000,call,0.0005251682078911,,0.0002,1.0550281205942786,0.0042718285906338796,0.027434204768545568,0.000051160928723283815,-0.000054858074180095086,3219,0,64274.7
2026-08-07 03:17:29,okx,BTC,BTC-USD-261225-72000-P,2026-12-25,72000,put,0.1583107803092554,0.156,0.159,0.38545407693602807,-0.7693577711256634,3.1399830089724334,0.0023707186733758715,-0.0003241561692909447,210,0,64274.7
2026-08-07 03:17:29,okx,BTC,BTC-USD-260925-180000-P,2026-09-25,180000,put,1.7853615318660925,,,1.0062164658189143,-2.780505724539286,5.598965590048336,0.00005147420162731028,-0.000052640395263477545,0,0,64274.7
2026-08-07 03:17:29,okx,BTC,BTC-USD-260925-180000-C,2026-09-25,180000,call,0.0005070218400669,,0.0003,1.0062164658189143,0.0043229343445714274,0.029308272280621335,0.00005147420162731028,-0.000052640395263477545,4385,0,64274.7
2026-08-07 03:17:29,okx,BTC,BTC-USD-260828-54000-P,2026-08-28,54000,put,0.0019135281485673,0.002,0.0021,0.43920320471796054,-0.04454710858597634,0.9463837989178565,0.00021865478102265964,-0.00022648277689206597,9750,217,64274.7
2026-08-07 03:17:29,okx,BTC,BTC-USD-260925-220000-P,2026-09-25,220000,put,2.4042392349972745,0.0001,,1.1767652101630741,-3.3998000114852327,6.82950865226702,0.000047437889978269154,-0.00005673529094687838,0,0,64274.7
2026-08-07 03:17:29,okx,BTC,BTC-USD-260821-74000-P,2026-08-21,74000,put,0.1498484156442628,0.005,,0.290361684652771,-1.1418022785027537,2.667878345389301,0.00004339707809414509,-0.0000443809416281816,0,0,64274.7
2026-08-07 03:17:29,okx,BTC,BTC-USD-260828-54000-C,2026-08-28,54000,call,0.1636216261499148,0.163,0.1655,0.43920320471796054,0.7931564416504333,-0.7290233015549629,0.00021865478102265964,-0.00022205220434768212,30,0,64274.7
2026-08-07 03:17:29,okx,BTC,BTC-USD-260925-220000-C,2026-09-25,220000,call,0.0005281671876877,,0.0002,1.1767652101630741,0.003879460483926412,0.022149708328700717,0.000047437889978269154,-0.00005673529094687838,12814,0,64274.7
2026-08-07 03:17:29,okx,BTC,BTC-USD-260925-48000-P,2026-09-25,48000,put,0.0037714806779735,0.0039,0.004,0.5082354379529382,-0.04946856242254354,0.6132596417848757,0.00035232179930595026,-0.00018198792012281016,5733,817,64274.7
2026-08-07 03:17:29,okx,BTC,BTC-USD-260925-200000-P,2026-09-25,200000,put,2.094816821488415,0.0001,,1.0994656534079046,-3.0900796048245622,6.214114327246594,0.00005031829754624039,-0.00005622710303361665,0,0,64274.7
2026-08-07 03:17:29,okx,BTC,BTC-USD-261225-72000-C,2026-12-25,72000,call,0.057139054800055,0.0565,0.057,0.38545407693602807,0.330257707395664,0.9407520519297786,0.0023707186733758715,-0.0003252714601497449,1842,107,64274.7
2026-08-07 03:17:29,okx,BTC,BTC-USD-260925-48000-C,2026-09-25,48000,call,0.2611436113377001,0.2605,0.263,0.5082354379529382,0.6931524132798185,-0.8719823096198482,0.00035232179930595026,-0.00018198792012281016,320,0,64274.7
2026-08-07 03:17:29,okx,BTC,BTC-USD-260925-200000-C,2026-09-25,200000,call,0.0005340325706088,,0.0031,1.0994656534079046,0.004174460601946393,0.02560619639357737,0.00005031829754624039,-0.00005622710303361665,6022,0,64274.7
2026-08-07 03:17:29,okx,BTC,BTC-USD-260925-260000-P,2026-09-25,260000,put,3.023024743859709,0.0001,,1.2947457664278477,-4.019420954151677,8.061329048464216,0.00003924259873378462,-0.000051639301796015605,0,0,64274.7
2026-08-07 03:17:29,okx,BTC,BTC-USD-260925-260000-C,2026-09-25,260000,call,0.0004571182665615,,0.0031,1.2947457664278477,0.0031093309027838256,0.016268478355295993,0.00003924259873378462,-0.000051639301796015605,1375,0,64274.7
2026-08-07 03:17:29,okx,BTC,BTC-USD-260925-240000-P,2026-09-25,240000,put,2.7136386988944445,0.0001,,1.241028890901871,-3.7095975117061113,7.44523623169784,0.00004355941677284918,-0.000054941694604102224,0,0,64274.7
2026-08-07 03:17:29,okx,BTC,BTC-USD-260925-240000-C,2026-09-25,240000,call,0.0004993521930772,,0.0001,1.241028890901871,0.0035073668056986077,0.019026474674220015,0.00004355941677284918,-0.000054941694604102224,275,0,64274.7
2026-08-07 03:17:29,okx,BTC,BTC-USD-260808-66500-C,2026-08-08,66500,call,0.0001435167621463,0.0001,0.0003,0.2953648601862454,0.022726130757969164,3.161692378641172,0.00003104575720999573,-0.00038327750752992744,3711,2704,64274.7
2026-08-07 03:17:29,okx,BTC,BTC-USD-260925-280000-P,2026-09-25,280000,put,3.332404747498078,3.3165,3.341,1.3399419026571608,-4.329237511515159,8.67778119479296,0.000034867528731366717,-0.000047483774996743334,25,0,64274.7
2026-08-07 03:17:29,okx,BTC,BTC-USD-260808-66500-P,2026-08-08,66500,put,0.034657386260731,0.034,0.0355,0.2953648601862454,-1.0117796920442113,5.230704024245533,0.00003104575720999573,-0.00038327750752992744,100,100,64274.7
2026-08-07 03:17:29,okx,BTC,BTC-USD-260925-280000-C,2026-09-25,280000,call,0.0004088430131501,,0.0031,1.3399419026571608,0.0027181800819526683,0.013869811598736615,0.000034867528731366717,-0.000047483774996743334,13475,0,64274.7
2026-08-07 03:17:29,okx,BTC,BTC-USD-260814-58000-C,2026-08-14,58000,call,0.098921921825275,0.005,,0.40694252034922157,0.8679622046413883,-0.44404456949436105,0.0001036496574155316,-0.0002930659735248289,0,0,64274.7
2026-08-07 03:17:29,okx,BTC,BTC-USD-260814-57000-P,2026-08-14,57000,put,0.0004947622105918,0.0004,0.0005,0.43159567759411843,-0.022063076718456455,0.8958296996507563,0.00007247333081845264,-0.0002173300421551581,4580,2802,64274.7
2026-08-07 03:17:29,okx,BTC,BTC-USD-260814-59000-C,2026-08-14,59000,call,0.0838036827002651,0.0815,0.1575,0.38312785787040105,0.8646304073317171,0.23531315790700946,0.00014839688917244538,-0.0003950326429561362,0,0,64274.7
2026-08-07 03:17:29,okx,BTC,BTC-USD-260814-58000-P,2026-08-14,58000,put,0.0007584281238009,0.0005,0.0006,0.40694252034922157,-0.03386588819338053,1.3596116161751766,0.0001036496574155316,-0.0002930659735248289,2371,433,64274.7
2026-08-07 03:17:29,okx,BTC,BTC-USD-260814-56000-C,2026-08-14,56000,call,0.1295901849934536,0.005,,0.45673063494316274,0.8561581337728416,-1.147510382424387,0.000050859494042825505,-0.0001613974371047049,0,0,64274.7
2026-08-07 03:17:29,okx,BTC,BTC-USD-260814-57000-C,2026-08-14,57000,call,0.114207161193075,0.005,,0.43159567759411843,0.8642162558950233,-0.876728965576203,0.00007247333081845264,-0.0002173300421551581,0,0,64274.7
2026-08-07 03:17:29,okx,BTC,BTC-USD-260814-56000-P,2026-08-14,56000,put,0.0003288807299613,0.0003,0.0004,0.45673063494316274,-0.014572438619349013,0.5939507623599941,0.000050859494042825505,-0.0001613974371047049,10871,332,64274.7
2026-08-07 03:17:29,okx,BTC,BTC-USD-260814-62000-C,2026-08-14,62000,call,0.041123692958072,,0.1035,0.3198636578508585,0.7579259350189914,4.735225537142086,0.0003942143740462321,-0.0008761164023177944,0,0,64274.7
2026-08-07 03:17:29,okx,BTC,BTC-USD-260814-61000-P,2026-08-14,61000,put,0.0031200326111289,0.0027,0.0028,0.33931563434692713,-0.13148563353646886,4.664324423251531,0.00029444403944670224,-0.0006941783964903829,6122,952,64274.7
2026-08-07 03:17:29,okx,BTC,BTC-USD-260814-63000-C,2026-08-14,63000,call,0.0289110391335135,0.0285,0.029,0.30231961940881313,0.6651599423695614,6.932394544764678,0.0004924949196775853,-0.0010345048786348076,1468,395,64274.7
2026-08-07 03:17:29,okx,BTC,BTC-USD-260814-62000-P,2026-08-14,62000,put,0.0051558203806342,0.0047,0.0048,0.3198636578508585,-0.2060971987009339,6.663271804581937,0.0003942143740462321,-0.0008761164023177944,9026,220,64274.7
2026-08-07 03:17:29,okx,BTC,BTC-USD-260814-60000-C,2026-08-14,60000,call,0.0689734218867115,0.0665,0.1415,0.36048635771040655,0.84980905244818,1.2709481512215401,0.00021112553193616677,-0.0005288031660545591,0,0,64274.7
2026-08-07 03:17:29,okx,BTC,BTC-USD-260814-59000-P,2026-08-14,59000,put,0.0011890942798001,0.0008,0.0009,0.38312785787040105,-0.05274644572434086,2.070066864019125,0.00014839688917244538,-0.0003950326429561362,8463,287,64274.7
2026-08-07 03:17:29,okx,BTC,BTC-USD-260814-61000-C,2026-08-14,61000,call,0.0546368104695758,0.051,0.1235,0.33931563434692713,0.8169887399621674,2.7673756762542596,0.00029444403944670224,-0.0006941783964903829,0,0,64274.7
2026-08-07 03:17:29,okx,BTC,BTC-USD-260814-60000-P,2026-08-14,60000,put,0.0019077387472555,0.0015,0.0016,0.36048635771040655,-0.08311656082916705,3.1367993777762346,0.00021112553193616677,-0.0005288031660545591,10040,740,64274.7
2026-08-07 03:17:29,okx,BTC,BTC-USD-260814-66000-C,2026-08-14,66000,call,0.0054871094376594,0.0055,0.006,0.26641734376053505,0.2449432497569464,8.01270125107196,0.00044660779226716394,-0.0008267101052410209,3742,89,64274.7
2026-08-07 03:17:29,okx,BTC,BTC-USD-260814-65000-P,2026-08-14,65000,put,0.0213567270182476,0.021,0.022,0.274063370335976,-0.6225869564549662,11.276556581948062,0.0005420314318669777,-0.001032143119555377,1407,164,64274.7
2026-08-07 03:17:29,okx,BTC,BTC-USD-260814-67000-C,2026-08-14,67000,call,0.0025696727743117,0.0029,0.003,0.2638218353083305,0.1361543540128466,5.698865001612583,0.0003105868916462863,-0.0005693224578429234,6117,862,64274.7
2026-08-07 03:17:29,okx,BTC,BTC-USD-260814-66000-P,2026-08-14,66000,put,0.0317148579842579,0.0305,0.0325,0.26641734376053505,-0.7812749248481353,10.065137600282123,0.00044660779226716394,-0.0008267101052410209,811,1,64274.7
2026-08-07 03:17:29,okx,BTC,BTC-USD-260814-64000-C,2026-08-14,64000,call,0.0185783711594805,0.0185,0.019,0.28680887463173993,0.5377158912730018,8.732052665766487,0.0005545783267483898,-0.0011051467084959282,4084,0,64274.7
2026-08-07 03:17:29,okx,BTC,BTC-USD-260814-63000-P,2026-08-14,63000,put,0.0084920718370848,0.008,0.0085,0.30231961940881313,-0.31441195157165297,8.891538332647107,0.0004924949196775853,-0.0010345048786348076,4342,1346,64274.7
2026-08-07 03:17:29,okx,BTC,BTC-USD-260814-65000-C,2026-08-14,65000,call,0.0106778837526582,0.0105,0.011,0.274063370335976,0.38808245792882645,9.255217753180476,0.0005420314318669777,-0.001032143119555377,3892,201,64274.7
2026-08-07 03:17:29,okx,BTC,BTC-USD-260814-64000-P,2026-08-14,64000,put,0.013708309144061,0.0135,0.014,0.28680887463173993,-0.4574047628895018,10.722293974091494,0.0005545783267483898,-0.0011051467084959282,2493,241,64274.7
2026-08-07 03:17:29,okx,BTC,BTC-USD-260814-70000-C,2026-08-14,70000,call,0.0002442336913862,0.0004,0.0005,0.2828372933984613,0.017038072569053434,1.0425592510316852,0.00006003686497085505,-0.00011798291841959097,5940,3441,64274.7
2026-08-07 03:17:29,okx,BTC,BTC-USD-260814-69000-P,2026-08-14,69000,put,0.0733870039409497,0.072,0.074,0.272419642673716,-1.038964675132761,4.070112779334586,0.00010699917318652908,-0.00020252717120486477,46,0,64274.7
2026-08-07 03:17:29,okx,BTC,BTC-USD-260814-71000-C,2026-08-14,71000,call,0.0001289384634338,0.0003,0.0004,0.29677960461778025,0.009192012511098462,0.5830730114475663,0.00003519259904074788,-0.00007256878459385469,3472,0,64274.7
2026-08-07 03:17:29,okx,BTC,BTC-USD-260814-70000-P,2026-08-14,70000,put,0.088667603362021,0.0875,0.0895,0.2828372933984613,-1.0713751429211849,3.219385682012162,0.00006003686497085505,-0.00011798291841959097,13,0,64274.7
2026-08-07 03:17:29,okx,BTC,BTC-USD-260814-68000-C,2026-08-14,68000,call,0.0011440728502887,0.0014,0.0015,0.2659469051632703,0.06911956951519703,3.4677887040149216,0.00018907612624721203,-0.00034937843312489843,9923,4813,64274.7
2026-08-07 03:17:29,okx,BTC,BTC-USD-260814-67000-P,2026-08-14,67000,put,0.0443463266019193,0.043,0.0455,0.2638218353083305,-0.9056125808135244,7.7823988712653245,0.0003105868916462863,-0.0005693224578429234,11,0,64274.7
2026-08-07 03:17:29,okx,BTC,BTC-USD-260814-69000-C,2026-08-14,69000,call,0.0005125395513241,0.0007,0.0008,0.272419642673716,0.03389978013618821,1.9243838687966872,0.00010699917318652908,-0.00020252717120486477,4338,669,64274.7
2026-08-07 03:17:29,okx,BTC,BTC-USD-260814-68000-P,2026-08-14,68000,put,0.0584696319589054,0.057,0.0595,0.2659469051632703,-0.988196125532463,5.58242009411024,0.00018907612624721203,-0.00034937843312489843,26,0,64274.7
2026-08-07 03:17:29,okx,BTC,BTC-USD-260814-74000-C,2026-08-14,74000,call,0.0000393417351958,,0.0002,0.3555142587515817,0.002633542792548478,0.15988756996043207,0.000011576053463225326,-0.00002859446686942688,1075,0,64274.7
2026-08-07 03:17:29,okx,BTC,BTC-USD-260814-73000-P,2026-08-14,73000,put,0.1351220919094989,0.005,,0.3335353822976965,-1.1314484560318987,2.4966771223284794,0.00001537313129095692,-0.00003562613456840419,2,0,64274.7
2026-08-07 03:17:29,okx,BTC,BTC-USD-260814-76000-C,2026-08-14,76000,call,0.000029324187675,,0.0004,0.40471298826041374,0.0017800358865570224,0.09830286337538421,0.000008127856133464237,-0.00002285533577639423,1886,0,64274.7
2026-08-07 03:17:29,okx,BTC,BTC-USD-260814-74000-P,2026-08-14,74000,put,0.150658332529867,0.005,,0.3555142587515817,-1.1479747135828462,2.461104082711221,0.000011576053463225326,-0.00002859446686942688,3,0,64274.7
2026-08-07 03:17:29,okx,BTC,BTC-USD-260814-72000-C,2026-08-14,72000,call,0.0000769567305171,0.0002,0.0003,0.3138200078856107,0.005466526421338383,0.34876394204966865,0.000022255129103016014,-0.00004852607923329117,2309,508,64274.7
2026-08-07 03:17:29,okx,BTC,BTC-USD-260814-71000-P,2026-08-14,71000,put,0.1041012134150778,0.0995,,0.29677960461778025,-1.0947699632004289,2.790996962870621,0.00003519259904074788,-0.00007256878459385469,5,0,64274.7
2026-08-07 03:17:29,okx,BTC,BTC-USD-260814-73000-C,2026-08-14,73000,call,0.0000520063958369,0.0001,0.0003,0.3335353822976965,0.0036110401222069557,0.22655813002026795,0.00001537313129095692,-0.00003562613456840419,542,0,64274.7
2026-08-07 03:17:29,okx,BTC,BTC-USD-260814-72000-P,2026-08-14,72000,put,0.11959813696317,0.118,0.1205,0.3138200078856107,-1.114044209511478,2.587785413915302,0.000022255129103016014,-0.00004852607923329117,14,0,64274.7
2026-08-07 03:17:29,okx,BTC,BTC-USD-260807-55000-P,2026-08-07,55000,put,0.0000000000000001,,0.0015,0.36886497350677705,-0.000000000000000000000000000000000000000000000000000000000000000000000000011114097449392452,0.000000000000000000000000000000000000000000000000000000000000000000000023791939155953653,0.00000000000000000000000000000000000000000000000000000000000000000000000000004713923232031606,-0.0000000000000000000000000000000000000000000000000000000000000000000000000008694005840481597,7999,0,64274.7
2026-08-07 03:17:29,okx,BTC,BTC-USD-260807-55000-C,2026-08-07,55000,call,0.1444503112715198,0.005,,0.36886497350677705,0.855541703727335,-1.71108340745467,0.00000000000000000000000000000000000000000000000000000000000000000000000000004713923232031606,-0.0000000000000000000000000000000000000000000000000000000000000000000000000008694005840481597,0,0,64274.7
2026-08-07 03:17:29,okx,BTC,BTC-USD-260814-78000-C,2026-08-14,78000,call,0.0000274353332569,,0.0004,0.45857059399054617,0.0014899798582414026,0.0736066466565164,0.0000069242335422443585,-0.000022061872249842854,3979,0,64274.7
2026-08-07 03:17:29,okx,BTC,BTC-USD-260814-76000-P,2026-08-14,76000,put,0.1817461255443641,0.005,,0.40471298826041374,-1.1799257409314161,2.46171441701133,0.000008127856133464237,-0.00002285533577639423,7,0,64274.7
2026-08-07 03:17:29,okx,BTC,BTC-USD-260814-78000-P,2026-08-14,78000,put,0.2128420472519643,0.005,,0.45857059399054617,-1.2113133174023099,2.499213241177619,0.0000069242335422443585,-0.000022061872249842854,3,0,64274.7
2026-08-07 03:17:29,okx,BTC,BTC-USD-260807-58000-P,2026-08-07,58000,put,0.0000000000000001,,0.0001,0.3688584100995531,-0.0000000000000000000000000000000011395752267648428,0.0000000000000000000000000000016158567282816857,0.0000000000000000000000000000000000031999318379353736,-0.00000000000000000000000000000000005901608850838916,8782,0,64274.7
2026-08-07 03:17:29,okx,BTC,BTC-USD-260810-62000-P,2026-08-10,62000,put,0.0010509922863324,0.0009,0.001,0.28575275727538835,-0.08583770709469354,5.980055696169825,0.00014534221550874908,-0.0006497002551176682,1960,2560,64274.7
2026-08-07 03:17:29,okx,BTC,BTC-USD-260807-58000-C,2026-08-07,58000,call,0.0977839646136027,0.0975,0.099,0.3688584100995531,0.902207614839735,-1.80441522967947,0.0000000000000000000000000000000000031999318379353736,-0.00000000000000000000000000000000005901608850838916,199,0,64274.7
2026-08-07 03:17:29,okx,BTC,BTC-USD-260810-62500-C,2026-08-10,62500,call,0.0296904444327379,0.028,,0.275917289691514,0.8369136278867554,6.666139313218481,0.00020150671774379992,-0.0008697596901333113,0,0,64274.7
2026-08-07 03:17:29,okx,BTC,BTC-USD-260807-59000-P,2026-08-07,59000,put,0.0000000000000001,,0.0001,0.368823568545722,-0.000000000000000000000005140416616621889,0.0000000000000000000060981900028208854,0.000000000000000000000000012071966370541966,-0.00000000000000000000000022262128580736184,12663,0,64274.7
2026-08-07 03:17:29,okx,BTC,BTC-USD-260810-61500-P,2026-08-10,61500,put,0.0006025513829758,0.0005,0.0007,0.2940545477389268,-0.05217183625274865,3.9458134988340214,0.00009891715812117806,-0.0004550198706726053,373,373,64274.7
2026-08-07 03:17:29,okx,BTC,BTC-USD-260807-59000-C,2026-08-07,59000,call,0.0822285157276303,0.007,,0.368823568545722,0.9177629185438684,-1.8355258370877368,0.000000000000000000000000012071966370541966,-0.00000000000000000000000022262128580736184,0,0,64274.7
2026-08-07 03:17:29,okx,BTC,BTC-USD-260810-62000-C,2026-08-10,62000,call,0.036761950776775,0.0355,,0.28575275727538835,0.8784438356557944,4.051492610668849,0.00014534221550874908,-0.0006497002551176682,0,0,64274.7
2026-08-07 03:17:29,okx,BTC,BTC-USD-260807-56000-P,2026-08-07,56000,put,0.0000000000000001,,0.0015,0.36886484426975186,-0.00000000000000000000000000000000000000000000000000000000006745767717225427,0.00000000000000000000000000000000000000000000000000000012784612770278846,0.00000000000000000000000000000000000000000000000000000000000025327217522339502,-0.000000000000000000000000000000000000000000000000000000000004671160073581946,3304,0,64274.7
2026-08-07 03:17:29,okx,BTC,BTC-USD-260807-56000-C,2026-08-07,56000,call,0.1288948623855474,0.005,,0.36886484426975186,0.8710970074314682,-1.7421940148629365,0.00000000000000000000000000000000000000000000000000000000000025327217522339502,-0.000000000000000000000000000000000000000000000000000000000004671160073581946,0,0,64274.7
2026-08-07 03:17:29,okx,BTC,BTC-USD-260810-61500-C,2026-08-10,61500,call,0.0440900344017212,0.043,,0.2940545477389268,0.9043332424432999,2.0328033414419235,0.00009891715812117806,-0.0004550198706726053,0,0,64274.7
2026-08-07 03:17:29,okx,BTC,BTC-USD-260925-65000-P,2026-09-25,65000,put,0.0531364181026537,0.0525,0.0535,0.3424528547233224,-0.5458761645846273,4.26437141177711,0.001464393377352382,-0.0005096788936947625,28985,623,64274.7
2026-08-07 03:17:29,okx,BTC,BTC-USD-260807-57000-P,2026-08-07,57000,put,0.0000000000000001,,0.0001,0.3688639815319265,-0.000000000000000000000000000000000000000000002904935387813297,0.0000000000000000000000000000000000000000048056218488976946,0.000000000000000000000000000000000000000000000009518788168274933,-0.0000000000000000000000000000000000000000000001755569051554443,9753,0,64274.7
2026-08-07 03:17:29,okx,BTC,BTC-USD-260925-65000-C,2026-09-25,65000,call,0.0474945117043669,0.047,0.0475,0.3424528547233224,0.459756406678988,2.2531062692498787,0.001464393377352382,-0.0005096788936947625,20929,94,64274.7
2026-08-07 03:17:29,okx,BTC,BTC-USD-260807-57000-C,2026-08-07,57000,call,0.1133394134995751,0.005,,0.3688639815319265,0.8866523111356016,-1.7733046222712032,0.000000000000000000000000000000000000000000000009518788168274933,-0.0000000000000000000000000000000000000000000001755569051554443,0,0,64274.7
2026-08-07 03:17:29,okx,BTC,BTC-USD-260807-60500-P,2026-08-07,60500,put,0.0000000000000006,,0.0001,0.368249157140166,-0.0000000000005628450069799403,0.0000000004784650317134361,0.0000000000000009450617335109646,-0.00000000000001740090934054184,14544,0,64274.7
2026-08-07 03:17:29,okx,BTC,BTC-USD-260810-64000-P,2026-08-10,64000,put,0.0069025161639272,0.0065,0.007,0.24214050496285727,-0.42164016936794285,18.046019037620777,0.0003647634715610993,-0.0013816868227998747,437,600,64274.7
2026-08-07 03:17:29,okx,BTC,BTC-USD-260807-60500-C,2026-08-07,60500,call,0.0588953423986724,0.0575,0.06,0.368249157140166,0.9410958740995056,-1.8821917477216719,0.0000000000000009450617335109646,-0.00000000000001740090934054184,200,0,64274.7
2026-08-07 03:17:29,okx,BTC,BTC-USD-260810-64500-C,2026-08-10,64500,call,0.0071894792609432,0.007,0.0075,0.2322326327123997,0.4393143081105429,17.313602169584925,0.0003699606266103509,-0.00134403192142326,100,100,64274.7
2026-08-07 03:17:29,okx,BTC,BTC-USD-260807-61000-P,2026-08-07,61000,put,0.0000000000004682,,0.0001,0.3673769308132597,-0.00000000035283527519022723,0.0000002621229498534119,0.0000000000005163418889346678,-0.000000000009484604920356963,14937,6,64274.7
2026-08-07 03:17:29,okx,BTC,BTC-USD-260810-63500-P,2026-08-10,63500,put,0.0044778334017207,0.0042,0.0043,0.2533692170242289,-0.29988530770392174,15.161503815009773,0.0003230823423903084,-0.0012805540200506338,784,825,64274.7
2026-08-07 03:17:29,okx,BTC,BTC-USD-260807-61000-C,2026-08-07,61000,call,0.0511176179561538,0.0395,,0.3673769308132597,0.9488735255992999,-1.8977467897813203,0.0000000000005163418889346678,-0.000000000009484604920356963,0,0,64274.7
2026-08-07 03:17:29,okx,BTC,BTC-USD-260810-64000-C,2026-08-10,64000,call,0.0115073765411582,0.011,0.012,0.24214050496285727,0.5737472296003029,16.05524423968429,0.0003647634715610993,-0.0013816868227998747,33,33,64274.7
2026-08-07 03:17:29,okx,BTC,BTC-USD-260807-59500-P,2026-08-07,59500,put,0.0000000000000001,,0.0001,0.3687623110193624,-0.00000000000000000006915872925543455,0.00000000000000007417146891172783,0.00000000000000000000014677900930742894,-0.0000000000000000000027063283340670002,11288,0,64274.7
2026-08-07 03:17:29,okx,BTC,BTC-USD-260810-63000-P,2026-08-10,63000,put,0.002839438135693,0.0026,0.0027,0.2649064407189899,-0.20492681053065148,11.774081996540916,0.00026362025401086144,-0.0010924513942178096,651,651,64274.7
2026-08-07 03:17:29,okx,BTC,BTC-USD-260807-59500-C,2026-08-07,59500,call,0.0744507912846441,0.009,,0.3687623110193624,0.9255405703959351,-1.8510811407918701,0.00000000000000000000014677900930742894,-0.0000000000000000000027063283340670002,0,0,64274.7
2026-08-07 03:17:29,okx,BTC,BTC-USD-260810-63500-C,2026-08-10,63500,call,0.0168592183072547,0.016,0.018,0.2533692170242289,0.6877256272098845,13.18628194518216,0.0003230823423903084,-0.0012805540200506338,202,202,64274.7
2026-08-07 03:17:29,okx,BTC,BTC-USD-260807-60000-P,2026-08-07,60000,put,0.0000000000000001,,0.0001,0.3686124829479846,-0.000000000000000328701047169336,0.0000000000003156327436208686,0.000000000000000000624220146215565,-0.000000000000000011504766900133673,30083,180,64274.7
2026-08-07 03:17:29,okx,BTC,BTC-USD-260810-62500-P,2026-08-10,62500,put,0.0017560104705981,0.0015,0.0016,0.275917289691514,-0.135144378918172,8.610255326828335,0.00020150671774379992,-0.0008697596901333113,47,47,64274.7
2026-08-07 03:17:29,okx,BTC,BTC-USD-260807-60000-C,2026-08-07,60000,call,0.0666730668416579,0.056,,0.3686124829479846,0.9333182222480014,-1.866636444495688,0.000000000000000000624220146215565,-0.000000000000000011504766900133673,0,0,64274.7
2026-08-07 03:17:29,okx,BTC,BTC-USD-260810-63000-C,2026-08-10,63000,call,0.0229973475695298,0.005,,0.2649064407189899,0.7749076603287154,9.814413054822182,0.00026362025401086144,-0.0010924513942178096,0,0,64274.7
2026-08-07 03:17:29,okx,BTC,BTC-USD-260807-62500-P,2026-08-07,62500,put,0.0000005204599479,,0.0001,0.34991026359635097,-0.0002529157383948021,0.11656751377393287,0.00000021834172138490228,-0.000003820000464193609,19913,10543,64274.7
2026-08-07 03:17:29,okx,BTC,BTC-USD-260810-65500-P,2026-08-10,65500,put,0.020919010092361,0.019,0.022,0.22441060174955932,-0.8294563150988654,14.64183558829259,0.00025513036723909206,-0.0008956459286604234,79,79,64274.7
2026-08-07 03:17:29,okx,BTC,BTC-USD-260807-62500-C,2026-08-07,62500,call,0.0277849650866749,0.027,0.029,0.34991026359635097,0.9719535657699403,-1.8278454492427374,0.00000021834172138490228,-0.000003820000464193609,1544,0,64274.7
2026-08-07 03:17:29,okx,BTC,BTC-USD-260810-66000-C,2026-08-10,66000,call,0.0011286093007308,0.0013,0.0014,0.2268078154638924,0.10983870311446993,8.695635883225584,0.0001770683452492389,-0.000628246063347842,1043,1412,64274.7
2026-08-07 03:17:29,okx,BTC,BTC-USD-260807-63000-P,2026-08-07,63000,put,0.0000092312788345,,0.0001,0.32825438092031917,-0.003913291604812016,1.5308748361637907,0.0000026879140717867856,-0.00004411597848006929,22782,7660,64274.7
2026-08-07 03:17:29,okx,BTC,BTC-USD-260810-65000-P,2026-08-10,65000,put,0.0150627857069605,0.0145,0.016,0.22616287518289868,-0.7077668416276758,18.021192796819715,0.00032886960669151693,-0.0011635254501437076,13,5,64274.7
2026-08-07 03:17:29,okx,BTC,BTC-USD-260807-63000-C,2026-08-07,63000,call,0.0200159514625754,0.0195,0.0215,0.32825438092031917,0.9760708417555897,-0.4290934305570128,0.0000026879140717867856,-0.00004411597848006929,2619,96,64274.7
2026-08-07 03:17:29,okx,BTC,BTC-USD-260810-65500-C,2026-08-10,65500,call,0.0021942968846834,0.0024,0.0025,0.22441060174955932,0.1892604760326986,12.604402006029463,0.00025513036723909206,-0.0008956459286604234,570,570,64274.7
2026-08-07 03:17:29,okx,BTC,BTC-USD-260807-61500-P,2026-08-07,61500,put,0.0000000001253731,,0.0001,0.3653115120681494,-0.0000000821298176258968,0.00005259001783283336,0.00000000010296728595547588,-0.000000001880756746297421,6806,464,64274.7
2026-08-07 03:17:29,okx,BTC,BTC-USD-260810-64750-P,2026-08-10,64750,put,0.0125548314386662,0.0125,0.013,0.2286494512187342,-0.6372070933597903,19.00178983716565,0.00035494487920185774,-0.0012695853721756431,0,0,64274.7
2026-08-07 03:17:29,okx,BTC,BTC-USD-260807-61500-C,2026-08-07,61500,call,0.0433398936380725,0.0095,,0.3653115120681494,0.9566510956743841,-1.913249765590571,0.00000000010296728595547588,-0.000000001880756746297421,0,0,64274.7
2026-08-07 03:17:29,okx,BTC,BTC-USD-260810-65000-C,2026-08-10,65000,call,0.0041145970275858,0.0043,0.0044,0.22616287518289868,0.3031734854494488,15.999312142665463,0.00032886960669151693,-0.0011635254501437076,2491,2522,64274.7
2026-08-07 03:17:29,okx,BTC,BTC-USD-260807-62000-P,2026-08-07,62000,put,0.000000012826802,,0.0002,0.3605287518099803,-0.000007240312501904359,0.003946313294461349,0.000000007621248438723973,-0.00000013738395934234575,14866,2312,64274.7
2026-08-07 03:17:29,okx,BTC,BTC-USD-260810-64500-P,2026-08-10,64500,put,0.0103611434120151,0.01,0.011,0.2322326327123997,-0.5638495549121424,19.319929895630295,0.0003699606266103509,-0.00134403192142326,300,300,64274.7
2026-08-07 03:17:29,okx,BTC,BTC-USD-260807-62000-C,2026-08-07,62000,call,0.0355621818965153,0.035,0.037,0.3605287518099803,0.9644215893437665,-1.9249113460180756,0.000000007621248438723973,-0.00000013738395934234575,448,0,64274.7
2026-08-07 03:17:29,okx,BTC,BTC-USD-260810-64750-C,2026-08-10,64750,call,0.0054949050234427,0.0055,0.006,0.2286494512187342,0.3698450016901145,16.98768564706584,0.00035494487920185774,-0.0012695853721756431,149,149,64274.7
2026-08-07 03:17:29,okx,BTC,BTC-USD-260807-64500-P,2026-08-07,64500,put,0.0040590557897713,0.0038,0.0046,0.21193585713076796,-0.7530790099179729,66.30478483272861,0.00007383485568338722,-0.0007824126712692613,6560,16974,64274.7
2026-08-07 03:17:29,okx,BTC,BTC-USD-260810-68000-P,2026-08-10,68000,put,0.0577391111093841,0.055,,0.2731475414275477,-1.0430333875167095,3.541935681697384,0.000034822974960633324,-0.00014879693929304493,0,0,64274.7
2026-08-07 03:17:29,okx,BTC,BTC-USD-260807-64500-C,2026-08-07,64500,call,0.0007326026445537,0.0007,0.0008,0.21193585713076796,0.2502380789986291,64.29815065489541,0.00007383485568338722,-0.0007824126712692613,16571,21374,64274.7
2026-08-07 03:17:29,okx,BTC,BTC-USD-260810-69000-C,2026-08-10,69000,call,0.0000827703189258,,0.0003,0.31430117026539794,0.008440318382981633,0.7710229673115532,0.0000216852977227879,-0.00010662086921275596,0,0,64274.7
2026-08-07 03:17:29,okx,BTC,BTC-USD-260807-65000-P,2026-08-07,65000,put,0.0111640614000444,0.0095,0.012,0.24741601983525746,-0.9837526526175164,12.96744666423391,0.000014632191395222785,-0.00018101192782368623,2630,1418,64274.7
2026-08-07 03:17:29,okx,BTC,BTC-USD-260810-67000-P,2026-08-10,67000,put,0.0423774835409631,0.039,,0.24316689432759214,-1.0063290710145216,5.490934861450188,0.00007406531632850505,-0.0002817410713606811,0,0,64274.7
2026-08-07 03:17:29,okx,BTC,BTC-USD-260807-65000-C,2026-08-07,65000,call,0.0000598838118405,,0.0002,0.24741601983525746,0.027342088151152022,10.945257182696572,0.000014632191395222785,-0.00018101192782368623,10599,11984,64274.7
2026-08-07 03:17:29,okx,BTC,BTC-USD-260810-68000-C,2026-08-10,68000,call,0.0001317752601921,0.0001,0.0003,0.2731475414275477,0.014565723887051508,1.4267374588898614,0.000034822974960633324,-0.00014879693929304493,0,0,64274.7
2026-08-07 03:17:29,okx,BTC,BTC-USD-260807-63500-P,2026-08-07,63500,put,0.0000900377908817,,0.0001,0.29095624457563585,-0.033819864720605,11.178498159500558,0.000017380668795674928,-0.00025285070605012586,10632,7348,64274.7
2026-08-07 03:17:29,okx,BTC,BTC-USD-260810-66500-P,2026-08-10,66500,put,0.0348645420617768,0.033,,0.23314278281898398,-0.9722873684321409,7.586525223296171,0.00011518543065049861,-0.00042009775234045987,0,0,64274.7
2026-08-07 03:17:29,okx,BTC,BTC-USD-260807-63500-C,2026-08-07,63500,call,0.0123190335316364,0.0115,0.0135,0.29095624457563585,0.9539419204918634,9.20297458907562,0.000017380668795674928,-0.00025285070605012586,3493,5,64274.7
2026-08-07 03:17:29,okx,BTC,BTC-USD-260810-67000-C,2026-08-10,67000,call,0.0003231967483769,0.0003,0.0005,0.24316689432759214,0.03571711228036066,3.4068424948604235,0.00007406531632850505,-0.0002817410713606811,426,1297,64274.7
2026-08-07 03:17:29,okx,BTC,BTC-USD-260807-64000-P,2026-08-07,64000,put,0.0006902239642865,0.0006,0.0007,0.2437288362019682,-0.21432054395694639,51.93972700626013,0.00006749922825165557,-0.0008225754173153513,19422,22556,64274.7
2026-08-07 03:17:29,okx,BTC,BTC-USD-260810-66000-P,2026-08-10,66000,put,0.0276298470367113,0.005,,0.2268078154638924,-0.9166545520715335,10.748622393597591,0.0001770683452492389,-0.000628246063347842,0,0,64274.7
2026-08-07 03:17:29,okx,BTC,BTC-USD-260807-64000-C,2026-08-07,64000,call,0.0051414952620549,0.0046,0.006,0.2437288362019682,0.7812188931075887,49.948648132131055,0.00006749922825165557,-0.0008225754173153513,4217,2075,64274.7
2026-08-07 03:17:29,okx,BTC,BTC-USD-260810-66500-C,2026-08-10,66500,call,0.0005867797974934,0.0007,0.0008,0.23314278281898398,0.06198235080830185,5.517985784815285,0.00011518543065049861,-0.00042009775234045987,17,32,64274.7
2026-08-07 03:17:29,okx,BTC,BTC-USD-260807-66500-P,2026-08-07,66500,put,0.0344864300023282,0.033,0.0355,0.6257656327763701,-1.0244556807269278,3.8891447355093094,0.0000061912137443063,-0.00019371243931797956,1256,2,64274.7
2026-08-07 03:17:29,okx,BTC,BTC-USD-260808-59000-P,2026-08-08,59000,put,0.0000001088015204,,0.0002,0.3685317487297987,-0.000023164306437148186,0.004741761069775345,0.00000005671205571356521,-0.0000008735797314403535,2810,0,64274.7
2026-08-07 03:17:29,okx,BTC,BTC-USD-260828-56000-C,2026-08-28,56000,call,0.1338387669035042,0.1335,0.136,0.4074816112407912,0.7956793019620807,-0.22578241884753472,0.0003231393749874102,-0.0003069384475700295,1054,0,64274.7
2026-08-07 03:17:29,okx,BTC,BTC-USD-260807-66500-C,2026-08-07,66500,call,0.0000490790851656,,0.0001,0.6257656327763701,0.00997201559794062,1.8202893428595726,0.0000061912137443063,-0.00019371243931797956,8572,3575,64274.7
2026-08-07 03:17:29,okx,BTC,BTC-USD-260808-60000-C,2026-08-08,60000,call,0.0666067367398172,0.056,,0.3662832746168289,0.9328989070947628,-1.783071386453358,0.0000009930845920004073,-0.000015203920255711977,0,0,64274.7
2026-08-07 03:17:29,okx,BTC,BTC-USD-260807-67000-P,2026-08-07,67000,put,0.0422759826810025,0.041,0.044,0.7654589334604774,-1.0321025304551792,3.5872710941619674,0.000006268040817250777,-0.00023989639194297598,651,3,64274.7
2026-08-07 03:17:29,okx,BTC,BTC-USD-260807-67000-C,2026-08-07,67000,call,0.0000609073208539,,0.0001,0.7654589334604774,0.010102817721756164,1.5028603978080972,0.000006268040817250777,-0.00023989639194297598,22194,315,64274.7
2026-08-07 03:17:29,okx,BTC,BTC-USD-260808-59000-C,2026-08-08,59000,call,0.0821607358629264,0.0725,,0.3685317487297987,0.9178090694579033,-1.8309227064589055,0.00000005671205571356521,-0.0000008735797314403535,0,0,64274.7
2026-08-07 03:17:29,okx,BTC,BTC-USD-260828-56000-P,2026-08-28,56000,put,0.0031570153326648,0.0032,0.0033,0.4074816112407912,-0.07305030569049215,1.5116767964576112,0.0003231393749874102,-0.0003105189911526078,11521,829,64274.7
2026-08-07 03:17:29,okx,BTC,BTC-USD-260807-65500-P,2026-08-07,65500,put,0.0189083158801467,0.0175,0.02,0.34486292208297153,-1.009104395868481,5.29133424204468,0.000006068765296490449,-0.00010464460667917137,1463,8,64274.7
2026-08-07 03:17:29,okx,BTC,BTC-USD-260810-70000-P,2026-08-10,70000,put,0.0887858269497283,0.005,,0.36404697092407656,-1.0821665357738655,2.7081681749688173,0.000017336880780925992,-0.00009873229135941544,0,0,64274.7
2026-08-07 03:17:29,okx,BTC,BTC-USD-260807-65500-C,2026-08-07,65500,call,0.0000264138489567,,0.0002,0.34486292208297153,0.009767996752254215,3.25358945680321,0.000006068765296490449,-0.00010464460667917137,9527,3367,64274.7
2026-08-07 03:17:29,okx,BTC,BTC-USD-260807-66000-P,2026-08-07,66000,put,0.0266935202244894,0.025,0.028,0.4793249525345384,-1.0175685915351715,4.246646920698908,0.000005699149914165828,-0.00013658723810473772,2237,223,64274.7
2026-08-07 03:17:29,okx,BTC,BTC-USD-260810-69000-P,2026-08-10,69000,put,0.0732431552247235,0.0695,,0.31430117026539794,-1.0647117211296582,2.917327046336833,0.0000216852977227879,-0.00010662086921275596,0,0,64274.7
2026-08-07 03:17:29,okx,BTC,BTC-USD-260807-66000-C,2026-08-07,66000,call,0.0000338937503132,,0.0001,0.4793249525345384,0.009081452937630448,2.193346831753305,0.000005699149914165828,-0.00013658723810473772,26143,10004,64274.7
2026-08-07 03:17:29,okx,BTC,BTC-USD-260810-70000-C,2026-08-10,70000,call,0.0000723929873247,,0.0002,0.36404697092407656,0.006538431847653243,0.53075823972578,0.000017336880780925992,-0.00009873229135941544,0,0,64274.7
2026-08-07 03:17:29,okx,BTC,BTC-USD-260807-70000-P,2026-08-07,70000,put,0.0888915068620994,0.0055,,1.2120420403863368,-1.0875985777728885,2.325709679925284,0.000000980802379430796,-0.00005943868585905379,3,4,64274.7
2026-08-07 03:17:29,okx,BTC,BTC-USD-260808-62500-P,2026-08-08,62500,put,0.0005964251785494,0.0004,0.0005,0.3346190970248537,-0.07042622888429707,7.136823349551187,0.00007672265109371409,-0.0010730663476944938,12441,13167,64274.7
2026-08-07 03:17:29,okx,BTC,BTC-USD-260807-70000-C,2026-08-07,70000,call,0.0000100848440336,,0.0001,1.2120420403863368,0.0012726815164470228,0.14796716134661364,0.000000980802379430796,-0.00005943868585905379,4438,0,64274.7
2026-08-07 03:17:29,okx,BTC,BTC-USD-260808-63000-C,2026-08-08,63000,call,0.0211708099107866,0.02,0.095,0.3191988098832612,0.8456370773948686,10.080325715840972,0.00012314637701599742,-0.001642990884590346,0,0,64274.7
2026-08-07 03:17:29,okx,BTC,BTC-USD-260807-71000-P,2026-08-07,71000,put,0.1044394346045075,0.005,,1.2567131745167437,-1.1040848299748485,2.25131571329893,0.0000002915200509941875,-0.00001831785443600942,3,5,64274.7
2026-08-07 03:17:29,okx,BTC,BTC-USD-260808-62000-P,2026-08-08,62000,put,0.0002629962855253,0.0002,0.0003,0.34643514126897956,-0.033713410866790486,3.821160072613919,0.000042619684533979725,-0.0006171410299452012,2601,2112,64274.7
2026-08-07 03:17:29,okx,BTC,BTC-USD-260807-71000-C,2026-08-07,71000,call,0.0000025637004695,,0.0002,1.2567131745167437,0.0003417330186202748,0.04246258731199296,0.0000002915200509941875,-0.00001831785443600942,9180,0,64274.7
2026-08-07 03:17:29,okx,BTC,BTC-USD-260808-62500-C,2026-08-08,62500,call,0.0283089538452934,0.0275,0.1075,0.3346190970248537,0.9018536797643687,5.192263532253856,0.00007672265109371409,-0.0010730663476944938,0,0,64274.7
2026-08-07 03:17:29,okx,BTC,BTC-USD-260807-68000-P,2026-08-07,68000,put,0.0578257378067613,0.0565,0.0585,0.9887537698521113,-1.050428801445204,2.992162557016369,0.000004738115683077064,-0.0002342414871818929,176,2,64274.7
2026-08-07 03:17:29,okx,BTC,BTC-USD-260808-61000-P,2026-08-08,61000,put,0.0000356210624575,0.0001,0.0002,0.3604054650729436,-0.005418742696592827,0.7592531486162684,0.000008840139539409065,-0.00013316887758742596,7084,4871,64274.7
2026-08-07 03:17:29,okx,BTC,BTC-USD-260807-68000-C,2026-08-07,68000,call,0.0000552135606404,,0.0001,0.9887537698521113,0.007331850435864551,0.8766412532542318,0.000004738115683077064,-0.0002342414871818929,11732,1055,64274.7
2026-08-07 03:17:29,okx,BTC,BTC-USD-260808-62000-C,2026-08-08,62000,call,0.0357538247229352,0.0355,0.117,0.34643514126897956,0.9307882585126859,1.8921567338549665,0.000042619684533979725,-0.0006171410299452012,0,0,64274.7
2026-08-07 03:17:29,okx,BTC,BTC-USD-260807-69000-P,2026-08-07,69000,put,0.0733548417613099,0.0595,,1.130561026992498,-1.0697281330465558,2.552364955821945,0.0000025098006082201716,-0.00014187413765878967,2,3,64274.7
2026-08-07 03:17:29,okx,BTC,BTC-USD-260808-60000-P,2026-08-08,60000,put,0.0000027092197432,,0.0002,0.3662832746168289,-0.0004898052079564218,0.08370603815208011,0.0000009930845920004073,-0.000015203920255711977,1522,0,64274.7
2026-08-07 03:17:29,okx,BTC,BTC-USD-260807-69000-C,2026-08-07,69000,call,0.0000288686292166,,0.0001,1.130561026992498,0.0035878225386460115,0.40573304465154114,0.0000025098006082201716,-0.00014187413765878967,9865,0,64274.7
2026-08-07 03:17:29,okx,BTC,BTC-USD-260808-61000-C,2026-08-08,61000,call,0.0510830490411995,0.049,,0.3604054650729436,0.9435264481445049,-1.1386372330659271,0.000008840139539409065,-0.00013316887758742596,2,0,64274.7
2026-08-07 03:17:29,okx,BTC,BTC-USD-260808-64500-P,2026-08-08,64500,put,0.0079498639954783,0.008,0.0085,0.2666107743658151,-0.5927831694122145,26.730153547458382,0.00022320374120282253,-0.0024873185979745146,1116,968,64274.7
2026-08-07 03:17:29,okx,BTC,BTC-USD-261030-46000-P,2026-10-30,46000,put,0.0070673997723634,0.007,0.0075,0.5039673835098443,-0.06835747010028961,0.6368686683169947,0.0005814411508538163,-0.00017382091357507975,4586,438,64274.7
2026-08-07 03:17:29,okx,BTC,BTC-USD-260808-65000-C,2026-08-08,65000,call,0.0019688728305249,0.0022,0.0023,0.25970888985278034,0.22775281532145095,19.953820427729536,0.0001737162173953041,-0.0018857296564052984,2529,1004,64274.7
2026-08-07 03:17:29,okx,BTC,BTC-USD-261030-46000-C,2026-10-30,46000,call,0.2975688848611181,,,0.5039673835098443,0.638829329524372,-0.7775049309323283,0.0005814411508538163,-0.00016586175988448788,0,0,64274.7
2026-08-07 03:17:29,okx,BTC,BTC-USD-260808-64000-P,2026-08-08,64000,put,0.004483967140472,0.0042,0.0043,0.2824910135930044,-0.39427699417770934,24.509759112489114,0.00021961715957572462,-0.0025931232455830657,5577,6625,64274.7
2026-08-07 03:17:29,okx,BTC,BTC-USD-261030-48000-P,2026-10-30,48000,put,0.0089185934055747,0.009,0.0095,0.48156532123524093,-0.0865984459587116,0.8014504678159522,0.0006978948583299375,-0.0001993381992296928,5490,5,64274.7
2026-08-07 03:17:29,okx,BTC,BTC-USD-260808-64500-C,2026-08-08,64500,call,0.0045491935795581,0.0046,0.0047,0.2666107743658151,0.4106096963132085,24.72336781600754,0.00022320374120282253,-0.0024873185979745146,2151,1660,64274.7
2026-08-07 03:17:29,okx,BTC,BTC-USD-261030-48000-C,2026-10-30,48000,call,0.2686724946227729,,,0.48156532123524093,0.651335605823544,-0.674417635748559,0.0006978948583299375,-0.00019222143600074813,0,0,64274.7
2026-08-07 03:17:29,okx,BTC,BTC-USD-260807-72000-P,2026-08-07,72000,put,0.1199928196859748,0.1045,,1.2807237490770553,-1.1199102737522841,2.249619061320373,0.00000006746940176997739,-0.000004320483259141578,3,11,64274.7
2026-08-07 03:17:29,okx,BTC,BTC-USD-260808-63500-P,2026-08-08,63500,put,0.0024083756075481,0.0021,0.0022,0.301099430504962,-0.23860136918322974,18.35470650709821,0.00017641751353205033,-0.002220260241318269,2211,1379,64274.7
2026-08-07 03:17:29,okx,BTC,BTC-USD-260807-72000-C,2026-08-07,72000,call,0.0000004998959644,,0.0002,1.2807237490770553,0.0000715929453180885,0.009655327925168461,0.00000006746940176997739,-0.000004320483259141578,3782,0,64274.7
2026-08-07 03:17:29,okx,BTC,BTC-USD-260808-64000-C,2026-08-08,64000,call,0.0088615964952176,0.0085,0.009,0.2824910135930044,0.6013376322785243,22.518529859576645,0.00021961715957572462,-0.0025931232455830657,1791,512,64274.7
2026-08-07 03:17:29,okx,BTC,BTC-USD-260807-73000-P,2026-08-07,73000,put,0.1355478461605854,0.1345,0.1365,1.2935524779766792,-1.1355251813926048,2.2728359458249,0.000000012418103968217619,-0.0000008031734579929967,800,7,64274.7
2026-08-07 03:17:29,okx,BTC,BTC-USD-260808-63000-P,2026-08-08,63000,put,0.0012365810147089,0.0009,0.001,0.3191988098832612,-0.13442107052298652,12.040442011676683,0.00012314637701599742,-0.001642990884590346,4790,3636,64274.7
2026-08-07 03:17:29,okx,BTC,BTC-USD-260807-73000-C,2026-08-07,73000,call,0.0000000774846027,,0.0002,1.2935524779766792,0.000011989009130622463,0.0017616050214293926,0.000000012418103968217619,-0.0000008031734579929967,4003,100,64274.7
2026-08-07 03:17:29,okx,BTC,BTC-USD-260808-63500-C,2026-08-08,63500,call,0.0145643047329597,0.0135,0.0155,0.301099430504962,0.7492350180038146,16.37903373272412,0.00017641751353205033,-0.002220260241318269,94,0,64274.7
2026-08-07 03:17:29,okx,BTC,BTC-USD-260808-67000-P,2026-08-08,67000,put,0.0423754135798041,0.0405,,0.32348447093967175,-1.0293962008730093,3.862946812375875,0.000019127227601340164,-0.00025861738367497216,0,0,64274.7
2026-08-07 03:17:29,okx,BTC,BTC-USD-261030-54000-P,2026-10-30,54000,put,0.0188951363155573,0.0185,0.019,0.42769926890892607,-0.17778172174672935,1.5337028097815641,0.0011623448626110946,-0.00029470579820318885,5611,103,64274.7
2026-08-07 03:17:29,okx,BTC,BTC-USD-260808-68000-C,2026-08-08,68000,call,0.000052061056755,,0.0002,0.3981818417681397,0.006985709733080827,0.8449685769314611,0.000011209059164938413,-0.00018655326903982772,3392,1935,64274.7
2026-08-07 03:17:29,okx,BTC,BTC-USD-261030-54000-C,2026-10-30,54000,call,0.1864062859180855,,,0.42769926890892607,0.652394086508308,-0.12664880672851067,0.0011623448626110946,-0.00029011620635918564,0,0,64274.7
2026-08-07 03:17:29,okx,BTC,BTC-USD-260808-66000-P,2026-08-08,66000,put,0.0270436941918209,0.026,0.0275,0.2747713116913894,-0.9794724834622016,8.258853258075062,0.00005673231410341961,-0.0006515595832634483,20,0,64274.7
2026-08-07 03:17:29,okx,BTC,BTC-USD-261030-56000-P,2026-10-30,56000,put,0.0244155226023527,0.024,0.0245,0.4136677832775326,-0.22399795926241392,1.8540594806821717,0.0013417032680938651,-0.0003289298385080163,7429,3711,64274.7
2026-08-07 03:17:29,okx,BTC,BTC-USD-260808-67000-C,2026-08-08,67000,call,0.0000832443105534,,0.0002,0.32348447093967175,0.012887861198360275,1.7783786882331354,0.000019127227601340164,-0.00025861738367497216,12463,13848,64274.7
2026-08-07 03:17:29,okx,BTC,BTC-USD-261030-56000-C,2026-10-30,56000,call,0.161179088333324,,,0.4136677832775326,0.6369251011502175,0.1322133598569091,0.0013417032680938651,-0.0003251826371256603,0,0,64274.7
2026-08-07 03:17:29,okx,BTC,BTC-USD-260808-65500-P,2026-08-08,65500,put,0.0197266332009602,0.0185,0.0205,0.2626261812800723,-0.9124252267936572,14.109415927249616,0.00010573595753572136,-0.0011606812601933426,200,200,64274.7
2026-08-07 03:17:29,okx,BTC,BTC-USD-261030-50000-P,2026-10-30,50000,put,0.0113792006879336,0.0115,0.012,0.4614957625422104,-0.11014000107106636,1.0043966878422634,0.0008347342589618046,-0.00022845520806257774,5045,96,64274.7
2026-08-07 03:17:29,okx,BTC,BTC-USD-260808-66000-C,2026-08-08,66000,call,0.0003081244639023,0.0004,0.0005,0.2747713116913894,0.04725510007078943,6.20539809100908,0.00005673231410341961,-0.0006515595832634483,3601,2858,64274.7
2026-08-07 03:17:29,okx,BTC,BTC-USD-261030-50000-C,2026-10-30,50000,call,0.2403855180335748,,,0.4614957625422104,0.6585413028687831,-0.5329659200374351,0.0008347342589618046,-0.0002221808352952802,0,0,64274.7
2026-08-07 03:17:29,okx,BTC,BTC-USD-260808-65000-P,2026-08-08,65000,put,0.0131478430171113,0.012,0.014,0.25970888985278034,-0.7834182896731614,21.97616263771876,0.0001737162173953041,-0.0018857296564052984,210,507,64274.7
2026-08-07 03:17:29,okx,BTC,BTC-USD-261030-52000-P,2026-10-30,52000,put,0.014632090847411,0.0145,0.015,0.44359269600757445,-0.14015122620967843,1.2486490681242866,0.0009908662828932435,-0.00026062093519879366,2939,206,64274.7
2026-08-07 03:17:29,okx,BTC,BTC-USD-260808-65500-C,2026-08-08,65500,call,0.0007693632437078,0.0009,0.001,0.2626261812800723,0.10652411747014442,12.071517238722013,0.00010573595753572136,-0.0011606812601933426,10706,17005,64274.7
2026-08-07 03:17:29,okx,BTC,BTC-USD-261030-52000-C,2026-10-30,52000,call,0.2128908243214957,,,0.44359269600757445,0.659277329887765,-0.3502080440706004,0.0009908662828932435,-0.00025518895289314335,0,0,64274.7
2026-08-07 03:17:29,okx,BTC,BTC-USD-261030-62000-P,2026-10-30,62000,put,0.0511161674425642,0.0505,0.051,0.3814017213469532,-0.4168734205630334,2.8839506637425396,0.0018037631594156839,-0.0004071442739160728,7091,5107,64274.7
2026-08-07 03:17:29,okx,BTC,BTC-USD-261030-62000-C,2026-10-30,62000,call,0.0956369815588654,0.095,0.0965,0.3814017213469532,0.5362913963223799,0.9776210299717126,0.0018037631594156839,-0.0004059242439186583,1,0,64274.7
2026-08-07 03:17:29,okx,BTC,BTC-USD-261030-64000-P,2026-10-30,64000,put,0.0641408036739833,0.0635,0.064,0.3735173484069488,-0.4967243369377888,3.1813292748649196,0.0018850992485185867,-0.0004163834341064954,13309,597,64274.7
2026-08-07 03:17:29,okx,BTC,BTC-USD-261030-64000-C,2026-10-30,64000,call,0.0779140339187278,0.0775,0.0785,0.3735173484069488,0.48718773210521843,1.2135051367789045,0.0018850992485185867,-0.00041600579457072806,5113,0,64274.7
2026-08-07 03:17:29,okx,BTC,BTC-USD-260808-69000-P,2026-08-08,69000,put,0.0734596466939673,0.0585,,0.49038320504778427,-1.0673962080004624,2.745371891376233,0.000009813019764374625,-0.00020113632578744222,0,0,64274.7
2026-08-07 03:17:29,okx,BTC,BTC-USD-261030-58000-P,2026-10-30,58000,put,0.0314570443134039,0.031,0.0315,0.4013595562958075,-0.2793805334697159,2.1982016790790455,0.0015178509330349519,-0.00036091447904515076,9489,355,64274.7
2026-08-07 03:17:29,okx,BTC,BTC-USD-261030-58000-C,2026-10-30,58000,call,0.1374730261728186,0.136,0.141,0.4013595562958075,0.6122897791005095,0.41486105393859457,0.0015178509330349519,-0.00035800966812444185,12,0,64274.7
2026-08-07 03:17:29,okx,BTC,BTC-USD-260808-68000-P,2026-08-08,68000,put,0.0579008298673378,0.055,,0.3981818417681397,-1.0508548308766674,2.9606496581509574,0.000011209059164938413,-0.00018655326903982772,0,0,64274.7
2026-08-07 03:17:29,okx,BTC,BTC-USD-261030-60000-P,2026-10-30,60000,put,0.0402801005108294,0.0395,0.04,0.3906446817498272,-0.3439207456621377,2.548708008717481,0.0016768606083061334,-0.00038790243300845914,2709,3291,64274.7
2026-08-07 03:17:29,okx,BTC,BTC-USD-260808-69000-C,2026-08-08,69000,call,0.0000542783420523,,0.0002,0.49038320504778427,0.0060008111476644015,0.5985778530799791,0.000009813019764374625,-0.00020113632578744222,765,365,64274.7
2026-08-07 03:17:29,okx,BTC,BTC-USD-261030-60000-C,2026-10-30,60000,call,0.1155484984986873,0.1145,0.1165,0.3906446817498272,0.5784968190656815,0.7038728792618422,0.0016768606083061334,-0.0003858400125493974,348,0,64274.7
2026-08-07 03:17:29,okx,BTC,BTC-USD-261030-70000-P,2026-10-30,70000,put,0.1169506829899348,0.1155,0.12,0.3575422890364941,-0.7541636602195021,3.684633693913185,0.001794929002564052,-0.00037790755275743555,0,0,64274.7
2026-08-07 03:17:29,okx,BTC,BTC-USD-261030-70000-C,2026-10-30,70000,call,0.0384811616200092,0.0385,0.039,0.3575422890364941,0.32199016529628716,1.5323260428816063,0.001794929002564052,-0.00038005708460660964,4110,106,64274.7
2026-08-07 03:17:29,okx,BTC,BTC-USD-261030-72000-P,2026-10-30,72000,put,0.1388844417988643,,,0.35473758063399813,-0.8372870747679131,3.710539201284931,0.001666009000906916,-0.00034715861980142104,0,0,64274.7
2026-08-07 03:17:29,okx,BTC,BTC-USD-261030-72000-C,2026-10-30,72000,call,0.0296673365573821,0.0295,0.03,0.35473758063399813,0.26961400290547005,1.496737045938165,0.001666009000906916,-0.00035015054211224233,7033,0,64274.7
2026-08-07 03:17:29,okx,BTC,BTC-USD-261030-66000-P,2026-10-30,66000,put,0.0794508171326266,0.0785,0.08,0.36688622175939234,-0.5813071301753954,3.421345128646454,0.0019115942443014334,-0.00041431329167362755,2313,190,64274.7
2026-08-07 03:17:29,okx,BTC,BTC-USD-261030-66000-C,2026-10-30,66000,call,0.0624764635058143,0.062,0.0625,0.36688622175939234,0.43335219102520595,1.3920264862452512,0.0019115942443014334,-0.00041477804259950734,4550,418,64274.7
2026-08-07 03:17:29,okx,BTC,BTC-USD-261030-68000-P,2026-10-30,68000,put,0.0970782912376856,0.0965,0.0975,0.3615560485204028,-0.6680312467356379,3.5904355659522404,0.0018801878610936427,-0.00040103627846952425,864,0,64274.7
2026-08-07 03:17:29,okx,BTC,BTC-USD-261030-68000-C,2026-10-30,68000,call,0.0493563537393168,0.049,0.0495,0.3615560485204028,0.3773753266225574,1.49962241923585,0.0018801878610936427,-0.00040234341985705125,2941,629,64274.7
2026-08-07 03:17:29,okx,BTC,BTC-USD-261030-78000-P,2026-10-30,78000,put,0.2144963445423768,,,0.3526181430799472,-1.0541974994705858,3.5320483224952723,0.001158000442142754,-0.00023661195120483852,0,0,64274.7
2026-08-07 03:17:29,okx,BTC,BTC-USD-261030-78000-C,2026-10-30,78000,call,0.0130364876862243,0.013,0.0135,0.3526181430799472,0.14494533467557924,1.1337626542029422,0.001158000442142754,-0.00024213104490060125,3435,0,64274.7
2026-08-07 03:17:29,okx,BTC,BTC-USD-261030-80000-P,2026-10-30,80000,put,0.2420743329624003,,,0.35372459501300907,-1.1142812421931594,3.4426350278696978,0.0009906259956629494,-0.0002014586796664352,100,0,64274.7
2026-08-07 03:17:29,okx,BTC,BTC-USD-261030-80000-C,2026-10-30,80000,call,0.0098668922346913,0.0095,0.01,0.35372459501300907,0.11560884411059999,0.9828548552621793,0.0009906259956629494,-0.0002078201638238451,2988,78,64274.7
2026-08-07 03:17:29,okx,BTC,BTC-USD-261030-74000-P,2026-10-30,74000,put,0.1626358882789333,,,0.35304236101106007,-0.9155990929196856,3.682082725430324,0.0015073217693345868,-0.00031156124809156896,0,0,64274.7
2026-08-07 03:17:29,okx,BTC,BTC-USD-260925-95000-P,2026-09-25,95000,put,0.4701315481045951,0.466,0.4725,0.4161405615928616,-1.4628614636535193,3.057387871546779,0.0000738497860810845,-0.000031233984679793,780,0,64274.7
2026-08-07 03:17:29,okx,BTC,BTC-USD-261030-74000-C,2026-10-30,74000,call,0.0226711991658943,0.0225,0.023,0.35304236101106007,0.2220492369112916,1.40678606576837,0.0015073217693345868,-0.0003153955608640374,6965,0,64274.7
2026-08-07 03:17:29,okx,BTC,BTC-USD-260925-95000-C,2026-09-25,95000,call,0.0003472233686373,0.0004,0.0006,0.4161405615928616,0.006909217424072186,0.11784650939159592,0.0000738497860810845,-0.000031233984679793,9579,0,64274.7
2026-08-07 03:17:29,okx,BTC,BTC-USD-261030-76000-P,2026-10-30,76000,put,0.1879315918870264,,,0.3523643654310193,-0.9880283825464484,3.6167751124525336,0.0013336007812941176,-0.0002739099099019578,0,0,64274.7
2026-08-07 03:17:29,okx,BTC,BTC-USD-261030-76000-C,2026-10-30,76000,call,0.0172193189024307,0.017,0.0175,0.3523643654310193,0.18036719944212282,1.2799839484753912,0.0013336007812941176,-0.00027858661313607337,4571,0,64274.7
2026-08-07 03:17:29,okx,BTC,BTC-USD-261030-95000-P,2026-10-30,95000,put,0.4643522386291884,,,0.38264911711922517,-1.4383293975742133,3.1806516253091015,0.00026832669478338544,-0.000048252059164427316,0,0,64274.7
2026-08-07 03:17:29,okx,BTC,BTC-USD-261030-95000-C,2026-10-30,95000,call,0.001537918864804,0.0016,0.0018,0.38264911711922517,0.022165079911500407,0.2596626703376741,0.00026832669478338544,-0.00006093147178419096,1897,0,64274.7
2026-08-07 03:17:29,okx,BTC,BTC-USD-261030-85000-P,2026-10-30,85000,put,0.3140768553191527,,,0.35975432407692126,-1.2418695434860145,3.2594643920222732,0.000643744907294372,-0.00012892543143240936,0,0,64274.7
2026-08-07 03:17:29,okx,BTC,BTC-USD-261030-85000-C,2026-10-30,85000,call,0.0050004549125518,0.005,0.0055,0.35975432407692126,0.06488867321172961,0.6459479586267856,0.000643744907294372,-0.00013739289174393717,2718,0,64274.7
2026-08-07 03:17:29,okx,BTC,BTC-USD-261030-90000-P,2026-10-30,90000,put,0.3886153861633349,,,0.369669828362149,-1.3465934724445157,3.175405767999454,0.00041120462381386165,-0.00007962462434527056,0,0,64274.7
2026-08-07 03:17:29,okx,BTC,BTC-USD-261030-90000-C,2026-10-30,90000,call,0.0026700260778423,0.0028,0.0029,0.369669828362149,0.03703287464721337,0.4081530738159957,0.00041120462381386165,-0.00009019806081091631,1292,0,64274.7
2026-08-07 03:17:29,okx,BTC,BTC-USD-260814-62500-P,2026-08-14,62500,put,0.0066262971909152,0.006,0.0065,0.31084378545156904,-0.2557420054924752,7.778528627188952,0.0004453615248153533,-0.0009618765575148114,776,66,64274.7
2026-08-07 03:17:29,okx,BTC,BTC-USD-260814-62500-C,2026-08-14,62500,call,0.0348197171278484,0.0335,0.036,0.31084378545156904,0.7160555083380946,5.834933599527813,0.0004453615248153533,-0.0009618765575148114,375,0,64274.7
2026-08-07 03:17:29,okx,BTC,BTC-USD-260809-64750-C,2026-08-09,64750,call,0.0037604383653968,0.004,0.0041,0.21856185492842564,0.3338950942915191,20.887044286664434,0.00028346907161112123,-0.0014104917925859964,282,132,64274.7
2026-08-07 03:17:29,okx,BTC,BTC-USD-260814-64500-C,2026-08-14,64500,call,0.0142895022681839,0.014,0.0145,0.2798683818396889,0.4642073542649725,9.208800528460975,0.0005593519854485452,-0.0010876858451275523,1159,435,64274.7
2026-08-07 03:17:29,okx,BTC,BTC-USD-260814-64500-P,2026-08-14,64500,put,0.0171938928932687,0.017,0.0175,0.2798683818396889,-0.5386876800081756,11.214590597007271,0.0005593519854485452,-0.0010876858451275523,1193,585,64274.7
2026-08-07 03:17:29,okx,BTC,BTC-USD-260925-56000-C,2026-09-25,56000,call,0.1461749138432374,0.145,0.147,0.4080819809689474,0.7028267795596035,0.15746157487324663,0.0008597603641714469,-0.00035658489377131386,163,0,64274.7
2026-08-07 03:17:29,okx,BTC,BTC-USD-260809-64750-P,2026-08-09,64750,put,0.0110396309795869,0.011,0.0115,0.21856185492842564,-0.6733762635467634,22.901587002341,0.00028346907161112123,-0.0014104917925859964,10,10,64274.7
2026-08-07 03:17:29,okx,BTC,BTC-USD-260925-56000-P,2026-09-25,56000,put,0.012574094740223,0.012,0.0125,0.4080819809689474,-0.1635643587598189,1.8902438515120912,0.0008597603641714469,-0.00035658489377131386,4774,10,64274.7
2026-08-07 03:17:29,okx,BTC,BTC-USD-260807-64400-C,2026-08-07,64400,call,0.001219461779679,0.0012,0.0013,0.21389769216422097,0.36105173694098114,74.8730668016904,0.0000869343348462945,-0.0009297526796727006,234,239,64274.7
2026-08-07 03:17:29,okx,BTC,BTC-USD-260807-64400-P,2026-08-07,64400,put,0.0029903700362995,0.003,0.0033,0.21389769216422097,-0.6407098216052073,76.87658991878278,0.0000869343348462945,-0.0009297526796727006,317,317,64274.7
2026-08-07 03:17:29,okx,BTC,BTC-USD-260810-60000-P,2026-08-10,60000,put,0.0000797047624298,0.0001,0.0003,0.3098457503078157,-0.00828114491983833,0.7892579737873349,0.000020965263940993647,-0.00010161941954246967,0,0,64274.7
2026-08-07 03:17:29,okx,BTC,BTC-USD-260810-61000-C,2026-08-10,61000,call,0.0515915332498223,0.0505,,0.30074250309903217,0.9186365960886609,0.5647256432826027,0.00006325777417522349,-0.0002976045372800344,0,0,64274.7
2026-08-07 03:17:29,okx,BTC,BTC-USD-260810-60000-C,2026-08-10,60000,call,0.0668967613660839,0.005,,0.3098457503078157,0.9248945416128921,-1.077093399278126,0.000020965263940993647,-0.00010161941954246967,0,0,64274.7
2026-08-07 03:17:29,okx,BTC,BTC-USD-260808-64750-C,2026-08-08,64750,call,0.003049363318069,0.0032,0.0033,0.2619039492902377,0.31383655208358335,23.125344329785907,0.0002038852082676469,-0.0022319271625070875,1582,985,64274.7
2026-08-07 03:17:29,okx,BTC,BTC-USD-260808-64750-P,2026-08-08,64750,put,0.0103391836193224,0.01,0.011,0.2619039492902377,-0.6934454332764343,25.13990830050594,0.0002038852082676469,-0.0022319271625070875,749,1060,64274.7
2026-08-07 03:17:29,okx,BTC,BTC-USD-260807-65250-C,2026-08-07,65250,call,0.0000318623142221,,0.0001,0.28984513643498194,0.013535204019730424,5.1410284852195325,0.00000805356225115648,-0.00011671429247370352,11864,16741,64274.7
2026-08-07 03:17:29,okx,BTC,BTC-USD-260808-65750-P,2026-08-08,65750,put,0.0233275711707583,0.0225,0.1035,0.26759008070378054,-0.9520534172944718,10.790493709873713,0.00007793276976912507,-0.0008716504791804898,0,0,64274.7
2026-08-07 03:17:29,okx,BTC,BTC-USD-260807-65250-P,2026-08-07,65250,put,0.0150249021239191,0.0001,,0.28984513643498194,-1.0014483626749715,7.170995618608937,0.00000805356225115648,-0.00011671429247370352,0,0,64274.7
2026-08-07 03:17:29,okx,BTC,BTC-USD-260810-65250-P,2026-08-10,65250,put,0.0178626012248362,,,0.22475645148025938,-0.7725541062402962,16.501829614579393,0.0002943708994171678,-0.0010349940976520059,0,0,64274.7
2026-08-07 03:17:29,okx,BTC,BTC-USD-260808-65750-C,2026-08-08,65750,call,0.0004811513281727,0.0006,0.0007,0.26759008070378054,0.07078504660392462,8.74481678207692,0.00007793276976912507,-0.0008716504791804898,1548,1763,64274.7
2026-08-07 03:17:29,okx,BTC,BTC-USD-260810-61000-P,2026-08-10,61000,put,0.0003275257027739,0.0003,0.0005,0.30074250309903217,-0.03009201855294834,2.4621828725658212,0.00006325777417522349,-0.0002976045372800344,0,0,64274.7
2026-08-07 03:17:29,okx,BTC,BTC-USD-260810-65250-C,2026-08-10,65250,call,0.00302615028131,0.0032,0.0033,0.22475645148025938,0.24227445286404808,14.472172496370701,0.0002943708994171678,-0.0010349940976520059,160,160,64274.7
2026-08-07 03:17:29,okx,BTC,BTC-USD-260807-64100-C,2026-08-07,64100,call,0.0039169974383317,0.0024,0.0049,0.2348125078297836,0.7004629833602798,62.03141382126631,0.00008007983051367898,-0.0009401872914750495,0,0,64274.7
2026-08-07 03:17:29,okx,BTC,BTC-USD-260807-64100-P,2026-08-07,64100,put,0.0010212710291603,0.001,0.0011,0.2348125078297836,-0.2966319840746687,64.02560375613622,0.00008007983051367898,-0.0009401872914750495,1952,1960,64274.7
2026-08-07 03:17:29,okx,BTC,BTC-USD-260828-58000-C,2026-08-28,58000,call,0.1050320865887947,0.104,0.107,0.37906603409886014,0.7785383294884703,0.5784770716835814,0.00047010114169081864,-0.0004174783321322885,3154,0,64274.7
2026-08-07 03:17:29,okx,BTC,BTC-USD-260828-58000-P,2026-08-28,58000,put,0.0053766814484632,0.005,0.0055,0.37906603409886014,-0.12121733558026583,2.377988401821054,0.00047010114169081864,-0.0004202088467530612,20920,70,64274.7
2026-08-07 03:17:29,okx,BTC,BTC-USD-260925-82000-C,2026-09-25,82000,call,0.0016215726926092,0.0019,0.002,0.34348539343454176,0.03246356798415966,0.5346370546273369,0.0002775766903265477,-0.00009690124771957331,7093,116,64274.7
2026-08-07 03:17:29,okx,BTC,BTC-USD-260925-82000-P,2026-09-25,82000,put,0.2702775161489095,0.2695,0.272,0.34348539343454176,-1.2361805988407086,3.0719253882770743,0.0002775766903265477,-0.00009690124771957331,2089,0,64274.7
2026-08-07 03:17:29,okx,BTC,BTC-USD-260828-67000-C,2026-08-28,67000,call,0.0134549297977795,0.0135,0.014,0.2979221536660486,0.29135999757677117,4.2933774779344915,0.0008436088147138442,-0.0005924953454322635,10391,516,64274.7
2026-08-07 03:17:29,okx,BTC,BTC-USD-260828-67000-P,2026-08-28,67000,put,0.0534180835947336,0.052,0.0555,0.2979221536660486,-0.7480129258647,6.372123324817434,0.0008436088147138442,-0.0005914007297249112,1692,0,64274.7
2026-08-07 03:17:29,okx,BTC,BTC-USD-260925-58000-C,2026-09-25,58000,call,0.1201833512063182,0.119,0.121,0.3896205464037332,0.67621183680319,0.6257977622593897,0.001038857041352293,-0.00041137295959007815,857,0,64274.7
2026-08-07 03:17:29,okx,BTC,BTC-USD-260925-58000-P,2026-09-25,58000,put,0.0175253599924819,0.017,0.0175,0.3896205464037332,-0.22112184217049738,2.4204651202067646,0.001038857041352293,-0.00041137295959007815,25474,20,64274.7
2026-08-07 03:17:29,okx,BTC,BTC-USD-270326-30000-C,2027-03-26,30000,call,0.5535000397839389,0.552,0.556,0.6148166622402467,0.41503094106688704,-0.6854069883316626,0.000563334901722751,-0.00007490339870908202,700,0,64274.7
2026-08-07 03:17:29,okx,BTC,BTC-USD-260808-65250-P,2026-08-08,65250,put,0.0163059486011012,0.015,0.0175,0.2599721923802143,-0.8568986483133938,18.022031366547623,0.00013895005314887776,-0.0015098641209117284,422,422,64274.7
2026-08-07 03:17:29,okx,BTC,BTC-USD-270326-40000-C,2027-03-26,40000,call,0.4126184502995716,0.4115,0.416,0.5226919183704183,0.5090071071695805,-0.6661690834455464,0.0011648908391697962,-0.00013168013144904147,501,0,64274.7
2026-08-07 03:17:29,okx,BTC,BTC-USD-270326-35000-P,2027-03-26,35000,put,0.0114198852847652,0.0115,0.0125,0.5651265904871625,-0.06200714025885192,0.35546750381152686,0.0008285083217923299,-0.00010125858482611782,9608,207,64274.7
2026-08-07 03:17:29,okx,BTC,BTC-USD-270326-35000-C,2027-03-26,35000,call,0.4820662421820278,0.481,0.4855,0.5651265904871625,0.46734169919697166,-0.7032301751001202,0.0008285083217923299,-0.00010125858482611782,500,0,64274.7
2026-08-07 03:17:29,okx,BTC,BTC-USD-260808-65250-C,2026-08-08,65250,call,0.0012378285291817,0.0014,0.0015,0.2599721923802143,0.15816157631581315,15.991910917289209,0.00013895005314887776,-0.0015098641209117284,1027,1058,64274.7
2026-08-07 03:17:29,okx,BTC,BTC-USD-270326-30000-P,2027-03-26,30000,put,0.0072317338719995,0.007,0.008,0.6148166622402467,-0.03869663560953316,0.22204816502117794,0.000563334901722751,-0.00007490339870908202,224677,320,64274.7
2026-08-07 03:17:29,okx,BTC,BTC-USD-270326-50000-C,2027-03-26,50000,call,0.2841240222129219,0.283,0.2875,0.4596391484279061,0.5439931344349112,-0.39135427468630096,0.0020281885523950674,-0.0002016111629018634,341,0,64274.7
2026-08-07 03:17:29,okx,BTC,BTC-USD-260807-65750-C,2026-08-07,65750,call,0.0000283607167388,,0.0001,0.40912820488001933,0.008921385926362295,2.531839400132635,0.0000056083699646786354,-0.00011472711679759938,4686,4869,64274.7
2026-08-07 03:17:29,okx,BTC,BTC-USD-270326-45000-P,2027-03-26,45000,put,0.0267922565718461,0.0265,0.0275,0.48764709343277224,-0.14469748161462273,0.7984560938975839,0.0015724016002206154,-0.00016582818725974295,12209,0,64274.7
2026-08-07 03:17:29,okx,BTC,BTC-USD-270326-45000-C,2027-03-26,45000,call,0.3461947154397551,0.345,0.3495,0.48764709343277224,0.5358938834000075,-0.5627266361316768,0.0015724016002206154,-0.00016582818725974295,520,0,64274.7
2026-08-07 03:17:29,okx,BTC,BTC-USD-270326-40000-P,2027-03-26,40000,put,0.0175940424169857,0.018,0.0185,0.5226919183704183,-0.09596299506564647,0.5437711210249077,0.0011648908391697962,-0.00013168013144904147,53330,0,64274.7
2026-08-07 03:17:29,okx,BTC,BTC-USD-270326-60000-C,2027-03-26,60000,call,0.1787046745694276,0.1775,0.18,0.42207478513826013,0.497473296521585,0.07488556920047042,0.002860177311871599,-0.00026107879620200394,791,0,64274.7
2026-08-07 03:17:29,okx,BTC,BTC-USD-270326-55000-P,2027-03-26,55000,put,0.0597053783179103,0.0595,0.0605,0.438035933547722,-0.30090049560638044,1.495942809501539,0.0024808702141452814,-0.00023501902470289082,6481,1163,64274.7
2026-08-07 03:17:29,okx,BTC,BTC-USD-270326-55000-C,2027-03-26,55000,call,0.2278639391564657,0.2265,0.231,0.438035933547722,0.5309333949670567,-0.1677249716453352,0.0024808702141452814,-0.00023501902470289082,1012,0,64274.7
2026-08-07 03:17:29,okx,BTC,BTC-USD-270326-50000-P,2027-03-26,50000,put,0.0403435123596896,0.04,0.041,0.4596391484279061,-0.21221949335912252,1.1210709809017663,0.0020281885523950674,-0.0002016111629018634,9354,2004,64274.7
2026-08-07 03:17:29,okx,BTC,BTC-USD-270326-70000-C,2027-03-26,70000,call,0.1041408481541826,0.1035,0.1045,0.4039281618304072,0.38919655185301316,0.4624060160536346,0.003174632874803787,-0.00027732363154201763,4572,159,64274.7
2026-08-07 03:17:29,okx,BTC,BTC-USD-270326-65000-P,2027-03-26,65000,put,0.1205215766715058,0.1205,0.121,0.4109614865358899,-0.5351190870804116,2.261918682827778,0.003102050466885791,-0.00027570155706511425,5073,0,64274.7
2026-08-07 03:17:29,okx,BTC,BTC-USD-270326-65000-C,2027-03-26,65000,call,0.1374362394807077,0.137,0.1385,0.4109614865358899,0.4479573290518323,0.29576585056329047,0.003102050466885791,-0.00027570155706511425,1220,151,64274.7
2026-08-07 03:17:29,okx,BTC,BTC-USD-270326-60000-P,2027-03-26,60000,put,0.0861680627455488,0.086,0.087,0.42207478513826013,-0.4099818568312555,1.889795875906151,0.002860177311871599,-0.00026107879620200394,6584,185,64274.7
2026-08-07 03:17:29,okx,BTC,BTC-USD-270326-80000-C,2027-03-26,80000,call,0.0580012876539439,0.057,0.058,0.39724950710732293,0.27026946214609493,0.6025044024212602,0.0028761660717552995,-0.0002470964819144563,5796,0,64274.7
2026-08-07 03:17:29,okx,BTC,BTC-USD-270326-75000-P,2027-03-26,75000,put,0.2123612401491071,0.2105,0.2135,0.39966509645448817,-0.8060967691093864,2.8316155322010106,0.0030870107748594477,-0.00026682320939832996,3365,0,64274.7
2026-08-07 03:17:29,okx,BTC,BTC-USD-260807-65750-P,2026-08-07,65750,put,0.022799124969422,0.0075,,0.40912820488001933,-1.0138398326204061,4.577361837226172,0.0000056083699646786354,-0.00011472711679759938,0,0,64274.7
2026-08-07 03:17:29,okx,BTC,BTC-USD-270326-75000-C,2027-03-26,75000,call,0.0780320049289555,0.0775,0.078,0.39966509645448817,0.3282221725816642,0.5629776488189095,0.0030870107748594477,-0.00026682320939832996,5538,4,64274.7
2026-08-07 03:17:29,okx,BTC,BTC-USD-270326-70000-P,2027-03-26,70000,put,0.1628481343596576,0.162,0.165,0.4039281618304072,-0.6695011270586341,2.579801373876929,0.003174632874803787,-0.00027732363154201763,2971,0,64274.7
2026-08-07 03:17:29,okx,ETH,ETH-USD-260925-800-P,2026-09-25,800,put,0.0003304545094296,0.0004,0.0006,0.9151120503713308,-0.0032853946972156993,0.033434432182419246,0.00003313429240247705,-0.00003081701629314185,30458,0,1899.09
2026-08-07 03:17:29,okx,ETH,ETH-USD-260925-800-C,2026-09-25,800,call,0.5807050275579922,,,0.9151120503713308,0.41634223333450393,-0.8058208238810199,0.00003313429240247705,-0.00003081701629314185,10,0,1899.09
2026-08-07 03:17:29,okx,ETH,ETH-USD-260925-1200-P,2026-09-25,1200,put,0.0025013436317243,0.0025,0.0027,0.6825386274933709,-0.026766674552627715,0.2810068642613787,0.00020926499911621773,-0.00014516517566803345,30407,3405,1899.09
2026-08-07 03:17:29,okx,ETH,ETH-USD-260925-1200-C,2026-09-25,1200,call,0.3730632032045682,0.365,,0.6825386274933709,0.6026747674949517,-0.9778760198337801,0.00020926499911621773,-0.00014516517566803345,89,0,1899.09
2026-08-07 03:17:29,okx,ETH,ETH-USD-260925-1000-P,2026-09-25,1000,put,0.0010010741976966,0.001,0.0012,0.7958509322285421,-0.010275774427443693,0.10596005255066694,0.00009161600815203718,-0.00007410400964297611,17800,0,1899.09
2026-08-07 03:17:29,okx,ETH,ETH-USD-260925-1000-C,2026-09-25,1000,call,0.4764692905083998,0.4745,0.478,0.7958509322285421,0.5142587606122059,-0.9431090175286322,0.00009161600815203718,-0.00007410400964297611,900,0,1899.09
2026-08-07 03:17:29,okx,ETH,ETH-USD-260809-1910-P,2026-08-09,1910,put,0.0129308875029502,0.0125,0.0135,0.32001958120666923,-0.5958642183208351,16.914344904534882,0.0003027447012449228,-0.0022057437693593415,1661,1964,1899.09
2026-08-07 03:17:29,okx,ETH,ETH-USD-260809-1910-C,2026-08-09,1910,call,0.0074149577787963,0.0075,0.008,0.32001958120666923,0.40965700495100293,14.903302457991208,0.0003027447012449228,-0.0022057437693593415,2156,1848,1899.09
2026-08-07 03:17:29,okx,ETH,ETH-USD-261225-600-P,2026-12-25,600,put,0.0015503863423199,0.0013,0.0018,0.8644249943198135,-0.00894525839940618,0.05606852905376047,0.0001267605008197333,-0.00003907914740298647,12557,0,1899.09
2026-08-07 03:17:29,okx,ETH,ETH-USD-261225-600-C,2026-12-25,600,call,0.6887983613170809,,,0.8644249943198135,0.3038083968648164,-0.5694387814746846,0.0001267605008197333,-0.00003907914740298647,7,0,1899.09
2026-08-07 03:17:29,okx,ETH,ETH-USD-261225-1000-P,2026-12-25,1000,put,0.0082716584182015,0.008,0.0085,0.6870448173303814,-0.04893948499724907,0.30299837399408674,0.0005412963909058379,-0.0001326337403839531,14935,0,1899.09
2026-08-07 03:17:29,okx,ETH,ETH-USD-261225-1000-C,2026-12-25,1000,call,0.4870182833761366,0.4845,,0.6870448173303814,0.4723166071097885,-0.7395138102199885,0.0005412963909058379,-0.0001326337403839531,0,0,1899.09
2026-08-07 03:17:29,okx,ETH,ETH-USD-261225-800-P,2026-12-25,800,put,0.003872299502593,0.0037,0.0041,0.7669165153609026,-0.022733290300195746,0.14238415209473204,0.0002854919922150326,-0.00007808647880986556,22183,0,1899.09
2026-08-07 03:17:29,okx,ETH,ETH-USD-261225-800-C,2026-12-25,800,call,0.5868695994689412,0.584,0.5905,0.7669165153609026,0.3942715833854343,-0.691625595276528,0.0002854919922150326,-0.00007808647880986556,905,0,1899.09
2026-08-07 03:17:29,okx,ETH,ETH-USD-261225-1400-P,2026-12-25,1400,put,0.032063161742443,0.0315,0.032,0.5812973800777876,-0.1778663577076733,0.9907411643348726,0.001417820289276093,-0.0002939363997184559,15667,0,1899.09
2026-08-07 03:17:29,okx,ETH,ETH-USD-261225-1400-C,2026-12-25,1400,call,0.3023084366835522,0.301,0.304,0.5812973800777876,0.5518921712421794,-0.4687758935648327,0.001417820289276093,-0.0002939363997184559,380,0,1899.09
2026-08-07 03:17:29,okx,ETH,ETH-USD-261225-1200-P,2026-12-25,1200,put,0.0166446777326259,0.0165,0.017,0.6256913138553342,-0.09682786877058379,0.5776988079841726,0.0009229610565560067,-0.0002059573620517096,6487,1219,1899.09
2026-08-07 03:17:29,okx,ETH,ETH-USD-261225-1200-C,2026-12-25,1200,call,0.3911406276821481,0.3885,0.3965,0.6256913138553342,0.5286794417578613,-0.6733158130727177,0.0009229610565560067,-0.0002059573620517096,250,0,1899.09
2026-08-07 03:17:29,okx,ETH,ETH-USD-261225-1800-P,2026-12-25,1800,put,0.0986138297679654,0.0985,0.099,0.5330559068098466,-0.4587572278044485,2.050103831311382,0.002318934923400124,-0.0004408543589299203,21568,195,1899.09
2026-08-07 03:17:29,okx,ETH,ETH-USD-261225-1800-C,2026-12-25,1800,call,0.1603577546922487,0.1595,0.1615,0.5330559068098466,0.47950373798821916,0.17358189972604643,0.002318934923400124,-0.0004408543589299203,9931,0,1899.09
2026-08-07 03:17:29,okx,ETH,ETH-USD-261225-1600-P,2026-12-25,1600,put,0.058324452818817,0.058,0.0585,0.5513254425767038,-0.29964669116674436,1.5118314510914335,0.0019324236480887831,-0.00037996552693249364,29051,262,1899.09
2026-08-07 03:17:29,okx,ETH,ETH-USD-261225-1600-C,2026-12-25,1600,call,0.2243190527515134,0.223,0.2255,0.5513254425767038,0.5343630562045159,-0.1561880436510869,0.0019324236480887831,-0.00037996552693249364,2809,0,1899.09
2026-08-07 03:17:29,okx,ETH,ETH-USD-261225-2200-P,2026-12-25,2200,put,0.2231801842281094,0.2205,0.2245,0.5212615586208958,-0.8266675827763055,2.846455889069191,0.002388819881893442,-0.00044409197080619636,1376,0,1899.09
2026-08-07 03:17:29,okx,ETH,ETH-USD-261225-2200-C,2026-12-25,2200,call,0.0764227591355667,0.076,0.077,0.5212615586208958,0.3200958198591771,0.5529290837982259,0.002388819881893442,-0.00044409197080619636,16431,0,1899.09
2026-08-07 03:17:29,okx,ETH,ETH-USD-261225-2000-P,2026-12-25,2000,put,0.1540500670660026,0.154,0.155,0.523973833805834,-0.6404274899531356,2.508648652527533,0.0024710316512019754,-0.0004617657591161077,10118,0,1899.09
2026-08-07 03:17:29,okx,ETH,ETH-USD-261225-2000-C,2026-12-25,2000,call,0.1115433169818729,0.1115,0.112,0.523973833805834,0.4020846942609397,0.4236242840993828,0.0024710316512019754,-0.0004617657591161077,15905,16,1899.09
2026-08-07 03:17:29,okx,ETH,ETH-USD-261225-2600-P,2026-12-25,2600,put,0.3909514633166003,0.385,0.3955,0.5264964051624541,-1.1698627947950209,3.249737922863447,0.0018402888979743826,-0.00034555345078423293,1760,0,1899.09
2026-08-07 03:17:29,okx,ETH,ETH-USD-261225-2600-C,2026-12-25,2600,call,0.0356926882072316,0.0355,0.036,0.5264964051624541,0.1854030446832768,0.539206243906852,0.0018402888979743826,-0.00034555345078423293,38524,0,1899.09
2026-08-07 03:17:29,okx,ETH,ETH-USD-260808-1930-P,2026-08-08,1930,put,0.0187966190076569,0.0175,0.02,0.37372398871033863,-0.7852618936785121,15.884567269506576,0.00017531423523751735,-0.0027386808083101817,1006,2459,1899.09
2026-08-07 03:17:29,okx,ETH,ETH-USD-260810-1870-C,2026-08-10,1870,call,0.0224326316508246,0.005,,0.35119517834937436,0.6697924825880616,9.361703167567681,0.0003290963328763715,-0.0018080493600709999,0,0,1899.09
2026-08-07 03:17:29,okx,ETH,ETH-USD-261225-2400-P,2026-12-25,2400,put,0.3031001249993198,0.3,0.3045,0.5224357488068114,-1.0049765695429969,3.080750438913834,0.0021487380371339373,-0.0004003595353830368,919,0,1899.09
2026-08-07 03:17:29,okx,ETH,ETH-USD-260810-1870-P,2026-08-10,1870,put,0.0065914045535542,0.006,0.0065,0.35119517834937436,-0.3143714698525708,11.330031072448946,0.0003290963328763715,-0.0018080493600709999,0,0,1899.09
2026-08-07 03:17:29,okx,ETH,ETH-USD-261225-2400-C,2026-12-25,2400,call,0.052092024898364,0.052,0.0525,0.5224357488068114,0.24603805151389324,0.5787211968000534,0.0021487380371339373,-0.0004003595353830368,25724,0,1899.09
2026-08-07 03:17:29,okx,ETH,ETH-USD-260807-1940-P,2026-08-07,1940,put,0.0215530802195095,0.017,0.023,0.40717773747550945,-1.0093082373449327,5.3844942043327055,0.000007366233070728447,-0.00014996830577282421,0,0,1899.09
2026-08-07 03:17:29,okx,ETH,ETH-USD-261225-3000-P,2026-12-25,3000,put,0.5812818423180144,0.5755,0.5865,0.5403952411577231,-1.4597870153961037,3.52211794425271,0.0012506723176829205,-0.00024103986260066285,801,0,1899.09
2026-08-07 03:17:29,okx,ETH,ETH-USD-260808-1930-C,2026-08-08,1930,call,0.0028888245721755,0.0032,0.0033,0.37372398871033863,0.23065124829105957,13.852740985567433,0.00017531423523751735,-0.0027386808083101817,2493,2253,1899.09
2026-08-07 03:17:29,okx,ETH,ETH-USD-261225-3000-C,2026-12-25,3000,call,0.0175217171918198,0.0175,0.018,0.5403952411577231,0.10398126092500908,0.39458139161048383,0.0012506723176829205,-0.00024103986260066285,29578,201,1899.09
2026-08-07 03:17:29,okx,ETH,ETH-USD-261225-2800-P,2026-12-25,2800,put,0.4842886221840683,0.477,0.488,0.5326791789606197,-1.3208145438901135,3.3890540037268,0.0015292433849830175,-0.00029052007671312826,697,0,1899.09
2026-08-07 03:17:29,okx,ETH,ETH-USD-260807-1940-C,2026-08-07,1940,call,0.000039892087996,,0.0001,0.40717773747550945,0.012199572004626937,3.3414785856335865,0.000007366233070728447,-0.00014996830577282421,6166,5113,1899.09
2026-08-07 03:17:29,okx,ETH,ETH-USD-261225-2800-C,2026-12-25,2800,call,0.0247791720662865,0.0245,0.0255,0.5326791789606197,0.13870251400959172,0.4700198879273893,0.0015292433849830175,-0.00029052007671312826,9647,1240,1899.09
2026-08-07 03:17:29,okx,ETH,ETH-USD-261225-1300-P,2026-12-25,1300,put,0.0232409785488887,0.023,0.0235,0.6015219301500604,-0.13254110845738018,0.7671647703041883,0.0011600318502528201,-0.0002488600573341815,11463,617,1899.09
2026-08-07 03:17:29,okx,ETH,ETH-USD-261225-3400-P,2026-12-25,3400,put,0.7816101957734503,,,0.5587230008371272,-1.7121153940083755,3.809865430969869,0.0008275912857943095,-0.00016490972871349992,1,0,1899.09
2026-08-07 03:17:29,okx,ETH,ETH-USD-261225-3400-C,2026-12-25,3400,call,0.0093487206304297,0.0095,0.01,0.5587230008371272,0.06015531915555239,0.26532400464201317,0.0008275912857943095,-0.00016490972871349992,11601,0,1899.09
2026-08-07 03:17:29,okx,ETH,ETH-USD-261225-3200-P,2026-12-25,3200,put,0.6806671711876426,,,0.5491921372458614,-1.589412005388612,3.6608930819737564,0.0010168968385705624,-0.00019917509176617826,0,0,1899.09
2026-08-07 03:17:29,okx,ETH,ETH-USD-261225-3200-C,2026-12-25,3200,call,0.0126563710530351,0.0125,0.013,0.5491921372458614,0.07860748935390822,0.3248540924887159,0.0010168968385705624,-0.00019917509176617826,36411,0,1899.09
2026-08-07 03:17:29,okx,ETH,ETH-USD-261225-4000-P,2026-12-25,4000,put,1.0892974967449864,1.0765,1.101,0.5893678663817683,-2.0556087761187882,4.316281274718953,0.00046421439962144977,-0.00009757507174178692,580,0,1899.09
2026-08-07 03:17:29,okx,ETH,ETH-USD-261225-4000-C,2026-12-25,4000,call,0.0042839965767269,0.0044,0.0048,0.5893678663817683,0.029415592309362238,0.14623253786265347,0.00046421439962144977,-0.00009757507174178692,3464,0,1899.09
2026-08-07 03:17:29,okx,ETH,ETH-USD-261225-3600-P,2026-12-25,3600,put,0.8835723644401648,0.8725,0.8935,0.5687225832835691,-1.829829091765522,3.96958992167231,0.0006770330089509899,-0.0001373232695935799,100,0,1899.09
2026-08-07 03:17:29,okx,ETH,ETH-USD-261225-1300-C,2026-12-25,1300,call,0.3456115909942044,0.3425,0.3515,0.6015219301500604,0.5450918112817686,-0.5881010691741094,0.0011600318502528201,-0.0002488600573341815,434,0,1899.09
2026-08-07 03:17:29,okx,ETH,ETH-USD-261225-3600-C,2026-12-25,3600,call,0.0070602142887314,0.007,0.0075,0.5687225832835691,0.04669283981981331,0.2165460585016392,0.0006770330089509899,-0.0001373232695935799,5811,0,1899.09
2026-08-07 03:17:29,okx,ETH,ETH-USD-261225-5000-P,2026-12-25,5000,put,1.6079003703234358,,,0.6397982300764209,-2.5946218558077208,5.2753030721739025,0.00021148738475788427,-0.00004825711105762752,2,0,1899.09
2026-08-07 03:17:29,okx,ETH,ETH-USD-261225-5000-C,2026-12-25,5000,call,0.0016334951131114,0.0017,0.0021,0.6397982300764209,0.011658604727466989,0.06274215110352697,0.00021148738475788427,-0.00004825711105762752,5081,0,1899.09
2026-08-07 03:17:29,okx,ETH,ETH-USD-261225-4500-P,2026-12-25,4500,put,1.3481741114426145,,,0.6151205794615381,-2.3277964632995856,4.784695466731025,0.0003050270551050575,-0.00006691637970017085,0,0,1899.09
2026-08-07 03:17:29,okx,ETH,ETH-USD-261225-4500-C,2026-12-25,4500,call,0.0025339237533228,0.0026,0.003,0.6151205794615381,0.017855951182083465,0.09339063776768594,0.0003050270551050575,-0.00006691637970017085,3136,0,1899.09
2026-08-07 03:17:29,okx,ETH,ETH-USD-261225-6000-P,2026-12-25,6000,put,2.1283292910828706,0.0001,,0.6842467210891939,-3.121717287929706,6.287224753957614,0.00011508871844370947,-0.000028085314853056556,0,0,1899.09
2026-08-07 03:17:29,okx,ETH,ETH-USD-261225-6000-C,2026-12-25,6000,call,0.0008090408304814,0.0007,0.0012,0.6842467210891939,0.00581926471251921,0.03215164867316323,0.00011508871844370947,-0.000028085314853056556,8064,0,1899.09
2026-08-07 03:17:29,okx,ETH,ETH-USD-261225-5500-P,2026-12-25,5500,put,1.8680162392955846,,,0.6628972962656339,-2.858849822324082,5.777905679147371,0.00015329556428085746,-0.000036241791207298376,0,0,1899.09
2026-08-07 03:17:29,okx,ETH,ETH-USD-261225-5500-C,2026-12-25,5500,call,0.0011226765642279,0.0011,0.0015,0.6628972962656339,0.00805868426462481,0.044088665969957364,0.00015329556428085746,-0.000036241791207298376,4891,0,1899.09
2026-08-07 03:17:29,okx,ETH,ETH-USD-261225-8000-P,2026-12-25,8000,put,3.1703152325705286,0.0001,,0.7531552160582028,-4.167978523351853,8.351729623227449,0.00004562789662610422,-0.000012256000078564272,0,0,1899.09
2026-08-07 03:17:29,okx,ETH,ETH-USD-261225-8000-C,2026-12-25,8000,call,0.0002882322340096,0.0002,0.0007,0.7531552160582028,0.002070213504448165,0.011632149514846523,0.00004562789662610422,-0.000012256000078564272,272,0,1899.09
2026-08-07 03:17:29,okx,ETH,ETH-USD-261225-7000-P,2026-12-25,7000,put,2.6492367146527327,0.0001,,0.7217813101834104,-3.6454625465476167,7.31617880713408,0.00007001227794698466,-0.000018022442908185796,0,0,1899.09
2026-08-07 03:17:29,okx,ETH,ETH-USD-261225-7000-C,2026-12-25,7000,call,0.0004630893582786,0.0002,0.0009,0.7217813101834104,0.003330098201646274,0.01859351763555489,0.00007001227794698466,-0.000018022442908185796,4510,0,1899.09
2026-08-07 03:17:29,okx,ETH,ETH-USD-260807-1960-P,2026-08-07,1960,put,0.0320754606855964,0.0275,0.034,0.5565813629763303,-1.0246762957936975,3.634225544251419,0.000004741177441952108,-0.00013194255013771679,0,0,1899.09
2026-08-07 03:17:29,okx,ETH,ETH-USD-260828-1850-P,2026-08-28,1850,put,0.0295471064583131,0.029,0.0295,0.4421104095139674,-0.40568599337544203,4.373542728228861,0.0009145558215003893,-0.0009535682348620466,13806,0,1899.09
2026-08-07 03:17:29,okx,ETH,ETH-USD-260809-1930-C,2026-08-09,1930,call,0.003913010833456,0.0042,0.0043,0.31878706552727915,0.25992708748046894,12.696452642935874,0.0002535046803413077,-0.0018398763282660342,458,458,1899.09
2026-08-07 03:17:29,okx,ETH,ETH-USD-260828-1850-C,2026-08-28,1850,call,0.057097528462025,0.056,0.057,0.4421104095139674,0.5666087120043749,2.4289533174692277,0.0009145558215003893,-0.000953360313137752,9539,0,1899.09
2026-08-07 03:17:29,okx,ETH,ETH-USD-260807-1960-C,2026-08-07,1960,call,0.0000312087589128,,0.0002,0.5565813629763303,0.007362521899672001,1.5701479088646793,0.000004741177441952108,-0.00013194255013771679,3095,2884,1899.09
2026-08-07 03:17:29,okx,ETH,ETH-USD-260807-1825-C,2026-08-07,1825,call,0.0390430103792756,0.0385,0.0395,0.5424341813831243,0.960198583989157,-1.7140396373835738,0.0000006016313610343077,-0.00001631727074085298,3772,1100,1899.09
2026-08-07 03:17:29,okx,ETH,ETH-USD-270326-800-C,2027-03-26,800,call,0.5975877911833405,0.5935,,0.7335617271687684,0.3671020966752787,-0.6008846389600411,0.0006194671892313091,-0.0000982752863003142,1,0,1899.09
2026-08-07 03:17:29,okx,ETH,ETH-USD-260807-1775-P,2026-08-07,1775,put,0.0000000004113985,,0.0001,0.5723762536380721,-0.00000016888866064168453,0.00006743498848959564,0.00000000020641876381579063,-0.000000005907459935674214,5116,3157,1899.09
2026-08-07 03:17:29,okx,ETH,ETH-USD-270326-600-P,2027-03-26,600,put,0.0049387664225889,0.0044,0.0055,0.817708192578336,-0.021631487168592416,0.10704214130069621,0.0003303429038608951,-0.00005841880594584926,143914,0,1899.09
2026-08-07 03:17:29,okx,ETH,ETH-USD-260807-1870-C,2026-08-07,1870,call,0.015525454990291,0.015,0.0165,0.39912347944076515,0.9376461114143093,8.700671093461697,0.00002268769151101751,-0.00045275951881780096,3426,1,1899.09
2026-08-07 03:17:29,okx,ETH,ETH-USD-260808-2150-P,2026-08-08,2150,put,0.1318264246575309,0.121,,0.8738009167428449,-1.1246616569896708,2.647259831546007,0.000011395415499725938,-0.00041621326999954076,0,0,1899.09
2026-08-07 03:17:29,okx,ETH,ETH-USD-270326-600-C,2027-03-26,600,call,0.6954233039689233,,0.698,0.817708192578336,0.28788557195700143,-0.5119919769504915,0.0003303429038608951,-0.00005841880594584926,23,0,1899.09
2026-08-07 03:17:29,okx,ETH,ETH-USD-260807-1825-P,2026-08-07,1825,put,0.0000025816885601,,0.0002,0.5424341813831243,-0.0007559273834958545,0.20786938536173183,0.0000006016313610343077,-0.00001631727074085298,6947,1905,1899.09
2026-08-07 03:17:29,okx,ETH,ETH-USD-260808-1940-P,2026-08-08,1940,put,0.0231033283807933,0.022,0.0245,0.377794372152789,-0.8541087376986636,13.364492127825352,0.0001443175442429919,-0.0022790186322401585,400,800,1899.09
2026-08-07 03:17:29,okx,ETH,ETH-USD-270326-1200-C,2027-03-26,1200,call,0.4156030664143611,0.4105,,0.6276938809001419,0.47122319405055263,-0.5583024658922465,0.001527318639349316,-0.000207332264792117,85,0,1899.09
2026-08-07 03:17:29,okx,ETH,ETH-USD-260808-2150-C,2026-08-08,2150,call,0.000115669198316,,,0.8738009167428449,0.00705505556710595,0.38382640643245386,0.000011395415499725938,-0.00041621326999954076,0,0,1899.09
2026-08-07 03:17:29,okx,ETH,ETH-USD-270326-1000-P,2027-03-26,1000,put,0.0194638479998099,0.0185,0.019,0.6720335241446896,-0.08562715371045974,0.41159986691030764,0.0010230923364996777,-0.00014869457183410594,75598,200,1899.09
2026-08-07 03:17:29,okx,ETH,ETH-USD-260807-1775-C,2026-08-07,1775,call,0.0653680885900396,0.0145,,0.5723762536380721,0.9346268216244674,-1.8691865460377663,0.00000000020641876381579063,-0.000000005907459935674214,0,0,1899.09
2026-08-07 03:17:29,okx,ETH,ETH-USD-260809-1930-P,2026-08-09,1930,put,0.0199579031725224,0.0195,0.021,0.31878706552727915,-0.7561231538361004,14.728553125569013,0.0002535046803413077,-0.0018398763282660342,908,1270,1899.09
2026-08-07 03:17:29,okx,ETH,ETH-USD-270326-1000-C,2027-03-26,1000,call,0.5036047439103671,,0.506,0.6720335241446896,0.43023461149886333,-0.6201236635083386,0.0010230923364996777,-0.00014869457183410594,1,0,1899.09
2026-08-07 03:17:29,okx,ETH,ETH-USD-260808-1940-C,2026-08-08,1940,call,0.0019317629896876,0.0022,0.0023,0.377794372152789,0.1670682029339628,11.3221382465601,0.0001443175442429919,-0.0022790186322401585,5417,6750,1899.09
2026-08-07 03:17:29,okx,ETH,ETH-USD-270326-800-P,2027-03-26,800,put,0.0102750744548946,0.009,0.0105,0.7335617271687684,-0.045587315492179786,0.22449418537487584,0.0006194671892313091,-0.0000982752863003142,2720,0,1899.09
2026-08-07 03:17:29,okx,ETH,ETH-USD-260807-1975-C,2026-08-07,1975,call,0.0000352800960418,,0.0002,0.6832577026788147,0.006829683049188279,1.1955685176269835,0.000004440744484445252,-0.00015170864373128404,4777,5628,1899.09
2026-08-07 03:17:29,okx,ETH,ETH-USD-270326-1600-C,2027-03-26,1600,call,0.2665076539338527,0.2595,0.281,0.574984721417015,0.4750618483430806,-0.24351793617277098,0.002573482794244897,-0.0003200124822926478,2491,0,1899.09
2026-08-07 03:17:29,okx,ETH,ETH-USD-260807-1925-P,2026-08-07,1925,put,0.0137279479429052,0.012,0.0145,0.32673645488637026,-0.976246214992604,12.740479959021991,0.00001894528417367442,-0.0003095057493860619,2418,1410,1899.09
2026-08-07 03:17:29,okx,ETH,ETH-USD-270326-1400-P,2027-03-26,1400,put,0.0581212152525801,0.0565,0.0575,0.5963901732347028,-0.23613239654999776,1.0212386709378345,0.0020738147029956927,-0.0002674790506132624,30057,89,1899.09
2026-08-07 03:17:29,okx,ETH,ETH-USD-270326-1400-C,2027-03-26,1400,call,0.3359184695273602,,,0.5963901732347028,0.48607407474305464,-0.4231742716482705,0.0020738147029956927,-0.0002674790506132624,60,0,1899.09
2026-08-07 03:17:29,okx,ETH,ETH-USD-260807-1975-P,2026-08-07,1975,put,0.0399778298691033,0.008,,0.6832577026788147,-1.0331073909020387,3.2754426655294373,0.000004440744484445252,-0.00015170864373128404,0,0,1899.09
2026-08-07 03:17:29,okx,ETH,ETH-USD-270326-1200-P,2027-03-26,1200,put,0.0346339913216924,0.033,0.034,0.6276938809001419,-0.14781092420063505,0.6797657706101289,0.001527318639349316,-0.000207332264792117,3054,0,1899.09
2026-08-07 03:17:29,okx,ETH,ETH-USD-260807-1880-C,2026-08-07,1880,call,0.0104954154235979,0.01,0.012,0.35141321789946434,0.8835314394785487,20.700857218184208,0.000042436939849477986,-0.0007456450795155535,3736,86,1899.09
2026-08-07 03:17:29,okx,ETH,ETH-USD-270326-2000-C,2027-03-26,2000,call,0.1615099291664196,0.1605,0.1615,0.5529810350562703,0.3977504649988879,0.10095570130503895,0.0031399831090029766,-0.0003755146577551098,5166,0,1899.09
2026-08-07 03:17:29,okx,ETH,ETH-USD-260807-1870-P,2026-08-07,1870,put,0.0001799198387085,0.0001,0.0002,0.39912347944076515,-0.047003168731915686,10.669969653754148,0.00002268769151101751,-0.00045275951881780096,8589,8305,1899.09
2026-08-07 03:17:29,okx,ETH,ETH-USD-270326-1800-P,2027-03-26,1800,put,0.1369507344484004,0.136,0.137,0.5611112638349754,-0.4854863486862069,1.7991252089799137,0.002943385193480092,-0.0003571786016063179,9095,32,1899.09
2026-08-07 03:17:29,okx,ETH,ETH-USD-260807-1925-C,2026-08-07,1925,call,0.0001130576577695,0.0001,0.0002,0.32673645488637026,0.03736333809909821,10.713260852838587,0.00001894528417367442,-0.0003095057493860619,11882,4746,1899.09
2026-08-07 03:17:29,okx,ETH,ETH-USD-260809-1940-C,2026-08-09,1940,call,0.0027793014623426,0.003,0.0031,0.3208395979409172,0.19907708795755108,10.913594509833803,0.0002183699571411547,-0.0015950812508036933,255,255,1899.09
2026-08-07 03:17:29,okx,ETH,ETH-USD-270326-1800-C,2027-03-26,1800,call,0.2084043470874034,0.203,0.2085,0.5611112638349754,0.44306482869057473,-0.057977145773649486,0.002943385193480092,-0.0003571786016063179,4060,0,1899.09
2026-08-07 03:17:29,okx,ETH,ETH-USD-260807-1880-P,2026-08-07,1880,put,0.0004154121696006,0.0003,0.0004,0.35141321789946434,-0.10638334483958135,22.68068678682047,0.000042436939849477986,-0.0007456450795155535,6641,11230,1899.09
2026-08-07 03:17:29,okx,ETH,ETH-USD-260809-1940-P,2026-08-09,1940,put,0.0240886751088653,0.005,,0.3208395979409172,-0.822237662381384,12.956224010511672,0.0002183699571411547,-0.0015950812508036933,0,0,1899.09
2026-08-07 03:17:29,okx,ETH,ETH-USD-270326-1600-P,2027-03-26,1600,put,0.0918822204769609,0.0905,0.0915,0.574984721417015,-0.35031697599183637,1.407239712497063,0.002573482794244897,-0.0003200124822926478,24630,110,1899.09
2026-08-07 03:17:29,okx,ETH,ETH-USD-270326-2400-C,2027-03-26,2400,call,0.0962783815908698,0.0955,0.0965,0.5476603831840611,0.29652919626186797,0.28898086132804174,0.003059757653585672,-0.00036239959246501174,2644,0,1899.09
2026-08-07 03:17:29,okx,ETH,ETH-USD-270326-2200-P,2027-03-26,2200,put,0.25964589640926,0.2565,0.263,0.5491555520785889,-0.7879509631479393,2.4863939873123826,0.003167082180673735,-0.00037613526785664397,346,0,1899.09
2026-08-07 03:17:29,okx,ETH,ETH-USD-270326-2200-C,2027-03-26,2200,call,0.124755867412486,0.124,0.1245,0.5491555520785889,0.34694492031257157,0.21660222039136068,0.003167082180673735,-0.00037613526785664397,1390,0,1899.09
2026-08-07 03:17:29,okx,ETH,ETH-USD-270326-2000-P,2027-03-26,2000,put,0.1932281373453052,0.1915,0.195,0.5529810350562703,-0.6339730654197583,2.164402762142331,0.0031399831090029766,-0.0003755146577551098,4485,0,1899.09
2026-08-07 03:17:29,okx,ETH,ETH-USD-270326-2800-C,2027-03-26,2800,call,0.0577788957717982,0.0575,0.0585,0.5489208141866104,0.20878629682832234,0.3344156168273328,0.002614619653515432,-0.00031038988862078866,6922,0,1899.09
2026-08-07 03:17:29,okx,ETH,ETH-USD-270326-2600-P,2027-03-26,2600,put,0.4156576907075658,0.401,0.4325,0.5476933128471707,-1.0913241606354283,3.0076510935572136,0.002862072540484295,-0.00033900602766547623,697,0,1899.09
2026-08-07 03:17:29,okx,ETH,ETH-USD-270326-2600-C,2027-03-26,2600,call,0.0744240200750145,0.074,0.075,0.5476933128471707,0.24991642890881174,0.3251699144687339,0.002862072540484295,-0.00033900602766547623,2962,0,1899.09
2026-08-07 03:17:29,okx,ETH,ETH-USD-270326-2400-P,2027-03-26,2400,put,0.3343402314055325,0.33,0.338,0.5476603831840611,-0.9415390402405075,2.7651173343327926,0.003059757653585672,-0.00036239959246501174,431,0,1899.09
2026-08-07 03:17:29,okx,ETH,ETH-USD-260828-2150-P,2026-08-28,2150,put,0.1370156615958454,0.1225,0.225,0.43920802032405554,-1.0018741681645589,4.054879611065772,0.000523152692175699,-0.000540980480559117,0,0,1899.09
2026-08-07 03:17:29,okx,ETH,ETH-USD-270326-3200-C,2027-03-26,3200,call,0.0355519394193219,0.036,0.037,0.554005570231781,0.1441936314994459,0.30620466660901147,0.002086512218373206,-0.0002499910199637283,4791,0,1899.09
2026-08-07 03:17:29,okx,ETH,ETH-USD-260828-2150-C,2026-08-28,2150,call,0.0068975006718095,0.007,0.0075,0.43920802032405554,0.12808994889847178,1.7949513769397112,0.000523152692175699,-0.0005419627031662115,12732,1100,1899.09
2026-08-07 03:17:29,okx,ETH,ETH-USD-270326-3000-P,2027-03-26,3000,put,0.592721018637766,0.575,0.609,0.5510898627497054,-1.3739614506556415,3.420837339973342,0.0023489299205556335,-0.000279950873641684,470,0,1899.09
2026-08-07 03:17:29,okx,ETH,ETH-USD-270326-3000-C,2027-03-26,3000,call,0.0451437063694376,0.0455,0.046,0.5510898627497054,0.1736238449723279,0.3256667487174033,0.0023489299205556335,-0.000279950873641684,3998,0,1899.09
2026-08-07 03:17:29,okx,ETH,ETH-USD-270326-2800-P,2027-03-26,2800,put,0.502184387222238,0.4855,0.5185,0.5489208141866104,-1.2356266457577822,3.223241501999542,0.002614619653515432,-0.00031038988862078866,6500,0,1899.09
2026-08-07 03:17:29,okx,ETH,ETH-USD-270326-3600-C,2027-03-26,3600,call,0.0226671975900869,0.0235,0.0245,0.5615007065386316,0.10000253347817363,0.25460832201089034,0.0016168894221434316,-0.00019634505675394795,1453,85,1899.09
2026-08-07 03:17:29,okx,ETH,ETH-USD-270326-3400-P,2027-03-26,3400,put,0.7821717996897529,,,0.5575158576011691,-1.6340333132422105,3.7891950169767137,0.0018403047581949023,-0.0002218892787906607,1,0,1899.09
2026-08-07 03:17:29,okx,ETH,ETH-USD-270326-3400-C,2027-03-26,3400,call,0.0282508457856474,0.029,0.03,0.5575158576011691,0.11989668846948814,0.28133501355331614,0.0018403047581949023,-0.0002218892787906607,3731,0,1899.09
2026-08-07 03:17:29,okx,ETH,ETH-USD-270326-3200-P,2027-03-26,3200,put,0.6863010725055387,,,0.554005570231781,-1.5065640171703882,3.6077199639486794,0.002086512218373206,-0.0002499910199637283,1,0,1899.09
2026-08-07 03:17:29,okx,ETH,ETH-USD-270326-4500-C,2027-03-26,4500,call,0.0095311151121139,0.0105,0.0115,0.5831352756717675,0.04723072269295497,0.15126792958743282,0.0009076411568866119,-0.00011446503347665759,2332,0,1899.09
2026-08-07 03:17:29,okx,ETH,ETH-USD-270326-4000-P,2027-03-26,4000,put,1.078477037862473,,,0.5705302602434096,-1.9928729970184402,4.330298046446223,0.001245148975883781,-0.00015363470980398218,0,0,1899.09
2026-08-07 03:17:29,okx,ETH,ETH-USD-270326-4000-C,2027-03-26,4000,call,0.0150406215047018,0.016,0.017,0.5705302602434096,0.0705740638188521,0.20340392477163816,0.001245148975883781,-0.00015363470980398218,8207,0,1899.09
2026-08-07 03:17:29,okx,ETH,ETH-USD-270326-3600-P,2027-03-26,3600,put,0.879759972312081,,,0.5615007065386316,-1.7570998212753897,3.9688130315180166,0.0016168894221434316,-0.00019634505675394795,20,0,1899.09
2026-08-07 03:17:29,okx,ETH,ETH-USD-270326-5500-C,2027-03-26,5500,call,0.004540432219444,0.005,0.0065,0.6103933133645223,0.0239311035157998,0.08624698610625701,0.0005185087715457065,-0.00006844712640729737,1068,0,1899.09
2026-08-07 03:17:29,okx,ETH,ETH-USD-270326-5000-P,2027-03-26,5000,put,1.5857023933116963,,,0.5965674942121809,-2.546363902190455,5.271830047239399,0.0006767813788981875,-0.00008731670357423574,10,0,1899.09
2026-08-07 03:17:29,okx,ETH,ETH-USD-270326-5000-C,2027-03-26,5000,call,0.0064068728644822,0.007,0.008,0.5965674942121809,0.0329449238561603,0.11321239514616717,0.0006767813788981875,-0.00008731670357423574,1646,0,1899.09
2026-08-07 03:17:29,okx,ETH,ETH-USD-270326-4500-P,2027-03-26,4500,put,1.3308970835146066,,,0.5831352756717675,-2.2741472207489988,4.7940238164713405,0.0009076411568866119,-0.00011446503347665759,0,0,1899.09
2026-08-07 03:17:29,okx,ETH,ETH-USD-260810-1930-P,2026-08-10,1930,put,0.0218219106380896,0.0205,0.023,0.3295223532066763,-0.7101473843027873,12.88822128025093,0.0003309087280386586,-0.0017058144834773748,420,420,1899.09
2026-08-07 03:17:29,okx,ETH,ETH-USD-270326-7000-C,2027-03-26,7000,call,0.0020785594011318,0.0021,0.0085,0.6519536086871949,0.011296408931134153,0.04352728352232948,0.00027304736829495465,-0.000038498519935436166,1493,0,1899.09
2026-08-07 03:17:29,okx,ETH,ETH-USD-270326-6000-P,2027-03-26,6000,put,2.0985242304054488,0.0001,,0.6243391188310505,-3.0771249372047147,6.257499772201021,0.0004083174760303701,-0.00005513252209146591,0,0,1899.09
2026-08-07 03:17:29,okx,ETH,ETH-USD-270326-6000-C,2027-03-26,6000,call,0.0033696058687921,0.0036,0.0048,0.6243391188310505,0.018045654051223842,0.06715858968914405,0.0004083174760303701,-0.00005513252209146591,20287,0,1899.09
2026-08-07 03:17:29,okx,ETH,ETH-USD-260810-1930-C,2026-08-10,1930,call,0.0060858509042563,0.006,0.0065,0.3295223532066763,0.3055940211573305,10.856738469330693,0.0003309087280386586,-0.0017058144834773748,146,146,1899.09
2026-08-07 03:17:29,okx,ETH,ETH-USD-270326-5500-P,2027-03-26,5500,put,1.841765504711379,,,0.6103933133645223,-2.8133086051354774,5.760726403408811,0.0005185087715457065,-0.00006844712640729737,0,0,1899.09
2026-08-07 03:17:29,okx,ETH,ETH-USD-270326-9000-C,2027-03-26,9000,call,0.0010862806652468,0.0008,0.0019,0.7041016788748967,0.0058684075861713345,0.022839148783329134,0.00015420464906436304,-0.000023481302967434717,40529,0,1899.09
2026-08-07 03:17:29,okx,ETH,ETH-USD-270326-8000-P,2027-03-26,8000,put,3.1283132526174287,0.0001,,0.6786403986580145,-4.119059395954282,8.284323617093541,0.00019861627438670093,-0.000029150357492493433,0,0,1899.09
2026-08-07 03:17:29,okx,ETH,ETH-USD-270326-8000-C,2027-03-26,8000,call,0.0014404199018862,0.0013,0.0075,0.6786403986580145,0.007834725720302936,0.030535373744371798,0.00019861627438670093,-0.000029150357492493433,60,0,1899.09
2026-08-07 03:17:29,okx,ETH,ETH-USD-270326-7000-P,2027-03-26,7000,put,2.6130922880272314,0.0001,,0.6519536086871949,-3.599735947534128,7.265591996452853,0.00027304736829495465,-0.000038498519935436166,0,0,1899.09
2026-08-07 03:17:29,okx,ETH,ETH-USD-270326-9000-P,2027-03-26,9000,put,3.6438182174702316,0.0001,,0.7041016788748967,-4.636887479297736,9.308350922551146,0.00015420464906436304,-0.000023481302967434717,0,0,1899.09
2026-08-07 03:17:29,okx,ETH,ETH-USD-260809-1775-C,2026-08-09,1775,call,0.0660026784265352,0.0595,,0.47296444549860023,0.90300280075457,0.0996712237487381,0.000054231663310568645,-0.0005839603725834134,0,0,1899.09
2026-08-07 03:17:29,okx,ETH,ETH-USD-260809-1775-P,2026-08-09,1775,put,0.0004481105000289,0.0001,0.0004,0.47296444549860023,-0.0314475507153319,1.968571926688542,0.000054231663310568645,-0.0005839603725834134,1138,990,1899.09
2026-08-07 03:17:29,okx,ETH,ETH-USD-260809-1750-C,2026-08-09,1750,call,0.0789724243870145,0.072,,0.5075921441774861,0.9032487536495338,-0.6937198916026819,0.00003398587459899207,-0.0003927491923034543,0,0,1899.09
2026-08-07 03:17:29,okx,ETH,ETH-USD-260828-1450-P,2026-08-28,1450,put,0.0017355289491701,0.0018,0.0019,0.617386981309751,-0.030470986387370294,0.5022006002113318,0.0001582032579918785,-0.00023038838707375436,34668,0,1899.09
2026-08-07 03:17:29,okx,ETH,ETH-USD-260809-1750-P,2026-08-09,1750,put,0.0002566531918675,,0.0003,0.5075921441774861,-0.018040325264453944,1.1488582662252937,0.00003398587459899207,-0.0003927491923034543,1441,1302,1899.09
2026-08-07 03:17:29,okx,ETH,ETH-USD-260828-1450-C,2026-08-28,1450,call,0.2395107281898794,0.2375,0.241,0.617386981309751,0.7315978367481618,-1.0219370460597326,0.0001582032579918785,-0.0002285936062409409,580,0,1899.09
2026-08-07 03:17:29,okx,ETH,ETH-USD-260809-1700-C,2026-08-09,1700,call,0.1051113280601695,0.0965,,0.563278512583822,0.8896837193604857,-1.4361026206974337,0.000011633962404399645,-0.00014919449488106894,0,0,1899.09
2026-08-07 03:17:29,okx,ETH,ETH-USD-260809-1700-P,2026-08-09,1700,put,0.0000731503277409,,0.0002,0.563278512583822,-0.005282814441673834,0.3538304469068855,0.000011633962404399645,-0.00014919449488106894,149,16,1899.09
2026-08-07 03:17:29,okx,ETH,ETH-USD-260809-1650-C,2026-08-09,1650,call,0.1313755675568192,0.1205,,0.5995341032943207,0.8674898956591682,-1.6533934128838452,0.0000029431115647939755,-0.000040171918715549077,0,0,1899.09
2026-08-07 03:17:29,okx,ETH,ETH-USD-260809-1650-P,2026-08-09,1650,put,0.000014983287109,,0.0002,0.5995341032943207,-0.0011540930311631523,0.08389456449681745,0.0000029431115647939755,-0.000040171918715549077,5,5,1899.09
2026-08-07 03:17:29,okx,ETH,ETH-USD-260809-1860-C,2026-08-09,1860,call,0.0242770123009391,0.023,0.0265,0.3540992777377762,0.7577487621100744,9.207355157186901,0.00022846020277136317,-0.0018417791692843188,130,70,1899.09
2026-08-07 03:17:29,okx,ETH,ETH-USD-260809-1860-P,2026-08-09,1860,put,0.0034705354878114,0.0031,0.0032,0.3540992777377762,-0.22144991604993547,11.16575251350692,0.00022846020277136317,-0.0018417791692843188,2604,787,1899.09
2026-08-07 03:17:29,okx,ETH,ETH-USD-260809-1850-C,2026-08-09,1850,call,0.0287220359545761,0.0275,0.0295,0.3655494178317464,0.7991135196870566,7.398819931950783,0.0001978888214637773,-0.0016469079141767967,606,0,1899.09
2026-08-07 03:17:29,okx,ETH,ETH-USD-260809-1850-P,2026-08-09,1850,put,0.0026510778339921,0.0022,0.0023,0.3655494178317464,-0.17482064945058765,9.346688270226071,0.0001978888214637773,-0.0016469079141767967,7172,2526,1899.09
2026-08-07 03:17:29,okx,ETH,ETH-USD-260809-1825-C,2026-08-09,1825,call,0.040631021118744,0.0355,,0.39880278377792555,0.8641184291392068,3.746288236916309,0.00013136504221364134,-0.0011927239741170768,0,0,1899.09
2026-08-07 03:17:29,okx,ETH,ETH-USD-260809-1825-P,2026-08-09,1825,put,0.0013988597295193,0.001,0.0011,0.39880278377792555,-0.09665446744252333,5.66783403007977,0.00013136504221364134,-0.0011927239741170768,1831,1724,1899.09
2026-08-07 03:17:29,okx,ETH,ETH-USD-260809-1800-C,2026-08-09,1800,call,0.0531725827414181,0.0475,,0.4357767410571241,0.8930022746916306,1.4494033099035366,0.00008483367097278908,-0.0008416553048252731,0,0,1899.09
2026-08-07 03:17:29,okx,ETH,ETH-USD-260809-1800-P,2026-08-09,1800,put,0.0007792180835527,0.0004,0.0006,0.4357767410571241,-0.05460934933418543,3.344626557955169,0.00008483367097278908,-0.0008416553048252731,9912,9358,1899.09
2026-08-07 03:17:29,okx,ETH,ETH-USD-260809-1925-C,2026-08-09,1925,call,0.0046220786500686,0.0048,0.0049,0.318419675570936,0.2943760866915456,13.466820587941802,0.0002692921048354413,-0.0019522052406193327,2657,536,1899.09
2026-08-07 03:17:29,okx,ETH,ETH-USD-260828-1300-C,2026-08-28,1300,call,0.3171999030949319,0.3105,,0.7022193680566968,0.6728648367483165,-1.1912800872628837,0.00006298313858856981,-0.00010193575844555166,86,0,1899.09
2026-08-07 03:17:29,okx,ETH,ETH-USD-260809-1925-P,2026-08-09,1925,put,0.0180347303354069,0.018,0.019,0.318419675570936,-0.719041900113841,15.493656561552577,0.0002692921048354413,-0.0019522052406193327,430,270,1899.09
2026-08-07 03:17:29,okx,ETH,ETH-USD-260828-1300-P,2026-08-28,1300,put,0.0005904123903487,0.0007,0.0008,0.7022193680566968,-0.010369280545608914,0.17518814732496701,0.00006298313858856981,-0.0001043256114440597,10788,0,1899.09
2026-08-07 03:17:29,okx,ETH,ETH-USD-260809-1900-C,2026-08-09,1900,call,0.0098830147643965,0.0095,0.01,0.3233843203232104,0.49104093110391295,14.921771393538013,0.0003094542818289215,-0.002278334113888727,1452,2,1899.09
2026-08-07 03:17:29,okx,ETH,ETH-USD-260809-1900-P,2026-08-09,1900,put,0.010134463181094,0.01,0.0105,0.3233843203232104,-0.5092157831455595,16.92228482203696,0.0003094542818289215,-0.002278334113888727,582,415,1899.09
2026-08-07 03:17:29,okx,ETH,ETH-USD-260809-1880-C,2026-08-09,1880,call,0.0162694621828667,0.0155,0.0165,0.3354603094835939,0.6427641116002446,12.810973374969619,0.00028452973923986973,-0.0021730552432667268,420,0,1899.09
2026-08-07 03:17:29,okx,ETH,ETH-USD-260828-1100-C,2026-08-28,1100,call,0.4218067107029816,0.4155,,0.7904136313706198,0.5765537436894245,-1.1277605899715646,0.000011634399549457131,-0.00001850863595552746,0,0,1899.09
2026-08-07 03:17:29,okx,ETH,ETH-USD-260809-1880-P,2026-08-09,1880,put,0.0059919479846516,0.0055,0.006,0.3354603094835939,-0.3469635846044965,14.790428767379101,0.00028452973923986973,-0.0021730552432667268,2351,763,1899.09
2026-08-07 03:17:29,okx,ETH,ETH-USD-260828-1100-P,2026-08-28,1100,put,0.0000848313798998,,0.0003,0.7904136313706198,-0.0015674324823587039,0.02848176237200149,0.000011634399549457131,-0.000021691918508294925,11081,0,1899.09
2026-08-07 03:17:29,okx,ETH,ETH-USD-260809-1870-C,2026-08-09,1870,call,0.0201028974062551,0.019,0.0215,0.3440150315749988,0.7056964360032758,11.074913914803204,0.00025845598781165045,-0.002024258517673499,1153,800,1899.09
2026-08-07 03:17:29,okx,ETH,ETH-USD-260828-1200-C,2026-08-28,1200,call,0.3694141273116453,0.3625,0.371,0.7509758023335673,0.6262447027454454,-1.184330897910639,0.000029724240177116075,-0.0000498677058952563,0,0,1899.09
2026-08-07 03:17:29,okx,ETH,ETH-USD-260809-1870-P,2026-08-09,1870,put,0.0045609019005838,0.0042,0.0043,0.3440150315749988,-0.27876675117909977,13.043840289167955,0.00025845598781165045,-0.002024258517673499,1760,2171,1899.09
2026-08-07 03:17:29,okx,ETH,ETH-USD-260828-1200-P,2026-08-28,1200,put,0.0002484422978128,0.0004,0.0006,0.7509758023335673,-0.0044329439874087944,0.07702439555506936,0.000029724240177116075,-0.00005265427367089405,10798,475,1899.09
2026-08-07 03:17:29,okx,ETH,ETH-USD-260809-2025-C,2026-08-09,2025,call,0.0002341147355512,0.0002,0.0004,0.401034291443355,0.02039507167493749,1.5570803113325873,0.00003855655772921391,-0.0003520316582279737,549,353,1899.09
2026-08-07 03:17:29,okx,ETH,ETH-USD-260809-2025-P,2026-08-09,2025,put,0.0662915794954525,0.0605,,0.401034291443355,-1.0456680053541056,3.689206465390673,0.00003855655772921391,-0.0003520316582279737,0,0,1899.09
2026-08-07 03:17:29,okx,ETH,ETH-USD-260809-2000-C,2026-08-09,2000,call,0.0004058767125145,0.0005,0.0007,0.36700656373740126,0.03579763045518493,2.718922522441463,0.00006162171820471002,-0.0005148842331414869,353,106,1899.09
2026-08-07 03:17:29,okx,ETH,ETH-USD-260809-2000-P,2026-08-09,2000,put,0.0533021382037751,0.0485,,0.36700656373740126,-1.017104174017944,4.82472613138772,0.00006162171820471002,-0.0005148842331414869,0,0,1899.09
2026-08-07 03:17:29,okx,ETH,ETH-USD-260809-1975-C,2026-08-09,1975,call,0.0008414333328361,0.001,0.0011,0.3411414371880406,0.07137339399000357,5.0540741289128,0.00010667125474900447,-0.00082848344813393,2410,264,1899.09
2026-08-07 03:17:29,okx,ETH,ETH-USD-260809-1975-P,2026-08-09,1975,put,0.0405764915554559,0.036,,0.3411414371880406,-0.9683671379272112,7.13355519274723,0.00010667125474900447,-0.00082848344813393,0,0,1899.09
2026-08-07 03:17:29,okx,ETH,ETH-USD-260809-1950-C,2026-08-09,1950,call,0.0019621128205477,0.0023,0.0024,0.32460658228758,0.14972614617218105,9.029685020891266,0.0001822107455460572,-0.001346583427002144,3513,2000,1899.09
2026-08-07 03:17:29,okx,ETH,ETH-USD-260809-1950-P,2026-08-09,1950,put,0.0285359677745267,0.027,0.03,0.32460658228758,-0.8768531131891196,11.082843539613867,0.0001822107455460572,-0.001346583427002144,520,580,1899.09
2026-08-07 03:17:29,okx,ETH,ETH-USD-260810-1890-P,2026-08-10,1890,put,0.0101505376328287,0.01,0.0105,0.3392519096912831,-0.4373202985412797,13.231255592311657,0.00036707960600385536,-0.0019481448863041641,0,0,1899.09
2026-08-07 03:17:29,okx,ETH,ETH-USD-260807-1890-C,2026-08-07,1890,call,0.0058987240797837,0.005,0.0075,0.311327947754458,0.7436186134204311,42.58474428858364,0.00007374690211803916,-0.0011479735844829011,1416,1173,1899.09
2026-08-07 03:17:29,okx,ETH,ETH-USD-260807-1890-P,2026-08-07,1890,put,0.0010842527233715,0.001,0.0011,0.311327947754458,-0.25156167506960375,44.575104865563716,0.00007374690211803916,-0.0011479735844829011,10741,15577,1899.09
2026-08-07 03:17:29,okx,ETH,ETH-USD-260810-1890-C,2026-08-10,1890,call,0.0154660024530645,0.015,0.0155,0.3392519096912831,0.5573694715725145,11.241876052084068,0.00036707960600385536,-0.0019481448863041641,0,0,1899.09
2026-08-07 03:17:29,okx,ETH,ETH-USD-260925-1300-C,2026-09-25,1300,call,0.3220657821589173,0.314,,0.6327931731572582,0.6390927115919994,-0.9159914720108923,0.00030891678087991266,-0.00019867439489430663,97,0,1899.09
2026-08-07 03:17:29,okx,ETH,ETH-USD-260925-1300-P,2026-09-25,1300,put,0.0039571009550031,0.0041,0.0042,0.6327931731572582,-0.04280218395954492,0.4477983190921963,0.00030891678087991266,-0.00019867439489430663,12454,250,1899.09
2026-08-07 03:17:29,okx,ETH,ETH-USD-260828-1350-P,2026-08-28,1350,put,0.0008627122252813,0.001,0.0011,0.6750122656871012,-0.015120143495511175,0.2530951525367737,0.00008735716485867925,-0.00013909203179772437,6635,0,1899.09
2026-08-07 03:17:29,okx,ETH,ETH-USD-260828-1350-C,2026-08-28,1350,call,0.2911941057752399,0.265,,0.6750122656871012,0.6943922090789498,-1.1659295526121483,0.00008735716485867925,-0.00013690053618778118,0,0,1899.09
2026-08-07 03:17:29,okx,ETH,ETH-USD-260925-1900-C,2026-09-25,1900,call,0.0710054638544898,0.07,0.071,0.47454129848800414,0.4714312144973146,1.3340729228794053,0.001456341537716012,-0.0007023860283812093,8675,310,1899.09
2026-08-07 03:17:29,okx,ETH,ETH-USD-260925-1900-P,2026-09-25,1900,put,0.0676158528641537,0.0675,0.068,0.47454129848800414,-0.5251844020780194,3.3273041560300736,0.001456341537716012,-0.0007023860283812093,7100,192,1899.09
2026-08-07 03:17:29,okx,ETH,ETH-USD-260809-1920-C,2026-08-09,1920,call,0.0054374949329433,0.0055,0.006,0.31849922616022447,0.33112062503428097,14.11065838573675,0.0002831061517416056,-0.0020528614808357597,103,103,1899.09
2026-08-07 03:17:29,okx,ETH,ETH-USD-260807-1860-C,2026-08-07,1860,call,0.0206936356845649,0.02,0.0225,0.44515392972954587,0.9577997323959373,3.0725476504852107,0.000011934728967804424,-0.00026563957501375934,800,0,1899.09
2026-08-07 03:17:29,okx,ETH,ETH-USD-260807-1860-P,2026-08-07,1860,put,0.0000825686353973,,0.0002,0.44515392972954587,-0.021584043578382776,5.031315202433851,0.000011934728967804424,-0.00026563957501375934,6110,3649,1899.09
2026-08-07 03:17:29,okx,ETH,ETH-USD-260809-1920-P,2026-08-09,1920,put,0.0162179059645535,0.016,,0.31849922616022447,-0.6796651072599229,16.132229850325157,0.0002831061517416056,-0.0020528614808357597,0,0,1899.09
2026-08-07 03:17:29,okx,ETH,ETH-USD-260828-2050-C,2026-08-28,2050,call,0.0148636101337495,0.0145,0.015,0.4306248106712844,0.23712220258627678,2.6006121513544826,0.0007689332743603201,-0.0007809760411040995,19589,0,1899.09
2026-08-07 03:17:29,okx,ETH,ETH-USD-260809-2100-C,2026-08-09,2100,call,0.0001204556441019,,0.0002,0.5394693819674833,0.008608537596817734,0.5482805943599781,0.00001835577806540844,-0.0002254454927306609,234,234,1899.09
2026-08-07 03:17:29,okx,ETH,ETH-USD-260809-2100-P,2026-08-09,2100,put,0.1056615302099254,0.097,,0.5394693819674833,-1.0969383570999678,2.7593743837535487,0.00001835577806540844,-0.0002254454927306609,0,0,1899.09
2026-08-07 03:17:29,okx,ETH,ETH-USD-260809-2050-C,2026-08-09,2050,call,0.0001625612894764,0.0001,0.0003,0.44197074675992754,0.013502695142433433,0.9924374580256633,0.00002711012913516903,-0.00027278913540373494,204,2,1899.09
2026-08-07 03:17:29,okx,ETH,ETH-USD-260809-2050-P,2026-08-09,2050,put,0.0793812293180186,0.073,,0.44197074675992754,-1.0657216544425236,3.1508861571955777,0.00002711012913516903,-0.00027278913540373494,0,0,1899.09
2026-08-07 03:17:29,okx,ETH,ETH-USD-260828-2050-P,2026-08-28,2050,put,0.0924255767485361,0.0905,0.0935,0.4306248106712844,-0.8402854439156825,4.755427444358401,0.0007689332743603201,-0.0007803905332741345,2326,0,1899.09
2026-08-07 03:17:29,okx,ETH,ETH-USD-260828-1650-C,2026-08-28,1650,call,0.1395730864038341,0.1375,0.1415,0.5084536337774139,0.7496269346151161,0.04175374120139506,0.0004550099406651765,-0.0005446850305385679,5363,0,1899.09
2026-08-07 03:17:29,okx,ETH,ETH-USD-260828-1650-P,2026-08-28,1650,put,0.0069102757816234,0.0065,0.007,0.5084536337774139,-0.11755482964255841,1.7761172697167442,0.0004550099406651765,-0.0005456863818171221,7151,0,1899.09
2026-08-07 03:17:29,okx,ETH,ETH-USD-261225-1100-C,2026-12-25,1100,call,0.4384175484595818,,,0.654114613465008,0.5039234212587803,-0.7230255773479588,0.0007155987620304117,-0.00016693878573790296,0,0,1899.09
2026-08-07 03:17:29,okx,ETH,ETH-USD-261225-1100-P,2026-12-25,1100,put,0.0117962610058531,0.0115,0.012,0.654114613465008,-0.06945828005896103,0.42373782528752385,0.0007155987620304117,-0.00016693878573790296,5977,308,1899.09
2026-08-07 03:17:29,okx,ETH,ETH-USD-261225-1900-C,2026-12-25,1900,call,0.1340878820225628,0.1335,0.1345,0.5275104195570067,0.4424395856662691,0.3128754662083864,0.0024268460156359824,-0.000456569694706919,8301,10,1899.09
2026-08-07 03:17:29,okx,ETH,ETH-USD-261225-1900-P,2026-12-25,1900,put,0.1244692946024861,0.1245,0.125,0.5275104195570067,-0.5479469893371023,2.2936486162151293,0.0024268460156359824,-0.000456569694706919,11194,0,1899.09
2026-08-07 03:17:29,okx,ETH,ETH-USD-260828-1600-C,2026-08-28,1600,call,0.1637758379549884,0.162,0.1655,0.5330806286524941,0.7570841696588848,-0.36807514673893993,0.00035479507285799094,-0.0004449158206043679,2590,0,1899.09
2026-08-07 03:17:29,okx,ETH,ETH-USD-260828-1600-P,2026-08-28,1600,put,0.004834930178153,0.0047,0.0048,0.5330806286524941,-0.08381935931825418,1.313731911215338,0.00035479507285799094,-0.00044611552927148685,18386,20,1899.09
2026-08-07 03:17:29,okx,ETH,ETH-USD-260828-1700-C,2026-08-28,1700,call,0.1163469787614021,0.115,0.1175,0.4866433808720167,0.7291573210412947,0.567780173444987,0.0005725788893086632,-0.0006564140980972351,8131,260,1899.09
2026-08-07 03:17:29,okx,ETH,ETH-USD-260828-1700-P,2026-08-28,1700,put,0.0099622652938161,0.0095,0.01,0.4866433808720167,-0.1643026784969155,2.354700172521407,0.0005725788893086632,-0.0006572170919872242,22412,379,1899.09
2026-08-07 03:17:29,okx,ETH,ETH-USD-260828-1400-C,2026-08-28,1400,call,0.2652853291170169,0.2635,0.2665,0.6465326886220647,0.714188631617926,-1.1127515034785234,0.00011850254414962878,-0.00017872768753278813,802,0,1899.09
2026-08-07 03:17:29,okx,ETH,ETH-USD-260828-1400-P,2026-08-28,1400,put,0.001232032721683,0.0013,0.0014,0.6465326886220647,-0.02160195623707051,0.3588296722314696,0.00011850254414962878,-0.00018072082575416645,45753,70,1899.09
2026-08-07 03:17:29,okx,ETH,ETH-USD-260828-1500-C,2026-08-28,1500,call,0.21392941981317,0.212,0.2155,0.5882682759825916,0.7456316893471296,-0.8799120927481731,0.00020884832879293242,-0.0002881988560707737,2099,0,1899.09
2026-08-07 03:17:29,okx,ETH,ETH-USD-260828-1500-P,2026-08-28,1500,put,0.0024323177270854,0.0025,0.0026,0.5882682759825916,-0.04271536906893812,0.6967820240839626,0.00020884832879293242,-0.0002897952795150223,12697,210,1899.09
2026-08-07 03:17:29,okx,ETH,ETH-USD-260828-2000-C,2026-08-28,2000,call,0.0215284512534208,0.0215,0.022,0.4295361669275101,0.31145989913065913,2.8880005569700167,0.0008757607173271887,-0.0008871928893368849,33884,565,1899.09
2026-08-07 03:17:29,okx,ETH,ETH-USD-260828-2000-P,2026-08-28,2000,put,0.0728123207135828,0.071,0.074,0.4295361669275101,-0.7396695120907646,4.990259379412865,0.0008757607173271887,-0.0008868057388954849,14334,0,1899.09
2026-08-07 03:17:29,okx,ETH,ETH-USD-260828-2100-C,2026-08-28,2100,call,0.010142840691588,0.01,0.0105,0.433912031903794,0.17582731518834163,2.2092582255791573,0.0006452993668452784,-0.0006604272456632786,29864,10,1899.09
2026-08-07 03:17:29,okx,ETH,ETH-USD-260828-2100-P,2026-08-28,2100,put,0.1139829044609993,0.1125,0.1155,0.433912031903794,-0.9278585665941532,4.416629989144148,0.0006452993668452784,-0.0006596433804447489,3319,0,1899.09
2026-08-07 03:17:29,okx,ETH,ETH-USD-260828-1800-C,2026-08-28,1800,call,0.074604637851649,0.0735,0.077,0.45322944219993083,0.637972101087041,1.8439348685518164,0.0008211464522034781,-0.0008773491658955764,17164,0,1899.09
2026-08-07 03:17:29,okx,ETH,ETH-USD-260828-1800-P,2026-08-28,1800,put,0.0207761186933123,0.0205,0.021,0.45322944219993083,-0.3080443690122403,3.735967808750379,0.0008211464522034781,-0.0008777554450084358,14703,1317,1899.09
2026-08-07 03:17:29,okx,ETH,ETH-USD-260828-1900-C,2026-08-28,1900,call,0.0423846947375698,0.042,0.0425,0.43477172608266956,0.4832433456929253,2.8327279666504355,0.0009592236357759933,-0.0009834500390997756,17722,403,1899.09
2026-08-07 03:17:29,okx,ETH,ETH-USD-260828-1900-P,2026-08-28,1900,put,0.0411123698884825,0.041,0.0415,0.43477172608266956,-0.5153295949674271,4.8298738479711405,0.0009592236357759933,-0.0009834596034355055,18166,1825,1899.09
2026-08-07 03:17:29,okx,ETH,ETH-USD-260828-2400-C,2026-08-28,2400,call,0.0012214600770984,0.0015,0.0016,0.4897343282633918,0.026856441669876458,0.49195099790998004,0.00015518527168828752,-0.00017926731065327618,22163,0,1899.09
2026-08-07 03:17:29,okx,ETH,ETH-USD-260828-2400-P,2026-08-28,2400,put,0.2627301067742576,0.261,0.2665,0.4897343282633918,-1.2344988517958317,3.014661584841397,0.00015518527168828752,-0.00017729330110335733,1610,0,1899.09
2026-08-07 03:17:29,okx,ETH,ETH-USD-260828-2500-C,2026-08-28,2500,call,0.000724594253353,0.0009,0.0011,0.5182973546954801,0.016080444054533065,0.30206628250942025,0.00010059710682992623,-0.00012298653328281762,12150,0,1899.09
2026-08-07 03:17:29,okx,ETH,ETH-USD-260828-2500-P,2026-08-28,2500,put,0.3147894352597615,0.3005,,0.5182973546954801,-1.2978313199722467,2.9298898105629796,0.00010059710682992623,-0.00012061580895576905,5,0,1899.09
2026-08-07 03:17:29,okx,ETH,ETH-USD-260828-2200-C,2026-08-28,2200,call,0.0047125286908039,0.005,0.0055,0.44633037444018947,0.09250846524390892,1.413269439302373,0.0004142626555962959,-0.00043612320929715595,16030,190,1899.09
2026-08-07 03:17:29,okx,ETH,ETH-USD-260828-2200-P,2026-08-28,2200,put,0.1611087867694645,0.159,0.1645,0.44633037444018947,-1.063733887099657,3.7257541439895054,0.0004142626555962959,-0.00043494262930149656,3755,0,1899.09
2026-08-07 03:17:29,okx,ETH,ETH-USD-260828-2300-C,2026-08-28,2300,call,0.0022945046508485,0.0027,0.0028,0.4653663299662608,0.04858853058448306,0.835377077054208,0.0002520192748586549,-0.00027663932618402973,18386,36,1899.09
2026-08-07 03:17:29,okx,ETH,ETH-USD-260828-2300-P,2026-08-28,2300,put,0.2112469570387586,0.21,0.215,0.4653663299662608,-1.160210292320154,3.2529747228634824,0.0002520192748586549,-0.00027506203141124054,1471,0,1899.09
2026-08-07 03:17:29,okx,ETH,ETH-USD-260828-2800-C,2026-08-28,2800,call,0.0002758230303225,0.0002,0.0004,0.6199626741975095,0.0057203375481516905,0.10230100381507838,0.00004094962445544759,-0.00005988426964410529,4575,0,1899.09
2026-08-07 03:17:29,okx,ETH,ETH-USD-260828-2800-P,2026-08-28,2800,put,0.4720092469644789,0.469,0.476,0.6199626741975095,-1.4658608381618414,3.0454633552350643,0.00004094962445544759,-0.00005632340098566758,1005,0,1899.09
2026-08-07 03:17:29,okx,ETH,ETH-USD-260828-2900-C,2026-08-28,2900,call,0.000232455214415,0.0001,0.0003,0.6567728454988836,0.004641327649478764,0.08001950906427281,0.00003405978632161175,-0.00005276610724418585,3079,0,1899.09
2026-08-07 03:17:29,okx,ETH,ETH-USD-260828-2900-P,2026-08-28,2900,put,0.5245220734578209,0.483,,0.6567728454988836,-1.5194963186215857,3.128294801606402,0.00003405978632161175,-0.000048808523808618426,0,0,1899.09
2026-08-07 03:17:29,okx,ETH,ETH-USD-260828-2600-C,2026-08-28,2600,call,0.0004790659836037,0.0006,0.0008,0.5500664884274645,0.010518476566999559,0.19739223507826212,0.00006977351545160432,-0.00009053173336979799,4188,0,1899.09
2026-08-07 03:17:29,okx,ETH,ETH-USD-260828-2600-P,2026-08-28,2600,put,0.3671001012992617,0.352,,0.5500664884274645,-1.3559497580208513,2.930328704253964,0.00006977351545160432,-0.0000877642942656197,5,0,1899.09
2026-08-07 03:17:29,okx,ETH,ETH-USD-260828-2700-C,2026-08-28,2700,call,0.0003490610756262,0.0003,0.0005,0.5841940181038007,0.007480884645496571,0.13782194723201066,0.0000518321139520289,-0.00007142535325511146,6758,0,1899.09
2026-08-07 03:17:29,okx,ETH,ETH-USD-260828-2700-P,2026-08-28,2700,put,0.4195262907005334,0.417,0.4235,0.5841940181038007,-1.4115438205034254,2.9758713575298543,0.0000518321139520289,-0.00006826119937380347,4000,0,1899.09
2026-08-07 03:17:29,okx,ETH,ETH-USD-260828-3200-C,2026-08-28,3200,call,0.0001783212422333,,0.0003,0.7689397814870143,0.003147258350092209,0.0478773793720524,0.000024189735096144296,-0.00004387554345305552,2460,0,1899.09
2026-08-07 03:17:29,okx,ETH,ETH-USD-260828-3200-P,2026-08-28,3200,put,0.6821365224133872,0.6795,0.6865,0.7689397814870143,-1.6786597996041859,3.411491495280609,0.000024189735096144296,-0.00003872781568609895,1000,0,1899.09
2026-08-07 03:17:29,okx,ETH,ETH-USD-260828-3400-C,2026-08-28,3400,call,0.0001668505127398,,0.0002,0.8420293422555696,0.0027215732429588953,0.038131107392579716,0.0000213069816048598,-0.00004232028872000669,2935,0,1899.09
2026-08-07 03:17:29,okx,ETH,ETH-USD-260828-3400-P,2026-08-28,3400,put,0.7872374403023924,,,0.8420293422555696,-1.7841984258334616,3.6119711055454204,0.0000213069816048598,-0.00003637913139879069,0,0,1899.09
2026-08-07 03:17:29,okx,ETH,ETH-USD-260828-3000-C,2026-08-28,3000,call,0.0002058163431292,,0.0003,0.694129092912477,0.00394592399453368,0.06533218138143221,0.000029516075780781112,-0.00004832782976807032,5469,0,1899.09
2026-08-07 03:17:29,okx,ETH,ETH-USD-260925-1600-C,2026-09-25,1600,call,0.1779705572087292,0.1765,0.1795,0.5231317795562419,0.6654180309771243,-0.08161442747380822,0.0008808239663068575,-0.0004683158317968126,8659,0,1899.09
2026-08-07 03:17:29,okx,ETH,ETH-USD-260828-3000-P,2026-08-28,3000,put,0.5770516288957845,0.5315,,0.694129092912477,-1.5727481928376017,3.218720415045703,0.000029516075780781112,-0.000043973531555373184,0,0,1899.09
2026-08-07 03:17:29,okx,ETH,ETH-USD-260925-1400-P,2026-09-25,1400,put,0.0063738826107127,0.0065,0.007,0.5892885729720884,-0.06871809360180048,0.7047908245455498,0.0004506310896017099,-0.0002698906155660325,55026,310,1899.09
2026-08-07 03:17:29,okx,ETH,ETH-USD-260828-3100-C,2026-08-28,3100,call,0.0001890447445285,,0.0003,0.7316268386801598,0.0034770034914156102,0.05518942095829561,0.000026402775346994188,-0.000045565694937526824,2918,0,1899.09
2026-08-07 03:17:29,okx,ETH,ETH-USD-260925-1400-C,2026-09-25,1400,call,0.2720293854456971,0.2705,0.274,0.5892885729720884,0.6656302554537088,-0.763905873565469,0.0004506310896017099,-0.0002698906155660325,141,0,1899.09
2026-08-07 03:17:29,okx,ETH,ETH-USD-260828-3100-P,2026-08-28,3100,put,0.6295910516064328,0.5795,,0.7316268386801598,-1.6257735839017915,3.3136905957447094,0.000026402775346994188,-0.00004081468194769997,0,0,1899.09
2026-08-07 03:17:29,okx,ETH,ETH-USD-260828-4000-C,2026-08-28,4000,call,0.0001548031868108,,0.1,1.0394138345404755,0.0020880402642621232,0.02390830670706331,0.000016951892568409314,-0.000041562997813224305,215,0,1899.09
2026-08-07 03:17:29,okx,ETH,ETH-USD-260925-2000-C,2026-09-25,2000,call,0.0485642307535281,0.048,0.0485,0.46977543165657354,0.37549827597478735,1.5201014704815,0.0014380192564284891,-0.0006865838999440477,27529,155,1899.09
2026-08-07 03:17:29,okx,ETH,ETH-USD-260828-4000-P,2026-08-28,4000,put,1.1025625588319592,,,1.0394138345404755,-2.1001707821785853,4.228425951592757,0.000016951892568409314,-0.00003324155182923,23,0,1899.09
2026-08-07 03:17:29,okx,ETH,ETH-USD-260925-1800-P,2026-09-25,1800,put,0.0445289083389331,0.0445,0.045,0.4845569675562652,-0.38472552072222066,2.829600386778578,0.0013454949425007255,-0.0006626215036597276,20171,835,1899.09
2026-08-07 03:17:29,okx,ETH,ETH-USD-260925-1800-C,2026-09-25,1800,call,0.1003716976981989,0.099,0.101,0.4845569675562652,0.5594366423491485,0.9412760606358395,0.0013454949425007255,-0.0006626215036597276,8821,0,1899.09
2026-08-07 03:17:29,okx,ETH,ETH-USD-260925-1600-P,2026-09-25,1600,put,0.0172214111116039,0.017,0.0175,0.5231317795562419,-0.17383722508631486,1.5968960846530702,0.0008808239663068575,-0.0004683158317968126,21191,650,1899.09
2026-08-07 03:17:29,okx,ETH,ETH-USD-260828-3600-C,2026-08-28,3600,call,0.0001615933876707,,0.0002,0.9119439653850602,0.002453774035611623,0.03187680190693228,0.000019480315467502798,-0.00004190481115822012,922,0,1899.09
2026-08-07 03:17:29,okx,ETH,ETH-USD-260925-2400-C,2026-09-25,2400,call,0.0094035069884601,0.009,0.0095,0.487749844502646,0.10641510242725791,0.876608117394607,0.0007162065853347732,-0.0003550373658998022,44910,685,1899.09
2026-08-07 03:17:29,okx,ETH,ETH-USD-260828-3600-P,2026-08-28,3600,put,0.8923445717958217,,,0.9119439653850602,-1.889579166162951,3.8159426823040574,0.000019480315467502798,-0.00003517022428274468,0,0,1899.09
2026-08-07 03:17:29,okx,ETH,ETH-USD-260925-2200-P,2026-09-25,2200,put,0.175341882206001,0.172,0.177,0.472602059156222,-0.9452886707572559,3.640896609983129,0.0011149397662737332,-0.0005355322488011636,3171,0,1899.09
2026-08-07 03:17:29,okx,ETH,ETH-USD-260828-3800-C,2026-08-28,3800,call,0.0001582515865552,,0.0002,0.9778669601950243,0.0022556141255722028,0.027394592546143504,0.000018118174580380888,-0.00004179209948546767,5702,0,1899.09
2026-08-07 03:17:29,okx,ETH,ETH-USD-260925-2200-C,2026-09-25,2200,call,0.021371958089548,0.021,0.0215,0.472602059156222,0.20868730632997304,1.332944655808671,0.0011149397662737332,-0.0005355322488011636,13838,310,1899.09
2026-08-07 03:17:29,okx,ETH,ETH-USD-260828-3800-P,2026-08-28,3800,put,0.9974536186132047,,,0.9778669601950243,-1.994890267195133,4.021686355187554,0.000018118174580380888,-0.000034264083055732806,0,0,1899.09
2026-08-07 03:17:29,okx,ETH,ETH-USD-260925-2000-P,2026-09-25,2000,put,0.0976277981321216,0.0975,0.099,0.46977543165657354,-0.6735707941045117,3.618239610640098,0.0014380192564284891,-0.0006865838999440477,15886,0,1899.09
2026-08-07 03:17:29,okx,ETH,ETH-USD-260925-2800-C,2026-09-25,2800,call,0.0023733675002746,0.0025,0.0026,0.5393657971837661,0.03035596472058836,0.30855763643550915,0.00026845125659512905,-0.0001471592133122723,12378,0,1899.09
2026-08-07 03:17:29,okx,ETH,ETH-USD-260925-2600-P,2026-09-25,2600,put,0.368251044393047,0.365,0.3725,0.5110728993890927,-1.3088542959430287,3.247642114865169,0.00043392642190566823,-0.00022539151397815246,2836,0,1899.09
2026-08-07 03:17:29,okx,ETH,ETH-USD-260925-2600-C,2026-09-25,2600,call,0.0044684068008754,0.0046,0.0047,0.5110728993890927,0.054935495160060015,0.520062532658991,0.00043392642190566823,-0.00022539151397815246,21711,30,1899.09
2026-08-07 03:17:29,okx,ETH,ETH-USD-260925-2400-P,2026-09-25,2400,put,0.2682797878427726,0.2665,0.2705,0.487749844502646,-1.152467781667901,3.394373885584925,0.0007162065853347732,-0.0003550373658998022,4315,0,1899.09
2026-08-07 03:17:29,okx,ETH,ETH-USD-260925-3200-C,2026-09-25,3200,call,0.0009196202597334,0.0009,0.0011,0.602121714066923,0.011876621285468871,0.1256247487998572,0.00012122981067255105,-0.00007418777214400123,12003,0,1899.09
2026-08-07 03:17:29,okx,ETH,ETH-USD-260925-3000-P,2026-09-25,3000,put,0.5750044727155079,0.571,0.5805,0.5702704212306742,-1.555350796823785,3.3386431583070335,0.00017520354673502056,-0.00010154589062633175,898,0,1899.09
2026-08-07 03:17:29,okx,ETH,ETH-USD-260925-3000-C,2026-09-25,3000,call,0.0014091216476177,0.0015,0.0016,0.5702704212306742,0.018252808295163625,0.19143594806913666,0.00017520354673502056,-0.00010154589062633175,14126,0,1899.09
2026-08-07 03:17:29,okx,ETH,ETH-USD-260925-2800-P,2026-09-25,2800,put,0.4710623618303056,0.4685,0.476,0.5393657971837661,-1.4383407333904303,3.2459510326575467,0.00026845125659512905,-0.0001471592133122723,2930,0,1899.09
2026-08-07 03:17:29,okx,ETH,ETH-USD-260925-3600-C,2026-09-25,3600,call,0.0004791083809326,0.0004,0.0007,0.6645368478154542,0.006023815975630655,0.06279322750008853,0.00006703418838697136,-0.00004527453889512149,9760,0,1899.09
2026-08-07 03:17:29,okx,ETH,ETH-USD-260925-3400-P,2026-09-25,3400,put,0.784054035232758,0.781,0.791,0.6337889127200858,-1.7751696505968317,3.6537197037481004,0.00008831233723464068,-0.00005688589947830615,130,0,1899.09
2026-08-07 03:17:29,okx,ETH,ETH-USD-260925-3400-C,2026-09-25,3400,call,0.0006459706891487,0.0006,0.0009,0.6337889127200858,0.008247768537976721,0.08688486547848338,0.00008831233723464068,-0.00005688589947830615,28830,0,1899.09
2026-08-07 03:17:29,okx,ETH,ETH-USD-260925-3200-P,2026-09-25,3200,put,0.6794213280654834,0.675,0.685,0.602121714066923,-1.6666338908414096,3.482645773053614,0.00012122981067255105,-0.00007418777214400123,283,0,1899.09
2026-08-07 03:17:29,okx,ETH,ETH-USD-260925-4000-C,2026-09-25,4000,call,0.0002928618196964,0.0002,0.0004,0.7216700196324521,0.0035621763008212336,0.03613610402736473,0.000042079278558241586,-0.000030863527550964325,18014,0,1899.09
2026-08-07 03:17:29,okx,ETH,ETH-USD-260925-3800-P,2026-09-25,3800,put,0.9935902586274433,0.9195,,0.6939145242670655,-1.9886626510796719,4.03345754500569,0.0000524997089196412,-0.00003702554727159116,16,0,1899.09
2026-08-07 03:17:29,okx,ETH,ETH-USD-260925-3800-C,2026-09-25,3800,call,0.0003694806081156,0.0003,0.0005,0.6939145242670655,0.0045685820709962825,0.04699507870435407,0.0000524997089196412,-0.00003702554727159116,9326,0,1899.09
2026-08-07 03:17:29,okx,ETH,ETH-USD-260925-3600-P,2026-09-25,3600,put,0.8887935296624012,0.883,0.895,0.6645368478154542,-1.8823005101671075,3.839441879785565,0.00006703418838697136,-0.00004527453889512149,1230,0,1899.09
2026-08-07 03:17:29,okx,ETH,ETH-USD-260925-4400-C,2026-09-25,4400,call,0.0001936444376147,0.0001,0.0005,0.7719424275606841,0.0022877817684424395,0.022625031104042643,0.000028301003300539653,-0.000022203700292427465,16445,0,1899.09
2026-08-07 03:17:29,okx,ETH,ETH-USD-260925-4200-P,2026-09-25,4200,put,1.2032700830731227,1.113,,0.7476876132641234,-2.2002110687284557,4.43445814403541,0.00003430025170950561,-0.000026064902588951167,0,0,1899.09
2026-08-07 03:17:29,okx,ETH,ETH-USD-260925-4200-C,2026-09-25,4200,call,0.0002365915780765,0.0002,0.0005,0.7476876132641234,0.0028339784380721354,0.02836804970235447,0.00003430025170950561,-0.000026064902588951167,10236,2400,1899.09
2026-08-07 03:17:29,okx,ETH,ETH-USD-260925-4000-P,2026-09-25,4000,put,1.0984199965768835,1.016,,0.7216700196324521,-2.094575963857777,4.232412384344561,0.000042079278558241586,-0.000030863527550964325,10,0,1899.09
2026-08-07 03:17:29,okx,ETH,ETH-USD-260925-5000-C,2026-09-25,5000,call,0.0001107599000516,,0.0003,0.8346346229298458,0.0012684889315421337,0.012213411022748961,0.00001659351488189029,-0.000014075810095046176,26371,0,1899.09
2026-08-07 03:17:29,okx,ETH,ETH-USD-260925-2100-C,2026-09-25,2100,call,0.0324149250688531,0.032,0.0325,0.46935299097016386,0.2849829113792123,1.4982653671539057,0.0013083899370673411,-0.0006241304886294733,18737,260,1899.09
2026-08-07 03:17:29,okx,ETH,ETH-USD-260925-4500-P,2026-09-25,4500,put,1.3605688350136138,,,0.7834177383805581,-2.3583413010589656,4.741112128030527,0.000025795678885663044,-0.000020538984919457555,0,0,1899.09
2026-08-07 03:17:29,okx,ETH,ETH-USD-260925-2100-P,2026-09-25,2100,put,0.1339316708163765,0.1305,0.1355,0.46935299097016386,-0.8165396122040518,3.7013104143204334,0.0013083899370673411,-0.0006241304886294733,1385,0,1899.09
2026-08-07 03:17:29,okx,ETH,ETH-USD-260925-4500-C,2026-09-25,4500,call,0.0001758084117785,0.0001,0.0004,0.7834177383805581,0.0020641066194571067,0.020301312673681883,0.000025795678885663044,-0.000020538984919457555,8849,0,1899.09
2026-08-07 03:17:29,okx,ETH,ETH-USD-260925-4400-P,2026-09-25,4400,put,1.3081334926705204,1.2095,,0.7719424275606841,-2.305664172406015,4.638528939452958,0.000028301003300539653,-0.000022203700292427465,0,0,1899.09
2026-08-07 03:17:29,okx,ETH,ETH-USD-260925-6000-C,2026-09-25,6000,call,0.0000456789260088,,0.01,0.9112087724194624,0.0005114608281967138,0.0048489295921270974,0.000007211597168086374,-0.000006678638933750396,14114,0,1899.09
2026-08-07 03:17:29,okx,ETH,ETH-USD-260925-5500-P,2026-09-25,5500,put,1.8849957720728097,,,0.8766974912587131,-2.8841394584478866,5.777497999838903,0.00001089371498115273,-0.000009706538588065885,0,0,1899.09
2026-08-07 03:17:29,okx,ETH,ETH-USD-260925-5500-C,2026-09-25,5500,call,0.0000709617816772,,0.018,0.8766974912587131,0.0008004842701854115,0.007618114402758005,0.00001089371498115273,-0.000009706538588065885,6678,0,1899.09
2026-08-07 03:17:29,okx,ETH,ETH-USD-260925-5000-P,2026-09-25,5000,put,1.6227696783465355,,,0.8346346229298458,-2.6214041862667052,5.2575587614192445,0.00001659351488189029,-0.000014075810095046176,0,0,1899.09
2026-08-07 03:17:29,okx,ETH,ETH-USD-260925-7000-C,2026-09-25,7000,call,0.0000189472919576,,,0.9631519221005259,0.00021234314628800442,0.0020300409920018876,0.0000031866661550307554,-0.0000031193921631295514,3332,0,1899.09
2026-08-07 03:17:29,okx,ETH,ETH-USD-260925-6500-P,2026-09-25,6500,put,2.4094860164730028,0.0001,,0.9396233109196188,-3.409145584517038,6.822073452126133,0.000004790119369726538,-0.000004574448388113025,0,0,1899.09
2026-08-07 03:17:29,okx,ETH,ETH-USD-260925-6500-C,2026-09-25,6500,call,0.0000294224925735,,0.0002,0.9396233109196188,0.00032889324068420913,0.0031244966106877244,0.000004790119369726538,-0.000004574448388113025,3637,0,1899.09
2026-08-07 03:17:29,okx,ETH,ETH-USD-260925-6000-P,2026-09-25,6000,put,2.1472363810617896,0.0001,,0.9112087724194624,-3.1466957494097003,6.299263350067922,0.000007211597168086374,-0.000006678638933750396,0,0,1899.09
2026-08-07 03:17:29,okx,ETH,ETH-USD-260925-9000-C,2026-09-25,9000,call,0.0000032914903716,,,1.025007786640208,0.000038126131987951114,0.0003821208202280431,0.0000006332639925464345,-0.0000006597062104597224,2072,0,1899.09
2026-08-07 03:17:29,okx,ETH,ETH-USD-260925-8000-P,2026-09-25,8000,put,3.196262137640956,0.0001,,0.9992326567567523,-4.196186912935763,8.39342482433032,0.0000014154913527592806,-0.0000014375152246753933,0,0,1899.09
2026-08-07 03:17:29,okx,ETH,ETH-USD-260925-8000-C,2026-09-25,8000,call,0.0000078681265809,,,0.9992326567567523,0.00008936738143279271,0.0008722636959290075,0.0000014154913527592806,-0.0000014375152246753933,1350,0,1899.09
2026-08-07 03:17:29,okx,ETH,ETH-USD-260925-7000-P,2026-09-25,7000,put,2.6717414331170355,0.0001,,0.9631519221005259,-3.6715294021312586,7.345513531547095,0.0000031866661550307554,-0.0000031193921631295514,1,0,1899.09
2026-08-07 03:17:29,okx,ETH,ETH-USD-260925-11000-C,2026-09-25,11000,call,0.000000601450391,,,1.058147367340477,0.000007294020335986475,0.00007745997260726334,0.00000013128016001112175,-0.00000014118347475552192,566,0,1899.09
2026-08-07 03:17:29,okx,ETH,ETH-USD-260925-10000-P,2026-09-25,10000,put,4.245319232016918,0.0001,,1.0439235301001435,-5.245328823329017,10.49086117413771,0.0000002863718094890012,-0.00000030383483424676325,0,0,1899.09
2026-08-07 03:17:29,okx,ETH,ETH-USD-260925-10000-C,2026-09-25,10000,call,0.0000013951239505,,,1.0439235301001435,0.00001652706747796699,0.00017047334471979013,0.0000002863718094890012,-0.00000030383483424676325,545,0,1899.09
2026-08-07 03:17:29,okx,ETH,ETH-USD-260925-9000-P,2026-09-25,9000,put,3.7207893446940425,0.0001,,1.025007786640208,-4.720772689224858,9.44200375153392,0.0000006332639925464345,-0.0000006597062104597224,0,0,1899.09
2026-08-07 03:17:29,okx,ETH,ETH-USD-260925-11000-P,2026-09-25,11000,put,4.769850222032656,0.0001,,1.058147367340477,-5.769872591415808,11.539837230844896,0.00000013128016001112175,-0.00000014118347475552192,0,0,1899.09
2026-08-07 03:17:29,okx,ETH,ETH-USD-260828-1950-C,2026-08-28,1950,call,0.0305890930494298,0.03,0.031,0.43084220415017765,0.39554359200318956,2.98483202938889,0.000944725588785885,-0.0009599129746860906,12335,3944,1899.09
2026-08-07 03:17:29,okx,ETH,ETH-USD-260828-1950-P,2026-08-28,1950,put,0.0555948653549671,0.055,0.056,0.43084220415017765,-0.6293075839376987,5.034534381270666,0.000944725588785885,-0.0009597241816332554,7413,0,1899.09
2026-08-07 03:17:29,okx,ETH,ETH-USD-260828-1750-C,2026-08-28,1750,call,0.0945227364790168,0.0935,0.0955,0.4681273026568502,0.6925263064370974,1.1893912225427423,0.0006998615572166636,-0.0007721245941081901,9240,270,1899.09
2026-08-07 03:17:29,okx,ETH,ETH-USD-260828-1750-P,2026-08-28,1750,put,0.0144161201660553,0.014,0.0145,0.4681273026568502,-0.22721192838164825,3.028867692180234,0.0006998615572166636,-0.0007727292306096143,11200,0,1899.09
2026-08-07 03:17:29,okx,ETH,ETH-USD-260808-1890-C,2026-08-08,1890,call,0.011594610361054,0.011,0.012,0.38553169982467755,0.585032899099872,16.372949099558614,0.00022165023666373147,-0.003571918606104182,5937,894,1899.09
2026-08-07 03:17:29,okx,ETH,ETH-USD-260808-1890-P,2026-08-08,1890,put,0.0064473209740384,0.006,0.0065,0.38553169982467755,-0.40982504821748045,18.36266499419332,0.00022165023666373147,-0.003571918606104182,959,514,1899.09
2026-08-07 03:17:29,okx,ETH,ETH-USD-270625-800-P,2027-06-25,800,put,0.015568352494878,0.016,0.0175,0.6921806774097882,-0.06023129328493993,0.2653355709069664,0.000885185724641726,-0.00009508313340841291,1403,0,1899.09
2026-08-07 03:17:29,okx,ETH,ETH-USD-270625-800-C,2027-06-25,800,call,0.6063127750477106,,,0.6921806774097882,0.3490221905463418,-0.553171396755597,0.000885185724641726,-0.00009508313340841291,0,0,1899.09
2026-08-07 03:17:29,okx,ETH,ETH-USD-270625-900-P,2027-06-25,900,put,0.0215789728428785,0.021,0.023,0.6690754582423547,-0.08236788336461043,0.3561825300847075,0.001130708487157063,-0.0001174019645908546,550,30,1899.09
2026-08-07 03:17:29,okx,ETH,ETH-USD-270625-900-C,2027-06-25,900,call,0.5611664482148153,,,0.6690754582423547,0.3780422859455815,-0.5646378085356762,0.001130708487157063,-0.0001174019645908546,0,0,1899.09
2026-08-07 03:17:29,okx,ETH,ETH-USD-270625-600-P,2027-06-25,600,put,0.0075449058145766,0.007,0.0095,0.7566536414339851,-0.029399785769596943,0.13221758437186304,0.0004903738191561833,-0.00005758031202887073,35,0,1899.09
2026-08-07 03:17:29,okx,ETH,ETH-USD-270625-600-C,2027-06-25,600,call,0.7006032227292012,,,0.7566536414339851,0.27754032710386434,-0.4816626413750595,0.0004903738191561833,-0.00005758031202887073,0,0,1899.09
2026-08-07 03:17:29,okx,ETH,ETH-USD-270625-700-P,2027-06-25,700,put,0.0109700533022849,0.0105,0.013,0.7207447865897144,-0.042758982343380804,0.19093329632057035,0.0006706760724397724,-0.00007501427810753017,231,0,1899.09
2026-08-07 03:17:29,okx,ETH,ETH-USD-270625-700-C,2027-06-25,700,call,0.6528714230360135,,,0.7207447865897144,0.31533781600899075,-0.5252603003841727,0.0006706760724397724,-0.00007501427810753017,0,0,1899.09
2026-08-07 03:17:29,okx,ETH,ETH-USD-270625-1200-P,2027-06-25,1200,put,0.0503253340159972,0.048,0.0505,0.6214925639577867,-0.18006491725403925,0.7219162166470217,0.0019847950850956637,-0.00019142613234964594,795,0,1899.09
2026-08-07 03:17:29,okx,ETH,ETH-USD-270625-1200-C,2027-06-25,1200,call,0.4364419678452463,0.4305,0.462,0.6214925639577867,0.4338153084928833,-0.5058442348468235,0.0019847950850956637,-0.00019142613234964594,440,0,1899.09
2026-08-07 03:17:29,okx,ETH,ETH-USD-270625-1300-P,2027-06-25,1300,put,0.0640940789236314,0.0615,0.064,0.6106088945762326,-0.22326213012386,0.8691989140952133,0.0022782262695641756,-0.00021587860038306664,4086,0,1899.09
2026-08-07 03:17:29,okx,ETH,ETH-USD-270625-1300-C,2027-06-25,1300,call,0.3990537655719845,0.393,,0.6106088945762326,0.44177478110197277,-0.4608749083564523,0.0022782262695641756,-0.00021587860038306664,20,0,1899.09
2026-08-07 03:17:29,okx,ETH,ETH-USD-270625-1000-P,2027-06-25,1000,put,0.0292360117375967,0.028,0.0305,0.6501521252710732,-0.10958552300778998,0.46335464267188753,0.0014013899421127616,-0.0001413915954118286,754,0,1899.09
2026-08-07 03:17:29,okx,ETH,ETH-USD-270625-1000-C,2027-06-25,1000,call,0.5176665399286376,0.5115,0.5235,0.6501521252710732,0.4019813317813122,-0.5597790669063168,0.0014013899421127616,-0.0001413915954118286,6,0,1899.09
2026-08-07 03:17:29,okx,ETH,ETH-USD-270625-1100-P,2027-06-25,1100,put,0.0387557507791267,0.037,0.0395,0.634509938526518,-0.14213117372805334,0.5858543668750004,0.0016892183774736486,-0.0001663312451876813,11998,0,1899.09
2026-08-07 03:17:29,okx,ETH,ETH-USD-270625-1100-C,2027-06-25,1100,call,0.4760293317892717,,,0.634509938526518,0.4205923665399591,-0.5395927136610243,0.0016892183774736486,-0.0001663312451876813,0,0,1899.09
2026-08-07 03:17:29,okx,ETH,ETH-USD-260821-1650-C,2026-08-21,1650,call,0.1355415041252515,0.128,0.202,0.524862014417522,0.7858087698925343,-0.1602070108245236,0.00028812248093105564,-0.0005282739611823171,0,0,1899.09
2026-08-07 03:17:29,okx,ETH,ETH-USD-270625-1600-P,2027-06-25,1600,put,0.1194318481283773,0.115,0.1195,0.5873956797298675,-0.3808957894960168,1.351240419877951,0.003056359170436512,-0.0002786023334244164,10720,0,1899.09
2026-08-07 03:17:29,okx,ETH,ETH-USD-260821-1600-P,2026-08-21,1600,put,0.0026104167413948,0.0023,0.0024,0.5608214339086136,-0.05613994252254004,1.0966350440551331,0.00021471138586904792,-0.0004240258890961363,2076,407,1899.09
2026-08-07 03:17:29,okx,ETH,ETH-USD-270625-1600-C,2027-06-25,1600,call,0.3009206932340427,0.295,0.3045,0.5873956797298675,0.4376111781665466,-0.2857735154471757,0.003056359170436512,-0.0002786023334244164,20,0,1899.09
2026-08-07 03:17:29,okx,ETH,ETH-USD-260821-1700-C,2026-08-21,1700,call,0.111189712685017,0.1035,0.1765,0.493308077559123,0.7722579330734117,0.46380858381451323,0.00038532816311916276,-0.0006659266318363514,0,0,1899.09
2026-08-07 03:17:29,okx,ETH,ETH-USD-270625-1700-P,2027-06-25,1700,put,0.1426152697540666,0.1385,0.142,0.5820156203855065,-0.44108743383260074,1.5165444942809068,0.003259151469961078,-0.0002943667802765725,4739,740,1899.09
2026-08-07 03:17:29,okx,ETH,ETH-USD-260821-1650-P,2026-08-21,1650,put,0.0038102274544992,0.0035,0.0036,0.524862014417522,-0.08199989084574051,1.5754103106520263,0.00028812248093105564,-0.0005325017793958723,1611,399,1899.09
2026-08-07 03:17:29,okx,ETH,ETH-USD-270625-1700-C,2027-06-25,1700,call,0.2729471676788361,0.2675,0.282,0.5820156203855065,0.42857621930887296,-0.22278281200204045,0.003259151469961078,-0.0002943667802765725,1270,0,1899.09
2026-08-07 03:17:29,okx,ETH,ETH-USD-260821-1550-C,2026-08-21,1550,call,0.18618111344948,0.168,,0.6006006526926394,0.7758573121910155,-0.8614774510986656,0.00016123628924205399,-0.0003350975225239915,0,0,1899.09
2026-08-07 03:17:29,okx,ETH,ETH-USD-270625-1400-P,2027-06-25,1400,put,0.0801680971350859,0.077,0.08,0.6014832465074392,-0.2714324604820314,1.025020124641424,0.0025599879247249244,-0.00023895221692734941,1600,0,1899.09
2026-08-07 03:17:29,okx,ETH,ETH-USD-270625-1400-C,2027-06-25,1400,call,0.3639708366025432,0.358,,0.6014832465074392,0.44476113622271163,-0.4073670687680621,0.0025599879247249244,-0.00023895221692734941,40,0,1899.09
2026-08-07 03:17:29,okx,ETH,ETH-USD-260821-1600-C,2026-08-21,1600,call,0.1606390639479072,0.152,0.2265,0.5608214339086136,0.7853714860721508,-0.5863878131342483,0.00021471138586904792,-0.0004189541098572401,0,0,1899.09
2026-08-07 03:17:29,okx,ETH,ETH-USD-270625-1500-P,2027-06-25,1500,put,0.0986083547486285,0.095,0.0985,0.593822809616022,-0.3241509519735596,1.186594083700313,0.002821645626358962,-0.00026002131898965065,944,0,1899.09
2026-08-07 03:17:29,okx,ETH,ETH-USD-260821-1550-P,2026-08-21,1550,put,0.0018550957072077,0.0016,0.0017,0.6006006526926394,-0.03935688426009122,0.7689509418035481,0.00016123628924205399,-0.0003410132627882287,2135,320,1899.09
2026-08-07 03:17:29,okx,ETH,ETH-USD-270625-1500-C,2027-06-25,1500,call,0.3312541470351899,0.325,,0.593822809616022,0.44319933021009367,-0.3481064806669936,0.002821645626358962,-0.00026002131898965065,60,0,1899.09
2026-08-07 03:17:29,okx,ETH,ETH-USD-260821-1850-C,2026-08-21,1850,call,0.048170758846703,0.0475,0.049,0.4283498564818522,0.5924405092304191,3.2378833118370767,0.0007368364032341818,-0.0011101042345614265,2987,0,1899.09
2026-08-07 03:17:29,okx,ETH,ETH-USD-270625-2000-P,2027-06-25,2000,put,0.2256067729489426,0.2155,0.2365,0.5707731319292537,-0.636405032854806,1.9980678177429991,0.0036541252072214594,-0.0003236656102711051,0,0,1899.09
2026-08-07 03:17:29,okx,ETH,ETH-USD-260821-1800-P,2026-08-21,1800,put,0.013949394065578,0.0135,0.014,0.4449014334710969,-0.26751996072767664,4.183232467358579,0.0006312773489589393,-0.0009887486924785999,1420,59,1899.09
2026-08-07 03:17:29,okx,ETH,ETH-USD-270625-2000-C,2027-06-25,2000,call,0.2024678293310242,0.199,0.2035,0.5707731319292537,0.3867286767233983,-0.04819960141340945,0.0036541252072214594,-0.0003236656102711051,3471,0,1899.09
2026-08-07 03:17:29,okx,ETH,ETH-USD-260821-1900-C,2026-08-21,1900,call,0.0328888158459712,0.0325,0.033,0.41682506763869154,0.4844768783054839,3.8771861586522585,0.0007856487573044743,-0.0011523465248288126,5800,0,1899.09
2026-08-07 03:17:29,okx,ETH,ETH-USD-270625-2100-P,2027-06-25,2100,put,0.2573951553887979,0.2465,0.2685,0.568309870383489,-0.7045809914575841,2.1497616617685367,0.0037153201388650478,-0.00032766575348539207,0,0,1899.09
2026-08-07 03:17:29,okx,ETH,ETH-USD-260821-1850-P,2026-08-21,1850,put,0.0216289643189907,0.021,0.0215,0.4283498564818522,-0.380557080082192,5.183878490462298,0.0007368364032341818,-0.0011109562086736176,1354,1,1899.09
2026-08-07 03:17:29,okx,ETH,ETH-USD-270625-2100-C,2027-06-25,2100,call,0.1830992645899837,0.1805,0.1845,0.568309870383489,0.3697094035995303,0.0011808716543075955,0.0037153201388650478,-0.00032766575348539207,663,0,1899.09
2026-08-07 03:17:29,okx,ETH,ETH-USD-260821-1750-C,2026-08-21,1750,call,0.088053055885999,0.005,0.1525,0.46657536548465817,0.7385887094295925,1.302359335396402,0.0005043974426220899,-0.0008260568442415125,0,0,1899.09
2026-08-07 03:17:29,okx,ETH,ETH-USD-270625-1800-P,2027-06-25,1800,put,0.1681004003421755,0.1645,0.1685,0.5775312394771792,-0.5041249731190355,1.6804617716484627,0.0034269609237343223,-0.0003071384903942255,2541,0,1899.09
2026-08-07 03:17:29,okx,ETH,ETH-USD-260821-1700-P,2026-08-21,1700,put,0.0057558065500248,0.005,0.0055,0.493308077559123,-0.12184795980844716,2.2520203695782315,0.00038532816311916276,-0.0006693104890245655,3634,21,1899.09
2026-08-07 03:17:29,okx,ETH,ETH-USD-270625-1800-C,2027-06-25,1800,call,0.247275351086049,0.242,0.251,0.5775312394771792,0.41669536550134845,-0.1611789055923052,0.0034269609237343223,-0.0003071384903942255,1984,0,1899.09
2026-08-07 03:17:29,okx,ETH,ETH-USD-260821-1800-C,2026-08-21,1800,call,0.0667885591290503,0.066,0.068,0.4449014334710969,0.6791803964413504,2.289831753020525,0.0006312773489589393,-0.0009870527573410679,1746,0,1899.09
2026-08-07 03:17:29,okx,ETH,ETH-USD-270625-1900-P,2027-06-25,1900,put,0.1958004632745098,0.192,0.197,0.5738181413414541,-0.5694169160935247,1.841368560721737,0.003558521510868368,-0.00031687901690047196,1732,0,1899.09
2026-08-07 03:17:29,okx,ETH,ETH-USD-260821-1750-P,2026-08-21,1750,put,0.0089165202867666,0.008,0.0085,0.46657536548465817,-0.18181441559585032,3.1431655854472877,0.0005043974426220899,-0.0008285967404043855,1136,0,1899.09
2026-08-07 03:17:29,okx,ETH,ETH-USD-270625-1900-C,2027-06-25,1900,call,0.2238184668374874,0.218,0.2345,0.5738181413414541,0.40256010800576925,-0.10258548747685085,0.003558521510868368,-0.00031687901690047196,1018,0,1899.09
2026-08-07 03:17:29,okx,ETH,ETH-USD-260821-2050-C,2026-08-21,2050,call,0.0080158163062958,0.008,0.0085,0.4126880191752054,0.17866882119441782,2.940298829067935,0.0005293016996356044,-0.0007690921491464161,3448,2008,1899.09
2026-08-07 03:17:29,okx,ETH,ETH-USD-270625-2600-P,2027-06-25,2600,put,0.4412797382220483,0.4265,,0.562453040558047,-1.0498232077920597,2.826461363449889,0.003608590843180452,-0.0003149731427728972,0,0,1899.09
2026-08-07 03:17:29,okx,ETH,ETH-USD-260821-2000-P,2026-08-21,2000,put,0.0655811330437602,0.005,0.1275,0.409257403540116,-0.7883430830733277,5.722960354593902,0.0006599837044891394,-0.0009492189705011082,1,1,1899.09
2026-08-07 03:17:29,okx,ETH,ETH-USD-270625-2600-C,2027-06-25,2600,call,0.1111991115187545,0.1105,0.1135,0.562453040558047,0.2802506146596059,0.16631371854655788,0.003608590843180452,-0.0003149731427728972,940,0,1899.09
2026-08-07 03:17:29,okx,ETH,ETH-USD-260821-2100-C,2026-08-21,2100,call,0.0048227838001903,0.005,0.0055,0.41990278734962877,0.11730180181443296,2.2107076492820195,0.0003993572322693441,-0.00059046608684965,1395,504,1899.09
2026-08-07 03:17:29,okx,ETH,ETH-USD-270625-2800-P,2027-06-25,2800,put,0.5239862246277783,,,0.5622588933313412,-1.1853126559552416,3.0631939009678217,0.003437372889442121,-0.0002999249485399621,0,0,1899.09
2026-08-07 03:17:29,okx,ETH,ETH-USD-260821-2050-P,2026-08-21,2050,put,0.0866635039216235,0.005,0.161,0.4126880191752054,-0.8995176966925298,5.096671864841831,0.0005293016996356044,-0.0007665682791572429,1,0,1899.09
2026-08-07 03:17:29,okx,ETH,ETH-USD-270625-2800-C,2027-06-25,2800,call,0.0915917035626927,0.0915,0.094,0.5622588933313412,0.24707453745424438,0.1984195141488497,0.003437372889442121,-0.0002999249485399621,1182,0,1899.09
2026-08-07 03:17:29,okx,ETH,ETH-USD-260821-1950-C,2026-08-21,1950,call,0.0212982150669252,0.0215,0.022,0.41041986888434306,0.3692728061237677,4.002120589813976,0.000756739500855516,-0.0010932054424768467,6644,660,1899.09
2026-08-07 03:17:29,okx,ETH,ETH-USD-270625-2200-P,2027-06-25,2200,put,0.2910317801095417,0.2795,0.3035,0.5663555586219082,-0.7734963480343137,2.2960025327644855,0.003744589472523194,-0.00032911144968511205,0,0,1899.09
2026-08-07 03:17:29,okx,ETH,ETH-USD-260821-1900-P,2026-08-21,1900,put,0.0326443918540189,0.032,0.0325,0.41682506763869154,-0.5148179431507114,5.875775801564648,0.0007856487573044743,-0.0011523545379156625,5116,610,1899.09
2026-08-07 03:17:29,okx,ETH,ETH-USD-270625-2200-C,2027-06-25,2200,call,0.1655789421298316,0.1635,0.1675,0.5663555586219082,0.35195073250171116,0.04510837169243637,0.003744589472523194,-0.00032911144968511205,710,0,1899.09
2026-08-07 03:17:29,okx,ETH,ETH-USD-260821-2000-C,2026-08-21,2000,call,0.0132308159641925,0.0135,0.014,0.409257403540116,0.26354620267003576,3.6191817831071753,0.0006599837044891394,-0.0009508988794649405,6527,45,1899.09
2026-08-07 03:17:29,okx,ETH,ETH-USD-270625-2400-P,2027-06-25,2400,put,0.3632907079758174,0.3505,0.377,0.5637228101539214,-0.9120738982198279,2.5717435659105674,0.003720145847872912,-0.00032544318913992315,0,0,1899.09
2026-08-07 03:17:29,okx,ETH,ETH-USD-260821-1950-P,2026-08-21,1950,put,0.047351161610733,0.0465,0.048,0.41041986888434306,-0.6563192474760116,6.053304697013535,0.000756739500855516,-0.0010923694945383555,1246,1002,1899.09
2026-08-07 03:17:29,okx,ETH,ETH-USD-270625-2400-C,2027-06-25,2400,call,0.1355239756343155,0.134,0.1375,0.5637228101539214,0.31568655327401723,0.11622266292287764,0.003720145847872912,-0.00032544318913992315,1170,5,1899.09
2026-08-07 03:17:29,okx,ETH,ETH-USD-260821-2250-C,2026-08-21,2250,call,0.0011427364834813,0.0015,0.0016,0.45580587543719536,0.03223091523658523,0.7620905840944404,0.00014653081589792607,-0.00023520126529422996,625,0,1899.09
2026-08-07 03:17:29,okx,ETH,ETH-USD-270625-3500-P,2027-06-25,3500,put,0.8389983559211458,,,0.5673278598702228,-1.6346671309901353,3.8013292551376394,0.0026642144495256843,-0.0002345594327287933,0,0,1899.09
2026-08-07 03:17:29,okx,ETH,ETH-USD-260821-2200-P,2026-08-21,2200,put,0.1593479154570736,0.005,0.263,0.44225889844923105,-1.1078195354275795,3.4180633557042843,0.00020682973174049888,-0.00031705839206273406,2,0,1899.09
2026-08-07 03:17:29,okx,ETH,ETH-USD-260925-1500-C,2026-09-25,1500,call,0.2236463061911414,0.221,0.226,0.5526629437338941,0.6766490021180435,-0.4901864581298384,0.0006429331141235187,-0.0003611309860945342,311,0,1899.09
2026-08-07 03:17:29,okx,ETH,ETH-USD-270625-3500-C,2027-06-25,3500,call,0.0485052045897886,0.049,0.051,0.5673278598702228,0.1558168607717221,0.22036127161392471,0.0026642144495256843,-0.0002345594327287933,7057,0,1899.09
2026-08-07 03:17:29,okx,ETH,ETH-USD-260821-2300-C,2026-08-21,2300,call,0.0007384566978359,0.001,0.0011,0.47003539379854287,0.021360927953310894,0.525596365752093,0.0001038964700421526,-0.00017197685011827564,0,0,1899.09
2026-08-07 03:17:29,okx,ETH,ETH-USD-260925-1500-P,2026-09-25,1500,put,0.0104439817250866,0.0105,0.011,0.5526629437338941,-0.11015280044143078,1.08341714698911,0.0006429331141235187,-0.0003611309860945342,30461,60,1899.09
2026-08-07 03:17:29,okx,ETH,ETH-USD-270625-4000-P,2027-06-25,4000,put,1.0786319215451607,,,0.5743560860091728,-1.9333789752442516,4.289603449508863,0.0021438305863262074,-0.00019108267053208209,0,0,1899.09
2026-08-07 03:17:29,okx,ETH,ETH-USD-260821-2250-P,2026-08-21,2250,put,0.1849799062418491,0.005,,0.45580587543719536,-1.1511445312246986,3.128841477017008,0.00014653081589792607,-0.00022930155120369242,0,0,1899.09
2026-08-07 03:17:29,okx,ETH,ETH-USD-270625-4000-C,2027-06-25,4000,call,0.0323540343093243,0.033,0.035,0.5743560860091728,0.11288844391215701,0.1970686111960455,0.0021438305863262074,-0.00019108267053208209,2604,0,1899.09
2026-08-07 03:17:29,okx,ETH,ETH-USD-260821-2150-C,2026-08-21,2150,call,0.0029260917073626,0.0033,0.0034,0.43003891919041853,0.07598480820814442,1.5826855890053255,0.0002901346344586468,-0.00043935239369459017,845,430,1899.09
2026-08-07 03:17:29,okx,ETH,ETH-USD-260925-1700-C,2026-09-25,1700,call,0.1363895054017244,0.135,0.1385,0.5005619367993045,0.6264864752496846,0.42754743151968616,0.0011338095972303695,-0.0005768150249336411,7980,0,1899.09
2026-08-07 03:17:29,okx,ETH,ETH-USD-270625-3000-P,2027-06-25,3000,put,0.6105212677439991,,,0.5629233073921205,-1.3177878821530025,3.285623856259029,0.0032301466644662335,-0.0002821766574644699,0,0,1899.09
2026-08-07 03:17:29,okx,ETH,ETH-USD-260821-2100-P,2026-08-21,2100,put,0.1097678419512781,0.005,0.194,0.41990278734962877,-0.9871819482160986,4.419675149343083,0.0003993572322693441,-0.0005870982558351356,2,0,1899.09
2026-08-07 03:17:29,okx,ETH,ETH-USD-260925-1700-P,2026-09-25,1700,put,0.0280935376735289,0.028,0.0285,0.5005619367993045,-0.2652222343177196,2.2109648506544946,0.0011338095972303695,-0.0005768150249336411,16284,138,1899.09
2026-08-07 03:17:29,okx,ETH,ETH-USD-270625-3000-C,2027-06-25,3000,call,0.0758128523171216,0.076,0.0785,0.5629233073921205,0.2169126822143039,0.21622272752441626,0.0032301466644662335,-0.0002821766574644699,1408,0,1899.09
2026-08-07 03:17:29,okx,ETH,ETH-USD-260821-2200-C,2026-08-21,2200,call,0.0018081162344659,0.0022,0.0023,0.44225889844923105,0.049258678890120235,1.1039069270688853,0.00020682973174049888,-0.00032211414512793053,923,636,1899.09
2026-08-07 03:17:29,okx,ETH,ETH-USD-270625-3200-P,2027-06-25,3200,put,0.700133169066719,,,0.5642786819377559,-1.4469688827747584,3.4973213227179487,0.003005485503856766,-0.00026318303631280764,0,0,1899.09
2026-08-07 03:17:29,okx,ETH,ETH-USD-260821-2150-P,2026-08-21,2150,put,0.1341685203942105,0.005,0.2315,0.43003891919041853,-1.0547961739659713,3.8442475533535574,0.0002901346344586468,-0.0004351406016547348,1,0,1899.09
2026-08-07 03:17:29,okx,ETH,ETH-USD-270625-3200-C,2027-06-25,3200,call,0.0631108592780498,0.0635,0.0655,0.5642786819377559,0.19004505255036824,0.22329345206769471,0.003005485503856766,-0.00026318303631280764,838,0,1899.09
2026-08-07 03:17:29,okx,ETH,ETH-USD-270625-5500-P,2027-06-25,5500,put,1.8259187117904814,,,0.6027027393794747,-2.7645755738549807,5.743154371447284,0.0011385471076549958,-0.00010648876294110327,0,0,1899.09
2026-08-07 03:17:29,okx,ETH,ETH-USD-270625-5500-C,2027-06-25,5500,call,0.0122866168412061,0.0125,0.0145,0.6027027393794747,0.04904212748508119,0.11591896876716101,0.0011385471076549958,-0.00010648876294110327,1140,30,1899.09
2026-08-07 03:17:29,okx,ETH,ETH-USD-260821-2350-C,2026-08-21,2350,call,0.0004864243409186,0.0007,0.0009,0.48442724472288645,0.01433877382104427,0.3637223443532743,0.00007393261873130924,-0.00012612738198951648,0,0,1899.09
2026-08-07 03:17:29,okx,ETH,ETH-USD-270625-4500-P,2027-06-25,4500,put,1.3245846217385973,,,0.5829745148546902,-2.2186366959323127,4.771395296185883,0.0017194202650975142,-0.0001555540141916621,0,0,1899.09
2026-08-07 03:17:29,okx,ETH,ETH-USD-260821-2300-P,2026-08-21,2300,put,0.2108729969919635,0.005,,0.47003539379854287,-1.1883117506515573,2.944941722961829,0.0001038964700421526,-0.00016523317500239705,0,0,1899.09
2026-08-07 03:17:29,okx,ETH,ETH-USD-270625-4500-C,2027-06-25,4500,call,0.0225219985982811,0.023,0.025,0.5829745148546902,0.08341415061864695,0.16729360308396296,0.0017194202650975142,-0.0001555540141916621,1405,13,1899.09
2026-08-07 03:17:29,okx,ETH,ETH-USD-270625-5000-P,2027-06-25,5000,put,1.57417563797372,,,0.5925555306555084,-2.494681116324304,5.2550882527662,0.001389922746453004,-0.0001278113230483415,0,0,1899.09
2026-08-07 03:17:29,okx,ETH,ETH-USD-260821-2350-P,2026-08-21,2350,put,0.2369183351708065,0.005,,0.48442724472288645,-1.221631136927408,2.8356621658501786,0.00007393261873130924,-0.00011853974584829683,0,0,1899.09
2026-08-07 03:17:29,okx,ETH,ETH-USD-270625-5000-C,2027-06-25,5000,call,0.0163282789289238,0.0165,0.019,0.5925555306555084,0.06315315762120709,0.1394197048751791,0.001389922746453004,-0.0001278113230483415,1660,0,1899.09
2026-08-07 03:17:29,okx,ETH,ETH-USD-260807-1840-C,2026-08-07,1840,call,0.0311563428024029,0.0305,0.033,0.5133396736390435,0.9649863245707337,-0.9675164624453527,0.0000026555158275809623,-0.00006815908141368628,400,0,1899.09
2026-08-07 03:17:29,okx,ETH,ETH-USD-260807-1840-P,2026-08-07,1840,put,0.0000142119580651,,0.0001,0.5133396736390435,-0.0038664430597765047,0.9701890728156676,0.0000026555158275809623,-0.00006815908141368628,16472,13989,1899.09
2026-08-07 03:17:29,okx,ETH,ETH-USD-260814-1550-C,2026-08-14,1550,call,0.1847396314663123,0.0055,,0.6475170985393264,0.8039524662385239,-1.2875561135693043,0.000040896256417942234,-0.00017806459876977714,0,0,1899.09
2026-08-07 03:17:29,okx,ETH,ETH-USD-260814-1500-P,2026-08-14,1500,put,0.0001824432718784,,0.0004,0.680444062835061,-0.005969672617789199,0.18428813859414273,0.000023121172998537043,-0.00010930674983351162,4031,0,1899.09
2026-08-07 03:17:29,okx,ETH,ETH-USD-260814-1600-C,2026-08-14,1600,call,0.1587254805199381,0.0055,,0.6091006268933864,0.8211179849234351,-1.0780195867444502,0.00006775540195677493,-0.00028165420524215703,0,0,1899.09
2026-08-07 03:17:29,okx,ETH,ETH-USD-260814-1550-P,2026-08-14,1550,put,0.0003551488547661,0.0003,0.0004,0.6475170985393264,-0.011427839510286227,0.3432044979283161,0.000040896256417942234,-0.0001839822153810252,1776,115,1899.09
2026-08-07 03:17:29,okx,ETH,ETH-USD-260814-1500-C,2026-08-14,1500,call,0.2108696548089314,0.0055,,0.680444062835061,0.7831080426229949,-1.3938672918874255,0.000023121172998537043,-0.00010254500023012676,0,0,1899.09
2026-08-07 03:17:29,okx,ETH,ETH-USD-260810-1775-P,2026-08-10,1775,put,0.0009401591057651,0.0006,0.0008,0.4532814049604993,-0.05283804743847296,2.610343095425983,0.00009941601201466759,-0.0007049575011119991,814,814,1899.09
2026-08-07 03:17:29,okx,ETH,ETH-USD-260814-1750-C,2026-08-14,1750,call,0.0826192236971404,0.006,0.152,0.4798225642040814,0.8130360648154082,1.0560978719157708,0.00025373253309648634,-0.0008432595388702764,6,0,1899.09
2026-08-07 03:17:29,okx,ETH,ETH-USD-260810-1800-C,2026-08-10,1800,call,0.0541850609727838,0.0475,,0.4220189543246125,0.8635607189580606,2.117349266929716,0.00014207149600464137,-0.0009379455031009953,0,0,1899.09
2026-08-07 03:17:29,okx,ETH,ETH-USD-260814-1700-P,2026-08-14,1700,put,0.0019409525280558,0.0015,0.0016,0.5224035613275961,-0.06169798227945207,1.7421616118516998,0.00016672445075017545,-0.0006051021171994694,20804,13273,1899.09
2026-08-07 03:17:29,okx,ETH,ETH-USD-260810-1750-P,2026-08-10,1750,put,0.000598842911521,0.0003,0.0006,0.48463212681219336,-0.033695767751850195,1.6946711191055388,0.00006905781242962867,-0.0005235566889035595,0,0,1899.09
2026-08-07 03:17:29,okx,ETH,ETH-USD-260814-1800-C,2026-08-14,1800,call,0.059227168275949,0.058,0.0595,0.4424351553241096,0.758043542536323,2.743965803354692,0.0003715983749011237,-0.001140428554765573,324,0,1899.09
2026-08-07 03:17:29,okx,ETH,ETH-USD-260810-1775-C,2026-08-10,1775,call,0.0667787570189494,0.0595,,0.4532814049604993,0.8813282710546406,0.7420104584397557,0.00009941601201466759,-0.0007049575011119991,0,0,1899.09
2026-08-07 03:17:29,okx,ETH,ETH-USD-260814-1750-P,2026-08-14,1750,put,0.0034456567876221,0.0029,0.003,0.4798225642040814,-0.10755460296550653,2.8972792074776006,0.00025373253309648634,-0.0008458006235129772,11138,1730,1899.09
2026-08-07 03:17:29,okx,ETH,ETH-USD-260814-1650-C,2026-08-14,1650,call,0.1328999938370883,0.0055,,0.5665867883261424,0.8322267968440078,-0.7014816653889767,0.00010756952665371487,-0.00041920565361450445,0,0,1899.09
2026-08-07 03:17:29,okx,ETH,ETH-USD-260810-1750-C,2026-08-10,1750,call,0.0795946436709986,0.072,,0.48463212681219336,0.887313278649811,-0.14734697369778374,0.00006905781242962867,-0.0005235566889035595,0,0,1899.09
2026-08-07 03:17:29,okx,ETH,ETH-USD-260814-1600-P,2026-08-14,1600,put,0.0006437268338989,0.0005,0.0006,0.6091006268933864,-0.020564911333401246,0.6053462057692225,0.00006775540195677493,-0.00028672768886126823,8429,150,1899.09
2026-08-07 03:17:29,okx,ETH,ETH-USD-260814-1700-C,2026-08-14,1700,call,0.1074172483630812,0.0055,0.178,0.5224035613275961,0.8325900949934365,-0.046414542694077514,0.00016672445075017545,-0.0006017168995646317,0,0,1899.09
2026-08-07 03:17:29,okx,ETH,ETH-USD-260814-1650-P,2026-08-14,1650,put,0.0011209690765561,0.0008,0.0009,0.5665867883261424,-0.035758689920854646,1.0344893081407482,0.00010756952665371487,-0.00042343500424147886,4729,3101,1899.09
2026-08-07 03:17:29,okx,ETH,ETH-USD-260810-1875-P,2026-08-10,1875,put,0.0073542075856004,0.007,0.0075,0.3477890599786939,-0.34288083758109794,11.886757644979294,0.0003411229968002269,-0.00185594717109553,1338,1520,1899.09
2026-08-07 03:17:29,okx,ETH,ETH-USD-260814-1950-C,2026-08-14,1950,call,0.0113863416565372,0.0115,0.012,0.38779907391603724,0.316754207463112,6.001307273697275,0.0005072765862184485,-0.0013664803605071866,11010,2319,1899.09
2026-08-07 03:17:29,okx,ETH,ETH-USD-260810-1900-C,2026-08-10,1900,call,0.0125317401693281,0.012,0.0125,0.3350040063727989,0.4943258598710555,11.735438041364942,0.0003732631919851831,-0.001956157690759022,880,880,1899.09
2026-08-07 03:17:29,okx,ETH,ETH-USD-260814-1900-P,2026-08-14,1900,put,0.0219699170878431,0.022,0.0225,0.39476464715836873,-0.5088519193278276,8.209479896461245,0.0005597364582192851,-0.0015345827933975432,7690,258,1899.09
2026-08-07 03:17:29,okx,ETH,ETH-USD-260810-1850-P,2026-08-10,1850,put,0.0042446094415386,0.0039,0.004,0.36742364580671694,-0.21778401108953668,8.90015921379553,0.0002723400613483745,-0.001565371159418275,3072,3641,1899.09
2026-08-07 03:17:29,okx,ETH,ETH-USD-260814-2000-C,2026-08-14,2000,call,0.0054167356574357,0.0055,0.006,0.3926502240086052,0.179164322432699,4.476012705500759,0.0003742418480153093,-0.0010208270865195487,26605,11742,1899.09
2026-08-07 03:17:29,okx,ETH,ETH-USD-260810-1875-C,2026-08-10,1875,call,0.020563994113612,0.0195,0.0215,0.3477890599786939,0.6439145692778248,9.913166831261448,0.0003411229968002269,-0.00185594717109553,270,270,1899.09
2026-08-07 03:17:29,okx,ETH,ETH-USD-260814-1950-P,2026-08-14,1950,put,0.0374236904490465,0.036,0.0385,0.38779907391603724,-0.7090468223499072,8.052909333323313,0.0005072765862184485,-0.0013656449131813403,10395,1,1899.09
2026-08-07 03:17:29,okx,ETH,ETH-USD-260810-1825-P,2026-08-10,1825,put,0.002484753176167,0.002,0.0021,0.3927419937490138,-0.1348027298196053,6.096361402830447,0.0002003884144209973,-0.001231171757179046,299,299,1899.09
2026-08-07 03:17:29,okx,ETH,ETH-USD-260814-1850-C,2026-08-14,1850,call,0.0385399838818746,0.0375,0.0395,0.41340634458144043,0.650330169322865,4.783867783747551,0.0004959218314838117,-0.0014232494358536781,8172,0,1899.09
2026-08-07 03:17:29,okx,ETH,ETH-USD-260810-1850-C,2026-08-10,1850,call,0.0306115988158433,0.005,,0.36742364580671694,0.7558541236779338,6.952882944260588,0.0002723400613483745,-0.001565371159418275,0,0,1899.09
2026-08-07 03:17:29,okx,ETH,ETH-USD-260814-1800-P,2026-08-14,1800,put,0.0063563302919375,0.0055,0.006,0.4424351553241096,-0.1888497157526179,4.6377523199325745,0.0003715983749011237,-0.0011421255064161372,13155,297,1899.09
2026-08-07 03:17:29,okx,ETH,ETH-USD-260810-1800-P,2026-08-10,1800,put,0.0015036659058927,0.0011,0.0012,0.4220189543246125,-0.08376287162650535,4.011996448098848,0.00014207149600464137,-0.0009379455031009953,9584,10353,1899.09
2026-08-07 03:17:29,okx,ETH,ETH-USD-260814-1900-C,2026-08-14,1900,call,0.0222352972208407,0.022,0.0225,0.39476464715836873,0.4906465199771656,6.210483017851258,0.0005597364582192851,-0.0015345741077312529,10748,1269,1899.09
2026-08-07 03:17:29,okx,ETH,ETH-USD-260810-1825-C,2026-08-10,1825,call,0.042008945396765,0.0395,,0.3927419937490138,0.8256781328564129,4.175399677478412,0.0002003884144209973,-0.001231171757179046,0,0,1899.09
2026-08-07 03:17:29,okx,ETH,ETH-USD-260814-1850-P,2026-08-14,1850,put,0.0119718748233701,0.0115,0.012,0.41340634458144043,-0.32286567947410194,6.730259481341485,0.0004959218314838117,-0.0014241022545121054,20491,6295,1899.09
2026-08-07 03:17:29,okx,ETH,ETH-USD-260810-1925-P,2026-08-10,1925,put,0.0200267796683784,0.019,0.021,0.32967895515105705,-0.6779405934058471,13.260643513265018,0.00034367694173333417,-0.001772475802879534,149,149,1899.09
2026-08-07 03:17:29,okx,ETH,ETH-USD-260814-2150-C,2026-08-14,2150,call,0.0007594199773736,0.0008,0.0009,0.46199877959788244,0.030048350441302794,1.0121025538117292,0.00009766197807056581,-0.0003134732780728212,4780,0,1899.09
2026-08-07 03:17:29,okx,ETH,ETH-USD-260810-1950-C,2026-08-10,1950,call,0.0035539961703494,0.0039,0.004,0.33182087362265794,0.2026979492756857,8.778055272106565,0.0002668382379650302,-0.001385129763682448,301,302,1899.09
2026-08-07 03:17:29,okx,ETH,ETH-USD-260814-2100-P,2026-08-14,2100,put,0.1062679515547994,0.103,0.203,0.43155269504336224,-1.053094388269598,3.8871906352955206,0.000151533059842919,-0.00045095921156023587,3,0,1899.09
2026-08-07 03:17:29,okx,ETH,ETH-USD-260810-1920-P,2026-08-10,1920,put,0.0183229040591861,0.018,0.0195,0.3301346176353302,-0.6445907288096677,13.550538364895578,0.0003544606595813525,-0.001830618313224786,0,0,1899.09
2026-08-07 03:17:29,okx,ETH,ETH-USD-260814-2200-C,2026-08-14,2200,call,0.0004918467699633,0.0005,0.0006,0.4973618282628747,0.01918038204165479,0.6452769482620818,0.00006703593173449567,-0.00023164261230249227,3678,10,1899.09
2026-08-07 03:17:29,okx,ETH,ETH-USD-260810-1925-C,2026-08-10,1925,call,0.0069221605038036,0.007,0.0075,0.32967895515105705,0.3351693576359802,11.234423611181363,0.00034367694173333417,-0.001772475802879534,0,0,1899.09
2026-08-07 03:17:29,okx,ETH,ETH-USD-260814-2150-P,2026-08-14,2150,put,0.1320076844719107,0.1205,,0.46199877959788244,-1.1009630414038212,3.2741253375019768,0.00009766197807056581,-0.00030926129877842764,3,0,1899.09
2026-08-07 03:17:29,okx,ETH,ETH-USD-260810-1910-P,2026-08-10,1910,put,0.0152027750155946,0.015,0.016,0.3319548162804978,-0.5755862678820514,13.846657002847866,0.0003690342656355232,-0.0019163920575808685,880,880,1899.09
2026-08-07 03:17:29,okx,ETH,ETH-USD-260814-2050-C,2026-08-14,2050,call,0.002580452906,0.0028,0.0029,0.4078209028131874,0.09529769800955473,2.8262915281202434,0.00024257034251184251,-0.0006872627337176757,8649,1985,1899.09
2026-08-07 03:17:29,okx,ETH,ETH-USD-260810-1920-C,2026-08-10,1920,call,0.00784972546387,0.0075,0.0085,0.3301346176353302,0.3658877678138692,11.529581371648504,0.0003544606595813525,-0.001830618313224786,608,608,1899.09
2026-08-07 03:17:29,okx,ETH,ETH-USD-260814-2000-P,2026-08-14,2000,put,0.057756813375452,0.0565,0.059,0.3926502240086052,-0.8729392978883462,6.58021994614285,0.0003742418480153093,-0.0010191475062015655,1336,0,1899.09
2026-08-07 03:17:29,okx,ETH,ETH-USD-260810-1900-P,2026-08-10,1900,put,0.0124791564876097,0.0125,0.013,0.3350040063727989,-0.5056268190793197,13.735343399265693,0.0003732631919851831,-0.001956157690759022,208,252,1899.09
2026-08-07 03:17:29,okx,ETH,ETH-USD-260814-2100-C,2026-08-14,2100,call,0.0013224159857691,0.0015,0.0016,0.43155269504336224,0.05161441306749971,1.677773032621325,0.000151533059842919,-0.0004543270578624926,8393,501,1899.09
2026-08-07 03:17:29,okx,ETH,ETH-USD-260810-1910-C,2026-08-10,1910,call,0.0099924775587958,0.01,0.0105,0.3319548162804978,0.4296293199049047,11.836225827273955,0.0003690342656355232,-0.0019163920575808685,102,102,1899.09
2026-08-07 03:17:29,okx,ETH,ETH-USD-260814-2050-P,2026-08-14,2050,put,0.0812232595495232,0.077,0.17,0.4078209028131874,-0.9831085128195168,4.983103949778386,0.00024257034251184251,-0.0006847390204075557,1,0,1899.09
2026-08-07 03:17:29,okx,ETH,ETH-USD-260810-2050-P,2026-08-10,2050,put,0.0792221228853423,0.0725,,0.4051109862869965,-1.0556122205743632,3.5809230047092893,0.00005213636295430252,-0.00033041020116826537,0,0,1899.09
2026-08-07 03:17:29,okx,ETH,ETH-USD-260810-2100-C,2026-08-10,2100,call,0.000188029479993,0.0001,0.0003,0.47190622395250387,0.012252235426010453,0.7052225034622837,0.000030154667640623646,-0.00022261219213340466,50,50,1899.09
2026-08-07 03:17:29,okx,ETH,ETH-USD-260814-2300-P,2026-08-14,2300,put,0.2104316679179063,0.193,,0.576456316571422,-1.19993391721684,2.736605374924353,0.00003827076336070526,-0.00014653243033238737,2,0,1899.09
2026-08-07 03:17:29,okx,ETH,ETH-USD-260810-2000-P,2026-08-10,2000,put,0.0535016473798802,0.0485,,0.35667471361530034,-0.9890879678166896,5.750677229039621,0.00011782573543313544,-0.000657432508761482,0,0,1899.09
2026-08-07 03:17:29,okx,ETH,ETH-USD-260810-2050-C,2026-08-10,2050,call,0.0003314894893017,0.0003,0.0005,0.4051109862869965,0.02328409092472578,1.4231303817111118,0.00005213636295430252,-0.00033041020116826537,152,152,1899.09
2026-08-07 03:17:29,okx,ETH,ETH-USD-260810-1975-P,2026-08-10,1975,put,0.0412007630040317,0.0385,,0.3409952913058175,-0.9253241131519937,7.966690930050124,0.00018262378169827016,-0.0009741916630552934,0,0,1899.09
2026-08-07 03:17:29,okx,ETH,ETH-USD-260814-2250-C,2026-08-14,2250,call,0.0003535647603331,0.0003,0.0004,0.535993617625432,0.01335852556078972,0.4390286131952207,0.00004921728196590151,-0.00018328136262705548,1935,0,1899.09
2026-08-07 03:17:29,okx,ETH,ETH-USD-260810-2000-C,2026-08-10,2000,call,0.000925419676426,0.0011,0.0012,0.35667471361530034,0.06349379949949475,3.645513694407252,0.00011782573543313544,-0.000657432508761482,308,308,1899.09
2026-08-07 03:17:29,okx,ETH,ETH-USD-260814-2200-P,2026-08-14,2200,put,0.1580428401900075,0.1455,,0.4973618282628747,-1.138133600311495,2.9599049129683817,0.00006703593173449567,-0.00022658650001596188,4,0,1899.09
2026-08-07 03:17:29,okx,ETH,ETH-USD-260810-1950-P,2026-08-10,1950,put,0.0298158181812173,0.005,,0.33182087362265794,-0.823569273857594,10.830589718373124,0.0002668382379650302,-0.001385129763682448,0,0,1899.09
2026-08-07 03:17:29,okx,ETH,ETH-USD-260814-2300-C,2026-08-14,2300,call,0.0002752166468486,0.0002,0.0004,0.576456316571422,0.009985246152362308,0.31676704818594853,0.00003827076336070526,-0.00015327680860319134,3163,0,1899.09
2026-08-07 03:17:29,okx,ETH,ETH-USD-260810-1975-C,2026-08-10,1975,call,0.0017817381468706,0.0021,0.0022,0.3409952913058175,0.11410038207273844,5.887841939600659,0.00018262378169827016,-0.0009741916630552934,3841,3891,1899.09
2026-08-07 03:17:29,okx,ETH,ETH-USD-260814-2250-P,2026-08-14,2250,put,0.1842072871058841,0.169,,0.535993617625432,-1.1702580473003865,2.8062617589175733,0.00004921728196590151,-0.0001773811173483883,1,0,1899.09
2026-08-07 03:17:29,okx,ETH,ETH-USD-260808-1700-P,2026-08-08,1700,put,0.0000258573365665,,0.0002,0.6866188178047817,-0.002237842063834221,0.18120963122261052,0.0000039768531336657214,-0.00011413754208062603,760,500,1899.09
2026-08-07 03:17:29,okx,ETH,ETH-USD-260808-1750-C,2026-08-08,1750,call,0.0789695874144024,0.072,,0.6262693390786958,0.910545477161062,-1.0460430642829635,0.00001590719343921582,-0.0004164165424644413,0,0,1899.09
2026-08-07 03:17:29,okx,ETH,ETH-USD-260808-1650-P,2026-08-08,1650,put,0.0000031196953198,,0.0002,0.7206633233617581,-0.00029690651261894815,0.026886880264575693,0.0000006209799044546194,-0.00001870609897191119,409,0,1899.09
2026-08-07 03:17:29,okx,ETH,ETH-USD-260808-1700-C,2026-08-08,1700,call,0.1051847948804429,0.096,,0.6866188178047817,0.8926079306554776,-1.6084819142160132,0.0000039768531336657214,-0.00011413754208062603,0,0,1899.09
2026-08-07 03:17:29,okx,ETH,ETH-USD-260810-2150-P,2026-08-10,2150,put,0.131671790701032,0.121,,0.5517118085494577,-1.1227260629021643,2.714041361820143,0.000022638259207287,-0.00019538625224185458,0,0,1899.09
2026-08-07 03:17:29,okx,ETH,ETH-USD-260808-1650-C,2026-08-08,1650,call,0.1314809120173177,0.1205,,0.7206633233617581,0.868229872891419,-1.7101666785435001,0.0000006209799044546194,-0.00001870609897191119,0,0,1899.09
2026-08-07 03:17:29,okx,ETH,ETH-USD-260810-2100-P,2026-08-10,2100,put,0.10539306856862,0.097,,0.47190622395250387,-1.0929586202559831,2.915644214826271,0.000030154667640623646,-0.00022261219213340466,0,0,1899.09
2026-08-07 03:17:29,okx,ETH,ETH-USD-260810-2150-C,2026-08-10,2150,call,0.0001523459198187,,0.0002,0.5517118085494577,0.008799336962734022,0.45099056209034694,0.000022638259207287,-0.00019538625224185458,0,0,1899.09
2026-08-07 03:17:29,okx,ETH,ETH-USD-260808-1825-P,2026-08-08,1825,put,0.0009119852341146,0.0005,0.0006,0.48648150908664534,-0.07365324699670792,5.112746355825989,0.00007916403789166712,-0.0016097837427195803,12890,13713,1899.09
2026-08-07 03:17:29,okx,ETH,ETH-USD-260808-1850-C,2026-08-08,1850,call,0.028057790832481,0.027,0.0295,0.43916772033563367,0.8292937577360173,7.307924296283105,0.00012904994093144434,-0.0023689804828520592,312,0,1899.09
2026-08-07 03:17:29,okx,ETH,ETH-USD-260808-1800-P,2026-08-08,1800,put,0.0004772905387593,0.0002,0.0004,0.5368409702602394,-0.03878349059889651,2.7845190300556526,0.000047624462739813213,-0.0010686832523298313,12656,12451,1899.09
2026-08-07 03:17:29,okx,ETH,ETH-USD-260808-1825-C,2026-08-08,1825,call,0.040273785832688,0.038,0.0415,0.48648150908664534,0.8869900090107886,3.1914598438109962,0.00007916403789166712,-0.0016097837427195803,483,0,1899.09
2026-08-07 03:17:29,okx,ETH,ETH-USD-260808-1775-P,2026-08-08,1775,put,0.0002534566765408,0.0001,0.0002,0.5846373775410996,-0.020609849442330585,1.5097150829637145,0.000028136044187707397,-0.0006875794313571728,2272,129,1899.09
2026-08-07 03:17:29,okx,ETH,ETH-USD-260808-1800-C,2026-08-08,1800,call,0.0529985185263932,0.0475,,0.5368409702602394,0.9087002687509631,0.8895515113559337,0.000047624462739813213,-0.0010686832523298313,0,0,1899.09
2026-08-07 03:17:29,okx,ETH,ETH-USD-260808-1750-P,2026-08-08,1750,put,0.0001295046486472,0.0001,0.0002,0.6262693390786958,-0.010619288873523505,0.7962864677862079,0.00001590719343921582,-0.0004164165424644413,2444,2088,1899.09
2026-08-07 03:17:29,okx,ETH,ETH-USD-260808-1775-C,2026-08-08,1775,call,0.0659341120532354,0.0595,,0.5846373775410996,0.913714413249892,-0.3589334424207308,0.000028136044187707397,-0.0006875794313571728,0,0,1899.09
2026-08-07 03:17:29,okx,ETH,ETH-USD-260808-1880-P,2026-08-08,1880,put,0.0047217591855426,0.0045,0.0046,0.395441928931752,-0.3226895263186076,16.40015882026005,0.0002041732898273097,-0.0033748533356140306,3173,2653,1899.09
2026-08-07 03:17:29,okx,ETH,ETH-USD-260808-1900-C,2026-08-08,1900,call,0.0085819630439826,0.0085,0.009,0.37830584052856636,0.49349790058689064,17.433834202594195,0.00022837897265556476,-0.003611373631860138,2144,433,1899.09
2026-08-07 03:17:29,okx,ETH,ETH-USD-260808-1870-P,2026-08-08,1870,put,0.0034427691733028,0.0031,0.0032,0.4078699714140557,-0.24914342326523545,13.982495206134661,0.0001802399512110517,-0.0030728832144757048,2374,1452,1899.09
2026-08-07 03:17:29,okx,ETH,ETH-USD-260808-1880-C,2026-08-08,1880,call,0.0151328195281825,0.014,0.015,0.395441928931752,0.6669046223356903,14.420970522951455,0.0002041732898273097,-0.0033748533356140306,1200,1264,1899.09
2026-08-07 03:17:29,okx,ETH,ETH-USD-260808-1860-P,2026-08-08,1860,put,0.00251701560007,0.0021,0.0022,0.4225569470074386,-0.1901503626921871,11.511993047217064,0.0001541524083252426,-0.002722756614034911,2629,2027,1899.09
2026-08-07 03:17:29,okx,ETH,ETH-USD-260808-1870-C,2026-08-08,1870,call,0.0191176004715669,0.018,0.0205,0.4078699714140557,0.7351869267260075,12.013834506152175,0.0001802399512110517,-0.0030728832144757048,1201,403,1899.09
2026-08-07 03:17:29,okx,ETH,ETH-USD-260808-1850-P,2026-08-08,1850,put,0.0018554176229685,0.0014,0.0015,0.43916772033563367,-0.14450899492911615,9.255529801613372,0.00012904994093144434,-0.0023689804828520592,4824,4266,1899.09
2026-08-07 03:17:29,okx,ETH,ETH-USD-260808-1860-C,2026-08-08,1860,call,0.0234556178539583,0.0225,0.024,0.4225569470074386,0.7889161886360012,9.553859944560687,0.0001541524083252426,-0.002722756614034911,508,0,1899.09
2026-08-07 03:17:29,okx,ETH,ETH-USD-260808-1975-P,2026-08-08,1975,put,0.0400967673108316,0.0385,0.1265,0.4122587945928578,-0.9889481308315461,6.428106398266885,0.00006012489372565757,-0.0010360900722458657,0,0,1899.09
2026-08-07 03:17:29,okx,ETH,ETH-USD-260808-2000-C,2026-08-08,2000,call,0.000240029644035,0.0003,0.0004,0.45401417215818124,0.024455670422154862,2.1767820548094603,0.00003311605695226465,-0.0006284652831942698,46542,7869,1899.09
2026-08-07 03:17:29,okx,ETH,ETH-USD-260808-1950-P,2026-08-08,1950,put,0.0277244387905195,0.006,0.0975,0.38452272642269036,-0.9076410120673258,10.907489559743972,0.00011457641442240631,-0.0018415796265976495,0,0,1899.09
2026-08-07 03:17:29,okx,ETH,ETH-USD-260808-1975-C,2026-08-08,1975,call,0.000502003575041,0.0007,0.0008,0.4122587945928578,0.05065210512177206,4.348905926360249,0.00006012489372565757,-0.0010360900722458657,2322,1639,1899.09
2026-08-07 03:17:29,okx,ETH,ETH-USD-260808-1925-P,2026-08-08,1925,put,0.0167928102329653,0.0165,0.018,0.37271475231623263,-0.7451012289213529,17.03521910364764,0.0001898766882090567,-0.0029581588573766035,2522,3780,1899.09
2026-08-07 03:17:29,okx,ETH,ETH-USD-260808-1950-C,2026-08-08,1950,call,0.0012891024437897,0.0016,0.0017,0.38452272642269036,0.11879972722835537,8.854608081152609,0.00011457641442240631,-0.0018415796265976495,8351,8390,1899.09
2026-08-07 03:17:29,okx,ETH,ETH-USD-260808-1900-P,2026-08-08,1900,put,0.0086984446125912,0.0085,0.009,0.37830584052856636,-0.5066238453935167,19.43407769455501,0.00022837897265556476,-0.003611373631860138,2580,2071,1899.09
2026-08-07 03:17:29,okx,ETH,ETH-USD-260808-1925-C,2026-08-08,1925,call,0.0035169012752959,0.0038,0.0039,0.37271475231623263,0.2681800137166914,15.008656618371552,0.0001898766882090567,-0.0029581588573766035,3523,1502,1899.09
2026-08-07 03:17:29,okx,ETH,ETH-USD-260808-2100-P,2026-08-08,2100,put,0.1054944872590836,0.097,,0.71619099431278,-1.0978154182687507,2.711688229704382,0.000012112414766047068,-0.0003626042175567336,0,0,1899.09
2026-08-07 03:17:29,okx,ETH,ETH-USD-260808-2050-P,2026-08-08,2050,put,0.0791869357175986,0.073,,0.570681559067531,-1.0688387498316605,2.9786092049598136,0.000015727454588585284,-0.00037516778605615396,0,0,1899.09
2026-08-07 03:17:29,okx,ETH,ETH-USD-260808-2100-C,2026-08-08,2100,call,0.0001025865779898,,0.0002,0.71619099431278,0.007582300972752092,0.5008927912213763,0.000012112414766047068,-0.0003626042175567336,311,315,1899.09
2026-08-07 03:17:29,okx,ETH,ETH-USD-260808-2000-P,2026-08-08,2000,put,0.0529942207688862,0.0485,,0.45401417215818124,-1.0283040621888002,4.28230152003137,0.00003311605695226465,-0.0006284652831942698,0,0,1899.09
2026-08-07 03:17:29,okx,ETH,ETH-USD-260808-2050-C,2026-08-08,2050,call,0.0001138898146262,,0.0002,0.570681559067531,0.010239976094568575,0.8204517531073555,0.000015727454588585284,-0.00037516778605615396,900,518,1899.09
2026-08-07 03:17:29,okx,ETH,ETH-USD-260808-1875-C,2026-08-08,1875,call,0.0170751383766064,0.016,0.0185,0.40135539704801015,0.702868164646916,13.246659296635471,0.00019272658134507825,-0.003233284993836719,1168,1168,1899.09
2026-08-07 03:17:29,okx,ETH,ETH-USD-260808-1875-P,2026-08-08,1875,put,0.0040321925561545,0.0037,0.0038,0.40135539704801015,-0.28409408467585423,15.220583795281012,0.00019272658134507825,-0.003233284993836719,4830,3158,1899.09
2026-08-07 03:17:29,okx,ETH,ETH-USD-260809-1890-P,2026-08-09,1890,put,0.0078316491987119,0.0075,0.008,0.32855789437292166,-0.4247732615498488,16.162502220993833,0.0003027234821213043,-0.0022644356042764496,706,719,1899.09
2026-08-07 03:17:29,okx,ETH,ETH-USD-261225-1700-C,2026-12-25,1700,call,0.1904549497725362,0.1895,0.192,0.5408924538903171,0.5108760398380701,0.01336346911380875,0.0021505179528207245,-0.0004148468654406219,5062,0,1899.09
2026-08-07 03:17:29,okx,ETH,ETH-USD-261225-1700-P,2026-12-25,1700,put,0.0765856873440464,0.076,0.077,0.5408924538903171,-0.3752593167438938,1.7856341822777364,0.0021505179528207245,-0.0004148468654406219,4447,130,1899.09
2026-08-07 03:17:29,okx,ETH,ETH-USD-260809-1890-C,2026-08-09,1890,call,0.0128446820894705,0.0125,0.013,0.32855789437292166,0.570218943677258,14.17251781053962,0.0003027234821213043,-0.0022644356042764496,1150,800,1899.09
2026-08-07 03:17:29,okx,ETH,ETH-USD-260807-1500-P,2026-08-07,1500,put,0.0000000000000001,,0.0015,0.5757913467133643,-0.00000000000000000000000000000000000000000000000000000000000000000000029020889901457197,0.00000000000000000000000000000000000000000000000000000000000000000038591751542879457,0.000000000000000000000000000000000000000000000000000000000000000000000001192529280885098,-0.000000000000000000000000000000000000000000000000000000000000000000000034332402031797525,7138,0,1899.09
2026-08-07 03:17:29,okx,ETH,ETH-USD-260807-1500-C,2026-08-07,1500,call,0.2101702153622319,0.0055,,0.5757913467133643,0.789825625785742,-1.579651251571484,0.000000000000000000000000000000000000000000000000000000000000000000000001192529280885098,-0.000000000000000000000000000000000000000000000000000000000000000000000034332402031797525,0,0,1899.09
2026-08-07 03:17:29,okx,ETH,ETH-USD-260807-1550-P,2026-08-07,1550,put,0.0000000000000001,,0.0015,0.5757913107998441,-0.00000000000000000000000000000000000000000000000000012012113576747357,0.00000000000000000000000000000000000000000000000013771289839591483,0.0000000000000000000000000000000000000000000000000000004254460796326236,-0.000000000000000000000000000000000000000000000000000012248407793316163,2986,0,1899.09
2026-08-07 03:17:29,okx,ETH,ETH-USD-260807-1550-C,2026-08-07,1550,call,0.1838425558743063,0.0055,,0.5757913107998441,0.8161531466452667,-1.6323062932905334,0.0000000000000000000000000000000000000000000000000000004254460796326236,-0.000000000000000000000000000000000000000000000000000012248407793316163,0,0,1899.09
2026-08-07 03:17:29,okx,ETH,ETH-USD-260807-1700-P,2026-08-07,1700,put,0.0000000000000001,,0.0002,0.5757004239114157,-0.00000000000000004924901301298482,0.00000000000003113357107362694,0.00000000000000000009603121347924774,-0.0000000000000000027642605154365296,27267,0,1899.09
2026-08-07 03:17:29,okx,ETH,ETH-USD-260807-1700-C,2026-08-07,1700,call,0.1048595774105294,0.0945,,0.5757004239114157,0.8951357092238409,-1.790271418447651,0.00000000000000000009603121347924774,-0.0000000000000000027642605154365296,10,0,1899.09
2026-08-07 03:17:29,okx,ETH,ETH-USD-260807-1750-P,2026-08-07,1750,put,0.0000000000008296,,0.0001,0.5747513154094652,-0.00000000040062091859564954,0.00000018982667857182495,0.0000000000005839334037398218,-0.000000000016780824595549445,10120,557,1899.09
2026-08-07 03:17:29,okx,ETH,ETH-USD-260807-1750-C,2026-08-07,1750,call,0.0785319179234335,0.068,,0.5747513154094652,0.9214632296827447,-1.8429262703400529,0.0000000000005839334037398218,-0.000000000016780824595549445,1,0,1899.09
2026-08-07 03:17:29,okx,ETH,ETH-USD-260807-1600-P,2026-08-07,1600,put,0.0000000000000001,,0.0015,0.5757907948974293,-0.00000000000000000000000000000000000004475002200114578,0.00000000000000000000000000000000004337029817503588,0.00000000000000000000000000000000000000013394394135473379,-0.000000000000000000000000000000000000003856184423216842,5361,0,1899.09
2026-08-07 03:17:29,okx,ETH,ETH-USD-260807-1600-C,2026-08-07,1600,call,0.1575148963863807,0.0055,,0.5757907948974293,0.8424806675047914,-1.684961335009583,0.00000000000000000000000000000000000000013394394135473379,-0.000000000000000000000000000000000000003856184423216842,0,0,1899.09
2026-08-07 03:17:29,okx,ETH,ETH-USD-260807-1650-P,2026-08-07,1650,put,0.0000000000000001,,0.0012,0.5757839699733165,-0.00000000000000000000000002770466891334189,0.000000000000000000000022100688383841627,0.00000000000000000000000000006822417078463115,-0.000000000000000000000000001964119195125624,10415,0,1899.09
2026-08-07 03:17:29,okx,ETH,ETH-USD-260807-1650-C,2026-08-07,1650,call,0.1311872368984551,0.028,,0.5757839699733165,0.8688081883643162,-1.7376163767286323,0.00000000000000000000000000006822417078463115,-0.000000000000000000000000001964119195125624,0,0,1899.09
2026-08-07 03:17:29,okx,ETH,ETH-USD-260807-1900-P,2026-08-07,1900,put,0.0028979612709474,0.0027,0.003,0.28823885155766976,-0.5281534604997354,60.63684180080891,0.00009230389170619857,-0.00133027838698491,20612,12103,1899.09
2026-08-07 03:17:29,okx,ETH,ETH-USD-260807-1900-C,2026-08-07,1900,call,0.0024469007297744,0.0022,0.0025,0.28823885155766976,0.47229233216220445,58.635950215485025,0.00009230389170619857,-0.00133027838698491,23402,10241,1899.09
2026-08-07 03:17:29,okx,ETH,ETH-USD-260807-1950-P,2026-08-07,1950,put,0.0268104911547123,0.026,0.027,0.4775241199580485,-1.0181731941149752,4.152991724003509,0.000005432584652722083,-0.00012970951026943566,11186,213,1899.09
2026-08-07 03:17:29,okx,ETH,ETH-USD-260807-1950-C,2026-08-07,1950,call,0.0000317711256137,,0.0002,0.4775241199580485,0.008600119406489465,2.0994450969605793,0.000005432584652722083,-0.00012970951026943566,24301,10762,1899.09
2026-08-07 03:17:29,okx,ETH,ETH-USD-260807-1800-P,2026-08-07,1800,put,0.0000000597445562,,0.0002,0.564869435932966,-0.000020616551175678446,0.006825819926948516,0.000000020598451664253867,-0.0000005817717886339774,16101,3220,1899.09
2026-08-07 03:17:29,okx,ETH,ETH-USD-260807-1800-C,2026-08-07,1800,call,0.0522043181792345,0.0515,0.0535,0.564869435932966,0.9477701343917146,-1.888755681958832,0.000000020598451664253867,-0.0000005817717886339774,1201,2,1899.09
2026-08-07 03:17:29,okx,ETH,ETH-USD-260807-1850-P,2026-08-07,1850,put,0.0000362884741506,,0.0001,0.48381176563339723,-0.009589158485767189,2.302260757508243,0.0000059369188817837605,-0.0001436175603309028,13725,7941,1899.09
2026-08-07 03:17:29,okx,ETH,ETH-USD-260807-1850-C,2026-08-07,1850,call,0.0259128874209033,0.025,0.0265,0.48381176563339723,0.964529113316648,0.3540242139034129,0.0000059369188817837605,-0.0001436175603309028,12379,0,1899.09
2026-08-07 03:17:29,okx,ETH,ETH-USD-260807-2100-P,2026-08-07,2100,put,0.1057697471750466,0.1045,0.1075,1.3848081857797159,-1.1048448891821907,2.3067436351613595,0.0000007223796715656445,-0.00005001786412124837,1000,0,1899.09
2026-08-07 03:17:29,okx,ETH,ETH-USD-260807-2100-C,2026-08-07,2100,call,0.0000080486821712,,0.0002,1.3848081857797159,0.0009109869178482257,0.09523188296128182,0.0000007223796715656445,-0.00005001786412124837,10266,0,1899.09
2026-08-07 03:17:29,okx,ETH,ETH-USD-260807-2150-P,2026-08-07,2150,put,0.1320905533035417,0.027,,1.4694696825406717,-1.1319398513755095,2.280317795803948,0.00000012983003091452852,-0.000009539064715610891,1,0,1899.09
2026-08-07 03:17:29,okx,ETH,ETH-USD-260807-2150-C,2026-08-07,2150,call,0.0000011953227407,,0.0002,1.4694696825406717,0.0001435455840543182,0.01615100188482088,0.00000012983003091452852,-0.000009539064715610891,7269,0,1899.09
2026-08-07 03:17:29,okx,ETH,ETH-USD-260807-2000-P,2026-08-07,2000,put,0.0531482520954157,0.052,0.0545,0.8910163945656895,-1.04683317006118,2.954279904850304,0.000004121515881757931,-0.00018361691105545905,1886,2,1899.09
2026-08-07 03:17:29,okx,ETH,ETH-USD-260807-2000-C,2026-08-07,2000,call,0.0000418725783915,,0.0001,0.8910163945656895,0.006267664319809595,0.8480782360883252,0.000004121515881757931,-0.00018361691105545905,24030,3950,1899.09
2026-08-07 03:17:29,okx,ETH,ETH-USD-260807-2050-P,2026-08-07,2050,put,0.0794623997663614,0.0775,0.081,1.2094466487783593,-1.076111253686249,2.5121505054230897,0.0000023397283746170326,-0.0001414888320866104,1000,1,1899.09
2026-08-07 03:17:29,okx,ETH,ETH-USD-260807-2050-C,2026-08-07,2050,call,0.0000283607614117,,0.0002,1.2094466487783593,0.0033171015542651505,0.3532937949420617,0.0000023397283746170326,-0.0001414888320866104,8285,1506,1899.09
2026-08-07 03:17:29,okx,ETH,ETH-USD-261030-1100-P,2026-10-30,1100,put,0.0047523442314528,0.0045,0.0049,0.684298470811507,-0.037396209484729354,0.2967993922390722,0.0003504384184893741,-0.0001424081650174176,605,0,1899.09
2026-08-07 03:17:29,okx,ETH,ETH-USD-261030-1100-C,2026-10-30,1100,call,0.4288384699342263,0.4265,,0.684298470811507,0.5385146495847326,-0.8550223258998515,0.0003504384184893741,-0.0001424081650174176,0,0,1899.09
2026-08-07 03:17:29,okx,ETH,ETH-USD-261030-1200-P,2026-10-30,1200,put,0.006939911105441,0.0065,0.007,0.6411072329380644,-0.05505221630401948,0.4349135712136269,0.0004803507163066185,-0.00018288021704760698,1922,0,1899.09
2026-08-07 03:17:29,okx,ETH,ETH-USD-261030-1200-C,2026-10-30,1200,call,0.3786702300539213,,,0.6411072329380644,0.5732141754081207,-0.8216192122106536,0.0004803507163066185,-0.00018288021704760698,0,0,1899.09
2026-08-07 03:17:29,okx,ETH,ETH-USD-260807-2200-P,2026-08-07,2200,put,0.1584171238560789,0.1415,,1.508504605256698,-1.1583969039102247,2.318572099061177,0.000000014418252447305352,-0.000001087500010825689,1,0,1899.09
2026-08-07 03:17:29,okx,ETH,ETH-USD-260807-2200-C,2026-08-07,2200,call,0.0000001063873522,,0.0001,1.508504605256698,0.000014013908863684829,0.0017502634230002112,0.000000014418252447305352,-0.000001087500010825689,10660,0,1899.09
2026-08-07 03:17:29,okx,ETH,ETH-USD-260807-2250-P,2026-08-07,2250,put,0.1847446831473288,0.0055,,1.526329565956067,-1.184737537262947,2.369602478044178,0.0000000010451841949373445,-0.00000007976477693014291,1,0,1899.09
2026-08-07 03:17:29,okx,ETH,ETH-USD-260807-2250-C,2026-08-07,2250,call,0.0000000061906766,,0.0004,1.526329565956067,0.0000009014156662157265,0.00012560068695194717,0.0000000010451841949373445,-0.00000007976477693014291,2347,0,1899.09
2026-08-07 03:17:29,okx,ETH,ETH-USD-261030-1450-P,2026-10-30,1450,put,0.018806509823318,0.0185,0.019,0.5628819052101278,-0.14296896408014664,1.0438201089539876,0.0009840530464814293,-0.00032893751500209366,1779,0,1899.09
2026-08-07 03:17:29,okx,ETH,ETH-USD-261030-1450-C,2026-10-30,1450,call,0.2596473118860651,,,0.5628819052101278,0.6161862592386895,-0.4744903376836847,0.0009840530464814293,-0.00032893751500209366,0,0,1899.09
2026-08-07 03:17:29,okx,ETH,ETH-USD-261030-1500-P,2026-10-30,1500,put,0.0229344232791372,0.0225,0.023,0.5515903578876686,-0.17103540705879863,1.2147218054144668,0.0011103420273737134,-0.0003637064924388869,3514,0,1899.09
2026-08-07 03:17:29,okx,ETH,ETH-USD-261030-1500-C,2026-10-30,1500,call,0.2375973219647377,,,0.5515903578876686,0.6142975825813767,-0.35594417386588406,0.0011103420273737134,-0.0003637064924388869,0,0,1899.09
2026-08-07 03:17:29,okx,ETH,ETH-USD-261030-1300-P,2026-10-30,1300,put,0.0102977214384579,0.01,0.0105,0.6051019377732493,-0.08118801260779371,0.6288904473555208,0.0006511681413720272,-0.00023399107751698878,7639,784,1899.09
2026-08-07 03:17:29,okx,ETH,ETH-USD-261030-1300-C,2026-10-30,1300,call,0.329672233632645,,,0.6051019377732493,0.5994339117470249,-0.7323534013541163,0.0006511681413720272,-0.00023399107751698878,0,0,1899.09
2026-08-07 03:17:29,okx,ETH,ETH-USD-261030-1400-P,2026-10-30,1400,put,0.0153905273312468,0.015,0.0155,0.5755063394543848,-0.11885494401540403,0.888578030471551,0.0008640575179207413,-0.0002953047103578441,1458,0,1899.09
2026-08-07 03:17:29,okx,ETH,ETH-USD-261030-1400-C,2026-10-30,1400,call,0.2824092327711406,,,0.5755063394543848,0.614122512982093,-0.577376883523443,0.0008640575179207413,-0.0002953047103578441,0,0,1899.09
2026-08-07 03:17:29,okx,ETH,ETH-USD-261030-1650-P,2026-10-30,1650,put,0.0406227538885888,0.04,0.041,0.5249077112060689,-0.2805560617792725,1.7940354051562992,0.0014928581132153684,-0.0004653493319748081,2604,0,1899.09
2026-08-07 03:17:29,okx,ETH,ETH-USD-261030-1650-C,2026-10-30,1650,call,0.1767519424427494,0.175,0.1795,0.5249077112060689,0.5833102268249203,0.06630282794791358,0.0014928581132153684,-0.0004653493319748081,990,0,1899.09
2026-08-07 03:17:29,okx,ETH,ETH-USD-261030-1700-P,2026-10-30,1700,put,0.0486087131907926,0.048,0.049,0.5181613459898264,-0.32536704534273847,1.995714422133018,0.0016076091592879262,-0.0004946785661628398,2919,0,1899.09
2026-08-07 03:17:29,okx,ETH,ETH-USD-261030-1700-C,2026-10-30,1700,call,0.1585599983678064,0.1575,0.16,0.5181613459898264,0.5646770095827935,0.2156263122819539,0.0016076091592879262,-0.0004946785661628398,100,0,1899.09
2026-08-07 03:17:29,okx,ETH,ETH-USD-261030-1550-P,2026-10-30,1550,put,0.0278784001937877,0.0275,0.028,0.5415492710210144,-0.20327615736767754,1.3990517968056009,0.0012398461297362525,-0.0003987340973142351,1308,0,1899.09
2026-08-07 03:17:29,okx,ETH,ETH-USD-261030-1550-C,2026-10-30,1550,call,0.2163633955022416,,,0.5415492710210144,0.6082345985938369,-0.22396971511742814,0.0012398461297362525,-0.0003987340973142351,0,0,1899.09
2026-08-07 03:17:29,okx,ETH,ETH-USD-261030-1600-P,2026-10-30,1600,put,0.0337418503660233,0.0335,0.034,0.5326800013191226,-0.2397953699326937,1.5935449718777004,0.0013687787877090984,-0.00043298940304670907,5145,0,1899.09
2026-08-07 03:17:29,okx,ETH,ETH-USD-261030-1600-C,2026-10-30,1600,call,0.1960489422973305,0.1945,0.199,0.5326800013191226,0.5978931523501599,-0.08183207268800678,0.0013687787877090984,-0.00043298940304670907,1340,0,1899.09
2026-08-07 03:17:29,okx,ETH,ETH-USD-261030-1850-P,2026-10-30,1850,put,0.0798242280147008,0.0795,0.08,0.5034225912028086,-0.47997938210248114,2.5579886769704805,0.0018557400106005634,-0.0005547884887584758,955,208,1899.09
2026-08-07 03:17:29,okx,ETH,ETH-USD-261030-1850-C,2026-10-30,1850,call,0.1112418030602746,0.1105,0.1115,0.5034225912028086,0.4885979717870684,0.6208339691913815,0.0018557400106005634,-0.0005547884887584758,80,0,1899.09
2026-08-07 03:17:29,okx,ETH,ETH-USD-261030-1900-P,2026-10-30,1900,put,0.092752913991028,0.0925,0.093,0.500142476637499,-0.5362911128505996,2.716719802604575,0.0018968431560918361,-0.0005633817461397568,3276,851,1899.09
2026-08-07 03:17:29,okx,ETH,ETH-USD-261030-1900-C,2026-10-30,1900,call,0.0979925856594552,0.0975,0.0985,0.500142476637499,0.458464007360289,0.7272095621827975,0.0018968431560918361,-0.0005633817461397568,982,0,1899.09
2026-08-07 03:17:29,okx,ETH,ETH-USD-261030-1750-P,2026-10-30,1750,put,0.0577722518590714,0.0575,0.058,0.5123735756801358,-0.37388311533422774,2.1934886631613186,0.0017087210521634817,-0.0005199187782658407,1431,0,1899.09
2026-08-07 03:17:29,okx,ETH,ETH-USD-261030-1750-C,2026-10-30,1750,call,0.1415456336589384,0.141,0.143,0.5123735756801358,0.5423387059126434,0.36104502066757627,0.0017087210521634817,-0.0005199187782658407,350,0,1899.09
2026-08-07 03:17:29,okx,ETH,ETH-USD-261030-1800-P,2026-10-30,1800,put,0.0681668617762271,0.068,0.0685,0.5074807096940357,-0.4256195042569658,2.382391490048652,0.001792410615769535,-0.0005401752171272866,548,160,1899.09
2026-08-07 03:17:29,okx,ETH,ETH-USD-261030-1800-C,2026-10-30,1800,call,0.1257623401989476,0.125,0.1265,0.5074807096940357,0.5167800833112446,0.4975923149122308,0.001792410615769535,-0.0005401752171272866,100,0,1899.09
2026-08-07 03:17:29,okx,ETH,ETH-USD-261030-2050-P,2026-10-30,2050,put,0.1389111263135647,0.1385,0.14,0.4944014724778307,-0.7099893763736239,3.073321373524672,0.001885567757169091,-0.000553604367874935,590,0,1899.09
2026-08-07 03:17:29,okx,ETH,ETH-USD-261030-2050-C,2026-10-30,2050,call,0.0656170878505518,0.0655,0.066,0.4944014724778307,0.3632990428012824,0.9267445351748594,0.001885567757169091,-0.000553604367874935,737,116,1899.09
2026-08-07 03:17:29,okx,ETH,ETH-USD-261030-2100-P,2026-10-30,2100,put,0.1565716972550754,0.154,0.1595,0.49365679339845714,-0.7673634331125783,3.1520281634672833,0.0018416859676529222,-0.0005399061894185166,910,0,1899.09
2026-08-07 03:17:29,okx,ETH,ETH-USD-261030-2100-C,2026-10-30,2100,call,0.0570997554149159,0.057,0.0575,0.49365679339845714,0.33210275238366715,0.9530957924747925,0.0018416859676529222,-0.0005399061894185166,4116,60,1899.09
2026-08-07 03:17:29,okx,ETH,ETH-USD-261030-1950-P,2026-10-30,1950,put,0.1069385974093287,0.1065,0.1075,0.49758690484111845,-0.5938505727906166,2.856129930806336,0.001915032473443292,-0.0005658778493955406,620,400,1899.09
2026-08-07 03:17:29,okx,ETH,ETH-USD-261030-1950-C,2026-10-30,1950,call,0.0860003657006092,0.0855,0.0865,0.49758690484111845,0.42708231374161126,0.8142641577418804,0.001915032473443292,-0.0005658778493955406,840,100,1899.09
2026-08-07 03:17:29,okx,ETH,ETH-USD-261030-2000-P,2026-10-30,2000,put,0.1223441108067076,0.122,0.123,0.49569698470302065,-0.651963882699986,2.974997348049505,0.0019107784629439173,-0.000562476294527474,736,0,1899.09
2026-08-07 03:17:29,okx,ETH,ETH-USD-261030-2000-C,2026-10-30,2000,call,0.0752279757208415,0.075,0.0755,0.49569698470302065,0.395146770153581,0.8807760423423705,0.0019107784629439173,-0.000562476294527474,1610,720,1899.09
2026-08-07 03:17:29,okx,ETH,ETH-USD-260810-1700-P,2026-08-10,1700,put,0.0002376756400217,0.0001,0.0003,0.5417669829130429,-0.013439862274240565,0.6960454977529937,0.00003174568438139997,-0.0002690518132015177,0,0,1899.09
2026-08-07 03:17:29,okx,ETH,ETH-USD-261030-2300-P,2026-10-30,2300,put,0.2365113246144558,,,0.495435820748676,-0.9824704186043028,3.3117446077668613,0.0015391865278263776,-0.00045285197501929186,0,0,1899.09
2026-08-07 03:17:29,okx,ETH,ETH-USD-260808-1920-C,2026-08-08,1920,call,0.0042611639424732,0.0045,0.0046,0.37240334162570893,0.3091442539894877,16.008479620375997,0.0002029202009074806,-0.003158727158481832,10211,10739,1899.09
2026-08-07 03:17:29,okx,ETH,ETH-USD-261030-2300-C,2026-10-30,2300,call,0.0323277692657097,0.032,0.0325,0.495435820748676,0.2217068321772993,0.9033901062036567,0.0015391865278263776,-0.00045285197501929186,3528,203,1899.09
2026-08-07 03:17:29,okx,ETH,ETH-USD-261030-2400-P,2026-10-30,2400,put,0.28085785220862,,,0.4987177794137298,-1.0785986300088435,3.3338885874435404,0.0013536828602549165,-0.00040091230913986823,0,0,1899.09
2026-08-07 03:17:29,okx,ETH,ETH-USD-260810-1700-C,2026-08-10,1700,call,0.1055478820920856,0.0965,,0.5417669829130429,0.8812546399445161,-1.0933435066845196,0.00003174568438139997,-0.0002690518132015177,0,0,1899.09
2026-08-07 03:17:29,okx,ETH,ETH-USD-261030-2400-C,2026-10-30,2400,call,0.0243184901055806,0.024,0.0245,0.4987177794137298,0.17793415341543714,0.8208230205949791,0.0013536828602549165,-0.00040091230913986823,3007,569,1899.09
2026-08-07 03:17:29,okx,ETH,ETH-USD-261030-2150-P,2026-10-30,2150,put,0.1752477590598691,0.1715,0.1775,0.49342362786176924,-0.8236158230371294,3.2128309399943706,0.001781968756329353,-0.0005221528303837545,630,0,1899.09
2026-08-07 03:17:29,okx,ETH,ETH-USD-261030-2150-C,2026-10-30,2150,call,0.049597913842563,0.0495,0.05,0.49342362786176924,0.3020281287804552,0.9615430363592015,0.001781968756329353,-0.0005221528303837545,1724,164,1899.09
2026-08-07 03:17:29,okx,ETH,ETH-USD-261030-2200-P,2026-10-30,2200,put,0.1948547091274768,0.192,0.197,0.49366509615871895,-0.8783786356668736,3.257991660310006,0.0017095446679981894,-0.0005011762522402447,330,0,1899.09
2026-08-07 03:17:29,okx,ETH,ETH-USD-261030-2200-C,2026-10-30,2200,call,0.0430269605330241,0.043,0.0435,0.49366509615871895,0.2734430824720501,0.9543482240321584,0.0017095446679981894,-0.0005011762522402447,1303,567,1899.09
2026-08-07 03:17:29,okx,ETH,ETH-USD-261030-2800-P,2026-10-30,2800,put,0.4743704645846844,,,0.5229465133105161,-1.3932097879256131,3.3847630154269153,0.0007217841346241184,-0.00022415179067471373,0,0,1899.09
2026-08-07 03:17:29,okx,ETH,ETH-USD-261030-2800-C,2026-10-30,2800,call,0.0084078754644717,0.0085,0.009,0.5229465133105161,0.07274512606938086,0.45285318743692793,0.0007217841346241184,-0.00022415179067471373,2649,894,1899.09
2026-08-07 03:17:29,okx,ETH,ETH-USD-261030-3000-P,2026-10-30,3000,put,0.5759944342885631,,,0.5395632472884345,-1.5225812346081347,3.4645475638044707,0.000521981218865002,-0.000167253358049965,0,0,1899.09
2026-08-07 03:17:29,okx,ETH,ETH-USD-261030-3000-C,2026-10-30,3000,call,0.0053202316597637,0.005,0.0055,0.5395632472884345,0.04808474467221601,0.32321560524376974,0.000521981218865002,-0.000167253358049965,1899,0,1899.09
2026-08-07 03:17:29,okx,ETH,ETH-USD-261030-2500-P,2026-10-30,2500,put,0.3272786889470245,,,0.5032907780289927,-1.1668486250974688,3.3420102125078253,0.0011706143653997308,-0.00034987300193124797,0,0,1899.09
2026-08-07 03:17:29,okx,ETH,ETH-USD-261030-2500-C,2026-10-30,2500,call,0.0183835200896919,0.018,0.0185,0.5032907780289927,0.14203969096949012,0.7242335803739077,0.0011706143653997308,-0.00034987300193124797,2055,355,1899.09
2026-08-07 03:17:29,okx,ETH,ETH-USD-260807-1910-C,2026-08-07,1910,call,0.0007270115240824,0.0007,0.0008,0.2873057508362637,0.19646774992205865,41.281945885062676,0.00006435492479381777,-0.0009244769993949548,6246,7159,1899.09
2026-08-07 03:17:29,okx,ETH,ETH-USD-260808-1920-P,2026-08-08,1920,put,0.0149051874223304,0.0145,0.016,0.37240334162570893,-0.701505089317029,18.029778306989034,0.0002029202009074806,-0.003158727158481832,1283,1774,1899.09
2026-08-07 03:17:29,okx,ETH,ETH-USD-261030-2600-P,2026-10-30,2600,put,0.3752596285384593,,,0.5089620531360642,-1.247983472612716,3.3487144894251286,0.0010011644209167653,-0.0003025996492589156,0,0,1899.09
2026-08-07 03:17:29,okx,ETH,ETH-USD-260807-1910-P,2026-08-07,1910,put,0.0064436039628406,0.005,0.0075,0.2873057508362637,-0.8092435469117861,43.293368478730365,0.00006435492479381777,-0.0009244769993949548,3638,7236,1899.09
2026-08-07 03:17:29,okx,ETH,ETH-USD-261030-2600-C,2026-10-30,2600,call,0.0140086529268332,0.014,0.0145,0.5089620531360642,0.11326037609692141,0.6262267920058538,0.0010011644209167653,-0.0003025996492589156,1662,60,1899.09
2026-08-07 03:17:29,okx,ETH,ETH-USD-261030-3200-P,2026-10-30,3200,put,0.6789472817294516,0.6705,0.6845,0.557969546586171,-1.6423426584542218,3.5837526102066066,0.0003849275032167937,-0.000127546060209302,100,0,1899.09
2026-08-07 03:17:29,okx,ETH,ETH-USD-261030-3200-C,2026-10-30,3200,call,0.0035614655920658,0.0036,0.0039,0.557969546586171,0.03303438611148546,0.2329985210751926,0.0003849275032167937,-0.000127546060209302,225,0,1899.09
2026-08-07 03:17:29,okx,ETH,ETH-USD-261225-1500-C,2026-12-25,1500,call,0.2617250869439429,0.2605,0.263,0.5646803964781879,0.5483194699775471,-0.32133584351997835,0.0016815800528516835,-0.000338652336210496,666,0,1899.09
2026-08-07 03:17:29,okx,ETH,ETH-USD-261225-1500-P,2026-12-25,1500,put,0.0436051495070402,0.043,0.0435,0.5646803964781879,-0.23356466818300928,1.2424324328011345,0.0016815800528516835,-0.000338652336210496,20445,0,1899.09
2026-08-07 03:17:29,okx,ETH,ETH-USD-260828-1000-C,2026-08-28,1000,call,0.4742996412441572,0.473,,0.8200593186711872,0.5251437415675826,-1.042985114964098,0.000003477552853578331,-0.0000031469942746554543,5,0,1899.09
2026-08-07 03:17:29,okx,ETH,ETH-USD-260828-1000-P,2026-08-28,1000,put,0.0000215676118261,,,0.8200593186711872,-0.000420964043129303,0.008144296257325677,0.000003477552853578331,-0.0000067269916045526405,3864,0,1899.09
2026-08-07 03:17:29,okx,ETH,ETH-USD-260828-1550-C,2026-08-28,1550,call,0.1886354474128661,0.187,0.19,0.5599181443417441,0.7548243190372518,-0.6689000684246759,0.0002733728775172058,-0.0003596469328305102,571,0,1899.09
2026-08-07 03:17:29,okx,ETH,ETH-USD-260828-1550-P,2026-08-28,1550,put,0.0034164424814062,0.0034,0.0035,0.5599181443417441,-0.05980097465935167,0.9603505189685311,0.0002733728775172058,-0.000361044998886194,12349,0,1899.09
2026-08-07 03:17:29,okx,ETH,ETH-USD-261225-2100-P,2026-12-25,2100,put,0.1870850493898447,0.187,0.188,0.5220555624081934,-0.733936692875982,2.6923864289985366,0.002455406835668676,-0.0004571660863504705,511,190,1899.09
2026-08-07 03:17:29,okx,ETH,ETH-USD-261225-2100-C,2026-12-25,2100,call,0.0924529618015084,0.092,0.093,0.5220555624081934,0.36070110054879695,0.5031108421489789,0.002455406835668676,-0.0004571660863504705,2148,0,1899.09
2026-08-07 03:17:29,okx,ETH,ETH-USD-260925-2300-C,2026-09-25,2300,call,0.0140955215416969,0.014,0.0145,0.47891725471561825,0.1495888608270117,1.1053313981231678,0.0009066163985420407,-0.00044128855881164596,14890,0,1899.09
2026-08-07 03:17:29,okx,ETH,ETH-USD-260925-2300-P,2026-09-25,2300,put,0.2205186240270795,0.2185,0.2225,0.47891725471561825,-1.0568405697641823,3.518190259305556,0.0009066163985420407,-0.00044128855881164596,238,0,1899.09
2026-08-07 03:17:29,okx,ETH,ETH-USD-260808-1910-P,2026-08-08,1910,put,0.0115198392268596,0.0115,0.012,0.3739099722039512,-0.6064442242964918,19.320460211044004,0.00022188663146248148,-0.003467938974078036,2399,1490,1899.09
2026-08-07 03:17:29,okx,ETH,ETH-USD-260807-1930-P,2026-08-07,1930,put,0.016319196022653,0.0145,0.017,0.3495554433572086,-0.9926908280797706,8.86224589855441,0.000012920211291610393,-0.00022581650931538421,472,0,1899.09
2026-08-07 03:17:29,okx,ETH,ETH-USD-260808-1910-C,2026-08-08,1910,call,0.0061395867026266,0.006,0.0065,0.3739099722039512,0.39894132034697044,17.309689121757078,0.00022188663146248148,-0.003467938974078036,1063,899,1899.09
2026-08-07 03:17:29,okx,ETH,ETH-USD-260807-1920-P,2026-08-07,1920,put,0.0111802898918518,0.0095,0.012,0.3085071167137297,-0.9472685226008848,19.39012463330907,0.0000290106069667144,-0.00044749893547081496,3847,2213,1899.09
2026-08-07 03:17:29,okx,ETH,ETH-USD-260807-1930-C,2026-08-07,1930,call,0.0000715397887246,0.0001,0.0002,0.3495554433572086,0.023551477097884136,6.829761288199098,0.000012920211291610393,-0.00022581650931538421,5297,8228,1899.09
2026-08-07 03:17:29,okx,ETH,ETH-USD-260807-1920-C,2026-08-07,1920,call,0.0001981655555085,0.0002,0.0003,0.3085071167137297,0.06370827840486501,17.36817103129757,0.0000290106069667144,-0.00044749893547081496,8322,14154,1899.09
