snapshot_utc,exchange,underlying,instrument,expiry,strike,type,mark_price,bid,ask,mark_iv,delta,gamma,vega,theta,open_interest,volume_24h,underlying_price
2026-08-18 01:52:04,okx,BTC,BTC-USD-270326-90000-C,2027-03-26,90000,call,0.0288012125752953,0.028,0.029,0.3943306552286199,0.16553225711557792,0.5669358647114014,0.002136834826601642,-0.00019128227847173534,3532,160,64148.6
2026-08-18 01:52:04,okx,BTC,BTC-USD-270326-85000-P,2027-03-26,85000,put,0.3282214568827157,0.3195,0.3365,0.3939098778084564,-1.0790899577450086,3.1951087767609367,0.0024647888855963856,-0.00022040418723794964,518,0,64148.6
2026-08-18 01:52:04,okx,BTC,BTC-USD-270326-85000-C,2027-03-26,85000,call,0.0394247194724572,0.0385,0.0395,0.3939098778084564,0.20994515157291643,0.6170385581250869,0.0024647888855963856,-0.00022040418723794964,5387,234,64148.6
2026-08-18 01:52:04,okx,BTC,BTC-USD-270326-80000-P,2027-03-26,80000,put,0.2669336217454778,0.2575,0.277,0.39466714081488713,-0.9504148854821846,3.06209845126783,0.002765652275805135,-0.0002477831601790921,2575,0,64148.6
2026-08-18 01:52:04,okx,BTC,BTC-USD-270326-100000-C,2027-03-26,100000,call,0.0155818458578936,0.0155,0.0165,0.3979476918607595,0.10099847658895711,0.4318488669808515,0.0015221011490590326,-0.00013750318138602065,59253,0,64148.6
2026-08-18 01:52:04,okx,BTC,BTC-USD-270326-95000-P,2027-03-26,95000,put,0.4615334689598831,0.446,0.4905,0.3957309711827924,-1.311183731349426,3.3827233094014306,0.0018157281372079594,-0.0001631150776047485,3,0,64148.6
2026-08-18 01:52:04,okx,BTC,BTC-USD-270326-95000-C,2027-03-26,95000,call,0.0211135859719469,0.0205,0.0215,0.3957309711827924,0.12950256730001974,0.5013507121025392,0.0018157281372079594,-0.0001631150776047485,2849,0,64148.6
2026-08-18 01:52:04,okx,BTC,BTC-USD-270326-90000-P,2027-03-26,90000,put,0.3934095227743927,0.379,0.51,0.3943306552286199,-1.1993284468681071,3.296657272678772,0.002136834826601642,-0.00019128227847173534,4,0,64148.6
2026-08-18 01:52:04,okx,BTC,BTC-USD-270326-110000-C,2027-03-26,110000,call,0.0087428345800295,0.009,0.01,0.4043132644551687,0.06175968599988726,0.3062138095795794,0.0010484573566934983,-0.00009623033630098714,3582,0,64148.6
2026-08-18 01:52:04,okx,BTC,BTC-USD-270326-105000-P,2027-03-26,105000,put,0.6036494896778464,0.587,0.615,0.4008458782382926,-1.513510585156621,3.5502535003893443,0.001265627451299727,-0.00011516660140094178,10,0,64148.6
2026-08-18 01:52:04,okx,BTC,BTC-USD-270326-105000-C,2027-03-26,105000,call,0.0116064611122326,0.0115,0.0125,0.4008458782382926,0.07882690282434501,0.365578524427412,0.001265627451299727,-0.00011516660140094178,1722,0,64148.6
2026-08-18 01:52:04,okx,BTC,BTC-USD-270326-100000-P,2027-03-26,100000,put,0.5318133016346687,0.5195,0.543,0.3979476918607595,-1.4155134167262489,3.464872653611263,0.0015221011490590326,-0.00013750318138602065,33,0,64148.6
2026-08-18 01:52:04,okx,BTC,BTC-USD-270326-130000-C,2027-03-26,130000,call,0.0032149584169242,0.0036,0.0041,0.4222065651790499,0.02514658540744797,0.1476467377640273,0.0005043037998092153,-0.00004833486002227261,1044,0,64148.6
2026-08-18 01:52:04,okx,BTC,BTC-USD-270326-120000-P,2027-03-26,120000,put,0.8246342902238637,0.799,1.6875,0.41259508474953877,-1.7811185911949103,3.8517914510868128,0.0007209213954880063,-0.00006752354071084113,1,0,64148.6
2026-08-18 01:52:04,okx,BTC,BTC-USD-270326-120000-C,2027-03-26,120000,call,0.0051565432917337,0.0055,0.0065,0.41259508474953877,0.03869568078333662,0.21216290713031877,0.0007209213954880063,-0.00006752354071084113,2038,0,64148.6
2026-08-18 01:52:04,okx,BTC,BTC-USD-270326-110000-P,2027-03-26,110000,put,0.6765974359344817,0.658,0.7685,0.4043132644551687,-1.6064033966468392,3.642539974873032,0.0010484573566934983,-0.00009623033630098714,5,0,64148.6
2026-08-18 01:52:04,okx,BTC,BTC-USD-270326-160000-C,2027-03-26,160000,call,0.001073762556517,0.0012,0.0019,0.4553599549048858,0.008858050470626775,0.05715777384562616,0.00020574014291709745,-0.000021267532989778697,556,0,64148.6
2026-08-18 01:52:04,okx,BTC,BTC-USD-270326-140000-P,2027-03-26,140000,put,1.1248433664874393,,2.821,0.4327275396734588,-2.1060803139537256,4.350972975783702,0.00036247372290415796,-0.00003560691160687017,0,0,64148.6
2026-08-18 01:52:04,okx,BTC,BTC-USD-270326-140000-C,2027-03-26,140000,call,0.0021193283999548,0.0023,0.0031,0.4327275396734588,0.01703633668756232,0.10473967450112572,0.00036247372290415796,-0.00003560691160687017,1622,0,64148.6
2026-08-18 01:52:04,okx,BTC,BTC-USD-270326-130000-P,2027-03-26,130000,put,0.9743158509267316,0.416,1.9905,0.4222065651790499,-1.9463188759023196,4.090577660383563,0.0005043037998092153,-0.00004833486002227261,0,0,64148.6
2026-08-18 01:52:04,okx,BTC,BTC-USD-270326-200000-C,2027-03-26,200000,call,0.000442028491977,0.0004,0.001,0.5024740561006602,0.003614106195332082,0.023495886800461753,0.00009315940252676326,-0.000010626336884980181,357,0,64148.6
2026-08-18 01:52:04,okx,BTC,BTC-USD-270326-180000-P,2027-03-26,180000,put,1.7298621028148604,,4.3335,0.4788998425977897,-2.724385142842606,5.4943382012477935,0.00013168543725613675,-0.00001431613176663637,0,0,64148.6
2026-08-18 01:52:04,okx,BTC,BTC-USD-260828-61000-P,2026-08-28,61000,put,0.0045670399030647,0.0042,0.0043,0.31709204660273066,-0.1642133335184188,4.899385765676222,0.0004072457500073748,-0.0006295861547280278,11948,7991,64148.6
2026-08-18 01:52:04,okx,BTC,BTC-USD-270326-180000-C,2027-03-26,180000,call,0.0006454824166656,0.0007,0.0013,0.4788998425977897,0.005336265124764492,0.03489538531305334,0.00013168543725613675,-0.00001431613176663637,11100,0,64148.6
2026-08-18 01:52:04,okx,BTC,BTC-USD-260828-61000-C,2026-08-28,61000,call,0.0548245729945263,0.0535,0.0565,0.31709204660273066,0.7855683723506144,2.9998223539381557,0.0004072457500073748,-0.0006295861547280278,421,0,64148.6
2026-08-18 01:52:04,okx,BTC,BTC-USD-270326-160000-P,2027-03-26,160000,put,1.4270440917993568,,3.5765,0.4553599549048858,-2.4175609788337025,4.909995832454284,0.00020574014291709745,-0.000021267532989778697,0,0,64148.6
2026-08-18 01:52:04,okx,BTC,BTC-USD-270326-200000-P,2027-03-26,200000,put,2.032904940045527,0.0001,5.092,0.5024740561006602,-3.0294096804350796,6.089543460061285,0.00009315940252676326,-0.000010626336884980181,0,0,64148.6
2026-08-18 01:52:04,okx,BTC,BTC-USD-260925-85000-P,2026-09-25,85000,put,0.3195072772388876,0.3165,0.322,0.37137394048511874,-1.3069624835045346,2.882506588540305,0.00010454149564421771,-0.00005074301622325529,2766,0,64148.6
2026-08-18 01:52:04,okx,BTC,BTC-USD-260925-85000-C,2026-09-25,85000,call,0.0005016937873939,0.0008,0.0009,0.37137394048511874,0.011968917715950564,0.24464378609933451,0.00010454149564421771,-0.00005074301622325529,13553,120,64148.6
2026-08-18 01:52:04,okx,BTC,BTC-USD-260925-45000-P,2026-09-25,45000,put,0.0018290135434283,0.0017,0.0018,0.588740169556458,-0.025695685014870923,0.34633778175064023,0.0001819984869185175,-0.00014004499413090035,19540,761,64148.6
2026-08-18 01:52:04,okx,BTC,BTC-USD-260925-45000-C,2026-09-25,45000,call,0.3035319399514611,0.3025,0.305,0.588740169556458,0.6725621156312683,-1.0501778195416385,0.0001819984869185175,-0.00014004499413090035,530,0,64148.6
2026-08-18 01:52:04,okx,BTC,BTC-USD-260828-64500-C,2026-08-28,64500,call,0.0161482033317965,0.016,0.0165,0.2714153720319816,0.45554254417369244,7.835668484292792,0.0006670297566255832,-0.0008826589079242939,1021,607,64148.6
2026-08-18 01:52:04,okx,BTC,BTC-USD-260828-64500-P,2026-08-28,64500,put,0.0203840904727919,0.0205,0.021,0.2714153720319816,-0.5487348333435639,9.844223239327306,0.0006670297566255832,-0.0008826589079242939,1609,712,64148.6
2026-08-18 01:52:04,okx,BTC,BTC-USD-260820-67000-P,2026-08-20,67000,put,0.0445090803895332,0.0055,0.156,0.2502255449871767,-1.0302317436289392,3.8868337587191903,0.000028240344767969118,-0.00015543309149179275,0,0,64148.6
2026-08-18 01:52:04,okx,BTC,BTC-USD-260819-64250-P,2026-08-19,64250,put,0.0053969201229982,0.0055,0.006,0.19551414304576709,-0.5568500000930308,35.61378736905719,0.00023201786465035695,-0.0018064175926972472,837,1063,64148.6
2026-08-18 01:52:04,okx,BTC,BTC-USD-260820-67000-C,2026-08-20,67000,call,0.0000964542947149,0.0001,0.0003,0.2502255449871767,0.014011433735531513,1.7983474039902494,0.000028240344767969118,-0.00015664692627177389,146,151,64148.6
2026-08-18 01:52:04,okx,BTC,BTC-USD-260819-64250-C,2026-08-19,64250,call,0.0038042846537957,0.0038,0.0039,0.19551414304576709,0.44466613326743,33.61075510233626,0.00023201786465035695,-0.0018064600729698563,1428,1428,64148.6
2026-08-18 01:52:04,okx,BTC,BTC-USD-260818-61750-C,2026-08-18,61750,call,0.0373437604571069,0.009,,0.41869680819193533,0.9622708510220367,-1.8309375482806913,0.0000002743398373745065,-0.000005481167319992463,0,0,64148.6
2026-08-18 01:52:04,okx,BTC,BTC-USD-260818-63400-P,2026-08-18,63400,put,0.0000662834136355,,0.0002,0.23667340227726083,-0.0297115930189273,10.817294903189179,0.000017822553231187698,-0.00021090571213114927,5379,8606,64148.6
2026-08-18 01:52:04,okx,BTC,BTC-USD-260818-61750-P,2026-08-18,61750,put,0.0000006510666063,,0.0001,0.41869680819193533,-0.00028068691722863456,0.09416552759783958,0.0000002743398373745065,-0.000005743255180511088,1600,1519,64148.6
2026-08-18 01:52:04,okx,BTC,BTC-USD-260818-63400-C,2026-08-18,63400,call,0.0116867641288784,0.011,0.0135,0.23667340227726083,0.9585599455292414,8.840751826092843,0.000017822553231187698,-0.00021082366264374124,1482,2792,64148.6
2026-08-18 01:52:04,okx,BTC,BTC-USD-260925-75000-P,2026-09-25,75000,put,0.1674899368596618,0.1655,0.1705,0.32227573484076866,-1.0868779711304692,3.605987607108525,0.0004837732720399977,-0.0002037725224057228,6971,0,64148.6
2026-08-18 01:52:04,okx,BTC,BTC-USD-260925-75000-C,2026-09-25,75000,call,0.0036614808730498,0.0042,0.0043,0.32227573484076866,0.07688502994642966,1.2784616049547273,0.0004837732720399977,-0.0002037725224057228,17091,1442,64148.6
2026-08-18 01:52:04,okx,BTC,BTC-USD-260925-40000-P,2026-09-25,40000,put,0.0011841544637902,0.0009,0.001,0.7043475722094344,-0.01488741390994207,0.18342345368185228,0.00011342706494812198,-0.00010441907941909977,70911,320,64148.6
2026-08-18 01:52:04,okx,BTC,BTC-USD-260925-40000-C,2026-09-25,40000,call,0.380475644604264,0.3795,0.3815,0.7043475722094344,0.605786186664404,-1.05792374746684,0.00011342706494812198,-0.00010441907941909977,973,0,64148.6
2026-08-18 01:52:04,okx,BTC,BTC-USD-261225-50000-C,2026-12-25,50000,call,0.2540147691600488,0.2535,0.256,0.4631021052002588,0.6090822788229562,-0.4289875921946279,0.0012942176419359335,-0.00022904774697402936,510,0,64148.6
2026-08-18 01:52:04,okx,BTC,BTC-USD-261225-45000-P,2026-12-25,45000,put,0.0131631259508904,0.0125,0.013,0.5073839760872098,-0.09710552104744392,0.7045040568298947,0.0009168800657113936,-0.00017981231440449523,24960,0,64148.6
2026-08-18 01:52:04,okx,BTC,BTC-USD-260828-46000-C,2026-08-28,46000,call,0.2838881365990505,0.283,0.2855,0.7202471017555918,0.7137763018014032,-1.366415655184747,0.00001237226328861827,-0.000043445413183341973,20,0,64148.6
2026-08-18 01:52:04,okx,BTC,BTC-USD-261225-45000-C,2026-12-25,45000,call,0.3223688038930365,0.322,0.3245,0.5073839760872098,0.5922344133518829,-0.6741758119687591,0.0009168800657113936,-0.00017640297979421208,174,0,64148.6
2026-08-18 01:52:04,okx,BTC,BTC-USD-260828-46000-P,2026-08-28,46000,put,0.0000873739399156,,0.0002,0.7202471017555918,-0.0024525255752447512,0.06604199956854885,0.00001237226328861827,-0.000043445413183341973,16197,6,64148.6
2026-08-18 01:52:04,okx,BTC,BTC-USD-261225-60000-C,2026-12-25,60000,call,0.1371676243348945,0.1365,0.138,0.4058783610863384,0.5404831914874288,0.40003846019607,0.002128670965578003,-0.00033270147747027667,1004,0,64148.6
2026-08-18 01:52:04,okx,BTC,BTC-USD-261225-55000-P,2026-12-25,55000,put,0.0353599226517561,0.035,0.0355,0.42959298023712816,-0.24911642480075952,1.6365665857703882,0.001731741014565056,-0.0002873901316068133,12561,1210,64148.6
2026-08-18 01:52:04,okx,BTC,BTC-USD-261225-55000-C,2026-12-25,55000,call,0.1913722023112452,0.191,0.193,0.42959298023712816,0.5934101616873066,-0.04848658720574415,0.001731741014565056,-0.0002856696834610519,680,0,64148.6
2026-08-18 01:52:04,okx,BTC,BTC-USD-261225-50000-P,2026-12-25,50000,put,0.0214057903592312,0.021,0.0215,0.4631021052002588,-0.15685098162074024,1.1028789286927647,0.0012942176419359335,-0.00023161263835205166,16745,295,64148.6
2026-08-18 01:52:04,okx,BTC,BTC-USD-261225-25000-P,2026-12-25,25000,put,0.0020684549030088,0.0017,0.002,0.7840895029038726,-0.013146522639681489,0.08871177128815169,0.00017331521880416042,-0.00005254537697685536,40960,0,64148.6
2026-08-18 01:52:04,okx,BTC,BTC-USD-261225-70000-C,2026-12-25,70000,call,0.0613834791934057,0.061,0.062,0.3823343727233921,0.3589440196352046,0.9986010658527162,0.0023240237117915364,-0.00034304251732906956,17318,198,64148.6
2026-08-18 01:52:04,okx,BTC,BTC-USD-261225-25000-C,2026-12-25,25000,call,0.6176609294104687,0.6175,0.6195,0.7840895029038726,0.3698201075821667,-0.6772214891555447,0.00017331521880416042,-0.0000457582694375286,1,0,64148.6
2026-08-18 01:52:04,okx,BTC,BTC-USD-261225-65000-P,2026-12-25,65000,put,0.0908195136391813,0.0905,0.0915,0.39068446498623494,-0.5390534609582883,2.777508976247826,0.0023511397343099214,-0.00035432317542300943,16722,89,64148.6
2026-08-18 01:52:04,okx,BTC,BTC-USD-260821-62250-C,2026-08-21,62250,call,0.0312330095170783,0.03,0.04,0.2661389214472569,0.8587638696797723,5.749657496373089,0.00017725146926194258,-0.0007236596985714053,0,0,64148.6
2026-08-18 01:52:04,okx,BTC,BTC-USD-261225-65000-C,2026-12-25,65000,call,0.0936383950160136,0.0935,0.0945,0.39068446498623494,0.4566597776185171,0.7860824990942147,0.0023511397343099214,-0.00035429161374176977,13617,315,64148.6
2026-08-18 01:52:04,okx,BTC,BTC-USD-260821-62250-P,2026-08-21,62250,put,0.0014110285198458,0.0014,0.0015,0.2661389214472569,-0.11106271253873426,7.689310660810103,0.00017725146926194258,-0.0007244839240437537,1898,2304,64148.6
2026-08-18 01:52:04,okx,BTC,BTC-USD-261225-60000-P,2026-12-25,60000,put,0.0577520438167336,0.0575,0.058,0.4058783610863384,-0.3786367210450069,2.2382782852609413,0.002128670965578003,-0.0003335774823837771,18266,0,64148.6
2026-08-18 01:52:04,okx,BTC,BTC-USD-260828-48000-C,2026-08-28,48000,call,0.2527941409218832,0.252,0.2545,0.6634662644491791,0.7434890126832282,-1.3864933625512477,0.000018731928914502082,-0.0000605919047522452,320,0,64148.6
2026-08-18 01:52:04,okx,BTC,BTC-USD-261225-35000-P,2026-12-25,35000,put,0.0054159443956066,0.005,0.0055,0.6289288011528383,-0.037620153994552805,0.26793810583133254,0.00042917497899774826,-0.00010435375027769155,23902,10,64148.6
2026-08-18 01:52:04,okx,BTC,BTC-USD-261225-80000-C,2026-12-25,80000,call,0.0243893684797518,0.024,0.0245,0.37805507646236225,0.1877839643836547,0.9126293498202347,0.0017246207662928274,-0.00025194486357274536,14427,26,64148.6
2026-08-18 01:52:04,okx,BTC,BTC-USD-260828-48000-P,2026-08-28,48000,put,0.000132475538438,,0.0002,0.6634662644491791,-0.0038801984924045625,0.1082450598000176,0.000018731928914502082,-0.0000605919047522452,9191,325,64148.6
2026-08-18 01:52:04,okx,BTC,BTC-USD-261225-35000-C,2026-12-25,35000,call,0.4678150206204096,0.4675,0.47,0.6289288011528383,0.4985331283160347,-0.8043684587898424,0.00042917497899774826,-0.00009925552920288659,150,0,64148.6
2026-08-18 01:52:04,okx,BTC,BTC-USD-261225-75000-P,2026-12-25,75000,put,0.1893860414874922,0.1825,0.1945,0.3784390556047701,-0.883408314745204,3.319987395611863,0.0020814755672245193,-0.0003026229892090438,3739,0,64148.6
2026-08-18 01:52:04,okx,BTC,BTC-USD-260828-52000-C,2026-08-28,52000,call,0.1906658477908399,0.1895,0.1925,0.5429748856098602,0.8003645113613533,-1.3335919024894938,0.0000407547148543047,-0.00010788743313138936,10,0,64148.6
2026-08-18 01:52:04,okx,BTC,BTC-USD-261225-30000-P,2026-12-25,30000,put,0.0034766371623095,0.0031,0.0033,0.7038248419388224,-0.02304282769175841,0.15950414717693198,0.00028268620728862483,-0.00007692606173447234,19910,0,64148.6
2026-08-18 01:52:04,okx,BTC,BTC-USD-261225-52000-P,2026-12-25,52000,put,0.0261519639444494,0.0255,0.026,0.4484509423461385,-0.18940193404399125,1.302010669461387,0.0014661219506901248,-0.00025404630612013403,7576,301,64148.6
2026-08-18 01:52:04,okx,BTC,BTC-USD-261225-75000-C,2026-12-25,75000,call,0.0390115245816675,0.0385,0.0395,0.3784390556047701,0.2654915759203406,1.022187614280774,0.0020814755672245193,-0.000304280313992326,8706,142,64148.6
2026-08-18 01:52:04,okx,BTC,BTC-USD-260828-52000-P,2026-08-28,52000,put,0.0002823769587742,0.0001,0.0003,0.5429748856098602,-0.009285467412248715,0.28570805505771024,0.0000407547148543047,-0.00010788743313138936,13296,202,64148.6
2026-08-18 01:52:04,okx,BTC,BTC-USD-261225-30000-C,2026-12-25,30000,call,0.542472412528441,0.542,0.5445,0.7038248419388224,0.4365171285744594,-0.7596157653555037,0.00028268620728862483,-0.00007098339742740649,4075,0,64148.6
2026-08-18 01:52:04,okx,BTC,BTC-USD-261225-52000-C,2026-12-25,52000,call,0.2281222630887358,0.2275,0.2295,0.4484509423461385,0.6071686568174531,-0.2911305122615018,0.0014661219506901248,-0.0002518191920350161,50,0,64148.6
2026-08-18 01:52:04,okx,BTC,BTC-USD-261225-70000-P,2026-12-25,70000,put,0.1351612969579018,0.1345,0.1365,0.3823343727233921,-0.7133625449859703,3.143214195095066,0.0023240237117915364,-0.00034222963577804826,10594,400,64148.6
2026-08-18 01:52:04,okx,BTC,BTC-USD-261225-90000-C,2026-12-25,90000,call,0.0096501907342161,0.0095,0.01,0.38531561809466036,0.08835293237671933,0.577319228335237,0.0010288654212385997,-0.00015324770239993687,15062,140,64148.6
2026-08-18 01:52:04,okx,BTC,BTC-USD-261225-85000-P,2026-12-25,85000,put,0.3188055861926745,0.31,0.323,0.3805255852599867,-1.1727147297821847,3.3498254132326823,0.0013534586024927658,-0.00019571315293425662,1681,0,64148.6
2026-08-18 01:52:04,okx,BTC,BTC-USD-261225-40000-P,2026-12-25,40000,put,0.0083455234579676,0.008,0.0085,0.5628370163674534,-0.06030070555690736,0.4379267346181296,0.0006324752616472748,-0.00013761205844455194,14381,0,64148.6
2026-08-18 01:52:04,okx,BTC,BTC-USD-261225-85000-C,2026-12-25,85000,call,0.0152376710041929,0.015,0.0155,0.3805255852599867,0.12937181297209924,0.745652327724114,0.0013534586024927658,-0.0001990593641820606,18968,0,64148.6
2026-08-18 01:52:04,okx,BTC,BTC-USD-261225-40000-C,2026-12-25,40000,call,0.3941479005414422,0.394,0.396,0.5628370163674534,0.5524459027980498,-0.7875664820917847,0.0006324752616472748,-0.0001333582806020079,1,0,64148.6
2026-08-18 01:52:04,okx,BTC,BTC-USD-261225-80000-P,2026-12-25,80000,put,0.2513605845269048,0.244,0.256,0.37805507646236225,-1.0377092523262597,3.3636157832400633,0.0017246207662928274,-0.00024944309555720225,6219,0,64148.6
2026-08-18 01:52:04,okx,BTC,BTC-USD-261225-100000-C,2026-12-25,100000,call,0.0042024004226359,0.0044,0.0045,0.40018222117451774,0.04241094852150252,0.32460648285086685,0.0005802189289522196,-0.00008977303544464197,20915,677,64148.6
2026-08-18 01:52:04,okx,BTC,BTC-USD-261225-95000-P,2026-12-25,95000,put,0.4630266155965797,0.4575,0.4685,0.39198759798589355,-1.3945743290376893,3.3453286938490514,0.0007720472531378782,-0.0001119633586144444,763,0,64148.6
2026-08-18 01:52:04,okx,BTC,BTC-USD-260925-52000-C,2026-09-25,52000,call,0.1976887071091859,0.1965,0.199,0.4632101022601101,0.7362291780604722,-0.6164380296694548,0.0004155880886303761,-0.0002516038357306008,550,0,64148.6
2026-08-18 01:52:04,okx,BTC,BTC-USD-261225-95000-C,2026-12-25,95000,call,0.0062653021254412,0.006,0.0065,0.39198759798589355,0.060698865805334144,0.4347823041630047,0.0007720472531378782,-0.0001169984563267702,9965,0,64148.6
2026-08-18 01:52:04,okx,BTC,BTC-USD-260925-52000-P,2026-09-25,52000,put,0.0046097699265703,0.0044,0.0045,0.4632101022601101,-0.07064650268617777,0.997313331823845,0.0004155880886303761,-0.0002516038357306008,19233,293,64148.6
2026-08-18 01:52:04,okx,BTC,BTC-USD-261225-90000-P,2026-12-25,90000,put,0.389814805064026,0.3815,0.3955,0.38531561809466036,-1.2903269364219343,3.3346789659325444,0.0010288654212385997,-0.00014905704791987197,1850,0,64148.6
2026-08-18 01:52:04,okx,BTC,BTC-USD-261225-110000-C,2026-12-25,110000,call,0.0021158779915304,0.0022,0.0024,0.42000659022213715,0.022352007001299398,0.1849498130700332,0.0003415749014791138,-0.00005547277276685848,9716,0,64148.6
2026-08-18 01:52:04,okx,BTC,BTC-USD-261225-105000-P,2026-12-25,105000,put,0.6128796158263743,0.596,0.64,0.40960344048783576,-1.578102363445429,3.460356144975845,0.00044117368644443325,-0.00006314640529266288,0,0,64148.6
2026-08-18 01:52:04,okx,BTC,BTC-USD-261225-105000-C,2026-12-25,105000,call,0.0029249040725792,0.0031,0.0032,0.40960344048783576,0.030357483486333495,0.24343645111232065,0.00044117368644443325,-0.00006987038946951047,14553,0,64148.6
2026-08-18 01:52:04,okx,BTC,BTC-USD-261225-100000-P,2026-12-25,100000,put,0.5375604130351026,0.532,0.543,0.40018222117451774,-1.4894555723658902,3.388339524625652,0.0005802189289522196,-0.00008389349450005529,320,0,64148.6
2026-08-18 01:52:04,okx,BTC,BTC-USD-261225-120000-C,2026-12-25,120000,call,0.0012392484783396,0.0012,0.0014,0.4429821225426692,0.0132508994124375,0.11295090878728996,0.00021876070304410598,-0.000037472933873331974,5608,0,64148.6
2026-08-18 01:52:04,okx,BTC,BTC-USD-261225-115000-P,2026-12-25,115000,put,0.7647382700150399,0.7505,0.793,0.43118893772131495,-1.7446901914168242,3.666357588339326,0.0002702346929690436,-0.00003664391659021274,0,0,64148.6
2026-08-18 01:52:04,okx,BTC,BTC-USD-261225-115000-C,2026-12-25,115000,call,0.0015901599785878,0.0016,0.0018,0.43118893772131495,0.016956307603677556,0.14306459029832172,0.0002702346929690436,-0.000045056787231582125,3723,58,64148.6
2026-08-18 01:52:04,okx,BTC,BTC-USD-261225-110000-P,2026-12-25,110000,put,0.6886672888866543,0.682,0.697,0.42000659022213715,-1.6627011659748328,3.555056159022298,0.0003415749014791138,-0.000047904345357749994,421,0,64148.6
2026-08-18 01:52:04,okx,BTC,BTC-USD-261225-130000-C,2026-12-25,130000,call,0.0008298833474005,0.0007,0.0009,0.46786408988632977,0.00879421377677112,0.07499057578778669,0.00015338693654368463,-0.00002775143905104238,7234,0,64148.6
2026-08-18 01:52:04,okx,BTC,BTC-USD-261225-125000-P,2026-12-25,125000,put,0.9173402892097068,0.8995,0.949,0.45524607349197416,-1.9041797061906278,3.920749947216613,0.00018118911609078174,-0.000021795178105246745,0,0,64148.6
2026-08-18 01:52:04,okx,BTC,BTC-USD-261225-125000-C,2026-12-25,125000,call,0.0009987808905978,0.0009,0.0012,0.45524607349197416,0.010653444918613256,0.09108364499813035,0.00018118911609078174,-0.000031896935211137916,9797,0,64148.6
2026-08-18 01:52:04,okx,BTC,BTC-USD-261225-120000-P,2026-12-25,120000,put,0.8409840576561203,0.8325,0.848,0.4429821225426692,-1.8249889256524339,3.7894305589170325,0.00021876070304410598,-0.00002821561999970169,517,0,64148.6
2026-08-18 01:52:04,okx,BTC,BTC-USD-261225-150000-C,2026-12-25,150000,call,0.0005034439780394,0.0003,0.0006,0.5201564136956767,0.005068794378435323,0.041303721217897806,0.00009475500026230415,-0.000019060327108893714,6962,0,64148.6
2026-08-18 01:52:04,okx,BTC,BTC-USD-261225-140000-P,2026-12-25,140000,put,1.1467513042217736,,2.8725,0.4937891263047417,-2.1381881446615987,4.343068197777186,0.00011661940659866523,-0.000009633865051223566,0,0,64148.6
2026-08-18 01:52:04,okx,BTC,BTC-USD-261225-140000-C,2026-12-25,140000,call,0.000619698478679,0.0004,0.0007,0.4937891263047417,0.006424984580751334,0.05384193929248636,0.00011661940659866523,-0.000022268951853897433,8756,0,64148.6
2026-08-18 01:52:04,okx,BTC,BTC-USD-261225-130000-P,2026-12-25,130000,put,0.993768090807838,0.9685,1.0285,0.46786408988632977,-1.9826322633768398,4.057843530095008,0.00015338693654368463,-0.000016805238712890315,0,0,64148.6
2026-08-18 01:52:04,okx,BTC,BTC-USD-261225-170000-C,2026-12-25,170000,call,0.0003952046219547,0.0001,0.0004,0.572675008607927,0.0037154497474563694,0.02819178613477012,0.00007224221429034363,-0.00001599933060308531,4265,0,64148.6
2026-08-18 01:52:04,okx,BTC,BTC-USD-261225-160000-P,2026-12-25,160000,put,1.4529541487997921,,3.638,0.5465480773567182,-2.4467431673537217,4.935391438755276,0.00008110571438725952,-0.0000011298268617776759,0,0,64148.6
2026-08-18 01:52:04,okx,BTC,BTC-USD-260819-63400-P,2026-08-19,63400,put,0.0012127872842467,0.0011,0.0012,0.2173910794368403,-0.17755291904808423,20.670272562154956,0.0001519095795610972,-0.0013151337594547185,1624,1856,64148.6
2026-08-18 01:52:04,okx,BTC,BTC-USD-261225-160000-C,2026-12-25,160000,call,0.0004357464913843,0.0002,0.0004,0.5465480773567182,0.004243266066107017,0.03341857191561782,0.00008110571438725952,-0.00001714268659349512,2441,0,64148.6
2026-08-18 01:52:04,okx,BTC,BTC-USD-261225-150000-P,2026-12-25,150000,put,1.2998284480037905,,3.256,0.5201564136956767,-2.292730986952654,4.636903283880076,0.00009475500026230415,-0.000004736353841698059,0,0,64148.6
2026-08-18 01:52:04,okx,BTC,BTC-USD-261225-200000-C,2026-12-25,200000,call,0.0003491847926769,,0.0002,0.64779795828244,0.0029559084661373745,0.019982468644596626,0.000059401808582423,-0.000014881536424601855,3205,0,64148.6
2026-08-18 01:52:04,okx,BTC,BTC-USD-260819-63400-C,2026-08-19,63400,call,0.012870338641089,0.0115,0.021,0.2173910794368403,0.8107135845325104,18.693739554993765,0.0001519095795610972,-0.001314813236175345,3,6,64148.6
2026-08-18 01:52:04,okx,BTC,BTC-USD-261225-180000-P,2026-12-25,180000,put,1.7592760643719192,,4.4055,0.5983394773451872,-2.753995034948424,5.539283647172474,0.00006630694657355905,0.0000040475796396914384,0,0,64148.6
2026-08-18 01:52:04,okx,BTC,BTC-USD-261225-180000-C,2026-12-25,180000,call,0.0003708654981976,,0.0003,0.5983394773451872,0.0033647026488836714,0.024564171977859203,0.00006630694657355905,-0.000015343053021069596,1510,0,64148.6
2026-08-18 01:52:04,okx,BTC,BTC-USD-261225-170000-P,2026-12-25,170000,put,1.60610700521302,,4.021,0.572675008607927,-2.6004576357611118,5.236537957151906,0.00007224221429034363,0.000001702415593153929,0,0,64148.6
2026-08-18 01:52:04,okx,BTC,BTC-USD-261225-240000-C,2026-12-25,240000,call,0.0003515764046639,,0.0002,0.7378319801872947,0.002633227097643063,0.015474431640308636,0.00005419271832091282,-0.000015463595173614502,1170,0,64148.6
2026-08-18 01:52:04,okx,BTC,BTC-USD-260828-62000-C,2026-08-28,62000,call,0.0417844869094592,0.0405,0.0435,0.30119923181100816,0.7236165296186866,4.634126333415874,0.000514657618710258,-0.0007557628240460598,30294,0,64148.6
2026-08-18 01:52:04,okx,BTC,BTC-USD-261225-220000-P,2026-12-25,220000,put,2.372024884768396,0.0001,5.9375,0.694350320708393,-3.367358928570144,6.757479542439966,0.00005596792614819425,0.000011117233404949558,0,0,64148.6
2026-08-18 01:52:04,okx,BTC,BTC-USD-260828-62000-P,2026-08-28,62000,put,0.0070965024558425,0.0065,0.007,0.30119923181100816,-0.24173536814983873,6.564830128952925,0.000514657618710258,-0.0007557628240460598,19752,1237,64148.6
2026-08-18 01:52:04,okx,BTC,BTC-USD-260828-69000-P,2026-08-28,69000,put,0.0754737271520622,0.0735,0.077,0.2721260714999394,-1.0148582985908965,4.663625171421233,0.00020138852664748627,-0.00026718873006464455,452,0,64148.6
2026-08-18 01:52:04,okx,BTC,BTC-USD-261225-220000-C,2026-12-25,220000,call,0.0003460927640468,,0.0002,0.694350320708393,0.0027474173821199718,0.017266850535438288,0.00005596792614819425,-0.000015028945113898646,3684,0,64148.6
2026-08-18 01:52:04,okx,BTC,BTC-USD-260828-69000-C,2026-08-28,69000,call,0.0011748711407647,0.0014,0.0015,0.2721260714999394,0.05948494247407553,2.5149386892912893,0.00020138852664748627,-0.00026718873006464455,8734,818,64148.6
2026-08-18 01:52:04,okx,BTC,BTC-USD-261225-200000-P,2026-12-25,200000,put,2.065641180231713,0.0001,5.172,0.64779795828244,-3.0607771333086484,6.1474485521941675,0.000059401808582423,0.00000788686916520277,0,0,64148.6
2026-08-18 01:52:04,okx,BTC,BTC-USD-261225-240000-P,2026-12-25,240000,put,2.678417164974327,0.0001,6.706,0.7378319801872947,-3.6738464230320997,7.368433731899795,0.00005419271832091282,0.000014060356274277295,0,0,64148.6
2026-08-18 01:52:04,okx,BTC,BTC-USD-260819-63200-P,2026-08-19,63200,put,0.000867473663182,0.0008,0.0009,0.2273769179292443,-0.13093260375630775,16.130013007114474,0.00012410682468218354,-0.0011237944186568208,460,560,64148.6
2026-08-18 01:52:04,okx,BTC,BTC-USD-260819-63200-C,2026-08-19,63200,call,0.015642716037917,0.0145,0.024,0.2273769179292443,0.8542163398760831,14.159715119849693,0.00012410682468218354,-0.0011233884827769806,0,0,64148.6
2026-08-18 01:52:04,okx,BTC,BTC-USD-260818-63100-C,2026-08-18,63100,call,0.016320418419245,0.015,0.018,0.27078364609454775,0.9731649669395007,1.9048511138557394,0.000007299791784851922,-0.0000987182500502901,386,183,64148.6
2026-08-18 01:52:04,okx,BTC,BTC-USD-260818-63100-P,2026-08-18,63100,put,0.0000230961266826,,0.0002,0.27078364609454775,-0.010430207861594692,3.8720414634579305,0.000007299791784851922,-0.00009883303378735461,4114,5940,64148.6
2026-08-18 01:52:04,okx,BTC,BTC-USD-260821-64250-P,2026-08-21,64250,put,0.0096334639452895,0.0095,0.01,0.2351195374040343,-0.5242340534045885,19.000703222321516,0.0003764712122507023,-0.0013592230570187225,108,158,64148.6
2026-08-18 01:52:04,okx,BTC,BTC-USD-260821-64250-C,2026-08-21,64250,call,0.0082879322711334,0.008,0.0085,0.2351195374040343,0.47675161579282593,16.998731883926688,0.0003764712122507023,-0.0013592525051536978,212,212,64148.6
2026-08-18 01:52:04,okx,BTC,BTC-USD-261225-58000-C,2026-12-25,58000,call,0.1576686027867627,0.157,0.159,0.4142665231058938,0.5660092667736143,0.2200880689791697,0.001983567265724864,-0.00031612957333378015,253,0,64148.6
2026-08-18 01:52:04,okx,BTC,BTC-USD-260819-63600-C,2026-08-19,63600,call,0.0102692919906932,0.01,0.0125,0.20913779522927656,0.7504343468349196,23.79814110106889,0.00018199485068554226,-0.0015155305860542056,250,250,64148.6
2026-08-18 01:52:04,okx,BTC,BTC-USD-261225-58000-P,2026-12-25,58000,put,0.0476143426120707,0.047,0.048,0.4142665231058938,-0.32247331534107354,1.9970532332085456,0.001983567265724864,-0.000317343355540185,4709,0,64148.6
2026-08-18 01:52:04,okx,BTC,BTC-USD-260925-62000-C,2026-09-25,62000,call,0.0662481651587668,0.0655,0.0665,0.3534555331531967,0.5874464057671616,2.049370313205299,0.001194445264249686,-0.0005517942635985436,6650,200,64148.6
2026-08-18 01:52:04,okx,BTC,BTC-USD-260819-63600-P,2026-08-19,63600,put,0.0017294316517437,0.0016,0.0017,0.20913779522927656,-0.24094971669387882,25.780909228126486,0.00018199485068554226,-0.0015157656967331123,25,41,64148.6
2026-08-18 01:52:04,okx,BTC,BTC-USD-260820-60000-C,2026-08-20,60000,call,0.0649171070793233,0.005,0.1655,0.4110473731983433,0.9165948145656789,-0.4417573199689054,0.00003534300579658979,-0.00032026858993097697,0,0,64148.6
2026-08-18 01:52:04,okx,BTC,BTC-USD-260820-60000-P,2026-08-20,60000,put,0.0002184519910433,0.0001,0.0003,0.4110473731983433,-0.01854832934280211,1.4285289678480566,0.00003534300579658979,-0.00032204379713359827,411,20,64148.6
2026-08-18 01:52:04,okx,BTC,BTC-USD-260925-62000-P,2026-09-25,62000,put,0.0283463554410328,0.0275,0.028,0.3534555331531967,-0.3745976751230749,3.973458474985772,0.001194445264249686,-0.0005517942635985436,19035,5,64148.6
2026-08-18 01:52:04,okx,BTC,BTC-USD-260820-62000-C,2026-08-20,62000,call,0.0341901334400198,0.033,0.055,0.2905257443042317,0.9000201249085187,3.7936588761031236,0.00010042301280576835,-0.0006458241560812432,0,0,64148.6
2026-08-18 01:52:04,okx,BTC,BTC-USD-260820-62000-P,2026-08-20,62000,put,0.0006661301183394,0.0005,0.0007,0.2905257443042317,-0.06629445713024522,5.726288040180652,0.00010042301280576835,-0.0006467453512888353,881,919,64148.6
2026-08-18 01:52:04,okx,BTC,BTC-USD-260820-61500-C,2026-08-20,61500,call,0.0417802015796119,0.0055,0.108,0.3184957038433427,0.9136948596556591,1.9155264838569142,0.0000736653410758659,-0.000518961739229803,0,0,64148.6
2026-08-18 01:52:04,okx,BTC,BTC-USD-260820-61500-P,2026-08-20,61500,put,0.0004625353162817,0.0004,0.0005,0.3184957038433427,-0.04482686285053407,3.8325699288693005,0.0000736653410758659,-0.0005200964374361524,2513,1672,64148.6
2026-08-18 01:52:04,okx,BTC,BTC-USD-260820-61000-C,2026-08-20,61000,call,0.0494568048309638,0.0055,0.127,0.3486727203088779,0.9185800449518401,0.7682895169037711,0.00005613712526833767,-0.0004325484802871782,0,0,64148.6
2026-08-18 01:52:04,okx,BTC,BTC-USD-260820-61000-P,2026-08-20,61000,put,0.0003454756259837,0.0003,0.0004,0.3486727203088779,-0.032148818021782384,2.6697472428510163,0.00005613712526833767,-0.0004338966814922849,3076,896,64148.6
2026-08-18 01:52:04,okx,BTC,BTC-USD-260820-60500-C,2026-08-20,60500,call,0.0571761192748673,0.005,0.147,0.3798795201616702,0.9188420681653048,0.04187923013760056,0.00004412171386698426,-0.0003699882626031999,0,0,64148.6
2026-08-18 01:52:04,okx,BTC,BTC-USD-260820-60500-P,2026-08-20,60500,put,0.0002711271282374,0.0002,0.0003,0.3798795201616702,-0.024093935275747037,1.9277512370197043,0.00004412171386698426,-0.00037154996680706387,2939,919,64148.6
2026-08-18 01:52:04,okx,BTC,BTC-USD-260820-63000-C,2026-08-20,63000,call,0.0197336258077726,0.0185,0.0215,0.24589141073306314,0.8094365828056682,11.506152023210726,0.00019943116462119756,-0.0010865432644372912,54,50,64148.6
2026-08-18 01:52:04,okx,BTC,BTC-USD-260820-63000-P,2026-08-20,63000,put,0.001796948369392,0.0017,0.0018,0.24589141073306314,-0.17246371829823687,13.469952625418536,0.00019943116462119756,-0.0010870374536473687,5730,6627,64148.6
2026-08-18 01:52:04,okx,BTC,BTC-USD-261225-68000-P,2026-12-25,68000,put,0.1161367608952987,0.1155,0.117,0.3850511681563663,-0.6432435523068275,3.020835001511592,0.002364889336735382,-0.0003509686605594272,682,180,64148.6
2026-08-18 01:52:04,okx,BTC,BTC-USD-260820-62750-C,2026-08-20,62750,call,0.0231932955478597,0.022,0.032,0.2552994498521862,0.8442854620778195,8.984527849022424,0.0001683797765241002,-0.0009523062225239236,2,1,64148.6
2026-08-18 01:52:04,okx,BTC,BTC-USD-260820-62750-P,2026-08-20,62750,put,0.0013597866386543,0.0011,0.0012,0.2552994498521862,-0.13371840925980039,10.940535591697666,0.0001683797765241002,-0.0009529071632333796,1197,1192,64148.6
2026-08-18 01:52:04,okx,BTC,BTC-USD-260820-62500-C,2026-08-20,62500,call,0.0267787646506954,0.0255,0.0355,0.2659572300479423,0.8696521955984576,6.862675250112095,0.0001413708055681822,-0.0008327514310378012,0,0,64148.6
2026-08-18 01:52:04,okx,BTC,BTC-USD-260820-62500-P,2026-08-20,62500,put,0.0010484242706651,0.001,0.0011,0.2659572300479423,-0.10445524597287682,8.810890133254764,0.0001413708055681822,-0.0008334591232466359,812,759,64148.6
2026-08-18 01:52:04,okx,BTC,BTC-USD-260820-62250-C,2026-08-20,62250,call,0.0304533312615819,0.0295,0.0455,0.27774393829131183,0.8876172723460578,5.147491204253019,0.0001188149904678058,-0.0007307121303695069,0,0,64148.6
2026-08-18 01:52:04,okx,BTC,BTC-USD-261225-68000-C,2026-12-25,68000,call,0.072997622787334,0.073,0.0735,0.3850511681563663,0.39842568189659977,0.9374965331047371,0.002364889336735382,-0.00035144376481754415,4605,40,64148.6
2026-08-18 01:52:04,okx,BTC,BTC-USD-260820-62250-P,2026-08-20,62250,put,0.0008261594107264,0.0007,0.0008,0.27774393829131183,-0.08259373945899136,7.087913227863117,0.0001188149904678058,-0.0007315265740777203,179,161,64148.6
2026-08-18 01:52:04,okx,BTC,BTC-USD-260820-64000-C,2026-08-20,64000,call,0.0082107094129716,0.008,0.0085,0.2225457728747786,0.5509630988664866,21.448865878748105,0.0003101206399449323,-0.0015297249687839453,840,898,64148.6
2026-08-18 01:52:04,okx,BTC,BTC-USD-260820-64000-P,2026-08-20,64000,put,0.0058613578578908,0.0055,0.006,0.2225457728747786,-0.4465229213025599,23.443837919086196,0.0003101206399449323,-0.0015297921519965081,511,511,64148.6
2026-08-18 01:52:04,okx,BTC,BTC-USD-260820-63750-C,2026-08-20,63750,call,0.0106274612285742,0.0105,0.011,0.22611252998132203,0.6325422740604372,19.71470345781108,0.0002931401097342996,-0.0014690646414241685,122,115,64148.6
2026-08-18 01:52:04,okx,BTC,BTC-USD-260820-63750-P,2026-08-20,63750,put,0.0043812782026684,0.0043,0.0045,0.22611252998132203,-0.36104731634232395,21.701882638616603,0.0002931401097342996,-0.0014692385761361098,318,318,64148.6
2026-08-18 01:52:04,okx,BTC,BTC-USD-260820-63500-C,2026-08-20,63500,call,0.0133915313657069,0.013,0.0145,0.231223378242355,0.7040752217393959,17.187571659950994,0.0002657016863214918,-0.0013615576140984416,110,97,64148.6
2026-08-18 01:52:04,okx,BTC,BTC-USD-260820-63500-P,2026-08-20,63500,put,0.0032485168689762,0.0032,0.0034,0.231223378242355,-0.2856179388970799,19.166957981223945,0.0002657016863214918,-0.0013618383003097618,502,652,64148.6
2026-08-18 01:52:04,okx,BTC,BTC-USD-260820-63250-C,2026-08-20,63250,call,0.0164473388548431,0.016,0.018,0.23783761411044177,0.7631229805655131,14.322268062605955,0.00023292634357938982,-0.0012276275052040707,228,217,64148.6
2026-08-18 01:52:04,okx,BTC,BTC-USD-260820-63250-P,2026-08-20,63250,put,0.0024074928872875,0.0024,0.0025,0.23783761411044177,-0.2226737503046774,16.293861524346337,0.00023292634357938982,-0.0012280149429147694,536,536,64148.6
2026-08-18 01:52:04,okx,BTC,BTC-USD-260820-66000-C,2026-08-20,66000,call,0.0004672098279287,0.0005,0.0006,0.23102712807343576,0.06008293391026577,6.486401581743991,0.00009431665154101607,-0.0004830225043479007,3107,1406,64148.6
2026-08-18 01:52:04,okx,BTC,BTC-USD-260820-66000-P,2026-08-20,66000,put,0.0292925100394476,0.0285,0.04,0.23102712807343576,-0.9685745243890634,8.54371649834265,0.00009431665154101607,-0.0004822356755654342,0,0,64148.6
2026-08-18 01:52:04,okx,BTC,BTC-USD-260820-65500-C,2026-08-20,65500,call,0.0010430512422708,0.001,0.0011,0.22426285723719935,0.12073988596214537,11.224401557140663,0.00015889649402851008,-0.0007899205929961522,2429,313,64148.6
2026-08-18 01:52:04,okx,BTC,BTC-USD-260820-65500-P,2026-08-20,65500,put,0.0220746885121397,0.0205,0.0235,0.22426285723719935,-0.9001247128046131,13.266130754674181,0.00015889649402851008,-0.000789347267212443,200,200,64148.6
2026-08-18 01:52:04,okx,BTC,BTC-USD-260820-65000-C,2026-08-20,65000,call,0.0022525967490734,0.0023,0.0024,0.22025542292925246,0.22585220412673837,17.004974043856585,0.00023759524435341213,-0.001160028532350619,1886,887,64148.6
2026-08-18 01:52:04,okx,BTC,BTC-USD-260820-65000-P,2026-08-20,65000,put,0.0154905710772923,0.0145,0.017,0.22025542292925246,-0.7872195351074496,19.031117522324962,0.00023759524435341213,-0.001159668709565667,224,224,64148.6
2026-08-18 01:52:04,okx,BTC,BTC-USD-260820-64500-C,2026-08-20,64500,call,0.0045238395480735,0.0045,0.0046,0.21952795026533922,0.3774890529434596,21.343856855119892,0.0002997841878311704,-0.0014587772465330519,1490,2558,64148.6
2026-08-18 01:52:04,okx,BTC,BTC-USD-260820-64500-P,2026-08-20,64500,put,0.0099681509346426,0.0095,0.0105,0.21952795026533922,-0.6277898267581578,23.354414614523126,0.0002997841878311704,-0.0014586309267468572,116,128,64148.6
2026-08-18 01:52:04,okx,BTC,BTC-USD-260819-64750-C,2026-08-19,64750,call,0.0013409113100662,0.0014,0.0015,0.19589920289669535,0.2093786167378785,24.71722628192905,0.000169375895210472,-0.0013213749576390492,2632,2679,64148.6
2026-08-18 01:52:04,okx,BTC,BTC-USD-260820-64750-P,2026-08-20,64750,put,0.0125696767208605,0.0115,0.019,0.2194559511961655,-0.7124456063195517,21.578288932615248,0.00027330347858914593,-0.0013292551011058517,0,0,64148.6
2026-08-18 01:52:04,okx,BTC,BTC-USD-260819-64750-P,2026-08-19,64750,put,0.0107277743240011,0.01,0.0125,0.19589920289669535,-0.7999314164930917,26.735846348390993,0.000169375895210472,-0.0013211189458652737,12,12,64148.6
2026-08-18 01:52:04,okx,BTC,BTC-USD-260820-64750-C,2026-08-20,64750,call,0.0032285338634665,0.0032,0.0033,0.2194559511961655,0.2967297031483508,19.559938313679442,0.00027330347858914593,-0.001329508172391425,326,326,64148.6
2026-08-18 01:52:04,okx,BTC,BTC-USD-261225-62000-C,2026-12-25,62000,call,0.1183935568436519,0.118,0.119,0.3988544238645175,0.5098781392059095,0.5697859796142557,0.002245135987352972,-0.000345093977946962,1212,0,64148.6
2026-08-18 01:52:04,okx,BTC,BTC-USD-261225-62000-P,2026-12-25,62000,put,0.0696166559820225,0.0695,0.07,0.3988544238645175,-0.4398791037442741,2.469300465514623,0.002245135987352972,-0.00034563220556755816,7265,141,64148.6
2026-08-18 01:52:04,okx,BTC,BTC-USD-260828-50000-C,2026-08-28,50000,call,0.221716045224261,0.2205,0.2235,0.6037022053088643,0.7725277310834944,-1.3823018193821885,0.000027606881851247634,-0.00008125561430681148,141,0,64148.6
2026-08-18 01:52:04,okx,BTC,BTC-USD-260828-50000-P,2026-08-28,50000,put,0.0001934771165056,0.0001,0.0002,0.6037022053088643,-0.005981863891122961,0.1747173705670462,0.000027606881851247634,-0.00008125561430681148,19174,680,64148.6
2026-08-18 01:52:04,okx,BTC,BTC-USD-260828-65000-C,2026-08-28,65000,call,0.0126255092555702,0.0125,0.013,0.26759442686900614,0.39066338152400554,7.850026724587488,0.0006489628611957102,-0.0008466621927827596,12034,1733,64148.6
2026-08-18 01:52:04,okx,BTC,BTC-USD-260828-65000-P,2026-08-28,65000,put,0.0246461707154882,0.0245,0.025,0.26759442686900614,-0.621399091942997,9.874151671521494,0.0006489628611957102,-0.0008466621927827596,8159,334,64148.6
2026-08-18 01:52:04,okx,BTC,BTC-USD-260828-66000-C,2026-08-28,66000,call,0.0073288917745711,0.0075,0.008,0.2630516815088079,0.2682239505902789,7.038287512559755,0.0005598509587146246,-0.000718003841121454,17398,7059,64148.6
2026-08-18 01:52:04,okx,BTC,BTC-USD-260828-66000-P,2026-08-28,66000,put,0.034919101872334,0.034,0.0365,0.2630516815088079,-0.759408714776216,9.093552843292745,0.0005598509587146246,-0.000718003841121454,7394,3,64148.6
2026-08-18 01:52:04,okx,BTC,BTC-USD-260828-55000-C,2026-08-28,55000,call,0.1442229037323005,0.143,0.146,0.4550867368843663,0.8366276811666777,-1.0605847772213417,0.00007834027378028491,-0.00017381710912130042,20,0,64148.6
2026-08-18 01:52:04,okx,BTC,BTC-USD-260828-55000-P,2026-08-28,55000,put,0.0005480788137694,0.0004,0.0005,0.4550867368843663,-0.019732873305401303,0.6521363317228164,0.00007834027378028491,-0.00017381710912130042,23852,534,64148.6
2026-08-18 01:52:04,okx,BTC,BTC-USD-260828-60000-C,2026-08-28,60000,call,0.068800879237604,0.0675,0.0705,0.33521281993704266,0.8236032397780277,1.6472905077794606,0.0003102941663258714,-0.000507116205653383,8090,40,64148.6
2026-08-18 01:52:04,okx,BTC,BTC-USD-260828-60000-P,2026-08-28,60000,put,0.0029737975082976,0.0026,0.0027,0.33521281993704266,-0.11060827419151302,3.5157135357185423,0.0003102941663258714,-0.000507116205653383,26518,514,64148.6
2026-08-18 01:52:04,okx,BTC,BTC-USD-260828-72000-C,2026-08-28,72000,call,0.0002669448944625,0.0004,0.0006,0.30954859577369953,0.01449918494472721,0.6910556495689965,0.00006262644992197672,-0.00009451481553052714,22503,916,64148.6
2026-08-18 01:52:04,okx,BTC,BTC-USD-260828-72000-P,2026-08-28,72000,put,0.1212744468192946,0.1195,0.123,0.30954859577369953,-1.1065546318187218,2.9331632830958942,0.00006262644992197672,-0.00009451481553052714,1423,0,64148.6
2026-08-18 01:52:04,okx,BTC,BTC-USD-260828-74000-C,2026-08-28,74000,call,0.0001501412650867,0.0002,0.0003,0.3463576382416267,0.007801847003759793,0.35995075785858643,0.00003654782700763781,-0.00006171625847533992,19476,0,64148.6
2026-08-18 01:52:04,okx,BTC,BTC-USD-260828-74000-P,2026-08-28,74000,put,0.1522967404656089,0.15,0.154,0.3463576382416267,-1.144392353558674,2.664339158983454,0.00003654782700763781,-0.00006171625847533992,1984,0,64148.6
2026-08-18 01:52:04,okx,BTC,BTC-USD-260828-68000-C,2026-08-28,68000,call,0.0021654194223653,0.0024,0.0025,0.2655730137202044,0.10155217825879524,3.845311682000144,0.0003020876391767335,-0.000391138131001757,16133,804,64148.6
2026-08-18 01:52:04,okx,BTC,BTC-USD-260828-68000-P,2026-08-28,68000,put,0.0608947267958178,0.059,0.0625,0.2655730137202044,-0.9572208709066843,5.962857780331103,0.0003020876391767335,-0.000391138131001757,2052,1,64148.6
2026-08-18 01:52:04,okx,BTC,BTC-USD-260828-70000-C,2026-08-28,70000,call,0.0006659599278995,0.0009,0.001,0.28183537341166,0.03535405004339018,1.603861954738565,0.00013260585440195015,-0.00018220968530958614,14099,1465,64148.6
2026-08-18 01:52:04,okx,BTC,BTC-USD-260828-70000-P,2026-08-28,70000,put,0.0905343645770418,0.0885,0.092,0.28183537341166,-1.0545593829210742,3.7836888206674937,0.00013260585440195015,-0.00018220968530958614,3719,190,64148.6
2026-08-18 01:52:04,okx,BTC,BTC-USD-260828-80000-C,2026-08-28,80000,call,0.0001051336571454,,0.0002,0.48973744947960485,0.004109187677838204,0.14299900419174152,0.000020807931020753848,-0.00004968273251072019,4463,0,64148.6
2026-08-18 01:52:04,okx,BTC,BTC-USD-260828-80000-P,2026-08-28,80000,put,0.2456690246847368,0.243,0.247,0.48973744947960485,-1.2415061642815495,2.634229708110517,0.000020807931020753848,-0.00004968273251072019,1290,0,64148.6
2026-08-18 01:52:04,okx,BTC,BTC-USD-260828-82000-C,2026-08-28,82000,call,0.0001136239573046,,0.0002,0.5425044804986806,0.004015962853263783,0.12601943542692898,0.000020433296357185038,-0.00005404493791799116,3658,0,64148.6
2026-08-18 01:52:04,okx,BTC,BTC-USD-260828-82000-P,2026-08-28,82000,put,0.2768166122605857,0.274,0.2785,0.5425044804986806,-1.2727397729051084,2.679530906943674,0.000020433296357185038,-0.00005404493791799116,731,0,64148.6
2026-08-18 01:52:04,okx,BTC,BTC-USD-260828-76000-C,2026-08-28,76000,call,0.0001126484216127,0.0001,0.0003,0.38999605709999985,0.005392632356007799,0.23018358845636336,0.000026404928966464134,-0.00005020633029260178,29979,4,64148.6
2026-08-18 01:52:04,okx,BTC,BTC-USD-260828-76000-P,2026-08-28,76000,put,0.1833983448978244,0.181,0.185,0.38999605709999985,-1.1779419520054106,2.5968527571792,0.000026404928966464134,-0.00005020633029260178,1532,0,64148.6
2026-08-18 01:52:04,okx,BTC,BTC-USD-260828-78000-C,2026-08-28,78000,call,0.0001028199895749,,0.0003,0.4383931192180761,0.004457287979090489,0.17234524704829313,0.00002232693752465048,-0.00004772062744589335,7124,0,64148.6
2026-08-18 01:52:04,okx,BTC,BTC-USD-260828-78000-P,2026-08-28,78000,put,0.2145276137414766,0.212,0.216,0.4383931192180761,-1.2100176801813125,2.6012951833690994,0.00002232693752465048,-0.00004772062744589335,625,0,64148.6
2026-08-18 01:52:04,okx,BTC,BTC-USD-260828-88000-C,2026-08-28,88000,call,0.0001494880757251,,0.0001,0.6982818008571273,0.004092509545036722,0.09849358775855042,0.00002093013045305395,-0.0000712550940355359,8634,0,64148.6
2026-08-18 01:52:04,okx,BTC,BTC-USD-260828-88000-P,2026-08-28,88000,put,0.3702697682060757,0.3585,0.382,0.6982818008571273,-1.3660843776102896,2.8388473620692034,0.00002093013045305395,-0.0000712550940355359,0,0,64148.6
2026-08-18 01:52:04,okx,BTC,BTC-USD-260828-90000-C,2026-08-28,90000,call,0.0001593981786095,,0.0001,0.7469028952759915,0.004079258630897801,0.09150534108517938,0.0000209153778916898,-0.00007616283785741467,5265,0,64148.6
2026-08-18 01:52:04,okx,BTC,BTC-USD-260828-90000-P,2026-08-28,90000,put,0.4014187755846498,0.3985,0.403,0.7469028952759915,-1.3972380123234134,2.8941398829938016,0.0000209153778916898,-0.00007616283785741467,1000,0,64148.6
2026-08-18 01:52:04,okx,BTC,BTC-USD-260828-84000-C,2026-08-28,84000,call,0.000125176160725,,0.0001,0.5954566846652564,0.004028034620130039,0.11469950239068424,0.00002053786356824514,-0.000059623669194654465,4813,0,64148.6
2026-08-18 01:52:04,okx,BTC,BTC-USD-260828-84000-P,2026-08-28,84000,put,0.3079672617396958,0.296,0.3615,0.5954566846652564,-1.303868084937227,2.730491741505398,0.00002053786356824514,-0.000059623669194654465,0,0,64148.6
2026-08-18 01:52:04,okx,BTC,BTC-USD-260828-86000-C,2026-08-28,86000,call,0.0001376717365133,,0.0001,0.6476253991178113,0.004067833960297545,0.10600191576543934,0.00002076904004164372,-0.00006557730363094935,11928,0,64148.6
2026-08-18 01:52:04,okx,BTC,BTC-USD-260828-86000-P,2026-08-28,86000,put,0.3391188545911741,0.324,0.357,0.6476253991178113,-1.3349686693960443,2.784074922478123,0.00002076904004164372,-0.00006557730363094935,0,0,64148.6
2026-08-18 01:52:04,okx,BTC,BTC-USD-260828-96000-C,2026-08-28,96000,call,0.0001711966414246,,0.0001,0.877694679070355,0.003752706348963348,0.07164709031738553,0.000019519648594633965,-0.00008352735314961504,5658,0,64148.6
2026-08-18 01:52:04,okx,BTC,BTC-USD-260828-96000-P,2026-08-28,96000,put,0.4948478658745343,,,0.877694679070355,-1.490985716002302,3.0611239350199164,0.000019519648594633965,-0.00008352735314961504,0,0,64148.6
2026-08-18 01:52:04,okx,BTC,BTC-USD-260828-100000-C,2026-08-28,100000,call,0.0001634347015976,,0.0002,0.9513952213114901,0.003338046813996942,0.05925298536325207,0.000017623893145611113,-0.00008174780038314198,2504,0,64148.6
2026-08-18 01:52:04,okx,BTC,BTC-USD-260828-100000-P,2026-08-28,100000,put,0.5571182984860868,,,0.9513952213114901,-1.5536811431352378,3.173291365261721,0.000017623893145611113,-0.00008174780038314198,0,0,64148.6
2026-08-18 01:52:04,okx,BTC,BTC-USD-260828-92000-C,2026-08-28,92000,call,0.0001665659919377,,0.0001,0.7931366770337194,0.004018185848986577,0.08474954677368217,0.000020677307245629226,-0.00007995677585932864,3064,0,64148.6
2026-08-18 01:52:04,okx,BTC,BTC-USD-260828-92000-P,2026-08-28,92000,put,0.4325650406736678,0.4155,0.482,0.7931366770337194,-1.4284394689043092,2.9496648562802736,0.000020677307245629226,-0.00007995677585932864,0,0,64148.6
2026-08-18 01:52:04,okx,BTC,BTC-USD-260828-94000-C,2026-08-28,94000,call,0.000170536626729,,0.0001,0.8367691433634818,0.003907952980530897,0.07813078654040922,0.000020206853908336648,-0.00008243613418337899,3342,0,64148.6
2026-08-18 01:52:04,okx,BTC,BTC-USD-260828-94000-P,2026-08-28,94000,put,0.4637081085841489,0.4405,0.6415,0.8367691433634818,-1.4596900855717496,3.005326863644971,0.000020206853908336648,-0.00008243613418337899,0,0,64148.6
2026-08-18 01:52:04,okx,BTC,BTC-USD-260828-115000-C,2026-08-28,115000,call,0.0000849850640697,,,1.14352320806536,0.001538891947879749,0.024289547922210806,0.000008793085933651844,-0.00004902296331078253,1974,0,64148.6
2026-08-18 01:52:04,okx,BTC,BTC-USD-260828-115000-P,2026-08-28,115000,put,0.7905830784162323,,,1.14352320806536,-1.7890331764937402,3.6054336848054502,0.000008793085933651844,-0.00004902296331078253,0,0,64148.6
2026-08-18 01:52:04,okx,BTC,BTC-USD-260828-120000-C,2026-08-28,120000,call,0.0000608186066464,,,1.1848853510430861,0.001091077750826483,0.017117604059070243,0.000006425280698493058,-0.000037117754464758724,24,0,64148.6
2026-08-18 01:52:04,okx,BTC,BTC-USD-260828-120000-P,2026-08-28,120000,put,0.8684066551480334,,,1.1848853510430861,-1.867331950188255,3.7539636599372335,0.000006425280698493058,-0.000037117754464758724,0,0,64148.6
2026-08-18 01:52:04,okx,BTC,BTC-USD-260828-105000-C,2026-08-28,105000,call,0.0001413491323091,,0.0002,1.0289969305089033,0.002716299526705512,0.045337076178706893,0.000014678522437033294,-0.00007363930471600047,6615,0,64148.6
2026-08-18 01:52:04,okx,BTC,BTC-USD-260828-105000-P,2026-08-28,105000,put,0.6349439561060227,,,1.0289969305089033,-1.6321538499199908,3.3150773750720997,0.000014678522437033294,-0.00007363930471600047,0,0,64148.6
2026-08-18 01:52:04,okx,BTC,BTC-USD-260828-110000-C,2026-08-28,110000,call,0.000113048082172,,0.0002,1.092284981589679,0.0020913194600633927,0.03364096797747777,0.000011608143816769308,-0.00006181758027556537,1336,0,64148.6
2026-08-18 01:52:04,okx,BTC,BTC-USD-260828-110000-P,2026-08-28,110000,put,0.71276339824511,,,1.092284981589679,-1.7106297894840947,3.459083185865794,0.000011608143816769308,-0.00006181758027556537,1,0,64148.6
2026-08-18 01:52:04,okx,BTC,BTC-USD-260819-61750-C,2026-08-19,61750,call,0.0375622586380034,0.009,0.097,0.33334800928157404,0.9373949249568496,1.1112224923542444,0.00003423832548885328,-0.00045350173890141155,0,0,64148.6
2026-08-18 01:52:04,okx,BTC,BTC-USD-260820-59000-P,2026-08-20,59000,put,0.0001427579367576,,0.0002,0.46988151149942264,-0.011232986005321561,0.8121365982426101,0.000022928933884285128,-0.00023883213277223336,2470,2471,64148.6
2026-08-18 01:52:04,okx,BTC,BTC-USD-260819-61750-P,2026-08-19,61750,put,0.0001837563835443,,0.0002,0.33334800928157404,-0.025151709051064074,3.036315760370072,0.00003423832548885328,-0.00045452691613463405,685,1285,64148.6
2026-08-18 01:52:04,okx,BTC,BTC-USD-260820-59000-C,2026-08-20,59000,call,0.0804287389083372,0.005,0.1795,0.46988151149942264,0.9083244388380183,-1.0269782514440695,0.000022928933884285128,-0.00023662991957209742,0,0,64148.6
2026-08-18 01:52:04,okx,BTC,BTC-USD-260925-64000-P,2026-09-25,64000,put,0.0404048817905248,0.04,0.0405,0.33999745670827636,-0.4933412831872456,4.5858579693852946,0.001282565850961576,-0.0005699430793132812,18119,250,64148.6
2026-08-18 01:52:04,okx,BTC,BTC-USD-260925-64000-C,2026-09-25,64000,call,0.0472712660152825,0.047,0.0475,0.33999745670827636,0.49973647773170815,2.5997024475473864,0.001282565850961576,-0.0005699430793132812,7764,352,64148.6
2026-08-18 01:52:04,okx,BTC,BTC-USD-260828-63000-P,2026-08-28,63000,put,0.0109935660657422,0.0105,0.011,0.28757262850972715,-0.34689755871021977,8.259463360610734,0.0006113060823513068,-0.0008570763729084969,3947,289,64148.6
2026-08-18 01:52:04,okx,BTC,BTC-USD-260819-63800-P,2026-08-19,63800,put,0.002485503742043,0.0024,0.0025,0.2027498389336679,-0.3228302290697398,30.732170915019335,0.00020982410984601488,-0.0016941524483520514,1260,1336,64148.6
2026-08-18 01:52:04,okx,BTC,BTC-USD-260819-63800-C,2026-08-19,63800,call,0.0079076730630995,0.0075,0.009,0.2027498389336679,0.6716713944072625,28.74316766806533,0.00020982410984601488,-0.0016940027502736108,269,288,64148.6
2026-08-18 01:52:04,okx,BTC,BTC-USD-260828-63000-C,2026-08-28,63000,call,0.0301120018815139,0.0295,0.031,0.28757262850972715,0.6340245309577981,6.2976191812746976,0.0006113060823513068,-0.0008570763729084969,4300,1780,64148.6
2026-08-18 01:52:04,okx,BTC,BTC-USD-260925-72000-P,2026-09-25,72000,put,0.1250787242239269,0.1245,0.1275,0.3178760550813014,-0.9724677479434696,4.236109706392572,0.0007633380633779087,-0.00031713989431049613,2057,0,64148.6
2026-08-18 01:52:04,okx,BTC,BTC-USD-260925-72000-C,2026-09-25,72000,call,0.0078034064767793,0.008,0.0085,0.3178760550813014,0.14474473309035335,2.001684744324927,0.0007633380633779087,-0.00031713989431049613,14798,1563,64148.6
2026-08-18 01:52:04,okx,BTC,BTC-USD-260925-66000-P,2026-09-25,66000,put,0.0561879178343168,0.056,0.057,0.3292344413560967,-0.6237266765532662,4.936476514598219,0.001272968433755967,-0.0005477710032809784,2202,0,64148.6
2026-08-18 01:52:04,okx,BTC,BTC-USD-260925-66000-C,2026-09-25,66000,call,0.0320188765660982,0.032,0.0325,0.3292344413560967,0.4003847643944049,2.888253632702877,0.001272968433755967,-0.0005477710032809784,5603,126,64148.6
2026-08-18 01:52:04,okx,BTC,BTC-USD-260828-64000-C,2026-08-28,64000,call,0.0202661814799409,0.02,0.0205,0.276211709514703,0.5192049939947527,7.536031871089882,0.0006654444727627292,-0.0008961220567402874,15967,1027,64148.6
2026-08-18 01:52:04,okx,BTC,BTC-USD-260828-64000-P,2026-08-28,64000,put,0.016717294302014,0.0165,0.017,0.276211709514703,-0.47728728757275746,9.529016434224902,0.0006654444727627292,-0.0008961220567402874,19950,587,64148.6
2026-08-18 01:52:04,okx,BTC,BTC-USD-260819-66500-P,2026-08-19,66500,put,0.0366873763983925,0.0085,0.1385,0.23691628436546358,-1.03169510630301,3.0882678397272265,0.000008351990225186921,-0.00007779835443743034,0,0,64148.6
2026-08-18 01:52:04,okx,BTC,BTC-USD-260819-66500-C,2026-08-19,66500,call,0.0000207169778946,0.0001,0.0002,0.23691628436546358,0.004893576474743398,1.0150904741717197,0.000008351990225186921,-0.00007880172646528786,0,0,64148.6
2026-08-18 01:52:04,okx,BTC,BTC-USD-260818-62900-C,2026-08-18,62900,call,0.0194280648050637,0.0185,0.021,0.2947936304448434,0.9747732565525032,0.13027314139541582,0.000004291784222682772,-0.00006312282638601098,750,103,64148.6
2026-08-18 01:52:04,okx,BTC,BTC-USD-260828-63500-C,2026-08-28,63500,call,0.0249344948784497,0.0245,0.0255,0.28161043413576853,0.5792764080365203,7.002995669843658,0.0006457808816664735,-0.0008866397234275463,1159,1383,64148.6
2026-08-18 01:52:04,okx,BTC,BTC-USD-260818-62900-P,2026-08-18,62900,put,0.0000128481276215,,0.0001,0.2947936304448434,-0.005704342417209892,2.091228339334842,0.000004291784222682772,-0.0000632594329561798,4231,5610,64148.6
2026-08-18 01:52:04,okx,BTC,BTC-USD-260828-63500-P,2026-08-28,63500,put,0.0136008333816004,0.013,0.014,0.28161043413576853,-0.40943077758124374,8.980410041079185,0.0006457808816664735,-0.0008866397234275463,1902,466,64148.6
2026-08-18 01:52:04,okx,BTC,BTC-USD-260925-78000-P,2026-09-25,78000,put,0.2121767389748128,0.2115,0.215,0.33209762495062334,-1.1695391994166289,3.182059516843324,0.0002934165514339864,-0.00012735808547033442,5790,7,64148.6
2026-08-18 01:52:04,okx,BTC,BTC-USD-260925-55000-C,2026-09-25,55000,call,0.1542172231416138,0.153,0.1555,0.4222053708153802,0.7360050899253623,-0.09866100355045007,0.0006077230612360253,-0.00033535563955783965,1262,0,64148.6
2026-08-18 01:52:04,okx,BTC,BTC-USD-260925-78000-C,2026-09-25,78000,call,0.0017951447487361,0.0023,0.0024,0.33209762495062334,0.04077432170334601,0.7614324746033736,0.0002934165514339864,-0.00012735808547033442,9777,3538,64148.6
2026-08-18 01:52:04,okx,BTC,BTC-USD-260819-64100-P,2026-08-19,64100,put,0.0042189208743258,0.0042,0.0043,0.19685660984117503,-0.4747008645053118,35.40769577382446,0.00023332798266407958,-0.0018291252944991623,197,197,64148.6
2026-08-18 01:52:04,okx,BTC,BTC-USD-260925-55000-P,2026-09-25,55000,put,0.0076914241984626,0.007,0.0075,0.4222053708153802,-0.11742111086436355,1.6081913980290017,0.0006077230612360253,-0.00033535563955783965,53721,70,64148.6
2026-08-18 01:52:04,okx,BTC,BTC-USD-260821-64750-P,2026-08-21,64750,put,0.0141535146119245,0.0135,0.015,0.2314337993195768,-0.6666376153493843,18.228420173688832,0.00034874921066368103,-0.00123925090734204,331,331,64148.6
2026-08-18 01:52:04,okx,BTC,BTC-USD-260819-64100-C,2026-08-19,64100,call,0.0049645536685429,0.0049,0.005,0.19685660984117503,0.5244770988939962,33.40933984702584,0.00023332798266407958,-0.0018291037153214213,116,116,64148.6
2026-08-18 01:52:04,okx,BTC,BTC-USD-260821-64750-C,2026-08-21,64750,call,0.0050161047699213,0.0049,0.0055,0.2314337993195768,0.34213782559275724,16.21086929180455,0.00034874921066368103,-0.0012394937738788466,170,320,64148.6
2026-08-18 01:52:04,okx,BTC,BTC-USD-270625-25000-P,2027-06-25,25000,put,0.0075300578674295,0.0065,0.008,0.6492000042874749,-0.03384047826837183,0.1694269243052,0.0005632742365811624,-0.00005874235730232752,60,0,64148.6
2026-08-18 01:52:04,okx,BTC,BTC-USD-270625-25000-C,2027-06-25,25000,call,0.6330812463863336,0.629,0.636,0.6492000042874749,0.3406624595440985,-0.5795789513197407,0.0005632742365811624,-0.00005874235730232752,0,0,64148.6
2026-08-18 01:52:04,okx,BTC,BTC-USD-270625-30000-P,2027-06-25,30000,put,0.0120318091975057,0.011,0.012,0.6000396577296968,-0.05470264233134846,0.2732826723521748,0.0008385387827359609,-0.00008082692882477333,439,0,64148.6
2026-08-18 01:52:04,okx,BTC,BTC-USD-270625-30000-C,2027-06-25,30000,call,0.5626932354201906,0.5585,0.566,0.6000396577296968,0.394700883043616,-0.6255243783977541,0.0008385387827359609,-0.00008082692882477333,0,0,64148.6
2026-08-18 01:52:04,okx,BTC,BTC-USD-260925-68000-C,2026-09-25,68000,call,0.0206850237061096,0.021,0.0215,0.3221045418539675,0.3011305382625317,2.835218725039034,0.00116048089604686,-0.0004885522163239952,13431,371,64148.6
2026-08-18 01:52:04,okx,BTC,BTC-USD-260925-68000-P,2026-09-25,68000,put,0.0758894904673046,0.0755,0.0775,0.3221045418539675,-0.7540145827138566,4.94550896699181,0.00116048089604686,-0.0004885522163239952,11260,0,64148.6
2026-08-18 01:52:04,okx,BTC,BTC-USD-270625-45000-P,2027-06-25,45000,put,0.0390057104260648,0.037,0.0385,0.4916142789209086,-0.17562674047213886,0.833405300922577,0.0020213078634577154,-0.00015962831262806418,1135,11,64148.6
2026-08-18 01:52:04,okx,BTC,BTC-USD-260828-61500-C,2026-08-28,61500,call,0.0481623811498707,0.0465,0.0565,0.3088638182779277,0.7579095686480491,3.7922832964686477,0.0004606490794693422,-0.0006936661511506457,0,0,64148.6
2026-08-18 01:52:04,okx,BTC,BTC-USD-270625-45000-C,2027-06-25,45000,call,0.364997849760092,0.3575,0.37,0.4916142789209086,0.4984785475903078,-0.5148052752023162,0.0020213078634577154,-0.00015962831262806418,0,0,64148.6
2026-08-18 01:52:04,okx,BTC,BTC-USD-270625-50000-P,2027-06-25,50000,put,0.0554454946785344,0.053,0.055,0.467455442027531,-0.24344998656794944,1.1114240852548047,0.002489508407876516,-0.00018694195769272342,1243,10,64148.6
2026-08-18 01:52:04,okx,BTC,BTC-USD-270625-50000-C,2027-06-25,50000,call,0.3065478717163425,0.299,0.3125,0.467455442027531,0.5055558890569912,-0.3865876659950766,0.002489508407876516,-0.00018694195769272342,307,0,64148.6
2026-08-18 01:52:04,okx,BTC,BTC-USD-270625-35000-P,2027-06-25,35000,put,0.0182639544572528,0.017,0.018,0.5574382277683296,-0.08357181506535126,0.4143514202038628,0.0011751222980536183,-0.0001052283557333377,2118,0,64148.6
2026-08-18 01:52:04,okx,BTC,BTC-USD-270625-35000-C,2027-06-25,35000,call,0.4940356183837185,0.4895,0.4975,0.5574382277683296,0.4407322978721072,-0.6342568056710541,0.0011751222980536183,-0.0001052283557333377,0,0,64148.6
2026-08-18 01:52:04,okx,BTC,BTC-USD-270625-40000-P,2027-06-25,40000,put,0.0269509120209694,0.025,0.0265,0.5214186917784283,-0.1230058176102431,0.5998797380115576,0.001573447221886914,-0.00013179281810537458,3992,1,64148.6
2026-08-18 01:52:04,okx,BTC,BTC-USD-270625-40000-C,2027-06-25,40000,call,0.4278328136512159,0.421,0.433,0.5214186917784283,0.4761988828897095,-0.5985296629883476,0.001573447221886914,-0.00013179281810537458,9,0,64148.6
2026-08-18 01:52:04,okx,BTC,BTC-USD-270625-65000-P,2027-06-25,65000,put,0.1397177835640424,0.1365,0.141,0.42232476656103757,-0.5359309737339591,2.059949392467077,0.003558492856444896,-0.00024141575989106528,720,10,64148.6
2026-08-18 01:52:04,okx,BTC,BTC-USD-270625-65000-C,2027-06-25,65000,call,0.1661508737131928,0.162,0.17,0.42232476656103757,0.43777666457846365,0.11253411584223108,0.003558492856444896,-0.00024141575989106528,4308,52,64148.6
2026-08-18 01:52:04,okx,BTC,BTC-USD-270625-70000-P,2027-06-25,70000,put,0.1808041804645023,0.176,0.1895,0.41432293047786156,-0.6540742390805746,2.3484925430289922,0.0036757006090551558,-0.0002446425916971376,311,10,64148.6
2026-08-18 01:52:04,okx,BTC,BTC-USD-270625-70000-C,2027-06-25,70000,call,0.1323475083174335,0.1315,0.134,0.41432293047786156,0.39453398679434243,0.2512760912791583,0.0036757006090551558,-0.0002446425916971376,344,0,64148.6
2026-08-18 01:52:04,okx,BTC,BTC-USD-270625-55000-P,2027-06-25,55000,put,0.0772519602805029,0.075,0.0775,0.4482898258256148,-0.3271557021564753,1.4217334260783103,0.0029337108464847733,-0.00021126578020672275,1665,0,64148.6
2026-08-18 01:52:04,okx,BTC,BTC-USD-270625-55000-C,2027-06-25,55000,call,0.2534645750220918,0.247,0.259,0.4482898258256148,0.4967507610309594,-0.2260795002965591,0.0029337108464847733,-0.00021126578020672275,10,0,64148.6
2026-08-18 01:52:04,okx,BTC,BTC-USD-260828-61500-P,2026-08-28,61500,put,0.0056896223773315,0.005,0.0055,0.3088638182779277,-0.19965723317073017,5.707416900106206,0.0004606490794693422,-0.0006936661511506457,378,206,64148.6
2026-08-18 01:52:04,okx,BTC,BTC-USD-270625-60000-P,2027-06-25,60000,put,0.1052013508039,0.103,0.106,0.43345580838164016,-0.4256124762405174,1.745070097501018,0.003303933360777375,-0.00023005362187404976,3253,232,64148.6
2026-08-18 01:52:04,okx,BTC,BTC-USD-270625-60000-C,2027-06-25,60000,call,0.2065242032492697,0.2005,0.213,0.43345580838164016,0.47319457450941144,-0.05254400399883967,0.003303933360777375,-0.00023005362187404976,11,0,64148.6
2026-08-18 01:52:04,okx,BTC,BTC-USD-270625-85000-P,2027-06-25,85000,put,0.3380898897584588,0.331,0.3515,0.40363171553201516,-1.0161395818186885,2.994311037296224,0.0033113029159121455,-0.00021470253106696053,2,1,64148.6
2026-08-18 01:52:04,okx,BTC,BTC-USD-270625-85000-C,2027-06-25,85000,call,0.0649639307227324,0.065,0.0665,0.40363171553201516,0.25717040674371083,0.44769106017142557,0.0033113029159121455,-0.00021470253106696053,235,20,64148.6
2026-08-18 01:52:04,okx,BTC,BTC-USD-270625-90000-P,2027-06-25,90000,put,0.399256838364695,0.3915,0.414,0.4031413933527454,-1.1306038373222,3.1474028497634485,0.0030465684504565388,-0.00019729737256268925,2,0,64148.6
2026-08-18 01:52:04,okx,BTC,BTC-USD-270625-90000-C,2027-06-25,90000,call,0.0512411170327494,0.0515,0.053,0.4031413933527454,0.2176067388026932,0.45098169751366185,0.0030465684504565388,-0.00019729737256268925,2571,3,64148.6
2026-08-18 01:52:04,okx,BTC,BTC-USD-270625-75000-P,2027-06-25,75000,put,0.2280552135023767,0.221,0.239,0.40889356079488726,-0.775761963384361,2.6005357105492,0.0036577566181116594,-0.00024025810375518988,0,0,64148.6
2026-08-18 01:52:04,okx,BTC,BTC-USD-270625-75000-C,2027-06-25,75000,call,0.1047087790590888,0.1045,0.107,0.40889356079488726,0.3477468500530501,0.3535180836743778,0.0036577566181116594,-0.00024025810375518988,3106,0,64148.6
2026-08-18 01:52:04,okx,BTC,BTC-USD-270625-80000-P,2027-06-25,80000,put,0.2807499662313699,0.2735,0.2935,0.405449601388001,-0.8973307937683889,2.814447266025632,0.003525899692604721,-0.0002296464835539765,3,0,64148.6
2026-08-18 01:52:04,okx,BTC,BTC-USD-270625-80000-C,2027-06-25,80000,call,0.0825137694918629,0.0825,0.0845,0.405449601388001,0.3010786072315162,0.417628464025822,0.003525899692604721,-0.0002296464835539765,3032,0,64148.6
2026-08-18 01:52:04,okx,BTC,BTC-USD-260818-62250-P,2026-08-18,62250,put,0.0000024985255821,,0.0001,0.3704337181292556,-0.0010528720420435965,0.3613909877663247,0.0000009316311402040762,-0.000017255359293492693,5159,4988,64148.6
2026-08-18 01:52:04,okx,BTC,BTC-USD-260819-65250-P,2026-08-19,65250,put,0.0175842273880306,0.017,0.0645,0.20283135643263847,-0.9400918924314188,14.071336613830685,0.00008505560195544803,-0.0006865750862630955,0,0,64148.6
2026-08-18 01:52:04,okx,BTC,BTC-USD-270625-110000-P,2027-06-25,110000,put,0.6685562397774496,0.6495,0.7435,0.40991509541321325,-1.5395704809654602,3.6356226849387516,0.0019452211523885291,-0.00012809018832397995,0,0,64148.6
2026-08-18 01:52:04,okx,BTC,BTC-USD-260820-65250-C,2026-08-20,65250,call,0.0015431145895985,0.0015,0.0016,0.22187805237605462,0.1670842168054635,14.099451348381033,0.0001978969618951053,-0.0009733343789204103,404,404,64148.6
2026-08-18 01:52:04,okx,BTC,BTC-USD-270625-110000-C,2027-06-25,110000,call,0.0209814692606271,0.0205,0.022,0.40991509541321325,0.1082424454094092,0.33999683218901305,0.0019452211523885291,-0.00012809018832397995,622,0,64148.6
2026-08-18 01:52:04,okx,BTC,BTC-USD-260818-60000-P,2026-08-18,60000,put,0.0000000003791583,,0.0001,0.505857514520434,-0.00000027844992408712443,0.00010831603108249099,0.0000000003815719070013895,-0.000000009651045964623071,5589,1001,64148.6
2026-08-18 01:52:04,okx,BTC,BTC-USD-260819-64300-P,2026-08-19,64300,put,0.0058355673793929,0.0055,0.006,0.19522614125384366,-0.5841075848406043,35.336451333171574,0.00022944763327287698,-0.0017837612928511997,950,1135,64148.6
2026-08-18 01:52:04,okx,BTC,BTC-USD-270625-120000-P,2027-06-25,120000,put,0.8114246019998002,0.79,0.872,0.4162931485168082,-1.7204610042173591,3.8675555905031476,0.001514532047257921,-0.00010128163403806177,0,0,64148.6
2026-08-18 01:52:04,okx,BTC,BTC-USD-260818-62250-C,2026-08-18,62250,call,0.0295508719538835,0.0021,,0.3704337181292556,0.9692926054756772,-1.579299967269117,0.0000009316311402040762,-0.000017047828515734854,0,0,64148.6
2026-08-18 01:52:04,okx,BTC,BTC-USD-260819-65250-C,2026-08-19,65250,call,0.0004031368293635,0.0005,0.0006,0.20283135643263847,0.07701204067006091,12.037128747627724,0.00008505560195544803,-0.0006870446295380372,2034,2079,64148.6
2026-08-18 01:52:04,okx,BTC,BTC-USD-270625-120000-C,2027-06-25,120000,call,0.0140703068905393,0.014,0.015,0.4162931485168082,0.07715309728249843,0.2723273875034324,0.001514532047257921,-0.00010128163403806177,1271,0,64148.6
2026-08-18 01:52:04,okx,BTC,BTC-USD-260828-59000-P,2026-08-28,59000,put,0.0019826019458003,0.0016,0.0017,0.35548280654964876,-0.0749682872558708,2.476594576353488,0.00023238871113260307,-0.00040276051418308,12071,6085,64148.6
2026-08-18 01:52:04,okx,BTC,BTC-USD-270625-95000-P,2027-06-25,95000,put,0.4634896058135955,0.4485,0.6195,0.4037233860888763,-1.2400407093023613,3.2817276623695477,0.0027598840441747127,-0.00017898956462956213,0,0,64148.6
2026-08-18 01:52:04,okx,BTC,BTC-USD-260818-60000-C,2026-08-18,60000,call,0.0646246856373563,0.0425,,0.505857514520434,0.9352724709647467,-1.870437182798259,0.0000000003815719070013895,0.00000044338660421674474,0,0,64148.6
2026-08-18 01:52:04,okx,BTC,BTC-USD-260819-64300-C,2026-08-19,64300,call,0.0034635091557172,0.0034,0.0035,0.19522614125384366,0.41818793850690744,33.33186028647655,0.00022944763327287698,-0.0017838251262739257,860,860,64148.6
2026-08-18 01:52:04,okx,BTC,BTC-USD-260828-59000-C,2026-08-28,59000,call,0.0833792323129517,0.082,0.085,0.35548280654964876,0.8436730348141777,0.6393119322133909,0.00023238871113260307,-0.00040276051418308,10,0,64148.6
2026-08-18 01:52:04,okx,BTC,BTC-USD-270625-95000-C,2027-06-25,95000,call,0.0405841221854308,0.0405,0.042,0.4037233860888763,0.18307045438502595,0.43550533499477334,0.0027598840441747127,-0.00017898956462956213,1380,14,64148.6
2026-08-18 01:52:04,okx,BTC,BTC-USD-270625-100000-P,2027-06-25,100000,put,0.5301282628213154,0.5145,0.6825,0.4051618595660945,-1.344412732622244,3.404425042445514,0.0024724231289943773,-0.00016091788739639468,0,0,64148.6
2026-08-18 01:52:04,okx,BTC,BTC-USD-270625-100000-C,2027-06-25,100000,call,0.0323330168969316,0.032,0.0335,0.4051618595660945,0.15359901862763756,0.4084015399457509,0.0024724231289943773,-0.00016091788739639468,1702,21,64148.6
2026-08-18 01:52:04,okx,BTC,BTC-USD-260821-57000-C,2026-08-21,57000,call,0.1116504727401568,0.104,0.1205,0.4156637234456738,0.8868470024911372,-1.6743386846824304,0.0000036834754342422214,-0.000020449931490919778,0,0,64148.6
2026-08-18 01:52:04,okx,BTC,BTC-USD-260925-105000-C,2026-09-25,105000,call,0.0002033220601186,,0.0003,0.5483358654494814,0.0036925984683962186,0.05779284446836151,0.00003745837651853154,-0.000026845515473685815,6391,0,64148.6
2026-08-18 01:52:04,okx,BTC,BTC-USD-260821-56000-P,2026-08-21,56000,put,0.0000084982450537,,0.0002,0.45455679342220856,-0.0007005096106649062,0.057328642825606506,0.000002267456924908812,-0.0000158297375409672,9015,600,64148.6
2026-08-18 01:52:04,okx,BTC,BTC-USD-260821-58000-C,2026-08-21,58000,call,0.0960784691895452,0.0885,0.105,0.37985755775467445,0.9013389144484333,-1.6059756046665254,0.00000666430045791565,-0.00003624121120962646,3,0,64148.6
2026-08-18 01:52:04,okx,BTC,BTC-USD-260821-57000-P,2026-08-21,57000,put,0.0000137709805296,,0.0002,0.4156637234456738,-0.0011869764077362267,0.1017292731153166,0.0000036834754342422214,-0.000023515050182492894,4621,375,64148.6
2026-08-18 01:52:04,okx,BTC,BTC-USD-270625-130000-P,2027-06-25,130000,put,0.9568851956774531,0.934,1.0795,0.4235454717239388,-1.8914463129765895,4.109819952779534,0.0011807975216279517,-0.00008033937424825742,0,0,64148.6
2026-08-18 01:52:04,okx,BTC,BTC-USD-270625-130000-C,2027-06-25,130000,call,0.0097513759757538,0.0095,0.0105,0.4235454717239388,0.05596896364825616,0.2149893995298419,0.0011807975216279517,-0.00008033937424825742,717,158,64148.6
2026-08-18 01:52:04,okx,BTC,BTC-USD-260820-65250-P,2026-08-20,65250,put,0.0186779203886424,0.018,0.0285,0.22187805237605462,-0.8498839521950098,16.13338768638198,0.0001978969618951053,-0.0009728678046360798,0,0,64148.6
2026-08-18 01:52:04,okx,BTC,BTC-USD-260821-56000-C,2026-08-21,56000,call,0.1272289563403753,0.12,0.1365,0.45455679342220856,0.8717539257987547,-1.6875802279932324,0.000002267456924908812,-0.000012337782045732203,0,0,64148.6
2026-08-18 01:52:04,okx,BTC,BTC-USD-270625-140000-P,2027-06-25,140000,put,1.1038796920941205,,2.773,0.4311741304430213,-2.0558161731332953,4.36384967499266,0.0009273673136449106,-0.00006423288809953588,0,0,64148.6
2026-08-18 01:52:04,okx,BTC,BTC-USD-260925-105000-P,2026-09-25,105000,put,0.6295631604413755,0.6255,0.632,0.5483358654494814,-1.6255756030392623,3.316329247483678,0.00003745837651853154,-0.000026845515473685815,488,0,64148.6
2026-08-18 01:52:04,okx,BTC,BTC-USD-270625-140000-C,2027-06-25,140000,call,0.0069663477999827,0.007,0.008,0.4311741304430213,0.041400278616538395,0.16941677149299214,0.0009273673136449106,-0.00006423288809953588,413,0,64148.6
2026-08-18 01:52:04,okx,BTC,BTC-USD-260818-64100-P,2026-08-18,64100,put,0.0015063195613576,0.0014,0.0016,0.17936918333581203,-0.4327925901607078,83.67972912088811,0.00010397919551705039,-0.0009325225642839048,1446,1659,64148.6
2026-08-18 01:52:04,okx,BTC,BTC-USD-260821-60500-C,2026-08-21,60500,call,0.0573146562574371,0.0495,0.067,0.3051389186336695,0.9228465163305017,-0.2007084007644618,0.00004476967835151332,-0.00020823698382620086,0,0,64148.6
2026-08-18 01:52:04,okx,BTC,BTC-USD-260821-60000-P,2026-08-21,60000,put,0.0001347178450725,0.0003,0.0004,0.31832042618919093,-0.01216750345356024,1.0663663879685217,0.000029584881363723662,-0.00014463604955985255,12310,140,64148.6
2026-08-18 01:52:04,okx,BTC,BTC-USD-260821-61000-C,2026-08-21,61000,call,0.0496727022049073,0.049,0.052,0.2928603417381902,0.9179745859882561,0.7609471524843541,0.0000678327935506085,-0.0003037401451321926,446,0,64148.6
2026-08-18 01:52:04,okx,BTC,BTC-USD-260818-64100-C,2026-08-18,64100,call,0.0022141699295216,0.002,0.0022,0.17936918333581203,0.5663904637972988,81.68136301297211,0.00010397919551705039,-0.0009325168947123618,622,928,64148.6
2026-08-18 01:52:04,okx,BTC,BTC-USD-260821-60500-P,2026-08-21,60500,put,0.0002211016727398,0.0004,0.0005,0.3051389186336695,-0.01971586478146056,1.6844163614594627,0.00004476967835151332,-0.0002098081737049574,4334,693,64148.6
2026-08-18 01:52:04,okx,BTC,BTC-USD-260821-59000-C,2026-08-21,59000,call,0.0805238716853084,0.073,0.0895,0.34735545664591283,0.9142333992420898,-1.3948931300756777,0.00001343264542468105,-0.00006944904384713322,0,0,64148.6
2026-08-18 01:52:04,okx,BTC,BTC-USD-260821-58000-P,2026-08-21,58000,put,0.0000255237656121,0.0001,0.0002,0.37985755775467445,-0.0022746079398941813,0.20125144011012963,0.00000666430045791565,-0.0000388794930975377,6275,1165,64148.6
2026-08-18 01:52:04,okx,BTC,BTC-USD-260821-60000-C,2026-08-21,60000,call,0.0650201505976171,0.0575,0.074,0.31832042618919093,0.9226051059136751,-0.8031788307659489,0.000029584881363723662,-0.00014285144127926505,0,0,64148.6
2026-08-18 01:52:04,okx,BTC,BTC-USD-260821-59000-P,2026-08-21,59000,put,0.0000546825970696,0.0002,0.0003,0.34735545664591283,-0.004959666635691551,0.4434930016798852,0.00001343264542468105,-0.00007166048893138258,8228,21,64148.6
2026-08-18 01:52:04,okx,BTC,BTC-USD-260821-62500-C,2026-08-21,62500,call,0.0277635896805332,0.0265,0.028,0.2614758089287755,0.8334867794010317,7.279306946371391,0.00020864047018379056,-0.0008371159927649793,610,324,64148.6
2026-08-18 01:52:04,okx,BTC,BTC-USD-260821-62000-P,2026-08-21,62000,put,0.0010804341901143,0.0012,0.0013,0.27102865599061327,-0.08738214316369464,6.326378384630237,0.00014870611287580413,-0.0006189804001178624,13968,2708,64148.6
2026-08-18 01:52:04,okx,BTC,BTC-USD-260821-63000-C,2026-08-21,63000,call,0.0212066447386442,0.0205,0.0225,0.2528266408043348,0.7637446687398401,10.702945438603802,0.0002757968215285244,-0.0010703538295574243,2231,207,64148.6
2026-08-18 01:52:04,okx,BTC,BTC-USD-260821-62500-P,2026-08-21,62500,put,0.0018375477672243,0.0018,0.0019,0.2614758089287755,-0.1402346886898384,9.226749882553129,0.00020864047018379056,-0.0008378335090364122,12747,1771,64148.6
2026-08-18 01:52:04,okx,BTC,BTC-USD-260821-61500-C,2026-08-21,61500,call,0.0421413996057057,0.0345,0.0515,0.28148968243735206,0.9047590945635361,2.240923116955552,0.00010169259991331897,-0.0004384866077379301,0,0,64148.6
2026-08-18 01:52:04,okx,BTC,BTC-USD-260821-61000-P,2026-08-21,61000,put,0.0003710257880569,0.0006,0.0007,0.2928603417381902,-0.03237756686843318,2.6616514581977326,0.0000678327935506085,-0.00030509791660911825,9520,1923,64148.6
2026-08-18 01:52:04,okx,BTC,BTC-USD-260821-62000-C,2026-08-21,62000,call,0.0347983542712703,0.034,0.0355,0.27102865599061327,0.8785495531824484,4.394514991937951,0.00014870611287580413,-0.0006180494654445986,696,60,64148.6
2026-08-18 01:52:04,okx,BTC,BTC-USD-260821-61500-P,2026-08-21,61500,put,0.0006316013567025,0.0008,0.0009,0.28148968243735206,-0.05338283003788006,4.157206966158384,0.00010169259991331897,-0.0004396309608130248,3928,1496,64148.6
2026-08-18 01:52:04,okx,BTC,BTC-USD-260821-64500-C,2026-08-21,64500,call,0.0065004906284184,0.006,0.0065,0.2327846926085404,0.4085028727470376,16.915142810938868,0.00036816314070808697,-0.0013160982453439632,4933,1890,64148.6
2026-08-18 01:52:04,okx,BTC,BTC-USD-260821-64000-P,2026-08-21,64000,put,0.0078242912591288,0.0075,0.008,0.23820695000525913,-0.45318027403618455,18.473112735608737,0.0003732247447241777,-0.001365246422455599,2607,683,64148.6
2026-08-18 01:52:04,okx,BTC,BTC-USD-260821-65000-C,2026-08-21,65000,call,0.0038167292781256,0.0038,0.0039,0.23105261094307047,0.280433861367156,14.977399622335785,0.00032021228994522885,-0.0011362175627326974,7589,3140,64148.6
2026-08-18 01:52:04,okx,BTC,BTC-USD-260821-64500-P,2026-08-21,64500,put,0.0117419613864981,0.0115,0.012,0.2327846926085404,-0.5963776823227404,18.92490392107842,0.00036816314070808697,-0.0013159620880080721,1543,402,64148.6
2026-08-18 01:52:04,okx,BTC,BTC-USD-260821-63500-C,2026-08-21,63500,call,0.0153381410773971,0.0145,0.016,0.2450737426554427,0.6661954851145974,14.082470431415247,0.0003369464878250681,-0.0012678427281346857,3396,720,64148.6
2026-08-18 01:52:04,okx,BTC,BTC-USD-260925-50000-P,2026-09-25,50000,put,0.0033962776439876,0.0032,0.0033,0.4947327731270876,-0.051375225169937096,0.7258480167480152,0.00032309313301055054,-0.00020891737102675633,45774,744,64148.6
2026-08-18 01:52:04,okx,BTC,BTC-USD-260925-61000-C,2026-09-25,61000,call,0.0769976275056316,0.076,0.077,0.361149333493242,0.6243976734285945,1.7185875088314444,0.0011232111156505085,-0.0005301812370487122,0,0,64148.6
2026-08-18 01:52:04,okx,BTC,BTC-USD-260821-63000-P,2026-08-21,63000,put,0.0030724809931825,0.0029,0.003,0.2528266408043348,-0.217766571095757,12.665967918274996,0.0002757968215285244,-0.0010708579274270262,7340,566,64148.6
2026-08-18 01:52:04,okx,BTC,BTC-USD-260925-50000-C,2026-09-25,50000,call,0.2275106403195795,0.2265,0.229,0.4947327731270876,0.7244667755479955,-0.8258359846878501,0.00032309313301055054,-0.00020891737102675633,857,0,64148.6
2026-08-18 01:52:04,okx,BTC,BTC-USD-260925-61000-P,2026-09-25,61000,put,0.0235781050414095,0.023,0.0235,0.361149333493242,-0.32212956744728327,3.6116419905832,0.0011232111156505085,-0.0005301812370487122,2149,585,64148.6
2026-08-18 01:52:04,okx,BTC,BTC-USD-260821-64000-C,2026-08-21,64000,call,0.0103746986688963,0.01,0.0105,0.23820695000525913,0.5439105092888664,16.47893116895864,0.0003732247447241777,-0.0013651691613896589,4500,3674,64148.6
2026-08-18 01:52:04,okx,BTC,BTC-USD-260821-63500-P,2026-08-21,63500,put,0.0049958554997824,0.0048,0.0049,0.2450737426554427,-0.32310552646572666,16.061072454575893,0.0003369464878250681,-0.0012681334076024566,3662,899,64148.6
2026-08-18 01:52:04,okx,BTC,BTC-USD-260821-66500-C,2026-08-21,66500,call,0.0006850659959306,0.0007,0.0008,0.2479986685687119,0.06563995457497047,5.366898130984929,0.0001216165486887149,-0.00046320934474380166,8746,812,64148.6
2026-08-18 01:52:04,okx,BTC,BTC-USD-260925-70000-P,2026-09-25,70000,put,0.0991004625802921,0.0985,0.101,0.3184232635326321,-0.8725205524930507,4.665445420440132,0.0009746501691474297,-0.00040562965238749224,47815,0,64148.6
2026-08-18 01:52:04,okx,BTC,BTC-USD-260818-63900-C,2026-08-18,63900,call,0.004440782540464,0.0012,0.0095,0.19146707677686603,0.7775556952948858,56.570016112168105,0.00007790263195203968,-0.0007457575377869682,0,0,64148.6
2026-08-18 01:52:04,okx,BTC,BTC-USD-260821-66000-P,2026-08-21,66000,put,0.0298135357618284,0.029,0.031,0.23884511137510936,-0.919663173323118,10.162706303484702,0.00017731301046984167,-0.0006496346391938245,44,40,64148.6
2026-08-18 01:52:04,okx,BTC,BTC-USD-260925-70000-C,2026-09-25,70000,call,0.0128605703261208,0.013,0.0135,0.3184232635326321,0.21365824851205484,2.4930878184299208,0.0009746501691474297,-0.00040562965238749224,38050,1930,64148.6
2026-08-18 01:52:04,okx,BTC,BTC-USD-260821-67000-C,2026-08-21,67000,call,0.0004161828399546,0.0005,0.0006,0.2603548504086591,0.040878259600488326,3.514053323848399,0.00008350008475723146,-0.000333880193092795,11182,672,64148.6
2026-08-18 01:52:04,okx,BTC,BTC-USD-260925-60000-P,2026-09-25,60000,put,0.019553318601429,0.0185,0.019,0.3695163424848518,-0.2749991654926632,3.2368174619528736,0.0010405742492432064,-0.0005025541557234573,33554,1031,64148.6
2026-08-18 01:52:04,okx,BTC,BTC-USD-260821-66500-P,2026-08-21,66500,put,0.0370940494253988,0.036,0.063,0.2479986685687119,-0.9703996874737155,7.438977415082301,0.0001216165486887149,-0.0004622195138005869,3,0,64148.6
2026-08-18 01:52:04,okx,BTC,BTC-USD-260925-60000-C,2026-09-25,60000,call,0.0884905538121394,0.087,0.0885,0.3695163424848518,0.656011235368856,1.3747966602298354,0.0010405742492432064,-0.0005025541557234573,6466,0,64148.6
2026-08-18 01:52:04,okx,BTC,BTC-USD-260821-65500-C,2026-08-21,65500,call,0.0021472625166083,0.0022,0.0023,0.23312847988285199,0.17848087573209176,11.586380671757883,0.0002483394656228825,-0.0008891296333353848,3451,460,64148.6
2026-08-18 01:52:04,okx,BTC,BTC-USD-260925-90000-P,2026-09-25,90000,put,0.3968895985256777,0.394,0.3995,0.40949396804238714,-1.3897267656048715,2.9280025828210503,0.00006375560689191601,-0.00003412259383591327,2821,0,64148.6
2026-08-18 01:52:04,okx,BTC,BTC-USD-260821-65000-P,2026-08-21,65000,put,0.0168500782040524,0.016,0.0185,0.23105261094307047,-0.732236465447349,17.002740275964797,0.00032021228994522885,-0.0011358679869949756,2004,704,64148.6
2026-08-18 01:52:04,okx,BTC,BTC-USD-260925-90000-C,2026-09-25,90000,call,0.0002954513417434,0.0004,0.0006,0.40949396804238714,0.0067888356874072275,0.13497138023649274,0.00006375560689191601,-0.00003412259383591327,27146,0,64148.6
2026-08-18 01:52:04,okx,BTC,BTC-USD-260821-66000-C,2026-08-21,66000,call,0.0011964305002074,0.0013,0.0014,0.23884511137510936,0.10858669698084099,8.106206562876784,0.00017731301046984167,-0.0006504110517352082,6110,2027,64148.6
2026-08-18 01:52:04,okx,BTC,BTC-USD-260925-80000-P,2026-09-25,80000,put,0.2425879995655583,0.242,0.2455,0.3412243597816772,-1.2139219336735259,3.0197332384806637,0.00021168084506636563,-0.00009440559459964947,7630,140,64148.6
2026-08-18 01:52:04,okx,BTC,BTC-USD-260821-65500-P,2026-08-21,65500,put,0.0229724896103821,0.0225,0.0245,0.23312847988285199,-0.8419792228271401,13.627300868876345,0.0002483394656228825,-0.0008885666391958319,2393,320,64148.6
2026-08-18 01:52:04,okx,BTC,BTC-USD-260925-80000-C,2026-09-25,80000,call,0.0011709798465053,0.0016,0.0017,0.3412243597816772,0.02742526747516626,0.5370388361832793,0.00021168084506636563,-0.00009440559459964947,16553,20,64148.6
2026-08-18 01:52:04,okx,BTC,BTC-USD-260821-69000-C,2026-08-21,69000,call,0.0001306708524832,0.0001,0.0002,0.33641548625464757,0.011692883054437959,0.9469591133836195,0.000029115659003382563,-0.0001504336744340655,8358,2,64148.6
2026-08-18 01:52:04,okx,BTC,BTC-USD-260925-110000-P,2026-09-25,110000,put,0.7071642975157084,0.703,0.71,0.5974354768646165,-1.7032479542052645,3.4652766302891833,0.000036806702881551945,-0.000028740483327280877,1292,0,64148.6
2026-08-18 01:52:04,okx,BTC,BTC-USD-260821-68000-P,2026-08-21,68000,put,0.0599815751936388,0.0585,0.1425,0.29362444152261175,-1.0404011195147254,3.7673684303621005,0.00004416925971343787,-0.00019755344221099202,3,0,64148.6
2026-08-18 01:52:04,okx,BTC,BTC-USD-260925-110000-C,2026-09-25,110000,call,0.0002158954020105,,0.0003,0.5974354768646165,0.0036044473741868735,0.05157182713027985,0.000036806702881551945,-0.000028740483327280877,10364,0,64148.6
2026-08-18 01:52:04,okx,BTC,BTC-USD-260821-70000-C,2026-08-21,70000,call,0.0001120477513787,,0.0001,0.38640286013020053,0.00902603209630882,0.6568595781279085,0.000023260110772029808,-0.00013803689508292745,2518,0,64148.6
2026-08-18 01:52:04,okx,BTC,BTC-USD-260925-100000-P,2026-09-25,100000,put,0.5519740373589989,0.547,0.555,0.4997876909011809,-1.5476721605734953,3.172067529455426,0.00004018956476089655,-0.00002625276206651999,2750,0,64148.6
2026-08-18 01:52:04,okx,BTC,BTC-USD-260821-69000-P,2026-08-21,69000,put,0.075499045121187,0.066,0.085,0.33641548625464757,-1.0632956177178825,3.0969361149282606,0.000029115659003382563,-0.0001483767514816961,3,0,64148.6
2026-08-18 01:52:04,okx,BTC,BTC-USD-260925-100000-C,2026-09-25,100000,call,0.0002027627101826,0.0001,0.0004,0.4997876909011809,0.004011840862369916,0.06869952658369553,0.00004018956476089655,-0.00002625276206651999,25936,0,64148.6
2026-08-18 01:52:04,okx,BTC,BTC-USD-260821-67500-C,2026-08-21,67500,call,0.0002739198590948,0.0003,0.0004,0.27565536436183224,0.026922763818580737,2.354533513545042,0.00005921282943647756,-0.0002506814213418795,10661,579,64148.6
2026-08-18 01:52:04,okx,BTC,BTC-USD-260925-130000-P,2026-09-25,130000,put,1.0176138873593725,1.012,1.021,0.7851363847258094,-2.013275478577946,4.0754981954514164,0.00004027859274408396,-0.00004133286754355596,13,0,64148.6
2026-08-18 01:52:04,okx,BTC,BTC-USD-260821-67000-P,2026-08-21,67000,put,0.04461704443727,0.0435,0.046,0.2603548504086591,-1.0029511541929246,5.6017121514352235,0.00008350008475723146,-0.00033267694374774934,54,0,64148.6
2026-08-18 01:52:04,okx,BTC,BTC-USD-260925-130000-C,2026-09-25,130000,call,0.0003112303159114,,0.0002,0.7851363847258094,0.003913723288678964,0.04111979171816726,0.00004027859274408396,-0.00004133286754355596,6499,0,64148.6
2026-08-18 01:52:04,okx,BTC,BTC-USD-260818-63900-P,2026-08-18,63900,put,0.0006150377874203,0.0005,0.0006,0.19146707677686603,-0.21850978283173866,58.56214706842135,0.00007790263195203968,-0.0007457850301916155,5696,5996,64148.6
2026-08-18 01:52:04,okx,BTC,BTC-USD-260821-68000-C,2026-08-21,68000,call,0.0001969572606292,0.0002,0.0003,0.29362444152261175,0.01900783776814147,1.6485505157963667,0.00004416925971343787,-0.00019918352835969955,20415,1134,64148.6
2026-08-18 01:52:04,okx,BTC,BTC-USD-260925-120000-P,2026-09-25,120000,put,0.8623848482480423,0.8555,0.866,0.6940185585404517,-1.858308706045819,3.769007429684982,0.000038108391662998835,-0.000034567490146667634,505,0,64148.6
2026-08-18 01:52:04,okx,BTC,BTC-USD-260821-67500-P,2026-08-21,67500,put,0.0522666596242572,0.051,0.1145,0.27565536436183224,-1.024696421719559,4.457771884621321,0.00005921282943647756,-0.00024926475359500293,3,0,64148.6
2026-08-18 01:52:04,okx,BTC,BTC-USD-260925-120000-C,2026-09-25,120000,call,0.000259318669463,,0.0002,0.6940185585404517,0.003712095677219274,0.044965826238905666,0.000038108391662998835,-0.000034567490146667634,9259,0,64148.6
2026-08-18 01:52:04,okx,BTC,BTC-USD-260821-73000-C,2026-08-21,73000,call,0.0001346696170688,,0.0001,0.5581240624691388,0.007704640317487139,0.39306799628091427,0.000020334016677026058,-0.00017429998963646478,3173,0,64148.6
2026-08-18 01:52:04,okx,BTC,BTC-USD-260828-42000-P,2026-08-28,42000,put,0.0000302498734411,,0.0001,0.8189901976505323,-0.0008123965440971864,0.021192115671111157,0.000004502710084873179,-0.000017979017199836592,7157,0,64148.6
2026-08-18 01:52:04,okx,BTC,BTC-USD-260925-150000-P,2026-09-25,150000,put,1.328054721007749,,3.3195,0.9444354030485178,-2.323398528207122,4.690062943423037,0.00004282711920305207,-0.00005286488168879658,0,0,64148.6
2026-08-18 01:52:04,okx,BTC,BTC-USD-260821-72000-P,2026-08-21,72000,put,0.1222409662847592,0.121,0.1235,0.49917062291331005,-1.1139804949282754,2.686140446070687,0.00002039901312052178,-0.00015304990639583278,324,0,64148.6
2026-08-18 01:52:04,okx,BTC,BTC-USD-260828-42000-C,2026-08-28,42000,call,0.3461092070839557,0.3455,0.3475,0.8189901976505323,0.6531356632345814,-1.286704003886246,0.000004502710084873179,-0.000017979017199836592,72,0,64148.6
2026-08-18 01:52:04,okx,BTC,BTC-USD-260925-150000-C,2026-09-25,150000,call,0.0003978090345244,,0.0002,0.9444354030485178,0.004127473946675381,0.03501093911544216,0.00004282711920305207,-0.00005286488168879658,8676,0,64148.6
2026-08-18 01:52:04,okx,BTC,BTC-USD-260821-74000-C,2026-08-21,74000,call,0.0001491390191,,0.0001,0.6167324798803717,0.007718245678892047,0.3553862307281935,0.000020398004578361477,-0.00019320926707300356,1109,0,64148.6
2026-08-18 01:52:04,okx,BTC,BTC-USD-260828-44000-P,2026-08-28,44000,put,0.0000538614665346,,0.0001,0.7724500405581844,-0.001468486182674121,0.03866030997695707,0.000007753294934381791,-0.000029199133530516254,6085,0,64148.6
2026-08-18 01:52:04,okx,BTC,BTC-USD-260925-140000-P,2026-09-25,140000,put,1.1728394994141929,1.1645,1.1765,0.8688080752230611,-2.1682898764669982,4.382702970539793,0.00004199953065957719,-0.000047691878600046044,27,0,64148.6
2026-08-18 01:52:04,okx,BTC,BTC-USD-260821-73000-P,2026-08-21,73000,put,0.1378380692285495,0.127,0.1485,0.5581240624691388,-1.129602034412649,2.6676813457411863,0.000020334016677026058,-0.00017053571946944786,7,0,64148.6
2026-08-18 01:52:04,okx,BTC,BTC-USD-260828-44000-C,2026-08-28,44000,call,0.3149937214013595,0.005,,0.7724500405581844,0.6836199573949892,-1.3315165771783695,0.000007753294934381791,-0.000029199133530516254,0,0,64148.6
2026-08-18 01:52:04,okx,BTC,BTC-USD-260925-140000-C,2026-09-25,140000,call,0.00035971490585,,0.0002,0.8688080752230611,0.004067725543212977,0.0379877665193691,0.00004199953065957719,-0.000047691878600046044,5197,0,64148.6
2026-08-18 01:52:04,okx,BTC,BTC-USD-260821-71000-C,2026-08-21,71000,call,0.0001122146731252,,0.0002,0.4413381147900435,0.008047619706293755,0.5189685388538774,0.00002106209240990841,-0.00014276320062859988,3684,0,64148.6
2026-08-18 01:52:04,okx,BTC,BTC-USD-260925-170000-P,2026-09-25,170000,put,1.6384444083895446,,,1.0725218038728108,-2.6338981412561786,5.30493484675959,0.00004174766904888094,-0.00005852137284489925,0,0,64148.6
2026-08-18 01:52:04,okx,BTC,BTC-USD-260821-70000-P,2026-08-21,70000,put,0.0910641783557766,0.081,0.1015,0.38640286013020053,-1.0815420121654657,2.8379956666514574,0.000023260110772029808,-0.00013555313532689618,5,0,64148.6
2026-08-18 01:52:04,okx,BTC,BTC-USD-260925-170000-C,2026-09-25,170000,call,0.0004332414865574,,0.0001,1.0725218038728108,0.003964661184792528,0.029209241877648586,0.00004174766904888094,-0.00005852137284489925,2146,0,64148.6
2026-08-18 01:52:04,okx,BTC,BTC-USD-260821-72000-C,2026-08-21,72000,call,0.0001213230089728,,0.0002,0.49917062291331005,0.007746636312406827,0.44268618358932255,0.00002039901312052178,-0.00015638733975918782,618,0,64148.6
2026-08-18 01:52:04,okx,BTC,BTC-USD-260925-160000-P,2026-09-25,160000,put,1.483256449927267,,3.7075,1.01216678439325,-2.4786059654204093,4.997467101692728,0.00004270460875019201,-0.00005649408411951051,0,0,64148.6
2026-08-18 01:52:04,okx,BTC,BTC-USD-260821-71000-P,2026-08-21,71000,put,0.1066481016132177,0.1045,0.108,0.4413381147900435,-1.0980999680449346,2.7312637143563343,0.00002106209240990841,-0.00013985260406890673,16,0,64148.6
2026-08-18 01:52:04,okx,BTC,BTC-USD-260925-160000-C,2026-09-25,160000,call,0.0004224104891607,,0.0001,1.01216678439325,0.00408843687697457,0.03207829709795916,0.00004270460875019201,-0.00005649408411951051,5525,0,64148.6
2026-08-18 01:52:04,okx,BTC,BTC-USD-260925-190000-P,2026-09-25,190000,put,1.9487857176400158,0.0001,,1.1738457491525185,-2.944654788193213,5.920238157243345,0.000038051520593833076,-0.00005837934147239169,0,0,64148.6
2026-08-18 01:52:04,okx,BTC,BTC-USD-260925-190000-C,2026-09-25,190000,call,0.0004202958072655,,,1.1738457491525185,0.003544814534931334,0.023838951787057104,0.000038051520593833076,-0.00005837934147239169,3219,0,64148.6
2026-08-18 01:52:04,okx,BTC,BTC-USD-261225-72000-P,2026-12-25,72000,put,0.155773586041371,0.151,0.1565,0.3803068886759332,-0.7827198486374003,3.234563943751487,0.0022479105095800965,-0.0003289823809034904,210,0,64148.6
2026-08-18 01:52:04,okx,BTC,BTC-USD-260925-180000-P,2026-09-25,180000,put,1.7936200614976459,,,1.126176631368693,-2.789254623282457,5.612511936960858,0.00004013477052966626,-0.000059074960409377105,0,0,64148.6
2026-08-18 01:52:04,okx,BTC,BTC-USD-260925-180000-C,2026-09-25,180000,call,0.000431767129777,,,1.126176631368693,0.003776579302100571,0.026449531791742618,0.00004013477052966626,-0.000059074960409377105,4385,0,64148.6
2026-08-18 01:52:04,okx,BTC,BTC-USD-260828-54000-P,2026-08-28,54000,put,0.0004303449783016,0.0003,0.0004,0.4835661444988719,-0.015061706658440517,0.48743476577751454,0.00006213434813749186,-0.00014648760982482925,14302,50,64148.6
2026-08-18 01:52:04,okx,BTC,BTC-USD-260925-220000-P,2026-09-25,220000,put,2.4142469976229255,0.0001,,1.2875703752605996,-3.41095496365345,6.844513985075192,0.000030504111248959546,-0.0000513340460216547,0,0,64148.6
2026-08-18 01:52:04,okx,BTC,BTC-USD-260821-74000-P,2026-08-21,74000,put,0.1534362949662753,0.1425,0.1645,0.6167324798803717,-1.1451679725406982,2.661158667167374,0.000020398004578361477,-0.0001890181601023248,0,0,64148.6
2026-08-18 01:52:04,okx,BTC,BTC-USD-260828-54000-C,2026-08-28,54000,call,0.1596747185346774,0.1585,0.1615,0.4835661444988719,0.8257286559141462,-1.194145959367659,0.00006213434813749186,-0.00014648760982482925,30,0,64148.6
2026-08-18 01:52:04,okx,BTC,BTC-USD-260925-220000-C,2026-09-25,220000,call,0.0003501933955299,,,1.2875703752605996,0.00274983950545337,0.017104378757386032,0.000030504111248959546,-0.0000513340460216547,12814,0,64148.6
2026-08-18 01:52:04,okx,BTC,BTC-USD-260925-48000-P,2026-09-25,48000,put,0.002586031230745,0.0025,0.0026,0.5297091347938381,-0.03821407795391406,0.5336667013884765,0.0002538524087947644,-0.00017574982240448148,5956,1936,64148.6
2026-08-18 01:52:04,okx,BTC,BTC-USD-260925-200000-P,2026-09-25,200000,put,2.1039439024678135,0.0001,,1.2162200470696922,-3.100080620386688,6.228139846864981,0.00003566475322975737,-0.00005669275011792676,0,0,64148.6
2026-08-18 01:52:04,okx,BTC,BTC-USD-261225-72000-C,2026-12-25,72000,call,0.0513570886203435,0.051,0.052,0.3803068886759332,0.3202240464015227,1.0286761536736406,0.0022479105095800965,-0.0003301330397474161,3614,2617,64148.6
2026-08-18 01:52:04,okx,BTC,BTC-USD-260925-48000-C,2026-09-25,48000,call,0.2577358193993132,0.257,0.259,0.5297091347938381,0.7065942427353012,-0.9559499399899543,0.0002538524087947644,-0.00017574982240448148,320,0,64148.6
2026-08-18 01:52:04,okx,BTC,BTC-USD-260925-200000-C,2026-09-25,200000,call,0.0004013531701811,,0.003,1.2162200470696922,0.0032873824850419443,0.021403841121520658,0.00003566475322975737,-0.00005669275011792676,6012,0,64148.6
2026-08-18 01:52:04,okx,BTC,BTC-USD-260925-260000-P,2026-09-25,260000,put,3.0348433520157925,0.0001,,1.3904841537894248,-4.03258619393702,8.079447100639332,0.000020803404518371654,-0.000037807381668963685,0,0,64148.6
2026-08-18 01:52:04,okx,BTC,BTC-USD-260925-260000-C,2026-09-25,260000,call,0.0002380379288707,,,1.3904841537894248,0.0017922097962295713,0.01069029317283316,0.000020803404518371654,-0.000037807381668963685,1375,0,64148.6
2026-08-18 01:52:04,okx,BTC,BTC-USD-260925-240000-P,2026-09-25,240000,put,2.7245439338885555,0.0001,,1.3445481302377642,-3.721801796281995,7.4616405646421935,0.000025417976738546076,-0.00004466768807678726,0,0,64148.6
2026-08-18 01:52:04,okx,BTC,BTC-USD-260925-240000-C,2026-09-25,240000,call,0.0002928747313967,,,1.3445481302377642,0.002239807164081327,0.013557357750040615,0.000025417976738546076,-0.00004466768807678726,275,0,64148.6
2026-08-18 01:52:04,okx,BTC,BTC-USD-260925-280000-P,2026-09-25,280000,put,3.3451493389324236,3.3295,3.354,1.4278914250494739,-4.343297993085912,8.697833626057252,0.0000168178815047727,-0.000031386480376808285,25,0,64148.6
2026-08-18 01:52:04,okx,BTC,BTC-USD-260925-280000-C,2026-09-25,280000,call,0.0001897699157388,,0.0001,1.4278914250494739,0.0014172109345107508,0.008403218016407182,0.0000168178815047727,-0.000031386480376808285,13475,0,64148.6
2026-08-18 01:52:04,okx,BTC,BTC-USD-260818-64400-C,2026-08-18,64400,call,0.0004416939639279,0.0005,0.0006,0.17084215863297972,0.19675214410876582,61.028642579290405,0.00007345377961811174,-0.0006274466507367984,1079,1673,64148.6
2026-08-18 01:52:04,okx,BTC,BTC-USD-260818-64400-P,2026-08-18,64400,put,0.0044106851730835,0.0031,0.006,0.17084215863297972,-0.8071072735963142,63.036361414700565,0.00007345377961811174,-0.0006274195860586849,484,537,64148.6
2026-08-18 01:52:04,okx,BTC,BTC-USD-260818-64750-C,2026-08-18,64750,call,0.0000346984748797,,0.0002,0.17737808566536936,0.024098072400028155,12.045288159608116,0.00001501569762202023,-0.0001331724871718694,1190,2356,64148.6
2026-08-18 01:52:04,okx,BTC,BTC-USD-260828-65500-P,2026-08-28,65500,put,0.0295025304153849,0.0285,0.0315,0.26481510881160814,-0.6924909635005393,9.611750879136357,0.0006121191078910931,-0.0007902999518737322,0,0,64148.6
2026-08-18 01:52:04,okx,BTC,BTC-USD-260820-64250-C,2026-08-20,64250,call,0.0061775736061993,0.006,0.0065,0.2205048616706251,0.4640168195789688,22.021925292665102,0.0003127156405801756,-0.0015284349379665679,930,980,64148.6
2026-08-18 01:52:04,okx,BTC,BTC-USD-260828-65500-C,2026-08-28,65500,call,0.0096970946365445,0.0095,0.01,0.26481510881160814,0.32735660591620946,7.5720557403028605,0.0006121191078910931,-0.0007902999518737322,474,610,64148.6
2026-08-18 01:52:04,okx,BTC,BTC-USD-260818-64750-P,2026-08-18,64750,put,0.0094600048575747,,0.055,0.17737808566536936,-0.9852171030099707,14.063918510428113,0.00001501569762202023,-0.00013310723253582332,0,0,64148.6
2026-08-18 01:52:04,okx,BTC,BTC-USD-260828-66500-P,2026-08-28,66500,put,0.0408394701864011,0.04,0.05,0.26227629655022616,-0.8201347200603444,8.388235800098522,0.0004972740861657914,-0.0006358696983284176,0,0,64148.6
2026-08-18 01:52:04,okx,BTC,BTC-USD-260925-63000-P,2026-09-25,63000,put,0.033934158900495,0.0335,0.034,0.3464124683202875,-0.4319323551931615,4.304296032916735,0.0012491293126416618,-0.0005655578809576633,699,100,64148.6
2026-08-18 01:52:04,okx,BTC,BTC-USD-260828-66500-C,2026-08-28,66500,call,0.0054644857697156,0.0055,0.006,0.26227629655022616,0.21528304125589667,6.317400277466039,0.0004972740861657914,-0.0006358696983284176,42,42,64148.6
2026-08-18 01:52:04,okx,BTC,BTC-USD-260925-63000-C,2026-09-25,63000,call,0.0563182558717407,0.0555,0.0565,0.3464124683202875,0.5456285657114335,2.3491741911075446,0.0012491293126416618,-0.0005655578809576633,210,102,64148.6
2026-08-18 01:52:04,okx,BTC,BTC-USD-260820-64250-P,2026-08-20,64250,put,0.0077250535219434,0.0075,0.008,0.2205048616706251,-0.5373656303563631,24.024690192535765,0.0003127156405801756,-0.001528395369679752,178,187,64148.6
2026-08-18 01:52:04,okx,BTC,BTC-USD-260818-64600-P,2026-08-18,64600,put,0.0071953388835487,0.0001,0.0285,0.17289806235750774,-0.9427446910892399,29.391383910982285,0.00003328970946655927,-0.00028773652905875354,0,0,64148.6
2026-08-18 01:52:04,okx,BTC,BTC-USD-260818-64600-C,2026-08-18,64600,call,0.0001084532895134,0.0001,0.0003,0.17289806235750774,0.06423230244722239,27.37742992390936,0.00003328970946655927,-0.00028778541656997137,4086,4373,64148.6
2026-08-18 01:52:04,okx,BTC,BTC-USD-260925-65000-P,2026-09-25,65000,put,0.047804470451595,0.0475,0.0485,0.3341937931789549,-0.5577329727996675,4.801636733960425,0.0012911444260047939,-0.0005639613585795562,29436,10,64148.6
2026-08-18 01:52:04,okx,BTC,BTC-USD-260925-65000-C,2026-09-25,65000,call,0.0391531419298645,0.039,0.0395,0.3341937931789549,0.45086162813364483,2.7844475320938007,0.0012911444260047939,-0.0005639613585795562,21379,325,64148.6
2026-08-18 01:52:04,okx,BTC,BTC-USD-260821-62750-P,2026-08-21,62750,put,0.0023828246920819,0.0023,0.0024,0.25703866161858435,-0.1756164445424907,10.905339440592117,0.0002419604881519534,-0.0009551400235524422,1059,1021,64148.6
2026-08-18 01:52:04,okx,BTC,BTC-USD-260821-63250-C,2026-08-21,63250,call,0.0181723187063472,0.0175,0.0195,0.24883873056293673,0.718438477752384,12.451037289556941,0.00030823328139798026,-0.0011775116709764454,618,128,64148.6
2026-08-18 01:52:04,okx,BTC,BTC-USD-260925-67000-C,2026-09-25,67000,call,0.0258765343862038,0.026,0.0265,0.32521831982289995,0.34993898258264505,2.90413359381153,0.0012284632497709912,-0.0005221716801951727,244,307,64148.6
2026-08-18 01:52:04,okx,BTC,BTC-USD-260821-62750-C,2026-08-21,62750,call,0.0244129275214673,0.024,0.026,0.25703866161858435,0.801999909420743,8.950106732665649,0.0002419604881519534,-0.0009545292164819248,129,29,64148.6
2026-08-18 01:52:04,okx,BTC,BTC-USD-260925-67000-P,2026-09-25,67000,put,0.0655632884009107,0.0655,0.0665,0.32521831982289995,-0.6896892983793845,4.98339015573559,0.0012284632497709912,-0.0005221716801951727,0,0,64148.6
2026-08-18 01:52:04,okx,BTC,BTC-USD-260828-56000-C,2026-08-28,56000,call,0.1288233812614233,0.1275,0.1305,0.4277968750303935,0.8454448976887156,-0.85495153540846,0.00010047908860611692,-0.00020956876497494072,1054,0,64148.6
2026-08-18 01:52:04,okx,BTC,BTC-USD-260828-56000-P,2026-08-28,56000,put,0.0007181049807373,0.0006,0.0007,0.4277968750303935,-0.026485848682855893,0.8889099573346829,0.00010047908860611692,-0.00020956876497494072,12268,2202,64148.6
2026-08-18 01:52:04,okx,BTC,BTC-USD-260821-63250-P,2026-08-21,63250,put,0.003934094044809,0.0037,0.0038,0.24883873056293673,-0.26696764795557654,14.421849540972863,0.00030823328139798026,-0.001177909059645132,740,463,64148.6
2026-08-18 01:52:04,okx,BTC,BTC-USD-261030-46000-P,2026-10-30,46000,put,0.006061255666756,0.0055,0.006,0.5181637394050105,-0.06215734920085286,0.6107387947782148,0.0005058589727465799,-0.00017874007603681304,5479,505,64148.6
2026-08-18 01:52:04,okx,BTC,BTC-USD-261030-46000-C,2026-10-30,46000,call,0.2948057073110567,0.289,0.303,0.5181637394050105,0.6470617868294918,-0.8076994772824745,0.0005058589727465799,-0.0001708284082608409,0,0,64148.6
2026-08-18 01:52:04,okx,BTC,BTC-USD-261030-48000-P,2026-10-30,48000,put,0.0076438653045433,0.007,0.0075,0.49296209737680197,-0.07905808302264122,0.7750962568015389,0.0006104246144659933,-0.00020517820302111734,5936,8,64148.6
2026-08-18 01:52:04,okx,BTC,BTC-USD-261030-48000-C,2026-10-30,48000,call,0.2655513360040739,0.26,0.273,0.49296209737680197,0.6609966676177185,-0.7050132444791807,0.0006104246144659933,-0.00019811134659587562,0,0,64148.6
2026-08-18 01:52:04,okx,BTC,BTC-USD-261030-54000-P,2026-10-30,54000,put,0.0162330377414031,0.0155,0.016,0.42959956766070784,-0.16561323417377152,1.5383796693310559,0.001040815101049292,-0.00030474220086966865,5346,0,64148.6
2026-08-18 01:52:04,okx,BTC,BTC-USD-261030-54000-C,2026-10-30,54000,call,0.181629565606624,0.176,0.1885,0.42959956766070784,0.6669483602966332,-0.12674351960975352,0.001040815101049292,-0.00030020977849661804,0,0,64148.6
2026-08-18 01:52:04,okx,BTC,BTC-USD-261030-56000-P,2026-10-30,56000,put,0.0211534947312679,0.0205,0.021,0.412777659133698,-0.2113538927705628,1.889799493450871,0.0012154044022115642,-0.00034184545849688295,6946,356,64148.6
2026-08-18 01:52:04,okx,BTC,BTC-USD-261030-56000-C,2026-10-30,56000,call,0.1557130416517188,0.15,0.163,0.412777659133698,0.6520433163098568,0.16300507529003164,0.0012154044022115642,-0.0003381578474745627,0,0,64148.6
2026-08-18 01:52:04,okx,BTC,BTC-USD-261030-50000-P,2026-10-30,50000,put,0.0097362842384614,0.009,0.0095,0.469733760892445,-0.10097429751103265,0.9809441324706705,0.0007344024273664725,-0.00023519183258435898,6144,113,64148.6
2026-08-18 01:52:04,okx,BTC,BTC-USD-261030-50000-C,2026-10-30,50000,call,0.2368067739932222,0.2305,0.2445,0.469733760892445,0.6699160677393421,-0.560836598030079,0.0007344024273664725,-0.0002289697875098476,0,0,64148.6
2026-08-18 01:52:04,okx,BTC,BTC-USD-261030-52000-P,2026-10-30,52000,put,0.0125216472956211,0.012,0.0125,0.4485915529554472,-0.12931330604193716,1.2343986695199507,0.0008785102391093763,-0.0002686409737965982,3911,0,64148.6
2026-08-18 01:52:04,okx,BTC,BTC-USD-261030-52000-C,2026-10-30,52000,call,0.208755156105612,0.2025,0.2165,0.4485915529554472,0.6724126738184526,-0.3690532902008288,0.0008785102391093763,-0.00026326374007281723,0,0,64148.6
2026-08-18 01:52:04,okx,BTC,BTC-USD-261030-62000-P,2026-10-30,62000,put,0.0464385721734275,0.046,0.047,0.3749833136636169,-0.41248971080307284,3.061518207470523,0.0016832000500089097,-0.00042952816487064165,7638,1316,64148.6
2026-08-18 01:52:04,okx,BTC,BTC-USD-261030-62000-C,2026-10-30,62000,call,0.0884871762595685,0.088,0.089,0.3749833136636169,0.5434143421073918,1.1497101016495934,0.0016832000500089097,-0.00042837498790051256,729,0,64148.6
2026-08-18 01:52:04,okx,BTC,BTC-USD-261030-64000-P,2026-10-30,64000,put,0.0593840393070676,0.059,0.06,0.3663514587756929,-0.49846958353287335,3.395245214763991,0.0017633961430418904,-0.00043930983644371353,12800,0,64148.6
2026-08-18 01:52:04,okx,BTC,BTC-USD-261030-64000-C,2026-10-30,64000,call,0.0705956624484386,0.0705,0.071,0.3663514587756929,0.48827008398760635,1.421765879723032,0.0017633961430418904,-0.0004390014708243148,5241,0,64148.6
2026-08-18 01:52:04,okx,BTC,BTC-USD-261030-58000-P,2026-10-30,58000,put,0.0276058308852712,0.027,0.0275,0.39810681982226326,-0.2676585024142885,2.276818695435346,0.001391460481454418,-0.00037733694920935113,12534,6,64148.6
2026-08-18 01:52:04,okx,BTC,BTC-USD-261030-58000-C,2026-10-30,58000,call,0.1313283968609519,0.129,0.135,0.39810681982226326,0.6265743212761462,0.48835304805447705,0.001391460481454418,-0.0003744941495377613,12,0,64148.6
2026-08-18 01:52:04,okx,BTC,BTC-USD-261030-60000-P,2026-10-30,60000,put,0.0359286673153381,0.0355,0.036,0.38553504228092195,-0.3349249924299485,2.6775184973852233,0.0015534712665906496,-0.0004078012027004857,3527,1965,64148.6
2026-08-18 01:52:04,okx,BTC,BTC-USD-261030-60000-C,2026-10-30,60000,call,0.108814252346249,0.108,0.11,0.38553504228092195,0.5901434458705012,0.827381620784324,0.0015534712665906496,-0.0004058032143796262,337,0,64148.6
2026-08-18 01:52:04,okx,BTC,BTC-USD-261030-70000-P,2026-10-30,70000,put,0.11357191422193,0.1125,0.1215,0.35103315200444024,-0.7746903586671873,3.868270174685872,0.0016337121486314817,-0.00038831711925865796,0,0,64148.6
2026-08-18 01:52:04,okx,BTC,BTC-USD-261030-70000-C,2026-10-30,70000,call,0.032272594528991,0.032,0.033,0.35103315200444024,0.3045561526833373,1.709777151984823,0.0016337121486314817,-0.0003905431876914504,5557,2123,64148.6
2026-08-18 01:52:04,okx,BTC,BTC-USD-261030-72000-P,2026-10-30,72000,put,0.1363349695478796,0.135,0.145,0.3491193193361991,-0.8614238994981095,3.8461131457760414,0.001487734768933064,-0.00035077490917393724,0,0,64148.6
2026-08-18 01:52:04,okx,BTC,BTC-USD-261030-72000-C,2026-10-30,72000,call,0.0241986689101706,0.024,0.0245,0.3491193193361991,0.24865822646243013,1.6259488938549622,0.001487734768933064,-0.0003538457889574601,8159,100,64148.6
2026-08-18 01:52:04,okx,BTC,BTC-USD-261030-66000-P,2026-10-30,66000,put,0.0749033066056481,0.075,0.0755,0.35952624040416287,-0.5899036405660154,3.6497394109946275,0.0017822268069778789,-0.00043529086625454256,3060,0,64148.6
2026-08-18 01:52:04,okx,BTC,BTC-USD-261030-66000-C,2026-10-30,66000,call,0.0552779488022493,0.055,0.056,0.35952624040416287,0.4276716415644794,1.6145888467336387,0.0017822268069778789,-0.00043582731198587427,4294,0,64148.6
2026-08-18 01:52:04,okx,BTC,BTC-USD-261030-68000-P,2026-10-30,68000,put,0.0930105354678692,0.093,0.094,0.35445595781660194,-0.683186303112337,3.8076639865828037,0.001736717806111364,-0.00041761718689579887,1208,160,64148.6
2026-08-18 01:52:04,okx,BTC,BTC-USD-261030-68000-C,2026-10-30,68000,call,0.0425481967197001,0.0425,0.0435,0.35445595781660194,0.3652245936281728,1.7108421931017845,0.001736717806111364,-0.00041899844397786095,4177,0,64148.6
2026-08-18 01:52:04,okx,BTC,BTC-USD-261030-78000-P,2026-10-30,78000,put,0.2145527499084731,0.2015,0.2925,0.35117927364217655,-1.0785820096438967,3.5289756800592573,0.0009668758774129067,-0.00022587740242845862,4,0,64148.6
2026-08-18 01:52:04,okx,BTC,BTC-USD-261030-78000-C,2026-10-30,78000,call,0.0099055064364543,0.0095,0.01,0.35117927364217655,0.12400696014668787,1.1237977404780888,0.0009668758774129067,-0.0002314827162641726,3650,100,64148.6
2026-08-18 01:52:04,okx,BTC,BTC-USD-261030-80000-P,2026-10-30,80000,put,0.242869111242933,0.2295,0.324,0.3540908400450476,-1.1364677523793703,3.4136184524888327,0.0008106380784404153,-0.00018926341437000574,100,0,64148.6
2026-08-18 01:52:04,okx,BTC,BTC-USD-261030-80000-C,2026-10-30,80000,call,0.0073848868261441,0.007,0.0075,0.3540908400450476,0.09695683202122934,0.9467692836876335,0.0008106380784404153,-0.00019571353955645006,3062,0,64148.6
2026-08-18 01:52:04,okx,BTC,BTC-USD-260818-59000-P,2026-08-18,59000,put,0.000000000000501,,0.0002,0.5212965636905182,-0.0000000006142941305998363,0.0000002782639741832705,0.0000000000010109140040091959,-0.000000000026349290533295857,3055,300,64148.6
2026-08-18 01:52:04,okx,BTC,BTC-USD-261030-74000-P,2026-10-30,74000,put,0.1609788069067875,0.153,0.1705,0.34858492392452,-0.9414152726370121,3.7651570137854207,0.0013168942704433013,-0.0003089103206900259,0,0,64148.6
2026-08-18 01:52:04,okx,BTC,BTC-USD-260925-95000-P,2026-09-25,95000,put,0.4744072183224249,0.471,0.4775,0.45298124921509986,-1.469279636527035,3.037941453233381,0.000047183454770265274,-0.00002793483468215826,780,0,64148.6
2026-08-18 01:52:04,okx,BTC,BTC-USD-261030-74000-C,2026-10-30,74000,call,0.0180055253243086,0.018,0.0185,0.34858492392452,0.19950246793354248,1.483321532644312,0.0013168942704433013,-0.00031282601182427907,8076,800,64148.6
2026-08-18 01:52:04,okx,BTC,BTC-USD-260925-95000-C,2026-09-25,95000,call,0.0002245074060497,0.0003,0.0005,0.45298124921509986,0.004820164837036933,0.08974185050523731,0.000047183454770265274,-0.00002793483468215826,12700,0,64148.6
2026-08-18 01:52:04,okx,BTC,BTC-USD-261030-76000-P,2026-10-30,76000,put,0.1871604087995592,0.175,0.269,0.34930909423651035,-1.0137869173625982,3.6517544524261627,0.0011386534723338262,-0.0002663483430019223,5,0,64148.6
2026-08-18 01:52:04,okx,BTC,BTC-USD-260818-59000-C,2026-08-18,59000,call,0.0802141571830975,0.0655,,0.5212965636905182,0.9196848696434654,-1.8393694622515446,0.0000000000010109140040091959,0.0000005621254664124006,0,0,64148.6
2026-08-18 01:52:04,okx,BTC,BTC-USD-261030-76000-C,2026-10-30,76000,call,0.0133501462723101,0.013,0.0135,0.34930909423651035,0.15796643781797118,1.3082477420650234,0.0011386534723338262,-0.00027110884548690585,5976,794,64148.6
2026-08-18 01:52:04,okx,BTC,BTC-USD-261030-95000-P,2026-10-30,95000,put,0.468011490076934,0.45,0.516,0.40041806994408613,-1.4457573765244556,3.163517619469649,0.00021859212271510686,-0.000046921135171488654,0,0,64148.6
2026-08-18 01:52:04,okx,BTC,BTC-USD-261030-95000-C,2026-10-30,95000,call,0.0012499085743704,0.0011,0.0013,0.40041806994408613,0.018934317451256462,0.23413423151822504,0.00021859212271510686,-0.000059707345488410825,2687,48,64148.6
2026-08-18 01:52:04,okx,BTC,BTC-USD-261030-85000-P,2026-10-30,85000,put,0.3162789657546133,0.2965,0.4375,0.3653061313162292,-1.2576139749522524,3.2104055469500734,0.0005096829294731686,-0.00011841875201670995,0,0,64148.6
2026-08-18 01:52:04,okx,BTC,BTC-USD-261030-85000-C,2026-10-30,85000,call,0.0037022889758995,0.0037,0.0038,0.3653061313162292,0.05289964597338478,0.5893783050987993,0.0005096829294731686,-0.0001269809055799802,2809,0,64148.6
2026-08-18 01:52:04,okx,BTC,BTC-USD-261030-90000-P,2026-10-30,90000,put,0.3917051690938753,0.3705,0.5165,0.3811123234285451,-1.3571950614526194,3.13953518800137,0.000325190232995054,-0.00007386000491302812,0,0,64148.6
2026-08-18 01:52:04,okx,BTC,BTC-USD-261030-90000-C,2026-10-30,90000,call,0.0020360399532366,0.002,0.0021,0.3811123234285451,0.030407595998055266,0.3643298731000207,0.000325190232995054,-0.00008453418685312435,1728,12,64148.6
2026-08-18 01:52:04,okx,BTC,BTC-USD-260818-61500-C,2026-08-18,61500,call,0.0412407775707757,0.01,,0.438500853374565,0.9585203585972596,-1.872189031638501,0.00000013767126943639168,-0.0000027290794023414617,0,0,64148.6
2026-08-18 01:52:04,okx,BTC,BTC-USD-260818-61500-P,2026-08-18,61500,put,0.0000003001991754,,0.0001,0.438500853374565,-0.0001342095527779165,0.045120104661573866,0.00000013767126943639168,-0.000003018445804240477,5027,3902,64148.6
2026-08-18 01:52:04,okx,BTC,BTC-USD-260818-61000-C,2026-08-18,61000,call,0.0490352622129058,0.04,,0.4697172303350603,0.9508360444100324,-1.8932228440934455,0.000000027781039123031153,-0.00000030853767648124343,0,0,64148.6
2026-08-18 01:52:04,okx,BTC,BTC-USD-260818-61000-P,2026-08-18,61000,put,0.0000000488791063,,0.0001,0.4697172303350603,-0.000024584161549474394,0.00849841304971817,0.000000027781039123031153,-0.0000006524611611410426,3439,2643,64148.6
2026-08-18 01:52:04,okx,BTC,BTC-USD-260818-60500-C,2026-08-18,60500,call,0.0568299546314363,0.0475,,0.4913831572045927,0.9430635119447007,-1.884976981080458,0.0000000039557458255064335,0.00000030129128268144866,0,0,64148.6
2026-08-18 01:52:04,okx,BTC,BTC-USD-260818-60500-P,2026-08-18,60500,put,0.0000000053354376,,0.0001,0.4913831572045927,-0.0000031770484256400474,0.001156396905794647,0.0000000039557458255064335,-0.00000009718928473913515,5804,5589,64148.6
2026-08-18 01:52:04,okx,BTC,BTC-USD-260818-63000-C,2026-08-18,63000,call,0.0178733338518363,0.0165,0.0195,0.2827279408472799,0.9743867683936716,0.8622249288560478,0.000005563184252838199,-0.00007851755433456658,1358,706,64148.6
2026-08-18 01:52:04,okx,BTC,BTC-USD-260828-62500-C,2026-08-28,62500,call,0.0357478969821132,0.035,0.037,0.2941018064840168,0.6823160383027027,5.486822954632065,0.0005661667758216791,-0.0008118117471559539,1224,793,64148.6
2026-08-18 01:52:04,okx,BTC,BTC-USD-260818-63000-P,2026-08-18,63000,put,0.0000170643668339,,0.0001,0.2827279408472799,-0.0076496184917326715,2.826297702626856,0.000005563184252838199,-0.00007864324948818324,8892,11860,64148.6
2026-08-18 01:52:04,okx,BTC,BTC-USD-260828-62500-P,2026-08-28,62500,put,0.008844686847419,0.0085,0.009,0.2941018064840168,-0.290820955415569,7.433096942068609,0.0005661667758216791,-0.0008118117471559539,5788,645,64148.6
2026-08-18 01:52:04,okx,BTC,BTC-USD-260818-62750-C,2026-08-18,62750,call,0.0217622605696271,0.0205,0.023,0.3129177124489206,0.97437184469186,-0.5956014850064933,0.000002963928289225251,-0.00004622024208196519,624,1,64148.6
2026-08-18 01:52:04,okx,BTC,BTC-USD-260818-62750-P,2026-08-18,62750,put,0.0000086231035251,,0.0001,0.3129177124489206,-0.003767572404316592,1.3606773491858597,0.000002963928289225251,-0.000046373215776962255,7650,5415,64148.6
2026-08-18 01:52:04,okx,BTC,BTC-USD-260818-62500-C,2026-08-18,62500,call,0.0256556276130736,0.0245,0.027,0.3425095497618061,0.97227023819216,-1.2553786738303467,0.0000016522965210966651,-0.00002811607817232677,358,20,64148.6
2026-08-18 01:52:04,okx,BTC,BTC-USD-260818-62500-P,2026-08-18,62500,put,0.0000046221658721,,0.0001,0.3425095497618061,-0.0019722091147888615,0.6931062207835507,0.0000016522965210966651,-0.000028296330408704216,5189,3566,64148.6
2026-08-18 01:52:04,okx,BTC,BTC-USD-260818-62000-C,2026-08-18,62000,call,0.0334470529196768,0.008,,0.39596348348178523,0.9658941763553232,-1.7456387451889865,0.0000005159544547422579,-0.000009980136045520263,0,0,64148.6
2026-08-18 01:52:04,okx,BTC,BTC-USD-260818-62000-P,2026-08-18,62000,put,0.0000013115102759,,0.0001,0.39596348348178523,-0.0005543313731698976,0.18725827026799954,0.0000005159544547422579,-0.000010214945364658496,6969,5951,64148.6
2026-08-18 01:52:04,okx,BTC,BTC-USD-260818-64000-C,2026-08-18,64000,call,0.003240541962615,0.0028,0.0033,0.1849323969959359,0.683559723879386,71.04564673706568,0.0000937394156844316,-0.0008667492315562941,14745,27647,64148.6
2026-08-18 01:52:04,okx,BTC,BTC-USD-260818-64000-P,2026-08-18,64000,put,0.0009737444020111,0.0009,0.001,0.1849323969959359,-0.3140645421629294,73.0408952691503,0.0000937394156844316,-0.0008667658125443892,4363,5915,64148.6
2026-08-18 01:52:04,okx,BTC,BTC-USD-260818-63750-C,2026-08-18,63750,call,0.0064684085649477,0.006,0.008,0.20298817902105679,0.8730201240094655,35.586476533014796,0.00005304593660019845,-0.0005383388107196505,5223,6226,64148.6
2026-08-18 01:52:04,okx,BTC,BTC-USD-260818-63750-P,2026-08-18,63750,put,0.0003042430232442,0.0003,0.0004,0.20298817902105679,-0.12070717224362211,37.573931125520964,0.00005304593660019845,-0.000538382670249126,4769,5547,64148.6
2026-08-18 01:52:04,okx,BTC,BTC-USD-260818-63500-C,2026-08-18,63500,call,0.0101610301637112,0.009,0.012,0.22621607677592387,0.9460619579583259,13.564190909270007,0.000024475046563694685,-0.0002767605626507779,2826,2189,64148.6
2026-08-18 01:52:04,okx,BTC,BTC-USD-260925-56000-C,2026-09-25,56000,call,0.1402323130999362,0.139,0.1405,0.4101515744337381,0.7292968354312761,0.13825144588270183,0.0006864488303683418,-0.00036798379679337564,163,1,64148.6
2026-08-18 01:52:04,okx,BTC,BTC-USD-260818-63500-P,2026-08-18,63500,put,0.0000994966409081,,0.0001,0.22621607677592387,-0.04376836850553412,15.543851562197725,0.000024475046563694685,-0.00027683170072163377,5541,8278,64148.6
2026-08-18 01:52:04,okx,BTC,BTC-USD-260818-63250-C,2026-08-18,63250,call,0.0139968750828746,0.013,0.0155,0.25331026204020846,0.9687239120296439,4.406287896060501,0.000011248431591996625,-0.00014236845023575133,1226,509,64148.6
2026-08-18 01:52:04,okx,BTC,BTC-USD-260818-63250-P,2026-08-18,63250,put,0.0000379735789719,,0.0001,0.25331026204020846,-0.017209444644988307,6.378154609409766,0.000011248431591996625,-0.00014246686684798762,2303,2573,64148.6
2026-08-18 01:52:04,okx,BTC,BTC-USD-260925-56000-P,2026-09-25,56000,put,0.0092242269032731,0.0085,0.009,0.4101515744337381,-0.13964620537280834,1.876137527490871,0.0006864488303683418,-0.00036798379679337564,6849,2,64148.6
2026-08-18 01:52:04,okx,BTC,BTC-USD-260818-66000-C,2026-08-18,66000,call,0.0000000003633669,,0.0001,0.22169350914870822,0.0000006516932831915845,0.0005582989584811612,0.0000000008684135853633013,-0.00000000962607762141927,1776,0,64148.6
2026-08-18 01:52:04,okx,BTC,BTC-USD-260821-63750-C,2026-08-21,63750,call,0.012731084109418,0.012,0.013,0.24153032161427815,0.6076293761657485,15.46864643823,0.0003594130974651504,-0.001332918988779581,1657,2154,64148.6
2026-08-18 01:52:04,okx,BTC,BTC-USD-260818-66000-P,2026-08-18,66000,put,0.02891214665156,0.007,,0.22169350914870822,-1.0287993726628546,2.058158347670757,0.0000000008684135853633013,0.00000019202126532661625,0,0,64148.6
2026-08-18 01:52:04,okx,BTC,BTC-USD-260821-63750-P,2026-08-21,63750,put,0.0062847376157269,0.006,0.0065,0.24153032161427815,-0.3855665212869389,17.455038233135376,0.0003594130974651504,-0.0013331029590464363,918,918,64148.6
2026-08-18 01:52:04,okx,BTC,BTC-USD-260818-65000-C,2026-08-18,65000,call,0.0000048961890513,,0.0001,0.18777722921968995,0.004127807520855415,2.447845712537653,0.0000032283700647236754,-0.00003031067468807188,6386,5010,64148.6
2026-08-18 01:52:04,okx,BTC,BTC-USD-260818-65000-P,2026-08-18,65000,put,0.0133275705528459,0.012,0.015,0.18777722921968995,-1.0090843376783714,4.474270002936106,0.0000032283700647236754,-0.00003021814151064541,101,1,64148.6
2026-08-18 01:52:04,okx,BTC,BTC-USD-260818-64500-C,2026-08-18,64500,call,0.0002240460133604,0.0003,0.0004,0.17120281294004933,0.11632616026567914,43.037758251107356,0.0000518556422352546,-0.0004438897870261253,7049,8570,64148.6
2026-08-18 01:52:04,okx,BTC,BTC-USD-260818-64500-P,2026-08-18,64500,put,0.0057519844149559,0.0043,0.0075,0.17120281294004933,-0.8890920453550918,45.0485946623489,0.0000518556422352546,-0.00044385181093145967,637,637,64148.6
2026-08-18 01:52:04,okx,BTC,BTC-USD-260818-64250-C,2026-08-18,64250,call,0.0010802182295157,0.001,0.0011,0.17324077224390358,0.36919956044012975,81.66338887738073,0.00009992654037296101,-0.0008655593860172133,5819,10126,64148.6
2026-08-18 01:52:04,okx,BTC,BTC-USD-260818-64250-P,2026-08-18,64250,put,0.0027107886500114,0.0027,0.0032,0.17324077224390358,-0.6323216753914136,83.66643134904382,0.00009992654037296101,-0.0008655486884639281,2757,3484,64148.6
2026-08-18 01:52:04,okx,BTC,BTC-USD-261127-48000-C,2026-11-27,48000,call,0.2721223826251084,,,0.4718588870870989,0.6358106604751356,-0.62265050508868,0.000849499356624949,-0.0001904805090434578,0,0,64148.6
2026-08-18 01:52:04,okx,BTC,BTC-USD-261127-48000-P,2026-11-27,48000,put,0.0113989743813038,0.0115,0.0125,0.4718588870870989,-0.10068299436918747,0.8503368045999661,0.000849499356624949,-0.0001976239628420386,1180,1165,64148.6
2026-08-18 01:52:04,okx,BTC,BTC-USD-261127-46000-C,2026-11-27,46000,call,0.300465420032501,,,0.49084565666696217,0.6256385686658393,-0.7260157023755852,0.0007152308134121907,-0.00016512475148398957,0,0,64148.6
2026-08-18 01:52:04,okx,BTC,BTC-USD-261127-46000-P,2026-11-27,46000,put,0.0090542487266748,0.009,0.01,0.49084565666696217,-0.08016785055997024,0.6855971360760339,0.0007152308134121907,-0.00017310895145549203,1580,100,64148.6
2026-08-18 01:52:04,okx,BTC,BTC-USD-260818-68000-C,2026-08-18,68000,call,0.0000000000000001,,0.0001,0.23307000282476514,0.0000000000000000000017975430242026643,0.0000000000000000027812883011516342,0.00000000000000000000000454346828852387,-0.00000000000000000000005294730030061356,0,0,64148.6
2026-08-18 01:52:04,okx,BTC,BTC-USD-260818-68000-P,2026-08-18,68000,put,0.0600910901369904,0.005,,0.23307000282476514,-1.05997578266996,2.11995156533992,0.00000000000000000000000454346828852387,0.00000041987567399117117,0,0,64148.6
2026-08-18 01:52:04,okx,BTC,BTC-USD-260818-67000-C,2026-08-18,67000,call,0.0000000000000001,,0.0001,0.2312120522205806,0.0000000000006331727839188471,0.0000000007480752532246973,0.0000000000000012127866742227734,-0.000000000000014020541111179396,1691,0,64148.6
2026-08-18 01:52:04,okx,BTC,BTC-USD-260818-67000-P,2026-08-18,67000,put,0.0445016182125917,0.0095,,0.2312120522205806,-1.044387903512416,2.088775807774173,0.0000000000000012127866742227734,0.00000031076149444906323,0,0,64148.6
2026-08-18 01:52:04,okx,BTC,BTC-USD-261127-56000-C,2026-11-27,56000,call,0.1676497932427819,,,0.4148802598276212,0.6155930688608519,0.10055965945636372,0.001532744810752544,-0.0003094158006605502,0,0,64148.6
2026-08-18 01:52:04,okx,BTC,BTC-USD-261127-56000-P,2026-11-27,56000,put,0.0296774372470634,0.029,0.0295,0.4148802598276212,-0.2436495284575251,1.8190448540931174,0.001532744810752544,-0.00031319626976744424,1323,359,64148.6
2026-08-18 01:52:04,okx,BTC,BTC-USD-261127-54000-C,2026-11-27,54000,call,0.1920366618966225,,,0.4265763170300181,0.6312660932330989,-0.12104624720165279,0.0013508062292825226,-0.0002792760150544163,0,0,64148.6
2026-08-18 01:52:04,okx,BTC,BTC-USD-261127-54000-P,2026-11-27,54000,put,0.0233765428388826,0.023,0.0235,0.4265763170300181,-0.19728926846676456,1.5360644761980742,0.0013508062292825226,-0.000283897230334232,1206,1,64148.6
2026-08-18 01:52:04,okx,BTC,BTC-USD-261127-52000-C,2026-11-27,52000,call,0.2177185866707721,,,0.4398783275324717,0.6394578210125473,-0.3190267712288233,0.0011713300085064418,-0.0002484609616490768,0,0,64148.6
2026-08-18 01:52:04,okx,BTC,BTC-USD-261127-52000-P,2026-11-27,52000,put,0.0183707045510106,0.018,0.0185,0.4398783275324717,-0.15841030506880263,1.2767094809338766,0.0011713300085064418,-0.0002539229231018142,681,526,64148.6
2026-08-18 01:52:04,okx,BTC,BTC-USD-261127-50000-C,2026-11-27,50000,call,0.244480720598869,,,0.45492315334213335,0.640713108564938,-0.487104998225456,0.0010024436130356112,-0.00021849101876691016,0,0,64148.6
2026-08-18 01:52:04,okx,BTC,BTC-USD-261127-50000-P,2026-11-27,50000,put,0.0144450754170859,0.0145,0.015,0.45492315334213335,-0.12646778189789842,1.0472567827002168,0.0010024436130356112,-0.0002247937263925693,320,127,64148.6
2026-08-18 01:52:04,okx,BTC,BTC-USD-261127-64000-C,2026-11-27,64000,call,0.0870363784171312,0.0865,0.088,0.38176855380409086,0.4816106073101639,0.9845149904989452,0.0020627948481624263,-0.0003864864577585195,816,142,64148.6
2026-08-18 01:52:04,okx,BTC,BTC-USD-261127-64000-P,2026-11-27,64000,put,0.0718150746694989,0.0715,0.0735,0.38176855380409086,-0.5003809324822669,2.9484980700838066,0.0020627948481624263,-0.0003869039421737269,2895,141,64148.6
2026-08-18 01:52:04,okx,BTC,BTC-USD-261127-62000-C,2026-11-27,62000,call,0.1043253336598959,0.1035,0.1055,0.3882114608434297,0.5242280662684173,0.7924061439726724,0.0019825100557895182,-0.00037718511855015525,0,0,64148.6
2026-08-18 01:52:04,okx,BTC,BTC-USD-261127-62000-P,2026-11-27,62000,put,0.0584162668502422,0.058,0.06,0.3882114608434297,-0.4270762379054999,2.695014752320507,0.0019825100557895182,-0.0003784433491382843,91,0,64148.6
2026-08-18 01:52:04,okx,BTC,BTC-USD-261127-60000-C,2026-11-27,60000,call,0.1236101817020943,0.1225,0.125,0.3958100524920033,0.561535814230543,0.5713118046109238,0.0018604768245917668,-0.00036024405858986805,0,0,64148.6
2026-08-18 01:52:04,okx,BTC,BTC-USD-261127-60000-P,2026-11-27,60000,put,0.0470133518304188,0.0465,0.048,0.3958100524920033,-0.35908125432486077,2.4125459417217314,0.0018604768245917668,-0.00036234303535091875,107,0,64148.6
2026-08-18 01:52:04,okx,BTC,BTC-USD-261127-58000-C,2026-11-27,58000,call,0.1447740610723002,0.144,0.1465,0.40466374294127383,0.592255694472145,0.33574046292873977,0.0017066150983656775,-0.0003370531292970748,0,0,64148.6
2026-08-18 01:52:04,okx,BTC,BTC-USD-261127-58000-P,2026-11-27,58000,put,0.0374894681386033,0.037,0.038,0.40466374294127383,-0.29767413846474533,2.1156001288025204,0.0017066150983656775,-0.00033999285223104724,2449,1028,64148.6
2026-08-18 01:52:04,okx,BTC,BTC-USD-261127-72000-C,2026-11-27,72000,call,0.0381544123775836,0.0375,0.039,0.3669936381418371,0.2933640595003395,1.2872528561679242,0.00190787299812239,-0.0003447008996312364,27,0,64148.6
2026-08-18 01:52:04,okx,BTC,BTC-USD-261127-72000-P,2026-11-27,72000,put,0.1456841608780374,,,0.3669936381418371,-0.8113764227661451,3.4967338207008933,0.00190787299812239,-0.0003417553993547571,0,0,64148.6
2026-08-18 01:52:04,okx,BTC,BTC-USD-261127-70000-C,2026-11-27,70000,call,0.0474544472550392,0.047,0.0485,0.3690031410797881,0.3393581608695106,1.2869743425900733,0.002012199266134154,-0.00036534885094293605,20,0,64148.6
2026-08-18 01:52:04,okx,BTC,BTC-USD-261127-70000-P,2026-11-27,70000,put,0.1242964326934715,0.1135,,0.3690031410797881,-0.7346950857784605,3.4350808358860156,0.002012199266134154,-0.0003632440968393784,0,0,64148.6
2026-08-18 01:52:04,okx,BTC,BTC-USD-261127-68000-C,2026-11-27,68000,call,0.0586187705331648,0.058,0.0595,0.372101476175627,0.3872664505072903,1.2375838696369836,0.0020770182949657336,-0.000380031572156591,1,0,64148.6
2026-08-18 01:52:04,okx,BTC,BTC-USD-261127-68000-P,2026-11-27,68000,put,0.1047729929095755,0.0975,0.1095,0.372101476175627,-0.6560995605221674,3.3243158916958992,0.0020770182949657336,-0.0003787675642259551,0,0,64148.6
2026-08-18 01:52:04,okx,BTC,BTC-USD-261127-66000-C,2026-11-27,66000,call,0.0717976186175006,0.071,0.073,0.3763895991947822,0.4353346559163923,1.1356668936632668,0.0020949182131050964,-0.0003873954006825718,11,10,64148.6
2026-08-18 01:52:04,okx,BTC,BTC-USD-261127-66000-P,2026-11-27,66000,put,0.0872640779318897,0.087,0.089,0.3763895991947822,-0.5773441194945518,3.1610244444851547,0.0020949182131050964,-0.00038697213892485753,0,0,64148.6
2026-08-18 01:52:04,okx,BTC,BTC-USD-260819-61000-P,2026-08-19,61000,put,0.0001147940538787,,0.0001,0.39370804273940463,-0.014289164293453427,1.5905296189908336,0.00002115265201553148,-0.000331656893186267,5567,484,64148.6
2026-08-18 01:52:04,okx,BTC,BTC-USD-261127-80000-C,2026-11-27,80000,call,0.0154049469236034,0.0145,0.0155,0.3674919261992282,0.14850796360775292,0.9789101246611579,0.0013007656363228062,-0.00023562384521588788,692,0,64148.6
2026-08-18 01:52:04,okx,BTC,BTC-USD-260819-61500-C,2026-08-19,61500,call,0.041431866134057,0.01,0.1065,0.3538983660873893,0.9379815549062083,0.5071310775938266,0.00002900967188923281,-0.00040772451595181127,0,0,64148.6
2026-08-18 01:52:04,okx,BTC,BTC-USD-261127-80000-P,2026-11-27,80000,put,0.2456857476721431,,,0.3674919261992282,-1.0789814611327857,3.433888974142235,0.0013007656363228062,-0.00022931536024772188,0,0,64148.6
2026-08-18 01:52:04,okx,BTC,BTC-USD-260819-60000-P,2026-08-19,60000,put,0.0000570564230427,,0.0001,0.4621832284594175,-0.006606119784712867,0.6909429487018678,0.000010774432345282458,-0.00019831665141417448,756,666,64148.6
2026-08-18 01:52:04,okx,BTC,BTC-USD-261127-78000-C,2026-11-27,78000,call,0.0193644635585225,0.0185,0.0195,0.36632490806372614,0.17798001065077393,1.0819985838537995,0.0014612972989461093,-0.00026380441849069904,810,1016,64148.6
2026-08-18 01:52:04,okx,BTC,BTC-USD-260819-61000-C,2026-08-19,61000,call,0.049184637625436,0.04,0.126,0.39370804273940463,0.936566619908696,-0.31118194941346544,0.00002115265201553148,-0.0003303114187012951,0,0,64148.6
2026-08-18 01:52:04,okx,BTC,BTC-USD-261127-78000-P,2026-11-27,78000,put,0.2189575012450408,,,0.36632490806372614,-1.0188221784712512,3.4756029620978492,0.0014612972989461093,-0.0002583366796954547,0,0,64148.6
2026-08-18 01:52:04,okx,BTC,BTC-USD-260819-59000-P,2026-08-19,59000,put,0.0000221014514937,,0.0001,0.5116205429152942,-0.002544177125173344,0.26573945548034483,0.0000045870195405794955,-0.00009346085679399951,6954,5754,64148.6
2026-08-18 01:52:04,okx,BTC,BTC-USD-261127-76000-C,2026-11-27,76000,call,0.0243324877649181,0.0235,0.0245,0.3657748216396459,0.21203374773646355,1.1743143024427642,0.001621885087271644,-0.0002922765481773145,808,0,64148.6
2026-08-18 01:52:04,okx,BTC,BTC-USD-260819-60000-C,2026-08-19,60000,call,0.0647153550840646,0.044,0.1625,0.4621832284594175,0.9286618646764179,-1.1795930202203937,0.000010774432345282458,-0.00019654411392686994,0,0,64148.6
2026-08-18 01:52:04,okx,BTC,BTC-USD-261127-76000-P,2026-11-27,76000,put,0.1932377623894149,,,0.3657748216396459,-0.954081205767048,3.5065442094497876,0.001621885087271644,-0.0002876495555549919,0,0,64148.6
2026-08-18 01:52:04,okx,BTC,BTC-USD-261127-74000-C,2026-11-27,74000,call,0.0305209434254578,0.03,0.031,0.36595765912371503,0.25063253666573637,1.2462823972306754,0.0017741305357829066,-0.00031976556511602967,905,252,64148.6
2026-08-18 01:52:04,okx,BTC,BTC-USD-260819-59000-C,2026-08-19,59000,call,0.0802688552019802,0.0675,0.178,0.5116205429152942,0.9171360075949385,-1.5736209139598787,0.0000045870195405794955,-0.00009126125630436233,0,0,64148.6
2026-08-18 01:52:04,okx,BTC,BTC-USD-261127-74000-P,2026-11-27,74000,put,0.1687384549879331,,,0.36595765912371503,-0.8847951812192616,3.5171378330006706,0.0017741305357829066,-0.00031597931866662865,0,0,64148.6
2026-08-18 01:52:04,okx,BTC,BTC-USD-260819-62500-P,2026-08-19,62500,put,0.0003423993385307,0.0002,0.0003,0.27332629489187954,-0.05146894697022016,6.6515367483685095,0.00006156768923724695,-0.0006701657262013927,3726,2547,64148.6
2026-08-18 01:52:04,okx,BTC,BTC-USD-260904-56000-C,2026-09-04,56000,call,0.1306631436509728,0.124,0.1395,0.39984473960378863,0.8175829370410999,-0.4150216091999264,0.00023064136253180215,-0.00026722131202382176,0,0,64148.6
2026-08-18 01:52:04,okx,BTC,BTC-USD-260819-62750-C,2026-08-19,62750,call,0.022245665323735,0.021,0.024,0.25526879283341364,0.9084923950729699,7.070519508947989,0.00007803700628092413,-0.0007927166030466189,499,66,64148.6
2026-08-18 01:52:04,okx,BTC,BTC-USD-260904-56000-P,2026-09-04,56000,put,0.0019632383037399,0.0019,0.002,0.39984473960378863,-0.05375362895310239,1.327651522788478,0.00023064136253180215,-0.00026722131202382176,2107,1076,64148.6
2026-08-18 01:52:04,okx,BTC,BTC-USD-260819-62250-P,2026-08-19,62250,put,0.0002693004513291,0.0001,0.0002,0.2926535487128151,-0.039411921451863514,5.011463721886736,0.00004965423054602752,-0.0005787067428358469,3449,3827,64148.6
2026-08-18 01:52:04,okx,BTC,BTC-USD-261127-95000-C,2026-11-27,95000,call,0.0029505944163803,0.003,0.0034,0.38652715486702,0.03589970597058739,0.3414423419889865,0.0004431083707341158,-0.00008449373425397768,0,0,64148.6
2026-08-18 01:52:04,okx,BTC,BTC-USD-260819-62500-C,2026-08-19,62500,call,0.026029560275891,0.0065,0.068,0.27332629489187954,0.9227685368434576,4.703061780741153,0.00006156768923724695,-0.0006694608462199196,0,0,64148.6
2026-08-18 01:52:04,okx,BTC,BTC-USD-261127-95000-P,2026-11-27,95000,put,0.4633896181300816,,,0.38652715486702,-1.421743985908802,3.256729725747766,0.0004431083707341158,-0.00007187965298889911,0,0,64148.6
2026-08-18 01:52:04,okx,BTC,BTC-USD-260819-62000-P,2026-08-19,62000,put,0.0002196020959242,0.0001,0.0002,0.31280312086327433,-0.031114696185810753,3.8623200308619254,0.00004088726722442038,-0.0005093403284644559,2307,4416,64148.6
2026-08-18 01:52:04,okx,BTC,BTC-USD-261127-90000-C,2026-11-27,90000,call,0.0050338272068416,0.0048,0.0055,0.3791077178777746,0.05772867201321997,0.50222327531901,0.0006496094723109759,-0.00012147081838985609,440,0,64148.6
2026-08-18 01:52:04,okx,BTC,BTC-USD-260819-62250-C,2026-08-19,62250,call,0.0298535751610558,0.0075,0.078,0.2926535487128151,0.9309286124265597,3.0707826541298906,0.00004965423054602752,-0.0005778950971037908,0,0,64148.6
2026-08-18 01:52:04,okx,BTC,BTC-USD-261127-90000-P,2026-11-27,90000,put,0.3887534432654891,,,0.3791077178777746,-1.3231969308198859,3.264074480985222,0.0006496094723109759,-0.00011095860255708172,0,0,64148.6
2026-08-18 01:52:04,okx,BTC,BTC-USD-260819-61500-P,2026-08-19,61500,put,0.0001562501072321,,0.0002,0.3538983660873893,-0.02066812916645066,2.424430445739145,0.00002900967188923281,-0.00040885645893561686,5925,5870,64148.6
2026-08-18 01:52:04,okx,BTC,BTC-USD-261127-85000-C,2026-11-27,85000,call,0.0087407150940303,0.008,0.009,0.3724169510430128,0.09297717950732723,0.7194077886442078,0.000935357260055617,-0.00017177170296429025,889,889,64148.6
2026-08-18 01:52:04,okx,BTC,BTC-USD-260819-62000-C,2026-08-19,62000,call,0.0337009905780169,0.008,0.0875,0.31280312086327433,0.9353288877573577,1.9294328629755886,0.00004088726722442038,-0.0005084219169818165,1,0,64148.6
2026-08-18 01:52:04,okx,BTC,BTC-USD-261127-85000-P,2026-11-27,85000,put,0.3157409234976241,,,0.3724169510430128,-1.211230334279495,3.327822816217852,0.000935357260055617,-0.00016336135256382004,0,0,64148.6
2026-08-18 01:52:04,okx,BTC,BTC-USD-260819-63500-P,2026-08-19,63500,put,0.001445663896135,0.0013,0.0014,0.21303868896234637,-0.20698487832808485,23.18866575526657,0.00016689146281284207,-0.0014159061695269881,1754,2455,64148.6
2026-08-18 01:52:04,okx,BTC,BTC-USD-260904-59500-C,2026-09-04,59500,call,0.0798661099714038,0.0785,0.0885,0.34315034726575555,0.778034850402689,1.45812605565767,0.0004889793536468822,-0.00048620282182830943,0,0,64148.6
2026-08-18 01:52:04,okx,BTC,BTC-USD-260819-63750-C,2026-08-19,63750,call,0.0084716611208598,0.008,0.0095,0.20416615331683774,0.6930675140197781,27.578849028757936,0.00020341364964978197,-0.0016536995973880453,2707,2504,64148.6
2026-08-18 01:52:04,okx,BTC,BTC-USD-260904-59500-P,2026-09-04,59500,put,0.0056224605399688,0.005,0.0055,0.34315034726575555,-0.14776025096615084,3.3097162583953503,0.0004889793536468822,-0.00048620282182830943,85,10,64148.6
2026-08-18 01:52:04,okx,BTC,BTC-USD-260819-63250-P,2026-08-19,63250,put,0.0009410222026056,0.0008,0.0009,0.2247266508548125,-0.14118890230698883,17.18938595098289,0.00013069061246827636,-0.0011696163101033953,3153,3490,64148.6
2026-08-18 01:52:04,okx,BTC,BTC-USD-260904-59000-C,2026-09-04,59000,call,0.0868155107161848,0.08,0.0955,0.3502598968080645,0.7904774350633205,1.0880592974323322,0.00044195283061966096,-0.00044854791824345354,0,0,64148.6
2026-08-18 01:52:04,okx,BTC,BTC-USD-260819-63500-C,2026-08-19,63500,call,0.0115443697440309,0.011,0.013,0.21303868896234637,0.7828404052266117,21.209015188157174,0.00016689146281284207,-0.0014156283525478474,2130,954,64148.6
2026-08-18 01:52:04,okx,BTC,BTC-USD-260904-59000-P,2026-09-04,59000,put,0.0047923961539217,0.0046,0.0047,0.3502598968080645,-0.12753787553771412,2.9240899186344014,0.00044195283061966096,-0.00044854791824345354,683,519,64148.6
2026-08-18 01:52:04,okx,BTC,BTC-USD-260819-63000-P,2026-08-19,63000,put,0.0006383158191685,0.0005,0.0006,0.23892799750520435,-0.09769789400379557,12.448135443043082,0.0001006985694387327,-0.0009581564645101972,3513,4384,64148.6
2026-08-18 01:52:04,okx,BTC,BTC-USD-260904-58000-C,2026-09-04,58000,call,0.1010902174586007,0.0945,0.1095,0.3654833524919756,0.8074116072783329,0.45469003583921336,0.0003575777082777613,-0.00037868713112537586,0,0,64148.6
2026-08-18 01:52:04,okx,BTC,BTC-USD-260819-63250-C,2026-08-19,63250,call,0.0149368418228677,0.014,0.0165,0.2247266508548125,0.8447394313124531,15.217529283744003,0.00013069061246827636,-0.0011692317273736719,1295,477,64148.6
2026-08-18 01:52:04,okx,BTC,BTC-USD-260904-58000-P,2026-09-04,58000,put,0.0035081726346809,0.0033,0.0034,0.3654833524919756,-0.09504412178709083,2.2596014939700613,0.0003575777082777613,-0.00037868713112537586,3367,3426,64148.6
2026-08-18 01:52:04,okx,BTC,BTC-USD-260819-62750-P,2026-08-19,62750,put,0.0004556181587407,0.0003,0.0004,0.25526879283341364,-0.06964203867596282,9.026788376445856,0.00007803700628092413,-0.0007933147172775087,1828,1335,64148.6
2026-08-18 01:52:04,okx,BTC,BTC-USD-260904-57000-C,2026-09-04,57000,call,0.1157438196498452,0.109,0.1245,0.38202436796686046,0.8157346551143007,-0.04055773294850317,0.00028732388727817294,-0.00031805725729898074,0,0,64148.6
2026-08-18 01:52:04,okx,BTC,BTC-USD-260819-63000-C,2026-08-19,63000,call,0.0185312492117968,0.0175,0.0205,0.23892799750520435,0.8843334896803916,10.484072675674707,0.0001006985694387327,-0.0009576651160298905,869,788,64148.6
2026-08-18 01:52:04,okx,BTC,BTC-USD-260904-57000-P,2026-09-04,57000,put,0.0026028445642689,0.0025,0.0026,0.38202436796686046,-0.07116149241551237,1.7332345621111225,0.00028732388727817294,-0.00031805725729898074,1318,305,64148.6
2026-08-18 01:52:04,okx,BTC,BTC-USD-260819-65000-P,2026-08-19,65000,put,0.01402764490791,0.0135,0.0155,0.1986380478984146,-0.8833281526960651,19.98653951792314,0.00012448902894086113,-0.0009844154256151726,20,20,64148.6
2026-08-18 01:52:04,okx,BTC,BTC-USD-260904-61500-C,2026-09-04,61500,call,0.0538853899235899,0.053,0.0615,0.31809134782446674,0.6951797771108328,3.2139617558711784,0.0006923921010045673,-0.0006381848221573162,0,0,64148.6
2026-08-18 01:52:04,okx,BTC,BTC-USD-260819-65500-C,2026-08-19,65500,call,0.0002172494636478,0.0003,0.0004,0.20824183688260173,0.044488945884056434,7.631986280018519,0.00005530476802499969,-0.0004586473139364069,5407,5518,64148.6
2026-08-18 01:52:04,okx,BTC,BTC-USD-260904-61500-P,2026-09-04,61500,put,0.010759601015468,0.0105,0.011,0.31809134782446674,-0.2617344873292286,5.127790284751302,0.0006923921010045673,-0.0006381848221573162,456,81,64148.6
2026-08-18 01:52:04,okx,BTC,BTC-USD-260819-64500-P,2026-08-19,64500,put,0.0078114881259897,0.0075,0.0095,0.19481168386976874,-0.6885256038886584,32.64457346753053,0.00020952291122686658,-0.001625337282062404,684,900,64148.6
2026-08-18 01:52:04,okx,BTC,BTC-USD-260904-61000-C,2026-09-04,61000,call,0.0600525612005278,0.0595,0.068,0.32384894783913315,0.721308828884025,2.7480759280330553,0.0006415980318927501,-0.0006020714362377064,0,0,64148.6
2026-08-18 01:52:04,okx,BTC,BTC-USD-260819-65000-C,2026-08-19,65000,call,0.0007436681216091,0.0008,0.0009,0.1986380478984146,0.12987883047015977,17.96012555159069,0.00012448902894086113,-0.0009847782031395312,2883,4004,64148.6
2026-08-18 01:52:04,okx,BTC,BTC-USD-260904-61000-P,2026-09-04,61000,put,0.0091473071615778,0.0085,0.009,0.32384894783913315,-0.22782564478823092,4.646344875377567,0.0006415980318927501,-0.0006020714362377064,418,211,64148.6
2026-08-18 01:52:04,okx,BTC,BTC-USD-260819-64000-P,2026-08-19,64000,put,0.0035515268697446,0.0035,0.0036,0.19832004172197507,-0.4212365361075552,34.407811567487784,0.00022897110933788498,-0.0018083312296403033,1774,2194,64148.6
2026-08-18 01:52:04,okx,BTC,BTC-USD-260904-60500-C,2026-09-04,60500,call,0.0664579172255065,0.0655,0.0745,0.3299443481618936,0.7437072713293448,2.2939045407140104,0.0005898188462025565,-0.0005638996809837311,0,0,64148.6
2026-08-18 01:52:04,okx,BTC,BTC-USD-260819-64500-C,2026-08-19,64500,call,0.0023217388844209,0.0024,0.0025,0.19481168386976874,0.31688747940705714,30.6337473009391,0.00020952291122686658,-0.001625486528085596,4312,4895,64148.6
2026-08-18 01:52:04,okx,BTC,BTC-USD-260904-60500-P,2026-09-04,60500,put,0.0077731980557281,0.0075,0.008,0.3299443481618936,-0.19764741157510587,4.176613906522912,0.0005898188462025565,-0.0005638996809837311,865,236,64148.6
2026-08-18 01:52:04,okx,BTC,BTC-USD-260819-63750-P,2026-08-19,63750,put,0.00227006904533,0.0022,0.0023,0.20416615331683774,-0.3006547194701734,29.56629349573784,0.00020341364964978197,-0.0016538706486166027,540,497,64148.6
2026-08-18 01:52:04,okx,BTC,BTC-USD-260904-60000-C,2026-09-04,60000,call,0.0730717283547954,0.072,0.081,0.3363781901559411,0.7625378912701988,1.8615472203034489,0.0005385540656212421,-0.0005249278907752198,0,0,64148.6
2026-08-18 01:52:04,okx,BTC,BTC-USD-260819-64000-C,2026-08-19,64000,call,0.0058560051729084,0.0055,0.006,0.19832004172197507,0.5763826473176509,32.41257320063737,0.00022897110933788498,-0.001808266944162329,10457,4766,64148.6
2026-08-18 01:52:04,okx,BTC,BTC-USD-260904-60000-P,2026-09-04,60000,put,0.0066075440541888,0.006,0.0065,0.3363781901559411,-0.17103700086644646,3.72869700457674,0.0005385540656212421,-0.0005249278907752198,966,647,64148.6
2026-08-18 01:52:04,okx,BTC,BTC-USD-260904-63500-C,2026-09-04,63500,call,0.0322086343332582,0.032,0.0325,0.29840102334062507,0.5541331130346919,4.896187840553058,0.0008470488562517044,-0.0007324049633596515,952,1165,64148.6
2026-08-18 01:52:04,okx,BTC,BTC-USD-260904-63500-P,2026-09-04,63500,put,0.0202007059484495,0.02,0.0205,0.29840102334062507,-0.4339003144765909,6.872254695575623,0.0008470488562517044,-0.0007324049633596515,79,131,64148.6
2026-08-18 01:52:04,okx,BTC,BTC-USD-260904-63000-C,2026-09-04,63000,call,0.0371204320773759,0.037,0.0375,0.30282807662040484,0.5944365352595218,4.5378708638871705,0.0008198577909106265,-0.0007194111696184757,886,1032,64148.6
2026-08-18 01:52:04,okx,BTC,BTC-USD-260904-63000-P,2026-09-04,63000,put,0.0173330385617389,0.017,0.0175,0.30282807662040484,-0.38581710148395565,6.498378137374125,0.0008198577909106265,-0.0007194111696184757,180,130,64148.6
2026-08-18 01:52:04,okx,BTC,BTC-USD-260819-66000-P,2026-08-19,66000,put,0.0289373721896839,0.006,0.122,0.22167590716438845,-1.0142207302839035,4.8812505200856116,0.000021752754139914536,-0.0001912461705947265,0,0,64148.6
2026-08-18 01:52:04,okx,BTC,BTC-USD-260904-62500-C,2026-09-04,62500,call,0.0423890007160575,0.042,0.043,0.3075833300009651,0.6316043936104117,4.125703451015554,0.000783607403726299,-0.000698399364187082,824,66,64148.6
2026-08-18 01:52:04,okx,BTC,BTC-USD-260904-62500-P,2026-09-04,62500,put,0.0148221420695922,0.0145,0.015,0.3075833300009651,-0.3408694523652605,6.070651142966899,0.000783607403726299,-0.000698399364187082,703,705,64148.6
2026-08-18 01:52:04,okx,BTC,BTC-USD-260819-65500-P,2026-08-19,65500,put,0.0212954537946809,0.0205,0.106,0.20824183688260173,-0.9765119371526779,9.673988046091988,0.00005530476802499969,-0.000458071004910882,0,0,64148.6
2026-08-18 01:52:04,okx,BTC,BTC-USD-260904-62000-C,2026-09-04,62000,call,0.0479872320006343,0.0475,0.055,0.3126701695298752,0.6652569583495478,3.678448467043901,0.0007404041506029874,-0.0006708073368796373,0,0,64148.6
2026-08-18 01:52:04,okx,BTC,BTC-USD-260819-66000-C,2026-08-19,66000,call,0.0000649403139183,0.0002,0.0003,0.22167590716438845,0.014574052623340428,2.8236609542711237,0.000021752754139914536,-0.00019203601112141773,2235,2280,64148.6
2026-08-18 01:52:04,okx,BTC,BTC-USD-260904-62000-P,2026-09-04,62000,put,0.0126409082233408,0.012,0.0125,0.3126701695298752,-0.29943709685831893,5.607836577459635,0.0007404041506029874,-0.0006708073368796373,576,488,64148.6
2026-08-18 01:52:04,okx,BTC,BTC-USD-260904-65500-C,2026-09-04,65500,call,0.0165529936120628,0.0165,0.017,0.28457672009385415,0.3748978176649802,5.457341708378651,0.0008350747456052466,-0.0006886003350837921,798,104,64148.6
2026-08-18 01:52:04,okx,BTC,BTC-USD-260904-65500-P,2026-09-04,65500,put,0.0356629257505671,0.0355,0.0365,0.28457672009385415,-0.6442547729175243,7.495646889543661,0.0008350747456052466,-0.0006886003350837921,324,324,64148.6
2026-08-18 01:52:04,okx,BTC,BTC-USD-260904-65000-C,2026-09-04,65000,call,0.0198313131545083,0.0195,0.02,0.28725403948133876,0.4206707594449104,5.474797538684299,0.0008577336590372368,-0.0007139390019020387,374,292,64148.6
2026-08-18 01:52:04,okx,BTC,BTC-USD-260904-65000-P,2026-09-04,65000,put,0.0311617801621845,0.031,0.0315,0.28725403948133876,-0.5907020403697887,7.497543138313697,0.0008577336590372368,-0.0007139390019020387,312,312,64148.6
2026-08-18 01:52:04,okx,BTC,BTC-USD-260904-64500-C,2026-09-04,64500,call,0.0235419504193723,0.0235,0.024,0.29052103136668156,0.46646433365287027,5.380675299838162,0.0008671406368263341,-0.0007299777561553944,1033,7,64148.6
2026-08-18 01:52:04,okx,BTC,BTC-USD-260904-64500-P,2026-09-04,64500,put,0.0270929522962203,0.027,0.0275,0.29052103136668156,-0.5371286753940233,7.387861317931949,0.0008671406368263341,-0.0007299777561553944,93,52,64148.6
2026-08-18 01:52:04,okx,BTC,BTC-USD-260904-64000-C,2026-09-04,64000,call,0.027676549263129,0.0275,0.028,0.2942981881368453,0.5112415810982694,5.1824670313099865,0.0008632975601051889,-0.000736191183402893,123,77,64148.6
2026-08-18 01:52:04,okx,BTC,BTC-USD-260904-64000-P,2026-09-04,64000,put,0.0234480860091485,0.0235,0.024,0.2942981881368453,-0.4845716371808188,7.174093467868163,0.0008632975601051889,-0.000736191183402893,1863,1246,64148.6
2026-08-18 01:52:04,okx,BTC,BTC-USD-260904-67500-C,2026-09-04,67500,call,0.0074245646108721,0.007,0.0075,0.27949091680748644,0.21126326906823825,4.432729949543598,0.0006415263523659375,-0.0005195468419895254,9074,7451,64148.6
2026-08-18 01:52:04,okx,BTC,BTC-USD-260904-67500-P,2026-09-04,67500,put,0.0576523572726896,0.056,0.0665,0.27949091680748644,-0.8390084845854876,6.53327345685105,0.0006415263523659375,-0.0005195468419895254,0,0,64148.6
2026-08-18 01:52:04,okx,BTC,BTC-USD-260904-67000-C,2026-09-04,67000,call,0.009163842321718,0.009,0.0095,0.279947245939784,0.24767711137864679,4.7995313913480375,0.0007007569393596794,-0.0005684419448927629,617,103,64148.6
2026-08-18 01:52:04,okx,BTC,BTC-USD-260904-67000-P,2026-09-04,67000,put,0.0516121698527073,0.0505,0.06,0.279947245939784,-0.7948148515072738,6.884515317119879,0.0007007569393596794,-0.0005684419448927629,2,2,64148.6
2026-08-18 01:52:04,okx,BTC,BTC-USD-260904-66500-C,2026-09-04,66500,call,0.0112432051056829,0.011,0.0115,0.28093733006761734,0.2875185742652186,5.105978121440073,0.0007545187431863259,-0.0006142172278780637,300,40,64148.6
2026-08-18 01:52:04,okx,BTC,BTC-USD-260828-58000-C,2026-08-28,58000,call,0.0983302949522031,0.097,0.1,0.37778243832136954,0.8513774279249721,-0.06555914807485093,0.0001737825794699362,-0.0003200820085418611,2795,0,64148.6
2026-08-18 01:52:04,okx,BTC,BTC-USD-260904-66500-P,2026-09-04,66500,put,0.0459120675058438,0.0445,0.055,0.28093733006761734,-0.7471935978528965,7.175402465676303,0.0007545187431863259,-0.0006142172278780637,0,0,64148.6
2026-08-18 01:52:04,okx,BTC,BTC-USD-260828-58000-P,2026-08-28,58000,put,0.0013641159472068,0.001,0.0011,0.37778243832136954,-0.05169370224558406,1.7405831122662612,0.0001737825794699362,-0.0003200820085418611,23804,1613,64148.6
2026-08-18 01:52:04,okx,BTC,BTC-USD-260904-66000-C,2026-09-04,66000,call,0.0136968976709512,0.0135,0.014,0.2824757494789996,0.3301931811277218,5.330903617066948,0.0008000850121992221,-0.0006548771160680035,639,80,64148.6
2026-08-18 01:52:04,okx,BTC,BTC-USD-260904-66000-P,2026-09-04,66000,put,0.0405862949402838,0.039,0.0495,0.2824757494789996,-0.696739200222588,7.384768379767568,0.0008000850121992221,-0.0006548771160680035,0,0,64148.6
2026-08-18 01:52:04,okx,BTC,BTC-USD-260904-71000-C,2026-09-04,71000,call,0.001625354701931,0.0016,0.0017,0.28996379739447653,0.05916279188197768,1.790246251657362,0.00026162962258157395,-0.000219823036982406,25,2,64148.6
2026-08-18 01:52:04,okx,BTC,BTC-USD-260904-71000-P,2026-09-04,71000,put,0.1063094032795464,0.0825,0.1445,0.28996379739447653,-1.0455674971463857,3.9997068297140896,0.00026162962258157395,-0.000219823036982406,0,0,64148.6
2026-08-18 01:52:04,okx,BTC,BTC-USD-260904-70000-C,2026-09-04,70000,call,0.0024902371057576,0.0025,0.0026,0.28468621741154987,0.08619633060348066,2.4222069824346466,0.0003491977377281631,-0.0002880582869937562,1048,486,64148.6
2026-08-18 01:52:04,okx,BTC,BTC-USD-260904-70000-P,2026-09-04,70000,put,0.0916153554217165,0.089,0.102,0.28468621741154987,-1.0029743768892723,4.600548397420153,0.0003491977377281631,-0.0002880582869937562,0,0,64148.6
2026-08-18 01:52:04,okx,BTC,BTC-USD-260904-69000-C,2026-09-04,69000,call,0.0038620608963746,0.0038,0.0039,0.28117427696903535,0.1251360775952951,3.191094865823404,0.0004574474435366825,-0.0003726999222165739,2705,2070,64148.6
2026-08-18 01:52:04,okx,BTC,BTC-USD-260904-69000-P,2026-09-04,69000,put,0.0774282489506769,0.074,0.0875,0.28117427696903535,-0.948475048361847,5.338317117737688,0.0004574474435366825,-0.0003726999222165739,0,0,64148.6
2026-08-18 01:52:04,okx,BTC,BTC-USD-260904-68000-C,2026-09-04,68000,call,0.0059873454914529,0.006,0.0065,0.27955345033293255,0.1786411414842673,4.028310593992972,0.0005795992234995013,-0.0004694995301653787,2169,476,64148.6
2026-08-18 01:52:04,okx,BTC,BTC-USD-260904-68000-P,2026-09-04,68000,put,0.0639946032840986,0.0625,0.073,0.27955345033293255,-0.879410402937264,6.144413682836034,0.0005795992234995013,-0.0004694995301653787,1,1,64148.6
2026-08-18 01:52:04,okx,BTC,BTC-USD-260925-82000-C,2026-09-25,82000,call,0.0008019360531433,0.0012,0.0013,0.352135705704946,0.01908805027712871,0.3845436407395196,0.00015601400500729376,-0.00007180419093723185,6099,0,64148.6
2026-08-18 01:52:04,okx,BTC,BTC-USD-260904-72000-C,2026-09-04,72000,call,0.0010860077205744,0.0011,0.0012,0.29688089750333246,0.040970115518051645,1.3082288742987913,0.00019511223881066842,-0.00016784533558390714,2061,10,64148.6
2026-08-18 01:52:04,okx,BTC,BTC-USD-260925-82000-P,2026-09-25,82000,put,0.2732543812651724,0.2705,0.276,0.352135705704946,-1.2532928309002807,2.9293054030943386,0.00015601400500729376,-0.00007180419093723185,2191,0,64148.6
2026-08-18 01:52:04,okx,BTC,BTC-USD-260904-72000-P,2026-09-04,72000,put,0.1213289865598465,0.0835,0.1865,0.29688089750333246,-1.0793197550459226,3.5488086154267395,0.00019511223881066842,-0.00016784533558390714,0,0,64148.6
2026-08-18 01:52:04,okx,BTC,BTC-USD-260828-67000-C,2026-08-28,67000,call,0.0040329783651736,0.0043,0.0044,0.26245922163838364,0.16973664174950118,5.493508257872334,0.00043014642234702217,-0.000550416457281553,12866,386,64148.6
2026-08-18 01:52:04,okx,BTC,BTC-USD-260828-67000-P,2026-08-28,67000,put,0.0471927371007814,0.046,0.049,0.26245922163838364,-0.8734662155164861,7.579913972404309,0.00043014642234702217,-0.000550416457281553,1896,70,64148.6
2026-08-18 01:52:04,okx,BTC,BTC-USD-260821-65250-P,2026-08-21,65250,put,0.0198020219238132,0.0185,0.028,0.23162407251160036,-0.7910769380840543,15.406982782370275,0.00028560643280510934,-0.0010154899150655405,0,0,64148.6
2026-08-18 01:52:04,okx,BTC,BTC-USD-260821-65250-C,2026-08-21,65250,call,0.0028727339139628,0.0029,0.003,0.23162407251160036,0.22548827460281404,13.373852356996537,0.00028560643280510934,-0.001015946200004178,0,0,64148.6
2026-08-18 01:52:04,okx,BTC,BTC-USD-260925-58000-C,2026-09-25,58000,call,0.1133725744340454,0.112,0.1135,0.3883581024481397,0.7028203110377079,0.7086698463553965,0.0008606015468410183,-0.00043682816925203204,862,4,64148.6
2026-08-18 01:52:04,okx,BTC,BTC-USD-260925-58000-P,2026-09-25,58000,put,0.0133999137303588,0.0125,0.013,0.3883581024481397,-0.19715640979509386,2.5086232880210004,0.0008606015468410183,-0.00043682816925203204,30061,465,64148.6
2026-08-18 01:52:04,okx,BTC,BTC-USD-270326-30000-C,2027-03-26,30000,call,0.5520858702514027,0.5505,0.554,0.6228402554213404,0.4172390943144452,-0.6908832968315708,0.0005396964455619173,-0.00007630789518879218,700,0,64148.6
2026-08-18 01:52:04,okx,BTC,BTC-USD-270326-40000-C,2027-03-26,40000,call,0.4098501770414607,0.409,0.413,0.522030685953882,0.5146898896463243,-0.6782508479980145,0.001106105469999195,-0.00013107981356545484,501,0,64148.6
2026-08-18 01:52:04,okx,BTC,BTC-USD-270326-35000-P,2027-03-26,35000,put,0.0107001927370581,0.0105,0.011,0.5678262230514284,-0.05949946343244703,0.3483489926485924,0.0007858654703743231,-0.00010129940503111686,9512,0,64148.6
2026-08-18 01:52:04,okx,BTC,BTC-USD-270326-35000-C,2027-03-26,35000,call,0.4800191832151869,0.479,0.4825,0.5678262230514284,0.47127969922787505,-0.7132093326720517,0.0007858654703743231,-0.00010129940503111686,500,0,64148.6
2026-08-18 01:52:04,okx,BTC,BTC-USD-270326-30000-P,2027-03-26,30000,put,0.0069553069844351,0.0065,0.007,0.6228402554213404,-0.037714473680116475,0.21902383915755266,0.0005396964455619173,-0.00007630789518879218,224431,0,64148.6
2026-08-18 01:52:04,okx,BTC,BTC-USD-270326-50000-C,2027-03-26,50000,call,0.2798598763642811,0.274,0.2865,0.45599394053944803,0.5513449446050294,-0.39115512853143664,0.0019578935971734375,-0.00020267090197227916,342,0,64148.6
2026-08-18 01:52:04,okx,BTC,BTC-USD-270326-45000-P,2027-03-26,45000,put,0.0249659420577411,0.025,0.0255,0.48501725138898966,-0.1395378158169943,0.7929159945298625,0.0015039011617348573,-0.00016558451620892975,12747,0,64148.6
2026-08-18 01:52:04,okx,BTC,BTC-USD-270326-45000-C,2027-03-26,45000,call,0.3426617869581925,0.3415,0.3455,0.48501725138898966,0.5428925361748483,-0.5719447094538229,0.0015039011617348573,-0.00016558451620892975,520,0,64148.6
2026-08-18 01:52:04,okx,BTC,BTC-USD-270326-40000-P,2027-03-26,40000,put,0.0163427593521707,0.0165,0.017,0.522030685953882,-0.091914867679758,0.5349586666541503,0.001106105469999195,-0.00013107981356545484,53203,0,64148.6
2026-08-18 01:52:04,okx,BTC,BTC-USD-270326-60000-C,2027-03-26,60000,call,0.1735081205897196,0.1725,0.175,0.41809116202434204,0.5014022695212967,0.1057173431437011,0.002796721046104963,-0.0002654381735348081,791,48,64148.6
2026-08-18 01:52:04,okx,BTC,BTC-USD-270326-55000-P,2027-03-26,55000,put,0.0569367151099077,0.056,0.0575,0.43401196324698976,-0.29681742407471123,1.5154541792831204,0.0024142453577496053,-0.00023786270218243943,6653,190,64148.6
2026-08-18 01:52:04,okx,BTC,BTC-USD-270326-55000-C,2027-03-26,55000,call,0.2230094144326815,0.222,0.2255,0.43401196324698976,0.537264117248652,-0.15270890336360615,0.0024142453577496053,-0.00023786270218243943,1012,0,64148.6
2026-08-18 01:52:04,okx,BTC,BTC-USD-270326-50000-P,2027-03-26,50000,put,0.0379756042526685,0.0375,0.0385,0.45599394053944803,-0.20691100205257348,1.125356764783769,0.0019578935971734375,-0.00020267090197227916,9410,320,64148.6
2026-08-18 01:52:04,okx,BTC,BTC-USD-270326-70000-C,2027-03-26,70000,call,0.0991746563453691,0.0985,0.1,0.40074634682867477,0.3865027113567492,0.5076677788591198,0.0030970041471061515,-0.00028174395161496905,5418,60,64148.6
2026-08-18 01:52:04,okx,BTC,BTC-USD-270326-65000-P,2027-03-26,65000,put,0.1177583353830785,0.117,0.1185,0.40729378753226303,-0.5371222270819045,2.309289164183959,0.0030354589119369474,-0.00028065668230112093,6077,150,64148.6
2026-08-18 01:52:04,okx,BTC,BTC-USD-270326-65000-C,2027-03-26,65000,call,0.1322078891281748,0.132,0.133,0.40729378753226303,0.44861050357297927,0.3378237028741916,0.0030354589119369474,-0.00028065668230112093,1060,0,64148.6
2026-08-18 01:52:04,okx,BTC,BTC-USD-270326-60000-P,2027-03-26,60000,put,0.0832469940557845,0.0825,0.084,0.41809116202434204,-0.40850486646782685,1.9255316151219481,0.002796721046104963,-0.0002654381735348081,6629,96,64148.6
2026-08-18 01:52:04,okx,BTC,BTC-USD-270326-80000-C,2027-03-26,80000,call,0.0539484571240579,0.053,0.054,0.39466714081488713,0.26279462916998014,0.6356794219635011,0.002765652275805135,-0.0002477831601790921,5781,0,64148.6
2026-08-18 01:52:04,okx,BTC,BTC-USD-270326-75000-P,2027-03-26,75000,put,0.2106553988221884,0.2075,0.2115,0.3968457441549672,-0.8146452193220196,2.879263077250045,0.002993340534630388,-0.00026966283533897447,3365,0,64148.6
2026-08-18 01:52:04,okx,BTC,BTC-USD-270326-75000-C,2027-03-26,75000,call,0.0734818069896072,0.0725,0.0735,0.3968457441549672,0.32273870066438476,0.6044952372772364,0.002993340534630388,-0.00026966283533897447,5411,2,64148.6
2026-08-18 01:52:04,okx,BTC,BTC-USD-270326-70000-P,2027-03-26,70000,put,0.1605366753891115,0.159,0.163,0.40074634682867477,-0.6750556139638949,2.6307844295004084,0.0030970041471061515,-0.00028174395161496905,2821,150,64148.6
2026-08-18 01:52:04,okx,ETH,ETH-USD-260904-2300-C,2026-09-04,2300,call,0.0010733551781886,0.0014,0.0015,0.4488878166878133,0.028348572879519588,0.6292459842418313,0.00014556639848266702,-0.0001893312558539151,500,0,1900.42
2026-08-18 01:52:04,okx,ETH,ETH-USD-260925-800-P,2026-09-25,800,put,0.0001121937974554,0.0001,,0.9317942970505528,-0.0013414271775993663,0.016159204325838936,0.000013161142259063778,-0.00001602837565649649,30958,0,1900.42
2026-08-18 01:52:04,okx,ETH,ETH-USD-260904-2300-P,2026-09-04,2300,put,0.2094548859974538,0.122,0.3015,0.4488878166878133,-1.1797314374081254,3.045406004817121,0.00014556639848266702,-0.00018775961142915987,0,0,1900.42
2026-08-18 01:52:04,okx,ETH,ETH-USD-260925-800-C,2026-09-25,800,call,0.5803999713153252,0.5795,0.582,0.9317942970505528,0.41839615113084455,-0.8233159522910488,0.000013161142259063778,-0.00001602837565649649,10,0,1900.42
2026-08-18 01:52:04,okx,ETH,ETH-USD-260904-2250-C,2026-09-04,2250,call,0.0015835644714922,0.002,0.0021,0.43460625498129246,0.04094972299752564,0.8765348679851397,0.00019692168100766014,-0.0002479764927628117,212,212,1900.42
2026-08-18 01:52:04,okx,ETH,ETH-USD-260904-2250-P,2026-09-04,2250,put,0.1836987629197387,0.1305,0.24,0.43460625498129246,-1.1408676783708225,3.240169670721836,0.00019692168100766014,-0.00024660308777333507,0,0,1900.42
2026-08-18 01:52:04,okx,ETH,ETH-USD-260904-2200-C,2026-09-04,2200,call,0.0024218881220407,0.0029,0.003,0.42216464725805963,0.06050070830088763,1.2258324084945322,0.0002688011267625074,-0.0003287991865259081,1007,362,1900.42
2026-08-18 01:52:04,okx,ETH,ETH-USD-260925-1200-P,2026-09-25,1200,put,0.0013417945546165,0.0014,0.0015,0.6991945731326189,-0.01684678168508443,0.20576502194635304,0.00012609798405217732,-0.00011523438098606767,30358,110,1900.42
2026-08-18 01:52:04,okx,ETH,ETH-USD-260904-2200-P,2026-09-04,2200,put,0.1582707541992686,0.1445,0.1785,0.42216464725805963,-1.0950540841481637,3.5369419933926354,0.0002688011267625074,-0.0003276240209717101,0,0,1900.42
2026-08-18 01:52:04,okx,ETH,ETH-USD-260925-1200-C,2026-09-25,1200,call,0.3717734608314211,0.3635,0.458,0.6991945731326189,0.6127595857775814,-1.0534477129789788,0.00012609798405217732,-0.00011523438098606767,89,0,1900.42
2026-08-18 01:52:04,okx,ETH,ETH-USD-260904-2150-C,2026-09-04,2150,call,0.0038093265949061,0.0042,0.0043,0.4118062665321407,0.09049033279517463,1.696354146166572,0.0003654852817568521,-0.0004360900048054533,3320,2201,1900.42
2026-08-18 01:52:04,okx,ETH,ETH-USD-260925-1000-P,2026-09-25,1000,put,0.0004728048925115,0.0004,0.0042,0.8201244669492311,-0.00567935955769489,0.06779192839581202,0.00004850826839327888,-0.00005199617792966469,17378,140,1900.42
2026-08-18 01:52:04,okx,ETH,ETH-USD-260904-2150-P,2026-09-04,2150,put,0.1333918603011151,0.1135,0.1585,0.4118062665321407,-1.0388018507345802,3.954938513226082,0.0003654852817568521,-0.0004351130786865339,0,0,1900.42
2026-08-18 01:52:04,okx,ETH,ETH-USD-260925-1000-C,2026-09-25,1000,call,0.4758325267898486,0.4745,0.4775,0.8201244669492311,0.51899261332786,-0.9815520173752977,0.00004850826839327888,-0.00005199617792966469,900,0,1900.42
2026-08-18 01:52:04,okx,ETH,ETH-USD-261225-600-P,2026-12-25,600,put,0.0011690312748253,0.001,0.0014,0.8667042465536341,-0.007155102595026154,0.04720043986869086,0.00010094716675361078,-0.00003384433278514012,12557,0,1900.42
2026-08-18 01:52:04,okx,ETH,ETH-USD-261225-600-C,2026-12-25,600,call,0.688654173417081,0.687,0.6905,0.8667042465536341,0.305348821664366,-0.5778074086500935,0.00010094716675361078,-0.00003384433278514012,7,0,1900.42
2026-08-18 01:52:04,okx,ETH,ETH-USD-261225-1000-P,2026-12-25,1000,put,0.0067312444618703,0.0065,0.007,0.6851805800573026,-0.04237758058509616,0.27709888836138635,0.0004667016220677136,-0.00012369873366439033,14553,225,1900.42
2026-08-18 01:52:04,okx,ETH,ETH-USD-261225-1000-C,2026-12-25,1000,call,0.4858731480322963,0.484,0.488,0.6851805800573026,0.4784622931805574,-0.7645808591699208,0.0004667016220677136,-0.00012369873366439033,0,0,1900.42
2026-08-18 01:52:04,okx,ETH,ETH-USD-261225-800-P,2026-12-25,800,put,0.0030724448246435,0.003,0.0033,0.7683036688149962,-0.019116447945707476,0.12597072316996097,0.00023871297209566652,-0.00007094631209497022,18724,1200,1900.42
2026-08-18 01:52:04,okx,ETH,ETH-USD-261225-800-C,2026-12-25,800,call,0.5863859676809844,0.5845,0.59,0.7683036688149962,0.3975554510668154,-0.7073730748550848,0.00023871297209566652,-0.00007094631209497022,905,0,1900.42
2026-08-18 01:52:04,okx,ETH,ETH-USD-261225-1400-P,2026-12-25,1400,put,0.0275270537449758,0.0275,0.028,0.5724885632109045,-0.16377222595103574,0.9688171514229722,0.001300067207655252,-0.000287907857067523,17417,1001,1900.42
2026-08-18 01:52:04,okx,ETH,ETH-USD-261225-1400-C,2026-12-25,1400,call,0.2983257187435724,0.2975,0.3005,0.5724885632109045,0.5654035973208793,-0.489534495120858,0.001300067207655252,-0.000287907857067523,380,0,1900.42
2026-08-18 01:52:04,okx,ETH,ETH-USD-261225-1200-P,2026-12-25,1200,put,0.0138667203536442,0.0135,0.014,0.6200779024845523,-0.08627227127359739,0.5459316753516228,0.0008199018004703439,-0.0001966658678550689,7276,0,1900.42
2026-08-18 01:52:04,okx,ETH,ETH-USD-261225-1200-C,2026-12-25,1200,call,0.3888370046381555,0.3865,0.391,0.6200779024845523,0.538735577245187,-0.704084021685946,0.0008199018004703439,-0.0001966658678550689,250,0,1900.42
2026-08-18 01:52:04,okx,ETH,ETH-USD-261225-1800-P,2026-12-25,1800,put,0.0905995817394479,0.0905,0.0915,0.5208722951959314,-0.4488707538823264,2.102674856712467,0.0022225447819030604,-0.00044781916574445523,22279,0,1900.42
2026-08-18 01:52:04,okx,ETH,ETH-USD-261225-1800-C,2026-12-25,1800,call,0.1530550081662149,0.1525,0.155,0.5208722951959314,0.4886410188958501,0.22765131115611403,0.0022225447819030604,-0.00044781916574445523,10147,590,1900.42
2026-08-18 01:52:04,okx,ETH,ETH-USD-261225-1600-P,2026-12-25,1600,put,0.0518371538242705,0.0515,0.0525,0.5403079774238196,-0.2852386118964977,1.522567731379271,0.0018216957810543966,-0.0003807484379601085,27553,40,1900.42
2026-08-18 01:52:04,okx,ETH,ETH-USD-261225-1600-C,2026-12-25,1600,call,0.2184641995369522,0.218,0.2205,0.5403079774238196,0.5481051861285481,-0.1441198646708207,0.0018216957810543966,-0.0003807484379601085,2809,0,1900.42
2026-08-18 01:52:04,okx,ETH,ETH-USD-261225-2200-P,2026-12-25,2200,put,0.2147998298741416,0.213,0.216,0.5090988766761062,-0.8319257287012476,2.9235251547285435,0.0022709963564671127,-0.00044723880070937785,1504,0,1900.42
2026-08-18 01:52:04,okx,ETH,ETH-USD-261225-2200-C,2026-12-25,2200,call,0.0689120177290791,0.0685,0.0695,0.5090988766761062,0.3139219935831904,0.631829710159667,0.0022709963564671127,-0.00044723880070937785,16712,169,1900.42
2026-08-18 01:52:04,okx,ETH,ETH-USD-261225-2000-P,2026-12-25,2000,put,0.145412602984609,0.145,0.1465,0.511533242922328,-0.6382311324155677,2.5868121694190025,0.0023736538241400746,-0.000469690895316172,10188,140,1900.42
2026-08-18 01:52:04,okx,ETH,ETH-USD-261225-2000-C,2026-12-25,2000,call,0.1036964101254611,0.1035,0.1045,0.511533242922328,0.40344861511573954,0.5034526743563882,0.0023736538241400746,-0.000469690895316172,17015,270,1900.42
2026-08-18 01:52:04,okx,ETH,ETH-USD-261225-2600-P,2026-12-25,2600,put,0.3844374410138365,0.3765,0.39,0.5158574797228198,-1.1823402656862574,3.282362593526746,0.001676402161861664,-0.00033452520248132474,1760,0,1900.42
2026-08-18 01:52:04,okx,ETH,ETH-USD-261225-2600-C,2026-12-25,2600,call,0.0302063902969443,0.0295,0.03,0.5158574797228198,0.17184340610444213,0.5739952499453473,0.001676402161861664,-0.00033452520248132474,39668,1890,1900.42
2026-08-18 01:52:04,okx,ETH,ETH-USD-261225-2400-P,2026-12-25,2400,put,0.29554682719726,0.2925,0.3005,0.5109106741263958,-1.015251725582325,3.1382561089743772,0.002004213644501962,-0.0003961046024820963,919,0,1900.42
2026-08-18 01:52:04,okx,ETH,ETH-USD-261225-2400-C,2026-12-25,2400,call,0.0454873957662827,0.045,0.0455,0.5109106741263958,0.2347639714552435,0.6382247148992398,0.002004213644501962,-0.0003961046024820963,23610,2960,1900.42
2026-08-18 01:52:04,okx,ETH,ETH-USD-261225-3000-P,2026-12-25,3000,put,0.5766216581680825,0.566,0.583,0.5319169751575612,-1.4712452727065977,3.5183016600381967,0.0010846263010267647,-0.00022317465889642546,711,0,1900.42
2026-08-18 01:52:04,okx,ETH,ETH-USD-261225-3000-C,2026-12-25,3000,call,0.0140473688793609,0.0135,0.014,0.5319169751575612,0.09127434859036304,0.3932624174442754,0.0010846263010267647,-0.00022317465889642546,28697,0,1900.42
2026-08-18 01:52:04,okx,ETH,ETH-USD-261225-2800-P,2026-12-25,2800,put,0.4787780355888643,0.4695,0.4865,0.5230800569747607,-1.3333815650697385,3.4002470504484124,0.001358673163884039,-0.0002749185583275736,697,0,1900.42
2026-08-18 01:52:04,okx,ETH,ETH-USD-261225-2800-C,2026-12-25,2800,call,0.0203753655860574,0.0195,0.0205,0.5230800569747607,0.12497008147409165,0.4835437573607521,0.001358673163884039,-0.0002749185583275736,9901,1379,1900.42
2026-08-18 01:52:04,okx,ETH,ETH-USD-261225-1300-P,2026-12-25,1300,put,0.0196382059719734,0.0195,0.02,0.5942030083690325,-0.11999746091614523,0.7375588889440962,0.0010469839053892924,-0.00024065547686634255,11935,200,1900.42
2026-08-18 01:52:04,okx,ETH,ETH-USD-261225-3400-P,2026-12-25,3400,put,0.7781209196601557,0.5435,1.028,0.5525294658865612,-1.720283147665998,3.7923377590776646,0.0006882913108121081,-0.00014711217907076348,1,0,1900.42
2026-08-18 01:52:04,okx,ETH,ETH-USD-261225-3400-C,2026-12-25,3400,call,0.0072033917996045,0.0065,0.0075,0.5525294658865612,0.05057242313722411,0.2506266174712202,0.0006882913108121081,-0.00014711217907076348,12743,0,1900.42
2026-08-18 01:52:04,okx,ETH,ETH-USD-261225-3200-P,2026-12-25,3200,put,0.6766757539714965,0.652,0.7035,0.5418619656467819,-1.5992646876540626,3.648037161519028,0.0008625457198811496,-0.00018079719595260786,0,0,1900.42
2026-08-18 01:52:04,okx,ETH,ETH-USD-261225-3200-C,2026-12-25,3200,call,0.0099298453968599,0.0095,0.01,0.5418619656467819,0.06742290839602881,0.3146619694188451,0.0008625457198811496,-0.00018079719595260786,37601,200,1900.42
2026-08-18 01:52:04,okx,ETH,ETH-USD-261225-4000-P,2026-12-25,4000,put,1.0866113111612523,1.0735,1.096,0.5862891977321473,-2.059698150127489,4.297202428152267,0.00036916018451165703,-0.00008372355194279207,580,0,1900.42
2026-08-18 01:52:04,okx,ETH,ETH-USD-261225-4000-C,2026-12-25,4000,call,0.0031789254429571,0.003,0.0032,0.5862891977321473,0.023661344935125395,0.13048343802703738,0.00036916018451165703,-0.00008372355194279207,3464,0,1900.42
2026-08-18 01:52:04,okx,ETH,ETH-USD-261225-3600-P,2026-12-25,3600,put,0.8804484151598914,0.869,0.891,0.5636273259192127,-1.8364356359851468,3.9501834064381423,0.0005534993964618842,-0.00012067855190816099,100,0,1900.42
2026-08-18 01:52:04,okx,ETH,ETH-USD-261225-1300-C,2026-12-25,1300,call,0.3425226806135275,0.3405,0.3445,0.5942030083690325,0.5570943749792044,-0.6166247828466033,0.0010469839053892924,-0.00024065547686634255,432,0,1900.42
2026-08-18 01:52:04,okx,ETH,ETH-USD-261225-3600-C,2026-12-25,3600,call,0.0053592680134253,0.005,0.0055,0.5636273259192127,0.03858790957120627,0.20013631532543652,0.0005534993964618842,-0.00012067855190816099,5369,0,1900.42
2026-08-18 01:52:04,okx,ETH,ETH-USD-261225-5000-P,2026-12-25,5000,put,1.605460532710444,1.2865,1.9395,0.6404687666646681,-2.595220279698173,5.261293125877634,0.00016069774384128193,-0.00003981334186387012,2,0,1900.42
2026-08-18 01:52:04,okx,ETH,ETH-USD-261225-5000-C,2026-12-25,5000,call,0.0011700505625745,0.0011,0.0015,0.6404687666646681,0.008979089130095283,0.05289438822109798,0.00016069774384128193,-0.00003981334186387012,5181,0,1900.42
2026-08-18 01:52:04,okx,ETH,ETH-USD-261225-4500-P,2026-12-25,4500,put,1.3457048113722563,1.056,1.651,0.6141510969050654,-2.3297638580708036,4.768243817425623,0.0002364423890988662,-0.0000561722045726194,0,0,1900.42
2026-08-18 01:52:04,okx,ETH,ETH-USD-261225-4500-C,2026-12-25,4500,call,0.0018433774391735,0.0017,0.0021,0.6141510969050654,0.014015573874637331,0.0806849535347413,0.0002364423890988662,-0.0000561722045726194,3136,0,1900.42
2026-08-18 01:52:04,okx,ETH,ETH-USD-261225-6000-P,2026-12-25,6000,put,2.125711340935421,1.747,2.52,0.6869854433054434,-3.120703068324667,6.276146330659351,0.00008451543124073957,-0.000022459725527440806,0,0,1900.42
2026-08-18 01:52:04,okx,ETH,ETH-USD-261225-6000-C,2026-12-25,6000,call,0.000562762357978,0.0005,0.001,0.6869854433054434,0.004336174269254496,0.0260678454715096,0.00008451543124073957,-0.000022459725527440806,8100,0,1900.42
2026-08-18 01:52:04,okx,ETH,ETH-USD-261225-5500-P,2026-12-25,5500,put,1.8655121799874235,1.519,2.227,0.6647825888712434,-2.858515851713808,5.765655176330942,0.0001144674080146847,-0.00002943624326056618,0,0,1900.42
2026-08-18 01:52:04,okx,ETH,ETH-USD-261225-5500-C,2026-12-25,5500,call,0.0007926496247673,0.0007,0.0012,0.6647825888712434,0.006103453997286848,0.036416564908752176,0.0001144674080146847,-0.00002943624326056618,4891,0,1900.42
2026-08-18 01:52:04,okx,ETH,ETH-USD-261225-8000-P,2026-12-25,8000,put,3.167051409246223,0.0001,11.094,0.7568840428829895,-4.165282507920859,8.342210028098846,0.00003121228305740441,-0.000009138518261946204,0,0,1900.42
2026-08-18 01:52:04,okx,ETH,ETH-USD-261225-8000-C,2026-12-25,8000,call,0.0001866378096311,0.0002,0.0006,0.7568840428829895,0.001436482204370342,0.008772047848386515,0.00003121228305740441,-0.000009138518261946204,272,0,1900.42
2026-08-18 01:52:04,okx,ETH,ETH-USD-260819-1930-P,2026-08-19,1930,put,0.0170925165380766,0.0155,0.0185,0.27763837091535576,-0.8418243442637167,17.520860903062882,0.00015124787537775176,-0.0016717574381290587,130,930,1900.42
2026-08-18 01:52:04,okx,ETH,ETH-USD-261225-7000-P,2026-12-25,7000,put,2.646318224511806,0.0001,9.274,0.725396192914865,-3.6434808421607507,7.3063032388161595,0.000049684724405714593,-0.000013941806638956343,0,0,1900.42
2026-08-18 01:52:04,okx,ETH,ETH-USD-261225-7000-C,2026-12-25,7000,call,0.0003115495047887,0.0001,0.0007,0.725396192914865,0.002398274198824754,0.014545006097009247,0.000049684724405714593,-0.000013941806638956343,4510,0,1900.42
2026-08-18 01:52:04,okx,ETH,ETH-USD-260819-1930-C,2026-08-19,1930,call,0.001497925619168,0.0017,0.0018,0.27763837091535576,0.17359588318843866,15.490020448158575,0.00015124787537775176,-0.001672253614930458,1182,1012,1900.42
2026-08-18 01:52:04,okx,ETH,ETH-USD-260828-1850-P,2026-08-28,1850,put,0.0137177821324798,0.013,0.0135,0.3846959188627544,-0.3324484387987697,6.200522931505523,0.0005983415752358156,-0.0011221184632733748,13953,529,1900.42
2026-08-18 01:52:04,okx,ETH,ETH-USD-260828-1850-C,2026-08-28,1850,call,0.0414491841034699,0.0405,0.042,0.3846959188627544,0.6395532410190778,4.256519571869828,0.0005983415752358156,-0.0011219077063899237,8599,374,1900.42
2026-08-18 01:52:04,okx,ETH,ETH-USD-270326-800-C,2027-03-26,800,call,0.5963485838576533,0.5935,0.599,0.7292989101135748,0.3712991171253686,-0.6142235572032293,0.0005649615180916409,-0.0000935335953716831,1,0,1900.42
2026-08-18 01:52:04,okx,ETH,ETH-USD-270326-600-P,2027-03-26,600,put,0.0042556212065617,0.0037,0.0042,0.8156292470933476,-0.0193650905711407,0.0988618819114903,0.00029595809055204945,-0.00005479818876751171,143914,0,1900.42
2026-08-18 01:52:04,okx,ETH,ETH-USD-270326-600-C,2027-03-26,600,call,0.6947857269247886,0.692,0.697,0.8156292470933476,0.29023468008300496,-0.520337659396801,0.00029595809055204945,-0.00005479818876751171,23,0,1900.42
2026-08-18 01:52:04,okx,ETH,ETH-USD-270326-1200-C,2027-03-26,1200,call,0.4121987202043755,0.4085,0.415,0.6192883479545017,0.47995831240119224,-0.5740152743713814,0.0014421257971627102,-0.0002027399109356143,85,0,1900.42
2026-08-18 01:52:04,okx,ETH,ETH-USD-270326-1000-P,2027-03-26,1000,put,0.0172222222419665,0.0165,0.017,0.6654997387210723,-0.07922554092231349,0.3948058154080334,0.0009491746534908572,-0.00014339605999253523,75352,320,1900.42
2026-08-18 01:52:04,okx,ETH,ETH-USD-270326-1000-C,2027-03-26,1000,call,0.5014390651056782,0.498,0.5045,0.6654997387210723,0.4367740768345959,-0.6371934201057855,0.0009491746534908572,-0.00014339605999253523,1,0,1900.42
2026-08-18 01:52:04,okx,ETH,ETH-USD-270326-800-P,2027-03-26,800,put,0.008975109566684,0.008,0.009,0.7292989101135748,-0.04150057708015891,0.21137583120782563,0.0005649615180916409,-0.0000935335953716831,5275,1012,1900.42
2026-08-18 01:52:04,okx,ETH,ETH-USD-270326-1600-C,2027-03-26,1600,call,0.2604108757499565,0.257,0.2625,0.564396341615105,0.4840052556799613,-0.23439606058674536,0.002498538271320702,-0.0003201204310978753,2491,0,1900.42
2026-08-18 01:52:04,okx,ETH,ETH-USD-270326-1400-P,2027-03-26,1400,put,0.0532130476054609,0.052,0.053,0.5866399482214467,-0.2265356184158148,1.0151168490578384,0.0019896520512487728,-0.0002649671073476532,29784,0,1900.42
2026-08-18 01:52:04,okx,ETH,ETH-USD-270326-1400-C,2027-03-26,1400,call,0.3311166276146571,0.3275,0.3335,0.5866399482214467,0.4958638464438584,-0.429682080661508,0.0019896520512487728,-0.0002649671073476532,60,0,1900.42
2026-08-18 01:52:04,okx,ETH,ETH-USD-270326-1200-P,2027-03-26,1200,put,0.0311385087679216,0.03,0.031,0.6192883479545017,-0.13924122890709906,0.664383808245201,0.0014421257971627102,-0.0002027399109356143,3054,0,1900.42
2026-08-18 01:52:04,okx,ETH,ETH-USD-270326-2000-C,2027-03-26,2000,call,0.1540265920231114,0.153,0.1545,0.5419256304290986,0.40010993893002406,0.1387609640429861,0.0030706503123619027,-0.0003777576342734637,5636,0,1900.42
2026-08-18 01:52:04,okx,ETH,ETH-USD-270326-1800-P,2027-03-26,1800,put,0.1297787943861382,0.128,0.1295,0.5501167331253173,-0.47952293403302787,1.8254054780795541,0.002875987479306991,-0.00035915758543041967,8127,0,1900.42
2026-08-18 01:52:04,okx,ETH,ETH-USD-270326-1800-C,2027-03-26,1800,call,0.201369111540819,0.1985,0.202,0.5501167331253173,0.44927637792940905,-0.03219314584531981,0.002875987479306991,-0.00035915758543041967,4360,0,1900.42
2026-08-18 01:52:04,okx,ETH,ETH-USD-270326-1600-P,2027-03-26,1600,put,0.085663927168018,0.084,0.085,0.564396341615105,-0.3415941327310938,1.416802716235365,0.002498538271320702,-0.0003201204310978753,24333,110,1900.42
2026-08-18 01:52:04,okx,ETH,ETH-USD-270326-2400-C,2027-03-26,2400,call,0.0891422060138484,0.0885,0.0895,0.5369384826843265,0.29151735619945585,0.3302158151719105,0.0029590234136713297,-0.00036067507412860617,2778,30,1900.42
2026-08-18 01:52:04,okx,ETH,ETH-USD-270326-2200-P,2027-03-26,2200,put,0.2520054473698611,0.25,0.2545,0.5382445020124956,-0.7898651688148516,2.5296470153229214,0.0030853117534357082,-0.0003769830752463617,346,0,1900.42
2026-08-18 01:52:04,okx,ETH,ETH-USD-270326-2200-C,2027-03-26,2200,call,0.1172825016700266,0.1165,0.118,0.5382445020124956,0.3453339902503492,0.2592486971925195,0.0030853117534357082,-0.0003769830752463617,1390,0,1900.42
2026-08-18 01:52:04,okx,ETH,ETH-USD-270326-2000-P,2027-03-26,2000,put,0.1855929062956883,0.1835,0.1865,0.5419256304290986,-0.6318892965837948,2.2027594350706243,0.0030706503123619027,-0.0003777576342734637,4485,0,1900.42
2026-08-18 01:52:04,okx,ETH,ETH-USD-270326-2800-C,2027-03-26,2800,call,0.0518763101717184,0.052,0.053,0.5388054009645001,0.19967594998567526,0.3622358091399601,0.002476200492282479,-0.0003028732675401199,6922,0,1900.42
2026-08-18 01:52:04,okx,ETH,ETH-USD-270326-2600-P,2027-03-26,2600,put,0.4088850538730387,0.3945,0.4255,0.5372436253999776,-1.099208323371921,3.04391991276482,0.002741072352974766,-0.00033429891520946346,697,0,1900.42
2026-08-18 01:52:04,okx,ETH,ETH-USD-270326-2600-C,2027-03-26,2600,call,0.0678488453186889,0.0675,0.069,0.5372436253999776,0.24239068279604375,0.36072190042889085,0.002741072352974766,-0.00033429891520946346,2926,0,1900.42
2026-08-18 01:52:04,okx,ETH,ETH-USD-270326-2400-P,2027-03-26,2400,put,0.3270217831409407,0.3245,0.33,0.5369384826843265,-0.9468817264171269,2.8070139804050758,0.0029590234136713297,-0.00036067507412860617,594,0,1900.42
2026-08-18 01:52:04,okx,ETH,ETH-USD-260828-2150-P,2026-08-28,2150,put,0.1309496050457784,0.0055,0.278,0.40666537176494394,-1.0910676646780548,3.436468089915531,0.00014332264522709886,-0.000283173831658275,3,0,1900.42
2026-08-18 01:52:04,okx,ETH,ETH-USD-270326-3200-C,2027-03-26,3200,call,0.0310230355228375,0.0315,0.032,0.5446849288930248,0.13413587588603856,0.3186446253337818,0.0019291034843771778,-0.00023853058932012783,4917,0,1900.42
2026-08-18 01:52:04,okx,ETH,ETH-USD-260828-2150-C,2026-08-28,2150,call,0.0010283817313407,0.0016,0.0017,0.40666537176494394,0.038555909164308594,1.1772209422308042,0.00014332264522709886,-0.0002841528604261652,13380,1262,1900.42
2026-08-18 01:52:04,okx,ETH,ETH-USD-270326-3000-P,2027-03-26,3000,put,0.5872908010660705,0.568,0.604,0.5413548627482938,-1.3842658985614555,3.4414284369304364,0.0021981855082868706,-0.0002701404254775551,470,0,1900.42
2026-08-18 01:52:04,okx,ETH,ETH-USD-270326-3000-C,2027-03-26,3000,call,0.039941329657205,0.04,0.041,0.5413548627482938,0.16373295470927282,0.3454307303889796,0.0021981855082868706,-0.0002701404254775551,4344,0,1900.42
2026-08-18 01:52:04,okx,ETH,ETH-USD-270326-2800-P,2027-03-26,2800,put,0.4960691501533261,0.4815,0.512,0.5388054009645001,-1.245122979733671,3.2518336685786533,0.002476200492282479,-0.0003028732675401199,6500,0,1900.42
2026-08-18 01:52:04,okx,ETH,ETH-USD-270326-3600-C,2027-03-26,3600,call,0.0193015769861292,0.0195,0.0205,0.553075044168596,0.09071997892348564,0.2561849323566038,0.0014605620634488658,-0.0001833780185437924,1962,0,1900.42
2026-08-18 01:52:04,okx,ETH,ETH-USD-270326-3400-P,2027-03-26,3400,put,0.7780012705494533,0.754,0.8045,0.5486341032469005,-1.6443036251873957,3.796472466915144,0.0016813774084533124,-0.0002094070046443454,1,0,1900.42
2026-08-18 01:52:04,okx,ETH,ETH-USD-270326-3400-C,2027-03-26,3400,call,0.0243385362860725,0.0245,0.0255,0.5486341032469005,0.11009507518609639,0.2876750661681601,0.0016813774084533124,-0.0002094070046443454,3731,0,1900.42
2026-08-18 01:52:04,okx,ETH,ETH-USD-270326-3200-P,2027-03-26,3200,put,0.6815291383589603,0.6585,0.7075,0.5446849288930248,-1.5170629009360714,3.621042178978002,0.0019291034843771778,-0.00023853058932012783,1,0,1900.42
2026-08-18 01:52:04,okx,ETH,ETH-USD-270326-4500-C,2027-03-26,4500,call,0.0078107985428483,0.0085,0.009,0.5768472236637445,0.04107034441718562,0.14384825454754271,0.0007866507063178537,-0.00010301155441596779,2580,0,1900.42
2026-08-18 01:52:04,okx,ETH,ETH-USD-270326-4000-P,2027-03-26,4000,put,1.0756885333558235,0.9555,1.291,0.563046720441341,-2.001326825690786,4.326969907181166,0.0011019124482460967,-0.0001408428223834734,0,0,1900.42
2026-08-18 01:52:04,okx,ETH,ETH-USD-270326-4000-C,2027-03-26,4000,call,0.0125559048106696,0.013,0.0135,0.563046720441341,0.06267164533685153,0.19897296512589113,0.0011019124482460967,-0.0001408428223834734,7635,0,1900.42
2026-08-18 01:52:04,okx,ETH,ETH-USD-270326-3600-P,2027-03-26,3600,put,0.8761209426767674,0.851,0.9025,0.553075044168596,-1.7668786450013882,3.971382180206351,0.0014605620634488658,-0.0001833780185437924,20,0,1900.42
2026-08-18 01:52:04,okx,ETH,ETH-USD-270326-5500-C,2027-03-26,5500,call,0.0036474120157474,0.0041,0.0048,0.6064325223522399,0.020283146569820634,0.07900324179330091,0.0004375593441233144,-0.000060236904182479225,1068,0,1900.42
2026-08-18 01:52:04,okx,ETH,ETH-USD-270326-5000-P,2027-03-26,5000,put,1.5841014718672501,1.253,1.9375,0.5914606064524474,-2.5517831582378405,5.265365013884121,0.0005774771225070967,-0.00007753607364361268,10,0,1900.42
2026-08-18 01:52:04,okx,ETH,ETH-USD-270326-5000-C,2027-03-26,5000,call,0.0051856861858082,0.0055,0.0065,0.5914606064524474,0.02821493054670669,0.10536883631502603,0.0005774771225070967,-0.00007753607364361268,1859,17,1900.42
2026-08-18 01:52:04,okx,ETH,ETH-USD-270326-4500-P,2027-03-26,4500,put,1.3288350056561462,1.0225,1.6585,0.5768472236637445,-2.280927935488907,4.787844814359728,0.0007866507063178537,-0.00010301155441596779,0,0,1900.42
2026-08-18 01:52:04,okx,ETH,ETH-USD-270326-7000-C,2027-03-26,7000,call,0.0016634456698689,,0.0075,0.6511377215668306,0.009463038599173563,0.038890966455072715,0.00022717611869684683,-0.0000335798481426861,1493,0,1900.42
2026-08-18 01:52:04,okx,ETH,ETH-USD-270326-6000-P,2027-03-26,6000,put,2.097395570250797,1.7105,2.5065,0.6214784227498061,-3.080803191117931,6.2528109045752265,0.0003420395817156466,-0.00004825536650175333,0,0,1900.42
2026-08-18 01:52:04,okx,ETH,ETH-USD-260819-1840-P,2026-08-19,1840,put,0.0006061156434985,0.0004,0.0005,0.365808591107092,-0.06467621307735857,5.973581876299322,0.00007353806840826104,-0.0010712833169024137,1375,1336,1900.42
2026-08-18 01:52:04,okx,ETH,ETH-USD-270326-6000-C,2027-03-26,6000,call,0.0026966274330662,0.0026,0.0038,0.6214784227498061,0.015194515423525625,0.06081549149231384,0.0003420395817156466,-0.00004825536650175333,20485,0,1900.42
2026-08-18 01:52:04,okx,ETH,ETH-USD-270326-5500-P,2027-03-26,5500,put,1.840454776265334,1.483,2.22,0.6064325223522399,-2.8177147510931815,5.754999037119306,0.0004375593441233144,-0.000060236904182479225,0,0,1900.42
2026-08-18 01:52:04,okx,ETH,ETH-USD-270326-9000-C,2027-03-26,9000,call,0.0008818818752717,0.0005,0.0014,0.7067586706063462,0.004946378904821625,0.020285234107904747,0.0001287050008109749,-0.000020649510627420618,40533,2,1900.42
2026-08-18 01:52:04,okx,ETH,ETH-USD-260819-1840-C,2026-08-19,1840,call,0.0323689791445895,0.0085,0.1225,0.365808591107092,0.9033928120583747,4.0374438260278565,0.00007353806840826104,-0.001070259844447956,0,0,1900.42
2026-08-18 01:52:04,okx,ETH,ETH-USD-270326-8000-P,2027-03-26,8000,put,3.1274247686288716,0.0001,,0.6796594142786485,-4.121424397668161,8.283133752575539,0.0001652221169979113,-0.000025491929945016944,0,0,1900.42
2026-08-18 01:52:04,okx,ETH,ETH-USD-270326-8000-C,2027-03-26,8000,call,0.0011595115385642,0.001,0.008,0.6796594142786485,0.006572544387114393,0.02713986846498821,0.0001652221169979113,-0.000025491929945016944,60,0,1900.42
2026-08-18 01:52:04,okx,ETH,ETH-USD-270326-7000-P,2027-03-26,7000,put,2.6121455456238882,0.0001,,0.6511377215668306,-3.602534285699192,7.262885615051805,0.00022717611869684683,-0.0000335798481426861,0,0,1900.42
2026-08-18 01:52:04,okx,ETH,ETH-USD-270326-9000-P,2027-03-26,9000,put,3.6429302961018672,0.0001,,0.7067586706063462,-4.639050180907363,9.308278353732275,0.0001287050008109749,-0.000020649510627420618,0,0,1900.42
2026-08-18 01:52:04,okx,ETH,ETH-USD-260828-1450-P,2026-08-28,1450,put,0.0001634813599987,0.0003,0.0005,0.6405751224988279,-0.00501925079337263,0.1410924490441712,0.000023587669382856232,-0.00007366477001021697,15133,730,1900.42
2026-08-18 01:52:04,okx,ETH,ETH-USD-260828-1450-C,2026-08-28,1450,call,0.238098383711559,0.237,0.24,0.6405751224988279,0.7568199036584539,-1.3825858598594816,0.000023587669382856232,-0.00007186763225831094,580,0,1900.42
2026-08-18 01:52:04,okx,ETH,ETH-USD-260828-1300-C,2026-08-28,1300,call,0.3167757000906888,0.308,0.405,0.7016733291507429,0.6825282618587327,-1.3503810664377576,0.0000028932866851010372,-0.000007505653716158688,86,0,1900.42
2026-08-18 01:52:04,okx,ETH,ETH-USD-260828-1300-P,2026-08-28,1300,put,0.0000144850964145,,0.0002,0.7016733291507429,-0.0004999455808358518,0.015675348441379522,0.0000028932866851010372,-0.00000989768429373533,10385,0,1900.42
2026-08-18 01:52:04,okx,ETH,ETH-USD-260828-1100-C,2026-08-28,1100,call,0.4218630394988301,0.4205,0.423,0.7357101972755091,0.5779435713336223,-1.1557615156099157,0.00000002596897566304404,0.0000030920735792304044,0,0,1900.42
2026-08-18 01:52:04,okx,ETH,ETH-USD-260828-1100-P,2026-08-28,1100,put,0.0000000743142707,,,0.7357101972755091,-0.0000033734229357180667,0.00013237390320037717,0.00000002596897566304404,-0.00000009314743257371685,11081,0,1900.42
2026-08-18 01:52:04,okx,ETH,ETH-USD-260828-1200-C,2026-08-28,1200,call,0.3693135664190126,0.368,0.3705,0.7236175379721121,0.6304299184553259,-1.2589680156631344,0.0000003846396401383961,0.0000014316519252388442,0,0,1900.42
2026-08-18 01:52:04,okx,ETH,ETH-USD-260828-1200-P,2026-08-28,1200,put,0.0000014763295958,,0.0003,0.7236175379721121,-0.00005765764273737241,0.0020071365329920755,0.0000003846396401383961,-0.0000013569738694515383,11257,0,1900.42
2026-08-18 01:52:04,okx,ETH,ETH-USD-260821-1940-P,2026-08-21,1940,put,0.0251178576825202,0.024,0.0255,0.3175110212397965,-0.7694917107184861,12.253831655851528,0.0003034397300629021,-0.001478924829988927,618,618,1900.42
2026-08-18 01:52:04,okx,ETH,ETH-USD-260821-1920-P,2026-08-21,1920,put,0.0176436360932631,0.017,0.018,0.31408703931635745,-0.6413717366261965,14.075874610908109,0.00035838884361209675,-0.0017282763973506773,0,0,1900.42
2026-08-18 01:52:04,okx,ETH,ETH-USD-260821-1940-C,2026-08-21,1940,call,0.0044898049341616,0.0045,0.0046,0.3175110212397965,0.25078073171231385,10.213286770989928,0.0003034397300629021,-0.0014795787894467487,1394,1544,1900.42
2026-08-18 01:52:04,okx,ETH,ETH-USD-260821-1920-C,2026-08-21,1920,call,0.0075364449996879,0.0075,0.008,0.31408703931635745,0.3683824332022239,12.056366271251267,0.00035838884361209675,-0.0017285927923043015,1111,1111,1900.42
2026-08-18 01:52:04,okx,ETH,ETH-USD-260925-1300-C,2026-09-25,1300,call,0.3201575691167216,0.3115,0.3605,0.6419573165685577,0.6539828090249324,-1.0183742446804644,0.00019484668804124462,-0.0001634839273151477,97,0,1900.42
2026-08-18 01:52:04,okx,ETH,ETH-USD-260925-1300-P,2026-09-25,1300,put,0.0021899306501833,0.0023,0.0024,0.6419573165685577,-0.02809075572628883,0.3457728848219782,0.00019484668804124462,-0.0001634839273151477,12523,40,1900.42
2026-08-18 01:52:04,okx,ETH,ETH-USD-260828-1350-P,2026-08-28,1350,put,0.0000364872857877,,0.0003,0.6855650277751684,-0.0011989592828575313,0.03598154506907755,0.000006469058867550478,-0.00002162201684881308,7450,0,1900.42
2026-08-18 01:52:04,okx,ETH,ETH-USD-260828-1350-C,2026-08-28,1350,call,0.2905222647324906,0.213,0.3545,0.6855650277751684,0.7080995638274636,-1.3826155011515648,0.000006469058867550478,-0.000019428283879793307,0,0,1900.42
2026-08-18 01:52:04,okx,ETH,ETH-USD-260925-1900-C,2026-09-25,1900,call,0.0593870936167409,0.059,0.0595,0.449001918463259,0.47810074529441904,1.7761359857853738,0.0012858306986562734,-0.0007545844784828528,8809,3894,1900.42
2026-08-18 01:52:04,okx,ETH,ETH-USD-260925-1900-P,2026-09-25,1900,put,0.0562036220118004,0.056,0.0565,0.449001918463259,-0.5187760031881352,3.7698894827504823,0.0012858306986562734,-0.0007545844784828528,11115,11,1900.42
2026-08-18 01:52:04,okx,ETH,ETH-USD-260820-1825-C,2026-08-20,1825,call,0.0411803844607663,0.0155,0.0615,0.3861519816258809,0.8721223911993736,3.4499663209447005,0.00012394580787073584,-0.0010596695701003017,0,0,1900.42
2026-08-18 01:52:04,okx,ETH,ETH-USD-260820-1825-P,2026-08-20,1825,put,0.0012355482706149,0.0009,0.001,0.3861519816258809,-0.08773423246946978,5.369679568282388,0.00012394580787073584,-0.0010609555744776024,1563,2132,1900.42
2026-08-18 01:52:04,okx,ETH,ETH-USD-260820-1800-C,2026-08-20,1800,call,0.0537765670213018,0.0055,0.1695,0.42279696344081763,0.897799811721367,1.2196128563811592,0.00007877778396974074,-0.0007366144136475263,0,0,1900.42
2026-08-18 01:52:04,okx,ETH,ETH-USD-260820-1800-P,2026-08-20,1800,put,0.0006812817641881,0.0005,0.0006,0.42279696344081763,-0.04890809107530039,3.1130286619744942,0.00007877778396974074,-0.0007383224019008721,1092,635,1900.42
2026-08-18 01:52:04,okx,ETH,ETH-USD-260820-1775-C,2026-08-20,1775,call,0.0666313942474935,0.0055,0.1815,0.4589196404662128,0.9058626989209747,-0.06714396469495033,0.00004947455187795253,-0.0005011748665043458,0,0,1900.42
2026-08-18 01:52:04,okx,ETH,ETH-USD-260820-1775-P,2026-08-20,1775,put,0.0003856599234173,0.0003,0.0004,0.4589196404662128,-0.027696483003516716,1.7999743991540327,0.00004947455187795253,-0.0005033048386337366,729,855,1900.42
2026-08-18 01:52:04,okx,ETH,ETH-USD-260820-1750-C,2026-08-20,1750,call,0.0796116393376265,0.0055,0.1955,0.4918845786198648,0.9049022888772786,-0.8138719729040744,0.00003027241970045345,-0.000327532072563923,0,0,1900.42
2026-08-18 01:52:04,okx,ETH,ETH-USD-260820-1750-P,2026-08-20,1750,put,0.0002154559465879,0.0002,0.0003,0.4918845786198648,-0.015508172175036895,1.0269489492005566,0.00003027241970045345,-0.00033008402856935876,1144,863,1900.42
2026-08-18 01:52:04,okx,ETH,ETH-USD-260820-1880-C,2026-08-20,1880,call,0.0164827994205164,0.016,0.017,0.3213390241072478,0.6593000055872392,12.912118168171077,0.00028258185188115975,-0.002012408757004274,880,0,1900.42
2026-08-18 01:52:04,okx,ETH,ETH-USD-260820-1880-P,2026-08-20,1880,put,0.0054689511776825,0.005,0.0055,0.3213390241072478,-0.3294838040003913,14.889685787346338,0.00028258185188115975,-0.002012766396854276,1183,1104,1900.42
2026-08-18 01:52:04,okx,ETH,ETH-USD-260820-1870-C,2026-08-20,1870,call,0.0204011246519534,0.0195,0.021,0.33030800078434175,0.7216103364023081,10.994391287918578,0.000253869235379253,-0.0018582265409636224,313,0,1900.42
2026-08-18 01:52:04,okx,ETH,ETH-USD-260820-1870-P,2026-08-20,1870,put,0.0041270967823346,0.0037,0.0039,0.33030800078434175,-0.2619139848364519,12.9614399303961,0.000253869235379253,-0.001858752974364042,1790,1495,1900.42
2026-08-18 01:52:04,okx,ETH,ETH-USD-260820-1860-C,2026-08-20,1860,call,0.0246516610454347,0.024,0.026,0.340763083146725,0.7722162395682193,8.999013494533303,0.00022201846432664998,-0.0016763282298407104,162,0,1900.42
2026-08-18 01:52:04,okx,ETH,ETH-USD-260820-1860-P,2026-08-20,1860,put,0.0031174535490309,0.0027,0.0029,0.340763083146725,-0.20604859332167041,10.955543160313082,0.00022201846432664998,-0.0016770234567915483,1466,1150,1900.42
2026-08-18 01:52:04,okx,ETH,ETH-USD-260820-1850-C,2026-08-20,1850,call,0.0291614628921957,0.0285,0.031,0.35252103479815067,0.8117181120256447,7.118492175923587,0.00019043477617047968,-0.0014872373091713294,108,0,1900.42
2026-08-18 01:52:04,okx,ETH,ETH-USD-260820-1850-P,2026-08-20,1850,put,0.0023670757690068,0.002,0.0021,0.35252103479815067,-0.1612872325153745,9.064502865005624,0.00019043477617047968,-0.001488101329672585,1461,1350,1900.42
2026-08-18 01:52:04,okx,ETH,ETH-USD-260820-1925-C,2026-08-20,1925,call,0.0045434899304901,0.0047,0.0048,0.30282163199072104,0.3000911506048726,14.106619067241802,0.00027520676219843914,-0.0018472882607125077,1649,432,1900.42
2026-08-18 01:52:04,okx,ETH,ETH-USD-260820-1925-P,2026-08-20,1925,put,0.0172004500081886,0.0165,0.018,0.30282163199072104,-0.7123603565526745,16.131522081556895,0.00027520676219843914,-0.0018468863295856284,310,310,1900.42
2026-08-18 01:52:04,okx,ETH,ETH-USD-260820-1910-C,2026-08-20,1910,call,0.0073916760134277,0.007,0.0075,0.30462491576697115,0.42066444412494636,15.54612910923748,0.00030848282690188557,-0.002082906722359405,1071,740,1900.42
2026-08-18 01:52:04,okx,ETH,ETH-USD-260820-1910-P,2026-08-20,1910,put,0.0121583666509488,0.012,0.0125,0.30462491576697115,-0.5838978305092951,17.55525365850596,0.00030848282690188557,-0.0020827579815581527,230,150,1900.42
2026-08-18 01:52:04,okx,ETH,ETH-USD-260820-1900-C,2026-08-20,1900,call,0.0099267796037451,0.0095,0.01,0.3083782003398719,0.5050986791968383,15.433745586725111,0.0003133600366049885,-0.002141832376564204,546,319,1900.42
2026-08-18 01:52:04,okx,ETH,ETH-USD-260820-1900-P,2026-08-20,1900,put,0.0094332906144811,0.009,0.0095,0.3083782003398719,-0.49420410708853285,17.432351159295855,0.0003133600366049885,-0.0021418524293133697,501,501,1900.42
2026-08-18 01:52:04,okx,ETH,ETH-USD-260820-1890-C,2026-08-20,1890,call,0.012970569122271,0.0125,0.013,0.31399793060668246,0.5861869009450662,14.485927903799443,0.0003038263393821122,-0.002114411066259999,547,162,1900.42
2026-08-18 01:52:04,okx,ETH,ETH-USD-260820-1890-P,2026-08-20,1890,put,0.0072169005062222,0.007,0.0075,0.31399793060668246,-0.40785639699143467,16.474014499672442,0.0003038263393821122,-0.002114599912559583,371,372,1900.42
2026-08-18 01:52:04,okx,ETH,ETH-USD-260820-2025-C,2026-08-20,2025,call,0.0002178060427031,0.0003,0.0004,0.3869003849213235,0.019519317675809424,1.5351297926599203,0.000037636076099850614,-0.00032278790381792106,282,286,1900.42
2026-08-18 01:52:04,okx,ETH,ETH-USD-260820-2025-P,2026-08-20,2025,put,0.0654765623882515,0.0055,0.199,0.3869003849213235,-1.0455270729704413,3.665222573952422,0.000037636076099850614,-0.0003206980371868618,0,0,1900.42
2026-08-18 01:52:04,okx,ETH,ETH-USD-260820-2000-C,2026-08-20,2000,call,0.0003835853507348,0.0006,0.0007,0.3536073399379184,0.03484695294287837,2.7251194013874276,0.00006107001857120467,-0.00047869764940596676,12705,12927,1900.42
2026-08-18 01:52:04,okx,ETH,ETH-USD-260820-2000-P,2026-08-20,2000,put,0.0524918926293207,0.0055,0.184,0.3536073399379184,-1.0170507168311966,4.828914740935578,0.00006107001857120467,-0.00047702976665095243,0,0,1900.42
2026-08-18 01:52:04,okx,ETH,ETH-USD-260820-1975-C,2026-08-20,1975,call,0.0007984951439046,0.0011,0.0012,0.3270932552752503,0.07017951812348455,5.137543445613888,0.00010668096340340648,-0.000773512325949198,5230,5180,1900.42
2026-08-18 01:52:04,okx,ETH,ETH-USD-260820-1975-P,2026-08-20,1975,put,0.0397563533555282,0.018,0.064,0.3270932552752503,-0.9685694307784144,7.2150413434176865,0.00010668096340340648,-0.0007722664270702289,0,0,1900.42
2026-08-18 01:52:04,okx,ETH,ETH-USD-260820-1950-C,2026-08-20,1950,call,0.0018847122943174,0.0022,0.0023,0.3095267082182947,0.1496711616737935,9.349343650094259,0.00018455264740593514,-0.001266253663579842,4859,4863,1900.42
2026-08-18 01:52:04,okx,ETH,ETH-USD-260820-1950-P,2026-08-20,1950,put,0.0276921214389784,0.0145,0.0305,0.3095267082182947,-0.8759290663559296,11.400544106153705,0.00018455264740593514,-0.0012654297485769177,0,0,1900.42
2026-08-18 01:52:04,okx,ETH,ETH-USD-260828-2050-C,2026-08-28,2050,call,0.003781133217349,0.0044,0.0045,0.377587795901281,0.12266834363950942,3.0350840227403237,0.0003480265294332892,-0.0006406527870909508,19990,3892,1900.42
2026-08-18 01:52:04,okx,ETH,ETH-USD-260828-2050-P,2026-08-28,2050,put,0.0811514814366442,0.0795,0.0825,0.377587795901281,-0.9544145988613486,5.18924990774204,0.0003480265294332892,-0.0006400703535401744,2188,0,1900.42
2026-08-18 01:52:04,okx,ETH,ETH-USD-260820-1840-C,2026-08-20,1840,call,0.033866524102283,0.006,0.0725,0.3653663911642086,0.8415778437497774,5.4588457192303785,0.00016125103295268627,-0.0013049429413593521,0,0,1900.42
2026-08-18 01:52:04,okx,ETH,ETH-USD-260820-1840-P,2026-08-20,1840,put,0.0018119573523091,0.0015,0.0016,0.3653663911642086,-0.12616801244237144,7.394337431614677,0.00016125103295268627,-0.0013059757554110259,458,457,1900.42
2026-08-18 01:52:04,okx,ETH,ETH-USD-260828-1650-C,2026-08-28,1650,call,0.1342794482818897,0.1325,0.1365,0.5039312744219466,0.8238087560807225,-0.5937008342389772,0.0001492252948859396,-0.0003656132719585173,5363,0,1900.42
2026-08-18 01:52:04,okx,ETH,ETH-USD-260828-1650-P,2026-08-28,1650,put,0.0014462961206146,0.0014,0.0015,0.5039312744219466,-0.043111661054114424,1.1401400000306967,0.0001492252948859396,-0.0003666172192761959,10436,2,1900.42
2026-08-18 01:52:04,okx,ETH,ETH-USD-261225-1100-C,2026-12-25,1100,call,0.4367630215620375,0.4345,0.439,0.6503548613411773,0.5119451785579546,-0.752054274776003,0.0006260567912970637,-0.00015750161811235852,0,0,1900.42
2026-08-18 01:52:04,okx,ETH,ETH-USD-261225-1100-P,2026-12-25,1100,put,0.0097069276345686,0.0095,0.01,0.6503548613411773,-0.06097868258426444,0.393793447508435,0.0006260567912970637,-0.00015750161811235852,6567,230,1900.42
2026-08-18 01:52:04,okx,ETH,ETH-USD-261225-1900-C,2026-12-25,1900,call,0.1263878069573183,0.126,0.127,0.5150967039774896,0.4478724391238718,0.3831021759239767,0.0023327253872741037,-0.00046480766875833134,7458,0,1900.42
2026-08-18 01:52:04,okx,ETH,ETH-USD-261225-1900-P,2026-12-25,1900,put,0.1160181901735086,0.1155,0.117,0.5150967039774896,-0.54172332103087,2.36229369623346,0.0023327253872741037,-0.00046480766875833134,11529,0,1900.42
2026-08-18 01:52:04,okx,ETH,ETH-USD-260828-1600-C,2026-08-28,1600,call,0.1599832525120242,0.1585,0.162,0.5416585187497097,0.8145457446725866,-0.9808459478552591,0.0000986574697386947,-0.00025932706245681707,2590,0,1900.42
2026-08-18 01:52:04,okx,ETH,ETH-USD-260828-1600-P,2026-08-28,1600,put,0.0008746628031777,0.0009,0.0011,0.5416585187497097,-0.026104356791497675,0.7004542550729094,0.0000986574697386947,-0.0002605293073830525,18532,814,1900.42
2026-08-18 01:52:04,okx,ETH,ETH-USD-260828-1700-C,2026-08-28,1700,call,0.108987929847002,0.107,0.111,0.467009216807516,0.8214346740542783,0.05880968223500591,0.0002232893223311558,-0.0005075758727655828,6731,0,1900.42
2026-08-18 01:52:04,okx,ETH,ETH-USD-260828-1700-P,2026-08-28,1700,put,0.0024302152332981,0.0022,0.0023,0.467009216807516,-0.0717560587513113,1.8451911478461853,0.0002232893223311558,-0.0005083815224747045,24933,445,1900.42
2026-08-18 01:52:04,okx,ETH,ETH-USD-260828-1400-C,2026-08-28,1400,call,0.2642916961903571,0.263,0.266,0.6653135351653494,0.7329984323744868,-1.39677390738948,0.000012940211210670655,-0.00003997788864585147,802,0,1900.42
2026-08-18 01:52:04,okx,ETH,ETH-USD-260828-1400-P,2026-08-28,1400,put,0.0000813562912254,0.0001,0.0004,0.6653135351653494,-0.002570406406586822,0.07436377017266758,0.000012940211210670655,-0.00004197332400631438,42963,0,1900.42
2026-08-18 01:52:04,okx,ETH,ETH-USD-260828-1500-C,2026-08-28,1500,call,0.2119613387376951,0.2105,0.214,0.6113253780471392,0.7790061800136515,-1.3256170233253726,0.000039917624729221924,-0.00011737208141272491,2099,0,1900.42
2026-08-18 01:52:04,okx,ETH,ETH-USD-260828-1500-P,2026-08-28,1500,put,0.0003018739337059,0.0004,0.0005,0.6113253780471392,-0.009103290108927511,0.2506019169197856,0.000039917624729221924,-0.00011897092155607407,12668,141,1900.42
2026-08-18 01:52:04,okx,ETH,ETH-USD-260821-1860-P,2026-08-21,1860,put,0.0045529402624143,0.0043,0.0044,0.3337901004887645,-0.24279771588632193,10.308746022567705,0.0002924501635968126,-0.0014991087642324608,2983,3404,1900.42
2026-08-18 01:52:04,okx,ETH,ETH-USD-260828-2000-C,2026-08-28,2000,call,0.0074863590560842,0.0075,0.008,0.3701836570991969,0.2132920555346406,4.356645791759919,0.000497511763281956,-0.0008978524393470106,29171,6217,1900.42
2026-08-18 01:52:04,okx,ETH,ETH-USD-260821-1870-C,2026-08-21,1870,call,0.0220205766216,0.0215,0.023,0.327767033665502,0.686911527034561,9.698082205822283,0.0003236795384375272,-0.0016286969289863533,1760,0,1900.42
2026-08-18 01:52:04,okx,ETH,ETH-USD-260828-2000-P,2026-08-28,2000,put,0.058581269727808,0.0565,0.0595,0.3701836570991969,-0.8375205712954648,6.45827104542013,0.000497511763281956,-0.000897468303404791,13653,1,1900.42
2026-08-18 01:52:04,okx,ETH,ETH-USD-260821-1825-P,2026-08-21,1825,put,0.0019320824845318,0.0018,0.0019,0.3627226077256539,-0.11463478706651294,5.815471748442109,0.00018072527282773462,-0.001006738554979897,1378,1381,1900.42
2026-08-18 01:52:04,okx,ETH,ETH-USD-260828-2100-C,2026-08-28,2100,call,0.0019255547285199,0.0026,0.0027,0.38994872260453817,0.06835741914293718,1.9251113430273858,0.0002259042537964938,-0.0004294662519643396,27194,9793,1900.42
2026-08-18 01:52:04,okx,ETH,ETH-USD-260821-1860-C,2026-08-21,1860,call,0.0260083341331892,0.023,0.037,0.3337901004887645,0.7354016361349603,8.35234731852514,0.0002924501635968126,-0.0014984124656734917,0,0,1900.42
2026-08-18 01:52:04,okx,ETH,ETH-USD-260828-2100-P,2026-08-28,2100,put,0.1055713404953864,0.104,0.1085,0.38994872260453817,-1.0349958390286735,4.131817859370607,0.0002259042537964938,-0.0004286855208050063,3612,0,1900.42
2026-08-18 01:52:04,okx,ETH,ETH-USD-260828-1800-C,2026-08-28,1800,call,0.0615895615405056,0.0605,0.063,0.4052922927511393,0.7415725441917518,2.5939868078502255,0.0004642885387840335,-0.0009169539320863634,16254,208,1900.42
2026-08-18 01:52:04,okx,ETH,ETH-USD-260821-1825-C,2026-08-21,1825,call,0.0417989842511777,0.0075,0.0775,0.3627226077256539,0.8451575879006056,3.895886998507873,0.00018072527282773462,-0.0010054515185385822,0,0,1900.42
2026-08-18 01:52:04,okx,ETH,ETH-USD-260828-1800-P,2026-08-28,1800,put,0.0075827220219442,0.007,0.0075,0.4052922927511393,-0.20415881995534316,4.485449536144415,0.0004642885387840335,-0.0009173629865783713,23578,4858,1900.42
2026-08-18 01:52:04,okx,ETH,ETH-USD-260828-1900-C,2026-08-28,1900,call,0.0254586027882227,0.025,0.0255,0.3725905047918144,0.4972344809447292,5.382140100872877,0.0006675540449875188,-0.0012124419337867789,20673,887,1900.42
2026-08-18 01:52:04,okx,ETH,ETH-USD-260828-1900-P,2026-08-28,1900,put,0.0240026383648039,0.0235,0.0245,0.3725905047918144,-0.501037514543871,7.378684091850077,0.0006675540449875188,-0.001212454393061673,19295,1544,1900.42
2026-08-18 01:52:04,okx,ETH,ETH-USD-260828-2400-C,2026-08-28,2400,call,0.0001517049912414,0.0003,0.0004,0.5356010781772303,0.005405569414775496,0.16622093614181635,0.000026641474584820435,-0.00006956722231105378,21964,0,1900.42
2026-08-18 01:52:04,okx,ETH,ETH-USD-260828-2400-P,2026-08-28,2400,put,0.2614501160435356,0.2595,0.2635,0.5356010781772303,-1.255569582781351,2.6881712405340696,0.000026641474584820435,-0.00006759670550037929,1610,0,1900.42
2026-08-18 01:52:04,okx,ETH,ETH-USD-260821-1925-P,2026-08-21,1925,put,0.0193783923165601,0.0185,0.0195,0.31445747475761276,-0.67568385968178,13.73519885515278,0.00034733180908056766,-0.0016768589133429833,529,683,1900.42
2026-08-18 01:52:04,okx,ETH,ETH-USD-260828-2500-C,2026-08-28,2500,call,0.0001134628671103,,0.0004,0.5990861620554723,0.0037197043083344243,0.1061701799954247,0.000019123577146081794,-0.0000558552398804953,15013,280,1900.42
2026-08-18 01:52:04,okx,ETH,ETH-USD-260828-2500-P,2026-08-28,2500,put,0.3139627490145472,0.29,0.48,0.5990861620554723,-1.3097960792292973,2.7332017470706877,0.000019123577146081794,-0.00005348812785270708,5,0,1900.42
2026-08-18 01:52:04,okx,ETH,ETH-USD-260821-1880-P,2026-08-21,1880,put,0.0074173931971347,0.007,0.0075,0.3227934929593904,-0.3577639387580037,12.870509304267285,0.0003499505540358406,-0.0017346912925377718,1893,1272,1900.42
2026-08-18 01:52:04,okx,ETH,ETH-USD-260828-2200-C,2026-08-28,2200,call,0.0005918546087781,0.001,0.0012,0.42714203372103027,0.022753770932768584,0.725697859399167,0.00009255656540117148,-0.00019274424452186913,18248,2096,1900.42
2026-08-18 01:52:04,okx,ETH,ETH-USD-260821-1925-C,2026-08-21,1925,call,0.0066409858092889,0.0065,0.007,0.31445747475761276,0.33669987829723536,11.710431379194748,0.00034733180908056766,-0.0016772596994226571,3426,5311,1900.42
2026-08-18 01:52:04,okx,ETH,ETH-USD-260828-2200-P,2026-08-28,2200,put,0.1567885154707873,0.155,0.1595,0.42714203372103027,-1.1331401185803474,3.0374856384253985,0.00009255656540117148,-0.0001915669181454221,3748,10,1900.42
2026-08-18 01:52:04,okx,ETH,ETH-USD-260821-1870-P,2026-08-21,1870,put,0.0058256135782168,0.0055,0.006,0.327767033665502,-0.2965469612879109,11.664999182467229,0.0003236795384375272,-0.0016292244452932234,213,214,1900.42
2026-08-18 01:52:04,okx,ETH,ETH-USD-260828-2300-C,2026-08-28,2300,call,0.0002552083855807,0.0005,0.0006,0.47709832522507356,0.009682688704567345,0.31231143507686654,0.000044461883854007466,-0.00010341884914494718,17544,1342,1900.42
2026-08-18 01:52:04,okx,ETH,ETH-USD-260821-1880-C,2026-08-21,1880,call,0.0183519254131262,0.018,0.019,0.3227934929593904,0.6309536858656579,10.893074055019962,0.0003499505540358406,-0.0017343325584830006,2262,452,1900.42
2026-08-18 01:52:04,okx,ETH,ETH-USD-260828-2300-P,2026-08-28,2300,put,0.2090027443427324,0.2075,0.2115,0.47709832522507356,-1.198751832150054,2.729180476786109,0.000044461883854007466,-0.00010184492755138643,1471,0,1900.42
2026-08-18 01:52:04,okx,ETH,ETH-USD-260828-2800-C,2026-08-28,2800,call,0.0000863566751614,,0.0001,0.7942662506265115,0.002214231939883134,0.049658944581283664,0.000012070552217502107,-0.000046741151456568,4575,0,1900.42
2026-08-18 01:52:04,okx,ETH,ETH-USD-260828-2800-P,2026-08-28,2800,put,0.471588268108026,0.4685,0.474,0.7942662506265115,-1.4689234456222644,2.9919342997055787,0.000012070552217502107,-0.00004318425377743857,1005,0,1900.42
2026-08-18 01:52:04,okx,ETH,ETH-USD-260828-2900-C,2026-08-28,2900,call,0.0000832676275126,,0.0002,0.8555756296595314,0.00199884425738294,0.04187351574779427,0.000011027153096297703,-0.00004599684981233631,3072,0,1900.42
2026-08-18 01:52:04,okx,ETH,ETH-USD-260828-2900-P,2026-08-28,2900,put,0.5241360541555199,0.34,0.714,0.8555756296595314,-1.52167946464627,3.0892301335550996,0.000011027153096297703,-0.00004204335691609313,0,0,1900.42
2026-08-18 01:52:04,okx,ETH,ETH-USD-260828-2600-C,2026-08-28,2600,call,0.0000975510109601,,0.0002,0.6647035107828142,0.0029303690401497858,0.07697459367072972,0.000015470645877411798,-0.00005013513987534587,4188,0,1900.42
2026-08-18 01:52:04,okx,ETH,ETH-USD-260828-2600-P,2026-08-28,2600,put,0.3664977122535397,0.3415,0.5395,0.6647035107828142,-1.3631260458389873,2.8090874234290033,0.000015470645877411798,-0.000047371432630443905,5,0,1900.42
2026-08-18 01:52:04,okx,ETH,ETH-USD-260828-2700-C,2026-08-28,2700,call,0.0000903036253533,,0.0003,0.7302858238222867,0.002496202076376852,0.06040977443142543,0.000013419920472515769,-0.00004778029485903062,6758,0,1900.42
2026-08-18 01:52:04,okx,ETH,ETH-USD-260828-2700-P,2026-08-28,2700,put,0.4190413399630751,0.4165,0.422,0.7302858238222867,-1.4161008441442657,2.89760386687271,0.000013419920472515769,-0.00004461999239701492,2000,0,1900.42
2026-08-18 01:52:04,okx,ETH,ETH-USD-260828-3200-C,2026-08-28,3200,call,0.0000706873329193,,0.0002,1.0181458147514695,0.001468658106247228,0.026358913636359924,0.000008380821124311921,-0.0000416009421071195,2460,0,1900.42
2026-08-18 01:52:04,okx,ETH,ETH-USD-260828-3200-P,2026-08-28,3200,put,0.6817760991463543,0.6795,0.685,1.0181458147514695,-1.6798315448219214,3.3889593194926975,0.000008380821124311921,-0.00003645766355953511,1000,0,1900.42
2026-08-18 01:52:04,okx,ETH,ETH-USD-260828-3400-C,2026-08-28,3400,call,0.000058703798054,,0.0002,1.1073590768602866,0.0011491794223404267,0.01929196957723979,0.000006717575794081514,-0.00003626668785504347,2935,0,1900.42
2026-08-18 01:52:04,okx,ETH,ETH-USD-260828-3400-P,2026-08-28,3400,put,0.7868658658017742,,,1.1073590768602866,-1.7852322861888388,3.5920549007995977,0.000006717575794081514,-0.000030330218873231597,0,0,1900.42
2026-08-18 01:52:04,okx,ETH,ETH-USD-260828-3000-C,2026-08-28,3000,call,0.0000798792913244,,0.0002,0.9135387621494186,0.0018119656048483025,0.03575948828700065,0.00001010893159247759,-0.000045023435263815285,5469,0,1900.42
2026-08-18 01:52:04,okx,ETH,ETH-USD-260925-1600-C,2026-09-25,1600,call,0.1716421503729575,0.171,0.1745,0.5084694091958353,0.7023211646734431,-0.14680642610095465,0.0006703321841465781,-0.0004454826372832204,8659,0,1900.42
2026-08-18 01:52:04,okx,ETH,ETH-USD-260828-3000-P,2026-08-28,3000,put,0.5766835409144743,0.548,0.7725,0.9135387621494186,-1.5744069746403098,3.188197368777317,0.00001010893159247759,-0.000040673347150458365,0,0,1900.42
2026-08-18 01:52:04,okx,ETH,ETH-USD-260925-1400-P,2026-09-25,1400,put,0.0036447590440704,0.0039,0.004,0.5900439239749851,-0.04724155989480155,0.578046502501143,0.000299046693002022,-0.0002306212000025908,54140,10,1900.42
2026-08-18 01:52:04,okx,ETH,ETH-USD-260828-3100-C,2026-08-28,3100,call,0.0000757141249459,,0.0002,0.9677804305860654,0.001637197612694175,0.030692979093514275,0.000009236419934587477,-0.00004357997808534044,2918,0,1900.42
2026-08-18 01:52:04,okx,ETH,ETH-USD-260925-1400-C,2026-09-25,1400,call,0.2691483697003424,0.268,0.2715,0.5900439239749851,0.6872992021449753,-0.8910350215784109,0.000299046693002022,-0.0002306212000025908,141,0,1900.42
2026-08-18 01:52:04,okx,ETH,ETH-USD-260828-3100-P,2026-08-28,3100,put,0.6292302508432384,0.433,0.8315,0.9677804305860654,-1.6271223739739695,3.2882121222668417,0.000009236419934587477,-0.00003883329475486978,0,0,1900.42
2026-08-18 01:52:04,okx,ETH,ETH-USD-260821-1890-P,2026-08-21,1890,put,0.0093702603095096,0.009,0.0095,0.31888284031675407,-0.42518349308038683,13.801036897041756,0.0003683417933826831,-0.0018036829395951784,1692,1712,1900.42
2026-08-18 01:52:04,okx,ETH,ETH-USD-260828-4000-C,2026-08-28,4000,call,0.0000241463614057,,0.1,1.2962830968105217,0.00044145073184903127,0.006790612903111505,0.000002794853353382166,-0.000017663081484645593,215,0,1900.42
2026-08-18 01:52:04,okx,ETH,ETH-USD-260925-2000-C,2026-09-25,2000,call,0.0372917081210766,0.0365,0.0375,0.4443080220371581,0.35896875968725994,1.9613153466788984,0.0012476682201468378,-0.0007245346311238167,33995,2229,1900.42
2026-08-18 01:52:04,okx,ETH,ETH-USD-260828-4000-P,2026-08-28,4000,put,1.1021365589359813,,,1.2962830968105217,-2.101183802928362,4.210041120223533,0.000002794853353382166,-0.000009347041200151288,8,0,1900.42
2026-08-18 01:52:04,okx,ETH,ETH-USD-260925-1800-P,2026-09-25,1800,put,0.0341079533557691,0.034,0.0345,0.46070081621733233,-0.3576452255886019,3.123699417414188,0.0011629216924907624,-0.0007002374505680771,20872,735,1900.42
2026-08-18 01:52:04,okx,ETH,ETH-USD-260925-1800-C,2026-09-25,1800,call,0.0897554527709758,0.089,0.0905,0.46070081621733233,0.5867643256053968,1.23488031502619,0.0011629216924907624,-0.0007002374505680771,10288,0,1900.42
2026-08-18 01:52:04,okx,ETH,ETH-USD-260821-1890-C,2026-08-21,1890,call,0.0150443616981094,0.0145,0.015,0.31888284031675407,0.5687932678444646,11.813083375192052,0.0003683417933826831,-0.001803492987792506,866,900,1900.42
2026-08-18 01:52:04,okx,ETH,ETH-USD-260925-1600-P,2026-09-25,1600,put,0.0110665953372181,0.011,0.0115,0.5084694091958353,-0.13715399194344477,1.5321438871328208,0.0006703321841465781,-0.0004454826372832204,25511,6032,1900.42
2026-08-18 01:52:04,okx,ETH,ETH-USD-260828-3600-C,2026-08-28,3600,call,0.0000458730267323,,0.0002,1.1822451965861596,0.0008647122449191711,0.013882805515737,0.000005186057835519498,-0.000029891795936441236,922,0,1900.42
2026-08-18 01:52:04,okx,ETH,ETH-USD-260925-2400-C,2026-09-25,2400,call,0.0050036926455794,0.005,0.0055,0.47418243938837346,0.07210688642746955,0.7977469880870299,0.0004681440769749038,-0.0002901355063919267,50399,1820,1900.42
2026-08-18 01:52:04,okx,ETH,ETH-USD-260828-3600-P,2026-08-28,3600,put,0.8919547852207376,,,1.1822451965861596,-1.8905980160492704,3.796808262104116,0.000005186057835519498,-0.000023162136520401886,0,0,1900.42
2026-08-18 01:52:04,okx,ETH,ETH-USD-260925-2200-P,2026-09-25,2200,put,0.1676875223474727,0.164,0.17,0.4513219382958477,-0.9860874849844302,3.778681607126959,0.0008545298950805244,-0.0005040685322296842,3173,0,1900.42
2026-08-18 01:52:04,okx,ETH,ETH-USD-260828-3800-C,2026-08-28,3800,call,0.0000340141799998,,0.0002,1.244580835806661,0.0006275960276747273,0.009800441346861548,0.000003866086755807115,-0.000023458597761613508,5702,0,1900.42
2026-08-18 01:52:04,okx,ETH,ETH-USD-260925-2200-C,2026-09-25,2200,call,0.0134789105216145,0.0135,0.014,0.4513219382958477,0.1681908553637905,1.4701249264305178,0.0008545298950805244,-0.0005040685322296842,21145,1980,1900.42
2026-08-18 01:52:04,okx,ETH,ETH-USD-260828-3800-P,2026-08-28,3800,put,0.9970446765642904,,,1.244580835806661,-1.9959163949495256,4.002888423301262,0.000003866086755807115,-0.00001593574791134668,0,0,1900.42
2026-08-18 01:52:04,okx,ETH,ETH-USD-260925-2000-P,2026-09-25,2000,put,0.0865722643264024,0.0855,0.0875,0.4443080220371581,-0.6903751860838498,4.0600032382211175,0.0012476682201468378,-0.0007245346311238167,18886,250,1900.42
2026-08-18 01:52:04,okx,ETH,ETH-USD-260925-2800-C,2026-09-25,2800,call,0.0010883484393726,0.0011,0.0013,0.5443492039844912,0.017015284830133596,0.21845662931072307,0.0001440516413952682,-0.00010248768522020032,12613,0,1900.42
2026-08-18 01:52:04,okx,ETH,ETH-USD-260925-2600-P,2026-09-25,2600,put,0.3662079268125064,0.3625,0.37,0.5067468745529693,-1.3312135122386142,3.13437441389252,0.0002506605114890793,-0.00016601712214835043,2836,0,1900.42
2026-08-18 01:52:04,okx,ETH,ETH-USD-260925-2600-C,2026-09-25,2600,call,0.002143203745583,0.0024,0.0025,0.5067468745529693,0.03293361726382833,0.4060801548876344,0.0002506605114890793,-0.00016601712214835043,25489,0,1900.42
2026-08-18 01:52:04,okx,ETH,ETH-USD-260925-2400-P,2026-09-25,2400,put,0.26414036009197,0.2615,0.2675,0.47418243938837346,-1.187105848497862,3.316172457937693,0.0004681440769749038,-0.0002901355063919267,4275,0,1900.42
2026-08-18 01:52:04,okx,ETH,ETH-USD-260925-3200-C,2026-09-25,3200,call,0.0004164719054765,0.0004,0.0007,0.6227205049829045,0.006347391866580604,0.0811046401817913,0.00006122017858703088,-0.00004982687375989264,11763,0,1900.42
2026-08-18 01:52:04,okx,ETH,ETH-USD-260925-3000-P,2026-09-25,3000,put,0.574559566392636,0.5705,0.579,0.5837197094376381,-1.5641019249653816,3.2760495138976022,0.00009045117319867337,-0.0000690072058355522,898,0,1900.42
2026-08-18 01:52:04,okx,ETH,ETH-USD-260925-3000-C,2026-09-25,3000,call,0.0006387320846473,0.0007,0.0008,0.5837197094376381,0.009913993691282905,0.12801767658427313,0.00009045117319867337,-0.0000690072058355522,14053,140,1900.42
2026-08-18 01:52:04,okx,ETH,ETH-USD-260925-2800-P,2026-09-25,2800,put,0.4700811271268287,0.4665,0.474,0.5443492039844912,-1.4520662392494201,3.1566196774698305,0.0001440516413952682,-0.00010248768522020032,2929,0,1900.42
2026-08-18 01:52:04,okx,ETH,ETH-USD-260925-3600-C,2026-09-25,3600,call,0.0002130634706255,0.0001,0.0037,0.6950006772368348,0.003110371890758394,0.038380245740820045,0.00003248859846045485,-0.000029511554430362578,9760,0,1900.42
2026-08-18 01:52:04,okx,ETH,ETH-USD-260925-3400-P,2026-09-25,3400,put,0.7840682783445804,0.778,0.789,0.6600523930329079,-1.7795400348137351,3.622355376601896,0.000043773767345402845,-0.00003776315021999866,130,0,1900.42
2026-08-18 01:52:04,okx,ETH,ETH-USD-260925-3400-C,2026-09-25,3400,call,0.0002913327955265,0.0003,0.0006,0.6600523930329079,0.004344672997151493,0.05458596098012282,0.000043773767345402845,-0.00003776315021999866,29616,800,1900.42
2026-08-18 01:52:04,okx,ETH,ETH-USD-260925-3200-P,2026-09-25,3200,put,0.6792653618339978,0.675,0.683,0.6227205049829045,-1.672602921367195,3.439005266649343,0.00006122017858703088,-0.00004982687375989264,283,0,1900.42
2026-08-18 01:52:04,okx,ETH,ETH-USD-260925-4000-C,2026-09-25,4000,call,0.0001221338539055,,0.0007,0.756686705344329,0.0017215287253741329,0.020601672918482375,0.000019069410585037743,-0.00001885946003325854,17436,0,1900.42
2026-08-18 01:52:04,okx,ETH,ETH-USD-260925-3800-P,2026-09-25,3800,put,0.9937931280270279,0.9595,1.031,0.7272388105295631,-1.9914608149138222,4.015331504918355,0.00002470333908595677,-0.000023480567460571183,16,0,1900.42
2026-08-18 01:52:04,okx,ETH,ETH-USD-260925-3800-C,2026-09-25,3800,call,0.0001600712369089,0.0001,0.0035,0.7272388105295631,0.002292682051286379,0.027824510988138363,0.00002470333908595677,-0.000023480567460571183,9038,0,1900.42
2026-08-18 01:52:04,okx,ETH,ETH-USD-260925-3600-P,2026-09-25,3600,put,0.888918064640212,0.8835,0.8945,0.6950006772368348,-1.885708730497239,3.816018450516815,0.00003248859846045485,-0.000029511554430362578,1230,0,1900.42
2026-08-18 01:52:04,okx,ETH,ETH-USD-260925-4400-C,2026-09-25,4400,call,0.0000725532740856,,0.0037,0.80757037296837,0.0009998836234781216,0.011737981667607813,0.000011627790726993117,-0.000012273077186955118,18573,0,1900.42
2026-08-18 01:52:04,okx,ETH,ETH-USD-260925-4200-P,2026-09-25,4200,put,1.2035831258302196,0.9375,1.4805,0.783413067451995,-2.2023147582363016,4.422719460768668,0.000014853516929242946,-0.000015208836385106456,0,0,1900.42
2026-08-18 01:52:04,okx,ETH,ETH-USD-260925-4200-C,2026-09-25,4200,call,0.0000939577990354,,0.0037,0.783413067451995,0.0013075278830288577,0.015474888530006742,0.000014853516929242946,-0.000015208836385106456,10236,0,1900.42
2026-08-18 01:52:04,okx,ETH,ETH-USD-260925-4000-P,2026-09-25,4000,put,1.098683246264557,0.846,1.362,0.756686705344329,-2.096966362816845,4.217977456002921,0.000019069410585037743,-0.00001885946003325854,30,0,1900.42
2026-08-18 01:52:04,okx,ETH,ETH-USD-260925-5000-C,2026-09-25,5000,call,0.0000334300942617,,0.0003,0.8666318430852177,0.0004544640149556631,0.005286602556035494,0.000005627485730597669,-0.0000063741888433846345,26371,0,1900.42
2026-08-18 01:52:04,okx,ETH,ETH-USD-260925-2100-C,2026-09-25,2100,call,0.0225821079313413,0.022,0.023,0.4453982518792139,0.25153275640662914,1.8074619314869342,0.001078601187750484,-0.000627892482222126,20766,1315,1900.42
2026-08-18 01:52:04,okx,ETH,ETH-USD-260925-4500-P,2026-09-25,4500,put,1.3609450397167235,1.0755,1.6595,0.8187455004063103,-2.3601481177485453,4.732297582198723,0.000010298646776409272,-0.00001102059315944834,0,0,1900.42
2026-08-18 01:52:04,okx,ETH,ETH-USD-260925-2100-P,2026-09-25,2100,put,0.1243266919469333,0.123,0.125,0.4453982518792139,-0.850278386653036,4.011084217606264,0.001078601187750484,-0.000627892482222126,1605,0,1900.42
2026-08-18 01:52:04,okx,ETH,ETH-USD-260925-4500-C,2026-09-25,4500,call,0.0000637882547407,,0.0037,0.8187455004063103,0.0008757602364515342,0.010249826228728949,0.000010298646776409272,-0.00001102059315944834,9118,0,1900.42
2026-08-18 01:52:04,okx,ETH,ETH-USD-260925-4400-P,2026-09-25,4400,put,1.3084897769258022,1.0305,1.5975,0.80757037296837,-2.307556797072963,4.62885134306049,0.000011627790726993117,-0.000012273077186955118,0,0,1900.42
2026-08-18 01:52:04,okx,ETH,ETH-USD-260925-6000-C,2026-09-25,6000,call,0.0000088980153746,,0.01,0.9320662548842639,0.00012234674554015154,0.0014497923500472098,0.0000016553353275466204,-0.000002016548396526871,14114,0,1900.42
2026-08-18 01:52:04,okx,ETH,ETH-USD-260925-5500-P,2026-09-25,5500,put,1.8855388702793463,1.5395,2.2435,0.9035049241526751,-2.8854596854178194,5.77415395650789,0.000003063024262785851,-0.0000036170694010525397,0,0,1900.42
2026-08-18 01:52:04,okx,ETH,ETH-USD-260925-5500-C,2026-09-25,5500,call,0.0000173407147008,,0.0034,0.9035049241526751,0.0002361654527322934,0.0027622547667861125,0.000003063024262785851,-0.0000036170694010525397,6678,0,1900.42
2026-08-18 01:52:04,okx,ETH,ETH-USD-260925-5000-P,2026-09-25,5000,put,1.6232348206075764,1.3075,1.952,0.8666318430852177,-2.6229054004128187,5.252006331411584,0.000005627485730597669,-0.0000063741888433846345,0,0,1900.42
2026-08-18 01:52:04,okx,ETH,ETH-USD-260925-7000-C,2026-09-25,7000,call,0.000002297685463,,0.0001,0.9720508997188327,0.00003262169292761788,0.00040164888757535555,0.000000475671299313899,-0.0000006043267739827111,3332,0,1900.42
2026-08-18 01:52:04,okx,ETH,ETH-USD-260925-6500-P,2026-09-25,6500,put,2.4101663384107193,2.0055,2.8305,0.9543991190273404,-3.410304616607948,6.821498065321328,0.0000008891008342317448,-0.000001109064817243716,0,0,1900.42
2026-08-18 01:52:04,okx,ETH,ETH-USD-260925-6500-C,2026-09-25,6500,call,0.0000045307434103,,0.0001,0.9543991190273404,0.00006320714815838474,0.0007624178091159528,0.0000008891008342317448,-0.000001109064817243716,3637,0,1900.42
2026-08-18 01:52:04,okx,ETH,ETH-USD-260925-6000-P,2026-09-25,6000,put,2.147850566631352,1.773,2.5365,0.9320662548842639,-3.1479094905677893,6.297513466976706,0.0000016553353275466204,-0.000002016548396526871,0,0,1900.42
2026-08-18 01:52:04,okx,ETH,ETH-USD-260925-9000-C,2026-09-25,9000,call,0.0000001544506416,,,1.0145165486446737,0.0000023772826726006822,0.000032017907939763976,0.00000003910058285925481,-0.000000051846357220576853,2072,0,1900.42
2026-08-18 01:52:04,okx,ETH,ETH-USD-260818-1840-C,2026-08-18,1840,call,0.0321454266088867,0.009,0.12,0.4183080496339539,0.9661124713331076,-1.5172636544631566,0.0000012151706062753157,-0.00002514946638881913,36,0,1900.42
2026-08-18 01:52:04,okx,ETH,ETH-USD-260925-8000-P,2026-09-25,8000,put,3.1971228159686307,0.0001,,0.9975530472093709,-4.197367051550241,8.394863976314667,0.000000135786577817578,-0.00000017703890859000957,0,0,1900.42
2026-08-18 01:52:04,okx,ETH,ETH-USD-260925-8000-C,2026-09-25,8000,call,0.0000005911473276,,,0.9975530472093709,0.000008731534197872523,0.00011241014578910632,0.000000135786577817578,-0.00000017703890859000957,1350,0,1900.42
2026-08-18 01:52:04,okx,ETH,ETH-USD-260925-7000-P,2026-09-25,7000,put,2.672484244404103,0.0001,,0.9720508997188327,-3.6726711885059564,7.345809269285343,0.000000475671299313899,-0.0000006043267739827111,1,0,1900.42
2026-08-18 01:52:04,okx,ETH,ETH-USD-260925-11000-C,2026-09-25,11000,call,0.000000011484455,,,1.0345828153699996,0.0000001912391018468254,0.0000028007806453628697,0.0000000034517431373687214,-0.000000004667449324294956,566,0,1900.42
2026-08-18 01:52:04,okx,ETH,ETH-USD-260925-10000-P,2026-09-25,10000,put,4.246402822465421,0.0001,,1.0262297028689278,-5.246719064796548,10.493448796834702,0.000000011473554076617082,-0.00000001538928449628214,0,0,1900.42
2026-08-18 01:52:04,okx,ETH,ETH-USD-260925-10000-C,2026-09-25,10000,call,0.0000000414387918,,,1.0262297028689278,0.0000006640590001948401,0.000009339123605189806,0.000000011473554076617082,-0.00000001538928449628214,545,0,1900.42
2026-08-18 01:52:04,okx,ETH,ETH-USD-260925-9000-P,2026-09-25,9000,put,3.7217626573746077,0.0001,,1.0145165486446737,-4.722045378687322,9.444127529847927,0.00000003910058285925481,-0.000000051846357220576853,0,0,1900.42
2026-08-18 01:52:04,okx,ETH,ETH-USD-260925-11000-P,2026-09-25,11000,put,4.7710430706137466,0.0001,,1.0345828153699996,-5.771391510502001,11.542786204262852,0.0000000034517431373687214,-0.000000004667449324294956,0,0,1900.42
2026-08-18 01:52:04,okx,ETH,ETH-USD-260818-1840-P,2026-08-18,1840,put,0.0000049565607594,,0.0001,0.4183080496339539,-0.0014080564019534761,0.41777740100696525,0.0000012151706062753157,-0.000025415746034099978,4736,4357,1900.42
2026-08-18 01:52:04,okx,ETH,ETH-USD-260821-1975-P,2026-08-21,1975,put,0.0408136856233604,0.0265,0.048,0.33439168567302435,-0.9233005224949349,8.074625800164302,0.0001857519643502914,-0.0009526760566282144,0,0,1900.42
2026-08-18 01:52:04,okx,ETH,ETH-USD-260820-1930-C,2026-08-20,1930,call,0.0038273694043952,0.004,0.0041,0.3032169737123047,0.2640531875978798,13.288984049819787,0.00025889525279846785,-0.0017400828125369455,381,87,1900.42
2026-08-18 01:52:04,okx,ETH,ETH-USD-260821-1910-P,2026-08-21,1910,put,0.0144715869296635,0.014,0.0145,0.3143678319137072,-0.5698192436657813,14.444877444436647,0.0003730683385947157,-0.001800799087069506,1750,1793,1900.42
2026-08-18 01:52:04,okx,ETH,ETH-USD-260821-1975-C,2026-08-21,1975,call,0.0017741249791307,0.0019,0.002,0.33439168567302435,0.11537889699002891,5.9972669611943745,0.0001857519643502914,-0.0009539207539683823,3376,4090,1900.42
2026-08-18 01:52:04,okx,ETH,ETH-USD-260821-1910-C,2026-08-21,1910,call,0.0096248266634799,0.0095,0.01,0.3143678319137072,0.4346757898614494,12.435887377382185,0.0003730683385947157,-0.0018009466997710314,1717,2191,1900.42
2026-08-18 01:52:04,okx,ETH,ETH-USD-260820-1930-P,2026-08-20,1930,put,0.0191144192954862,0.0185,0.02,0.3032169737123047,-0.7510280637341026,15.31914655248375,0.00025889525279846785,-0.0017395964846348571,570,570,1900.42
2026-08-18 01:52:04,okx,ETH,ETH-USD-260828-1950-C,2026-08-28,1950,call,0.0143076546382743,0.014,0.0145,0.3683256885741287,0.3437112127498018,5.361575235401914,0.0006260085758070388,-0.0011240411359067326,26031,7618,1900.42
2026-08-18 01:52:04,okx,ETH,ETH-USD-260828-1950-P,2026-08-28,1950,put,0.0391271277624269,0.0375,0.0405,0.3683256885741287,-0.680831098409551,7.41065985772062,0.0006260085758070388,-0.0011238552975730701,15931,500,1900.42
2026-08-18 01:52:04,okx,ETH,ETH-USD-260828-1750-C,2026-08-28,1750,call,0.08450554817016,0.0825,0.086,0.43334585006224124,0.7984050892534951,1.104516613165232,0.00032890965679104956,-0.0006942623065711353,8940,0,1900.42
2026-08-18 01:52:04,okx,ETH,ETH-USD-260828-1750-P,2026-08-28,1750,put,0.0042232711040274,0.0039,0.004,0.43334585006224124,-0.12105595922284718,2.9434387101179165,0.00032890965679104956,-0.0006948696586717002,19221,762,1900.42
2026-08-18 01:52:04,okx,ETH,ETH-USD-270625-800-P,2027-06-25,800,put,0.0140504806505761,0.014,0.016,0.6872514190189144,-0.056123141680519885,0.25371135047783633,0.0008290659026971234,-0.00009152877206250806,1402,0,1900.42
2026-08-18 01:52:04,okx,ETH,ETH-USD-270625-800-C,2027-06-25,800,call,0.6053179664224875,0.601,0.6115,0.6872514190189144,0.3526022090980243,-0.563739351079252,0.0008290659026971234,-0.00009152877206250806,0,0,1900.42
2026-08-18 01:52:04,okx,ETH,ETH-USD-270625-900-P,2027-06-25,900,put,0.0195812941589008,0.0195,0.021,0.6633258443632191,-0.07725058164992915,0.343023001673301,0.0010663819454711041,-0.00011362990372442127,561,2,1900.42
2026-08-18 01:52:04,okx,ETH,ETH-USD-270625-900-C,2027-06-25,900,call,0.5597572156523012,0.555,0.566,0.6633258443632191,0.38256543797593306,-0.5766090375784235,0.0010663819454711041,-0.00011362990372442127,0,0,1900.42
2026-08-18 01:52:04,okx,ETH,ETH-USD-270625-600-P,2027-06-25,600,put,0.0067686053321282,0.006,0.0085,0.7540227824018974,-0.027133605543005028,0.12487936623692059,0.00045403374685695986,-0.000054995295307427374,36,0,1900.42
2026-08-18 01:52:04,okx,ETH,ETH-USD-270625-600-C,2027-06-25,600,call,0.7002192196610617,0.696,0.7055,0.7540227824018974,0.2794104075409031,-0.48820865993089574,0.00045403374685695986,-0.000054995295307427374,0,0,1900.42
2026-08-18 01:52:04,okx,ETH,ETH-USD-270625-700-P,2027-06-25,700,put,0.0098606644859765,0.0095,0.012,0.7168361510623928,-0.03962148469255176,0.1813531995526309,0.0006241850367687199,-0.00007187637887284754,232,0,1900.42
2026-08-18 01:52:04,okx,ETH,ETH-USD-270625-700-C,2027-06-25,700,call,0.652219714536399,0.648,0.658,0.7168361510623928,0.31801319723867444,-0.5339161643098215,0.0006241850367687199,-0.00007187637887284754,0,0,1900.42
2026-08-18 01:52:04,okx,ETH,ETH-USD-270625-1200-P,2027-06-25,1200,put,0.0465858322093952,0.0455,0.047,0.6141177591117238,-0.17242606550948703,0.7095500114312688,0.0019098932538484925,-0.0001884142248026323,795,0,1900.42
2026-08-18 01:52:04,okx,ETH,ETH-USD-260820-1920-C,2026-08-20,1920,call,0.005371310038403,0.005,0.0055,0.30291933147859296,0.3385665689341456,14.77737736756126,0.00028929186560271,-0.0019424399389849892,2305,2307,1900.42
2026-08-18 01:52:04,okx,ETH,ETH-USD-270625-1200-C,2027-06-25,1200,call,0.4334870608672623,0.4285,0.439,0.6141177591117238,0.44066196065832924,-0.5166260409043636,0.0019098932538484925,-0.0001884142248026323,440,0,1900.42
2026-08-18 01:52:04,okx,ETH,ETH-USD-270625-1300-P,2027-06-25,1300,put,0.0597346968688455,0.0585,0.06,0.6028901001225673,-0.21517170618023126,0.8591546098820271,0.00220459322771701,-0.00021351065756810615,4548,0,1900.42
2026-08-18 01:52:04,okx,ETH,ETH-USD-270625-1300-C,2027-06-25,1300,call,0.3955443612482015,0.3905,0.4005,0.6028901001225673,0.4490069888349031,-0.4692027801482417,0.00220459322771701,-0.00021351065756810615,20,0,1900.42
2026-08-18 01:52:04,okx,ETH,ETH-USD-260818-1920-C,2026-08-18,1920,call,0.0001775941299274,0.0002,0.0003,0.24172522818271466,0.06793834411969975,20.423898927774896,0.000034791551818391396,-0.0004204982210934621,11482,12526,1900.42
2026-08-18 01:52:04,okx,ETH,ETH-USD-270625-1000-P,2027-06-25,1000,put,0.0266972928107878,0.0265,0.028,0.6437409143971398,-0.1034939258853634,0.4494481043119554,0.0013309932857746387,-0.00013763849456852945,761,2,1900.42
2026-08-18 01:52:04,okx,ETH,ETH-USD-260818-1920-P,2026-08-18,1920,put,0.0101176167663897,0.0085,0.011,0.24172522818271466,-0.9416482935168856,22.443072203048068,0.000034791551818391396,-0.000420419538925064,800,800,1900.42
2026-08-18 01:52:04,okx,ETH,ETH-USD-270625-1000-C,2027-06-25,1000,call,0.5157816500256771,0.5105,0.522,0.6437409143971398,0.40741276258781683,-0.5723652726344052,0.0013309932857746387,-0.00013763849456852945,6,0,1900.42
2026-08-18 01:52:04,okx,ETH,ETH-USD-270625-1100-P,2027-06-25,1100,put,0.0356300788834964,0.035,0.0365,0.6275648787633528,-0.1351761900422517,0.5721855901565467,0.001615287573773056,-0.0001628401220887357,12002,2,1900.42
2026-08-18 01:52:04,okx,ETH,ETH-USD-270625-1100-C,2027-06-25,1100,call,0.4736228718198746,0.468,0.4795,0.6275648787633528,0.4268211672782466,-0.5518091244844499,0.001615287573773056,-0.0001628401220887357,0,0,1900.42
2026-08-18 01:52:04,okx,ETH,ETH-USD-260821-1650-C,2026-08-21,1650,call,0.1320386719570102,0.12,0.1805,0.6047636678392375,0.861612085422996,-1.424098871485284,0.000016134906499336266,-0.00014562115349553705,0,0,1900.42
2026-08-18 01:52:04,okx,ETH,ETH-USD-270625-1600-P,2027-06-25,1600,put,0.113372068906945,0.111,0.1135,0.5790287359904285,-0.37304971205844933,1.3523474099836268,0.0029934680355459178,-0.00027843747010113085,10730,112,1900.42
2026-08-18 01:52:04,okx,ETH,ETH-USD-260821-1600-P,2026-08-21,1600,put,0.0000570727445333,0.0001,0.0003,0.6697595943481954,-0.0029555409576673933,0.1461713513595714,0.000008378788480095283,-0.0000861867692205373,4318,0,1900.42
2026-08-18 01:52:04,okx,ETH,ETH-USD-270625-1600-C,2027-06-25,1600,call,0.2959070404507677,0.29,0.3,0.5790287359904285,0.44440098949863904,-0.28255399313054974,0.0029934680355459178,-0.00027843747010113085,20,0,1900.42
2026-08-18 01:52:04,okx,ETH,ETH-USD-260821-1700-C,2026-08-21,1700,call,0.1058384115151932,0.0945,0.1545,0.5315590302804971,0.8817375990900957,-1.1367330519033403,0.000029714471849475738,-0.00023918417478673937,0,0,1900.42
2026-08-18 01:52:04,okx,ETH,ETH-USD-270625-1700-P,2027-06-25,1700,put,0.1360928164418748,0.1335,0.136,0.5735289666822422,-0.4338196572073118,1.5218727727812889,0.0031997224392787764,-0.0002947953310201453,4739,0,1900.42
2026-08-18 01:52:04,okx,ETH,ETH-USD-260821-1650-P,2026-08-21,1650,put,0.0001142307110094,0.0001,0.0003,0.6047636678392375,-0.0061454042733028345,0.3114161079073139,0.000016134906499336266,-0.0001498618793485819,3789,25,1900.42
2026-08-18 01:52:04,okx,ETH,ETH-USD-270625-1700-C,2027-06-25,1700,call,0.2675362237071866,0.262,0.2715,0.5735289666822422,0.4347217131970946,-0.21520996802752396,0.0031997224392787764,-0.0002947953310201453,1270,0,1900.42
2026-08-18 01:52:04,okx,ETH,ETH-USD-260821-1550-C,2026-08-21,1550,call,0.184553572159599,0.097,0.258,0.7232030013609044,0.8138976756555479,-1.5675742474237466,0.000003884512706600781,-0.00003721724129384463,0,0,1900.42
2026-08-18 01:52:04,okx,ETH,ETH-USD-270625-1400-P,2027-06-25,1400,put,0.0752034237033884,0.073,0.0755,0.5934917599563846,-0.26315447022632904,1.0181602910740544,0.002489274331285395,-0.00023732330677377138,1600,0,1900.42
2026-08-18 01:52:04,okx,ETH,ETH-USD-270625-1400-C,2027-06-25,1400,call,0.3599215238042334,0.355,0.3645,0.5934917599563846,0.4521148936361232,-0.4123784366508503,0.002489274331285395,-0.00023732330677377138,40,0,1900.42
2026-08-18 01:52:04,okx,ETH,ETH-USD-260820-1920-P,2026-08-20,1920,put,0.015398180302709,0.0145,0.016,0.30291933147859296,-0.6712551940489663,16.79702089352748,0.00028929186560271,-0.0019421224046333192,128,128,1900.42
2026-08-18 01:52:04,okx,ETH,ETH-USD-260821-1600-C,2026-08-21,1600,call,0.1582836681274926,0.1495,0.2045,0.6697595943481954,0.838506267232683,-1.5367522650211294,0.000008378788480095283,-0.00008110213210699819,0,0,1900.42
2026-08-18 01:52:04,okx,ETH,ETH-USD-270625-1500-P,2027-06-25,1500,put,0.0930717037109983,0.09,0.093,0.5856183828779719,-0.31595842386602746,1.1835442346202567,0.00275476603427286,-0.0002591506826523817,946,0,1900.42
2026-08-18 01:52:04,okx,ETH,ETH-USD-260821-1550-P,2026-08-21,1550,put,0.000024822639681,0.0001,0.0002,0.7232030013609044,-0.0012684510288539785,0.0627580059450573,0.000003884512706600781,-0.000043145789667878,3617,0,1900.42
2026-08-18 01:52:04,okx,ETH,ETH-USD-270625-1500-C,2027-06-25,1500,call,0.3266982395333322,0.321,0.331,0.5856183828779719,0.45040160884374286,-0.3491758307992839,0.00275476603427286,-0.0002591506826523817,60,0,1900.42
2026-08-18 01:52:04,okx,ETH,ETH-USD-260821-1850-C,2026-08-21,1850,call,0.0302676954659775,0.03,0.032,0.34083981612702297,0.775963248316201,6.9721696946836085,0.00025913512166716085,-0.0013555424208076833,8160,0,1900.42
2026-08-18 01:52:04,okx,ETH,ETH-USD-270625-2000-P,2027-06-25,2000,put,0.2181140895406802,0.2105,0.225,0.5621265307553588,-0.6318255197167515,2.0141435588268743,0.0035975318692380237,-0.00032485658138683835,0,0,1900.42
2026-08-18 01:52:04,okx,ETH,ETH-USD-260821-1800-P,2026-08-21,1800,put,0.0011014970486038,0.001,0.0011,0.3900616324215628,-0.06736479133186372,3.628997559010759,0.00012156737987299575,-0.0007282475686623171,15181,2388,1900.42
2026-08-18 01:52:04,okx,ETH,ETH-USD-270625-2000-C,2027-06-25,2000,call,0.1962828039704586,0.1925,0.197,0.5621265307553588,0.389987857229609,-0.029483195065846863,0.0035975318692380237,-0.00032485658138683835,3486,1,1900.42
2026-08-18 01:52:04,okx,ETH,ETH-USD-260821-1900-C,2026-08-21,1900,call,0.0121287659693635,0.012,0.0125,0.31603890008500246,0.5024825775129519,12.350608013208326,0.0003764702713538375,-0.0018269532020554267,9120,681,1900.42
2026-08-18 01:52:04,okx,ETH,ETH-USD-270625-2100-P,2027-06-25,2100,put,0.2497189433265452,0.2415,0.2575,0.5596616373859842,-0.7010557347407733,2.168284936864934,0.0036565948725846924,-0.0003287420971207755,0,0,1900.42
2026-08-18 01:52:04,okx,ETH,ETH-USD-260821-1850-P,2026-08-21,1850,put,0.0035518707678109,0.0034,0.0035,0.34083981612702297,-0.1969769674038916,8.918050126123795,0.00025913512166716085,-0.0013564075016187513,17131,3618,1900.42
2026-08-18 01:52:04,okx,ETH,ETH-USD-270625-2100-C,2027-06-25,2100,call,0.1767960934778126,0.1735,0.179,0.5596616373859842,0.37184831105290506,0.022476845277577144,0.0036565948725846924,-0.0003287420971207755,673,0,1900.42
2026-08-18 01:52:04,okx,ETH,ETH-USD-260821-1750-C,2026-08-21,1750,call,0.0797584728002682,0.006,0.195,0.4568664416216334,0.8939019684869137,-0.38741470068506106,0.00005706445019886408,-0.0003978427481512128,0,0,1900.42
2026-08-18 01:52:04,okx,ETH,ETH-USD-270625-1800-P,2027-06-25,1800,put,0.1611831705604346,0.158,0.1615,0.5689614072074208,-0.49762631484984593,1.6898205047141508,0.003369936368675164,-0.00030800477276898364,2549,0,1900.42
2026-08-18 01:52:04,okx,ETH,ETH-USD-260821-1700-P,2026-08-21,1700,put,0.0002161244061509,0.0002,0.0003,0.5315590302804971,-0.012315572112151518,0.6513732905011543,0.000029714471849475738,-0.00024258098937928997,6364,316,1900.42
2026-08-18 01:52:04,okx,ETH,ETH-USD-270625-1800-C,2027-06-25,1800,call,0.2415350135472352,0.235,0.245,0.5689614072074208,0.42200572440187845,-0.14944357378929787,0.003369936368675164,-0.00030800477276898364,1984,5,1900.42
2026-08-18 01:52:04,okx,ETH,ETH-USD-260821-1800-C,2026-08-21,1800,call,0.054119475883729,0.053,0.0565,0.3900616324215628,0.8792797428822805,1.7357084905824705,0.00012156737987299575,-0.0007265385765907551,1776,15,1900.42
2026-08-18 01:52:04,okx,ETH,ETH-USD-270625-1900-P,2027-06-25,1900,put,0.1885598273215276,0.185,0.1895,0.5651964479567766,-0.5638306986271625,1.8543595230818057,0.0035024961201818865,-0.0003180021258760606,1732,0,1900.42
2026-08-18 01:52:04,okx,ETH,ETH-USD-260821-1750-P,2026-08-21,1750,put,0.0004383398281844,0.0004,0.0005,0.4568664416216334,-0.02644688422128214,1.4532830047313303,0.00005706445019886408,-0.0004003956514832691,5697,1538,1900.42
2026-08-18 01:52:04,okx,ETH,ETH-USD-270625-1900-C,2027-06-25,1900,call,0.2178201060298171,0.213,0.222,0.5651964479567766,0.40689200947188003,-0.08708589311627936,0.0035024961201818865,-0.0003180021258760606,1018,0,1900.42
2026-08-18 01:52:04,okx,ETH,ETH-USD-260821-2050-C,2026-08-21,2050,call,0.0003137659856686,0.0004,0.0005,0.39546318259316604,0.022531429148239437,1.4056581935518735,0.00005117025542845852,-0.00031078428690946085,7971,5892,1900.42
2026-08-18 01:52:04,okx,ETH,ETH-USD-270625-2600-P,2027-06-25,2600,put,0.4334996132074129,0.414,0.5325,0.5540407193006219,-1.0510734318350756,2.8477735745959274,0.0035227947538323348,-0.0003135320643660347,0,0,1900.42
2026-08-18 01:52:04,okx,ETH,ETH-USD-260821-2000-P,2026-08-21,2000,put,0.0531395015492404,0.051,0.054,0.3525422571932822,-0.9865127206326441,5.838677251172554,0.00012155183753629827,-0.0006564487014289114,1003,1,1900.42
2026-08-18 01:52:04,okx,ETH,ETH-USD-270625-2600-C,2027-06-25,2600,call,0.105118941966125,0.1045,0.107,0.5540407193006219,0.2772839581951931,0.19105879453539032,0.0035227947538323348,-0.0003135320643660347,960,0,1900.42
2026-08-18 01:52:04,okx,ETH,ETH-USD-260820-1940-P,2026-08-20,1940,put,0.0232395442032233,0.02,0.024,0.3054485438561247,-0.8196921013632167,13.415443477980778,0.00022227571735432145,-0.0015043159920589127,0,0,1900.42
2026-08-18 01:52:04,okx,ETH,ETH-USD-260821-2100-C,2026-08-21,2100,call,0.0001153149633795,0.0002,0.0003,0.4372855734192749,0.008381158164001885,0.5428276670289378,0.00002182542433755091,-0.00014657719029857302,3488,89,1900.42
2026-08-18 01:52:04,okx,ETH,ETH-USD-270625-2800-P,2027-06-25,2800,put,0.5164125534995009,0.4945,0.5845,0.5540199563556272,-1.1878872126782782,3.082344725631811,0.003338143376893482,-0.00029708678331711604,0,0,1900.42
2026-08-18 01:52:04,okx,ETH,ETH-USD-260821-2050-P,2026-08-21,2050,put,0.0788065578353362,0.077,0.0805,0.39546318259316604,-1.055591512595647,3.5619040770396464,0.00005117025542845852,-0.0003082737226785516,1001,0,1900.42
2026-08-18 01:52:04,okx,ETH,ETH-USD-270625-2800-C,2027-06-25,2800,call,0.0858487537011907,0.086,0.0875,0.5540199563556272,0.2426515150466264,0.22126727018200212,0.003338143376893482,-0.00029708678331711604,1190,0,1900.42
2026-08-18 01:52:04,okx,ETH,ETH-USD-260819-1940-P,2026-08-19,1940,put,0.0217361931197547,0.0145,0.024,0.2849598295852101,-0.9101394615778697,13.17630976545318,0.00011131181515852071,-0.001262502937780552,0,0,1900.42
2026-08-18 01:52:04,okx,ETH,ETH-USD-260821-1950-C,2026-08-21,1950,call,0.0034391396750752,0.0035,0.0036,0.321054876731171,0.2026863494959502,8.996136570198804,0.0002692182296968942,-0.0013273847818159798,23376,2049,1900.42
2026-08-18 01:52:04,okx,ETH,ETH-USD-270625-2200-P,2027-06-25,2200,put,0.283235605436513,0.274,0.291,0.5577258522427899,-0.7710312850572473,2.3163004211704434,0.003682301747811791,-0.00032990818194611086,0,0,1900.42
2026-08-18 01:52:04,okx,ETH,ETH-USD-260820-1940-C,2026-08-20,1940,call,0.0026923146853473,0.0029,0.003,0.3054485438561247,0.20064863831763607,11.374761998619073,0.00022227571735432145,-0.001504971113511419,469,469,1900.42
2026-08-18 01:52:04,okx,ETH,ETH-USD-260821-1900-P,2026-08-21,1900,put,0.0117150954081555,0.0115,0.012,0.31603890008500246,-0.4967533197130892,14.349079807660408,0.0003764702713538375,-0.0018269743716060004,11164,545,1900.42
2026-08-18 01:52:04,okx,ETH,ETH-USD-270625-2200-C,2027-06-25,2200,call,0.1592211913092693,0.1565,0.1615,0.5577258522427899,0.3529634295837494,0.06831099188844979,0.003682301747811791,-0.00032990818194611086,5710,0,1900.42
2026-08-18 01:52:04,okx,ETH,ETH-USD-260821-2000-C,2026-08-21,2000,call,0.0009488638365314,0.0011,0.0012,0.3525422571932822,0.0653145396052939,3.735022730696678,0.00012155183753629827,-0.0006581153543993263,46449,8037,1900.42
2026-08-18 01:52:04,okx,ETH,ETH-USD-270625-2400-P,2027-06-25,2400,put,0.3554176514519083,0.3415,0.366,0.5551764170831558,-0.9116154151843059,2.5936490916769808,0.0036473864222684627,-0.0003252862631901095,0,0,1900.42
2026-08-18 01:52:04,okx,ETH,ETH-USD-260819-1940-C,2026-08-19,1940,call,0.0008796628208459,0.0011,0.0012,0.2849598295852101,0.1105420105761102,11.13494682114522,0.00011131181515852071,-0.0012631679644992688,3376,4956,1900.42
2026-08-18 01:52:04,okx,ETH,ETH-USD-260821-1950-P,2026-08-21,1950,put,0.0293276232508257,0.0275,0.0305,0.321054876731171,-0.8228452292360393,11.047199727662782,0.0002692182296968942,-0.0013265620401060592,5228,0,1900.42
2026-08-18 01:52:04,okx,ETH,ETH-USD-270625-2400-C,2027-06-25,2400,call,0.1292201087676424,0.1275,0.131,0.5551764170831558,0.3145606371513267,0.14129698700571533,0.0036473864222684627,-0.0003252862631901095,6170,0,1900.42
2026-08-18 01:52:04,okx,ETH,ETH-USD-260821-2250-C,2026-08-21,2250,call,0.0000037220636825,,0.0001,0.5161170576864934,0.00029714472363329863,0.02215732186618447,0.0000010473407149164551,-0.000008301938403724898,969,0,1900.42
2026-08-18 01:52:04,okx,ETH,ETH-USD-270625-3500-P,2027-06-25,3500,put,0.8324431384720291,0.809,0.8565,0.5598888477018836,-1.6390566474474362,3.808628985480081,0.0025329361895681524,-0.0002278132619947106,0,0,1900.42
2026-08-18 01:52:04,okx,ETH,ETH-USD-260821-2200-P,2026-08-21,2200,put,0.1574125610194117,0.1365,0.304,0.4976980925711827,-1.1559933934985187,2.3855814734291974,0.000003266931662245487,-0.000019929403903111882,2,0,1900.42
2026-08-18 01:52:04,okx,ETH,ETH-USD-260925-1500-C,2026-09-25,1500,call,0.2193047209785275,0.218,0.222,0.545185813179308,0.7065293822036922,-0.6176742124218622,0.00045448855639876996,-0.0003238496108870727,311,0,1900.42
2026-08-18 01:52:04,okx,ETH,ETH-USD-270625-3500-C,2027-06-25,3500,call,0.0442383887241412,0.0445,0.046,0.5598888477018836,0.1491167622086948,0.23228216616781905,0.0025329361895681524,-0.0002278132619947106,7088,1,1900.42
2026-08-18 01:52:04,okx,ETH,ETH-USD-260821-2300-C,2026-08-21,2300,call,0.0000008950108928,,0.0001,0.5288158733595805,0.00007524024286873714,0.00598224598703594,0.0000002892582086323884,-0.0000023492781164150948,140,0,1900.42
2026-08-18 01:52:04,okx,ETH,ETH-USD-260925-1500-P,2026-09-25,1500,put,0.0062651381325217,0.0065,0.007,0.545185813179308,-0.08047857712464014,0.9563417062348025,0.00045448855639876996,-0.0003238496108870727,30469,16702,1900.42
2026-08-18 01:52:04,okx,ETH,ETH-USD-270625-4000-P,2027-06-25,4000,put,1.0727047374637941,1.0445,1.105,0.567585411674675,-1.9373436785668159,4.289614689355058,0.0020082948158360882,-0.0001831098168732595,0,0,1900.42
2026-08-18 01:52:04,okx,ETH,ETH-USD-260821-2250-P,2026-08-21,2250,put,0.1837051304611843,0.0405,0.333,0.5161170576864934,-1.1830085230440468,2.3887686574015454,0.0000010473407149164551,-0.000002415729130838657,0,0,1900.42
2026-08-18 01:52:04,okx,ETH,ETH-USD-270625-4000-C,2027-06-25,4000,call,0.0290421663233513,0.0295,0.0305,0.567585411674675,0.10628307532590506,0.20236118156961533,0.0020082948158360882,-0.0001831098168732595,2611,0,1900.42
2026-08-18 01:52:04,okx,ETH,ETH-USD-260821-2150-C,2026-08-21,2150,call,0.0000413082531937,,0.0003,0.471791153722608,0.003056501976617434,0.2052407530325475,0.00000889380043128244,-0.00006444329949625017,3239,0,1900.42
2026-08-18 01:52:04,okx,ETH,ETH-USD-260925-1700-C,2026-09-25,1700,call,0.1277746650349533,0.127,0.131,0.4803435642109937,0.6641431255115421,0.5149919181321287,0.0009279917396649745,-0.0005826019952433696,7650,40,1900.42
2026-08-18 01:52:04,okx,ETH,ETH-USD-270625-3000-P,2027-06-25,3000,put,0.6032193068407861,0.5795,0.6635,0.554887744995395,-1.3212922985304563,3.30168016578941,0.0031187296128227064,-0.00027799423768787567,0,0,1900.42
2026-08-18 01:52:04,okx,ETH,ETH-USD-260821-2100-P,2026-08-21,2100,put,0.1049102609500057,0.0055,0.2435,0.4372855734192749,-1.096037465085833,2.7516649135286078,0.00002182542433755091,-0.00014322271480716954,2,0,1900.42
2026-08-18 01:52:04,okx,ETH,ETH-USD-260925-1700-P,2026-09-25,1700,put,0.0196631378094801,0.0195,0.02,0.4803435642109937,-0.22779922839390115,2.2988766259430156,0.0009279917396649745,-0.0005826019952433696,15857,3568,1900.42
2026-08-18 01:52:04,okx,ETH,ETH-USD-270625-3000-C,2027-06-25,3000,call,0.0704723784854537,0.071,0.072,0.554887744995395,0.2114277668890845,0.2362400349503283,0.0031187296128227064,-0.00027799423768787567,1408,0,1900.42
2026-08-18 01:52:04,okx,ETH,ETH-USD-260821-2200-C,2026-08-21,2200,call,0.0000133067588685,,0.0002,0.4976980925711827,0.001016592763213059,0.07156150090573399,0.000003266931662245487,-0.000024971701915503865,2617,0,1900.42
2026-08-18 01:52:04,okx,ETH,ETH-USD-270625-3200-P,2027-06-25,3200,put,0.6931309707932873,0.6665,0.728,0.5564693313474616,-1.4510447767538857,3.509871663110693,0.002884120126709341,-0.00025781460487665385,0,0,1900.42
2026-08-18 01:52:04,okx,ETH,ETH-USD-260821-2150-P,2026-08-21,2150,put,0.1311384083767785,0.0055,0.274,0.471791153722608,-1.1276578027791657,2.466669362544114,0.00000889380043128244,-0.000060244912744352445,1,0,1900.42
2026-08-18 01:52:04,okx,ETH,ETH-USD-270625-3200-C,2027-06-25,3200,call,0.0582009138809328,0.0585,0.06,0.5564693313474616,0.1838566263602912,0.24006885688233903,0.002884120126709341,-0.00025781460487665385,839,2,1900.42
2026-08-18 01:52:04,okx,ETH,ETH-USD-270625-5500-P,2027-06-25,5500,put,1.8207506602458094,,,0.5980322418559105,-2.7653148206253744,5.73318119100081,0.0010329620544849683,-0.00009923432126832339,0,0,1900.42
2026-08-18 01:52:04,okx,ETH,ETH-USD-270625-5500-C,2027-06-25,5500,call,0.0107146249277004,0.0095,0.0115,0.5980322418559105,0.044671965977116826,0.11320761779582648,0.0010329620544849683,-0.00009923432126832339,2030,0,1900.42
2026-08-18 01:52:04,okx,ETH,ETH-USD-260821-2350-C,2026-08-21,2350,call,0.0000001853826206,,0.0002,0.5374304027250956,0.000016472359112694464,0.001400521533653229,0.00000006871274813793902,-0.000000567158666258677,720,0,1900.42
2026-08-18 01:52:04,okx,ETH,ETH-USD-270625-4500-P,2027-06-25,4500,put,1.3190840323117228,1.1825,1.561,0.5769022816009918,-2.2216128915308486,4.766437902196702,0.0015900621223700355,-0.00014735649582271542,0,0,1900.42
2026-08-18 01:52:04,okx,ETH,ETH-USD-260821-2300-P,2026-08-21,2300,put,0.210004457545353,0.064,0.362,0.5288158733595805,-1.20952610903076,2.4251849445342932,0.0000002892582086323884,0.0000043808424169653975,0,0,1900.42
2026-08-18 01:52:04,okx,ETH,ETH-USD-270625-4500-C,2027-06-25,4500,call,0.0199636397787243,0.02,0.0215,0.5769022816009918,0.07746720659846225,0.16827770593807925,0.0015900621223700355,-0.00014735649582271542,1405,0,1900.42
2026-08-18 01:52:04,okx,ETH,ETH-USD-270625-5000-P,2027-06-25,5000,put,1.5689148550813048,1.434,1.8025,0.5871879843722008,-2.4965206310258545,5.247017535770792,0.00127172879829267,-0.0001199567256302533,0,0,1900.42
2026-08-18 01:52:04,okx,ETH,ETH-USD-260821-2350-P,2026-08-21,2350,put,0.2363059020540395,0.0875,0.391,0.5374304027250956,-1.2358805584204644,2.4731945830928077,0.00000006871274813793902,0.0000070068731276160795,0,0,1900.42
2026-08-18 01:52:04,okx,ETH,ETH-USD-270625-5000-C,2027-06-25,5000,call,0.0143366411557511,0.014,0.0155,0.5871879843722008,0.058012811340046495,0.13795065103899007,0.00127172879829267,-0.0001199567256302533,1660,0,1900.42
2026-08-18 01:52:04,okx,ETH,ETH-USD-260818-1725-P,2026-08-18,1725,put,0.0000000000000001,,0.0002,0.45091245213392145,-0.00000000000000013932559123740386,0.00000000000009708347091194182,0.0000000000000000003055784051663473,-0.0000000000000000068894537801785334,2571,0,1900.42
2026-08-18 01:52:04,okx,ETH,ETH-USD-260818-1725-C,2026-08-18,1725,call,0.0926311782822249,0.021,,0.45091245213392145,0.9070504947516195,-1.8141009895031421,0.0000000000000000003055784051663473,0.0000007621622524374239,0,0,1900.42
2026-08-18 01:52:04,okx,ETH,ETH-USD-261225-1700-C,2026-12-25,1700,call,0.1837839908580603,0.1825,0.1855,0.5291672180866621,0.5228942970361555,0.046927397410096466,0.0020476535007087258,-0.00041915079864832604,5062,0,1900.42
2026-08-18 01:52:04,okx,ETH,ETH-USD-261225-1700-P,2026-12-25,1700,put,0.0692427547883358,0.069,0.07,0.5291672180866621,-0.36253348836545557,1.8177829682133189,0.0020476535007087258,-0.00041915079864832604,4606,100,1900.42
2026-08-18 01:52:04,okx,ETH,ETH-USD-261030-1100-P,2026-10-30,1100,put,0.0041814856471661,0.0035,0.0036,0.7168368846926911,-0.03409108071359137,0.27939304857254726,0.0003038674214070746,-0.00014850165742767176,1741,0,1900.42
2026-08-18 01:52:04,okx,ETH,ETH-USD-261030-1100-C,2026-10-30,1100,call,0.4273405875423176,0.426,0.4295,0.7168368846926911,0.5397137724621955,-0.8682166577790266,0.0003038674214070746,-0.00013111032172562272,0,0,1900.42
2026-08-18 01:52:04,okx,ETH,ETH-USD-261030-1200-P,2026-10-30,1200,put,0.0058922339339936,0.005,0.0055,0.6643233058570488,-0.049149724810229264,0.4065920922359935,0.00041104573383850664,-0.0001861375755778411,2309,0,1900.42
2026-08-18 01:52:04,okx,ETH,ETH-USD-261030-1200-C,2026-10-30,1200,call,0.3768845242739005,0.3755,0.379,0.6643233058570488,0.5768192059269929,-0.8453457692384505,0.00041104573383850664,-0.00017088996906920826,0,0,1900.42
2026-08-18 01:52:04,okx,ETH,ETH-USD-261030-1450-P,2026-10-30,1450,put,0.0153039611648121,0.0145,0.015,0.5655883808778641,-0.12682939376751215,1.0024191519975514,0.0008499449972573027,-0.00032748164295933943,1914,1,1900.42
2026-08-18 01:52:04,okx,ETH,ETH-USD-261030-1450-C,2026-10-30,1450,call,0.2558792226166076,0.2445,0.2685,0.5655883808778641,0.6295497308732978,-0.5103390972840685,0.0008499449972573027,-0.0003175933594342471,0,0,1900.42
2026-08-18 01:52:04,okx,ETH,ETH-USD-261030-1500-P,2026-10-30,1500,put,0.0187099328994845,0.018,0.0185,0.5510430807310034,-0.15291220392504545,1.1808655090708633,0.0009677462609951143,-0.00036320980210121544,7645,1125,1900.42
2026-08-18 01:52:04,okx,ETH,ETH-USD-261030-1500-C,2026-10-30,1500,call,0.2332017885736578,0.2295,0.245,0.5510430807310034,0.629548959496482,-0.38405681777219186,0.0009677462609951143,-0.0003543933831728312,0,0,1900.42
2026-08-18 01:52:04,okx,ETH,ETH-USD-261030-1300-P,2026-10-30,1300,put,0.0085064290376318,0.0075,0.008,0.6194002325431616,-0.07162645438850583,0.5895332297020418,0.0005547874098401981,-0.00023419582971427122,7887,227,1900.42
2026-08-18 01:52:04,okx,ETH,ETH-USD-261030-1300-C,2026-10-30,1300,call,0.3273319078222941,0.2905,0.353,0.6194002325431616,0.6065065539101513,-0.7667327868952727,0.0005547874098401981,-0.00022109195239905456,0,0,1900.42
2026-08-18 01:52:04,okx,ETH,ETH-USD-261030-1400-P,2026-10-30,1400,put,0.0125389340007099,0.012,0.0125,0.581786999540918,-0.10491230990851802,0.8444616595182749,0.0007410319340485578,-0.000293743781283837,3289,0,1900.42
2026-08-18 01:52:04,okx,ETH,ETH-USD-261030-1400-C,2026-10-30,1400,call,0.2791976012301277,0.273,0.2915,0.581786999540918,0.6253847759515745,-0.61613251220191,0.0007410319340485578,-0.0002827836331620366,0,0,1900.42
2026-08-18 01:52:04,okx,ETH,ETH-USD-261030-1650-P,2026-10-30,1650,put,0.0339983562392649,0.0335,0.034,0.5166128237714114,-0.2597132839875426,1.8158516810065732,0.0013441883080492012,-0.0004725765086472967,4149,0,1900.42
2026-08-18 01:52:04,okx,ETH,ETH-USD-261030-1650-C,2026-10-30,1650,call,0.1702399945805712,0.1695,0.1745,0.5166128237714114,0.6009939957761378,0.09443712147921256,0.0013441883080492012,-0.0004669756835090368,990,0,1900.42
2026-08-18 01:52:04,okx,ETH,ETH-USD-261030-1700-P,2026-10-30,1700,put,0.0412011405482617,0.0405,0.041,0.5079556174092303,-0.3052520976149784,2.0450651298885933,0.0014624878394691354,-0.0005053523938432272,2956,0,1900.42
2026-08-18 01:52:04,okx,ETH,ETH-USD-261030-1700-C,2026-10-30,1700,call,0.1513593731119456,0.1505,0.153,0.5079556174092303,0.5815372209294196,0.27148649279979753,0.0014624878394691354,-0.0005008234333016753,100,0,1900.42
2026-08-18 01:52:04,okx,ETH,ETH-USD-261030-1550-P,2026-10-30,1550,put,0.0228766947431784,0.022,0.0225,0.5380811021336807,-0.183578856726844,1.3782756118616788,0.001091935620895552,-0.00040008693519691716,5702,0,1900.42
2026-08-18 01:52:04,okx,ETH,ETH-USD-261030-1550-C,2026-10-30,1550,call,0.2112851446397293,0.2045,0.2235,0.5380811021336807,0.6249643454754013,-0.23881079254281168,0.001091935620895552,-0.00039234238086524104,0,0,1900.42
2026-08-18 01:52:04,okx,ETH,ETH-USD-261030-1600-P,2026-10-30,1600,put,0.0279304932822659,0.027,0.028,0.5266293512173532,-0.21913295938291452,1.5915246828957552,0.0012189315555373177,-0.00043699258150292956,28450,740,1900.42
2026-08-18 01:52:04,okx,ETH,ETH-USD-261030-1600-C,2026-10-30,1600,call,0.1902555374011944,0.1875,0.1935,0.5266293512173532,0.6154922816000483,-0.07772579907017059,0.0012189315555373177,-0.0004303198917679615,1340,0,1900.42
2026-08-18 01:52:04,okx,ETH,ETH-USD-261030-1850-P,2026-10-30,1850,put,0.0705775241716424,0.07,0.071,0.48938437527452594,-0.46751383247777,2.6897140582168966,0.0017234437116031857,-0.0005727732015381229,4699,0,1900.42
2026-08-18 01:52:04,okx,ETH,ETH-USD-261030-1850-C,2026-10-30,1850,call,0.1024855394024596,0.1015,0.103,0.48938437527452594,0.4975216024087806,0.7596431884437952,0.0017234437116031857,-0.0005714598347866954,2112,2402,1900.42
2026-08-18 01:52:04,okx,ETH,ETH-USD-261030-1900-P,2026-10-30,1900,put,0.0831500732738495,0.0825,0.0835,0.4854144627881626,-0.5277665867043788,2.8677273512432833,0.0017654886855379194,-0.0005815168940397847,4152,0,1900.42
2026-08-18 01:52:04,okx,ETH,ETH-USD-261030-1900-C,2026-10-30,1900,call,0.0889746827270445,0.0885,0.0895,0.4854144627881626,0.46335088696288945,0.885492403908747,0.0017654886855379194,-0.0005812753918850653,4926,0,1900.42
2026-08-18 01:52:04,okx,ETH,ETH-USD-261030-1750-P,2026-10-30,1750,put,0.0496459053793462,0.049,0.0495,0.5005817853236971,-0.3554510911543717,2.2720054113097987,0.001568390347824731,-0.0005338282539973279,2138,0,1900.42
2026-08-18 01:52:04,okx,ETH,ETH-USD-261030-1750-C,2026-10-30,1750,call,0.133720732165408,0.133,0.135,0.5005817853236971,0.5574202661707439,0.44626269665956736,0.001568390347824731,-0.0005303711580524842,350,0,1900.42
2026-08-18 01:52:04,okx,ETH,ETH-USD-261030-1800-P,2026-10-30,1800,put,0.059418522169412,0.0585,0.0595,0.49441604755790647,-0.40978187839350194,2.4892156124095575,0.0016567843323853607,-0.0005566557257745527,713,0,1900.42
2026-08-18 01:52:04,okx,ETH,ETH-USD-261030-1800-C,2026-10-30,1800,call,0.1174099431778515,0.1165,0.1185,0.49441604755790647,0.5291715177123313,0.6113088201978912,0.0016567843323853607,-0.0005542704944264172,100,0,1900.42
2026-08-18 01:52:04,okx,ETH,ETH-USD-261030-2050-P,2026-10-30,2050,put,0.1290553862263091,0.1285,0.13,0.4786976541303883,-0.7141739959744301,3.238865204180549,0.0017394480115980738,-0.0005630286417580992,2269,864,1900.42
2026-08-18 01:52:04,okx,ETH,ETH-USD-261030-2050-C,2026-10-30,2050,call,0.0566297783466372,0.0565,0.057,0.4786976541303883,0.35518959403499095,1.1001380241617067,0.0017394480115980738,-0.000566002733393504,1339,80,1900.42
2026-08-18 01:52:04,okx,ETH,ETH-USD-261030-2100-P,2026-10-30,2100,put,0.1468303090687728,0.146,0.148,0.47766689121359035,-0.7753930182406928,3.3091705143693533,0.0016857240279592933,-0.0005435590736922396,2140,0,1900.42
2026-08-18 01:52:04,okx,ETH,ETH-USD-261030-2100-C,2026-10-30,2100,call,0.0483212954114786,0.048,0.049,0.47766689121359035,0.32005261054944595,1.1182792567890758,0.0016857240279592933,-0.0005476050299243527,5156,30,1900.42
2026-08-18 01:52:04,okx,ETH,ETH-USD-261030-1950-P,2026-10-30,1950,put,0.0971305966596642,0.0965,0.0975,0.482436101217807,-0.5895794318023492,3.019247280634375,0.0017816647458807403,-0.0005826800015334635,630,0,1900.42
2026-08-18 01:52:04,okx,ETH,ETH-USD-261030-1950-C,2026-10-30,1950,call,0.0768718003352367,0.0765,0.0775,0.482436101217807,0.4276200806456368,0.984848255738403,0.0017816647458807403,-0.0005835103639754523,1529,0,1900.42
2026-08-18 01:52:04,okx,ETH,ETH-USD-261030-2000-P,2026-10-30,2000,put,0.1124628138954196,0.112,0.113,0.48027286162504174,-0.6519958783045053,3.142738339132495,0.0017723823706171408,-0.0005763766101869356,736,0,1900.42
2026-08-18 01:52:04,okx,ETH,ETH-USD-261030-2000-C,2026-10-30,2000,call,0.0661206117933698,0.0655,0.0665,0.48027286162504174,0.39128567292419825,1.0561752366750874,0.0017723823706171408,-0.0005782788372256324,1987,0,1900.42
2026-08-18 01:52:04,okx,ETH,ETH-USD-260819-1775-P,2026-08-19,1775,put,0.0000636453719228,0.0001,0.0002,0.47633882269855843,-0.006981320143879986,0.7042471181785385,0.000011310326595233578,-0.00021455224881308931,1706,1349,1900.42
2026-08-18 01:52:04,okx,ETH,ETH-USD-261030-2300-P,2026-10-30,2300,put,0.2278377903671294,0.2165,0.2385,0.47824921195368675,-1.000959866742522,3.3958357219789024,0.0013379453011166914,-0.00042737706689979505,0,0,1900.42
2026-08-18 01:52:04,okx,ETH,ETH-USD-260819-1800-C,2026-08-19,1800,call,0.0529697199544135,0.0405,0.1545,0.43990793289000585,0.9299059774517058,-0.22909971599114884,0.000024675739880588803,-0.0004305888831562048,0,0,1900.42
2026-08-18 01:52:04,okx,ETH,ETH-USD-261030-2300-C,2026-10-30,2300,call,0.024995153599346,0.025,0.026,0.47824921195368675,0.19881391717048696,0.9962881541528846,0.0013379453011166914,-0.0004357104815187405,6583,1810,1900.42
2026-08-18 01:52:04,okx,ETH,ETH-USD-260819-1750-P,2026-08-19,1750,put,0.0000216942432871,,0.0002,0.5031254253640698,-0.0024781781188430744,0.26381983505228696,0.000004480000961660925,-0.00008976294224341079,3483,2571,1900.42
2026-08-18 01:52:04,okx,ETH,ETH-USD-261030-2400-P,2026-10-30,2400,put,0.2728840061801905,0.26,0.29,0.4809080867254638,-1.0990934089160187,3.3747933505593632,0.001135640393108345,-0.000361549768634128,0,0,1900.42
2026-08-18 01:52:04,okx,ETH,ETH-USD-260819-1775-C,2026-08-19,1775,call,0.0660291148430136,0.015,0.1795,0.47633882269855843,0.9268896144299934,-1.1634947509692082,0.000011310326595233578,-0.000212431251896068,0,0,1900.42
2026-08-18 01:52:04,okx,ETH,ETH-USD-261030-2400-C,2026-10-30,2400,call,0.0178745578571626,0.018,0.019,0.4809080867254638,0.15284445255842574,0.8709176276104749,0.001135640393108345,-0.00037202691244648964,4357,0,1900.42
2026-08-18 01:52:04,okx,ETH,ETH-USD-261030-2150-P,2026-10-30,2150,put,0.1656965716849153,0.165,0.167,0.47714187021970783,-0.8350609451105536,3.35636766593127,0.0016147894346206482,-0.0005190786413866025,630,0,1900.42
2026-08-18 01:52:04,okx,ETH,ETH-USD-260819-1750-C,2026-08-19,1750,call,0.0791420121643779,0.0665,0.193,0.5031254253640698,0.9182396447004687,-1.5776158105863365,0.000004480000961660925,-0.00008721982053309583,0,0,1900.42
2026-08-18 01:52:04,okx,ETH,ETH-USD-261030-2150-C,2026-10-30,2150,call,0.0411041522499987,0.041,0.0415,0.47714187021970783,0.28646672246030264,1.1133123307895574,0.0016147894346206482,-0.0005241964622154237,2124,0,1900.42
2026-08-18 01:52:04,okx,ETH,ETH-USD-261030-2200-P,2026-10-30,2200,put,0.1855549233997905,0.1845,0.189,0.47708627074493204,-0.8927279626984923,3.3839513152820615,0.0015305791854425222,-0.0004907799623090191,330,0,1900.42
2026-08-18 01:52:04,okx,ETH,ETH-USD-261030-2200-C,2026-10-30,2200,call,0.0348790981872516,0.035,0.0355,0.47708627074493204,0.25488174365308136,1.0887319025789142,0.0015305791854425222,-0.0004969696477345483,2533,0,1900.42
2026-08-18 01:52:04,okx,ETH,ETH-USD-260819-1860-P,2026-08-19,1860,put,0.001260108898079,0.001,0.0011,0.32839810624265275,-0.130246620294351,11.184795456989933,0.00012340291234913542,-0.0016138431042792627,10108,9478,1900.42
2026-08-18 01:52:04,okx,ETH,ETH-USD-261030-2800-P,2026-10-30,2800,put,0.468656815610062,0.464,0.475,0.5025450385312575,-1.4091050890780765,3.322465009733942,0.0005085955475168664,-0.00015519527378698964,2000,0,1900.42
2026-08-18 01:52:04,okx,ETH,ETH-USD-260819-1870-C,2026-08-19,1870,call,0.0178527428381472,0.017,0.02,0.3118527583374152,0.7971351763886674,12.992622106581,0.0001564744486548626,-0.0019427199161410412,818,400,1900.42
2026-08-18 01:52:04,okx,ETH,ETH-USD-261030-2800-C,2026-10-30,2800,call,0.0049801210660558,0.0055,0.006,0.5025450385312575,0.05148908264210856,0.401276666293572,0.0005085955475168664,-0.0001742473343730161,3714,0,1900.42
2026-08-18 01:52:04,okx,ETH,ETH-USD-260819-1850-P,2026-08-19,1850,put,0.0008647915449227,0.0006,0.0007,0.34662062292910367,-0.09132343290565163,8.20111387605674,0.000095604163127638,-0.0013196786492812626,11961,9997,1900.42
2026-08-18 01:52:04,okx,ETH,ETH-USD-261030-3000-P,2026-10-30,3000,put,0.5708473771136421,0.543,0.787,0.5178340631060004,-1.5340498965732796,3.390938426318596,0.0003355240155947001,-0.0000951324366721612,0,0,1900.42
2026-08-18 01:52:04,okx,ETH,ETH-USD-260819-1860-C,2026-08-19,1860,call,0.02249909363917,0.013,0.0475,0.32839810624265275,0.8483448942450318,9.227612427911167,0.00012340291234913542,-0.0016131573316594398,0,0,1900.42
2026-08-18 01:52:04,okx,ETH,ETH-USD-261030-3000-C,2026-10-30,3000,call,0.0028370594591468,0.0034,0.0036,0.5178340631060004,0.030872430269775552,0.2610937726324859,0.0003355240155947001,-0.00011847195564502009,1509,0,1900.42
2026-08-18 01:52:04,okx,ETH,ETH-USD-260819-1825-P,2026-08-19,1825,put,0.0003657022513214,0.0002,0.0003,0.3949246737432285,-0.039202474325112674,3.7106490486297026,0.000049342409597423974,-0.0007760222090243433,2960,2747,1900.42
2026-08-18 01:52:04,okx,ETH,ETH-USD-261030-2500-P,2026-10-30,2500,put,0.3199923901272734,0.306,0.3385,0.48484569174671666,-1.1875993227358996,3.344820391560469,0.0009435249392451248,-0.00029908997915397106,0,0,1900.42
2026-08-18 01:52:04,okx,ETH,ETH-USD-260819-1850-C,2026-08-19,1850,call,0.0273657156660136,0.026,0.029,0.34662062292910367,0.8820068369319066,6.254453336381623,0.000095604163127638,-0.0013188240267441222,162,0,1900.42
2026-08-18 01:52:04,okx,ETH,ETH-USD-261030-2500-C,2026-10-30,2500,call,0.0128161302490005,0.0135,0.014,0.48484569174671666,0.11650261629997988,0.7366165134887098,0.0009435249392451248,-0.00031171085215974894,5507,1100,1900.42
2026-08-18 01:52:04,okx,ETH,ETH-USD-260819-1800-P,2026-08-19,1800,put,0.0001590989333226,0.0001,0.0002,0.43990793289000585,-0.01711806887672917,1.6649483766657212,0.000024675739880588803,-0.00043228775527993246,2440,3615,1900.42
2026-08-18 01:52:04,okx,ETH,ETH-USD-261030-2600-P,2026-10-30,2600,put,0.3685942127427335,0.365,0.375,0.48987180299822397,-1.2677491654189226,3.321565201055347,0.0007728397137361227,-0.000243259754342284,2000,0,1900.42
2026-08-18 01:52:04,okx,ETH,ETH-USD-260819-1825-C,2026-08-19,1825,call,0.0400214748224123,0.01,0.132,0.3949246737432285,0.9209746837578838,1.7902947324637093,0.000049342409597423974,-0.0007747454616939093,0,0,1900.42
2026-08-18 01:52:04,okx,ETH,ETH-USD-261030-2600-C,2026-10-30,2600,call,0.0092511413092164,0.01,0.0105,0.48987180299822397,0.08851685117839182,0.6090331678607179,0.0007728397137361227,-0.000258024356541478,2373,330,1900.42
2026-08-18 01:52:04,okx,ETH,ETH-USD-260819-1900-P,2026-08-19,1900,put,0.0064048670712906,0.006,0.0065,0.2783974072698818,-0.49517826122013486,25.412965452086627,0.00023387742346064804,-0.002592778506197119,1750,2121,1900.42
2026-08-18 01:52:04,okx,ETH,ETH-USD-260819-1910-C,2026-08-19,1910,call,0.0042007592751178,0.0042,0.0044,0.2741532927414077,0.37845062590675144,22.97363764809895,0.0002237855942360146,-0.0024431344291292972,2272,2320,1900.42
2026-08-18 01:52:04,okx,ETH,ETH-USD-260819-1890-P,2026-08-19,1890,put,0.0042923650726062,0.004,0.0041,0.2863751742555938,-0.37048026428615183,23.144562223347954,0.00022069082004712935,-0.002516761925092091,1050,1649,1900.42
2026-08-18 01:52:04,okx,ETH,ETH-USD-260819-1900-C,2026-08-19,1900,call,0.0065960942923817,0.0065,0.007,0.2783974072698818,0.5044582321265463,23.413692465393268,0.00023387742346064804,-0.0025927681332465658,1422,1559,1900.42
2026-08-18 01:52:04,okx,ETH,ETH-USD-260819-1880-P,2026-08-19,1880,put,0.0028343930342988,0.0024,0.0025,0.2976573746071874,-0.26603477513204116,19.229801726063894,0.0001914417434184428,-0.0022692486663782436,4354,4856,1900.42
2026-08-18 01:52:04,okx,ETH,ETH-USD-261030-3200-P,2026-10-30,3200,put,0.6740658011509295,0.6685,0.6825,0.5349070407680971,-1.6499070777029303,3.510886089937922,0.00022659811926955837,-0.00005503230344059008,100,0,1900.42
2026-08-18 01:52:04,okx,ETH,ETH-USD-260819-1890-C,2026-08-19,1890,call,0.0097455316736974,0.0095,0.01,0.2863751742555938,0.6238949843587047,21.155811726058243,0.00022069082004712935,-0.0025165827022242205,5022,1120,1900.42
2026-08-18 01:52:04,okx,ETH,ETH-USD-261030-3200-C,2026-10-30,3200,call,0.001721860385945,0.0022,0.0024,0.5349070407680971,0.019343404262995387,0.17238512600607103,0.00022659811926955837,-0.00008265928080028139,228,0,1900.42
2026-08-18 01:52:04,okx,ETH,ETH-USD-260819-1870-P,2026-08-19,1870,put,0.0018756974770562,0.0015,0.0016,0.3118527583374152,-0.18671758285254006,14.960327625063416,0.0001564744486548626,-0.0019432368388435466,6239,8791,1900.42
2026-08-18 01:52:04,okx,ETH,ETH-USD-260819-1880-C,2026-08-19,1880,call,0.0135494990153899,0.013,0.014,0.2976573746071874,0.7230792288109908,17.25157371817783,0.0001914417434184428,-0.0022689005935930553,1113,1200,1900.42
2026-08-18 01:52:04,okx,ETH,ETH-USD-260819-1950-P,2026-08-19,1950,put,0.0266481292497145,0.0055,0.0805,0.29560193846446525,-0.9558332441657554,9.711311510635435,0.00007930730175540315,-0.0009327610473709252,0,0,1900.42
2026-08-18 01:52:04,okx,ETH,ETH-USD-260819-1975-C,2026-08-19,1975,call,0.0001868236557008,0.0003,0.0004,0.33422745985011937,0.025474975743632153,2.996811149392473,0.00003503919412279178,-0.0004663764922132052,1938,2012,1900.42
2026-08-18 01:52:04,okx,ETH,ETH-USD-260819-1925-P,2026-08-19,1925,put,0.0149202287693355,0.0135,0.0155,0.2753242741167097,-0.7975160023298111,19.79967396485112,0.00017240811509729962,-0.0018899007758649289,360,2130,1900.42
2026-08-18 01:52:04,okx,ETH,ETH-USD-260819-1950-C,2026-08-19,1950,call,0.0005296595708059,0.0007,0.0008,0.29560193846446525,0.07010947269004897,7.659426076923825,0.00007930730175540315,-0.0009335949240069594,9287,6814,1900.42
2026-08-18 01:52:04,okx,ETH,ETH-USD-260819-1920-P,2026-08-19,1920,put,0.0128779984874524,0.0125,0.0135,0.27395390090199495,-0.7462981902403434,21.934276913618252,0.00019263054114459566,-0.0021011831327063715,400,400,1900.42
2026-08-18 01:52:04,okx,ETH,ETH-USD-260819-1925-C,2026-08-19,1925,call,0.0019566075404267,0.0022,0.0023,0.2753242741167097,0.21527360277143176,17.774094754648637,0.00017240811509729962,-0.0018903125277076696,962,909,1900.42
2026-08-18 01:52:04,okx,ETH,ETH-USD-260819-1910-P,2026-08-19,1910,put,0.0092714714340268,0.009,0.01,0.2741532927414077,-0.6264471121417545,24.98343312419596,0.0002237855942360146,-0.002442975952162533,1132,1946,1900.42
2026-08-18 01:52:04,okx,ETH,ETH-USD-260819-1920-C,2026-08-19,1920,call,0.0025453469485435,0.0027,0.0028,0.27395390090199495,0.26386079250998723,19.91395894811759,0.00019263054114459566,-0.0021015104595904534,3677,4286,1900.42
2026-08-18 01:52:04,okx,ETH,ETH-USD-260818-1800-C,2026-08-18,1800,call,0.0531807210189628,0.0435,,0.4465501887378829,0.9464858885762542,-1.8923218788756986,0.0000000020316510334201846,0.00000039339887493115736,0,0,1900.42
2026-08-18 01:52:04,okx,ETH,ETH-USD-260818-1800-P,2026-08-18,1800,put,0.0000000046285408,,0.0002,0.4465501887378829,-0.0000015842080446139098,0.0006530666928988568,0.0000000020316510334201846,-0.00000004536167718915606,4281,3043,1900.42
2026-08-18 01:52:04,okx,ETH,ETH-USD-260818-1775-C,2026-08-18,1775,call,0.0663308703629906,0.015,,0.44979209892774497,0.9333418101533021,-1.866681976053302,0.0000000000051774271380837925,0.0000005464446806564093,0,0,1900.42
2026-08-18 01:52:04,okx,ETH,ETH-USD-260819-2025-P,2026-08-19,2025,put,0.0656447481814233,0.0135,0.193,0.44099855988842707,-1.0580806531486968,2.905886358984716,0.000011979650441481256,-0.00020828886646699608,0,0,1900.42
2026-08-18 01:52:04,okx,ETH,ETH-USD-260818-1775-P,2026-08-18,1775,put,0.0000000000086343,,0.0002,0.44979209892774497,-0.000000003286770252808127,0.0000016508268427395175,0.0000000000051774271380837925,-0.00000000011643823857090232,1289,509,1900.42
2026-08-18 01:52:04,okx,ETH,ETH-USD-260818-1750-C,2026-08-18,1750,call,0.0794810243182941,0.073,,0.4506770419463633,0.9201961540943676,-1.8403923073076571,0.0000000000000027797978618864385,0.000000654361623030113,0,0,1900.42
2026-08-18 01:52:04,okx,ETH,ETH-USD-260819-2000-P,2026-08-19,2000,put,0.0525228486084393,0.039,0.166,0.3847950869039591,-1.0400319048674387,3.495239379676331,0.000018731428553595992,-0.0002853614965453601,0,0,1900.42
2026-08-18 01:52:04,okx,ETH,ETH-USD-261225-1500-C,2026-12-25,1500,call,0.2567947849029852,0.256,0.259,0.5546341403658666,0.5625156087586928,-0.32823590115035395,0.0015649829452476015,-0.00033576630083133416,666,0,1900.42
2026-08-18 01:52:04,okx,ETH,ETH-USD-260818-1750-P,2026-08-18,1750,put,0.0000000000000035,,0.0002,0.4506770419463633,-0.0000000000014784595725758463,0.0000000008840348651907893,0.0000000000000027797978618864385,-0.0000000000000626395339427235,681,0,1900.42
2026-08-18 01:52:04,okx,ETH,ETH-USD-260819-2025-C,2026-08-19,2025,call,0.0000617331525147,,0.0003,0.44099855988842707,0.007321398970792552,0.7750822547457377,0.000011979650441481256,-0.00021038911748291116,170,170,1900.42
2026-08-18 01:52:04,okx,ETH,ETH-USD-261225-1500-P,2026-12-25,1500,put,0.0380819295473461,0.038,0.0385,0.5546341403658666,-0.21874420188978763,1.234283720146607,0.0015649829452476015,-0.00033576630083133416,20835,360,1900.42
2026-08-18 01:52:04,okx,ETH,ETH-USD-260819-1975-P,2026-08-19,1975,put,0.0394601417846095,0.008,0.1405,0.33422745985011937,-1.013620852866734,5.075002806613205,0.00003503919412279178,-0.00046512049078387737,0,0,1900.42
2026-08-18 01:52:04,okx,ETH,ETH-USD-260819-2000-C,2026-08-19,2000,call,0.0000946820295308,0.0002,0.0003,0.3847950869039591,0.012217035497489015,1.3907414989464753,0.000018731428553595992,-0.00028703962276798155,900,730,1900.42
2026-08-18 01:52:04,okx,ETH,ETH-USD-260818-1870-C,2026-08-18,1870,call,0.0164666074183997,0.0155,0.0175,0.33616707928863104,0.9543138477057382,5.503836825501112,0.000017444208113707637,-0.00029307069152629693,1392,0,1900.42
2026-08-18 01:52:04,okx,ETH,ETH-USD-260818-1870-P,2026-08-18,1870,put,0.0001063221269935,,0.0002,0.33616707928863104,-0.02898147124239438,7.470427463397376,0.000017444208113707637,-0.00029320761049144817,7868,8196,1900.42
2026-08-18 01:52:04,okx,ETH,ETH-USD-260818-1860-C,2026-08-18,1860,call,0.0216642534854245,0.021,0.023,0.37210112408797047,0.9660785274751362,1.2214655643183858,0.000008214935437881213,-0.00015265896293754056,724,0,1900.42
2026-08-18 01:52:04,okx,ETH,ETH-USD-260818-1860-P,2026-08-18,1860,put,0.0000439066084446,,0.0002,0.37210112408797047,-0.011958527735305839,3.1775396747392697,0.000008214935437881213,-0.00015283900212940168,8824,9279,1900.42
2026-08-18 01:52:04,okx,ETH,ETH-USD-260818-1850-C,2026-08-18,1850,call,0.026896563405649,0.026,0.028,0.39935362860884305,0.9683215216745452,-0.7051178258134643,0.0000034429791662131833,-0.00006852503101388386,312,0,1900.42
2026-08-18 01:52:04,okx,ETH,ETH-USD-260828-1000-C,2026-08-28,1000,call,0.4744138418275277,0.473,0.4755,0.7418457430861913,0.5254062300192403,-1.050808908482988,0.0000000007402817969904051,0.000003579138783128651,5,0,1900.42
2026-08-18 01:52:04,okx,ETH,ETH-USD-260818-1850-P,2026-08-18,1850,put,0.0000161549430955,,0.0001,0.39935362860884305,-0.00445726979820622,1.2404397571320387,0.0000034429791662131833,-0.00006874819043245483,4311,3827,1900.42
2026-08-18 01:52:04,okx,ETH,ETH-USD-260828-1000-P,2026-08-28,1000,put,0.0000000015478257,,,0.7418457430861913,-0.00000008339581248307675,0.0000037183471175107488,0.0000000007402817969904051,-0.000000002677445789209128,3864,0,1900.42
2026-08-18 01:52:04,okx,ETH,ETH-USD-260818-1825-C,2026-08-18,1825,call,0.0400311234646505,0.0105,0.13,0.4351832414857315,0.9594631792552845,-1.8625516618452191,0.0000001717472656665867,-0.0000034061126455086195,0,0,1900.42
2026-08-18 01:52:04,okx,ETH,ETH-USD-260828-1550-C,2026-08-28,1550,call,0.1859076209224318,0.1845,0.188,0.5780088649904762,0.7987226634660207,-1.2038868943816976,0.000063915851380908,-0.00017871267532237287,571,0,1900.42
2026-08-18 01:52:04,okx,ETH,ETH-USD-260818-1825-P,2026-08-18,1825,put,0.0000005610381627,,0.0001,0.4351832414857315,-0.00016995287324074115,0.056714602411831155,0.0000001717472656665867,-0.000003737072630854266,4323,831,1900.42
2026-08-18 01:52:04,okx,ETH,ETH-USD-260828-1550-P,2026-08-28,1550,put,0.0005235936660141,0.0007,0.0008,0.5780088649904762,-0.015657122327311087,0.42487267720496613,0.000063915851380908,-0.0001801132178571652,12003,50,1900.42
2026-08-18 01:52:04,okx,ETH,ETH-USD-260818-1910-C,2026-08-18,1910,call,0.0007390813304211,0.0007,0.0008,0.22393931524386418,0.2326958548820122,51.21524788735019,0.00008101989507947437,-0.0009071703842631449,8872,14546,1900.42
2026-08-18 01:52:04,okx,ETH,ETH-USD-260818-1910-P,2026-08-18,1910,put,0.0054190423813097,0.0047,0.006,0.22393931524386418,-0.7716325190168826,53.22390463514798,0.00008101989507947437,-0.0009071348223214566,3541,4103,1900.42
2026-08-18 01:52:04,okx,ETH,ETH-USD-260818-1900-C,2026-08-18,1900,call,0.0027170329642118,0.0023,0.0026,0.22917401290052888,0.5587199784770136,63.88808817536496,0.0001042915473832555,-0.001195021785408127,5292,5943,1900.42
2026-08-18 01:52:04,okx,ETH,ETH-USD-260818-1900-P,2026-08-18,1900,put,0.0021369324295269,0.0021,0.0024,0.22917401290052888,-0.4403501316841906,65.88622839568737,0.0001042915473832555,-0.0011950293436931486,6002,8271,1900.42
2026-08-18 01:52:04,okx,ETH,ETH-USD-260818-1890-C,2026-08-18,1890,call,0.0065493018382857,0.0055,0.008,0.25546088706012204,0.8145110354908858,37.00839030158209,0.00006909806722888786,-0.0008825366218252488,6288,1368,1900.42
2026-08-18 01:52:04,okx,ETH,ETH-USD-260818-1890-P,2026-08-18,1890,put,0.000709139718027,0.0005,0.0007,0.25546088706012204,-0.179300810932628,38.99601399442912,0.00006909806722888786,-0.0008825873003369802,16211,20242,1900.42
2026-08-18 01:52:04,okx,ETH,ETH-USD-260818-1880-C,2026-08-18,1880,call,0.0113578326479867,0.0105,0.013,0.29464444842844456,0.9188213351813708,15.28901089667154,0.00003532679404882,-0.0005203464200864823,4459,415,1900.42
2026-08-18 01:52:04,okx,ETH,ETH-USD-260818-1880-P,2026-08-18,1880,put,0.0002576089421542,0.0001,0.0003,0.29464444842844456,-0.06973224750445246,17.266118062043187,0.00003532679404882,-0.0005204402188249237,12593,13382,1900.42
2026-08-18 01:52:04,okx,ETH,ETH-USD-260818-2000-C,2026-08-18,2000,call,0.0000020999520029,,0.0002,0.5798883959704979,0.0005255553741294125,0.1207041957069382,0.0000004942717248944781,-0.000014331104372188603,357,0,1900.42
2026-08-18 01:52:04,okx,ETH,ETH-USD-260818-2000-P,2026-08-18,2000,put,0.0520226152730549,0.039,0.159,0.5798883959704979,-1.0511271921639802,2.2240096907831575,0.0000004942717248944781,-0.000013907460390111587,0,0,1900.42
2026-08-18 01:52:04,okx,ETH,ETH-USD-260818-1975-C,2026-08-18,1975,call,0.000007985638717,,0.0002,0.4978861068653391,0.002095036798078889,0.499567540203498,0.0000017558405785978886,-0.000043710365141067894,2150,2074,1900.42
2026-08-18 01:52:04,okx,ETH,ETH-USD-260818-1975-P,2026-08-18,1975,put,0.0388783469958348,0.008,0.1415,0.4978861068653391,-1.0364120513958044,2.5765817165912646,0.0000017558405785978886,-0.00004339452172576555,0,0,1900.42
2026-08-18 01:52:04,okx,ETH,ETH-USD-260818-1950-C,2026-08-18,1950,call,0.0000195664362177,,0.0002,0.3776926112098844,0.006154089304632059,1.7327671887615845,0.000004614090705635346,-0.00008713523563473266,10402,10132,1900.42
2026-08-18 01:52:04,okx,ETH,ETH-USD-261225-2100-P,2026-12-25,2100,put,0.1784819990568125,0.1775,0.1795,0.5097036143676513,-0.7356800390742648,2.7730946533378913,0.0023496132954171503,-0.0004632708797826058,860,218,1900.42
2026-08-18 01:52:04,okx,ETH,ETH-USD-260818-1950-P,2026-08-18,1950,put,0.0257397738294012,0.0065,0.0685,0.3776926112098844,-1.019207339545025,3.783490046460898,0.000004614090705635346,-0.00008692719278620497,0,0,1900.42
2026-08-18 01:52:04,okx,ETH,ETH-USD-261225-2100-C,2026-12-25,2100,call,0.0846799965547074,0.0845,0.085,0.5097036143676513,0.3580836958336076,0.5855671835221461,0.0023496132954171503,-0.0004632708797826058,2477,10,1900.42
2026-08-18 01:52:04,okx,ETH,ETH-USD-260818-1925-C,2026-08-18,1925,call,0.000096829973955,0.0001,0.0002,0.2578730498902977,0.037653396122918216,11.97457938834869,0.00002175315989795027,-0.00028047684101064604,20620,30371,1900.42
2026-08-18 01:52:04,okx,ETH,ETH-USD-260818-1925-P,2026-08-18,1925,put,0.0126668834032042,0.0041,0.0135,0.2578730498902977,-0.9745623733825124,13.999010927359551,0.00002175315989795027,-0.000280376598728893,0,0,1900.42
2026-08-18 01:52:04,okx,ETH,ETH-USD-261127-1300-C,2026-11-27,1300,call,0.3347912006230248,,,0.595987842226134,0.5832809409231127,-0.6841904460238559,0.0007975259637903677,-0.00023471104074806518,0,0,1900.42
2026-08-18 01:52:04,okx,ETH,ETH-USD-261127-1300-P,2026-11-27,1300,put,0.0133590019332525,0.013,0.0135,0.595987842226134,-0.09535292912048736,0.6730772940633444,0.0007975259637903677,-0.00023471104074806518,207,0,1900.42
2026-08-18 01:52:04,okx,ETH,ETH-USD-261127-1200-C,2026-11-27,1200,call,0.3827838935605512,0.3795,0.3855,0.6272553273972359,0.5603090199639139,-0.7745205506086479,0.000602238692900014,-0.0001865367051592655,0,0,1900.42
2026-08-18 01:52:04,okx,ETH,ETH-USD-261127-1200-P,2026-11-27,1200,put,0.0091541716930692,0.0085,0.0095,0.6272553273972359,-0.06612224469171692,0.47834197870261386,0.000602238692900014,-0.0001865367051592655,205,0,1900.42
2026-08-18 01:52:04,okx,ETH,ETH-USD-261127-1100-C,2026-11-27,1100,call,0.4321463428605246,0.4295,0.4345,0.6648769424804677,0.5286230430876823,-0.8148055969026677,0.00044716960022883677,-0.00014681310764605684,0,0,1900.42
2026-08-18 01:52:04,okx,ETH,ETH-USD-261225-2300-C,2026-12-25,2300,call,0.0559869036301193,0.0555,0.056,0.5095501282018128,0.2724958664984679,0.6471905337882836,0.002151224871273819,-0.00042402710960422223,987,0,1900.42
2026-08-18 01:52:04,okx,ETH,ETH-USD-261127-1100-P,2026-11-27,1100,put,0.0063190978153327,0.0055,0.0065,0.6648769424804677,-0.045605616179979304,0.3336517216326555,0.00044716960022883677,-0.00014681310764605684,0,0,1900.42
2026-08-18 01:52:04,okx,ETH,ETH-USD-261225-2300-P,2026-12-25,2300,put,0.2539605254181393,0.246,0.264,0.5095501282018128,-0.9254358431625354,3.0430539531102903,0.002151224871273819,-0.00042402710960422223,0,0,1900.42
2026-08-18 01:52:04,okx,ETH,ETH-USD-260818-2025-C,2026-08-18,2025,call,0.0000003041913827,,0.0002,0.6268668903266145,0.00007884795743369012,0.018999678785605448,0.00000008407072185992712,-0.0000026350550628341515,4,3,1900.42
2026-08-18 01:52:04,okx,ETH,ETH-USD-260818-2025-P,2026-08-18,2025,put,0.0651709734763691,0.013,0.1805,0.6268668903266145,-1.0647195589249023,2.1485964925502774,0.00000008407072185992712,-0.0000021036105139824684,0,0,1900.42
2026-08-18 01:52:04,okx,ETH,ETH-USD-261127-1600-C,2026-11-27,1600,call,0.204990418727745,0.204,0.2075,0.5329240338011919,0.5778473067939336,-0.10861746572180726,0.0015479960041177394,-0.0004073675488424976,0,0,1900.42
2026-08-18 01:52:04,okx,ETH,ETH-USD-261127-1600-P,2026-11-27,1600,put,0.0401507895711024,0.0395,0.04,0.5329240338011919,-0.25739437941357424,1.5618659066932081,0.0015479960041177394,-0.0004073675488424976,710,710,1900.42
2026-08-18 01:52:04,okx,ETH,ETH-USD-261127-1550-C,2026-11-27,1550,call,0.2246591302764353,,,0.5407056637565698,0.5875686869369945,-0.2290954485979295,0.00141904820744815,-0.000378886696213288,0,0,1900.42
2026-08-18 01:52:04,okx,ETH,ETH-USD-261127-1550-P,2026-11-27,1550,put,0.0337207395309376,0.033,0.0335,0.5407056637565698,-0.22157169657652875,1.389185318429117,0.00141904820744815,-0.000378886696213288,200,0,1900.42
2026-08-18 01:52:04,okx,ETH,ETH-USD-261127-1500-C,2026-11-27,1500,call,0.245226287689301,,,0.5494803183034241,0.5936612795123619,-0.34269480447424866,0.0012874884357475525,-0.0003493387533784501,0,0,1900.42
2026-08-18 01:52:04,okx,ETH,ETH-USD-261127-1500-P,2026-11-27,1500,put,0.0281891353549484,0.0275,0.028,0.5494803183034241,-0.18937780130717663,1.2233833571648285,0.0012874884357475525,-0.0003493387533784501,300,0,1900.42
2026-08-18 01:52:04,okx,ETH,ETH-USD-261127-1400-C,2026-11-27,1400,call,0.2887217621983338,,,0.5702951975707395,0.5950957401627698,-0.5391317114129176,0.0010300218121488379,-0.00029006639941851444,0,0,1900.42
2026-08-18 01:52:04,okx,ETH,ETH-USD-261127-1400-P,2026-11-27,1400,put,0.0194870866862713,0.019,0.0195,0.5702951975707395,-0.13574073526879957,0.922541239450221,0.0010300218121488379,-0.00029006639941851444,245,3,1900.42
2026-08-18 01:52:04,okx,ETH,ETH-USD-261127-1800-C,2026-11-27,1800,call,0.1366390435851673,0.1355,0.139,0.5104635694484592,0.5061679645424665,0.37537645841573425,0.001965124478678266,-0.0004953430872261025,0,0,1900.42
2026-08-18 01:52:04,okx,ETH,ETH-USD-261127-1800-P,2026-11-27,1800,put,0.0761944607839442,0.0755,0.0765,0.5104635694484592,-0.43347893244097974,2.2546702523826267,0.001965124478678266,-0.0004953430872261025,230,180,1900.42
2026-08-18 01:52:04,okx,ETH,ETH-USD-261127-1750-C,2026-11-27,1750,call,0.1520759025812339,0.151,0.1545,0.5148954184589462,0.5284022068159808,0.2610290582171147,0.0018823718043165527,-0.00047860333945740644,0,0,1900.42
2026-08-18 01:52:04,okx,ETH,ETH-USD-261127-1750-P,2026-11-27,1750,put,0.0655325581911558,0.065,0.0655,0.5148954184589462,-0.3851433874734808,2.088120246796038,0.0018823718043165527,-0.00047860333945740644,201,0,1900.42
2026-08-18 01:52:04,okx,ETH,ETH-USD-261127-1700-C,2026-11-27,1700,call,0.1686402519570679,0.1675,0.171,0.5200791028142852,0.5480089482117724,0.13996147057210176,0.001783226346830038,-0.0004579595965075849,0,0,1900.42
2026-08-18 01:52:04,okx,ETH,ETH-USD-261127-1700-P,2026-11-27,1700,put,0.0559981459781349,0.0555,0.056,0.5200791028142852,-0.3394353433837047,1.9148500537630555,0.001783226346830038,-0.0004579595965075849,200,0,1900.42
2026-08-18 01:52:04,okx,ETH,ETH-USD-261127-1650-C,2026-11-27,1650,call,0.18629572663046,0.184,0.189,0.5260692220649323,0.5645927814263656,0.015561402567593927,0.0016706221773399004,-0.0004339827069062262,0,0,1900.42
2026-08-18 01:52:04,okx,ETH,ETH-USD-261127-1650-P,2026-11-27,1650,put,0.0475548590626721,0.047,0.0475,0.5260692220649323,-0.2967502074751267,1.738247380370579,0.0016706221773399004,-0.0004339827069062262,401,201,1900.42
2026-08-18 01:52:04,okx,ETH,ETH-USD-261127-2000-C,2026-11-27,2000,call,0.086297872753249,0.0855,0.087,0.4992775904743274,0.40074619074223644,0.7147772321898622,0.002100121170139118,-0.0005177709908636254,510,0,1900.42
2026-08-18 01:52:04,okx,ETH,ETH-USD-261127-2000-P,2026-11-27,2000,put,0.1302483363074456,0.129,0.1345,0.4992775904743274,-0.6433059170171483,2.802881447708632,0.002100121170139118,-0.0005177709908636254,0,0,1900.42
2026-08-18 01:52:04,okx,ETH,ETH-USD-261127-1950-C,2026-11-27,1950,call,0.0972012678237518,0.0965,0.098,0.5011836363916629,0.42853740998950823,0.6510747822625482,0.0020968489874326275,-0.0005189378225145812,0,0,1900.42
2026-08-18 01:52:04,okx,ETH,ETH-USD-261127-1950-P,2026-11-27,1950,put,0.1150529697890934,0.114,0.116,0.5011836363916629,-0.5894133950758919,2.6869763923933485,0.0020968489874326275,-0.0005189378225145812,200,0,1900.42
2026-08-18 01:52:04,okx,ETH,ETH-USD-261127-1900-C,2026-11-27,1900,call,0.1092081174292115,0.108,0.1105,0.5036540421424326,0.4557182223817134,0.5724847791119967,0.0020733327970524533,-0.0005156471592390222,0,0,1900.42
2026-08-18 01:52:04,okx,ETH,ETH-USD-261127-1900-P,2026-11-27,1900,put,0.1009610578056983,0.1,0.1015,0.5036540421424326,-0.5361312799897021,2.5561837838548276,0.0020733327970524533,-0.0005156471592390222,210,0,1900.42
2026-08-18 01:52:04,okx,ETH,ETH-USD-261127-1850-C,2026-11-27,1850,call,0.1223491003920769,0.1215,0.1245,0.5067324087039055,0.48177047669395495,0.48000490991391137,0.002029247945795472,-0.000507767715125427,0,0,1900.42
2026-08-18 01:52:04,okx,ETH,ETH-USD-261127-1850-P,2026-11-27,1850,put,0.0880032791797087,0.087,0.0885,0.5067324087039055,-0.48397772298347597,2.411501309268773,0.002029247945795472,-0.000507767715125427,80,0,1900.42
2026-08-18 01:52:04,okx,ETH,ETH-USD-261127-2200-C,2026-11-27,2200,call,0.0526511868058684,0.052,0.053,0.4963264926236638,0.2923511687338408,0.8247335263233349,0.0019406115994421334,-0.0004756169990224694,200,0,1900.42
2026-08-18 01:52:04,okx,ETH,ETH-USD-260821-1930-C,2026-08-21,1930,call,0.0058385911838203,0.0055,0.006,0.315158165367586,0.3063935968913711,11.277335425925417,0.00033422775476856957,-0.0016175951283006974,698,986,1900.42
2026-08-18 01:52:04,okx,ETH,ETH-USD-261127-2200-P,2026-11-27,2200,put,0.2009966967154846,0.198,,0.4963264926236638,-0.8561061498014824,3.1216481633939814,0.0019406115994421334,-0.0004756169990224694,0,0,1900.42
2026-08-18 01:52:04,okx,ETH,ETH-USD-261127-2150-C,2026-11-27,2150,call,0.0596914514126693,0.059,0.06,0.4964320873145731,0.3182925261438242,0.817269979723817,0.0020021969530824284,-0.0004908151153210156,1524,0,1900.42
2026-08-18 01:52:04,okx,ETH,ETH-USD-261127-2150-P,2026-11-27,2150,put,0.1819381997334307,0.1795,,0.4964320873145731,-0.8040634896975145,3.0619820114064944,0.0020021969530824284,-0.0004908151153210156,0,0,1900.42
2026-08-18 01:52:04,okx,ETH,ETH-USD-261127-2100-C,2026-11-27,2100,call,0.0676018090155927,0.067,0.068,0.49693859765172743,0.3452207299703486,0.7972437951213717,0.002050877101570932,-0.0005032614381079708,200,0,1900.42
2026-08-18 01:52:04,okx,ETH,ETH-USD-261127-2100-P,2026-11-27,2100,put,0.1637497957474992,0.1615,0.183,0.49693859765172743,-0.7510339831770054,2.9897532214160796,0.002050877101570932,-0.0005032614381079708,0,0,1900.42
2026-08-18 01:52:04,okx,ETH,ETH-USD-261127-2050-C,2026-11-27,2050,call,0.0764498863670641,0.076,0.077,0.4978763036652703,0.37282957896813174,0.7633742942591829,0.002084232536809791,-0.000512411556668049,200,0,1900.42
2026-08-18 01:52:04,okx,ETH,ETH-USD-261127-2050-P,2026-11-27,2050,put,0.1464991115101156,0.1445,0.1505,0.4978763036652703,-0.6973238314852376,2.9036811151659214,0.002084232536809791,-0.000512411556668049,0,0,1900.42
2026-08-18 01:52:04,okx,ETH,ETH-USD-261127-2600-C,2026-11-27,2600,call,0.0194088064055809,0.0185,0.0195,0.5068754863825946,0.1366451324767607,0.6233363815749836,0.0012607784503668815,-0.00031556683457868896,210,0,1900.42
2026-08-18 01:52:04,okx,ETH,ETH-USD-261127-2600-P,2026-11-27,2600,put,0.3765444090260363,,,0.5068754863825946,-1.2206226076104394,3.337871861749384,0.0012607784503668815,-0.00031556683457868896,0,0,1900.42
2026-08-18 01:52:04,okx,ETH,ETH-USD-261127-2500-C,2026-11-27,2500,call,0.0247681907040105,0.024,0.0245,0.5026491628052432,0.16645586294099873,0.6962069665780791,0.001435014461056813,-0.0003561824601336113,353,0,1900.42
2026-08-18 01:52:04,okx,ETH,ETH-USD-261127-2500-P,2026-11-27,2500,put,0.3297062701467562,,,0.5026491628052432,-1.1386092717582323,3.3063372359765406,0.001435014461056813,-0.0003561824601336113,0,0,1900.42
2026-08-18 01:52:04,okx,ETH,ETH-USD-260820-2050-P,2026-08-20,2050,put,0.0785532641152255,0.0055,0.214,0.42478492351881036,-1.0657989686985694,3.1033162032109014,0.00002550723827779795,-0.00023767395521977723,0,0,1900.42
2026-08-18 01:52:04,okx,ETH,ETH-USD-260925-2300-C,2026-09-25,2300,call,0.008107743032589,0.008,0.0085,0.4611885276330876,0.11007163029612463,1.1054661655439348,0.0006407599128222045,-0.00038623329570274467,15462,520,1900.42
2026-08-18 01:52:04,okx,ETH,ETH-USD-261127-2400-C,2026-11-27,2400,call,0.0317786046660281,0.031,0.032,0.49937396852291316,0.2022499228330845,0.7612398637361113,0.0016149286431330922,-0.000398226837757116,420,0,1900.42
2026-08-18 01:52:04,okx,ETH,ETH-USD-260925-2300-P,2026-09-25,2300,put,0.2147803826687137,0.2115,0.2175,0.4611885276330876,-1.0966739073406515,3.5189572408174867,0.0006407599128222045,-0.00038623329570274467,188,0,1900.42
2026-08-18 01:52:04,okx,ETH,ETH-USD-261127-2400-P,2026-11-27,2400,put,0.284519160931064,,,0.49937396852291316,-1.0506126064781771,3.266964922358634,0.0016149286431330922,-0.000398226837757116,0,0,1900.42
2026-08-18 01:52:04,okx,ETH,ETH-USD-260821-1930-P,2026-08-21,1930,put,0.0212062131047874,0.02,0.0215,0.315158165367586,-0.708619709238239,13.307362038184634,0.00033422775476856957,-0.0016171099510949743,1416,1959,1900.42
2026-08-18 01:52:04,okx,ETH,ETH-USD-261127-2300-C,2026-11-27,2300,call,0.0408978281247147,0.04,0.041,0.49720664882224275,0.24431365418374307,0.808281426164325,0.001788842853087286,-0.000439198052629099,200,0,1900.42
2026-08-18 01:52:04,okx,ETH,ETH-USD-260820-2050-C,2026-08-20,2050,call,0.0001440587027145,0.0001,0.0003,0.42478492351881036,0.012396142819857452,0.9469259801740479,0.00002550723827779795,-0.00024018580572688155,246,246,1900.42
2026-08-18 01:52:04,okx,ETH,ETH-USD-261127-2300-P,2026-11-27,2300,put,0.2414408612120407,,,0.49720664882224275,-0.9563462697395495,3.20960127401091,0.001788842853087286,-0.000439198052629099,0,0,1900.42
2026-08-18 01:52:04,okx,ETH,ETH-USD-261127-3200-C,2026-11-27,3200,call,0.0054477161181046,0.0048,0.0055,0.5456209468251247,0.044858975342763674,0.2709675354037003,0.0005459407965657677,-0.00014709159999493505,0,0,1900.42
2026-08-18 01:52:04,okx,ETH,ETH-USD-261127-3200-P,2026-11-27,3200,put,0.675768457804819,,,0.5456209468251247,-1.625624397072252,3.6119342802337315,0.0005459407965657677,-0.00014709159999493505,0,0,1900.42
2026-08-18 01:52:04,okx,ETH,ETH-USD-261127-3000-C,2026-11-27,3000,call,0.0079766666198746,0.0075,0.008,0.5307959888410275,0.06350966103673097,0.36112006080575587,0.0007187822229345053,-0.00018839798256363655,202,0,1900.42
2026-08-18 01:52:04,okx,ETH,ETH-USD-261127-3000-P,2026-11-27,3000,put,0.5739023619511694,,,0.5307959888410275,-1.502568500602346,3.49327638408391,0.0007187822229345053,-0.00018839798256363655,0,0,1900.42
2026-08-18 01:52:04,okx,ETH,ETH-USD-261127-2800-C,2026-11-27,2800,call,0.0122010701576284,0.0115,0.012,0.5176504769515902,0.09236275322917949,0.48026135013986276,0.0009549387737942462,-0.00024409755769493866,202,0,1900.42
2026-08-18 01:52:04,okx,ETH,ETH-USD-261127-2800-P,2026-11-27,2800,put,0.4737317191335037,,,0.5176504769515902,-1.369310197633959,3.4036072518661395,0.0009549387737942462,-0.00024409755769493866,0,0,1900.42
2026-08-18 01:52:04,okx,ETH,ETH-USD-261127-2700-C,2026-11-27,2700,call,0.0153208992651643,0.0145,0.015,0.5119158803260058,0.11219956839185076,0.5498433206987828,0.0010995156944679867,-0.00027794017274559806,253,0,1900.42
2026-08-18 01:52:04,okx,ETH,ETH-USD-261127-2700-P,2026-11-27,2700,put,0.4246540250633298,,,0.5119158803260058,-1.2972707770833187,3.3687840116491214,0.0010995156944679867,-0.00027794017274559806,0,0,1900.42
2026-08-18 01:52:04,okx,ETH,ETH-USD-260904-1700-C,2026-09-04,1700,call,0.1130773373493664,0.106,0.1235,0.4633439809495528,0.766348404523584,0.456845559931088,0.0004358047162945416,-0.0005842554984381341,0,0,1900.42
2026-08-18 01:52:04,okx,ETH,ETH-USD-260904-1700-P,2026-09-04,1700,put,0.0062628797164081,0.006,0.0065,0.4633439809495528,-0.1265802987325012,2.242702966443258,0.0004358047162945416,-0.0005850627272367222,1771,2312,1900.42
2026-08-18 01:52:04,okx,ETH,ETH-USD-260904-1650-C,2026-09-04,1650,call,0.1372052743990787,0.0585,0.184,0.4895154231927809,0.7812861027828686,-0.14908705802560202,0.000327109258859302,-0.00046294554051202574,0,0,1900.42
2026-08-18 01:52:04,okx,ETH,ETH-USD-260904-1650-P,2026-09-04,1650,put,0.0041244843951017,0.0041,0.0042,0.4895154231927809,-0.08537999155391998,1.5842451306479752,0.000327109258859302,-0.0004639510087458925,536,506,1900.42
2026-08-18 01:52:04,okx,ETH,ETH-USD-260904-1600-C,2026-09-04,1600,call,0.1621077467303923,0.1515,0.2095,0.518352088811886,0.7826320962614567,-0.577954486847663,0.00024194322606526476,-0.00036217163006567346,0,0,1900.42
2026-08-18 01:52:04,okx,ETH,ETH-USD-260904-1600-P,2026-09-04,1600,put,0.0027606243553966,0.0029,0.003,0.518352088811886,-0.057771389156035316,1.102852483987321,0.00024194322606526476,-0.00036337533773481877,2875,245,1900.42
2026-08-18 01:52:04,okx,ETH,ETH-USD-260904-1550-C,2026-09-04,1550,call,0.1874840557594373,,,0.5487902487228589,0.7748929546324248,-0.8663122239373705,0.00017732231485012795,-0.00028055970836993665,0,0,1900.42
2026-08-18 01:52:04,okx,ETH,ETH-USD-260904-1550-P,2026-09-04,1550,put,0.0018706010134232,0.002,0.0021,0.5487902487228589,-0.039247921865770516,0.7619695290590202,0.00017732231485012795,-0.00028196165547436056,312,0,1900.42
2026-08-18 01:52:04,okx,ETH,ETH-USD-260904-1900-C,2026-09-04,1900,call,0.0356007621274898,0.035,0.0355,0.40050986184074594,0.4903080269241765,3.590238957618324,0.0008654577430251289,-0.0010041177616559739,4248,300,1900.42
2026-08-18 01:52:04,okx,ETH,ETH-USD-260904-1900-P,2026-09-04,1900,put,0.0338516339786059,0.0335,0.034,0.40050986184074594,-0.5076711120090952,5.5861972354848675,0.0008654577430251289,-0.0010041320327134476,2309,364,1900.42
2026-08-18 01:52:04,okx,ETH,ETH-USD-260904-1850-C,2026-09-04,1850,call,0.0507655977314046,0.05,0.0515,0.40905015634315944,0.5917546055154804,3.011521233069148,0.000811235388929263,-0.0009611519479130777,0,0,1900.42
2026-08-18 01:52:04,okx,ETH,ETH-USD-260904-1850-P,2026-09-04,1850,put,0.0227501372115021,0.022,0.023,0.40905015634315944,-0.3799619244984947,4.9549542930970985,0.000811235388929263,-0.0009613644584058301,1302,1600,1900.42
2026-08-18 01:52:04,okx,ETH,ETH-USD-260904-1800-C,2026-09-04,1800,call,0.0691714554087789,0.0685,0.07,0.4225242766229749,0.6744375746448726,2.1546503186762704,0.0006998293521615147,-0.0008562896766710815,280,280,1900.42
2026-08-18 01:52:04,okx,ETH,ETH-USD-260904-1800-P,2026-09-04,1800,put,0.0148896625178577,0.0145,0.015,0.4225242766229749,-0.27101634644980577,4.045558160865627,0.0006998293521615147,-0.0008567004265991122,1790,854,1900.42
2026-08-18 01:52:04,okx,ETH,ETH-USD-260904-1750-C,2026-09-04,1750,call,0.0901869199993665,0.089,0.097,0.4407728684114292,0.7323311281845832,1.2468650605122216,0.0005650202927364554,-0.0007209589189577511,16,16,1900.42
2026-08-18 01:52:04,okx,ETH,ETH-USD-260904-1750-P,2026-09-04,1750,put,0.0096387947374268,0.009,0.0095,0.4407728684114292,-0.1868601839907986,3.0852476848629853,0.0005650202927364554,-0.0007215679083210605,1854,730,1900.42
2026-08-18 01:52:04,okx,ETH,ETH-USD-260904-2100-C,2026-09-04,2100,call,0.0060929886673888,0.006,0.0065,0.4037862950266923,0.13518178106910136,2.2804008149125354,0.00048691945304815264,-0.0005696597678180556,1333,0,1900.42
2026-08-18 01:52:04,okx,ETH,ETH-USD-260904-2100-P,2026-09-04,2100,put,0.1094091900025793,0.1,0.1205,0.4037862950266923,-0.967847793541357,4.486459964133452,0.00048691945304815264,-0.0005688810811344149,0,0,1900.42
2026-08-18 01:52:04,okx,ETH,ETH-USD-260904-2050-C,2026-09-04,2050,call,0.0097744083722688,0.0095,0.01,0.39836987018720926,0.19855707340555434,2.9144925114964852,0.000623678020671524,-0.000719853804524548,122,120,1900.42
2026-08-18 01:52:04,okx,ETH,ETH-USD-260904-2050-P,2026-09-04,2050,put,0.0868242773364407,0.073,0.0965,0.39836987018720926,-0.8782098922856072,5.068026442878809,0.000623678020671524,-0.0007192733572761858,0,0,1900.42
2026-08-18 01:52:04,okx,ETH,ETH-USD-260904-2000-C,2026-09-04,2000,call,0.0154929000132825,0.0155,0.016,0.39582950687535473,0.282174809454263,3.46105651659943,0.0007532741731956316,-0.0008638618975187408,5028,4908,1900.42
2026-08-18 01:52:04,okx,ETH,ETH-USD-260904-2000-P,2026-09-04,2000,put,0.0662764366064358,0.065,0.067,0.39582950687535473,-0.768329547317602,5.562065230143159,0.0007532741731956316,-0.0008634796897056573,0,0,1900.42
2026-08-18 01:52:04,okx,ETH,ETH-USD-260904-1950-C,2026-09-04,1950,call,0.0239249631623514,0.0235,0.024,0.39644182658250476,0.3825965254098478,3.7350127351500637,0.0008434261269275777,-0.0009686957397103637,4174,5582,1900.42
2026-08-18 01:52:04,okx,ETH,ETH-USD-260904-1950-P,2026-09-04,1950,put,0.0484421673844863,0.048,0.049,0.39644182658250476,-0.6416452224427206,5.7834962308552,0.0008434261269275777,-0.0009685117713325588,278,444,1900.42
