snapshot_utc,exchange,underlying,instrument,expiry,strike,type,mark_price,bid,ask,mark_iv,delta,gamma,vega,theta,open_interest,volume_24h,underlying_price
2026-07-25 03:40:54,okx,BTC,BTC-USD-260725-63000-P,2026-07-25,63000,put,0.0000010546511358,,0.0002,0.23015411801231642,-0.0007602895272135397,0.5129785482037901,0.0000005803588677441721,-0.000006678599166814326,26481,25646,64025.8
2026-07-25 03:40:54,okx,BTC,BTC-USD-270326-90000-C,2027-03-26,90000,call,0.0354703803317068,0.034,0.0355,0.4053705563594281,0.18215219277359765,0.523163169822268,0.002406699281958853,-0.0001997717262132989,3508,0,64025.8
2026-07-25 03:40:54,okx,BTC,BTC-USD-260725-63000-C,2026-07-25,63000,call,0.0160617277913324,0.0155,0.017,0.23015411801231642,0.9831775006102298,-1.454897032071097,0.0000005803588677441721,-0.000006678599166814326,0,0,64025.8
2026-07-25 03:40:54,okx,BTC,BTC-USD-270326-85000-P,2027-03-26,85000,put,0.3394022492007673,0.326,0.349,0.40509325431986776,-1.0679773828582322,3.136514630021446,0.0027115351076250583,-0.00022492111930265735,493,0,64025.8
2026-07-25 03:40:54,okx,BTC,BTC-USD-260725-63500-P,2026-07-25,63500,put,0.0000338388758469,0.0001,0.0003,0.18559678689499862,-0.02208719107835432,12.806288016390132,0.000011677798725090708,-0.00010836809606916734,10812,15006,64025.8
2026-07-25 03:40:54,okx,BTC,BTC-USD-270326-85000-C,2027-03-26,85000,call,0.0469998246111352,0.045,0.047,0.40509325431986776,0.22442897187047367,0.5517019205640341,0.0027115351076250583,-0.00022492111930265735,4127,6,64025.8
2026-07-25 03:40:54,okx,BTC,BTC-USD-260725-63500-C,2026-07-25,63500,call,0.0082854697393783,0.008,0.009,0.18559678689499862,0.9696596291395451,10.822794375954333,0.000011677798725090708,-0.00010836809606916734,637,1037,64025.8
2026-07-25 03:40:54,okx,BTC,BTC-USD-270326-80000-P,2027-03-26,80000,put,0.2788077529230944,0.267,0.2885,0.4063054357812039,-0.942760603226623,2.9831254612866758,0.0029834279708354995,-0.00024821509122760027,2573,0,64025.8
2026-07-25 03:40:54,okx,BTC,BTC-USD-260725-61000-P,2026-07-25,61000,put,0.0000000000000001,,0.0001,0.2574544523435087,-0.000000000000000011379063526349624,0.00000000000001711771047180911,0.00000000000000000002169882545019775,-0.00000000000000000027932296113890256,4438,3507,64025.8
2026-07-25 03:40:54,okx,BTC,BTC-USD-270326-100000-C,2027-03-26,100000,call,0.020617603667032,0.019,0.021,0.409331900444225,0.11852700728847468,0.42498699342595314,0.0018129157653497738,-0.00015195437563550923,59430,0,64025.8
2026-07-25 03:40:54,okx,BTC,BTC-USD-260725-61000-C,2026-07-25,61000,call,0.0472968422468568,0.0465,0.048,0.2574544523435087,0.9527016698156198,-1.9054033396312227,0.00000000000000000002169882545019775,-0.00000000000000000027932296113890256,0,0,64025.8
2026-07-25 03:40:54,okx,BTC,BTC-USD-270326-95000-P,2027-03-26,95000,put,0.4713768176952522,0.455,0.4995,0.4068603199308816,-1.2974252450535768,3.3665285764262127,0.002100383734566702,-0.000174986270722853,3,0,64025.8
2026-07-25 03:40:54,okx,BTC,BTC-USD-260725-62000-P,2026-07-25,62000,put,0.0000000000061836,,0.0001,0.2551839566296266,-0.000000006567178490958089,0.000006788038780840268,0.000000000008523627555920222,-0.00000000010875465022785182,6065,5444,64025.8
2026-07-25 03:40:54,okx,BTC,BTC-USD-270326-95000-C,2027-03-26,95000,call,0.0269270490362514,0.025,0.027,0.4068603199308816,0.14702891611380037,0.47762025409145864,0.002100383734566702,-0.000174986270722853,2038,0,64025.8
2026-07-25 03:40:54,okx,BTC,BTC-USD-260725-62000-C,2026-07-25,62000,call,0.0316787576997102,0.0315,0.0325,0.2551839566296266,0.9683197234093532,-1.9366326719142826,0.000000000008523627555920222,-0.00000000010875465022785182,500,0,64025.8
2026-07-25 03:40:54,okx,BTC,BTC-USD-270326-90000-P,2027-03-26,90000,put,0.403896476956023,0.389,0.5175,0.4053705563594281,-1.186278065174444,3.260023685718351,0.002406699281958853,-0.0001997717262132989,4,0,64025.8
2026-07-25 03:40:54,okx,BTC,BTC-USD-260725-65000-P,2026-07-25,65000,put,0.0152120388565131,0.0145,0.0155,0.31177385048800094,-1.000282276580114,7.448534589870649,0.000008374180585287997,-0.000130542526287855,4768,4967,64025.8
2026-07-25 03:40:54,okx,BTC,BTC-USD-270326-110000-C,2027-03-26,110000,call,0.0124917874755673,0.011,0.0125,0.41648546393750974,0.07770611508895298,0.3220738107359992,0.0013303860142240024,-0.00011345862393797099,3257,0,64025.8
2026-07-25 03:40:54,okx,BTC,BTC-USD-260725-65000-C,2026-07-25,65000,call,0.0000365428900491,,0.0002,0.31177385048800094,0.014891633879152965,5.418186768952115,0.000008374180585287997,-0.000130542526287855,16767,23383,64025.8
2026-07-25 03:40:54,okx,BTC,BTC-USD-260731-63000-C,2026-07-31,63000,call,0.0274385535084452,0.0265,0.028,0.3481116752702501,0.625160076594198,6.9022594195243645,0.00048051394168850784,-0.0013525959217375659,10996,0,64025.8
2026-07-25 03:40:54,okx,BTC,BTC-USD-270326-105000-P,2027-03-26,105000,put,0.6124509377319396,0.593,0.7545,0.4125934424323374,-1.5007527389091042,3.564869164655401,0.0015549925538143488,-0.00013137436439553745,0,0,64025.8
2026-07-25 03:40:54,okx,BTC,BTC-USD-260725-65500-P,2026-07-25,65500,put,0.0230204796723674,0.022,0.024,0.4439303951604955,-1.0123031586373934,4.896423315264741,0.000006285496200404489,-0.0001395161406012679,2212,435,64025.8
2026-07-25 03:40:54,okx,BTC,BTC-USD-260731-63000-P,2026-07-31,63000,put,0.0108186285887461,0.01,0.0105,0.3481116752702501,-0.35805376846886355,8.868687109650487,0.00048051394168850784,-0.0013530511780472491,37081,4633,64025.8
2026-07-25 03:40:54,okx,BTC,BTC-USD-270326-105000-C,2027-03-26,105000,call,0.0159538250035708,0.0145,0.016,0.4125934424323374,0.09574922869694433,0.37186522944330475,0.0015549925538143488,-0.00013137436439553745,1798,0,64025.8
2026-07-25 03:40:54,okx,BTC,BTC-USD-260725-65500-C,2026-07-25,65500,call,0.0000359414292382,,0.0002,0.4439303951604955,0.010679781902329507,2.850457434185295,0.000006285496200404489,-0.0001395161406012679,5483,6027,64025.8
2026-07-25 03:40:54,okx,BTC,BTC-USD-270326-100000-P,2027-03-26,100000,put,0.5410910443607171,0.525,0.5485,0.409331900444225,-1.401951057098238,3.465943122199379,0.0018129157653497738,-0.00015195437563550923,33,0,64025.8
2026-07-25 03:40:54,okx,BTC,BTC-USD-260725-64000-P,2026-07-25,64000,put,0.00099244661084,0.0008,0.001,0.13560448299027383,-0.4417497033167875,131.91570430557107,0.00008760321024142497,-0.0005939694016538347,17381,21214,64025.8
2026-07-25 03:40:54,okx,BTC,BTC-USD-270326-130000-C,2027-03-26,130000,call,0.0053253371401769,0.0046,0.0055,0.43602373808841943,0.036283553919586875,0.17692200786227283,0.0007277444132783488,-0.00006497540675728243,940,0,64025.8
2026-07-25 03:40:54,okx,BTC,BTC-USD-260725-64000-C,2026-07-25,64000,call,0.0014350351977063,0.0011,0.0017,0.13560448299027383,0.5578061469815677,129.91659260497434,0.00008760321024142497,-0.0005939694016538347,2379,4186,64025.8
2026-07-25 03:40:54,okx,BTC,BTC-USD-270326-120000-P,2027-03-26,120000,put,0.83252168291516,0.02,1.66,0.4256534417836071,-1.7723388106264257,3.887679426453172,0.0009767191386136687,-0.00008513062856786911,1,0,64025.8
2026-07-25 03:40:54,okx,BTC,BTC-USD-260725-64500-P,2026-07-25,64500,put,0.007413031134044,0.007,0.008,0.17643537652702268,-0.9767459554268435,19.640471162491764,0.000015385345733376738,-0.00013572596337333733,23459,26665,64025.8
2026-07-25 03:40:54,okx,BTC,BTC-USD-270326-120000-C,2027-03-26,120000,call,0.0079535540827382,0.007,0.008,0.4256534417836071,0.05223486663762965,0.238532071925061,0.0009767191386136687,-0.00008513062856786911,1817,0,64025.8
2026-07-25 03:40:54,okx,BTC,BTC-USD-260725-64500-C,2026-07-25,64500,call,0.0000465774442451,,0.0002,0.17643537652702268,0.03061892495196763,17.625741401734142,0.000015385345733376738,-0.00013572596337333733,5026,7393,64025.8
2026-07-25 03:40:54,okx,BTC,BTC-USD-270326-110000-P,2027-03-26,110000,put,0.6850125722386207,0.1525,0.9105,0.41648546393750974,-1.5948197557364312,3.6671255523867674,0.0013303860142240024,-0.00011345862393797099,5,0,64025.8
2026-07-25 03:40:54,okx,BTC,BTC-USD-260725-67000-P,2026-07-25,67000,put,0.0464130769628614,0.0445,0.0475,0.60858053496185,-1.046007970594785,2.199821326154769,0.00000032346436093996114,-0.000009842705691096726,100,0,64025.8
2026-07-25 03:40:54,okx,BTC,BTC-USD-270326-160000-C,2027-03-26,160000,call,0.002069904517375,0.0014,0.0022,0.46959451175310885,0.01482385299668334,0.07953092619301061,0.00034298711424588776,-0.00003298077143480385,615,0,64025.8
2026-07-25 03:40:54,okx,BTC,BTC-USD-260725-67000-C,2026-07-25,67000,call,0.000001411889737,,0.0002,0.60858053496185,0.0004020601863056598,0.10700126459258738,0.00000032346436093996114,-0.000009842705691096726,4804,2572,64025.8
2026-07-25 03:40:54,okx,BTC,BTC-USD-270326-140000-P,2027-03-26,140000,put,1.1323991224034824,0.0001,2.2595,0.4470381010950728,-2.102583479735324,4.390341374865655,0.0005537868825817268,-0.00005069290704868001,0,0,64025.8
2026-07-25 03:40:54,okx,BTC,BTC-USD-260725-67500-P,2026-07-25,67500,put,0.054220923189998,0.0525,0.0555,0.6215740989395752,-1.0541522216716184,2.127996902691599,0.0000000603477095879431,-0.0000018755286605096448,101,0,64025.8
2026-07-25 03:40:54,okx,BTC,BTC-USD-270326-140000-C,2027-03-26,140000,call,0.0037363054323233,0.0029,0.0038,0.4470381010950728,0.026085810406073738,0.13300279458285866,0.0005537868825817268,-0.00005069290704868001,1622,0,64025.8
2026-07-25 03:40:54,okx,BTC,BTC-USD-260725-67500-C,2026-07-25,67500,call,0.0000002158402086,,0.0002,0.6215740989395752,0.00006683918992829172,0.01955878096850582,0.0000000603477095879431,-0.0000018755286605096448,5787,2666,64025.8
2026-07-25 03:40:54,okx,BTC,BTC-USD-270326-130000-P,2027-03-26,130000,put,0.9819408100419674,0.0001,1.959,0.43602373808841943,-1.9403379297831398,4.130164975267726,0.0007277444132783488,-0.00006497540675728243,0,0,64025.8
2026-07-25 03:40:54,okx,BTC,BTC-USD-260725-66000-P,2026-07-25,66000,put,0.0308132448450609,0.03,0.032,0.5326182134705263,-1.025555169075586,3.329456582565029,0.0000033568538887475367,-0.00008939607605531508,1283,200,64025.8
2026-07-25 03:40:54,okx,BTC,BTC-USD-270326-200000-C,2027-03-26,200000,call,0.0008787613464674,,0.0014,0.5120786573255589,0.006344564966445652,0.03514434897492123,0.00016386484296733735,-0.0000171823457777132,357,0,64025.8
2026-07-25 03:40:54,okx,BTC,BTC-USD-260725-66000-C,2026-07-25,66000,call,0.0000196643252668,,0.0002,0.5326182134705263,0.005236801544593013,1.2678726413246708,0.0000033568538887475367,-0.00008939607605531508,5569,4389,64025.8
2026-07-25 03:40:54,okx,BTC,BTC-USD-270326-180000-P,2027-03-26,180000,put,1.7381455160162915,0.0001,3.4685,0.49153097707054316,-2.727522787825257,5.52497259808116,0.00022993922934529454,-0.000023143229250068343,0,0,64025.8
2026-07-25 03:40:54,okx,BTC,BTC-USD-260725-66500-P,2026-07-25,66500,put,0.038609104942091,0.0375,0.0395,0.5826162361232038,-1.0368644303223717,2.5062458160266186,0.0000012423776942516039,-0.0000361914708034147,180,0,64025.8
2026-07-25 03:40:54,okx,BTC,BTC-USD-260828-61000-P,2026-08-28,61000,put,0.0233419441635107,0.023,0.0235,0.37160624462489805,-0.3264216551261791,3.7238649471498424,0.0010686721346141995,-0.0005806902591774096,4419,1225,64025.8
2026-07-25 03:40:54,okx,BTC,BTC-USD-270326-180000-C,2027-03-26,180000,call,0.0012933227676586,0.001,0.0016,0.49153097707054316,0.009337728070825897,0.051251566288993654,0.00022993922934529454,-0.000023143229250068343,11099,0,64025.8
2026-07-25 03:40:54,okx,BTC,BTC-USD-260725-66500-C,2026-07-25,66500,call,0.0000064821456317,,0.0002,0.5826162361232038,0.0017365703782630138,0.42904381462534935,0.0000012423776942516039,-0.0000361914708034147,2502,983,64025.8
2026-07-25 03:40:54,okx,BTC,BTC-USD-260828-61000-C,2026-08-28,61000,call,0.0741189817791343,0.073,0.075,0.37160624462489805,0.6224489455721061,1.8261237457532722,0.0010686721346141995,-0.0005801623478102818,0,0,64025.8
2026-07-25 03:40:54,okx,BTC,BTC-USD-270326-160000-P,2027-03-26,160000,put,1.434827409627271,0.0001,2.863,0.46959451175310885,-2.4179410500220575,4.945060732230492,0.00034298711424588776,-0.00003298077143480385,0,0,64025.8
2026-07-25 03:40:54,okx,BTC,BTC-USD-260725-70000-P,2026-07-25,70000,put,0.0932659187333753,0.006,0.0975,0.6338006987043189,-1.0932642111407596,2.186528479068796,0.00000000000017744823636391747,-0.000000000005623340809565001,0,0,64025.8
2026-07-25 03:40:54,okx,BTC,BTC-USD-260725-70000-C,2026-07-25,70000,call,0.0000000000002602,,0.0002,0.6338006987043189,0.00000000012306663929622744,0.0000000565411442810731,0.00000000000017744823636391747,-0.000000000005623340809565001,2711,0,64025.8
2026-07-25 03:40:54,okx,BTC,BTC-USD-260727-65250-P,2026-07-27,65250,put,0.0198494960933938,0.019,0.0205,0.20557742909671187,-0.8990766849040892,14.446256561259267,0.00015529420035007542,-0.0007322399115198726,146,320,64025.8
2026-07-25 03:40:54,okx,BTC,BTC-USD-260725-71000-P,2026-07-25,71000,put,0.1088840032864453,0.107,0.11,0.6340802253502367,-1.1088822714246263,2.2177645429085855,0.00000000000000018548493128749738,-0.0000000000000058806163514924755,340,340,64025.8
2026-07-25 03:40:54,okx,BTC,BTC-USD-260725-71000-C,2026-07-25,71000,call,0.0000000000000002,,0.0002,0.6340802253502367,0.00000000000011168987579017322,0.00000000005910964639855518,0.00000000000000018548493128749738,-0.0000000000000058806163514924755,891,0,64025.8
2026-07-25 03:40:54,okx,BTC,BTC-USD-270326-200000-P,2027-03-26,200000,put,2.041825642733837,0.0001,4.0775,0.5120786573255589,-3.03461156380698,6.117056606521773,0.00016386484296733735,-0.0000171823457777132,0,0,64025.8
2026-07-25 03:40:54,okx,BTC,BTC-USD-260725-68000-P,2026-07-25,68000,put,0.0620297737441126,0.06,0.0635,0.6279792291352595,-1.0620199143025613,2.1266987700037063,0.000000008232314818121641,-0.0000002584861356741401,33,0,64025.8
2026-07-25 03:40:54,okx,BTC,BTC-USD-260725-68000-C,2026-07-25,68000,call,0.0000000241176578,,0.0002,0.6279792291352595,0.000008176639441127187,0.0026425881197017064,0.000000008232314818121641,-0.0000002584861356741401,10226,965,64025.8
2026-07-25 03:40:54,okx,BTC,BTC-USD-260725-69000-P,2026-07-25,69000,put,0.0776478343105421,0.006,0.082,0.6326653769581697,-1.077646098248251,2.1553129146065446,0.0000000000646237459522708,-0.00000000204426032966712,0,0,64025.8
2026-07-25 03:40:54,okx,BTC,BTC-USD-260727-65250-C,2026-07-27,65250,call,0.0009387957227435,0.001,0.0011,0.20557742909671187,0.11983242439009487,12.408438342670898,0.00015529420035007542,-0.0007322399115198726,1602,1602,64025.8
2026-07-25 03:40:54,okx,BTC,BTC-USD-260725-69000-C,2026-07-25,69000,call,0.0000000001307571,,0.0002,0.6326653769581697,0.000000052854663301542294,0.00002061240071624762,0.0000000000646237459522708,-0.00000000204426032966712,3095,1759,64025.8
2026-07-25 03:40:54,okx,BTC,BTC-USD-260925-85000-P,2026-09-25,85000,put,0.321475435439972,0.319,0.3245,0.36994914241590166,-1.2803074335876896,3.1383584632339683,0.00036411175093517024,-0.0001083169258189451,2664,0,64025.8
2026-07-25 03:40:54,okx,BTC,BTC-USD-260925-85000-C,2026-09-25,85000,call,0.0024137997352124,0.0031,0.0032,0.36994914241590166,0.0387582960676556,0.5002270039232777,0.00036411175093517024,-0.0001083169258189451,13401,0,64025.8
2026-07-25 03:40:54,okx,BTC,BTC-USD-260925-45000-P,2026-09-25,45000,put,0.0046800907776459,0.0049,0.0055,0.5525254023806887,-0.050335607595702915,0.5211733095151138,0.0003958019619021166,-0.00017585300651574824,16817,39,64025.8
2026-07-25 03:40:54,okx,BTC,BTC-USD-260925-45000-C,2026-09-25,45000,call,0.3063533424633613,0.3055,0.308,0.5525254023806887,0.6479933081041858,-0.8754845218846637,0.0003958019619021166,-0.00017585300651574824,530,0,64025.8
2026-07-25 03:40:54,okx,BTC,BTC-USD-260726-65750-P,2026-07-26,65750,put,0.0266438504819404,0.026,0.0275,0.18870077260359625,-1.0193291028395173,3.9190664416625047,0.000011470911426491711,-0.00009099273448226608,100,100,64025.8
2026-07-25 03:40:54,okx,BTC,BTC-USD-260726-65750-C,2026-07-26,65750,call,0.0000255271980115,0.0001,0.0003,0.18870077260359625,0.007255290527629022,1.8658976549282125,0.000011470911426491711,-0.00009172195968986012,2807,2692,64025.8
2026-07-25 03:40:54,okx,BTC,BTC-USD-260731-53000-P,2026-07-31,53000,put,0.0000440479310915,0.0001,0.0002,0.5173556613306135,-0.002228639725797482,0.1064903142083973,0.00000893762990292503,-0.00003740953745366792,15364,15,64025.8
2026-07-25 03:40:54,okx,BTC,BTC-USD-260731-53000-C,2026-07-31,53000,call,0.1727291755303379,0.1715,0.174,0.5173556613306135,0.8249195156447146,-1.5478059965326267,0.00000893762990292503,-0.00003267850886639851,571,0,64025.8
2026-07-25 03:40:54,okx,BTC,BTC-USD-260726-63500-P,2026-07-26,63500,put,0.0005585571019973,0.0006,0.0007,0.13890314303255843,-0.13916452350190553,28.269455108794162,0.00012569110559177012,-0.0007397971786088488,6410,6338,64025.8
2026-07-25 03:40:54,okx,BTC,BTC-USD-260726-63500-C,2026-07-26,63500,call,0.0090705531267553,0.0085,0.01,0.13890314303255843,0.8522896054534372,26.286546850883475,0.00012569110559177012,-0.000739563930828484,200,400,64025.8
2026-07-25 03:40:54,okx,BTC,BTC-USD-260725-65250-P,2026-07-25,65250,put,0.0191188824697378,0.0185,0.0195,0.3823365752102719,-1.005972099340784,5.9931424672214275,0.0000075046004864761235,-0.00014346416241603108,1516,997,64025.8
2026-07-25 03:40:54,okx,BTC,BTC-USD-260925-75000-P,2026-09-25,75000,put,0.1752059570776423,0.172,0.178,0.34571009268485464,-1.0146666520851582,3.738298368839811,0.0010064744933846368,-0.0002797914490025873,6971,0,64025.8
2026-07-25 03:40:54,okx,BTC,BTC-USD-260725-65250-C,2026-07-25,65250,call,0.0000388653649413,,0.0002,0.3823365752102719,0.013106326158711152,3.9549856162224377,0.0000075046004864761235,-0.00014346416241603108,10089,11951,64025.8
2026-07-25 03:40:54,okx,BTC,BTC-USD-260925-75000-C,2026-09-25,75000,call,0.0113280432205015,0.0115,0.012,0.34571009268485464,0.14921487408132308,1.4105353165068482,0.0010064744933846368,-0.0002797914490025873,13054,352,64025.8
2026-07-25 03:40:54,okx,BTC,BTC-USD-260925-40000-P,2026-09-25,40000,put,0.0028081366519824,0.003,0.0031,0.6357981384979572,-0.028496309413303455,0.28483191283107306,0.0002467774135792284,-0.00012616656113613515,72578,11,64025.8
2026-07-25 03:40:54,okx,BTC,BTC-USD-260925-40000-C,2026-09-25,40000,call,0.3820732492615073,0.381,0.3835,0.6357981384979572,0.5922405045421532,-0.9566417150798402,0.0002467774135792284,-0.00012616656113613515,973,0,64025.8
2026-07-25 03:40:54,okx,BTC,BTC-USD-260731-52000-C,2026-07-31,52000,call,0.1883117952778808,0.1875,0.1895,0.5267366522536667,0.8104814277392466,-1.5700368272589444,0.000004541775913227525,-0.00001419632537634495,960,0,64025.8
2026-07-25 03:40:54,okx,BTC,BTC-USD-261225-50000-C,2026-12-25,50000,call,0.2598877861546257,0.2585,0.2615,0.4690492073183757,0.5857147488628657,-0.3920058465062971,0.0015342673952226174,-0.00023360584933989186,510,0,64025.8
2026-07-25 03:40:54,okx,BTC,BTC-USD-260731-52000-P,2026-07-31,52000,put,0.0000201474106794,,0.0003,0.5267366522536667,-0.001060158662010488,0.053046345543569656,0.000004541775913227525,-0.000019354931191372974,49200,0,64025.8
2026-07-25 03:40:54,okx,BTC,BTC-USD-261225-45000-P,2026-12-25,45000,put,0.0178653827397794,0.018,0.0185,0.5086177315571001,-0.11710002468280303,0.7637409507198585,0.0011303165235470294,-0.00018756565215207783,24987,165,64025.8
2026-07-25 03:40:54,okx,BTC,BTC-USD-260828-46000-C,2026-08-28,46000,call,0.2858458462587915,0.285,0.2875,0.5809002936502241,0.6893798766396493,-1.0563955082693297,0.0001753585992801638,-0.00014604205052787004,20,0,64025.8
2026-07-25 03:40:54,okx,BTC,BTC-USD-261225-45000-C,2026-12-25,45000,call,0.326395678562098,0.326,0.3285,0.5086177315571001,0.5736057504246052,-0.6176705994949578,0.0011303165235470294,-0.0001860263818426413,163,0,64025.8
2026-07-25 03:40:54,okx,BTC,BTC-USD-260828-46000-P,2026-08-28,46000,put,0.0017406984472692,0.0018,0.0019,0.5809002936502241,-0.02616188782135271,0.37468802065267415,0.0001753585992801638,-0.00014899594251052014,13263,0,64025.8
2026-07-25 03:40:54,okx,BTC,BTC-USD-261225-60000-C,2026-12-25,60000,call,0.1473439060296626,0.147,0.1485,0.41871335916050373,0.5208848622919923,0.29435028067319646,0.0023478554401654447,-0.00032015493478036814,527,0,64025.8
2026-07-25 03:40:54,okx,BTC,BTC-USD-261225-55000-P,2026-12-25,55000,put,0.0444352521119905,0.044,0.0455,0.43953435704229793,-0.27557666953505544,1.6201537888352235,0.001971876837385957,-0.0002826833475834272,11707,157,64025.8
2026-07-25 03:40:54,okx,BTC,BTC-USD-261225-55000-C,2026-12-25,55000,call,0.199475375652766,0.1985,0.201,0.43953435704229793,0.5686192778184433,-0.06823810587177404,0.001971876837385957,-0.000281909846043484,680,0,64025.8
2026-07-25 03:40:54,okx,BTC,BTC-USD-261225-50000-P,2026-12-25,50000,put,0.0281025764730787,0.0285,0.029,0.4690492073183757,-0.1817361123675877,1.1428958759546097,0.0015342673952226174,-0.0002347622352645817,15036,130,64025.8
2026-07-25 03:40:54,okx,BTC,BTC-USD-261225-25000-P,2026-12-25,25000,put,0.0035377732978153,0.0032,0.0039,0.7842591837706234,-0.019792058858242728,0.11943232738972924,0.00026280514636097853,-0.00006725856409153524,42167,0,64025.8
2026-07-25 03:40:54,okx,BTC,BTC-USD-261225-70000-C,2026-12-25,70000,call,0.0728347908708932,0.0725,0.0735,0.39768643471742277,0.36610236585689393,0.7971634611548736,0.002552477370139634,-0.0003309742405829738,12149,830,64025.8
2026-07-25 03:40:54,okx,BTC,BTC-USD-261225-25000-C,2026-12-25,25000,call,0.6190484136832196,0.6185,0.621,0.7842591837706234,0.363933371756984,-0.6480185338407242,0.00026280514636097853,-0.00006418775624311198,1,0,64025.8
2026-07-25 03:40:54,okx,BTC,BTC-USD-261225-65000-P,2026-12-25,65000,put,0.1034962695273007,0.103,0.1045,0.4052350314498543,-0.5486030317406506,2.601493115909141,0.002558272302116733,-0.0003378770004034027,14772,1567,64025.8
2026-07-25 03:40:54,okx,BTC,BTC-USD-261225-65000-C,2026-12-25,65000,call,0.1050462207865333,0.1045,0.106,0.4052350314498543,0.44908308785893886,0.606120876709962,0.002558272302116733,-0.00033786926763295294,11964,2004,64025.8
2026-07-25 03:40:54,okx,BTC,BTC-USD-261225-60000-P,2026-12-25,60000,put,0.0690488686296586,0.069,0.07,0.41871335916050373,-0.4000561711845519,2.1362323476262848,0.0023478554401654447,-0.0003205455519355646,16051,1377,64025.8
2026-07-25 03:40:54,okx,BTC,BTC-USD-260828-48000-C,2026-08-28,48000,call,0.2552713765426636,0.254,0.257,0.5428057079154884,0.7114862998490581,-0.9810140456722669,0.00022464903405585175,-0.00017572644750848336,108,0,64025.8
2026-07-25 03:40:54,okx,BTC,BTC-USD-261225-35000-P,2026-12-25,35000,put,0.0077999650579459,0.008,0.0085,0.622445008333645,-0.04864053815811404,0.31459648181158706,0.000567676050782883,-0.00011529834488393867,22590,100,64025.8
2026-07-25 03:40:54,okx,BTC,BTC-USD-261225-80000-C,2026-12-25,80000,call,0.0333713235570794,0.0325,0.033,0.3939449219023153,0.21471312172601842,0.810225403014656,0.0020494826100535936,-0.00026337427894905713,13591,25,64025.8
2026-07-25 03:40:54,okx,BTC,BTC-USD-260828-48000-P,2026-08-28,48000,put,0.0022766434239278,0.0024,0.0026,0.5428057079154884,-0.03516597611024821,0.5122905062463458,0.00022464903405585175,-0.00017835687540906383,7724,0,64025.8
2026-07-25 03:40:54,okx,BTC,BTC-USD-261225-35000-C,2026-12-25,35000,call,0.4698204331618072,0.4695,0.472,0.622445008333645,0.48857506470320333,-0.7598347239110477,0.000567676050782883,-0.00011299330580500879,150,0,64025.8
2026-07-25 03:40:54,okx,BTC,BTC-USD-261225-75000-P,2026-12-25,75000,put,0.2014607127388769,0.1935,0.2065,0.3942223183283295,-0.8661035148565677,3.1573922693597742,0.0023578794254504403,-0.00030240558606805363,3743,0,64025.8
2026-07-25 03:40:54,okx,BTC,BTC-USD-260828-52000-C,2026-08-28,52000,call,0.1949804243331547,0.189,0.205,0.4747599329954228,0.7417052236046137,-0.6320952643942899,0.0003784800953588613,-0.00026082739419841354,0,0,64025.8
2026-07-25 03:40:54,okx,BTC,BTC-USD-261225-30000-P,2026-12-25,30000,put,0.005314667841981,0.005,0.006,0.6977149819543738,-0.03148137900592301,0.19728465433608497,0.00039330904361619654,-0.00008954708864891261,20860,0,64025.8
2026-07-25 03:40:54,okx,BTC,BTC-USD-261225-52000-P,2026-12-25,52000,put,0.0337770000117132,0.0335,0.0345,0.4561118255553695,-0.21552782944014126,1.3242553232856875,0.0017097355934907574,-0.0002543787010181692,7153,699,64025.8
2026-07-25 03:40:54,okx,BTC,BTC-USD-261225-75000-C,2026-12-25,75000,call,0.0495204917165664,0.0485,0.0495,0.3942223183283295,0.2850727769891126,0.855039685668414,0.0023578794254504403,-0.00030316362206709717,6738,106,64025.8
2026-07-25 03:40:54,okx,BTC,BTC-USD-260828-52000-P,2026-08-28,52000,put,0.0042065205999921,0.0043,0.0044,0.4747599329954228,-0.06716807535130156,0.9856513335175406,0.0003784800953588613,-0.00026281089393485473,8938,411,64025.8
2026-07-25 03:40:54,okx,BTC,BTC-USD-261225-30000-C,2026-12-25,30000,call,0.5440802220866139,0.5435,0.546,0.6977149819543738,0.42898913773234904,-0.7236563791404591,0.00039330904361619654,-0.00008685916518523603,4075,0,64025.8
2026-07-25 03:40:54,okx,BTC,BTC-USD-261225-52000-C,2026-12-25,52000,call,0.2348641752369516,0.234,0.2365,0.4561118255553695,0.5826210662395304,-0.27204246807365556,0.0017097355934907574,-0.00025337546884737804,50,0,64025.8
2026-07-25 03:40:54,okx,BTC,BTC-USD-261225-70000-P,2026-12-25,70000,put,0.1480299257524323,0.147,0.149,0.39768643471742277,-0.7083288398657408,2.9460258726001434,0.002552477370139634,-0.0003305990889686769,13401,465,64025.8
2026-07-25 03:40:54,okx,BTC,BTC-USD-261225-90000-C,2026-12-25,90000,call,0.0153723971953911,0.0145,0.015,0.40039471535136245,0.11611392604492644,0.5895798885798395,0.0013809171835922596,-0.00018040120963613916,14264,1,64025.8
2026-07-25 03:40:54,okx,BTC,BTC-USD-261225-85000-P,2026-12-25,85000,put,0.3279591902099859,0.3185,0.333,0.3961895871367044,-1.1461424981240846,3.318104242804689,0.0017056227085976952,-0.00021893768313002002,1681,0,64025.8
2026-07-25 03:40:54,okx,BTC,BTC-USD-261225-40000-P,2026-12-25,40000,put,0.0116307110636838,0.012,0.0125,0.5594637068333611,-0.07520137111430686,0.4941933428432778,0.000807188538670254,-0.000147347909361129,10724,787,64025.8
2026-07-25 03:40:54,okx,BTC,BTC-USD-261225-85000-C,2026-12-25,85000,call,0.0225287969061322,0.0215,0.0225,0.3961895871367044,0.15852396596768611,0.7087713146211477,0.0017056227085976952,-0.00022046148789855693,23720,33,64025.8
2026-07-25 03:40:54,okx,BTC,BTC-USD-261225-40000-C,2026-12-25,40000,call,0.3969060930267737,0.3965,0.399,0.5594637068333611,0.5387593178700558,-0.7337280351254477,0.000807188538670254,-0.00014542575466694577,1,0,64025.8
2026-07-25 03:40:54,okx,BTC,BTC-USD-261225-80000-P,2026-12-25,80000,put,0.2620566307201613,0.253,0.267,0.3939449219023153,-1.013208256242707,3.2660681589521072,0.0020494826100535936,-0.00026223335856526695,6209,0,64025.8
2026-07-25 03:40:54,okx,BTC,BTC-USD-261225-100000-C,2026-12-25,100000,call,0.0075645959906209,0.007,0.0075,0.412902438945007,0.06303542707698201,0.37910661575878507,0.000875387802935225,-0.00011794432821000963,21807,0,64025.8
2026-07-25 03:40:54,okx,BTC,BTC-USD-261225-95000-P,2026-12-25,95000,put,0.4695910390246235,0.4605,0.4745,0.40609339242356457,-1.3729664967055346,3.392552581914098,0.0011020057217830715,-0.0001437328447460522,763,0,64025.8
2026-07-25 03:40:54,okx,BTC,BTC-USD-260925-52000-C,2026-09-25,52000,call,0.2041371264192575,0.2035,0.205,0.4611929841257844,0.6850001364219233,-0.3766159800921469,0.0007804723298591448,-0.0002894408388843967,550,0,64025.8
2026-07-25 03:40:54,okx,BTC,BTC-USD-261225-95000-C,2026-12-25,95000,call,0.0106704734392271,0.01,0.0105,0.40609339242356457,0.0851901396323268,0.4762393092383748,0.0011020057217830715,-0.00014602241828408247,10127,5,64025.8
2026-07-25 03:40:54,okx,BTC,BTC-USD-260925-52000-P,2026-09-25,52000,put,0.0110924800268752,0.0105,0.011,0.4611929841257844,-0.12195772172017039,1.2372997361920404,0.0007804723298591448,-0.0002894408388843967,18047,16,64025.8
2026-07-25 03:40:54,okx,BTC,BTC-USD-261225-90000-P,2026-12-25,90000,put,0.397547876640016,0.388,0.4025,0.40039471535136245,-1.2652976241698897,3.352402989009472,0.0013809171835922596,-0.0001784945204828556,1860,0,64025.8
2026-07-25 03:40:54,okx,BTC,BTC-USD-261225-110000-C,2026-12-25,110000,call,0.0040735150328554,0.0037,0.0042,0.4286684180210563,0.03595288699454162,0.23852857455538168,0.0005584706141959835,-0.00007812264110116595,9074,0,64025.8
2026-07-25 03:40:54,okx,BTC,BTC-USD-261225-105000-P,2026-12-25,105000,put,0.6178978925868835,0.5935,0.64,0.4205108066612253,-1.5644013008520352,3.523706085698856,0.0006969108017499172,-0.0000925755301926705,0,0,64025.8
2026-07-25 03:40:54,okx,BTC,BTC-USD-261225-105000-C,2026-12-25,105000,call,0.0054871547199442,0.005,0.0055,0.4205108066612253,0.04724550773191698,0.3004124685309514,0.0006969108017499172,-0.0000956308725001941,15203,0,64025.8
2026-07-25 03:40:54,okx,BTC,BTC-USD-261225-100000-P,2026-12-25,100000,put,0.543230247716789,0.5345,0.5485,0.412902438945007,-1.4718662953839248,3.448910060680599,0.000875387802935225,-0.0001152718702872327,320,0,64025.8
2026-07-25 03:40:54,okx,BTC,BTC-USD-261225-120000-C,2026-12-25,120000,call,0.0023966753115473,0.0021,0.0026,0.4458762204967831,0.021844559675351365,0.1534597260519254,0.00036890761377663485,-0.00005367885780742414,5558,10,64025.8
2026-07-25 03:40:54,okx,BTC,BTC-USD-261225-115000-P,2026-12-25,115000,put,0.7689931820959697,0.02,1.534,0.4371760110534665,-1.7373346855222584,3.720808534866181,0.0004515918686846133,-0.000060605682836961724,0,0,64025.8
2026-07-25 03:40:54,okx,BTC,BTC-USD-261225-115000-C,2026-12-25,115000,call,0.0030922719474874,0.0028,0.0032,0.4371760110534665,0.02780229530778444,0.190534573206095,0.0004515918686846133,-0.00006442679391397868,3720,15,64025.8
2026-07-25 03:40:54,okx,BTC,BTC-USD-261225-110000-P,2026-12-25,110000,put,0.6932293390405664,0.685,0.6995,0.4286684180210563,-1.652439007712456,3.6153123639693767,0.0005584706141959835,-0.00007468441440889567,421,0,64025.8
2026-07-25 03:40:54,okx,BTC,BTC-USD-261225-130000-C,2026-12-25,130000,call,0.001520720299461,0.0012,0.0017,0.4633898351337714,0.014097825389978292,0.10239848259969658,0.00025396814108181185,-0.000038406791376968505,7224,0,64025.8
2026-07-25 03:40:54,okx,BTC,BTC-USD-261225-125000-P,2026-12-25,125000,put,0.921284093704983,0.0001,1.838,0.4546459314066836,-1.901201325244114,3.962010000442489,0.00030453363422085797,-0.00004059724491649091,0,0,64025.8
2026-07-25 03:40:54,okx,BTC,BTC-USD-261225-125000-C,2026-12-25,125000,call,0.0018930112749576,0.0016,0.0021,0.4546459314066836,0.017425827832019694,0.12475569429022115,0.00030453363422085797,-0.00004518412476300121,9872,0,64025.8
2026-07-25 03:40:54,okx,BTC,BTC-USD-261225-120000-P,2026-12-25,120000,put,0.845042671600801,0.8365,0.852,0.4458762204967831,-1.820037507277737,3.837223859958102,0.00036890761377663485,-0.0000494748623456605,517,0,64025.8
2026-07-25 03:40:54,okx,BTC,BTC-USD-261225-150000-C,2026-12-25,150000,call,0.0007228987440602,0.0004,0.0008,0.49689935200676966,0.006777866451386201,0.050778473875936585,0.00013415888818214534,-0.000021756245914478135,6962,0,64025.8
2026-07-25 03:40:54,okx,BTC,BTC-USD-261225-140000-P,2026-12-25,140000,put,1.150650956027964,0.0001,2.296,0.48052678126142445,-2.139286232375022,4.368649022725424,0.0001816512744628045,-0.000022751432357346766,0,0,64025.8
2026-07-25 03:40:54,okx,BTC,BTC-USD-261225-140000-C,2026-12-25,140000,call,0.0010246151756243,0.0007,0.0011,0.48052678126142445,0.009576179070247675,0.07092419983488453,0.0001816512744628045,-0.000028486965358097115,8756,0,64025.8
2026-07-25 03:40:54,okx,BTC,BTC-USD-261225-130000-P,2026-12-25,130000,put,0.9976568888702578,0.966,1.03,0.4633898351337714,-1.9812744138092007,4.093142960998055,0.00025396814108181185,-0.000033437027145711506,0,0,64025.8
2026-07-25 03:40:54,okx,BTC,BTC-USD-261225-170000-C,2026-12-25,170000,call,0.0003960136137526,0.0001,0.0007,0.526668884544702,0.003713227060465121,0.02814145030208803,0.00007861492581223608,-0.000013512858904438233,4275,0,64025.8
2026-07-25 03:40:54,okx,BTC,BTC-USD-261225-160000-P,2026-12-25,160000,put,1.457134774562905,0.0001,2.908,0.5123076149508516,-2.4508883859385575,4.949062411395954,0.00010166445757169085,-0.0000097310426140822,0,0,64025.8
2026-07-25 03:40:54,okx,BTC,BTC-USD-261225-160000-C,2026-12-25,160000,call,0.0005280891474795,0.0006,0.0008,0.5123076149508516,0.004954369998893301,0.03737689952105285,0.00010166445757169085,-0.000016998113153819264,2441,0,64025.8
2026-07-25 03:40:54,okx,BTC,BTC-USD-261225-150000-P,2026-12-25,150000,put,1.3038394118779428,0.0001,2.602,0.49689935200676966,-2.2955747172399743,4.655483641258658,0.00013415888818214534,-0.000015254944144234433,0,0,64025.8
2026-07-25 03:40:54,okx,BTC,BTC-USD-261225-200000-C,2026-12-25,200000,call,0.0001847620918992,,0.0005,0.5635493945152013,0.001728951946465993,0.01322569888408731,0.000039457621098975404,-0.000007257311983340189,3174,0,64025.8
2026-07-25 03:40:54,okx,BTC,BTC-USD-261225-180000-P,2026-12-25,180000,put,1.7638899318372838,0.0001,3.521,0.5399719045592498,-2.759985458791726,5.547224928827985,0.00006176048015380806,-0.000002085418607369136,0,0,64025.8
2026-07-25 03:40:54,okx,BTC,BTC-USD-261225-180000-C,2026-12-25,180000,call,0.0003029018587722,,0.0006,0.5399719045592498,0.0028376416379066313,0.02157872796872045,0.00006176048015380806,-0.00001088402668609291,1510,0,64025.8
2026-07-25 03:40:54,okx,BTC,BTC-USD-261225-170000-P,2026-12-25,170000,put,1.610492871310721,0.0001,3.2145,0.526668884544702,-2.6056197011230764,5.246807306669171,0.00007861492581223608,-0.000005480019595207814,0,0,64025.8
2026-07-25 03:40:54,okx,BTC,BTC-USD-261225-240000-C,2026-12-25,240000,call,0.0000758102308622,,0.0004,0.6003711431102394,0.0007121683150272623,0.005529495037443728,0.00001752076451446783,-0.0000034331524273487797,1170,0,64025.8
2026-07-25 03:40:54,okx,BTC,BTC-USD-260828-62000-C,2026-08-28,62000,call,0.0635386375822,0.063,0.064,0.3646285436335196,0.5832333684694277,2.1621558161624987,0.0011365638011846685,-0.0006055771922837846,32727,10,64025.8
2026-07-25 03:40:54,okx,BTC,BTC-USD-261225-220000-P,2026-12-25,220000,put,2.377664669268957,0.0001,4.7465,0.5834990471324231,-3.3756884746174793,6.762002493592513,0.000026019587623910278,0.000006906525334522014,0,0,64025.8
2026-07-25 03:40:54,okx,BTC,BTC-USD-260828-62000-P,2026-08-28,62000,put,0.0283168073129695,0.028,0.0285,0.3646285436335196,-0.38119248797800964,4.091007529057373,0.0011365638011846685,-0.0006059433716098776,17729,1859,64025.8
2026-07-25 03:40:54,okx,BTC,BTC-USD-260828-69000-P,2026-08-28,69000,put,0.0897516568712803,0.087,0.0915,0.3426244409461033,-0.8237553291907079,4.774814878754666,0.0010033837806761984,-0.0005019694764553316,445,0,64025.8
2026-07-25 03:40:54,okx,BTC,BTC-USD-261225-220000-C,2026-12-25,220000,call,0.0001169501642741,,0.0004,0.5834990471324231,0.001095314796515757,0.008434914764522647,0.000026019587623910278,-0.0000049551578221751835,3684,0,64025.8
2026-07-25 03:40:54,okx,BTC,BTC-USD-260828-69000-C,2026-08-28,69000,call,0.016087035715758,0.016,0.0165,0.3426244409461033,0.2495573175007951,2.62818958537166,0.0010033837806761984,-0.0005027354214164825,2776,336,64025.8
2026-07-25 03:40:54,okx,BTC,BTC-USD-261225-200000-P,2026-12-25,200000,put,2.0707521366334967,0.0001,4.1335,0.5635493945152013,-3.068074492975348,6.152832588727715,0.000039457621098975404,0.0000030728336343703006,0,0,64025.8
2026-07-25 03:40:54,okx,BTC,BTC-USD-260731-57000-P,2026-07-31,57000,put,0.0005544284170846,0.0005,0.0006,0.4614008574808029,-0.02461800859153548,0.9919831719558458,0.00007364885253814464,-0.00027491925723481146,8571,2,64025.8
2026-07-25 03:40:54,okx,BTC,BTC-USD-260731-57000-C,2026-07-31,57000,call,0.1108134749445121,0.11,0.1125,0.4614008574808029,0.8649564226559964,-0.7871656905392179,0.00007364885253814464,-0.00027189853755857645,1436,0,64025.8
2026-07-25 03:40:54,okx,BTC,BTC-USD-261225-240000-P,2026-12-25,240000,put,2.6846038738986313,0.0001,5.3725,0.6003711431102394,-3.6830519655911496,7.373057762849798,0.00001752076451446783,0.000009960068268335136,0,0,64025.8
2026-07-25 03:40:54,okx,BTC,BTC-USD-260726-66250-P,2026-07-26,66250,put,0.0344468054529572,0.034,0.035,0.23183467014308617,-1.029195175129109,3.19777611878098,0.00000853928046496205,-0.00008294523366042433,244,130,64025.8
2026-07-25 03:40:54,okx,BTC,BTC-USD-260726-66250-C,2026-07-26,66250,call,0.0000217445448756,,0.0002,0.23183467014308617,0.005195943662882229,1.1289938811969968,0.00000853928046496205,-0.00008388834175423148,2420,1215,64025.8
2026-07-25 03:40:54,okx,BTC,BTC-USD-260731-92000-C,2026-07-31,92000,call,0.0000547787556058,,0.0002,0.92654005074985,0.0015783461146156121,0.04057956069029604,0.000006861169153837595,-0.00005143212034371557,1852,0,64025.8
2026-07-25 03:40:54,okx,BTC,BTC-USD-261225-58000-C,2026-12-25,58000,call,0.1670800444933357,0.1665,0.1685,0.42608636733239774,0.5434210601865601,0.15022177823671537,0.0022120698762836013,-0.0003068218339546621,253,0,64025.8
2026-07-25 03:40:54,okx,BTC,BTC-USD-260725-64750-P,2026-07-25,64750,put,0.0113045891452805,0.0105,0.012,0.23920687923696826,-0.9937538436106945,10.143656851773809,0.000009618929684555575,-0.00011504570757211873,5115,6055,64025.8
2026-07-25 03:40:54,okx,BTC,BTC-USD-260731-92000-P,2026-07-31,92000,put,0.4360239416065943,0.0001,,0.92654005074985,-1.4342259990568393,2.912188251033206,0.000006861169153837595,-0.0000394876370483992,0,0,64025.8
2026-07-25 03:40:54,okx,BTC,BTC-USD-261225-58000-P,2026-12-25,58000,put,0.0580869726370231,0.058,0.059,0.42608636733239774,-0.346821938840766,1.9307077762913676,0.0022120698762836013,-0.00030736560486375726,4369,797,64025.8
2026-07-25 03:40:54,okx,BTC,BTC-USD-260731-120000-C,2026-07-31,120000,call,0.0000010183417784,,0.0002,1.1803546863019396,0.000029408609847444564,0.0007800900951230074,0.00000016765590991818204,-0.0000016010636784899173,5072,0,64025.8
2026-07-25 03:40:54,okx,BTC,BTC-USD-260731-120000-P,2026-07-31,120000,put,0.8729527486954999,0.871,0.875,1.1803546863019396,-1.8727588677007458,3.7463566427163095,0.00000016765590991818204,0.000022315581994067528,12,0,64025.8
2026-07-25 03:40:54,okx,BTC,BTC-USD-260725-64750-C,2026-07-25,64750,call,0.0000336143171489,0.0001,0.0002,0.23920687923696826,0.017515551808344607,8.12111806093573,0.000009618929684555575,-0.00011504570757211873,2899,5399,64025.8
2026-07-25 03:40:54,okx,BTC,BTC-USD-260925-62000-C,2026-09-25,62000,call,0.0818054433930447,0.081,0.082,0.3781306457058313,0.5457251686248382,1.33297420547223,0.0015617376416709686,-0.00047486434275646766,6649,0,64025.8
2026-07-25 03:40:54,okx,BTC,BTC-USD-260731-65500-C,2026-07-31,65500,call,0.0078280754966079,0.008,0.0085,0.31804946799708445,0.2955112679916947,7.851561101225448,0.00045463451384284315,-0.0011696670023762434,3262,2184,64025.8
2026-07-25 03:40:54,okx,BTC,BTC-USD-260925-62000-P,2026-09-25,62000,put,0.0439445188482811,0.043,0.0435,0.3781306457058313,-0.41641689300611967,3.257258328734146,0.0015617376416709686,-0.00047486434275646766,13330,533,64025.8
2026-07-25 03:40:54,okx,BTC,BTC-USD-260731-65500-P,2026-07-31,65500,put,0.0302244512467957,0.0295,0.032,0.31804946799708445,-0.7267189994945041,9.896021636197846,0.00045463451384284315,-0.0011690533156165303,2716,1101,64025.8
2026-07-25 03:40:54,okx,BTC,BTC-USD-261225-68000-P,2026-12-25,68000,put,0.1290627786052358,0.1285,0.13,0.40013346822720103,-0.6440126531603242,2.8247546697128336,0.002580544410968261,-0.0003363983013693123,602,800,64025.8
2026-07-25 03:40:54,okx,BTC,BTC-USD-261225-68000-C,2026-12-25,68000,call,0.0845656781800054,0.084,0.085,0.40013346822720103,0.39972051811309256,0.7372883271660003,0.002580544410968261,-0.00033662029922971044,5694,260,64025.8
2026-07-25 03:40:54,okx,BTC,BTC-USD-260731-67000-P,2026-07-31,67000,put,0.0487794280614973,0.0475,0.051,0.3169568537006937,-0.9053348043119585,7.292421635111988,0.0002941791509363426,-0.000753055047143856,1710,80,64025.8
2026-07-25 03:40:54,okx,BTC,BTC-USD-260731-67000-C,2026-07-31,67000,call,0.0029732719093774,0.0034,0.0035,0.3169568537006937,0.1403053166281229,5.201141393231825,0.0002941791509363426,-0.0007543100997452071,11928,1579,64025.8
2026-07-25 03:40:54,okx,BTC,BTC-USD-260725-72000-P,2026-07-25,72000,put,0.1245020878397755,0.006,0.129,0.6341503529629197,-1.1245003315856497,2.249000663171324,0.00000000000000000007823063383815118,-0.0000000000000000024804992030488247,0,0,64025.8
2026-07-25 03:40:54,okx,BTC,BTC-USD-260725-72000-C,2026-07-25,72000,call,0.0000000000000001,,0.0002,0.6341503529629197,0.00000000000000004166076785436098,0.00000000000002493837112873245,0.00000000000000000007823063383815118,-0.0000000000000000024804992030488247,1608,0,64025.8
2026-07-25 03:40:54,okx,BTC,BTC-USD-261225-62000-C,2026-12-25,62000,call,0.1291962547209471,0.129,0.13,0.4125140928133893,0.494419777801718,0.43011131719634965,0.002456491235750853,-0.00033012235895875646,958,0,64025.8
2026-07-25 03:40:54,okx,BTC,BTC-USD-261225-62000-P,2026-12-25,62000,put,0.0815992517772517,0.0815,0.0825,0.4125140928133893,-0.4572192901240443,2.3333894530478743,0.002456491235750853,-0.00033035982236005425,4733,1479,64025.8
2026-07-25 03:40:54,okx,BTC,BTC-USD-260828-50000-C,2026-08-28,50000,call,0.2249350988644535,0.2235,0.227,0.5072824663108286,0.7296316672125307,-0.8478270311436358,0.0002904555492164577,-0.0002132014052870576,151,0,64025.8
2026-07-25 03:40:54,okx,BTC,BTC-USD-260731-65000-C,2026-07-31,65000,call,0.0105033456215318,0.0105,0.011,0.3213974786581539,0.36177998416649043,8.321681423498534,0.0004922151581984153,-0.0012796305038326498,13143,2920,64025.8
2026-07-25 03:40:54,okx,BTC,BTC-USD-260828-50000-P,2026-08-28,50000,put,0.0030507804385042,0.0032,0.0033,0.5072824663108286,-0.04813112024508018,0.7076985437715859,0.0002904555492164577,-0.0002155083691055684,11372,1846,64025.8
2026-07-25 03:40:54,okx,BTC,BTC-USD-260828-65000-C,2026-08-28,65000,call,0.0373059234336079,0.037,0.0375,0.34875746245512396,0.4412623510207517,2.848906834950146,0.0012186460706915324,-0.0006213389961760499,6566,512,64025.8
2026-07-25 03:40:54,okx,BTC,BTC-USD-260828-65000-P,2026-08-28,65000,put,0.0487497152035571,0.0485,0.049,0.34875746245512396,-0.5698292726741424,4.871090082339934,0.0012186460706915324,-0.0006212199793790384,7416,50,64025.8
2026-07-25 03:40:54,okx,BTC,BTC-USD-260828-66000-C,2026-08-28,66000,call,0.0305586836067389,0.0305,0.031,0.3454679493696446,0.3903224173311943,2.9175254128575,0.0011963913601822482,-0.0006042981799249674,11732,223,64025.8
2026-07-25 03:40:54,okx,BTC,BTC-USD-260828-66000-P,2026-08-28,66000,put,0.0575576827230812,0.0575,0.058,0.3454679493696446,-0.6363244621128519,4.970819171745593,0.0011963913601822482,-0.000604017431086921,6456,381,64025.8
2026-07-25 03:40:54,okx,BTC,BTC-USD-260731-65000-P,2026-07-31,65000,put,0.0250964612377421,0.0245,0.0265,0.3213974786581539,-0.652646998835081,10.350535389501676,0.0004922151581984153,-0.001279230605686816,4656,2319,64025.8
2026-07-25 03:40:54,okx,BTC,BTC-USD-260828-55000-C,2026-08-28,55000,call,0.1512936464624285,0.145,0.161,0.4322732297226333,0.7414462580004832,-0.09041601890145702,0.0005636698690800712,-0.00035486309176195754,84,0,64025.8
2026-07-25 03:40:54,okx,BTC,BTC-USD-260828-55000-P,2026-08-28,55000,put,0.0071853647684455,0.007,0.0075,0.4322732297226333,-0.11409280820288871,1.6206621135052868,0.0005636698690800712,-0.00035636139537529427,16158,192,64025.8
2026-07-25 03:40:54,okx,BTC,BTC-USD-260828-60000-C,2026-08-28,60000,call,0.0855028334380861,0.084,0.088,0.3794591701660581,0.6561699534829263,1.4692841320032057,0.0009884212852872814,-0.0005477740237863953,7873,0,64025.8
2026-07-25 03:40:54,okx,BTC,BTC-USD-260828-60000-P,2026-08-28,60000,put,0.0191705884760693,0.019,0.0195,0.3794591701660581,-0.27714539146620665,3.335914821901472,0.0009884212852872814,-0.0005484636671945578,24518,552,64025.8
2026-07-25 03:40:54,okx,BTC,BTC-USD-260828-72000-C,2026-08-28,72000,call,0.008305013936277,0.008,0.0085,0.3489289173291202,0.14761902534960766,1.9449028763630591,0.0007319660012853995,-0.00037353045879243016,17919,2958,64025.8
2026-07-25 03:40:54,okx,BTC,BTC-USD-260828-72000-P,2026-08-28,72000,put,0.1286352571309789,0.126,0.1305,0.3489289173291202,-0.972359388589352,4.184859704240979,0.0007319660012853995,-0.0003722793177081748,1089,0,64025.8
2026-07-25 03:40:54,okx,BTC,BTC-USD-260828-74000-C,2026-08-28,74000,call,0.0054457257909984,0.005,0.0055,0.35727534128288435,0.10282290561745974,1.4945640508841074,0.0005688322089152604,-0.00029723711289980225,10054,3365,64025.8
2026-07-25 03:40:54,okx,BTC,BTC-USD-260828-74000-P,2026-08-28,74000,put,0.1568863836784868,0.1545,0.159,0.35727534128288435,-1.0482660198198044,3.796741901758635,0.0005688322089152604,-0.0002956625077334773,1338,0,64025.8
2026-07-25 03:40:54,okx,BTC,BTC-USD-260828-68000-C,2026-08-28,68000,call,0.0200275492931664,0.02,0.0205,0.3424645151577895,0.2930649443941266,2.7940849135043146,0.0010840229658883682,-0.0005428577488394598,10963,501,64025.8
2026-07-25 03:40:54,okx,BTC,BTC-USD-260828-68000-P,2026-08-28,68000,put,0.0781369631022953,0.0755,0.08,0.3424645151577895,-0.7646924465482242,4.909599695389016,0.0010840229658883682,-0.0005422535359193439,2053,0,64025.8
2026-07-25 03:40:54,okx,BTC,BTC-USD-260828-70000-C,2026-08-28,70000,call,0.0128933892287005,0.0125,0.013,0.3438021599357479,0.2106502801411927,2.41843824105238,0.0009142513326398856,-0.00045966993649977005,12730,300,64025.8
2026-07-25 03:40:54,okx,BTC,BTC-USD-260828-70000-P,2026-08-28,70000,put,0.1021132177306159,0.099,0.104,0.3438021599357479,-0.8782176222994624,4.59617404593369,0.0009142513326398856,-0.0004587422594975844,2259,0,64025.8
2026-07-25 03:40:54,okx,BTC,BTC-USD-260828-80000-C,2026-08-28,80000,call,0.00189589681708,0.0019,0.002,0.396180913344795,0.038497051312632126,0.6394158237054369,0.00026578700857228803,-0.00015401756364099358,3727,27,64025.8
2026-07-25 03:40:54,okx,BTC,BTC-USD-260828-80000-P,2026-08-28,80000,put,0.2466677987829279,0.2445,0.2485,0.396180913344795,-1.2059234086195452,3.1282567435697914,0.00026578700857228803,-0.0001514725662284597,387,0,64025.8
2026-07-25 03:40:54,okx,BTC,BTC-USD-260828-82000-C,2026-08-28,82000,call,0.0014444017517067,0.0015,0.0016,0.41214578619270764,0.029332433272559588,0.492344604346703,0.00021266133374524718,-0.0001281997139583367,3278,0,64025.8
2026-07-25 03:40:54,okx,BTC,BTC-USD-260828-82000-P,2026-08-28,82000,put,0.2773267184103409,0.2755,0.2795,0.41214578619270764,-1.2461985381579221,3.0434065472076663,0.00021266133374524718,-0.00012533125246373314,731,531,64025.8
2026-07-25 03:40:54,okx,BTC,BTC-USD-260828-76000-C,2026-08-28,76000,call,0.0036830474261532,0.0035,0.0036,0.3682806729950124,0.07236545281650168,1.1245722392263662,0.00043774670914238005,-0.0002357924118703884,8824,512,64025.8
2026-07-25 03:40:54,okx,BTC,BTC-USD-260828-76000-P,2026-08-28,76000,put,0.1862341200064281,0.184,0.188,0.3682806729950124,-1.1098339841190665,3.488971113097503,0.00043774670914238005,-0.00023389434262199383,1532,0,64025.8
2026-07-25 03:40:54,okx,BTC,BTC-USD-260828-78000-C,2026-08-28,78000,call,0.0025888438873425,0.0025,0.0026,0.3814126004722012,0.05204986828480852,0.843965949090464,0.00033861958265032384,-0.00018890513368311756,6911,2952,64025.8
2026-07-25 03:40:54,okx,BTC,BTC-USD-260828-78000-P,2026-08-28,78000,put,0.2162503311604036,0.214,0.2185,0.3814126004722012,-1.1612600801490645,3.2705858459582102,0.00033861958265032384,-0.00018668360035265332,625,0,64025.8
2026-07-25 03:40:54,okx,BTC,BTC-USD-260828-88000-C,2026-08-28,88000,call,0.0007743783263827,0.0008,0.0009,0.4636354079953878,0.015212760526283039,0.25149171390138203,0.00012239870661432485,-0.00008300606597230733,7357,214,64025.8
2026-07-25 03:40:54,okx,BTC,BTC-USD-260828-88000-P,2026-08-28,88000,put,0.3699879390633767,0.3535,0.472,0.4636354079953878,-1.3536497453991119,2.989216725752172,0.00012239870661432485,-0.00007916721223149484,0,0,64025.8
2026-07-25 03:40:54,okx,BTC,BTC-USD-260828-90000-C,2026-08-28,90000,call,0.0006591633552293,0.0007,0.0008,0.4810658535637979,0.012740009189909331,0.20792374311270345,0.00010514557198626285,-0.00007398672812209218,5189,83,64025.8
2026-07-25 03:40:54,okx,BTC,BTC-USD-260828-90000-P,2026-08-28,90000,put,0.4009831387850097,0.384,0.505,0.4810658535637979,-1.3872330082337903,3.0078697779601025,0.00010514557198626285,-0.00006982441029921005,0,0,64025.8
2026-07-25 03:40:54,okx,BTC,BTC-USD-260828-84000-C,2026-08-28,84000,call,0.0011402768220731,0.0012,0.0013,0.4289216406690914,0.02299733903734412,0.3863313589135663,0.0001736472684622973,-0.00010894246192657032,4026,4,64025.8
2026-07-25 03:40:54,okx,BTC,BTC-USD-260828-84000-P,2026-08-28,84000,put,0.3081330081734942,0.2925,0.4065,0.4289216406690914,-1.283644143891442,2.9996143247711387,0.0001736472684622973,-0.00010575053634989715,0,0,64025.8
2026-07-25 03:40:54,okx,BTC,BTC-USD-260731-66500-P,2026-07-31,66500,put,0.042148999187073,0.041,0.0445,0.31588216211875797,-0.8545075673968322,8.256486990804921,0.0003501798073505329,-0.0008937997048232469,1541,0,64025.8
2026-07-25 03:40:54,okx,BTC,BTC-USD-260828-86000-C,2026-08-28,86000,call,0.0009280030927796,0.001,0.0011,0.4461775895985925,0.018499535650548828,0.3089645676543297,0.00014454957367968755,-0.00009433626583763522,10428,0,64025.8
2026-07-25 03:40:54,okx,BTC,BTC-USD-260731-66500-C,2026-07-31,66500,call,0.0041461031689304,0.0045,0.0046,0.31588216211875797,0.1833292690586217,6.180813317894014,0.0003501798073505329,-0.0008948409688107188,1438,896,64025.8
2026-07-25 03:40:54,okx,BTC,BTC-USD-260828-86000-P,2026-08-28,86000,put,0.3390311491369867,0.323,0.439,0.4461775895985925,-1.3192524587765417,2.9844685565085114,0.00014454957367968755,-0.00009082087617889237,0,0,64025.8
2026-07-25 03:40:54,okx,BTC,BTC-USD-260828-96000-C,2026-08-28,96000,call,0.0004391432363346,0.0003,0.0005,0.5315346389820508,0.00807130541289681,0.12613496663688545,0.00007081848624667502,-0.000055060573307039115,5658,2400,64025.8
2026-07-25 03:40:54,okx,BTC,BTC-USD-260828-96000-P,2026-08-28,96000,put,0.4940943627444742,0.476,0.603,0.5315346389820508,-1.4852332465057159,3.1127440704741107,0.00007081848624667502,-0.00004992786323794805,0,0,64025.8
2026-07-25 03:40:54,okx,BTC,BTC-USD-260828-100000-C,2026-08-28,100000,call,0.0003464050445567,0.0002,0.0005,0.5626001526758507,0.00617928226014927,0.09402212914265082,0.00005604556726213305,-0.00004612174518712814,2049,0,64025.8
2026-07-25 03:40:54,okx,BTC,BTC-USD-260828-100000-P,2026-08-28,100000,put,0.5562224539382694,0.536,0.6695,0.5626001526758507,-1.5493462926550723,3.2050732789730945,0.00005604556726213305,-0.00004034210695389777,0,0,64025.8
2026-07-25 03:40:54,okx,BTC,BTC-USD-260828-92000-C,2026-08-28,92000,call,0.0005697566742072,0.0005,0.0006,0.498284009208978,0.010826687333787449,0.17420137668177021,0.00009138810407847883,-0.00006660802014554583,2873,1834,64025.8
2026-07-25 03:40:54,okx,BTC,BTC-USD-260828-92000-P,2026-08-28,92000,put,0.4320041467967739,0.4145,0.538,0.498284009208978,-1.4202568415882166,3.0363684345257784,0.00009138810407847883,-0.00006212223824059405,0,0,64025.8
2026-07-25 03:40:54,okx,BTC,BTC-USD-260828-94000-C,2026-08-28,94000,call,0.0004981470067566,0.0003,0.0006,0.5151441676692552,0.009307032694487143,0.14756785722960378,0.0000801661767799286,-0.00006040616347441078,3341,1569,64025.8
2026-07-25 03:40:54,okx,BTC,BTC-USD-260828-94000-P,2026-08-28,94000,put,0.4630429518221097,0.4455,0.571,0.5151441676692552,-1.4528870077258211,3.07195593807022,0.0000801661767799286,-0.000055596917487389354,0,0,64025.8
2026-07-25 03:40:54,okx,BTC,BTC-USD-260828-115000-C,2026-08-28,115000,call,0.000144510662622,,0.0003,0.6556549634090706,0.0024091382262438066,0.03461096629809112,0.000024208751659049472,-0.000023217645420569984,1974,0,64025.8
2026-07-25 03:40:54,okx,BTC,BTC-USD-260725-68500-P,2026-07-25,68500,put,0.0698387939299264,0.057,0.074,0.6311222928586444,-1.0698363692529207,2.1399418622544157,0.0000000008374009885350273,-0.000000026425121596316094,0,0,64025.8
2026-07-25 03:40:54,okx,BTC,BTC-USD-260828-115000-P,2026-08-28,115000,put,0.7893486697522332,0.0001,,0.6556549634090706,-1.786445272926261,3.612319788603101,0.000024208751659049472,-0.00001501202657181726,0,0,64025.8
2026-07-25 03:40:54,okx,BTC,BTC-USD-260828-120000-C,2026-08-28,120000,call,0.0001056091734339,,0.0003,0.6788483327112247,0.0017458824462397592,0.024961589173452772,0.000018087761775872066,-0.00001796096081327779,24,0,64025.8
2026-07-25 03:40:54,okx,BTC,BTC-USD-260828-120000-P,2026-08-28,120000,put,0.8670858049950112,0.0001,,0.6788483327112247,-1.8648848074520261,3.758222968969984,0.000018087761775872066,-0.000008946681759350948,0,0,64025.8
2026-07-25 03:40:54,okx,BTC,BTC-USD-260731-71000-C,2026-07-31,71000,call,0.0002909397277924,0.0004,0.0006,0.36883217689786063,0.01680634558016556,0.8491213329726928,0.000055125307544913844,-0.00016449153825199807,1576,744,64025.8
2026-07-25 03:40:54,okx,BTC,BTC-USD-260828-105000-C,2026-08-28,105000,call,0.0002602722571736,0.0001,0.0004,0.5977859037490962,0.004503514136691995,0.06669844548640039,0.00004237908318486951,-0.00003705646973392949,3915,0,64025.8
2026-07-25 03:40:54,okx,BTC,BTC-USD-260828-105000-P,2026-08-28,105000,put,0.6339123578828525,0.0001,1.2705,0.5977859037490962,-1.6287983395242907,3.3333021528083653,0.00004237908318486951,-0.000030468171295525003,0,0,64025.8
2026-07-25 03:40:54,okx,BTC,BTC-USD-260725-68500-C,2026-07-25,68500,call,0.0000000020268068,,0.0002,0.6311222928586444,0.0000007517695376550545,0.000267620209499,0.0000000008374009885350273,-0.000000026425121596316094,7861,5306,64025.8
2026-07-25 03:40:54,okx,BTC,BTC-USD-260828-110000-C,2026-08-28,110000,call,0.0001949887077584,,0.0003,0.6287502003036815,0.0032993217404651046,0.04794411298702656,0.0000321139572219984,-0.000029535252040880233,1336,0,64025.8
2026-07-25 03:40:54,okx,BTC,BTC-USD-260731-71000-P,2026-07-31,71000,put,0.1085231769517315,0.099,0.119,0.36883217689786063,-1.0912600512369357,3.065254126606895,0.000055125307544913844,-0.0001615261767396125,0,0,64025.8
2026-07-25 03:40:54,okx,BTC,BTC-USD-260828-110000-P,2026-08-28,110000,put,0.7116231110654034,0.0001,1.426,0.6287502003036815,-1.7077788106662788,3.4701003778005144,0.0000321139572219984,-0.00002213829339730163,0,0,64025.8
2026-07-25 03:40:54,okx,BTC,BTC-USD-260728-65250-P,2026-07-28,65250,put,0.0215703213818023,0.021,0.023,0.2533510289588823,-0.8000869159651817,14.169512572489534,0.00027743614147611207,-0.0011051848196500813,0,0,64025.8
2026-07-25 03:40:54,okx,BTC,BTC-USD-260728-65250-C,2026-07-28,65250,call,0.0029760442324718,0.0031,0.0032,0.2533510289588823,0.21850577109574773,12.132327198367676,0.00027743614147611207,-0.0011051848196500813,169,319,64025.8
2026-07-25 03:40:54,okx,BTC,BTC-USD-260925-64000-P,2026-09-25,64000,put,0.0568614062011704,0.0565,0.057,0.36727873349766255,-0.5087297175857141,3.629976155399385,0.0016346033727889981,-0.000482756109297039,15855,541,64025.8
2026-07-25 03:40:54,okx,BTC,BTC-USD-260925-64000-C,2026-09-25,64000,call,0.0636855863764102,0.0635,0.064,0.36727873349766255,0.4844491847430166,1.643618350741924,0.0016346033727889981,-0.000482756109297039,3029,793,64025.8
2026-07-25 03:40:54,okx,BTC,BTC-USD-260726-61000-C,2026-07-26,61000,call,0.0475464939305719,0.047,0.048,0.24511794253214225,0.9521892427566231,-1.8423087729862808,0.0000004918435040783903,-0.000003805976488316559,500,0,64025.8
2026-07-25 03:40:54,okx,BTC,BTC-USD-260731-67500-C,2026-07-31,67500,call,0.0021268887335439,0.0025,0.0026,0.31939168808498136,0.10607322834670008,4.2588038238055494,0.00024177745804236788,-0.0006247175293060267,2575,1203,64025.8
2026-07-25 03:40:54,okx,BTC,BTC-USD-260731-67500-P,2026-07-31,67500,put,0.0557363050196412,0.0545,0.058,0.31939168808498136,-0.9473701770780085,6.365690634654967,0.00024177745804236788,-0.0006232486880907963,1829,0,64025.8
2026-07-25 03:40:54,okx,BTC,BTC-USD-260726-64000-C,2026-07-26,64000,call,0.0032261237373752,0.003,0.0034,0.12612350574599607,0.5374522820704933,54.266012046439435,0.00022563916575946063,-0.0012058234070911977,3520,2283,64025.8
2026-07-25 03:40:54,okx,BTC,BTC-USD-260726-63000-P,2026-07-26,63000,put,0.0001146456464784,0.0003,0.0004,0.1573391788457446,-0.03271111561795763,8.211813934590378,0.00004143566097674423,-0.0002762556990026183,26928,17692,64025.8
2026-07-25 03:40:54,okx,BTC,BTC-USD-260828-63000-P,2026-08-28,63000,put,0.0341733807126465,0.034,0.0345,0.35850546239067826,-0.44076941398690617,4.41688909850294,0.0011868800544767278,-0.0006220898997402786,3031,1287,64025.8
2026-07-25 03:40:54,okx,BTC,BTC-USD-260726-64500-C,2026-07-26,64500,call,0.0005942544793553,0.0006,0.0008,0.12464968732972002,0.15933267703642723,34.00167977960474,0.0001382976954975086,-0.0007304684881757181,4989,4526,64025.8
2026-07-25 03:40:54,okx,BTC,BTC-USD-260728-64750-P,2026-07-28,64750,put,0.0159250790473309,0.0155,0.017,0.25588990283868096,-0.6849719794760593,16.54989288686284,0.00033841639325402913,-0.0013616131741471071,10,10,64025.8
2026-07-25 03:40:54,okx,BTC,BTC-USD-260726-64000-P,2026-07-26,64000,put,0.0025208653367697,0.0023,0.0024,0.12612350574599607,-0.4618085723096945,56.264533755199814,0.00022563916575946063,-0.0012058427719853497,9372,9852,64025.8
2026-07-25 03:40:54,okx,BTC,BTC-USD-260728-64750-C,2026-07-28,64750,call,0.0051361220294129,0.005,0.0055,0.25588990283868096,0.32581539963804307,14.528318128634634,0.00033841639325402913,-0.0013616131741471071,150,150,64025.8
2026-07-25 03:40:54,okx,BTC,BTC-USD-260726-62000-C,2026-07-26,62000,call,0.0319403790420638,0.0315,0.0325,0.2026868041329562,0.965640148399339,-1.2857709340108558,0.000004229608052305479,-0.00003545197156495573,0,0,64025.8
2026-07-25 03:40:54,okx,BTC,BTC-USD-260726-61000-P,2026-07-26,61000,put,0.0000008097850505,,0.0002,0.24511794253214225,-0.0002312590744934732,0.06253223067595255,0.0000004918435040783903,-0.000005108638699746917,1421,500,64025.8
2026-07-25 03:40:54,okx,BTC,BTC-USD-260726-63000-C,2026-07-26,63000,call,0.0164333792953891,0.016,0.017,0.1573391788457446,0.9509362879125398,6.244519127529382,0.00004143566097674423,-0.00027580856833604034,0,0,64025.8
2026-07-25 03:40:54,okx,BTC,BTC-USD-260828-63000-C,2026-08-28,63000,call,0.0538400036354836,0.0535,0.054,0.35850546239067826,0.5392116982096835,2.456926874109761,0.0011868800544767278,-0.0006218854524552204,910,0,64025.8
2026-07-25 03:40:54,okx,BTC,BTC-USD-260726-62000-P,2026-07-26,62000,put,0.0000081701448477,,0.0003,0.2026868041329562,-0.002393804281467996,0.6502969713507583,0.000004229608052305479,-0.0000363268680039599,15054,14145,64025.8
2026-07-25 03:40:54,okx,BTC,BTC-USD-260726-66000-C,2026-07-26,66000,call,0.0000225414175206,0.0001,0.0002,0.20955217633355072,0.005888689503797896,1.3965473433582252,0.000009540410948177772,-0.00008471515773551712,11231,12899,64025.8
2026-07-25 03:40:54,okx,BTC,BTC-USD-260925-72000-P,2026-09-25,72000,put,0.1360908608770094,0.1355,0.138,0.3451983910126165,-0.8964341781012654,3.973084037162466,0.0012821113700037076,-0.00035588863551378884,2050,1,64025.8
2026-07-25 03:40:54,okx,BTC,BTC-USD-260726-65500-P,2026-07-26,65500,put,0.0227480610755395,0.0225,0.0235,0.16982215391907518,-1.0125784419061785,4.818075338061772,0.00001533291414481944,-0.00010971454823463621,636,332,64025.8
2026-07-25 03:40:54,okx,BTC,BTC-USD-260726-66500-C,2026-07-26,66500,call,0.0000220602804325,,0.0002,0.25503614309602174,0.004824932104656934,0.9602890356959034,0.00000799683642391174,-0.00008642152775885229,2668,1461,64025.8
2026-07-25 03:40:54,okx,BTC,BTC-USD-260726-66000-P,2026-07-26,66000,put,0.0305442335135259,0.03,0.0315,0.20955217633355072,-1.0245990665757707,3.4575228555173623,0.000009540410948177772,-0.00008387899108481652,129,100,64025.8
2026-07-25 03:40:54,okx,BTC,BTC-USD-260726-65000-C,2026-07-26,65000,call,0.0000992185255187,0.0002,0.0003,0.14017079029142654,0.03186402691484752,8.933596487737896,0.00004077021591331799,-0.00024215904145118315,2480,2106,64025.8
2026-07-25 03:40:54,okx,BTC,BTC-USD-260727-64250-P,2026-07-27,64250,put,0.0081671771251607,0.0075,0.0085,0.20675107202089404,-0.5865683599108141,25.65748918770246,0.00030233665159139385,-0.0014337099475196012,336,431,64025.8
2026-07-25 03:40:54,okx,BTC,BTC-USD-260726-64500-P,2026-07-26,64500,put,0.0076957337029026,0.007,0.0085,0.12464968732972002,-0.8477349027686059,36.015814939214806,0.0001382976954975086,-0.000730273970183657,10986,10642,64025.8
2026-07-25 03:40:54,okx,BTC,BTC-USD-260727-64250-C,2026-07-27,64250,call,0.0048719664153635,0.0048,0.005,0.20675107202089404,0.4167252841068307,23.65090189966717,0.00030233665159139385,-0.0014337099475196012,342,452,64025.8
2026-07-25 03:40:54,okx,BTC,BTC-USD-260726-65500-C,2026-07-26,65500,call,0.0000331066036868,0.0002,0.0003,0.16982215391907518,0.010102588748545012,2.772713276752325,0.00001533291414481944,-0.00011033683199912373,2328,2762,64025.8
2026-07-25 03:40:54,okx,BTC,BTC-USD-260726-65000-P,2026-07-26,65000,put,0.0150074353732188,0.0145,0.016,0.14017079029142654,-0.9830102783150308,10.963345098197651,0.00004077021591331799,-0.00024175064057290873,1456,646,64025.8
2026-07-25 03:40:54,okx,BTC,BTC-USD-260925-72000-C,2026-09-25,72000,call,0.0187680635741542,0.019,0.0195,0.3451983910126165,0.22089208701855656,1.7384315069228222,0.0012821113700037076,-0.00035588863551378884,7910,321,64025.8
2026-07-25 03:40:54,okx,BTC,BTC-USD-260726-68000-C,2026-07-26,68000,call,0.0000249575985141,,0.0001,0.3914702717262546,0.003646871051084238,0.4856553847775076,0.000006238396761061852,-0.00010348417511867366,3564,3484,64025.8
2026-07-25 03:40:54,okx,BTC,BTC-USD-260726-67500-P,2026-07-26,67500,put,0.0539671902510604,0.0535,0.0545,0.34855114354149486,-1.049801859328448,2.714946894902862,0.000006933555626927204,-0.00010092799784404519,1,0,64025.8
2026-07-25 03:40:54,okx,BTC,BTC-USD-260726-68500-C,2026-07-26,68500,call,0.0000226820582863,,0.0001,0.42996109244795405,0.0030638991102004774,0.37784109273180694,0.000005337001199284982,-0.00009723636487568677,5336,132,64025.8
2026-07-25 03:40:54,okx,BTC,BTC-USD-260726-68000-P,2026-07-26,68000,put,0.0617736001911302,0.06,0.114,0.3914702717262546,-1.0580677867278654,2.6090847003354067,0.000006238396761061852,-0.0001017924769231207,0,0,64025.8
2026-07-25 03:40:54,okx,BTC,BTC-USD-260726-67000-C,2026-07-26,67000,call,0.0000238907343691,,0.0002,0.30238322753272007,0.004440549302853798,0.7513220889423551,0.000007431209205336421,-0.00009521803898401324,2378,1099,64025.8
2026-07-25 03:40:54,okx,BTC,BTC-USD-260726-66500-P,2026-07-26,66500,put,0.0383504900005905,0.0375,0.039,0.25503614309602174,-1.0334695493997572,3.036877998704732,0.00000799683642391174,-0.0000853714782219386,112,0,64025.8
2026-07-25 03:40:54,okx,BTC,BTC-USD-260726-67500-C,2026-07-26,67500,call,0.0000252852825971,,0.0001,0.34855114354149486,0.004106073025656584,0.6071310301946529,0.000006933555626927204,-0.00010240581315338506,1359,294,64025.8
2026-07-25 03:40:54,okx,BTC,BTC-USD-260726-67000-P,2026-07-26,67000,put,0.0461590580786799,0.0455,0.047,0.30238322753272007,-1.0416606576264054,2.8435245028008733,0.000007431209205336421,-0.00009395410656088647,0,0,64025.8
2026-07-25 03:40:54,okx,BTC,BTC-USD-260726-71000-C,2026-07-26,71000,call,0.0000045533183482,,0.0001,0.5528873842282369,0.0005453274696092553,0.06064311601593205,0.0000011033964693284907,-0.00002585063444798561,60,0,64025.8
2026-07-25 03:40:54,okx,BTC,BTC-USD-260726-70000-P,2026-07-26,70000,put,0.0929862057491046,0.08,,0.5163692956632928,-1.0916609027297481,2.328269188873665,0.0000024195961989707443,-0.0000503954537849523,0,0,64025.8
2026-07-25 03:40:54,okx,BTC,BTC-USD-260925-66000-P,2026-09-25,66000,put,0.0725206515367262,0.072,0.0735,0.3581736421662353,-0.6075587271668836,3.903298671210001,0.0016402486737580441,-0.00047241417906388985,2334,431,64025.8
2026-07-25 03:40:54,okx,BTC,BTC-USD-260726-72000-C,2026-07-26,72000,call,0.0000015564141152,,0.0002,0.577295183030681,0.00019073919145623318,0.02187481773545656,0.0000004153583332300294,-0.000010160710346594042,585,0,64025.8
2026-07-25 03:40:54,okx,BTC,BTC-USD-260726-71000-P,2026-07-26,71000,put,0.1085936216558802,0.0955,0.1725,0.5528873842282369,-1.1080096828584118,2.277753136671974,0.0000011033964693284907,-0.00002287563893515407,0,0,64025.8
2026-07-25 03:40:54,okx,BTC,BTC-USD-260726-69000-C,2026-07-26,69000,call,0.0000189879534482,,0.0001,0.4635469986340329,0.0024264779218911847,0.28379462671176225,0.000004325474951580234,-0.00008496302133179175,365,0,64025.8
2026-07-25 03:40:54,okx,BTC,BTC-USD-260726-68500-P,2026-07-26,68500,put,0.0695780622750551,0.0675,0.0715,0.42996109244795405,-1.0664574840935943,2.5168838591393965,0.000005337001199284982,-0.00009533078379392069,0,0,64025.8
2026-07-25 03:40:54,okx,BTC,BTC-USD-260726-70000-C,2026-07-26,70000,call,0.0000106126598778,,0.0001,0.5163692956632928,0.0012806567485823257,0.14238606991700417,0.0000024195961989707443,-0.00005294268352535765,3130,2870,64025.8
2026-07-25 03:40:54,okx,BTC,BTC-USD-260925-66000-C,2026-09-25,66000,call,0.0483080873424423,0.0485,0.049,0.3581736421662353,0.4166570158596197,1.8548671851569938,0.0016402486737580441,-0.00047241417906388985,2446,255,64025.8
2026-07-25 03:40:54,okx,BTC,BTC-USD-260726-69000-P,2026-07-26,69000,put,0.0773811057943698,0.006,0.1545,0.4635469986340329,-1.0749016307067487,2.438450843969042,0.000004325474951580234,-0.00008284355736381258,0,0,64025.8
2026-07-25 03:40:54,okx,BTC,BTC-USD-260726-72000-P,2026-07-26,72000,put,0.1242040999999527,0.1105,,0.577295183030681,-1.123977721986255,2.2702117400908794,0.0000004153583332300294,-0.000006757949061336308,0,0,64025.8
2026-07-25 03:40:54,okx,BTC,BTC-USD-260828-64000-C,2026-08-28,64000,call,0.0450827348169693,0.045,0.0455,0.3532129706568944,0.49143657998866047,2.6911006533584065,0.0012152099183282998,-0.0006274254893076355,18507,304,64025.8
2026-07-25 03:40:54,okx,BTC,BTC-USD-260828-64000-P,2026-08-28,64000,put,0.0409713192405253,0.0405,0.041,0.3532129706568944,-0.5040997879570814,4.68217338924989,0.0012152099183282998,-0.0006274682045516588,15821,419,64025.8
2026-07-25 03:40:54,okx,BTC,BTC-USD-260925-78000-P,2026-09-25,78000,put,0.217314722832407,0.2145,0.22,0.3498745149683382,-1.11172480746113,3.4877755064016425,0.0007535791450058338,-0.00021201216751379242,5737,0,64025.8
2026-07-25 03:40:54,okx,BTC,BTC-USD-260925-55000-C,2026-09-25,55000,call,0.1632256018714127,0.162,0.1635,0.43079469977432827,0.6731655770402873,0.04211745487396828,0.0010189613025998255,-0.0003529780081030942,1255,0,64025.8
2026-07-25 03:40:54,okx,BTC,BTC-USD-260925-78000-C,2026-09-25,78000,call,0.0068816924209805,0.007,0.0075,0.3498745149683382,0.09871197975201033,1.066901931975362,0.0007535791450058338,-0.00021201216751379242,5091,0,64025.8
2026-07-25 03:40:54,okx,BTC,BTC-USD-260925-55000-P,2026-09-25,55000,put,0.016736072033316,0.016,0.0165,0.43079469977432827,-0.18034754214846554,1.749143693251474,0.0010189613025998255,-0.0003529780081030942,50455,62,64025.8
2026-07-25 03:40:54,okx,BTC,BTC-USD-270625-25000-P,2027-06-25,25000,put,0.0117759484800126,0.0055,0.0095,0.6875502233972958,-0.046570911506236844,0.20985492374525896,0.0007369011035005926,-0.00007557977553079758,59,0,64025.8
2026-07-25 03:40:54,okx,BTC,BTC-USD-270625-25000-C,2027-06-25,25000,call,0.6359039150435825,0.0001,,0.6875502233972958,0.32930112193019334,-0.5418891431276015,0.0007369011035005926,-0.00007557977553079758,0,0,64025.8
2026-07-25 03:40:54,okx,BTC,BTC-USD-270625-30000-P,2027-06-25,30000,put,0.0161965308170507,0.013,0.019,0.6202901566456949,-0.0670477254927163,0.30995369817755547,0.0010017118277783688,-0.00009268931114273019,489,0,64025.8
2026-07-25 03:40:54,okx,BTC,BTC-USD-270625-30000-C,2027-06-25,30000,call,0.5651500906933344,0.5575,0.5715,0.6202901566456949,0.38399871463099994,-0.5921391820698769,0.0010017118277783688,-0.00009268931114273019,0,0,64025.8
2026-07-25 03:40:54,okx,BTC,BTC-USD-260925-68000-C,2026-09-25,68000,call,0.0358294140651384,0.036,0.0365,0.3515078492345241,0.3469671785919762,1.936295702143038,0.0015750208016433046,-0.00044518541424708034,8687,62,64025.8
2026-07-25 03:40:54,okx,BTC,BTC-USD-260925-68000-P,2026-09-25,68000,put,0.0910787226289461,0.091,0.092,0.3515078492345241,-0.7082854051323002,4.046800869591591,0.0015750208016433046,-0.00044518541424708034,11138,0,64025.8
2026-07-25 03:40:54,okx,BTC,BTC-USD-270625-45000-P,2027-06-25,45000,put,0.0452041713397289,0.044,0.049,0.4994706219826338,-0.19077026735346433,0.858985542930962,0.0021898707264226664,-0.00016316251475722492,636,0,64025.8
2026-07-25 03:40:54,okx,BTC,BTC-USD-270625-45000-C,2027-06-25,45000,call,0.3686345111541547,0.3625,0.377,0.4994706219826338,0.48579939283210993,-0.4941537774401867,0.0021898707264226664,-0.00016316251475722492,0,0,64025.8
2026-07-25 03:40:54,okx,BTC,BTC-USD-270625-50000-P,2027-06-25,50000,put,0.0631227226729375,0.059,0.0645,0.47617868419007936,-0.25980945702733926,1.1269956972802948,0.002655909729640083,-0.0001886579990488843,1081,60,64025.8
2026-07-25 03:40:54,okx,BTC,BTC-USD-270625-50000-C,2027-06-25,50000,call,0.3113786558000771,0.305,0.3195,0.47617868419007936,0.49193460984552106,-0.37649243646542596,0.002655909729640083,-0.0001886579990488843,307,0,64025.8
2026-07-25 03:40:54,okx,BTC,BTC-USD-270625-35000-P,2027-06-25,35000,put,0.0226757466419538,0.0195,0.027,0.5690808267834087,-0.09620754728831696,0.44809871757486247,0.0013361709873002078,-0.00011343000590737752,1495,86,64025.8
2026-07-25 03:40:54,okx,BTC,BTC-USD-270625-35000-C,2027-06-25,35000,call,0.4964548998309516,0.49,0.505,0.5690808267834087,0.4300132995226853,-0.6043429760471419,0.0013361709873002078,-0.00011343000590737752,0,0,64025.8
2026-07-25 03:40:54,okx,BTC,BTC-USD-270625-40000-P,2027-06-25,40000,put,0.0320351955318743,0.0275,0.036,0.5297599752207538,-0.1366852223858271,0.6306906222235267,0.001738288497032241,-0.00013737033669973165,3972,0,64025.8
2026-07-25 03:40:54,okx,BTC,BTC-USD-270625-40000-C,2027-06-25,40000,call,0.4306399420335861,0.425,0.4385,0.5297599752207538,0.46471003111246123,-0.5720998847730497,0.001738288497032241,-0.00013737033669973165,2,0,64025.8
2026-07-25 03:40:54,okx,BTC,BTC-USD-270625-65000-P,2027-06-25,65000,put,0.1521576912774387,0.1455,0.1575,0.43514180024630034,-0.548186516670824,2.0204192059695045,0.003692407707757784,-0.00023968034236172668,193,60,64025.8
2026-07-25 03:40:54,okx,BTC,BTC-USD-270625-65000-C,2027-06-25,65000,call,0.1748904043427203,0.168,0.179,0.43514180024630034,0.4290807702638944,0.06588463210006718,0.003692407707757784,-0.00023968034236172668,3172,0,64025.8
2026-07-25 03:40:54,okx,BTC,BTC-USD-270625-70000-P,2027-06-25,70000,put,0.1943005345837919,0.189,0.199,0.42815831500016993,-0.662191665410706,2.2935610160493165,0.003810596471546367,-0.00024338247709315073,200,0,64025.8
2026-07-25 03:40:54,okx,BTC,BTC-USD-270625-70000-C,2027-06-25,70000,call,0.1418588409617874,0.136,0.146,0.42815831500016993,0.3902500282112986,0.18867762880530758,0.003810596471546367,-0.00024338247709315073,321,0,64025.8
2026-07-25 03:40:54,okx,BTC,BTC-USD-270625-55000-P,2027-06-25,55000,put,0.0866062897195104,0.0825,0.0915,0.4583940107905422,-0.3437156938388828,1.4215873074468488,0.0030903837524779145,-0.00021132131760278507,1153,60,64025.8
2026-07-25 03:40:54,okx,BTC,BTC-USD-270625-55000-C,2027-06-25,55000,call,0.2596878161593641,0.2535,0.268,0.4583940107905422,0.4832027797212636,-0.2322496396734438,0.0030903837524779145,-0.00021132131760278507,10,0,64025.8
2026-07-25 03:40:54,okx,BTC,BTC-USD-270625-60000-P,2027-06-25,60000,put,0.116212903388478,0.1105,0.121,0.4449995295725889,-0.44082380573617647,1.7252424745569044,0.0034472965963570456,-0.00022883906561006658,3148,60,64025.8
2026-07-25 03:40:54,okx,BTC,BTC-USD-270625-60000-C,2027-06-25,60000,call,0.2141200231410457,0.208,0.221,0.4449995295725889,0.461269074511256,-0.07894328593796049,0.0034472965963570456,-0.00022883906561006658,11,0,64025.8
2026-07-25 03:40:54,okx,BTC,BTC-USD-270625-85000-P,2027-06-25,85000,put,0.3519841410094317,0.3355,0.374,0.41790418469622853,-1.0118946577885628,2.938833659443959,0.0035115918551636358,-0.00021891358661625868,1,0,64025.8
2026-07-25 03:40:54,okx,BTC,BTC-USD-270625-85000-C,2027-06-25,85000,call,0.0740192273255692,0.0725,0.077,0.41790418469622853,0.26607025589529965,0.38290383207623396,0.0035115918551636358,-0.00021891358661625868,202,0,64025.8
2026-07-25 03:40:54,okx,BTC,BTC-USD-270625-90000-P,2027-06-25,90000,put,0.4125810032676023,0.3945,0.566,0.4166270489692588,-1.1241159106190766,3.1034730634900765,0.003272060087536402,-0.00020335773509491879,2,1,64025.8
2026-07-25 03:40:54,okx,BTC,BTC-USD-270625-90000-C,2027-06-25,90000,call,0.0594416828964535,0.055,0.0625,0.4166270489692588,0.22902340975207194,0.3971944227477794,0.003272060087536402,-0.00020335773509491879,2457,64,64025.8
2026-07-25 03:40:54,okx,BTC,BTC-USD-270625-75000-P,2027-06-25,75000,put,0.2421662267107496,0.2205,0.2585,0.4234321812200567,-0.7792596129538292,2.53744760148673,0.0038064484376735797,-0.0002404339416391332,0,0,64025.8
2026-07-25 03:40:54,okx,BTC,BTC-USD-270625-75000-C,2027-06-25,75000,call,0.114550126401459,0.1125,0.1185,0.4234321812200567,0.34835648735546126,0.28221540086814884,0.0038064484376735797,-0.0002404339416391332,3032,34,64025.8
2026-07-25 03:40:54,okx,BTC,BTC-USD-270625-80000-P,2027-06-25,80000,put,0.2949570685436072,0.2805,0.312,0.4201124485303672,-0.8965040789695656,2.7516802919824896,0.0036984591522722953,-0.0002317812711565817,2,0,64025.8
2026-07-25 03:40:54,okx,BTC,BTC-USD-270625-80000-C,2027-06-25,80000,call,0.0921665615470306,0.0905,0.093,0.4201124485303672,0.30628642802701095,0.34609927798933654,0.0036984591522722953,-0.0002317812711565817,3007,2,64025.8
2026-07-25 03:40:54,okx,BTC,BTC-USD-270625-110000-P,2027-06-25,110000,put,0.6792733554801003,0.534,0.8415,0.41823697623713296,-1.533532599421793,3.637703660588557,0.0021916370746822658,-0.00013673604937131136,0,0,64025.8
2026-07-25 03:40:54,okx,BTC,BTC-USD-270625-110000-C,2027-06-25,110000,call,0.0254364083598077,0.0245,0.0285,0.41823697623713296,0.1203043476984998,0.3300297663479713,0.0021916370746822658,-0.00013673604937131136,310,0,64025.8
2026-07-25 03:40:54,okx,BTC,BTC-USD-270625-120000-P,2027-06-25,120000,put,0.8213556534556791,0.0001,1.2,0.4218049403102383,-1.7171260835971236,3.881716270969059,0.001733225362602344,-0.0001090582842481257,0,0,64025.8
2026-07-25 03:40:54,okx,BTC,BTC-USD-270625-120000-C,2027-06-25,120000,call,0.017169892960814,0.013,0.02,0.4218049403102383,0.08705967689774105,0.2733447499793296,0.001733225362602344,-0.0001090582842481257,250,0,64025.8
2026-07-25 03:40:54,okx,BTC,BTC-USD-270625-95000-P,2027-06-25,95000,put,0.4761233070919044,0.4565,0.632,0.4161335086420902,-1.2324682119089934,3.25093174982455,0.00300357045643652,-0.0001864500376858276,0,0,64025.8
2026-07-25 03:40:54,okx,BTC,BTC-USD-270625-95000-C,2027-06-25,95000,call,0.0478095800334695,0.0465,0.0505,0.4161335086420902,0.19584551514944143,0.3943042957076803,0.00300357045643652,-0.0001864500376858276,1329,0,64025.8
2026-07-25 03:40:54,okx,BTC,BTC-USD-270625-100000-P,2027-06-25,100000,put,0.5420559536021343,0.521,0.699,0.4163019075059478,-1.3367243056727909,3.386345221663404,0.0027253364376449507,-0.00016924680812569926,0,0,64025.8
2026-07-25 03:40:54,okx,BTC,BTC-USD-270625-100000-C,2027-06-25,100000,call,0.0385678198564138,0.0375,0.0415,0.4163019075059478,0.1667638280729298,0.37936895417196237,0.0027253364376449507,-0.00016924680812569926,1567,10,64025.8
2026-07-25 03:40:54,okx,BTC,BTC-USD-260925-105000-C,2026-09-25,105000,call,0.000379012340712,0.0007,0.0009,0.4589690509867359,0.006142711876599405,0.08434730441237331,0.00007555534136646006,-0.000027884841425269398,5002,0,64025.8
2026-07-25 03:40:54,okx,BTC,BTC-USD-260726-63750-P,2026-07-26,63750,put,0.0012259737876628,0.0011,0.0012,0.13171232563127822,-0.26858336290760415,44.470812768490795,0.00018706639124227247,-0.0010440306553139182,2964,3463,64025.8
2026-07-25 03:40:54,okx,BTC,BTC-USD-270625-130000-P,2027-06-25,130000,put,0.9664429747276129,0.0001,1.936,0.42655864668459537,-1.8908112852550765,4.1301458889631455,0.0013651983746807777,-0.00008686933077317197,0,0,64025.8
2026-07-25 03:40:54,okx,BTC,BTC-USD-260726-63750-C,2026-07-26,63750,call,0.0058346010003445,0.0055,0.0065,0.13171232563127822,0.7267741287601611,42.480097785155266,0.00018706639124227247,-0.0010439043489766599,1286,1286,64025.8
2026-07-25 03:40:54,okx,BTC,BTC-USD-270625-130000-C,2027-06-25,130000,call,0.011908400858176,0.008,0.015,0.42655864668459537,0.06372328861436027,0.221076741224271,0.0013651983746807777,-0.00008686933077317197,454,0,64025.8
2026-07-25 03:40:54,okx,BTC,BTC-USD-270625-140000-P,2027-06-25,140000,put,1.1133833327700349,0.0001,2.2305,0.4321734516100411,-2.0574699672517918,4.3870626126356065,0.0010799608035391276,-0.00006962385104545069,0,0,64025.8
2026-07-25 03:40:54,okx,BTC,BTC-USD-260925-105000-P,2026-09-25,105000,put,0.6298080917407093,0.626,0.633,0.4589690509867359,-1.6232914247564743,3.3432155776785204,0.00007555534136646006,-0.000027884841425269398,485,0,64025.8
2026-07-25 03:40:54,okx,BTC,BTC-USD-270625-140000-C,2027-06-25,140000,call,0.0084999455260259,0.0085,0.0115,0.4321734516100411,0.04741341999221734,0.17729583814758837,0.0010799608035391276,-0.00006962385104545069,356,75,64025.8
2026-07-25 03:40:54,okx,BTC,BTC-USD-260731-62500-P,2026-07-31,62500,put,0.0086025431187972,0.008,0.0085,0.3565466846145529,-0.2975967010268088,7.960675892819382,0.0004446414657757565,-0.0012824230783354366,1132,1134,64025.8
2026-07-25 03:40:54,okx,BTC,BTC-USD-260731-62500-C,2026-07-31,62500,call,0.0330257281724736,0.028,0.0395,0.3565466846145529,0.6778138595516252,6.009854771662514,0.0004446414657757565,-0.001281754033411874,0,0,64025.8
2026-07-25 03:40:54,okx,BTC,BTC-USD-260728-59000-P,2026-07-28,59000,put,0.0000702346610669,0.0001,0.0004,0.3568083879267508,-0.006514932010232385,0.556935461038832,0.000016907777186565835,-0.00009485730333130978,0,0,64025.8
2026-07-25 03:40:54,okx,BTC,BTC-USD-260728-59000-C,2026-07-28,59000,call,0.0790424591543926,0.0785,0.08,0.3568083879267508,0.9145114057153589,-1.2851172144123506,0.000016907777186565835,-0.00009485730333130978,0,0,64025.8
2026-07-25 03:40:54,okx,BTC,BTC-USD-260727-63750-P,2026-07-27,63750,put,0.0046016487185069,0.0044,0.0045,0.2150290051129269,-0.39412306511877837,23.868611284615476,0.00029641087067646034,-0.0014618873300051836,251,254,64025.8
2026-07-25 03:40:54,okx,BTC,BTC-USD-260727-63750-C,2026-07-27,63750,call,0.009114182839136,0.0085,0.0095,0.2150290051129269,0.6013628462605969,21.877639461856727,0.00029641087067646034,-0.0014618873300051836,710,710,64025.8
2026-07-25 03:40:54,okx,BTC,BTC-USD-260726-63250-P,2026-07-26,63250,put,0.0002501676328258,0.0004,0.0005,0.14752429938343056,-0.06785430391331312,15.718965047883144,0.00007431797740760777,-0.00046457525013687855,1613,1613,64025.8
2026-07-25 03:40:54,okx,BTC,BTC-USD-260726-63250-C,2026-07-26,63250,call,0.01266553246966,0.012,0.0135,0.14752429938343056,0.9196964623296069,13.743863515397303,0.00007431797740760777,-0.0004642350609134071,0,0,64025.8
2026-07-25 03:40:54,okx,BTC,BTC-USD-260728-62500-P,2026-07-28,62500,put,0.0027458029964284,0.0025,0.0026,0.29450984935949864,-0.1841559131699985,9.960667595892579,0.00024612347272674854,-0.0011397302115956764,35,37,64025.8
2026-07-25 03:40:54,okx,BTC,BTC-USD-260925-50000-P,2026-09-25,50000,put,0.0085266712682069,0.0085,0.009,0.4843084134941675,-0.0940047170318691,0.969740481336579,0.0006449661238920949,-0.0002511762219898792,42884,450,64025.8
2026-07-25 03:40:54,okx,BTC,BTC-USD-260728-62500-C,2026-07-28,62500,call,0.0270807865698666,0.026,0.0275,0.29450984935949864,0.7915075801833822,8.009340609185816,0.00024612347272674854,-0.0011397302115956764,0,0,64025.8
2026-07-25 03:40:54,okx,BTC,BTC-USD-260925-50000-C,2026-09-25,50000,call,0.2326080620301129,0.2315,0.234,0.4843084134941675,0.6819163004124518,-0.5821015535520626,0.0006449661238920949,-0.0002511762219898792,857,0,64025.8
2026-07-25 03:40:54,okx,BTC,BTC-USD-260728-64250-P,2026-07-28,64250,put,0.0113192945741407,0.011,0.0115,0.2615877290281181,-0.5550123241926822,17.351050646308632,0.0003701338135732942,-0.0015223879304934655,2,2,64025.8
2026-07-25 03:40:54,okx,BTC,BTC-USD-260728-64250-C,2026-07-28,64250,call,0.0083356576876351,0.008,0.0085,0.2615877290281181,0.44796974697459313,15.345086503974079,0.0003701338135732942,-0.0015223879304934655,136,146,64025.8
2026-07-25 03:40:54,okx,BTC,BTC-USD-260925-70000-P,2026-09-25,70000,put,0.112383926212061,0.112,0.114,0.34725869657568276,-0.8058898308748998,4.060975174901,0.0014488856657736988,-0.0004045822751412039,50704,0,64025.8
2026-07-25 03:40:54,okx,BTC,BTC-USD-260925-70000-C,2026-09-25,70000,call,0.0260978732787295,0.0265,0.027,0.34725869657568276,0.28039959354714933,1.888396326056902,0.0014488856657736988,-0.0004045822751412039,30416,365,64025.8
2026-07-25 03:40:54,okx,BTC,BTC-USD-260925-60000-P,2026-09-25,60000,put,0.0335739576348421,0.0325,0.033,0.3907494500482777,-0.3339766179820158,2.8251067072643714,0.0014359421691067132,-0.000451185288704406,28550,838,64025.8
2026-07-25 03:40:54,okx,BTC,BTC-USD-260925-60000-C,2026-09-25,60000,call,0.1024716265491295,0.1015,0.1025,0.3907494500482777,0.5971286029511692,0.9628962653980014,0.0014359421691067132,-0.000451185288704406,6466,0,64025.8
2026-07-25 03:40:54,okx,BTC,BTC-USD-260925-90000-P,2026-09-25,90000,put,0.3979659550821142,0.396,0.401,0.3899682238477854,-1.374955883222017,3.088629937422799,0.00022502213757052348,-0.00007056251831212555,2440,0,64025.8
2026-07-25 03:40:54,okx,BTC,BTC-USD-260925-90000-C,2026-09-25,90000,call,0.0013124584535452,0.002,0.0021,0.3899682238477854,0.02170194817776033,0.2953142746232444,0.00022502213757052348,-0.00007056251831212555,26548,30,64025.8
2026-07-25 03:40:54,okx,BTC,BTC-USD-260925-80000-P,2026-09-25,80000,put,0.2464690349403185,0.244,0.2495,0.35432800303702633,-1.166593561732063,3.348574503838739,0.0006129072632831741,-0.00017463040058630534,8120,0,64025.8
2026-07-25 03:40:54,okx,BTC,BTC-USD-260925-80000-C,2026-09-25,80000,call,0.0049992601593682,0.0055,0.006,0.35432800303702633,0.07488006617885029,0.8656272480169119,0.0006129072632831741,-0.00017463040058630534,13299,105,64025.8
2026-07-25 03:40:54,okx,BTC,BTC-USD-260925-110000-P,2026-09-25,110000,put,0.7073032695138189,0.7035,0.7105,0.4814707252043081,-1.7025317626715593,3.4749249085697254,0.000057301315977136125,-0.000022184726941297613,1292,0,64025.8
2026-07-25 03:40:54,okx,BTC,BTC-USD-260925-110000-C,2026-09-25,110000,call,0.0002823291900124,0.0005,0.0007,0.4814707252043081,0.004494475705946329,0.06087243181471358,0.000057301315977136125,-0.000022184726941297613,7213,0,64025.8
2026-07-25 03:40:54,okx,BTC,BTC-USD-260925-100000-P,2026-09-25,100000,put,0.5523695356246389,0.549,0.5555,0.43571661748537094,-1.5430785399888514,3.225195331754929,0.0001032038625914273,-0.000036159272234555296,2750,0,64025.8
2026-07-25 03:40:54,okx,BTC,BTC-USD-260925-100000-C,2026-09-25,100000,call,0.0005323171484512,0.0008,0.0011,0.43571661748537094,0.008763494899790177,0.12151126197764604,0.0001032038625914273,-0.000036159272234555296,25976,0,64025.8
2026-07-25 03:40:54,okx,BTC,BTC-USD-260925-130000-P,2026-09-25,130000,put,1.0174940832818242,1.0125,1.0215,0.5582704281504178,-2.0158084722316674,4.055249641225631,0.000022475814342350335,-0.000010089732802189278,13,0,64025.8
2026-07-25 03:40:54,okx,BTC,BTC-USD-260925-130000-C,2026-09-25,130000,call,0.00010569926278,,0.0004,0.5582704281504178,0.0015861731235665864,0.020460350515162706,0.000022475814342350335,-0.000010089732802189278,5397,0,64025.8
2026-07-25 03:40:54,okx,BTC,BTC-USD-260925-120000-P,2026-09-25,120000,put,0.8623737425746174,0.858,0.866,0.5227793402266332,-1.8596082061563177,3.7586925673741143,0.00003515691770742665,-0.000014779128131292489,493,0,64025.8
2026-07-25 03:40:54,okx,BTC,BTC-USD-260925-120000-C,2026-09-25,120000,call,0.000169080403192,0.0001,0.0005,0.5227793402266332,0.002602235710052092,0.034271683641374194,0.00003515691770742665,-0.000014779128131292489,6731,0,64025.8
2026-07-25 03:40:54,okx,BTC,BTC-USD-260731-61000-C,2026-07-31,61000,call,0.0520496934945812,0.05,0.053,0.3842557812578607,0.7904606764516162,3.2315290038242006,0.0003130970891714826,-0.0009719580830706569,7443,0,64025.8
2026-07-25 03:40:54,okx,BTC,BTC-USD-260828-42000-P,2026-08-28,42000,put,0.0010623576248257,0.001,0.0012,0.6625992628741507,-0.014994490791787354,0.20524661475875874,0.0001087442985979133,-0.0001053926828538177,5607,0,64025.8
2026-07-25 03:40:54,okx,BTC,BTC-USD-260925-150000-P,2026-09-25,150000,put,1.3277974753680568,0.0001,2.656,0.6126569300358031,-2.327152131182454,4.663293935005012,0.000009382503982162631,-0.000004622274290898598,0,0,64025.8
2026-07-25 03:40:54,okx,BTC,BTC-USD-260828-42000-C,2026-08-28,42000,call,0.3473883348219209,0.3465,0.3485,0.6625992628741507,0.6383262506726057,-1.1013948681700274,0.0001087442985979133,-0.00010179186270702828,72,0,64025.8
2026-07-25 03:40:54,okx,BTC,BTC-USD-260925-150000-C,2026-09-25,150000,call,0.000041647653775,,0.0003,0.6126569300358031,0.0006109211505085463,0.007767830339087486,0.000009382503982162631,-0.000004622274290898598,8695,0,64025.8
2026-07-25 03:40:54,okx,BTC,BTC-USD-260828-44000-P,2026-08-28,44000,put,0.0013541132123863,0.0014,0.0015,0.62103641915645,-0.019733164043863573,0.2765622483703834,0.00013788586752098175,-0.0001252525392737366,4822,0,64025.8
2026-07-25 03:40:54,okx,BTC,BTC-USD-260925-140000-P,2026-09-25,140000,put,1.1726386783564813,1.167,1.1765,0.5880160898134807,-2.171595291582047,4.357700881143363,0.00001453526890675268,-0.000006872771200662188,27,0,64025.8
2026-07-25 03:40:54,okx,BTC,BTC-USD-260731-61000-P,2026-07-31,61000,put,0.0042167280389727,0.0036,0.0037,0.3842557812578607,-0.16154003067293546,5.135530418073303,0.0003130970891714826,-0.0009732684938358574,28570,11575,64025.8
2026-07-25 03:40:54,okx,BTC,BTC-USD-260828-44000-C,2026-08-28,44000,call,0.316569675716695,0.264,0.372,0.62103641915645,0.664698088918834,-1.0923002575550116,0.00013788586752098175,-0.00012197518320901683,0,0,64025.8
2026-07-25 03:40:54,okx,BTC,BTC-USD-260925-140000-C,2026-09-25,140000,call,0.0000665724898185,,0.0003,0.5880160898134807,0.0009835572620509629,0.012543183455166652,0.00001453526890675268,-0.000006872771200662188,5197,0,64025.8
2026-07-25 03:40:54,okx,BTC,BTC-USD-260925-170000-P,2026-09-25,170000,put,1.6381390225565702,0.0001,3.2755,0.6497473002040043,-2.6378994584047333,5.279249925148623,0.000003819865067875242,-0.0000019957774510438548,0,0,64025.8
2026-07-25 03:40:54,okx,BTC,BTC-USD-260925-170000-C,2026-09-25,170000,call,0.0000157511470509,,0.0002,0.6497473002040043,0.00023200090595736943,0.0029870065272421253,0.000003819865067875242,-0.0000019957774510438548,2146,0,64025.8
2026-07-25 03:40:54,okx,BTC,BTC-USD-260925-160000-P,2026-09-25,160000,put,1.48296531171764,0.0001,2.9665,0.6329818827537989,-2.4825695355859443,4.970715174494485,0.000006012839648091719,-0.000003060486777798049,0,0,64025.8
2026-07-25 03:40:54,okx,BTC,BTC-USD-260925-160000-C,2026-09-25,160000,call,0.0000257621557397,,0.0003,0.6329818827537989,0.0003777202358826806,0.004820662850831396,0.000006012839648091719,-0.000003060486777798049,5535,0,64025.8
2026-07-25 03:40:54,okx,BTC,BTC-USD-260728-62000-C,2026-07-28,62000,call,0.0338853691133251,0.033,0.0345,0.3048510494183388,0.8435694217177072,5.447516509461383,0.0001894910167345804,-0.0009082920713898851,0,0,64025.8
2026-07-25 03:40:54,okx,BTC,BTC-USD-260925-190000-P,2026-09-25,190000,put,1.9484964343814424,1.3065,3.887,0.6751235984016081,-2.9484139882049516,5.898136084639906,0.0000015044733413007235,-0.0000008167467047025808,0,0,64025.8
2026-07-25 03:40:54,okx,BTC,BTC-USD-260728-61000-P,2026-07-28,61000,put,0.0006660931289715,0.0007,0.0008,0.3248851543314229,-0.052352627171021716,3.5968033646953907,0.00009884261715140539,-0.0005049208510367551,175,177,64025.8
2026-07-25 03:40:54,okx,BTC,BTC-USD-260925-190000-C,2026-09-25,190000,call,0.0000057192766857,,0.0002,0.6751235984016081,0.00008587808346732071,0.001136352063068429,0.0000015044733413007235,-0.0000008167467047025808,3219,0,64025.8
2026-07-25 03:40:54,okx,BTC,BTC-USD-261225-72000-P,2026-12-25,72000,put,0.168423747712896,0.167,0.17,0.3958714172186158,-0.7722803117071445,3.0455346580676723,0.0024936551529117683,-0.0003213842627486772,0,0,64025.8
2026-07-25 03:40:54,okx,BTC,BTC-USD-260728-63000-C,2026-07-28,63000,call,0.0207698131275301,0.0195,0.021,0.28433507786190515,0.7185858121922499,10.800327943250513,0.0003031454563707229,-0.001355285235415722,0,0,64025.8
2026-07-25 03:40:54,okx,BTC,BTC-USD-260925-180000-P,2026-09-25,180000,put,1.7933165246761873,0.0001,3.578,0.6636118644741412,-2.7931741036671336,5.588476657661767,0.0000024062192187738535,-0.0000012840115752940488,0,0,64025.8
2026-07-25 03:40:54,okx,BTC,BTC-USD-260728-62000-P,2026-07-28,62000,put,0.0017450654084743,0.0016,0.0017,0.3048510494183388,-0.12428876368884638,7.383232880274491,0.0001894910167345804,-0.0009082920713898851,790,808,64025.8
2026-07-25 03:40:54,okx,BTC,BTC-USD-260925-180000-C,2026-09-25,180000,call,0.0000095314190496,,0.0002,0.6636118644741412,0.00014155913242125357,0.0018453320626568082,0.0000024062192187738535,-0.0000012840115752940488,4385,0,64025.8
2026-07-25 03:40:54,okx,BTC,BTC-USD-260728-60000-C,2026-07-28,60000,call,0.06359276313683,0.063,0.0645,0.3425368809692134,0.9168675618997242,-0.34907955488965625,0.000044305840863975756,-0.0002386258700688746,0,0,64025.8
2026-07-25 03:40:54,okx,BTC,BTC-USD-260828-54000-P,2026-08-28,54000,put,0.0059713751076307,0.006,0.0065,0.44555860011164583,-0.0953396865694858,1.3753624301612104,0.0004942943130092306,-0.00032211078795544126,5608,201,64025.8
2026-07-25 03:40:54,okx,BTC,BTC-USD-260925-220000-P,2026-09-25,220000,put,2.414043077704889,0.0001,,0.6995757713916066,-3.414033734210044,6.828366401963156,0.0000003562598982171004,-0.00000020041088467710626,0,0,64025.8
2026-07-25 03:40:54,okx,BTC,BTC-USD-260828-54000-C,2026-08-28,54000,call,0.1656348641480071,0.1595,0.176,0.44555860011164583,0.744644123884734,-0.30460519074722925,0.0004942943130092306,-0.0003204507523010697,0,0,64025.8
2026-07-25 03:40:54,okx,BTC,BTC-USD-260925-220000-C,2026-09-25,220000,call,0.0000011970572761,,0.0002,0.6995757713916066,0.00001874254496772467,0.0002614484531331481,0.0000003562598982171004,-0.00000020041088467710626,12814,0,64025.8
2026-07-25 03:40:54,okx,BTC,BTC-USD-260728-61000-C,2026-07-28,61000,call,0.0484170370966471,0.048,0.049,0.3248851543314229,0.8998949423418777,1.6923082256695916,0.00009884261715140539,-0.0005049208510367551,0,0,64025.8
2026-07-25 03:40:54,okx,BTC,BTC-USD-260925-48000-P,2026-09-25,48000,put,0.006635979620687,0.0065,0.007,0.5097861079002624,-0.07280097955641891,0.7565630634613718,0.0005305900345859923,-0.0002175037208987765,6537,630,64025.8
2026-07-25 03:40:54,okx,BTC,BTC-USD-260925-200000-P,2026-09-25,200000,put,2.103677846647165,0.0001,4.1965,0.6847280340359438,-3.1036322102209355,6.208065882497405,0.0000009348858894202353,-0.000000514749957646806,0,0,64025.8
2026-07-25 03:40:54,okx,BTC,BTC-USD-261225-72000-C,2026-12-25,72000,call,0.0625305783750484,0.0615,0.063,0.3958714172186158,0.33284892846470837,0.8352761777239665,0.0024936551529117683,-0.00032191256811687276,1391,692,64025.8
2026-07-25 03:40:54,okx,BTC,BTC-USD-260728-60000-P,2026-07-28,60000,put,0.0002311789063293,0.0003,0.0004,0.3425368809692134,-0.01976939171952124,1.5241943523488346,0.000044305840863975756,-0.0002386258700688746,23,26,64025.8
2026-07-25 03:40:54,okx,BTC,BTC-USD-260925-48000-C,2026-09-25,48000,call,0.2617541147521169,0.261,0.263,0.5097861079002624,0.6720831971901291,-0.7332052900317241,0.0005305900345859923,-0.0002175037208987765,320,0,64025.8
2026-07-25 03:40:54,okx,BTC,BTC-USD-260925-200000-C,2026-09-25,200000,call,0.0000034096947893,,0.0002,0.6847280340359438,0.000051859556347567224,0.0006977429428392429,0.0000009348858894202353,-0.000000514749957646806,6022,0,64025.8
2026-07-25 03:40:54,okx,BTC,BTC-USD-260728-64500-C,2026-07-28,64500,call,0.0065977081842915,0.0065,0.007,0.25833823183268034,0.3860268174442929,15.1696540595663,0.0003587991927161019,-0.001457435496535645,571,572,64025.8
2026-07-25 03:40:54,okx,BTC,BTC-USD-260925-260000-P,2026-09-25,260000,put,3.0347769138638006,0.0001,,0.7180680115132232,-4.0347868605407555,8.069615098222622,0.00000005061550690406746,-0.0000000292259593856202,0,0,64025.8
2026-07-25 03:40:54,okx,BTC,BTC-USD-260727-65750-P,2026-07-27,65750,put,0.0271026144346284,0.0265,0.028,0.2127884770298289,-0.9717565778947606,8.741570128601856,0.00008639474203811214,-0.00042165586742973015,0,0,64025.8
2026-07-25 03:40:54,okx,BTC,BTC-USD-260728-64000-P,2026-07-28,64000,put,0.0094332476516444,0.009,0.0095,0.2656188112365715,-0.489675157713187,17.05077006402678,0.0003719126971538989,-0.0015532774486445825,229,230,64025.8
2026-07-25 03:40:54,okx,BTC,BTC-USD-260925-260000-C,2026-09-25,260000,call,0.0000001458257124,,,0.7180680115132232,0.0000024301697126968424,0.000036516801685973595,0.00000005061550690406746,-0.0000000292259593856202,1375,0,64025.8
2026-07-25 03:40:54,okx,BTC,BTC-USD-260728-65000-C,2026-07-28,65000,call,0.0039367107612036,0.004,0.0041,0.25423176888399285,0.26942136634078134,13.480949563245003,0.0003105269742080484,-0.0012413045677001444,339,478,64025.8
2026-07-25 03:40:54,okx,BTC,BTC-USD-260925-240000-P,2026-09-25,240000,put,2.7244097417556086,0.0001,,0.7102427277825047,-3.7244141421504677,7.448939392973631,0.0000001344349794377561,-0.00000007677833438524647,0,0,64025.8
2026-07-25 03:40:54,okx,BTC,BTC-USD-260728-64500-P,2026-07-28,64500,put,0.0134840051365033,0.013,0.014,0.25833823183268034,-0.6208579076963958,17.183423509847678,0.0003587991927161019,-0.001457435496535645,43,43,64025.8
2026-07-25 03:40:54,okx,BTC,BTC-USD-260925-240000-C,2026-09-25,240000,call,0.0000004174127581,,0.0001,0.7102427277825047,0.000006741582272199743,0.00009762550815124716,0.0000001344349794377561,-0.00000007677833438524647,275,0,64025.8
2026-07-25 03:40:54,okx,BTC,BTC-USD-260728-63500-C,2026-07-28,63500,call,0.0151323025623069,0.0145,0.0155,0.27461850276690886,0.6234710903723801,13.367820912095306,0.00034966286168981313,-0.0015098315814845188,0,0,64025.8
2026-07-25 03:40:54,okx,BTC,BTC-USD-260728-63000-P,2026-07-28,63000,put,0.0042401496855044,0.0039,0.004,0.28433507786190515,-0.26488298910795766,12.767265545850929,0.0003031454563707229,-0.001355285235415722,793,837,64025.8
2026-07-25 03:40:54,okx,BTC,BTC-USD-260727-65750-C,2026-07-27,65750,call,0.0003841692335517,0.0005,0.0006,0.2127884770298289,0.054960264037693114,6.68813644473695,0.00008639474203811214,-0.00042165586742973015,1474,1531,64025.8
2026-07-25 03:40:54,okx,BTC,BTC-USD-260728-64000-C,2026-07-28,64000,call,0.0103522708308451,0.01,0.0105,0.2656188112365715,0.5094042594806748,15.052611229639059,0.0003719126971538989,-0.0015532774486445825,616,843,64025.8
2026-07-25 03:40:54,okx,BTC,BTC-USD-260925-280000-P,2026-09-25,280000,put,3.345144263082302,3.33,3.3565,0.7239214429724496,-4.345156815300912,8.690329136009488,0.000000019121949191449088,-0.000000011131231279661812,25,0,64025.8
2026-07-25 03:40:54,okx,BTC,BTC-USD-260728-63500-P,2026-07-28,63500,put,0.0064079592516937,0.006,0.0065,0.27461850276690886,-0.36780301887465444,15.350369130589375,0.00034966286168981313,-0.0015098315814845188,521,522,64025.8
2026-07-25 03:40:54,okx,BTC,BTC-USD-260925-280000-C,2026-09-25,280000,call,0.0000000513489764,,0.0003,0.7239214429724496,0.0000008823872845630983,0.000013740633096954502,0.000000019121949191449088,-0.000000011131231279661812,13475,0,64025.8
2026-07-25 03:40:54,okx,BTC,BTC-USD-260728-66500-C,2026-07-28,66500,call,0.0006599254784531,0.0008,0.0009,0.2600454654571024,0.06251952812155889,4.98464998005362,0.00011576351064559765,-0.00047333669783750207,345,346,64025.8
2026-07-25 03:40:54,okx,BTC,BTC-USD-260728-66000-P,2026-07-28,66000,put,0.0315174219084017,0.031,0.0325,0.2552199088778436,-0.9242424450815002,9.600624032475798,0.00017237093653387452,-0.000691715955238607,0,0,64025.8
2026-07-25 03:40:54,okx,BTC,BTC-USD-260728-67000-C,2026-07-28,67000,call,0.000366784158949,0.0005,0.0006,0.26754294209285506,0.03675967864662241,3.17385948024084,0.00007569276805220612,-0.00031841761774302165,712,717,64025.8
2026-07-25 03:40:54,okx,BTC,BTC-USD-260728-66500-P,2026-07-28,66500,put,0.0387675029563149,0.0385,0.04,0.2600454654571024,-0.975586428806438,7.060861893909614,0.00011576351064559765,-0.00047333669783750207,0,0,64025.8
2026-07-25 03:40:54,okx,BTC,BTC-USD-260728-65500-C,2026-07-28,65500,call,0.0022242327183434,0.0024,0.0025,0.2532331551974706,0.17412871819054546,10.610878828224507,0.0002417824788804736,-0.0009627080311701239,234,344,64025.8
2026-07-25 03:40:54,okx,BTC,BTC-USD-260728-65000-P,2026-07-28,65000,put,0.0186283278448279,0.018,0.02,0.25423176888399285,-0.7452686667467345,15.510329629420037,0.0003105269742080484,-0.0012413045677001444,73,65,64025.8
2026-07-25 03:40:54,okx,BTC,BTC-USD-260728-66000-C,2026-07-28,66000,call,0.0012151645619526,0.0014,0.0015,0.2552199088778436,0.10605820389966975,7.540022734513458,0.00017237093653387452,-0.000691715955238607,136,154,64025.8
2026-07-25 03:40:54,okx,BTC,BTC-USD-260728-65500-P,2026-07-28,65500,put,0.0247211699333803,0.0245,0.026,0.2532331551974706,-0.8483666228437975,12.655869510293194,0.0002417824788804736,-0.0009627080311701239,0,0,64025.8
2026-07-25 03:40:54,okx,BTC,BTC-USD-260728-63750-P,2026-07-28,63750,put,0.007802981164394,0.0075,0.008,0.2700149559131814,-0.4268071469548522,16.35542528831292,0.0003646684493017784,-0.0015482290538035971,131,131,64025.8
2026-07-25 03:40:54,okx,BTC,BTC-USD-260728-69000-C,2026-07-28,69000,call,0.0000652766290319,0.0002,0.0003,0.3204214417242907,0.006701286929417866,0.618937077536802,0.000017652243858714342,-0.00008893458674773606,11,11,64025.8
2026-07-25 03:40:54,okx,BTC,BTC-USD-260728-63750-C,2026-07-28,63750,call,0.0126246644093009,0.012,0.013,0.2700149559131814,0.5683696162655959,14.365071761872024,0.0003646684493017784,-0.0015482290538035971,233,233,64025.8
2026-07-25 03:40:54,okx,BTC,BTC-USD-260728-68000-P,2026-07-28,68000,put,0.0616569818572121,0.061,0.0625,0.2898079660674945,-1.047523133199947,3.42504784737492,0.000033580751342936916,-0.00015302061059977508,0,0,64025.8
2026-07-25 03:40:54,okx,BTC,BTC-USD-260727-63250-P,2026-07-27,63250,put,0.0024332024306522,0.0023,0.0024,0.22575121677248886,-0.23838772148788234,18.130195449100093,0.0002380199500764021,-0.0012324411458199769,500,500,64025.8
2026-07-25 03:40:54,okx,BTC,BTC-USD-260728-70000-C,2026-07-28,70000,call,0.000042633049893,0.0001,0.0002,0.35770743626123236,0.004106647683060165,0.3584451484877685,0.000011426614934075993,-0.00006426799685130936,19,19,64025.8
2026-07-25 03:40:54,okx,BTC,BTC-USD-260727-63250-C,2026-07-27,63250,call,0.0147534813817077,0.014,0.0155,0.22575121677248886,0.7492904572532233,16.154839091617884,0.0002380199500764021,-0.0012324411458199769,0,0,64025.8
2026-07-25 03:40:54,okx,BTC,BTC-USD-260728-69000-P,2026-07-28,69000,put,0.0771994547639561,0.0765,0.078,0.3204214417242907,-1.0704312097327144,2.7732020708610663,0.000017652243858714342,-0.00008893458674773606,0,0,64025.8
2026-07-25 03:40:54,okx,BTC,BTC-USD-260728-67500-C,2026-07-28,67500,call,0.0002139947344175,0.0003,0.0004,0.277529040239591,0.02216493222098326,2.0112074867493948,0.000049700612316029906,-0.00021687993572656368,32,632,64025.8
2026-07-25 03:40:54,okx,BTC,BTC-USD-260728-67000-P,2026-07-28,67000,put,0.0462796817682235,0.046,0.047,0.26754294209285506,-1.0091515862282017,5.265682009990488,0.00007569276805220612,-0.00031841761774302165,0,0,64025.8
2026-07-25 03:40:54,okx,BTC,BTC-USD-260728-68000-C,2026-07-28,68000,call,0.000133443985113,0.0003,0.0004,0.2898079660674945,0.013998747568531169,1.3020040858379636,0.000033580751342936916,-0.00015302061059977508,71,71,64025.8
2026-07-25 03:40:54,okx,BTC,BTC-USD-260728-67500-P,2026-07-28,67500,put,0.0539322124751043,0.0535,0.055,0.277529040239591,-1.0315516406006677,4.118640632392697,0.000049700612316029906,-0.00021687993572656368,0,0,64025.8
2026-07-25 03:40:54,okx,BTC,BTC-USD-260814-58000-C,2026-08-14,58000,call,0.1026699829918311,0.096,0.1585,0.40044704020911337,0.7659700873054993,0.7240392523143595,0.0004994678332269117,-0.0004927542675162585,0,0,64025.8
2026-07-25 03:40:54,okx,BTC,BTC-USD-260814-57000-P,2026-08-14,57000,put,0.0049144657845998,0.005,0.0055,0.41324020920410265,-0.10700036354163941,2.0472674877319905,0.00041884712432785527,-0.0004287178481836728,2801,2801,64025.8
2026-07-25 03:40:54,okx,BTC,BTC-USD-260814-59000-C,2026-08-14,59000,call,0.0891120838563718,0.0445,0.152,0.38858954615074026,0.7435465935040438,1.2481749951195502,0.0005876494414674714,-0.0005633538590437714,0,0,64025.8
2026-07-25 03:40:54,okx,BTC,BTC-USD-260814-58000-P,2026-08-14,58000,put,0.0064414136534495,0.0065,0.007,0.40044704020911337,-0.1372514355235697,2.5304822979724975,0.0004994678332269117,-0.0004953905895319353,319,339,64025.8
2026-07-25 03:40:54,okx,BTC,BTC-USD-260814-56000-C,2026-08-14,56000,call,0.1311349531294403,0.0805,0.195,0.4268630823265485,0.7888558964876191,-0.10430666496914336,0.0003477267281433886,-0.00036417750348345353,0,0,64025.8
2026-07-25 03:40:54,okx,BTC,BTC-USD-260728-70000-P,2026-07-28,70000,put,0.0927874514476425,0.0925,0.0935,0.35770743626123236,-1.088636464872726,2.543931373599341,0.000011426614934075993,-0.00006426799685130936,0,0,64025.8
2026-07-25 03:40:54,okx,BTC,BTC-USD-260814-57000-C,2026-08-14,57000,call,0.116715771490099,0.08,0.1765,0.41324020920410265,0.7806483744110662,0.2719700118265795,0.00041884712432785527,-0.0004256548745318143,0,0,64025.8
2026-07-25 03:40:54,okx,BTC,BTC-USD-260814-56000-P,2026-08-14,56000,put,0.003760911056823,0.0039,0.004,0.4268630823265485,-0.08322005658872321,1.6398452411835414,0.0003477267281433886,-0.00036766712877149386,477,477,64025.8
2026-07-25 03:40:54,okx,BTC,BTC-USD-260726-74000-C,2026-07-26,74000,call,0.0000001022864131,,,0.6037119522375101,0.000013733815500947951,0.001749657256902469,0.00000003468325320132896,-0.0000008872648169889821,0,0,64025.8
2026-07-25 03:40:54,okx,BTC,BTC-USD-260814-62000-C,2026-08-14,62000,call,0.0528086313266412,0.0515,0.0535,0.3594005256859761,0.6208314110610101,3.020270859893713,0.0008468620991286488,-0.000752674596312598,0,0,64025.8
2026-07-25 03:40:54,okx,BTC,BTC-USD-260814-61000-P,2026-08-14,61000,put,0.0145137310029268,0.0145,0.015,0.36801003876017857,-0.27859179323419686,4.334706590491655,0.0007685888584298477,-0.0007004176566890269,2144,2861,64025.8
2026-07-25 03:40:54,okx,BTC,BTC-USD-260814-63000-C,2026-08-14,63000,call,0.042683122470167,0.042,0.0435,0.35195090434124177,0.5616514757915207,3.5279897994315563,0.0009050718580123256,-0.0007880813569987385,0,0,64025.8
2026-07-25 03:40:54,okx,BTC,BTC-USD-260726-74000-P,2026-07-26,74000,put,0.1554295963688612,0.006,,0.6037119522375101,-1.1553816290615913,2.312540383011087,0.00000003468325320132896,0.0000033710280131211285,0,0,64025.8
2026-07-25 03:40:54,okx,BTC,BTC-USD-260814-62000-P,2026-08-14,62000,put,0.0188710074567313,0.0185,0.019,0.3594005256859761,-0.3446812512735118,4.951296184562757,0.0008468620991286488,-0.0007536043117835476,1350,1738,64025.8
2026-07-25 03:40:54,okx,BTC,BTC-USD-260814-60000-C,2026-08-14,60000,call,0.0761787845267434,0.07,0.146,0.3777549343607502,0.7122475937873058,1.8287108816071938,0.0006794367299846968,-0.0006338425148734258,0,0,64025.8
2026-07-25 03:40:54,okx,BTC,BTC-USD-260814-59000-P,2026-08-14,59000,put,0.0084562508851082,0.0085,0.009,0.38858954615074026,-0.17524771420138832,3.0857636105304147,0.0005876494414674714,-0.0005655635294232663,1262,1670,64025.8
2026-07-25 03:40:54,okx,BTC,BTC-USD-260814-61000-C,2026-08-14,61000,call,0.0640240912399544,0.0585,0.1305,0.36801003876017857,0.6713480842239619,2.4348268355753384,0.0007685888584298477,-0.0006990612895818955,0,0,64025.8
2026-07-25 03:40:54,okx,BTC,BTC-USD-260814-60000-P,2026-08-14,60000,put,0.0110956879225978,0.011,0.0115,0.3777549343607502,-0.22211949879448975,3.6974450667707845,0.0006794367299846968,-0.0006356255336167389,966,1834,64025.8
2026-07-25 03:40:54,okx,BTC,BTC-USD-260814-66000-C,2026-08-14,66000,call,0.0198837610492229,0.0195,0.02,0.33757726931694715,0.35713343632520933,4.069164861832482,0.000892771005690496,-0.0007461844216650509,932,1036,64025.8
2026-07-25 03:40:54,okx,BTC,BTC-USD-260814-65000-P,2026-08-14,65000,put,0.0389292389748415,0.0385,0.039,0.34068543347174246,-0.58583531236027,6.114185604436709,0.0009309553678057731,-0.000784770008058031,124,124,64025.8
2026-07-25 03:40:54,okx,BTC,BTC-USD-260814-67000-C,2026-08-14,67000,call,0.0148996507784296,0.0145,0.015,0.3363154608722015,0.2919175041263987,3.85593463652266,0.0008255332528334647,-0.0006875012041661277,737,737,64025.8
2026-07-25 03:40:54,okx,BTC,BTC-USD-260814-66000-P,2026-08-14,66000,put,0.0482370826477846,0.0455,0.05,0.33757726931694715,-0.6706703655147656,6.1247724655124305,0.000892771005690496,-0.0007454075305912733,0,0,64025.8
2026-07-25 03:40:54,okx,BTC,BTC-USD-260814-64000-C,2026-08-14,64000,call,0.033768065639904,0.0335,0.034,0.34566528279604164,0.4958414824946092,3.9002264955802946,0.0009348920669794375,-0.0007997698069491063,533,838,64025.8
2026-07-25 03:40:54,okx,BTC,BTC-USD-260814-63000-P,2026-08-14,63000,put,0.0243182349673752,0.024,0.0245,0.35195090434124177,-0.41943397141936456,5.490160693853327,0.0009050718580123256,-0.0007885844208335062,505,507,64025.8
2026-07-25 03:40:54,okx,BTC,BTC-USD-260814-65000-C,2026-08-14,65000,call,0.0261486537433975,0.026,0.0265,0.34068543347174246,0.42639570460334175,4.089723570509485,0.0009309553678057731,-0.0007851202474956269,1963,2625,64025.8
2026-07-25 03:40:54,okx,BTC,BTC-USD-260814-64000-P,2026-08-14,64000,put,0.03097591450423,0.031,0.0315,0.34566528279604164,-0.5008167495926393,5.893542959754791,0.0009348920669794375,-0.0007998462191476923,460,706,64025.8
2026-07-25 03:40:54,okx,BTC,BTC-USD-260726-64750-C,2026-07-26,64750,call,0.0002307930365857,0.0003,0.0004,0.13042499246405653,0.07027267964015345,18.065525177403416,0.00007676250605528521,-0.00042423697916491303,2267,2252,64025.8
2026-07-25 03:40:54,okx,BTC,BTC-USD-260731-45000-P,2026-07-31,45000,put,0.0000000064761308,,0.0001,0.5574581822580065,-0.0000004712695552435958,0.00003359321633319686,0.0000000030817460295590577,-0.000000013899154132704561,118667,0,64025.8
2026-07-25 03:40:54,okx,BTC,BTC-USD-260814-70000-C,2026-08-14,70000,call,0.0060283389072013,0.0055,0.006,0.3426491949155749,0.14369091849804302,2.602400994352267,0.000547447180493554,-0.0004646087936647757,797,798,64025.8
2026-07-25 03:40:54,okx,BTC,BTC-USD-260725-64250-P,2026-07-25,64250,put,0.0036610029167796,0.0033,0.0044,0.1379568863802759,-0.8736129058313418,70.82426333421088,0.00004698346179225994,-0.00032408460501134195,2147,3326,64025.8
2026-07-25 03:40:54,okx,BTC,BTC-USD-260731-45000-C,2026-07-31,45000,call,0.2975372962190151,0.2965,0.2985,0.5574581822580065,0.7022951323469173,-1.4045576140166118,0.0000000030817460295590577,0.000008137747255205593,10,0,64025.8
2026-07-25 03:40:54,okx,BTC,BTC-USD-260814-69000-P,2026-08-14,69000,put,0.0832300277857962,0.009,0.163,0.3389500402089648,-0.8903463697083098,5.210442601058402,0.0006427253628424517,-0.0005374924039105637,0,0,64025.8
2026-07-25 03:40:54,okx,BTC,BTC-USD-260814-71000-C,2026-08-14,71000,call,0.0044840823866693,0.0043,0.0044,0.3478023659512096,0.1116592800501548,2.1665113949080452,0.00045954371788419325,-0.0003958899332547187,97,97,64025.8
2026-07-25 03:40:54,okx,BTC,BTC-USD-260726-64750-P,2026-07-26,64750,put,0.0112356410722094,0.011,0.012,0.13042499246405653,-0.9406982628773023,20.087467062438325,0.00007676250605528521,-0.00042393551972974515,1876,1931,64025.8
2026-07-25 03:40:54,okx,BTC,BTC-USD-260814-70000-P,2026-08-14,70000,put,0.0966726059742348,0.0855,0.1805,0.3426491949155749,-0.9464040228473849,4.782590877043123,0.000547447180493554,-0.00046212529604627096,0,0,64025.8
2026-07-25 03:40:54,okx,BTC,BTC-USD-260731-55000-P,2026-07-31,55000,put,0.0001728344884342,0.0002,0.0003,0.4931164342138841,-0.008153681042920455,0.35719451272067554,0.000028461151369463944,-0.00011354515452062999,39480,1060,64025.8
2026-07-25 03:40:54,okx,BTC,BTC-USD-260731-69000-C,2026-07-31,69000,call,0.0008120141480065,0.0011,0.0012,0.33420175214113096,0.04519210659538992,2.128246079713099,0.00012554112558229718,-0.000339430651442501,13458,4383,64025.8
2026-07-25 03:40:54,okx,BTC,BTC-USD-260814-68000-C,2026-08-14,68000,call,0.0110519213903032,0.0105,0.011,0.3368055812437707,0.233710602248851,3.4990350147596154,0.0007385999020923487,-0.0006160627780845101,251,398,64025.8
2026-07-25 03:40:54,okx,BTC,BTC-USD-260731-55000-C,2026-07-31,55000,call,0.1416449215517712,0.141,0.143,0.4931164342138841,0.8502076122661014,-1.3595280738973683,0.000028461151369463944,-0.00010966928038887779,892,0,64025.8
2026-07-25 03:40:54,okx,BTC,BTC-USD-260814-67000-P,2026-08-14,67000,put,0.0588257087441093,0.05,0.1055,0.3363154608722015,-0.7514590825899395,5.942687809955337,0.0008255332528334647,-0.0006862976614561682,0,0,64025.8
2026-07-25 03:40:54,okx,BTC,BTC-USD-260725-64250-C,2026-07-25,64250,call,0.0001990703653133,0.0002,0.0003,0.1379568863802759,0.1298474595072415,68.81734260353372,0.00004698346179225994,-0.00032408460501134195,5155,9568,64025.8
2026-07-25 03:40:54,okx,BTC,BTC-USD-260731-50000-P,2026-07-31,50000,put,0.0000033207710906,,0.0002,0.5407976539306684,-0.00019039499624338326,0.010498321672950976,0.0000009264067889757432,-0.000004053326193839139,143689,0,64025.8
2026-07-25 03:40:54,okx,BTC,BTC-USD-260814-69000-C,2026-08-14,69000,call,0.0081584970858807,0.0075,0.008,0.3389500402089648,0.18417578676075494,3.0613982881202726,0.0006427253628424517,-0.0005395492498928867,497,633,64025.8
2026-07-25 03:40:54,okx,BTC,BTC-USD-260731-50000-C,2026-07-31,50000,call,0.2195080091742014,0.2185,0.221,0.5407976539306684,0.7801380534665039,-1.5501585752525433,0.0000009264067889757432,0.0000019604340767061034,1010,0,64025.8
2026-07-25 03:40:54,okx,BTC,BTC-USD-260731-69000-P,2026-07-31,69000,put,0.0778312108360359,0.0765,0.0795,0.33420175214113096,-1.0316611522832013,4.281952597470282,0.00012554112558229718,-0.0003373204443856327,13,0,64025.8
2026-07-25 03:40:54,okx,BTC,BTC-USD-260814-68000-P,2026-08-14,68000,put,0.0705507157231008,0.0615,0.141,0.3368055812437707,-0.8252387693438504,5.616933757945018,0.0007385999020923487,-0.000614432583738369,0,0,64025.8
2026-07-25 03:40:54,okx,BTC,BTC-USD-260731-58000-P,2026-07-31,58000,put,0.0009438377325549,0.0008,0.0009,0.44313976208206834,-0.040689688314255956,1.5680788802313201,0.00011154658369139176,-0.0003999021018923365,26226,675,64025.8
2026-07-25 03:40:54,okx,BTC,BTC-USD-260814-74000-C,2026-08-14,74000,call,0.0020139863152549,0.002,0.0021,0.3709822042701778,0.05401866343713743,1.1859424125359121,0.00026540423884915276,-0.0002439004103487866,5,5,64025.8
2026-07-25 03:40:54,okx,BTC,BTC-USD-260731-58000-C,2026-07-31,58000,call,0.0955963639920277,0.0945,0.0965,0.44313976208206834,0.8644913119025308,-0.2422831202022535,0.00011154658369139176,-0.0003973089594438602,6939,0,64025.8
2026-07-25 03:40:54,okx,BTC,BTC-USD-260814-73000-P,2026-08-14,73000,put,0.1399443683765769,0.059,0.2265,0.36206826196267106,-1.0686702715405227,3.7268107792452554,0.0003181780077883119,-0.00028160293329206217,0,0,64025.8
2026-07-25 03:40:54,okx,BTC,BTC-USD-260731-56000-P,2026-07-31,56000,put,0.0003158970499662,0.0003,0.0004,0.4781497155260349,-0.014446618806736733,0.6070765291732104,0.000046808184412222895,-0.00018107133983394366,43059,2004,64025.8
2026-07-25 03:40:54,okx,BTC,BTC-USD-260731-64500-P,2026-07-31,64500,put,0.0206028597921632,0.0205,0.021,0.32631622475959565,-0.5754853236005697,10.455661600831338,0.0005140826868917055,-0.0013566747795372498,2092,1506,64025.8
2026-07-25 03:40:54,okx,BTC,BTC-USD-260814-76000-C,2026-08-14,76000,call,0.0013095347722672,0.0013,0.0014,0.39188938361037784,0.03551175977356985,0.8030307863610316,0.00018937786504847373,-0.00018384753355437026,1,1,64025.8
2026-07-25 03:40:54,okx,BTC,BTC-USD-260731-56000-C,2026-07-31,56000,call,0.1261814638453483,0.1255,0.1275,0.4781497155260349,0.8595212434715401,-1.1408591953833433,0.000046808184412222895,-0.00017762304292995006,448,0,64025.8
2026-07-25 03:40:54,okx,BTC,BTC-USD-260731-64500-C,2026-07-31,64500,call,0.0138130043099302,0.0135,0.014,0.32631622475959565,0.43113837491637425,8.442414203797451,0.0005140826868917055,-0.0013568608890692044,1075,1085,64025.8
2026-07-25 03:40:54,okx,BTC,BTC-USD-260814-74000-P,2026-08-14,74000,put,0.1549491988507599,0.073,0.2425,0.3709822042701778,-1.0983674174137439,3.490714574237674,0.00026540423884915276,-0.00023971030618555471,0,0,64025.8
2026-07-25 03:40:54,okx,BTC,BTC-USD-260726-62750-P,2026-07-26,62750,put,0.0000550423767144,0.0002,0.0003,0.16806577283452018,-0.016114189328001124,4.234321144822984,0.000022830583748416565,-0.0001625912979823109,1118,1118,64025.8
2026-07-25 03:40:54,okx,BTC,BTC-USD-260731-62000-P,2026-07-31,62000,put,0.0068064611115439,0.006,0.0065,0.3654301595210832,-0.2447743296674172,6.9965303929743925,0.0004026023747711777,-0.0011901383441433812,23306,3684,64025.8
2026-07-25 03:40:54,okx,BTC,BTC-USD-260814-72000-C,2026-08-14,72000,call,0.0033751316735831,0.0033,0.0034,0.35430875490159897,0.08692567312340874,1.7799462389096254,0.0003827266934844342,-0.0003358929859673201,329,329,64025.8
2026-07-25 03:40:54,okx,BTC,BTC-USD-260726-62750-C,2026-07-26,62750,call,0.0202771448377014,0.0195,0.021,0.16806577283452018,0.9636298514900736,2.274833063186834,0.000022830583748416565,-0.0001620372258726264,0,0,64025.8
2026-07-25 03:40:54,okx,BTC,BTC-USD-260731-62000-C,2026-07-31,62000,call,0.0390329062991978,0.037,0.0405,0.3654301595210832,0.7228329464263894,5.061315840786779,0.0004026023747711777,-0.0011892555106059392,21510,2,64025.8
2026-07-25 03:40:54,okx,BTC,BTC-USD-260814-71000-P,2026-08-14,71000,put,0.1107010858208206,0.032,0.1955,0.3478023659512096,-0.9940084461716365,4.377846847351627,0.00045954371788419325,-0.00039297978400003227,0,0,64025.8
2026-07-25 03:40:54,okx,BTC,BTC-USD-260731-60000-P,2026-07-31,60000,put,0.0025874309628837,0.0021,0.0022,0.40394442061663416,-0.10401194576097082,3.5813973367241276,0.00023071636092902308,-0.0007539524356056124,45079,2898,64025.8
2026-07-25 03:40:54,okx,BTC,BTC-USD-260814-73000-C,2026-08-14,73000,call,0.0025818922081898,0.0025,0.0026,0.36206826196267106,0.06814302443399507,1.4531841872962197,0.0003181780077883119,-0.0002853663858191123,0,0,64025.8
2026-07-25 03:40:54,okx,BTC,BTC-USD-260731-60000-C,2026-07-31,60000,call,0.0660269166864469,0.0645,0.067,0.40394442061663416,0.8323821923943259,1.708609060413534,0.00023071636092902308,-0.0007522144476126531,18316,0,64025.8
2026-07-25 03:40:54,okx,BTC,BTC-USD-260814-72000-P,2026-08-14,72000,put,0.1251648714748522,0.1125,0.2105,0.35430875490159897,-1.0343148379747455,4.022427261105934,0.0003827266934844342,-0.0003325561850764518,0,0,64025.8
2026-07-25 03:40:54,okx,BTC,BTC-USD-260731-66000-P,2026-07-31,66000,put,0.0359342884525924,0.035,0.0375,0.31622781792931537,-0.7946839364327138,9.162382620322571,0.00040547233778923797,-0.0010364150378627723,18012,750,64025.8
2026-07-25 03:40:54,okx,BTC,BTC-USD-260731-66000-C,2026-07-31,66000,call,0.0057346525684272,0.006,0.0065,0.31622781792931537,0.23534961553811246,7.1023155163809175,0.00040547233778923797,-0.001037242513236365,15915,2122,64025.8
2026-07-25 03:40:54,okx,BTC,BTC-USD-260731-64000-P,2026-07-31,64000,put,0.0167613812464494,0.0165,0.017,0.33281129275423094,-0.49873592807155304,10.19884453953277,0.0005184931612587146,-0.0013956707580779085,21204,1777,64025.8
2026-07-25 03:40:54,okx,BTC,BTC-USD-260807-55000-P,2026-08-07,55000,put,0.0012916634726496,0.0013,0.0014,0.4604807696178761,-0.037275087770800075,0.9778591093953753,0.00015019961652983584,-0.00026235922856911837,1419,604,64025.8
2026-07-25 03:40:54,okx,BTC,BTC-USD-260731-64000-C,2026-07-31,64000,call,0.0177747858981937,0.0175,0.018,0.33281129275423094,0.5000844859607635,8.201203711468137,0.0005184931612587146,-0.0013956430789959838,12590,435,64025.8
2026-07-25 03:40:54,okx,BTC,BTC-USD-260807-55000-C,2026-08-07,55000,call,0.1436510999639724,0.137,0.208,0.4604807696178761,0.8201210470826166,-0.736933160311458,0.00015019961652983584,-0.00025968994179388893,0,0,64025.8
2026-07-25 03:40:54,okx,BTC,BTC-USD-260731-70000-P,2026-07-31,70000,put,0.0930897853376307,0.0915,0.095,0.3496318272994381,-1.0657997069927012,3.5069113288173455,0.00008141501788635191,-0.00022775285530700348,7290,0,64025.8
2026-07-25 03:40:54,okx,BTC,BTC-USD-260814-78000-C,2026-08-14,78000,call,0.0009334804694422,0.0009,0.001,0.416290498826269,0.025027740238857375,0.5661426006674551,0.00014182217503813755,-0.00014625628612615458,1,1,64025.8
2026-07-25 03:40:54,okx,BTC,BTC-USD-260731-70000-C,2026-07-31,70000,call,0.0004640683816466,0.0007,0.0008,0.3496318272994381,0.026660120855144912,1.3219916731216534,0.00008141501788635191,-0.00023029063959163046,30352,10246,64025.8
2026-07-25 03:40:54,okx,BTC,BTC-USD-260814-76000-P,2026-08-14,76000,put,0.1853902200420082,,,0.39188938361037784,-1.1480198908300379,3.1700940875682466,0.00018937786504847373,-0.00017880412611877478,0,0,64025.8
2026-07-25 03:40:54,okx,BTC,BTC-USD-260731-68000-P,2026-07-31,68000,put,0.0629392389168642,0.0615,0.065,0.3231226264017877,-0.9815550748809624,5.5394380916017765,0.00019565775372427596,-0.0005097797595759675,5751,70,64025.8
2026-07-25 03:40:54,okx,BTC,BTC-USD-260731-68000-C,2026-07-31,68000,call,0.0015265624967897,0.002,0.0021,0.3231226264017877,0.07969161502837385,3.4169447117831044,0.00019565775372427596,-0.0005114623894050773,32146,4927,64025.8
2026-07-25 03:40:54,okx,BTC,BTC-USD-260814-78000-P,2026-08-14,78000,put,0.2161596384734186,,,0.416290498826269,-1.1896494801174768,2.995497041380123,0.00014182217503813755,-0.00014035957541819552,0,0,64025.8
2026-07-25 03:40:54,okx,BTC,BTC-USD-260727-59000-P,2026-07-27,59000,put,0.0000240470537649,,0.0002,0.38308479763741315,-0.002716358997480965,0.2857319580449667,0.0000064131477277044295,-0.000056349347482578815,0,0,64025.8
2026-07-25 03:40:54,okx,BTC,BTC-USD-260731-74000-P,2026-07-31,74000,put,0.1551763066434748,0.154,0.1565,0.44333778361856946,-1.1482624040690586,2.6235670528863606,0.00002454883901967101,-0.00008380277802187935,4538,0,64025.8
2026-07-25 03:40:54,okx,BTC,BTC-USD-260807-58000-P,2026-08-07,58000,put,0.0031333966587478,0.0033,0.0034,0.3999039530927616,-0.08995027336753997,2.2601430997601963,0.00030039361233991704,-0.00045566587765720446,1343,823,64025.8
2026-07-25 03:40:54,okx,BTC,BTC-USD-260727-59000-C,2026-07-27,59000,call,0.0787101570634452,0.0785,0.0795,0.38308479763741315,0.918596092318333,-1.5568929445866613,0.0000064131477277044295,-0.000056349347482578815,0,0,64025.8
2026-07-25 03:40:54,okx,BTC,BTC-USD-260731-74000-C,2026-07-31,74000,call,0.0001245086156716,0.0002,0.0003,0.44333778361856946,0.006623699655807457,0.31379484543662844,0.00002454883901967101,-0.00008805087121754072,8422,500,64025.8
2026-07-25 03:40:54,okx,BTC,BTC-USD-260807-58000-C,2026-08-07,58000,call,0.0987259170545003,0.092,0.167,0.3999039530927616,0.8142129233869723,0.4518167062511719,0.00030039361233991704,-0.0004538735053160856,0,0,64025.8
2026-07-25 03:40:54,okx,BTC,BTC-USD-260726-62500-P,2026-07-26,62500,put,0.0000278804461899,0.0002,0.0003,0.17939931573828607,-0.008235548158452656,2.2143561540790473,0.000012746702860964762,-0.0000968992138904518,923,1303,64025.8
2026-07-25 03:40:54,okx,BTC,BTC-USD-260731-72000-P,2026-07-31,72000,put,0.1240398545414207,0.123,0.1255,0.3912221595945322,-1.1122242147940884,2.8224277436153065,0.000039609737469282595,-0.00012197633318331838,4496,20,64025.8
2026-07-25 03:40:54,okx,BTC,BTC-USD-260807-59000-P,2026-08-07,59000,put,0.0044188021099475,0.0047,0.0048,0.38436783364636584,-0.12370407791155184,2.974489459160463,0.00037850022514094266,-0.0005518284476551236,7226,1224,64025.8
2026-07-25 03:40:54,okx,BTC,BTC-USD-260726-62500-C,2026-07-26,62500,call,0.0241533517192532,0.0235,0.025,0.17939931573828607,0.9676051299471996,0.2626747978677426,0.000012746702860964762,-0.00009623820033766071,0,0,64025.8
2026-07-25 03:40:54,okx,BTC,BTC-USD-260731-72000-C,2026-07-31,72000,call,0.000201097049527,0.0003,0.0004,0.3912221595945322,0.011448750992267581,0.5750818120425946,0.000039609737469282595,-0.00012536927192346255,19271,623,64025.8
2026-07-25 03:40:54,okx,BTC,BTC-USD-260807-59000-C,2026-08-07,59000,call,0.0844223504738432,0.018,0.154,0.38436783364636584,0.7960481394766586,1.1349850243840418,0.00037850022514094266,-0.0005503283801253749,0,0,64025.8
2026-07-25 03:40:54,okx,BTC,BTC-USD-260731-78000-P,2026-07-31,78000,put,0.2175677436018327,0.2165,0.219,0.5632625061641882,-1.213362858873248,2.5897888621734797,0.000015551024770851708,-0.00006490786331193088,2828,1,64025.8
2026-07-25 03:40:54,okx,BTC,BTC-USD-260807-56000-P,2026-08-07,56000,put,0.0016850723335484,0.0017,0.0018,0.4379659192477613,-0.049052433868121345,1.2848505700590285,0.00018768043643696206,-0.00031179663696015225,1444,10,64025.8
2026-07-25 03:40:54,okx,BTC,BTC-USD-260731-78000-C,2026-07-31,78000,call,0.0000898645022105,0.0001,0.0002,0.5632625061641882,0.003949520728637676,0.15516410296970826,0.000015551024770851708,-0.0000708662654186267,7431,0,64025.8
2026-07-25 03:40:54,okx,BTC,BTC-USD-260807-56000-C,2026-08-07,56000,call,0.1284555367930143,0.0635,0.1945,0.4379659192477613,0.8239327216189939,-0.46111974091520186,0.00018768043643696206,-0.00030941965499629295,0,0,64025.8
2026-07-25 03:40:54,okx,BTC,BTC-USD-260925-65000-P,2026-09-25,65000,put,0.0643364280305472,0.064,0.065,0.36247795513465775,-0.5575872166315881,3.7813424453758127,0.001646366962847958,-0.000479874693193219,27259,81,64025.8
2026-07-25 03:40:54,okx,BTC,BTC-USD-260731-76000-P,2026-07-31,76000,put,0.1863636380333301,0.185,0.188,0.501840919948128,-1.1813097955911012,2.579636726463877,0.000018439640685793366,-0.00006976326455779126,2684,1,64025.8
2026-07-25 03:40:54,okx,BTC,BTC-USD-260807-57000-P,2026-08-07,57000,put,0.0022674174483596,0.0024,0.0025,0.41776885262377594,-0.06591793845639934,1.7030927293209763,0.00023703051623067268,-0.00037561876247303445,955,10,64025.8
2026-07-25 03:40:54,okx,BTC,BTC-USD-260925-65000-C,2026-09-25,65000,call,0.0556422360210253,0.0555,0.056,0.36247795513465775,0.45111010604602897,1.763947800020579,0.001646366962847958,-0.000479874693193219,19099,502,64025.8
2026-07-25 03:40:54,okx,BTC,BTC-USD-260731-76000-C,2026-07-31,76000,call,0.0000987994696175,0.0001,0.0002,0.501840919948128,0.004789446072274434,0.20743824313712553,0.000018439640685793366,-0.00007486651220896987,11018,2200,64025.8
2026-07-25 03:40:54,okx,BTC,BTC-USD-260807-57000-C,2026-08-07,57000,call,0.1134489098759688,0.048,0.181,0.41776885262377594,0.8226562376644143,-0.07405562292065093,0.00023703051623067268,-0.0003735340853205454,0,0,64025.8
2026-07-25 03:40:54,okx,BTC,BTC-USD-260731-82000-P,2026-07-31,82000,put,0.2799886317205206,0.2785,0.2815,0.6847490884899559,-1.2766151658197928,2.662306558497972,0.000012646021810548885,-0.00006238897477881432,948,0,64025.8
2026-07-25 03:40:54,okx,BTC,BTC-USD-260807-60500-P,2026-08-07,60500,put,0.0075500558941671,0.0075,0.008,0.3653821790452516,-0.19846459700017455,4.31646540666872,0.0005171339651933676,-0.0007166725210579148,1498,1028,64025.8
2026-07-25 03:40:54,okx,BTC,BTC-USD-260731-82000-C,2026-07-31,82000,call,0.0000846715490794,,0.0002,0.6847490884899559,0.0031234896591127662,0.10282924754016053,0.000012646021810548885,-0.0000700576857965446,7125,0,64025.8
2026-07-25 03:40:54,okx,BTC,BTC-USD-260807-60500-C,2026-08-07,60500,call,0.0641701462102775,0.0275,0.1055,0.3653821790452516,0.7446711513385839,2.430193909991203,0.0005171339651933676,-0.0007156109107452214,0,0,64025.8
2026-07-25 03:40:54,okx,BTC,BTC-USD-260731-80000-P,2026-07-31,80000,put,0.2487775920422779,0.2475,0.2505,0.624891314084682,-1.245053277516034,2.62131329793379,0.000013882030679959399,-0.00006336873947528893,4017,0,64025.8
2026-07-25 03:40:54,okx,BTC,BTC-USD-260807-61000-P,2026-08-07,61000,put,0.009032998644189,0.009,0.0095,0.3601867107051817,-0.2308982925843064,4.808329559044313,0.0005653165295259376,-0.0007722896961146407,2687,928,64025.8
2026-07-25 03:40:54,okx,BTC,BTC-USD-260731-80000-C,2026-07-31,80000,call,0.0000866724067462,,0.0002,0.624891314084682,0.0034722400243617007,0.12426226285299843,0.000013882030679959399,-0.00007018229603750197,9018,0,64025.8
2026-07-25 03:40:54,okx,BTC,BTC-USD-260807-61000-C,2026-08-07,61000,call,0.0578586029443712,0.052,0.0695,0.3601867107051817,0.7200319660713013,2.9064690417330974,0.0005653165295259376,-0.0007713742382076323,0,0,64025.8
2026-07-25 03:40:54,okx,BTC,BTC-USD-260731-86000-P,2026-07-31,86000,put,0.3424072145086642,0.341,0.344,0.7943291114377631,-1.3396649330885815,2.7565078539543384,0.000010379735522784775,-0.00005732588656190312,491,0,64025.8
2026-07-25 03:40:54,okx,BTC,BTC-USD-260807-59500-P,2026-08-07,59500,put,0.0052744603055181,0.0055,0.006,0.3774674334289224,-0.14509119813220134,3.3902266018198843,0.0004225405518974342,-0.0006049688329610877,7138,6525,64025.8
2026-07-25 03:40:54,okx,BTC,BTC-USD-260731-86000-C,2026-07-31,86000,call,0.0000771732654041,,0.0002,0.7943291114377631,0.0024999982673438842,0.07217799124248805,0.000010379735522784775,-0.00006670490649066782,7381,0,64025.8
2026-07-25 03:40:54,okx,BTC,BTC-USD-260807-59500-C,2026-08-07,59500,call,0.0774835226534853,0.0115,0.1475,0.3774674334289224,0.7824555295728586,1.5351331464097642,0.0004225405518974342,-0.0006036149178370241,0,0,64025.8
2026-07-25 03:40:54,okx,BTC,BTC-USD-260731-84000-P,2026-07-31,84000,put,0.3111987748534534,0.31,0.3125,0.7414995126618017,-1.3081413501371064,2.7080306211155865,0.000011518593668795678,-0.000060576608433324675,155,0,64025.8
2026-07-25 03:40:54,okx,BTC,BTC-USD-260807-60000-P,2026-08-07,60000,put,0.0063080525804592,0.0065,0.007,0.37114050674405075,-0.1699222565953407,3.8400792640576658,0.00046909040406536924,-0.0006603485547446504,3066,302,64025.8
2026-07-25 03:40:54,okx,BTC,BTC-USD-260731-84000-C,2026-07-31,84000,call,0.0000817741461027,,0.0002,0.7414995126618017,0.0028104432803089936,0.08612703428075567,0.000011518593668795678,-0.00006910047390657217,12635,0,64025.8
2026-07-25 03:40:54,okx,BTC,BTC-USD-260807-60000-C,2026-08-07,60000,call,0.0707226289124982,0.0645,0.1405,0.37114050674405075,0.7654189814265684,1.969396788013847,0.00046909040406536924,-0.000659140792026272,0,0,64025.8
2026-07-25 03:40:54,okx,BTC,BTC-USD-260731-90000-P,2026-07-31,90000,put,0.4048192943720162,0.403,0.4065,0.8868691401228508,-1.4027152431055632,2.8588501715120516,0.000008021456370719596,-0.00004646586058175151,900,0,64025.8
2026-07-25 03:40:54,okx,BTC,BTC-USD-260807-62500-P,2026-08-07,62500,put,0.0152597436374407,0.0155,0.016,0.3479080860134057,-0.3513527830191367,6.21950959983449,0.0006930636162593536,-0.0009144455666265051,6259,101,64025.8
2026-07-25 03:40:54,okx,BTC,BTC-USD-260731-90000-C,2026-07-31,90000,call,0.0000631720569371,,0.0002,0.8868691401228508,0.0018759641273818934,0.04966775704616195,0.000008021456370719596,-0.000057555189421550657,2596,0,64025.8
2026-07-25 03:40:54,okx,BTC,BTC-USD-260807-62500-C,2026-08-07,62500,call,0.0407018898898376,0.0395,0.0415,0.3479080860134057,0.6229610065870187,4.27088202062218,0.0006930636162593536,-0.0009139685659365521,0,0,64025.8
2026-07-25 03:40:54,okx,BTC,BTC-USD-260731-88000-P,2026-07-31,88000,put,0.3736139179096558,0.3715,0.3755,0.8428257335019745,-1.3711916188049729,2.806900706421856,0.00000920677362556542,-0.00005254514528243597,101,0,64025.8
2026-07-25 03:40:54,okx,BTC,BTC-USD-260807-63000-P,2026-08-07,63000,put,0.0180304325680461,0.018,0.0185,0.344891025257012,-0.3983235021927279,6.606707630076739,0.0007235750407017504,-0.0009463819684837544,2534,1055,64025.8
2026-07-25 03:40:54,okx,BTC,BTC-USD-260731-88000-C,2026-07-31,88000,call,0.0000708361304862,,0.0002,0.8428257335019745,0.0021864504894623642,0.06014456783298608,0.00000920677362556542,-0.00006277931966671789,4945,0,64025.8
2026-07-25 03:40:54,okx,BTC,BTC-USD-260807-63000-C,2026-08-07,63000,call,0.0356780928045145,0.035,0.0365,0.344891025257012,0.5837847977302767,4.6424910302307305,0.0007235750407017504,-0.0009460511201994865,354,0,64025.8
2026-07-25 03:40:54,okx,BTC,BTC-USD-260731-100000-P,2026-07-31,100000,put,0.560845569137247,0.0001,,1.04663099908562,-1.559997612429565,3.1374160163485496,0.0000030871222891503402,-0.000010775837047595502,0,0,64025.8
2026-07-25 03:40:54,okx,BTC,BTC-USD-260807-61500-P,2026-08-07,61500,put,0.0107904363780739,0.011,0.0115,0.35554754418835754,-0.2672820568702183,5.301240902253087,0.0006119760251476387,-0.0008252427819558452,4562,2038,64025.8
2026-07-25 03:40:54,okx,BTC,BTC-USD-260731-100000-C,2026-07-31,100000,call,0.0000242441426204,,0.0002,1.04663099908562,0.0006592844959294385,0.016102222497560527,0.0000030871222891503402,-0.000026140938164980747,8547,0,64025.8
2026-07-25 03:40:54,okx,BTC,BTC-USD-260807-61500-C,2026-08-07,61500,call,0.0518215546623276,0.0445,0.0635,0.35554754418835754,0.6914427121022385,3.383791364308174,0.0006119760251476387,-0.000824473476454522,0,0,64025.8
2026-07-25 03:40:54,okx,BTC,BTC-USD-260731-95000-P,2026-07-31,95000,put,0.4828308420578444,0.4645,,0.9783300859786526,-1.4814486325232492,2.9945755524265483,0.000005247343089902496,-0.00002830619435055341,0,0,64025.8
2026-07-25 03:40:54,okx,BTC,BTC-USD-260807-62000-P,2026-08-07,62000,put,0.0128555944502281,0.013,0.0135,0.351457352126221,-0.30752261059516656,5.777959283245526,0.000655222117914694,-0.0008733683288099273,1629,897,64025.8
2026-07-25 03:40:54,okx,BTC,BTC-USD-260731-95000-C,2026-07-31,95000,call,0.0000421184029915,,0.0002,0.9783300859786526,0.00117541955597045,0.0293274482681091,0.000005247343089902496,-0.000041533409329145595,13475,0,64025.8
2026-07-25 03:40:54,okx,BTC,BTC-USD-260807-62000-C,2026-08-07,62000,call,0.0460922267185534,0.045,0.048,0.351457352126221,0.6589966686941395,3.844920724666914,0.000655222117914694,-0.0008727451757142892,258,0,64025.8
2026-07-25 03:40:54,okx,BTC,BTC-USD-260731-110000-P,2026-07-31,110000,put,0.7168923078098995,0.0001,,1.1336092612599393,-1.7165637467130106,3.4374101225109768,0.0000008219893763757191,0.000012102020917665133,0,0,64025.8
2026-07-25 03:40:54,okx,BTC,BTC-USD-260807-64500-P,2026-08-07,64500,put,0.028728243339104,0.0285,0.029,0.3389573728667614,-0.5511935011263424,7.284685682373873,0.0007566866783410344,-0.0009724712581528562,2172,1379,64025.8
2026-07-25 03:40:54,okx,BTC,BTC-USD-260731-110000-C,2026-07-31,110000,call,0.0000057801357256,,0.0002,1.1336092612599393,0.00015883990503343763,0.003964949274889221,0.0000008219893763757191,-0.000007538852477306216,5160,0,64025.8
2026-07-25 03:40:54,okx,BTC,BTC-USD-260807-64500-C,2026-08-07,64500,call,0.0229924455277873,0.023,0.0235,0.3389573728667614,0.45429832974720985,5.273702020626768,0.0007566866783410344,-0.0009725788670856436,742,477,64025.8
2026-07-25 03:40:54,okx,BTC,BTC-USD-260726-63900-P,2026-07-26,63900,put,0.0019099136893303,0.0017,0.0018,0.12815896922461426,-0.3781723238635692,52.84899058455982,0.00021582290115729135,-0.0011720123285941866,2250,2302,64025.8
2026-07-25 03:40:54,okx,BTC,BTC-USD-260731-105000-P,2026-07-31,105000,put,0.638866331303813,0.0001,,1.096856678980562,-1.6383531716207616,3.2856264045878545,0.0000016565711073746165,0.0000028023993297019913,3,0,64025.8
2026-07-25 03:40:54,okx,BTC,BTC-USD-260807-65000-P,2026-08-07,65000,put,0.0331247877101944,0.033,0.0335,0.33814981705563224,-0.6032807839909303,7.31697280180398,0.0007461061444225372,-0.0009564977429181272,1794,1523,64025.8
2026-07-25 03:40:54,okx,BTC,BTC-USD-260726-63900-C,2026-07-26,63900,call,0.0041765196147662,0.0039,0.0044,0.12815896922461426,0.6195271854316496,50.85359156596938,0.00021582290115729135,-0.0011719501871227922,184,184,64025.8
2026-07-25 03:40:54,okx,BTC,BTC-USD-260731-105000-C,2026-07-31,105000,call,0.0000124049694128,,0.0002,1.096856678980562,0.0003365701510077939,0.008246921044315503,0.0000016565711073746165,-0.000014700587926476307,7022,0,64025.8
2026-07-25 03:40:54,okx,BTC,BTC-USD-260807-65000-C,2026-08-07,65000,call,0.0195945038829492,0.0195,0.02,0.33814981705563224,0.41000555719947124,5.290400119423178,0.0007461061444225372,-0.0009567515042565996,819,868,64025.8
2026-07-25 03:40:54,okx,BTC,BTC-USD-260807-63500-P,2026-08-07,63500,put,0.021189749860135,0.021,0.0215,0.3423968263248482,-0.4478134986846742,6.921969580055021,0.0007450828505804457,-0.0009674133375632564,2606,1212,64025.8
2026-07-25 03:40:54,okx,BTC,BTC-USD-260807-63500-C,2026-08-07,63500,call,0.0310429240806751,0.031,0.0315,0.3423968263248482,0.5420893115551795,4.942163959575314,0.0007450828505804457,-0.0009672286416846737,288,283,64025.8
2026-07-25 03:40:54,okx,BTC,BTC-USD-260731-115000-P,2026-07-31,115000,put,0.7949216286844685,0.0001,,1.1605349484843959,-1.7946852077364044,3.591313147205609,0.0000003817362603157137,0.000018194510988948768,0,0,64025.8
2026-07-25 03:40:54,okx,BTC,BTC-USD-260807-64000-P,2026-08-07,64000,put,0.0247528151341123,0.0245,0.025,0.3404155717537161,-0.4990580513487658,7.151143990676628,0.0007563439228523714,-0.0009762890653732382,3064,1121,64025.8
2026-07-25 03:40:54,okx,BTC,BTC-USD-260731-115000-C,2026-07-31,115000,call,0.0000024996705206,,0.0002,1.1605349484843959,0.00007022372791425605,0.0018022842769718562,0.0000003817362603157137,-0.0000035842485448156256,5734,0,64025.8
2026-07-25 03:40:54,okx,BTC,BTC-USD-260807-64000-C,2026-08-07,64000,call,0.026811503338724,0.0265,0.027,0.3404155717537161,0.4986392692079372,5.155749349563221,0.0007563439228523714,-0.0009762505219003403,569,421,64025.8
2026-07-25 03:40:54,okx,BTC,BTC-USD-260807-66500-P,2026-08-07,66500,put,0.0486941272581769,0.047,0.0505,0.3395856778261635,-0.7503482437907352,6.872562200771251,0.0006587119363520293,-0.0008476829713765378,1202,28,64025.8
2026-07-25 03:40:54,okx,BTC,BTC-USD-260828-56000-C,2026-08-28,56000,call,0.1372468291462345,0.136,0.139,0.41988841769413787,0.7343675499986609,0.1601492827435169,0.0006404758522118243,-0.0003919737849548553,1054,0,64025.8
2026-07-25 03:40:54,okx,BTC,BTC-USD-260807-66500-C,2026-08-07,66500,call,0.0117803853831467,0.011,0.0115,0.3395856778261635,0.28632162835021413,4.799222456489352,0.0006587119363520293,-0.0008483751899320655,1460,211,64025.8
2026-07-25 03:40:54,okx,BTC,BTC-USD-260807-67000-P,2026-08-07,67000,put,0.0545866757202565,0.053,0.056,0.34125948691563035,-0.7940521528269604,6.592326309466306,0.0006166550919093334,-0.0007973077390943858,669,16,64025.8
2026-07-25 03:40:54,okx,BTC,BTC-USD-260807-67000-C,2026-08-07,67000,call,0.0098784478292978,0.009,0.0095,0.34125948691563035,0.2504122296308381,4.503397544550709,0.0006166550919093334,-0.0007981461100555987,5279,677,64025.8
2026-07-25 03:40:54,okx,BTC,BTC-USD-260828-56000-P,2026-08-28,56000,put,0.0086937547986446,0.0085,0.009,0.41988841769413787,-0.1367267719538632,1.9023379266485652,0.0006404758522118243,-0.0003933103565271571,5539,21,64025.8
2026-07-25 03:40:54,okx,BTC,BTC-USD-260726-64100-P,2026-07-26,64100,put,0.0032720332670888,0.003,0.0032,0.12442453373163856,-0.5499050574602574,57.10405661069496,0.00022526778238201738,-0.0011876196248816187,2071,2237,64025.8
2026-07-25 03:40:54,okx,BTC,BTC-USD-260807-65500-P,2026-08-07,65500,put,0.0379328604757732,0.0365,0.039,0.3380014211436754,-0.6543727055580955,7.251379716721062,0.000725301461038673,-0.0009293106324951356,966,684,64025.8
2026-07-25 03:40:54,okx,BTC,BTC-USD-260726-64100-C,2026-07-26,64100,call,0.0024159441428636,0.0023,0.0025,0.12442453373163856,0.45091714200489963,55.10241221176465,0.00022526778238201738,-0.0011876430365647093,2480,2849,64025.8
2026-07-25 03:40:54,okx,BTC,BTC-USD-260807-65500-C,2026-08-07,65500,call,0.0166080906325996,0.016,0.0165,0.3380014211436754,0.36670814594915524,5.20921801370656,0.000725301461038673,-0.0009297105462392931,1825,490,64025.8
2026-07-25 03:40:54,okx,BTC,BTC-USD-260807-66000-P,2026-08-07,66000,put,0.043131902903536,0.0415,0.0445,0.3384892022355688,-0.7036237717942441,7.0982018047694035,0.0006955861638949121,-0.0008923976927786121,1719,144,64025.8
2026-07-25 03:40:54,okx,BTC,BTC-USD-260807-66000-C,2026-08-07,66000,call,0.0140126470444342,0.0135,0.014,0.3384892022355688,0.3252515900298558,5.040451081121204,0.0006955861638949121,-0.0008929437589284548,2618,736,64025.8
2026-07-25 03:40:54,okx,BTC,BTC-USD-260807-70000-P,2026-08-07,70000,put,0.0949159412311594,0.083,0.177,0.3613446776206415,-0.9873524252946295,4.664829431725517,0.000351006432518531,-0.0004793838981000646,4,0,64025.8
2026-07-25 03:40:54,okx,BTC,BTC-USD-260807-70000-C,2026-08-07,70000,call,0.0034407972446303,0.003,0.0031,0.3613446776206415,0.10387901906426435,2.4823665430077293,0.000351006432518531,-0.000481099183495388,3864,3393,64025.8
2026-07-25 03:40:54,okx,BTC,BTC-USD-260807-71000-P,2026-08-07,71000,put,0.1095315613909398,0.097,0.1925,0.37090010585235506,-1.0297810684875848,4.1589214429968635,0.0002811672622463037,-0.0003935657692065645,4,0,64025.8
2026-07-25 03:40:54,okx,BTC,BTC-USD-260807-71000-C,2026-08-07,71000,call,0.002467445372554,0.0021,0.0022,0.37090010585235506,0.07703939650500755,1.9452805130116784,0.0002811672622463037,-0.0003955733594132581,7977,8554,64025.8
2026-07-25 03:40:54,okx,BTC,BTC-USD-260807-68000-P,2026-08-07,68000,put,0.0672193783174963,0.0655,0.0685,0.3461981644350872,-0.8714004191771769,5.940873530449639,0.0005248023070575549,-0.0006879892785037898,210,50,64025.8
2026-07-25 03:40:54,okx,BTC,BTC-USD-260807-68000-C,2026-08-07,68000,call,0.0069221783946808,0.006,0.0065,0.3461981644350872,0.18865298391432012,3.8207667242666448,0.0005248023070575549,-0.0006891199542763728,2576,2177,64025.8
2026-07-25 03:40:54,okx,BTC,BTC-USD-260807-69000-P,2026-08-07,69000,put,0.0807460902546436,0.0055,0.161,0.35300148561133265,-0.9353257871310663,5.2709753981631335,0.0004334288661059504,-0.0005789167390754239,4,0,64025.8
2026-07-25 03:40:54,okx,BTC,BTC-USD-260807-69000-C,2026-08-07,69000,call,0.0048599182999714,0.0044,0.0045,0.35300148561133265,0.14031663659412938,3.1196905507127424,0.0004334288661059504,-0.0005803397196593771,5923,3267,64025.8
2026-07-25 03:40:54,okx,BTC,BTC-USD-261030-46000-P,2026-10-30,46000,put,0.009753359196832,0.01,0.0105,0.5049020859837279,-0.08478518017556687,0.7130933397106018,0.0007306491754049586,-0.00018980575470326224,1136,0,64025.8
2026-07-25 03:40:54,okx,BTC,BTC-USD-261030-46000-C,2026-10-30,46000,call,0.2987218423979153,0.0001,,0.5049020859837279,0.6262463366233499,-0.7089696938872315,0.0007306491754049586,-0.00018980575470326224,0,0,64025.8
2026-07-25 03:40:54,okx,BTC,BTC-USD-261030-48000-P,2026-10-30,48000,put,0.0122101406121454,0.0125,0.013,0.4849863096457206,-0.10598632179968914,0.8809482012386644,0.0008638205926173498,-0.0002155491648500804,1731,1718,64025.8
2026-07-25 03:40:54,okx,BTC,BTC-USD-261030-48000-C,2026-10-30,48000,call,0.2702642100393627,0.0001,,0.4849863096457206,0.6359596087730934,-0.6029436599069009,0.0008638205926173498,-0.0002155491648500804,0,0,64025.8
2026-07-25 03:40:54,okx,BTC,BTC-USD-260807-72000-P,2026-08-07,72000,put,0.1244493675354785,0.1225,0.1265,0.3813522760789574,-1.0649243241869295,3.758149404304348,0.00022422394411835246,-0.0003220541755994689,15,0,64025.8
2026-07-25 03:40:54,okx,BTC,BTC-USD-260807-72000-C,2026-08-07,72000,call,0.0017962794852358,0.0016,0.0017,0.3813522760789574,0.05748516143936151,1.5133304330517663,0.00022422394411835246,-0.00032435407061753266,5473,6217,64025.8
2026-07-25 03:40:54,okx,BTC,BTC-USD-260807-73000-P,2026-08-07,73000,put,0.1395700926851659,0.138,0.1415,0.39240915226501644,-1.0947382553732052,3.4511952800692844,0.0001787815556600042,-0.0002635276815733801,814,800,64025.8
2026-07-25 03:40:54,okx,BTC,BTC-USD-260807-73000-C,2026-08-07,73000,call,0.0013280326030663,0.0012,0.0013,0.39240915226501644,0.04326025088678428,1.175198267549306,0.0001787815556600042,-0.0002661198814028141,3551,168,64025.8
2026-07-25 03:40:54,okx,BTC,BTC-USD-261030-54000-P,2026-10-30,54000,put,0.0244327207464826,0.0245,0.025,0.43567487231784413,-0.20421521970738263,1.5747824084759494,0.0013529319809015329,-0.0003032716314811097,3648,1221,64025.8
2026-07-25 03:40:54,okx,BTC,BTC-USD-261030-54000-C,2026-10-30,54000,call,0.1897435488521022,0.0001,,0.43567487231784413,0.6304739521869979,-0.09459593531281141,0.0013529319809015329,-0.0003032716314811097,0,0,64025.8
2026-07-25 03:40:54,okx,BTC,BTC-USD-261030-56000-P,2026-10-30,56000,put,0.0308272775303528,0.031,0.0315,0.42276094415573845,-0.2512698750763778,1.8614561126178764,0.0015295772320464186,-0.00033270519467636106,1111,1281,64025.8
2026-07-25 03:40:54,okx,BTC,BTC-USD-261030-56000-C,2026-10-30,56000,call,0.1652236918621064,0.0001,,0.42276094415573845,0.6143337105918686,0.1302489412813834,0.0015295772320464186,-0.00033270519467636106,0,0,64025.8
2026-07-25 03:40:54,okx,BTC,BTC-USD-261030-50000-P,2026-10-30,50000,put,0.0153476396927181,0.0155,0.016,0.4667855512833282,-0.13233567541942032,1.0804193872066257,0.0010138116207832877,-0.00024348262863723179,1316,2132,64025.8
2026-07-25 03:40:54,okx,BTC,BTC-USD-261030-50000-C,2026-10-30,50000,call,0.2424872953460695,0.0001,,0.4667855512833282,0.6405246689272284,-0.4653013014866716,0.0010138116207832877,-0.00024348262863723179,0,0,64025.8
2026-07-25 03:40:54,okx,BTC,BTC-USD-261030-52000-P,2026-10-30,52000,put,0.0193507256151636,0.0195,0.02,0.4503443587317951,-0.16478718155635383,1.312405741280839,0.001178440239581497,-0.000273052151428843,1353,8,64025.8
2026-07-25 03:40:54,okx,BTC,BTC-USD-261030-52000-C,2026-10-30,52000,call,0.215575967494649,0.0001,,0.4503443587317951,0.6389875765641606,-0.2951437749601902,0.001178440239581497,-0.000273052151428843,0,0,64025.8
2026-07-25 03:40:54,okx,BTC,BTC-USD-261030-62000-P,2026-10-30,62000,put,0.0601874997139652,0.06,0.0605,0.39405723539685533,-0.4381224865479533,2.745714812065506,0.0019613793218217538,-0.00039766210825187173,1073,0,64025.8
2026-07-25 03:40:54,okx,BTC,BTC-USD-261030-62000-C,2026-10-30,62000,call,0.101840672724121,0.101,0.1035,0.39405723539685533,0.5202243404418909,0.8290211580858177,0.0019613793218217538,-0.00039766210825187173,0,0,64025.8
2026-07-25 03:40:54,okx,BTC,BTC-USD-261030-64000-P,2026-10-30,64000,put,0.0739704398890271,0.0735,0.074,0.3875882797409771,-0.5127822924684066,2.9968469459510945,0.002034245178025063,-0.0004056647236330011,2328,245,64025.8
2026-07-25 03:40:54,okx,BTC,BTC-USD-261030-64000-C,2026-10-30,64000,call,0.0847091991253168,0.084,0.0855,0.3875882797409771,0.47647894829530363,1.018324464423674,0.002034245178025063,-0.0004056647236330011,917,917,64025.8
2026-07-25 03:40:54,okx,BTC,BTC-USD-261030-58000-P,2026-10-30,58000,put,0.0387739559027774,0.039,0.0395,0.41156245920159945,-0.3062151694694453,2.1619866890137147,0.0016979580295757707,-0.00035954728761026123,531,571,64025.8
2026-07-25 03:40:54,okx,BTC,BTC-USD-261030-58000-C,2026-10-30,58000,call,0.142255956460665,0.1415,0.144,0.41156245920159945,0.590302829972667,0.3689506901294896,0.0016979580295757707,-0.00035954728761026123,0,0,64025.8
2026-07-25 03:40:54,okx,BTC,BTC-USD-261030-60000-P,2026-10-30,60000,put,0.0484980872707337,0.0485,0.049,0.4020196492008447,-0.3687877692935868,2.4621659566025778,0.00184593783962014,-0.00038181911342140214,910,100,64025.8
2026-07-25 03:40:54,okx,BTC,BTC-USD-261030-60000-C,2026-10-30,60000,call,0.1210656740547554,0.1205,0.123,0.4020196492008447,0.5586446439223915,0.6073011301706214,0.00184593783962014,-0.00038181911342140214,0,0,64025.8
2026-07-25 03:40:54,okx,BTC,BTC-USD-261030-70000-P,2026-10-30,70000,put,0.1280023666869705,0.121,0.133,0.37614993623569193,-0.7493535871858111,3.458316527607069,0.0019625210314933063,-0.00037981194955398283,0,0,64025.8
2026-07-25 03:40:54,okx,BTC,BTC-USD-261030-70000-C,2026-10-30,70000,call,0.0459978846016624,0.0455,0.046,0.37614993623569193,0.3326508948994969,1.2943075634364527,0.0019625210314933063,-0.00037981194955398283,824,531,64025.8
2026-07-25 03:40:54,okx,BTC,BTC-USD-261030-72000-P,2026-10-30,72000,put,0.1499056301565076,0.0001,,0.37464723727323523,-0.825988731618974,3.5112350905856964,0.001854581526841574,-0.0003574882534413859,0,0,64025.8
2026-07-25 03:40:54,okx,BTC,BTC-USD-261030-72000-C,2026-10-30,72000,call,0.0369867342973336,0.0365,0.037,0.37464723727323523,0.28693016424020007,1.2853972988673477,0.001854581526841574,-0.0003574882534413859,328,427,64025.8
2026-07-25 03:40:54,okx,BTC,BTC-USD-261030-66000-P,2026-10-30,66000,put,0.0898996414106548,0.089,0.091,0.3825176636661273,-0.5909027255658617,3.2030333625518117,0.00205849873643732,-0.0004051309397863749,1333,1089,64025.8
2026-07-25 03:40:54,okx,BTC,BTC-USD-261030-66000-C,2026-10-30,66000,call,0.0697239868730786,0.0695,0.07,0.3825176636661273,0.42927292897171454,1.1626820534766589,0.00205849873643732,-0.0004051309397863749,1188,998,64025.8
2026-07-25 03:40:54,okx,BTC,BTC-USD-261030-68000-P,2026-10-30,68000,put,0.1079454996924468,0.105,0.111,0.3787407490367699,-0.6704238895918082,3.35715266595022,0.0020332091702581477,-0.00039620267711758554,755,743,64025.8
2026-07-25 03:40:54,okx,BTC,BTC-USD-261030-68000-C,2026-10-30,68000,call,0.0568554313810046,0.0565,0.057,0.3787407490367699,0.3806661787196339,1.2549725293273362,0.0020332091702581477,-0.00039620267711758554,861,523,64025.8
2026-07-25 03:40:54,okx,BTC,BTC-USD-261030-78000-P,2026-10-30,78000,put,0.2245769625157637,0.0001,,0.3757993584888154,-1.031760584385265,3.4756434327491075,0.0014129023845329616,-0.00027318792825525406,0,0,64025.8
2026-07-25 03:40:54,okx,BTC,BTC-USD-260726-60000-P,2026-07-26,60000,put,0.0000000526002549,,0.0001,0.27580870084246123,-0.000015385748680748862,0.004319714716174348,0.00000003824109880217798,-0.0000004469325211487526,520,0,64025.8
2026-07-25 03:40:54,okx,BTC,BTC-USD-261030-78000-C,2026-10-30,78000,call,0.0189148253349921,0.018,0.0185,0.3757993584888154,0.1739015527955068,1.064319158387564,0.0014129023845329616,-0.00027318792825525406,1747,506,64025.8
2026-07-25 03:40:54,okx,BTC,BTC-USD-261030-80000-P,2026-10-30,80000,put,0.2517242393593991,0.0001,,0.3778137501837701,-1.0910697622382468,3.433556432807497,0.001258819905100791,-0.0002447003966714108,0,0,64025.8
2026-07-25 03:40:54,okx,BTC,BTC-USD-261030-80000-C,2026-10-30,80000,call,0.0151476884047614,0.0145,0.015,0.3778137501837701,0.14550678871639086,0.9604033308982214,0.001258819905100791,-0.0002447003966714108,1474,0,64025.8
2026-07-25 03:40:54,okx,BTC,BTC-USD-261030-74000-P,2026-10-30,74000,put,0.1734511429552434,0.0001,,0.37414233180158907,-0.8990562536028309,3.524622596530634,0.0017198469184698927,-0.00033107009494227826,0,0,64025.8
2026-07-25 03:40:54,okx,BTC,BTC-USD-260925-95000-P,2026-09-25,95000,put,0.4750441406873755,0.472,0.4785,0.41237842476716124,-1.4609800257193521,3.132515107174802,0.00014791735732771742,-0.000049049510788645746,780,0,64025.8
2026-07-25 03:40:54,okx,BTC,BTC-USD-261030-74000-C,2026-10-30,74000,call,0.0296178333222035,0.029,0.0295,0.37414233180158907,0.2447770560302091,1.2369559772645544,0.0017198469184698927,-0.00033107009494227826,713,749,64025.8
2026-07-25 03:40:54,okx,BTC,BTC-USD-260726-60000-C,2026-07-26,60000,call,0.0631592119940817,0.0625,0.064,0.27580870084246123,0.9367916652327454,-1.869294387246678,0.00000003824109880217798,0.000001283495462707792,70,70,64025.8
2026-07-25 03:40:54,okx,BTC,BTC-USD-260925-95000-C,2026-09-25,95000,call,0.000798783134997,0.0012,0.0014,0.41237842476716124,0.013269907424857171,0.18401524088638305,0.00014791735732771742,-0.000049049510788645746,9253,28,64025.8
2026-07-25 03:40:54,okx,BTC,BTC-USD-261030-76000-P,2026-10-30,76000,put,0.1984160087832848,0.0001,,0.374551959336253,-0.9677621952872547,3.509166367954693,0.0015692850183649828,-0.0003024177055588796,0,0,64025.8
2026-07-25 03:40:54,okx,BTC,BTC-USD-261030-76000-C,2026-10-30,76000,call,0.0236682853763788,0.023,0.0235,0.374551959336253,0.20698552811965112,1.1596709211408809,0.0015692850183649828,-0.0003024177055588796,699,633,64025.8
2026-07-25 03:40:54,okx,BTC,BTC-USD-261030-95000-P,2026-10-30,95000,put,0.4720081657571555,0.0001,,0.41154412937711893,-1.4277298577461972,3.296049195085432,0.0004827634220754198,-0.00010222193089951571,0,0,64025.8
2026-07-25 03:40:54,okx,BTC,BTC-USD-261030-95000-C,2026-10-30,95000,call,0.0035735114985229,0.003,0.0033,0.41154412937711893,0.0407047965124352,0.35917988656816735,0.0004827634220754198,-0.00010222193089951571,761,0,64025.8
2026-07-25 03:40:54,okx,BTC,BTC-USD-261030-85000-P,2026-10-30,85000,put,0.3227419046866766,0.0001,,0.38578934470969545,-1.2210099080485253,3.3347463432830398,0.0009169644353731533,-0.00018201032806916808,0,0,64025.8
2026-07-25 03:40:54,okx,BTC,BTC-USD-261030-85000-C,2026-10-30,85000,call,0.0088793192973741,0.008,0.0085,0.38578934470969545,0.09285267734077739,0.7070211725044345,0.0009169644353731533,-0.00018201032806916808,935,0,64025.8
2026-07-25 03:40:54,okx,BTC,BTC-USD-261030-90000-P,2026-10-30,90000,put,0.3966096279157227,0.0001,,0.39727523543857607,-1.3308284931240055,3.2859518677609776,0.0006603361773843977,-0.00013497393120575534,0,0,64025.8
2026-07-25 03:40:54,okx,BTC,BTC-USD-261030-90000-C,2026-10-30,90000,call,0.0054610080917552,0.005,0.0055,0.39727523543857607,0.060320126699962166,0.5036546281130427,0.0006603361773843977,-0.00013497393120575534,480,0,64025.8
2026-07-25 03:40:54,okx,BTC,BTC-USD-260925-56000-C,2026-09-25,56000,call,0.1502153663136776,0.149,0.1505,0.4217580716049718,0.6639754656376898,0.20961613844150606,0.0011047270848637944,-0.000374660587978942,163,0,64025.8
2026-07-25 03:40:54,okx,BTC,BTC-USD-260925-56000-P,2026-09-25,56000,put,0.0192442086603428,0.0185,0.019,0.4217580716049718,-0.20505607389994943,1.9476792175167845,0.0011047270848637944,-0.000374660587978942,5516,392,64025.8
2026-07-25 03:40:54,okx,BTC,BTC-USD-260727-60000-C,2026-07-27,60000,call,0.0631238107572959,0.063,0.064,0.33917698344115416,0.930639576717367,-1.1901413829806329,0.000013595414725496874,-0.00010576489999027324,0,0,64025.8
2026-07-25 03:40:54,okx,BTC,BTC-USD-260726-64250-C,2026-07-26,64250,call,0.0014849826567745,0.0014,0.0016,0.12316605152852658,0.32404977699418014,50.78072050557737,0.00020477158065363918,-0.001068683723248433,2486,3484,64025.8
2026-07-25 03:40:54,okx,BTC,BTC-USD-260727-60000-P,2026-07-27,60000,put,0.0000531904084684,0.0001,0.0003,0.33917698344115416,-0.006288339874986188,0.6837144502040736,0.000013595414725496874,-0.00010576489999027324,899,905,64025.8
2026-07-25 03:40:54,okx,BTC,BTC-USD-260726-64250-P,2026-07-26,64250,put,0.0046830930682454,0.0043,0.0055,0.12316605152852658,-0.6791144400984304,52.78704893976259,0.00020477158065363918,-0.0010685961466994783,1297,1499,64025.8
2026-07-25 03:40:54,okx,BTC,BTC-USD-260726-65250-P,2026-07-26,65250,put,0.0188631581791842,0.0185,0.0195,0.153467115739017,-1.002300733041796,6.7213775975532775,0.000023400907427642866,-0.00015166166128031283,594,474,64025.8
2026-07-25 03:40:54,okx,BTC,BTC-USD-260727-64750-C,2026-07-27,64750,call,0.0022504442958544,0.0023,0.0024,0.20345998320356787,0.24150440505596876,19.45516482923333,0.00024228068017307898,-0.0011306300345247937,202,305,64025.8
2026-07-25 03:40:54,okx,BTC,BTC-USD-260726-65250-C,2026-07-26,65250,call,0.000051572519408,0.0002,0.0003,0.153467115739017,0.01647693490050501,4.683822261668675,0.000023400907427642866,-0.00015217700360169376,4643,4780,64025.8
2026-07-25 03:40:54,okx,BTC,BTC-USD-260727-64750-P,2026-07-27,64750,put,0.0133533998360781,0.0125,0.0145,0.20345998320356787,-0.7695969715999458,21.47736758254516,0.00024228068017307898,-0.0011306300345247937,227,377,64025.8
2026-07-25 03:40:54,okx,BTC,BTC-USD-260731-40000-P,2026-07-31,40000,put,0.0000000000005066,,0.0001,0.561950421788164,-0.00000000004693917699472467,0.000000004301311453384886,0.0000000000004003202671906548,-0.0000000000018200656070088886,38436,0,64025.8
2026-07-25 03:40:54,okx,BTC,BTC-USD-260731-40000-C,2026-07-31,40000,call,0.3755698910831648,0.3745,0.3765,0.561950421788164,0.6242627587232586,-1.2485255132390842,0.0000000000004003202671906548,0.000010289530728065734,10,0,64025.8
2026-07-25 03:40:54,okx,BTC,BTC-USD-260725-64100-P,2026-07-25,64100,put,0.0018121289845833,0.0014,0.002,0.13181846606418254,-0.6499045489718173,128.0983965898275,0.00008240595451545213,-0.0005431313259390849,1731,2011,64025.8
2026-07-25 03:40:54,okx,BTC,BTC-USD-260725-64100-C,2026-07-25,64100,call,0.0006929091161166,0.0006,0.0009,0.13181846606418254,0.35121310734262906,126.09616127719862,0.00008240595451545213,-0.0005431313259390849,1203,1564,64025.8
2026-07-25 03:40:54,okx,BTC,BTC-USD-260725-64400-P,2026-07-25,64400,put,0.0058757974846562,0.0055,0.0065,0.15733148997210872,-0.9568715232967061,30.965719877170205,0.0000225350885908197,-0.00017727395323235656,0,0,64025.8
2026-07-25 03:40:54,okx,BTC,BTC-USD-260725-65750-P,2026-07-25,65750,put,0.0269175859043165,0.026,0.028,0.493951155020937,-1.0190188997455039,4.013959087616508,0.00000481195514702903,-0.00011884354013919662,1546,258,64025.8
2026-07-25 03:40:54,okx,BTC,BTC-USD-260725-64400-C,2026-07-25,64400,call,0.0000711522501904,,0.0003,0.15733148997210872,0.04893155106601383,28.954113728444764,0.0000225350885908197,-0.00017727395323235656,3430,4491,64025.8
2026-07-25 03:40:54,okx,BTC,BTC-USD-260725-65750-C,2026-07-25,65750,call,0.0000285265228549,,0.0002,0.493951155020937,0.007868555834447054,1.9601841764566057,0.00000481195514702903,-0.00011884354013919662,3565,4483,64025.8
2026-07-25 03:40:54,okx,BTC,BTC-USD-260725-66250-P,2026-07-25,66250,put,0.0347100502119861,0.034,0.036,0.5615145629565532,-1.0315362603522673,2.8347086647010595,0.000002136198035637917,-0.00005997531531849363,585,0,64025.8
2026-07-25 03:40:54,okx,BTC,BTC-USD-260726-64300-P,2026-07-26,64300,put,0.00522582443687,0.0049,0.006,0.12310795817947601,-0.7186881778996693,50.06111174147167,0.00019351139822013566,-0.0010093368395595066,0,0,64025.8
2026-07-25 03:40:54,okx,BTC,BTC-USD-260725-66250-C,2026-07-25,66250,call,0.0000119485538592,,0.0002,0.5615145629565532,0.0031602253081394766,0.7653156933802459,0.000002136198035637917,-0.00005997531531849363,4371,3796,64025.8
2026-07-25 03:40:54,okx,BTC,BTC-USD-260726-64300-C,2026-07-26,64300,call,0.0012470402629837,0.0012,0.0013,0.12310795817947601,0.28525671173542566,48.05322196220148,0.00019351139822013566,-0.0010094458043970827,1747,1777,64025.8
2026-07-25 03:40:54,okx,BTC,BTC-USD-260727-62500-C,2026-07-27,62500,call,0.0249212722697773,0.0245,0.0255,0.2457356830059487,0.8766343035374305,7.382479718055156,0.00013408085091680852,-0.0007557144239484853,0,0,64025.8
2026-07-25 03:40:54,okx,BTC,BTC-USD-260727-62500-P,2026-07-27,62500,put,0.0008893760730822,0.0008,0.0009,0.2457356830059487,-0.09933227624627064,9.334412877622556,0.00013408085091680852,-0.0007557144239484853,4115,4210,64025.8
2026-07-25 03:40:54,okx,BTC,BTC-USD-260828-58000-C,2026-08-28,58000,call,0.1103178971414201,0.109,0.1125,0.39785309171887606,0.7061990075158513,0.7659618343280727,0.000811579309720169,-0.0004711903099206645,3365,0,64025.8
2026-07-25 03:40:54,okx,BTC,BTC-USD-260828-58000-P,2026-08-28,58000,put,0.0128752374866167,0.0125,0.013,0.39785309171887606,-0.1960058259349773,2.5703715012297303,0.000811579309720169,-0.0004722034174108968,19689,6916,64025.8
2026-07-25 03:40:54,okx,BTC,BTC-USD-260731-59000-P,2026-07-31,59000,put,0.001573257803467,0.0013,0.0014,0.42379639950816367,-0.06568786470881448,2.406217503675193,0.00016323031350784538,-0.0005596408450633847,13637,1659,64025.8
2026-07-25 03:40:54,okx,BTC,BTC-USD-260731-59000-C,2026-07-31,59000,call,0.0806192637949851,0.079,0.082,0.42379639950816367,0.8550997044772272,0.5646423653031093,0.00016323031350784538,-0.0005574752798426669,6934,0,64025.8
2026-07-25 03:40:54,okx,BTC,BTC-USD-260725-63750-P,2026-07-25,63750,put,0.0001769274019394,0.0002,0.0004,0.15723415362021367,-0.10581717720318316,52.524507196790864,0.000040553036906484965,-0.00031881612173602255,3120,7670,64025.8
2026-07-25 03:40:54,okx,BTC,BTC-USD-260925-82000-C,2026-09-25,82000,call,0.0036864045537325,0.0043,0.0044,0.35989551262486785,0.05711440511654201,0.6960710950035266,0.0004967978980529191,-0.00014377248755663598,5790,135,64025.8
2026-07-25 03:40:54,okx,BTC,BTC-USD-260725-63750-C,2026-07-25,63750,call,0.0045240371271381,0.004,0.0055,0.15723415362021367,0.8898341580549441,50.53320452627461,0.000040553036906484965,-0.00031881612173602255,846,2433,64025.8
2026-07-25 03:40:54,okx,BTC,BTC-USD-260925-82000-P,2026-09-25,82000,put,0.2761929237042064,0.2735,0.279,0.35989551262486785,-1.2153960634921441,3.2410920322208985,0.0004967978980529191,-0.00014377248755663598,2038,0,64025.8
2026-07-25 03:40:54,okx,BTC,BTC-USD-260726-64400-P,2026-07-26,64400,put,0.0064067941400712,0.0055,0.0075,0.12352712041218503,-0.7895440983976275,43.38553232895998,0.00016694662772904798,-0.000873690823664557,0,0,64025.8
2026-07-25 03:40:54,okx,BTC,BTC-USD-260726-64400-C,2026-07-26,64400,call,0.0008666624413545,0.0008,0.001,0.12352712041218503,0.21596213632243644,41.37451985951986,0.00016694662772904798,-0.0008738425650793757,1705,1733,64025.8
2026-07-25 03:40:54,okx,BTC,BTC-USD-260828-67000-C,2026-08-28,67000,call,0.024821107364325,0.0245,0.025,0.34339062577922813,0.3403943509847297,2.896057929247015,0.0011501840999229565,-0.0005775110562400335,1155,4,64025.8
2026-07-25 03:40:54,okx,BTC,BTC-USD-260828-67000-P,2026-08-28,67000,put,0.0673753138270606,0.0645,0.0685,0.34339062577922813,-0.7018077842084688,4.980462199633412,0.0011501840999229565,-0.0005770685753609524,1182,10,64025.8
2026-07-25 03:40:54,okx,BTC,BTC-USD-260727-61000-P,2026-07-27,61000,put,0.0001405867175065,0.0001,0.0004,0.29787898543978697,-0.01699599839973597,1.8520548899443237,0.00003234470354017638,-0.00022098651366267509,567,719,64025.8
2026-07-25 03:40:54,okx,BTC,BTC-USD-260727-61000-C,2026-07-27,61000,call,0.047595717405481,0.0475,0.0485,0.29787898543978697,0.9355473834691564,-0.05303187379346111,0.00003234470354017638,-0.00022098651366267509,180,180,64025.8
2026-07-25 03:40:54,okx,BTC,BTC-USD-260727-62000-P,2026-07-27,62000,put,0.0004606643485975,0.0005,0.0006,0.26147387705412833,-0.053999151006988134,5.496997291199734,0.00008415711029131768,-0.0005047099315023969,1878,1659,64025.8
2026-07-25 03:40:54,okx,BTC,BTC-USD-260731-63500-C,2026-07-31,63500,call,0.0223358305828095,0.022,0.0225,0.3401841846166132,0.5654710860288805,7.660478640655173,0.0005063671749059677,-0.0013930725177345874,1800,46,64025.8
2026-07-25 03:40:54,okx,BTC,BTC-USD-260727-62000-C,2026-07-27,62000,call,0.0323003053757192,0.032,0.033,0.26147387705412833,0.9141596961384436,3.560679596908871,0.00008415711029131768,-0.0005047099315023969,0,0,64025.8
2026-07-25 03:40:54,okx,BTC,BTC-USD-260727-64000-P,2026-07-27,64000,put,0.0061872756652104,0.006,0.0065,0.21047594994566016,-0.4879773147605274,25.47660842580202,0.00030798854060902145,-0.0014868246949163266,1814,1765,64025.8
2026-07-25 03:40:54,okx,BTC,BTC-USD-260727-64000-C,2026-07-27,64000,call,0.0067959373706263,0.0065,0.007,0.21047594994566016,0.5114124629379827,23.477828870405,0.00030798854060902145,-0.0014868246949163266,696,696,64025.8
2026-07-25 03:40:54,okx,BTC,BTC-USD-260727-64500-P,2026-07-27,64500,put,0.0105654774913209,0.01,0.0115,0.20441414734934424,-0.6827948554848632,24.22748758486268,0.0002791114391784894,-0.0013086132560439626,1926,1235,64025.8
2026-07-25 03:40:54,okx,BTC,BTC-USD-260727-64500-C,2026-07-27,64500,call,0.0033663943663104,0.0034,0.0035,0.20441414734934424,0.32440265485191644,22.21309256418912,0.0002791114391784894,-0.0013086132560439626,674,824,64025.8
2026-07-25 03:40:54,okx,BTC,BTC-USD-260727-63000-P,2026-07-27,63000,put,0.0017440384779298,0.0016,0.0017,0.23190520660896624,-0.180077460945728,14.915932828679301,0.00020160454829060826,-0.0010723425886906815,4038,4234,64025.8
2026-07-25 03:40:54,okx,BTC,BTC-USD-260727-63000-C,2026-07-27,63000,call,0.0179681898441985,0.0175,0.019,0.23190520660896624,0.8036968514762428,12.94838420383536,0.00020160454829060826,-0.0010723425886906815,0,0,64025.8
2026-07-25 03:40:54,okx,BTC,BTC-USD-260731-63500-P,2026-07-31,63500,put,0.0135191657970879,0.013,0.0135,0.3401841846166132,-0.42554604351880854,9.642512899750551,0.0005063671749059677,-0.0013933139854303916,6010,2341,64025.8
2026-07-25 03:40:54,okx,BTC,BTC-USD-260727-63500-P,2026-07-27,63500,put,0.0033670205244307,0.0032,0.0033,0.22012272019335405,-0.30999153922746836,21.259212744971556,0.00027133933780767734,-0.0013699362613741075,615,22,64025.8
2026-07-25 03:40:54,okx,BTC,BTC-USD-260727-63500-C,2026-07-27,63500,call,0.0117834270602731,0.011,0.0125,0.22012272019335405,0.6815905058327721,19.276048654851078,0.00027133933780767734,-0.0013699362613741075,292,292,64025.8
2026-07-25 03:40:54,okx,BTC,BTC-USD-260726-64200-P,2026-07-26,64200,put,0.0041754523589497,0.0039,0.0047,0.12340424305409221,-0.6373778741969215,54.930715319833574,0.00021405242972412264,-0.0011192082665331432,524,524,64025.8
2026-07-25 03:40:54,okx,BTC,BTC-USD-260727-66000-P,2026-07-27,66000,put,0.0308736039820222,0.0305,0.0315,0.21817841634582308,-0.9933637924151528,6.836604864283308,0.00006319706955299169,-0.00031625067063259694,8,0,64025.8
2026-07-25 03:40:54,okx,BTC,BTC-USD-260726-64200-C,2026-07-26,64200,call,0.001758015709894,0.0017,0.0019,0.12340424305409221,0.36500567035320447,52.925948230733326,0.00021405242972412264,-0.0011192744547934765,12555,13222,64025.8
2026-07-25 03:40:54,okx,BTC,BTC-USD-260727-66000-C,2026-07-27,66000,call,0.0002512863657324,0.0003,0.0004,0.21817841634582308,0.03725691583643555,4.775363447780132,0.00006319706955299169,-0.00031625067063259694,2062,2280,64025.8
2026-07-25 03:40:54,okx,BTC,BTC-USD-260727-66500-P,2026-07-27,66500,put,0.0385479918158295,0.038,0.039,0.23223211703565938,-1.0203311668775619,4.532337928021674,0.00003455955849062384,-0.00018408279355201703,0,0,64025.8
2026-07-25 03:40:54,okx,BTC,BTC-USD-260727-66500-C,2026-07-27,66500,call,0.0001179293691132,0.0002,0.0003,0.23223211703565938,0.018097274012296247,2.4554810462419576,0.00003455955849062384,-0.00018408279355201703,1979,1717,64025.8
2026-07-25 03:40:54,okx,BTC,BTC-USD-260727-65000-P,2026-07-27,65000,put,0.0164723863525223,0.016,0.0175,0.2038597898753031,-0.8422152791791481,18.002067722322774,0.00019867501306710455,-0.0009289611504937613,688,650,64025.8
2026-07-25 03:40:54,okx,BTC,BTC-USD-260727-65000-C,2026-07-27,65000,call,0.0014655583970854,0.0015,0.0016,0.2038597898753031,0.17278996379590117,15.972057236372676,0.00019867501306710455,-0.0009289611504937613,1681,805,64025.8
2026-07-25 03:40:54,okx,BTC,BTC-USD-260727-65500-P,2026-07-27,65500,put,0.0234129631042597,0.023,0.024,0.20856999855317,-0.9413522167564552,11.284567423426612,0.00011711706013372357,-0.0005602665959572895,201,201,64025.8
2026-07-25 03:40:54,okx,BTC,BTC-USD-260727-65500-C,2026-07-27,65500,call,0.0005983903183964,0.0007,0.0008,0.20856999855317,0.08146075885686375,9.238941472199976,0.00011711706013372357,-0.0005602665959572895,1886,3062,64025.8
2026-07-25 03:40:54,okx,BTC,BTC-USD-260727-68000-P,2026-07-27,68000,put,0.0618850258535305,0.061,0.0625,0.2957272434591741,-1.0574156909708456,2.6870838730675475,0.00001010725989292018,-0.00006855632007438014,0,0,64025.8
2026-07-25 03:40:54,okx,BTC,BTC-USD-260727-68000-C,2026-07-27,68000,call,0.0000317289155349,0.0001,0.0002,0.2957272434591741,0.004435947833821319,0.5633805954582137,0.00001010725989292018,-0.00006855632007438014,3829,4120,64025.8
2026-07-25 03:40:54,okx,BTC,BTC-USD-260727-69000-P,2026-07-27,69000,put,0.0774934619991488,0.077,0.078,0.35018312397958273,-1.0744524038637107,2.490972517695,0.00000715421024619559,-0.000057461854907979035,0,0,64025.8
2026-07-25 03:40:54,okx,BTC,BTC-USD-260727-69000-C,2026-07-27,69000,call,0.0000246754003004,0.0001,0.0002,0.35018312397958273,0.0030147002174954352,0.33603830953258784,0.00000715421024619559,-0.000057461854907979035,508,502,64025.8
2026-07-25 03:40:54,okx,BTC,BTC-USD-260727-67000-P,2026-07-27,67000,put,0.0463026606555998,0.0455,0.047,0.2502148821106485,-1.0363388050429003,3.4464259766679834,0.00002052932791954256,-0.00011781771569516626,261,261,64025.8
2026-07-25 03:40:54,okx,BTC,BTC-USD-260727-67000-C,2026-07-27,67000,call,0.0000648533784569,,0.0003,0.2502148821106485,0.009897368485227159,1.3539536296117283,0.00002052932791954256,-0.00011781771569516626,1465,1372,64025.8
2026-07-25 03:40:54,okx,BTC,BTC-USD-260727-67500-P,2026-07-27,67500,put,0.0540876873138019,0.0535,0.0545,0.2715708794201943,-1.0478304250033865,2.9363107272948556,0.00001363492516223152,-0.00008492952336134908,0,0,64025.8
2026-07-25 03:40:54,okx,BTC,BTC-USD-260727-67500-C,2026-07-27,67500,call,0.0000421352062328,0.0001,0.0002,0.2715708794201943,0.006213481163010677,0.8282229149620609,0.00001363492516223152,-0.00008492952336134908,2186,2259,64025.8
2026-07-25 03:40:54,okx,BTC,BTC-USD-260925-58000-C,2026-09-25,58000,call,0.1253924892368956,0.124,0.1255,0.40525361141899013,0.6367111839219521,0.5762249493507492,0.0012769484066379603,-0.0004161212073884636,672,0,64025.8
2026-07-25 03:40:54,okx,BTC,BTC-USD-260925-58000-P,2026-09-25,58000,put,0.0254580759530845,0.0245,0.025,0.40525361141899013,-0.26335719631345994,2.3763617098215732,0.0012769484066379603,-0.0004161212073884636,24671,670,64025.8
2026-07-25 03:40:54,okx,BTC,BTC-USD-260727-70000-P,2026-07-27,70000,put,0.0931083396378381,0.0925,0.0935,0.4093495226583638,-1.0905320722372052,2.432992868207133,0.000006159229416956132,-0.00005782869590941224,0,0,64025.8
2026-07-25 03:40:54,okx,BTC,BTC-USD-260727-70000-C,2026-07-27,70000,call,0.0000240633781365,,0.0002,0.4093495226583638,0.002550497120540236,0.24682772949164195,0.000006159229416956132,-0.00005782869590941224,410,410,64025.8
2026-07-25 03:40:54,okx,BTC,BTC-USD-260727-71000-P,2026-07-27,71000,put,0.1087249345460175,0.108,0.109,0.46967170692231275,-1.1063568166206872,2.4161643855084862,0.000005707003055203435,-0.00006147877899861104,0,0,64025.8
2026-07-25 03:40:54,okx,BTC,BTC-USD-260727-71000-C,2026-07-27,71000,call,0.0000251686254631,,0.0002,0.46967170692231275,0.0023412180135974708,0.19876831623991748,0.000005707003055203435,-0.00006147877899861104,115,115,64025.8
2026-07-25 03:40:54,okx,BTC,BTC-USD-270326-30000-C,2027-03-26,30000,call,0.552643575691855,0.551,0.556,0.6200449948637867,0.4115340003976876,-0.6677706518578181,0.0006441757781236855,-0.00008178762363280732,400,0,64025.8
2026-07-25 03:40:54,okx,BTC,BTC-USD-260728-71000-C,2026-07-28,71000,call,0.0000347174119892,,0.0002,0.4000100642551939,0.003068307155049803,0.24647623328799875,0.000008803478047032946,-0.0000553699851030309,19,19,64025.8
2026-07-25 03:40:54,okx,BTC,BTC-USD-270326-40000-C,2027-03-26,40000,call,0.4125782893331151,0.4115,0.4165,0.5298184690581011,0.5011669604232634,-0.6392813300661825,0.0012868080712526704,-0.0001396049645197819,501,0,64025.8
2026-07-25 03:40:54,okx,BTC,BTC-USD-270326-35000-P,2027-03-26,35000,put,0.0136189567784194,0.0145,0.0155,0.5706557714270363,-0.0701197523173505,0.38368986859155313,0.0009293981093884537,-0.00010860154196273576,9592,0,64025.8
2026-07-25 03:40:54,okx,BTC,BTC-USD-270326-35000-C,2027-03-26,35000,call,0.4814532525356298,0.4805,0.4855,0.5706557714270363,0.462047570217999,-0.6806447764791459,0.0009293981093884537,-0.00010860154196273576,500,0,64025.8
2026-07-25 03:40:54,okx,BTC,BTC-USD-260728-71000-P,2026-07-28,71000,put,0.1083901760725633,0.108,0.109,0.4000100642551939,-1.1052854212943906,2.4631836901868795,0.000008803478047032946,-0.0000553699851030309,0,0,64025.8
2026-07-25 03:40:54,okx,BTC,BTC-USD-270326-30000-P,2027-03-26,30000,put,0.0087856078999604,0.009,0.0105,0.6200449948637867,-0.044609418918326246,0.24451618677420955,0.0006441757781236855,-0.00008178762363280732,223678,554,64025.8
2026-07-25 03:40:54,okx,BTC,BTC-USD-270326-50000-C,2027-03-26,50000,call,0.2861783756308863,0.2835,0.289,0.4703032750375194,0.5310784653753305,-0.3735164962679755,0.0021666445310815972,-0.0002086534936967984,341,0,64025.8
2026-07-25 03:40:54,okx,BTC,BTC-USD-270326-45000-P,2027-03-26,45000,put,0.0312862426727542,0.0315,0.0325,0.49668387736254654,-0.1590046410587192,0.83238369481616,0.001709135764401967,-0.00017382675298219843,11789,50,64025.8
2026-07-25 03:40:54,okx,BTC,BTC-USD-270326-45000-C,2027-03-26,45000,call,0.347073194360596,0.345,0.3505,0.49668387736254654,0.5252104879153016,-0.5360465631318815,0.001709135764401967,-0.00017382675298219843,520,0,64025.8
2026-07-25 03:40:54,okx,BTC,BTC-USD-270326-40000-P,2027-03-26,40000,put,0.020767665610589,0.0215,0.0225,0.5298184690581011,-0.10702426533142177,0.5771011214431877,0.0012868080712526704,-0.0001396049645197819,52352,0,64025.8
2026-07-25 03:40:54,okx,BTC,BTC-USD-270326-60000-C,2027-03-26,60000,call,0.1830138140729454,0.181,0.185,0.43410351674344255,0.48559841744144944,0.050481517966019136,0.0029670484523064322,-0.0002637411743015685,618,0,64025.8
2026-07-25 03:40:54,okx,BTC,BTC-USD-270326-55000-P,2027-03-26,55000,put,0.0674098806741446,0.067,0.0685,0.4497355565892087,-0.31883033341754724,1.5041402721573316,0.0026069500638486176,-0.00024007665421698092,5400,120,64025.8
2026-07-25 03:40:54,okx,BTC,BTC-USD-270326-55000-C,2027-03-26,55000,call,0.2311494882926181,0.2285,0.2335,0.4497355565892087,0.5174326019951447,-0.1683855986680524,0.0026069500638486176,-0.00024007665421698092,934,0,64025.8
2026-07-25 03:40:54,okx,BTC,BTC-USD-270326-50000-P,2027-03-26,50000,put,0.0464150959777286,0.0465,0.0475,0.4703032750375194,-0.22916056681802585,1.1469615681187375,0.0021666445310815972,-0.0002086534936967984,6679,0,64025.8
2026-07-25 03:40:54,okx,BTC,BTC-USD-270326-70000-C,2027-03-26,70000,call,0.1091206629340853,0.1085,0.11,0.4145929008623804,0.38516923102013356,0.40600766307367736,0.003262677366280576,-0.0002769848302082279,3092,220,64025.8
2026-07-25 03:40:54,okx,BTC,BTC-USD-270326-65000-P,2027-03-26,65000,put,0.1306476186429668,0.1295,0.131,0.42261951539930465,-0.5487130516530409,2.2271204314753046,0.003193946510031954,-0.0002763994530076548,4320,256,64025.8
2026-07-25 03:40:54,okx,BTC,BTC-USD-260725-60000-P,2026-07-25,60000,put,0.0000000000000001,,0.0001,0.25762963945749495,-0.0000000000000000000000000000032117925006901776,0.0000000000000000000000000064315405265728554,0.000000000000000000000000000000008161026485425712,-0.00000000000000000000000000000010512611555216465,625,0,64025.8
2026-07-25 03:40:54,okx,BTC,BTC-USD-270326-65000-C,2027-03-26,65000,call,0.1423398821920717,0.141,0.1435,0.42261951539930465,0.43959769019832257,0.2504989477725776,0.003193946510031954,-0.0002763994530076548,785,70,64025.8
2026-07-25 03:40:54,okx,BTC,BTC-USD-260725-60000-C,2026-07-25,60000,call,0.062914926800187,0.0625,0.064,0.25762963945749495,0.937083609654708,-1.874167219309416,0.000000000000000000000000000000008161026485425712,-0.00000000000000000000000000000010512611555216465,129,0,64025.8
2026-07-25 03:40:54,okx,BTC,BTC-USD-270326-60000-P,2027-03-26,60000,put,0.0952978784891563,0.0955,0.096,0.43410351674344255,-0.42668842119057826,1.8750551952300742,0.0029670484523064322,-0.0002637411743015685,5773,125,64025.8
2026-07-25 03:40:54,okx,BTC,BTC-USD-270326-80000-C,2027-03-26,80000,call,0.0624290003681466,0.0605,0.0625,0.4063054357812039,0.2736218482827471,0.5503605582679354,0.0029834279708354995,-0.00024821509122760027,5637,30,64025.8
2026-07-25 03:40:54,okx,BTC,BTC-USD-270326-75000-P,2027-03-26,75000,put,0.2231434317665205,0.22,0.224,0.4093393856562505,-0.8121148759629419,2.786040228037733,0.0031815295715106142,-0.00026667327261565074,3995,121,64025.8
2026-07-25 03:40:54,okx,BTC,BTC-USD-270326-75000-C,2027-03-26,75000,call,0.082788351246257,0.081,0.083,0.4093393856562505,0.3282436723270928,0.5053231314576636,0.0031815295715106142,-0.00026667327261565074,5587,111,64025.8
2026-07-25 03:40:54,okx,BTC,BTC-USD-270326-70000-P,2027-03-26,70000,put,0.1734520714196646,0.1725,0.175,0.4145929008623804,-0.6791654140505653,2.534676953215075,0.003262677366280576,-0.0002769848302082279,2210,0,64025.8
2026-07-25 03:40:54,okx,ETH,ETH-USD-260925-800-P,2026-09-25,800,put,0.0006482370293936,0.0007,,0.8580997678689213,-0.005821321881873285,0.05372534380941203,0.0000615175559103798,-0.000042447908950215485,30458,0,1857.17
2026-07-25 03:40:54,okx,ETH,ETH-USD-260925-800-C,2026-09-25,800,call,0.5712587002464813,0.57,0.573,0.8580997678689213,0.42356591022123025,-0.805049120396795,0.0000615175559103798,-0.000042447908950215485,10,0,1857.17
2026-07-25 03:40:54,okx,ETH,ETH-USD-260925-1200-P,2026-09-25,1200,put,0.0047312477174887,0.005,0.0055,0.6560288199523499,-0.04392471878600131,0.4008752675143775,0.000349833009365785,-0.00018454536784921218,31445,1440,1857.17
2026-07-25 03:40:54,okx,ETH,ETH-USD-260925-1200-C,2026-09-25,1200,call,0.3606469425431203,0.353,0.4285,0.6560288199523499,0.600156129368654,-0.8872864287949331,0.000349833009365785,-0.00018454536784921218,89,0,1857.17
2026-07-25 03:40:54,okx,ETH,ETH-USD-260925-1000-P,2026-09-25,1000,put,0.001870099510042,0.0016,0.0023,0.7508678367494812,-0.017149279135552167,0.15844671490217915,0.0001588040115214746,-0.00009588361836315948,17992,0,1857.17
2026-07-25 03:40:54,okx,ETH,ETH-USD-260925-1000-C,2026-09-25,1000,call,0.4651331785314018,0.4635,0.467,0.7508678367494812,0.5195847609933273,-0.9150213653555797,0.0001588040115214746,-0.00009588361836315948,900,0,1857.17
2026-07-25 03:40:54,okx,ETH,ETH-USD-260731-1550-C,2026-07-31,1550,call,0.1665241584162945,0.165,0.169,0.6871669111369041,0.8141773007918449,-1.1090284822064491,0.00006042217977466278,-0.00032908093555829353,1557,0,1857.17
2026-07-25 03:40:54,okx,ETH,ETH-USD-260731-1550-P,2026-07-31,1550,put,0.0006403479572952,0.0007,0.0008,0.6871669111369041,-0.019680462885859562,0.5586870451489597,0.00006042217977466278,-0.0003358982627607608,19331,2481,1857.17
2026-07-25 03:40:54,okx,ETH,ETH-USD-260725-1800-P,2026-07-25,1800,put,0.0000010908754718,,0.0001,0.4271789336808216,-0.00044129905525926177,0.16738330960372874,0.000000350711258215226,-0.000007490823065711977,21969,20761,1857.17
2026-07-25 03:40:54,okx,ETH,ETH-USD-260725-1800-C,2026-07-25,1800,call,0.0310216043169999,0.028,0.0325,0.4271789336808216,0.9685434037604338,-1.7705860960276574,0.000000350711258215226,-0.000007490823065711977,0,0,1857.17
2026-07-25 03:40:54,okx,ETH,ETH-USD-260725-1825-P,2026-07-25,1825,put,0.0000197822372963,,0.0002,0.33221204181245384,-0.008109778108388333,3.0169251418545913,0.000004915441632882143,-0.00008164844506348596,24385,23163,1857.17
2026-07-25 03:40:54,okx,ETH,ETH-USD-260725-1825-C,2026-07-25,1825,call,0.0175822472544011,0.0145,0.019,0.33221204181245384,0.974333045579745,1.0520394944783245,0.000004915441632882143,-0.00008164844506348596,0,0,1857.17
2026-07-25 03:40:54,okx,ETH,ETH-USD-260725-1700-P,2026-07-25,1700,put,0.0000000000000001,,0.0015,0.4785497494673294,-0.00000000000000003443862682006831,0.000000000000027470660693023847,0.0000000000000000000646591080441583,-0.000000000000000001547129997765647,280,0,1857.17
2026-07-25 03:40:54,okx,ETH,ETH-USD-260725-1700-C,2026-07-25,1700,call,0.084852707139221,0.073,,0.4785497494673294,0.9151522193259324,-1.8303044386518375,0.0000000000000000000646591080441583,-0.000000000000000001547129997765647,0,0,1857.17
2026-07-25 03:40:54,okx,ETH,ETH-USD-260725-1750-P,2026-07-25,1750,put,0.000000000012708,,0.0015,0.4747373925263648,-0.00000000730929537332917,0.000004052007298141051,0.000000000009451000595071396,-0.00000000022433716896346587,3922,647,1857.17
2026-07-25 03:40:54,okx,ETH,ETH-USD-260725-1750-C,2026-07-25,1750,call,0.0579366103030826,0.048,,0.4747373925263648,0.9420684537615174,-1.8841328701343272,0.000000000009451000595071396,-0.00000000022433716896346587,0,0,1857.17
2026-07-25 03:40:54,okx,ETH,ETH-USD-260725-1900-P,2026-07-25,1900,put,0.0228603337047692,0.0215,0.024,0.45924974938819624,-1.0092156718140468,5.442321725144965,0.000007753406720721879,-0.00017803750466981397,4312,2911,1857.17
2026-07-25 03:40:54,okx,ETH,ETH-USD-260725-1900-C,2026-07-25,1900,call,0.0000486534486045,,0.0002,0.45924974938819624,0.013601514491407054,3.396687352534057,0.000007753406720721879,-0.00017803750466981397,9333,16568,1857.17
2026-07-25 03:40:54,okx,ETH,ETH-USD-260725-1910-P,2026-07-25,1910,put,0.0282448502836598,0.027,0.029,0.5521818352528315,-1.0164002156689227,4.552495769466991,0.000006860471029661248,-0.00018941137419286157,1500,600,1857.17
2026-07-25 03:40:54,okx,ETH,ETH-USD-260725-1910-C,2026-07-25,1910,call,0.0000499506577258,,0.0002,0.5521818352528315,0.011800218985507049,2.496094900158131,0.000006860471029661248,-0.00018941137419286157,5719,4949,1857.17
2026-07-25 03:40:54,okx,ETH,ETH-USD-260725-1850-P,2026-07-25,1850,put,0.0005097854488221,0.0003,0.0007,0.21446082398438526,-0.19405949179302745,58.020300263984076,0.00006094482213284841,-0.0006535138386096237,22700,25615,1857.17
2026-07-25 03:40:54,okx,ETH,ETH-USD-260727-1860-C,2026-07-27,1860,call,0.0085122952793406,0.008,0.009,0.29528286713800683,0.47463147719741144,16.515688742069823,0.0003080098856828528,-0.0020856825467126376,313,313,1857.17
2026-07-25 03:40:54,okx,ETH,ETH-USD-261225-600-P,2026-12-25,600,put,0.0019990133303655,,0.003,0.8416900349077981,-0.011104054395033787,0.06724098364290738,0.0001590709934140743,-0.00004370299284942312,12557,0,1857.17
2026-07-25 03:40:54,okx,ETH,ETH-USD-260725-1850-C,2026-07-25,1850,call,0.0046142020415037,0.0016,0.006,0.21446082398438526,0.801841452767546,56.02849837486293,0.00006094482213284841,-0.0006535138386096237,2906,3814,1857.17
2026-07-25 03:40:54,okx,ETH,ETH-USD-261225-600-C,2026-12-25,600,call,0.6818213749105384,0.68,,0.8416900349077981,0.30907187547190823,-0.5731108760909768,0.0001590709934140743,-0.00004370299284942312,7,0,1857.17
2026-07-25 03:40:54,okx,ETH,ETH-USD-260725-1875-P,2026-07-25,1875,put,0.0094715466686268,0.008,0.0105,0.2546090583671084,-0.9594766757478802,20.161054377394898,0.000022901951662636553,-0.00029155221737964634,6220,5004,1857.17
2026-07-25 03:40:54,okx,ETH,ETH-USD-260725-1875-C,2026-07-25,1875,call,0.0001179148368851,,0.0003,0.2546090583671084,0.04988238968513347,18.14233624652887,0.000022901951662636553,-0.00029155221737964634,5247,7223,1857.17
2026-07-25 03:40:54,okx,ETH,ETH-USD-260727-1860-P,2026-07-27,1860,put,0.0097300684065529,0.0095,0.01,0.29528286713800683,-0.526502100842026,18.517955898148696,0.0003080098856828528,-0.002085632279776852,1013,962,1857.17
2026-07-25 03:40:54,okx,ETH,ETH-USD-260725-1950-P,2026-07-25,1950,put,0.0497537044361433,0.049,0.051,0.8338619551110844,-1.0452586949869749,2.8014929378392983,0.0000029232947770472314,-0.00012188121490773132,189,0,1857.17
2026-07-25 03:40:54,okx,ETH,ETH-USD-261225-1000-P,2026-12-25,1000,put,0.0109274271526948,0.011,0.0115,0.6795660444366051,-0.060731138841863125,0.3550024017221209,0.0006660430673035109,-0.00014774132280468354,15980,0,1857.17
2026-07-25 03:40:54,okx,ETH,ETH-USD-260725-1950-C,2026-07-25,1950,call,0.0000259273311319,,0.0005,0.8338619551110844,0.004474733063359359,0.7020260817386297,0.0000029232947770472314,-0.00012188121490773132,15514,10962,1857.17
2026-07-25 03:40:54,okx,ETH,ETH-USD-261225-1000-C,2026-12-25,1000,call,0.4772980297863163,0.475,0.48,0.6795660444366051,0.4728954109363736,-0.7122506978343526,0.0006660430673035109,-0.00014774132280468354,0,0,1857.17
2026-07-25 03:40:54,okx,ETH,ETH-USD-260725-1975-P,2026-07-25,1975,put,0.0631942944635387,0.0625,0.064,0.9240019211128291,-1.061740610823714,2.3554284957690426,0.0000010567832803988207,-0.0000488234890644214,360,0,1857.17
2026-07-25 03:40:54,okx,ETH,ETH-USD-261225-800-P,2026-12-25,800,put,0.0050664601681282,0.005,0.006,0.7519550117958996,-0.028309980740059353,0.16947583498068225,0.0003561436127453267,-0.00008741481013014957,25033,290,1857.17
2026-07-25 03:40:54,okx,ETH,ETH-USD-260725-1975-C,2026-07-25,1975,call,0.0000084689341041,,0.0015,0.9240019211128291,0.0014509380990603768,0.22904539792349382,0.0000010567832803988207,-0.0000488234890644214,7145,2213,1857.17
2026-07-25 03:40:54,okx,ETH,ETH-USD-261225-800-C,2026-12-25,800,call,0.5781629422750254,0.572,0.581,0.7519550117958996,0.39859125908253,-0.6843266446644966,0.0003561436127453267,-0.00008741481013014957,905,0,1857.17
2026-07-25 03:40:54,okx,ETH,ETH-USD-260725-1920-P,2026-07-25,1920,put,0.0336268000737445,0.032,0.0345,0.639073284692905,-1.023477728952095,3.950379749593316,0.0000059980496580575385,-0.00019165966483629935,2031,0,1857.17
2026-07-25 03:40:54,okx,ETH,ETH-USD-261225-1400-P,2026-12-25,1400,put,0.0413781594505887,0.0405,0.0415,0.586629567106376,-0.21058837763900273,1.0850697136079386,0.0016344481418212058,-0.0003129702771901963,14387,139,1857.17
2026-07-25 03:40:54,okx,ETH,ETH-USD-260725-1920-C,2026-07-25,1920,call,0.0000486810780412,,0.0002,0.639073284692905,0.010105954051310893,1.883212383586504,0.0000059980496580575385,-0.00019165966483629935,10915,12365,1857.17
2026-07-25 03:40:54,okx,ETH,ETH-USD-261225-1400-C,2026-12-25,1400,call,0.2942970031376588,0.292,0.296,0.586629567106376,0.5364887920505287,-0.4090846257711245,0.0016344481418212058,-0.0003129702771901963,380,0,1857.17
2026-07-25 03:40:54,okx,ETH,ETH-USD-260725-1930-P,2026-07-25,1930,put,0.0390047171893321,0.0375,0.0405,0.7157659307570159,-1.0307491728693183,3.4800929705235992,0.000005006717867113295,-0.00017918190370960646,1880,700,1857.17
2026-07-25 03:40:54,okx,ETH,ETH-USD-261225-1200-P,2026-12-25,1200,put,0.0219021430144693,0.0215,0.0225,0.6250352660121649,-0.11814045982238806,0.6577010456904538,0.001105424102785213,-0.00022552851078556972,4415,200,1857.17
2026-07-25 03:40:54,okx,ETH,ETH-USD-260725-1930-C,2026-07-25,1930,call,0.0000433788238595,,0.0002,0.7157659307570159,0.00821775848306371,1.4021591078188353,0.000005006717867113295,-0.00017918190370960646,3893,3865,1857.17
2026-07-25 03:40:54,okx,ETH,ETH-USD-261225-1200-C,2026-12-25,1200,call,0.3815468661748152,0.379,0.384,0.6250352660121649,0.522211399911496,-0.6230026737773143,0.001105424102785213,-0.00022552851078556972,250,0,1857.17
2026-07-25 03:40:54,okx,ETH,ETH-USD-260725-2050-P,2026-07-25,2050,put,0.1035599971648887,0.0865,,1.0085484166749747,-1.103560247320175,2.20828880785537,0.00000000581004943289707,-0.0000002929858078175838,0,0,1857.17
2026-07-25 03:40:54,okx,ETH,ETH-USD-261225-1800-P,2026-12-25,1800,put,0.11919419218006,0.1185,0.12,0.5477719773054923,-0.5047487745750014,2.0871478348951995,0.002477346728550175,-0.00044294989798550994,24038,500,1857.17
2026-07-25 03:40:54,okx,ETH,ETH-USD-260725-2050-C,2026-07-25,2050,call,0.0000000263621846,,0.0012,1.0085484166749747,0.000005664219919943445,0.0011569847751799391,0.00000000581004943289707,-0.0000002929858078175838,4576,0,1857.17
2026-07-25 03:40:54,okx,ETH,ETH-USD-261225-1800-C,2026-12-25,1800,call,0.1586612769205787,0.1575,0.16,0.5477719773054923,0.4557790150258247,0.1660922556935473,0.002477346728550175,-0.00044294989798550994,10155,0,1857.17
2026-07-25 03:40:54,okx,ETH,ETH-USD-260725-2100-P,2026-07-25,2100,put,0.1304760677704021,0.113,,1.0177851715345008,-1.1304821228143616,2.2609718106319563,0.00000000003796549123634305,-0.0000000019320357005186503,0,0,1857.17
2026-07-25 03:40:54,okx,ETH,ETH-USD-261225-1600-P,2026-12-25,1600,put,0.0729952146387841,0.072,0.073,0.5617691366177807,-0.34185180694303147,1.5903284365133457,0.0021374433646653935,-0.0003919408157018105,24873,364,1857.17
2026-07-25 03:40:54,okx,ETH,ETH-USD-260725-2100-C,2026-07-25,2100,call,0.0000000001188513,,0.0015,1.0177851715345008,0.000000030470613689526345,0.000007504062005831036,0.00000000003796549123634305,-0.0000000019320357005186503,2373,0,1857.17
2026-07-25 03:40:54,okx,ETH,ETH-USD-261225-1600-C,2026-12-25,1600,call,0.2191881788525785,0.217,0.221,0.5617691366177807,0.5119506727021473,-0.11727652277701181,0.0021374433646653935,-0.0003919408157018105,2809,0,1857.17
2026-07-25 03:40:54,okx,ETH,ETH-USD-260725-2000-P,2026-07-25,2000,put,0.0766456493018122,0.0625,,0.9718621165675588,-1.076328332533491,2.207574960771547,0.00000026317552087511644,-0.000012788515937323021,0,0,1857.17
2026-07-25 03:40:54,okx,ETH,ETH-USD-261225-2200-P,2026-12-25,2200,put,0.2537370544694413,0.2505,0.255,0.5416929709444352,-0.8646149822697832,2.82187825202943,0.0024839492857218716,-0.00043920161187383774,1251,0,1857.17
2026-07-25 03:40:54,okx,ETH,ETH-USD-260725-2000-C,2026-07-25,2000,call,0.0000017753479546,,0.0001,0.9718621165675588,0.00032133726172360654,0.05427562118111752,0.00000026317552087511644,-0.000012788515937323021,10763,4614,1857.17
2026-07-25 03:40:54,okx,ETH,ETH-USD-261225-2200-C,2026-12-25,2200,call,0.0797523802634084,0.079,0.0805,0.5416929709444352,0.30936342724233756,0.4739214330051886,0.0024839492857218716,-0.00043920161187383774,14644,147,1857.17
2026-07-25 03:40:54,okx,ETH,ETH-USD-260725-2025-P,2026-07-25,2025,put,0.0901021775808857,0.073,,0.9962782112810349,-1.090057678455184,2.189494910310685,0.0000000460772529301725,-0.0000022952881565008045,0,0,1857.17
2026-07-25 03:40:54,okx,ETH,ETH-USD-261225-2000-P,2026-12-25,2000,put,0.1801696549658289,0.179,0.1815,0.5422008832007508,-0.6840279970447464,2.5037855496000514,0.002584308068582217,-0.00045737508649421884,9570,0,1857.17
2026-07-25 03:40:54,okx,ETH,ETH-USD-260725-2025-C,2026-07-25,2025,call,0.0000002552026047,,0.0012,0.9962782112810349,0.00005011221247077126,0.009279328975375133,0.0000000460772529301725,-0.0000022952881565008045,7689,121,1857.17
2026-07-25 03:40:54,okx,ETH,ETH-USD-261225-2000-C,2026-12-25,2000,call,0.112910860233072,0.1125,0.114,0.5422008832007508,0.3832251025117271,0.3692793504871042,0.002584308068582217,-0.00045737508649421884,14074,562,1857.17
2026-07-25 03:40:54,okx,ETH,ETH-USD-261225-2600-P,2026-12-25,2600,put,0.4273891333598905,0.413,0.439,0.5482202602792654,-1.199078138821165,3.249605426867071,0.0019589481109373906,-0.0003505468059807119,1759,0,1857.17
2026-07-25 03:40:54,okx,ETH,ETH-USD-261225-2600-C,2026-12-25,2600,call,0.0399527002073063,0.0395,0.0405,0.5482202602792654,0.18835089060225046,0.47474736802024,0.0019589481109373906,-0.0003505468059807119,34686,230,1857.17
2026-07-25 03:40:54,okx,ETH,ETH-USD-261225-2400-P,2026-12-25,2400,put,0.3369841953275793,0.3325,0.3385,0.5439312715830823,-1.037515798724023,3.0609576606788824,0.002250595833153369,-0.0003995853329736955,842,0,1857.17
2026-07-25 03:40:54,okx,ETH,ETH-USD-261225-2400-C,2026-12-25,2400,call,0.0562736416482708,0.056,0.057,0.5439312715830823,0.2431879207437449,0.49955022174334657,0.002250595833153369,-0.0003995853329736955,22787,694,1857.17
2026-07-25 03:40:54,okx,ETH,ETH-USD-260725-2150-P,2026-07-25,2150,put,0.1573921645005932,0.0055,,1.0201390817214613,-1.1573983949709108,2.3147968071475375,0.00000000000008654777645363406,-0.000000000004414538459822229,0,0,1857.17
2026-07-25 03:40:54,okx,ETH,ETH-USD-261225-3000-P,2026-12-25,3000,put,0.6218134322184352,0.605,0.6325,0.5609744207622419,-1.4889769478219408,3.5687793445900087,0.0013909495795191257,-0.00025469618905609625,681,0,1857.17
2026-07-25 03:40:54,okx,ETH,ETH-USD-260725-2150-C,2026-07-25,2150,call,0.0000000000001963,,0.0015,1.0201390817214613,0.00000000005894496817174746,0.000000017087825760365593,0.00000000000008654777645363406,-0.000000000004414538459822229,328,18,1857.17
2026-07-25 03:40:54,okx,ETH,ETH-USD-261225-3000-C,2026-12-25,3000,call,0.0209252401192995,0.0205,0.0215,0.5609744207622419,0.11190270151276957,0.36702004592058857,0.0013909495795191257,-0.00025469618905609625,28122,800,1857.17
2026-07-25 03:40:54,okx,ETH,ETH-USD-261225-2800-P,2026-12-25,2800,put,0.5228574973145177,0.506,0.534,0.5540345668576748,-1.3490773946970913,3.413158495210389,0.0016624718088185395,-0.00030064857634494127,697,0,1857.17
2026-07-25 03:40:54,okx,ETH,ETH-USD-261225-2800-C,2026-12-25,2800,call,0.0286951846886578,0.0285,0.0295,0.5540345668576748,0.14507694468197155,0.42484981645226294,0.0016624718088185395,-0.00030064857634494127,8190,150,1857.17
2026-07-25 03:40:54,okx,ETH,ETH-USD-261225-1300-P,2026-12-25,1300,put,0.0303401669159636,0.0295,0.0305,0.6039693690298167,-0.15951813538296397,0.8573391309041591,0.001364428354168228,-0.0002689884607795866,11038,440,1857.17
2026-07-25 03:40:54,okx,ETH,ETH-USD-261225-3400-P,2026-12-25,3400,put,0.8260720099932837,0.661,1.01,0.5770770294943007,-1.7462860004893543,3.889403022869108,0.0009610556540183731,-0.00018102990607903627,1,0,1857.17
2026-07-25 03:40:54,okx,ETH,ETH-USD-261225-3400-C,2026-12-25,3400,call,0.0117320589475969,0.0115,0.0125,0.5770770294943007,0.06804426875665064,0.2607424843770991,0.0009610556540183731,-0.00018102990607903627,11610,359,1857.17
2026-07-25 03:40:54,okx,ETH,ETH-USD-261225-3200-P,2026-12-25,3200,put,0.7231398770215692,0.6915,0.7545,0.5687337467582578,-1.6207517049881512,3.726068053716827,0.0011565644962115967,-0.00021470732214445872,0,0,1857.17
2026-07-25 03:40:54,okx,ETH,ETH-USD-261225-3200-C,2026-12-25,3200,call,0.0155258054491579,0.0155,0.016,0.5687337467582578,0.08685325430220625,0.31085813513611166,0.0011565644962115967,-0.00021470732214445872,29106,0,1857.17
2026-07-25 03:40:54,okx,ETH,ETH-USD-261225-4000-P,2026-12-25,4000,put,1.1401567372708228,1.1215,1.1575,0.6039870141700051,-2.099410504052058,4.422339899997896,0.0005665666046467917,-0.00011169830270245526,580,0,1857.17
2026-07-25 03:40:54,okx,ETH,ETH-USD-261225-4000-C,2026-12-25,4000,call,0.0056391478053089,0.0055,0.006,0.6039870141700051,0.03509569506088883,0.15332750177200205,0.0005665666046467917,-0.00011169830270245526,3637,0,1857.17
2026-07-25 03:40:54,okx,ETH,ETH-USD-261225-3600-P,2026-12-25,3600,put,0.9300955461926621,0.7585,1.12,0.5858223436510017,-1.867147282920098,4.0601258902088775,0.0008010652649815764,-0.00015317991812662462,0,0,1857.17
2026-07-25 03:40:54,okx,ETH,ETH-USD-261225-1300-C,2026-12-25,1300,call,0.3366219503396717,0.3345,0.3385,0.6039693690298167,0.5341963793287439,-0.5300898985192565,0.001364428354168228,-0.0002689884607795866,450,0,1857.17
2026-07-25 03:40:54,okx,ETH,ETH-USD-261225-3600-C,2026-12-25,3600,call,0.0090297156736996,0.0085,0.0095,0.5858223436510017,0.05390829628155433,0.21801473180557343,0.0008010652649815764,-0.00015317991812662462,5616,0,1857.17
2026-07-25 03:40:54,okx,ETH,ETH-USD-261225-5000-P,2026-12-25,5000,put,1.6703983625549075,1.4505,1.906,0.6496742957341286,-2.6534374830560323,5.406778546761242,0.0002723866845101568,-0.00005776297571451316,2,0,1857.17
2026-07-25 03:40:54,okx,ETH,ETH-USD-260726-1880-P,2026-07-26,1880,put,0.0127490116660138,0.0105,0.015,0.19861384964762077,-0.8637917052258967,22.27889294721934,0.00013195615515899326,-0.0011105438067540035,610,600,1857.17
2026-07-25 03:40:54,okx,ETH,ETH-USD-261225-5000-C,2026-12-25,5000,call,0.0022513757230151,0.0018,0.0027,0.6496742957341286,0.014695265835151423,0.07051304897887392,0.0002723866845101568,-0.00005776297571451316,4234,0,1857.17
2026-07-25 03:40:54,okx,ETH,ETH-USD-261225-4500-P,2026-12-25,4500,put,1.4047530692951242,1.2045,1.622,0.6270360936301109,-2.3793589158715416,4.904435240237539,0.0003834538605920015,-0.00007848264942001552,0,0,1857.17
2026-07-25 03:40:54,okx,ETH,ETH-USD-261225-4500-C,2026-12-25,4500,call,0.0034207811464207,0.003,0.0037,0.6270360936301109,0.021960558130523566,0.10179629223340815,0.0003834538605920015,-0.00007848264942001552,3136,0,1857.17
2026-07-25 03:40:54,okx,ETH,ETH-USD-261225-6000-P,2026-12-25,6000,put,2.202943648107605,1.944,2.478,0.6921457073910419,-3.1940593554194283,6.441626196121925,0.00015542511794479076,-0.00003511451997231599,0,0,1857.17
2026-07-25 03:40:54,okx,ETH,ETH-USD-261225-6000-C,2026-12-25,6000,call,0.0011672639093333,0.0006,0.0016,0.6921457073910419,0.007699943249992308,0.03810759878308335,0.00015542511794479076,-0.00003511451997231599,8064,0,1857.17
2026-07-25 03:40:54,okx,ETH,ETH-USD-260726-1880-C,2026-07-26,1880,call,0.0008660156905311,0.0008,0.0009,0.19861384964762077,0.1480967370937808,20.255116062579983,0.00013195615515899326,-0.0011105438067540035,1277,2500,1857.17
2026-07-25 03:40:54,okx,ETH,ETH-USD-261225-5500-P,2026-12-25,5500,put,1.9365422984737632,1.698,2.1915,0.6714489669694723,-2.924547030892409,5.920793781639337,0.00020204104396786914,-0.000044281325695805807,0,0,1857.17
2026-07-25 03:40:54,okx,ETH,ETH-USD-261225-5500-C,2026-12-25,5500,call,0.0015806129586818,0.0011,0.002,0.6714489669694723,0.010398992887892896,0.050901734078733094,0.00020204104396786914,-0.000044281325695805807,4891,0,1857.17
2026-07-25 03:40:54,okx,ETH,ETH-USD-261225-8000-P,2026-12-25,8000,put,3.2695136294265805,0.0001,8.994,0.7634679094717207,-4.265888396460875,8.553584503937467,0.00006987309906577289,-0.00001741280728557326,0,0,1857.17
2026-07-25 03:40:54,okx,ETH,ETH-USD-261225-8000-C,2026-12-25,8000,call,0.0004784504955527,0.0002,0.0039,0.7634679094717207,0.0031240017650187787,0.015559707485678333,0.00006987309906577289,-0.00001741280728557326,272,0,1857.17
2026-07-25 03:40:54,okx,ETH,ETH-USD-261225-7000-P,2026-12-25,7000,put,2.7361165705637798,0.0001,7.527,0.7300566628987147,-3.730710544047838,7.494087097563078,0.0001000833393879877,-0.00002384988871794746,0,0,1857.17
2026-07-25 03:40:54,okx,ETH,ETH-USD-261225-7000-C,2026-12-25,7000,call,0.0007107889991303,0.0001,0.0042,0.7300566628987147,0.004675304399818886,0.023315400667763695,0.0001000833393879877,-0.00002384988871794746,4510,0,1857.17
2026-07-25 03:40:54,okx,ETH,ETH-USD-260828-1850-P,2026-08-28,1850,put,0.0561049580556618,0.0555,0.056,0.48329670626809856,-0.5118930577306835,3.703840436903794,0.0012129316592788988,-0.0008569408779330494,11867,537,1857.17
2026-07-25 03:40:54,okx,ETH,ETH-USD-260828-1850-C,2026-08-28,1850,call,0.0615085258263961,0.0615,0.062,0.48329670626809856,0.4823402804738114,1.7153737604948043,0.0012129316592788988,-0.0008568842547654529,7973,1012,1857.17
2026-07-25 03:40:54,okx,ETH,ETH-USD-260728-1910-P,2026-07-28,1910,put,0.0322476925977797,0.005,0.1135,0.36671191905112194,-0.818693550153214,10.13696636987049,0.0002715523394335679,-0.0015644324735649433,0,0,1857.17
2026-07-25 03:40:54,okx,ETH,ETH-USD-260728-1910-C,2026-07-28,1910,call,0.0040873846926867,0.0041,0.0042,0.36671191905112194,0.20934161617573302,8.080896037212597,0.0002715523394335679,-0.001565589973900096,432,432,1857.17
2026-07-25 03:40:54,okx,ETH,ETH-USD-270326-800-C,2027-03-26,800,call,0.5896861991696593,0.586,0.593,0.7319226685408189,0.36905839658287837,-0.5905200371844574,0.0007227018959124816,-0.00010831393747880562,1,0,1857.17
2026-07-25 03:40:54,okx,ETH,ETH-USD-270326-600-P,2027-03-26,600,put,0.0061697520606584,0.0055,0.0065,0.8132296249873774,-0.02594517757958431,0.12398885486134333,0.0003922442649509275,-0.00006531752877779557,142817,0,1857.17
2026-07-25 03:40:54,okx,ETH,ETH-USD-270326-600-C,2027-03-26,600,call,0.68887909127284,0.6855,0.692,0.8132296249873774,0.2913438053277167,-0.5105891109532587,0.0003922442649509275,-0.00006531752877779557,23,0,1857.17
2026-07-25 03:40:54,okx,ETH,ETH-USD-260728-2150-P,2026-07-28,2150,put,0.1573818524783546,0.005,,0.5620577376169404,-1.1543631317270182,2.4775704874362807,0.000008267957460737082,-0.00006659965796551331,0,0,1857.17
2026-07-25 03:40:54,okx,ETH,ETH-USD-270326-1200-C,2027-03-26,1200,call,0.407503835887497,0.4025,0.41,0.6322238781092901,0.46494453944475783,-0.5261612261477638,0.0017075632136770056,-0.0002210587125509897,255,0,1857.17
2026-07-25 03:40:54,okx,ETH,ETH-USD-260728-2150-C,2026-07-28,2150,call,0.000045045775146,,,0.5620577376169404,0.0028492282767702435,0.16314576742870382,0.000008267957460737082,-0.00007306581004243626,0,0,1857.17
2026-07-25 03:40:54,okx,ETH,ETH-USD-270326-1000-P,2027-03-26,1000,put,0.0239535037438256,0.022,0.024,0.6736204719871964,-0.10004680353984899,0.4598662834414305,0.001170646928272413,-0.0001614734628601319,75144,270,1857.17
2026-07-25 03:40:54,okx,ETH,ETH-USD-270326-1000-C,2027-03-26,1000,call,0.4951357357641283,0.491,0.498,0.6736204719871964,0.42876816797231937,-0.5977636595829061,0.001170646928272413,-0.0001614734628601319,1,0,1857.17
2026-07-25 03:40:54,okx,ETH,ETH-USD-270326-800-P,2027-03-26,800,put,0.0127404135534171,0.0115,0.013,0.7319226685408189,-0.053993580626856275,0.2555839172350119,0.0007227018959124816,-0.00010831393747880562,2930,0,1857.17
2026-07-25 03:40:54,okx,ETH,ETH-USD-270326-1600-C,2027-03-26,1600,call,0.2614686145563655,0.257,0.2635,0.5838462459697601,0.4605029990791717,-0.2185120518822762,0.002743836708075842,-0.0003280323731286667,2503,0,1857.17
2026-07-25 03:40:54,okx,ETH,ETH-USD-270326-1400-P,2027-03-26,1400,put,0.0694050156319359,0.0665,0.069,0.6033559472241853,-0.26541299088224,1.0912672744413958,0.002262147441310524,-0.0002794823957641648,29785,44,1857.17
2026-07-25 03:40:54,okx,ETH,ETH-USD-260725-1890-P,2026-07-25,1890,put,0.0174791273746228,0.016,0.0185,0.3675206659764636,-1.000216746659645,7.2359105686615415,0.000009487718998383823,-0.00017434664024417848,7780,3519,1857.17
2026-07-25 03:40:54,okx,ETH,ETH-USD-270326-1400-C,2027-03-26,1400,call,0.3290601404603595,0.324,0.331,0.6033559472241853,0.47492796923479574,-0.3894146457926757,0.002262147441310524,-0.0002794823957641648,60,0,1857.17
2026-07-25 03:40:54,okx,ETH,ETH-USD-260725-1890-C,2026-07-25,1890,call,0.0000506664882274,,0.0002,0.3675206659764636,0.017217191296832832,5.201042692748586,0.000009487718998383823,-0.00017434664024417848,2448,4303,1857.17
2026-07-25 03:40:54,okx,ETH,ETH-USD-270326-1200-P,2027-03-26,1200,put,0.0420851574631339,0.0395,0.0415,0.6322238781092901,-0.16963342636984421,0.7429947054814401,0.0017075632136770056,-0.0002210587125509897,3054,57,1857.17
2026-07-25 03:40:54,okx,ETH,ETH-USD-270326-2000-C,2027-03-26,2000,call,0.1602840850527941,0.1585,0.162,0.5642219349944194,0.38324336866803377,0.09283529281173002,0.0032435686603874973,-0.00037474255488616773,5496,0,1857.17
2026-07-25 03:40:54,okx,ETH,ETH-USD-270326-1800-P,2027-03-26,1800,put,0.1572320178658308,0.1545,0.1575,0.571373865469213,-0.5244499754114997,1.8548226340142873,0.0030805689602120753,-0.0003604219722952957,10831,576,1857.17
2026-07-25 03:40:54,okx,ETH,ETH-USD-270326-1800-C,2027-03-26,1800,call,0.2053600355023754,0.2015,0.2065,0.571373865469213,0.4274169733104033,-0.04891126342951904,0.0030805689602120753,-0.0003604219722952957,4020,0,1857.17
2026-07-25 03:40:54,okx,ETH,ETH-USD-270326-1600-P,2027-03-26,1600,put,0.1075770433238813,0.1045,0.1075,0.5838462459697601,-0.38560095534029765,1.4736958569566625,0.002743836708075842,-0.0003280323731286667,24760,240,1857.17
2026-07-25 03:40:54,okx,ETH,ETH-USD-270326-2400-C,2027-03-26,2400,call,0.0974283502561055,0.0965,0.0995,0.559678346591891,0.28779135579961485,0.259585508453569,0.0031270127260947266,-0.00035836707771356573,2370,220,1857.17
2026-07-25 03:40:54,okx,ETH,ETH-USD-270326-2200-P,2027-03-26,2200,put,0.2883405985982086,0.284,0.2905,0.5609433597583315,-0.8283453152790409,2.521840039473941,0.0032465889827090234,-0.0003729119268875561,346,0,1857.17
2026-07-25 03:40:54,okx,ETH,ETH-USD-270326-2200-C,2027-03-26,2200,call,0.124941509042874,0.124,0.127,0.5609433597583315,0.3350476220477295,0.19505416482040028,0.0032465889827090234,-0.0003729119268875561,1567,0,1857.17
2026-07-25 03:40:54,okx,ETH,ETH-USD-270326-2000-P,2027-03-26,2000,put,0.2179196210121889,0.2145,0.219,0.5642219349944194,-0.6743865743563029,2.208095178860404,0.0032435686603874973,-0.00037474255488616773,2852,0,1857.17
2026-07-25 03:40:54,okx,ETH,ETH-USD-270326-2800-C,2027-03-26,2800,call,0.0598661124972945,0.0595,0.062,0.5610574293423458,0.20583377568629915,0.3030515396880207,0.0026826244845806623,-0.00030819611041894965,6778,90,1857.17
2026-07-25 03:40:54,okx,ETH,ETH-USD-270326-2600-P,2027-03-26,2600,put,0.4511089961333223,0.444,0.4535,0.5598188666753706,-1.1306447493242455,3.0427634805015447,0.002926706942806178,-0.00033549551616644156,697,396,1857.17
2026-07-25 03:40:54,okx,ETH,ETH-USD-270326-2600-C,2027-03-26,2600,call,0.0761827993861092,0.0755,0.0785,0.5598188666753706,0.24427417660739223,0.29292562863826926,0.002926706942806178,-0.00033549551616644156,2627,190,1857.17
2026-07-25 03:40:54,okx,ETH,ETH-USD-270326-2400-P,2027-03-26,2400,put,0.3665909934073794,0.3615,0.3685,0.559678346591891,-0.981364575829589,2.797897371711977,0.0031270127260947266,-0.00035836707771356573,430,0,1857.17
2026-07-25 03:40:54,okx,ETH,ETH-USD-260727-1775-P,2026-07-27,1775,put,0.0006207983024561,0.0008,0.0009,0.36530344823260746,-0.05241174787349361,3.8617589418227793,0.00008196841212726004,-0.0006867556995652206,885,2352,1857.17
2026-07-25 03:40:54,okx,ETH,ETH-USD-260828-2150-P,2026-08-28,2150,put,0.1705148721360202,0.157,0.265,0.4948483411065363,-0.981027340829212,3.7487429228557505,0.0008279417780235704,-0.000597550728775582,0,0,1857.17
2026-07-25 03:40:54,okx,ETH,ETH-USD-270326-3200-C,2027-03-26,3200,call,0.0377576872032651,0.0375,0.04,0.5659506924720903,0.1449906660435764,0.28228491050936383,0.0021666756745193114,-0.00025109175656083736,4791,0,1857.17
2026-07-25 03:40:54,okx,ETH,ETH-USD-260727-1775-C,2026-07-27,1775,call,0.0451535071067956,0.0055,0.123,0.36530344823260746,0.9029711021372598,1.9509932418012723,0.00008196841212726004,-0.0006849257996145194,0,0,1857.17
2026-07-25 03:40:54,okx,ETH,ETH-USD-260828-2150-C,2026-08-28,2150,call,0.0146905451469636,0.0145,0.015,0.4948483411065363,0.17443302519222822,1.4378221908128703,0.0008279417780235704,-0.0005991819096275144,11630,3600,1857.17
2026-07-25 03:40:54,okx,ETH,ETH-USD-270326-3000-P,2027-03-26,3000,put,0.6338107240235775,0.602,0.6655,0.5631611039606575,-1.4136261154740906,3.4703665537031,0.0024229140995416084,-0.000279402714146919,470,0,1857.17
2026-07-25 03:40:54,okx,ETH,ETH-USD-270326-3000-C,2027-03-26,3000,call,0.0473574200844853,0.047,0.0495,0.5631611039606575,0.17281879906241446,0.29747672463009045,0.0024229140995416084,-0.000279402714146919,3590,0,1857.17
2026-07-25 03:40:54,okx,ETH,ETH-USD-270326-2800-P,2027-03-26,2800,put,0.5405558628404474,0.522,0.7355,0.5610574293423458,-1.2748481445477722,3.2644153801561635,0.0026826244845806623,-0.00030819611041894965,6500,0,1857.17
2026-07-25 03:40:54,okx,ETH,ETH-USD-270326-3600-C,2027-03-26,3600,call,0.0246466196229716,0.0245,0.027,0.5730583377567144,0.10265716387543014,0.23950196277329283,0.0017052839460801592,-0.00020010387140886155,1088,0,1857.17
2026-07-25 03:40:54,okx,ETH,ETH-USD-270326-3400-P,2027-03-26,3400,put,0.8283465451810066,0.6455,1.037,0.5692864929503416,-1.676154409198245,3.8578864886265642,0.0019254664148367906,-0.00022445370537071762,1,0,1857.17
2026-07-25 03:40:54,okx,ETH,ETH-USD-270326-3400-C,2027-03-26,3400,call,0.0303661340500354,0.0305,0.0325,0.5692864929503416,0.12181649394312752,0.2619446823438193,0.0019254664148367906,-0.00022445370537071762,3723,0,1857.17
2026-07-25 03:40:54,okx,ETH,ETH-USD-270326-3200-P,2027-03-26,3200,put,0.7299745447382971,0.551,0.9345,0.5659506924720903,-1.5472172427953623,3.6667007281872412,0.0021666756745193114,-0.00025109175656083736,1,0,1857.17
2026-07-25 03:40:54,okx,ETH,ETH-USD-270326-4500-C,2027-03-26,4500,call,0.010821929498763,0.011,0.013,0.5934374755100074,0.0505386147128341,0.14868671623232324,0.0009915666212118722,-0.00012049161323425088,3386,0,1857.17
2026-07-25 03:40:54,okx,ETH,ETH-USD-270326-4000-P,2027-03-26,4000,put,1.1319737182675818,0.934,1.3525,0.5815764148122635,-2.0413710294982073,4.425793811069463,0.0013346998491829893,-0.0001589462730285547,0,0,1857.17
2026-07-25 03:40:54,okx,ETH,ETH-USD-270326-4000-C,2027-03-26,4000,call,0.0167026463487921,0.017,0.019,0.5815764148122635,0.07388885655046606,0.1952740389721165,0.0013346998491829893,-0.0001589462730285547,7192,0,1857.17
2026-07-25 03:40:54,okx,ETH,ETH-USD-270326-3600-P,2027-03-26,3600,put,0.9283905843498825,0.741,1.1405,0.5730583377567144,-1.8010767335683757,4.0469697576609045,0.0017052839460801592,-0.00020010387140886155,20,0,1857.17
2026-07-25 03:40:54,okx,ETH,ETH-USD-270326-5500-C,2027-03-26,5500,call,0.005317297877063,0.005,0.0065,0.6190543015425616,0.0264533609737702,0.08800748338125258,0.0005835804106401126,-0.00007397575438981305,868,0,1857.17
2026-07-25 03:40:54,okx,ETH,ETH-USD-270326-5000-P,2027-03-26,5000,put,1.6514922497349422,1.421,1.9015,0.6060626291474128,-2.608179587858014,5.401724640141458,0.0007515597493249502,-0.00009326978381988342,10,0,1857.17
2026-07-25 03:40:54,okx,ETH,ETH-USD-270326-5000-C,2027-03-26,5000,call,0.0074034098364545,0.0075,0.009,0.6060626291474128,0.035895269702827755,0.11357492501977362,0.0007515597493249502,-0.00009326978381988342,1216,0,1857.17
2026-07-25 03:40:54,okx,ETH,ETH-USD-270326-4500-P,2027-03-26,4500,put,1.3905018854074016,1.178,1.6255,0.5934374755100074,-2.3291287570919237,4.908021459841839,0.0009915666212118722,-0.00012049161323425088,0,0,1857.17
2026-07-25 03:40:54,okx,ETH,ETH-USD-270326-7000-C,2027-03-26,7000,call,0.0024868925397761,0.0019,0.0037,0.6581357748806705,0.01281454342982771,0.04593599939955685,0.000315089464149787,-0.00004246286883241347,1493,0,1857.17
2026-07-25 03:40:54,okx,ETH,ETH-USD-270326-6000-P,2027-03-26,6000,put,2.1768917446646565,1.9105,2.463,0.6321613736023696,-3.1527175522510205,6.41526414467382,0.00046447498349040715,-0.00006012432805027836,0,0,1857.17
2026-07-25 03:40:54,okx,ETH,ETH-USD-270326-6000-C,2027-03-26,6000,call,0.0039851367864722,0.0039,0.005,0.6321613736023696,0.02017227682198949,0.0694844865278004,0.00046447498349040715,-0.00006012432805027836,20287,0,1857.17
2026-07-25 03:40:54,okx,ETH,ETH-USD-270326-5500-P,2027-03-26,5500,put,1.9138150217653986,1.6675,2.18,0.6190543015425616,-2.8820289823431557,5.904972170015104,0.0005835804106401126,-0.00007397575438981305,0,0,1857.17
2026-07-25 03:40:54,okx,ETH,ETH-USD-270326-9000-C,2027-03-26,9000,call,0.0013051530558187,0.0005,0.0021,0.7073010620551378,0.006725910105814338,0.024567066111779542,0.00017989574240866022,-0.00002605464420811977,40529,0,1857.17
2026-07-25 03:40:54,okx,ETH,ETH-USD-270326-8000-P,2027-03-26,8000,put,3.2322729112814916,0.0001,,0.6832749218914443,-4.2215659628975795,8.493656326736438,0.00023094780441173024,-0.000032312404046577004,0,0,1857.17
2026-07-25 03:40:54,okx,ETH,ETH-USD-270326-8000-C,2027-03-26,8000,call,0.001730767443912,0.0011,0.0027,0.6832749218914443,0.008953809199767016,0.03261678254174552,0.00023094780441173024,-0.000032312404046577004,60,0,1857.17
2026-07-25 03:40:54,okx,ETH,ETH-USD-270326-7000-P,2027-03-26,7000,put,2.704211268397658,0.0001,,0.6581357748806705,-3.6888902571553506,7.449345600569914,0.000315089464149787,-0.00004246286883241347,0,0,1857.17
2026-07-25 03:40:54,okx,ETH,ETH-USD-270326-9000-P,2027-03-26,9000,put,3.7606650648730953,0.0001,,0.7073010620551378,-4.7526088335037,9.54323655333081,0.00017989574240866022,-0.00002605464420811977,0,0,1857.17
2026-07-25 03:40:54,okx,ETH,ETH-USD-260828-1450-P,2026-08-28,1450,put,0.005801159674653,0.006,0.0065,0.5828015027816272,-0.07446717072561837,0.8906561116224062,0.00040480007926210954,-0.00034505081796227215,22884,8,1857.17
2026-07-25 03:40:54,okx,ETH,ETH-USD-260828-1450-C,2026-08-28,1450,call,0.2261752537917752,0.2235,0.23,0.5828015027816272,0.7047967970562831,-0.6678718239413965,0.00040480007926210954,-0.0003427437894353038,580,0,1857.17
2026-07-25 03:40:54,okx,ETH,ETH-USD-260725-2200-P,2026-07-25,2200,put,0.1843082613492436,0.0055,,1.0207552694211763,-1.1843146367746902,2.3686292735647716,0.00000000000000007746733463745358,-0.000000000000003953759501959719,0,0,1857.17
2026-07-25 03:40:54,okx,ETH,ETH-USD-260725-2200-C,2026-07-25,2200,call,0.0000000000000001,,0.0015,1.0207552694211763,0.000000000000045879609059694724,0.000000000015299466126927547,0.00000000000000007746733463745358,-0.000000000000003953759501959719,6,0,1857.17
2026-07-25 03:40:54,okx,ETH,ETH-USD-260828-1300-C,2026-08-28,1300,call,0.3034608754932255,0.295,0.3695,0.6556561244001347,0.6665306331503827,-0.9972684924740267,0.00020617042588989102,-0.00019456600482586583,86,0,1857.17
2026-07-25 03:40:54,okx,ETH,ETH-USD-260828-1300-P,2026-08-28,1300,put,0.0024728339962077,0.0026,0.0028,0.6556561244001347,-0.03211982072304609,0.4000324152728309,0.00020617042588989102,-0.00019771693536259864,12048,2,1857.17
2026-07-25 03:40:54,okx,ETH,ETH-USD-260828-1100-C,2026-08-28,1100,call,0.409275536383985,0.408,0.411,0.7690634728204226,0.5809735423435658,-1.054763692944025,0.00007719134005356248,-0.000082557305748506,0,0,1857.17
2026-07-25 03:40:54,okx,ETH,ETH-USD-260828-1100-P,2026-08-28,1100,put,0.0008022317137732,0.0007,0.001,0.7690634728204226,-0.010192226318566363,0.12756784438023908,0.00007719134005356248,-0.00008683343896492478,11131,0,1857.17
2026-07-25 03:40:54,okx,ETH,ETH-USD-260828-1200-C,2026-08-28,1200,call,0.3561530967953954,0.3545,0.358,0.7111641802932877,0.6266055219312727,-1.060662621650389,0.00012822973305398093,-0.0001296718908229454,0,0,1857.17
2026-07-25 03:40:54,okx,ETH,ETH-USD-260828-1200-P,2026-08-28,1200,put,0.0014224237117805,0.0013,0.0016,0.7111641802932877,-0.01830258933650767,0.22915360088517195,0.00012822973305398093,-0.0001333854226995212,10286,0,1857.17
2026-07-25 03:40:54,okx,ETH,ETH-USD-260726-1960-P,2026-07-26,1960,put,0.0549698017257086,0.012,0.138,0.3579445712944332,-1.0505547370055188,2.737689390334867,0.00000736629888335303,-0.00011172789810762495,0,0,1857.17
2026-07-25 03:40:54,okx,ETH,ETH-USD-260726-1960-C,2026-07-26,1960,call,0.0000279548576522,,0.0003,0.3579445712944332,0.004392787966059768,0.6277943403917099,0.00000736629888335303,-0.00011172789810762495,2449,401,1857.17
2026-07-25 03:40:54,okx,ETH,ETH-USD-260725-1960-P,2026-07-25,1960,put,0.0551285684587035,0.0135,,0.8765005688272873,-1.0521254863422917,2.575566896142801,0.000002036986268512796,-0.00008927098115224198,0,0,1857.17
2026-07-25 03:40:54,okx,ETH,ETH-USD-260725-1960-C,2026-07-25,1960,call,0.0000175719839229,,0.0004,0.8765005688272873,0.0029911900570185087,0.46533354334418037,0.000002036986268512796,-0.00008927098115224198,8868,5357,1857.17
2026-07-25 03:40:54,okx,ETH,ETH-USD-260925-1300-C,2026-09-25,1300,call,0.3097472371456543,0.302,0.384,0.6164483045031357,0.6286738370637016,-0.7795737231742998,0.0005017378004369687,-0.00024870981701108206,97,0,1857.17
2026-07-25 03:40:54,okx,ETH,ETH-USD-260925-1300-P,2026-09-25,1300,put,0.0075052344178866,0.008,0.0085,0.6164483045031357,-0.06908041510384161,0.6159347811607867,0.0005017378004369687,-0.00024870981701108206,12344,0,1857.17
2026-07-25 03:40:54,okx,ETH,ETH-USD-260828-1350-P,2026-08-28,1350,put,0.0032687882816348,0.0034,0.0036,0.6296872701303727,-0.04248788179704681,0.525043545947848,0.000259491650369281,-0.00023899254913342443,6615,2,1857.17
2026-07-25 03:40:54,okx,ETH,ETH-USD-260828-1350-C,2026-08-28,1350,call,0.277385513985354,0.209,0.347,0.6296872701303727,0.6830337433792062,-0.9259997044046581,0.000259491650369281,-0.0002361229192666131,0,0,1857.17
2026-07-25 03:40:54,okx,ETH,ETH-USD-260925-1900-C,2026-09-25,1900,call,0.0741706187928736,0.0735,0.0745,0.5042506310889148,0.42976949789724306,1.0572025753848415,0.0016465226301707434,-0.000667626548849744,8953,697,1857.17
2026-07-25 03:40:54,okx,ETH,ETH-USD-260925-1900-P,2026-09-25,1900,put,0.0939707686522899,0.0935,0.0945,0.5042506310889148,-0.5900251783476278,3.096791927874584,0.0016465226301707434,-0.000667626548849744,6673,0,1857.17
2026-07-25 03:40:54,okx,ETH,ETH-USD-260726-1840-P,2026-07-26,1840,put,0.0012905937639008,0.0014,0.0015,0.20325966385665126,-0.20061114440257777,24.57623992245627,0.00015885417218811714,-0.001368189777097031,2139,3808,1857.17
2026-07-25 03:40:54,okx,ETH,ETH-USD-260726-1840-C,2026-07-26,1840,call,0.010937023234705,0.0001,0.0265,0.20325966385665126,0.7897477565911492,22.595522120468818,0.00015885417218811714,-0.001368189777097031,0,0,1857.17
2026-07-25 03:40:54,okx,ETH,ETH-USD-260828-2050-C,2026-08-28,2050,call,0.0239213426865587,0.0235,0.024,0.4846490669602904,0.2564530260016204,1.7578964756564663,0.0010305893489528652,-0.0007304027250868908,10117,698,1857.17
2026-07-25 03:40:54,okx,ETH,ETH-USD-260828-2050-P,2026-08-28,2050,put,0.1260030380890183,0.121,0.1305,0.4846490669602904,-0.8452649974141715,3.96133252248805,0.0010305893489528652,-0.0007293341455748012,1570,500,1857.17
2026-07-25 03:40:54,okx,ETH,ETH-USD-260828-1650-C,2026-08-28,1650,call,0.131932523558841,0.1285,0.136,0.5145576086931869,0.6672620888384714,0.4455659304708191,0.0008577384744481535,-0.0006442539232944082,5103,0,1857.17
2026-07-25 03:40:54,okx,ETH,ETH-USD-260828-1650-P,2026-08-28,1650,put,0.0190436926149126,0.0185,0.019,0.5145576086931869,-0.2194865641547268,2.2190632364572154,0.0008577384744481535,-0.0006454357491416906,4374,411,1857.17
2026-07-25 03:40:54,okx,ETH,ETH-USD-260725-1940-P,2026-07-25,1940,put,0.0443796746539278,0.043,0.0455,0.7806527101870734,-1.0380815069994902,3.1008862849269363,0.000003944466365067854,-0.0001539629179065987,2188,3140,1857.17
2026-07-25 03:40:54,okx,ETH,ETH-USD-260725-1940-C,2026-07-25,1940,call,0.000035116918686,,0.0004,0.7806527101870734,0.006268672701867967,1.0121859255242198,0.000003944466365067854,-0.0001539629179065987,4852,2416,1857.17
2026-07-25 03:40:54,okx,ETH,ETH-USD-260727-1880-P,2026-07-27,1880,put,0.0164260090703521,0.0155,0.0175,0.29740730398104387,-0.7103003131891705,16.68277548540879,0.00027109847380992,-0.0018485798696328158,200,200,1857.17
2026-07-25 03:40:54,okx,ETH,ETH-USD-260727-1880-C,2026-07-27,1880,call,0.0044434166651274,0.0043,0.0045,0.29740730398104387,0.30159814203348656,14.658978574963475,0.00027109847380992,-0.0018490725287771865,203,203,1857.17
2026-07-25 03:40:54,okx,ETH,ETH-USD-260731-1350-P,2026-07-31,1350,put,0.0001537475759029,0.0002,0.0003,0.945088405374547,-0.004056495791638427,0.10234659100838105,0.000015078988123995408,-0.00011529327792871864,25067,0,1857.17
2026-07-25 03:40:54,okx,ETH,ETH-USD-261225-1100-C,2026-12-25,1100,call,0.4285915273106299,0.426,0.4315,0.6501444125228092,0.5013657635019833,-0.6837994497323812,0.0008701961772473668,-0.00018466942886592825,0,0,1857.17
2026-07-25 03:40:54,okx,ETH,ETH-USD-261225-1100-P,2026-12-25,1100,put,0.0155838644136462,0.0155,0.016,0.6501444125228092,-0.08562344125407706,0.4901789597797394,0.0008701961772473668,-0.00018466942886592825,7495,565,1857.17
2026-07-25 03:40:54,okx,ETH,ETH-USD-260731-1050-C,2026-07-31,1050,call,0.434874196841307,0.4335,0.4365,1.1745968866665852,0.5647998445976495,-1.127773399006938,0.00000036320566626092234,0.000014420034003562824,0,0,1857.17
2026-07-25 03:40:54,okx,ETH,ETH-USD-260731-1050-P,2026-07-31,1050,put,0.0000025625301034,,0.0008,1.1745968866665852,-0.00007154370015011505,0.0019693775886613623,0.00000036320566626092234,-0.0000034515276930157013,18794,0,1857.17
2026-07-25 03:40:54,okx,ETH,ETH-USD-260731-1350-C,2026-07-31,1350,call,0.2736326875757838,0.272,0.2755,0.945088405374547,0.722206717734104,-1.3501798360431039,0.000015078988123995408,-0.00010405425692860687,1320,0,1857.17
2026-07-25 03:40:54,okx,ETH,ETH-USD-261225-1900-C,2026-12-25,1900,call,0.134017833856077,0.1335,0.135,0.5440719105072651,0.4205006945438902,0.280288994671,0.0025602568534014753,-0.00045468208453805536,7519,527,1857.17
2026-07-25 03:40:54,okx,ETH,ETH-USD-261225-1900-P,2026-12-25,1900,put,0.1479136888521961,0.147,0.149,0.5440719105072651,-0.5933897500347595,2.3080698838282996,0.0025602568534014753,-0.00045468208453805536,9200,0,1857.17
2026-07-25 03:40:54,okx,ETH,ETH-USD-260726-1825-C,2026-07-26,1825,call,0.0181905750923158,0.0155,0.048,0.22536650531309232,0.9012464110491976,9.861692348767866,0.00008498150126661405,-0.000811540655867106,0,0,1857.17
2026-07-25 03:40:54,okx,ETH,ETH-USD-260828-1600-C,2026-08-28,1600,call,0.1539220133222612,0.1515,0.1575,0.5281438215100478,0.6901652030288635,0.09732959089510637,0.0007308119154959813,-0.000563008369196659,2590,0,1857.17
2026-07-25 03:40:54,okx,ETH,ETH-USD-260726-1800-P,2026-07-26,1800,put,0.0001391744869361,0.0002,0.0004,0.280728179405612,-0.023329350525259637,3.484230330410423,0.00003119739909867382,-0.0003711085073336961,7309,843,1857.17
2026-07-25 03:40:54,okx,ETH,ETH-USD-260828-1600-P,2026-08-28,1600,put,0.0141618665850343,0.014,0.0145,0.5281438215100478,-0.16971227866151062,1.8170845542758547,0.0007308119154959813,-0.0005644714957138628,19066,417,1857.17
2026-07-25 03:40:54,okx,ETH,ETH-USD-260726-1850-C,2026-07-26,1850,call,0.0068515711781975,0.006,0.009,0.19414622958315864,0.645674625591776,32.17429247394954,0.00021004325566542916,-0.0017279621064186486,1020,1020,1857.17
2026-07-25 03:40:54,okx,ETH,ETH-USD-260828-1700-C,2026-08-28,1700,call,0.1114505573360093,0.108,0.1155,0.5033340269609993,0.6340424929822236,0.8126674130773273,0.0009807438532548262,-0.0007209544869295343,8281,0,1857.17
2026-07-25 03:40:54,okx,ETH,ETH-USD-260726-1825-P,2026-07-26,1825,put,0.000470611079154,0.0006,0.0007,0.22536650531309232,-0.08103891194729784,11.826262994760857,0.00008498150126661405,-0.000811540655867106,6390,9441,1857.17
2026-07-25 03:40:54,okx,ETH,ETH-USD-260828-1700-P,2026-08-28,1700,put,0.0254330421853794,0.025,0.0255,0.5033340269609993,-0.2795773313137987,2.639907061669372,0.0009807438532548262,-0.0007218550121068952,20359,2271,1857.17
2026-07-25 03:40:54,okx,ETH,ETH-USD-260726-1775-C,2026-07-26,1775,call,0.0447044072904646,0.04,0.112,0.35014025481370037,0.9446649210618389,-0.4766585998584177,0.000015990563596368354,-0.00023724787259473513,0,0,1857.17
2026-07-25 03:40:54,okx,ETH,ETH-USD-260828-1400-C,2026-08-28,1400,call,0.2515875623413917,0.2495,0.255,0.6053180880283082,0.6961535759920359,-0.8188127153477281,0.00032508112997710266,-0.0002852211311183537,802,0,1857.17
2026-07-25 03:40:54,okx,ETH,ETH-USD-260828-1400-P,2026-08-28,1400,put,0.0043421524309708,0.0045,0.0046,0.6053180880283082,-0.05623922048704146,0.6859728776104265,0.00032508112997710266,-0.0002878094603152436,45211,139,1857.17
2026-07-25 03:40:54,okx,ETH,ETH-USD-260726-1800-C,2026-07-26,1800,call,0.0313150294040271,0.028,0.104,0.280728179405612,0.9455000091425166,1.5465716110748706,0.00003119739909867382,-0.0003711085073336961,0,0,1857.17
2026-07-25 03:40:54,okx,ETH,ETH-USD-260828-1500-C,2026-08-28,1500,call,0.2012940123341114,0.1985,0.204,0.5623410092267062,0.7076485146135468,-0.4662989057160172,0.0004997398814795478,-0.00040898753034889195,2213,0,1857.17
2026-07-25 03:40:54,okx,ETH,ETH-USD-260726-1775-P,2026-07-26,1775,put,0.0000726614694443,0.0001,0.0002,0.35014025481370037,-0.010708475277218426,1.4340881928196967,0.000015990563596368354,-0.00023724787259473513,2897,1112,1857.17
2026-07-25 03:40:54,okx,ETH,ETH-USD-260828-1500-P,2026-08-28,1500,put,0.0077912340102876,0.008,0.0085,0.5623410092267062,-0.09848662447117877,1.1459713724534342,0.0004997398814795478,-0.0004110132582059388,11430,23,1857.17
2026-07-25 03:40:54,okx,ETH,ETH-USD-260726-1925-C,2026-07-26,1925,call,0.0000746122099108,0.0001,0.0002,0.2807855208118567,0.013342181003845412,2.1280831223121575,0.000019559409778168138,-0.00023271638752049868,3538,576,1857.17
2026-07-25 03:40:54,okx,ETH,ETH-USD-260828-2000-C,2026-08-28,2000,call,0.0305504506298372,0.0305,0.031,0.48167094470110217,0.30714966174627667,1.8645431158295915,0.0011180938852930742,-0.0007875000858972763,28424,9194,1857.17
2026-07-25 03:40:54,okx,ETH,ETH-USD-260726-1900-P,2026-07-26,1900,put,0.0228709959502233,0.0205,0.025,0.22786649290327127,-0.9803855829678045,8.945879064846443,0.00005145578526907431,-0.000496833865562533,1438,590,1857.17
2026-07-25 03:40:54,okx,ETH,ETH-USD-260828-2000-P,2026-08-28,2000,put,0.1057608302389983,0.101,0.1095,0.48167094470110217,-0.7676971903666909,4.014236820055527,0.0011180938852930742,-0.0007867128070551084,6963,0,1857.17
2026-07-25 03:40:54,okx,ETH,ETH-USD-260726-1930-C,2026-07-26,1930,call,0.0000636167657869,,0.0003,0.292200457716699,0.011153268296433054,1.7506784983071881,0.00001674814009315528,-0.00020736907442315042,600,170,1857.17
2026-07-25 03:40:54,okx,ETH,ETH-USD-260828-2100-C,2026-08-28,2100,call,0.0187226557926155,0.0185,0.019,0.4891000314398868,0.2121245703215388,1.6083819845626086,0.0009309688762693458,-0.0006658911918247061,9157,170,1857.17
2026-07-25 03:40:54,okx,ETH,ETH-USD-260726-1925-P,2026-07-26,1925,put,0.0361782118124662,0.008,0.12,0.2807855208118567,-1.0227669953075265,4.200301474934901,0.000019559409778168138,-0.00023271638752049868,12,0,1857.17
2026-07-25 03:40:54,okx,ETH,ETH-USD-260828-2100-P,2026-08-28,2100,put,0.1476756669883734,0.145,0.152,0.4891000314398868,-0.9164646243970771,3.8655603739998403,0.0009309688762693458,-0.0006645413116426951,3490,0,1857.17
2026-07-25 03:40:54,okx,ETH,ETH-USD-260726-1875-C,2026-07-26,1875,call,0.0012677752281667,0.0011,0.0012,0.19424366946221377,0.20386382653069196,25.328080084532857,0.00016160890973138838,-0.0013301747098187454,16924,18655,1857.17
2026-07-25 03:40:54,okx,ETH,ETH-USD-260828-1800-C,2026-08-28,1800,call,0.0760567183870179,0.0755,0.077,0.4877909964030439,0.5395453774422764,1.4791636045618444,0.0011685744930662178,-0.0008330547002241278,15360,50,1857.17
2026-07-25 03:40:54,okx,ETH,ETH-USD-260726-1850-P,2026-07-26,1850,put,0.0025874980689652,0.0026,0.0027,0.19414622958315864,-0.3500666607334385,34.16577504659997,0.00021004325566542916,-0.0017279621064186486,4388,4444,1857.17
2026-07-25 03:40:54,okx,ETH,ETH-USD-260828-1800-P,2026-08-28,1800,put,0.0437818348229851,0.043,0.044,0.4877909964030439,-0.42781678945939433,3.413887938365186,0.0011685744930662178,-0.0008333926240616456,15618,1036,1857.17
2026-07-25 03:40:54,okx,ETH,ETH-USD-260726-1900-C,2026-07-26,1900,call,0.0002232872515971,0.0002,0.0003,0.22786649290327127,0.04226763001484833,6.900572638881137,0.00005145578526907431,-0.000496833865562533,3001,3768,1857.17
2026-07-25 03:40:54,okx,ETH,ETH-USD-260828-1900-C,2026-08-28,1900,call,0.0491384461761306,0.049,0.0495,0.4808359315452465,0.4224697466247075,1.8585823924421003,0.0012173226515167057,-0.0008557360992097239,14051,2533,1857.17
2026-07-25 03:40:54,okx,ETH,ETH-USD-260726-1875-P,2026-07-26,1875,put,0.0104595930228637,0.008,0.0125,0.19424366946221377,-0.8053334231232417,27.346474583840724,0.00016160890973138838,-0.0013301747098187454,15728,15307,1857.17
2026-07-25 03:40:54,okx,ETH,ETH-USD-260828-1900-P,2026-08-28,1900,put,0.0706061941986948,0.07,0.071,0.4808359315452465,-0.5986347628826116,3.900791411456739,0.0012173226515167057,-0.0008555114217073988,11003,400,1857.17
2026-07-25 03:40:54,okx,ETH,ETH-USD-260726-1975-C,2026-07-26,1975,call,0.0000183199547602,,0.0002,0.3863877599114742,0.0027770527437268244,0.38520164622547903,0.000004881006238858241,-0.00007991517142590273,2124,709,1857.17
2026-07-25 03:40:54,okx,ETH,ETH-USD-260828-2400-C,2026-08-28,2400,call,0.0048671632606289,0.0048,0.0049,0.5373585506758027,0.0662073697508876,0.6936599230266367,0.00041568309729871495,-0.00032670594386895397,16304,50,1857.17
2026-07-25 03:40:54,okx,ETH,ETH-USD-260726-1950-P,2026-07-26,1950,put,0.0495959650891609,0.0385,0.13,0.3370403786446275,-1.0436468131529641,2.968623064765816,0.000009602865233331309,-0.000137144779445052,0,0,1857.17
2026-07-25 03:40:54,okx,ETH,ETH-USD-260828-2400-P,2026-08-28,2400,put,0.295048069216178,0.2905,0.299,0.5373585506758027,-1.2236088527846734,3.2732923680977586,0.00041568309729871495,-0.0003236682596674141,180,0,1857.17
2026-07-25 03:40:54,okx,ETH,ETH-USD-260726-2000-C,2026-07-26,2000,call,0.0000080400870437,,0.0002,0.42504123745687894,0.0011855785316646611,0.16149540128091341,0.000002251655904642225,-0.00004055361768172687,3663,1812,1857.17
2026-07-25 03:40:54,okx,ETH,ETH-USD-260828-2500-C,2026-08-28,2500,call,0.0033454664849945,0.0032,0.0033,0.5581720204257461,0.04655311742109678,0.5096861026791136,0.00031507553737666216,-0.00025723014104088,4971,13,1857.17
2026-07-25 03:40:54,okx,ETH,ETH-USD-260726-1975-P,2026-07-26,1975,put,0.0630337013651743,0.047,0.1505,0.3863877599114742,-1.0602440502250834,2.5112438521630995,0.000004881006238858241,-0.00007991517142590273,0,0,1857.17
2026-07-25 03:40:54,okx,ETH,ETH-USD-260828-2500-P,2026-08-28,2500,put,0.3472690040271404,0.3275,0.452,0.5581720204257461,-1.2970054477201125,3.196803232961533,0.00031507553737666216,-0.00025362985549949704,5,0,1857.17
2026-07-25 03:40:54,okx,ETH,ETH-USD-260726-1940-C,2026-07-26,1940,call,0.000047679991434,,0.0002,0.31495446688549034,0.008030730777530247,1.218512908783412,0.000012570300277046309,-0.00016776058685149517,932,154,1857.17
2026-07-25 03:40:54,okx,ETH,ETH-USD-260828-2200-C,2026-08-28,2200,call,0.0115849846872499,0.0115,0.012,0.5017230194891561,0.14306557659693,1.2633959338438998,0.0007280179704020871,-0.0005342023232877409,18528,4273,1857.17
2026-07-25 03:40:54,okx,ETH,ETH-USD-260726-1930-P,2026-07-26,1930,put,0.0388583945491283,0.037,0.041,0.292200457716699,-1.0276471006806827,3.8282792362614195,0.00001674814009315528,-0.00020736907442315042,710,0,1857.17
2026-07-25 03:40:54,okx,ETH,ETH-USD-260828-2200-P,2026-08-28,2200,put,0.1942806274696047,0.1905,0.198,0.5017230194891561,-1.0392659607273342,3.628059008492428,0.0007280179704020871,-0.000532289841765887,3036,0,1857.17
2026-07-25 03:40:54,okx,ETH,ETH-USD-260726-1950-C,2026-07-26,1950,call,0.0000364745826762,,0.0002,0.3370403786446275,0.0059183264871267285,0.8694927854856335,0.000009602865233331309,-0.000137144779445052,16914,15295,1857.17
2026-07-25 03:40:54,okx,ETH,ETH-USD-260828-2300-C,2026-08-28,2300,call,0.0073696489661716,0.007,0.0075,0.5182059345332141,0.09652217488081151,0.9447325501414838,0.0005521262483082566,-0.0004184648147350884,14882,4998,1857.17
2026-07-25 03:40:54,okx,ETH,ETH-USD-260726-1940-P,2026-07-26,1940,put,0.0442248141363473,0.0425,0.0465,0.31495446688549034,-1.036152023531073,3.3068784174006187,0.000012570300277046309,-0.00016776058685149517,1160,0,1857.17
2026-07-25 03:40:54,okx,ETH,ETH-USD-260828-2300-P,2026-08-28,2300,put,0.2438079233351237,0.239,0.248,0.5182059345332141,-1.139551705049101,3.416880310001309,0.0005521262483082566,-0.0004159897318733914,491,0,1857.17
2026-07-25 03:40:54,okx,ETH,ETH-USD-260726-2100-C,2026-07-26,2100,call,0.000000043610781,,0.0001,0.4956300108982993,0.0000073335660667083515,0.0011747090077186182,0.000000019057127539497844,-0.000000400231759666105,206,0,1857.17
2026-07-25 03:40:54,okx,ETH,ETH-USD-260828-2800-C,2026-08-28,2800,call,0.0013321977220563,0.0012,0.0016,0.6232651347780644,0.018886411838508615,0.21842611870466855,0.00014953025216520626,-0.0001363187843752593,4226,12,1857.17
2026-07-25 03:40:54,okx,ETH,ETH-USD-260726-2050-P,2026-07-26,2050,put,0.1033839258515409,0.086,0.1975,0.47305809245507613,-1.1032558755605515,2.2258792546777793,0.00000029618887610213577,-0.000005937173390912223,0,0,1857.17
2026-07-25 03:40:54,okx,ETH,ETH-USD-260828-2800-P,2026-08-28,2800,put,0.5064836300239932,0.4835,0.622,0.6232651347780644,-1.485899181119646,3.2279973046209776,0.00014953025216520626,-0.0001310306948143474,5,0,1857.17
2026-07-25 03:40:54,okx,ETH,ETH-USD-260726-2150-C,2026-07-26,2150,call,0.0000000010843391,,,0.5057167154730818,0.0000002045288690985539,0.00003711925553232231,0.0000000006135457852371255,-0.000000013147730640339064,121,27,1857.17
2026-07-25 03:40:54,okx,ETH,ETH-USD-260828-2900-C,2026-08-28,2900,call,0.0010297530036176,0.0009,0.0013,0.6442211143120189,0.014579081358498551,0.16960895661312606,0.000119910826983996,-0.00011299263990719004,2662,0,1857.17
2026-07-25 03:40:54,okx,ETH,ETH-USD-260726-2100-P,2026-07-26,2100,put,0.1302948795408418,0.1125,0.2265,0.4956300108982993,-1.130293586046339,2.26177654823253,0.000000019057127539497844,-0.000000400231759666105,0,0,1857.17
2026-07-25 03:40:54,okx,ETH,ETH-USD-260828-2900-P,2026-08-28,2900,put,0.5599238168921514,0.464,0.689,0.6442211143120189,-1.5439488542053041,3.2866648277407315,0.000119910826983996,-0.00010714194900643519,0,0,1857.17
2026-07-25 03:40:54,okx,ETH,ETH-USD-260726-2025-C,2026-07-26,2025,call,0.0000029239973728,,0.0002,0.4532838534051219,0.00043367671983323433,0.059948661192076945,0.0000008911869720798074,-0.000017117312942842764,757,71,1857.17
2026-07-25 03:40:54,okx,ETH,ETH-USD-260828-2600-C,2026-08-28,2600,call,0.0023873602372909,0.0022,0.0024,0.5798273594141912,0.03362947634860174,0.37854444744863397,0.00024205885810923625,-0.00020528870216875064,4274,0,1857.17
2026-07-25 03:40:54,okx,ETH,ETH-USD-260726-2000-P,2026-07-26,2000,put,0.0764793124013871,0.06,0.1525,0.42504123745687894,-1.0752914877658646,2.3144495338759716,0.000002251655904642225,-0.00004055361768172687,0,0,1857.17
2026-07-25 03:40:54,okx,ETH,ETH-USD-260828-2600-P,2026-08-28,2600,put,0.4000535293660341,0.379,0.5085,0.5798273594141912,-1.3636714313982559,3.1731462629423492,0.00024205885810923625,-0.0002011258152875247,5,0,1857.17
2026-07-25 03:40:54,okx,ETH,ETH-USD-260726-2050-C,2026-07-26,2050,call,0.0000008717293389,,0.0002,0.47305809245507613,0.00013311739441597593,0.019101268767844484,0.00000029618887610213577,-0.000005937173390912223,637,185,1857.17
2026-07-25 03:40:54,okx,ETH,ETH-USD-260828-2700-C,2026-08-28,2700,call,0.0017598384425704,0.0016,0.0017,0.6016851818001001,0.024922467895148872,0.2853384270075492,0.0001888559488940374,-0.0001662072957102329,6488,0,1857.17
2026-07-25 03:40:54,okx,ETH,ETH-USD-260726-2025-P,2026-07-26,2025,put,0.0899300872156455,0.0725,0.1675,0.4532838534051219,-1.0894993529064152,2.2398147204445733,0.0000008911869720798074,-0.000017117312942842764,0,0,1857.17
2026-07-25 03:40:54,okx,ETH,ETH-USD-260828-2700-P,2026-08-28,2700,put,0.4531686391579102,0.4485,0.4575,0.6016851818001001,-1.426120782457357,3.187424927712561,0.0001888559488940374,-0.000161481807489164,4000,0,1857.17
2026-07-25 03:40:54,okx,ETH,ETH-USD-260828-3200-C,2026-08-28,3200,call,0.0005148576326416,0.0003,0.0008,0.7013862243584421,0.007233274593375376,0.08482155333845079,0.00006521287433792063,-0.00006690426803514082,2460,0,1857.17
2026-07-25 03:40:54,okx,ETH,ETH-USD-260828-3200-P,2026-08-28,3200,put,0.7206368162809667,0.582,0.871,0.7013862243584421,-1.7125216887873727,3.5243314800999475,0.00006521287433792063,-0.000059365773114857023,0,0,1857.17
2026-07-25 03:40:54,okx,ETH,ETH-USD-260828-3400-C,2026-08-28,3400,call,0.0003356088442524,,0.0006,0.7339632143587995,0.00470103568332995,0.05539498156207897,0.00004453571690796823,-0.000047813338126653464,2935,0,1857.17
2026-07-25 03:40:54,okx,ETH,ETH-USD-260828-3400-P,2026-08-28,3400,put,0.8279428306657712,0.6825,0.986,0.7339632143587995,-1.8225386129087149,3.709874278746168,0.00004453571690796823,-0.00003914964052668371,0,0,1857.17
2026-07-25 03:40:54,okx,ETH,ETH-USD-260726-2200-C,2026-07-26,2200,call,0.0000000000145543,,,0.5101791674984691,0.0000000030779955391725604,0.0000006308284172973878,0.000000000010505872989299262,-0.00000000022711790801297507,0,0,1857.17
2026-07-25 03:40:54,okx,ETH,ETH-USD-260828-3000-C,2026-08-28,3000,call,0.0008087019282158,0.0006,0.0011,0.6643161937825537,0.011421173266797396,0.13334088792722124,0.00009716014439682133,-0.00009441093163741728,5469,0,1857.17
2026-07-25 03:40:54,okx,ETH,ETH-USD-260925-1600-C,2026-09-25,1600,call,0.1708407560078458,0.1655,0.176,0.5346530579044884,0.6173769055335568,0.0777273365932479,0.0011954263393823086,-0.0005139422478249939,8660,120,1857.17
2026-07-25 03:40:54,okx,ETH,ETH-USD-260726-2150-P,2026-07-26,2150,put,0.1572066188222584,0.089,0.2475,0.5057167154730818,-1.157212641740975,2.3144628117952197,0.0000000006135457852371255,-0.000000013147730640339064,0,0,1857.17
2026-07-25 03:40:54,okx,ETH,ETH-USD-260828-3000-P,2026-08-28,3000,put,0.6134453974033468,0.5885,0.7565,0.6643161937825537,-1.6008491049026539,3.3578814442661233,0.00009716014439682133,-0.00008799763939681944,0,0,1857.17
2026-07-25 03:40:54,okx,ETH,ETH-USD-260925-1400-P,2026-09-25,1400,put,0.0119412587822567,0.012,0.0125,0.5829559018435073,-0.10737149136361403,0.9195431276595365,0.0006999376897710627,-0.0003281062680889939,60187,1251,1857.17
2026-07-25 03:40:54,okx,ETH,ETH-USD-260828-3100-C,2026-08-28,3100,call,0.0006425747443241,0.0005,0.0009,0.6833995167922956,0.009050031450684516,0.10591021329395452,0.00007936175111584965,-0.00007933180213303212,2918,0,1857.17
2026-07-25 03:40:54,okx,ETH,ETH-USD-260925-1400-C,2026-09-25,1400,call,0.2605095694121604,0.2565,0.2655,0.5829559018435073,0.6440561648168173,-0.5833121847013261,0.0006999376897710627,-0.0003281062680889939,141,0,1857.17
2026-07-25 03:40:54,okx,ETH,ETH-USD-260726-2200-P,2026-07-26,2200,put,0.184118399560332,0.1655,,0.5101791674984691,-1.1841247698492867,2.3682501766829818,0.000000000010505872989299262,-0.00000000022711790801297507,0,0,1857.17
2026-07-25 03:40:54,okx,ETH,ETH-USD-260828-3100-P,2026-08-28,3100,put,0.6670219018060519,0.5325,0.8135,0.6833995167922956,-1.656962589324415,3.437935454844154,0.00007936175111584965,-0.00007235590855259131,0,0,1857.17
2026-07-25 03:40:54,okx,ETH,ETH-USD-260828-4000-C,2026-08-28,4000,call,0.0000956640111804,,0.1,0.8068250928934679,0.0013556561278891804,0.016465967194911148,0.000014489229561894736,-0.00001710005435572885,215,0,1857.17
2026-07-25 03:40:54,okx,ETH,ETH-USD-260925-2000-C,2026-09-25,2000,call,0.0538858920100479,0.0535,0.054,0.5028755907354687,0.35213561286544204,1.1642268285874784,0.001600703510074383,-0.0006472780756169365,25251,1240,1857.17
2026-07-25 03:40:54,okx,ETH,ETH-USD-260828-4000-P,2026-08-28,4000,put,1.1501586753522814,0.0001,,0.8068250928934679,-2.148338048098046,4.315853375646781,0.000014489229561894736,-0.000005060748716701224,23,0,1857.17
2026-07-25 03:40:54,okx,ETH,ETH-USD-260925-1800-P,2026-09-25,1800,put,0.0664747746211139,0.066,0.0665,0.5094447029069463,-0.4604188662814293,2.7506881459623114,0.001588072520621994,-0.0006505592043723244,18302,269,1857.17
2026-07-25 03:40:54,okx,ETH,ETH-USD-260925-1800-C,2026-09-25,1800,call,0.1003483168595613,0.0995,0.101,0.5094447029069463,0.5057024059505537,0.8184456014983452,0.001588072520621994,-0.0006505592043723244,8484,0,1857.17
2026-07-25 03:40:54,okx,ETH,ETH-USD-260925-1600-P,2026-09-25,1600,put,0.0296198295736704,0.029,0.03,0.5346530579044884,-0.24139755867265025,1.7952762650056622,0.0011954263393823086,-0.0005139422478249939,41415,125,1857.17
2026-07-25 03:40:54,okx,ETH,ETH-USD-260828-3600-C,2026-08-28,3600,call,0.0002208276754103,,0.0005,0.762130341478708,0.0030947704596831186,0.03673432341635694,0.00003063422975557511,-0.00003415112813697787,922,0,1857.17
2026-07-25 03:40:54,okx,ETH,ETH-USD-260925-2400-C,2026-09-25,2400,call,0.0144006371173074,0.014,0.0145,0.5223022873885522,0.12862676117731872,0.7902991898597381,0.0009320849700606712,-0.0003914685495901554,23578,2202,1857.17
2026-07-25 03:40:54,okx,ETH,ETH-USD-260828-3600-P,2026-08-28,3600,put,0.9353133126701233,0.782,1.1015,0.762130341478708,-1.9316295633436582,3.9061829910230395,0.00003063422975557511,-0.000024362227857322154,0,0,1857.17
2026-07-25 03:40:54,okx,ETH,ETH-USD-260925-2200-P,2026-09-25,2200,put,0.2085299524413014,0.2015,0.213,0.5084328290814829,-0.9625101151194415,3.4263825978182583,0.0013003995251636641,-0.0005316549123834467,3171,0,1857.17
2026-07-25 03:40:54,okx,ETH,ETH-USD-260828-3800-C,2026-08-28,3800,call,0.0001455256246241,,0.0035,0.7862579531129712,0.002047641172869341,0.024553700538814508,0.00002109371914262241,-0.000024259909356400205,5702,0,1857.17
2026-07-25 03:40:54,okx,ETH,ETH-USD-260925-2200-C,2026-09-25,2200,call,0.0277087262882929,0.0275,0.028,0.5084328290814829,0.21830477316409325,1.0647528212511892,0.0013003995251636641,-0.0005316549123834467,12698,541,1857.17
2026-07-25 03:40:54,okx,ETH,ETH-USD-260828-3800-P,2026-08-28,3800,put,1.0427232737925312,0.8805,1.2175,0.7862579531129712,-2.040161377841769,4.1089717385680915,0.00002109371914262241,-0.000013345806397058532,0,0,1857.17
2026-07-25 03:40:54,okx,ETH,ETH-USD-260925-2000-P,2026-09-25,2000,put,0.1273597339673283,0.1265,0.128,0.5028755907354687,-0.7213324673923167,3.311162989102996,0.001600703510074383,-0.0006472780756169365,13694,0,1857.17
2026-07-25 03:40:54,okx,ETH,ETH-USD-260925-2800-C,2026-09-25,2800,call,0.0046296123818252,0.0046,0.0047,0.5648587266690934,0.046844126725963525,0.35904015756025914,0.0004356475578377276,-0.00019787665965381992,10824,70,1857.17
2026-07-25 03:40:54,okx,ETH,ETH-USD-260925-2600-P,2026-09-25,2600,put,0.4033950703519673,0.3965,0.4095,0.5417939392375618,-1.3193591442865116,3.3286036678220423,0.0006367497382499596,-0.00027741015919563347,2835,0,1857.17
2026-07-25 03:40:54,okx,ETH,ETH-USD-260925-2600-C,2026-09-25,2600,call,0.0078790758075026,0.0075,0.008,0.5417939392375618,0.07614936004857491,0.5375866591518691,0.0006367497382499596,-0.00027741015919563347,11664,118,1857.17
2026-07-25 03:40:54,okx,ETH,ETH-USD-260925-2400-P,2026-09-25,2400,put,0.3025692474660439,0.296,0.308,0.5223022873885522,-1.159534935131992,3.3666225824783598,0.0009320849700606712,-0.0003914685495901554,4315,1280,1857.17
2026-07-25 03:40:54,okx,ETH,ETH-USD-260925-3200-C,2026-09-25,3200,call,0.0019856919573952,0.0019,0.0023,0.616054539549303,0.020758473280113383,0.17077234939265845,0.00022279474879335383,-0.0001103680975439824,12672,0,1857.17
2026-07-25 03:40:54,okx,ETH,ETH-USD-260731-1750-C,2026-07-31,1750,call,0.0637132718232801,0.062,0.066,0.4799997703523819,0.7757426558949426,2.3483238615930615,0.00031694096071328213,-0.0012282241555220093,20037,162,1857.17
2026-07-25 03:40:54,okx,ETH,ETH-USD-260925-3000-P,2026-09-25,3000,put,0.6131413872888474,0.606,0.6195,0.5899784681031354,-1.5798411596036661,3.464211563178327,0.00030607147592446465,-0.0001452039610118057,898,0,1857.17
2026-07-25 03:40:54,okx,ETH,ETH-USD-260731-1750-P,2026-07-31,1750,put,0.0054245909051627,0.005,0.0055,0.4799997703523819,-0.16570965793472353,4.231228489252393,0.00031694096071328213,-0.0012306197889268321,22295,1386,1857.17
2026-07-25 03:40:54,okx,ETH,ETH-USD-260925-3000-C,2026-09-25,3000,call,0.0029306243529267,0.003,0.0031,0.5899784681031354,0.030360960782972096,0.24380732240505004,0.00030607147592446465,-0.0001452039610118057,12627,0,1857.17
2026-07-25 03:40:54,okx,ETH,ETH-USD-260925-2800-P,2026-09-25,2800,put,0.5074929911220178,0.5005,0.5135,0.5648587266690934,-1.456011185634899,3.3647507822819835,0.0004356475578377276,-0.00019787665965381992,2930,0,1857.17
2026-07-25 03:40:54,okx,ETH,ETH-USD-260925-3600-C,2026-09-25,3600,call,0.0010719354536958,0.0009,0.0012,0.6682082918544193,0.011140528005539876,0.09270426654468045,0.00013089165528910873,-0.00007033042866234125,9666,0,1857.17
2026-07-25 03:40:54,okx,ETH,ETH-USD-260925-3400-P,2026-09-25,3400,put,0.8263307855732369,0.819,0.8325,0.6423098266397644,-1.80999825682509,3.7735881678578327,0.0001680621347495433,-0.00008680283028522337,130,0,1857.17
2026-07-25 03:40:54,okx,ETH,ETH-USD-260925-3400-C,2026-09-25,3400,call,0.00142525424586,0.0013,0.0017,0.6423098266397644,0.014897479613099862,0.12379669498145268,0.0001680621347495433,-0.00008680283028522337,25692,0,1857.17
2026-07-25 03:40:54,okx,ETH,ETH-USD-260925-3200-P,2026-09-25,3200,put,0.7195438390890441,0.7125,0.7255,0.616054539549303,-1.6967904551323008,3.6058702062174866,0.00022279474879335383,-0.0001103680975439824,283,0,1857.17
2026-07-25 03:40:54,okx,ETH,ETH-USD-260925-4000-C,2026-09-25,4000,call,0.0006718201078923,0.0006,0.0009,0.7176312586491848,0.006848259114202899,0.05638585494553563,0.00008567770777095651,-0.00004944115755904096,16335,0,1857.17
2026-07-25 03:40:54,okx,ETH,ETH-USD-260925-3800-P,2026-09-25,3800,put,1.0404368193991145,0.8745,1.218,0.6933917140220474,-2.0309723952062977,4.150609366239689,0.00010473370806641725,-0.000058396197861948954,16,0,1857.17
2026-07-25 03:40:54,okx,ETH,ETH-USD-260925-3800-C,2026-09-25,3800,call,0.0008365196802815,0.0006,0.0011,0.6933917140220474,0.008616957283444068,0.07143066126020499,0.00010473370806641725,-0.000058396197861948954,8931,0,1857.17
2026-07-25 03:40:54,okx,ETH,ETH-USD-260925-3600-P,2026-09-25,3600,put,0.9333248509768007,0.925,0.9415,0.6682082918544193,-1.9211020164584263,3.9571893554726123,0.00013089165528910873,-0.00007033042866234125,1230,0,1857.17
2026-07-25 03:40:54,okx,ETH,ETH-USD-260925-4400-C,2026-09-25,4400,call,0.0004607092468604,,0.004,0.7628012683548789,0.004593968258323155,0.03718639100886691,0.000060262441519105205,-0.000036963881857639726,16346,0,1857.17
2026-07-25 03:40:54,okx,ETH,ETH-USD-260925-4200-P,2026-09-25,4200,put,1.2548466963873612,1.0725,1.449,0.7407910724191716,-2.248721690948816,4.553979246614005,0.00007134728813506405,-0.00004250036445748959,0,0,1857.17
2026-07-25 03:40:54,okx,ETH,ETH-USD-260925-4200-C,2026-09-25,4200,call,0.0005516282770718,0.0003,0.0007,0.7407910724191716,0.00556127759247716,0.045413309531417055,0.00007134728813506405,-0.00004250036445748959,9956,500,1857.17
2026-07-25 03:40:54,okx,ETH,ETH-USD-260925-4000-P,2026-09-25,4000,put,1.1476195040224535,0.975,1.333,0.7176312586491848,-2.1400879014013148,4.350258175976571,0.00008567770777095651,-0.00004944115755904096,10,0,1857.17
2026-07-25 03:40:54,okx,ETH,ETH-USD-260925-5000-C,2026-09-25,5000,call,0.0002869683663815,,0.0037,0.8218441232167959,0.002778954365205944,0.02194753024325532,0.000038509309016825664,-0.00002544922866691987,26371,0,1857.17
2026-07-25 03:40:54,okx,ETH,ETH-USD-260925-2100-C,2026-09-25,2100,call,0.0387162448221218,0.0385,0.039,0.50441949144405,0.2801846187426297,1.1548282874262796,0.0014738853184956902,-0.0005978262722252373,9054,3183,1857.17
2026-07-25 03:40:54,okx,ETH,ETH-USD-260925-4500-P,2026-09-25,4500,put,1.4157393322531964,1.2215,1.623,0.7733664551221621,-2.411105784717724,4.864433750096403,0.000055626749339719146,-0.00003459301827912133,0,0,1857.17
2026-07-25 03:40:54,okx,ETH,ETH-USD-260925-2100-P,2026-09-25,2100,put,0.1658637788772663,0.159,0.172,0.50441949144405,-0.8469568655280172,3.409111255967573,0.0014738853184956902,-0.0005978262722252373,488,0,1857.17
2026-07-25 03:40:54,okx,ETH,ETH-USD-260925-4500-C,2026-09-25,4500,call,0.0004231878493149,0.0001,0.0039,0.7733664551221621,0.004197395862233151,0.03382738893648729,0.000055626749339719146,-0.00003459301827912133,7561,0,1857.17
2026-07-25 03:40:54,okx,ETH,ETH-USD-260925-4400-P,2026-09-25,4400,put,1.3621031615528778,1.1725,1.5655,0.7628012683548789,-2.3570358083087464,4.760445944143005,0.000060262441519105205,-0.000036963881857639726,0,0,1857.17
2026-07-25 03:40:54,okx,ETH,ETH-USD-260925-6000-C,2026-09-25,6000,call,0.0001454859109076,,0.0036,0.8991791987604302,0.001364741319300985,0.010500532462371941,0.000020265824763156208,-0.000014653115691844532,14114,0,1857.17
2026-07-25 03:40:54,okx,ETH,ETH-USD-260727-1940-P,2026-07-27,1940,put,0.0450018155669381,0.0001,0.1325,0.35946184189309593,-0.983872055606082,6.314102162634623,0.0000933119603452208,-0.000767472516074253,0,0,1857.17
2026-07-25 03:40:54,okx,ETH,ETH-USD-260925-5500-P,2026-09-25,5500,put,1.9522552921914578,1.717,2.2025,0.8635079988086327,-2.9501148886502038,5.919021552855314,0.000027643426419857157,-0.000019194538819300348,0,0,1857.17
2026-07-25 03:40:54,okx,ETH,ETH-USD-260925-5500-C,2026-09-25,5500,call,0.0002022268089361,,0.0036,0.8635079988086327,0.0019223320586328424,0.014947111437640796,0.000027643426419857157,-0.000019194538819300348,6678,0,1857.17
2026-07-25 03:40:54,okx,ETH,ETH-USD-260925-5000-P,2026-09-25,5000,put,1.683971573259583,1.469,1.9125,0.8218441232167959,-2.6808912462791916,5.38928793153205,0.000038509309016825664,-0.00002544922866691987,0,0,1857.17
2026-07-25 03:40:54,okx,ETH,ETH-USD-260925-7000-C,2026-09-25,7000,call,0.0000776348341919,,,0.9559804296141193,0.00071836530106275,0.005482337054920269,0.000011268192835531398,-0.000008662090487609687,3332,0,1857.17
2026-07-25 03:40:54,okx,ETH,ETH-USD-260925-6500-P,2026-09-25,6500,put,2.488895883107741,0.0001,6.8515,0.9297343561864521,-3.4877864969111214,6.985074391844033,0.00001504887665562837,-0.000011250774137606243,0,0,1857.17
2026-07-25 03:40:54,okx,ETH,ETH-USD-260727-1940-C,2026-07-27,1940,call,0.0007247653276767,0.0005,0.0006,0.35946184189309593,0.06032103116623442,4.2257159890899905,0.0000933119603452208,-0.0007692923518443789,1155,1535,1857.17
2026-07-25 03:40:54,okx,ETH,ETH-USD-260925-6500-C,2026-09-25,6500,call,0.0001058967465797,,,0.9297343561864521,0.0009847639265947374,0.007531870168600312,0.00001504887665562837,-0.000011250774137606243,3637,0,1857.17
2026-07-25 03:40:54,okx,ETH,ETH-USD-260925-6000-P,2026-09-25,6000,put,2.2205670117827494,1.965,2.4905,0.8991791987604302,-3.219039499453975,6.451309014008925,0.000020265824763156208,-0.000014653115691844532,0,0,1857.17
2026-07-25 03:40:54,okx,ETH,ETH-USD-260925-9000-C,2026-09-25,9000,call,0.0000233590508085,,,1.0302415392431579,0.00021702233106180084,0.0016819785262117885,0.0000037137885316444992,-0.000003076632839635799,2072,0,1857.17
2026-07-25 03:40:54,okx,ETH,ETH-USD-260925-8000-P,2026-09-25,8000,put,3.2939376654423222,0.0001,9.0665,0.9982275852491505,-4.293481589032108,8.59073858718721,0.000006420240244156724,-0.000005153476389051199,0,0,1857.17
2026-07-25 03:40:54,okx,ETH,ETH-USD-260925-8000-C,2026-09-25,8000,call,0.0000422976132003,,,0.9982275852491505,0.0003907319989272634,0.0029939451251391274,0.000006420240244156724,-0.000005153476389051199,1350,0,1857.17
2026-07-25 03:40:54,okx,ETH,ETH-USD-260925-7000-P,2026-09-25,7000,put,2.7572360816846735,0.0001,7.5895,0.9559804296141193,-3.7564199156010933,7.519758898859232,0.000011268192835531398,-0.000008662090487609687,1,0,1857.17
2026-07-25 03:40:54,okx,ETH,ETH-USD-260925-11000-C,2026-09-25,11000,call,0.0000073955854049,,,1.0744348171052334,0.0000702997376522872,0.0005634470893178959,0.0000012886623745886239,-0.0000011133678227354073,566,0,1857.17
2026-07-25 03:40:54,okx,ETH,ETH-USD-260925-10000-P,2026-09-25,10000,put,4.3673822705959155,0.0001,12.02,1.0549748484905592,-5.367217819191769,10.73564582508041,0.0000021749644960628463,-0.0000018450737141860022,0,0,1857.17
2026-07-25 03:40:54,okx,ETH,ETH-USD-260925-10000-C,2026-09-25,10000,call,0.0000130608095126,,,1.0549748484905592,0.00012258209702499794,0.0009650225028220043,0.0000021749644960628463,-0.0000018450737141860022,545,0,1857.17
2026-07-25 03:40:54,okx,ETH,ETH-USD-260925-9000-P,2026-09-25,9000,put,3.830655647858571,0.0001,10.543,1.0302415392431579,-4.830389338828852,9.66289470084604,0.0000037137885316444992,-0.000003076632839635799,0,0,1857.17
2026-07-25 03:40:54,okx,ETH,ETH-USD-260727-1840-P,2026-07-27,1840,put,0.0052598225712688,0.005,0.0055,0.30185862948607445,-0.3414945853523812,16.32138369644622,0.0002819387557814406,-0.0019517688384931174,3,3,1857.17
2026-07-25 03:40:54,okx,ETH,ETH-USD-260727-1840-C,2026-07-27,1840,call,0.0148068687220686,0.014,0.044,0.30185862948607445,0.6488741155038363,14.340646294733782,0.0002819387557814406,-0.001951376713220318,0,0,1857.17
2026-07-25 03:40:54,okx,ETH,ETH-USD-260925-11000-P,2026-09-25,11000,put,4.904113526350448,0.0001,13.4965,1.0744348171052334,-5.904004141680022,11.808712329924667,0.0000012886623745886239,-0.0000011133678227354073,0,0,1857.17
2026-07-25 03:40:54,okx,ETH,ETH-USD-260728-1860-P,2026-07-28,1860,put,0.0140357139421425,0.0135,0.0145,0.3597599967569263,-0.522163316946933,12.920686276830304,0.0003722436563120694,-0.0021050732246297075,20,20,1857.17
2026-07-25 03:40:54,okx,ETH,ETH-USD-260728-1860-C,2026-07-28,1860,call,0.0127871766199903,0.0125,0.013,0.3597599967569263,0.4789599340330888,10.91843977487026,0.0003722436563120694,-0.002105124755851992,396,599,1857.17
2026-07-25 03:40:54,okx,ETH,ETH-USD-260726-1830-P,2026-07-26,1830,put,0.0006487150872003,0.0007,0.0008,0.21693360953247293,-0.10935753018275439,15.334746412112972,0.00010600961314618042,-0.0009744702940095831,330,330,1857.17
2026-07-25 03:40:54,okx,ETH,ETH-USD-260726-1830-C,2026-07-26,1830,call,0.0156775009195762,0.015,0.041,0.21693360953247293,0.8756189854794848,13.364793380788495,0.00010600961314618042,-0.0009744702940095831,0,0,1857.17
2026-07-25 03:40:54,okx,ETH,ETH-USD-260728-1700-P,2026-07-28,1700,put,0.0005055966873358,0.0005,0.0007,0.502200076813852,-0.028210647783626603,1.415019786008325,0.000059442764191582625,-0.00046935622573846057,10,10,1857.17
2026-07-25 03:40:54,okx,ETH,ETH-USD-260728-1700-C,2026-07-28,1700,call,0.0853747252305941,0.0735,0.163,0.502200076813852,0.8867944740798341,-0.4149904577185965,0.000059442764191582625,-0.00046586865579956486,0,0,1857.17
2026-07-25 03:40:54,okx,ETH,ETH-USD-260726-1820-P,2026-07-26,1820,put,0.0003493803864827,0.0004,0.0006,0.23478189169207211,-0.0607874376286081,9.096115454295616,0.00006811730329436423,-0.0006776704618987844,1700,1700,1857.17
2026-07-25 03:40:54,okx,ETH,ETH-USD-260726-1820-C,2026-07-26,1820,call,0.0207605225804303,0.018,0.059,0.23478189169207211,0.9188066927021434,7.136927193634113,0.00006811730329436423,-0.0006776704618987844,0,0,1857.17
2026-07-25 03:40:54,okx,ETH,ETH-USD-260828-1950-C,2026-08-28,1950,call,0.03887659697739,0.0385,0.039,0.4803421680852254,0.36314655556541453,1.9048071928522345,0.001183496610765024,-0.0008311958485777933,5287,160,1857.17
2026-07-25 03:40:54,okx,ETH,ETH-USD-260828-1950-P,2026-08-28,1950,put,0.0872156607932525,0.0865,0.088,0.4803421680852254,-0.6848291252447288,4.0007585544725215,0.001183496610765024,-0.0008306898704055466,5640,1503,1857.17
2026-07-25 03:40:54,okx,ETH,ETH-USD-260828-1750-C,2026-08-28,1750,call,0.0927504769462519,0.092,0.0935,0.49443604213294046,0.5909553391137417,1.1684122533447256,0.0010882196383247022,-0.0007861199520684255,8940,0,1857.17
2026-07-25 03:40:54,okx,ETH,ETH-USD-260828-1750-P,2026-08-28,1750,put,0.0336042775889206,0.033,0.0335,0.49443604213294046,-0.349535656485105,3.049394244542419,0.0010882196383247022,-0.000786739176575865,3914,939,1857.17
2026-07-25 03:40:54,okx,ETH,ETH-USD-260731-1450-P,2026-07-31,1450,put,0.0003207606387046,0.0004,0.0006,0.8203363089917144,-0.00902365741124658,0.2391494797510254,0.00003070993613307238,-0.00020381019850496926,22063,10,1857.17
2026-07-25 03:40:54,okx,ETH,ETH-USD-260731-1450-C,2026-07-31,1450,call,0.2200021358681447,0.1525,0.289,0.8203363089917144,0.7710368311904768,-1.3209714974524216,0.00003070993613307238,-0.00019478202440367977,5,0,1857.17
2026-07-25 03:40:54,okx,ETH,ETH-USD-260726-1700-C,2026-07-26,1700,call,0.0850176919311539,0.0725,0.1615,0.5457589243138492,0.9129862755701318,-1.6215643664911712,0.000003606448630106811,-0.00008340212361745765,0,0,1857.17
2026-07-25 03:40:54,okx,ETH,ETH-USD-270625-800-P,2027-06-25,800,put,0.0186128293834283,0.015,0.0225,0.6935291419352363,-0.069248643851654,0.2952554827197177,0.0009983439055434127,-0.00010328489663182042,671,250,1857.17
2026-07-25 03:40:54,okx,ETH,ETH-USD-270625-800-C,2027-06-25,800,call,0.598915486447999,0.591,0.6095,0.6935291419352363,0.35044209371799734,-0.5441259924195849,0.0009983439055434127,-0.00010328489663182042,0,0,1857.17
2026-07-25 03:40:54,okx,ETH,ETH-USD-260726-1750-C,2026-07-26,1750,call,0.0581357246402224,0.0525,0.131,0.4225465694973466,0.9357058811355509,-1.1466400086066981,0.00000990048483111269,-0.000177266861351881,0,0,1857.17
2026-07-25 03:40:54,okx,ETH,ETH-USD-270625-900-P,2027-06-25,900,put,0.025477994154468,0.0215,0.03,0.6699460437647025,-0.09359731511943543,0.39199463774430593,0.0012599548923531434,-0.00012591769277823557,350,0,1857.17
2026-07-25 03:40:54,okx,ETH,ETH-USD-260726-1700-P,2026-07-26,1700,put,0.0000182733983457,,0.0002,0.5457589243138492,-0.0020192307827680282,0.20844664621462855,0.000003606448630106811,-0.00008340212361745765,70,45,1857.17
2026-07-25 03:40:54,okx,ETH,ETH-USD-270625-900-C,2027-06-25,900,call,0.5533184833521101,0.545,0.5635,0.6699460437647025,0.3785547646464223,-0.5523095217874096,0.0012599548923531434,-0.00012591769277823557,0,0,1857.17
2026-07-25 03:40:54,okx,ETH,ETH-USD-270625-600-P,2027-06-25,600,put,0.009369290427619,0.0075,0.0125,0.7608117901574123,-0.03495677584464536,0.15165349220305677,0.0005710797407030143,-0.00006481356666691479,33,0,1857.17
2026-07-25 03:40:54,okx,ETH,ETH-USD-270625-600-C,2027-06-25,600,call,0.694596283226047,0.0001,,0.7608117901574123,0.27981127733259314,-0.47788261415142036,0.0005710797407030143,-0.00006481356666691479,0,0,1857.17
2026-07-25 03:40:54,okx,ETH,ETH-USD-270625-700-P,2027-06-25,700,put,0.0133300245157409,0.011,0.017,0.7231102253688289,-0.04988438810190059,0.21532226018754577,0.000767313341017273,-0.0000827692815385912,229,0,1857.17
2026-07-25 03:40:54,okx,ETH,ETH-USD-270625-700-C,2027-06-25,700,call,0.6460948494472403,0.0001,,0.7231102253688289,0.31734500727154435,-0.5191365305593441,0.000767313341017273,-0.0000827692815385912,0,0,1857.17
2026-07-25 03:40:54,okx,ETH,ETH-USD-270625-1200-P,2027-06-25,1200,put,0.0579273466091062,0.0535,0.0625,0.6228690457706201,-0.19939069695108322,0.7743250531556009,0.002148040099405673,-0.00019958645593643707,795,0,1857.17
2026-07-25 03:40:54,okx,ETH,ETH-USD-270625-1200-C,2027-06-25,1200,call,0.4283813322059623,0.423,0.4385,0.6228690457706201,0.4301454094033938,-0.48474715955335324,0.002148040099405673,-0.00019958645593643707,440,0,1857.17
2026-07-25 03:40:54,okx,ETH,ETH-USD-270625-1300-P,2027-06-25,1300,put,0.0733090338828663,0.0685,0.078,0.6125509737628394,-0.24550442307904785,0.9256663672184023,0.0024449761978771866,-0.00022341318683870466,4086,0,1857.17
2026-07-25 03:40:54,okx,ETH,ETH-USD-270625-1300-C,2027-06-25,1300,call,0.3913008516127936,0.386,0.401,0.6125509737628394,0.43649302547163554,-0.4383285298829644,0.0024449761978771866,-0.00022341318683870466,20,0,1857.17
2026-07-25 03:40:54,okx,ETH,ETH-USD-260726-1920-C,2026-07-26,1920,call,0.0000888259312727,0.0001,0.0002,0.2694826248337061,0.0161815007354648,2.6177990289809085,0.00002308786739899484,-0.00026363987719383854,3292,2803,1857.17
2026-07-25 03:40:54,okx,ETH,ETH-USD-270625-1000-P,2027-06-25,1000,put,0.034175364800263,0.029,0.039,0.6509313842416492,-0.12331467251196018,0.5051143727960089,0.001545097201669336,-0.0001500316724852474,536,0,1857.17
2026-07-25 03:40:54,okx,ETH,ETH-USD-260726-1750-P,2026-07-26,1750,put,0.0000480879152729,,0.0003,0.4225465694973466,-0.006211551874787187,0.737194857413978,0.00000990048483111269,-0.000177266861351881,17363,16766,1857.17
2026-07-25 03:40:54,okx,ETH,ETH-USD-270625-1000-C,2027-06-25,1000,call,0.5095536861309764,0.5005,0.52,0.6509313842416492,0.40129874945010396,-0.5441124711281193,0.001545097201669336,-0.0001500316724852474,6,0,1857.17
2026-07-25 03:40:54,okx,ETH,ETH-USD-270625-1100-P,2027-06-25,1100,put,0.0449295383856685,0.0425,0.0465,0.6354816998241897,-0.15858691676268782,0.6332629139886814,0.0018445810547609715,-0.00017486090658379782,12298,150,1857.17
2026-07-25 03:40:54,okx,ETH,ETH-USD-260726-1920-P,2026-07-26,1920,put,0.0335012473530422,0.0315,0.036,0.2694826248337061,-1.0172364829101632,4.684634996272164,0.00002308786739899484,-0.00026363987719383854,522,1,1857.17
2026-07-25 03:40:54,okx,ETH,ETH-USD-270625-1100-C,2027-06-25,1100,call,0.4678456918494532,0.4595,0.4795,0.6354816998241897,0.41848784739558276,-0.5208866143278597,0.0018445810547609715,-0.00017486090658379782,0,0,1857.17
2026-07-25 03:40:54,okx,ETH,ETH-USD-270625-1600-P,2027-06-25,1600,put,0.1343953445139374,0.1275,0.135,0.5916678130772793,-0.4112136150848588,1.4128453966511518,0.0032079150429274207,-0.0002831344635848116,10470,0,1857.17
2026-07-25 03:40:54,okx,ETH,ETH-USD-270625-1600-C,2027-06-25,1600,call,0.2950006586430788,0.29,0.305,0.5916678130772793,0.42816786005444385,-0.26591755362745334,0.0032079150429274207,-0.0002831344635848116,20,0,1857.17
2026-07-25 03:40:54,okx,ETH,ETH-USD-270625-1700-P,2027-06-25,1700,put,0.1597093229747485,0.152,0.165,0.5872022463610163,-0.47362113118481913,1.5776176528197616,0.003399164329504099,-0.0002977500220661,240,0,1857.17
2026-07-25 03:40:54,okx,ETH,ETH-USD-270625-1700-C,2027-06-25,1700,call,0.2678524692369612,0.2625,0.277,0.5872022463610163,0.41822168615068994,-0.20606798185125647,0.003399164329504099,-0.0002977500220661,1271,0,1857.17
2026-07-25 03:40:54,okx,ETH,ETH-USD-270625-1400-P,2027-06-25,1400,put,0.0911637573087622,0.086,0.096,0.6041141289079723,-0.2965379533796724,1.0844075217080094,0.0027257053407314146,-0.0002456347641310928,740,0,1857.17
2026-07-25 03:40:54,okx,ETH,ETH-USD-270625-1400-C,2027-06-25,1400,call,0.3566934071717609,0.3515,0.366,0.6041141289079723,0.4379208373672174,-0.38451005978577035,0.0027257053407314146,-0.0002456347641310928,40,0,1857.17
2026-07-25 03:40:54,okx,ETH,ETH-USD-270625-1500-P,2027-06-25,1500,put,0.111529300808229,0.1055,0.116,0.5972375200263826,-0.351973929099932,1.2476821246619958,0.0029820779326102348,-0.000265679475831972,397,0,1857.17
2026-07-25 03:40:54,okx,ETH,ETH-USD-270625-1500-C,2027-06-25,1500,call,0.3245967828042991,0.3195,0.334,0.5972375200263826,0.4349462038431642,-0.32615814122419645,0.0029820779326102348,-0.000265679475831972,0,0,1857.17
2026-07-25 03:40:54,okx,ETH,ETH-USD-270625-2000-P,2027-06-25,2000,put,0.2493383983674574,0.239,0.2545,0.5789296752092589,-0.6736805793101507,2.05349807190058,0.003754048926851664,-0.00032420348086144773,0,0,1857.17
2026-07-25 03:40:54,okx,ETH,ETH-USD-270625-2000-C,2027-06-25,2000,call,0.2000950410288842,0.1955,0.2075,0.5789296752092589,0.37554626461397767,-0.04495561594767685,0.003754048926851664,-0.00032420348086144773,1559,0,1857.17
2026-07-25 03:40:54,okx,ETH,ETH-USD-260726-1910-C,2026-07-26,1910,call,0.0001337216698327,0.0002,0.0003,0.24769071487826025,0.025082288606814586,4.1298617805511455,0.000033471052582497464,-0.0003512979447847181,1510,1103,1857.17
2026-07-25 03:40:54,okx,ETH,ETH-USD-270625-2100-P,2027-06-25,2100,put,0.2833400794694139,0.27,0.2925,0.5775044234502827,-0.7428213519294272,2.202802136191518,0.003803261893464717,-0.00032764495147968913,0,0,1857.17
2026-07-25 03:40:54,okx,ETH,ETH-USD-270625-2100-C,2027-06-25,2100,call,0.1816345542639121,0.1765,0.189,0.5775044234502827,0.3588668341909075,-0.0005742360491512697,0.003803261893464717,-0.00032764495147968913,218,0,1857.17
2026-07-25 03:40:54,okx,ETH,ETH-USD-270625-1800-P,2027-06-25,1800,put,0.1873838281154362,0.178,0.1875,0.5836765310441967,-0.5385617610134171,1.7401613569012342,0.003553822597710185,-0.00030942821294363185,2541,2,1857.17
2026-07-25 03:40:54,okx,ETH,ETH-USD-270625-1800-C,2027-06-25,1800,call,0.2430648065107202,0.2375,0.2515,0.5836765310441967,0.4057423985182984,-0.14844696216219688,0.003553822597710185,-0.00030942821294363185,1984,0,1857.17
2026-07-25 03:40:54,okx,ETH,ETH-USD-270625-1900-P,2027-06-25,1900,put,0.2173046070361029,0.208,0.2225,0.5809561021364033,-0.605431984881752,1.89910072603639,0.003671693180882898,-0.0003182010687676657,1732,0,1857.17
2026-07-25 03:40:54,okx,ETH,ETH-USD-270625-1900-C,2027-06-25,1900,call,0.2205234175644583,0.215,0.2285,0.5809561021364033,0.39133351684616996,-0.09443027741945406,0.003671693180882898,-0.0003182010687676657,983,0,1857.17
2026-07-25 03:40:54,okx,ETH,ETH-USD-270625-2600-P,2027-06-25,2600,put,0.476842646533574,0.4575,0.4855,0.5748744972522245,-1.090166569175596,2.875083271388878,0.0036676415452926276,-0.0003145226018824886,0,0,1857.17
2026-07-25 03:40:54,okx,ETH,ETH-USD-270625-2600-C,2027-06-25,2600,call,0.1128262819934288,0.106,0.1185,0.5748744972522245,0.27382832792577105,0.14709347718614402,0.0036676415452926276,-0.0003145226018824886,1396,0,1857.17
2026-07-25 03:40:54,okx,ETH,ETH-USD-270625-2800-P,2027-06-25,2800,put,0.5624657280382344,0.544,0.573,0.5743992926586837,-1.2264325658170117,3.1155121133962167,0.003495274775338239,-0.0002994933285368323,0,0,1857.17
2026-07-25 03:40:54,okx,ETH,ETH-USD-270625-2800-C,2027-06-25,2800,call,0.0935250277642315,0.0885,0.101,0.5743992926586837,0.24248501567676795,0.1776769504086578,0.003495274775338239,-0.0002994933285368323,501,0,1857.17
2026-07-25 03:40:54,okx,ETH,ETH-USD-270625-2200-P,2027-06-25,2200,put,0.3191588140558334,0.3055,0.3275,0.576602314772563,-0.8124388080585351,2.3467820309143472,0.003822445319104352,-0.00032878318355230717,0,0,1857.17
2026-07-25 03:40:54,okx,ETH,ETH-USD-260726-1910-P,2026-07-26,1910,put,0.0281637867300307,0.026,0.0305,0.24769071487826025,-1.0029533097073258,6.185932977179427,0.000033471052582497464,-0.0003512979447847181,774,501,1857.17
2026-07-25 03:40:54,okx,ETH,ETH-USD-270625-2200-C,2027-06-25,2200,call,0.1649911209834029,0.1575,0.1705,0.576602314772563,0.34171072025800603,0.0384829742812648,0.003822445319104352,-0.00032878318355230717,707,0,1857.17
2026-07-25 03:40:54,okx,ETH,ETH-USD-270625-2400-P,2027-06-25,2400,put,0.3954451427373562,0.378,0.404,0.5755865564638264,-0.9518437340114322,2.619724550592069,0.0037846991136150187,-0.0003249630137118839,0,0,1857.17
2026-07-25 03:40:54,okx,ETH,ETH-USD-270625-2400-C,2027-06-25,2400,call,0.1363531139310683,0.1325,0.142,0.5755865564638264,0.30722847869752185,0.10158012517416067,0.0037846991136150187,-0.0003249630137118839,2819,0,1857.17
2026-07-25 03:40:54,okx,ETH,ETH-USD-260731-1850-P,2026-07-31,1850,put,0.0206480983571468,0.0205,0.021,0.4408324621328162,-0.47781864711791944,7.868862751723756,0.0005159983016019059,-0.0018395208942500554,18170,5305,1857.17
2026-07-25 03:40:54,okx,ETH,ETH-USD-270625-3500-P,2027-06-25,3500,put,0.8856093913465608,0.8345,0.9245,0.5740309652957328,-1.6822134232312438,3.8784905619675545,0.0027098014665009446,-0.00023204099938042527,0,0,1857.17
2026-07-25 03:40:54,okx,ETH,ETH-USD-260925-1500-C,2026-09-25,1500,call,0.2138327841723,0.21,0.2185,0.5557299238359787,0.641549557185905,-0.2912051979145565,0.0009390456401023905,-0.00041963328329745894,311,0,1857.17
2026-07-25 03:40:54,okx,ETH,ETH-USD-270625-3500-C,2027-06-25,3500,call,0.0494335160040576,0.046,0.053,0.5740309652957328,0.15393355363598082,0.20619660823310512,0.0027098014665009446,-0.00023204099938042527,6959,0,1857.17
2026-07-25 03:40:54,okx,ETH,ETH-USD-260725-1870-C,2026-07-25,1870,call,0.0002298256847023,0.0001,0.0003,0.2291898856754677,0.09602370037098007,33.340407649951,0.000037895233333018924,-0.0004342602097619891,6301,9387,1857.17
2026-07-25 03:40:54,okx,ETH,ETH-USD-260925-1500-P,2026-09-25,1500,put,0.0189381656402603,0.019,0.0195,0.5557299238359787,-0.16355150300741414,1.3189969224720817,0.0009390456401023905,-0.00041963328329745894,35185,696,1857.17
2026-07-25 03:40:54,okx,ETH,ETH-USD-270625-4000-P,2027-06-25,4000,put,1.1305158127198125,0.916,1.3715,0.574563663458008,-1.9883749123380254,4.385119905216729,0.002154652684609827,-0.0001846746842094907,0,0,1857.17
2026-07-25 03:40:54,okx,ETH,ETH-USD-270625-4000-C,2027-06-25,4000,call,0.032029098042666,0.0295,0.036,0.574563663458008,0.110078775510231,0.18821252952021594,0.002154652684609827,-0.0001846746842094907,2251,0,1857.17
2026-07-25 03:40:54,okx,ETH,ETH-USD-260925-1700-C,2026-09-25,1700,call,0.1327044236425281,0.1315,0.1345,0.5193871835933903,0.5708265364490596,0.47152252841929926,0.001427350282022916,-0.0005961303566692792,8280,0,1857.17
2026-07-25 03:40:54,okx,ETH,ETH-USD-270625-3000-P,2027-06-25,3000,put,0.651560847288281,0.6315,0.663,0.5741155745597576,-1.3601232203686981,3.343851453855848,0.0032877147381141004,-0.00028156935785874184,0,0,1857.17
2026-07-25 03:40:54,okx,ETH,ETH-USD-260925-1700-P,2026-09-25,1700,put,0.0451571893062164,0.0445,0.045,0.5193871835933903,-0.34162133177003545,2.2964182648574893,0.001427350282022916,-0.0005961303566692792,12196,414,1857.17
2026-07-25 03:40:54,okx,ETH,ETH-USD-270625-3000-C,2027-06-25,3000,call,0.077695811280421,0.074,0.08,0.5741155745597576,0.2137170455174942,0.19617092208346268,0.0032877147381141004,-0.00028156935785874184,203,0,1857.17
2026-07-25 03:40:54,okx,ETH,ETH-USD-270625-3200-P,2027-06-25,3200,put,0.7434965596842473,0.5475,0.964,0.5739881376333188,-1.4910327493890048,3.5627728440904782,0.003060873903798073,-0.0002620838676737205,0,0,1857.17
2026-07-25 03:40:54,okx,ETH,ETH-USD-260731-1850-C,2026-07-31,1850,call,0.0251392145048233,0.025,0.0255,0.4408324621328162,0.5174309417877277,5.878363573912462,0.0005159983016019059,-0.001839336107744055,22706,5863,1857.17
2026-07-25 03:40:54,okx,ETH,ETH-USD-270625-3200-C,2027-06-25,3200,call,0.0647071879425301,0.0615,0.0715,0.5739881376333188,0.18773020088960052,0.20524694353326745,0.003060873903798073,-0.0002620838676737205,797,0,1857.17
2026-07-25 03:40:54,okx,ETH,ETH-USD-270625-5500-P,2027-06-25,5500,put,1.8951781247976716,0.0001,,0.5780316606517115,-2.844220243276747,5.877338128116057,0.0010026823370930741,-0.0000864583463582612,0,0,1857.17
2026-07-25 03:40:54,okx,ETH,ETH-USD-260726-1890-P,2026-07-26,1890,put,0.0176843714543327,0.016,0.0205,0.21113676515543445,-0.9399408035517,13.998888178686812,0.00008272018700494017,-0.0007400684384279661,952,986,1857.17
2026-07-25 03:40:54,okx,ETH,ETH-USD-270625-5500-C,2027-06-25,5500,call,0.0097588921165949,0.009,0.0175,0.5780316606517115,0.04115357751460568,0.10659048653335124,0.0010026823370930741,-0.0000864583463582612,810,0,1857.17
2026-07-25 03:40:54,okx,ETH,ETH-USD-260727-1890-C,2026-07-27,1890,call,0.0031575070358249,0.003,0.0032,0.30218206979110024,0.23079848696821137,12.664273873698995,0.00023689496805252085,-0.0016417549371530542,1985,1156,1857.17
2026-07-25 03:40:54,okx,ETH,ETH-USD-270625-4500-P,2027-06-25,4500,put,1.381949853280393,1.1555,1.635,0.5754914492608632,-2.2819662757477386,4.882041099627554,0.0016811227173086194,-0.0001443212312951198,0,0,1857.17
2026-07-25 03:40:54,okx,ETH,ETH-USD-260725-1870-P,2026-07-25,1870,put,0.0068918478315593,0.0049,0.0085,0.2291898856754677,-0.9106437408875456,35.353742532468054,0.000037895233333018924,-0.0004342602097619891,6153,7736,1857.17
2026-07-25 03:40:54,okx,ETH,ETH-USD-270625-4500-C,2027-06-25,4500,call,0.0211522992686034,0.0195,0.029,0.5754914492608632,0.07879412308155022,0.16052030196897746,0.0016811227173086194,-0.0001443212312951198,1173,0,1857.17
2026-07-25 03:40:54,okx,ETH,ETH-USD-260726-1890-C,2026-07-26,1890,call,0.0004190191172783,0.0004,0.0005,0.21113676515543445,0.07733002409946513,11.96434652338448,0.00008272018700494017,-0.0007400684384279661,2721,2635,1857.17
2026-07-25 03:40:54,okx,ETH,ETH-USD-260727-1820-P,2026-07-27,1820,put,0.0026821429850625,0.0028,0.0029,0.3149707670929311,-0.19892276449762397,11.767744360576064,0.0002138877274493421,-0.0015450524893800856,400,400,1857.17
2026-07-25 03:40:54,okx,ETH,ETH-USD-270625-5000-P,2027-06-25,5000,put,1.6373449574348051,0.0001,,0.576676962827566,-2.56635245628957,5.378208225963277,0.0013000952229880842,-0.00011184065410527575,0,0,1857.17
2026-07-25 03:40:54,okx,ETH,ETH-USD-260727-1820-C,2026-07-27,1820,call,0.0229940084138746,0.0055,0.092,0.3149707670929311,0.7806810591753739,9.808536713230069,0.0002138877274493421,-0.001544217971898701,0,0,1857.17
2026-07-25 03:40:54,okx,ETH,ETH-USD-260727-1890-P,2026-07-27,1890,put,0.0205225090800557,0.0175,0.0225,0.30218206979110024,-0.7864824068460556,14.698835661327529,0.00023689496805252085,-0.0016410410819043908,693,523,1857.17
2026-07-25 03:40:54,okx,ETH,ETH-USD-270625-5000-C,2027-06-25,5000,call,0.0142365640883718,0.013,0.0225,0.576676962827566,0.05671465352075085,0.13207400634263577,0.0013000952229880842,-0.00011184065410527575,1660,0,1857.17
2026-07-25 03:40:54,okx,ETH,ETH-USD-260728-1750-C,2026-07-28,1750,call,0.059258635873186,0.0525,0.1375,0.4404092517838272,0.8702518510079296,1.5386942906361165,0.0001258215895088136,-0.0008688447025698272,10,10,1857.17
2026-07-25 03:40:54,okx,ETH,ETH-USD-260728-1725-P,2026-07-28,1725,put,0.0007984586873642,0.0008,0.0009,0.47056258725476136,-0.04452291578664247,2.1976187387149433,0.00008644444914837483,-0.0006395555330834464,275,275,1857.17
2026-07-25 03:40:54,okx,ETH,ETH-USD-260728-1775-C,2026-07-28,1775,call,0.0467026857410913,0.04,0.1245,0.41322918662242014,0.838025284061877,3.360690781591879,0.0001813308643896167,-0.0011762530736276985,0,0,1857.17
2026-07-25 03:40:54,okx,ETH,ETH-USD-260728-1750-P,2026-07-28,1750,put,0.0013012779128685,0.0012,0.0013,0.4404092517838272,-0.07166518620445651,3.4225283650608884,0.0001258215895088136,-0.0008712263033958541,1406,3667,1857.17
2026-07-25 03:40:54,okx,ETH,ETH-USD-260728-1725-C,2026-07-28,1725,call,0.072211701939152,0.065,0.1505,0.47056258725476136,0.883938163751281,0.3406965796390963,0.00008644444914837483,-0.0006366209477009851,0,0,1857.17
2026-07-25 03:40:54,okx,ETH,ETH-USD-260728-1850-C,2026-07-28,1850,call,0.0156275210211611,0.0155,0.016,0.36227799620656037,0.5396827522335177,10.603092253498026,0.0003687289786805858,-0.0020997252852574554,688,808,1857.17
2026-07-25 03:40:54,okx,ETH,ETH-USD-260728-1825-P,2026-07-28,1825,put,0.0067269315416542,0.0065,0.007,0.3731988237837012,-0.3058632428251571,10.579314833207645,0.00032408688322457704,-0.0019014486827501696,334,334,1857.17
2026-07-25 03:40:54,okx,ETH,ETH-USD-260728-1870-C,2026-07-28,1870,call,0.0103365434661388,0.01,0.0105,0.3585127626626906,0.4178112211054478,10.890995423887574,0.00036627602125215825,-0.002064285714885201,300,300,1857.17
2026-07-25 03:40:54,okx,ETH,ETH-USD-260728-1850-P,2026-07-28,1850,put,0.0114937042267252,0.011,0.012,0.36227799620656037,-0.4560581156767189,12.594573989318498,0.0003687289786805858,-0.002099894947857745,3748,3757,1857.17
2026-07-25 03:40:54,okx,ETH,ETH-USD-260728-1800-C,2026-07-28,1800,call,0.0348809680898129,0.005,0.1095,0.3904373849434195,0.7765561221634464,5.854972658004936,0.0002519929789034031,-0.0015455509050017941,0,0,1857.17
2026-07-25 03:40:54,okx,ETH,ETH-USD-260728-1775-P,2026-07-28,1775,put,0.0022012130722441,0.0021,0.0022,0.41322918662242014,-0.11734771082497161,5.271436771365576,0.0001813308643896167,-0.001178081689897291,829,1206,1857.17
2026-07-25 03:40:54,okx,ETH,ETH-USD-260728-1825-C,2026-07-28,1825,call,0.0243166336275605,0.005,0.047,0.3731988237837012,0.6764216674106168,8.614745012736098,0.00032408688322457704,-0.0019007260355934457,0,0,1857.17
2026-07-25 03:40:54,okx,ETH,ETH-USD-260728-1800-P,2026-07-28,1800,put,0.0038353807124361,0.0037,0.0038,0.3904373849434195,-0.192272830397865,7.792630563127559,0.0002519929789034031,-0.0015468265367149523,1623,2022,1857.17
2026-07-25 03:40:54,okx,ETH,ETH-USD-260728-1900-C,2026-07-28,1900,call,0.0051874015446836,0.005,0.0055,0.3628170863304113,0.2531515992262402,9.039531480919097,0.00030173989452788626,-0.001721126251758151,2019,2329,1857.17
2026-07-25 03:40:54,okx,ETH,ETH-USD-260728-1890-P,2026-07-28,1890,put,0.0239630950556614,0.005,0.0735,0.36009931410427426,-0.7141132565516223,11.91958443948906,0.00032914335535991066,-0.0018626181594472103,0,0,1857.17
2026-07-25 03:40:54,okx,ETH,ETH-USD-260728-1925-C,2026-07-28,1925,call,0.0028625566850283,0.0028,0.0029,0.3745469870094885,0.15555359081031928,6.6030760981626235,0.00022562036086270856,-0.001328593714319858,1220,1450,1857.17
2026-07-25 03:40:54,okx,ETH,ETH-USD-260728-1900-P,2026-07-28,1900,put,0.0279653553331884,,0.1065,0.3628170863304113,-0.7695011840329218,11.084837047437421,0.00030173989452788626,-0.001720189945245572,0,0,1857.17
2026-07-25 03:40:54,okx,ETH,ETH-USD-260728-1840-P,2026-07-28,1840,put,0.0093261052020203,0.009,0.0095,0.36585918419063007,-0.39252934583983434,11.962064785232448,0.0003562628546627609,-0.002049034644811214,1000,1000,1857.17
2026-07-25 03:40:54,okx,ETH,ETH-USD-260728-1880-C,2026-07-28,1880,call,0.0082715834077275,0.008,0.0085,0.35864208181972124,0.3585358459724166,10.528849987505694,0.00035138837983943264,-0.0019811629095726336,1040,1405,1857.17
2026-07-25 03:40:54,okx,ETH,ETH-USD-260728-1840-C,2026-07-28,1840,call,0.0188422761130445,0.018,0.0195,0.36585918419063007,0.5978291390006173,9.981347815551542,0.0003562628546627609,-0.0020486437883883504,0,0,1857.17
2026-07-25 03:40:54,okx,ETH,ETH-USD-260728-1870-P,2026-07-28,1870,put,0.016967434904879,0.0165,0.0175,0.3585127626626906,-0.5886944129443591,12.904006691987188,0.00036627602125215825,-0.002064012989840343,20,20,1857.17
2026-07-25 03:40:54,okx,ETH,ETH-USD-260726-1810-P,2026-07-26,1810,put,0.0002087659711638,0.0003,0.0004,0.2562647925463161,-0.0361090775477913,5.486928295098877,0.000044858503372512147,-0.00048711357886797743,3239,3239,1857.17
2026-07-25 03:40:54,okx,ETH,ETH-USD-260728-1890-C,2026-07-28,1890,call,0.0065674953837448,0.0065,0.007,0.36009931410427426,0.30315714363775464,9.88504363911031,0.00032914335535991066,-0.001863333272137216,322,325,1857.17
2026-07-25 03:40:54,okx,ETH,ETH-USD-260726-1810-C,2026-07-26,1810,call,0.026002264526683,0.023,0.0815,0.2562647925463161,0.9381026674514727,3.5385048051003496,0.000044858503372512147,-0.00048711357886797743,0,0,1857.17
2026-07-25 03:40:54,okx,ETH,ETH-USD-260728-1880-P,2026-07-28,1880,put,0.020284828963056,0.0043,0.04,0.35864208181972124,-0.6533521711471753,12.552626021744878,0.00035138837983943264,-0.001980668990705202,0,0,1857.17
2026-07-25 03:40:54,okx,ETH,ETH-USD-260728-2000-C,2026-07-28,2000,call,0.0005883992232333,0.0004,0.0007,0.4368905030821175,0.03613806157957914,1.898760181656591,0.00007502367294850912,-0.0005153432511776338,1028,1323,1857.17
2026-07-25 03:40:54,okx,ETH,ETH-USD-260728-1975-P,2026-07-28,1975,put,0.0640980496101587,0.0575,0.1555,0.4133639950397826,-1.0055473876644487,5.034725520394644,0.00010889112701767306,-0.0007051014294457654,0,0,1857.17
2026-07-25 03:40:54,okx,ETH,ETH-USD-260728-2050-C,2026-07-28,2050,call,0.000247540782684,0.0001,0.0003,0.4847230939574649,0.015337695760509452,0.8343090442304183,0.000036528605972762454,-0.0002783921490786834,110,110,1857.17
2026-07-25 03:40:54,okx,ETH,ETH-USD-260728-2000-P,2026-07-28,2000,put,0.0771898941776195,0.0705,0.1705,0.4368905030821175,-1.0403385523774336,4.051713409570617,0.00007502367294850912,-0.0005121950064393171,0,0,1857.17
2026-07-25 03:40:54,okx,ETH,ETH-USD-260728-1950-C,2026-07-28,1950,call,0.0016154100623475,0.0015,0.0016,0.39199875688313573,0.09390902769922059,4.450157078419476,0.00015839599625156635,-0.0009762148349445862,342,342,1857.17
2026-07-25 03:40:54,okx,ETH,ETH-USD-260728-1925-P,2026-07-28,1925,put,0.0390963957650036,0.0365,0.041,0.3745469870094885,-0.8805551501233054,8.675293580029871,0.00022562036086270856,-0.0013271044232508443,140,140,1857.17
2026-07-25 03:40:54,okx,ETH,ETH-USD-260728-1975-C,2026-07-28,1975,call,0.000952439947243,0.0008,0.0009,0.4133639950397826,0.05747326861810125,2.9086842078295443,0.00010889112701767306,-0.0007076966896276477,499,718,1857.17
2026-07-25 03:40:54,okx,ETH,ETH-USD-260728-1950-P,2026-07-28,1950,put,0.0513051344337932,0.0455,0.14,0.39199875688313573,-0.9556556709088666,6.549286475635651,0.00015839599625156635,-0.0009741725593191384,0,0,1857.17
2026-07-25 03:40:54,okx,ETH,ETH-USD-260814-1550-C,2026-08-14,1550,call,0.1711117658423231,,,0.5682178930259713,0.7517544763075716,-0.4283170017783581,0.000337775938376319,-0.00047005467300362003,0,0,1857.17
2026-07-25 03:40:54,okx,ETH,ETH-USD-260814-1500-P,2026-08-14,1500,put,0.0034499273338112,0.0036,0.0037,0.5973034748971184,-0.05828111902741664,0.9065990794218665,0.00026089766040003967,-0.0003860024157005456,665,1066,1857.17
2026-07-25 03:40:54,okx,ETH,ETH-USD-260814-1600-C,2026-08-14,1600,call,0.1463541128544812,0.138,0.226,0.5432301797635657,0.7455679756866259,-0.04417387061506864,0.0004345791028611183,-0.0005802303012692781,0,0,1857.17
2026-07-25 03:40:54,okx,ETH,ETH-USD-260814-1550-P,2026-08-14,1550,put,0.0048504306186299,0.005,0.0055,0.5682178930259713,-0.08132779852459475,1.237847547885975,0.000337775938376319,-0.00047539081060788617,1010,1010,1857.17
2026-07-25 03:40:54,okx,ETH,ETH-USD-260728-2100-C,2026-07-28,2100,call,0.0001080670968036,,0.0004,0.5274938839845964,0.0067280270405624685,0.3741297613608458,0.00001781215220178047,-0.0001477293587451517,1,1,1857.17
2026-07-25 03:40:54,okx,ETH,ETH-USD-260728-2050-P,2026-07-28,2050,put,0.1037608063200109,0.0875,0.1835,0.4847230939574649,-1.0880508335454284,3.0410861028422937,0.000036528605972762454,-0.00027413793522749796,0,0,1857.17
2026-07-25 03:40:54,okx,ETH,ETH-USD-260814-1500-C,2026-08-14,1500,call,0.1965851734730185,,,0.5973034748971184,0.7479275340359702,-0.7058182267049073,0.00026089766040003967,-0.0003798038189120287,0,0,1857.17
2026-07-25 03:40:54,okx,ETH,ETH-USD-260728-2100-P,2026-07-28,2100,put,0.1305331032170716,0.113,0.228,0.5274938839845964,-1.1235724176143007,2.634730650670572,0.00001781215220178047,-0.0001423691757810975,0,0,1857.17
2026-07-25 03:40:54,okx,ETH,ETH-USD-260814-1750-C,2026-08-14,1750,call,0.0801002625901912,0.0725,0.1,0.4917874066399749,0.6391440707691305,1.632321020568273,0.0007913873332849622,-0.0009617372432784824,0,0,1857.17
2026-07-25 03:40:54,okx,ETH,ETH-USD-260814-1700-P,2026-08-14,1700,put,0.014763065372243,0.0145,0.015,0.505159767636275,-0.2225225431812667,2.8554839414221553,0.000673213278457949,-0.0008421443348114258,237,337,1857.17
2026-07-25 03:40:54,okx,ETH,ETH-USD-260814-1800-C,2026-08-14,1800,call,0.0621860393958779,0.0615,0.063,0.48194827054358336,0.5715811035435351,2.1740549991338067,0.000883897966595609,-0.0010534886394280196,0,0,1857.17
2026-07-25 03:40:54,okx,ETH,ETH-USD-260814-1750-P,2026-08-14,1750,put,0.0213345710285551,0.021,0.0215,0.4917874066399749,-0.30143269113815424,3.5134745443828423,0.0007913873332849622,-0.0009636235441457456,2,2,1857.17
2026-07-25 03:40:54,okx,ETH,ETH-USD-260814-1650-C,2026-08-14,1650,call,0.122644477577502,0.109,0.205,0.5222534734092815,0.7262681393917023,0.4493943439204215,0.0005491662099257581,-0.0007066788705954925,0,0,1857.17
2026-07-25 03:40:54,okx,ETH,ETH-USD-260814-1600-P,2026-08-14,1600,put,0.0069666885463024,0.007,0.0075,0.5432301797635657,-0.1143879209143202,1.6757379225868236,0.0004345791028611183,-0.0005847039796892936,10,10,1857.17
2026-07-25 03:40:54,okx,ETH,ETH-USD-260814-1700-C,2026-08-14,1700,call,0.1004026678493934,0.0915,0.184,0.505159767636275,0.6911805969572385,1.0280776611451452,0.000673213278457949,-0.0008393955747599118,0,0,1857.17
2026-07-25 03:40:54,okx,ETH,ETH-USD-260814-1650-P,2026-08-14,1650,put,0.0101309641848374,0.01,0.0105,0.5222534734092815,-0.16056137897802325,2.2230533806598727,0.0005491662099257581,-0.0007102900898312572,0,0,1857.17
2026-07-25 03:40:54,okx,ETH,ETH-USD-260814-1950-C,2026-08-14,1950,call,0.0251176364373271,0.025,0.0255,0.4729073763305288,0.32942187668610035,2.6862910752368774,0.000874616194377521,-0.0010240028053216685,1970,2192,1857.17
2026-07-25 03:40:54,okx,ETH,ETH-USD-260814-1900-P,2026-08-14,1900,put,0.0565026396926733,0.056,0.057,0.47222389010529525,-0.6115016296453871,4.778969689752337,0.0009283963112611136,-0.00108443913300815,2183,2183,1857.17
2026-07-25 03:40:54,okx,ETH,ETH-USD-260814-2000-C,2026-08-14,2000,call,0.0180529963080574,0.018,0.0185,0.4771685997496744,0.2580898970122192,2.46287397531502,0.0007859193800924318,-0.000928599124799596,182,214,1857.17
2026-07-25 03:40:54,okx,ETH,ETH-USD-260814-1950-P,2026-08-14,1950,put,0.073847588537748,0.0705,0.077,0.4729073763305288,-0.7186493722963027,4.782433573201684,0.000874616194377521,-0.0010224392694519289,1660,1660,1857.17
2026-07-25 03:40:54,okx,ETH,ETH-USD-260814-1850-C,2026-08-14,1850,call,0.0469877976969866,0.0465,0.047,0.4754344784091989,0.4928897203962778,2.5624216735805065,0.0009326671933941219,-0.0010971604334027798,40,40,1857.17
2026-07-25 03:40:54,okx,ETH,ETH-USD-260814-1800-P,2026-08-14,1800,put,0.0302942587497562,0.03,0.0305,0.48194827054358336,-0.39586928013252926,4.108955766485936,0.000883897966595609,-0.0010545124811110324,291,292,1857.17
2026-07-25 03:40:54,okx,ETH,ETH-USD-260814-1900-C,2026-08-14,1900,call,0.0346465985077667,0.0345,0.035,0.47222389010529525,0.4096959975682363,2.7365744353250903,0.0009283963112611136,-0.0010851402096936388,2227,2227,1857.17
2026-07-25 03:40:54,okx,ETH,ETH-USD-260814-1850-P,2026-08-14,1850,put,0.041969927966379,0.0415,0.042,0.4754344784091989,-0.5014342850485661,4.551069684470193,0.0009326671933941219,-0.0010973218159015417,188,188,1857.17
2026-07-25 03:40:54,okx,ETH,ETH-USD-260814-2150-C,2026-08-14,2150,call,0.0068786088424393,0.0065,0.007,0.5062985114790187,0.11596896064536702,1.47601738042542,0.00047809142088932306,-0.000599524629520429,0,0,1857.17
2026-07-25 03:40:54,okx,ETH,ETH-USD-260814-2100-P,2026-08-14,2100,put,0.1387393046823171,0.124,0.2445,0.494398157093192,-0.9768109437426031,4.05699981167472,0.0005749392445584681,-0.0006998322705255508,0,0,1857.17
2026-07-25 03:40:54,okx,ETH,ETH-USD-260814-2200-C,2026-08-14,2200,call,0.0051192564694072,0.0049,0.005,0.5197019042748459,0.08897921682945076,1.1952664596891969,0.0003945697393945793,-0.0005079102095587968,1,1,1857.17
2026-07-25 03:40:54,okx,ETH,ETH-USD-260814-2150-P,2026-08-14,2150,put,0.1631042046049174,0.1535,0.264,0.5062985114790187,-1.0395967754121542,3.787148852540463,0.00047809142088932306,-0.0005945112569136868,0,0,1857.17
2026-07-25 03:40:54,okx,ETH,ETH-USD-260814-2050-C,2026-08-14,2050,call,0.0129722443795023,0.0125,0.013,0.48450996967657595,0.1987930461129882,2.143952038547824,0.0006808119137013704,-0.0008168792961370974,1,1,1857.17
2026-07-25 03:40:54,okx,ETH,ETH-USD-260814-2000-P,2026-08-14,2000,put,0.0936568593239925,0.083,0.194,0.4771685997496744,-0.8168549737389634,4.612763716817385,0.0007859193800924318,-0.0009261731297456057,0,0,1857.17
2026-07-25 03:40:54,okx,ETH,ETH-USD-260814-2100-C,2026-08-14,2100,call,0.0093876198353534,0.009,0.0095,0.494398157093192,0.15188117054613856,1.799615583097236,0.0005749392445584681,-0.0007039831839480424,270,270,1857.17
2026-07-25 03:40:54,okx,ETH,ETH-USD-260814-2050-P,2026-08-14,2050,put,0.1154500183109516,0.102,0.2015,0.48450996967657595,-0.9030254464069738,4.347589023587749,0.0006808119137013704,-0.0008135908418988564,0,0,1857.17
2026-07-25 03:40:54,okx,ETH,ETH-USD-260725-1880-P,2026-07-25,1880,put,0.0121200444160861,0.0105,0.0135,0.28705499129478806,-0.9818011636507192,12.733732953495263,0.000015244383295730962,-0.0002187988157125232,5282,7375,1857.17
2026-07-25 03:40:54,okx,ETH,ETH-USD-260814-2300-P,2026-08-14,2300,put,0.2398265087444992,0.135,0.354,0.5492144073646117,-1.182416508442918,3.247673553816983,0.0002680723286454874,-0.0003570938956516456,0,0,1857.17
2026-07-25 03:40:54,okx,ETH,ETH-USD-260814-2250-C,2026-08-14,2250,call,0.0038738581914541,0.0037,0.0038,0.5341435553356562,0.0688333189473934,0.962823136602897,0.00032499135128816783,-0.00042998525642357695,0,0,1857.17
2026-07-25 03:40:54,okx,ETH,ETH-USD-260814-2200-P,2026-08-14,2200,put,0.1882187631473994,0.1765,0.2985,0.5197019042748459,-1.09346014099685,3.560145175341798,0.0003945697393945793,-0.0005020343777678037,0,0,1857.17
2026-07-25 03:40:54,okx,ETH,ETH-USD-260725-1880-C,2026-07-25,1880,call,0.0000748028994599,0.0001,0.0002,0.28705499129478806,0.030249525956782534,10.709631574280259,0.000015244383295730962,-0.0002187988157125232,8183,12931,1857.17
2026-07-25 03:40:54,okx,ETH,ETH-USD-260814-2300-C,2026-08-14,2300,call,0.0029791802354785,0.0028,0.0029,0.5492144073646117,0.053770092920942245,0.7753003510892625,0.0002680723286454874,-0.00036469464581114,231,231,1857.17
2026-07-25 03:40:54,okx,ETH,ETH-USD-260814-2250-P,2026-08-14,2250,put,0.2138472757849604,0.1105,0.3265,0.5341435553356562,-1.140479660647687,3.381449095793058,0.00032499135128816783,-0.0004232469654483332,0,0,1857.17
2026-07-25 03:40:54,okx,ETH,ETH-USD-260725-1860-C,2026-07-25,1860,call,0.0012379111301448,0.0007,0.0011,0.20376579682848123,0.3879763234180041,83.97124229906416,0.00008514916744224734,-0.0008675243976575652,7122,10629,1857.17
2026-07-25 03:40:54,okx,ETH,ETH-USD-260725-1860-P,2026-07-25,1860,put,0.0025167139072325,0.0018,0.0029,0.20376579682848123,-0.6133078694915456,85.97381068488326,0.00008514916744224734,-0.0008675243976575652,8420,14919,1857.17
2026-07-25 03:40:54,okx,ETH,ETH-USD-260731-1300-P,2026-07-31,1300,put,0.0000985808855426,0.0001,0.0002,0.9996548691396585,-0.002558772598360063,0.0639206622903337,0.000009952780308055387,-0.00008049257076014248,40759,11,1857.17
2026-07-25 03:40:54,okx,ETH,ETH-USD-260731-1300-C,2026-07-31,1300,call,0.3004763032706439,0.291,0.3275,0.9996548691396585,0.696805803389392,-1.3348084896851704,0.000009952780308055387,-0.0000681481263106196,5,0,1857.17
2026-07-25 03:40:54,okx,ETH,ETH-USD-260731-1200-P,2026-07-31,1200,put,0.0000318509837168,0.0001,0.001,1.088950760777259,-0.0008271363399595711,0.02090521498286779,0.000003549394066427058,-0.0000312699678727801,86233,2,1857.17
2026-07-25 03:40:54,okx,ETH,ETH-USD-260731-1200-C,2026-07-31,1200,call,0.354207138139259,0.353,0.356,1.088950760777259,0.6447401645718116,-1.2702293868406747,0.000003549394066427058,-0.00001671467652443496,5,0,1857.17
2026-07-25 03:40:54,okx,ETH,ETH-USD-260726-1870-C,2026-07-26,1870,call,0.0018526263191173,0.0016,0.0018,0.1912732628302567,0.27545514080762196,30.256528138542745,0.00019049802548687565,-0.0015439785312754198,2522,2677,1857.17
2026-07-25 03:40:54,okx,ETH,ETH-USD-260731-1500-P,2026-07-31,1500,put,0.0004491530371198,0.0005,0.0006,0.7536041301598446,-0.013197195449605422,0.3620302480049671,0.00004282581194851253,-0.0002610966663477434,27194,2650,1857.17
2026-07-25 03:40:54,okx,ETH,ETH-USD-260731-1500-C,2026-07-31,1500,call,0.1932317458813393,0.1915,0.1955,0.7536041301598446,0.7937619306901086,-1.251888004274461,0.00004282581194851253,-0.0002531739156958651,240,0,1857.17
2026-07-25 03:40:54,okx,ETH,ETH-USD-260731-1400-P,2026-07-31,1400,put,0.0002262718260852,0.0003,0.0005,0.8848390324036983,-0.006135135067571942,0.15795197643118625,0.000021825453455492744,-0.00015623734597761596,61378,10,1857.17
2026-07-25 03:40:54,okx,ETH,ETH-USD-260726-1870-P,2026-07-26,1870,put,0.0083532659330283,0.0075,0.0095,0.1912732628302567,-0.7310509161805677,32.26954025251912,0.00019049802548687565,-0.0015439785312754198,806,790,1857.17
2026-07-25 03:40:54,okx,ETH,ETH-USD-260731-1400-C,2026-07-31,1400,call,0.2468064294407456,0.2455,0.2485,0.8848390324036983,0.7470267159961611,-1.34837172569628,0.000021825453455492744,-0.00014610374842691533,1985,0,1857.17
2026-07-25 03:40:54,okx,ETH,ETH-USD-260731-1700-P,2026-07-31,1700,put,0.0028008796877961,0.0028,0.0029,0.517920608119363,-0.0904411294345351,2.543165004814347,0.0002071519633353395,-0.0008679162305084964,37646,1176,1857.17
2026-07-25 03:40:54,okx,ETH,ETH-USD-260731-1700-C,2026-07-31,1700,call,0.087988342991134,0.086,0.0905,0.517920608119363,0.8241125468571407,0.7140576522309953,0.0002071519633353395,-0.0008644151736542626,17198,2513,1857.17
2026-07-25 03:40:54,okx,ETH,ETH-USD-260731-1600-P,2026-07-31,1600,put,0.0009610546901091,0.001,0.0011,0.6238611926185966,-0.03069721986345204,0.8934293775197168,0.00008788677291748235,-0.000443563676773347,58567,150,1857.17
2026-07-25 03:40:54,okx,ETH,ETH-USD-260731-1600-C,2026-07-31,1600,call,0.1399460827638879,0.138,0.142,0.6238611926185966,0.8300591813522429,-0.8280834249116731,0.00008788677291748235,-0.00043785177302029096,16202,0,1857.17
2026-07-25 03:40:54,okx,ETH,ETH-USD-260727-1830-P,2026-07-27,1830,put,0.0037714265135337,0.0037,0.004,0.3076185023580317,-0.26339427022808876,14.159961440941785,0.0002504773233533688,-0.0017670989978538225,0,0,1857.17
2026-07-25 03:40:54,okx,ETH,ETH-USD-260731-1900-P,2026-07-31,1900,put,0.035993694246961,0.035,0.0365,0.4398728491325626,-0.6758635049731115,7.886173963427296,0.00048666484663256043,-0.0017304906331100523,26104,4578,1857.17
2026-07-25 03:40:54,okx,ETH,ETH-USD-260727-1830-C,2026-07-27,1830,call,0.0187008823033397,0.006,0.074,0.3076185023580317,0.721591992036519,12.18998891641257,0.0002504773233533688,-0.0017664856764767305,0,0,1857.17
2026-07-25 03:40:54,okx,ETH,ETH-USD-260731-1900-C,2026-07-31,1900,call,0.0135860280094171,0.0135,0.014,0.4398728491325626,0.346284721470526,5.841877510540021,0.00048666484663256043,-0.0017314112700534629,68862,7992,1857.17
2026-07-25 03:40:54,okx,ETH,ETH-USD-260731-1800-P,2026-07-31,1800,put,0.0107991956179532,0.0105,0.011,0.4541427213789065,-0.29523963094158523,6.329490245234835,0.0004412893007173304,-0.001620988877753535,48311,5376,1857.17
2026-07-25 03:40:54,okx,ETH,ETH-USD-260731-1800-C,2026-07-31,1800,call,0.0421890941508504,0.0405,0.0455,0.4541427213789065,0.6731113204260714,4.3927883424995215,0.0004412893007173304,-0.0016196986677981236,32578,56,1857.17
2026-07-25 03:40:54,okx,ETH,ETH-USD-260731-2100-P,2026-07-31,2100,put,0.1311619415215474,0.1285,0.134,0.5333762382962235,-1.0887977223827783,3.4718858840484947,0.00011688516417159975,-0.0004990113383700733,6504,1500,1857.17
2026-07-25 03:40:54,okx,ETH,ETH-USD-260731-2100-C,2026-07-31,2100,call,0.001159145743122,0.0011,0.0012,0.5333762382962235,0.04094505421282125,1.212400330857296,0.00011688516417159975,-0.0005043536691111285,28048,10604,1857.17
2026-07-25 03:40:54,okx,ETH,ETH-USD-261225-1700-C,2026-12-25,1700,call,0.1870329468193327,0.1855,0.1885,0.5535728991100567,0.4869672130461315,0.030945029505082565,0.002334521741738681,-0.0004218331867670724,5062,0,1857.17
2026-07-25 03:40:54,okx,ETH,ETH-USD-260731-2000-P,2026-07-31,2000,put,0.0797807483107341,0.0775,0.082,0.4710118945929503,-0.9581184071800987,5.206725618043043,0.00026241356172010405,-0.000996724552818229,9474,1000,1857.17
2026-07-25 03:40:54,okx,ETH,ETH-USD-261225-1700-P,2026-12-25,1700,put,0.0942029223421761,0.093,0.0945,0.5535728991100567,-0.420197921576871,1.8452752987510874,0.002334521741738681,-0.0004218331867670724,4368,560,1857.17
2026-07-25 03:40:54,okx,ETH,ETH-USD-260731-2000-C,2026-07-31,2000,call,0.0035755173027495,0.0034,0.0035,0.4710118945929503,0.1178270943395198,3.0548346150038057,0.00026241356172010405,-0.0009998560366604617,45686,12517,1857.17
2026-07-25 03:40:54,okx,ETH,ETH-USD-260731-2300-P,2026-07-31,2300,put,0.237889922777773,0.235,0.2405,0.6897769026600896,-1.2277464655589483,2.7493903562973196,0.00003432404107337593,-0.00018177752781713873,3135,0,1857.17
2026-07-25 03:40:54,okx,ETH,ETH-USD-260807-1500-P,2026-08-07,1500,put,0.0016921835869072,0.0018,0.0019,0.6385822291073211,-0.03556337303736625,0.6909774257342205,0.00014293075682300256,-0.000346256451787602,5237,628,1857.17
2026-07-25 03:40:54,okx,ETH,ETH-USD-260731-2300-C,2026-07-31,2300,call,0.0002919974584656,0.0003,0.0005,0.6897769026600896,0.009590861188613074,0.2747157028021971,0.00003432404107337593,-0.00019154155235583838,10411,2100,1857.17
2026-07-25 03:40:54,okx,ETH,ETH-USD-260807-1500-C,2026-08-07,1500,call,0.1945797841760413,0.122,0.269,0.6385822291073211,0.7715403407279665,-0.923230001796445,0.00014293075682300256,-0.000346256451787602,0,0,1857.17
2026-07-25 03:40:54,okx,ETH,ETH-USD-260731-2200-P,2026-07-31,2200,put,0.1843229417768369,0.1815,0.187,0.6106113996332209,-1.1655027006154384,2.902877527070252,0.00005912318484742029,-0.00028450807500015826,4502,0,1857.17
2026-07-25 03:40:54,okx,ETH,ETH-USD-260807-1550-P,2026-08-07,1550,put,0.00244546105154,0.0026,0.0027,0.5990796511109957,-0.051775900497166044,0.9998317823880206,0.00019388760574424977,-0.00044064613825990916,1163,70,1857.17
2026-07-25 03:40:54,okx,ETH,ETH-USD-260731-2200-C,2026-07-31,2200,call,0.0005225812279704,0.0005,0.0006,0.6106113996332209,0.01803735105614206,0.5357974237270907,0.00005912318484742029,-0.0002920612526400356,28416,429,1857.17
2026-07-25 03:40:54,okx,ETH,ETH-USD-260807-1550-C,2026-08-07,1550,call,0.1684293149936453,0.093,0.246,0.5990796511109957,0.7822312703936778,-0.6681825593936669,0.00019388760574424977,-0.00044064613825990916,0,0,1857.17
2026-07-25 03:40:54,okx,ETH,ETH-USD-260731-2500-P,2026-07-31,2500,put,0.3453020164069418,0.343,0.348,0.8264009102265975,-1.3416209169125803,2.7789672749252334,0.000013394057130017899,-0.00007536402953202723,296,0,1857.17
2026-07-25 03:40:54,okx,ETH,ETH-USD-260731-2500-C,2026-07-31,2500,call,0.0001089615467526,,0.0033,0.8264009102265975,0.0033109599869426843,0.08910352112618715,0.000013394057130017899,-0.00008954974786837139,7277,0,1857.17
2026-07-25 03:40:54,okx,ETH,ETH-USD-260731-2400-P,2026-07-31,2400,put,0.2915731962529375,0.2895,0.294,0.762930010119614,-1.2855591644161182,2.7361225781638012,0.000021314434314527206,-0.00011958321600549062,3948,1288,1857.17
2026-07-25 03:40:54,okx,ETH,ETH-USD-260731-2400-C,2026-07-31,2400,call,0.0001777061631894,,0.0004,0.762930010119614,0.00557543740742416,0.15385337451671666,0.000021314434314527206,-0.0001315580874430125,12018,0,1857.17
2026-07-25 03:40:54,okx,ETH,ETH-USD-260731-2700-P,2026-07-31,2700,put,0.4528250861150314,0.45,0.4555,0.9224145437681781,-1.4514282041113131,2.9343662746692663,0.000004921150967827247,-0.000018117270054034517,1580,0,1857.17
2026-07-25 03:40:54,okx,ETH,ETH-USD-260807-1700-P,2026-08-07,1700,put,0.0088591014089462,0.0085,0.009,0.507639815431996,-0.17430722378444574,2.926465414770559,0.00047253639806987173,-0.0009100102761887739,5264,1168,1857.17
2026-07-25 03:40:54,okx,ETH,ETH-USD-260726-1860-P,2026-07-26,1860,put,0.0048902657923708,0.0047,0.005,0.1898274917577664,-0.5441870432950281,37.87138017246745,0.00022572878892035517,-0.001815693643588266,4109,4438,1857.17
2026-07-25 03:40:54,okx,ETH,ETH-USD-260731-2700-C,2026-07-31,2700,call,0.0000369017139605,,0.0003,0.9224145437681781,0.001098222940171665,0.02931342056629626,0.000004921150967827247,-0.000036724682188023176,4901,1,1857.17
2026-07-25 03:40:54,okx,ETH,ETH-USD-260807-1700-C,2026-08-07,1700,call,0.094131715409965,0.0855,0.176,0.507639815431996,0.7404103184829313,1.0970303302358053,0.00047253639806987173,-0.0009100102761887739,0,0,1857.17
2026-07-25 03:40:54,okx,ETH,ETH-USD-260731-2600-P,2026-07-31,2600,put,0.3990554644963709,0.396,0.4015,0.8793385780808722,-1.3967918447351864,2.849048131743145,0.00000825780761960255,-0.00004235025130676685,1752,0,1857.17
2026-07-25 03:40:54,okx,ETH,ETH-USD-260807-1750-P,2026-08-07,1750,put,0.0140012181103379,0.0135,0.014,0.48791701421209693,-0.25748372422932336,3.8942497698069425,0.0005953772312259472,-0.0011020303045671386,3298,265,1857.17
2026-07-25 03:40:54,okx,ETH,ETH-USD-260731-2600-C,2026-07-31,2600,call,0.0000648448657407,,0.0032,0.8793385780808722,0.0019373072403177977,0.05158982779213715,0.00000825780761960255,-0.000058746816541933274,4656,0,1857.17
2026-07-25 03:40:54,okx,ETH,ETH-USD-260807-1750-C,2026-08-07,1750,call,0.0723700854643277,0.065,0.103,0.48791701421209693,0.6841372751635647,2.0110077710211662,0.0005953772312259472,-0.0011020303045671386,1,0,1857.17
2026-07-25 03:40:54,okx,ETH,ETH-USD-260727-1870-C,2026-07-27,1870,call,0.0062036343992061,0.006,0.0065,0.2950850785326199,0.38452694101492135,16.06324056361182,0.00029665357501258433,-0.002007519720057739,238,30,1857.17
2026-07-25 03:40:54,okx,ETH,ETH-USD-260731-2900-P,2026-07-31,2900,put,0.5603936547355479,0.536,0.6935,0.9843949547935309,-1.5598068267547787,3.128902808039338,0.000001548244517338959,0.000010698707460230269,0,0,1857.17
2026-07-25 03:40:54,okx,ETH,ETH-USD-260807-1600-P,2026-08-07,1600,put,0.0036545989110774,0.0038,0.0039,0.563639859164675,-0.07692705232572732,1.4521857702314287,0.0002642464309326574,-0.0005650230698444894,2246,994,1857.17
2026-07-25 03:40:54,okx,ETH,ETH-USD-260731-2900-C,2026-07-31,2900,call,0.0000103407935953,,0.0003,0.9843949547935309,0.00031415044866810497,0.00866085363244439,0.000001548244517338959,-0.0000123303984714029,5457,0,1857.17
2026-07-25 03:40:54,okx,ETH,ETH-USD-260807-1600-C,2026-08-07,1600,call,0.1427347062061539,0.1345,0.223,0.563639859164675,0.7839835756906275,-0.269635485801281,0.0002642464309326574,-0.0005650230698444894,0,0,1857.17
2026-07-25 03:40:54,okx,ETH,ETH-USD-260726-1860-C,2026-07-26,1860,call,0.0037719825400315,0.0035,0.0038,0.1898274917577664,0.4569366283616741,35.86913282915404,0.00022572878892035517,-0.001815693643588266,4312,4524,1857.17
2026-07-25 03:40:54,okx,ETH,ETH-USD-260731-2800-P,2026-07-31,2800,put,0.5066057524527809,0.483,0.6135,0.9569457600185318,-1.50572453912667,3.0288404213266533,0.0000028178276659778722,-0.000000997409983911418,0,0,1857.17
2026-07-25 03:40:54,okx,ETH,ETH-USD-260807-1650-P,2026-08-07,1650,put,0.0056316285276694,0.0055,0.006,0.5329848176064815,-0.11581941371037041,2.0905053679184085,0.00035775427436985025,-0.0007233608864016582,7783,576,1857.17
2026-07-25 03:40:54,okx,ETH,ETH-USD-260727-1870-P,2026-07-27,1870,put,0.0128038171654247,0.012,0.0135,0.2950850785326199,-0.6219890756161259,18.076272596873917,0.00029665357501258433,-0.0020072482570176607,581,317,1857.17
2026-07-25 03:40:54,okx,ETH,ETH-USD-260731-2800-C,2026-07-31,2800,call,0.0000200032812692,,0.0003,0.9569457600185318,0.0005991630007960598,0.01619301707172115,0.0000028178276659778722,-0.00002181566901672233,10861,1,1857.17
2026-07-25 03:40:54,okx,ETH,ETH-USD-260807-1650-C,2026-08-07,1650,call,0.117807989175717,0.1015,0.2,0.5329848176064815,0.7719946714314955,0.3148771976346764,0.00035775427436985025,-0.0007233608864016582,0,0,1857.17
2026-07-25 03:40:54,okx,ETH,ETH-USD-260731-3200-P,2026-07-31,3200,put,0.7217771232922752,0.7185,0.725,1.0369252157425155,-1.7214765098526321,3.4441140895235627,0.0000002038448554760502,0.00002795155766918358,100,0,1857.17
2026-07-25 03:40:54,okx,ETH,ETH-USD-260807-1900-P,2026-08-07,1900,put,0.047734432064038,0.047,0.048,0.4626046255019339,-0.6298349474866712,5.701467936692698,0.000741977203512025,-0.0013021346197622664,5491,360,1857.17
2026-07-25 03:40:54,okx,ETH,ETH-USD-260731-3200-C,2026-07-31,3200,call,0.000001115039,,,1.0369252157425155,0.00003629257875764904,0.0010884846607831142,0.0000002038448554760502,-0.0000017100889589163498,11653,0,1857.17
2026-07-25 03:40:54,okx,ETH,ETH-USD-260807-1900-C,2026-08-07,1900,call,0.0253920594769413,0.025,0.0255,0.4626046255019339,0.39249642328275025,3.656805195153855,0.000741977203512025,-0.0013021346197622664,11286,4490,1857.17
2026-07-25 03:40:54,okx,ETH,ETH-USD-260731-3000-P,2026-07-31,3000,put,0.6141859938914292,0.611,0.617,1.0061273108946103,-1.6137597723845454,3.2323166639322745,0.0000008171982511234463,0.00001858799034386117,720,0,1857.17
2026-07-25 03:40:54,okx,ETH,ETH-USD-260807-1950-P,2026-08-07,1950,put,0.0659409212328083,0.0625,0.0685,0.4649919781012989,-0.7573048084920092,5.4995568386300215,0.0006690981320965132,-0.0011802951718859606,7336,1050,1857.17
2026-07-25 03:40:54,okx,ETH,ETH-USD-260731-3000-C,2026-07-31,3000,call,0.0000051151790359,,0.0002,1.0061273108946103,0.00015847989488248783,0.004480159373418626,0.0000008171982511234463,-0.000006651962486594258,24765,0,1857.17
2026-07-25 03:40:54,okx,ETH,ETH-USD-260807-1950-C,2026-08-07,1950,call,0.0166948019986827,0.0165,0.017,0.4649919781012989,0.2919300194029233,3.4010871828401554,0.0006690981320965132,-0.0011802951718859606,15651,1890,1857.17
2026-07-25 03:40:54,okx,ETH,ETH-USD-260731-3600-P,2026-07-31,3600,put,0.9369663046539857,0.9335,0.941,1.0687180770979892,-1.9367005437264726,3.873450116135128,0.000000008871710459308996,0.000038428325460075325,100,0,1857.17
2026-07-25 03:40:54,okx,ETH,ETH-USD-260807-1800-P,2026-08-07,1800,put,0.0218198485372871,0.0215,0.022,0.4739157347595325,-0.3663362928026292,4.821766062562111,0.0006997613476681941,-0.0012580747054711952,4446,619,1857.17
2026-07-25 03:40:54,okx,ETH,ETH-USD-260731-3600-C,2026-07-31,3600,call,0.0000000373189473,,,1.0687180770979892,0.0000013590088406115278,0.00004631066450116886,0.000000008871710459308996,-0.00000007670876331361516,1619,0,1857.17
2026-07-25 03:40:54,okx,ETH,ETH-USD-260807-1800-C,2026-08-07,1800,call,0.0532849692442479,0.052,0.0545,0.4739157347595325,0.60218816371577,2.884717149525313,0.0006997613476681941,-0.0012580747054711952,430,0,1857.17
2026-07-25 03:40:54,okx,ETH,ETH-USD-260731-3400-P,2026-07-31,3400,put,0.8293713519689987,0.0001,,1.056325792408784,-1.8290999834067783,3.658450308886944,0.000000044773981231022305,0.000033700694797007775,0,0,1857.17
2026-07-25 03:40:54,okx,ETH,ETH-USD-260807-1850-P,2026-08-07,1850,put,0.03296609673311,0.0325,0.033,0.4655376469987839,-0.4947079111156101,5.478334518057954,0.0007546026563376336,-0.0013326880065352151,3088,1041,1857.17
2026-07-25 03:40:54,okx,ETH,ETH-USD-260731-3400-C,2026-07-31,3400,call,0.0000002141748416,,0.0005,1.056325792408784,0.0000073691765734136665,0.0002356037202405716,0.000000044773981231022305,-0.0000003826456287366635,2381,0,1857.17
2026-07-25 03:40:54,okx,ETH,ETH-USD-260807-1850-C,2026-08-07,1850,call,0.0375274707930419,0.037,0.0375,0.4655376469987839,0.5007200025283002,3.4874786907701343,0.0007546026563376336,-0.0013326880065352151,4343,1850,1857.17
2026-07-25 03:40:54,okx,ETH,ETH-USD-260731-4500-P,2026-07-31,4500,put,1.4211443502763257,0.0001,,1.089074646937767,-2.4208773780848554,4.841754771415252,0.000000000002811217582901934,0.000058402631542562354,0,0,1857.17
2026-07-25 03:40:54,okx,ETH,ETH-USD-260807-2100-P,2026-08-07,2100,put,0.1346818686864884,0.124,0.2225,0.4997287327214337,-1.0270049646200017,4.003839758805297,0.0003518461586216008,-0.0006670255766719959,0,0,1857.17
2026-07-25 03:40:54,okx,ETH,ETH-USD-260731-4500-C,2026-07-31,4500,call,0.0000000000073192,,,1.089074646937767,0.00000000033428589678309995,0.000000014576968795241866,0.000000000002811217582901934,-0.000000000024770226851670025,1228,0,1857.17
2026-07-25 03:40:54,okx,ETH,ETH-USD-260807-2100-C,2026-08-07,2100,call,0.0047245095112761,0.0048,0.0049,0.4997287327214337,0.10294023465146407,1.7439493602623657,0.0003518461586216008,-0.0006670255766719959,13093,611,1857.17
2026-07-25 03:40:54,okx,ETH,ETH-USD-260731-4000-P,2026-07-31,4000,put,1.1521565273423433,0.0001,,1.0820980090223045,-2.1518909654854768,4.303783447451404,0.0000000002778416809531554,0.0000473459893886624,22,0,1857.17
2026-07-25 03:40:54,okx,ETH,ETH-USD-260807-2150-P,2026-08-07,2150,put,0.1601317963030448,0.144,0.2495,0.5190430896190295,-1.0834596810207062,3.626251117390637,0.0002735137911679876,-0.0005385648373944034,0,0,1857.17
2026-07-25 03:40:54,okx,ETH,ETH-USD-260731-4000-C,2026-07-31,4000,call,0.0000000009255415,,0.0002,1.0820980090223045,0.00000003755376030260928,0.0000014413729295191834,0.0000000002778416809531554,-0.000000002432430015558082,4027,0,1857.17
2026-07-25 03:40:54,okx,ETH,ETH-USD-260807-2150-C,2026-08-07,2150,call,0.0032706904808037,0.0033,0.0034,0.5190430896190295,0.07338897537627068,1.312553804596683,0.0002735137911679876,-0.0005385648373944034,5090,1168,1857.17
2026-07-25 03:40:54,okx,ETH,ETH-USD-260807-2000-P,2026-08-07,2000,put,0.0869883263795596,0.0835,0.0895,0.4722714288458482,-0.867152862710604,5.032142270970604,0.0005623964649417076,-0.0010076033607848021,668,0,1857.17
2026-07-25 03:40:54,okx,ETH,ETH-USD-260807-2000-C,2026-08-07,2000,call,0.0108384604984052,0.0105,0.011,0.4722714288458482,0.20898542230983963,2.8798657009297166,0.0005623964649417076,-0.0010076033607848021,8324,805,1857.17
2026-07-25 03:40:54,okx,ETH,ETH-USD-260731-5000-P,2026-07-31,5000,put,1.690132174121263,0.0001,,1.0919295564691347,-2.6898637537964047,5.3797275077261855,0.000000000000024658319730161777,0.00006945689058906084,0,0,1857.17
2026-07-25 03:40:54,okx,ETH,ETH-USD-260807-2050-P,2026-08-07,2050,put,0.1101290265475375,0.097,0.194,0.48399647602494933,-0.9563349638322707,4.490095421745905,0.00045045364192387036,-0.0008270802580846161,1,0,1857.17
2026-07-25 03:40:54,okx,ETH,ETH-USD-260731-5000-C,2026-07-31,5000,call,0.0000000000000523,,,1.0919295564691347,0.0000000000026415706007315507,0.00000000012809199438718504,0.000000000000024658319730161777,-0.0000000000002178396657631073,30130,0,1857.17
2026-07-25 03:40:54,okx,ETH,ETH-USD-260807-2050-C,2026-08-07,2050,call,0.007075414019354,0.007,0.0075,0.48399647602494933,0.14670677831368392,2.2840119374539958,0.00045045364192387036,-0.0008270802580846161,7709,1266,1857.17
2026-07-25 03:40:54,okx,ETH,ETH-USD-261030-1100-P,2026-10-30,1100,put,0.0069067814336056,0.0065,0.008,0.6636848297025156,-0.0501424877071794,0.3682752687116917,0.0004735489539678178,-0.00016168257389555444,270,0,1857.17
2026-07-25 03:40:54,okx,ETH,ETH-USD-261030-1100-C,2026-10-30,1100,call,0.4172203557403512,0.415,0.421,0.6636848297025156,0.53923710831536,-0.8104839233333871,0.0004735489539678178,-0.00016042687295526116,0,0,1857.17
2026-07-25 03:40:54,okx,ETH,ETH-USD-261030-1200-P,2026-10-30,1200,put,0.0104430567368135,0.0105,0.011,0.6308935144621074,-0.07485277977413857,0.5364284572323262,0.0006495908171697947,-0.0002108255903895341,374,0,1857.17
2026-07-25 03:40:54,okx,ETH,ETH-USD-261030-1200-C,2026-10-30,1200,call,0.3671758062398392,0.365,0.371,0.6308935144621074,0.5681067795231771,-0.7494906613623052,0.0006495908171697947,-0.00020973385881466398,0,0,1857.17
2026-07-25 03:40:54,okx,ETH,ETH-USD-260807-2200-P,2026-08-07,2200,put,0.1861327730851509,0.1685,0.2765,0.5415317332928128,-1.129957379337256,3.3589367730674295,0.0002149077542345384,-0.0004415006520612737,0,0,1857.17
2026-07-25 03:40:54,okx,ETH,ETH-USD-260807-2200-C,2026-08-07,2200,call,0.002367920615881,0.0024,0.0025,0.5415317332928128,0.053794734185231834,0.9914325460224538,0.0002149077542345384,-0.0004415006520612737,4972,1058,1857.17
2026-07-25 03:40:54,okx,ETH,ETH-USD-260807-2250-P,2026-08-07,2250,put,0.2124684116236566,0.1495,0.3095,0.5668071417929134,-1.1698275178907684,3.1820781324472707,0.00017241988939026488,-0.0003707473268533347,2,0,1857.17
2026-07-25 03:40:54,okx,ETH,ETH-USD-260807-2250-C,2026-08-07,2250,call,0.0017998125073577,0.0018,0.0019,0.5668071417929134,0.04082805275723059,0.7607669911512729,0.00017241988939026488,-0.0003707473268533347,1395,115,1857.17
2026-07-25 03:40:54,okx,ETH,ETH-USD-261030-1450-P,2026-10-30,1450,put,0.0278265391072295,0.027,0.0275,0.5689724194721077,-0.1850801450640331,1.1894916398898279,0.0012411798432658398,-0.00036325980840421423,210,0,1857.17
2026-07-25 03:40:54,okx,ETH,ETH-USD-261030-1450-C,2026-10-30,1450,call,0.250607226600955,0.0001,,0.5689724194721077,0.5918293224202235,-0.36432729507868516,0.0012411798432658398,-0.00036257800024290185,0,0,1857.17
2026-07-25 03:40:54,okx,ETH,ETH-USD-261030-1500-P,2026-10-30,1500,put,0.0334512516435273,0.0325,0.033,0.5598888050872398,-0.21749446832027064,1.355879228401219,0.0013727568051078857,-0.0003953449240092157,500,0,1857.17
2026-07-25 03:40:54,okx,ETH,ETH-USD-261030-1500-C,2026-10-30,1500,call,0.2294415267353928,0.0001,,0.5598888050872398,0.5862049808013738,-0.25151966984206997,0.0013727568051078857,-0.00039474510053061487,0,0,1857.17
2026-07-25 03:40:54,okx,ETH,ETH-USD-261030-1300-P,2026-10-30,1300,put,0.0156111591553563,0.0155,0.016,0.6027211444604216,-0.10944287442744861,0.7573834331491793,0.0008641401707194562,-0.00026792695264259625,220,220,1857.17
2026-07-25 03:40:54,okx,ETH,ETH-USD-261030-1300-C,2026-10-30,1300,call,0.3187630838546619,0.0001,,0.6027211444604216,0.5870966481446434,-0.6356956119950047,0.0008641401707194562,-0.00026699919043314925,0,0,1857.17
2026-07-25 03:40:54,okx,ETH,ETH-USD-261030-1400-P,2026-10-30,1400,put,0.023040360348153,0.0225,0.023,0.5791172397589629,-0.15636659334856856,1.033061972836269,0.0011106601531693002,-0.00033086311911105596,213,0,1857.17
2026-07-25 03:40:54,okx,ETH,ETH-USD-261030-1400-C,2026-10-30,1400,call,0.2726114602437385,0.0001,,0.5791172397589629,0.5937528924982998,-0.4671769988574674,0.0011106601531693002,-0.00033009932626703204,0,0,1857.17
2026-07-25 03:40:54,okx,ETH,ETH-USD-261030-1650-P,2026-10-30,1650,put,0.0562203505761639,0.055,0.056,0.5385988610110003,-0.33666368451678585,1.8853390508565595,0.0017380255767482844,-0.0004814593762383565,110,0,1857.17
2026-07-25 03:40:54,okx,ETH,ETH-USD-261030-1650-C,2026-10-30,1650,call,0.1718393884624494,0.1695,0.1745,0.5385988610110003,0.547405709517023,0.11720026278894154,0.0017380255767482844,-0.00048110550680789037,900,0,1857.17
2026-07-25 03:40:54,okx,ETH,ETH-USD-261030-1700-P,2026-10-30,1700,put,0.0660125544158763,0.065,0.0655,0.5333393722214347,-0.3830246858609892,2.060181074226181,0.0018376637501982002,-0.000504067734989533,330,0,1857.17
2026-07-25 03:40:54,okx,ETH,ETH-USD-261030-1700-C,2026-10-30,1700,call,0.1548411799003017,0.1525,0.1575,0.5333393722214347,0.527834689810208,0.23846232288378666,0.0018376637501982002,-0.0005037958502417784,0,0,1857.17
2026-07-25 03:40:54,okx,ETH,ETH-USD-261030-1550-P,2026-10-30,1550,put,0.0400047650928305,0.039,0.0395,0.5518274831857694,-0.25363898249781114,1.5295369354228152,0.001501924782082128,-0.00042630460832645016,60,0,1857.17
2026-07-25 03:40:54,okx,ETH,ETH-USD-261030-1550-C,2026-10-30,1550,call,0.2092046277828359,0.2065,0.212,0.5518274831857694,0.5768504482612216,-0.13144192609525024,0.001501924782082128,-0.00042578676953056096,0,0,1857.17
2026-07-25 03:40:54,okx,ETH,ETH-USD-261030-1600-P,2026-10-30,1600,put,0.047570356593113,0.0465,0.047,0.5447459023708815,-0.29342960178050304,1.7072228528450437,0.0016249384244819507,-0.0004552870084942805,150,0,1857.17
2026-07-25 03:40:54,okx,ETH,ETH-USD-261030-1600-C,2026-10-30,1600,call,0.1899798068812586,0.1875,0.1925,0.5447459023708815,0.5638498106159179,-0.0073359719477983235,0.0016249384244819507,-0.00045485115438110283,0,0,1857.17
2026-07-25 03:40:54,okx,ETH,ETH-USD-261030-1850-P,2026-10-30,1850,put,0.1025511450650794,0.102,0.1025,0.5224045429914173,-0.5363521697107057,2.5319305349758943,0.002029614183683551,-0.0005452099163255997,990,270,1857.17
2026-07-25 03:40:54,okx,ETH,ETH-USD-261030-1850-C,2026-10-30,1850,call,0.1110085333439247,0.111,0.1125,0.5224045429914173,0.45487715087265596,0.5494718938091709,0.002029614183683551,-0.0005451839856259798,0,0,1857.17
2026-07-25 03:40:54,okx,ETH,ETH-USD-261030-1900-P,2026-10-30,1900,put,0.1171242353340424,0.1155,0.1175,0.5202136729331198,-0.5904349483830272,2.6633702244488378,0.0020533382036750157,-0.0005492273407205853,341,0,1857.17
2026-07-25 03:40:54,okx,ETH,ETH-USD-261030-1900-C,2026-10-30,1900,call,0.0987912112110278,0.099,0.0995,0.5202136729331198,0.4275843538377224,0.6273316200073378,0.0020533382036750157,-0.000549283394703677,435,95,1857.17
2026-07-25 03:40:54,okx,ETH,ETH-USD-261030-1750-P,2026-10-30,1750,put,0.0769874497739351,0.076,0.077,0.5289194124678838,-0.4320965197737117,2.2282072774121726,0.0019208450698743667,-0.0005224915619195271,140,0,1857.17
2026-07-25 03:40:54,okx,ETH,ETH-USD-261030-1750-C,2026-10-30,1750,call,0.1390256628565006,0.137,0.1415,0.5289194124678838,0.5055528375348736,0.35290856279500177,0.0019208450698743667,-0.0005223016618544841,0,0,1857.17
2026-07-25 03:40:54,okx,ETH,ETH-USD-261030-1800-P,2026-10-30,1800,put,0.0891664169746067,0.0885,0.089,0.5252905615988019,-0.4833862033259201,2.3862921116094507,0.0019852945475783467,-0.000536286485563638,181,130,1857.17
2026-07-25 03:40:54,okx,ETH,ETH-USD-261030-1800-C,2026-10-30,1800,call,0.1244142176553121,0.1225,0.127,0.5252905615988019,0.4810531356200534,0.4574134337175034,0.0019852945475783467,-0.0005361785701813066,0,0,1857.17
2026-07-25 03:40:54,okx,ETH,ETH-USD-261030-2050-P,2026-10-30,2050,put,0.1674752985590502,0.1635,0.1735,0.5169601714468199,-0.7541792975896336,2.967893583141628,0.0020088870625953894,-0.0005338129118094072,0,0,1857.17
2026-07-25 03:40:54,okx,ETH,ETH-USD-261030-2050-C,2026-10-30,2050,call,0.0687710372304556,0.069,0.0695,0.5169601714468199,0.34420994954328066,0.7711150888757992,0.0020088870625953894,-0.0005341149198406335,360,0,1857.17
2026-07-25 03:40:54,okx,ETH,ETH-USD-261030-2100-P,2026-10-30,2100,put,0.1862456330365154,0.0001,,0.5167088347551736,-0.8078329691633677,3.041279762141706,0.0019612443795375026,-0.0005208298146783202,0,0,1857.17
2026-07-25 03:40:54,okx,ETH,ETH-USD-261030-2100-C,2026-10-30,2100,call,0.0607509593060607,0.0605,0.0615,0.5167088347551736,0.31734625960693474,0.7909213046011008,0.0019612443795375026,-0.0005212138073922582,2420,0,1857.17
2026-07-25 03:40:54,okx,ETH,ETH-USD-261030-1950-P,2026-10-30,1950,put,0.1328492452638878,0.1295,0.139,0.5186633653150173,-0.6450870232845194,2.7796843110302607,0.002056899159844287,-0.0005484916468674987,180,0,1857.17
2026-07-25 03:40:54,okx,ETH,ETH-USD-261030-1950-C,2026-10-30,1950,call,0.087725808739013,0.088,0.0885,0.5186633653150173,0.39972226057361865,0.6900657433139847,0.002056899159844287,-0.000548629685533302,50,6,1857.17
2026-07-25 03:40:54,okx,ETH,ETH-USD-261030-2000-P,2026-10-30,2000,put,0.1496547290116603,0.146,0.1555,0.5176016950007352,-0.6998102371752773,2.881007779377488,0.002041494598862498,-0.0005432142592503077,0,0,1857.17
2026-07-25 03:40:54,okx,ETH,ETH-USD-261030-2000-C,2026-10-30,2000,call,0.0777408800849257,0.078,0.0785,0.5176016950007352,0.3717890283202486,0.737809248386436,0.002041494598862498,-0.0005434342825988225,220,0,1857.17
2026-07-25 03:40:54,okx,ETH,ETH-USD-261030-2300-P,2026-10-30,2300,put,0.269401528713292,0.0001,,0.519081371168494,-1.010407590173894,3.2284969797181957,0.0016690597773517518,-0.00044493504179067463,0,0,1857.17
2026-07-25 03:40:54,okx,ETH,ETH-USD-261030-2300-C,2026-10-30,2300,call,0.0367452053753972,0.037,0.0375,0.519081371168494,0.22193156514596085,0.7638186690784856,0.0016690597773517518,-0.0004456469732354587,1550,300,1857.17
2026-07-25 03:40:54,okx,ETH,ETH-USD-261030-2400-P,2026-10-30,2400,put,0.314836049547307,0.0001,,0.5219789390615437,-1.102761638644582,3.280679811793441,0.0014941995660299277,-0.0004003232973825008,0,0,1857.17
2026-07-25 03:40:54,okx,ETH,ETH-USD-261030-2400-C,2026-10-30,2400,call,0.0285989014056922,0.0285,0.029,0.5219789390615437,0.18315747995004933,0.7088415746041785,0.0014941995660299277,-0.00040119919819270805,640,275,1857.17
2026-07-25 03:40:54,okx,ETH,ETH-USD-261030-2150-P,2026-10-30,2150,put,0.2058957016196102,0.0001,,0.5168199878940066,-0.86047725807602,3.1024619459715326,0.0019009752094800308,-0.0005048557497257936,0,0,1857.17
2026-07-25 03:40:54,okx,ETH,ETH-USD-261030-2150-C,2026-10-30,2150,call,0.0536106154872955,0.0535,0.054,0.5168199878940066,0.2914919523316704,0.7985235251561521,0.0019009752094800308,-0.0005053217271224431,460,0,1857.17
2026-07-25 03:40:54,okx,ETH,ETH-USD-261030-2200-P,2026-10-30,2200,put,0.2263531632959671,0.0001,,0.5172680003609579,-0.9118858747347627,3.1529652486129094,0.0018305759315398102,-0.00048649532780594616,0,0,1857.17
2026-07-25 03:40:54,okx,ETH,ETH-USD-261030-2200-C,2026-10-30,2200,call,0.0472776647617923,0.0475,0.048,0.5172680003609579,0.26687331731031605,0.795446864522752,0.0018305759315398102,-0.00048704328988530716,270,0,1857.17
2026-07-25 03:40:54,okx,ETH,ETH-USD-261030-2800-P,2026-10-30,2800,put,0.5116622977782544,0.0001,,0.5417584894755373,-1.416664391363168,3.4363939375756902,0.0008698690682156672,-0.00024090134608485523,0,0,1857.17
2026-07-25 03:40:54,okx,ETH,ETH-USD-261030-2800-C,2026-10-30,2800,call,0.0111018504217592,0.011,0.0115,0.5417584894755373,0.08357458033056846,0.4359159941882169,0.0008698690682156672,-0.00024243312435675492,470,0,1857.17
2026-07-25 03:40:54,okx,ETH,ETH-USD-261030-3000-P,2026-10-30,3000,put,0.6150183111800581,0.0001,,0.5551540338718893,-1.5497883124243317,3.541690765158442,0.000653479295243965,-0.0001847724851620088,0,0,1857.17
2026-07-25 03:40:54,okx,ETH,ETH-USD-261030-3000-C,2026-10-30,3000,call,0.007296214216123,0.007,0.0075,0.5551540338718893,0.057610585818957345,0.32689296867186385,0.000653479295243965,-0.00018663220216475472,220,0,1857.17
2026-07-25 03:40:54,okx,ETH,ETH-USD-261030-2500-P,2026-10-30,2500,put,0.3621608413275846,0.0001,,0.5258140993829583,-1.188995510367446,3.320540225169228,0.0013195327854479877,-0.00035587317505778265,0,0,1857.17
2026-07-25 03:40:54,okx,ETH,ETH-USD-261030-2500-C,2026-10-30,2500,call,0.0223428683822498,0.0225,0.023,0.5258140993829583,0.15050357150196145,0.641542061430413,0.0013195327854479877,-0.00035691304523341303,330,0,1857.17
2026-07-25 03:40:54,okx,ETH,ETH-USD-261030-2600-P,2026-10-30,2600,put,0.4109559699283853,0.0001,,0.5304600341312593,-1.269585395000188,3.356414600846602,0.0011542190448605287,-0.0003137595143042702,0,0,1857.17
2026-07-25 03:40:54,okx,ETH,ETH-USD-261030-2600-C,2026-10-30,2600,call,0.0175571721793304,0.0175,0.018,0.5304600341312593,0.12349365014399577,0.5702565105582343,0.0011542190448605287,-0.0003149633538453237,773,0,1857.17
2026-07-25 03:40:54,okx,ETH,ETH-USD-261030-3200-P,2026-10-30,3200,put,0.7198882003184582,0.0001,,0.5700970896374387,-1.6737529747413868,3.6743711072468725,0.0004961367302211302,-0.0001433239730525286,0,0,1857.17
2026-07-25 03:40:54,okx,ETH,ETH-USD-261030-3200-C,2026-10-30,3200,call,0.0050044537470831,0.0046,0.006,0.5700970896374387,0.04080585005145493,0.24525345766118864,0.0004961367302211302,-0.00014551162878612074,220,0,1857.17
2026-07-25 03:40:54,okx,ETH,ETH-USD-260731-1100-C,2026-07-31,1100,call,0.4079796126015995,0.407,0.4095,1.1518537714033639,0.5915872715539836,-1.1786879446082867,0.0000008750009797482232,0.000008612071866862911,0,0,1857.17
2026-07-25 03:40:54,okx,ETH,ETH-USD-260731-1100-P,2026-07-31,1100,put,0.0000067606756163,,,1.1518537714033639,-0.0001827542818066141,0.0048521070632935575,0.0000008750009797482232,-0.000008154066380304487,14416,0,1857.17
2026-07-25 03:40:54,okx,ETH,ETH-USD-260731-1650-C,2026-07-31,1650,call,0.1136507112201106,0.1115,0.1165,0.5665700463063269,0.8366225552989305,-0.2862321462403705,0.0001330540549539752,-0.0006052379993102485,14514,1,1857.17
2026-07-25 03:40:54,okx,ETH,ETH-USD-260731-1650-P,2026-07-31,1650,put,0.0015644655315524,0.0016,0.0017,0.5665700463063269,-0.05103248345475493,1.4890779312670002,0.0001330540549539752,-0.0006098444796138935,20792,1808,1857.17
2026-07-25 03:40:54,okx,ETH,ETH-USD-261225-1500-C,2026-12-25,1500,call,0.2550269046005706,0.253,0.257,0.5726769316832986,0.5288877404126163,-0.26788626986481134,0.001898388115417587,-0.00035486461499507975,666,0,1857.17
2026-07-25 03:40:54,okx,ETH,ETH-USD-261225-1500-P,2026-12-25,1500,put,0.0554710006501384,0.0545,0.0555,0.5726769316832986,-0.2715520842547387,1.3329933794698987,0.001898388115417587,-0.00035486461499507975,20358,949,1857.17
2026-07-25 03:40:54,okx,ETH,ETH-USD-260828-1000-C,2026-08-28,1000,call,0.4626405804650956,0.4615,0.4645,0.8263005494988593,0.5320721322480036,-1.0077091362629602,0.00004366831732798912,-0.000047940873285571446,5,0,1857.17
2026-07-25 03:40:54,okx,ETH,ETH-USD-260828-1000-P,2026-08-28,1000,put,0.0004246442082868,,0.0036,0.8263005494988593,-0.00535129380848007,0.06713771585000726,0.00004366831732798912,-0.00005277960784183321,3866,71,1857.17
2026-07-25 03:40:54,okx,ETH,ETH-USD-260828-1550-C,2026-08-28,1550,call,0.1771321646790314,0.1745,0.18,0.5440884137038783,0.7032491572756419,-0.21041716586362552,0.0006094092236104743,-0.0004831847373886888,571,0,1857.17
2026-07-25 03:40:54,okx,ETH,ETH-USD-260828-1550-P,2026-08-28,1550,put,0.0105007021485059,0.0105,0.011,0.5440884137038783,-0.1297571531119079,1.455595454911474,0.0006094092236104743,-0.0004849291645758141,12146,0,1857.17
2026-07-25 03:40:54,okx,ETH,ETH-USD-261225-2100-P,2026-12-25,2100,put,0.2155769483856595,0.2145,0.217,0.5415519691824263,-0.7748686786815083,2.6742971390884156,0.0025558291669986726,-0.00045179348270156614,824,0,1857.17
2026-07-25 03:40:54,okx,ETH,ETH-USD-261225-2100-C,2026-12-25,2100,call,0.0949552139162647,0.0945,0.096,0.5415519691824263,0.3457470758527888,0.43306563001982157,0.0025558291669986726,-0.00045179348270156614,1353,130,1857.17
2026-07-25 03:40:54,okx,ETH,ETH-USD-260731-1950-C,2026-07-31,1950,call,0.006948231269622,0.0065,0.007,0.45050082641267186,0.20722063009855082,4.558352400209167,0.0003793062641539297,-0.0013822259314966495,34016,7047,1857.17
2026-07-25 03:40:54,okx,ETH,ETH-USD-260731-1950-P,2026-07-31,1950,put,0.0562546798923864,0.054,0.059,0.45050082641267186,-0.8418262338830772,6.656446128172424,0.0003793062641539297,-0.0013801998711038279,20132,720,1857.17
2026-07-25 03:40:54,okx,ETH,ETH-USD-260725-1840-C,2026-07-25,1840,call,0.0095916503193623,0.007,0.011,0.25346247501991936,0.9454339151441745,14.94413537786658,0.00002104023863859317,-0.0002666455480173782,0,0,1857.17
2026-07-25 03:40:54,okx,ETH,ETH-USD-260725-1840-P,2026-07-25,1840,put,0.0001040143569113,,0.0002,0.25346247501991936,-0.04508378106742294,16.92517077028977,0.00002104023863859317,-0.0002666455480173782,5406,7720,1857.17
2026-07-25 03:40:54,okx,ETH,ETH-USD-260727-1700-P,2026-07-27,1700,put,0.0001050715689026,,0.0003,0.483585727574231,-0.00846515329837525,0.6265680507917128,0.000017607769314712414,-0.00019529284275939549,4408,4507,1857.17
2026-07-25 03:40:54,okx,ETH,ETH-USD-260727-1700-C,2026-07-27,1700,call,0.0850058526657881,0.0075,0.161,0.483585727574231,0.9065494072753041,-1.2034610703556459,0.000017607769314712414,-0.0001918039720265002,0,0,1857.17
2026-07-25 03:40:54,okx,ETH,ETH-USD-260727-1750-P,2026-07-27,1750,put,0.0003153533466054,0.0004,0.0005,0.40231216983031526,-0.026691382548306466,2.0193489224604617,0.00004723873130014043,-0.0004358796529419472,7188,8391,1857.17
2026-07-25 03:40:54,okx,ETH,ETH-USD-260727-1750-C,2026-07-27,1750,call,0.0583040862484603,0.0055,0.136,0.40231216983031526,0.9152353709834222,0.13549541539700438,0.00004723873130014043,-0.00043349676273051466,0,0,1857.17
2026-07-25 03:40:54,okx,ETH,ETH-USD-260727-1850-P,2026-07-27,1850,put,0.007227196243674,0.007,0.0075,0.29773599545021373,-0.43080434421645203,17.879285165162486,0.00030261511994333,-0.0020662251335735,2641,2411,1857.17
2026-07-25 03:40:54,okx,ETH,ETH-USD-260727-1850-C,2026-07-27,1850,call,0.0113918327554677,0.011,0.012,0.29773599545021373,0.5649467952313754,15.887782886266832,0.00030261511994333,-0.002066054204404993,604,604,1857.17
2026-07-25 03:40:54,okx,ETH,ETH-USD-260727-1875-P,2026-07-27,1875,put,0.0145502176004779,0.014,0.016,0.29593501708624337,-0.6674174949872956,17.47914111413119,0.0002853479510918428,-0.001936221762419994,3684,2752,1857.17
2026-07-25 03:40:54,okx,ETH,ETH-USD-260727-1875-C,2026-07-27,1875,call,0.0052588300147563,0.005,0.0055,0.29593501708624337,0.34178974093955655,15.460726642277484,0.0002853479510918428,-0.0019366038235122183,853,375,1857.17
2026-07-25 03:40:54,okx,ETH,ETH-USD-260727-1800-P,2026-07-27,1800,put,0.0013609219155829,0.0015,0.0016,0.33414241647848714,-0.1097022492375324,7.421765774061077,0.00014373599138245644,-0.001101522053952025,1814,1608,1857.17
2026-07-25 03:40:54,okx,ETH,ETH-USD-260925-2300-C,2026-09-25,2300,call,0.0198886440224294,0.0195,0.02,0.514512850035739,0.1679752159744878,0.933030539146846,0.0011122669355135098,-0.0004601767757426992,8402,3,1857.17
2026-07-25 03:40:54,okx,ETH,ETH-USD-260727-1800-C,2026-07-27,1800,call,0.0324376066224071,0.0305,0.1065,0.33414241647848714,0.8591366972522456,5.48408788108152,0.00014373599138245644,-0.0011002451442620551,0,0,1857.17
2026-07-25 03:40:54,okx,ETH,ETH-USD-260925-2300-P,2026-09-25,2300,put,0.254383562273302,0.2475,0.259,0.514512850035739,-1.0665130763219348,3.402007123739691,0.0011122669355135098,-0.0004601767757426992,218,0,1857.17
2026-07-25 03:40:54,okx,ETH,ETH-USD-260727-1825-P,2026-07-27,1825,put,0.0031823379301917,0.0033,0.0034,0.31109944080216667,-0.2294006029981752,12.970739960508661,0.00023247853379624827,-0.0016586927710341471,2473,1638,1857.17
2026-07-25 03:40:54,okx,ETH,ETH-USD-260727-1825-C,2026-07-27,1825,call,0.0208029985395007,0.006,0.0885,0.31109944080216667,0.7528944399706278,11.006149874571054,0.00023247853379624827,-0.001657968851604909,0,0,1857.17
2026-07-25 03:40:54,okx,ETH,ETH-USD-260727-1920-P,2026-07-27,1920,put,0.0347151587654985,0.0315,0.0375,0.33031814459810427,-0.9341599143481559,8.7665869427851,0.00013609164233342668,-0.0010296285373822304,1801,1901,1857.17
2026-07-25 03:40:54,okx,ETH,ETH-USD-260727-1920-C,2026-07-27,1920,call,0.0012029278042494,0.001,0.0011,0.33031814459810427,0.09926829524094066,6.699730523606908,0.00013609164233342668,-0.0010310059809437713,801,457,1857.17
2026-07-25 03:40:54,okx,ETH,ETH-USD-260727-1930-P,2026-07-27,1930,put,0.0398121335591396,0.0055,0.1255,0.34393494707480593,-0.9623088843168002,7.380369013963426,0.0001120701322944919,-0.0008824288896703309,0,0,1857.17
2026-07-25 03:40:54,okx,ETH,ETH-USD-260727-1930-C,2026-07-27,1930,call,0.0009174929588844,0.0007,0.0008,0.34393494707480593,0.07650176386390636,5.302747717602013,0.0001120701322944919,-0.0008840275293361643,2125,2078,1857.17
2026-07-25 03:40:54,okx,ETH,ETH-USD-260727-1900-P,2026-07-27,1900,put,0.0249977649310449,0.0225,0.027,0.30932601747937655,-0.8485501678302242,12.533017748103346,0.00020018943510615985,-0.0014192582189713455,1236,561,1857.17
2026-07-25 03:40:54,okx,ETH,ETH-USD-260727-1900-C,2026-07-27,1900,call,0.0022503532478079,0.0021,0.0022,0.30932601747937655,0.17411316457565273,10.48769108329159,0.00020018943510615985,-0.0014201932703243013,3100,2815,1857.17
2026-07-25 03:40:54,okx,ETH,ETH-USD-260727-1910-P,2026-07-27,1910,put,0.0297559974183003,0.0001,0.0715,0.31874147105523576,-0.8970845245849688,10.499442354840152,0.00016572193699631495,-0.0012103139664745289,0,0,1857.17
2026-07-25 03:40:54,okx,ETH,ETH-USD-260727-1910-C,2026-07-27,1910,call,0.0016261760960573,0.0014,0.0015,0.31874147105523576,0.13096124641251794,8.443350812845178,0.00016572193699631495,-0.0012114702139317773,1762,1559,1857.17
2026-07-25 03:40:54,okx,ETH,ETH-USD-260727-2000-P,2026-07-27,2000,put,0.0769293408891709,0.0615,0.169,0.48478931491301935,-1.051312998613789,3.6903650681293567,0.000045971766133643835,-0.0005080047370865666,0,0,1857.17
2026-07-25 03:40:54,okx,ETH,ETH-USD-260727-2000-C,2026-07-27,2000,call,0.0003578328158728,0.0001,0.0003,0.48478931491301935,0.025174719708186723,1.5373896314854048,0.000045971766133643835,-0.0005111517494824478,6535,5797,1857.17
2026-07-25 03:40:54,okx,ETH,ETH-USD-260727-2025-P,2026-07-27,2025,put,0.0903699491098903,0.075,0.1835,0.5483873045797731,-1.0682378162851123,3.377190546301483,0.00004063669808429685,-0.0005074071575194459,0,0,1857.17
2026-07-25 03:40:54,okx,ETH,ETH-USD-260727-2025-C,2026-07-27,2025,call,0.0003424169390769,0.0001,0.0003,0.5483873045797731,0.02170599851588815,1.1973029166994817,0.00004063669808429685,-0.0005111071601760586,2867,2706,1857.17
2026-07-25 03:40:54,okx,ETH,ETH-USD-260727-1950-P,2026-07-27,1950,put,0.0502534740598346,0.0055,0.1395,0.37676172054440993,-1.0007322728943604,5.511668514880473,0.00007898745884052606,-0.0006804980134525833,0,0,1857.17
2026-07-25 03:40:54,okx,ETH,ETH-USD-260727-1950-C,2026-07-27,1950,call,0.000594014181567,0.0003,0.0005,0.37676172054440993,0.04884325246956599,3.41251746415262,0.00007898745884052606,-0.0006825390453270019,4102,4466,1857.17
2026-07-25 03:40:54,okx,ETH,ETH-USD-260727-1975-P,2026-07-27,1975,put,0.0635368405330638,0.0485,0.14,0.426826161363396,-1.0305184159366407,4.28920245857784,0.00005680120099986086,-0.0005534550795367788,0,0,1857.17
2026-07-25 03:40:54,okx,ETH,ETH-USD-260727-1975-C,2026-07-27,1975,call,0.0004213565572809,0.0001,0.0004,0.426826161363396,0.03251320590631036,2.1631392148919377,0.00005680120099986086,-0.0005560491016719287,1596,579,1857.17
2026-07-25 03:40:54,okx,ETH,ETH-USD-260727-2150-P,2026-07-27,2150,put,0.1577397837400166,0.088,0.2475,0.8856284125694565,-1.1398197385868103,2.921408547527069,0.00003394605741043731,-0.0006830565496646375,0,0,1857.17
2026-07-25 03:40:54,okx,ETH,ETH-USD-260727-2150-C,2026-07-27,2150,call,0.0004321310816268,,0.0002,0.8856284125694565,0.01740455860931365,0.6069599531348208,0.00003394605741043731,-0.0006895215036249072,0,0,1857.17
2026-07-25 03:40:54,okx,ETH,ETH-USD-260727-2050-P,2026-07-27,2050,put,0.1038339943762943,0.086,0.197,0.6155002055269629,-1.0834070617089098,3.1994856756853802,0.000037962030455348746,-0.0005316474082374347,0,0,1857.17
2026-07-25 03:40:54,okx,ETH,ETH-USD-260727-2050-C,2026-07-27,2050,call,0.0003504381079658,0.0001,0.0002,0.6155002055269629,0.01999284957111535,0.9926858531253299,0.000037962030455348746,-0.0005359004011547788,236,17,1857.17
2026-07-25 03:40:54,okx,ETH,ETH-USD-260727-2100-P,2026-07-27,2100,put,0.1307885094428171,0.1125,0.21,0.7529960462825709,-1.1118240814350548,3.0159420864963082,0.000035631822697942084,-0.0006100126371074457,0,0,1857.17
2026-07-25 03:40:54,okx,ETH,ETH-USD-260727-2100-C,2026-07-27,2100,call,0.0003929049794579,,0.0002,0.7529960462825709,0.018488022803019734,0.7553178780201589,0.000035631822697942084,-0.0006153716105462526,139,140,1857.17
