snapshot_utc,exchange,underlying,instrument,expiry,strike,type,mark_price,bid,ask,mark_iv,delta,gamma,vega,theta,open_interest,volume_24h,underlying_price
2026-09-02 04:39:45,deribit,BTC,BTC-26MAR27-104000-C,2027-03-26,104000,call,0.03755432,0.0365,0.0385,41.34,,,,,115.2,0.0,79508.23
2026-09-02 04:39:45,deribit,BTC,BTC-30OCT26-84000-C,2026-10-30,84000,call,0.02943276,0.029,0.03,36.44,,,,,1015.8,400.0,78021.74
2026-09-02 04:39:45,deribit,BTC,BTC-25DEC26-170000-C,2026-12-25,170000,call,0.00135278,0.0012,0.0015,57.9,,,,,2392.1,0.0,78615.5
2026-09-02 04:39:45,deribit,BTC,BTC-25SEP26-65000-C,2026-09-25,65000,call,0.1656882,0.1625,0.168,45.29,,,,,1284.7,0.7,77661.83
2026-09-02 04:39:45,deribit,BTC,BTC-26MAR27-130000-P,2027-03-26,130000,put,0.64890668,0.6435,0.6545,44.95,,,,,0.4,0.0,79508.23
2026-09-02 04:39:45,deribit,BTC,BTC-27NOV26-86000-P,2026-11-27,86000,put,0.13608777,0.1345,0.1375,38.15,,,,,1.4,0.1,78321.82
2026-09-02 04:39:45,deribit,BTC,BTC-3SEP26-81000-C,2026-09-03,81000,call,0.0001561,0.0001,0.0002,38.38,,,,,100.8,75.8,77499.19
2026-09-02 04:39:45,deribit,BTC,BTC-30OCT26-52000-C,2026-10-30,52000,call,0.33578357,0.3335,0.3375,55.29,,,,,0.1,0.0,78021.74
2026-09-02 04:39:45,deribit,BTC,BTC-25SEP26-300000-C,2026-09-25,300000,call,6.24e-06,,0.0001,136.29,,,,,196.3,0.0,77661.34
2026-09-02 04:39:45,deribit,BTC,BTC-11SEP26-68000-C,2026-09-11,68000,call,0.12418742,0.121,0.1265,45.74,,,,,1.1,0.0,77560.35
2026-09-02 04:39:45,deribit,BTC,BTC-26MAR27-40000-C,2027-03-26,40000,call,0.50233496,0.5015,0.504,54.52,,,,,81.3,0.0,79508.23
2026-09-02 04:39:45,deribit,BTC,BTC-25JUN27-64000-C,2027-06-25,64000,call,0.2645953,0.2625,0.266,43.52,,,,,35.7,0.0,80485.39
2026-09-02 04:39:45,deribit,BTC,BTC-25SEP26-72000-P,2026-09-25,72000,put,0.01084181,0.0105,0.011,37.43,,,,,1737.7,37.1,77661.83
2026-09-02 04:39:45,deribit,BTC,BTC-26MAR27-85000-P,2027-03-26,85000,put,0.16133035,0.16,0.1625,40.14,,,,,2.2,0.0,79508.23
2026-09-02 04:39:45,deribit,BTC,BTC-3SEP26-69000-C,2026-09-03,69000,call,0.10960626,0.1075,0.1115,70.24,,,,,0.0,0.0,77499.19
2026-09-02 04:39:45,deribit,BTC,BTC-25SEP26-62000-P,2026-09-25,62000,put,0.00166042,0.0016,0.0018,50.07,,,,,1233.3,1.5,77661.83
2026-09-02 04:39:45,deribit,BTC,BTC-11SEP26-65000-P,2026-09-11,65000,put,0.00048013,0.0004,0.0006,52.89,,,,,38.6,0.7,77560.35
2026-09-02 04:39:45,deribit,BTC,BTC-26MAR27-55000-C,2027-03-26,55000,call,0.32835208,0.3255,0.331,45.58,,,,,28.6,0.0,79508.23
2026-09-02 04:39:45,deribit,BTC,BTC-25JUN27-65000-P,2027-06-25,65000,put,0.06381483,0.0625,0.065,43.35,,,,,24.5,0.0,80485.39
2026-09-02 04:39:45,deribit,BTC,BTC-26MAR27-62000-C,2027-03-26,62000,call,0.25608285,0.2535,0.2585,43.12,,,,,60.7,0.0,79508.23
2026-09-02 04:39:45,deribit,BTC,BTC-25JUN27-150000-P,2027-06-25,150000,put,0.88151308,0.875,0.8915,46.9,,,,,0.1,0.0,80485.03
2026-09-02 04:39:45,deribit,BTC,BTC-25SEP26-120000-P,2026-09-25,120000,put,0.54535088,0.5415,0.551,63.0,,,,,174.5,0.0,77661.83
2026-09-02 04:39:45,deribit,BTC,BTC-2SEP26-77000-C,2026-09-02,77000,call,0.00663765,0.006,0.0075,29.19,,,,,13.8,13.9,77484.84
2026-09-02 04:39:45,deribit,BTC,BTC-25JUN27-125000-P,2027-06-25,125000,put,0.58596805,0.581,0.594,44.01,,,,,0.0,0.0,80485.39
2026-09-02 04:39:45,deribit,BTC,BTC-30OCT26-84000-P,2026-10-30,84000,put,0.10614961,0.1045,0.107,36.44,,,,,0.8,0.0,78021.65
2026-09-02 04:39:45,deribit,BTC,BTC-26MAR27-82000-C,2027-03-26,82000,call,0.10651749,0.1055,0.1075,40.18,,,,,1104.8,15.0,79508.23
2026-09-02 04:39:45,deribit,BTC,BTC-30OCT26-67000-C,2026-10-30,67000,call,0.15463836,0.153,0.1565,39.95,,,,,108.4,0.0,78021.74
2026-09-02 04:39:45,deribit,BTC,BTC-25SEP26-55000-C,2026-09-25,55000,call,0.29257694,0.29,0.294,63.99,,,,,143.7,0.0,77661.83
2026-09-02 04:39:45,deribit,BTC,BTC-3SEP26-78000-C,2026-09-03,78000,call,0.00415227,0.0039,0.0044,31.05,,,,,39.3,42.5,77499.19
2026-09-02 04:39:45,deribit,BTC,BTC-25JUN27-88000-C,2027-06-25,88000,call,0.11266701,0.111,0.114,41.46,,,,,21.3,0.0,80485.03
2026-09-02 04:39:45,deribit,BTC,BTC-25DEC26-74000-P,2026-12-25,74000,put,0.05830696,0.0575,0.059,39.08,,,,,154.7,10.1,78615.5
2026-09-02 04:39:45,deribit,BTC,BTC-25JUN27-45000-C,2027-06-25,45000,call,0.45603269,0.4545,0.457,49.85,,,,,0.5,0.0,80485.03
2026-09-02 04:39:45,deribit,BTC,BTC-4SEP26-77500-P,2026-09-04,77500,put,0.00981195,0.0095,0.01,32.27,,,,,28.6,26.2,77506.99
2026-09-02 04:39:45,deribit,BTC,BTC-25SEP26-74000-C,2026-09-25,74000,call,0.06387649,0.063,0.065,36.14,,,,,1515.6,23.0,77661.83
2026-09-02 04:39:45,deribit,BTC,BTC-27NOV26-88000-C,2026-11-27,88000,call,0.03179528,0.0315,0.0325,38.3,,,,,2.8,0.1,78322.3
2026-09-02 04:39:45,deribit,BTC,BTC-25JUN27-54000-C,2027-06-25,54000,call,0.35921222,0.357,0.3605,46.15,,,,,0.9,0.0,80485.03
2026-09-02 04:39:45,deribit,BTC,BTC-3SEP26-76000-P,2026-09-03,76000,put,0.00156865,0.0014,0.0018,34.54,,,,,349.1,164.0,77499.19
2026-09-02 04:39:45,deribit,BTC,BTC-25DEC26-84000-C,2026-12-25,84000,call,0.05875857,0.058,0.0595,38.59,,,,,1335.5,204.9,78615.99
2026-09-02 04:39:45,deribit,BTC,BTC-25SEP26-54000-P,2026-09-25,54000,put,0.00068183,0.0006,0.0007,65.74,,,,,735.5,1.1,77661.83
2026-09-02 04:39:45,deribit,BTC,BTC-27NOV26-73000-P,2026-11-27,73000,put,0.0433276,0.043,0.044,38.68,,,,,17.1,15.0,78322.3
2026-09-02 04:39:45,deribit,BTC,BTC-4SEP26-60000-C,2026-09-04,60000,call,0.22587303,0.2235,0.228,89.13,,,,,0.4,0.0,77506.5
2026-09-02 04:39:45,deribit,BTC,BTC-2SEP26-78000-P,2026-09-02,78000,put,0.00692555,0.0055,0.0085,27.19,,,,,28.9,20.4,77484.84
2026-09-02 04:39:45,deribit,BTC,BTC-25DEC26-104000-C,2026-12-25,104000,call,0.014499,0.014,0.015,41.31,,,,,89.7,0.0,78615.99
2026-09-02 04:39:45,deribit,BTC,BTC-25SEP26-155000-P,2026-09-25,155000,put,0.99587202,0.9915,1.004,81.33,,,,,0.1,0.0,77661.83
2026-09-02 04:39:45,deribit,BTC,BTC-4SEP26-78000-P,2026-09-04,78000,put,0.01342689,0.013,0.014,32.38,,,,,445.3,22.8,77506.99
2026-09-02 04:39:45,deribit,BTC,BTC-25SEP26-105000-C,2026-09-25,105000,call,0.00064761,0.0005,0.0008,53.12,,,,,1537.2,1.7,77661.83
2026-09-02 04:39:45,deribit,BTC,BTC-18SEP26-90000-C,2026-09-18,90000,call,0.00197505,0.0018,0.0021,42.62,,,,,192.1,74.4,77614.41
2026-09-02 04:39:45,deribit,BTC,BTC-27NOV26-70000-C,2026-11-27,70000,call,0.13745005,0.1365,0.139,39.46,,,,,2.1,0.0,78322.3
2026-09-02 04:39:45,deribit,BTC,BTC-30OCT26-90000-P,2026-10-30,90000,put,0.16826549,0.166,0.1705,37.58,,,,,5.6,0.0,78021.74
2026-09-02 04:39:45,deribit,BTC,BTC-25JUN27-105000-P,2027-06-25,105000,put,0.36601129,0.363,0.3725,42.16,,,,,0.1,0.0,80485.39
2026-09-02 04:39:45,deribit,BTC,BTC-25SEP26-82000-P,2026-09-25,82000,put,0.07138626,0.0695,0.073,35.78,,,,,228.4,0.1,77661.83
2026-09-02 04:39:45,deribit,BTC,BTC-26MAR27-112000-P,2027-03-26,112000,put,0.43534903,0.431,0.44,42.28,,,,,0.1,0.0,79508.23
2026-09-02 04:39:45,deribit,BTC,BTC-25DEC26-58000-C,2026-12-25,58000,call,0.27414874,0.2725,0.276,45.07,,,,,40.3,0.0,78615.99
2026-09-02 04:39:45,deribit,BTC,BTC-5SEP26-85000-P,2026-09-05,85000,put,0.09691661,0.0945,0.1005,49.55,,,,,0.0,0.0,77518.88
2026-09-02 04:39:45,deribit,BTC,BTC-3SEP26-85000-P,2026-09-03,85000,put,0.09689872,0.0945,0.1,56.67,,,,,0.0,0.0,77499.03
2026-09-02 04:39:45,deribit,BTC,BTC-30OCT26-79000-C,2026-10-30,79000,call,0.05166675,0.051,0.052,36.08,,,,,148.8,13.9,78021.65
2026-09-02 04:39:45,deribit,BTC,BTC-4SEP26-62000-P,2026-09-04,62000,put,8.64e-06,,0.0001,89.13,,,,,557.1,3.2,77506.99
2026-09-02 04:39:45,deribit,BTC,BTC-25SEP26-66000-P,2026-09-25,66000,put,0.00317612,0.0031,0.0034,43.89,,,,,1616.1,20.3,77661.83
2026-09-02 04:39:45,deribit,BTC,BTC-25JUN27-90000-C,2027-06-25,90000,call,0.10466065,0.103,0.106,41.47,,,,,580.1,0.6,80485.39
2026-09-02 04:39:45,deribit,BTC,BTC-25SEP26-79000-C,2026-09-25,79000,call,0.02737809,0.027,0.0275,34.88,,,,,1444.6,547.6,77661.83
2026-09-02 04:39:45,deribit,BTC,BTC-26MAR27-78000-C,2027-03-26,78000,call,0.12861381,0.1275,0.1295,40.3,,,,,570.3,0.0,79508.23
2026-09-02 04:39:45,deribit,BTC,BTC-25SEP26-85000-P,2026-09-25,85000,put,0.10311397,0.101,0.105,37.03,,,,,454.4,0.0,77661.83
2026-09-02 04:39:45,deribit,BTC,BTC-27NOV26-68000-P,2026-11-27,68000,put,0.02484268,0.0245,0.0255,40.15,,,,,12.9,0.0,78322.3
2026-09-02 04:39:45,deribit,BTC,BTC-25DEC26-95000-P,2026-12-25,95000,put,0.23457396,0.232,0.237,39.44,,,,,109.9,0.4,78615.99
2026-09-02 04:39:45,deribit,BTC,BTC-27NOV26-81000-P,2026-11-27,81000,put,0.0930507,0.0925,0.094,37.96,,,,,3.2,3.3,78322.3
2026-09-02 04:39:45,deribit,BTC,BTC-11SEP26-72000-C,2026-09-11,72000,call,0.07468288,0.0725,0.0765,37.95,,,,,147.9,0.0,77560.35
2026-09-02 04:39:45,deribit,BTC,BTC-25SEP26-125000-P,2026-09-25,125000,put,0.60969877,0.6055,0.6155,66.81,,,,,21.7,0.0,77661.83
2026-09-02 04:39:45,deribit,BTC,BTC-3SEP26-83000-C,2026-09-03,83000,call,7.013e-05,,0.0001,50.37,,,,,13.4,10.3,77499.19
2026-09-02 04:39:45,deribit,BTC,BTC-11SEP26-65000-C,2026-09-11,65000,call,0.16242165,0.1595,0.1645,52.89,,,,,0.0,0.0,77560.35
2026-09-02 04:39:45,deribit,BTC,BTC-25JUN27-55000-P,2027-06-25,55000,put,0.03240036,0.0315,0.0335,45.79,,,,,35.6,0.1,80485.03
2026-09-02 04:39:45,deribit,BTC,BTC-4SEP26-72000-C,2026-09-04,72000,call,0.07150573,0.07,0.073,51.6,,,,,552.5,0.5,77506.5
2026-09-02 04:39:45,deribit,BTC,BTC-4SEP26-64000-C,2026-09-04,64000,call,0.17430937,0.1735,0.1755,89.13,,,,,265.0,0.1,77506.99
2026-09-02 04:39:45,deribit,BTC,BTC-26MAR27-96000-C,2027-03-26,96000,call,0.05434343,0.0535,0.0555,40.62,,,,,140.0,0.1,79508.23
2026-09-02 04:39:45,deribit,BTC,BTC-30OCT26-60000-C,2026-10-30,60000,call,0.23635779,0.2325,0.2385,45.87,,,,,16.5,0.0,78021.74
2026-09-02 04:39:45,deribit,BTC,BTC-30OCT26-76000-P,2026-10-30,76000,put,0.04526797,0.0445,0.0455,36.47,,,,,99.7,53.3,78021.65
2026-09-02 04:39:45,deribit,BTC,BTC-30OCT26-45000-C,2026-10-30,45000,call,0.42438488,0.4215,0.4265,65.03,,,,,0.1,0.0,78021.74
2026-09-02 04:39:45,deribit,BTC,BTC-30OCT26-66000-C,2026-10-30,66000,call,0.16575666,0.164,0.1675,40.71,,,,,90.1,0.0,78021.74
2026-09-02 04:39:45,deribit,BTC,BTC-5SEP26-71000-P,2026-09-05,71000,put,0.00046966,0.0004,0.0006,49.52,,,,,0.6,0.6,77518.42
2026-09-02 04:39:45,deribit,BTC,BTC-25DEC26-70000-P,2026-12-25,70000,put,0.03997252,0.0395,0.0405,39.77,,,,,1492.5,400.5,78615.99
2026-09-02 04:39:45,deribit,BTC,BTC-30OCT26-58000-C,2026-10-30,58000,call,0.26086351,0.257,0.263,47.96,,,,,0.0,0.0,78021.74
2026-09-02 04:39:45,deribit,BTC,BTC-30OCT26-90000-C,2026-10-30,90000,call,0.0146403,0.014,0.015,37.58,,,,,1377.7,1.5,78021.74
2026-09-02 04:39:45,deribit,BTC,BTC-27NOV26-98000-C,2026-11-27,98000,call,0.01359414,0.013,0.014,40.21,,,,,26.7,1.0,78321.82
2026-09-02 04:39:45,deribit,BTC,BTC-5SEP26-73000-P,2026-09-05,73000,put,0.00094997,0.0009,0.0011,41.48,,,,,2.8,2.9,77518.88
2026-09-02 04:39:45,deribit,BTC,BTC-25DEC26-125000-C,2026-12-25,125000,call,0.00500734,0.0046,0.005,46.78,,,,,579.3,15.7,78615.99
2026-09-02 04:39:45,deribit,BTC,BTC-3SEP26-75500-C,2026-09-03,75500,call,0.02672863,0.0245,0.0285,37.08,,,,,0.0,0.0,77499.03
2026-09-02 04:39:45,deribit,BTC,BTC-25JUN27-40000-P,2027-06-25,40000,put,0.01020102,0.0095,0.011,52.67,,,,,1210.1,2.6,80485.03
2026-09-02 04:39:45,deribit,BTC,BTC-25SEP26-140000-C,2026-09-25,140000,call,4.68e-05,,0.0001,73.28,,,,,1208.8,0.0,77661.83
2026-09-02 04:39:45,deribit,BTC,BTC-30OCT26-94000-P,2026-10-30,94000,put,0.21447378,0.212,0.217,38.95,,,,,0.0,0.0,78021.74
2026-09-02 04:39:45,deribit,BTC,BTC-18SEP26-95000-P,2026-09-18,95000,put,0.22507266,0.2225,0.23,48.17,,,,,0.0,0.0,77614.41
2026-09-02 04:39:45,deribit,BTC,BTC-25DEC26-100000-C,2026-12-25,100000,call,0.01861227,0.018,0.019,40.37,,,,,6009.4,0.6,78615.99
2026-09-02 04:39:45,deribit,BTC,BTC-26MAR27-62000-P,2027-03-26,62000,put,0.03594833,0.035,0.0365,43.12,,,,,260.1,0.0,79508.23
2026-09-02 04:39:45,deribit,BTC,BTC-25SEP26-102000-P,2026-09-25,102000,put,0.31425491,0.3115,0.32,50.74,,,,,0.4,0.0,77661.83
2026-09-02 04:39:45,deribit,BTC,BTC-4SEP26-85000-P,2026-09-04,85000,put,0.09686162,0.0955,0.0985,53.51,,,,,60.0,0.0,77506.99
2026-09-02 04:39:45,deribit,BTC,BTC-27NOV26-80000-C,2026-11-27,80000,call,0.06408587,0.0635,0.0645,37.99,,,,,709.5,80.0,78322.3
2026-09-02 04:39:45,deribit,BTC,BTC-11SEP26-76000-C,2026-09-11,76000,call,0.03251733,0.0315,0.0335,33.51,,,,,104.5,2.0,77560.76
2026-09-02 04:39:45,deribit,BTC,BTC-25JUN27-94000-P,2027-06-25,94000,put,0.25847941,0.256,0.2615,41.58,,,,,0.1,0.0,80485.39
2026-09-02 04:39:45,deribit,BTC,BTC-27NOV26-92000-C,2026-11-27,92000,call,0.02248673,0.022,0.023,38.97,,,,,7.8,1.0,78322.3
2026-09-02 04:39:45,deribit,BTC,BTC-25DEC26-58000-P,2026-12-25,58000,put,0.01191683,0.0115,0.0125,45.07,,,,,1835.1,0.1,78615.99
2026-09-02 04:39:45,deribit,BTC,BTC-11SEP26-81000-P,2026-09-11,81000,put,0.05082732,0.049,0.053,33.88,,,,,30.3,0.0,77560.35
2026-09-02 04:39:45,deribit,BTC,BTC-18SEP26-86000-P,2026-09-18,86000,put,0.11230404,0.11,0.1145,38.54,,,,,0.0,0.0,77613.95
2026-09-02 04:39:45,deribit,BTC,BTC-30OCT26-100000-P,2026-10-30,100000,put,0.28734188,0.2845,0.2905,41.57,,,,,0.3,0.0,78021.74
2026-09-02 04:39:45,deribit,BTC,BTC-11SEP26-85000-P,2026-09-11,85000,put,0.09771611,0.0955,0.1005,38.22,,,,,30.5,0.0,77560.76
2026-09-02 04:39:45,deribit,BTC,BTC-5SEP26-80000-P,2026-09-05,80000,put,0.03494041,0.033,0.037,35.11,,,,,0.0,0.0,77518.88
2026-09-02 04:39:45,deribit,BTC,BTC-25DEC26-220000-C,2026-12-25,220000,call,0.00039316,0.0002,0.0006,64.73,,,,,254.0,0.2,78615.5
2026-09-02 04:39:45,deribit,BTC,BTC-26MAR27-80000-C,2027-03-26,80000,call,0.11708572,0.116,0.118,40.22,,,,,1061.6,81.0,79508.23
2026-09-02 04:39:45,deribit,BTC,BTC-25SEP26-175000-P,2026-09-25,175000,put,1.25338464,1.2485,1.2625,89.0,,,,,3.3,0.0,77661.83
2026-09-02 04:39:45,deribit,BTC,BTC-25SEP26-77000-C,2026-09-25,77000,call,0.03955445,0.039,0.04,35.14,,,,,183.2,8.0,77661.83
2026-09-02 04:39:45,deribit,BTC,BTC-25DEC26-56000-P,2026-12-25,56000,put,0.00992854,0.0095,0.0105,46.61,,,,,488.4,0.0,78615.99
2026-09-02 04:39:45,deribit,BTC,BTC-25SEP26-75000-P,2026-09-25,75000,put,0.02060454,0.02,0.021,35.58,,,,,4553.4,218.5,77661.83
2026-09-02 04:39:45,deribit,BTC,BTC-25DEC26-140000-C,2026-12-25,140000,call,0.0028507,0.0026,0.0031,50.57,,,,,1424.0,12.3,78615.5
2026-09-02 04:39:45,deribit,BTC,BTC-30OCT26-71000-C,2026-10-30,71000,call,0.11325961,0.1125,0.1145,37.85,,,,,777.5,0.0,78021.74
2026-09-02 04:39:45,deribit,BTC,BTC-25SEP26-90000-C,2026-09-25,90000,call,0.00360907,0.0034,0.0037,40.44,,,,,7662.8,881.8,77661.83
2026-09-02 04:39:45,deribit,BTC,BTC-25SEP26-73000-C,2026-09-25,73000,call,0.0733786,0.0725,0.075,36.57,,,,,41.0,0.0,77661.34
2026-09-02 04:39:45,deribit,BTC,BTC-25DEC26-76000-P,2026-12-25,76000,put,0.06944956,0.069,0.07,38.85,,,,,215.8,30.0,78615.99
2026-09-02 04:39:45,deribit,BTC,BTC-25DEC26-250000-C,2026-12-25,250000,call,0.00023297,0.0001,0.0004,68.35,,,,,1280.3,0.0,78615.99
2026-09-02 04:39:45,deribit,BTC,BTC-25JUN27-85000-C,2027-06-25,85000,call,0.12589702,0.1245,0.1275,41.49,,,,,152.7,0.0,80485.39
2026-09-02 04:39:45,deribit,BTC,BTC-25JUN27-45000-P,2027-06-25,45000,put,0.01519102,0.0145,0.016,49.85,,,,,119.1,2.3,80485.03
2026-09-02 04:39:45,deribit,BTC,BTC-25JUN27-106000-C,2027-06-25,106000,call,0.0591803,0.058,0.06,42.21,,,,,0.0,0.0,80485.03
2026-09-02 04:39:45,deribit,BTC,BTC-26MAR27-70000-C,2027-03-26,70000,call,0.18520609,0.1835,0.186,41.39,,,,,797.8,0.0,79508.23
2026-09-02 04:39:45,deribit,BTC,BTC-2SEP26-76500-P,2026-09-02,76500,put,8.577e-05,,0.0001,35.38,,,,,156.9,161.2,77484.84
2026-09-02 04:39:45,deribit,BTC,BTC-27NOV26-92000-P,2026-11-27,92000,put,0.19712732,0.195,0.1995,38.97,,,,,2.1,0.0,78322.3
2026-09-02 04:39:45,deribit,BTC,BTC-30OCT26-40000-P,2026-10-30,40000,put,0.0006823,0.0005,0.0009,71.83,,,,,76.7,1.7,78021.74
2026-09-02 04:39:45,deribit,BTC,BTC-11SEP26-95000-P,2026-09-11,95000,put,0.22519261,0.2225,0.2295,55.34,,,,,0.1,0.0,77560.35
2026-09-02 04:39:45,deribit,BTC,BTC-25JUN27-108000-C,2027-06-25,108000,call,0.05535674,0.054,0.0565,42.37,,,,,12.5,0.0,80485.39
2026-09-02 04:39:45,deribit,BTC,BTC-11SEP26-67000-P,2026-09-11,67000,put,0.00072,0.0006,0.0009,47.93,,,,,405.2,19.6,77560.76
2026-09-02 04:39:45,deribit,BTC,BTC-25JUN27-115000-P,2027-06-25,115000,put,0.47295807,0.469,0.4805,42.94,,,,,0.0,0.0,80485.39
2026-09-02 04:39:45,deribit,BTC,BTC-26MAR27-45000-P,2027-03-26,45000,put,0.00869199,0.008,0.0095,51.21,,,,,263.3,0.0,79508.23
2026-09-02 04:39:45,deribit,BTC,BTC-30OCT26-95000-P,2026-10-30,95000,put,0.22629385,0.224,0.229,39.23,,,,,0.4,0.0,78021.74
2026-09-02 04:39:45,deribit,BTC,BTC-27NOV26-108000-C,2026-11-27,108000,call,0.00654063,0.006,0.007,42.97,,,,,11.6,0.5,78321.82
2026-09-02 04:39:45,deribit,BTC,BTC-27NOV26-83000-C,2026-11-27,83000,call,0.04954562,0.049,0.05,37.99,,,,,3.9,0.6,78322.3
2026-09-02 04:39:45,deribit,BTC,BTC-27NOV26-98000-P,2026-11-27,98000,put,0.26484172,0.2625,0.268,40.21,,,,,0.0,0.0,78322.3
2026-09-02 04:39:45,deribit,BTC,BTC-18SEP26-72000-P,2026-09-18,72000,put,0.00719969,0.007,0.0075,38.01,,,,,600.0,512.4,77614.41
2026-09-02 04:39:45,deribit,BTC,BTC-27NOV26-78000-P,2026-11-27,78000,put,0.07144921,0.071,0.072,38.05,,,,,56.4,28.1,78322.3
2026-09-02 04:39:45,deribit,BTC,BTC-25DEC26-65000-P,2026-12-25,65000,put,0.0243552,0.024,0.025,41.46,,,,,833.0,0.0,78615.5
2026-09-02 04:39:45,deribit,BTC,BTC-11SEP26-90000-P,2026-09-11,90000,put,0.16099879,0.1585,0.165,46.22,,,,,0.1,0.1,77560.76
2026-09-02 04:39:45,deribit,BTC,BTC-18SEP26-70000-C,2026-09-18,70000,call,0.10235125,0.1005,0.1045,40.24,,,,,0.0,0.0,77614.41
2026-09-02 04:39:45,deribit,BTC,BTC-27NOV26-104000-C,2026-11-27,104000,call,0.00855802,0.008,0.009,41.73,,,,,5.2,1.0,78321.82
2026-09-02 04:39:45,deribit,BTC,BTC-2SEP26-81500-P,2026-09-02,81500,put,0.05182734,0.0495,0.0555,49.23,,,,,0.0,0.0,77484.84
2026-09-02 04:39:45,deribit,BTC,BTC-11SEP26-75000-P,2026-09-11,75000,put,0.00879276,0.0085,0.009,34.42,,,,,830.3,217.3,77560.76
2026-09-02 04:39:45,deribit,BTC,BTC-4SEP26-71000-C,2026-09-04,71000,call,0.08431515,0.083,0.0855,57.54,,,,,920.4,0.2,77506.99
2026-09-02 04:39:45,deribit,BTC,BTC-2SEP26-80500-C,2026-09-02,80500,call,3e-08,,0.0001,46.8,,,,,224.4,34.0,77484.84
2026-09-02 04:39:45,deribit,BTC,BTC-25JUN27-130000-C,2027-06-25,130000,call,0.02858102,0.0275,0.0295,44.58,,,,,761.8,0.1,80485.03
2026-09-02 04:39:45,deribit,BTC,BTC-27NOV26-90000-P,2026-11-27,90000,put,0.17577039,0.1735,0.178,38.58,,,,,0.2,0.0,78321.82
2026-09-02 04:39:45,deribit,BTC,BTC-11SEP26-64000-P,2026-09-11,64000,put,0.00038158,0.0003,0.0005,55.09,,,,,78.2,0.0,77560.76
2026-09-02 04:39:45,deribit,BTC,BTC-25DEC26-40000-C,2026-12-25,40000,call,0.49387623,0.492,0.4945,63.25,,,,,250.9,0.0,78615.99
2026-09-02 04:39:45,deribit,BTC,BTC-27NOV26-86000-C,2026-11-27,86000,call,0.03805418,0.0375,0.0385,38.15,,,,,2.1,1.6,78322.3
2026-09-02 04:39:45,deribit,BTC,BTC-25DEC26-135000-P,2026-12-25,135000,put,0.7205878,0.7135,0.7335,49.28,,,,,0.7,0.0,78615.99
2026-09-02 04:39:45,deribit,BTC,BTC-26MAR27-105000-C,2027-03-26,105000,call,0.0358199,0.035,0.0365,41.41,,,,,162.4,0.0,79508.23
2026-09-02 04:39:45,deribit,BTC,BTC-26MAR27-100000-P,2027-03-26,100000,put,0.30292563,0.3,0.3065,40.95,,,,,12.3,0.0,79508.23
2026-09-02 04:39:45,deribit,BTC,BTC-4SEP26-71000-P,2026-09-04,71000,put,0.00036688,0.0003,0.0005,57.54,,,,,169.7,47.4,77506.99
2026-09-02 04:39:45,deribit,BTC,BTC-2SEP26-79000-C,2026-09-02,79000,call,5.12e-06,,0.0001,35.34,,,,,176.3,82.3,77484.84
2026-09-02 04:39:45,deribit,BTC,BTC-25JUN27-130000-P,2027-06-25,130000,put,0.6439273,0.6385,0.6525,44.58,,,,,1.4,0.0,80485.03
2026-09-02 04:39:45,deribit,BTC,BTC-25DEC26-20000-P,2026-12-25,20000,put,0.0004927,0.0004,0.0006,96.97,,,,,520.4,193.7,78615.5
2026-09-02 04:39:45,deribit,BTC,BTC-30OCT26-74000-C,2026-10-30,74000,call,0.08638965,0.0855,0.0875,36.79,,,,,252.6,0.0,78021.74
2026-09-02 04:39:45,deribit,BTC,BTC-11SEP26-72000-P,2026-09-11,72000,put,0.00299381,0.0028,0.0032,37.95,,,,,417.8,211.4,77560.76
2026-09-02 04:39:45,deribit,BTC,BTC-25JUN27-80000-C,2027-06-25,80000,call,0.15118175,0.1495,0.1525,41.6,,,,,104.9,0.0,80485.39
2026-09-02 04:39:45,deribit,BTC,BTC-26MAR27-140000-C,2027-03-26,140000,call,0.01003596,0.0095,0.0105,46.48,,,,,909.3,0.2,79508.23
2026-09-02 04:39:45,deribit,BTC,BTC-27NOV26-73000-C,2026-11-27,73000,call,0.11127584,0.1105,0.1125,38.68,,,,,0.0,0.0,78322.3
2026-09-02 04:39:45,deribit,BTC,BTC-25DEC26-62000-C,2026-12-25,62000,call,0.22923555,0.2275,0.2315,42.79,,,,,247.1,0.0,78615.99
2026-09-02 04:39:45,deribit,BTC,BTC-5SEP26-80000-C,2026-09-05,80000,call,0.00292763,0.0027,0.0031,35.11,,,,,8.0,8.1,77518.42
2026-09-02 04:39:45,deribit,BTC,BTC-25JUN27-82000-C,2027-06-25,82000,call,0.14063922,0.139,0.142,41.57,,,,,80.9,0.0,80485.39
2026-09-02 04:39:45,deribit,BTC,BTC-30OCT26-71000-P,2026-10-30,71000,put,0.0233417,0.023,0.024,37.85,,,,,97.6,0.2,78021.74
2026-09-02 04:39:45,deribit,BTC,BTC-25JUN27-110000-C,2027-06-25,110000,call,0.05178106,0.0505,0.053,42.53,,,,,269.9,0.0,80485.03
2026-09-02 04:39:45,deribit,BTC,BTC-25SEP26-30000-C,2026-09-25,30000,call,0.6137685,0.613,0.6145,123.8,,,,,134.0,0.0,77661.83
2026-09-02 04:39:45,deribit,BTC,BTC-25JUN27-85000-P,2027-06-25,85000,put,0.18208497,0.1805,0.1845,41.49,,,,,6.9,0.0,80485.39
2026-09-02 04:39:45,deribit,BTC,BTC-26MAR27-108000-C,2027-03-26,108000,call,0.03147428,0.0305,0.0325,41.79,,,,,68.4,0.0,79507.8
2026-09-02 04:39:45,deribit,BTC,BTC-27NOV26-74000-C,2026-11-27,74000,call,0.10338671,0.1025,0.1045,38.53,,,,,0.0,0.0,78322.3
2026-09-02 04:39:45,deribit,BTC,BTC-3SEP26-87000-P,2026-09-03,87000,put,0.12269324,0.1205,0.1255,59.5,,,,,0.0,0.0,77499.19
2026-09-02 04:39:45,deribit,BTC,BTC-25JUN27-104000-C,2027-06-25,104000,call,0.06340807,0.062,0.0645,42.08,,,,,12.6,0.0,80485.39
2026-09-02 04:39:45,deribit,BTC,BTC-18SEP26-85000-C,2026-09-18,85000,call,0.00528179,0.005,0.0055,37.94,,,,,0.0,0.0,77614.41
2026-09-02 04:39:45,deribit,BTC,BTC-25SEP26-170000-C,2026-09-25,170000,call,1.369e-05,,0.0001,86.93,,,,,444.9,0.0,77661.34
2026-09-02 04:39:45,deribit,BTC,BTC-25DEC26-60000-C,2026-12-25,60000,call,0.25124364,0.2495,0.2535,43.74,,,,,789.9,0.0,78615.99
2026-09-02 04:39:45,deribit,BTC,BTC-25SEP26-190000-P,2026-09-25,190000,put,1.44652573,1.4395,1.456,93.86,,,,,0.0,0.0,77661.34
2026-09-02 04:39:45,deribit,BTC,BTC-3SEP26-78500-C,2026-09-03,78500,call,0.00238987,0.0021,0.0025,31.52,,,,,120.3,52.0,77499.19
2026-09-02 04:39:45,deribit,BTC,BTC-18SEP26-76000-C,2026-09-18,76000,call,0.04098226,0.04,0.042,35.52,,,,,14.4,4.1,77614.41
2026-09-02 04:39:45,deribit,BTC,BTC-3SEP26-70000-P,2026-09-03,70000,put,5.605e-05,,0.0001,70.24,,,,,19.4,16.3,77499.03
2026-09-02 04:39:45,deribit,BTC,BTC-3SEP26-88000-C,2026-09-03,88000,call,8.7e-07,,0.0001,61.19,,,,,13.0,8.0,77499.19
2026-09-02 04:39:45,deribit,BTC,BTC-5SEP26-75000-C,2026-09-05,75000,call,0.03524432,0.0335,0.037,35.84,,,,,0.0,0.0,77518.88
2026-09-02 04:39:45,deribit,BTC,BTC-26MAR27-55000-P,2027-03-26,55000,put,0.02016823,0.0195,0.021,45.58,,,,,1254.5,0.1,79508.23
2026-09-02 04:39:45,deribit,BTC,BTC-3SEP26-76500-P,2026-09-03,76500,put,0.00254422,0.0023,0.0028,32.68,,,,,42.4,27.9,77499.19
2026-09-02 04:39:45,deribit,BTC,BTC-25JUN27-150000-C,2027-06-25,150000,call,0.01765198,0.0165,0.0185,46.9,,,,,211.4,0.0,80485.39
2026-09-02 04:39:45,deribit,BTC,BTC-18SEP26-78000-P,2026-09-18,78000,put,0.03204599,0.032,0.0325,35.02,,,,,233.1,38.7,77614.41
2026-09-02 04:39:45,deribit,BTC,BTC-25SEP26-58000-C,2026-09-25,58000,call,0.25419375,0.2515,0.256,57.6,,,,,460.7,0.0,77661.83
2026-09-02 04:39:45,deribit,BTC,BTC-5SEP26-86000-P,2026-09-05,86000,put,0.10971305,0.1075,0.1135,52.41,,,,,0.0,0.0,77518.88
2026-09-02 04:39:45,deribit,BTC,BTC-30OCT26-54000-C,2026-10-30,54000,call,0.31068854,0.307,0.3125,52.84,,,,,0.1,0.0,78021.74
2026-09-02 04:39:45,deribit,BTC,BTC-3SEP26-86000-P,2026-09-03,86000,put,0.10979168,0.1075,0.113,57.34,,,,,0.0,0.0,77499.19
2026-09-02 04:39:45,deribit,BTC,BTC-30OCT26-91000-C,2026-10-30,91000,call,0.01310621,0.0125,0.0135,37.88,,,,,19.0,1.0,78021.74
2026-09-02 04:39:45,deribit,BTC,BTC-30OCT26-82000-P,2026-10-30,82000,put,0.08814083,0.087,0.089,36.25,,,,,43.6,0.0,78021.74
2026-09-02 04:39:45,deribit,BTC,BTC-26MAR27-106000-P,2027-03-26,106000,put,0.36759816,0.364,0.3715,41.53,,,,,0.1,0.0,79508.23
2026-09-02 04:39:45,deribit,BTC,BTC-4SEP26-77500-C,2026-09-04,77500,call,0.00989633,0.0095,0.0105,32.27,,,,,36.8,37.8,77506.99
2026-09-02 04:39:45,deribit,BTC,BTC-25SEP26-300000-P,2026-09-25,300000,put,2.86293112,2.8505,2.877,136.29,,,,,0.0,0.0,77661.83
2026-09-02 04:39:45,deribit,BTC,BTC-5SEP26-77500-P,2026-09-05,77500,put,0.01226633,0.012,0.0125,33.48,,,,,4.4,8.2,77518.88
2026-09-02 04:39:45,deribit,BTC,BTC-3SEP26-75000-C,2026-09-03,75000,call,0.03289374,0.0295,0.035,40.4,,,,,0.0,0.0,77499.19
2026-09-02 04:39:45,deribit,BTC,BTC-2SEP26-78500-C,2026-09-02,78500,call,2.564e-05,,0.0001,29.83,,,,,45.6,57.5,77484.84
2026-09-02 04:39:45,deribit,BTC,BTC-5SEP26-79000-C,2026-09-05,79000,call,0.00538909,0.005,0.006,34.08,,,,,13.8,14.4,77518.88
2026-09-02 04:39:45,deribit,BTC,BTC-25DEC26-210000-P,2026-12-25,210000,put,1.67172984,1.6595,1.694,63.68,,,,,0.0,0.0,78615.5
2026-09-02 04:39:45,deribit,BTC,BTC-30OCT26-54000-P,2026-10-30,54000,put,0.00286365,0.0026,0.0032,52.84,,,,,189.7,0.1,78021.74
2026-09-02 04:39:45,deribit,BTC,BTC-25SEP26-35000-P,2026-09-25,35000,put,8.462e-05,,0.0001,107.61,,,,,1172.2,0.0,77661.34
2026-09-02 04:39:45,deribit,BTC,BTC-11SEP26-88000-P,2026-09-11,88000,put,0.13550087,0.1335,0.1395,43.01,,,,,0.0,0.0,77560.35
2026-09-02 04:39:45,deribit,BTC,BTC-25SEP26-64000-P,2026-09-25,64000,put,0.00225967,0.0021,0.0025,46.85,,,,,1077.8,24.6,77661.83
2026-09-02 04:39:45,deribit,BTC,BTC-25SEP26-135000-P,2026-09-25,135000,put,0.73837171,0.7345,0.7455,70.15,,,,,11.5,0.0,77661.83
2026-09-02 04:39:45,deribit,BTC,BTC-25DEC26-80000-C,2026-12-25,80000,call,0.07841939,0.078,0.079,38.71,,,,,8671.1,98.9,78615.99
2026-09-02 04:39:45,deribit,BTC,BTC-25SEP26-81000-P,2026-09-25,81000,put,0.06162817,0.0605,0.0625,35.24,,,,,446.2,0.0,77661.83
2026-09-02 04:39:45,deribit,BTC,BTC-25DEC26-105000-P,2026-12-25,105000,put,0.34919553,0.346,0.3525,41.49,,,,,109.4,0.0,78615.99
2026-09-02 04:39:45,deribit,BTC,BTC-4SEP26-80500-P,2026-09-04,80500,put,0.0396291,0.0375,0.042,35.32,,,,,0.0,0.0,77506.99
2026-09-02 04:39:45,deribit,BTC,BTC-25SEP26-73000-P,2026-09-25,73000,put,0.01335699,0.013,0.014,36.57,,,,,565.9,62.8,77661.83
2026-09-02 04:39:45,deribit,BTC,BTC-25DEC26-200000-P,2026-12-25,200000,put,1.54470123,1.5335,1.562,62.83,,,,,0.0,0.0,78615.5
2026-09-02 04:39:45,deribit,BTC,BTC-5SEP26-76500-C,2026-09-05,76500,call,0.02003564,0.019,0.021,33.67,,,,,0.0,0.0,77518.42
2026-09-02 04:39:45,deribit,BTC,BTC-3SEP26-77500-C,2026-09-03,77500,call,0.00685359,0.0065,0.0075,30.97,,,,,46.7,31.1,77499.19
2026-09-02 04:39:45,deribit,BTC,BTC-27NOV26-106000-C,2026-11-27,106000,call,0.00754937,0.007,0.008,42.46,,,,,14.0,10.0,78322.3
2026-09-02 04:39:45,deribit,BTC,BTC-3SEP26-80000-C,2026-09-03,80000,call,0.00042387,0.0003,0.0006,34.88,,,,,10.6,3.5,77499.19
2026-09-02 04:39:45,deribit,BTC,BTC-27NOV26-102000-P,2026-11-27,102000,put,0.31238822,0.3095,0.316,41.35,,,,,0.0,0.0,78322.3
2026-09-02 04:39:45,deribit,BTC,BTC-27NOV26-67000-P,2026-11-27,67000,put,0.0221322,0.0215,0.0225,40.56,,,,,3.3,2.0,78321.82
2026-09-02 04:39:45,deribit,BTC,BTC-30OCT26-64000-P,2026-10-30,64000,put,0.0089171,0.0085,0.0095,42.12,,,,,661.9,5.3,78021.74
2026-09-02 04:39:45,deribit,BTC,BTC-4SEP26-79500-P,2026-09-04,79500,put,0.0278752,0.026,0.03,33.24,,,,,0.1,0.0,77506.99
2026-09-02 04:39:45,deribit,BTC,BTC-30OCT26-75000-C,2026-10-30,75000,call,0.07846756,0.0775,0.079,36.59,,,,,1035.2,0.1,78021.74
2026-09-02 04:39:45,deribit,BTC,BTC-26MAR27-60000-C,2027-03-26,60000,call,0.27591751,0.2735,0.2785,43.74,,,,,649.0,0.0,79508.23
2026-09-02 04:39:45,deribit,BTC,BTC-25DEC26-170000-P,2026-12-25,170000,put,1.1637765,1.1525,1.18,57.9,,,,,0.1,0.0,78615.99
2026-09-02 04:39:45,deribit,BTC,BTC-5SEP26-77500-C,2026-09-05,77500,call,0.01250395,0.012,0.013,33.48,,,,,4.2,4.2,77518.42
2026-09-02 04:39:45,deribit,BTC,BTC-30OCT26-85000-C,2026-10-30,85000,call,0.02617603,0.0255,0.0265,36.56,,,,,1947.2,3.1,78021.74
2026-09-02 04:39:45,deribit,BTC,BTC-30OCT26-66000-P,2026-10-30,66000,put,0.01174846,0.0115,0.0125,40.71,,,,,150.7,6.8,78021.74
2026-09-02 04:39:45,deribit,BTC,BTC-4SEP26-78500-C,2026-09-04,78500,call,0.00480191,0.0046,0.005,32.28,,,,,45.1,47.4,77506.99
2026-09-02 04:39:45,deribit,BTC,BTC-25DEC26-72000-C,2026-12-25,72000,call,0.13258808,0.132,0.134,39.36,,,,,1271.0,0.1,78615.99
2026-09-02 04:39:45,deribit,BTC,BTC-25SEP26-78000-C,2026-09-25,78000,call,0.03302751,0.0325,0.0335,34.94,,,,,5654.1,23.6,77661.83
2026-09-02 04:39:45,deribit,BTC,BTC-25DEC26-40000-P,2026-12-25,40000,put,0.00268181,0.0026,0.0028,63.25,,,,,4489.0,11.4,78615.99
2026-09-02 04:39:45,deribit,BTC,BTC-25DEC26-135000-C,2026-12-25,135000,call,0.00336897,0.0031,0.0036,49.28,,,,,1357.3,17.1,78615.99
2026-09-02 04:39:45,deribit,BTC,BTC-5SEP26-74000-C,2026-09-05,74000,call,0.04693675,0.045,0.049,38.27,,,,,0.0,0.0,77518.88
2026-09-02 04:39:45,deribit,BTC,BTC-25DEC26-104000-P,2026-12-25,104000,put,0.33739351,0.3345,0.3405,41.31,,,,,0.1,0.0,78615.99
2026-09-02 04:39:45,deribit,BTC,BTC-30OCT26-76000-C,2026-10-30,76000,call,0.07109559,0.0705,0.0715,36.47,,,,,346.6,50.1,78021.74
2026-09-02 04:39:45,deribit,BTC,BTC-25JUN27-68000-P,2027-06-25,68000,put,0.07662973,0.0755,0.078,42.83,,,,,13.2,0.1,80485.39
2026-09-02 04:39:45,deribit,BTC,BTC-25DEC26-85000-P,2026-12-25,85000,put,0.13585997,0.1345,0.137,38.63,,,,,512.3,10.3,78615.99
2026-09-02 04:39:45,deribit,BTC,BTC-25DEC26-84000-P,2026-12-25,84000,put,0.12725029,0.1265,0.128,38.59,,,,,54.2,5.6,78615.99
2026-09-02 04:39:45,deribit,BTC,BTC-3SEP26-77000-C,2026-09-03,77000,call,0.01062419,0.01,0.0115,31.48,,,,,10.2,10.4,77499.19
2026-09-02 04:39:45,deribit,BTC,BTC-30OCT26-70000-C,2026-10-30,70000,call,0.12308567,0.122,0.1245,38.31,,,,,1102.1,0.0,78021.74
2026-09-02 04:39:45,deribit,BTC,BTC-18SEP26-81000-P,2026-09-18,81000,put,0.05721971,0.056,0.0585,35.6,,,,,17.3,0.2,77614.41
2026-09-02 04:39:45,deribit,BTC,BTC-30OCT26-86000-C,2026-10-30,86000,call,0.02324685,0.023,0.024,36.69,,,,,696.5,0.7,78021.74
2026-09-02 04:39:45,deribit,BTC,BTC-25SEP26-84000-P,2026-09-25,84000,put,0.09216509,0.09,0.094,36.65,,,,,47.3,0.0,77661.83
2026-09-02 04:39:45,deribit,BTC,BTC-3SEP26-88000-P,2026-09-03,88000,put,0.13559639,0.133,0.1385,61.19,,,,,0.0,0.0,77499.19
2026-09-02 04:39:45,deribit,BTC,BTC-27NOV26-120000-C,2026-11-27,120000,call,0.00339123,0.0031,0.0036,47.05,,,,,34.7,2.2,78321.82
2026-09-02 04:39:45,deribit,BTC,BTC-26MAR27-180000-P,2027-03-26,180000,put,1.26827735,1.256,1.2895,52.74,,,,,0.1,0.0,79508.23
2026-09-02 04:39:45,deribit,BTC,BTC-18SEP26-65000-C,2026-09-18,65000,call,0.16396702,0.161,0.166,48.3,,,,,0.0,0.0,77613.95
2026-09-02 04:39:45,deribit,BTC,BTC-2SEP26-87000-P,2026-09-02,87000,put,0.12280955,0.1205,0.126,59.76,,,,,0.0,0.0,77484.84
2026-09-02 04:39:45,deribit,BTC,BTC-25JUN27-72000-C,2027-06-25,72000,call,0.2019057,0.1995,0.203,42.34,,,,,89.7,0.0,80485.03
2026-09-02 04:39:45,deribit,BTC,BTC-4SEP26-69000-P,2026-09-04,69000,put,0.00022687,0.0002,0.0004,68.36,,,,,142.0,17.6,77506.99
2026-09-02 04:39:45,deribit,BTC,BTC-25JUN27-110000-P,2027-06-25,110000,put,0.41861253,0.415,0.4255,42.53,,,,,1.5,0.0,80485.39
2026-09-02 04:39:45,deribit,BTC,BTC-25SEP26-150000-C,2026-09-25,150000,call,4.82e-05,,0.0001,81.14,,,,,768.8,0.0,77661.34
2026-09-02 04:39:45,deribit,BTC,BTC-25SEP26-165000-P,2026-09-25,165000,put,1.12462393,1.119,1.1315,84.49,,,,,0.0,0.0,77661.83
2026-09-02 04:39:45,deribit,BTC,BTC-18SEP26-69000-P,2026-09-18,69000,put,0.00341735,0.0033,0.0036,41.6,,,,,10.1,0.1,77613.95
2026-09-02 04:39:45,deribit,BTC,BTC-25SEP26-60000-C,2026-09-25,60000,call,0.22868865,0.2265,0.2305,53.63,,,,,838.1,0.1,77661.83
2026-09-02 04:39:45,deribit,BTC,BTC-25SEP26-110000-P,2026-09-25,110000,put,0.41677681,0.4135,0.422,56.03,,,,,215.7,0.0,77661.83
2026-09-02 04:39:45,deribit,BTC,BTC-27NOV26-110000-C,2026-11-27,110000,call,0.00603511,0.0055,0.0065,44.03,,,,,2.6,0.3,78321.82
2026-09-02 04:39:45,deribit,BTC,BTC-25DEC26-130000-C,2026-12-25,130000,call,0.00402405,0.0038,0.0043,47.94,,,,,1556.4,24.5,78615.99
2026-09-02 04:39:45,deribit,BTC,BTC-25SEP26-240000-C,2026-09-25,240000,call,6.21e-06,,0.0001,115.6,,,,,211.9,0.0,77661.83
2026-09-02 04:39:45,deribit,BTC,BTC-26MAR27-92000-C,2027-03-26,92000,call,0.06570568,0.0645,0.067,40.34,,,,,270.0,0.0,79508.23
2026-09-02 04:39:45,deribit,BTC,BTC-5SEP26-77000-C,2026-09-05,77000,call,0.01605868,0.0155,0.0165,33.71,,,,,4.4,4.4,77518.88
2026-09-02 04:39:45,deribit,BTC,BTC-2SEP26-83000-P,2026-09-02,83000,put,0.07118613,0.069,0.074,52.5,,,,,0.0,0.0,77484.84
2026-09-02 04:39:45,deribit,BTC,BTC-2SEP26-71000-C,2026-09-02,71000,call,0.08368416,0.0805,0.0855,63.07,,,,,0.0,0.0,77484.84
2026-09-02 04:39:45,deribit,BTC,BTC-30OCT26-87000-C,2026-10-30,87000,call,0.02068929,0.0205,0.021,36.88,,,,,111.4,5.5,78021.74
2026-09-02 04:39:45,deribit,BTC,BTC-25JUN27-58000-P,2027-06-25,58000,put,0.0401573,0.039,0.041,44.94,,,,,91.9,0.2,80485.39
2026-09-02 04:39:45,deribit,BTC,BTC-27NOV26-71000-C,2026-11-27,71000,call,0.12832665,0.1275,0.1295,39.15,,,,,0.1,0.0,78322.3
2026-09-02 04:39:45,deribit,BTC,BTC-11SEP26-68000-P,2026-09-11,68000,put,0.00092552,0.0008,0.0011,45.74,,,,,861.2,13.4,77560.76
2026-09-02 04:39:45,deribit,BTC,BTC-26MAR27-96000-P,2027-03-26,96000,put,0.26187708,0.259,0.265,40.62,,,,,1.6,0.0,79508.23
2026-09-02 04:39:45,deribit,BTC,BTC-18SEP26-84000-P,2026-09-18,84000,put,0.08894637,0.0865,0.091,37.1,,,,,0.1,0.0,77613.95
2026-09-02 04:39:45,deribit,BTC,BTC-5SEP26-70000-C,2026-09-05,70000,call,0.09736156,0.094,0.0995,54.17,,,,,0.0,0.0,77518.88
2026-09-02 04:39:45,deribit,BTC,BTC-4SEP26-73000-C,2026-09-04,73000,call,0.05871125,0.0575,0.06,45.18,,,,,540.0,0.0,77506.99
2026-09-02 04:39:45,deribit,BTC,BTC-30OCT26-88000-C,2026-10-30,88000,call,0.01860171,0.018,0.019,37.24,,,,,209.3,18.7,78021.74
2026-09-02 04:39:45,deribit,BTC,BTC-18SEP26-75000-C,2026-09-18,75000,call,0.04940481,0.0485,0.0505,35.93,,,,,34.6,0.4,77614.41
2026-09-02 04:39:45,deribit,BTC,BTC-30OCT26-62000-C,2026-10-30,62000,call,0.21227275,0.2105,0.214,43.92,,,,,13.5,0.0,78021.74
2026-09-02 04:39:45,deribit,BTC,BTC-25SEP26-115000-P,2026-09-25,115000,put,0.481003,0.478,0.4865,58.58,,,,,93.7,0.0,77661.83
2026-09-02 04:39:45,deribit,BTC,BTC-25JUN27-74000-C,2027-06-25,74000,call,0.18810931,0.186,0.1895,42.12,,,,,20.5,0.0,80485.39
2026-09-02 04:39:45,deribit,BTC,BTC-25JUN27-68000-C,2027-06-25,68000,call,0.23167936,0.2295,0.233,42.83,,,,,10.8,0.2,80485.39
2026-09-02 04:39:45,deribit,BTC,BTC-25SEP26-75000-C,2026-09-25,75000,call,0.05487332,0.0545,0.0555,35.58,,,,,3438.2,51.7,77661.83
2026-09-02 04:39:45,deribit,BTC,BTC-4SEP26-76000-P,2026-09-04,76000,put,0.00334734,0.0032,0.0036,33.96,,,,,338.3,24.3,77506.99
2026-09-02 04:39:45,deribit,BTC,BTC-26MAR27-65000-P,2027-03-26,65000,put,0.0453553,0.0445,0.046,42.3,,,,,874.3,20.4,79508.23
2026-09-02 04:39:45,deribit,BTC,BTC-30OCT26-57000-C,2026-10-30,57000,call,0.27324462,0.2705,0.275,49.12,,,,,0.1,0.0,78021.74
2026-09-02 04:39:45,deribit,BTC,BTC-3SEP26-75500-P,2026-09-03,75500,put,0.00101797,0.0009,0.0012,37.08,,,,,172.3,64.2,77499.03
2026-09-02 04:39:45,deribit,BTC,BTC-25DEC26-210000-C,2026-12-25,210000,call,0.00050055,0.0003,0.0007,63.68,,,,,162.2,0.0,78615.99
2026-09-02 04:39:45,deribit,BTC,BTC-25DEC26-92000-C,2026-12-25,92000,call,0.03266411,0.032,0.033,39.13,,,,,351.6,0.1,78615.99
2026-09-02 04:39:45,deribit,BTC,BTC-25SEP26-240000-P,2026-09-25,240000,put,2.09034612,2.0805,2.103,115.6,,,,,0.0,0.0,77661.83
2026-09-02 04:39:45,deribit,BTC,BTC-26MAR27-90000-C,2027-03-26,90000,call,0.0724944,0.0715,0.0735,40.29,,,,,552.4,10.3,79508.23
2026-09-02 04:39:45,deribit,BTC,BTC-4SEP26-78000-C,2026-09-04,78000,call,0.0070602,0.0065,0.0075,32.38,,,,,228.7,25.8,77506.99
2026-09-02 04:39:45,deribit,BTC,BTC-25SEP26-79000-P,2026-09-25,79000,put,0.04461497,0.044,0.045,34.88,,,,,995.1,37.7,77661.83
2026-09-02 04:39:45,deribit,BTC,BTC-3SEP26-78500-P,2026-09-03,78500,put,0.0153927,0.0135,0.017,31.52,,,,,7.4,5.2,77499.03
2026-09-02 04:39:45,deribit,BTC,BTC-3SEP26-73000-C,2026-09-03,73000,call,0.05831417,0.055,0.0605,56.41,,,,,0.0,0.0,77499.03
2026-09-02 04:39:45,deribit,BTC,BTC-25SEP26-95000-P,2026-09-25,95000,put,0.22513604,0.222,0.2295,44.96,,,,,147.6,0.0,77661.83
2026-09-02 04:39:45,deribit,BTC,BTC-25DEC26-86000-C,2026-12-25,86000,call,0.05072005,0.05,0.051,38.63,,,,,319.5,0.0,78615.99
2026-09-02 04:39:45,deribit,BTC,BTC-27NOV26-84000-C,2026-11-27,84000,call,0.04536446,0.0445,0.046,38.01,,,,,15.4,15.0,78322.3
2026-09-02 04:39:45,deribit,BTC,BTC-2SEP26-87000-C,2026-09-02,87000,call,0.0,,0.0001,59.76,,,,,39.0,0.0,77484.84
2026-09-02 04:39:45,deribit,BTC,BTC-25JUN27-90000-P,2027-06-25,90000,put,0.22297731,0.221,0.2255,41.47,,,,,0.5,0.0,80485.39
2026-09-02 04:39:45,deribit,BTC,BTC-30OCT26-68000-P,2026-10-30,68000,put,0.01537603,0.015,0.016,39.34,,,,,383.8,1.4,78021.74
2026-09-02 04:39:45,deribit,BTC,BTC-5SEP26-73000-C,2026-09-05,73000,call,0.05923831,0.056,0.0615,41.48,,,,,0.0,0.0,77518.42
2026-09-02 04:39:45,deribit,BTC,BTC-26MAR27-160000-P,2027-03-26,160000,put,1.01880438,1.008,1.0365,49.88,,,,,0.1,0.0,79507.8
2026-09-02 04:39:45,deribit,BTC,BTC-2SEP26-69000-C,2026-09-02,69000,call,0.10949587,0.107,0.1115,63.3,,,,,0.0,0.0,77484.35
2026-09-02 04:39:45,deribit,BTC,BTC-25DEC26-74000-C,2026-12-25,74000,call,0.11701663,0.1165,0.1185,39.08,,,,,138.9,0.2,78615.99
2026-09-02 04:39:45,deribit,BTC,BTC-2SEP26-73000-P,2026-09-02,73000,put,0.0,,0.0001,60.6,,,,,38.1,22.4,77484.84
2026-09-02 04:39:45,deribit,BTC,BTC-25SEP26-58000-P,2026-09-25,58000,put,0.00102589,0.0009,0.0011,57.6,,,,,1330.1,37.8,77661.83
2026-09-02 04:39:45,deribit,BTC,BTC-18SEP26-76000-P,2026-09-18,76000,put,0.02027284,0.0195,0.0205,35.52,,,,,122.2,30.3,77614.41
2026-09-02 04:39:45,deribit,BTC,BTC-25DEC26-54000-C,2026-12-25,54000,call,0.32115163,0.317,0.3235,47.88,,,,,33.1,0.0,78615.5
2026-09-02 04:39:45,deribit,BTC,BTC-3SEP26-75000-P,2026-09-03,75000,put,0.00073084,0.0006,0.0009,40.4,,,,,48.8,31.5,77499.19
2026-09-02 04:39:45,deribit,BTC,BTC-25DEC26-200000-C,2026-12-25,200000,call,0.00067333,0.0005,0.0009,62.83,,,,,969.3,0.2,78615.5
2026-09-02 04:39:45,deribit,BTC,BTC-27NOV26-71000-P,2026-11-27,71000,put,0.03484275,0.0345,0.0355,39.15,,,,,4.4,0.1,78321.82
2026-09-02 04:39:45,deribit,BTC,BTC-4SEP26-79500-C,2026-09-04,79500,call,0.0021553,0.0019,0.0023,33.24,,,,,14.3,4.7,77506.99
2026-09-02 04:39:45,deribit,BTC,BTC-25SEP26-320000-C,2026-09-25,320000,call,4.77e-06,,0.0001,140.15,,,,,304.6,0.0,77661.83
2026-09-02 04:39:45,deribit,BTC,BTC-25JUN27-72000-P,2027-06-25,72000,put,0.09655902,0.0955,0.098,42.34,,,,,45.4,0.0,80485.39
2026-09-02 04:39:45,deribit,BTC,BTC-5SEP26-88000-P,2026-09-05,88000,put,0.13540098,0.133,0.1385,58.41,,,,,0.0,0.0,77518.88
2026-09-02 04:39:45,deribit,BTC,BTC-11SEP26-86000-P,2026-09-11,86000,put,0.11019894,0.1075,0.1135,39.7,,,,,0.0,0.0,77560.35
2026-09-02 04:39:45,deribit,BTC,BTC-25DEC26-45000-C,2026-12-25,45000,call,0.43136413,0.428,0.4335,56.75,,,,,54.3,0.0,78615.99
2026-09-02 04:39:45,deribit,BTC,BTC-5SEP26-69000-C,2026-09-05,69000,call,0.11016572,0.107,0.112,58.07,,,,,0.0,0.0,77518.88
2026-09-02 04:39:45,deribit,BTC,BTC-25JUN27-70000-C,2027-06-25,70000,call,0.21640618,0.2145,0.2175,42.57,,,,,195.3,0.2,80485.03
2026-09-02 04:39:45,deribit,BTC,BTC-11SEP26-64000-C,2026-09-11,64000,call,0.17521631,0.173,0.177,55.09,,,,,0.0,0.0,77560.35
2026-09-02 04:39:45,deribit,BTC,BTC-5SEP26-71000-C,2026-09-05,71000,call,0.08455832,0.0815,0.0865,49.52,,,,,0.0,0.0,77518.42
2026-09-02 04:39:45,deribit,BTC,BTC-25DEC26-68000-P,2026-12-25,68000,put,0.03285066,0.0325,0.0335,40.33,,,,,554.8,0.0,78615.99
2026-09-02 04:39:45,deribit,BTC,BTC-26MAR27-98000-P,2027-03-26,98000,put,0.28214295,0.2795,0.2855,40.77,,,,,0.2,0.0,79508.23
2026-09-02 04:39:45,deribit,BTC,BTC-25DEC26-115000-P,2026-12-25,115000,put,0.47035821,0.467,0.474,43.67,,,,,5.0,0.0,78615.99
2026-09-02 04:39:45,deribit,BTC,BTC-4SEP26-81000-P,2026-09-04,81000,put,0.04581006,0.0445,0.0475,36.91,,,,,97.3,0.5,77506.99
2026-09-02 04:39:45,deribit,BTC,BTC-3SEP26-78000-P,2026-09-03,78000,put,0.01070285,0.01,0.011,31.05,,,,,105.0,22.6,77499.03
2026-09-02 04:39:45,deribit,BTC,BTC-25JUN27-78000-P,2027-06-25,78000,put,0.13189478,0.1305,0.1335,41.73,,,,,104.6,6.1,80485.03
2026-09-02 04:39:45,deribit,BTC,BTC-4SEP26-88000-P,2026-09-04,88000,put,0.1355123,0.133,0.1385,67.4,,,,,0.0,0.0,77506.5
2026-09-02 04:39:45,deribit,BTC,BTC-30OCT26-48000-P,2026-10-30,48000,put,0.00162535,0.0015,0.0019,60.95,,,,,189.5,54.6,78021.74
2026-09-02 04:39:45,deribit,BTC,BTC-4SEP26-61000-P,2026-09-04,61000,put,3.4e-06,,0.0001,89.13,,,,,156.2,0.6,77506.99
2026-09-02 04:39:45,deribit,BTC,BTC-25SEP26-84000-C,2026-09-25,84000,call,0.01054612,0.01,0.011,36.65,,,,,4445.3,671.3,77661.34
2026-09-02 04:39:45,deribit,BTC,BTC-25DEC26-102000-P,2026-12-25,102000,put,0.31380114,0.3105,0.317,40.8,,,,,7.8,0.0,78615.99
2026-09-02 04:39:45,deribit,BTC,BTC-25JUN27-120000-C,2027-06-25,120000,call,0.03798771,0.037,0.039,43.52,,,,,292.6,0.0,80485.03
2026-09-02 04:39:45,deribit,BTC,BTC-3SEP26-74000-P,2026-09-03,74000,put,0.00045735,0.0004,0.0006,48.02,,,,,63.2,11.1,77499.19
2026-09-02 04:39:45,deribit,BTC,BTC-25SEP26-165000-C,2026-09-25,165000,call,1.524e-05,,0.0001,84.49,,,,,266.6,0.0,77661.83
2026-09-02 04:39:45,deribit,BTC,BTC-2SEP26-77500-P,2026-09-02,77500,put,0.00232924,0.0019,0.0025,28.6,,,,,42.0,74.5,77484.84
2026-09-02 04:39:45,deribit,BTC,BTC-3SEP26-80500-C,2026-09-03,80500,call,0.00023524,0.0002,0.0003,36.13,,,,,56.4,59.5,77499.19
2026-09-02 04:39:45,deribit,BTC,BTC-5SEP26-74500-P,2026-09-05,74500,put,0.00206627,0.0019,0.0023,37.05,,,,,0.0,0.0,77518.88
2026-09-02 04:39:45,deribit,BTC,BTC-25SEP26-65000-P,2026-09-25,65000,put,0.00265525,0.0025,0.0029,45.29,,,,,980.9,705.8,77661.83
2026-09-02 04:39:45,deribit,BTC,BTC-11SEP26-74000-C,2026-09-11,74000,call,0.05190422,0.05,0.0535,35.09,,,,,17.7,0.8,77560.35
2026-09-02 04:39:45,deribit,BTC,BTC-25JUN27-106000-P,2027-06-25,106000,put,0.37630881,0.3735,0.383,42.21,,,,,0.0,0.0,80485.03
2026-09-02 04:39:45,deribit,BTC,BTC-26MAR27-170000-P,2027-03-26,170000,put,1.14347329,1.1325,1.1635,51.49,,,,,0.2,0.0,79508.23
2026-09-02 04:39:45,deribit,BTC,BTC-25SEP26-160000-P,2026-09-25,160000,put,1.0602434,1.055,1.069,81.88,,,,,0.6,0.0,77661.83
2026-09-02 04:39:45,deribit,BTC,BTC-25SEP26-80000-P,2026-09-25,80000,put,0.05281468,0.0515,0.0535,35.09,,,,,1000.2,7.5,77661.83
2026-09-02 04:39:45,deribit,BTC,BTC-30OCT26-104000-P,2026-10-30,104000,put,0.33708768,0.332,0.3445,43.38,,,,,0.0,0.0,78021.74
2026-09-02 04:39:45,deribit,BTC,BTC-30OCT26-91000-P,2026-10-30,91000,put,0.17954945,0.1775,0.182,37.88,,,,,0.2,0.0,78021.74
2026-09-02 04:39:45,deribit,BTC,BTC-5SEP26-75500-P,2026-09-05,75500,put,0.00375014,0.0036,0.004,34.95,,,,,20.2,20.2,77518.42
2026-09-02 04:39:45,deribit,BTC,BTC-2SEP26-84000-P,2026-09-02,84000,put,0.08409198,0.082,0.087,52.88,,,,,0.0,0.0,77484.84
2026-09-02 04:39:45,deribit,BTC,BTC-25SEP26-180000-C,2026-09-25,180000,call,1.185e-05,,0.0001,91.84,,,,,792.3,0.0,77661.83
2026-09-02 04:39:45,deribit,BTC,BTC-26MAR27-90000-P,2027-03-26,90000,put,0.2045572,0.202,0.2075,40.29,,,,,14.1,0.0,79507.8
2026-09-02 04:39:45,deribit,BTC,BTC-18SEP26-68000-C,2026-09-18,68000,call,0.12651488,0.1235,0.1285,43.07,,,,,0.0,0.0,77613.95
2026-09-02 04:39:45,deribit,BTC,BTC-30OCT26-80000-P,2026-10-30,80000,put,0.07174858,0.071,0.072,36.09,,,,,531.7,12.1,78021.74
2026-09-02 04:39:45,deribit,BTC,BTC-26MAR27-54000-P,2027-03-26,54000,put,0.01866405,0.018,0.0195,46.12,,,,,84.0,0.0,79508.23
2026-09-02 04:39:45,deribit,BTC,BTC-3SEP26-77000-P,2026-09-03,77000,put,0.00427027,0.004,0.0044,31.48,,,,,50.8,12.4,77499.03
2026-09-02 04:39:45,deribit,BTC,BTC-27NOV26-93000-C,2026-11-27,93000,call,0.02062567,0.02,0.021,39.14,,,,,6.9,0.4,78321.82
2026-09-02 04:39:45,deribit,BTC,BTC-3SEP26-77500-P,2026-09-03,77500,put,0.00695193,0.0065,0.007,30.97,,,,,83.7,100.6,77499.19
2026-09-02 04:39:45,deribit,BTC,BTC-18SEP26-82000-C,2026-09-18,82000,call,0.01060181,0.01,0.011,35.99,,,,,415.8,32.1,77614.41
2026-09-02 04:39:45,deribit,BTC,BTC-26MAR27-60000-P,2027-03-26,60000,put,0.03062604,0.03,0.0315,43.74,,,,,802.2,0.0,79508.23
2026-09-02 04:39:45,deribit,BTC,BTC-2SEP26-75000-C,2026-09-02,75000,call,0.03206148,0.029,0.034,48.85,,,,,0.0,0.0,77484.84
2026-09-02 04:39:45,deribit,BTC,BTC-25DEC26-65000-C,2026-12-25,65000,call,0.19754614,0.1955,0.2,41.46,,,,,946.1,2.2,78615.99
2026-09-02 04:39:45,deribit,BTC,BTC-30OCT26-110000-P,2026-10-30,110000,put,0.41258944,0.409,0.418,46.05,,,,,0.0,0.0,78021.74
2026-09-02 04:39:45,deribit,BTC,BTC-2SEP26-75500-P,2026-09-02,75500,put,8.3e-07,,0.0001,39.79,,,,,254.8,159.1,77484.84
2026-09-02 04:39:45,deribit,BTC,BTC-25DEC26-190000-C,2026-12-25,190000,call,0.00080182,0.0007,0.0011,61.02,,,,,1026.7,0.1,78615.99
2026-09-02 04:39:45,deribit,BTC,BTC-25SEP26-105000-P,2026-09-25,105000,put,0.35267132,0.35,0.3575,53.12,,,,,105.5,0.0,77661.34
2026-09-02 04:39:45,deribit,BTC,BTC-25DEC26-230000-P,2026-12-25,230000,put,1.92593375,1.9105,1.946,65.52,,,,,0.0,0.0,78615.99
2026-09-02 04:39:45,deribit,BTC,BTC-25SEP26-72000-C,2026-09-25,72000,call,0.08373984,0.082,0.0855,37.43,,,,,3329.2,20.6,77661.83
2026-09-02 04:39:45,deribit,BTC,BTC-25SEP26-130000-P,2026-09-25,130000,put,0.6740409,0.669,0.6795,69.61,,,,,21.4,0.0,77661.83
2026-09-02 04:39:45,deribit,BTC,BTC-25SEP26-70000-P,2026-09-25,70000,put,0.0069047,0.0065,0.0075,38.93,,,,,8652.1,1857.9,77661.34
2026-09-02 04:39:45,deribit,BTC,BTC-26MAR27-150000-C,2027-03-26,150000,call,0.00793203,0.0075,0.0085,48.36,,,,,1897.8,0.1,79508.23
2026-09-02 04:39:45,deribit,BTC,BTC-25DEC26-45000-P,2026-12-25,45000,put,0.00377041,0.0036,0.0039,56.75,,,,,2843.1,151.7,78615.99
2026-09-02 04:39:45,deribit,BTC,BTC-30OCT26-67000-P,2026-10-30,67000,put,0.01338821,0.013,0.014,39.95,,,,,397.9,7.4,78021.74
2026-09-02 04:39:45,deribit,BTC,BTC-25JUN27-125000-C,2027-06-25,125000,call,0.03275047,0.032,0.0335,44.01,,,,,115.5,0.0,80485.03
2026-09-02 04:39:45,deribit,BTC,BTC-4SEP26-82000-C,2026-09-04,82000,call,0.00045679,0.0004,0.0005,40.85,,,,,6281.3,81.5,77506.99
2026-09-02 04:39:45,deribit,BTC,BTC-25JUN27-60000-C,2027-06-25,60000,call,0.30041162,0.2985,0.302,44.38,,,,,947.6,4.3,80485.03
2026-09-02 04:39:45,deribit,BTC,BTC-3SEP26-79500-C,2026-09-03,79500,call,0.0007722,0.0006,0.0009,33.78,,,,,52.1,39.8,77499.19
2026-09-02 04:39:45,deribit,BTC,BTC-27NOV26-79000-P,2026-11-27,79000,put,0.07826144,0.0775,0.079,38.0,,,,,71.2,60.2,78322.3
2026-09-02 04:39:45,deribit,BTC,BTC-3SEP26-71000-P,2026-09-03,71000,put,0.00016827,0.0001,0.0003,70.23,,,,,10.0,9.4,77499.19
2026-09-02 04:39:45,deribit,BTC,BTC-4SEP26-72000-P,2026-09-04,72000,put,0.0004596,0.0004,0.0006,51.6,,,,,552.0,54.3,77506.99
2026-09-02 04:39:45,deribit,BTC,BTC-4SEP26-68000-C,2026-09-04,68000,call,0.12282674,0.1215,0.124,73.14,,,,,908.4,0.1,77506.99
2026-09-02 04:39:45,deribit,BTC,BTC-30OCT26-59000-C,2026-10-30,59000,call,0.24873684,0.2455,0.2505,47.26,,,,,1.0,0.0,78021.74
2026-09-02 04:39:45,deribit,BTC,BTC-25JUN27-115000-C,2027-06-25,115000,call,0.04399789,0.043,0.0445,42.94,,,,,37.9,1.0,80485.03
2026-09-02 04:39:45,deribit,BTC,BTC-25SEP26-220000-C,2026-09-25,220000,call,6.15e-06,,0.0001,107.36,,,,,241.9,0.0,77661.34
2026-09-02 04:39:45,deribit,BTC,BTC-2SEP26-85000-P,2026-09-02,85000,put,0.09699784,0.095,0.1005,57.15,,,,,0.0,0.0,77484.84
2026-09-02 04:39:45,deribit,BTC,BTC-26MAR27-106000-C,2027-03-26,106000,call,0.03427975,0.0335,0.035,41.53,,,,,79.2,0.0,79508.23
2026-09-02 04:39:45,deribit,BTC,BTC-5SEP26-74500-C,2026-09-05,74500,call,0.04100437,0.039,0.043,37.05,,,,,0.0,0.0,77518.88
2026-09-02 04:39:45,deribit,BTC,BTC-30OCT26-48000-C,2026-10-30,48000,call,0.38635859,0.384,0.388,60.95,,,,,0.1,0.0,78021.74
2026-09-02 04:39:45,deribit,BTC,BTC-11SEP26-80000-P,2026-09-11,80000,put,0.04064505,0.0395,0.042,33.27,,,,,104.3,12.5,77560.76
2026-09-02 04:39:45,deribit,BTC,BTC-25SEP26-100000-C,2026-09-25,100000,call,0.00111442,0.001,0.0012,49.53,,,,,7296.2,45.8,77661.83
2026-09-02 04:39:45,deribit,BTC,BTC-3SEP26-72000-P,2026-09-03,72000,put,0.00026735,0.0002,0.0004,64.61,,,,,12.6,1.5,77499.03
2026-09-02 04:39:45,deribit,BTC,BTC-26MAR27-98000-C,2027-03-26,98000,call,0.04945235,0.0485,0.0505,40.77,,,,,114.0,10.0,79508.23
2026-09-02 04:39:45,deribit,BTC,BTC-30OCT26-88000-P,2026-10-30,88000,put,0.14659079,0.1445,0.149,37.24,,,,,8.1,0.0,78021.74
2026-09-02 04:39:45,deribit,BTC,BTC-4SEP26-80000-C,2026-09-04,80000,call,0.00145442,0.0013,0.0016,34.14,,,,,1130.4,72.0,77506.5
2026-09-02 04:39:45,deribit,BTC,BTC-30OCT26-102000-P,2026-10-30,102000,put,0.31213434,0.309,0.315,42.47,,,,,0.0,0.0,78021.65
2026-09-02 04:39:45,deribit,BTC,BTC-2SEP26-77000-P,2026-09-02,77000,put,0.00038863,0.0003,0.0006,29.19,,,,,692.5,689.4,77484.84
2026-09-02 04:39:45,deribit,BTC,BTC-11SEP26-78000-C,2026-09-11,78000,call,0.01819396,0.0175,0.0185,33.03,,,,,763.9,123.8,77560.76
2026-09-02 04:39:45,deribit,BTC,BTC-25SEP26-60000-P,2026-09-25,60000,put,0.00127354,0.0011,0.0014,53.63,,,,,4799.3,92.7,77661.83
2026-09-02 04:39:45,deribit,BTC,BTC-27NOV26-88000-P,2026-11-27,88000,put,0.15536453,0.1535,0.1575,38.3,,,,,0.0,0.0,78322.3
2026-09-02 04:39:45,deribit,BTC,BTC-25DEC26-72000-P,2026-12-25,72000,put,0.04843813,0.048,0.049,39.36,,,,,606.1,19.3,78615.99
2026-09-02 04:39:45,deribit,BTC,BTC-26MAR27-56000-C,2027-03-26,56000,call,0.31773032,0.315,0.3205,45.29,,,,,16.9,0.0,79508.23
2026-09-02 04:39:45,deribit,BTC,BTC-27NOV26-105000-P,2026-11-27,105000,put,0.34867609,0.346,0.3525,42.12,,,,,0.0,0.0,78322.3
2026-09-02 04:39:45,deribit,BTC,BTC-5SEP26-87000-P,2026-09-05,87000,put,0.12250399,0.12,0.126,53.94,,,,,0.0,0.0,77518.88
2026-09-02 04:39:45,deribit,BTC,BTC-25JUN27-55000-C,2027-06-25,55000,call,0.34898462,0.347,0.3505,45.79,,,,,2.9,0.0,80485.39
2026-09-02 04:39:45,deribit,BTC,BTC-27NOV26-93000-P,2026-11-27,93000,put,0.20803408,0.2055,0.2105,39.14,,,,,0.0,0.0,78322.3
2026-09-02 04:39:45,deribit,BTC,BTC-27NOV26-108000-P,2026-11-27,108000,put,0.38546653,0.383,0.3895,42.97,,,,,0.0,0.0,78322.3
2026-09-02 04:39:45,deribit,BTC,BTC-4SEP26-63000-C,2026-09-04,63000,call,0.18718595,0.186,0.1885,89.13,,,,,85.8,0.2,77506.5
2026-09-02 04:39:45,deribit,BTC,BTC-3SEP26-87000-C,2026-09-03,87000,call,2.21e-06,,0.0001,59.5,,,,,3.4,0.0,77499.19
2026-09-02 04:39:45,deribit,BTC,BTC-25DEC26-56000-C,2026-12-25,56000,call,0.29760072,0.296,0.2995,46.61,,,,,41.5,0.0,78615.99
2026-09-02 04:39:45,deribit,BTC,BTC-4SEP26-75000-P,2026-09-04,75000,put,0.00163913,0.0015,0.0019,36.64,,,,,970.5,104.4,77506.99
2026-09-02 04:39:45,deribit,BTC,BTC-25SEP26-52000-P,2026-09-25,52000,put,0.00058244,0.0005,0.0006,70.28,,,,,1211.7,0.7,77661.83
2026-09-02 04:39:45,deribit,BTC,BTC-26MAR27-86000-P,2027-03-26,86000,put,0.16961606,0.1675,0.171,40.16,,,,,1.7,0.0,79508.23
2026-09-02 04:39:45,deribit,BTC,BTC-18SEP26-80000-C,2026-09-18,80000,call,0.01706341,0.0165,0.0175,35.22,,,,,355.2,61.2,77614.41
2026-09-02 04:39:45,deribit,BTC,BTC-26MAR27-40000-P,2027-03-26,40000,put,0.00547398,0.0055,0.006,54.52,,,,,1837.3,152.7,79508.23
2026-09-02 04:39:45,deribit,BTC,BTC-26MAR27-120000-C,2027-03-26,120000,call,0.01931972,0.0185,0.02,43.35,,,,,795.5,0.3,79508.23
2026-09-02 04:39:45,deribit,BTC,BTC-2SEP26-79000-P,2026-09-02,79000,put,0.01956782,0.0175,0.023,35.34,,,,,3.5,0.9,77484.35
2026-09-02 04:39:45,deribit,BTC,BTC-4SEP26-58000-C,2026-09-04,58000,call,0.25167619,0.2495,0.2535,89.22,,,,,0.0,0.0,77506.99
2026-09-02 04:39:45,deribit,BTC,BTC-30OCT26-80000-C,2026-10-30,80000,call,0.04630397,0.046,0.047,36.09,,,,,1111.7,216.4,78021.74
2026-09-02 04:39:45,deribit,BTC,BTC-25JUN27-140000-C,2027-06-25,140000,call,0.02213247,0.021,0.023,45.71,,,,,366.1,0.0,80485.39
2026-09-02 04:39:45,deribit,BTC,BTC-27NOV26-67000-C,2026-11-27,67000,call,0.16668743,0.1655,0.168,40.56,,,,,0.0,0.0,78322.3
2026-09-02 04:39:45,deribit,BTC,BTC-30OCT26-96000-P,2026-10-30,96000,put,0.23858236,0.2355,0.241,39.99,,,,,0.1,0.0,78021.74
2026-09-02 04:39:45,deribit,BTC,BTC-2SEP26-82000-P,2026-09-02,82000,put,0.05828027,0.056,0.061,51.0,,,,,0.0,0.0,77484.84
2026-09-02 04:39:45,deribit,BTC,BTC-11SEP26-77000-P,2026-09-11,77000,put,0.01749051,0.017,0.018,33.24,,,,,425.8,258.9,77560.76
2026-09-02 04:39:45,deribit,BTC,BTC-25SEP26-190000-C,2026-09-25,190000,call,6.64e-06,,0.0001,93.86,,,,,762.1,0.0,77661.34
2026-09-02 04:39:45,deribit,BTC,BTC-26MAR27-56000-P,2027-03-26,56000,put,0.02212495,0.0215,0.023,45.29,,,,,120.7,0.0,79508.23
2026-09-02 04:39:45,deribit,BTC,BTC-11SEP26-84000-C,2026-09-11,84000,call,0.00241566,0.0022,0.0025,36.96,,,,,365.3,23.1,77560.76
2026-09-02 04:39:45,deribit,BTC,BTC-25JUN27-56000-C,2027-06-25,56000,call,0.33903766,0.337,0.3405,45.51,,,,,3.0,0.0,80485.03
2026-09-02 04:39:45,deribit,BTC,BTC-25SEP26-64000-C,2026-09-25,64000,call,0.17816903,0.175,0.1805,46.85,,,,,671.9,18.5,77661.83
2026-09-02 04:39:45,deribit,BTC,BTC-5SEP26-76000-C,2026-09-05,76000,call,0.02471781,0.024,0.026,34.32,,,,,3.6,3.6,77518.42
2026-09-02 04:39:45,deribit,BTC,BTC-25JUN27-94000-C,2027-06-25,94000,call,0.09045979,0.089,0.0915,41.58,,,,,17.5,13.1,80485.39
2026-09-02 04:39:45,deribit,BTC,BTC-25JUN27-200000-P,2027-06-25,200000,put,1.49240477,1.4765,1.521,52.15,,,,,2.1,0.0,80485.03
2026-09-02 04:39:45,deribit,BTC,BTC-4SEP26-78500-P,2026-09-04,78500,put,0.01761967,0.0165,0.0185,32.28,,,,,24.9,7.3,77506.99
2026-09-02 04:39:45,deribit,BTC,BTC-27NOV26-78000-C,2026-11-27,78000,call,0.07555828,0.075,0.076,38.05,,,,,34.6,31.6,78322.3
2026-09-02 04:39:45,deribit,BTC,BTC-4SEP26-53000-P,2026-09-04,53000,put,1e-08,,0.0001,101.78,,,,,131.3,0.0,77506.5
2026-09-02 04:39:45,deribit,BTC,BTC-25SEP26-220000-P,2026-09-25,220000,put,1.83281773,1.827,1.843,107.36,,,,,24.8,0.0,77661.34
2026-09-02 04:39:45,deribit,BTC,BTC-27NOV26-62000-P,2026-11-27,62000,put,0.01240187,0.012,0.013,43.17,,,,,6.0,4.0,78321.82
2026-09-02 04:39:45,deribit,BTC,BTC-25DEC26-50000-C,2026-12-25,50000,call,0.36970261,0.3665,0.3725,51.59,,,,,260.7,0.0,78615.99
2026-09-02 04:39:45,deribit,BTC,BTC-18SEP26-82000-P,2026-09-18,82000,put,0.0672048,0.065,0.069,35.99,,,,,2.0,0.0,77613.95
2026-09-02 04:39:45,deribit,BTC,BTC-30OCT26-45000-P,2026-10-30,45000,put,0.00119747,0.001,0.0013,65.03,,,,,219.6,0.0,78021.74
2026-09-02 04:39:45,deribit,BTC,BTC-30OCT26-69000-C,2026-10-30,69000,call,0.13340551,0.1315,0.135,38.95,,,,,312.2,5.0,78021.74
2026-09-02 04:39:45,deribit,BTC,BTC-25JUN27-84000-C,2027-06-25,84000,call,0.13065134,0.129,0.132,41.51,,,,,18.9,0.0,80485.39
2026-09-02 04:39:45,deribit,BTC,BTC-25SEP26-40000-P,2026-09-25,40000,put,0.00014216,0.0001,0.0002,95.03,,,,,2805.7,0.3,77661.83
2026-09-02 04:39:45,deribit,BTC,BTC-25SEP26-280000-P,2026-09-25,280000,put,2.60540273,2.5935,2.6185,129.87,,,,,0.0,0.0,77661.83
2026-09-02 04:39:45,deribit,BTC,BTC-30OCT26-69000-P,2026-10-30,69000,put,0.01785149,0.0175,0.0185,38.95,,,,,264.0,39.4,78021.74
2026-09-02 04:39:45,deribit,BTC,BTC-27NOV26-82000-P,2026-11-27,82000,put,0.10104112,0.1005,0.1015,37.99,,,,,20.4,6.4,78322.3
2026-09-02 04:39:45,deribit,BTC,BTC-30OCT26-62000-P,2026-10-30,62000,put,0.00693139,0.0065,0.0075,43.92,,,,,1154.7,51.0,78021.74
2026-09-02 04:39:45,deribit,BTC,BTC-18SEP26-81000-C,2026-09-18,81000,call,0.01350212,0.013,0.014,35.6,,,,,190.4,20.9,77614.41
2026-09-02 04:39:45,deribit,BTC,BTC-25JUN27-88000-P,2027-06-25,88000,put,0.20613219,0.2045,0.2085,41.46,,,,,4.7,0.0,80485.03
2026-09-02 04:39:45,deribit,BTC,BTC-4SEP26-83000-P,2026-09-04,83000,put,0.07113765,0.069,0.0745,43.74,,,,,2.4,0.0,77506.99
2026-09-02 04:39:45,deribit,BTC,BTC-30OCT26-40000-C,2026-10-30,40000,call,0.48796,0.4855,0.4895,71.83,,,,,0.1,0.0,78021.74
2026-09-02 04:39:45,deribit,BTC,BTC-30OCT26-86000-P,2026-10-30,86000,put,0.12559981,0.1235,0.128,36.69,,,,,13.6,0.0,78021.74
2026-09-02 04:39:45,deribit,BTC,BTC-26MAR27-82000-P,2027-03-26,82000,put,0.13795248,0.137,0.139,40.18,,,,,6.2,0.0,79508.23
2026-09-02 04:39:45,deribit,BTC,BTC-25DEC26-64000-C,2026-12-25,64000,call,0.20779451,0.206,0.21,41.8,,,,,405.2,0.1,78615.99
2026-09-02 04:39:45,deribit,BTC,BTC-2SEP26-70000-P,2026-09-02,70000,put,0.0,,0.0001,63.1,,,,,51.5,15.0,77484.84
2026-09-02 04:39:45,deribit,BTC,BTC-26MAR27-95000-P,2027-03-26,95000,put,0.25197171,0.2495,0.255,40.56,,,,,0.4,0.0,79508.23
2026-09-02 04:39:45,deribit,BTC,BTC-25DEC26-95000-C,2026-12-25,95000,call,0.02616071,0.0255,0.0265,39.44,,,,,1439.8,1.3,78615.99
2026-09-02 04:39:45,deribit,BTC,BTC-11SEP26-82000-C,2026-09-11,82000,call,0.00454177,0.0043,0.0046,34.6,,,,,579.7,457.6,77560.76
2026-09-02 04:39:45,deribit,BTC,BTC-2SEP26-76500-C,2026-09-02,76500,call,0.01278771,0.0095,0.015,35.38,,,,,0.2,0.2,77484.84
2026-09-02 04:39:45,deribit,BTC,BTC-27NOV26-105000-C,2026-11-27,105000,call,0.00805369,0.0075,0.0085,42.12,,,,,6.3,0.0,78321.82
2026-09-02 04:39:45,deribit,BTC,BTC-25SEP26-95000-C,2026-09-25,95000,call,0.00187649,0.0017,0.002,44.96,,,,,5030.1,661.6,77661.83
2026-09-02 04:39:45,deribit,BTC,BTC-27NOV26-94000-C,2026-11-27,94000,call,0.01895854,0.0185,0.0195,39.35,,,,,48.2,1.2,78322.3
2026-09-02 04:39:45,deribit,BTC,BTC-11SEP26-74000-P,2026-09-11,74000,put,0.00600157,0.0055,0.0065,35.09,,,,,628.2,187.4,77560.76
2026-09-02 04:39:45,deribit,BTC,BTC-25SEP26-35000-C,2026-09-25,35000,call,0.54941005,0.548,0.5505,107.61,,,,,29.3,0.0,77661.83
2026-09-02 04:39:45,deribit,BTC,BTC-25DEC26-240000-P,2026-12-25,240000,put,2.0530776,2.036,2.076,66.51,,,,,0.0,0.0,78615.99
2026-09-02 04:39:45,deribit,BTC,BTC-2SEP26-79500-C,2026-09-02,79500,call,1.09e-06,,0.0001,40.14,,,,,67.8,65.4,77484.84
2026-09-02 04:39:45,deribit,BTC,BTC-18SEP26-88000-P,2026-09-18,88000,put,0.13671558,0.1345,0.139,40.48,,,,,0.0,0.0,77614.41
2026-09-02 04:39:45,deribit,BTC,BTC-3SEP26-84000-P,2026-09-03,84000,put,0.08402533,0.0815,0.0875,55.59,,,,,0.0,0.0,77499.03
2026-09-02 04:39:45,deribit,BTC,BTC-25JUN27-105000-C,2027-06-25,105000,call,0.06130852,0.06,0.0625,42.16,,,,,149.9,0.0,80485.39
2026-09-02 04:39:45,deribit,BTC,BTC-25DEC26-86000-P,2026-12-25,86000,put,0.14465205,0.143,0.146,38.63,,,,,47.4,0.0,78615.99
2026-09-02 04:39:45,deribit,BTC,BTC-25SEP26-200000-C,2026-09-25,200000,call,6.05e-06,,0.0001,98.24,,,,,1018.5,0.0,77661.83
2026-09-02 04:39:45,deribit,BTC,BTC-4SEP26-53000-C,2026-09-04,53000,call,0.31618674,0.314,0.3175,101.78,,,,,0.0,0.0,77506.99
2026-09-02 04:39:45,deribit,BTC,BTC-26MAR27-150000-P,2027-03-26,150000,put,0.89470336,0.882,0.9095,48.36,,,,,0.6,0.0,79507.8
2026-09-02 04:39:45,deribit,BTC,BTC-27NOV26-84000-P,2026-11-27,84000,put,0.11786239,0.1165,0.119,38.01,,,,,0.6,0.0,78322.3
2026-09-02 04:39:45,deribit,BTC,BTC-25SEP26-45000-P,2026-09-25,45000,put,0.00028517,0.0002,0.0004,85.24,,,,,2183.4,1.2,77661.83
2026-09-02 04:39:45,deribit,BTC,BTC-3SEP26-79000-C,2026-09-03,79000,call,0.00134641,0.0011,0.0015,32.42,,,,,114.8,112.0,77499.19
2026-09-02 04:39:45,deribit,BTC,BTC-25DEC26-20000-C,2026-12-25,20000,call,0.74608991,0.745,0.747,96.97,,,,,4.2,0.0,78615.99
2026-09-02 04:39:45,deribit,BTC,BTC-26MAR27-110000-C,2027-03-26,110000,call,0.02881586,0.028,0.0295,41.99,,,,,1134.0,6.0,79508.23
2026-09-02 04:39:45,deribit,BTC,BTC-25SEP26-145000-C,2026-09-25,145000,call,4.757e-05,,0.0001,77.29,,,,,485.3,0.0,77661.34
2026-09-02 04:39:45,deribit,BTC,BTC-26MAR27-125000-C,2027-03-26,125000,call,0.01629146,0.0155,0.017,44.22,,,,,302.7,0.0,79508.23
2026-09-02 04:39:45,deribit,BTC,BTC-11SEP26-83000-C,2026-09-11,83000,call,0.0032743,0.003,0.0034,35.69,,,,,268.3,13.4,77560.76
2026-09-02 04:39:45,deribit,BTC,BTC-25DEC26-150000-P,2026-12-25,150000,put,0.9101568,0.9015,0.9245,53.13,,,,,3.8,0.1,78615.5
2026-09-02 04:39:45,deribit,BTC,BTC-25JUN27-120000-P,2027-06-25,120000,put,0.52907659,0.5245,0.5365,43.52,,,,,0.1,0.0,80485.03
2026-09-02 04:39:45,deribit,BTC,BTC-30OCT26-87000-P,2026-10-30,87000,put,0.13586031,0.134,0.138,36.88,,,,,10.2,0.0,78021.65
2026-09-02 04:39:45,deribit,BTC,BTC-30OCT26-63000-P,2026-10-30,63000,put,0.00792453,0.0075,0.0085,43.11,,,,,513.5,10.1,78021.74
2026-09-02 04:39:45,deribit,BTC,BTC-25SEP26-160000-C,2026-09-25,160000,call,1.68e-05,,0.0001,81.88,,,,,1498.4,0.0,77661.83
2026-09-02 04:39:45,deribit,BTC,BTC-11SEP26-60000-P,2026-09-11,60000,put,0.0001847,0.0002,0.0003,65.05,,,,,87.3,2.6,77560.35
2026-09-02 04:39:45,deribit,BTC,BTC-25JUN27-64000-P,2027-06-25,64000,put,0.0598427,0.059,0.061,43.52,,,,,63.4,0.0,80485.39
2026-09-02 04:39:45,deribit,BTC,BTC-25JUN27-95000-C,2027-06-25,95000,call,0.08731161,0.086,0.0885,41.63,,,,,44.5,0.0,80485.39
2026-09-02 04:39:45,deribit,BTC,BTC-25JUN27-65000-C,2027-06-25,65000,call,0.25614169,0.254,0.2575,43.35,,,,,1.3,0.1,80485.39
2026-09-02 04:39:45,deribit,BTC,BTC-25DEC26-98000-C,2026-12-25,98000,call,0.02117116,0.021,0.0215,39.91,,,,,307.3,0.0,78615.5
2026-09-02 04:39:45,deribit,BTC,BTC-30OCT26-79000-P,2026-10-30,79000,put,0.06429331,0.0635,0.0645,36.08,,,,,350.2,3.4,78021.74
2026-09-02 04:39:45,deribit,BTC,BTC-4SEP26-65000-P,2026-09-04,65000,put,5.513e-05,,0.0002,83.97,,,,,407.0,0.5,77506.99
2026-09-02 04:39:45,deribit,BTC,BTC-30OCT26-98000-C,2026-10-30,98000,call,0.0065468,0.006,0.007,40.62,,,,,280.8,0.2,78021.74
2026-09-02 04:39:45,deribit,BTC,BTC-3SEP26-86000-C,2026-09-03,86000,call,5.14e-06,,0.0001,57.34,,,,,3.8,0.9,77499.19
2026-09-02 04:39:45,deribit,BTC,BTC-25DEC26-108000-P,2026-12-25,108000,put,0.38500665,0.3815,0.3885,42.08,,,,,0.1,0.0,78615.5
2026-09-02 04:39:45,deribit,BTC,BTC-5SEP26-88000-C,2026-09-05,88000,call,0.00018693,0.0001,0.0003,58.41,,,,,0.1,0.1,77518.88
2026-09-02 04:39:45,deribit,BTC,BTC-25JUN27-74000-P,2027-06-25,74000,put,0.10761412,0.1065,0.109,42.12,,,,,11.4,0.0,80485.39
2026-09-02 04:39:45,deribit,BTC,BTC-27NOV26-66000-C,2026-11-27,66000,call,0.17717008,0.176,0.1785,41.11,,,,,0.0,0.0,78322.3
2026-09-02 04:39:45,deribit,BTC,BTC-25SEP26-86000-C,2026-09-25,86000,call,0.00713363,0.007,0.0075,37.58,,,,,1795.9,511.7,77661.34
2026-09-02 04:39:45,deribit,BTC,BTC-5SEP26-77000-P,2026-09-05,77000,put,0.00937098,0.009,0.0095,33.71,,,,,10.3,10.5,77518.88
2026-09-02 04:39:45,deribit,BTC,BTC-25DEC26-115000-C,2026-12-25,115000,call,0.00754217,0.007,0.008,43.67,,,,,2332.9,50.5,78615.99
2026-09-02 04:39:45,deribit,BTC,BTC-5SEP26-78500-C,2026-09-05,78500,call,0.00716751,0.0065,0.0075,33.55,,,,,28.6,28.8,77518.42
2026-09-02 04:39:45,deribit,BTC,BTC-4SEP26-64000-P,2026-09-04,64000,put,4.614e-05,,0.0002,89.13,,,,,280.6,0.6,77506.5
2026-09-02 04:39:45,deribit,BTC,BTC-26MAR27-140000-P,2027-03-26,140000,put,0.77102254,0.7655,0.7775,46.48,,,,,1.0,0.2,79508.23
2026-09-02 04:39:45,deribit,BTC,BTC-25DEC26-80000-P,2026-12-25,80000,put,0.09603055,0.095,0.0965,38.71,,,,,1227.9,28.9,78615.99
2026-09-02 04:39:45,deribit,BTC,BTC-25SEP26-56000-P,2026-09-25,56000,put,0.00082734,0.0007,0.0009,61.57,,,,,1668.8,373.8,77661.83
2026-09-02 04:39:45,deribit,BTC,BTC-11SEP26-69000-P,2026-09-11,69000,put,0.00121018,0.0011,0.0014,43.65,,,,,613.6,28.6,77560.76
2026-09-02 04:39:45,deribit,BTC,BTC-26MAR27-70000-P,2027-03-26,70000,put,0.06569938,0.065,0.066,41.39,,,,,770.9,31.5,79508.23
2026-09-02 04:39:45,deribit,BTC,BTC-25JUN27-86000-C,2027-06-25,86000,call,0.12138628,0.12,0.1225,41.49,,,,,26.6,0.1,80485.39
2026-09-02 04:39:45,deribit,BTC,BTC-27NOV26-100000-C,2026-11-27,100000,call,0.01158061,0.011,0.012,40.68,,,,,54.4,0.7,78322.3
2026-09-02 04:39:45,deribit,BTC,BTC-5SEP26-69000-P,2026-09-05,69000,put,0.00027674,0.0002,0.0004,58.07,,,,,1.6,1.6,77518.42
2026-09-02 04:39:45,deribit,BTC,BTC-2SEP26-75500-C,2026-09-02,75500,call,0.02560863,0.0225,0.0275,39.79,,,,,0.0,0.0,77484.84
2026-09-02 04:39:45,deribit,BTC,BTC-26MAR27-64000-C,2027-03-26,64000,call,0.23706511,0.2355,0.238,42.59,,,,,137.8,6.0,79508.23
2026-09-02 04:39:45,deribit,BTC,BTC-4SEP26-60000-P,2026-09-04,60000,put,1.25e-06,,0.0001,89.13,,,,,1086.8,0.2,77506.5
2026-09-02 04:39:45,deribit,BTC,BTC-25DEC26-82000-P,2026-12-25,82000,put,0.11102478,0.11,0.1115,38.62,,,,,180.3,5.6,78615.99
2026-09-02 04:39:45,deribit,BTC,BTC-4SEP26-61000-C,2026-09-04,61000,call,0.21297304,0.212,0.214,89.13,,,,,5.5,0.0,77506.99
2026-09-02 04:39:45,deribit,BTC,BTC-25DEC26-90000-P,2026-12-25,90000,put,0.18251372,0.1805,0.185,38.87,,,,,649.1,0.1,78615.99
2026-09-02 04:39:45,deribit,BTC,BTC-26MAR27-50000-C,2027-03-26,50000,call,0.38447854,0.3815,0.387,48.24,,,,,21.6,0.0,79508.23
2026-09-02 04:39:45,deribit,BTC,BTC-30OCT26-74000-P,2026-10-30,74000,put,0.03492591,0.0345,0.0355,36.79,,,,,226.2,70.4,78021.74
2026-09-02 04:39:45,deribit,BTC,BTC-25JUN27-140000-P,2027-06-25,140000,put,0.76173616,0.756,0.771,45.71,,,,,0.5,0.0,80485.39
2026-09-02 04:39:45,deribit,BTC,BTC-25DEC26-180000-P,2026-12-25,180000,put,1.29055727,1.2805,1.3075,58.83,,,,,0.1,0.0,78615.5
2026-09-02 04:39:45,deribit,BTC,BTC-25SEP26-83000-C,2026-09-25,83000,call,0.01266128,0.012,0.013,36.03,,,,,667.8,168.6,77661.83
2026-09-02 04:39:45,deribit,BTC,BTC-27NOV26-110000-P,2026-11-27,110000,put,0.41049667,0.4075,0.4145,44.03,,,,,0.0,0.0,78321.82
2026-09-02 04:39:45,deribit,BTC,BTC-25JUN27-76000-C,2027-06-25,76000,call,0.17507276,0.173,0.1765,41.93,,,,,22.3,0.0,80485.03
2026-09-02 04:39:45,deribit,BTC,BTC-25DEC26-35000-P,2026-12-25,35000,put,0.00175777,0.0015,0.0019,69.63,,,,,2386.6,51.2,78615.99
2026-09-02 04:39:45,deribit,BTC,BTC-25SEP26-150000-P,2026-09-25,150000,put,0.93151064,0.927,0.9395,81.14,,,,,4.5,0.0,77661.83
2026-09-02 04:39:45,deribit,BTC,BTC-11SEP26-83000-P,2026-09-11,83000,put,0.07341051,0.0715,0.076,35.69,,,,,0.0,0.0,77560.35
2026-09-02 04:39:45,deribit,BTC,BTC-2SEP26-74000-C,2026-09-02,74000,call,0.04496669,0.044,0.0465,59.89,,,,,5.0,5.0,77484.84
2026-09-02 04:39:45,deribit,BTC,BTC-30OCT26-61000-C,2026-10-30,61000,call,0.22410541,0.2225,0.226,44.53,,,,,7.7,0.0,78021.74
2026-09-02 04:39:45,deribit,BTC,BTC-26MAR27-50000-P,2027-03-26,50000,put,0.01340232,0.0125,0.014,48.24,,,,,2458.2,0.1,79508.23
2026-09-02 04:39:45,deribit,BTC,BTC-30OCT26-92000-P,2026-10-30,92000,put,0.19115803,0.1885,0.1935,38.34,,,,,0.0,0.0,78021.74
2026-09-02 04:39:45,deribit,BTC,BTC-18SEP26-77000-P,2026-09-18,77000,put,0.0256763,0.0255,0.026,35.22,,,,,422.1,294.7,77614.41
2026-09-02 04:39:45,deribit,BTC,BTC-26MAR27-190000-C,2027-03-26,190000,call,0.00361636,0.0034,0.004,54.38,,,,,626.4,13.1,79508.23
2026-09-02 04:39:45,deribit,BTC,BTC-4SEP26-70000-C,2026-09-04,70000,call,0.097126,0.096,0.0985,62.65,,,,,754.3,7.4,77506.99
2026-09-02 04:39:45,deribit,BTC,BTC-25DEC26-110000-C,2026-12-25,110000,call,0.01005917,0.0095,0.0105,42.6,,,,,2752.2,100.0,78615.99
2026-09-02 04:39:45,deribit,BTC,BTC-5SEP26-79500-C,2026-09-05,79500,call,0.00395234,0.0037,0.0042,34.43,,,,,20.9,20.9,77518.88
2026-09-02 04:39:45,deribit,BTC,BTC-25JUN27-190000-P,2027-06-25,190000,put,1.36947661,1.3545,1.395,51.34,,,,,0.5,0.0,80485.39
2026-09-02 04:39:45,deribit,BTC,BTC-25SEP26-88000-P,2026-09-25,88000,put,0.13833989,0.1355,0.1405,39.37,,,,,5.8,0.0,77661.83
2026-09-02 04:39:45,deribit,BTC,BTC-25JUN27-102000-P,2027-06-25,102000,put,0.33535351,0.333,0.3415,41.94,,,,,0.0,0.0,80485.03
2026-09-02 04:39:45,deribit,BTC,BTC-4SEP26-62000-C,2026-09-04,62000,call,0.20007614,0.1975,0.2015,89.13,,,,,2.4,0.0,77506.99
2026-09-02 04:39:45,deribit,BTC,BTC-26MAR27-76000-P,2027-03-26,76000,put,0.09715507,0.0965,0.098,40.46,,,,,170.7,17.0,79508.23
2026-09-02 04:39:45,deribit,BTC,BTC-30OCT26-98000-P,2026-10-30,98000,put,0.26271645,0.26,0.2655,40.62,,,,,0.0,0.0,78021.74
2026-09-02 04:39:45,deribit,BTC,BTC-25SEP26-76000-C,2026-09-25,76000,call,0.04668162,0.046,0.0475,35.18,,,,,2885.3,40.3,77661.83
2026-09-02 04:39:45,deribit,BTC,BTC-30OCT26-64000-C,2026-10-30,64000,call,0.18856141,0.187,0.1905,42.12,,,,,418.0,0.0,78021.65
2026-09-02 04:39:45,deribit,BTC,BTC-25SEP26-110000-C,2026-09-25,110000,call,0.00037102,0.0003,0.0005,56.03,,,,,1512.5,52.4,77661.83
2026-09-02 04:39:45,deribit,BTC,BTC-25DEC26-82000-C,2026-12-25,82000,call,0.06797335,0.0675,0.0685,38.62,,,,,1211.6,2.1,78615.99
2026-09-02 04:39:45,deribit,BTC,BTC-4SEP26-88000-C,2026-09-04,88000,call,0.00012424,,0.0001,67.4,,,,,134.0,7.9,77506.99
2026-09-02 04:39:45,deribit,BTC,BTC-27NOV26-115000-P,2026-11-27,115000,put,0.4727259,0.467,0.482,45.46,,,,,0.0,0.0,78321.82
2026-09-02 04:39:45,deribit,BTC,BTC-18SEP26-72000-C,2026-09-18,72000,call,0.07945072,0.0775,0.0815,38.01,,,,,0.0,0.0,77613.95
2026-09-02 04:39:45,deribit,BTC,BTC-4SEP26-77000-C,2026-09-04,77000,call,0.01346967,0.0125,0.0145,32.39,,,,,124.7,26.6,77506.99
2026-09-02 04:39:45,deribit,BTC,BTC-25JUN27-108000-P,2027-06-25,108000,put,0.39733674,0.3945,0.4035,42.37,,,,,0.0,0.0,80485.39
2026-09-02 04:39:45,deribit,BTC,BTC-27NOV26-64000-C,2026-11-27,64000,call,0.19857403,0.1965,0.2005,42.09,,,,,0.0,0.0,78322.3
2026-09-02 04:39:45,deribit,BTC,BTC-25SEP26-55000-P,2026-09-25,55000,put,0.00077984,0.0007,0.0008,63.99,,,,,3103.5,48.7,77661.83
2026-09-02 04:39:45,deribit,BTC,BTC-25DEC26-130000-P,2026-12-25,130000,put,0.65764218,0.6505,0.6695,47.94,,,,,54.0,0.0,78615.99
2026-09-02 04:39:45,deribit,BTC,BTC-25DEC26-106000-C,2026-12-25,106000,call,0.01257831,0.012,0.013,41.54,,,,,745.7,6.6,78615.5
2026-09-02 04:39:45,deribit,BTC,BTC-25DEC26-30000-C,2026-12-25,30000,call,0.61950028,0.618,0.6205,76.61,,,,,300.6,0.0,78615.99
2026-09-02 04:39:45,deribit,BTC,BTC-27NOV26-75000-P,2026-11-27,75000,put,0.05337063,0.053,0.054,38.34,,,,,26.6,6.0,78322.3
2026-09-02 04:39:45,deribit,BTC,BTC-25DEC26-180000-C,2026-12-25,180000,call,0.00093216,0.0007,0.0012,58.83,,,,,934.5,0.0,78615.99
2026-09-02 04:39:45,deribit,BTC,BTC-25SEP26-74000-P,2026-09-25,74000,put,0.0167313,0.016,0.017,36.14,,,,,454.4,183.1,77661.83
2026-09-02 04:39:45,deribit,BTC,BTC-25DEC26-106000-P,2026-12-25,106000,put,0.36091309,0.358,0.364,41.54,,,,,0.2,0.0,78615.5
2026-09-02 04:39:45,deribit,BTC,BTC-30OCT26-94000-C,2026-10-30,94000,call,0.00957636,0.009,0.01,38.95,,,,,392.8,1.8,78021.74
2026-09-02 04:39:45,deribit,BTC,BTC-26MAR27-88000-P,2027-03-26,88000,put,0.18663684,0.1845,0.188,40.19,,,,,4.7,0.0,79507.8
2026-09-02 04:39:45,deribit,BTC,BTC-2SEP26-72000-C,2026-09-02,72000,call,0.0707783,0.0675,0.0725,63.07,,,,,0.0,0.0,77484.84
2026-09-02 04:39:45,deribit,BTC,BTC-30OCT26-57000-P,2026-10-30,57000,put,0.00387391,0.0037,0.0041,49.12,,,,,207.9,0.0,78021.74
2026-09-02 04:39:45,deribit,BTC,BTC-3SEP26-76500-C,2026-09-03,76500,call,0.01537079,0.0145,0.0165,32.68,,,,,19.8,19.8,77499.19
2026-09-02 04:39:45,deribit,BTC,BTC-4SEP26-73000-P,2026-09-04,73000,put,0.00056725,0.0005,0.0007,45.18,,,,,788.0,298.2,77506.99
2026-09-02 04:39:45,deribit,BTC,BTC-2SEP26-79500-P,2026-09-02,79500,put,0.02601671,0.024,0.0295,40.14,,,,,0.3,0.3,77484.84
2026-09-02 04:39:45,deribit,BTC,BTC-25DEC26-62000-P,2026-12-25,62000,put,0.0178842,0.0175,0.0185,42.79,,,,,1557.4,0.0,78615.99
2026-09-02 04:39:45,deribit,BTC,BTC-25SEP26-45000-C,2026-09-25,45000,call,0.42084644,0.419,0.422,85.24,,,,,224.9,0.0,77661.83
2026-09-02 04:39:45,deribit,BTC,BTC-25JUN27-96000-C,2027-06-25,96000,call,0.08412798,0.0825,0.0855,41.64,,,,,16.8,0.0,80485.39
2026-09-02 04:39:45,deribit,BTC,BTC-3SEP26-70000-C,2026-09-03,70000,call,0.09674143,0.094,0.099,70.24,,,,,0.0,0.0,77499.19
2026-09-02 04:39:45,deribit,BTC,BTC-26MAR27-200000-C,2027-03-26,200000,call,0.00294935,0.0026,0.0034,55.33,,,,,485.6,0.2,79508.23
2026-09-02 04:39:45,deribit,BTC,BTC-30OCT26-60000-P,2026-10-30,60000,put,0.00544125,0.005,0.006,45.87,,,,,1544.2,41.3,78021.74
2026-09-02 04:39:45,deribit,BTC,BTC-30OCT26-52000-P,2026-10-30,52000,put,0.00232256,0.0021,0.0026,55.29,,,,,125.7,0.0,78021.74
2026-09-02 04:39:45,deribit,BTC,BTC-25DEC26-140000-P,2026-12-25,140000,put,0.78367024,0.777,0.796,50.57,,,,,0.4,0.0,78615.99
2026-09-02 04:39:45,deribit,BTC,BTC-26MAR27-102000-P,2027-03-26,102000,put,0.32409745,0.3205,0.328,41.13,,,,,0.1,0.0,79508.23
2026-09-02 04:39:45,deribit,BTC,BTC-25JUN27-104000-P,2027-06-25,104000,put,0.3556851,0.353,0.362,42.08,,,,,0.0,0.0,80485.39
2026-09-02 04:39:45,deribit,BTC,BTC-25SEP26-98000-P,2026-09-25,98000,put,0.26322585,0.2605,0.2675,47.61,,,,,0.1,0.0,77661.83
2026-09-02 04:39:45,deribit,BTC,BTC-3SEP26-82000-C,2026-09-03,82000,call,6.946e-05,,0.0001,42.44,,,,,51.9,47.3,77499.19
2026-09-02 04:39:45,deribit,BTC,BTC-25JUN27-98000-P,2027-06-25,98000,put,0.29610516,0.2935,0.3015,41.76,,,,,0.0,0.0,80485.39
2026-09-02 04:39:45,deribit,BTC,BTC-25SEP26-40000-C,2026-09-25,40000,call,0.4850855,0.4835,0.4865,95.03,,,,,34.4,0.0,77661.83
2026-09-02 04:39:45,deribit,BTC,BTC-25JUN27-100000-P,2027-06-25,100000,put,0.31552052,0.313,0.3215,41.84,,,,,1.4,0.1,80485.03
2026-09-02 04:39:45,deribit,BTC,BTC-25SEP26-155000-C,2026-09-25,155000,call,2.75e-05,,0.0001,81.33,,,,,378.0,0.0,77661.34
2026-09-02 04:39:45,deribit,BTC,BTC-27NOV26-94000-P,2026-11-27,94000,put,0.21913478,0.217,0.222,39.35,,,,,0.0,0.0,78322.3
2026-09-02 04:39:45,deribit,BTC,BTC-4SEP26-80500-C,2026-09-04,80500,call,0.00100707,0.0009,0.0011,35.32,,,,,13.4,6.6,77506.99
2026-09-02 04:39:45,deribit,BTC,BTC-25SEP26-68000-P,2026-09-25,68000,put,0.0046305,0.0045,0.0049,41.27,,,,,1944.3,47.0,77661.83
2026-09-02 04:39:45,deribit,BTC,BTC-18SEP26-75000-P,2026-09-18,75000,put,0.01580998,0.0155,0.016,35.93,,,,,282.1,115.2,77613.95
2026-09-02 04:39:45,deribit,BTC,BTC-26MAR27-95000-C,2027-03-26,95000,call,0.05701653,0.056,0.058,40.56,,,,,545.1,53.0,79507.8
2026-09-02 04:39:45,deribit,BTC,BTC-30OCT26-56000-C,2026-10-30,56000,call,0.28566529,0.283,0.2875,50.28,,,,,0.0,0.0,78021.74
2026-09-02 04:39:45,deribit,BTC,BTC-25DEC26-70000-C,2026-12-25,70000,call,0.14956275,0.149,0.151,39.77,,,,,1929.9,0.6,78615.99
2026-09-02 04:39:45,deribit,BTC,BTC-2SEP26-82000-C,2026-09-02,82000,call,0.0,,0.0001,51.0,,,,,75.1,12.8,77484.84
2026-09-02 04:39:45,deribit,BTC,BTC-25DEC26-30000-P,2026-12-25,30000,put,0.00110446,0.0009,0.0014,76.61,,,,,2134.5,0.0,78615.5
2026-09-02 04:39:45,deribit,BTC,BTC-25JUN27-95000-P,2027-06-25,95000,put,0.26775697,0.2655,0.271,41.63,,,,,20.2,0.0,80485.03
2026-09-02 04:39:45,deribit,BTC,BTC-30OCT26-70000-P,2026-10-30,70000,put,0.02034971,0.02,0.021,38.31,,,,,810.0,1.7,78021.65
2026-09-02 04:39:45,deribit,BTC,BTC-25JUN27-82000-P,2027-06-25,82000,put,0.15954996,0.158,0.1615,41.57,,,,,24.1,0.0,80485.39
2026-09-02 04:39:45,deribit,BTC,BTC-25SEP26-180000-P,2026-09-25,180000,put,1.31776678,1.313,1.3265,91.84,,,,,10.5,0.0,77661.83
2026-09-02 04:39:45,deribit,BTC,BTC-25JUN27-200000-C,2027-06-25,200000,call,0.00725664,0.0065,0.008,52.15,,,,,16.1,0.0,80485.39
2026-09-02 04:39:45,deribit,BTC,BTC-30OCT26-68000-C,2026-10-30,68000,call,0.1437481,0.142,0.1455,39.34,,,,,143.8,0.0,78021.74
2026-09-02 04:39:45,deribit,BTC,BTC-4SEP26-70000-P,2026-09-04,70000,put,0.00027559,0.0002,0.0004,62.65,,,,,1031.7,41.4,77506.99
2026-09-02 04:39:45,deribit,BTC,BTC-4SEP26-75000-C,2026-09-04,75000,call,0.03397885,0.0325,0.0355,36.64,,,,,508.5,4.1,77506.5
2026-09-02 04:39:45,deribit,BTC,BTC-27NOV26-75000-C,2026-11-27,75000,call,0.0957832,0.095,0.097,38.34,,,,,5.1,4.0,78321.82
2026-09-02 04:39:45,deribit,BTC,BTC-30OCT26-100000-C,2026-10-30,100000,call,0.00553612,0.005,0.006,41.57,,,,,1620.0,201.7,78021.74
2026-09-02 04:39:45,deribit,BTC,BTC-25DEC26-105000-C,2026-12-25,105000,call,0.01358088,0.013,0.014,41.49,,,,,904.3,0.4,78615.99
2026-09-02 04:39:45,deribit,BTC,BTC-25DEC26-52000-C,2026-12-25,52000,call,0.34549795,0.341,0.3475,49.99,,,,,0.1,0.0,78615.99
2026-09-02 04:39:45,deribit,BTC,BTC-18SEP26-90000-P,2026-09-18,90000,put,0.16166126,0.159,0.1665,42.62,,,,,0.0,0.0,77614.41
2026-09-02 04:39:45,deribit,BTC,BTC-25SEP26-145000-P,2026-09-25,145000,put,0.86712793,0.862,0.8745,77.29,,,,,0.2,0.0,77661.34
2026-09-02 04:39:45,deribit,BTC,BTC-18SEP26-85000-P,2026-09-18,85000,put,0.10054099,0.098,0.1025,37.94,,,,,0.0,0.0,77614.41
2026-09-02 04:39:45,deribit,BTC,BTC-3SEP26-83000-P,2026-09-03,83000,put,0.07114318,0.069,0.0745,50.37,,,,,0.0,0.0,77499.03
2026-09-02 04:39:45,deribit,BTC,BTC-30OCT26-81000-C,2026-10-30,81000,call,0.04149059,0.041,0.042,36.18,,,,,296.8,41.0,78021.74
2026-09-02 04:39:45,deribit,BTC,BTC-30OCT26-55000-C,2026-10-30,55000,call,0.29816875,0.2945,0.3,51.58,,,,,0.1,0.0,78021.74
2026-09-02 04:39:45,deribit,BTC,BTC-25DEC26-94000-P,2026-12-25,94000,put,0.22385518,0.2215,0.2265,39.33,,,,,5.3,0.0,78615.99
2026-09-02 04:39:45,deribit,BTC,BTC-4SEP26-68000-P,2026-09-04,68000,put,0.00017206,0.0001,0.0003,73.14,,,,,247.3,35.3,77506.5
2026-09-02 04:39:45,deribit,BTC,BTC-5SEP26-76500-P,2026-09-05,76500,put,0.00689786,0.0065,0.0075,33.67,,,,,4.9,4.9,77518.88
2026-09-02 04:39:45,deribit,BTC,BTC-27NOV26-60000-C,2026-11-27,60000,call,0.24384833,0.2415,0.2455,44.54,,,,,0.1,0.0,78322.3
2026-09-02 04:39:45,deribit,BTC,BTC-25JUN27-66000-C,2027-06-25,66000,call,0.24776696,0.2455,0.249,43.16,,,,,25.7,0.0,80485.39
2026-09-02 04:39:45,deribit,BTC,BTC-4SEP26-90000-P,2026-09-04,90000,put,0.16122932,0.1595,0.163,68.62,,,,,7.7,0.1,77506.99
2026-09-02 04:39:45,deribit,BTC,BTC-25JUN27-66000-P,2027-06-25,66000,put,0.06786585,0.067,0.069,43.16,,,,,35.9,0.0,80485.39
2026-09-02 04:39:45,deribit,BTC,BTC-25DEC26-94000-C,2026-12-25,94000,call,0.02816206,0.0275,0.0285,39.33,,,,,403.5,1.6,78615.99
2026-09-02 04:39:45,deribit,BTC,BTC-27NOV26-68000-C,2026-11-27,68000,call,0.15663007,0.1555,0.158,40.15,,,,,0.0,0.0,78322.3
2026-09-02 04:39:45,deribit,BTC,BTC-25SEP26-56000-C,2026-09-25,56000,call,0.27974803,0.277,0.2815,61.57,,,,,13.4,0.0,77661.83
2026-09-02 04:39:45,deribit,BTC,BTC-25SEP26-62000-C,2026-09-25,62000,call,0.20332257,0.201,0.2055,50.07,,,,,597.4,0.0,77661.34
2026-09-02 04:39:45,deribit,BTC,BTC-30OCT26-105000-C,2026-10-30,105000,call,0.00371014,0.0035,0.0039,43.81,,,,,1132.6,0.1,78021.74
2026-09-02 04:39:45,deribit,BTC,BTC-30OCT26-55000-P,2026-10-30,55000,put,0.00316192,0.0029,0.0035,51.58,,,,,316.2,2.0,78021.74
2026-09-02 04:39:45,deribit,BTC,BTC-4SEP26-74000-P,2026-09-04,74000,put,0.00089482,0.0008,0.0011,40.43,,,,,704.3,158.9,77506.99
2026-09-02 04:39:45,deribit,BTC,BTC-25JUN27-160000-P,2027-06-25,160000,put,1.00264955,0.995,1.013,48.18,,,,,0.2,0.0,80485.39
2026-09-02 04:39:45,deribit,BTC,BTC-25SEP26-70000-C,2026-09-25,70000,call,0.10555557,0.104,0.1075,38.93,,,,,10971.6,21.3,77661.83
2026-09-02 04:39:45,deribit,BTC,BTC-27NOV26-85000-P,2026-11-27,85000,put,0.12682831,0.1255,0.128,38.07,,,,,4.6,0.0,78322.3
2026-09-02 04:39:45,deribit,BTC,BTC-25SEP26-260000-P,2026-09-25,260000,put,2.34787448,2.3405,2.36,123.09,,,,,0.0,0.0,77661.83
2026-09-02 04:39:45,deribit,BTC,BTC-4SEP26-74000-C,2026-09-04,74000,call,0.04613668,0.0445,0.0475,40.43,,,,,792.5,3.1,77506.5
2026-09-02 04:39:45,deribit,BTC,BTC-5SEP26-75000-P,2026-09-05,75000,put,0.0027563,0.0026,0.003,35.84,,,,,5.1,5.1,77518.88
2026-09-02 04:39:45,deribit,BTC,BTC-5SEP26-81500-C,2026-09-05,81500,call,0.00130235,0.0012,0.0014,38.28,,,,,0.4,0.4,77518.88
2026-09-02 04:39:45,deribit,BTC,BTC-26MAR27-85000-C,2027-03-26,85000,call,0.09215993,0.091,0.0935,40.14,,,,,344.1,0.0,79508.23
2026-09-02 04:39:45,deribit,BTC,BTC-25JUN27-102000-C,2027-06-25,102000,call,0.06792796,0.0665,0.069,41.94,,,,,16.4,4.0,80485.03
2026-09-02 04:39:45,deribit,BTC,BTC-25DEC26-110000-P,2026-12-25,110000,put,0.40927452,0.406,0.4125,42.6,,,,,55.7,0.0,78615.5
2026-09-02 04:39:45,deribit,BTC,BTC-5SEP26-87000-C,2026-09-05,87000,call,0.0001901,0.0001,0.0003,53.94,,,,,0.1,0.1,77518.88
2026-09-02 04:39:45,deribit,BTC,BTC-5SEP26-76000-P,2026-09-05,76000,put,0.00512995,0.0049,0.0055,34.32,,,,,35.2,36.0,77518.88
2026-09-02 04:39:45,deribit,BTC,BTC-26MAR27-52000-P,2027-03-26,52000,put,0.01567727,0.015,0.0165,47.01,,,,,123.8,0.0,79508.23
2026-09-02 04:39:45,deribit,BTC,BTC-27NOV26-87000-P,2026-11-27,87000,put,0.14554649,0.144,0.1475,38.19,,,,,0.0,0.0,78322.3
2026-09-02 04:39:45,deribit,BTC,BTC-30OCT26-89000-C,2026-10-30,89000,call,0.01660143,0.016,0.017,37.49,,,,,71.3,5.1,78021.74
2026-09-02 04:39:45,deribit,BTC,BTC-30OCT26-61000-P,2026-10-30,61000,put,0.00594614,0.0055,0.0065,44.53,,,,,234.2,0.1,78021.74
2026-09-02 04:39:45,deribit,BTC,BTC-4SEP26-79000-C,2026-09-04,79000,call,0.00320822,0.003,0.0034,32.54,,,,,234.9,28.1,77506.99
2026-09-02 04:39:45,deribit,BTC,BTC-25JUN27-60000-P,2027-06-25,60000,put,0.04595606,0.045,0.047,44.38,,,,,195.1,0.1,80485.39
2026-09-02 04:39:45,deribit,BTC,BTC-25DEC26-125000-P,2026-12-25,125000,put,0.59502478,0.5885,0.606,46.78,,,,,9.1,0.0,78615.99
2026-09-02 04:39:45,deribit,BTC,BTC-11SEP26-71000-C,2026-09-11,71000,call,0.08674292,0.0845,0.0885,39.66,,,,,26.0,7.2,77560.76
2026-09-02 04:39:45,deribit,BTC,BTC-27NOV26-58000-C,2026-11-27,58000,call,0.26739686,0.265,0.269,46.0,,,,,0.0,0.0,78322.3
2026-09-02 04:39:45,deribit,BTC,BTC-11SEP26-80000-C,2026-09-11,80000,call,0.00918846,0.0085,0.0095,33.27,,,,,743.7,261.4,77560.76
2026-09-02 04:39:45,deribit,BTC,BTC-5SEP26-79000-P,2026-09-05,79000,put,0.0245017,0.0235,0.0255,34.08,,,,,0.0,0.0,77518.88
2026-09-02 04:39:45,deribit,BTC,BTC-18SEP26-86000-C,2026-09-18,86000,call,0.00415944,0.0039,0.0043,38.54,,,,,291.4,33.1,77614.41
2026-09-02 04:39:45,deribit,BTC,BTC-26MAR27-110000-P,2027-03-26,110000,put,0.41244817,0.4085,0.417,41.99,,,,,4.1,0.0,79508.23
2026-09-02 04:39:45,deribit,BTC,BTC-26MAR27-52000-C,2027-03-26,52000,call,0.36159654,0.359,0.3645,47.01,,,,,5.3,0.0,79508.23
2026-09-02 04:39:45,deribit,BTC,BTC-25SEP26-90000-P,2026-09-25,90000,put,0.16248653,0.16,0.165,40.44,,,,,579.9,0.1,77661.83
2026-09-02 04:39:45,deribit,BTC,BTC-2SEP26-80000-C,2026-09-02,80000,call,1.4e-07,,0.0001,42.98,,,,,154.1,118.9,77484.84
2026-09-02 04:39:45,deribit,BTC,BTC-25JUN27-50000-P,2027-06-25,50000,put,0.02241986,0.0215,0.0235,47.62,,,,,402.1,0.9,80485.03
2026-09-02 04:39:45,deribit,BTC,BTC-25SEP26-320000-P,2026-09-25,320000,put,3.12045798,3.11,3.138,140.15,,,,,25.1,0.0,77661.83
2026-09-02 04:39:45,deribit,BTC,BTC-30OCT26-105000-P,2026-10-30,105000,put,0.34960619,0.3445,0.355,43.81,,,,,0.0,0.0,78021.74
2026-09-02 04:39:45,deribit,BTC,BTC-26MAR27-68000-C,2027-03-26,68000,call,0.20145716,0.2,0.2025,41.68,,,,,196.5,0.0,79508.23
2026-09-02 04:39:45,deribit,BTC,BTC-25DEC26-52000-P,2026-12-25,52000,put,0.0069452,0.0065,0.0075,49.99,,,,,541.4,2.0,78615.99
2026-09-02 04:39:45,deribit,BTC,BTC-5SEP26-68000-C,2026-09-05,68000,call,0.1229714,0.12,0.125,60.88,,,,,0.0,0.0,77518.88
2026-09-02 04:39:45,deribit,BTC,BTC-25SEP26-94000-C,2026-09-25,94000,call,0.00213813,0.002,0.0023,44.14,,,,,803.3,56.9,77661.83
2026-09-02 04:39:45,deribit,BTC,BTC-30OCT26-83000-P,2026-10-30,83000,put,0.09694335,0.0955,0.098,36.33,,,,,4.5,0.0,78021.74
2026-09-02 04:39:45,deribit,BTC,BTC-2SEP26-73000-C,2026-09-02,73000,call,0.05787244,0.055,0.06,60.6,,,,,0.0,0.0,77484.84
2026-09-02 04:39:45,deribit,BTC,BTC-25DEC26-96000-C,2026-12-25,96000,call,0.02458031,0.024,0.025,39.72,,,,,1467.6,13.1,78615.99
2026-09-02 04:39:45,deribit,BTC,BTC-18SEP26-74000-P,2026-09-18,74000,put,0.01224863,0.012,0.0125,36.53,,,,,177.0,56.3,77614.41
2026-09-02 04:39:45,deribit,BTC,BTC-27NOV26-69000-P,2026-11-27,69000,put,0.02784033,0.0275,0.0285,39.78,,,,,3.1,0.0,78322.3
2026-09-02 04:39:45,deribit,BTC,BTC-11SEP26-70000-C,2026-09-11,70000,call,0.09906344,0.0965,0.1015,41.52,,,,,286.8,0.0,77560.35
2026-09-02 04:39:45,deribit,BTC,BTC-25JUN27-170000-C,2027-06-25,170000,call,0.01201898,0.011,0.013,49.28,,,,,91.9,1.0,80485.39
2026-09-02 04:39:45,deribit,BTC,BTC-3SEP26-81500-C,2026-09-03,81500,call,8.009e-05,,0.0002,39.11,,,,,149.2,19.8,77499.19
2026-09-02 04:39:45,deribit,BTC,BTC-25DEC26-68000-C,2026-12-25,68000,call,0.16788117,0.1675,0.1695,40.33,,,,,1033.6,0.0,78615.99
2026-09-02 04:39:45,deribit,BTC,BTC-27NOV26-102000-C,2026-11-27,102000,call,0.01006932,0.0095,0.0105,41.35,,,,,33.5,0.5,78321.82
2026-09-02 04:39:45,deribit,BTC,BTC-25JUN27-40000-C,2027-06-25,40000,call,0.51317139,0.5105,0.514,52.67,,,,,17.1,0.0,80485.39
2026-09-02 04:39:45,deribit,BTC,BTC-2SEP26-78500-P,2026-09-02,78500,put,0.01313541,0.0115,0.0145,29.83,,,,,123.3,126.9,77484.84
2026-09-02 04:39:45,deribit,BTC,BTC-27NOV26-100000-P,2026-11-27,100000,put,0.28836385,0.286,0.292,40.68,,,,,0.0,0.0,78322.3
2026-09-02 04:39:45,deribit,BTC,BTC-25SEP26-94000-P,2026-09-25,94000,put,0.21252126,0.2095,0.2175,44.14,,,,,1.9,0.0,77661.34
2026-09-02 04:39:45,deribit,BTC,BTC-2SEP26-70000-C,2026-09-02,70000,call,0.09659001,0.094,0.0985,63.1,,,,,0.0,0.0,77484.84
2026-09-02 04:39:45,deribit,BTC,BTC-26MAR27-100000-C,2027-03-26,100000,call,0.04507808,0.044,0.046,40.95,,,,,668.9,0.0,79508.23
2026-09-02 04:39:45,deribit,BTC,BTC-26MAR27-68000-P,2027-03-26,68000,put,0.05679349,0.056,0.0575,41.68,,,,,293.7,0.0,79508.23
2026-09-02 04:39:45,deribit,BTC,BTC-3SEP26-81500-P,2026-09-03,81500,put,0.0517964,0.0495,0.0545,39.11,,,,,0.0,0.0,77499.19
2026-09-02 04:39:45,deribit,BTC,BTC-27NOV26-87000-C,2026-11-27,87000,call,0.03474507,0.034,0.0355,38.19,,,,,3.1,0.0,78322.3
2026-09-02 04:39:45,deribit,BTC,BTC-2SEP26-78000-C,2026-09-02,78000,call,0.00026871,0.0001,0.0004,27.19,,,,,38.0,40.1,77484.84
2026-09-02 04:39:45,deribit,BTC,BTC-3SEP26-79000-P,2026-09-03,79000,put,0.02080148,0.019,0.0225,32.42,,,,,6.1,0.2,77499.19
2026-09-02 04:39:45,deribit,BTC,BTC-4SEP26-55000-C,2026-09-04,55000,call,0.29038248,0.2885,0.292,96.33,,,,,0.0,0.0,77506.5
2026-09-02 04:39:45,deribit,BTC,BTC-25JUN27-52000-P,2027-06-25,52000,put,0.02602447,0.025,0.027,46.83,,,,,31.3,0.0,80485.39
2026-09-02 04:39:45,deribit,BTC,BTC-25SEP26-78000-P,2026-09-25,78000,put,0.03738798,0.037,0.0375,34.94,,,,,2785.5,613.8,77661.83
2026-09-02 04:39:45,deribit,BTC,BTC-11SEP26-85000-C,2026-09-11,85000,call,0.00179348,0.0016,0.0018,38.22,,,,,702.4,69.9,77560.35
2026-09-02 04:39:45,deribit,BTC,BTC-27NOV26-77000-P,2026-11-27,77000,put,0.06495684,0.0645,0.0655,38.09,,,,,12.0,3.4,78322.3
2026-09-02 04:39:45,deribit,BTC,BTC-2SEP26-74000-P,2026-09-02,74000,put,1.1e-07,,0.0001,59.89,,,,,113.4,57.2,77484.84
2026-09-02 04:39:45,deribit,BTC,BTC-27NOV26-77000-C,2026-11-27,77000,call,0.08183374,0.081,0.0825,38.09,,,,,1.8,1.8,78321.82
2026-09-02 04:39:45,deribit,BTC,BTC-26MAR27-125000-P,2027-03-26,125000,put,0.58860091,0.5835,0.594,44.22,,,,,0.1,0.0,79508.23
2026-09-02 04:39:45,deribit,BTC,BTC-26MAR27-115000-C,2027-03-26,115000,call,0.0235033,0.0225,0.0245,42.67,,,,,807.9,0.0,79508.23
2026-09-02 04:39:45,deribit,BTC,BTC-26MAR27-86000-C,2027-03-26,86000,call,0.08786716,0.087,0.089,40.16,,,,,141.6,12.0,79508.23
2026-09-02 04:39:45,deribit,BTC,BTC-11SEP26-95000-C,2026-09-11,95000,call,0.00033791,0.0003,0.0004,55.34,,,,,588.6,0.3,77560.76
2026-09-02 04:39:45,deribit,BTC,BTC-2SEP26-75000-P,2026-09-02,75000,put,7.5e-07,,0.0001,48.85,,,,,31.8,13.6,77484.84
2026-09-02 04:39:45,deribit,BTC,BTC-27NOV26-62000-C,2026-11-27,62000,call,0.22079626,0.2185,0.2225,43.17,,,,,0.0,0.0,78321.82
2026-09-02 04:39:45,deribit,BTC,BTC-11SEP26-67000-C,2026-09-11,67000,call,0.1368751,0.1335,0.139,47.93,,,,,0.0,0.0,77560.76
2026-09-02 04:39:45,deribit,BTC,BTC-27NOV26-80000-P,2026-11-27,80000,put,0.08551246,0.085,0.086,37.99,,,,,45.0,43.3,78322.3
2026-09-02 04:39:45,deribit,BTC,BTC-25JUN27-80000-P,2027-06-25,80000,put,0.145241,0.144,0.1475,41.6,,,,,58.7,0.0,80485.39
2026-09-02 04:39:45,deribit,BTC,BTC-4SEP26-79000-P,2026-09-04,79000,put,0.02247704,0.021,0.0245,32.54,,,,,183.5,9.1,77506.99
2026-09-02 04:39:45,deribit,BTC,BTC-25DEC26-55000-P,2026-12-25,55000,put,0.008934,0.0085,0.0095,47.24,,,,,2667.4,50.0,78615.99
2026-09-02 04:39:45,deribit,BTC,BTC-25SEP26-98000-C,2026-09-25,98000,call,0.00133705,0.0012,0.0014,47.61,,,,,1121.7,102.6,77661.83
2026-09-02 04:39:45,deribit,BTC,BTC-25JUN27-30000-P,2027-06-25,30000,put,0.00441791,0.004,0.0049,60.32,,,,,331.2,0.1,80485.03
2026-09-02 04:39:45,deribit,BTC,BTC-25SEP26-100000-P,2026-09-25,100000,put,0.28875605,0.286,0.2945,49.53,,,,,336.1,0.0,77661.34
2026-09-02 04:39:45,deribit,BTC,BTC-27NOV26-72000-C,2026-11-27,72000,call,0.11957107,0.1185,0.121,38.87,,,,,0.0,0.0,78322.3
2026-09-02 04:39:45,deribit,BTC,BTC-30OCT26-102000-C,2026-10-30,102000,call,0.00469246,0.0044,0.0049,42.47,,,,,181.1,0.5,78021.74
2026-09-02 04:39:45,deribit,BTC,BTC-5SEP26-72000-C,2026-09-05,72000,call,0.07184503,0.0685,0.074,45.49,,,,,0.0,0.0,77518.88
2026-09-02 04:39:45,deribit,BTC,BTC-27NOV26-83000-P,2026-11-27,83000,put,0.10927571,0.109,0.11,37.99,,,,,10.9,9.9,78322.3
2026-09-02 04:39:45,deribit,BTC,BTC-27NOV26-79000-C,2026-11-27,79000,call,0.06960268,0.069,0.07,38.0,,,,,40.6,28.1,78322.3
2026-09-02 04:39:45,deribit,BTC,BTC-25SEP26-102000-C,2026-09-25,102000,call,0.00086045,0.0008,0.001,50.74,,,,,191.2,30.4,77661.83
2026-09-02 04:39:45,deribit,BTC,BTC-26MAR27-102000-C,2027-03-26,102000,call,0.04109295,0.04,0.042,41.13,,,,,127.5,0.1,79508.23
2026-09-02 04:39:45,deribit,BTC,BTC-25DEC26-78000-P,2026-12-25,78000,put,0.08202681,0.0815,0.0825,38.72,,,,,1403.4,556.0,78615.99
2026-09-02 04:39:45,deribit,BTC,BTC-25JUN27-76000-P,2027-06-25,76000,put,0.11942905,0.118,0.121,41.93,,,,,74.2,1.9,80485.39
2026-09-02 04:39:45,deribit,BTC,BTC-2SEP26-81000-C,2026-09-02,81000,call,0.0,,0.0001,47.13,,,,,71.1,10.8,77484.84
2026-09-02 04:39:45,deribit,BTC,BTC-11SEP26-79000-C,2026-09-11,79000,call,0.01306473,0.0125,0.0135,33.06,,,,,150.7,32.7,77560.35
2026-09-02 04:39:45,deribit,BTC,BTC-25SEP26-80000-C,2026-09-25,80000,call,0.02270138,0.022,0.023,35.09,,,,,4855.8,1602.4,77661.83
2026-09-02 04:39:45,deribit,BTC,BTC-5SEP26-83000-P,2026-09-05,83000,put,0.07143962,0.069,0.075,42.96,,,,,0.0,0.0,77518.88
2026-09-02 04:39:45,deribit,BTC,BTC-27NOV26-81000-C,2026-11-27,81000,call,0.05885627,0.058,0.0595,37.96,,,,,1.6,1.1,78322.3
2026-09-02 04:39:45,deribit,BTC,BTC-25JUN27-78000-C,2027-06-25,78000,call,0.16268701,0.161,0.164,41.73,,,,,32.3,0.1,80485.39
2026-09-02 04:39:45,deribit,BTC,BTC-5SEP26-70000-P,2026-09-05,70000,put,0.00037274,0.0003,0.0005,54.17,,,,,11.5,11.5,77518.88
2026-09-02 04:39:45,deribit,BTC,BTC-4SEP26-84000-C,2026-09-04,84000,call,0.00025821,0.0002,0.0003,50.06,,,,,451.9,15.5,77506.99
2026-09-02 04:39:45,deribit,BTC,BTC-27NOV26-96000-P,2026-11-27,96000,put,0.24180892,0.2395,0.2445,39.82,,,,,0.0,0.0,78322.3
2026-09-02 04:39:45,deribit,BTC,BTC-25JUN27-62000-C,2027-06-25,62000,call,0.28215564,0.28,0.2835,43.92,,,,,117.0,0.1,80485.03
2026-09-02 04:39:45,deribit,BTC,BTC-25SEP26-92000-P,2026-09-25,92000,put,0.18737553,0.1845,0.1925,42.28,,,,,8.0,0.0,77661.83
2026-09-02 04:39:45,deribit,BTC,BTC-27NOV26-104000-P,2026-11-27,104000,put,0.33641259,0.334,0.34,41.73,,,,,0.0,0.0,78322.3
2026-09-02 04:39:45,deribit,BTC,BTC-26MAR27-58000-C,2027-03-26,58000,call,0.29654306,0.2935,0.299,44.5,,,,,4.3,0.0,79508.23
2026-09-02 04:39:45,deribit,BTC,BTC-26MAR27-94000-C,2027-03-26,94000,call,0.05968411,0.0585,0.061,40.45,,,,,166.2,0.0,79508.23
2026-09-02 04:39:45,deribit,BTC,BTC-5SEP26-82000-C,2026-09-05,82000,call,0.00104325,0.0009,0.0011,39.69,,,,,210.6,248.8,77518.88
2026-09-02 04:39:45,deribit,BTC,BTC-26MAR27-72000-C,2027-03-26,72000,call,0.1696192,0.168,0.1705,41.05,,,,,95.2,0.0,79508.23
2026-09-02 04:39:45,deribit,BTC,BTC-25JUN27-50000-C,2027-06-25,50000,call,0.40113283,0.3995,0.4025,47.62,,,,,17.5,0.0,80485.03
2026-09-02 04:39:45,deribit,BTC,BTC-25DEC26-55000-C,2026-12-25,55000,call,0.30932632,0.3075,0.311,47.24,,,,,44.9,0.0,78615.99
2026-09-02 04:39:45,deribit,BTC,BTC-25SEP26-52000-C,2026-09-25,52000,call,0.3310088,0.329,0.333,70.28,,,,,150.2,0.0,77661.34
2026-09-02 04:39:45,deribit,BTC,BTC-25DEC26-240000-C,2026-12-25,240000,call,0.00024412,0.0001,0.0005,66.51,,,,,785.2,0.0,78615.99
2026-09-02 04:39:45,deribit,BTC,BTC-11SEP26-86000-C,2026-09-11,86000,call,0.0013831,0.0012,0.0015,39.7,,,,,249.6,39.1,77560.76
2026-09-02 04:39:45,deribit,BTC,BTC-26MAR27-66000-P,2027-03-26,66000,put,0.04903154,0.048,0.0495,42.12,,,,,114.4,0.0,79508.23
2026-09-02 04:39:45,deribit,BTC,BTC-25DEC26-75000-C,2026-12-25,75000,call,0.10967399,0.109,0.111,38.94,,,,,1947.2,0.0,78615.99
2026-09-02 04:39:45,deribit,BTC,BTC-18SEP26-78000-C,2026-09-18,78000,call,0.0269846,0.0265,0.0275,35.02,,,,,55.2,6.1,77614.41
2026-09-02 04:39:45,deribit,BTC,BTC-3SEP26-80500-P,2026-09-03,80500,put,0.03904706,0.037,0.0425,36.13,,,,,0.0,0.0,77499.19
2026-09-02 04:39:45,deribit,BTC,BTC-11SEP26-88000-C,2026-09-11,88000,call,0.00089863,0.0008,0.0009,43.01,,,,,522.4,64.2,77560.76
2026-09-02 04:39:45,deribit,BTC,BTC-25SEP26-77000-P,2026-09-25,77000,put,0.03103804,0.0305,0.0315,35.14,,,,,708.2,42.1,77661.83
2026-09-02 04:39:45,deribit,BTC,BTC-26MAR27-35000-P,2027-03-26,35000,put,0.0034925,0.0032,0.0039,58.75,,,,,621.1,3.4,79508.23
2026-09-02 04:39:45,deribit,BTC,BTC-3SEP26-79500-P,2026-09-03,79500,put,0.02667952,0.025,0.0285,33.78,,,,,8.0,16.0,77499.19
2026-09-02 04:39:45,deribit,BTC,BTC-25JUN27-30000-C,2027-06-25,30000,call,0.63164569,0.63,0.6325,60.32,,,,,46.3,0.1,80485.39
2026-09-02 04:39:45,deribit,BTC,BTC-4SEP26-76500-P,2026-09-04,76500,put,0.00497326,0.0048,0.0055,33.54,,,,,75.3,77.6,77506.99
2026-09-02 04:39:45,deribit,BTC,BTC-4SEP26-81000-C,2026-09-04,81000,call,0.00073696,0.0006,0.0008,36.91,,,,,526.2,26.2,77506.99
2026-09-02 04:39:45,deribit,BTC,BTC-30OCT26-73000-C,2026-10-30,73000,call,0.09503198,0.094,0.096,37.19,,,,,435.9,0.0,78021.74
2026-09-02 04:39:45,deribit,BTC,BTC-30OCT26-81000-P,2026-10-30,81000,put,0.07975327,0.079,0.08,36.18,,,,,127.0,4.4,78021.74
2026-09-02 04:39:45,deribit,BTC,BTC-25SEP26-50000-P,2026-09-25,50000,put,0.00048459,0.0004,0.0005,74.64,,,,,3633.5,2.4,77661.83
2026-09-02 04:39:45,deribit,BTC,BTC-26MAR27-64000-P,2027-03-26,64000,put,0.04208754,0.041,0.043,42.59,,,,,126.0,0.3,79508.23
2026-09-02 04:39:45,deribit,BTC,BTC-4SEP26-84000-P,2026-09-04,84000,put,0.08403772,0.0815,0.0875,50.06,,,,,0.0,0.0,77506.99
2026-09-02 04:39:45,deribit,BTC,BTC-26MAR27-115000-P,2027-03-26,115000,put,0.47002798,0.4655,0.475,42.67,,,,,2.2,0.0,79508.23
2026-09-02 04:39:45,deribit,BTC,BTC-26MAR27-35000-C,2027-03-26,35000,call,0.56324586,0.562,0.5645,58.75,,,,,15.7,2.1,79507.8
2026-09-02 04:39:45,deribit,BTC,BTC-25JUN27-54000-P,2027-06-25,54000,put,0.03020222,0.0295,0.031,46.15,,,,,21.2,0.0,80485.39
2026-09-02 04:39:45,deribit,BTC,BTC-30OCT26-77000-C,2026-10-30,77000,call,0.06409324,0.0635,0.0645,36.29,,,,,84.4,7.2,78021.74
2026-09-02 04:39:45,deribit,BTC,BTC-25SEP26-140000-P,2026-09-25,140000,put,0.80274507,0.7975,0.81,73.28,,,,,1.4,0.0,77661.83
2026-09-02 04:39:45,deribit,BTC,BTC-27NOV26-106000-P,2026-11-27,106000,put,0.36093961,0.358,0.3645,42.46,,,,,0.0,0.0,78322.3
2026-09-02 04:39:45,deribit,BTC,BTC-30OCT26-104000-C,2026-10-30,104000,call,0.00400968,0.0038,0.0042,43.38,,,,,71.8,0.0,78021.74
2026-09-02 04:39:45,deribit,BTC,BTC-27NOV26-91000-P,2026-11-27,91000,put,0.18639948,0.184,0.189,38.8,,,,,0.0,0.0,78321.82
2026-09-02 04:39:45,deribit,BTC,BTC-11SEP26-84000-P,2026-09-11,84000,put,0.08544508,0.0835,0.088,36.96,,,,,1.6,0.0,77560.35
2026-09-02 04:39:45,deribit,BTC,BTC-26MAR27-108000-P,2027-03-26,108000,put,0.38994964,0.3865,0.394,41.79,,,,,0.1,0.0,79508.23
2026-09-02 04:39:45,deribit,BTC,BTC-26MAR27-180000-C,2027-03-26,180000,call,0.00415175,0.0037,0.0046,52.74,,,,,503.1,0.0,79508.23
2026-09-02 04:39:45,deribit,BTC,BTC-26MAR27-84000-P,2027-03-26,84000,put,0.15329482,0.152,0.1545,40.13,,,,,55.2,0.0,79507.8
2026-09-02 04:39:45,deribit,BTC,BTC-30OCT26-72000-P,2026-10-30,72000,put,0.02682127,0.0265,0.0275,37.49,,,,,409.1,3.1,78021.74
2026-09-02 04:39:45,deribit,BTC,BTC-4SEP26-90000-C,2026-09-04,90000,call,3.699e-05,,0.0001,68.62,,,,,331.1,25.8,77506.99
2026-09-02 04:39:45,deribit,BTC,BTC-3SEP26-74000-C,2026-09-03,74000,call,0.04552475,0.0425,0.0475,48.02,,,,,0.0,0.0,77499.19
2026-09-02 04:39:45,deribit,BTC,BTC-4SEP26-76000-C,2026-09-04,76000,call,0.02278493,0.022,0.024,33.96,,,,,178.3,9.4,77506.5
2026-09-02 04:39:45,deribit,BTC,BTC-30OCT26-50000-P,2026-10-30,50000,put,0.00203011,0.0019,0.0022,58.52,,,,,346.0,32.0,78021.74
2026-09-02 04:39:45,deribit,BTC,BTC-25SEP26-120000-C,2026-09-25,120000,call,0.00018093,0.0001,0.0002,63.0,,,,,1324.8,188.3,77661.83
2026-09-02 04:39:45,deribit,BTC,BTC-5SEP26-78000-C,2026-09-05,78000,call,0.00961697,0.009,0.01,33.62,,,,,22.9,23.0,77518.88
2026-09-02 04:39:45,deribit,BTC,BTC-5SEP26-86000-C,2026-09-05,86000,call,0.00029931,0.0002,0.0004,52.41,,,,,0.1,0.1,77518.88
2026-09-02 04:39:45,deribit,BTC,BTC-30OCT26-78000-C,2026-10-30,78000,call,0.05759576,0.057,0.0585,36.15,,,,,414.7,86.0,78021.74
2026-09-02 04:39:45,deribit,BTC,BTC-25SEP26-170000-P,2026-09-25,170000,put,1.18900446,1.184,1.1985,86.93,,,,,0.0,0.0,77661.83
2026-09-02 04:39:45,deribit,BTC,BTC-4SEP26-65000-C,2026-09-04,65000,call,0.16141622,0.1605,0.1625,83.97,,,,,293.6,0.5,77506.99
2026-09-02 04:39:45,deribit,BTC,BTC-18SEP26-69000-C,2026-09-18,69000,call,0.11432458,0.1125,0.1165,41.6,,,,,0.0,0.0,77614.41
2026-09-02 04:39:45,deribit,BTC,BTC-4SEP26-66000-C,2026-09-04,66000,call,0.14853601,0.1475,0.1495,80.06,,,,,450.3,9.4,77506.99
2026-09-02 04:39:45,deribit,BTC,BTC-26MAR27-88000-C,2027-03-26,88000,call,0.07973099,0.0785,0.081,40.19,,,,,77.0,0.0,79507.8
2026-09-02 04:39:45,deribit,BTC,BTC-30OCT26-83000-C,2026-10-30,83000,call,0.03304456,0.0325,0.0335,36.33,,,,,78.1,1.0,78021.74
2026-09-02 04:39:45,deribit,BTC,BTC-26MAR27-74000-P,2027-03-26,74000,put,0.08564092,0.0845,0.0865,40.7,,,,,155.3,0.0,79508.23
2026-09-02 04:39:45,deribit,BTC,BTC-26MAR27-170000-C,2027-03-26,170000,call,0.00513245,0.0048,0.0055,51.49,,,,,401.7,4.2,79508.23
2026-09-02 04:39:45,deribit,BTC,BTC-5SEP26-75500-C,2026-09-05,75500,call,0.02978808,0.029,0.031,34.95,,,,,0.0,0.0,77518.88
2026-09-02 04:39:45,deribit,BTC,BTC-27NOV26-85000-C,2026-11-27,85000,call,0.04156255,0.041,0.042,38.07,,,,,119.6,103.0,78322.3
2026-09-02 04:39:45,deribit,BTC,BTC-26MAR27-74000-C,2027-03-26,74000,call,0.15483373,0.1535,0.156,40.7,,,,,76.9,0.0,79508.23
2026-09-02 04:39:45,deribit,BTC,BTC-25DEC26-64000-P,2026-12-25,64000,put,0.02188344,0.0215,0.0225,41.8,,,,,349.2,0.1,78615.99
2026-09-02 04:39:45,deribit,BTC,BTC-25SEP26-81000-C,2026-09-25,81000,call,0.01863846,0.018,0.019,35.24,,,,,2193.1,311.6,77661.83
2026-09-02 04:39:45,deribit,BTC,BTC-26MAR27-54000-C,2027-03-26,54000,call,0.33942637,0.3365,0.342,46.12,,,,,0.1,0.0,79507.8
2026-09-02 04:39:45,deribit,BTC,BTC-5SEP26-85000-C,2026-09-05,85000,call,0.00040303,0.0003,0.0005,49.55,,,,,20.2,20.2,77518.88
2026-09-02 04:39:45,deribit,BTC,BTC-25JUN27-96000-P,2027-06-25,96000,put,0.27699908,0.2745,0.28,41.64,,,,,0.0,0.0,80485.39
2026-09-02 04:39:45,deribit,BTC,BTC-27NOV26-91000-C,2026-11-27,91000,call,0.02452673,0.024,0.025,38.8,,,,,12.4,0.2,78321.82
2026-09-02 04:39:45,deribit,BTC,BTC-18SEP26-83000-P,2026-09-18,83000,put,0.07777403,0.0755,0.08,36.42,,,,,0.0,0.0,77614.41
2026-09-02 04:39:45,deribit,BTC,BTC-5SEP26-81000-C,2026-09-05,81000,call,0.00168516,0.0015,0.0018,37.12,,,,,4.2,4.2,77518.42
2026-09-02 04:39:45,deribit,BTC,BTC-2SEP26-86000-P,2026-09-02,86000,put,0.1099037,0.1075,0.1135,57.2,,,,,0.0,0.0,77484.84
2026-09-02 04:39:45,deribit,BTC,BTC-25SEP26-115000-C,2026-09-25,115000,call,0.00021513,0.0001,0.0003,58.58,,,,,2158.6,49.7,77661.34
2026-09-02 04:39:45,deribit,BTC,BTC-25JUN27-84000-P,2027-06-25,84000,put,0.17441356,0.173,0.1765,41.51,,,,,8.7,0.0,80485.03
2026-09-02 04:39:45,deribit,BTC,BTC-26MAR27-120000-P,2027-03-26,120000,put,0.52873678,0.524,0.534,43.35,,,,,1.8,0.0,79507.8
2026-09-02 04:39:45,deribit,BTC,BTC-18SEP26-84000-C,2026-09-18,84000,call,0.00657257,0.006,0.007,37.1,,,,,83.8,4.1,77613.95
2026-09-02 04:39:45,deribit,BTC,BTC-11SEP26-81000-C,2026-09-11,81000,call,0.00647752,0.006,0.007,33.88,,,,,315.5,130.7,77560.35
2026-09-02 04:39:45,deribit,BTC,BTC-30OCT26-78000-P,2026-10-30,78000,put,0.05740426,0.0565,0.058,36.15,,,,,414.6,101.7,78021.74
2026-09-02 04:39:45,deribit,BTC,BTC-5SEP26-79500-P,2026-09-05,79500,put,0.02951504,0.028,0.0315,34.43,,,,,0.8,0.8,77518.88
2026-09-02 04:39:45,deribit,BTC,BTC-11SEP26-82000-P,2026-09-11,82000,put,0.06178477,0.06,0.0645,34.6,,,,,6.9,0.0,77560.76
2026-09-02 04:39:45,deribit,BTC,BTC-18SEP26-79000-C,2026-09-18,79000,call,0.02159158,0.021,0.022,35.11,,,,,314.8,71.1,77614.41
2026-09-02 04:39:45,deribit,BTC,BTC-26MAR27-104000-P,2027-03-26,104000,put,0.34571577,0.342,0.3495,41.34,,,,,0.1,0.0,79508.23
2026-09-02 04:39:45,deribit,BTC,BTC-2SEP26-80500-P,2026-09-02,80500,put,0.03892151,0.037,0.0415,46.8,,,,,0.0,0.0,77484.35
2026-09-02 04:39:45,deribit,BTC,BTC-18SEP26-77000-C,2026-09-18,77000,call,0.03350031,0.033,0.034,35.22,,,,,37.6,38.4,77614.41
2026-09-02 04:39:45,deribit,BTC,BTC-5SEP26-74000-P,2026-09-05,74000,put,0.00154857,0.0014,0.0017,38.27,,,,,4.3,4.3,77518.42
2026-09-02 04:39:45,deribit,BTC,BTC-26MAR27-94000-P,2027-03-26,94000,put,0.24206081,0.2395,0.2455,40.45,,,,,9.1,0.0,79508.23
2026-09-02 04:39:45,deribit,BTC,BTC-4SEP26-67000-P,2026-09-04,67000,put,0.0001539,0.0001,0.0003,79.32,,,,,132.9,35.2,77506.99
2026-09-02 04:39:45,deribit,BTC,BTC-25DEC26-100000-P,2026-12-25,100000,put,0.29062622,0.2875,0.2935,40.37,,,,,303.3,0.0,78615.99
2026-09-02 04:39:45,deribit,BTC,BTC-5SEP26-80500-P,2026-09-05,80500,put,0.04065092,0.0385,0.043,35.96,,,,,0.0,0.0,77518.88
2026-09-02 04:39:45,deribit,BTC,BTC-25DEC26-75000-P,2026-12-25,75000,put,0.06368446,0.063,0.064,38.94,,,,,1208.5,250.1,78615.99
2026-09-02 04:39:45,deribit,BTC,BTC-27NOV26-76000-P,2026-11-27,76000,put,0.05899702,0.0585,0.0595,38.22,,,,,35.4,6.3,78322.3
2026-09-02 04:39:45,deribit,BTC,BTC-27NOV26-120000-P,2026-11-27,120000,put,0.53553112,0.531,0.5425,47.05,,,,,0.0,0.0,78321.82
2026-09-02 04:39:45,deribit,BTC,BTC-2SEP26-72000-P,2026-09-02,72000,put,0.0,,0.0001,63.07,,,,,27.1,0.1,77484.35
2026-09-02 04:39:45,deribit,BTC,BTC-25SEP26-130000-C,2026-09-25,130000,call,0.00010678,,0.0002,69.61,,,,,1451.2,35.0,77661.83
2026-09-02 04:39:45,deribit,BTC,BTC-2SEP26-80000-P,2026-09-02,80000,put,0.03246869,0.0305,0.035,42.98,,,,,0.0,0.0,77484.84
2026-09-02 04:39:45,deribit,BTC,BTC-3SEP26-82000-P,2026-09-03,82000,put,0.05823802,0.056,0.061,42.44,,,,,0.0,0.0,77499.19
2026-09-02 04:39:45,deribit,BTC,BTC-26MAR27-76000-C,2027-03-26,76000,call,0.14119093,0.14,0.1425,40.46,,,,,530.4,0.0,79508.23
2026-09-02 04:39:45,deribit,BTC,BTC-11SEP26-90000-C,2026-09-11,90000,call,0.00061012,0.0005,0.0007,46.22,,,,,1579.9,35.0,77560.35
2026-09-02 04:39:45,deribit,BTC,BTC-25JUN27-92000-C,2027-06-25,92000,call,0.09739652,0.096,0.0985,41.55,,,,,15.7,0.0,80485.03
2026-09-02 04:39:45,deribit,BTC,BTC-18SEP26-68000-P,2026-09-18,68000,put,0.00272224,0.0026,0.0029,43.07,,,,,26.7,2.5,77614.41
2026-09-02 04:39:45,deribit,BTC,BTC-30OCT26-65000-P,2026-10-30,65000,put,0.01026103,0.01,0.011,41.44,,,,,535.0,15.6,78021.74
2026-09-02 04:39:45,deribit,BTC,BTC-30OCT26-59000-P,2026-10-30,59000,put,0.00500225,0.0046,0.005,47.26,,,,,79.4,0.5,78021.74
2026-09-02 04:39:45,deribit,BTC,BTC-25SEP26-92000-C,2026-09-25,92000,call,0.00274524,0.0025,0.0029,42.28,,,,,1300.8,215.9,77661.83
2026-09-02 04:39:45,deribit,BTC,BTC-25SEP26-125000-C,2026-09-25,125000,call,0.00014674,0.0001,0.0002,66.81,,,,,2322.5,0.3,77661.34
2026-09-02 04:39:45,deribit,BTC,BTC-25SEP26-83000-P,2026-09-25,83000,put,0.08140383,0.0795,0.0835,36.03,,,,,0.6,0.0,77661.34
2026-09-02 04:39:45,deribit,BTC,BTC-30OCT26-82000-C,2026-10-30,82000,call,0.0370601,0.0365,0.0375,36.25,,,,,1180.5,1.0,78021.74
2026-09-02 04:39:45,deribit,BTC,BTC-25DEC26-120000-P,2026-12-25,120000,put,0.5324454,0.5265,0.543,45.16,,,,,35.7,0.0,78615.99
2026-09-02 04:39:45,deribit,BTC,BTC-5SEP26-83000-C,2026-09-05,83000,call,0.00072636,0.0006,0.0008,42.96,,,,,116.1,119.2,77518.88
2026-09-02 04:39:45,deribit,BTC,BTC-30OCT26-110000-C,2026-10-30,110000,call,0.00260309,0.0023,0.0029,46.05,,,,,751.3,17.0,78021.74
2026-09-02 04:39:45,deribit,BTC,BTC-4SEP26-66000-P,2026-09-04,66000,put,7.706e-05,,0.0002,80.06,,,,,369.7,30.2,77506.99
2026-09-02 04:39:45,deribit,BTC,BTC-25JUN27-70000-P,2027-06-25,70000,put,0.08620802,0.085,0.0875,42.57,,,,,20.0,0.1,80485.39
2026-09-02 04:39:45,deribit,BTC,BTC-25DEC26-220000-P,2026-12-25,220000,put,1.79882385,1.784,1.8195,64.73,,,,,0.0,0.0,78615.99
2026-09-02 04:39:45,deribit,BTC,BTC-26MAR27-65000-C,2027-03-26,65000,call,0.22775439,0.2265,0.229,42.3,,,,,366.9,0.0,79508.23
2026-09-02 04:39:45,deribit,BTC,BTC-26MAR27-130000-C,2027-03-26,130000,call,0.01370486,0.013,0.0145,44.95,,,,,1134.6,18.9,79508.23
2026-09-02 04:39:45,deribit,BTC,BTC-25JUN27-180000-C,2027-06-25,180000,call,0.0100871,0.009,0.011,50.33,,,,,33.8,0.0,80485.03
2026-09-02 04:39:45,deribit,BTC,BTC-25SEP26-175000-C,2026-09-25,175000,call,1.179e-05,,0.0001,89.0,,,,,1904.8,0.0,77661.83
2026-09-02 04:39:45,deribit,BTC,BTC-5SEP26-68000-P,2026-09-05,68000,put,0.00018226,0.0002,0.0003,60.88,,,,,4.6,4.6,77518.88
2026-09-02 04:39:45,deribit,BTC,BTC-3SEP26-76000-C,2026-09-03,76000,call,0.02082706,0.019,0.023,34.54,,,,,0.0,0.0,77499.19
2026-09-02 04:39:45,deribit,BTC,BTC-30OCT26-77000-P,2026-10-30,77000,put,0.05108368,0.0505,0.0515,36.29,,,,,116.2,12.5,78021.74
2026-09-02 04:39:45,deribit,BTC,BTC-27NOV26-60000-P,2026-11-27,60000,put,0.00991827,0.0095,0.0105,44.54,,,,,7.3,1.6,78322.3
2026-09-02 04:39:45,deribit,BTC,BTC-18SEP26-70000-P,2026-09-18,70000,put,0.00432942,0.0042,0.0046,40.24,,,,,62.0,2.2,77613.95
2026-09-02 04:39:45,deribit,BTC,BTC-11SEP26-76000-P,2026-09-11,76000,put,0.01240109,0.012,0.013,33.51,,,,,169.0,23.8,77560.35
2026-09-02 04:39:45,deribit,BTC,BTC-26MAR27-84000-C,2027-03-26,84000,call,0.09670288,0.0955,0.098,40.13,,,,,263.2,0.0,79508.23
2026-09-02 04:39:45,deribit,BTC,BTC-25JUN27-160000-C,2027-06-25,160000,call,0.01453105,0.0135,0.0155,48.18,,,,,553.1,0.0,80485.39
2026-09-02 04:39:45,deribit,BTC,BTC-25JUN27-170000-P,2027-06-25,170000,put,1.1243949,1.1165,1.1355,49.28,,,,,14.7,0.0,80485.39
2026-09-02 04:39:45,deribit,BTC,BTC-25SEP26-86000-P,2026-09-25,86000,put,0.11450543,0.112,0.1165,37.58,,,,,11.7,0.0,77661.34
2026-09-02 04:39:45,deribit,BTC,BTC-5SEP26-72000-P,2026-09-05,72000,put,0.00065653,0.0006,0.0008,45.49,,,,,8.8,8.8,77518.42
2026-09-02 04:39:45,deribit,BTC,BTC-25SEP26-68000-C,2026-09-25,68000,call,0.12903419,0.1275,0.131,41.27,,,,,896.2,1.8,77661.83
2026-09-02 04:39:45,deribit,BTC,BTC-11SEP26-73000-P,2026-09-11,73000,put,0.00422825,0.004,0.0045,36.45,,,,,1230.2,64.3,77560.76
2026-09-02 04:39:45,deribit,BTC,BTC-27NOV26-74000-P,2026-11-27,74000,put,0.04820631,0.0475,0.0485,38.53,,,,,1.5,0.1,78322.3
2026-09-02 04:39:45,deribit,BTC,BTC-25SEP26-280000-C,2026-09-25,280000,call,6.17e-06,,0.0001,129.87,,,,,76.1,0.0,77661.34
2026-09-02 04:39:45,deribit,BTC,BTC-25DEC26-230000-C,2026-12-25,230000,call,0.00030166,0.0002,0.0006,65.52,,,,,190.5,0.0,78615.99
2026-09-02 04:39:45,deribit,BTC,BTC-3SEP26-84000-C,2026-09-03,84000,call,4.778e-05,,0.0001,55.59,,,,,18.4,17.2,77499.19
2026-09-02 04:39:45,deribit,BTC,BTC-18SEP26-79000-P,2026-09-18,79000,put,0.03953837,0.039,0.04,35.11,,,,,50.4,21.9,77614.41
2026-09-02 04:39:45,deribit,BTC,BTC-18SEP26-95000-C,2026-09-18,95000,call,0.00095943,0.0008,0.0011,48.17,,,,,105.0,39.7,77614.41
2026-09-02 04:39:45,deribit,BTC,BTC-25JUN27-98000-C,2027-06-25,98000,call,0.07838257,0.077,0.0795,41.76,,,,,31.6,0.0,80485.39
2026-09-02 04:39:45,deribit,BTC,BTC-2SEP26-84000-C,2026-09-02,84000,call,0.0,,0.0001,52.88,,,,,21.1,20.1,77484.84
2026-09-02 04:39:45,deribit,BTC,BTC-25DEC26-50000-P,2026-12-25,50000,put,0.00570959,0.0055,0.006,51.59,,,,,2160.1,1.1,78615.99
2026-09-02 04:39:45,deribit,BTC,BTC-2SEP26-83000-C,2026-09-02,83000,call,0.0,,0.0001,52.5,,,,,26.6,4.3,77484.84
2026-09-02 04:39:45,deribit,BTC,BTC-4SEP26-55000-P,2026-09-04,55000,put,2e-08,,0.0001,96.33,,,,,110.2,0.0,77506.99
2026-09-02 04:39:45,deribit,BTC,BTC-4SEP26-77000-P,2026-09-04,77000,put,0.00693422,0.0065,0.0075,32.39,,,,,340.5,43.9,77506.5
2026-09-02 04:39:45,deribit,BTC,BTC-25DEC26-54000-P,2026-12-25,54000,put,0.00803916,0.008,0.0085,47.88,,,,,1855.4,0.9,78615.5
2026-09-02 04:39:45,deribit,BTC,BTC-11SEP26-75000-C,2026-09-11,75000,call,0.04180221,0.041,0.043,34.42,,,,,81.9,0.0,77560.76
2026-09-02 04:39:45,deribit,BTC,BTC-25DEC26-92000-P,2026-12-25,92000,put,0.20291695,0.2005,0.2055,39.13,,,,,6.6,0.0,78615.99
2026-09-02 04:39:45,deribit,BTC,BTC-2SEP26-81500-C,2026-09-02,81500,call,0.0,,0.0001,49.23,,,,,20.7,29.6,77484.84
2026-09-02 04:39:45,deribit,BTC,BTC-26MAR27-78000-P,2027-03-26,78000,put,0.1097349,0.109,0.111,40.3,,,,,243.7,17.5,79508.23
2026-09-02 04:39:45,deribit,BTC,BTC-2SEP26-69000-P,2026-09-02,69000,put,0.0,,0.0001,63.3,,,,,35.3,2.0,77484.84
2026-09-02 04:39:45,deribit,BTC,BTC-25SEP26-54000-C,2026-09-25,54000,call,0.30535535,0.3025,0.307,65.74,,,,,7.4,0.0,77661.34
2026-09-02 04:39:45,deribit,BTC,BTC-27NOV26-90000-C,2026-11-27,90000,call,0.02666548,0.026,0.027,38.58,,,,,24.9,18.4,78322.3
2026-09-02 04:39:45,deribit,BTC,BTC-5SEP26-84000-C,2026-09-05,84000,call,0.00051387,0.0004,0.0006,46.0,,,,,10.8,12.8,77518.42
2026-09-02 04:39:45,deribit,BTC,BTC-25DEC26-108000-C,2026-12-25,108000,call,0.01123158,0.011,0.0115,42.08,,,,,146.1,3.7,78615.99
2026-09-02 04:39:45,deribit,BTC,BTC-25DEC26-60000-P,2026-12-25,60000,put,0.01445201,0.014,0.015,43.74,,,,,6313.8,93.2,78615.99
2026-09-02 04:39:45,deribit,BTC,BTC-25JUN27-58000-C,2027-06-25,58000,call,0.31946434,0.3175,0.321,44.94,,,,,13.8,0.0,80485.03
2026-09-02 04:39:45,deribit,BTC,BTC-25DEC26-250000-P,2026-12-25,250000,put,2.18026785,2.161,2.2025,68.35,,,,,10.0,0.0,78615.99
2026-09-02 04:39:45,deribit,BTC,BTC-11SEP26-69000-C,2026-09-11,69000,call,0.11157887,0.1085,0.1135,43.65,,,,,3.6,0.0,77560.76
2026-09-02 04:39:45,deribit,BTC,BTC-2SEP26-77500-C,2026-09-02,77500,call,0.00212533,0.0018,0.0024,28.6,,,,,19.5,20.9,77484.35
2026-09-02 04:39:45,deribit,BTC,BTC-25SEP26-85000-C,2026-09-25,85000,call,0.00861859,0.008,0.009,37.03,,,,,8717.2,686.0,77661.34
2026-09-02 04:39:45,deribit,BTC,BTC-26MAR27-190000-P,2027-03-26,190000,put,1.39352671,1.3805,1.4155,54.38,,,,,0.9,0.0,79508.23
2026-09-02 04:39:45,deribit,BTC,BTC-11SEP26-78000-P,2026-09-11,78000,put,0.02386414,0.023,0.0245,33.03,,,,,237.2,13.9,77560.76
2026-09-02 04:39:45,deribit,BTC,BTC-25DEC26-160000-C,2026-12-25,160000,call,0.00162378,0.0014,0.0019,55.36,,,,,1286.9,0.1,78615.99
2026-09-02 04:39:45,deribit,BTC,BTC-11SEP26-77000-C,2026-09-11,77000,call,0.02471354,0.024,0.0255,33.24,,,,,124.2,11.4,77560.76
2026-09-02 04:39:45,deribit,BTC,BTC-27NOV26-82000-C,2026-11-27,82000,call,0.05407887,0.0535,0.0545,37.99,,,,,18.8,0.0,78322.3
2026-09-02 04:39:45,deribit,BTC,BTC-5SEP26-80500-C,2026-09-05,80500,call,0.00218806,0.002,0.0024,35.96,,,,,35.8,41.6,77518.88
2026-09-02 04:39:45,deribit,BTC,BTC-25DEC26-88000-P,2026-12-25,88000,put,0.16302537,0.161,0.165,38.68,,,,,4.5,0.0,78615.99
2026-09-02 04:39:45,deribit,BTC,BTC-25SEP26-96000-P,2026-09-25,96000,put,0.23780818,0.235,0.243,45.87,,,,,1.0,0.0,77661.34
2026-09-02 04:39:45,deribit,BTC,BTC-25DEC26-96000-P,2026-12-25,96000,put,0.24571371,0.243,0.2485,39.72,,,,,23.9,0.0,78615.5
2026-09-02 04:39:45,deribit,BTC,BTC-5SEP26-82000-P,2026-09-05,82000,put,0.05885635,0.0565,0.0625,39.69,,,,,0.0,0.0,77518.88
2026-09-02 04:39:45,deribit,BTC,BTC-25DEC26-90000-C,2026-12-25,90000,call,0.03770116,0.037,0.038,38.87,,,,,3955.2,175.7,78615.99
2026-09-02 04:39:45,deribit,BTC,BTC-26MAR27-66000-C,2027-03-26,66000,call,0.21885215,0.2175,0.22,42.12,,,,,23.8,0.0,79508.23
2026-09-02 04:39:45,deribit,BTC,BTC-25JUN27-62000-P,2027-06-25,62000,put,0.05255156,0.0515,0.0535,43.92,,,,,79.9,0.0,80485.39
2026-09-02 04:39:45,deribit,BTC,BTC-27NOV26-89000-C,2026-11-27,89000,call,0.02916519,0.0285,0.0295,38.46,,,,,24.8,18.1,78322.3
2026-09-02 04:39:45,deribit,BTC,BTC-26MAR27-200000-P,2027-03-26,200000,put,1.51864446,1.505,1.5425,55.33,,,,,1.0,0.0,79508.23
2026-09-02 04:39:45,deribit,BTC,BTC-26MAR27-45000-C,2027-03-26,45000,call,0.44266059,0.439,0.446,51.21,,,,,3.3,0.0,79508.23
2026-09-02 04:39:45,deribit,BTC,BTC-25SEP26-30000-P,2026-09-25,30000,put,6.099e-05,,0.0001,123.8,,,,,2959.5,0.0,77661.34
2026-09-02 04:39:45,deribit,BTC,BTC-11SEP26-70000-P,2026-09-11,70000,put,0.00158795,0.0014,0.0018,41.52,,,,,625.8,205.8,77560.35
2026-09-02 04:39:45,deribit,BTC,BTC-30OCT26-95000-C,2026-10-30,95000,call,0.00857837,0.008,0.009,39.23,,,,,1792.4,2.7,78021.74
2026-09-02 04:39:45,deribit,BTC,BTC-4SEP26-80000-P,2026-09-04,80000,put,0.03362538,0.032,0.0355,34.14,,,,,288.6,6.5,77506.99
2026-09-02 04:39:45,deribit,BTC,BTC-26MAR27-160000-C,2027-03-26,160000,call,0.00624829,0.0055,0.007,49.88,,,,,1032.4,150.2,79508.23
2026-09-02 04:39:45,deribit,BTC,BTC-25SEP26-260000-C,2026-09-25,260000,call,6.24e-06,,0.0001,123.09,,,,,293.3,0.0,77661.83
2026-09-02 04:39:45,deribit,BTC,BTC-4SEP26-85000-C,2026-09-04,85000,call,0.00017997,0.0001,0.0003,53.51,,,,,628.6,181.1,77506.99
2026-09-02 04:39:45,deribit,BTC,BTC-4SEP26-82000-P,2026-09-04,82000,put,0.05843202,0.056,0.062,40.85,,,,,3.2,0.0,77506.99
2026-09-02 04:39:45,deribit,BTC,BTC-3SEP26-71000-C,2026-09-03,71000,call,0.08394915,0.081,0.086,70.23,,,,,0.0,0.0,77499.19
2026-09-02 04:39:45,deribit,BTC,BTC-30OCT26-50000-C,2026-10-30,50000,call,0.36112723,0.359,0.3625,58.52,,,,,0.1,0.0,78021.74
2026-09-02 04:39:45,deribit,BTC,BTC-25DEC26-66000-P,2026-12-25,66000,put,0.02686603,0.0265,0.0275,41.02,,,,,365.3,0.1,78615.99
2026-09-02 04:39:45,deribit,BTC,BTC-25SEP26-82000-C,2026-09-25,82000,call,0.01552121,0.015,0.016,35.78,,,,,4999.0,445.1,77661.83
2026-09-02 04:39:45,deribit,BTC,BTC-2SEP26-76000-C,2026-09-02,76000,call,0.01916835,0.016,0.0215,39.08,,,,,0.0,0.0,77484.84
2026-09-02 04:39:45,deribit,BTC,BTC-30OCT26-96000-C,2026-10-30,96000,call,0.00804882,0.0075,0.0085,39.99,,,,,88.7,1.0,78021.74
2026-09-02 04:39:45,deribit,BTC,BTC-26MAR27-92000-P,2027-03-26,92000,put,0.22292543,0.2205,0.226,40.34,,,,,0.6,0.0,79508.23
2026-09-02 04:39:45,deribit,BTC,BTC-25DEC26-190000-P,2026-12-25,190000,put,1.41762832,1.4065,1.4365,61.02,,,,,0.0,0.0,78615.99
2026-09-02 04:39:45,deribit,BTC,BTC-18SEP26-80000-P,2026-09-18,80000,put,0.0478956,0.047,0.049,35.22,,,,,51.6,25.0,77614.41
2026-09-02 04:39:45,deribit,BTC,BTC-27NOV26-64000-P,2026-11-27,64000,put,0.01571531,0.0155,0.016,42.09,,,,,20.6,0.4,78322.3
2026-09-02 04:39:45,deribit,BTC,BTC-25DEC26-35000-C,2026-12-25,35000,call,0.55655289,0.555,0.5575,69.63,,,,,77.8,0.2,78615.99
2026-09-02 04:39:45,deribit,BTC,BTC-25DEC26-160000-P,2026-12-25,160000,put,1.0368461,1.0285,1.051,55.36,,,,,0.1,0.0,78615.99
2026-09-02 04:39:45,deribit,BTC,BTC-2SEP26-85000-C,2026-09-02,85000,call,0.0,,0.0001,57.15,,,,,5.1,0.0,77484.84
2026-09-02 04:39:45,deribit,BTC,BTC-27NOV26-89000-P,2026-11-27,89000,put,0.16550227,0.1635,0.1675,38.46,,,,,0.0,0.0,78322.3
2026-09-02 04:39:45,deribit,BTC,BTC-25DEC26-120000-C,2026-12-25,120000,call,0.00602866,0.0055,0.0065,45.16,,,,,5821.7,52.0,78615.99
2026-09-02 04:39:45,deribit,BTC,BTC-26MAR27-72000-P,2027-03-26,72000,put,0.07526944,0.075,0.076,41.05,,,,,156.3,1.1,79507.8
2026-09-02 04:39:45,deribit,BTC,BTC-2SEP26-71000-P,2026-09-02,71000,put,0.0,,0.0001,63.07,,,,,5.9,0.0,77484.84
2026-09-02 04:39:45,deribit,BTC,BTC-25DEC26-150000-C,2026-12-25,150000,call,0.00213587,0.0019,0.0023,53.13,,,,,1687.6,162.1,78615.99
2026-09-02 04:39:45,deribit,BTC,BTC-18SEP26-83000-C,2026-09-18,83000,call,0.00828563,0.008,0.0085,36.42,,,,,390.3,17.2,77614.41
2026-09-02 04:39:45,deribit,BTC,BTC-30OCT26-58000-P,2026-10-30,58000,put,0.00431085,0.0041,0.0044,47.96,,,,,325.6,1.0,78021.74
2026-09-02 04:39:45,deribit,BTC,BTC-25JUN27-190000-C,2027-06-25,190000,call,0.00858588,0.0075,0.0095,51.34,,,,,47.7,0.0,80485.39
2026-09-02 04:39:45,deribit,BTC,BTC-26MAR27-58000-P,2027-03-26,58000,put,0.02609464,0.0255,0.027,44.5,,,,,134.9,0.0,79508.23
2026-09-02 04:39:45,deribit,BTC,BTC-4SEP26-67000-C,2026-09-04,67000,call,0.13571072,0.1345,0.137,79.32,,,,,977.4,4.0,77506.99
2026-09-02 04:39:45,deribit,BTC,BTC-27NOV26-96000-C,2026-11-27,96000,call,0.016097,0.0155,0.0165,39.82,,,,,11.4,1.2,78322.3
2026-09-02 04:39:45,deribit,BTC,BTC-25JUN27-100000-C,2027-06-25,100000,call,0.07294646,0.072,0.074,41.84,,,,,184.4,1.3,80485.03
2026-09-02 04:39:45,deribit,BTC,BTC-27NOV26-72000-P,2026-11-27,72000,put,0.038855,0.0385,0.0395,38.87,,,,,7.0,1.5,78322.3
2026-09-02 04:39:45,deribit,BTC,BTC-25SEP26-88000-C,2026-09-25,88000,call,0.00521526,0.0048,0.0055,39.37,,,,,1238.5,219.3,77661.83
2026-09-02 04:39:45,deribit,BTC,BTC-25DEC26-66000-C,2026-12-25,66000,call,0.18733682,0.1855,0.1895,41.02,,,,,279.9,0.1,78615.99
2026-09-02 04:39:45,deribit,BTC,BTC-25DEC26-102000-C,2026-12-25,102000,call,0.01634691,0.016,0.017,40.8,,,,,384.6,0.0,78615.99
2026-09-02 04:39:45,deribit,BTC,BTC-3SEP26-81000-P,2026-09-03,81000,put,0.04542016,0.043,0.049,38.38,,,,,0.0,0.0,77499.19
2026-09-02 04:39:45,deribit,BTC,BTC-27NOV26-66000-P,2026-11-27,66000,put,0.01984702,0.0195,0.0205,41.11,,,,,126.2,0.0,78321.82
2026-09-02 04:39:45,deribit,BTC,BTC-30OCT26-85000-P,2026-10-30,85000,put,0.11571093,0.114,0.118,36.56,,,,,1.3,0.0,78021.74
2026-09-02 04:39:45,deribit,BTC,BTC-27NOV26-58000-P,2026-11-27,58000,put,0.00793114,0.0075,0.0085,46.0,,,,,4.1,1.2,78322.3
2026-09-02 04:39:45,deribit,BTC,BTC-26MAR27-80000-P,2027-03-26,80000,put,0.12336376,0.1225,0.1245,40.22,,,,,214.5,0.0,79508.23
2026-09-02 04:39:45,deribit,BTC,BTC-4SEP26-63000-P,2026-09-04,63000,put,2.058e-05,,0.0001,89.13,,,,,743.0,0.3,77506.99
2026-09-02 04:39:45,deribit,BTC,BTC-4SEP26-69000-C,2026-09-04,69000,call,0.10997942,0.109,0.1115,68.36,,,,,401.2,1.3,77506.99
2026-09-02 04:39:45,deribit,BTC,BTC-5SEP26-81500-P,2026-09-05,81500,put,0.05266536,0.0515,0.0545,38.28,,,,,10.0,10.0,77518.88
2026-09-02 04:39:45,deribit,BTC,BTC-11SEP26-71000-P,2026-09-11,71000,put,0.00216064,0.002,0.0024,39.66,,,,,471.6,153.4,77560.76
2026-09-02 04:39:45,deribit,BTC,BTC-25SEP26-135000-C,2026-09-25,135000,call,5.552e-05,,0.0002,70.15,,,,,471.8,0.0,77661.83
2026-09-02 04:39:45,deribit,BTC,BTC-25JUN27-180000-P,2027-06-25,180000,put,1.24672042,1.232,1.2715,50.33,,,,,0.0,0.0,80485.39
2026-09-02 04:39:45,deribit,BTC,BTC-4SEP26-86000-C,2026-09-04,86000,call,0.00012218,0.0001,0.0002,56.49,,,,,357.2,14.0,77506.99
2026-09-02 04:39:45,deribit,BTC,BTC-30OCT26-75000-P,2026-10-30,75000,put,0.03982189,0.0395,0.0405,36.59,,,,,177.4,2.9,78021.74
2026-09-02 04:39:45,deribit,BTC,BTC-2SEP26-76000-P,2026-09-02,76000,put,1.348e-05,,0.0001,39.08,,,,,148.9,171.9,77484.84
2026-09-02 04:39:45,deribit,BTC,BTC-30OCT26-92000-C,2026-10-30,92000,call,0.01189672,0.0115,0.0125,38.34,,,,,1067.8,50.1,78021.74
2026-09-02 04:39:45,deribit,BTC,BTC-25JUN27-52000-C,2027-06-25,52000,call,0.37988595,0.378,0.3815,46.83,,,,,1.1,0.0,80485.39
2026-09-02 04:39:45,deribit,BTC,BTC-18SEP26-74000-C,2026-09-18,74000,call,0.05872886,0.058,0.06,36.53,,,,,23.2,3.4,77614.41
2026-09-02 04:39:45,deribit,BTC,BTC-4SEP26-58000-P,2026-09-04,58000,put,1.4e-07,,0.0001,89.22,,,,,380.1,0.0,77506.5
2026-09-02 04:39:45,deribit,BTC,BTC-5SEP26-84000-P,2026-09-05,84000,put,0.08412729,0.082,0.0875,46.0,,,,,0.0,0.0,77518.88
2026-09-02 04:39:45,deribit,BTC,BTC-25SEP26-50000-C,2026-09-25,50000,call,0.35666378,0.3545,0.358,74.64,,,,,30.4,0.0,77661.83
2026-09-02 04:39:45,deribit,BTC,BTC-3SEP26-80000-P,2026-09-03,80000,put,0.03278343,0.0305,0.0365,34.88,,,,,0.0,0.0,77499.19
2026-09-02 04:39:45,deribit,BTC,BTC-25SEP26-96000-C,2026-09-25,96000,call,0.00167222,0.0015,0.0018,45.87,,,,,1837.2,320.1,77661.34
2026-09-02 04:39:45,deribit,BTC,BTC-26MAR27-112000-C,2027-03-26,112000,call,0.02655977,0.0255,0.0275,42.28,,,,,67.3,0.0,79508.23
2026-09-02 04:39:45,deribit,BTC,BTC-30OCT26-89000-P,2026-10-30,89000,put,0.15740856,0.155,0.1595,37.49,,,,,5.0,0.0,78021.74
2026-09-02 04:39:45,deribit,BTC,BTC-11SEP26-60000-C,2026-09-11,60000,call,0.22659226,0.224,0.2285,65.05,,,,,0.0,0.0,77560.76
2026-09-02 04:39:45,deribit,BTC,BTC-11SEP26-73000-C,2026-09-11,73000,call,0.06302411,0.061,0.0645,36.45,,,,,14.0,2.0,77560.35
2026-09-02 04:39:45,deribit,BTC,BTC-3SEP26-85000-C,2026-09-03,85000,call,1.668e-05,,0.0001,56.67,,,,,56.9,7.0,77499.03
2026-09-02 04:39:45,deribit,BTC,BTC-30OCT26-65000-C,2026-10-30,65000,call,0.17708728,0.1755,0.179,41.44,,,,,434.6,0.0,78021.74
2026-09-02 04:39:45,deribit,BTC,BTC-25SEP26-76000-P,2026-09-25,76000,put,0.02528926,0.025,0.0255,35.18,,,,,1048.0,25.0,77661.83
2026-09-02 04:39:45,deribit,BTC,BTC-25DEC26-76000-C,2026-12-25,76000,call,0.10271896,0.102,0.104,38.85,,,,,411.2,0.7,78615.99
2026-09-02 04:39:45,deribit,BTC,BTC-25JUN27-86000-P,2027-06-25,86000,put,0.18999997,0.1885,0.1925,41.49,,,,,0.4,0.0,80485.39
2026-09-02 04:39:45,deribit,BTC,BTC-2SEP26-81000-P,2026-09-02,81000,put,0.04537441,0.0435,0.048,47.13,,,,,0.0,0.0,77484.84
2026-09-02 04:39:45,deribit,BTC,BTC-25JUN27-92000-P,2027-06-25,92000,put,0.24056467,0.238,0.2435,41.55,,,,,0.2,0.0,80485.39
2026-09-02 04:39:45,deribit,BTC,BTC-25SEP26-66000-C,2026-09-25,66000,call,0.15333264,0.151,0.1555,43.89,,,,,970.0,0.0,77661.83
2026-09-02 04:39:45,deribit,BTC,BTC-2SEP26-86000-C,2026-09-02,86000,call,0.0,,0.0001,57.2,,,,,5.6,0.0,77484.84
2026-09-02 04:39:45,deribit,BTC,BTC-27NOV26-70000-P,2026-11-27,70000,put,0.03119832,0.0305,0.0315,39.46,,,,,29.7,0.6,78321.82
2026-09-02 04:39:45,deribit,BTC,BTC-27NOV26-76000-C,2026-11-27,76000,call,0.08864175,0.088,0.0895,38.22,,,,,7.1,7.1,78321.82
2026-09-02 04:39:45,deribit,BTC,BTC-11SEP26-79000-P,2026-09-11,79000,put,0.03162811,0.0305,0.0325,33.06,,,,,61.4,16.5,77560.76
2026-09-02 04:39:45,deribit,BTC,BTC-11SEP26-66000-C,2026-09-11,66000,call,0.14958147,0.1465,0.1515,49.68,,,,,0.1,0.0,77560.76
2026-09-02 04:39:45,deribit,BTC,BTC-25DEC26-88000-C,2026-12-25,88000,call,0.04365309,0.043,0.044,38.68,,,,,3403.0,30.0,78615.99
2026-09-02 04:39:45,deribit,BTC,BTC-30OCT26-72000-C,2026-10-30,72000,call,0.10392111,0.103,0.105,37.49,,,,,468.4,0.0,78021.74
2026-09-02 04:39:45,deribit,BTC,BTC-5SEP26-78000-P,2026-09-05,78000,put,0.01582943,0.0155,0.0165,33.62,,,,,16.0,23.8,77518.88
2026-09-02 04:39:45,deribit,BTC,BTC-4SEP26-76500-C,2026-09-04,76500,call,0.01795978,0.017,0.019,33.54,,,,,2.3,2.3,77506.99
2026-09-02 04:39:45,deribit,BTC,BTC-25JUN27-56000-P,2027-06-25,56000,put,0.03487914,0.034,0.036,45.51,,,,,84.6,0.0,80485.39
2026-09-02 04:39:45,deribit,BTC,BTC-26MAR27-105000-P,2027-03-26,105000,put,0.35655983,0.353,0.3605,41.41,,,,,0.5,0.0,79508.23
2026-09-02 04:39:45,deribit,BTC,BTC-18SEP26-65000-P,2026-09-18,65000,put,0.00151818,0.0014,0.0017,48.3,,,,,76.8,0.6,77614.41
2026-09-02 04:39:45,deribit,BTC,BTC-30OCT26-63000-C,2026-10-30,63000,call,0.2003869,0.1985,0.2025,43.11,,,,,153.2,0.0,78021.65
2026-09-02 04:39:45,deribit,BTC,BTC-30OCT26-73000-P,2026-10-30,73000,put,0.03075019,0.03,0.031,37.19,,,,,86.9,1.1,78021.74
2026-09-02 04:39:45,deribit,BTC,BTC-4SEP26-86000-P,2026-09-04,86000,put,0.10970596,0.1075,0.113,56.49,,,,,0.1,0.0,77506.99
2026-09-02 04:39:45,deribit,BTC,BTC-30OCT26-56000-P,2026-10-30,56000,put,0.00347652,0.0033,0.0037,50.28,,,,,463.9,0.0,78021.74
2026-09-02 04:39:45,deribit,BTC,BTC-18SEP26-88000-C,2026-09-18,88000,call,0.00280017,0.0026,0.003,40.48,,,,,353.5,27.8,77614.41
2026-09-02 04:39:45,deribit,BTC,BTC-3SEP26-72000-C,2026-09-03,72000,call,0.07114374,0.068,0.073,64.61,,,,,0.0,0.0,77499.03
2026-09-02 04:39:45,deribit,BTC,BTC-27NOV26-69000-C,2026-11-27,69000,call,0.14685989,0.146,0.148,39.78,,,,,0.0,0.0,78321.82
2026-09-02 04:39:45,deribit,BTC,BTC-4SEP26-83000-C,2026-09-04,83000,call,0.00026028,0.0002,0.0003,43.74,,,,,125.9,14.5,77506.99
2026-09-02 04:39:45,deribit,BTC,BTC-25DEC26-85000-C,2026-12-25,85000,call,0.05464811,0.054,0.055,38.63,,,,,2187.4,257.1,78615.99
2026-09-02 04:39:45,deribit,BTC,BTC-5SEP26-81000-P,2026-09-05,81000,put,0.0465981,0.0445,0.049,37.12,,,,,0.0,0.0,77518.88
2026-09-02 04:39:45,deribit,BTC,BTC-25DEC26-98000-P,2026-12-25,98000,put,0.26774483,0.265,0.271,39.91,,,,,1.2,0.0,78615.99
2026-09-02 04:39:45,deribit,BTC,BTC-3SEP26-69000-P,2026-09-03,69000,put,1.639e-05,,0.0001,70.24,,,,,22.8,0.1,77499.19
2026-09-02 04:39:45,deribit,BTC,BTC-25SEP26-200000-P,2026-09-25,200000,put,1.5752893,1.568,1.5865,98.24,,,,,0.1,0.0,77661.83
2026-09-02 04:39:45,deribit,BTC,BTC-5SEP26-78500-P,2026-09-05,78500,put,0.01983005,0.019,0.0205,33.55,,,,,23.2,26.8,77518.88
2026-09-02 04:39:45,deribit,BTC,BTC-3SEP26-73000-P,2026-09-03,73000,put,0.00034227,0.0003,0.0005,56.41,,,,,23.5,15.9,77499.03
2026-09-02 04:39:45,deribit,BTC,BTC-25DEC26-78000-C,2026-12-25,78000,call,0.08985614,0.089,0.0905,38.72,,,,,1072.5,0.5,78615.99
2026-09-02 04:39:45,deribit,BTC,BTC-27NOV26-115000-C,2026-11-27,115000,call,0.00442517,0.0041,0.0047,45.46,,,,,25.4,10.3,78322.3
2026-09-02 04:39:45,deribit,BTC,BTC-11SEP26-66000-P,2026-09-11,66000,put,0.00053316,0.0005,0.0006,49.68,,,,,255.1,103.6,77560.35
2026-09-02 04:39:45,deribit,ETH,ETH-4SEP26-1800-C,2026-09-04,1800,call,0.254826,0.253,0.256,116.52,,,,,32.0,0.0,2415.55
2026-09-02 04:39:45,deribit,ETH,ETH-2SEP26-2100-C,2026-09-02,2100,call,0.130453,0.127,0.1325,87.19,,,,,0.0,0.0,2415.01
2026-09-02 04:39:45,deribit,ETH,ETH-27NOV26-2700-P,2026-11-27,2700,put,0.168534,0.167,0.1705,51.64,,,,,81.0,0.0,2434.68
2026-09-02 04:39:45,deribit,ETH,ETH-25SEP26-1800-P,2026-09-25,1800,put,0.002165,0.002,0.0024,66.35,,,,,13304.0,12.0,2422.6
2026-09-02 04:39:45,deribit,ETH,ETH-25JUN27-3600-C,2027-06-25,3600,call,0.081557,0.08,0.0825,56.21,,,,,204.0,0.0,2491.54
2026-09-02 04:39:45,deribit,ETH,ETH-25JUN27-4800-C,2027-06-25,4800,call,0.036115,0.035,0.037,58.3,,,,,142.0,0.0,2491.48
2026-09-02 04:39:45,deribit,ETH,ETH-25DEC26-10000-P,2026-12-25,10000,put,3.099056,3.0735,3.145,81.85,,,,,0.0,0.0,2439.78
2026-09-02 04:39:45,deribit,ETH,ETH-4SEP26-1950-C,2026-09-04,1950,call,0.192858,0.1895,0.194,110.75,,,,,3288.0,0.0,2415.49
2026-09-02 04:39:45,deribit,ETH,ETH-26MAR27-2600-C,2027-03-26,2600,call,0.139018,0.138,0.14,54.13,,,,,3244.0,20.0,2463.73
2026-09-02 04:39:45,deribit,ETH,ETH-25SEP26-2500-C,2026-09-25,2500,call,0.035402,0.035,0.0355,48.79,,,,,23955.0,207.0,2422.54
2026-09-02 04:39:45,deribit,ETH,ETH-25JUN27-1700-C,2027-06-25,1700,call,0.375468,0.3725,0.38,58.23,,,,,671.0,5.0,2491.54
2026-09-02 04:39:45,deribit,ETH,ETH-25SEP26-2600-P,2026-09-25,2600,put,0.09583,0.0945,0.0965,49.11,,,,,9097.0,18.0,2422.6
2026-09-02 04:39:45,deribit,ETH,ETH-11SEP26-2600-C,2026-09-11,2600,call,0.006374,0.006,0.0065,46.22,,,,,2100.0,206.0,2417.52
2026-09-02 04:39:45,deribit,ETH,ETH-5SEP26-2580-P,2026-09-05,2580,put,0.069503,0.067,0.0735,48.94,,,,,0.0,0.0,2415.8
2026-09-02 04:39:45,deribit,ETH,ETH-2SEP26-2680-P,2026-09-02,2680,put,0.109708,0.107,0.114,66.08,,,,,0.0,0.0,2415.08
2026-09-02 04:39:45,deribit,ETH,ETH-5SEP26-2240-C,2026-09-05,2240,call,0.074434,0.0715,0.0755,56.27,,,,,0.0,0.0,2415.8
2026-09-02 04:39:45,deribit,ETH,ETH-4SEP26-3000-P,2026-09-04,3000,put,0.241985,0.239,0.247,87.14,,,,,0.0,0.0,2415.55
2026-09-02 04:39:45,deribit,ETH,ETH-25DEC26-6500-C,2026-12-25,6500,call,0.0012,0.001,0.0015,69.69,,,,,1846.0,0.0,2439.75
2026-09-02 04:39:45,deribit,ETH,ETH-25SEP26-1500-P,2026-09-25,1500,put,0.000687,0.0006,0.0008,84.3,,,,,17066.0,0.0,2422.6
2026-09-02 04:39:45,deribit,ETH,ETH-25DEC26-2400-P,2026-12-25,2400,put,0.105816,0.1055,0.1065,51.6,,,,,1791.0,47.0,2439.75
2026-09-02 04:39:45,deribit,ETH,ETH-25SEP26-1950-P,2026-09-25,1950,put,0.004359,0.0042,0.0046,59.32,,,,,4399.0,1641.0,2422.54
2026-09-02 04:39:45,deribit,ETH,ETH-30OCT26-3200-P,2026-10-30,3200,put,0.329664,0.325,0.3345,54.44,,,,,2.0,0.0,2428.62
2026-09-02 04:39:45,deribit,ETH,ETH-30OCT26-1400-P,2026-10-30,1400,put,0.001958,0.0018,0.0022,70.18,,,,,2553.0,0.0,2428.62
2026-09-02 04:39:45,deribit,ETH,ETH-27NOV26-3100-P,2026-11-27,3100,put,0.300962,0.295,0.3055,53.45,,,,,0.0,0.0,2434.68
2026-09-02 04:39:45,deribit,ETH,ETH-25SEP26-12000-C,2026-09-25,12000,call,1e-05,,0.0001,163.38,,,,,1953.0,0.0,2422.6
2026-09-02 04:39:45,deribit,ETH,ETH-25JUN27-2900-P,2027-06-25,2900,put,0.305128,0.3015,0.3075,55.51,,,,,284.0,0.0,2491.54
2026-09-02 04:39:45,deribit,ETH,ETH-30OCT26-2150-C,2026-10-30,2150,call,0.147019,0.145,0.1485,51.0,,,,,1035.0,0.0,2428.68
2026-09-02 04:39:45,deribit,ETH,ETH-3SEP26-2200-P,2026-09-03,2200,put,0.000164,0.0001,0.0003,74.05,,,,,696.0,6.0,2415.21
2026-09-02 04:39:45,deribit,ETH,ETH-25JUN27-4800-P,2027-06-25,4800,put,0.962665,0.9475,0.9725,58.3,,,,,0.0,0.0,2491.48
2026-09-02 04:39:45,deribit,ETH,ETH-26MAR27-4200-P,2027-03-26,4200,put,0.732617,0.7205,0.741,57.0,,,,,1.0,0.0,2463.73
2026-09-02 04:39:45,deribit,ETH,ETH-25SEP26-5800-C,2026-09-25,5800,call,2.6e-05,,0.0001,100.01,,,,,5889.0,0.0,2422.6
2026-09-02 04:39:45,deribit,ETH,ETH-26MAR27-1000-P,2027-03-26,1000,put,0.006773,0.006,0.007,72.43,,,,,7290.0,0.0,2463.73
2026-09-02 04:39:45,deribit,ETH,ETH-25JUN27-3500-P,2027-06-25,3500,put,0.492793,0.483,0.4995,56.09,,,,,323.0,0.0,2491.48
2026-09-02 04:39:45,deribit,ETH,ETH-30OCT26-1750-C,2026-10-30,1750,call,0.286383,0.2845,0.288,58.04,,,,,102.0,0.0,2428.68
2026-09-02 04:39:45,deribit,ETH,ETH-5SEP26-2380-C,2026-09-05,2380,call,0.024707,0.0235,0.0255,44.19,,,,,44.0,44.0,2415.8
2026-09-02 04:39:45,deribit,ETH,ETH-25JUN27-3400-C,2027-06-25,3400,call,0.094842,0.093,0.096,55.92,,,,,481.0,0.0,2491.48
2026-09-02 04:39:45,deribit,ETH,ETH-26MAR27-2800-P,2027-03-26,2800,put,0.248619,0.2465,0.2505,54.23,,,,,15.0,0.0,2463.79
2026-09-02 04:39:45,deribit,ETH,ETH-25DEC26-2400-C,2026-12-25,2400,call,0.122105,0.1215,0.123,51.6,,,,,12435.0,11.0,2439.78
2026-09-02 04:39:45,deribit,ETH,ETH-25SEP26-8500-P,2026-09-25,8500,put,2.508637,2.4975,2.5255,130.85,,,,,0.0,0.0,2422.6
2026-09-02 04:39:45,deribit,ETH,ETH-11SEP26-2900-P,2026-09-11,2900,put,0.200546,0.197,0.205,58.62,,,,,0.0,0.0,2417.46
2026-09-02 04:39:45,deribit,ETH,ETH-5SEP26-2280-P,2026-09-05,2280,put,0.002574,0.0024,0.0028,51.69,,,,,397.0,397.0,2415.8
2026-09-02 04:39:45,deribit,ETH,ETH-27NOV26-2300-C,2026-11-27,2300,call,0.126186,0.125,0.127,51.09,,,,,0.0,0.0,2434.68
2026-09-02 04:39:45,deribit,ETH,ETH-5SEP26-2200-C,2026-09-05,2200,call,0.090456,0.0875,0.0915,61.19,,,,,0.0,0.0,2415.8
2026-09-02 04:39:45,deribit,ETH,ETH-25SEP26-2400-C,2026-09-25,2400,call,0.053753,0.053,0.0545,48.99,,,,,15839.0,94.0,2422.6
2026-09-02 04:39:45,deribit,ETH,ETH-26MAR27-2900-C,2027-03-26,2900,call,0.10074,0.0995,0.1015,54.31,,,,,2265.0,20.0,2463.79
2026-09-02 04:39:45,deribit,ETH,ETH-25JUN27-2200-P,2027-06-25,2200,put,0.133582,0.1325,0.135,55.7,,,,,387.0,0.0,2491.48
2026-09-02 04:39:45,deribit,ETH,ETH-5SEP26-2540-P,2026-09-05,2540,put,0.054071,0.0515,0.0575,46.45,,,,,0.0,0.0,2415.8
2026-09-02 04:39:45,deribit,ETH,ETH-18SEP26-3200-C,2026-09-18,3200,call,0.001053,0.0009,0.0012,63.91,,,,,1454.0,500.0,2419.54
2026-09-02 04:39:45,deribit,ETH,ETH-11SEP26-2450-C,2026-09-11,2450,call,0.022383,0.022,0.0225,45.02,,,,,1638.0,321.0,2417.46
2026-09-02 04:39:45,deribit,ETH,ETH-25DEC26-8000-P,2026-12-25,8000,put,2.279529,2.261,2.3015,74.73,,,,,0.0,0.0,2439.78
2026-09-02 04:39:45,deribit,ETH,ETH-3SEP26-2620-C,2026-09-03,2620,call,7.5e-05,,0.0001,58.94,,,,,117.0,3.0,2415.21
2026-09-02 04:39:45,deribit,ETH,ETH-30OCT26-2500-C,2026-10-30,2500,call,0.067041,0.0665,0.0675,50.15,,,,,2832.0,41.0,2428.68
2026-09-02 04:39:45,deribit,ETH,ETH-27NOV26-2400-C,2026-11-27,2400,call,0.10516,0.1045,0.1055,51.0,,,,,307.0,0.0,2434.68
2026-09-02 04:39:45,deribit,ETH,ETH-26MAR27-3300-P,2027-03-26,3300,put,0.405531,0.401,0.4115,54.9,,,,,1.0,0.0,2463.73
2026-09-02 04:39:45,deribit,ETH,ETH-3SEP26-2420-C,2026-09-03,2420,call,0.007871,0.0075,0.0085,39.55,,,,,4.0,3.0,2415.21
2026-09-02 04:39:45,deribit,ETH,ETH-3SEP26-2750-C,2026-09-03,2750,call,5e-06,,0.0001,70.52,,,,,156.0,19.0,2415.21
2026-09-02 04:39:45,deribit,ETH,ETH-2SEP26-2240-P,2026-09-02,2240,put,0.0,,0.0001,84.88,,,,,85.0,0.0,2415.01
2026-09-02 04:39:45,deribit,ETH,ETH-25DEC26-1400-C,2026-12-25,1400,call,0.43354,0.431,0.4355,64.79,,,,,938.0,0.0,2439.78
2026-09-02 04:39:45,deribit,ETH,ETH-26MAR27-2600-P,2027-03-26,2600,put,0.19432,0.1925,0.196,54.13,,,,,626.0,0.0,2463.73
2026-09-02 04:39:45,deribit,ETH,ETH-11SEP26-2550-P,2026-09-11,2550,put,0.064601,0.0635,0.068,45.39,,,,,379.0,37.0,2417.46
2026-09-02 04:39:45,deribit,ETH,ETH-25SEP26-4600-C,2026-09-25,4600,call,0.0001,,0.0002,84.1,,,,,4400.0,0.0,2422.54
2026-09-02 04:39:45,deribit,ETH,ETH-26MAR27-2800-C,2027-03-26,2800,call,0.11214,0.111,0.113,54.23,,,,,5004.0,48.0,2463.73
2026-09-02 04:39:45,deribit,ETH,ETH-3SEP26-2320-C,2026-09-03,2320,call,0.040389,0.0375,0.0415,50.54,,,,,18.0,18.0,2415.21
2026-09-02 04:39:45,deribit,ETH,ETH-2SEP26-2800-C,2026-09-02,2800,call,0.0,,0.0001,71.83,,,,,684.0,0.0,2415.01
2026-09-02 04:39:45,deribit,ETH,ETH-5SEP26-2340-P,2026-09-05,2340,put,0.00567,0.0055,0.006,46.51,,,,,306.0,326.0,2415.8
2026-09-02 04:39:45,deribit,ETH,ETH-25SEP26-3800-P,2026-09-25,3800,put,0.569017,0.5645,0.575,71.59,,,,,943.0,0.0,2422.6
2026-09-02 04:39:45,deribit,ETH,ETH-18SEP26-2450-C,2026-09-18,2450,call,0.034045,0.0335,0.0345,47.44,,,,,589.0,488.0,2419.54
2026-09-02 04:39:45,deribit,ETH,ETH-25SEP26-3200-C,2026-09-25,3200,call,0.002089,0.0019,0.0022,59.36,,,,,14290.0,352.0,2422.6
2026-09-02 04:39:45,deribit,ETH,ETH-25SEP26-1000-P,2026-09-25,1000,put,0.000106,,0.0001,121.28,,,,,10775.0,24.0,2422.6
2026-09-02 04:39:45,deribit,ETH,ETH-4SEP26-3000-C,2026-09-04,3000,call,1.1e-05,,0.0001,87.14,,,,,3979.0,1199.0,2415.55
2026-09-02 04:39:45,deribit,ETH,ETH-25SEP26-1000-C,2026-09-25,1000,call,0.587326,0.586,0.588,121.28,,,,,5785.0,0.0,2422.54
2026-09-02 04:39:45,deribit,ETH,ETH-27NOV26-2000-C,2026-11-27,2000,call,0.208537,0.2065,0.21,53.21,,,,,4.0,0.0,2434.68
2026-09-02 04:39:45,deribit,ETH,ETH-4SEP26-2800-C,2026-09-04,2800,call,7.3e-05,,0.0001,72.6,,,,,3937.0,218.0,2415.55
2026-09-02 04:39:45,deribit,ETH,ETH-5SEP26-2320-C,2026-09-05,2320,call,0.043974,0.043,0.045,48.02,,,,,0.0,0.0,2415.86
2026-09-02 04:39:45,deribit,ETH,ETH-25DEC26-1800-C,2026-12-25,1800,call,0.28569,0.283,0.2885,55.99,,,,,2434.0,0.0,2439.78
2026-09-02 04:39:45,deribit,ETH,ETH-2SEP26-2550-C,2026-09-02,2550,call,0.0,,0.0001,54.73,,,,,0.0,0.0,2415.01
2026-09-02 04:39:45,deribit,ETH,ETH-25SEP26-2420-C,2026-09-25,2420,call,0.049645,0.049,0.05,48.95,,,,,94.0,94.0,2422.6
2026-09-02 04:39:45,deribit,ETH,ETH-26MAR27-4800-P,2027-03-26,4800,put,0.965162,0.952,0.975,58.58,,,,,0.0,0.0,2463.73
2026-09-02 04:39:45,deribit,ETH,ETH-30OCT26-2250-P,2026-10-30,2250,put,0.045742,0.045,0.0465,50.31,,,,,1373.0,228.0,2428.62
2026-09-02 04:39:45,deribit,ETH,ETH-25SEP26-5200-C,2026-09-25,5200,call,2.8e-05,,0.0001,89.16,,,,,2392.0,0.0,2422.6
2026-09-02 04:39:45,deribit,ETH,ETH-30OCT26-2900-C,2026-10-30,2900,call,0.024706,0.024,0.025,52.05,,,,,1004.0,27.0,2428.68
2026-09-02 04:39:45,deribit,ETH,ETH-2SEP26-2260-C,2026-09-02,2260,call,0.064202,0.0605,0.0665,80.65,,,,,0.0,0.0,2415.01
2026-09-02 04:39:45,deribit,ETH,ETH-27NOV26-3800-C,2026-11-27,3800,call,0.00857,0.008,0.009,58.09,,,,,1346.0,40.0,2434.68
2026-09-02 04:39:45,deribit,ETH,ETH-25JUN27-4400-P,2027-06-25,4400,put,0.812445,0.8005,0.8215,57.52,,,,,1.0,0.0,2491.48
2026-09-02 04:39:45,deribit,ETH,ETH-5SEP26-2440-P,2026-09-05,2440,put,0.021589,0.021,0.022,43.28,,,,,36.0,36.0,2415.86
2026-09-02 04:39:45,deribit,ETH,ETH-25DEC26-1500-P,2026-12-25,1500,put,0.009858,0.0095,0.0105,62.09,,,,,15816.0,0.0,2439.78
2026-09-02 04:39:45,deribit,ETH,ETH-26MAR27-4200-C,2027-03-26,4200,call,0.027898,0.027,0.029,57.0,,,,,2903.0,21.0,2463.73
2026-09-02 04:39:45,deribit,ETH,ETH-30OCT26-1000-C,2026-10-30,1000,call,0.588607,0.587,0.5895,86.64,,,,,0.0,0.0,2428.62
2026-09-02 04:39:45,deribit,ETH,ETH-25JUN27-3100-P,2027-06-25,3100,put,0.364254,0.3565,0.37,55.6,,,,,0.0,0.0,2491.54
2026-09-02 04:39:45,deribit,ETH,ETH-25SEP26-9000-P,2026-09-25,9000,put,2.715027,2.701,2.7325,136.33,,,,,0.0,0.0,2422.6
2026-09-02 04:39:45,deribit,ETH,ETH-2SEP26-2360-P,2026-09-02,2360,put,0.000101,0.0001,0.0002,59.47,,,,,1010.0,1484.0,2415.01
2026-09-02 04:39:45,deribit,ETH,ETH-4SEP26-1800-P,2026-09-04,1800,put,1e-05,,0.0001,116.52,,,,,1878.0,0.0,2415.55
2026-09-02 04:39:45,deribit,ETH,ETH-2SEP26-2200-P,2026-09-02,2200,put,0.0,,0.0001,86.07,,,,,118.0,100.0,2415.01
2026-09-02 04:39:45,deribit,ETH,ETH-2SEP26-2660-C,2026-09-02,2660,call,0.0,,0.0001,65.99,,,,,763.0,758.0,2415.01
2026-09-02 04:39:45,deribit,ETH,ETH-27NOV26-2700-C,2026-11-27,2700,call,0.05954,0.059,0.06,51.64,,,,,4.0,0.0,2434.68
2026-09-02 04:39:45,deribit,ETH,ETH-18SEP26-2200-P,2026-09-18,2200,put,0.010353,0.01,0.011,50.71,,,,,3992.0,401.0,2419.54
2026-09-02 04:39:45,deribit,ETH,ETH-25SEP26-2300-P,2026-09-25,2300,put,0.027572,0.027,0.028,49.84,,,,,5519.0,106.0,2422.6
2026-09-02 04:39:45,deribit,ETH,ETH-25JUN27-2100-P,2027-06-25,2100,put,0.115015,0.114,0.1165,55.97,,,,,584.0,1.0,2491.48
2026-09-02 04:39:45,deribit,ETH,ETH-4SEP26-2080-C,2026-09-04,2080,call,0.13918,0.1365,0.1405,87.73,,,,,102.0,0.0,2415.55
2026-09-02 04:39:45,deribit,ETH,ETH-25DEC26-1000-C,2026-12-25,1000,call,0.592111,0.5905,0.5935,77.58,,,,,55.0,0.0,2439.78
2026-09-02 04:39:45,deribit,ETH,ETH-25DEC26-2800-P,2026-12-25,2800,put,0.211658,0.21,0.214,52.07,,,,,2528.0,0.0,2439.78
2026-09-02 04:39:45,deribit,ETH,ETH-27NOV26-3100-C,2026-11-27,3100,call,0.027673,0.027,0.028,53.45,,,,,5.0,3.0,2434.68
2026-09-02 04:39:45,deribit,ETH,ETH-30OCT26-1800-P,2026-10-30,1800,put,0.008448,0.008,0.009,56.8,,,,,1272.0,11.0,2428.68
2026-09-02 04:39:45,deribit,ETH,ETH-25DEC26-4400-P,2026-12-25,4400,put,0.810195,0.8,0.8215,59.43,,,,,20.0,0.0,2439.75
2026-09-02 04:39:45,deribit,ETH,ETH-3SEP26-2800-C,2026-09-03,2800,call,2e-06,,0.0001,73.62,,,,,21.0,0.0,2415.27
2026-09-02 04:39:45,deribit,ETH,ETH-25SEP26-3400-C,2026-09-25,3400,call,0.001188,0.001,0.0013,63.75,,,,,9034.0,10.0,2422.6
2026-09-02 04:39:45,deribit,ETH,ETH-25SEP26-4400-P,2026-09-25,4400,put,0.816376,0.811,0.8235,81.55,,,,,281.0,0.0,2422.54
2026-09-02 04:39:45,deribit,ETH,ETH-11SEP26-1800-C,2026-09-11,1800,call,0.255815,0.2535,0.2565,80.62,,,,,0.0,0.0,2417.46
2026-09-02 04:39:45,deribit,ETH,ETH-4SEP26-2650-C,2026-09-04,2650,call,0.000191,0.0001,0.0003,54.13,,,,,5591.0,28.0,2415.55
2026-09-02 04:39:45,deribit,ETH,ETH-25DEC26-7000-P,2026-12-25,7000,put,1.869925,1.8515,1.889,70.57,,,,,0.0,0.0,2439.78
2026-09-02 04:39:45,deribit,ETH,ETH-25JUN27-4000-C,2027-06-25,4000,call,0.061012,0.0595,0.062,56.84,,,,,4517.0,1.0,2491.54
2026-09-02 04:39:45,deribit,ETH,ETH-18SEP26-2900-P,2026-09-18,2900,put,0.20176,0.1985,0.206,54.94,,,,,0.0,0.0,2419.54
2026-09-02 04:39:45,deribit,ETH,ETH-26MAR27-1800-C,2027-03-26,1800,call,0.317732,0.3155,0.3215,56.88,,,,,3427.0,0.0,2463.73
2026-09-02 04:39:45,deribit,ETH,ETH-3SEP26-2600-P,2026-09-03,2600,put,0.07659,0.074,0.081,55.11,,,,,0.0,0.0,2415.21
2026-09-02 04:39:45,deribit,ETH,ETH-11SEP26-2100-C,2026-09-11,2100,call,0.133611,0.131,0.1345,57.8,,,,,1.0,0.0,2417.52
2026-09-02 04:39:45,deribit,ETH,ETH-25JUN27-1900-C,2027-06-25,1900,call,0.320445,0.3175,0.325,56.84,,,,,115.0,0.0,2491.48
2026-09-02 04:39:45,deribit,ETH,ETH-2SEP26-2480-C,2026-09-02,2480,call,3e-06,,0.0001,44.86,,,,,688.0,478.0,2415.01
2026-09-02 04:39:45,deribit,ETH,ETH-3SEP26-2280-P,2026-09-03,2280,put,0.000483,0.0004,0.0007,58.2,,,,,35.0,32.0,2415.21
2026-09-02 04:39:45,deribit,ETH,ETH-26MAR27-2000-P,2027-03-26,2000,put,0.072971,0.072,0.074,55.4,,,,,1906.0,100.0,2463.73
2026-09-02 04:39:45,deribit,ETH,ETH-25JUN27-3900-C,2027-06-25,3900,call,0.065507,0.064,0.0665,56.68,,,,,130.0,60.0,2491.48
2026-09-02 04:39:45,deribit,ETH,ETH-25SEP26-2100-P,2026-09-25,2100,put,0.009424,0.009,0.01,53.77,,,,,38091.0,197.0,2422.54
2026-09-02 04:39:45,deribit,ETH,ETH-3SEP26-2660-C,2026-09-03,2660,call,4.2e-05,,0.0001,64.29,,,,,250.0,250.0,2415.21
2026-09-02 04:39:45,deribit,ETH,ETH-27NOV26-3400-C,2026-11-27,3400,call,0.016141,0.0155,0.0165,55.25,,,,,314.0,20.0,2434.68
2026-09-02 04:39:45,deribit,ETH,ETH-11SEP26-2400-P,2026-09-11,2400,put,0.02528,0.025,0.0255,45.72,,,,,1467.0,169.0,2417.52
2026-09-02 04:39:45,deribit,ETH,ETH-4SEP26-2050-P,2026-09-04,2050,put,0.000185,0.0002,0.0003,90.18,,,,,1350.0,885.0,2415.49
2026-09-02 04:39:45,deribit,ETH,ETH-27NOV26-3000-C,2026-11-27,3000,call,0.0334,0.033,0.034,52.92,,,,,79.0,6.0,2434.68
2026-09-02 04:39:45,deribit,ETH,ETH-25SEP26-16000-P,2026-09-25,16000,put,5.604485,5.58,5.642,189.54,,,,,30.0,0.0,2422.6
2026-09-02 04:39:45,deribit,ETH,ETH-25SEP26-2050-P,2026-09-25,2050,put,0.007355,0.007,0.0075,55.68,,,,,3173.0,752.0,2422.6
2026-09-02 04:39:45,deribit,ETH,ETH-25JUN27-6000-C,2027-06-25,6000,call,0.018575,0.0175,0.0195,60.51,,,,,246.0,0.0,2491.48
2026-09-02 04:39:45,deribit,ETH,ETH-11SEP26-3000-P,2026-09-11,3000,put,0.24157,0.238,0.2465,63.23,,,,,0.0,0.0,2417.46
2026-09-02 04:39:45,deribit,ETH,ETH-3SEP26-2900-P,2026-09-03,2900,put,0.200714,0.198,0.2055,80.92,,,,,0.0,0.0,2415.21
2026-09-02 04:39:45,deribit,ETH,ETH-26MAR27-4500-P,2027-03-26,4500,put,0.848078,0.8345,0.857,57.81,,,,,0.0,0.0,2463.73
2026-09-02 04:39:45,deribit,ETH,ETH-25SEP26-1600-C,2026-09-25,1600,call,0.340545,0.3375,0.3415,77.98,,,,,3418.0,0.0,2422.6
2026-09-02 04:39:45,deribit,ETH,ETH-27NOV26-4200-P,2026-11-27,4200,put,0.730238,0.722,0.74,61.34,,,,,0.0,0.0,2434.68
2026-09-02 04:39:45,deribit,ETH,ETH-27NOV26-1600-P,2026-11-27,1600,put,0.008413,0.008,0.009,60.98,,,,,5.0,2.0,2434.68
2026-09-02 04:39:45,deribit,ETH,ETH-27NOV26-2300-P,2026-11-27,2300,put,0.070884,0.0705,0.0715,51.09,,,,,302.0,20.0,2434.68
2026-09-02 04:39:45,deribit,ETH,ETH-26MAR27-3000-P,2027-03-26,3000,put,0.308225,0.304,0.3135,54.44,,,,,352.0,0.0,2463.73
2026-09-02 04:39:45,deribit,ETH,ETH-4SEP26-1750-C,2026-09-04,1750,call,0.275518,0.273,0.2765,116.53,,,,,0.0,0.0,2415.55
2026-09-02 04:39:45,deribit,ETH,ETH-25DEC26-5200-P,2026-12-25,5200,put,1.134484,1.122,1.148,63.72,,,,,0.0,0.0,2439.75
2026-09-02 04:39:45,deribit,ETH,ETH-25JUN27-3900-P,2027-06-25,3900,put,0.630829,0.621,0.6385,56.68,,,,,0.0,0.0,2491.54
2026-09-02 04:39:45,deribit,ETH,ETH-3SEP26-2380-P,2026-09-03,2380,put,0.003687,0.0036,0.004,41.59,,,,,189.0,142.0,2415.21
2026-09-02 04:39:45,deribit,ETH,ETH-25DEC26-4800-C,2026-12-25,4800,call,0.00449,0.0043,0.0047,61.67,,,,,2708.0,17.0,2439.78
2026-09-02 04:39:45,deribit,ETH,ETH-25JUN27-4400-C,2027-06-25,4400,call,0.046441,0.045,0.0475,57.52,,,,,173.0,0.0,2491.54
2026-09-02 04:39:45,deribit,ETH,ETH-25JUN27-2000-P,2027-06-25,2000,put,0.098119,0.097,0.0995,56.33,,,,,1802.0,0.0,2491.48
2026-09-02 04:39:45,deribit,ETH,ETH-4SEP26-1600-C,2026-09-04,1600,call,0.337614,0.3355,0.3385,117.74,,,,,18.0,0.0,2415.55
2026-09-02 04:39:45,deribit,ETH,ETH-25SEP26-2050-C,2026-09-25,2050,call,0.161156,0.1585,0.162,55.68,,,,,19.0,0.0,2422.6
2026-09-02 04:39:45,deribit,ETH,ETH-25DEC26-2700-P,2026-12-25,2700,put,0.182083,0.1815,0.183,51.87,,,,,771.0,85.0,2439.78
2026-09-02 04:39:45,deribit,ETH,ETH-2SEP26-2260-P,2026-09-02,2260,put,0.0,,0.0001,80.65,,,,,50.0,0.0,2415.08
2026-09-02 04:39:45,deribit,ETH,ETH-25SEP26-7500-C,2026-09-25,7500,call,1e-05,,0.0001,118.97,,,,,2159.0,0.0,2422.6
2026-09-02 04:39:45,deribit,ETH,ETH-25SEP26-6800-P,2026-09-25,6800,put,1.806913,1.7975,1.8175,110.41,,,,,0.0,0.0,2422.54
2026-09-02 04:39:45,deribit,ETH,ETH-27NOV26-2650-P,2026-11-27,2650,put,0.154065,0.1535,0.155,51.51,,,,,87.0,0.0,2434.68
2026-09-02 04:39:45,deribit,ETH,ETH-3SEP26-2250-P,2026-09-03,2250,put,0.000324,0.0003,0.0005,64.55,,,,,502.0,500.0,2415.27
2026-09-02 04:39:45,deribit,ETH,ETH-25DEC26-7000-C,2026-12-25,7000,call,0.000767,0.0006,0.0011,70.57,,,,,3002.0,0.0,2439.78
2026-09-02 04:39:45,deribit,ETH,ETH-25SEP26-2250-P,2026-09-25,2250,put,0.021293,0.021,0.022,50.51,,,,,4276.0,667.0,2422.54
2026-09-02 04:39:45,deribit,ETH,ETH-11SEP26-2350-C,2026-09-11,2350,call,0.044963,0.0435,0.046,46.42,,,,,51.0,0.0,2417.52
2026-09-02 04:39:45,deribit,ETH,ETH-5SEP26-2280-C,2026-09-05,2280,call,0.058796,0.056,0.06,51.69,,,,,0.0,0.0,2415.8
2026-09-02 04:39:45,deribit,ETH,ETH-25DEC26-1800-P,2026-12-25,1800,put,0.023473,0.023,0.024,55.99,,,,,5238.0,1.0,2439.78
2026-09-02 04:39:45,deribit,ETH,ETH-18SEP26-3000-C,2026-09-18,3000,call,0.002081,0.0019,0.0022,57.79,,,,,244.0,15.0,2419.54
2026-09-02 04:39:45,deribit,ETH,ETH-27NOV26-3600-C,2026-11-27,3600,call,0.0116,0.011,0.012,56.62,,,,,1721.0,0.0,2434.68
2026-09-02 04:39:45,deribit,ETH,ETH-2SEP26-2680-C,2026-09-02,2680,call,0.0,,0.0001,66.08,,,,,226.0,0.0,2415.01
2026-09-02 04:39:45,deribit,ETH,ETH-25JUN27-1400-P,2027-06-25,1400,put,0.031283,0.0305,0.032,61.54,,,,,1801.0,0.0,2491.48
2026-09-02 04:39:45,deribit,ETH,ETH-25JUN27-1600-C,2027-06-25,1600,call,0.405268,0.402,0.4085,59.1,,,,,379.0,0.0,2491.54
2026-09-02 04:39:45,deribit,ETH,ETH-27NOV26-2950-C,2026-11-27,2950,call,0.036732,0.036,0.037,52.66,,,,,141.0,35.0,2434.68
2026-09-02 04:39:45,deribit,ETH,ETH-27NOV26-2750-C,2026-11-27,2750,call,0.05406,0.0535,0.0545,51.83,,,,,533.0,0.0,2434.68
2026-09-02 04:39:45,deribit,ETH,ETH-25DEC26-5000-C,2026-12-25,5000,call,0.003733,0.0035,0.004,62.75,,,,,4232.0,5.0,2439.75
2026-09-02 04:39:45,deribit,ETH,ETH-26MAR27-2900-P,2027-03-26,2900,put,0.277808,0.2755,0.2815,54.31,,,,,258.0,0.0,2463.79
2026-09-02 04:39:45,deribit,ETH,ETH-25JUN27-4500-C,2027-06-25,4500,call,0.043616,0.0425,0.0445,57.75,,,,,1490.0,0.0,2491.48
2026-09-02 04:39:45,deribit,ETH,ETH-5SEP26-2700-P,2026-09-05,2700,put,0.118046,0.1155,0.1225,58.24,,,,,0.0,0.0,2415.8
2026-09-02 04:39:45,deribit,ETH,ETH-25SEP26-4500-C,2026-09-25,4500,call,0.000143,,0.0002,84.1,,,,,8201.0,0.0,2422.6
2026-09-02 04:39:45,deribit,ETH,ETH-5SEP26-2520-P,2026-09-05,2520,put,0.046694,0.044,0.0495,45.43,,,,,0.0,0.0,2415.8
2026-09-02 04:39:45,deribit,ETH,ETH-27NOV26-2900-C,2026-11-27,2900,call,0.04045,0.04,0.041,52.44,,,,,137.0,20.0,2434.68
2026-09-02 04:39:45,deribit,ETH,ETH-26MAR27-4400-P,2027-03-26,4400,put,0.809367,0.797,0.818,57.53,,,,,2.0,0.0,2463.73
2026-09-02 04:39:45,deribit,ETH,ETH-30OCT26-1600-P,2026-10-30,1600,put,0.004014,0.0038,0.0043,62.76,,,,,2211.0,36.0,2428.68
2026-09-02 04:39:45,deribit,ETH,ETH-3SEP26-2680-P,2026-09-03,2680,put,0.10965,0.107,0.114,65.44,,,,,0.0,0.0,2415.27
2026-09-02 04:39:45,deribit,ETH,ETH-25JUN27-4200-C,2027-06-25,4200,call,0.053008,0.0515,0.054,57.14,,,,,554.0,0.0,2491.48
2026-09-02 04:39:45,deribit,ETH,ETH-3SEP26-2660-P,2026-09-03,2660,put,0.101386,0.099,0.106,64.29,,,,,0.0,0.0,2415.21
2026-09-02 04:39:45,deribit,ETH,ETH-25SEP26-7000-C,2026-09-25,7000,call,1e-05,,0.0001,112.41,,,,,2135.0,0.0,2422.6
2026-09-02 04:39:45,deribit,ETH,ETH-2SEP26-2460-C,2026-09-02,2460,call,3.6e-05,,0.0002,42.22,,,,,1030.0,1279.0,2415.01
2026-09-02 04:39:45,deribit,ETH,ETH-27NOV26-2500-P,2026-11-27,2500,put,0.114134,0.1135,0.115,51.12,,,,,159.0,45.0,2434.68
2026-09-02 04:39:45,deribit,ETH,ETH-25SEP26-11000-P,2026-09-25,11000,put,3.540587,3.5255,3.568,155.29,,,,,0.0,0.0,2422.6
2026-09-02 04:39:45,deribit,ETH,ETH-11SEP26-2250-C,2026-09-11,2250,call,0.076677,0.0755,0.0775,49.59,,,,,259.0,0.0,2417.46
2026-09-02 04:39:45,deribit,ETH,ETH-18SEP26-2650-C,2026-09-18,2650,call,0.011162,0.0105,0.0115,49.01,,,,,1341.0,0.0,2419.54
2026-09-02 04:39:45,deribit,ETH,ETH-25SEP26-3300-P,2026-09-25,3300,put,0.363748,0.36,0.3695,61.67,,,,,3.0,0.0,2422.54
2026-09-02 04:39:45,deribit,ETH,ETH-26MAR27-1000-C,2027-03-26,1000,call,0.600887,0.5985,0.6025,72.43,,,,,269.0,0.0,2463.73
2026-09-02 04:39:45,deribit,ETH,ETH-25JUN27-3300-C,2027-06-25,3300,call,0.102426,0.1005,0.104,55.78,,,,,2273.0,1.0,2491.48
2026-09-02 04:39:45,deribit,ETH,ETH-27NOV26-4000-C,2026-11-27,4000,call,0.006543,0.006,0.007,59.69,,,,,77.0,5.0,2434.68
2026-09-02 04:39:45,deribit,ETH,ETH-5SEP26-2360-P,2026-09-05,2360,put,0.007471,0.007,0.008,45.17,,,,,157.0,216.0,2415.8
2026-09-02 04:39:45,deribit,ETH,ETH-25JUN27-1500-C,2027-06-25,1500,call,0.436663,0.434,0.441,60.23,,,,,50.0,0.0,2491.54
2026-09-02 04:39:45,deribit,ETH,ETH-25SEP26-8000-C,2026-09-25,8000,call,1e-05,,0.0001,125.02,,,,,1654.0,0.0,2422.6
2026-09-02 04:39:45,deribit,ETH,ETH-3SEP26-2620-P,2026-09-03,2620,put,0.084858,0.0825,0.089,58.94,,,,,0.0,0.0,2415.21
2026-09-02 04:39:45,deribit,ETH,ETH-2SEP26-2420-P,2026-09-02,2420,put,0.003922,0.0032,0.0045,35.65,,,,,2170.0,2049.0,2415.01
2026-09-02 04:39:45,deribit,ETH,ETH-25DEC26-6500-P,2026-12-25,6500,put,1.665418,1.6495,1.6825,69.69,,,,,0.0,0.0,2439.78
2026-09-02 04:39:45,deribit,ETH,ETH-25SEP26-4200-P,2026-09-25,4200,put,0.733858,0.7285,0.7405,77.56,,,,,551.0,0.0,2422.54
2026-09-02 04:39:45,deribit,ETH,ETH-26MAR27-3600-C,2027-03-26,3600,call,0.048991,0.048,0.05,55.58,,,,,2292.0,38.0,2463.73
2026-09-02 04:39:45,deribit,ETH,ETH-5SEP26-2420-C,2026-09-05,2420,call,0.015222,0.0145,0.016,43.41,,,,,44.0,44.0,2415.8
2026-09-02 04:39:45,deribit,ETH,ETH-4SEP26-2400-C,2026-09-04,2400,call,0.016192,0.0155,0.017,41.8,,,,,2038.0,382.0,2415.49
2026-09-02 04:39:45,deribit,ETH,ETH-26MAR27-3400-P,2027-03-26,3400,put,0.439722,0.431,0.446,55.11,,,,,6.0,0.0,2463.73
2026-09-02 04:39:45,deribit,ETH,ETH-3SEP26-2260-P,2026-09-03,2260,put,0.000356,0.0003,0.0005,62.08,,,,,57.0,12.0,2415.21
2026-09-02 04:39:45,deribit,ETH,ETH-30OCT26-1400-C,2026-10-30,1400,call,0.425509,0.4235,0.4265,70.18,,,,,50.0,0.0,2428.62
2026-09-02 04:39:45,deribit,ETH,ETH-25DEC26-2600-C,2026-12-25,2600,call,0.088678,0.088,0.089,51.69,,,,,7300.0,51.0,2439.78
2026-09-02 04:39:45,deribit,ETH,ETH-25JUN27-2400-C,2027-06-25,2400,call,0.212324,0.2105,0.214,55.4,,,,,903.0,36.0,2491.48
2026-09-02 04:39:45,deribit,ETH,ETH-25JUN27-5000-C,2027-06-25,5000,call,0.032053,0.031,0.033,58.69,,,,,1361.0,0.0,2491.48
2026-09-02 04:39:45,deribit,ETH,ETH-25JUN27-2500-P,2027-06-25,2500,put,0.198907,0.1975,0.2005,55.35,,,,,130.0,8.0,2491.48
2026-09-02 04:39:45,deribit,ETH,ETH-18SEP26-2100-C,2026-09-18,2100,call,0.137438,0.135,0.1385,54.03,,,,,0.0,0.0,2419.54
2026-09-02 04:39:45,deribit,ETH,ETH-30OCT26-1850-P,2026-10-30,1850,put,0.010374,0.01,0.011,55.8,,,,,1184.0,0.0,2428.68
2026-09-02 04:39:45,deribit,ETH,ETH-5SEP26-2480-P,2026-09-05,2480,put,0.033015,0.032,0.0345,43.82,,,,,0.0,0.0,2415.86
2026-09-02 04:39:45,deribit,ETH,ETH-18SEP26-2400-C,2026-09-18,2400,call,0.043893,0.0435,0.0445,47.58,,,,,120.0,69.0,2419.54
2026-09-02 04:39:45,deribit,ETH,ETH-25DEC26-4200-C,2026-12-25,4200,call,0.008511,0.008,0.009,58.44,,,,,5245.0,18.0,2439.78
2026-09-02 04:39:45,deribit,ETH,ETH-2SEP26-2660-P,2026-09-02,2660,put,0.101426,0.099,0.106,65.99,,,,,0.0,0.0,2415.01
2026-09-02 04:39:45,deribit,ETH,ETH-5SEP26-2460-P,2026-09-05,2460,put,0.026999,0.026,0.028,43.52,,,,,176.0,176.0,2415.8
2026-09-02 04:39:45,deribit,ETH,ETH-30OCT26-2550-C,2026-10-30,2550,call,0.059381,0.0585,0.06,50.31,,,,,1258.0,0.0,2428.68
2026-09-02 04:39:45,deribit,ETH,ETH-25SEP26-8500-C,2026-09-25,8500,call,1e-05,,0.0001,130.85,,,,,1699.0,0.0,2422.54
2026-09-02 04:39:45,deribit,ETH,ETH-27NOV26-2600-C,2026-11-27,2600,call,0.0722,0.0715,0.0725,51.35,,,,,168.0,35.0,2434.68
2026-09-02 04:39:45,deribit,ETH,ETH-26MAR27-5000-P,2027-03-26,5000,put,1.044006,1.03,1.054,59.17,,,,,0.0,0.0,2463.73
2026-09-02 04:39:45,deribit,ETH,ETH-25SEP26-4500-P,2026-09-25,4500,put,0.857651,0.8525,0.865,84.1,,,,,6.0,0.0,2422.6
2026-09-02 04:39:45,deribit,ETH,ETH-2SEP26-2540-C,2026-09-02,2540,call,0.0,,0.0001,54.72,,,,,546.0,826.0,2415.08
2026-09-02 04:39:45,deribit,ETH,ETH-30OCT26-3200-C,2026-10-30,3200,call,0.012065,0.0115,0.0125,54.44,,,,,4845.0,86.0,2428.68
2026-09-02 04:39:45,deribit,ETH,ETH-2SEP26-2500-P,2026-09-02,2500,put,0.035176,0.0325,0.0395,48.93,,,,,55.0,12.0,2415.08
2026-09-02 04:39:45,deribit,ETH,ETH-18SEP26-2000-C,2026-09-18,2000,call,0.17628,0.174,0.1775,58.35,,,,,0.0,0.0,2419.54
2026-09-02 04:39:45,deribit,ETH,ETH-26MAR27-800-C,2027-03-26,800,call,0.678887,0.677,0.681,78.94,,,,,0.0,0.0,2463.79
2026-09-02 04:39:45,deribit,ETH,ETH-26MAR27-4400-C,2027-03-26,4400,call,0.023472,0.0225,0.0245,57.53,,,,,1063.0,68.0,2463.73
2026-09-02 04:39:45,deribit,ETH,ETH-25DEC26-3000-P,2026-12-25,3000,put,0.276,0.2715,0.28,52.74,,,,,781.0,0.0,2439.75
2026-09-02 04:39:45,deribit,ETH,ETH-5SEP26-2800-P,2026-09-05,2800,put,0.159216,0.1565,0.164,66.73,,,,,0.0,0.0,2415.8
2026-09-02 04:39:45,deribit,ETH,ETH-25SEP26-2500-P,2026-09-25,2500,put,0.067351,0.0665,0.068,48.79,,,,,4303.0,143.0,2422.6
2026-09-02 04:39:45,deribit,ETH,ETH-25SEP26-13000-C,2026-09-25,13000,call,1e-05,,0.0001,170.75,,,,,3307.0,0.0,2422.6
2026-09-02 04:39:45,deribit,ETH,ETH-4SEP26-2250-P,2026-09-04,2250,put,0.000969,0.0008,0.0011,57.63,,,,,2175.0,652.0,2415.55
2026-09-02 04:39:45,deribit,ETH,ETH-25SEP26-7200-P,2026-09-25,7200,put,1.972023,1.963,1.986,115.02,,,,,0.0,0.0,2422.6
2026-09-02 04:39:45,deribit,ETH,ETH-25JUN27-1900-P,2027-06-25,1900,put,0.083038,0.082,0.0845,56.84,,,,,3366.0,0.0,2491.48
2026-09-02 04:39:45,deribit,ETH,ETH-27NOV26-3400-P,2026-11-27,3400,put,0.412652,0.4065,0.418,55.25,,,,,0.0,0.0,2434.68
2026-09-02 04:39:45,deribit,ETH,ETH-2SEP26-2280-P,2026-09-02,2280,put,0.0,,0.0001,73.62,,,,,646.0,650.0,2415.01
2026-09-02 04:39:45,deribit,ETH,ETH-25DEC26-4500-C,2026-12-25,4500,call,0.006038,0.0055,0.0065,59.98,,,,,3033.0,17.0,2439.75
2026-09-02 04:39:45,deribit,ETH,ETH-30OCT26-1000-P,2026-10-30,1000,put,0.000357,0.0002,0.0006,86.64,,,,,1893.0,0.0,2428.62
2026-09-02 04:39:45,deribit,ETH,ETH-25JUN27-1400-C,2027-06-25,1400,call,0.469372,0.4665,0.4725,61.54,,,,,50.0,0.0,2491.48
2026-09-02 04:39:45,deribit,ETH,ETH-26MAR27-2300-C,2027-03-26,2300,call,0.191489,0.1895,0.193,54.35,,,,,7621.0,0.0,2463.73
2026-09-02 04:39:45,deribit,ETH,ETH-4SEP26-2500-C,2026-09-04,2500,call,0.00248,0.0023,0.0027,42.55,,,,,5269.0,509.0,2415.49
2026-09-02 04:39:45,deribit,ETH,ETH-25SEP26-6400-C,2026-09-25,6400,call,1.6e-05,,0.0001,106.8,,,,,2860.0,0.0,2422.6
2026-09-02 04:39:45,deribit,ETH,ETH-25DEC26-3500-P,2026-12-25,3500,put,0.455881,0.4495,0.462,54.74,,,,,62.0,0.0,2439.78
2026-09-02 04:39:45,deribit,ETH,ETH-26MAR27-6000-C,2027-03-26,6000,call,0.007586,0.007,0.0085,62.05,,,,,5125.0,107.0,2463.73
2026-09-02 04:39:45,deribit,ETH,ETH-11SEP26-2700-P,2026-09-11,2700,put,0.119825,0.117,0.124,49.52,,,,,1.0,0.0,2417.52
2026-09-02 04:39:45,deribit,ETH,ETH-2SEP26-2250-C,2026-09-02,2250,call,0.068342,0.065,0.0705,83.77,,,,,0.0,0.0,2415.01
2026-09-02 04:39:45,deribit,ETH,ETH-4SEP26-2500-P,2026-09-04,2500,put,0.037459,0.0345,0.041,42.55,,,,,3496.0,66.0,2415.49
2026-09-02 04:39:45,deribit,ETH,ETH-26MAR27-3500-P,2027-03-26,3500,put,0.474594,0.47,0.4815,55.32,,,,,24.0,0.0,2463.73
2026-09-02 04:39:45,deribit,ETH,ETH-30OCT26-3400-P,2026-10-30,3400,put,0.407726,0.402,0.413,56.26,,,,,0.0,0.0,2428.62
2026-09-02 04:39:45,deribit,ETH,ETH-25SEP26-3500-P,2026-09-25,3500,put,0.445654,0.441,0.4515,65.91,,,,,1121.0,0.0,2422.6
2026-09-02 04:39:45,deribit,ETH,ETH-4SEP26-1900-P,2026-09-04,1900,put,8.5e-05,,0.0002,116.28,,,,,2603.0,0.0,2415.55
2026-09-02 04:39:45,deribit,ETH,ETH-25DEC26-5200-C,2026-12-25,5200,call,0.003109,0.0029,0.0034,63.72,,,,,9215.0,0.0,2439.75
2026-09-02 04:39:45,deribit,ETH,ETH-27NOV26-4400-C,2026-11-27,4400,call,0.003884,0.0036,0.0041,62.37,,,,,88.0,0.0,2434.68
2026-09-02 04:39:45,deribit,ETH,ETH-25SEP26-6500-C,2026-09-25,6500,call,1.6e-05,,0.0001,108.35,,,,,1922.0,0.0,2422.6
2026-09-02 04:39:45,deribit,ETH,ETH-30OCT26-2250-C,2026-10-30,2250,call,0.119305,0.118,0.1205,50.31,,,,,787.0,0.0,2428.62
2026-09-02 04:39:45,deribit,ETH,ETH-4SEP26-2350-C,2026-09-04,2350,call,0.031249,0.0295,0.0325,45.14,,,,,863.0,32.0,2415.55
2026-09-02 04:39:45,deribit,ETH,ETH-30OCT26-1900-P,2026-10-30,1900,put,0.012461,0.012,0.013,54.55,,,,,1273.0,219.0,2428.68
2026-09-02 04:39:45,deribit,ETH,ETH-30OCT26-2900-P,2026-10-30,2900,put,0.21878,0.2145,0.222,52.05,,,,,0.0,0.0,2428.62
2026-09-02 04:39:45,deribit,ETH,ETH-11SEP26-3200-C,2026-09-11,3200,call,0.000297,0.0002,0.0004,72.03,,,,,5246.0,1.0,2417.46
2026-09-02 04:39:45,deribit,ETH,ETH-3SEP26-2400-P,2026-09-03,2400,put,0.006118,0.0055,0.0065,40.15,,,,,263.0,196.0,2415.21
2026-09-02 04:39:45,deribit,ETH,ETH-25SEP26-8000-P,2026-09-25,8000,put,2.302247,2.29,2.3155,125.02,,,,,0.0,0.0,2422.6
2026-09-02 04:39:45,deribit,ETH,ETH-25SEP26-6800-C,2026-09-25,6800,call,1.1e-05,,0.0001,110.41,,,,,1995.0,0.0,2422.54
2026-09-02 04:39:45,deribit,ETH,ETH-25DEC26-4600-P,2026-12-25,4600,put,0.890971,0.881,0.9025,60.69,,,,,0.0,0.0,2439.78
2026-09-02 04:39:45,deribit,ETH,ETH-26MAR27-900-C,2027-03-26,900,call,0.639766,0.6375,0.642,75.7,,,,,68.0,0.0,2463.73
2026-09-02 04:39:45,deribit,ETH,ETH-5SEP26-2560-C,2026-09-05,2560,call,0.002012,0.0018,0.0022,47.6,,,,,460.0,460.0,2415.8
2026-09-02 04:39:45,deribit,ETH,ETH-25SEP26-3600-C,2026-09-25,3600,call,0.000713,0.0006,0.0008,67.76,,,,,3069.0,0.0,2422.6
2026-09-02 04:39:45,deribit,ETH,ETH-25SEP26-4600-P,2026-09-25,4600,put,0.898887,0.8935,0.9065,84.1,,,,,38.0,0.0,2422.54
2026-09-02 04:39:45,deribit,ETH,ETH-18SEP26-2100-P,2026-09-18,2100,put,0.005386,0.005,0.006,54.03,,,,,1054.0,521.0,2419.54
2026-09-02 04:39:45,deribit,ETH,ETH-27NOV26-1800-C,2026-11-27,1800,call,0.276591,0.274,0.278,56.32,,,,,0.0,0.0,2434.68
2026-09-02 04:39:45,deribit,ETH,ETH-26MAR27-900-P,2027-03-26,900,put,0.005063,0.0047,0.0055,75.7,,,,,828.0,0.0,2463.79
2026-09-02 04:39:45,deribit,ETH,ETH-25JUN27-2600-P,2027-06-25,2600,put,0.223522,0.2215,0.2255,55.32,,,,,74.0,0.0,2491.48
2026-09-02 04:39:45,deribit,ETH,ETH-18SEP26-2500-P,2026-09-18,2500,put,0.059221,0.058,0.0605,47.44,,,,,661.0,40.0,2419.57
2026-09-02 04:39:45,deribit,ETH,ETH-2SEP26-2580-C,2026-09-02,2580,call,0.0,,0.0001,55.66,,,,,320.0,166.0,2415.01
2026-09-02 04:39:45,deribit,ETH,ETH-3SEP26-2340-C,2026-09-03,2340,call,0.032604,0.0295,0.0335,47.2,,,,,0.0,0.0,2415.21
2026-09-02 04:39:45,deribit,ETH,ETH-25SEP26-15000-P,2026-09-25,15000,put,5.191705,5.1685,5.225,183.79,,,,,0.0,0.0,2422.6
2026-09-02 04:39:45,deribit,ETH,ETH-30OCT26-3100-P,2026-10-30,3100,put,0.29157,0.287,0.296,53.51,,,,,0.0,0.0,2428.62
2026-09-02 04:39:45,deribit,ETH,ETH-25SEP26-12000-P,2026-09-25,12000,put,3.953366,3.933,3.974,163.38,,,,,0.0,0.0,2422.6
2026-09-02 04:39:45,deribit,ETH,ETH-2SEP26-2560-C,2026-09-02,2560,call,0.0,,0.0001,54.73,,,,,589.0,618.0,2415.01
2026-09-02 04:39:45,deribit,ETH,ETH-30OCT26-2300-P,2026-10-30,2300,put,0.053873,0.0535,0.0545,50.1,,,,,1075.0,46.0,2428.62
2026-09-02 04:39:45,deribit,ETH,ETH-4SEP26-2600-P,2026-09-04,2600,put,0.076781,0.074,0.081,49.8,,,,,57.0,0.0,2415.55
2026-09-02 04:39:45,deribit,ETH,ETH-2SEP26-2520-P,2026-09-02,2520,put,0.043457,0.041,0.0475,52.64,,,,,4.0,0.0,2415.01
2026-09-02 04:39:45,deribit,ETH,ETH-30OCT26-3600-P,2026-10-30,3600,put,0.48759,0.4815,0.493,58.37,,,,,17.0,0.0,2428.62
2026-09-02 04:39:45,deribit,ETH,ETH-27NOV26-2100-P,2026-11-27,2100,put,0.040522,0.04,0.041,52.11,,,,,502.0,119.0,2434.68
2026-09-02 04:39:45,deribit,ETH,ETH-25DEC26-3000-C,2026-12-25,3000,call,0.046361,0.0455,0.047,52.74,,,,,8672.0,35.0,2439.75
2026-09-02 04:39:45,deribit,ETH,ETH-25DEC26-4200-P,2026-12-25,4200,put,0.730006,0.7215,0.738,58.44,,,,,61.0,0.0,2439.78
2026-09-02 04:39:45,deribit,ETH,ETH-26MAR27-2100-C,2027-03-26,2100,call,0.235945,0.2345,0.2375,54.93,,,,,898.0,0.0,2463.79
2026-09-02 04:39:45,deribit,ETH,ETH-26MAR27-1300-C,2027-03-26,1300,call,0.487368,0.485,0.49,64.58,,,,,18.0,0.0,2463.73
2026-09-02 04:39:45,deribit,ETH,ETH-25DEC26-2200-P,2026-12-25,2200,put,0.067931,0.0675,0.0685,52.16,,,,,9096.0,34.0,2439.75
2026-09-02 04:39:45,deribit,ETH,ETH-27NOV26-2900-P,2026-11-27,2900,put,0.231591,0.228,0.2355,52.44,,,,,0.0,0.0,2434.68
2026-09-02 04:39:45,deribit,ETH,ETH-4SEP26-2150-C,2026-09-04,2150,call,0.110313,0.1075,0.1115,74.12,,,,,221.0,0.0,2415.55
2026-09-02 04:39:45,deribit,ETH,ETH-25SEP26-1500-C,2026-09-25,1500,call,0.381518,0.3795,0.3825,84.3,,,,,969.0,0.0,2422.6
2026-09-02 04:39:45,deribit,ETH,ETH-30OCT26-2200-P,2026-10-30,2200,put,0.038467,0.038,0.039,50.55,,,,,712.0,1.0,2428.62
2026-09-02 04:39:45,deribit,ETH,ETH-5SEP26-2520-C,2026-09-05,2520,call,0.00357,0.0033,0.0037,45.43,,,,,486.0,486.0,2415.8
2026-09-02 04:39:45,deribit,ETH,ETH-27NOV26-2200-C,2026-11-27,2200,call,0.150489,0.1495,0.1515,51.46,,,,,0.0,0.0,2434.68
2026-09-02 04:39:45,deribit,ETH,ETH-11SEP26-3200-P,2026-09-11,3200,put,0.323984,0.3205,0.329,72.03,,,,,0.0,0.0,2417.46
2026-09-02 04:39:45,deribit,ETH,ETH-25DEC26-2100-C,2026-12-25,2100,call,0.192326,0.1915,0.1935,52.72,,,,,1480.0,23.0,2439.75
2026-09-02 04:39:45,deribit,ETH,ETH-30OCT26-2500-P,2026-10-30,2500,put,0.096415,0.096,0.097,50.15,,,,,423.0,19.0,2428.68
2026-09-02 04:39:45,deribit,ETH,ETH-5SEP26-2250-C,2026-09-05,2250,call,0.070484,0.0675,0.0715,55.13,,,,,0.0,0.0,2415.8
2026-09-02 04:39:45,deribit,ETH,ETH-27NOV26-1800-P,2026-11-27,1800,put,0.01592,0.0155,0.0165,56.32,,,,,521.0,53.0,2434.68
2026-09-02 04:39:45,deribit,ETH,ETH-18SEP26-2550-P,2026-09-18,2550,put,0.073628,0.0725,0.0745,47.82,,,,,643.0,18.0,2419.57
2026-09-02 04:39:45,deribit,ETH,ETH-11SEP26-2650-P,2026-09-11,2650,put,0.10047,0.0975,0.1045,47.73,,,,,5.0,0.0,2417.46
2026-09-02 04:39:45,deribit,ETH,ETH-26MAR27-4800-C,2027-03-26,4800,call,0.016912,0.016,0.018,58.58,,,,,2953.0,0.0,2463.73
2026-09-02 04:39:45,deribit,ETH,ETH-25SEP26-3100-C,2026-09-25,3100,call,0.002942,0.0027,0.0031,57.41,,,,,11771.0,538.0,2422.6
2026-09-02 04:39:45,deribit,ETH,ETH-11SEP26-2100-P,2026-09-11,2100,put,0.00228,0.0022,0.0024,57.8,,,,,2574.0,591.0,2417.46
2026-09-02 04:39:45,deribit,ETH,ETH-30OCT26-2850-C,2026-10-30,2850,call,0.028066,0.0275,0.0285,51.78,,,,,903.0,0.0,2428.68
2026-09-02 04:39:45,deribit,ETH,ETH-25SEP26-1600-P,2026-09-25,1600,put,0.000993,0.0009,0.0011,77.98,,,,,11137.0,0.0,2422.6
2026-09-02 04:39:45,deribit,ETH,ETH-25DEC26-3300-C,2026-12-25,3300,call,0.028789,0.028,0.0295,53.84,,,,,2917.0,6.0,2439.78
2026-09-02 04:39:45,deribit,ETH,ETH-30OCT26-2150-P,2026-10-30,2150,put,0.032281,0.032,0.033,51.0,,,,,1004.0,219.0,2428.68
2026-09-02 04:39:45,deribit,ETH,ETH-27NOV26-2500-C,2026-11-27,2500,call,0.087288,0.0865,0.088,51.12,,,,,360.0,4.0,2434.68
2026-09-02 04:39:45,deribit,ETH,ETH-4SEP26-2540-P,2026-09-04,2540,put,0.052716,0.05,0.0565,45.39,,,,,0.0,0.0,2415.49
2026-09-02 04:39:45,deribit,ETH,ETH-25DEC26-1200-C,2026-12-25,1200,call,0.512084,0.5095,0.5135,70.66,,,,,341.0,0.0,2439.78
2026-09-02 04:39:45,deribit,ETH,ETH-27NOV26-2450-P,2026-11-27,2450,put,0.102171,0.1015,0.103,51.04,,,,,341.0,4.0,2434.68
2026-09-02 04:39:45,deribit,ETH,ETH-25DEC26-3500-C,2026-12-25,3500,call,0.021301,0.0205,0.022,54.74,,,,,29288.0,43.0,2439.78
2026-09-02 04:39:45,deribit,ETH,ETH-3SEP26-2100-P,2026-09-03,2100,put,4.3e-05,,0.0001,91.14,,,,,248.0,58.0,2415.27
2026-09-02 04:39:45,deribit,ETH,ETH-26MAR27-2500-P,2027-03-26,2500,put,0.169449,0.168,0.171,54.14,,,,,587.0,0.0,2463.73
2026-09-02 04:39:45,deribit,ETH,ETH-3SEP26-2300-P,2026-09-03,2300,put,0.000696,0.0006,0.0009,54.74,,,,,82.0,84.0,2415.21
2026-09-02 04:39:45,deribit,ETH,ETH-25DEC26-1200-P,2026-12-25,1200,put,0.00394,0.0037,0.0043,70.66,,,,,6724.0,2.0,2439.78
2026-09-02 04:39:45,deribit,ETH,ETH-25SEP26-4400-C,2026-09-25,4400,call,0.000146,0.0001,0.0002,81.55,,,,,4348.0,0.0,2422.6
2026-09-02 04:39:45,deribit,ETH,ETH-30OCT26-4000-C,2026-10-30,4000,call,0.002569,0.0022,0.0029,62.02,,,,,773.0,0.0,2428.62
2026-09-02 04:39:45,deribit,ETH,ETH-25JUN27-5500-C,2027-06-25,5500,call,0.024096,0.023,0.025,59.59,,,,,610.0,0.0,2491.48
2026-09-02 04:39:45,deribit,ETH,ETH-25JUN27-4600-C,2027-06-25,4600,call,0.040815,0.0395,0.042,57.89,,,,,52.0,0.0,2491.48
2026-09-02 04:39:45,deribit,ETH,ETH-18SEP26-2550-C,2026-09-18,2550,call,0.019701,0.019,0.02,47.82,,,,,1854.0,5.0,2419.54
2026-09-02 04:39:45,deribit,ETH,ETH-11SEP26-2300-P,2026-09-11,2300,put,0.011324,0.011,0.012,47.86,,,,,2504.0,1418.0,2417.52
2026-09-02 04:39:45,deribit,ETH,ETH-30OCT26-2400-C,2026-10-30,2400,call,0.085059,0.0845,0.0855,50.01,,,,,2285.0,78.0,2428.68
2026-09-02 04:39:45,deribit,ETH,ETH-26MAR27-1300-P,2027-03-26,1300,put,0.015019,0.0145,0.016,64.58,,,,,1573.0,0.0,2463.73
2026-09-02 04:39:45,deribit,ETH,ETH-27NOV26-2350-C,2026-11-27,2350,call,0.115319,0.1145,0.1165,51.04,,,,,50.0,50.0,2434.68
2026-09-02 04:39:45,deribit,ETH,ETH-25JUN27-4500-P,2027-06-25,4500,put,0.849757,0.838,0.859,57.75,,,,,1.0,0.0,2491.54
2026-09-02 04:39:45,deribit,ETH,ETH-30OCT26-2100-C,2026-10-30,2100,call,0.16216,0.1595,0.1635,51.46,,,,,1550.0,0.0,2428.68
2026-09-02 04:39:45,deribit,ETH,ETH-2SEP26-2650-P,2026-09-02,2650,put,0.097286,0.0945,0.101,65.95,,,,,0.0,0.0,2415.01
2026-09-02 04:39:45,deribit,ETH,ETH-2SEP26-2520-C,2026-09-02,2520,call,0.0,,0.0001,52.64,,,,,674.0,380.0,2415.01
2026-09-02 04:39:45,deribit,ETH,ETH-25DEC26-2700-C,2026-12-25,2700,call,0.075408,0.0745,0.076,51.87,,,,,7013.0,212.0,2439.78
2026-09-02 04:39:45,deribit,ETH,ETH-30OCT26-2000-P,2026-10-30,2000,put,0.018404,0.018,0.019,52.81,,,,,594.0,36.0,2428.62
2026-09-02 04:39:45,deribit,ETH,ETH-4SEP26-2550-C,2026-09-04,2550,call,0.000955,0.0008,0.0011,45.84,,,,,7614.0,130.0,2415.49
2026-09-02 04:39:45,deribit,ETH,ETH-25JUN27-1800-C,2027-06-25,1800,call,0.347131,0.3445,0.352,57.46,,,,,1495.0,0.0,2491.54
2026-09-02 04:39:45,deribit,ETH,ETH-30OCT26-3000-C,2026-10-30,3000,call,0.019199,0.0185,0.0195,52.66,,,,,1802.0,1.0,2428.62
2026-09-02 04:39:45,deribit,ETH,ETH-25SEP26-2000-C,2026-09-25,2000,call,0.180006,0.1785,0.181,57.2,,,,,29135.0,3.0,2422.54
2026-09-02 04:39:45,deribit,ETH,ETH-25SEP26-2250-C,2026-09-25,2250,call,0.092539,0.0915,0.0935,50.51,,,,,361.0,0.0,2422.6
2026-09-02 04:39:45,deribit,ETH,ETH-25DEC26-4500-P,2026-12-25,4500,put,0.850497,0.8395,0.8615,59.98,,,,,2.0,0.0,2439.78
2026-09-02 04:39:45,deribit,ETH,ETH-30OCT26-2600-P,2026-10-30,2600,put,0.123031,0.1225,0.1235,50.48,,,,,1191.0,57.0,2428.68
2026-09-02 04:39:45,deribit,ETH,ETH-25DEC26-2900-P,2026-12-25,2900,put,0.243095,0.2395,0.2465,52.39,,,,,826.0,0.0,2439.78
2026-09-02 04:39:45,deribit,ETH,ETH-25JUN27-2000-C,2027-06-25,2000,call,0.29539,0.293,0.3005,56.33,,,,,1760.0,23.0,2491.54
2026-09-02 04:39:45,deribit,ETH,ETH-25DEC26-4800-P,2026-12-25,4800,put,0.971913,0.96,0.984,61.67,,,,,77.0,0.0,2439.78
2026-09-02 04:39:45,deribit,ETH,ETH-30OCT26-4000-P,2026-10-30,4000,put,0.649568,0.6435,0.659,62.02,,,,,0.0,0.0,2428.62
2026-09-02 04:39:45,deribit,ETH,ETH-3SEP26-2100-C,2026-09-03,2100,call,0.130561,0.1275,0.1315,91.14,,,,,0.0,0.0,2415.27
2026-09-02 04:39:45,deribit,ETH,ETH-25SEP26-2150-P,2026-09-25,2150,put,0.012407,0.012,0.013,52.48,,,,,16839.0,98.0,2422.54
2026-09-02 04:39:45,deribit,ETH,ETH-25JUN27-3000-C,2027-06-25,3000,call,0.130055,0.128,0.1315,55.53,,,,,1307.0,0.0,2491.48
2026-09-02 04:39:45,deribit,ETH,ETH-25DEC26-5000-P,2026-12-25,5000,put,1.053132,1.0425,1.066,62.75,,,,,0.0,0.0,2439.78
2026-09-02 04:39:45,deribit,ETH,ETH-30OCT26-2600-C,2026-10-30,2600,call,0.052485,0.052,0.053,50.48,,,,,3382.0,53.0,2428.62
2026-09-02 04:39:45,deribit,ETH,ETH-26MAR27-3800-P,2027-03-26,3800,put,0.582676,0.5725,0.59,56.02,,,,,1.0,0.0,2463.73
2026-09-02 04:39:45,deribit,ETH,ETH-25DEC26-2300-P,2026-12-25,2300,put,0.085527,0.085,0.086,51.81,,,,,5093.0,54.0,2439.78
2026-09-02 04:39:45,deribit,ETH,ETH-25SEP26-6000-P,2026-09-25,6000,put,1.476699,1.468,1.49,102.06,,,,,0.0,0.0,2422.6
2026-09-02 04:39:45,deribit,ETH,ETH-25DEC26-2100-P,2026-12-25,2100,put,0.053073,0.0525,0.0535,52.72,,,,,3517.0,0.0,2439.78
2026-09-02 04:39:45,deribit,ETH,ETH-4SEP26-2650-P,2026-09-04,2650,put,0.097268,0.0945,0.1015,54.13,,,,,100.0,0.0,2415.55
2026-09-02 04:39:45,deribit,ETH,ETH-26MAR27-2200-C,2027-03-26,2200,call,0.212705,0.211,0.214,54.58,,,,,4061.0,0.0,2463.73
2026-09-02 04:39:45,deribit,ETH,ETH-2SEP26-2280-C,2026-09-02,2280,call,0.05592,0.0525,0.0585,73.62,,,,,0.0,0.0,2415.01
2026-09-02 04:39:45,deribit,ETH,ETH-25DEC26-3100-C,2026-12-25,3100,call,0.039419,0.0385,0.04,53.05,,,,,2505.0,0.0,2439.78
2026-09-02 04:39:45,deribit,ETH,ETH-30OCT26-2050-C,2026-10-30,2050,call,0.178264,0.176,0.1795,52.16,,,,,479.0,0.0,2428.62
2026-09-02 04:39:45,deribit,ETH,ETH-4SEP26-2480-P,2026-09-04,2480,put,0.030311,0.029,0.033,41.22,,,,,2.0,2.0,2415.49
2026-09-02 04:39:45,deribit,ETH,ETH-26MAR27-1600-C,2027-03-26,1600,call,0.381604,0.379,0.385,59.28,,,,,881.0,1.0,2463.73
2026-09-02 04:39:45,deribit,ETH,ETH-25DEC26-3200-C,2026-12-25,3200,call,0.033652,0.033,0.034,53.44,,,,,68091.0,0.0,2439.78
2026-09-02 04:39:45,deribit,ETH,ETH-2SEP26-2800-P,2026-09-02,2800,put,0.159396,0.1565,0.1635,71.83,,,,,0.0,0.0,2415.01
2026-09-02 04:39:45,deribit,ETH,ETH-25DEC26-4400-C,2026-12-25,4400,call,0.006724,0.0065,0.007,59.43,,,,,3693.0,101.0,2439.75
2026-09-02 04:39:45,deribit,ETH,ETH-26MAR27-4000-C,2027-03-26,4000,call,0.033444,0.0325,0.0345,56.51,,,,,2612.0,268.0,2463.73
2026-09-02 04:39:45,deribit,ETH,ETH-25SEP26-7400-P,2026-09-25,7400,put,2.054579,2.0435,2.0685,117.65,,,,,0.0,0.0,2422.6
2026-09-02 04:39:45,deribit,ETH,ETH-2SEP26-2600-P,2026-09-02,2600,put,0.076582,0.074,0.081,56.69,,,,,2.0,0.0,2415.01
2026-09-02 04:39:45,deribit,ETH,ETH-3SEP26-2520-P,2026-09-03,2520,put,0.043914,0.0415,0.048,45.94,,,,,0.0,0.0,2415.21
2026-09-02 04:39:45,deribit,ETH,ETH-2SEP26-2700-C,2026-09-02,2700,call,0.0,,0.0001,67.67,,,,,143.0,0.0,2415.01
2026-09-02 04:39:45,deribit,ETH,ETH-30OCT26-2100-P,2026-10-30,2100,put,0.026834,0.0265,0.0275,51.46,,,,,3436.0,4.0,2428.62
2026-09-02 04:39:45,deribit,ETH,ETH-5SEP26-2500-P,2026-09-05,2500,put,0.039628,0.0385,0.043,44.49,,,,,0.0,0.0,2415.8
2026-09-02 04:39:45,deribit,ETH,ETH-4SEP26-2100-C,2026-09-04,2100,call,0.130909,0.1285,0.132,83.14,,,,,1451.0,0.0,2415.55
2026-09-02 04:39:45,deribit,ETH,ETH-2SEP26-2580-P,2026-09-02,2580,put,0.068301,0.0655,0.0725,55.66,,,,,0.0,0.0,2415.01
2026-09-02 04:39:45,deribit,ETH,ETH-27NOV26-3200-C,2026-11-27,3200,call,0.023072,0.0225,0.0235,54.07,,,,,103.0,15.0,2434.68
2026-09-02 04:39:45,deribit,ETH,ETH-5SEP26-2620-C,2026-09-05,2620,call,0.000915,0.0008,0.001,51.53,,,,,55.0,55.0,2415.8
2026-09-02 04:39:45,deribit,ETH,ETH-3SEP26-2440-C,2026-09-03,2440,call,0.004661,0.0045,0.0049,39.56,,,,,376.0,169.0,2415.27
2026-09-02 04:39:45,deribit,ETH,ETH-25SEP26-2800-P,2026-09-25,2800,put,0.16494,0.162,0.169,51.35,,,,,1340.0,0.0,2422.6
2026-09-02 04:39:45,deribit,ETH,ETH-5SEP26-2300-P,2026-09-05,2300,put,0.003293,0.0032,0.0036,49.67,,,,,216.0,225.0,2415.86
2026-09-02 04:39:45,deribit,ETH,ETH-25SEP26-6200-C,2026-09-25,6200,call,1.6e-05,,0.0001,103.78,,,,,2798.0,0.0,2422.54
2026-09-02 04:39:45,deribit,ETH,ETH-11SEP26-2150-P,2026-09-11,2150,put,0.003314,0.0032,0.0035,54.75,,,,,2959.0,1878.0,2417.52
2026-09-02 04:39:45,deribit,ETH,ETH-3SEP26-2260-C,2026-09-03,2260,call,0.064627,0.061,0.067,62.08,,,,,0.0,0.0,2415.21
2026-09-02 04:39:45,deribit,ETH,ETH-11SEP26-2150-C,2026-09-11,2150,call,0.113962,0.1115,0.115,54.75,,,,,0.0,0.0,2417.46
2026-09-02 04:39:45,deribit,ETH,ETH-27NOV26-3600-P,2026-11-27,3600,put,0.490258,0.4835,0.496,56.62,,,,,0.0,0.0,2434.68
2026-09-02 04:39:45,deribit,ETH,ETH-26MAR27-4600-C,2027-03-26,4600,call,0.019861,0.019,0.021,58.06,,,,,1405.0,0.0,2463.73
2026-09-02 04:39:45,deribit,ETH,ETH-25SEP26-1700-P,2026-09-25,1700,put,0.001425,0.0013,0.0016,71.77,,,,,9981.0,625.0,2422.54
2026-09-02 04:39:45,deribit,ETH,ETH-2SEP26-2600-C,2026-09-02,2600,call,0.0,,0.0001,56.69,,,,,214.0,110.0,2415.01
2026-09-02 04:39:45,deribit,ETH,ETH-27NOV26-4400-P,2026-11-27,4400,put,0.811132,0.803,0.821,62.37,,,,,0.0,0.0,2434.68
2026-09-02 04:39:45,deribit,ETH,ETH-30OCT26-3600-C,2026-10-30,3600,call,0.005291,0.005,0.0055,58.37,,,,,4518.0,1.0,2428.62
2026-09-02 04:39:45,deribit,ETH,ETH-18SEP26-2700-C,2026-09-18,2700,call,0.008524,0.008,0.009,50.03,,,,,2266.0,953.0,2419.54
2026-09-02 04:39:45,deribit,ETH,ETH-26MAR27-2000-C,2027-03-26,2000,call,0.261201,0.2595,0.2655,55.4,,,,,1848.0,0.0,2463.73
2026-09-02 04:39:45,deribit,ETH,ETH-25SEP26-5600-P,2026-09-25,5600,put,1.311592,1.3045,1.321,96.43,,,,,0.0,0.0,2422.6
2026-09-02 04:39:45,deribit,ETH,ETH-4SEP26-2200-C,2026-09-04,2200,call,0.089802,0.087,0.091,65.55,,,,,1275.0,18.0,2415.55
2026-09-02 04:39:45,deribit,ETH,ETH-25SEP26-5500-C,2026-09-25,5500,call,2.8e-05,,0.0001,95.06,,,,,2169.0,0.0,2422.54
2026-09-02 04:39:45,deribit,ETH,ETH-25JUN27-5000-P,2027-06-25,5000,put,1.038876,1.022,1.049,58.69,,,,,0.0,0.0,2491.48
2026-09-02 04:39:45,deribit,ETH,ETH-30OCT26-3100-C,2026-10-30,3100,call,0.015146,0.0145,0.0155,53.51,,,,,468.0,51.0,2428.68
2026-09-02 04:39:45,deribit,ETH,ETH-27NOV26-3300-P,2026-11-27,3300,put,0.37461,0.369,0.3795,54.58,,,,,0.0,0.0,2434.68
2026-09-02 04:39:45,deribit,ETH,ETH-27NOV26-2250-P,2026-11-27,2250,put,0.06211,0.0615,0.0625,51.25,,,,,571.0,150.0,2434.68
2026-09-02 04:39:45,deribit,ETH,ETH-25JUN27-3500-C,2027-06-25,3500,call,0.088021,0.0865,0.089,56.09,,,,,2796.0,0.0,2491.48
2026-09-02 04:39:45,deribit,ETH,ETH-25JUN27-3600-P,2027-06-25,3600,put,0.52647,0.5155,0.5335,56.21,,,,,0.0,0.0,2491.48
2026-09-02 04:39:45,deribit,ETH,ETH-25SEP26-1700-C,2026-09-25,1700,call,0.2997,0.2975,0.3005,71.77,,,,,2194.0,0.0,2422.6
2026-09-02 04:39:45,deribit,ETH,ETH-26MAR27-1400-P,2027-03-26,1400,put,0.019243,0.0185,0.02,62.54,,,,,1868.0,26.0,2463.73
2026-09-02 04:39:45,deribit,ETH,ETH-4SEP26-2450-C,2026-09-04,2450,call,0.006678,0.006,0.007,40.79,,,,,1833.0,847.0,2415.49
2026-09-02 04:39:45,deribit,ETH,ETH-4SEP26-2420-P,2026-09-04,2420,put,0.013504,0.013,0.014,41.07,,,,,490.0,521.0,2415.55
2026-09-02 04:39:45,deribit,ETH,ETH-25SEP26-7500-P,2026-09-25,7500,put,2.095857,2.0845,2.1085,118.97,,,,,0.0,0.0,2422.6
2026-09-02 04:39:45,deribit,ETH,ETH-25SEP26-2360-P,2026-09-25,2360,put,0.036939,0.0365,0.0375,49.23,,,,,42.0,44.0,2422.54
2026-09-02 04:39:45,deribit,ETH,ETH-2SEP26-2700-P,2026-09-02,2700,put,0.117989,0.1155,0.1225,67.67,,,,,0.0,0.0,2415.08
2026-09-02 04:39:45,deribit,ETH,ETH-26MAR27-1800-P,2027-03-26,1800,put,0.048326,0.0475,0.0495,56.88,,,,,3490.0,500.0,2463.73
2026-09-02 04:39:45,deribit,ETH,ETH-25SEP26-2200-C,2026-09-25,2200,call,0.108207,0.107,0.109,51.43,,,,,7977.0,20.0,2422.6
2026-09-02 04:39:45,deribit,ETH,ETH-26MAR27-3500-C,2027-03-26,3500,call,0.053995,0.053,0.055,55.32,,,,,4189.0,65.0,2463.73
2026-09-02 04:39:45,deribit,ETH,ETH-30OCT26-3800-P,2026-10-30,3800,put,0.568235,0.562,0.5765,60.06,,,,,0.0,0.0,2428.68
2026-09-02 04:39:45,deribit,ETH,ETH-27NOV26-2100-C,2026-11-27,2100,call,0.177971,0.1755,0.1805,52.11,,,,,1.0,0.0,2434.68
2026-09-02 04:39:45,deribit,ETH,ETH-5SEP26-2200-P,2026-09-05,2200,put,0.00112,0.001,0.0014,61.19,,,,,676.0,679.0,2415.8
2026-09-02 04:39:45,deribit,ETH,ETH-25SEP26-5500-P,2026-09-25,5500,put,1.270316,1.263,1.279,95.06,,,,,1.0,0.0,2422.54
2026-09-02 04:39:45,deribit,ETH,ETH-3SEP26-2500-C,2026-09-03,2500,call,0.000943,0.0008,0.0011,44.39,,,,,626.0,385.0,2415.27
2026-09-02 04:39:45,deribit,ETH,ETH-30OCT26-2200-C,2026-10-30,2200,call,0.132618,0.1315,0.134,50.55,,,,,1295.0,0.0,2428.68
2026-09-02 04:39:45,deribit,ETH,ETH-25JUN27-1500-P,2027-06-25,1500,put,0.03871,0.038,0.0395,60.23,,,,,502.0,0.0,2491.48
2026-09-02 04:39:45,deribit,ETH,ETH-3SEP26-2700-P,2026-09-03,2700,put,0.117918,0.1155,0.1225,65.46,,,,,0.0,0.0,2415.21
2026-09-02 04:39:45,deribit,ETH,ETH-26MAR27-3600-P,2027-03-26,3600,put,0.510178,0.5015,0.517,55.58,,,,,1.0,0.0,2463.73
2026-09-02 04:39:45,deribit,ETH,ETH-25SEP26-2900-C,2026-09-25,2900,call,0.006093,0.0055,0.0065,53.23,,,,,16697.0,293.0,2422.6
2026-09-02 04:39:45,deribit,ETH,ETH-26MAR27-1900-C,2027-03-26,1900,call,0.288576,0.286,0.2925,56.08,,,,,2451.0,0.0,2463.79
2026-09-02 04:39:45,deribit,ETH,ETH-18SEP26-2650-P,2026-09-18,2650,put,0.106429,0.1035,0.1095,49.01,,,,,0.0,0.0,2419.57
2026-09-02 04:39:45,deribit,ETH,ETH-25SEP26-5400-P,2026-09-25,5400,put,1.229039,1.222,1.2385,93.27,,,,,4.0,0.0,2422.54
2026-09-02 04:39:45,deribit,ETH,ETH-25SEP26-1900-P,2026-09-25,1900,put,0.00343,0.0032,0.0037,61.54,,,,,20822.0,0.0,2422.6
2026-09-02 04:39:45,deribit,ETH,ETH-25SEP26-3400-P,2026-09-25,3400,put,0.404639,0.4,0.4105,63.75,,,,,870.0,0.0,2422.6
2026-09-02 04:39:45,deribit,ETH,ETH-26MAR27-1900-P,2027-03-26,1900,put,0.059758,0.059,0.061,56.08,,,,,3222.0,500.0,2463.73
2026-09-02 04:39:45,deribit,ETH,ETH-4SEP26-1850-P,2026-09-04,1850,put,3.1e-05,,0.0002,116.48,,,,,1497.0,0.0,2415.55
2026-09-02 04:39:45,deribit,ETH,ETH-27NOV26-2250-C,2026-11-27,2250,call,0.137949,0.137,0.139,51.25,,,,,1.0,0.0,2434.61
2026-09-02 04:39:45,deribit,ETH,ETH-30OCT26-2700-C,2026-10-30,2700,call,0.040866,0.0405,0.0415,50.9,,,,,1107.0,1.0,2428.68
2026-09-02 04:39:45,deribit,ETH,ETH-2SEP26-2380-P,2026-09-02,2380,put,0.000123,0.0001,0.0002,42.19,,,,,1116.0,1385.0,2415.01
2026-09-02 04:39:45,deribit,ETH,ETH-25SEP26-7400-C,2026-09-25,7400,call,1e-05,,0.0001,117.65,,,,,1322.0,0.0,2422.54
2026-09-02 04:39:45,deribit,ETH,ETH-25SEP26-5200-P,2026-09-25,5200,put,1.146482,1.1395,1.155,89.16,,,,,3.0,0.0,2422.6
2026-09-02 04:39:45,deribit,ETH,ETH-4SEP26-1850-C,2026-09-04,1850,call,0.234147,0.2315,0.235,116.48,,,,,70.0,0.0,2415.49
2026-09-02 04:39:45,deribit,ETH,ETH-2SEP26-2320-C,2026-09-02,2320,call,0.039361,0.0355,0.042,66.65,,,,,1.0,0.0,2415.01
2026-09-02 04:39:45,deribit,ETH,ETH-25SEP26-14000-P,2026-09-25,14000,put,4.778926,4.7555,4.8115,177.53,,,,,0.0,0.0,2422.6
2026-09-02 04:39:45,deribit,ETH,ETH-18SEP26-2700-P,2026-09-18,2700,put,0.124457,0.1215,0.128,50.03,,,,,7.0,0.0,2419.54
2026-09-02 04:39:45,deribit,ETH,ETH-5SEP26-2250-P,2026-09-05,2250,put,0.001845,0.0018,0.0021,55.13,,,,,1.0,1.0,2415.86
2026-09-02 04:39:45,deribit,ETH,ETH-25DEC26-2600-P,2026-12-25,2600,put,0.154366,0.1535,0.155,51.69,,,,,1132.0,34.0,2439.75
2026-09-02 04:39:45,deribit,ETH,ETH-4SEP26-2300-C,2026-09-04,2300,call,0.049703,0.047,0.0505,50.83,,,,,2542.0,15.0,2415.55
2026-09-02 04:39:45,deribit,ETH,ETH-25SEP26-6400-P,2026-09-25,6400,put,1.641806,1.6325,1.6535,106.8,,,,,0.0,0.0,2422.6
2026-09-02 04:39:45,deribit,ETH,ETH-3SEP26-2650-C,2026-09-03,2650,call,4.7e-05,,0.0001,62.87,,,,,0.0,0.0,2415.21
2026-09-02 04:39:45,deribit,ETH,ETH-3SEP26-2540-P,2026-09-03,2540,put,0.05197,0.0495,0.0565,47.72,,,,,0.0,0.0,2415.21
2026-09-02 04:39:45,deribit,ETH,ETH-11SEP26-2350-P,2026-09-11,2350,put,0.017046,0.0165,0.0175,46.42,,,,,1750.0,125.0,2417.52
2026-09-02 04:39:45,deribit,ETH,ETH-25SEP26-6600-P,2026-09-25,6600,put,1.724361,1.715,1.7355,109.4,,,,,0.0,0.0,2422.6
2026-09-02 04:39:45,deribit,ETH,ETH-25SEP26-2800-C,2026-09-25,2800,call,0.009157,0.0085,0.0095,51.35,,,,,14702.0,340.0,2422.6
2026-09-02 04:39:45,deribit,ETH,ETH-25DEC26-2900-C,2026-12-25,2900,call,0.054444,0.0535,0.055,52.39,,,,,3740.0,17.0,2439.78
2026-09-02 04:39:45,deribit,ETH,ETH-27NOV26-4000-P,2026-11-27,4000,put,0.649497,0.642,0.656,59.69,,,,,0.0,0.0,2434.68
2026-09-02 04:39:45,deribit,ETH,ETH-18SEP26-2450-P,2026-09-18,2450,put,0.046651,0.046,0.0475,47.44,,,,,668.0,25.0,2419.54
2026-09-02 04:39:45,deribit,ETH,ETH-4SEP26-2800-P,2026-09-04,2800,put,0.159248,0.1565,0.164,72.6,,,,,0.0,0.0,2415.55
2026-09-02 04:39:45,deribit,ETH,ETH-2SEP26-2200-C,2026-09-02,2200,call,0.089046,0.0855,0.0915,86.07,,,,,0.0,0.0,2415.01
2026-09-02 04:39:45,deribit,ETH,ETH-3SEP26-2900-C,2026-09-03,2900,call,0.0,,0.0001,80.92,,,,,25.0,0.0,2415.21
2026-09-02 04:39:45,deribit,ETH,ETH-26MAR27-2700-P,2027-03-26,2700,put,0.220769,0.219,0.2225,54.17,,,,,153.0,0.0,2463.73
2026-09-02 04:39:45,deribit,ETH,ETH-11SEP26-2500-P,2026-09-11,2500,put,0.049133,0.048,0.05,45.06,,,,,366.0,182.0,2417.46
2026-09-02 04:39:45,deribit,ETH,ETH-25SEP26-3500-C,2026-09-25,3500,call,0.000926,0.0008,0.001,65.91,,,,,14665.0,11.0,2422.6
2026-09-02 04:39:45,deribit,ETH,ETH-3SEP26-2400-C,2026-09-03,2400,call,0.012425,0.0115,0.013,40.15,,,,,156.0,274.0,2415.21
2026-09-02 04:39:45,deribit,ETH,ETH-25SEP26-1800-C,2026-09-25,1800,call,0.259162,0.257,0.26,66.35,,,,,6248.0,30.0,2422.6
2026-09-02 04:39:45,deribit,ETH,ETH-26MAR27-3400-C,2027-03-26,3400,call,0.059712,0.059,0.0605,55.11,,,,,1880.0,0.0,2463.73
2026-09-02 04:39:45,deribit,ETH,ETH-5SEP26-2700-C,2026-09-05,2700,call,0.000413,0.0003,0.0005,58.24,,,,,3.0,3.0,2415.8
2026-09-02 04:39:45,deribit,ETH,ETH-25JUN27-900-P,2027-06-25,900,put,0.009393,0.0085,0.01,72.07,,,,,837.0,0.0,2491.48
2026-09-02 04:39:45,deribit,ETH,ETH-4SEP26-1600-P,2026-09-04,1600,put,0.0,,0.0001,117.74,,,,,1079.0,0.0,2415.49
2026-09-02 04:39:45,deribit,ETH,ETH-25JUN27-1300-C,2027-06-25,1300,call,0.503218,0.5,0.5065,63.02,,,,,108.0,0.0,2491.54
2026-09-02 04:39:45,deribit,ETH,ETH-2SEP26-2650-C,2026-09-02,2650,call,0.0,,0.0001,65.95,,,,,190.0,0.0,2415.01
2026-09-02 04:39:45,deribit,ETH,ETH-25SEP26-1850-P,2026-09-25,1850,put,0.002701,0.0025,0.003,63.82,,,,,5636.0,700.0,2422.54
2026-09-02 04:39:45,deribit,ETH,ETH-25DEC26-1500-C,2026-12-25,1500,call,0.395038,0.3925,0.3965,62.09,,,,,749.0,0.0,2439.78
2026-09-02 04:39:45,deribit,ETH,ETH-5SEP26-2420-P,2026-09-05,2420,put,0.016952,0.0165,0.0175,43.41,,,,,36.0,36.0,2415.8
2026-09-02 04:39:45,deribit,ETH,ETH-30OCT26-3400-C,2026-10-30,3400,call,0.007778,0.0075,0.008,56.26,,,,,3757.0,211.0,2428.62
2026-09-02 04:39:45,deribit,ETH,ETH-27NOV26-2750-P,2026-11-27,2750,put,0.18359,0.182,0.186,51.83,,,,,52.0,0.0,2434.68
2026-09-02 04:39:45,deribit,ETH,ETH-25SEP26-5000-P,2026-09-25,5000,put,1.063928,1.058,1.072,85.4,,,,,2.0,0.0,2422.54
2026-09-02 04:39:45,deribit,ETH,ETH-2SEP26-2460-P,2026-09-02,2460,put,0.018649,0.016,0.0225,42.22,,,,,232.0,105.0,2415.01
2026-09-02 04:39:45,deribit,ETH,ETH-18SEP26-2800-P,2026-09-18,2800,put,0.162464,0.159,0.1665,52.66,,,,,0.0,0.0,2419.54
2026-09-02 04:39:45,deribit,ETH,ETH-2SEP26-2380-C,2026-09-02,2380,call,0.014637,0.0115,0.017,42.19,,,,,0.0,0.0,2415.01
2026-09-02 04:39:45,deribit,ETH,ETH-25DEC26-11000-P,2026-12-25,11000,put,3.508875,3.4775,3.5605,84.76,,,,,699.0,0.0,2439.75
2026-09-02 04:39:45,deribit,ETH,ETH-25DEC26-2800-C,2026-12-25,2800,call,0.063998,0.063,0.0645,52.07,,,,,6979.0,278.0,2439.75
2026-09-02 04:39:45,deribit,ETH,ETH-27NOV26-4200-C,2026-11-27,4200,call,0.005137,0.0047,0.0055,61.34,,,,,39.0,20.0,2434.68
2026-09-02 04:39:45,deribit,ETH,ETH-30OCT26-1800-C,2026-10-30,1800,call,0.267299,0.2645,0.269,56.8,,,,,104.0,0.0,2428.68
2026-09-02 04:39:45,deribit,ETH,ETH-4SEP26-2350-P,2026-09-04,2350,put,0.004129,0.004,0.0043,45.14,,,,,5097.0,2177.0,2415.55
2026-09-02 04:39:45,deribit,ETH,ETH-3SEP26-2500-P,2026-09-03,2500,put,0.036041,0.0335,0.04,44.39,,,,,25.0,0.0,2415.21
2026-09-02 04:39:45,deribit,ETH,ETH-25JUN27-1800-P,2027-06-25,1800,put,0.069588,0.0685,0.071,57.46,,,,,783.0,0.0,2491.48
2026-09-02 04:39:45,deribit,ETH,ETH-4SEP26-2440-C,2026-09-04,2440,call,0.008023,0.0075,0.0085,40.53,,,,,251.0,251.0,2415.55
2026-09-02 04:39:45,deribit,ETH,ETH-25DEC26-3400-P,2026-12-25,3400,put,0.418261,0.4115,0.4245,54.24,,,,,89.0,0.0,2439.78
2026-09-02 04:39:45,deribit,ETH,ETH-25DEC26-1000-P,2026-12-25,1000,put,0.00199,0.0017,0.0023,77.58,,,,,18426.0,0.0,2439.78
2026-09-02 04:39:45,deribit,ETH,ETH-27NOV26-2200-P,2026-11-27,2200,put,0.054114,0.0535,0.0545,51.46,,,,,7.0,0.0,2434.68
2026-09-02 04:39:45,deribit,ETH,ETH-2SEP26-2300-P,2026-09-02,2300,put,1e-06,,0.0001,69.82,,,,,352.0,392.0,2415.01
2026-09-02 04:39:45,deribit,ETH,ETH-25SEP26-14000-C,2026-09-25,14000,call,1e-05,,0.0001,177.53,,,,,2121.0,0.0,2422.6
2026-09-02 04:39:45,deribit,ETH,ETH-25JUN27-3700-P,2027-06-25,3700,put,0.560708,0.5505,0.568,56.34,,,,,0.0,0.0,2491.54
2026-09-02 04:39:45,deribit,ETH,ETH-25SEP26-2440-C,2026-09-25,2440,call,0.0457,0.045,0.046,48.84,,,,,5060.0,5060.0,2422.6
2026-09-02 04:39:45,deribit,ETH,ETH-25SEP26-1850-C,2026-09-25,1850,call,0.239059,0.2365,0.24,63.82,,,,,2240.0,0.0,2422.6
2026-09-02 04:39:45,deribit,ETH,ETH-5SEP26-2480-C,2026-09-05,2480,call,0.006448,0.006,0.0065,43.82,,,,,111.0,111.0,2415.86
2026-09-02 04:39:45,deribit,ETH,ETH-25SEP26-10000-C,2026-09-25,10000,call,1e-05,,0.0001,146.32,,,,,1965.0,0.0,2422.6
2026-09-02 04:39:45,deribit,ETH,ETH-2SEP26-2340-P,2026-09-02,2340,put,2.8e-05,,0.0001,65.74,,,,,396.0,412.0,2415.08
2026-09-02 04:39:45,deribit,ETH,ETH-25JUN27-2300-C,2027-06-25,2300,call,0.230624,0.2285,0.2325,55.51,,,,,234.0,0.0,2491.48
2026-09-02 04:39:45,deribit,ETH,ETH-25JUN27-2700-C,2027-06-25,2700,call,0.16588,0.1645,0.1675,55.36,,,,,434.0,0.0,2491.48
2026-09-02 04:39:45,deribit,ETH,ETH-4SEP26-1950-P,2026-09-04,1950,put,0.000141,,0.0002,110.75,,,,,1275.0,501.0,2415.55
2026-09-02 04:39:45,deribit,ETH,ETH-25SEP26-16000-C,2026-09-25,16000,call,1e-05,,0.0001,189.54,,,,,9830.0,0.0,2422.6
2026-09-02 04:39:45,deribit,ETH,ETH-25DEC26-3300-P,2026-12-25,3300,put,0.381392,0.3755,0.387,53.84,,,,,10.0,0.0,2439.75
2026-09-02 04:39:45,deribit,ETH,ETH-25DEC26-3400-C,2026-12-25,3400,call,0.02467,0.024,0.025,54.24,,,,,14526.0,12.0,2439.78
2026-09-02 04:39:45,deribit,ETH,ETH-27NOV26-2800-P,2026-11-27,2800,put,0.199151,0.1975,0.202,52.02,,,,,34.0,0.0,2434.68
2026-09-02 04:39:45,deribit,ETH,ETH-2SEP26-2640-P,2026-09-02,2640,put,0.093145,0.0905,0.097,65.84,,,,,0.0,0.0,2415.01
2026-09-02 04:39:45,deribit,ETH,ETH-25SEP26-6200-P,2026-09-25,6200,put,1.55925,1.5515,1.5705,103.78,,,,,0.0,0.0,2422.54
2026-09-02 04:39:45,deribit,ETH,ETH-25DEC26-2000-C,2026-12-25,2000,call,0.221122,0.2185,0.2245,53.53,,,,,10828.0,8.0,2439.75
2026-09-02 04:39:45,deribit,ETH,ETH-3SEP26-2460-C,2026-09-03,2460,call,0.002715,0.0025,0.0029,40.66,,,,,901.0,684.0,2415.21
2026-09-02 04:39:45,deribit,ETH,ETH-25JUN27-5500-P,2027-06-25,5500,put,1.231601,1.213,1.243,59.59,,,,,0.0,0.0,2491.48
2026-09-02 04:39:45,deribit,ETH,ETH-5SEP26-2240-P,2026-09-05,2240,put,0.001655,0.0016,0.0019,56.27,,,,,26.0,26.0,2415.86
2026-09-02 04:39:45,deribit,ETH,ETH-30OCT26-1850-C,2026-10-30,1850,call,0.248637,0.2465,0.25,55.8,,,,,990.0,0.0,2428.68
2026-09-02 04:39:45,deribit,ETH,ETH-27NOV26-2000-P,2026-11-27,2000,put,0.030014,0.0295,0.0305,53.21,,,,,406.0,38.0,2434.68
2026-09-02 04:39:45,deribit,ETH,ETH-25JUN27-3800-P,2027-06-25,3800,put,0.595515,0.586,0.603,56.5,,,,,2.0,0.0,2491.48
2026-09-02 04:39:45,deribit,ETH,ETH-27NOV26-2950-P,2026-11-27,2950,put,0.24841,0.244,0.2525,52.66,,,,,0.0,0.0,2434.68
2026-09-02 04:39:45,deribit,ETH,ETH-25DEC26-800-P,2026-12-25,800,put,0.000929,0.0007,0.0012,85.96,,,,,7346.0,51.0,2439.78
2026-09-02 04:39:45,deribit,ETH,ETH-2SEP26-2640-C,2026-09-02,2640,call,0.0,,0.0001,65.84,,,,,46.0,41.0,2415.08
2026-09-02 04:39:45,deribit,ETH,ETH-3SEP26-2700-C,2026-09-03,2700,call,1.2e-05,,0.0001,65.46,,,,,213.0,43.0,2415.27
2026-09-02 04:39:45,deribit,ETH,ETH-18SEP26-3000-P,2026-09-18,3000,put,0.242007,0.2385,0.247,57.79,,,,,0.0,0.0,2419.54
2026-09-02 04:39:45,deribit,ETH,ETH-3SEP26-2550-C,2026-09-03,2550,call,0.000287,0.0002,0.0004,50.12,,,,,7.0,7.0,2415.21
2026-09-02 04:39:45,deribit,ETH,ETH-5SEP26-2220-C,2026-09-05,2220,call,0.082419,0.0795,0.0835,58.78,,,,,0.0,0.0,2415.8
2026-09-02 04:39:45,deribit,ETH,ETH-25JUN27-3000-P,2027-06-25,3000,put,0.334149,0.332,0.338,55.53,,,,,220.0,0.0,2491.48
2026-09-02 04:39:45,deribit,ETH,ETH-26MAR27-800-P,2027-03-26,800,put,0.003596,0.0033,0.004,78.94,,,,,2712.0,1.0,2463.73
2026-09-02 04:39:45,deribit,ETH,ETH-30OCT26-2300-C,2026-10-30,2300,call,0.106852,0.1055,0.108,50.1,,,,,1221.0,0.0,2428.62
2026-09-02 04:39:45,deribit,ETH,ETH-25DEC26-2000-P,2026-12-25,2000,put,0.040882,0.0405,0.0415,53.53,,,,,8921.0,7.0,2439.75
2026-09-02 04:39:45,deribit,ETH,ETH-25DEC26-800-C,2026-12-25,800,call,0.673025,0.672,0.674,85.96,,,,,171.0,0.0,2439.78
2026-09-02 04:39:45,deribit,ETH,ETH-26MAR27-4500-C,2027-03-26,4500,call,0.021594,0.021,0.0225,57.81,,,,,2106.0,0.0,2463.79
2026-09-02 04:39:45,deribit,ETH,ETH-25DEC26-5500-C,2026-12-25,5500,call,0.002463,0.0022,0.0028,65.33,,,,,2173.0,0.0,2439.75
2026-09-02 04:39:45,deribit,ETH,ETH-30OCT26-2750-P,2026-10-30,2750,put,0.168392,0.167,0.1705,51.19,,,,,0.0,0.0,2428.68
2026-09-02 04:39:45,deribit,ETH,ETH-25DEC26-4000-C,2026-12-25,4000,call,0.010713,0.0105,0.011,57.21,,,,,14622.0,118.0,2439.75
2026-09-02 04:39:45,deribit,ETH,ETH-25SEP26-1200-C,2026-09-25,1200,call,0.504891,0.5035,0.5055,105.07,,,,,138.0,0.0,2422.54
2026-09-02 04:39:45,deribit,ETH,ETH-11SEP26-1800-P,2026-09-11,1800,put,0.000388,0.0003,0.0005,80.62,,,,,4034.0,107.0,2417.52
2026-09-02 04:39:45,deribit,ETH,ETH-3SEP26-2320-P,2026-09-03,2320,put,0.00096,0.0009,0.0012,50.54,,,,,456.0,58.0,2415.21
2026-09-02 04:39:45,deribit,ETH,ETH-25SEP26-3000-C,2026-09-25,3000,call,0.004173,0.0039,0.0043,55.28,,,,,40910.0,179.0,2422.6
2026-09-02 04:39:45,deribit,ETH,ETH-25SEP26-4000-P,2026-09-25,4000,put,0.651411,0.6465,0.658,74.89,,,,,138.0,0.0,2422.6
2026-09-02 04:39:45,deribit,ETH,ETH-5SEP26-2800-C,2026-09-05,2800,call,0.00019,0.0001,0.0003,66.73,,,,,15.0,15.0,2415.8
2026-09-02 04:39:45,deribit,ETH,ETH-2SEP26-2240-C,2026-09-02,2240,call,0.072483,0.07,0.075,84.88,,,,,0.0,0.0,2415.01
2026-09-02 04:39:45,deribit,ETH,ETH-25SEP26-2150-C,2026-09-25,2150,call,0.12493,0.1235,0.126,52.48,,,,,131.0,18.0,2422.6
2026-09-02 04:39:45,deribit,ETH,ETH-25SEP26-6500-P,2026-09-25,6500,put,1.683084,1.674,1.695,108.35,,,,,0.0,0.0,2422.54
2026-09-02 04:39:45,deribit,ETH,ETH-3SEP26-2440-P,2026-09-03,2440,put,0.014916,0.014,0.016,39.56,,,,,260.0,24.0,2415.27
2026-09-02 04:39:45,deribit,ETH,ETH-2SEP26-2550-P,2026-09-02,2550,put,0.055879,0.0535,0.06,54.73,,,,,0.0,0.0,2415.01
2026-09-02 04:39:45,deribit,ETH,ETH-3SEP26-2520-C,2026-09-03,2520,call,0.000535,0.0004,0.0006,45.94,,,,,254.0,139.0,2415.21
2026-09-02 04:39:45,deribit,ETH,ETH-25JUN27-4600-P,2027-06-25,4600,put,0.887092,0.8745,0.8965,57.89,,,,,0.0,0.0,2491.48
2026-09-02 04:39:45,deribit,ETH,ETH-25SEP26-5800-P,2026-09-25,5800,put,1.394148,1.387,1.405,100.01,,,,,0.0,0.0,2422.54
2026-09-02 04:39:45,deribit,ETH,ETH-25JUN27-1200-C,2027-06-25,1200,call,0.53824,0.5355,0.5415,64.84,,,,,55.0,0.0,2491.48
2026-09-02 04:39:45,deribit,ETH,ETH-25SEP26-2440-P,2026-09-25,2440,put,0.052882,0.0525,0.0535,48.84,,,,,10.0,10.0,2422.54
2026-09-02 04:39:45,deribit,ETH,ETH-30OCT26-1200-C,2026-10-30,1200,call,0.506726,0.505,0.508,77.36,,,,,0.0,0.0,2428.62
2026-09-02 04:39:45,deribit,ETH,ETH-30OCT26-1700-C,2026-10-30,1700,call,0.305939,0.3035,0.307,59.85,,,,,74.0,16.0,2428.68
2026-09-02 04:39:45,deribit,ETH,ETH-25DEC26-1300-P,2026-12-25,1300,put,0.00544,0.005,0.006,67.66,,,,,2064.0,0.0,2439.75
2026-09-02 04:39:45,deribit,ETH,ETH-4SEP26-2400-P,2026-09-04,2400,put,0.009771,0.0095,0.01,41.8,,,,,4364.0,684.0,2415.55
2026-09-02 04:39:45,deribit,ETH,ETH-25SEP26-2600-C,2026-09-25,2600,call,0.022603,0.022,0.023,49.11,,,,,17298.0,156.0,2422.6
2026-09-02 04:39:45,deribit,ETH,ETH-26MAR27-1200-P,2027-03-26,1200,put,0.011589,0.011,0.0125,66.84,,,,,1661.0,0.0,2463.73
2026-09-02 04:39:45,deribit,ETH,ETH-25SEP26-7000-P,2026-09-25,7000,put,1.889468,1.8805,1.901,112.41,,,,,0.0,0.0,2422.6
2026-09-02 04:39:45,deribit,ETH,ETH-25SEP26-1900-C,2026-09-25,1900,call,0.219148,0.2165,0.22,61.54,,,,,10562.0,5.0,2422.6
2026-09-02 04:39:45,deribit,ETH,ETH-25DEC26-2300-C,2026-12-25,2300,call,0.142804,0.142,0.1435,51.81,,,,,7422.0,14.0,2439.78
2026-09-02 04:39:45,deribit,ETH,ETH-30OCT26-3000-P,2026-10-30,3000,put,0.254448,0.25,0.2585,52.66,,,,,72.0,0.0,2428.62
2026-09-02 04:39:45,deribit,ETH,ETH-30OCT26-2650-C,2026-10-30,2650,call,0.046334,0.0455,0.047,50.68,,,,,660.0,0.0,2428.68
2026-09-02 04:39:45,deribit,ETH,ETH-4SEP26-2700-P,2026-09-04,2700,put,0.117916,0.115,0.1225,60.94,,,,,0.0,0.0,2415.55
2026-09-02 04:39:45,deribit,ETH,ETH-11SEP26-2200-C,2026-09-11,2200,call,0.095,0.0925,0.096,52.39,,,,,200.0,0.0,2417.46
2026-09-02 04:39:45,deribit,ETH,ETH-3SEP26-2460-P,2026-09-03,2460,put,0.021251,0.0205,0.025,40.66,,,,,62.0,50.0,2415.21
2026-09-02 04:39:45,deribit,ETH,ETH-30OCT26-4200-C,2026-10-30,4200,call,0.001862,0.0015,0.0022,63.78,,,,,468.0,0.0,2428.62
2026-09-02 04:39:45,deribit,ETH,ETH-18SEP26-2900-C,2026-09-18,2900,call,0.003165,0.0029,0.0033,54.94,,,,,220.0,7.0,2419.54
2026-09-02 04:39:45,deribit,ETH,ETH-4SEP26-2420-C,2026-09-04,2420,call,0.011646,0.011,0.012,41.07,,,,,888.0,1052.0,2415.55
2026-09-02 04:39:45,deribit,ETH,ETH-26MAR27-3700-C,2027-03-26,3700,call,0.044385,0.0435,0.0455,55.79,,,,,1530.0,0.0,2463.73
2026-09-02 04:39:45,deribit,ETH,ETH-26MAR27-5000-C,2027-03-26,5000,call,0.014579,0.014,0.0155,59.17,,,,,2449.0,93.0,2463.73
2026-09-02 04:39:45,deribit,ETH,ETH-4SEP26-2460-P,2026-09-04,2460,put,0.023914,0.023,0.025,40.97,,,,,0.0,0.0,2415.55
2026-09-02 04:39:45,deribit,ETH,ETH-2SEP26-2250-P,2026-09-02,2250,put,0.0,,0.0001,83.77,,,,,1.0,0.0,2415.01
2026-09-02 04:39:45,deribit,ETH,ETH-26MAR27-1200-C,2027-03-26,1200,call,0.524526,0.5225,0.5275,66.84,,,,,68.0,0.0,2463.73
2026-09-02 04:39:45,deribit,ETH,ETH-2SEP26-2420-C,2026-09-02,2420,call,0.001872,0.0017,0.002,35.65,,,,,409.0,443.0,2415.01
2026-09-02 04:39:45,deribit,ETH,ETH-25SEP26-2700-P,2026-09-25,2700,put,0.128772,0.1255,0.133,49.94,,,,,557.0,0.0,2422.6
2026-09-02 04:39:45,deribit,ETH,ETH-11SEP26-2450-P,2026-09-11,2450,put,0.035831,0.0355,0.0365,45.02,,,,,1885.0,152.0,2417.46
2026-09-02 04:39:45,deribit,ETH,ETH-4SEP26-2550-P,2026-09-04,2550,put,0.056633,0.054,0.061,45.84,,,,,1838.0,0.0,2415.55
2026-09-02 04:39:45,deribit,ETH,ETH-26MAR27-2500-C,2027-03-26,2500,call,0.154736,0.1535,0.156,54.14,,,,,9789.0,0.0,2463.73
2026-09-02 04:39:45,deribit,ETH,ETH-5SEP26-2220-P,2026-09-05,2220,put,0.001362,0.0013,0.0015,58.78,,,,,24.0,24.0,2415.8
2026-09-02 04:39:45,deribit,ETH,ETH-25SEP26-2300-C,2026-09-25,2300,call,0.078179,0.077,0.079,49.84,,,,,14097.0,4.0,2422.6
2026-09-02 04:39:45,deribit,ETH,ETH-25SEP26-1400-P,2026-09-25,1400,put,0.000484,0.0004,0.0006,91.07,,,,,11566.0,0.0,2422.6
2026-09-02 04:39:45,deribit,ETH,ETH-26MAR27-1500-P,2027-03-26,1500,put,0.024536,0.024,0.025,60.8,,,,,4076.0,0.0,2463.73
2026-09-02 04:39:45,deribit,ETH,ETH-27NOV26-2850-C,2026-11-27,2850,call,0.044557,0.044,0.045,52.23,,,,,11.0,0.0,2434.68
2026-09-02 04:39:45,deribit,ETH,ETH-5SEP26-2640-C,2026-09-05,2640,call,0.000745,0.0006,0.0008,53.29,,,,,83.0,83.0,2415.86
2026-09-02 04:39:45,deribit,ETH,ETH-25JUN27-2700-P,2027-06-25,2700,put,0.249565,0.247,0.2515,55.36,,,,,7.0,0.0,2491.48
2026-09-02 04:39:45,deribit,ETH,ETH-3SEP26-2640-P,2026-09-03,2640,put,0.093128,0.0905,0.097,62.63,,,,,0.0,0.0,2415.27
2026-09-02 04:39:45,deribit,ETH,ETH-25JUN27-2900-C,2027-06-25,2900,call,0.14117,0.1395,0.1425,55.51,,,,,283.0,0.0,2491.48
2026-09-02 04:39:45,deribit,ETH,ETH-25JUN27-1700-P,2027-06-25,1700,put,0.057787,0.057,0.059,58.23,,,,,3043.0,0.0,2491.48
2026-09-02 04:39:45,deribit,ETH,ETH-3SEP26-2240-C,2026-09-03,2240,call,0.072824,0.0695,0.0755,66.14,,,,,0.0,0.0,2415.21
2026-09-02 04:39:45,deribit,ETH,ETH-30OCT26-1200-P,2026-10-30,1200,put,0.000826,0.0007,0.001,77.36,,,,,2647.0,0.0,2428.68
2026-09-02 04:39:45,deribit,ETH,ETH-18SEP26-2400-P,2026-09-18,2400,put,0.035834,0.0355,0.0365,47.58,,,,,959.0,88.0,2419.54
2026-09-02 04:39:45,deribit,ETH,ETH-26MAR27-1500-C,2027-03-26,1500,call,0.415708,0.4125,0.419,60.8,,,,,242.0,0.0,2463.73
2026-09-02 04:39:45,deribit,ETH,ETH-4SEP26-2250-C,2026-09-04,2250,call,0.069488,0.0665,0.0705,57.63,,,,,573.0,0.0,2415.55
2026-09-02 04:39:45,deribit,ETH,ETH-5SEP26-2640-P,2026-09-05,2640,put,0.093542,0.091,0.097,53.29,,,,,0.0,0.0,2415.86
2026-09-02 04:39:45,deribit,ETH,ETH-30OCT26-2450-P,2026-10-30,2450,put,0.084367,0.084,0.085,50.04,,,,,257.0,22.0,2428.68
2026-09-02 04:39:45,deribit,ETH,ETH-11SEP26-2400-C,2026-09-11,2400,call,0.032515,0.032,0.033,45.72,,,,,1051.0,395.0,2417.46
2026-09-02 04:39:45,deribit,ETH,ETH-25SEP26-3800-C,2026-09-25,3800,call,0.000454,0.0003,0.0005,71.59,,,,,2077.0,0.0,2422.54
2026-09-02 04:39:45,deribit,ETH,ETH-3SEP26-2360-C,2026-09-03,2360,call,0.025135,0.0225,0.026,44.05,,,,,0.0,0.0,2415.27
2026-09-02 04:39:45,deribit,ETH,ETH-3SEP26-2360-P,2026-09-03,2360,put,0.002268,0.0021,0.0025,44.05,,,,,431.0,421.0,2415.27
2026-09-02 04:39:45,deribit,ETH,ETH-27NOV26-2600-P,2026-11-27,2600,put,0.140119,0.1395,0.141,51.35,,,,,87.0,32.0,2434.68
2026-09-02 04:39:45,deribit,ETH,ETH-27NOV26-3000-P,2026-11-27,3000,put,0.265615,0.2605,0.269,52.92,,,,,10.0,0.0,2434.68
2026-09-02 04:39:45,deribit,ETH,ETH-25SEP26-3300-C,2026-09-25,3300,call,0.001575,0.0014,0.0017,61.67,,,,,20691.0,0.0,2422.54
2026-09-02 04:39:45,deribit,ETH,ETH-30OCT26-1950-P,2026-10-30,1950,put,0.01532,0.015,0.016,53.82,,,,,899.0,39.0,2428.68
2026-09-02 04:39:45,deribit,ETH,ETH-18SEP26-2600-C,2026-09-18,2600,call,0.014796,0.0145,0.015,48.27,,,,,526.0,65.0,2419.54
2026-09-02 04:39:45,deribit,ETH,ETH-4SEP26-2540-C,2026-09-04,2540,call,0.001178,0.001,0.0013,45.39,,,,,40.0,61.0,2415.49
2026-09-02 04:39:45,deribit,ETH,ETH-26MAR27-3300-C,2027-03-26,3300,call,0.06611,0.065,0.067,54.9,,,,,2246.0,0.0,2463.73
2026-09-02 04:39:45,deribit,ETH,ETH-18SEP26-2500-C,2026-09-18,2500,call,0.025958,0.0255,0.0265,47.44,,,,,731.0,181.0,2419.54
2026-09-02 04:39:45,deribit,ETH,ETH-25JUN27-4200-P,2027-06-25,4200,put,0.738739,0.728,0.7475,57.14,,,,,3.0,0.0,2491.48
2026-09-02 04:39:45,deribit,ETH,ETH-4SEP26-2380-P,2026-09-04,2380,put,0.006828,0.0065,0.0075,42.44,,,,,440.0,580.0,2415.49
2026-09-02 04:39:45,deribit,ETH,ETH-5SEP26-2600-P,2026-09-05,2600,put,0.077451,0.0745,0.0815,50.47,,,,,50.0,50.0,2415.8
2026-09-02 04:39:45,deribit,ETH,ETH-25SEP26-2200-P,2026-09-25,2200,put,0.016322,0.016,0.017,51.43,,,,,9325.0,2423.0,2422.6
2026-09-02 04:39:45,deribit,ETH,ETH-25DEC26-1300-C,2026-12-25,1300,call,0.472596,0.47,0.474,67.66,,,,,50.0,0.0,2439.78
2026-09-02 04:39:45,deribit,ETH,ETH-27NOV26-2550-C,2026-11-27,2550,call,0.079437,0.0785,0.08,51.24,,,,,85.0,31.0,2434.68
2026-09-02 04:39:45,deribit,ETH,ETH-25SEP26-3200-P,2026-09-25,3200,put,0.322984,0.319,0.3285,59.36,,,,,1323.0,0.0,2422.6
2026-09-02 04:39:45,deribit,ETH,ETH-26MAR27-3000-C,2027-03-26,3000,call,0.090569,0.0895,0.0915,54.44,,,,,6702.0,0.0,2463.73
2026-09-02 04:39:45,deribit,ETH,ETH-4SEP26-2450-P,2026-09-04,2450,put,0.020957,0.0195,0.022,40.79,,,,,2214.0,240.0,2415.55
2026-09-02 04:39:45,deribit,ETH,ETH-25SEP26-1200-P,2026-09-25,1200,put,0.000226,0.0001,0.0003,105.07,,,,,12305.0,0.0,2422.6
2026-09-02 04:39:45,deribit,ETH,ETH-18SEP26-2200-C,2026-09-18,2200,call,0.101074,0.1005,0.1025,50.71,,,,,0.0,0.0,2419.57
2026-09-02 04:39:45,deribit,ETH,ETH-30OCT26-1700-P,2026-10-30,1700,put,0.005914,0.0055,0.0065,59.85,,,,,1483.0,1.0,2428.68
2026-09-02 04:39:45,deribit,ETH,ETH-25DEC26-1900-P,2026-12-25,1900,put,0.031128,0.0305,0.0315,54.62,,,,,5176.0,3.0,2439.78
2026-09-02 04:39:45,deribit,ETH,ETH-25SEP26-7200-C,2026-09-25,7200,call,1e-05,,0.0001,115.02,,,,,1772.0,0.0,2422.54
2026-09-02 04:39:45,deribit,ETH,ETH-3SEP26-2200-C,2026-09-03,2200,call,0.089278,0.086,0.0915,74.05,,,,,0.0,0.0,2415.21
2026-09-02 04:39:45,deribit,ETH,ETH-11SEP26-2800-C,2026-09-11,2800,call,0.001583,0.0014,0.0017,53.86,,,,,6419.0,956.0,2417.46
2026-09-02 04:39:45,deribit,ETH,ETH-25JUN27-3200-C,2027-06-25,3200,call,0.110878,0.109,0.112,55.7,,,,,1379.0,60.0,2491.48
2026-09-02 04:39:45,deribit,ETH,ETH-27NOV26-3800-P,2026-11-27,3800,put,0.569376,0.5625,0.5755,58.09,,,,,0.0,0.0,2434.68
2026-09-02 04:39:45,deribit,ETH,ETH-5SEP26-2340-C,2026-09-05,2340,call,0.037055,0.0355,0.038,46.51,,,,,56.0,56.0,2415.8
2026-09-02 04:39:45,deribit,ETH,ETH-5SEP26-2380-P,2026-09-05,2380,put,0.00988,0.0095,0.0105,44.19,,,,,338.0,494.0,2415.8
2026-09-02 04:39:45,deribit,ETH,ETH-4SEP26-1700-C,2026-09-04,1700,call,0.296216,0.2935,0.297,116.8,,,,,18.0,0.0,2415.55
2026-09-02 04:39:45,deribit,ETH,ETH-4SEP26-2000-P,2026-09-04,2000,put,0.000177,0.0001,0.0003,101.61,,,,,4205.0,643.0,2415.49
2026-09-02 04:39:45,deribit,ETH,ETH-2SEP26-2620-C,2026-09-02,2620,call,0.0,,0.0001,60.29,,,,,440.0,326.0,2415.08
2026-09-02 04:39:45,deribit,ETH,ETH-11SEP26-2500-C,2026-09-11,2500,call,0.015002,0.0145,0.0155,45.06,,,,,2524.0,623.0,2417.52
2026-09-02 04:39:45,deribit,ETH,ETH-25SEP26-6600-C,2026-09-25,6600,call,1.5e-05,,0.0001,109.4,,,,,1986.0,0.0,2422.6
2026-09-02 04:39:45,deribit,ETH,ETH-3SEP26-2680-C,2026-09-03,2680,call,2.5e-05,,0.0001,65.44,,,,,0.0,0.0,2415.21
2026-09-02 04:39:45,deribit,ETH,ETH-30OCT26-1600-C,2026-10-30,1600,call,0.345214,0.3425,0.3465,62.76,,,,,68.0,0.0,2428.62
2026-09-02 04:39:45,deribit,ETH,ETH-3SEP26-2250-C,2026-09-03,2250,call,0.068736,0.0655,0.071,64.55,,,,,0.0,0.0,2415.21
2026-09-02 04:39:45,deribit,ETH,ETH-4SEP26-2600-C,2026-09-04,2600,call,0.000403,0.0003,0.0005,49.8,,,,,12055.0,1657.0,2415.55
2026-09-02 04:39:45,deribit,ETH,ETH-26MAR27-3100-C,2027-03-26,3100,call,0.081454,0.0805,0.0825,54.57,,,,,2006.0,0.0,2463.73
2026-09-02 04:39:45,deribit,ETH,ETH-11SEP26-2300-C,2026-09-11,2300,call,0.059924,0.0585,0.061,47.86,,,,,101.0,0.0,2417.46
2026-09-02 04:39:45,deribit,ETH,ETH-11SEP26-3000-C,2026-09-11,3000,call,0.000613,0.0006,0.0007,63.23,,,,,8253.0,905.0,2417.46
2026-09-02 04:39:45,deribit,ETH,ETH-3SEP26-2580-P,2026-09-03,2580,put,0.068376,0.066,0.073,53.86,,,,,0.0,0.0,2415.21
2026-09-02 04:39:45,deribit,ETH,ETH-3SEP26-2800-P,2026-09-03,2800,put,0.159312,0.1565,0.164,73.62,,,,,0.0,0.0,2415.21
2026-09-02 04:39:45,deribit,ETH,ETH-25SEP26-2400-P,2026-09-25,2400,put,0.044424,0.044,0.045,48.99,,,,,7177.0,107.0,2422.54
2026-09-02 04:39:45,deribit,ETH,ETH-25SEP26-2900-P,2026-09-25,2900,put,0.203154,0.1995,0.207,53.23,,,,,799.0,0.0,2422.6
2026-09-02 04:39:45,deribit,ETH,ETH-25JUN27-6000-P,2027-06-25,6000,put,1.426763,1.4085,1.4395,60.51,,,,,1.0,0.0,2491.48
2026-09-02 04:39:45,deribit,ETH,ETH-5SEP26-2560-P,2026-09-05,2560,put,0.061693,0.059,0.0655,47.6,,,,,0.0,0.0,2415.86
2026-09-02 04:39:45,deribit,ETH,ETH-25SEP26-15000-C,2026-09-25,15000,call,1e-05,,0.0001,183.79,,,,,2390.0,0.0,2422.6
2026-09-02 04:39:45,deribit,ETH,ETH-25SEP26-5600-C,2026-09-25,5600,call,2.6e-05,,0.0001,96.43,,,,,8185.0,0.0,2422.6
2026-09-02 04:39:45,deribit,ETH,ETH-25JUN27-3100-C,2027-06-25,3100,call,0.120023,0.118,0.1215,55.6,,,,,209.0,0.0,2491.48
2026-09-02 04:39:45,deribit,ETH,ETH-4SEP26-2000-C,2026-09-04,2000,call,0.172195,0.1695,0.1735,101.61,,,,,3990.0,25.0,2415.55
2026-09-02 04:39:45,deribit,ETH,ETH-26MAR27-2700-C,2027-03-26,2700,call,0.124878,0.1235,0.126,54.17,,,,,3034.0,0.0,2463.73
2026-09-02 04:39:45,deribit,ETH,ETH-25SEP26-3000-P,2026-09-25,3000,put,0.242512,0.239,0.2475,55.28,,,,,7499.0,2.0,2422.6
2026-09-02 04:39:45,deribit,ETH,ETH-5SEP26-2600-C,2026-09-05,2600,call,0.001211,0.001,0.0013,50.47,,,,,22.0,22.0,2415.8
2026-09-02 04:39:45,deribit,ETH,ETH-4SEP26-2460-C,2026-09-04,2460,call,0.005496,0.005,0.006,40.97,,,,,334.0,128.0,2415.55
2026-09-02 04:39:45,deribit,ETH,ETH-25DEC26-3600-P,2026-12-25,3600,put,0.493967,0.4865,0.5005,55.19,,,,,93.0,0.0,2439.75
2026-09-02 04:39:45,deribit,ETH,ETH-25SEP26-5000-C,2026-09-25,5000,call,3e-05,,0.0001,85.4,,,,,4611.0,0.0,2422.54
2026-09-02 04:39:45,deribit,ETH,ETH-25JUN27-2200-C,2027-06-25,2200,call,0.25058,0.248,0.252,55.7,,,,,1051.0,0.0,2491.54
2026-09-02 04:39:45,deribit,ETH,ETH-18SEP26-2000-P,2026-09-18,2000,put,0.002897,0.0028,0.0031,58.35,,,,,1746.0,908.0,2419.54
2026-09-02 04:39:45,deribit,ETH,ETH-25DEC26-3600-C,2026-12-25,3600,call,0.0184,0.018,0.019,55.19,,,,,2544.0,1.0,2439.78
2026-09-02 04:39:45,deribit,ETH,ETH-25JUN27-900-C,2027-06-25,900,call,0.648165,0.646,0.651,72.07,,,,,0.0,0.0,2491.48
2026-09-02 04:39:45,deribit,ETH,ETH-25DEC26-9000-C,2026-12-25,9000,call,0.000351,0.0003,0.0006,78.59,,,,,2069.0,0.0,2439.78
2026-09-02 04:39:45,deribit,ETH,ETH-30OCT26-2350-C,2026-10-30,2350,call,0.095486,0.0945,0.0965,50.03,,,,,196.0,0.0,2428.62
2026-09-02 04:39:45,deribit,ETH,ETH-25SEP26-2700-C,2026-09-25,2700,call,0.014267,0.014,0.0145,49.94,,,,,10718.0,159.0,2422.6
2026-09-02 04:39:45,deribit,ETH,ETH-25SEP26-11000-C,2026-09-25,11000,call,1e-05,,0.0001,155.29,,,,,3423.0,0.0,2422.54
2026-09-02 04:39:45,deribit,ETH,ETH-30OCT26-2750-C,2026-10-30,2750,call,0.036081,0.0355,0.0365,51.19,,,,,529.0,76.0,2428.68
2026-09-02 04:39:45,deribit,ETH,ETH-4SEP26-2520-P,2026-09-04,2520,put,0.044959,0.0425,0.0485,43.91,,,,,0.0,0.0,2415.55
2026-09-02 04:39:45,deribit,ETH,ETH-5SEP26-2660-P,2026-09-05,2660,put,0.101691,0.099,0.106,55.14,,,,,0.0,0.0,2415.8
2026-09-02 04:39:45,deribit,ETH,ETH-25JUN27-3700-C,2027-06-25,3700,call,0.075659,0.074,0.077,56.34,,,,,0.0,0.0,2491.54
2026-09-02 04:39:45,deribit,ETH,ETH-25SEP26-10000-P,2026-09-25,10000,put,3.127807,3.112,3.1495,146.32,,,,,759.0,0.0,2422.6
2026-09-02 04:39:45,deribit,ETH,ETH-25DEC26-2200-C,2026-12-25,2200,call,0.166195,0.165,0.167,52.16,,,,,52422.0,0.0,2439.78
2026-09-02 04:39:45,deribit,ETH,ETH-4SEP26-2150-P,2026-09-04,2150,put,0.000395,0.0004,0.0005,74.12,,,,,2546.0,311.0,2415.49
2026-09-02 04:39:45,deribit,ETH,ETH-26MAR27-2100-P,2027-03-26,2100,put,0.088304,0.087,0.0895,54.93,,,,,708.0,0.0,2463.73
2026-09-02 04:39:45,deribit,ETH,ETH-11SEP26-2700-C,2026-09-11,2700,call,0.002964,0.0028,0.0031,49.52,,,,,1931.0,54.0,2417.52
2026-09-02 04:39:45,deribit,ETH,ETH-18SEP26-2800-C,2026-09-18,2800,call,0.0052,0.0048,0.0055,52.66,,,,,1345.0,103.0,2419.54
2026-09-02 04:39:45,deribit,ETH,ETH-4SEP26-2440-P,2026-09-04,2440,put,0.018162,0.017,0.019,40.53,,,,,325.0,68.0,2415.55
2026-09-02 04:39:45,deribit,ETH,ETH-27NOV26-2850-P,2026-11-27,2850,put,0.215161,0.211,0.2185,52.23,,,,,0.0,0.0,2434.68
2026-09-02 04:39:45,deribit,ETH,ETH-25SEP26-2380-C,2026-09-25,2380,call,0.058191,0.0575,0.0585,49.14,,,,,2.0,2.0,2422.6
2026-09-02 04:39:45,deribit,ETH,ETH-5SEP26-2320-P,2026-09-05,2320,put,0.004311,0.0041,0.0046,48.02,,,,,102.0,102.0,2415.8
2026-09-02 04:39:45,deribit,ETH,ETH-3SEP26-2340-P,2026-09-03,2340,put,0.001455,0.0013,0.0017,47.2,,,,,327.0,193.0,2415.21
2026-09-02 04:39:45,deribit,ETH,ETH-25JUN27-2500-C,2027-06-25,2500,call,0.195496,0.194,0.197,55.35,,,,,3193.0,2.0,2491.54
2026-09-02 04:39:45,deribit,ETH,ETH-3SEP26-2380-C,2026-09-03,2380,call,0.018277,0.017,0.0195,41.59,,,,,1.0,1.0,2415.21
2026-09-02 04:39:45,deribit,ETH,ETH-4SEP26-2360-P,2026-09-04,2360,put,0.005005,0.0048,0.0055,44.71,,,,,0.0,0.0,2415.55
2026-09-02 04:39:45,deribit,ETH,ETH-25DEC26-4000-P,2026-12-25,4000,put,0.650232,0.6425,0.658,57.21,,,,,223.0,0.0,2439.78
2026-09-02 04:39:45,deribit,ETH,ETH-25JUN27-800-P,2027-06-25,800,put,0.007172,0.0065,0.008,75.33,,,,,693.0,4.0,2491.48
2026-09-02 04:39:45,deribit,ETH,ETH-26MAR27-6000-P,2027-03-26,6000,put,1.442898,1.424,1.4725,62.05,,,,,1.0,0.0,2463.73
2026-09-02 04:39:45,deribit,ETH,ETH-18SEP26-2600-P,2026-09-18,2600,put,0.089399,0.088,0.092,48.27,,,,,30.0,0.0,2419.57
2026-09-02 04:39:45,deribit,ETH,ETH-25SEP26-3100-P,2026-09-25,3100,put,0.282559,0.2785,0.2875,57.41,,,,,1.0,0.0,2422.6
2026-09-02 04:39:45,deribit,ETH,ETH-2SEP26-2500-C,2026-09-02,2500,call,0.0,,0.0001,48.93,,,,,942.0,641.0,2415.01
2026-09-02 04:39:45,deribit,ETH,ETH-25DEC26-1600-C,2026-12-25,1600,call,0.357432,0.3545,0.36,59.8,,,,,620.0,0.0,2439.78
2026-09-02 04:39:45,deribit,ETH,ETH-2SEP26-2440-P,2026-09-02,2440,put,0.010684,0.0095,0.014,40.28,,,,,2105.0,2196.0,2415.01
2026-09-02 04:39:45,deribit,ETH,ETH-26MAR27-3100-P,2027-03-26,3100,put,0.339698,0.3325,0.3445,54.57,,,,,99.0,0.0,2463.73
2026-09-02 04:39:45,deribit,ETH,ETH-30OCT26-4400-C,2026-10-30,4400,call,0.001395,0.0011,0.0017,65.57,,,,,685.0,0.0,2428.68
2026-09-02 04:39:45,deribit,ETH,ETH-5SEP26-2400-P,2026-09-05,2400,put,0.013076,0.0125,0.0135,43.77,,,,,520.0,520.0,2415.8
2026-09-02 04:39:45,deribit,ETH,ETH-25JUN27-3400-P,2027-06-25,3400,put,0.459482,0.45,0.466,55.92,,,,,5.0,1.0,2491.54
2026-09-02 04:39:45,deribit,ETH,ETH-5SEP26-2360-C,2026-09-05,2360,call,0.030577,0.029,0.0315,45.17,,,,,50.0,50.0,2415.86
2026-09-02 04:39:45,deribit,ETH,ETH-25SEP26-13000-P,2026-09-25,13000,put,4.366146,4.3445,4.396,170.75,,,,,0.0,0.0,2422.6
2026-09-02 04:39:45,deribit,ETH,ETH-25DEC26-3800-P,2026-12-25,3800,put,0.57154,0.5635,0.5785,56.25,,,,,26.0,0.0,2439.78
2026-09-02 04:39:45,deribit,ETH,ETH-25JUN27-1200-P,2027-06-25,1200,put,0.019877,0.019,0.021,64.84,,,,,517.0,1.0,2491.54
2026-09-02 04:39:45,deribit,ETH,ETH-25SEP26-1300-P,2026-09-25,1300,put,0.000344,0.0003,0.0004,98.27,,,,,4863.0,0.0,2422.54
2026-09-02 04:39:45,deribit,ETH,ETH-2SEP26-2480-P,2026-09-02,2480,put,0.026897,0.0245,0.031,44.86,,,,,67.0,111.0,2415.01
2026-09-02 04:39:45,deribit,ETH,ETH-4SEP26-2700-C,2026-09-04,2700,call,0.00014,0.0001,0.0002,60.94,,,,,3645.0,1314.0,2415.55
2026-09-02 04:39:45,deribit,ETH,ETH-5SEP26-2580-C,2026-09-05,2580,call,0.001543,0.0013,0.0017,48.94,,,,,128.0,128.0,2415.8
2026-09-02 04:39:45,deribit,ETH,ETH-25SEP26-1400-C,2026-09-25,1400,call,0.422592,0.42,0.4235,91.07,,,,,1553.0,2.0,2422.6
2026-09-02 04:39:45,deribit,ETH,ETH-27NOV26-3300-C,2026-11-27,3300,call,0.019174,0.0185,0.0195,54.58,,,,,2.0,0.0,2434.68
2026-09-02 04:39:45,deribit,ETH,ETH-3SEP26-2480-C,2026-09-03,2480,call,0.001619,0.0015,0.0018,42.63,,,,,883.0,807.0,2415.21
2026-09-02 04:39:45,deribit,ETH,ETH-26MAR27-5500-C,2027-03-26,5500,call,0.010283,0.0095,0.011,60.58,,,,,2976.0,1.0,2463.79
2026-09-02 04:39:45,deribit,ETH,ETH-25SEP26-3600-P,2026-09-25,3600,put,0.486719,0.4825,0.4925,67.76,,,,,907.0,0.0,2422.6
2026-09-02 04:39:45,deribit,ETH,ETH-2SEP26-2400-P,2026-09-02,2400,put,0.00069,0.0006,0.0009,35.5,,,,,1684.0,2333.0,2415.01
2026-09-02 04:39:45,deribit,ETH,ETH-25SEP26-1300-C,2026-09-25,1300,call,0.46373,0.4615,0.4645,98.27,,,,,68.0,0.0,2422.54
2026-09-02 04:39:45,deribit,ETH,ETH-3SEP26-2480-P,2026-09-03,2480,put,0.028436,0.0275,0.032,42.63,,,,,130.0,210.0,2415.21
2026-09-02 04:39:45,deribit,ETH,ETH-25DEC26-1600-P,2026-12-25,1600,put,0.01324,0.013,0.0135,59.8,,,,,8097.0,150.0,2439.75
2026-09-02 04:39:45,deribit,ETH,ETH-4SEP26-2380-C,2026-09-04,2380,call,0.021529,0.0205,0.0225,42.44,,,,,45.0,45.0,2415.49
2026-09-02 04:39:45,deribit,ETH,ETH-30OCT26-2050-P,2026-10-30,2050,put,0.022351,0.022,0.023,52.16,,,,,418.0,105.0,2428.62
2026-09-02 04:39:45,deribit,ETH,ETH-11SEP26-2650-C,2026-09-11,2650,call,0.004292,0.0041,0.0044,47.73,,,,,1497.0,251.0,2417.52
2026-09-02 04:39:45,deribit,ETH,ETH-2SEP26-2440-C,2026-09-02,2440,call,0.000353,0.0003,0.0005,40.28,,,,,750.0,851.0,2415.01
2026-09-02 04:39:45,deribit,ETH,ETH-25DEC26-11000-C,2026-12-25,11000,call,0.000198,0.0001,0.0004,84.76,,,,,2155.0,0.0,2439.78
2026-09-02 04:39:45,deribit,ETH,ETH-2SEP26-2300-C,2026-09-02,2300,call,0.047639,0.0445,0.05,69.82,,,,,1.0,2.0,2415.08
2026-09-02 04:39:45,deribit,ETH,ETH-5SEP26-2500-C,2026-09-05,2500,call,0.004783,0.0046,0.0048,44.49,,,,,346.0,378.0,2415.8
2026-09-02 04:39:45,deribit,ETH,ETH-25JUN27-1000-C,2027-06-25,1000,call,0.610812,0.6085,0.6135,69.29,,,,,65.0,7.0,2491.48
2026-09-02 04:39:45,deribit,ETH,ETH-2SEP26-2540-P,2026-09-02,2540,put,0.051738,0.049,0.056,54.72,,,,,0.0,0.0,2415.01
2026-09-02 04:39:45,deribit,ETH,ETH-25JUN27-2300-P,2027-06-25,2300,put,0.153762,0.1525,0.1555,55.51,,,,,756.0,0.0,2491.48
2026-09-02 04:39:45,deribit,ETH,ETH-5SEP26-2660-C,2026-09-05,2660,call,0.00062,0.0005,0.0007,55.14,,,,,11.0,11.0,2415.8
2026-09-02 04:39:45,deribit,ETH,ETH-25SEP26-2380-P,2026-09-25,2380,put,0.040607,0.04,0.041,49.14,,,,,6.0,6.0,2422.6
2026-09-02 04:39:45,deribit,ETH,ETH-30OCT26-2400-P,2026-10-30,2400,put,0.073258,0.0725,0.074,50.01,,,,,4350.0,3126.0,2428.62
2026-09-02 04:39:45,deribit,ETH,ETH-27NOV26-3200-P,2026-11-27,3200,put,0.337434,0.331,0.342,54.07,,,,,0.0,0.0,2434.68
2026-09-02 04:39:45,deribit,ETH,ETH-5SEP26-2440-C,2026-09-05,2440,call,0.01158,0.011,0.012,43.28,,,,,244.0,444.0,2415.86
2026-09-02 04:39:45,deribit,ETH,ETH-4SEP26-2900-P,2026-09-04,2900,put,0.200602,0.1975,0.2055,80.14,,,,,0.0,0.0,2415.55
2026-09-02 04:39:45,deribit,ETH,ETH-11SEP26-2900-C,2026-09-11,2900,call,0.000954,0.0008,0.0011,58.62,,,,,979.0,811.0,2417.46
2026-09-02 04:39:45,deribit,ETH,ETH-18SEP26-2350-C,2026-09-18,2350,call,0.055605,0.0545,0.0565,47.91,,,,,44.0,44.0,2419.54
2026-09-02 04:39:45,deribit,ETH,ETH-3SEP26-2750-P,2026-09-03,2750,put,0.138613,0.136,0.143,70.52,,,,,0.0,0.0,2415.27
2026-09-02 04:39:45,deribit,ETH,ETH-25JUN27-3200-P,2027-06-25,3200,put,0.395245,0.386,0.4015,55.7,,,,,0.0,0.0,2491.48
2026-09-02 04:39:45,deribit,ETH,ETH-27NOV26-4600-C,2026-11-27,4600,call,0.002972,0.0026,0.0033,63.37,,,,,348.0,0.0,2434.68
2026-09-02 04:39:45,deribit,ETH,ETH-25SEP26-9000-C,2026-09-25,9000,call,1e-05,,0.0001,136.33,,,,,2096.0,0.0,2422.6
2026-09-02 04:39:45,deribit,ETH,ETH-11SEP26-2000-P,2026-09-11,2000,put,0.001203,0.0011,0.0014,65.07,,,,,6330.0,3655.0,2417.46
2026-09-02 04:39:45,deribit,ETH,ETH-25JUN27-2100-C,2027-06-25,2100,call,0.272149,0.27,0.274,55.97,,,,,142.0,0.0,2491.48
2026-09-02 04:39:45,deribit,ETH,ETH-30OCT26-1950-C,2026-10-30,1950,call,0.212408,0.2095,0.2135,53.82,,,,,744.0,0.0,2428.68
2026-09-02 04:39:45,deribit,ETH,ETH-30OCT26-2650-P,2026-10-30,2650,put,0.13747,0.136,0.1395,50.68,,,,,338.0,0.0,2428.68
2026-09-02 04:39:45,deribit,ETH,ETH-26MAR27-3200-C,2027-03-26,3200,call,0.073381,0.0725,0.074,54.74,,,,,4558.0,0.0,2463.73
2026-09-02 04:39:45,deribit,ETH,ETH-3SEP26-2540-C,2026-09-03,2540,call,0.000311,0.0002,0.0004,47.72,,,,,499.0,505.0,2415.21
2026-09-02 04:39:45,deribit,ETH,ETH-30OCT26-4200-P,2026-10-30,4200,put,0.73121,0.7245,0.7405,63.78,,,,,0.0,0.0,2428.62
2026-09-02 04:39:45,deribit,ETH,ETH-25DEC26-3800-C,2026-12-25,3800,call,0.013996,0.0135,0.0145,56.25,,,,,3133.0,1.0,2439.78
2026-09-02 04:39:45,deribit,ETH,ETH-25SEP26-4800-C,2026-09-25,4800,call,5.3e-05,,0.0001,84.55,,,,,1700.0,0.0,2422.54
2026-09-02 04:39:45,deribit,ETH,ETH-26MAR27-2400-C,2027-03-26,2400,call,0.172241,0.1705,0.1735,54.22,,,,,2113.0,1.0,2463.73
2026-09-02 04:39:45,deribit,ETH,ETH-26MAR27-4000-P,2027-03-26,4000,put,0.656985,0.648,0.665,56.51,,,,,0.0,0.0,2463.73
2026-09-02 04:39:45,deribit,ETH,ETH-11SEP26-2550-C,2026-09-11,2550,call,0.009788,0.0095,0.01,45.39,,,,,1387.0,359.0,2417.52
2026-09-02 04:39:45,deribit,ETH,ETH-27NOV26-2550-P,2026-11-27,2550,put,0.12682,0.126,0.1275,51.24,,,,,43.0,22.0,2434.68
2026-09-02 04:39:45,deribit,ETH,ETH-4SEP26-2900-C,2026-09-04,2900,call,2.8e-05,,0.0001,80.14,,,,,1696.0,103.0,2415.55
2026-09-02 04:39:45,deribit,ETH,ETH-4SEP26-2300-P,2026-09-04,2300,put,0.001883,0.0017,0.0021,50.83,,,,,5377.0,405.0,2415.49
2026-09-02 04:39:45,deribit,ETH,ETH-25SEP26-4000-C,2026-09-25,4000,call,0.000292,0.0002,0.0004,74.89,,,,,21297.0,5.0,2422.6
2026-09-02 04:39:45,deribit,ETH,ETH-5SEP26-2100-P,2026-09-05,2100,put,0.000504,0.0004,0.0007,74.42,,,,,165.0,195.0,2415.8
2026-09-02 04:39:45,deribit,ETH,ETH-25SEP26-2100-C,2026-09-25,2100,call,0.142587,0.14,0.1435,53.77,,,,,5736.0,0.0,2422.6
2026-09-02 04:39:45,deribit,ETH,ETH-25DEC26-2500-P,2026-12-25,2500,put,0.128818,0.1285,0.1295,51.57,,,,,1325.0,119.0,2439.78
2026-09-02 04:39:45,deribit,ETH,ETH-4SEP26-2100-P,2026-09-04,2100,put,0.00029,0.0003,0.0005,83.14,,,,,1980.0,427.0,2415.55
2026-09-02 04:39:45,deribit,ETH,ETH-4SEP26-2080-P,2026-09-04,2080,put,0.000282,0.0002,0.0004,87.73,,,,,818.0,205.0,2415.49
2026-09-02 04:39:45,deribit,ETH,ETH-26MAR27-4600-P,2027-03-26,4600,put,0.886933,0.873,0.8965,58.06,,,,,0.0,0.0,2463.73
2026-09-02 04:39:45,deribit,ETH,ETH-2SEP26-2100-P,2026-09-02,2100,put,0.0,,0.0001,87.19,,,,,560.0,0.0,2415.01
2026-09-02 04:39:45,deribit,ETH,ETH-26MAR27-3700-P,2027-03-26,3700,put,0.546161,0.5365,0.5535,55.79,,,,,0.0,0.0,2463.73
2026-09-02 04:39:45,deribit,ETH,ETH-3SEP26-2600-C,2026-09-03,2600,call,8.8e-05,,0.0001,55.11,,,,,252.0,155.0,2415.21
2026-09-02 04:39:45,deribit,ETH,ETH-26MAR27-2200-P,2027-03-26,2200,put,0.105653,0.1045,0.107,54.58,,,,,1732.0,0.0,2463.73
2026-09-02 04:39:45,deribit,ETH,ETH-25DEC26-1700-C,2026-12-25,1700,call,0.320856,0.3185,0.3225,57.73,,,,,365.0,0.0,2439.78
2026-09-02 04:39:45,deribit,ETH,ETH-30OCT26-2850-P,2026-10-30,2850,put,0.201553,0.1975,0.2045,51.78,,,,,0.0,0.0,2428.68
2026-09-02 04:39:45,deribit,ETH,ETH-2SEP26-2560-P,2026-09-02,2560,put,0.060019,0.0575,0.063,54.73,,,,,0.0,0.0,2415.01
2026-09-02 04:39:45,deribit,ETH,ETH-25SEP26-6000-C,2026-09-25,6000,call,2.1e-05,,0.0001,102.06,,,,,3711.0,0.0,2422.54
2026-09-02 04:39:45,deribit,ETH,ETH-2SEP26-2360-C,2026-09-02,2360,call,0.022895,0.019,0.0255,59.47,,,,,88.0,0.0,2415.08
2026-09-02 04:39:45,deribit,ETH,ETH-4SEP26-1700-P,2026-09-04,1700,put,1e-06,,0.0001,116.8,,,,,1440.0,0.0,2415.55
2026-09-02 04:39:45,deribit,ETH,ETH-4SEP26-2050-C,2026-09-04,2050,call,0.151503,0.1485,0.1525,90.18,,,,,0.0,0.0,2415.49
2026-09-02 04:39:45,deribit,ETH,ETH-30OCT26-4400-P,2026-10-30,4400,put,0.813093,0.806,0.823,65.57,,,,,0.0,0.0,2428.62
2026-09-02 04:39:45,deribit,ETH,ETH-25DEC26-3200-P,2026-12-25,3200,put,0.345267,0.3385,0.3505,53.44,,,,,261.0,0.0,2439.75
2026-09-02 04:39:45,deribit,ETH,ETH-25SEP26-5400-C,2026-09-25,5400,call,2.9e-05,,0.0001,93.27,,,,,1738.0,0.0,2422.6
2026-09-02 04:39:45,deribit,ETH,ETH-25DEC26-10000-C,2026-12-25,10000,call,0.000258,0.0002,0.0005,81.85,,,,,1723.0,0.0,2439.78
2026-09-02 04:39:45,deribit,ETH,ETH-3SEP26-2420-P,2026-09-03,2420,put,0.009842,0.0095,0.0105,39.55,,,,,530.0,425.0,2415.21
2026-09-02 04:39:45,deribit,ETH,ETH-5SEP26-2100-C,2026-09-05,2100,call,0.131234,0.1285,0.1325,74.42,,,,,0.0,0.0,2415.86
2026-09-02 04:39:45,deribit,ETH,ETH-3SEP26-2560-C,2026-09-03,2560,call,0.000213,0.0001,0.0003,50.69,,,,,290.0,346.0,2415.21
2026-09-02 04:39:45,deribit,ETH,ETH-25JUN27-2800-C,2027-06-25,2800,call,0.153122,0.1515,0.1545,55.46,,,,,1231.0,0.0,2491.48
2026-09-02 04:39:45,deribit,ETH,ETH-25SEP26-4800-P,2026-09-25,4800,put,0.981395,0.9745,0.99,84.55,,,,,110.0,0.0,2422.6
2026-09-02 04:39:45,deribit,ETH,ETH-18SEP26-2350-P,2026-09-18,2350,put,0.02688,0.0265,0.0275,47.91,,,,,1174.0,217.0,2419.54
2026-09-02 04:39:45,deribit,ETH,ETH-25DEC26-5500-P,2026-12-25,5500,put,1.256802,1.245,1.271,65.33,,,,,0.0,0.0,2439.78
2026-09-02 04:39:45,deribit,ETH,ETH-30OCT26-2350-P,2026-10-30,2350,put,0.063098,0.0625,0.0635,50.03,,,,,489.0,1.0,2428.62
2026-09-02 04:39:45,deribit,ETH,ETH-25SEP26-4200-C,2026-09-25,4200,call,0.000184,0.0001,0.0003,77.56,,,,,2652.0,0.0,2422.54
2026-09-02 04:39:45,deribit,ETH,ETH-30OCT26-2700-P,2026-10-30,2700,put,0.15259,0.151,0.155,50.9,,,,,91.0,0.0,2428.68
2026-09-02 04:39:45,deribit,ETH,ETH-25JUN27-2800-P,2027-06-25,2800,put,0.276943,0.2745,0.28,55.46,,,,,666.0,0.0,2491.48
2026-09-02 04:39:45,deribit,ETH,ETH-27NOV26-2650-C,2026-11-27,2650,call,0.065608,0.065,0.066,51.51,,,,,293.0,1.0,2434.68
2026-09-02 04:39:45,deribit,ETH,ETH-25JUN27-2600-C,2027-06-25,2600,call,0.179974,0.1775,0.182,55.32,,,,,346.0,0.0,2491.48
2026-09-02 04:39:45,deribit,ETH,ETH-25JUN27-1300-P,2027-06-25,1300,put,0.024992,0.024,0.026,63.02,,,,,1679.0,0.0,2491.48
2026-09-02 04:39:45,deribit,ETH,ETH-26MAR27-5500-P,2027-03-26,5500,put,1.242652,1.2265,1.254,60.58,,,,,0.0,0.0,2463.73
2026-09-02 04:39:45,deribit,ETH,ETH-26MAR27-1400-C,2027-03-26,1400,call,0.451004,0.4485,0.4535,62.54,,,,,31.0,0.0,2463.73
2026-09-02 04:39:45,deribit,ETH,ETH-2SEP26-2340-C,2026-09-02,2340,call,0.031104,0.0275,0.0335,65.74,,,,,0.0,0.0,2415.01
2026-09-02 04:39:45,deribit,ETH,ETH-25JUN27-2400-P,2027-06-25,2400,put,0.175599,0.174,0.177,55.4,,,,,38.0,0.0,2491.54
2026-09-02 04:39:45,deribit,ETH,ETH-5SEP26-2300-C,2026-09-05,2300,call,0.051235,0.0485,0.0525,49.67,,,,,18.0,36.0,2415.8
2026-09-02 04:39:45,deribit,ETH,ETH-25SEP26-1950-C,2026-09-25,1950,call,0.199439,0.197,0.2005,59.32,,,,,3695.0,0.0,2422.6
2026-09-02 04:39:45,deribit,ETH,ETH-4SEP26-1900-C,2026-09-04,1900,call,0.213501,0.2115,0.2145,116.28,,,,,409.0,0.0,2415.55
2026-09-02 04:39:45,deribit,ETH,ETH-2SEP26-2320-P,2026-09-02,2320,put,4e-06,,0.0001,66.65,,,,,329.0,310.0,2415.01
2026-09-02 04:39:45,deribit,ETH,ETH-27NOV26-1600-C,2026-11-27,1600,call,0.351232,0.349,0.3525,60.98,,,,,0.0,0.0,2434.68
2026-09-02 04:39:45,deribit,ETH,ETH-26MAR27-1600-P,2027-03-26,1600,put,0.031021,0.03,0.032,59.28,,,,,1293.0,20.0,2463.73
2026-09-02 04:39:45,deribit,ETH,ETH-25JUN27-3800-C,2027-06-25,3800,call,0.07033,0.069,0.071,56.5,,,,,427.0,0.0,2491.48
2026-09-02 04:39:45,deribit,ETH,ETH-27NOV26-2800-C,2026-11-27,2800,call,0.049083,0.0485,0.0495,52.02,,,,,212.0,10.0,2434.68
2026-09-02 04:39:45,deribit,ETH,ETH-30OCT26-1500-C,2026-10-30,1500,call,0.385177,0.3835,0.3865,66.33,,,,,50.0,0.0,2428.62
2026-09-02 04:39:45,deribit,ETH,ETH-25DEC26-2500-C,2026-12-25,2500,call,0.104119,0.1035,0.105,51.57,,,,,28072.0,111.0,2439.78
2026-09-02 04:39:45,deribit,ETH,ETH-30OCT26-2800-C,2026-10-30,2800,call,0.031751,0.031,0.032,51.42,,,,,3747.0,147.0,2428.68
2026-09-02 04:39:45,deribit,ETH,ETH-3SEP26-2650-P,2026-09-03,2650,put,0.097251,0.0945,0.1005,62.87,,,,,0.0,0.0,2415.21
2026-09-02 04:39:45,deribit,ETH,ETH-5SEP26-2460-C,2026-09-05,2460,call,0.008714,0.0085,0.009,43.52,,,,,32.0,32.0,2415.86
2026-09-02 04:39:45,deribit,ETH,ETH-26MAR27-2400-P,2027-03-26,2400,put,0.146366,0.145,0.1475,54.22,,,,,523.0,0.0,2463.73
2026-09-02 04:39:45,deribit,ETH,ETH-27NOV26-2350-P,2026-11-27,2350,put,0.080554,0.08,0.081,51.04,,,,,2.0,1.0,2434.68
2026-09-02 04:39:45,deribit,ETH,ETH-2SEP26-2620-P,2026-09-02,2620,put,0.084864,0.0825,0.0885,60.29,,,,,0.0,0.0,2415.01
2026-09-02 04:39:45,deribit,ETH,ETH-25DEC26-6000-P,2026-12-25,6000,put,1.461009,1.448,1.477,67.82,,,,,0.0,0.0,2439.78
2026-09-02 04:39:45,deribit,ETH,ETH-26MAR27-1700-C,2027-03-26,1700,call,0.348865,0.346,0.3525,57.97,,,,,1260.0,0.0,2463.73
2026-09-02 04:39:45,deribit,ETH,ETH-25JUN27-1000-P,2027-06-25,1000,put,0.012176,0.0115,0.013,69.29,,,,,4764.0,10.0,2491.48
2026-09-02 04:39:45,deribit,ETH,ETH-27NOV26-2400-P,2026-11-27,2400,put,0.090932,0.0905,0.0915,51.0,,,,,110.0,25.0,2434.68
2026-09-02 04:39:45,deribit,ETH,ETH-3SEP26-2240-P,2026-09-03,2240,put,0.000272,0.0002,0.0004,66.14,,,,,33.0,33.0,2415.27
2026-09-02 04:39:45,deribit,ETH,ETH-2SEP26-2350-C,2026-09-02,2350,call,0.026974,0.023,0.0295,60.14,,,,,0.0,0.0,2415.01
2026-09-02 04:39:45,deribit,ETH,ETH-25SEP26-2000-P,2026-09-25,2000,put,0.005565,0.005,0.006,57.2,,,,,20707.0,4621.0,2422.6
2026-09-02 04:39:45,deribit,ETH,ETH-30OCT26-2550-P,2026-10-30,2550,put,0.109343,0.1085,0.11,50.31,,,,,428.0,72.0,2428.62
2026-09-02 04:39:45,deribit,ETH,ETH-5SEP26-2400-C,2026-09-05,2400,call,0.019625,0.019,0.0205,43.77,,,,,56.0,192.0,2415.86
2026-09-02 04:39:45,deribit,ETH,ETH-25DEC26-1400-P,2026-12-25,1400,put,0.007371,0.007,0.008,64.79,,,,,13626.0,0.0,2439.78
2026-09-02 04:39:45,deribit,ETH,ETH-30OCT26-2000-C,2026-10-30,2000,call,0.194905,0.1925,0.1965,52.81,,,,,753.0,6.0,2428.62
2026-09-02 04:39:45,deribit,ETH,ETH-25DEC26-9000-P,2026-12-25,9000,put,2.689269,2.666,2.7295,78.59,,,,,0.0,0.0,2439.78
2026-09-02 04:39:45,deribit,ETH,ETH-2SEP26-2350-P,2026-09-02,2350,put,3.9e-05,,0.0002,60.14,,,,,303.0,396.0,2415.08
2026-09-02 04:39:45,deribit,ETH,ETH-25JUN27-4000-P,2027-06-25,4000,put,0.666471,0.6555,0.6745,56.84,,,,,2.0,1.0,2491.48
2026-09-02 04:39:45,deribit,ETH,ETH-25DEC26-4600-C,2026-12-25,4600,call,0.005524,0.005,0.006,60.69,,,,,11164.0,17.0,2439.78
2026-09-02 04:39:45,deribit,ETH,ETH-5SEP26-2260-P,2026-09-05,2260,put,0.00205,0.002,0.0023,53.92,,,,,26.0,26.0,2415.86
2026-09-02 04:39:45,deribit,ETH,ETH-26MAR27-3200-P,2027-03-26,3200,put,0.372215,0.365,0.3775,54.74,,,,,20.0,0.0,2463.73
2026-09-02 04:39:45,deribit,ETH,ETH-25JUN27-3300-P,2027-06-25,3300,put,0.426929,0.4185,0.4335,55.78,,,,,0.0,0.0,2491.48
2026-09-02 04:39:45,deribit,ETH,ETH-18SEP26-2300-P,2026-09-18,2300,put,0.019823,0.0195,0.0205,48.59,,,,,2646.0,197.0,2419.57
2026-09-02 04:39:45,deribit,ETH,ETH-25SEP26-2360-C,2026-09-25,2360,call,0.062779,0.0615,0.0635,49.23,,,,,0.0,0.0,2422.6
2026-09-02 04:39:45,deribit,ETH,ETH-27NOV26-2450-C,2026-11-27,2450,call,0.095862,0.095,0.0965,51.04,,,,,114.0,0.0,2434.68
2026-09-02 04:39:45,deribit,ETH,ETH-5SEP26-2620-P,2026-09-05,2620,put,0.085433,0.083,0.0895,51.53,,,,,0.0,0.0,2415.86
2026-09-02 04:39:45,deribit,ETH,ETH-30OCT26-3800-C,2026-10-30,3800,call,0.003586,0.0033,0.0038,60.06,,,,,619.0,6.0,2428.68
2026-09-02 04:39:45,deribit,ETH,ETH-25SEP26-2420-P,2026-09-25,2420,put,0.048571,0.048,0.049,48.95,,,,,5001.0,5001.0,2422.6
2026-09-02 04:39:45,deribit,ETH,ETH-25DEC26-8000-C,2026-12-25,8000,call,0.000491,0.0004,0.0006,74.73,,,,,2946.0,0.0,2439.75
2026-09-02 04:39:45,deribit,ETH,ETH-25JUN27-1600-P,2027-06-25,1600,put,0.047451,0.0465,0.0485,59.1,,,,,1978.0,0.0,2491.48
2026-09-02 04:39:45,deribit,ETH,ETH-3SEP26-2280-C,2026-09-03,2280,call,0.056474,0.053,0.059,58.2,,,,,0.0,0.0,2415.27
2026-09-02 04:39:45,deribit,ETH,ETH-18SEP26-2300-C,2026-09-18,2300,call,0.069213,0.0685,0.0705,48.59,,,,,0.0,0.0,2419.54
2026-09-02 04:39:45,deribit,ETH,ETH-3SEP26-2300-C,2026-09-03,2300,call,0.048405,0.045,0.051,54.74,,,,,18.0,18.0,2415.21
2026-09-02 04:39:45,deribit,ETH,ETH-30OCT26-1900-C,2026-10-30,1900,call,0.230137,0.2275,0.2315,54.55,,,,,275.0,0.0,2428.68
2026-09-02 04:39:45,deribit,ETH,ETH-5SEP26-2260-C,2026-09-05,2260,call,0.06655,0.0635,0.0675,53.92,,,,,0.0,0.0,2415.8
2026-09-02 04:39:45,deribit,ETH,ETH-25DEC26-3100-P,2026-12-25,3100,put,0.310046,0.3045,0.315,53.05,,,,,0.0,0.0,2439.75
2026-09-02 04:39:45,deribit,ETH,ETH-26MAR27-3800-C,2027-03-26,3800,call,0.040312,0.0395,0.041,56.02,,,,,1381.0,0.0,2463.73
2026-09-02 04:39:45,deribit,ETH,ETH-5SEP26-2650-C,2026-09-05,2650,call,0.000677,0.0005,0.0008,54.2,,,,,0.0,0.0,2415.86
2026-09-02 04:39:45,deribit,ETH,ETH-26MAR27-2300-P,2027-03-26,2300,put,0.125025,0.124,0.126,54.35,,,,,1688.0,2.0,2463.73
2026-09-02 04:39:45,deribit,ETH,ETH-4SEP26-2360-C,2026-09-04,2360,call,0.027986,0.0265,0.029,44.71,,,,,18.0,18.0,2415.55
2026-09-02 04:39:45,deribit,ETH,ETH-26MAR27-1700-P,2027-03-26,1700,put,0.03887,0.038,0.04,57.97,,,,,1637.0,0.0,2463.73
2026-09-02 04:39:45,deribit,ETH,ETH-2SEP26-2400-C,2026-09-02,2400,call,0.006921,0.006,0.0075,35.5,,,,,872.0,1021.0,2415.01
2026-09-02 04:39:45,deribit,ETH,ETH-4SEP26-2520-C,2026-09-04,2520,call,0.001701,0.0016,0.0019,43.91,,,,,235.0,213.0,2415.49
2026-09-02 04:39:45,deribit,ETH,ETH-25DEC26-1900-C,2026-12-25,1900,call,0.252357,0.25,0.255,54.62,,,,,3837.0,37.0,2439.78
2026-09-02 04:39:45,deribit,ETH,ETH-11SEP26-2250-P,2026-09-11,2250,put,0.007394,0.007,0.008,49.59,,,,,4818.0,1758.0,2417.46
2026-09-02 04:39:45,deribit,ETH,ETH-30OCT26-2450-C,2026-10-30,2450,call,0.075584,0.075,0.076,50.04,,,,,420.0,53.0,2428.62
2026-09-02 04:39:45,deribit,ETH,ETH-4SEP26-1750-P,2026-09-04,1750,put,3e-06,,0.0001,116.53,,,,,1592.0,0.0,2415.55
2026-09-02 04:39:45,deribit,ETH,ETH-11SEP26-2800-P,2026-09-11,2800,put,0.159808,0.1565,0.164,53.86,,,,,24.0,0.0,2417.52
2026-09-02 04:39:45,deribit,ETH,ETH-11SEP26-2200-P,2026-09-11,2200,put,0.005035,0.0048,0.0055,52.39,,,,,9538.0,6081.0,2417.46
2026-09-02 04:39:45,deribit,ETH,ETH-3SEP26-2550-P,2026-09-03,2550,put,0.056087,0.0535,0.0605,50.12,,,,,0.0,0.0,2415.21
2026-09-02 04:39:45,deribit,ETH,ETH-30OCT26-1750-P,2026-10-30,1750,put,0.006944,0.0065,0.0075,58.04,,,,,779.0,0.0,2428.62
2026-09-02 04:39:45,deribit,ETH,ETH-3SEP26-2580-C,2026-09-03,2580,call,0.000155,0.0001,0.0002,53.86,,,,,788.0,113.0,2415.21
2026-09-02 04:39:45,deribit,ETH,ETH-25DEC26-1700-P,2026-12-25,1700,put,0.017652,0.017,0.018,57.73,,,,,13364.0,1.0,2439.75
2026-09-02 04:39:45,deribit,ETH,ETH-18SEP26-3200-P,2026-09-18,3200,put,0.32364,0.3195,0.3285,63.91,,,,,0.0,0.0,2419.54
2026-09-02 04:39:45,deribit,ETH,ETH-5SEP26-2540-C,2026-09-05,2540,call,0.002669,0.0024,0.0028,46.45,,,,,115.0,115.0,2415.8
2026-09-02 04:39:45,deribit,ETH,ETH-30OCT26-1500-P,2026-10-30,1500,put,0.002802,0.0026,0.0031,66.33,,,,,2612.0,1.0,2428.62
2026-09-02 04:39:45,deribit,ETH,ETH-5SEP26-2650-P,2026-09-05,2650,put,0.097613,0.095,0.102,54.2,,,,,0.0,0.0,2415.8
2026-09-02 04:39:45,deribit,ETH,ETH-3SEP26-2560-P,2026-09-03,2560,put,0.060153,0.0575,0.064,50.69,,,,,0.0,0.0,2415.21
2026-09-02 04:39:45,deribit,ETH,ETH-4SEP26-2200-P,2026-09-04,2200,put,0.000583,0.0005,0.0007,65.55,,,,,6201.0,2288.0,2415.55
2026-09-02 04:39:45,deribit,ETH,ETH-11SEP26-2000-C,2026-09-11,2000,call,0.173899,0.1715,0.175,65.07,,,,,5.0,0.0,2417.46
2026-09-02 04:39:45,deribit,ETH,ETH-25DEC26-6000-C,2026-12-25,6000,call,0.00173,0.0015,0.002,67.82,,,,,10630.0,0.0,2439.75
2026-09-02 04:39:45,deribit,ETH,ETH-30OCT26-2800-P,2026-10-30,2800,put,0.18465,0.1815,0.188,51.42,,,,,20.0,0.0,2428.62
2026-09-02 04:39:45,deribit,ETH,ETH-11SEP26-2600-P,2026-09-11,2600,put,0.081869,0.079,0.086,46.22,,,,,286.0,0.0,2417.52
2026-09-02 04:39:45,deribit,ETH,ETH-4SEP26-2480-C,2026-09-04,2480,call,0.003613,0.0035,0.0039,41.22,,,,,601.0,529.0,2415.49
2026-09-02 04:39:45,deribit,ETH,ETH-25JUN27-800-C,2027-06-25,800,call,0.68608,0.6835,0.688,75.33,,,,,118.0,0.0,2491.48
2026-09-02 04:39:45,deribit,ETH,ETH-27NOV26-4600-P,2026-11-27,4600,put,0.892368,0.884,0.9035,63.37,,,,,0.0,0.0,2434.61
2026-09-02 04:39:45,deribit,ETH,ETH-3SEP26-2640-C,2026-09-03,2640,call,6.4e-05,,0.0001,62.63,,,,,28.0,27.0,2415.21
