snapshot_utc,exchange,underlying,instrument,expiry,strike,type,mark_price,bid,ask,mark_iv,delta,gamma,vega,theta,open_interest,volume_24h,underlying_price
2026-09-03 04:36:58,okx,BTC,BTC-USD-270326-90000-C,2027-03-26,90000,call,0.0716862683562114,0.071,0.072,0.3989275288501027,0.3257300839129813,0.6412139868615412,0.0028841680343466977,-0.00028177892233014504,3870,250,77559.7
2026-09-03 04:36:58,okx,BTC,BTC-USD-270326-85000-P,2027-03-26,85000,put,0.1585522628229283,0.156,0.1605,0.3975977996463073,-0.6862224118212911,2.710763952735871,0.0029760563118019115,-0.0002897520209477922,925,0,77559.7
2026-09-03 04:36:58,okx,BTC,BTC-USD-270326-85000-C,2027-03-26,85000,call,0.0914854202839078,0.0905,0.092,0.3975977996463073,0.3807331927252904,0.5768527436427086,0.0029760563118019115,-0.00028977975532595883,7567,0,77559.7
2026-09-03 04:36:58,okx,BTC,BTC-USD-270326-80000-P,2027-03-26,80000,put,0.1208085170674936,0.1195,0.122,0.398315083761606,-0.5672170360796953,2.461502257519578,0.002956361087558391,-0.0002883690357577922,3301,0,77559.7
2026-09-03 04:36:58,okx,BTC,BTC-USD-270326-100000-C,2027-03-26,100000,call,0.0444743598451378,0.0435,0.0445,0.4063150989102683,0.2309292124555764,0.6369876251021753,0.002497107846520955,-0.00024848933297196,60158,0,77559.7
2026-09-03 04:36:58,okx,BTC,BTC-USD-270326-95000-P,2027-03-26,95000,put,0.2488913997444796,0.245,0.251,0.4019403578423815,-0.9172507111152974,3.0414491600162417,0.00271323597361666,-0.00026700623363316156,4,0,77559.7
2026-09-03 04:36:58,okx,BTC,BTC-USD-270326-95000-C,2027-03-26,95000,call,0.0562972168214006,0.0555,0.0565,0.4019403578423815,0.2752290822014702,0.6564895733827064,0.00271323597361666,-0.0002670858971957522,4566,213,77559.7
2026-09-03 04:36:58,okx,BTC,BTC-USD-270326-90000-P,2027-03-26,90000,put,0.201516781087261,0.1985,0.204,0.3989275288501027,-0.8039876150186933,2.9006493847248906,0.0028841680343466977,-0.00028172522335976637,154,0,77559.7
2026-09-03 04:36:58,okx,BTC,BTC-USD-270326-110000-C,2027-03-26,110000,call,0.0285474847512744,0.0275,0.0285,0.41806171453036794,0.16197777287566023,0.5454494807494354,0.002032825176273578,-0.0002081399435868378,12644,0,77559.7
2026-09-03 04:36:58,okx,BTC,BTC-USD-270326-105000-P,2027-03-26,105000,put,0.3535643263941047,0.3385,0.361,0.4117699625912697,-1.1247141856788732,3.2323984013797356,0.002263770657252953,-0.00022816469132312152,29,0,77559.7
2026-09-03 04:36:58,okx,BTC,BTC-USD-270326-105000-C,2027-03-26,105000,call,0.035442803086967,0.0345,0.0355,0.4117699625912697,0.1932897964080806,0.5963904372058285,0.002263770657252953,-0.0002282962840701361,2789,0,77559.7
2026-09-03 04:36:58,okx,BTC,BTC-USD-270326-100000-P,2027-03-26,100000,put,0.299832212960246,0.2945,0.3015,0.4063150989102683,-1.0243126752462843,3.1474714005058964,0.002497107846520955,-0.0002483837048171574,99,0,77559.7
2026-09-03 04:36:58,okx,BTC,BTC-USD-270326-130000-C,2027-03-26,130000,call,0.0135265573933504,0.0125,0.0135,0.4479260880463701,0.08419376402579827,0.34673999023770785,0.0012905017405553444,-0.0001415752813428168,2255,0,77559.7
2026-09-03 04:36:58,okx,BTC,BTC-USD-270326-120000-P,2027-03-26,120000,put,0.5256023190937372,0.5095,0.5315,0.43236028790665504,-1.3910234770974554,3.4516593492775844,0.0016192233884192865,-0.00017125417941034283,2,0,77559.7
2026-09-03 04:36:58,okx,BTC,BTC-USD-270326-120000-C,2027-03-26,120000,call,0.0191897852105119,0.018,0.019,0.43236028790665504,0.11526678814477725,0.43907881879311883,0.0016192233884192865,-0.00017146366593399345,3143,0,77559.7
2026-09-03 04:36:58,okx,BTC,BTC-USD-270326-110000-P,2027-03-26,110000,put,0.4094326782504413,0.394,0.416,0.41806171453036794,-1.2187883035963865,3.3069816336935287,0.002032825176273578,-0.00020798238624761118,5,0,77559.7
2026-09-03 04:36:58,okx,BTC,BTC-USD-270326-160000-C,2027-03-26,160000,call,0.0059583204306619,0.005,0.006,0.494899692816934,0.03867156625233217,0.17705920361963925,0.0007041671580308463,-0.0000853532487260621,1964,0,77559.7
2026-09-03 04:36:58,okx,BTC,BTC-USD-270326-140000-P,2027-03-26,140000,put,0.7674189474388625,0.757,0.773,0.4638837625112527,-1.6940397244967909,3.788821564798826,0.0010397086196920248,-0.0001178126085109218,0,0,77559.7
2026-09-03 04:36:58,okx,BTC,BTC-USD-270326-140000-C,2027-03-26,140000,call,0.0099517327875198,0.009,0.01,0.4638837625112527,0.06329891828581384,0.2741442792336171,0.0010397086196920248,-0.00011812595340342038,3068,0,77559.7
2026-09-03 04:36:58,okx,BTC,BTC-USD-270326-130000-P,2027-03-26,130000,put,0.6454664316606343,0.6355,0.651,0.4479260880463701,-1.5476206899866205,3.610368898262545,0.0012905017405553444,-0.00014131386563474225,0,0,77559.7
2026-09-03 04:36:58,okx,BTC,BTC-USD-270326-200000-C,2027-03-26,200000,call,0.0027187818419177,0.0021,0.0035,0.547626935243019,0.01780649745083763,0.08523750471351096,0.00037014402036200476,-0.00004964612400412761,1275,0,77559.7
2026-09-03 04:36:58,okx,BTC,BTC-USD-270326-180000-P,2027-03-26,180000,put,1.2634896205080168,1.251,1.2705,0.5230317849180186,-2.233872923902017,4.639170159431791,0.0005014619473266324,-0.00006371734624062286,0,0,77559.7
2026-09-03 04:36:58,okx,BTC,BTC-USD-270326-180000-C,2027-03-26,180000,call,0.0039130443204397,0.0036,0.0047,0.5230317849180186,0.02556247396133228,0.12029936370509292,0.0005014619473266324,-0.00006423840787081739,12000,0,77559.7
2026-09-03 04:36:58,okx,BTC,BTC-USD-270326-160000-P,2027-03-26,160000,put,1.0144802158501216,1.003,1.0205,0.494899692816934,-1.9697154540706445,4.193833244265593,0.0007041671580308463,-0.00008493604546471556,320,0,77559.7
2026-09-03 04:36:58,okx,BTC,BTC-USD-260911-77500-C,2026-09-11,77500,call,0.0187786377981234,0.0185,0.019,0.30275454303570076,0.5035686818792049,7.8000783266857345,0.0005947261457492483,-0.0011053374056783408,330,340,77559.7
2026-09-03 04:36:58,okx,BTC,BTC-USD-260911-77500-P,2026-09-11,77500,put,0.0172792340417048,0.017,0.0175,0.30275454303570076,-0.49468317398235284,9.79658203840885,0.0005947261457492483,-0.00110537918996439,0,0,77559.7
2026-09-03 04:36:58,okx,BTC,BTC-USD-270326-200000-P,2027-03-26,200000,put,1.5133500387976115,1.5,1.526,0.547626935243019,-2.4926772779528834,5.106205055520953,0.00037014402036200476,-0.000049021204005085107,0,0,77559.7
2026-09-03 04:36:58,okx,BTC,BTC-USD-260903-77250-C,2026-09-03,77250,call,0.0044185227755052,0.0041,0.005,0.22731419677981454,0.8088861384373301,58.45488151332448,0.00005277078836072441,-0.0005997603961601819,5900,9628,77559.7
2026-09-03 04:36:58,okx,BTC,BTC-USD-260903-77250-P,2026-09-03,77250,put,0.0004573778172054,0.0004,0.0006,0.22731419677981454,-0.18715013640823563,60.446954063015625,0.00005277078836072441,-0.0005997756989323228,1763,2680,77559.7
2026-09-03 04:36:58,okx,BTC,BTC-USD-260904-77500-C,2026-09-04,77500,call,0.0068621247585247,0.0065,0.007,0.2888507800152213,0.5174085827694797,23.62045056517762,0.00022263647225245946,-0.0028177659353799058,2533,2262,77559.7
2026-09-03 04:36:58,okx,BTC,BTC-USD-260904-77500-P,2026-09-04,77500,put,0.0060343231268919,0.0055,0.006,0.2888507800152213,-0.4817065920837171,25.618680914884013,0.00022263647225245946,-0.002817789320692078,2638,129,77559.7
2026-09-03 04:36:58,okx,BTC,BTC-USD-260925-85000-P,2026-09-25,85000,put,0.1008445945442048,0.1,0.102,0.35659992502803767,-0.9354877894249866,4.700280286154338,0.0006120210807579834,-0.0004925834123264242,2816,0,77559.7
2026-09-03 04:36:58,okx,BTC,BTC-USD-260925-85000-C,2026-09-25,85000,call,0.0074004728822153,0.0075,0.008,0.35659992502803767,0.15786851402437246,2.5135676792556194,0.0006120210807579834,-0.0004928352515996777,23114,2382,77559.7
2026-09-03 04:36:58,okx,BTC,BTC-USD-260925-45000-P,2026-09-25,45000,put,0.000142142744466,0.0001,0.0003,0.8110031265796616,-0.0024207289684173576,0.04056802973048814,0.000017575969286668046,-0.000032189065488397846,18957,0,77559.7
2026-09-03 04:36:58,okx,BTC,BTC-USD-260925-45000-C,2026-09-25,45000,call,0.4212318722865599,0.4205,0.4225,0.8110031265796616,0.576414961093008,-1.1171033503923629,0.000017575969286668046,-0.00003105381358764903,530,0,77559.7
2026-09-03 04:36:58,okx,BTC,BTC-USD-260905-75500-C,2026-09-05,75500,call,0.0284849115701226,0.028,0.0295,0.3319239296023073,0.8303811474947317,7.139073631302153,0.00017133565160604825,-0.0013273130462699186,205,0,77559.7
2026-09-03 04:36:58,okx,BTC,BTC-USD-260905-75500-P,2026-09-05,75500,put,0.0018537233423731,0.0017,0.0018,0.3319239296023073,-0.1429039113343171,9.08564374896025,0.00017133565160604825,-0.0013280433554105186,1820,1411,77559.7
2026-09-03 04:36:58,okx,BTC,BTC-USD-260903-76750-C,2026-09-03,76750,call,0.0104701074823324,0.01,0.0115,0.28136559156267477,0.9604214302579919,10.075591827463178,0.00001304407791374496,-0.00018346727813817646,2313,3318,77559.7
2026-09-03 04:36:58,okx,BTC,BTC-USD-260903-76750-P,2026-09-03,76750,put,0.0000621340916926,,0.0002,0.28136559156267477,-0.029168007857181946,12.054770703693526,0.00001304407791374496,-0.00018350749453260084,3237,6948,77559.7
2026-09-03 04:36:58,okx,BTC,BTC-USD-260904-75500-C,2026-09-04,75500,call,0.0272502449039708,0.027,0.028,0.3374248126078752,0.8978375594534262,5.6964881224742046,0.00007903096611589923,-0.001167778807873855,100,0,77559.7
2026-09-03 04:36:58,okx,BTC,BTC-USD-260904-75500-P,2026-09-04,75500,put,0.0006381609666862,0.0006,0.0007,0.3374248126078752,-0.0754939979842041,7.643151237349466,0.00007903096611589923,-0.001168508593656102,9613,4257,77559.7
2026-09-03 04:36:58,okx,BTC,BTC-USD-260925-75000-P,2026-09-25,75000,put,0.0183671081981394,0.018,0.0185,0.34226224036185166,-0.3384302215873328,4.919385654287704,0.0008808233772182206,-0.0006807505025617346,8348,1683,77559.7
2026-09-03 04:36:58,okx,BTC,BTC-USD-260925-75000-C,2026-09-25,75000,call,0.0535564493371707,0.053,0.054,0.34226224036185166,0.6262959285150429,2.9899333540829525,0.0008808233772182206,-0.0006806555690414875,17908,1552,77559.7
2026-09-03 04:36:58,okx,BTC,BTC-USD-260925-40000-P,2026-09-25,40000,put,0.0000409109679649,0.0001,0.0002,0.8702970403376367,-0.0007113043051386257,0.012294993325701577,0.000005739812817422125,-0.000011280613391109714,78151,0,77559.7
2026-09-03 04:36:58,okx,BTC,BTC-USD-260925-40000-C,2026-09-25,40000,call,0.4854473719105692,0.4845,0.4865,0.8702970403376367,0.5138093090827951,-1.016746233450166,0.000005739812817422125,-0.000009971975093610605,973,0,77559.7
2026-09-03 04:36:58,okx,BTC,BTC-USD-261225-50000-C,2026-12-25,50000,call,0.369568388821569,0.369,0.372,0.5114985889464114,0.5879907133668887,-0.8655395713995893,0.0004922118477358856,-0.00010762554846784514,830,0,77559.7
2026-09-03 04:36:58,okx,BTC,BTC-USD-261225-45000-P,2026-12-25,45000,put,0.0034841381890647,0.0036,0.0038,0.562774235203029,-0.029597705964308305,0.2526278104810128,0.0003374355043906778,-0.00008388752465935427,25225,0,77559.7
2026-09-03 04:36:58,okx,BTC,BTC-USD-261225-45000-C,2026-12-25,45000,call,0.4311971108962633,0.431,0.4335,0.562774235203029,0.541542709077938,-0.8896530196034801,0.0003374355043906778,-0.00007967919655779311,152,22,77559.7
2026-09-03 04:36:58,okx,BTC,BTC-USD-261225-60000-C,2026-12-25,60000,call,0.2514764019217947,0.2505,0.2535,0.43785936693519345,0.6390541457502209,-0.5155133116383044,0.001035037154085651,-0.00019780677498181426,1004,0,77559.7
2026-09-03 04:36:58,okx,BTC,BTC-USD-261225-55000-P,2026-12-25,55000,put,0.0085233369536772,0.0085,0.009,0.4700563750750132,-0.0752422985963844,0.6447678507926413,0.0007202001321310799,-0.00014952352089990907,12682,10,77559.7
2026-09-03 04:36:58,okx,BTC,BTC-USD-261225-55000-C,2026-12-25,55000,call,0.3093086373495704,0.3085,0.312,0.4700563750750132,0.6228182086774723,-0.7513531637550721,0.0007202001321310799,-0.00014656387785765208,680,0,77559.7
2026-09-03 04:36:58,okx,BTC,BTC-USD-261225-50000-P,2026-12-25,50000,put,0.0053192522700231,0.0055,0.006,0.5114985889464114,-0.04660974779116279,0.4036613509165138,0.0004922118477358856,-0.00011120953403975423,12820,10,77559.7
2026-09-03 04:36:58,okx,BTC,BTC-USD-261225-25000-P,2026-12-25,25000,put,0.0007214731037438,0.0003,0.0009,0.8591973597440647,-0.004904806153467722,0.03558663328242359,0.0000686519711952494,-0.000026060183764185544,42278,0,77559.7
2026-09-03 04:36:58,okx,BTC,BTC-USD-261225-70000-C,2026-12-25,70000,call,0.1497074709997639,0.149,0.1505,0.3977655023546802,0.5882932642550026,0.28976668880982265,0.0018079776768417752,-0.00031633852024117245,17556,0,77559.7
2026-09-03 04:36:58,okx,BTC,BTC-USD-261225-25000-C,2026-12-25,25000,call,0.6822897904335532,0.682,0.6845,0.8591973597440647,0.312395424425558,-0.599013827875628,0.0000686519711952494,-0.000019354485544016104,161,0,77559.7
2026-09-03 04:36:58,okx,BTC,BTC-USD-261225-65000-P,2026-12-25,65000,put,0.0237811826550844,0.0235,0.024,0.41407805312712764,-0.1959131251186432,1.4978618305160063,0.001419641425507698,-0.00025954908629225126,14470,0,77559.7
2026-09-03 04:36:58,okx,BTC,BTC-USD-261225-65000-C,2026-12-25,65000,call,0.1976388107396724,0.1965,0.199,0.41407805312712764,0.6290674743868239,-0.15209936849492778,0.001419641425507698,-0.0002578381283092984,13510,13,77559.7
2026-09-03 04:36:58,okx,BTC,BTC-USD-261225-60000-P,2026-12-25,60000,put,0.0141549376815541,0.014,0.0145,0.43785936693519345,-0.12246640763944103,1.0075277951410193,0.001035037154085651,-0.00020014207549441922,18426,100,77559.7
2026-09-03 04:36:58,okx,BTC,BTC-USD-261225-35000-P,2026-12-25,35000,put,0.001668586242217,0.0016,0.0017,0.6949400586583812,-0.01273083854768295,0.10067058302067418,0.00016201080144468083,-0.000049739086997873145,22896,0,77559.7
2026-09-03 04:36:58,okx,BTC,BTC-USD-261225-80000-C,2026-12-25,80000,call,0.0776491894299917,0.077,0.078,0.3836678365321625,0.43381307832961546,0.9970745704852946,0.0022176442878873684,-0.00037524378347599343,14039,200,77559.7
2026-09-03 04:36:58,okx,BTC,BTC-USD-261225-35000-C,2026-12-25,35000,call,0.556309231260721,0.556,0.5585,0.6949400586583812,0.4314894842629531,-0.7877700626005979,0.00016201080144468083,-0.000044282073837007845,160,0,77559.7
2026-09-03 04:36:58,okx,BTC,BTC-USD-261225-75000-P,2026-12-25,75000,put,0.0624855305618067,0.062,0.0625,0.3879449398065413,-0.4323455446815566,2.611286431460893,0.0021003406701945683,-0.0003594742909339215,5963,17,77559.7
2026-09-03 04:36:58,okx,BTC,BTC-USD-261225-30000-P,2026-12-25,30000,put,0.0011442957665653,0.0007,0.0013,0.774114436183961,-0.008213980555547628,0.062034231253713115,0.00010943520978809407,-0.00003742669065122322,19976,0,77559.7
2026-09-03 04:36:58,okx,BTC,BTC-USD-261225-52000-P,2026-12-25,52000,put,0.0063884105783514,0.0065,0.007,0.49376750367750427,-0.05631938759445583,0.48731789665449876,0.0005734682132467584,-0.00012507298547051097,7106,0,77559.7
2026-09-03 04:36:58,okx,BTC,BTC-USD-261225-75000-C,2026-12-25,75000,call,0.1094154863350893,0.1085,0.11,0.3879449398065413,0.5195551470555207,0.7074850479867381,0.0021003406701945683,-0.00035901201801027277,9256,0,77559.7
2026-09-03 04:36:58,okx,BTC,BTC-USD-261225-30000-C,2026-12-25,30000,call,0.619248776940722,0.6185,0.6215,0.774114436183961,0.3725462961392833,-0.6994863221359487,0.00010943520978809407,-0.00003134533496070586,4545,0,77559.7
2026-09-03 04:36:58,okx,BTC,BTC-USD-261225-52000-C,2026-12-25,52000,call,0.3452520126676362,0.3445,0.348,0.49376750367750427,0.6036650920099178,-0.8326510625542486,0.0005734682132467584,-0.00012173873691046271,50,0,77559.7
2026-09-03 04:36:58,okx,BTC,BTC-USD-261225-70000-P,2026-12-25,70000,put,0.0393136790708287,0.0385,0.0395,0.3977655023546802,-0.3001473813662695,2.066647980052367,0.0018079776768417752,-0.00031742513569447327,10628,351,77559.7
2026-09-03 04:36:58,okx,BTC,BTC-USD-261225-90000-C,2026-12-25,90000,call,0.0371587063453991,0.0365,0.037,0.3863595448520981,0.2654019260512363,1.0908011490307312,0.0019420663963800185,-0.00033122738706232004,20542,2,77559.7
2026-09-03 04:36:58,okx,BTC,BTC-USD-261225-85000-P,2026-12-25,85000,put,0.134006764618352,0.1325,0.1345,0.3835907337029372,-0.7334217993342901,3.273689485553617,0.0021484070644927655,-0.000362877435102188,3037,0,77559.7
2026-09-03 04:36:58,okx,BTC,BTC-USD-261225-40000-P,2026-12-25,40000,put,0.0023852325478567,0.0024,0.0025,0.6240651447625213,-0.019301738005262983,0.15941689281738197,0.00023370739090991123,-0.00006443087616937137,12188,0,77559.7
2026-09-03 04:36:58,okx,BTC,BTC-USD-261225-85000-C,2026-12-25,85000,call,0.0540090480803292,0.053,0.054,0.3835907337029372,0.34539898463439755,1.1160479176162414,0.0021484070644927655,-0.0003636638472378435,19788,320,77559.7
2026-09-03 04:36:58,okx,BTC,BTC-USD-261225-40000-C,2026-12-25,40000,call,0.493562041410708,0.493,0.496,0.6240651447625213,0.4883786309211782,-0.8559438450355005,0.00023370739090991123,-0.000059598205538158136,1,0,77559.7
2026-09-03 04:36:58,okx,BTC,BTC-USD-261225-80000-P,2026-12-25,80000,put,0.094183069812362,0.0935,0.0945,0.3836678365321625,-0.581547659523267,3.0277960461910594,0.0022176442878873684,-0.0003750817138699901,5926,84,77559.7
2026-09-03 04:36:58,okx,BTC,BTC-USD-261225-100000-C,2026-12-25,100000,call,0.0177552653814758,0.018,0.0185,0.39839170480204084,0.1483572189446053,0.8268925286323061,0.0013875609312710901,-0.00024411886874739472,24731,5,77559.7
2026-09-03 04:36:58,okx,BTC,BTC-USD-261225-95000-P,2026-12-25,95000,put,0.2324897545320512,0.2285,0.2335,0.3914453867157826,-1.00632451390356,3.388085961578685,0.0016689341986781054,-0.00028642219000321584,822,0,77559.7
2026-09-03 04:36:58,okx,BTC,BTC-USD-260925-52000-C,2026-09-25,52000,call,0.3314928210940006,0.3305,0.3325,0.6958288708535862,0.6609216929929672,-1.2008813389018953,0.00005105719879445395,-0.0000793352435616947,885,0,77559.7
2026-09-03 04:36:58,okx,BTC,BTC-USD-261225-95000-C,2026-12-25,95000,call,0.0255643656827229,0.025,0.026,0.3914453867157826,0.1994163622967382,0.9766042091780892,0.0016689341986781054,-0.0002884572871981754,11292,0,77559.7
2026-09-03 04:36:58,okx,BTC,BTC-USD-260925-52000-P,2026-09-25,52000,put,0.0004465155126213,0.0003,0.0006,0.6958288708535862,-0.00795510441134673,0.13687225590673266,0.00005105719879445395,-0.00008022775450699311,18886,0,77559.7
2026-09-03 04:36:58,okx,BTC,BTC-USD-261225-90000-P,2026-12-25,90000,put,0.1806202590390746,0.179,0.1825,0.3863595448520981,-0.8768789040332565,3.375362809199717,0.0019420663963800185,-0.0003298166323970126,1930,0,77559.7
2026-09-03 04:36:58,okx,BTC,BTC-USD-261225-110000-C,2026-12-25,110000,call,0.0090492251322761,0.0095,0.01,0.41635074514687714,0.0828577336621778,0.5456297893638179,0.000918051699807475,-0.00016882906580254685,11184,0,77559.7
2026-09-03 04:36:58,okx,BTC,BTC-USD-261225-105000-P,2026-12-25,105000,put,0.3463929732822345,0.342,0.3515,0.40680513850025735,-1.2222401901786606,3.342689028650982,0.001132637705438103,-0.0002002159802942248,100,0,77559.7
2026-09-03 04:36:58,okx,BTC,BTC-USD-261225-105000-C,2026-12-25,105000,call,0.0125399121216009,0.013,0.0135,0.40680513850025735,0.11042077825324756,0.6773670917871659,0.001132637705438103,-0.0002034997625484885,14177,50,77559.7
2026-09-03 04:36:58,okx,BTC,BTC-USD-261225-100000-P,2026-12-25,100000,put,0.2881444903864569,0.2845,0.2895,0.39839170480204084,-1.1208437033714977,3.365294373264512,0.0013875609312710901,-0.00024145942902278309,570,0,77559.7
2026-09-03 04:36:58,okx,BTC,BTC-USD-261225-120000-C,2026-12-25,120000,call,0.0050683963733543,0.006,0.0065,0.43775555167040636,0.04869029878291426,0.3507879200085592,0.000608135506604975,-0.00011759737399266025,7272,0,77559.7
2026-09-03 04:36:58,okx,BTC,BTC-USD-261225-115000-P,2026-12-25,115000,put,0.4674698415781903,0.4635,0.474,0.42674618082102,-1.3965761718435814,3.356239660627166,0.0007448567217117574,-0.0001358744740348113,772,0,77559.7
2026-09-03 04:36:58,okx,BTC,BTC-USD-260903-85000-C,2026-09-03,85000,call,0.0000000000000001,,0.0005,0.5516042430996169,0.000000000000000015138033688593915,0.000000000000011935642513098926,0.000000000000000000025507262164579232,-0.0000000000000000007034956288498669,10067,0,77559.7
2026-09-03 04:36:58,okx,BTC,BTC-USD-261225-115000-C,2026-12-25,115000,call,0.0066891081062512,0.0075,0.008,0.42674618082102,0.0630048888199372,0.4370775393001293,0.0007448567217117574,-0.00014040694134837914,4389,0,77559.7
2026-09-03 04:36:58,okx,BTC,BTC-USD-260903-85000-P,2026-09-03,85000,put,0.0959646957429665,0.095,0.0965,0.5516042430996169,-1.0959622441666421,2.1919244883332962,0.000000000000000000025507262164579232,0.0000003708583732528428,0,0,77559.7
2026-09-03 04:36:58,okx,BTC,BTC-USD-261225-110000-P,2026-12-25,110000,put,0.4063661224485626,0.402,0.4125,0.41635074514687714,-1.3132632808855358,3.3378718184592446,0.000918051699807475,-0.0001649209410186311,420,0,77559.7
2026-09-03 04:36:58,okx,BTC,BTC-USD-261225-130000-C,2026-12-25,130000,call,0.0031240665935353,0.0038,0.0041,0.4608689706436699,0.030642084841071972,0.23105507580048368,0.0004176302455541315,-0.00008502804317537912,8349,0,77559.7
2026-09-03 04:36:58,okx,BTC,BTC-USD-261225-125000-P,2026-12-25,125000,put,0.5916426499916861,0.5875,0.5985,0.4491833834280481,-1.5482116400731458,3.4563885009305975,0.000501200593928839,-0.00009367141298904993,866,0,77559.7
2026-09-03 04:36:58,okx,BTC,BTC-USD-261225-125000-C,2026-12-25,125000,call,0.0039342442084419,0.0046,0.0049,0.4491833834280481,0.03828951282198309,0.2833861951403398,0.000501200593928839,-0.0000994525653619219,10540,0,77559.7
2026-09-03 04:36:58,okx,BTC,BTC-USD-261225-120000-P,2026-12-25,120000,put,0.5293129660009461,0.5255,0.5365,0.43775555167040636,-1.4743508079964096,3.396870133567207,0.000608135506604975,-0.00011244056414944034,517,0,77559.7
2026-09-03 04:36:58,okx,BTC,BTC-USD-261225-150000-C,2026-12-25,150000,call,0.0014978521936415,0.0019,0.0022,0.5079199743816158,0.014687127728248846,0.11355398201448891,0.00022503013629795378,-0.00005049623547792109,6952,0,77559.7
2026-09-03 04:36:58,okx,BTC,BTC-USD-261225-140000-P,2026-12-25,140000,put,0.7801923765720815,0.7745,0.787,0.4845141885587433,-1.7562651410566466,3.712339817907731,0.0003000889909323762,-0.0000565801414291811,0,0,77559.7
2026-09-03 04:36:58,okx,BTC,BTC-USD-261225-140000-C,2026-12-25,140000,call,0.0020924623218789,0.0027,0.0029,0.4845141885587433,0.020616150185897637,0.15857723542264182,0.0003000889909323762,-0.0000642343213910093,9603,0,77559.7
2026-09-03 04:36:58,okx,BTC,BTC-USD-261225-130000-P,2026-12-25,130000,put,0.6542963085324325,0.6515,0.658,0.4608689706436699,-1.6193191141698622,3.530977473822352,0.0004176302455541315,-0.00007862254827285506,90,0,77559.7
2026-09-03 04:36:58,okx,BTC,BTC-USD-261225-170000-C,2026-12-25,170000,call,0.0008827588784412,0.0011,0.0013,0.552268526153633,0.00847003763250896,0.06480714055645136,0.00013994281849679136,-0.00003414603029900559,4753,0,77559.7
2026-09-03 04:36:58,okx,BTC,BTC-USD-261225-160000-P,2026-12-25,160000,put,1.0330834654726049,1.0255,1.0415,0.5306008390983884,-2.0197659068789644,4.145886569964778,0.00017492512853865735,-0.00003085491652837465,0,0,77559.7
2026-09-03 04:36:58,okx,BTC,BTC-USD-261225-160000-C,2026-12-25,160000,call,0.0011282065997912,0.0014,0.0017,0.5306008390983884,0.010955568826800467,0.08444361855324711,0.00017492512853865735,-0.00004100646660881113,3363,100,77559.7
2026-09-03 04:36:58,okx,BTC,BTC-USD-261225-150000-P,2026-12-25,150000,put,0.9065254387551496,0.9,0.914,0.5079199743816158,-1.889114255745906,3.9211567489627983,0.00022503013629795378,-0.00004159337045678875,3347,0,77559.7
2026-09-03 04:36:58,okx,BTC,BTC-USD-261225-200000-C,2026-12-25,200000,call,0.0004869321440874,0.0004,0.0008,0.6100614431884797,0.004504286466196304,0.033492303818351186,0.00008037089782130793,-0.000021663375761647356,4069,0,77559.7
2026-09-03 04:36:58,okx,BTC,BTC-USD-261225-180000-P,2026-12-25,180000,put,1.2865210259244282,1.2785,1.2955,0.572768512162387,-2.2778308068131405,4.62014756016245,0.00011449105741160889,-0.000016324229265457688,114,0,77559.7
2026-09-03 04:36:58,okx,BTC,BTC-USD-261225-180000-C,2026-12-25,180000,call,0.0007104224290038,0.0008,0.0011,0.572768512162387,0.006730853355845317,0.05102423982447837,0.00011449105741160889,-0.000028973149464502463,2467,0,77559.7
2026-09-03 04:36:58,okx,BTC,BTC-USD-261225-170000-P,2026-12-25,170000,put,1.1597656900625597,1.152,1.168,0.552268526153633,-2.149171530304866,4.380090276431202,0.00013994281849679136,-0.000022745795159264957,0,0,77559.7
2026-09-03 04:36:58,okx,BTC,BTC-USD-261225-240000-C,2026-12-25,240000,call,0.0002573212801753,0.0001,0.0005,0.6706206135467692,0.0022985681146169253,0.016606630620061725,0.000044077532233637843,-0.000013060498748682387,5203,0,77559.7
2026-09-03 04:36:58,okx,BTC,BTC-USD-261225-220000-P,2026-12-25,220000,put,1.793870778654862,1.7845,1.8065,0.642530675425829,-2.7890726666936048,5.607664236186337,0.00005879243263598181,0.0000009529199491942787,0,0,77559.7
2026-09-03 04:36:58,okx,BTC,BTC-USD-261225-220000-C,2026-12-25,220000,call,0.0003494859142166,0.0002,0.0006,0.642530675425829,0.003169362401822335,0.023180177995481974,0.00005879243263598181,-0.00001669074048706706,4475,0,77559.7
2026-09-03 04:36:58,okx,BTC,BTC-USD-261225-200000-P,2026-12-25,200000,put,1.5401528802621223,1.5315,1.5505,0.6100614431884797,-2.53389755816601,5.110295993082763,0.00008037089782130793,-0.000006517085443994295,0,0,77559.7
2026-09-03 04:36:58,okx,BTC,BTC-USD-261225-240000-P,2026-12-25,240000,put,2.0476339586434316,2.038,2.054,0.6706206135467692,-3.0437836454440306,6.108771057737358,0.000044077532233637843,0.000007080531806187245,317,0,77559.7
2026-09-03 04:36:58,okx,BTC,BTC-USD-261225-88000-C,2026-12-25,88000,call,0.0431800250384114,0.0425,0.043,0.38494620751609954,0.295910522249308,1.1149226127308463,0.002036552901193967,-0.00034602896959769213,440,2,77559.7
2026-09-03 04:36:58,okx,BTC,BTC-USD-261225-88000-P,2026-12-25,88000,put,0.1612560432698259,0.1585,0.1645,0.38494620751609954,-0.8209862893888628,3.3487162360071876,0.002036552901193967,-0.0003448679519442455,0,0,77559.7
2026-09-03 04:36:58,okx,BTC,BTC-USD-260906-75500-C,2026-09-06,75500,call,0.0290769475742957,0.0285,0.03,0.29465386156898066,0.8142897988010611,7.145262263170843,0.00022247661742314282,-0.0010426997879418058,0,0,77559.7
2026-09-03 04:36:58,okx,BTC,BTC-USD-260906-75500-P,2026-09-06,75500,put,0.0022703652594301,0.0021,0.0022,0.29465386156898066,-0.1587924804322317,9.09142682163743,0.00022247661742314282,-0.0010434349021321606,72,72,77559.7
2026-09-03 04:36:58,okx,BTC,BTC-USD-260904-74500-C,2026-09-04,74500,call,0.0397616629793631,0.0395,0.0405,0.38695700826617546,0.9297873649856387,1.3196229698741635,0.0000384585845802338,-0.0006510188356541601,0,0,77559.7
2026-09-03 04:36:58,okx,BTC,BTC-USD-260904-74500-P,2026-09-04,74500,put,0.0002574378892526,0.0002,0.0003,0.38695700826617546,-0.030652383744208398,3.240502467333858,0.0000384585845802338,-0.0006521018216714445,7458,8800,77559.7
2026-09-03 04:36:58,okx,BTC,BTC-USD-260903-76250-C,2026-09-03,76250,call,0.0168857895781937,0.0165,0.0175,0.3831129986657921,0.97122070205882,2.1720119360139845,0.000006091569916368687,-0.00011662273104511677,150,200,77559.7
2026-09-03 04:36:58,okx,BTC,BTC-USD-260903-76250-P,2026-09-03,76250,put,0.0000309877552142,,0.0001,0.3831129986657921,-0.011921899325961816,4.138297138783549,0.000006091569916368687,-0.00011668786106182472,2078,4366,77559.7
2026-09-03 04:36:58,okx,BTC,BTC-USD-260903-74500-C,2026-09-03,74500,call,0.0394854603768266,0.0385,0.041,0.8966536873627129,0.9495108979859194,-0.2559103879824112,0.000005693534464886613,-0.00025510384790434793,1,1,77559.7
2026-09-03 04:36:58,okx,BTC,BTC-USD-260903-74500-P,2026-09-03,74500,put,0.0000667590406578,,0.0002,0.8966536873627129,-0.011067774842490453,1.6652469576744084,0.000005693534464886613,-0.00025525617559904814,4211,3152,77559.7
2026-09-03 04:36:58,okx,BTC,BTC-USD-260911-76500-P,2026-09-11,76500,put,0.0118160542756416,0.0115,0.012,0.30618290156511446,-0.3785539605245096,8.988953516768897,0.0005621676890587747,-0.0010568255662165417,199,248,77559.7
2026-09-03 04:36:58,okx,BTC,BTC-USD-260911-76500-C,2026-09-11,76500,call,0.0261964590743877,0.026,0.0265,0.30618290156511446,0.606817226229157,7.018211143261564,0.0005621676890587747,-0.0010564308868899698,616,620,77559.7
2026-09-03 04:36:58,okx,BTC,BTC-USD-260904-81500-C,2026-09-04,81500,call,0.0001979293728255,0.0002,0.0003,0.4367270420210784,0.021817939801388266,2.107106125005995,0.000029363745109543083,-0.0005619289732993372,8501,4173,77559.7
2026-09-03 04:36:58,okx,BTC,BTC-USD-260904-81500-P,2026-09-04,81500,put,0.0509386923524961,0.05,0.0515,0.4367270420210784,-1.028864469882941,4.208470944374654,0.000029363745109543083,-0.0005605395576713599,0,0,77559.7
2026-09-03 04:36:58,okx,BTC,BTC-USD-260904-76500-C,2026-09-04,76500,call,0.0156475401356307,0.0155,0.016,0.30053643076515263,0.7816302365740033,15.230264729747656,0.0001577800317131063,-0.0020774162290470616,1082,594,77559.7
2026-09-03 04:36:58,okx,BTC,BTC-USD-260904-76500-P,2026-09-04,76500,put,0.001927597351172,0.0019,0.002,0.30053643076515263,-0.20459312957141004,17.202711462038483,0.0001577800317131063,-0.002077792814594271,5494,3532,77559.7
2026-09-03 04:36:58,okx,BTC,BTC-USD-260911-79500-P,2026-09-11,79500,put,0.0330343620446389,0.0315,0.0345,0.3054946386155076,-0.725090199193658,9.156634561869476,0.000525104721141329,-0.0009843284090208762,0,0,77559.7
2026-09-03 04:36:58,okx,BTC,BTC-USD-260911-79500-C,2026-09-11,79500,call,0.0087717637164029,0.0085,0.009,0.3054946386155076,0.29892299488368174,7.108608173714795,0.000525104721141329,-0.000984992414815873,450,450,77559.7
2026-09-03 04:36:58,okx,BTC,BTC-USD-261225-58000-C,2026-12-25,58000,call,0.2742288157443761,0.2735,0.276,0.44967805552672224,0.6352974420532408,-0.6257904334441015,0.0008987876031971855,-0.00017591279114760182,253,0,77559.7
2026-09-03 04:36:58,okx,BTC,BTC-USD-261225-58000-P,2026-12-25,58000,put,0.0115218170418745,0.0115,0.012,0.44967805552672224,-0.100839092890099,0.8464826364425782,0.0008987876031971855,-0.00017849782867206763,6399,0,77559.7
2026-09-03 04:36:58,okx,BTC,BTC-USD-260906-71000-P,2026-09-06,71000,put,0.0002165748184803,0.0001,0.0003,0.4429176455267293,-0.014911003123589733,0.9353400070778893,0.00003451457293197126,-0.00024333781511916028,230,230,77559.7
2026-09-03 04:36:58,okx,BTC,BTC-USD-260925-62000-C,2026-09-25,62000,call,0.2038585785397529,0.2025,0.2045,0.5010780227836035,0.7669924829566839,-0.9968911454502761,0.00016325290665945174,-0.00018418060804826822,6642,0,77559.7
2026-09-03 04:36:58,okx,BTC,BTC-USD-260906-71000-C,2026-09-06,71000,call,0.0850229339955163,0.084,0.0865,0.4429176455267293,0.9001729945659968,-0.8948279883012838,0.00003451457293197126,-0.00024101370692979928,0,0,77559.7
2026-09-03 04:36:58,okx,BTC,BTC-USD-260925-62000-P,2026-09-25,62000,put,0.0014457357593946,0.0013,0.0014,0.5010780227836035,-0.03051446779461337,0.5981227560523183,0.00016325290665945174,-0.00018472634620006608,16816,143,77559.7
2026-09-03 04:36:58,okx,BTC,BTC-USD-260911-92000-P,2026-09-11,92000,put,0.1855939633193853,0.1845,0.1865,0.5000538348170828,-1.1727585557035893,2.7812496286566764,0.000048598678910567316,-0.00014417166694777588,320,0,77559.7
2026-09-03 04:36:58,okx,BTC,BTC-USD-261030-82000-C,2026-10-30,82000,call,0.0361298773685122,0.0355,0.036,0.357713615190755,0.3553353258861722,2.0027759678393573,0.0015195399743050118,-0.0004755283146287476,4268,306,77559.7
2026-09-03 04:36:58,okx,BTC,BTC-USD-260911-94000-C,2026-09-11,94000,call,0.0002580060106677,0.0002,0.0003,0.5393815728177329,0.009462662373611909,0.30384053879225903,0.00003883036137399349,-0.000128627275650029,1091,24,77559.7
2026-09-03 04:36:58,okx,BTC,BTC-USD-261030-82000-P,2026-10-30,82000,put,0.0863826202784845,0.085,0.087,0.357713615190755,-0.6946932862143691,4.10283319204044,0.0015195399743050118,-0.0004753869589032003,621,0,77559.7
2026-09-03 04:36:58,okx,BTC,BTC-USD-260925-92000-P,2026-09-25,92000,put,0.1857852722163612,0.1835,0.188,0.41482946880922233,-1.130636875906893,3.3509763062832887,0.00027420980576563095,-0.0002563756820422123,236,70,77559.7
2026-09-03 04:36:58,okx,BTC,BTC-USD-260911-92000-C,2026-09-11,92000,call,0.0003188519620571,0.0003,0.0004,0.5000538348170828,0.012263002222388658,0.4112065128047201,0.000048598678910567316,-0.00014924686074930824,1305,136,77559.7
2026-09-03 04:36:58,okx,BTC,BTC-USD-260925-92000-C,2026-09-25,92000,call,0.0022977265936571,0.0025,0.0026,0.41482946880922233,0.05276053488535471,0.9841814846987936,0.00027420980576563095,-0.00025687026227091617,4708,300,77559.7
2026-09-03 04:36:58,okx,BTC,BTC-USD-261225-82000-C,2026-12-25,82000,call,0.0672885231429462,0.0665,0.0675,0.38325619704795894,0.3980264694156552,1.0646599123932983,0.0022105273665909923,-0.0003737369183827209,8666,0,77559.7
2026-09-03 04:36:58,okx,BTC,BTC-USD-261225-82000-P,2026-12-25,82000,put,0.1092079379875775,0.108,0.1095,0.38325619704795894,-0.6427182868835494,3.1461494249917075,0.0022105273665909923,-0.00037332511176485674,361,0,77559.7
2026-09-03 04:36:58,okx,BTC,BTC-USD-260925-81000-C,2026-09-25,81000,call,0.0169459986426477,0.017,0.0175,0.3379038728075722,0.30853341407849644,3.710106274460432,0.0008869575809718378,-0.0006767658171074654,4032,3207,77559.7
2026-09-03 04:36:58,okx,BTC,BTC-USD-261225-68000-P,2026-12-25,68000,put,0.032268828724853,0.0315,0.0325,0.40345691311382137,-0.25473889380313447,1.8354939370423193,0.0016583390503378866,-0.0002953615162884947,3628,0,77559.7
2026-09-03 04:36:58,okx,BTC,BTC-USD-260911-98000-P,2026-09-11,98000,put,0.2627371856987339,0.2615,0.264,0.6122963256619307,-1.2563442812548102,2.7023897503407124,0.00002590713773510098,-0.00009022762852305203,0,0,77559.7
2026-09-03 04:36:58,okx,BTC,BTC-USD-260911-96000-P,2026-09-11,96000,put,0.2370118663195801,0.2355,0.238,0.5770091797177292,-1.229069872351889,2.7037256956579334,0.000031606322834610785,-0.00010551463682774354,0,0,77559.7
2026-09-03 04:36:58,okx,BTC,BTC-USD-260925-77000-C,2026-09-25,77000,call,0.0377909445584017,0.0375,0.038,0.3359661106557257,0.5243788678115275,3.713481676411959,0.0009705370261121257,-0.0007362396267618948,1862,711,77559.7
2026-09-03 04:36:58,okx,BTC,BTC-USD-260911-98000-C,2026-09-11,98000,call,0.0001760680874412,,0.0005,0.6122963256619307,0.00596129131851451,0.17777860519406308,0.00002590713773510098,-0.00009742019256772157,3337,0,77559.7
2026-09-03 04:36:58,okx,BTC,BTC-USD-260925-77000-P,2026-09-25,77000,put,0.0283282959795745,0.028,0.0285,0.3359661106557257,-0.4660733129602451,5.694386037955504,0.0009705370261121257,-0.0007362652057234417,5425,2224,77559.7
2026-09-03 04:36:58,okx,BTC,BTC-USD-260911-94000-P,2026-09-11,94000,put,0.2112951194526509,0.21,0.2125,0.5393815728177329,-1.2013202337681483,2.7254063310757797,0.00003883036137399349,-0.0001228462917674509,0,0,77559.7
2026-09-03 04:36:58,okx,BTC,BTC-USD-261030-100000-C,2026-10-30,100000,call,0.0048489948183296,0.005,0.0055,0.4061178736185132,0.06735303927641005,0.7209870468272788,0.0005440333497959719,-0.00019331639556999317,4825,733,77559.7
2026-09-03 04:36:58,okx,BTC,BTC-USD-261225-68000-C,2026-12-25,68000,call,0.1680481551160492,0.1665,0.169,0.40345691311382137,0.6083177333718157,0.10938068269241964,0.0016583390503378866,-0.0002940251638233331,4161,0,77559.7
2026-09-03 04:36:58,okx,BTC,BTC-USD-260911-96000-C,2026-09-11,96000,call,0.0002127507929424,0.0002,0.0003,0.5770091797177292,0.0074743620056532505,0.23063722694284927,0.000031606322834610785,-0.00011200141079136735,8074,0,77559.7
2026-09-03 04:36:58,okx,BTC,BTC-USD-261030-100000-P,2026-10-30,100000,put,0.2856096986185347,0.284,0.287,0.4061178736185132,-1.213169658407177,3.2820324421944527,0.0005440333497959719,-0.00019252586746743242,352,0,77559.7
2026-09-03 04:36:58,okx,BTC,BTC-USD-260904-94000-P,2026-09-04,94000,put,0.2119011944002714,0.211,0.2125,1.0463161993406462,-1.2112727169835735,2.4566148950871063,0.0000011144003963667913,-0.000045289154728621354,0,0,77559.7
2026-09-03 04:36:58,okx,BTC,BTC-USD-260904-85000-P,2026-09-04,85000,put,0.0959537082135986,0.095,0.0965,0.6673237667117087,-1.0884318446885746,2.729446151340079,0.000011527807981783893,-0.0003344631062306501,180,0,77559.7
2026-09-03 04:36:58,okx,BTC,BTC-USD-260904-94000-C,2026-09-04,94000,call,0.0000086670102777,,,1.0463161993406462,0.0005573015480455894,0.03295485802386768,0.0000011144003963667913,-0.000051093573294566185,1272,0,77559.7
2026-09-03 04:36:58,okx,BTC,BTC-USD-260925-81000-P,2026-09-25,81000,put,0.0589367351842288,0.0585,0.06,0.3379038728075722,-0.7333708280320694,5.793914758681564,0.0008869575809718378,-0.0006766526869516122,128,0,77559.7
2026-09-03 04:36:58,okx,BTC,BTC-USD-260904-85000-C,2026-09-04,85000,call,0.0000904511990376,,0.0002,0.6673237667117087,0.007371895472995711,0.5378386710169377,0.000011527807981783893,-0.00033708872268125835,4484,9,77559.7
2026-09-03 04:36:58,okx,BTC,BTC-USD-260911-75500-P,2026-09-11,75500,put,0.0078799200479577,0.0075,0.008,0.3129622889744226,-0.2769545723715579,7.615238888971059,0.0004929084147033927,-0.0009472154084622024,203,210,77559.7
2026-09-03 04:36:58,okx,BTC,BTC-USD-260904-76250-C,2026-09-04,76250,call,0.0183827003748827,0.018,0.019,0.3078100292932161,0.8236467255579674,12.369210483711695,0.0001348762596806743,-0.0018187038109204756,0,0,77559.7
2026-09-03 04:36:58,okx,BTC,BTC-USD-260906-74500-P,2026-09-06,74500,put,0.0011100036561903,0.001,0.0011,0.31706152100126206,-0.08293832191292021,5.307283740275956,0.00014028394312806032,-0.0007079907337596104,47,61,77559.7
2026-09-03 04:36:58,okx,BTC,BTC-USD-260911-75500-C,2026-09-11,75500,call,0.0351413258890312,0.0345,0.036,0.3129622889744226,0.6955359452742178,5.670257853679508,0.0004929084147033927,-0.0009464678340951076,128,128,77559.7
2026-09-03 04:36:58,okx,BTC,BTC-USD-260905-74500-P,2026-09-05,74500,put,0.000836885140405,0.0007,0.0008,0.3576314522050103,-0.06934738279072658,4.960084289486548,0.0001011445597770343,-0.0008447126431793921,1095,1095,77559.7
2026-09-03 04:36:58,okx,BTC,BTC-USD-260906-74500-C,2026-09-06,74500,call,0.0408054252737604,0.04,0.0415,0.31706152100126206,0.87725545031066,3.386896195828795,0.00014028394312806032,-0.0007069025097916986,0,0,77559.7
2026-09-03 04:36:58,okx,BTC,BTC-USD-260905-74500-C,2026-09-05,74500,call,0.040359598622715,0.04,0.041,0.3576314522050103,0.8910464832061492,3.0392965574927966,0.0001011445597770343,-0.000843629150677059,0,0,77559.7
2026-09-03 04:36:58,okx,BTC,BTC-USD-260903-75000-P,2026-09-03,75000,put,0.0000556162995183,,0.0002,0.7471008781823729,-0.011062601925818769,1.9950832232086673,0.000005696227098434614,-0.00021278259847693696,22946,9621,77559.7
2026-09-03 04:36:58,okx,BTC,BTC-USD-260903-76000-C,2026-09-03,76000,call,0.0201095946036642,0.0195,0.021,0.4475047334131737,0.9694392214488755,1.2089485994434215,0.0000054437566082345074,-0.00012172763438383886,590,760,77559.7
2026-09-03 04:36:58,okx,BTC,BTC-USD-260903-74000-P,2026-09-03,74000,put,0.0000698641985535,,0.0002,1.032564426505967,-0.010156327631133694,1.3432274273457983,0.000005278848874459221,-0.00027253730795895667,11156,6315,77559.7
2026-09-03 04:36:58,okx,BTC,BTC-USD-260903-75000-C,2026-09-03,75000,call,0.0330274892033472,0.0325,0.034,0.7471008781823729,0.9559629076329831,0.06103220409106356,0.000005696227098434614,-0.00021265518440452026,80,0,77559.7
2026-09-03 04:36:58,okx,BTC,BTC-USD-260903-73000-P,2026-09-03,73000,put,0.0000525497471529,,0.0002,1.2479857508297558,-0.0066113816052386695,0.7631306793311092,0.000003616660716853,-0.00022567684874102783,8439,2944,77559.7
2026-09-03 04:36:58,okx,BTC,BTC-USD-260903-74000-C,2026-09-03,74000,call,0.0459353939670618,0.045,0.047,1.032564426505967,0.9439755084668842,-0.5650362448502372,0.000005278848874459221,-0.00027236006664197295,185,105,77559.7
2026-09-03 04:36:58,okx,BTC,BTC-USD-260904-76250-P,2026-09-04,76250,put,0.0014397223022174,0.0014,0.0015,0.3078100292932161,-0.1593536884105003,14.335211311648631,0.0001348762596806743,-0.0018191686965264447,1139,1159,77559.7
2026-09-03 04:36:58,okx,BTC,BTC-USD-260903-73000-C,2026-09-03,73000,call,0.058811736380341,0.0575,0.0605,1.2479857508297558,0.9346267810319953,-1.1193456459433588,0.000003616660716853,-0.00022544978017947706,1,1,77559.7
2026-09-03 04:36:58,okx,BTC,BTC-USD-260903-77500-P,2026-09-03,77500,put,0.0013887451526463,0.0013,0.0015,0.2210784824101043,-0.43322941931914905,91.31800421923572,0.00007727742995769123,-0.000854213476194247,5931,934,77559.7
2026-09-03 04:36:58,okx,BTC,BTC-USD-260903-78000-C,2026-09-03,78000,call,0.0002897044796605,0.0002,0.0004,0.24724708815341806,0.12089088064039602,41.19968265324751,0.000039596471171505436,-0.0004895044899388299,8045,12780,77559.7
2026-09-03 04:36:58,okx,BTC,BTC-USD-260903-77000-P,2026-09-03,77000,put,0.000148365111414,0.0001,0.0002,0.24767764393782962,-0.06917219070366307,27.418220780697972,0.000026110753825127163,-0.0003233519253254039,19045,17426,77559.7
2026-09-03 04:36:58,okx,BTC,BTC-USD-260903-77500-C,2026-09-03,77500,call,0.0021264758947764,0.002,0.0023,0.2210784824101043,0.5660302738916129,89.3194848328142,0.00007727742995769123,-0.0008542106302332477,8029,15704,77559.7
2026-09-03 04:36:58,okx,BTC,BTC-USD-260903-76500-P,2026-09-03,76500,put,0.0000375092411762,,0.0001,0.3270768154996509,-0.01631003577344261,6.348711577328292,0.000007983408980326647,-0.0001305592542366056,7989,7568,77559.7
2026-09-03 04:36:58,okx,BTC,BTC-USD-260903-77000-C,2026-09-03,77000,call,0.0073329242858839,0.007,0.008,0.24767764393782962,0.9236406657767066,25.432595067737235,0.000026110753825127163,-0.00032332416574212125,3716,4926,77559.7
2026-09-03 04:36:58,okx,BTC,BTC-USD-260903-76000-P,2026-09-03,76000,put,0.0000313785645148,,0.0001,0.4475047334131737,-0.01047996157071035,3.1687869654825933,0.0000054437566082345074,-0.00012180522121168854,11957,15360,77559.7
2026-09-03 04:36:58,okx,BTC,BTC-USD-261225-62000-C,2026-12-25,62000,call,0.229358670074901,0.2285,0.231,0.42738845214295257,0.6385826006927667,-0.3841612875491655,0.0011830510863966328,-0.0002211908832876675,1432,0,77559.7
2026-09-03 04:36:58,okx,BTC,BTC-USD-260903-76500-C,2026-09-03,76500,call,0.013668896847986,0.013,0.0145,0.3270768154996509,0.9700559839765354,4.375979537828337,0.000007983408980326647,-0.0001305065810310394,1074,453,77559.7
2026-09-03 04:36:58,okx,BTC,BTC-USD-261225-62000-P,2026-12-25,62000,put,0.0174227402969215,0.017,0.0175,0.42738845214295257,-0.14832197114321713,1.1896478561228023,0.0011830510863966328,-0.00022327644678841161,9255,10,77559.7
2026-09-03 04:36:58,okx,BTC,BTC-USD-260903-79500-P,2026-09-03,79500,put,0.0250545847570307,0.024,0.0255,0.4367196622724804,-1.0230491511712343,2.7855764490424644,0.0000012480106566175368,-0.00002715471173944628,650,0,77559.7
2026-09-03 04:36:58,okx,BTC,BTC-USD-260903-80000-C,2026-09-03,80000,call,0.000001273783202,,0.0005,0.47980658515812746,0.0005119352766060089,0.19199808806979168,0.00000035790117694253313,-0.000008586162143879537,5913,8233,77559.7
2026-09-03 04:36:58,okx,BTC,BTC-USD-260903-79000-P,2026-09-03,79000,put,0.0186184425821607,0.018,0.019,0.37730080789158554,-1.0120749268126878,4.498641196057489,0.000003607977977357445,-0.00006799269469584138,321,136,77559.7
2026-09-03 04:36:58,okx,BTC,BTC-USD-260903-79500-C,2026-09-03,79500,call,0.0000050017698016,,0.0002,0.4367196622724804,0.0019978889610956416,0.7354823687778047,0.0000012480106566175368,-0.000027251520267581177,5791,4738,77559.7
2026-09-03 04:36:58,okx,BTC,BTC-USD-260903-78500-P,2026-09-03,78500,put,0.0122080037721256,0.0115,0.013,0.3078222916190384,-0.9891247456569798,11.009627468993923,0.00001074346293343069,-0.00016530668632016183,500,106,77559.7
2026-09-03 04:36:58,okx,BTC,BTC-USD-260903-79000-C,2026-09-03,79000,call,0.0000156880272715,,0.0002,0.37730080789158554,0.0065252765892499865,2.4614407892536128,0.000003607977977357445,-0.00006806458960169276,7828,9435,77559.7
2026-09-03 04:36:58,okx,BTC,BTC-USD-260903-78000-P,2026-09-03,78000,put,0.0059988021698701,0.005,0.0065,0.24724708815341806,-0.884815649300758,43.211095713129815,0.000039596471171505436,-0.0004894824222775457,2126,454,77559.7
2026-09-03 04:36:58,okx,BTC,BTC-USD-260903-78500-C,2026-09-03,78500,call,0.000052077649576,,0.0002,0.3078222916190384,0.023028621014566042,8.98532073565083,0.00001074346293343069,-0.0001653536676037297,5537,5188,77559.7
2026-09-03 04:36:58,okx,BTC,BTC-USD-260903-83000-P,2026-09-03,83000,put,0.0701773820138799,0.0695,0.071,0.5488464801751542,-1.0701748970771223,2.140349894456959,0.00000000000021274226252960056,0.0000002711980459784584,0,0,77559.7
2026-09-03 04:36:58,okx,BTC,BTC-USD-260905-70000-C,2026-09-05,70000,call,0.0975812709574442,0.0975,0.0985,0.5066794326918733,0.8984851735821612,-1.5018451729322106,0.000008771505388344112,-0.00010111457337116197,0,0,77559.7
2026-09-03 04:36:58,okx,BTC,BTC-USD-260903-84000-C,2026-09-03,84000,call,0.0000000000000001,,0.0005,0.5508947279562406,0.00000000000008947798993324564,0.00000000006183237329316796,0.00000000000000013201700057968142,-0.000000000000003636372989660942,1628,0,77559.7
2026-09-03 04:36:58,okx,BTC,BTC-USD-260905-70000-P,2026-09-05,70000,put,0.0000466938296123,,0.0002,0.5066794326918733,-0.0038983246699368754,0.3029218235719855,0.000008771505388344112,-0.00010378739100129434,4360,4350,77559.7
2026-09-03 04:36:58,okx,BTC,BTC-USD-260903-82000-P,2026-09-03,82000,put,0.0572837253245421,0.0565,0.058,0.5429062100223683,-1.0572811315906643,2.114608946247343,0.00000000009794322163551616,0.00000021871794107319358,0,0,77559.7
2026-09-03 04:36:58,okx,BTC,BTC-USD-260903-83000-C,2026-09-03,83000,call,0.0000000000002725,,0.0005,0.5488464801751542,0.00000000016795178515568003,0.00000009996681083724854,0.00000000000021274226252960056,-0.000000000005838141034186006,5658,0,77559.7
2026-09-03 04:36:58,okx,BTC,BTC-USD-260903-81000-P,2026-09-03,81000,put,0.0443900984792348,0.0435,0.045,0.5258710893514944,-1.0443740205412577,2.094536842845308,0.00000001176408562941553,-0.00000013777011409377829,996,0,77559.7
2026-09-03 04:36:58,okx,BTC,BTC-USD-260903-82000-C,2026-09-03,82000,call,0.0000000001756143,,0.0005,0.5429062100223683,0.00000009219362562648506,0.00004649867876312711,0.00000000009794322163551616,-0.0000000026586984792731,4002,0,77559.7
2026-09-03 04:36:58,okx,BTC,BTC-USD-260903-80000-P,2026-09-03,80000,put,0.0314976852027708,0.0305,0.032,0.47980658515812746,-1.0309819415861161,2.2549858417952358,0.00000035790117694253313,-0.000008464439993461125,60,0,77559.7
2026-09-03 04:36:58,okx,BTC,BTC-USD-260903-81000-C,2026-09-03,81000,call,0.0000000301949864,,0.0005,0.5258710893514944,0.000013529782248298077,0.005761742198295878,0.00000001176408562941553,-0.0000003093195090792183,14754,14139,77559.7
2026-09-03 04:36:58,okx,BTC,BTC-USD-260905-76000-C,2026-09-05,76000,call,0.0230010446916408,0.0225,0.024,0.32289046180570513,0.7759276106690342,9.802338508019533,0.000215053303652667,-0.0016209697517599873,68,0,77559.7
2026-09-03 04:36:58,okx,BTC,BTC-USD-260905-76000-P,2026-09-05,76000,put,0.0028156190911717,0.0027,0.0028,0.32289046180570513,-0.20380304457610082,11.761799818509802,0.000215053303652667,-0.0016215234692197205,1720,2469,77559.7
2026-09-03 04:36:58,okx,BTC,BTC-USD-260905-75000-C,2026-09-05,75000,call,0.0343103663115539,0.034,0.035,0.3436576087537519,0.8674646388965183,4.841935276420742,0.00013258044251287794,-0.0010630748692008248,0,0,77559.7
2026-09-03 04:36:58,okx,BTC,BTC-USD-260905-75000-P,2026-09-05,75000,put,0.0012334154565241,0.0011,0.0012,0.3436576087537519,-0.0993748235164439,6.775614201246666,0.00013258044251287794,-0.0010639817700222912,3894,3399,77559.7
2026-09-03 04:36:58,okx,BTC,BTC-USD-260905-74000-C,2026-09-05,74000,call,0.046549884525192,0.0465,0.0475,0.3733370657861751,0.9050208264216327,1.7012946652010277,0.00007689677757735216,-0.0006691514486577431,0,0,77559.7
2026-09-03 04:36:58,okx,BTC,BTC-USD-260925-88000-C,2026-09-25,88000,call,0.0042374680998707,0.0044,0.0045,0.37869791981318474,0.09553619826031848,1.6874085846983833,0.00043152417776951734,-0.0003690254579207462,7466,2050,77559.7
2026-09-03 04:36:58,okx,BTC,BTC-USD-260905-74000-P,2026-09-05,74000,put,0.0005814084156018,0.0005,0.0006,0.3733370657861751,-0.04892744315915668,3.609191204362607,0.00007689677757735216,-0.0006704115328409428,15725,16605,77559.7
2026-09-03 04:36:58,okx,BTC,BTC-USD-260925-88000-P,2026-09-25,88000,put,0.1362716286021663,0.1345,0.138,0.37869791981318474,-1.0364091511931357,3.9512992836052914,0.00043152417776951734,-0.0003686695868094425,64,0,77559.7
2026-09-03 04:36:58,okx,BTC,BTC-USD-260903-84000-P,2026-09-03,84000,put,0.0830710388782871,0.082,0.0835,0.5508947279562406,-1.0830685707057686,2.166137141473548,0.00000000000000013201700057968142,0.000000321031125050147,320,0,77559.7
2026-09-03 04:36:58,okx,BTC,BTC-USD-260905-72000-C,2026-09-05,72000,call,0.0719145578949941,0.0715,0.073,0.44339466072910594,0.9144643593773857,-0.8080033617964363,0.00002655333362645948,-0.00027297802296345487,0,0,77559.7
2026-09-03 04:36:58,okx,BTC,BTC-USD-260905-72000-P,2026-09-05,72000,put,0.000163031276283,0.0001,0.0002,0.44339466072910594,-0.013701524539057952,1.0483284060364513,0.00002655333362645948,-0.0002749444738701209,4288,4439,77559.7
2026-09-03 04:36:58,okx,BTC,BTC-USD-260905-78500-C,2026-09-05,78500,call,0.0051103691977036,0.005,0.0055,0.3253276130360219,0.31511436347128713,13.725979138201575,0.00027396511565421617,-0.002081274999916672,1343,1142,77559.7
2026-09-03 04:36:58,okx,BTC,BTC-USD-260905-78500-P,2026-09-05,78500,put,0.0171537567336354,0.017,0.0175,0.3253276130360219,-0.6968442738542798,15.749896412852708,0.00027396511565421617,-0.0020809457589720725,133,128,77559.7
2026-09-03 04:36:58,okx,BTC,BTC-USD-260905-78000-C,2026-09-05,78000,call,0.0072333948308952,0.007,0.0075,0.3191596933004224,0.40757874799899374,15.131248631124524,0.0002985420166072042,-0.0022249348439729133,3569,3586,77559.7
2026-09-03 04:36:58,okx,BTC,BTC-USD-260905-78000-P,2026-09-05,78000,put,0.0128310197395469,0.0125,0.013,0.3191596933004224,-0.597934292910487,17.142274712943486,0.0002985420166072042,-0.00222478219470918,481,729,77559.7
2026-09-03 04:36:58,okx,BTC,BTC-USD-260905-77500-C,2026-09-05,77500,call,0.0100558443622355,0.01,0.0105,0.31520472646224923,0.5091569332281727,15.486789198406345,0.00030517261846205217,-0.002246091687993617,2392,2177,77559.7
2026-09-03 04:36:58,okx,BTC,BTC-USD-260905-77500-P,2026-09-05,77500,put,0.0092077066436069,0.009,0.0095,0.31520472646224923,-0.48991051126522167,17.484924087393136,0.00030517261846205217,-0.0022461156304107504,322,138,77559.7
2026-09-03 04:36:58,okx,BTC,BTC-USD-260905-77000-C,2026-09-05,77000,call,0.0136537047129891,0.0135,0.014,0.314328076946706,0.6107523287109463,14.535869724731263,0.0002905371229191372,-0.002132313550087831,1619,714,77559.7
2026-09-03 04:36:58,okx,BTC,BTC-USD-260905-77000-P,2026-09-05,77000,put,0.0063598043670803,0.006,0.0065,0.314328076946706,-0.38186951936636154,16.521113420885882,0.0002905371229191372,-0.002132514084185831,1416,859,77559.7
2026-09-03 04:36:58,okx,BTC,BTC-USD-260905-81000-C,2026-09-05,81000,call,0.0009355459749595,0.0009,0.001,0.3838889126117075,0.07149350470398613,4.544865498211596,0.0001055635801346065,-0.0009463470519335282,1282,1234,77559.7
2026-09-03 04:36:58,okx,BTC,BTC-USD-260905-81000-P,2026-09-05,81000,put,0.0452077466472926,0.0445,0.0455,0.3838889126117075,-0.9726931147020129,6.633238737023595,0.0001055635801346065,-0.0009451348525845955,0,0,77559.7
2026-09-03 04:36:58,okx,BTC,BTC-USD-260905-80000-C,2026-09-05,80000,call,0.0017730939105186,0.0017,0.0018,0.35565815140445556,0.1296119217945174,7.5639531299929805,0.0001632114127670656,-0.0013555334416602274,10226,6718,77559.7
2026-09-03 04:36:58,okx,BTC,BTC-USD-260905-80000-P,2026-09-05,80000,put,0.033153769328291,0.032,0.0335,0.35565815140445556,-0.901683504779309,9.626543983140634,0.0001632114127670656,-0.001354674425673028,0,0,77559.7
2026-09-03 04:36:58,okx,BTC,BTC-USD-260905-79500-C,2026-09-05,79500,call,0.0025070622106962,0.0024,0.0025,0.3437435026799193,0.17589458328177557,9.559321722863437,0.00019984414811256672,-0.001604167975770648,1151,238,77559.7
2026-09-03 04:36:58,okx,BTC,BTC-USD-260905-79500-P,2026-09-05,79500,put,0.0274419750011884,0.0265,0.0275,0.3437435026799193,-0.8489552468759644,11.609021383178916,0.00019984414811256672,-0.0016034855514643152,0,0,77559.7
2026-09-03 04:36:58,okx,BTC,BTC-USD-260905-79000-C,2026-09-05,79000,call,0.0035782540288427,0.0035,0.0036,0.3335728319878872,0.2373207508936398,11.718162082127318,0.00023857715325565577,-0.0018583996365870551,1765,143,77559.7
2026-09-03 04:36:58,okx,BTC,BTC-USD-260905-79000-P,2026-09-05,79000,put,0.0220674041920547,0.021,0.0225,0.3335728319878872,-0.7810834828480135,13.754970549610622,0.00023857715325565577,-0.0018578938039615891,54,0,77559.7
2026-09-03 04:36:58,okx,BTC,BTC-USD-260905-85000-C,2026-09-05,85000,call,0.0001620819743068,0.0002,0.0003,0.5236415029719732,0.011703752175098102,0.7478324464654464,0.0000236896247470379,-0.00028968640327975463,20,20,77559.7
2026-09-03 04:36:58,okx,BTC,BTC-USD-260905-85000-P,2026-09-05,85000,put,0.0960003836648817,0.095,0.0965,0.5236415029719732,-1.0840476385595923,2.9393352279348273,0.0000236896247470379,-0.0002870614704838894,0,0,77559.7
2026-09-03 04:36:58,okx,BTC,BTC-USD-260905-84000-C,2026-09-05,84000,call,0.0002298386593691,0.0002,0.0003,0.4878682821836774,0.017054063897191548,1.1102858822051989,0.000032750109965418285,-0.0003731217307645114,945,730,77559.7
2026-09-03 04:36:58,okx,BTC,BTC-USD-260905-84000-P,2026-09-05,84000,put,0.0831766150953834,0.0825,0.0835,0.4878682821836774,-1.065806134005326,3.276006278010234,0.000032750109965418285,-0.00037084998133037934,0,0,77559.7
2026-09-03 04:36:58,okx,BTC,BTC-USD-260905-83000-C,2026-09-05,83000,call,0.0003406449469614,0.0003,0.0004,0.4517008642859924,0.02589146369704512,1.7070437973162187,0.000046602431834983346,-0.0004915795190057388,5255,7,77559.7
2026-09-03 04:36:58,okx,BTC,BTC-USD-260905-83000-P,2026-09-05,83000,put,0.0703958961284152,0.0695,0.071,0.4517008642859924,-1.0440775413732997,3.8469818074569084,0.000046602431834983346,-0.0004896609529333399,0,0,77559.7
2026-09-03 04:36:58,okx,BTC,BTC-USD-260905-82000-C,2026-09-05,82000,call,0.0005403665929236,0.0005,0.0006,0.4164983084416718,0.04162994768924662,2.736446892173208,0.0000688893035303177,-0.0006700357284243021,366,2,77559.7
2026-09-03 04:36:58,okx,BTC,BTC-USD-260905-82000-P,2026-09-05,82000,put,0.057704092519817,0.057,0.058,0.4164983084416718,-1.0154478645489253,4.850602516649553,0.0000688893035303177,-0.0006684703457136364,0,0,77559.7
2026-09-03 04:36:58,okx,BTC,BTC-USD-260925-79000-C,2026-09-25,79000,call,0.0256320192207591,0.0255,0.026,0.3345847826731401,0.4130284435331002,3.957567688031247,0.0009708869976547556,-0.0007335093692902019,6761,1037,77559.7
2026-09-03 04:36:58,okx,BTC,BTC-USD-260925-79000-P,2026-09-25,79000,put,0.041896063202136,0.0415,0.042,0.3345847826731401,-0.603149767908069,5.989924110913585,0.0009708869976547556,-0.0007334655936930487,1539,826,77559.7
2026-09-03 04:36:58,okx,BTC,BTC-USD-260904-92000-P,2026-09-04,92000,put,0.1861267624308449,0.1855,0.1865,0.9965678457016887,-1.1848618167693277,2.4413134706804573,0.000002230341109234729,-0.00009229772733801711,160,0,77559.7
2026-09-03 04:36:58,okx,BTC,BTC-USD-260904-83000-P,2026-09-04,83000,put,0.0702028335905861,0.0695,0.0705,0.5338394354483349,-1.0580311365219344,3.171013855380934,0.00001760581867775737,-0.00040991970550918814,1292,160,77559.7
2026-09-03 04:36:58,okx,BTC,BTC-USD-260904-92000-C,2026-09-04,92000,call,0.000018517346503,,,0.9965678457016887,0.0011845843467251107,0.06922066844835219,0.000002230341109234729,-0.00009739574543388713,5268,0,77559.7
2026-09-03 04:36:58,okx,BTC,BTC-USD-260904-83000-C,2026-09-04,83000,call,0.0001238588816768,0.0001,0.0002,0.5338394354483349,0.011988986224069756,1.0309736098889257,0.00001760581867775737,-0.00041183892148972153,10633,4269,77559.7
2026-09-03 04:36:58,okx,BTC,BTC-USD-260905-73000-C,2026-09-05,73000,call,0.059159680827168,0.059,0.06,0.40786691249578877,0.9156748872040209,0.04477505156420336,0.00004488640338714065,-0.0004259176081160437,0,0,77559.7
2026-09-03 04:36:58,okx,BTC,BTC-USD-260905-73000-P,2026-09-05,73000,put,0.0002996794630174,0.0003,0.0004,0.40786691249578877,-0.02538218954459571,1.9268892050614363,0.00004488640338714065,-0.00042753087566097653,6656,11849,77559.7
2026-09-03 04:36:58,okx,BTC,BTC-USD-260925-64000-P,2026-09-25,64000,put,0.0019174872813544,0.0017,0.0018,0.4654462125865126,-0.04166352745362526,0.8311590201334965,0.00021114409354034398,-0.00022192695192043855,16671,1,77559.7
2026-09-03 04:36:58,okx,BTC,BTC-USD-260925-64000-C,2026-09-25,64000,call,0.1786036375015088,0.1775,0.18,0.4654462125865126,0.7815694539670687,-0.8153069427078914,0.00021114409354034398,-0.00022145056832734085,8326,0,77559.7
2026-09-03 04:36:58,okx,BTC,BTC-USD-260905-88000-C,2026-09-05,88000,call,0.00006126233665,,0.0002,0.6197346782632966,0.0041484461524707575,0.25297971962512056,0.00000949819183239973,-0.0001374624120035018,660,660,77559.7
2026-09-03 04:36:58,okx,BTC,BTC-USD-260905-88000-P,2026-09-05,88000,put,0.1345741397909061,0.1335,0.135,0.6197346782632966,-1.1302765230787384,2.5218296580875386,0.00000949819183239973,-0.00013377792912243702,109,0,77559.7
2026-09-03 04:36:58,okx,BTC,BTC-USD-260905-86000-C,2026-09-05,86000,call,0.0001169407105108,0.0001,0.0002,0.5579795859005362,0.008229249840053798,0.5159110575475372,0.000017424732741559324,-0.00022704964909339842,3245,3222,77559.7
2026-09-03 04:36:58,okx,BTC,BTC-USD-260905-86000-P,2026-09-05,86000,put,0.1088467676556461,0.108,0.1095,0.5579795859005362,-1.1004133337268096,2.7331962246812638,0.000017424732741559324,-0.00022407153293579999,0,0,77559.7
2026-09-03 04:36:58,okx,BTC,BTC-USD-260925-72000-P,2026-09-25,72000,put,0.0092210015392163,0.009,0.0095,0.3613088899994881,-0.1916454376417594,3.356790982950493,0.0006517064478768263,-0.0005317188959328997,15099,2631,77559.7
2026-09-03 04:36:58,okx,BTC,BTC-USD-260925-76000-C,2026-09-25,76000,call,0.0452361249799915,0.0445,0.046,0.338485862840301,0.5775130587802939,3.4015427279585144,0.0009355863629653547,-0.0007150263576718909,2431,1281,77559.7
2026-09-03 04:36:58,okx,BTC,BTC-USD-260925-72000-C,2026-09-25,72000,call,0.0830003815185539,0.082,0.0835,0.3613088899994881,0.7344916664565213,1.5045167747539319,0.0006517064478768263,-0.0005315199305746024,23104,330,77559.7
2026-09-03 04:36:58,okx,BTC,BTC-USD-260925-76000-P,2026-09-25,76000,put,0.0229101301210623,0.0225,0.023,0.338485862840301,-0.4000761066567801,5.3567210588326635,0.0009355863629653547,-0.0007150866139127878,16937,757,77559.7
2026-09-03 04:36:58,okx,BTC,BTC-USD-261127-105000-C,2026-11-27,105000,call,0.0068815527905145,0.0075,0.008,0.4076618658715403,0.07587736874674976,0.6226955184136551,0.0007364440698445689,-0.00017622058297477172,1017,0,77559.7
2026-09-03 04:36:58,okx,BTC,BTC-USD-260925-66000-P,2026-09-25,66000,put,0.0026563140550376,0.0025,0.0026,0.4329934559644085,-0.05877269605558391,1.1773413908938966,0.00027836140508102745,-0.0002721765178474638,10353,716,77559.7
2026-09-03 04:36:58,okx,BTC,BTC-USD-261127-105000-P,2026-11-27,105000,put,0.3461026346235358,0.3415,0.3505,0.4076618658715403,-1.262188946866061,3.298828149639276,0.0007364440698445689,-0.00017193811680534513,0,0,77559.7
2026-09-03 04:36:58,okx,BTC,BTC-USD-261127-100000-C,2026-11-27,100000,call,0.0104065955801845,0.011,0.0115,0.39648699503169565,0.10927728719999477,0.8238441047459049,0.0009640708533626776,-0.0002243439918736265,5019,17,77559.7
2026-09-03 04:36:58,okx,BTC,BTC-USD-261127-100000-P,2026-11-27,100000,put,0.2859064130952942,0.2825,0.288,0.39648699503169565,-1.165071584812206,3.372541848770306,0.0009640708533626776,-0.00022086611116890807,79,0,77559.7
2026-09-03 04:36:58,okx,BTC,BTC-USD-261127-82000-C,2026-11-27,82000,call,0.0531606958377348,0.0525,0.053,0.3760557093103691,0.38385904840458285,1.39946896395039,0.0019010552527913283,-0.0004191627231206497,1017,46,77559.7
2026-09-03 04:36:58,okx,BTC,BTC-USD-261127-82000-P,2026-11-27,82000,put,0.0992639618083633,0.098,0.0995,0.3760557093103691,-0.6611070266454216,3.489401114050399,0.0019010552527913283,-0.00041858135008888064,111,0,77559.7
2026-09-03 04:36:58,okx,BTC,BTC-USD-260925-66000-C,2026-09-25,66000,call,0.1536157717149876,0.153,0.1545,0.4329934559644085,0.7901863160345067,-0.5205766332862846,0.00027836140508102745,-0.0002717694888130662,6434,65,77559.7
2026-09-03 04:36:58,okx,BTC,BTC-USD-260925-78000-P,2026-09-25,78000,put,0.0346565388089111,0.034,0.035,0.33467095156189364,-0.5344788396004089,5.90860142698047,0.000982509649011423,-0.0007424580840004206,11303,1391,77559.7
2026-09-03 04:36:58,okx,BTC,BTC-USD-260925-55000-C,2026-09-25,55000,call,0.2930974255283328,0.292,0.2945,0.6380498971864204,0.6955325070020381,-1.2025287284660093,0.00007297179028830396,-0.00010435303569435442,1258,0,77559.7
2026-09-03 04:36:58,okx,BTC,BTC-USD-260925-78000-C,2026-09-25,78000,call,0.0312558411076363,0.031,0.0315,0.33467095156189364,0.4688363565060619,3.9019710347675276,0.000982509649011423,-0.0007424671823182239,16713,3122,77559.7
2026-09-03 04:36:58,okx,BTC,BTC-USD-260925-55000-P,2026-09-25,55000,put,0.0006411587872598,0.0005,0.0007,0.6380498971864204,-0.011933336406370872,0.2124029583508086,0.00007297179028830396,-0.00010514151480160266,52509,1300,77559.7
2026-09-03 04:36:58,okx,BTC,BTC-USD-270625-25000-P,2027-06-25,25000,put,0.0012288069026933,0.0025,0.0044,0.5811320899914381,-0.007391213030792823,0.04810030604484937,0.00015656294268265262,-0.000015413604476150002,63,0,77559.7
2026-09-03 04:36:58,okx,BTC,BTC-USD-270625-25000-C,2027-06-25,25000,call,0.6912428712229611,0.6865,0.701,0.5811320899914381,0.3025766585409678,-0.5718354370986719,0.00015656294268265262,-0.000015413604476150002,0,0,77559.7
2026-09-03 04:36:58,okx,BTC,BTC-USD-270625-30000-P,2027-06-25,30000,put,0.0026171345592503,0.0001,0.0075,0.5539031633612714,-0.015338892143707955,0.09664285358942655,0.00029545043026281664,-0.00002772418890994246,787,0,77559.7
2026-09-03 04:36:58,okx,BTC,BTC-USD-270625-30000-C,2027-06-25,30000,call,0.6306340117435717,0.6255,0.6415,0.5539031633612714,0.35662255374240487,-0.647280038182799,0.00029545043026281664,-0.00002772418890994246,0,0,77559.7
2026-09-03 04:36:58,okx,BTC,BTC-USD-260925-68000-C,2026-09-25,68000,call,0.1290949491452092,0.128,0.1305,0.40445873734929516,0.7890631433086025,-0.06101219141043915,0.00037221843332227287,-0.0003396244433794671,13332,20,77559.7
2026-09-03 04:36:58,okx,BTC,BTC-USD-260925-68000-P,2026-09-25,68000,put,0.0038621840454633,0.0037,0.0038,0.40445873734929516,-0.08562189945088476,1.6883578941085353,0.00037221843332227287,-0.00033996211785516456,18335,3378,77559.7
2026-09-03 04:36:58,okx,BTC,BTC-USD-270625-45000-P,2027-06-25,45000,put,0.013427221355317,0.0115,0.0185,0.48475391013238456,-0.0732123537966223,0.41894824602750186,0.0010682234274761084,-0.00008772508475183667,1137,0,77559.7
2026-09-03 04:36:58,okx,BTC,BTC-USD-270625-45000-C,2027-06-25,45000,call,0.4554525371317991,0.4485,0.4695,0.48475391013238456,0.48472981503254686,-0.6969360916308367,0.0010682234274761084,-0.00008772508475183667,1,0,77559.7
2026-09-03 04:36:58,okx,BTC,BTC-USD-270625-50000-P,2027-06-25,50000,put,0.0207414429911582,0.0215,0.0225,0.46721081499656114,-0.10954217388790065,0.6017898290268274,0.0014458203327141017,-0.00011443729732168626,2808,10,77559.7
2026-09-03 04:36:58,okx,BTC,BTC-USD-270625-50000-C,2027-06-25,50000,call,0.4007695716316939,0.3925,0.4155,0.46721081499656114,0.5103935692556206,-0.6380816572602152,0.0014458203327141017,-0.00011443729732168626,307,0,77559.7
2026-09-03 04:36:58,okx,BTC,BTC-USD-260903-78750-P,2026-09-03,78750,put,0.0154069358354411,0.0145,0.016,0.34294221638623723,-1.0035157914474804,6.602667534529547,0.000006090553644964229,-0.00010437585347546646,170,0,77559.7
2026-09-03 04:36:58,okx,BTC,BTC-USD-270625-35000-P,2027-06-25,35000,put,0.0048701141494857,0.0055,0.0075,0.5283630199904562,-0.027910631874091027,0.17068404243585014,0.0004907366460560929,-0.00004392596199177662,1507,0,77559.7
2026-09-03 04:36:58,okx,BTC,BTC-USD-270625-35000-C,2027-06-25,35000,call,0.5708898041978606,0.5655,0.583,0.5283630199904562,0.4060443883263739,-0.6972259979650798,0.0004907366460560929,-0.00004392596199177662,0,0,77559.7
2026-09-03 04:36:58,okx,BTC,BTC-USD-270625-40000-P,2027-06-25,40000,put,0.0083238442036508,0.0095,0.012,0.5051874515510686,-0.04661281765451684,0.27629592325755403,0.0007478373942026368,-0.00006400296729741606,4092,0,77559.7
2026-09-03 04:36:58,okx,BTC,BTC-USD-260903-78750-C,2026-09-03,78750,call,0.0000275954967216,,0.0002,0.34294221638623723,0.011860993589261562,4.571913964456065,0.000006090553644964229,-0.00010443529157017611,6827,10866,77559.7
2026-09-03 04:36:58,okx,BTC,BTC-USD-270625-40000-C,2027-06-25,40000,call,0.5123463471160793,0.5065,0.5255,0.5051874515510686,0.4493357768603002,-0.71560126577208,0.0007478373942026368,-0.00006400296729741606,9,0,77559.7
2026-09-03 04:36:58,okx,BTC,BTC-USD-270625-65000-P,2027-06-25,65000,put,0.0623795954186587,0.061,0.0635,0.43121937066748706,-0.2888884149534313,1.354178440810726,0.0027072068954495493,-0.00019776985092890658,1245,30,77559.7
2026-09-03 04:36:58,okx,BTC,BTC-USD-270625-65000-C,2027-06-25,65000,call,0.256416162651355,0.2525,0.259,0.43121937066748706,0.5170280511331464,-0.25765449136242935,0.0027072068954495493,-0.00019776985092890658,3854,0,77559.7
2026-09-03 04:36:58,okx,BTC,BTC-USD-260903-75500-C,2026-09-03,75500,call,0.0265663909555303,0.026,0.0275,0.5929300003390721,0.9630453205102415,0.4372134113779518,0.000005415184134085977,-0.00016043859631541667,55,0,77559.7
2026-09-03 04:36:58,okx,BTC,BTC-USD-270625-70000-P,2027-06-25,70000,put,0.084718135832719,0.083,0.0855,0.42412516008421924,-0.37170552091722314,1.6365663212235249,0.003063075943873503,-0.00022008587890253985,3005,20,77559.7
2026-09-03 04:36:58,okx,BTC,BTC-USD-260903-75500-P,2026-09-03,75500,put,0.0000413464840411,,0.0002,0.5929300003390721,-0.010427025778952305,2.3841581039563393,0.000005415184134085977,-0.00016054109676554986,9365,8600,77559.7
2026-09-03 04:36:58,okx,BTC,BTC-USD-270625-70000-C,2027-06-25,70000,call,0.2167575159294689,0.2135,0.2195,0.42412516008421924,0.49620451948370664,-0.09925375957833457,0.003063075943873503,-0.00022008587890253985,444,1,77559.7
2026-09-03 04:36:58,okx,BTC,BTC-USD-270625-55000-P,2027-06-25,55000,put,0.0309089116521836,0.031,0.0325,0.4525401791154374,-0.15716548472261352,0.8237581999484609,0.0018641294104549495,-0.0001429136068335435,1988,15,77559.7
2026-09-03 04:36:58,okx,BTC,BTC-USD-270625-55000-C,2027-06-25,55000,call,0.3489398531567728,0.339,0.3645,0.4525401791154374,0.5247638327352598,-0.5401004349672859,0.0018641294104549495,-0.0001429136068335435,11,0,77559.7
2026-09-03 04:36:58,okx,BTC,BTC-USD-270625-60000-P,2027-06-25,60000,put,0.044590304167593,0.044,0.046,0.4406105549638079,-0.21697844269986383,1.0783947337439432,0.0022960042830064233,-0.00017138308956177726,5565,1,77559.7
2026-09-03 04:36:58,okx,BTC,BTC-USD-270625-60000-C,2027-06-25,60000,call,0.3006240585362356,0.297,0.3035,0.4406105549638079,0.5269444490723616,-0.4094510498005079,0.0022960042830064233,-0.00017138308956177726,34,30,77559.7
2026-09-03 04:36:58,okx,BTC,BTC-USD-260904-79000-P,2026-09-04,79000,put,0.0198947655778773,0.019,0.0205,0.3162285750678927,-0.867651468224435,15.049847530146788,0.0001316256327660139,-0.0018233750995147904,5056,90,77559.7
2026-09-03 04:36:58,okx,BTC,BTC-USD-270625-85000-P,2027-06-25,85000,put,0.1801391882415697,0.1765,0.182,0.414069038360814,-0.6620742990484777,2.3944972562275773,0.0035837258965739555,-0.0002513899548385816,35,0,77559.7
2026-09-03 04:36:58,okx,BTC,BTC-USD-260904-84000-C,2026-09-04,84000,call,0.0001039123322279,0.0001,0.0002,0.6012170886094583,0.009189977828050734,0.7253261237099649,0.00001397802111300349,-0.000368245747583949,11836,2448,77559.7
2026-09-03 04:36:58,okx,BTC,BTC-USD-270625-85000-C,2027-06-25,85000,call,0.1261870069304801,0.1235,0.1275,0.414069038360814,0.3918164642955086,0.2867157295396048,0.0035837258965739555,-0.0002513899548385816,4193,0,77559.7
2026-09-03 04:36:58,okx,BTC,BTC-USD-270625-90000-P,2027-06-25,90000,put,0.220717057048448,0.217,0.2235,0.41362905899077923,-0.7639999962184035,2.5942503492883384,0.0035662106268113322,-0.00024989548468148964,24,0,77559.7
2026-09-03 04:36:58,okx,BTC,BTC-USD-260904-79000-C,2026-09-04,79000,call,0.0013843554802714,0.0015,0.0016,0.3162285750678927,0.15080141969043637,13.012941754317046,0.0001316256327660139,-0.0018238815145551741,8629,2882,77559.7
2026-09-03 04:36:58,okx,BTC,BTC-USD-270625-90000-C,2027-06-25,90000,call,0.104767688601412,0.1025,0.106,0.41362905899077923,0.35188434143993486,0.362481673971662,0.0035662106268113322,-0.00024989548468148964,4274,346,77559.7
2026-09-03 04:36:58,okx,BTC,BTC-USD-270625-75000-P,2027-06-25,75000,put,0.1118326032097906,0.11,0.1125,0.41907097766383644,-0.46330731237792055,1.9110512666381534,0.0033358930139061496,-0.00023683183301503492,512,11,77559.7
2026-09-03 04:36:58,okx,BTC,BTC-USD-270625-75000-C,2027-06-25,75000,call,0.181874796170594,0.1785,0.184,0.41907097766383644,0.46659630233736155,0.051244037207589355,0.0033358930139061496,-0.00023683183301503492,5986,0,77559.7
2026-09-03 04:36:58,okx,BTC,BTC-USD-270625-80000-P,2027-06-25,80000,put,0.1437139376012702,0.141,0.1445,0.4158005909987575,-0.5610196951572543,2.1660329229887236,0.0035101014511915917,-0.00024725503742197984,1142,0,77559.7
2026-09-03 04:36:58,okx,BTC,BTC-USD-270625-80000-C,2027-06-25,80000,call,0.151758943426127,0.1485,0.154,0.4158005909987575,0.43087749387237984,0.18223854492945532,0.0035101014511915917,-0.00024725503742197984,7829,0,77559.7
2026-09-03 04:36:58,okx,BTC,BTC-USD-270625-110000-P,2027-06-25,110000,put,0.4146442069727305,0.3925,0.428,0.4207819267491225,-1.1505354987762495,3.1651268987320194,0.002939921111010695,-0.00020957193918424394,0,0,77559.7
2026-09-03 04:36:58,okx,BTC,BTC-USD-270625-110000-C,2027-06-25,110000,call,0.0507060899819089,0.05,0.052,0.4207819267491225,0.21332313613949733,0.43740962890052565,0.002939921111010695,-0.00020957193918424394,1804,0,77559.7
2026-09-03 04:36:58,okx,BTC,BTC-USD-260904-88000-P,2026-09-04,88000,put,0.1345954990739171,0.134,0.135,0.8408796534467174,-1.130637644086674,2.5074587385106453,0.0000064715117280953894,-0.00023476673958897342,0,0,77559.7
2026-09-03 04:36:58,okx,BTC,BTC-USD-270625-120000-P,2027-06-25,120000,put,0.5242593803434006,0.502,0.5375,0.4280339349471025,-1.323683295002089,3.375817957146961,0.002521247744449886,-0.00018282437675000947,0,0,77559.7
2026-09-03 04:36:58,okx,BTC,BTC-USD-270625-120000-C,2027-06-25,120000,call,0.0363268890806861,0.036,0.0375,0.4280339349471025,0.16416248854236223,0.40012639005805883,0.002521247744449886,-0.00018282437675000947,1465,1,77559.7
2026-09-03 04:36:58,okx,BTC,BTC-USD-260904-86000-P,2026-09-04,86000,put,0.1088341889440091,0.108,0.109,0.7300991523443214,-1.1027045886008258,2.6262171748380414,0.000009604590956294213,-0.00030429231265258054,200,94,77559.7
2026-09-03 04:36:58,okx,BTC,BTC-USD-270625-95000-P,2027-06-25,95000,put,0.2649519439004724,0.261,0.2685,0.4142287187432071,-0.8648739662221463,2.7669696776409203,0.003474150090503859,-0.00024379745049331433,8,0,77559.7
2026-09-03 04:36:58,okx,BTC,BTC-USD-260904-88000-C,2026-09-04,88000,call,0.0000558186008787,,0.0001,0.8408796534467174,0.0038415221982459934,0.2385004059408056,0.0000064715117280953894,-0.00023845195674469387,9006,85,77559.7
2026-09-03 04:36:58,okx,BTC,BTC-USD-270625-95000-C,2027-06-25,95000,call,0.08700538831749,0.085,0.088,0.4142287187432071,0.3130039457505443,0.4112138536955392,0.003474150090503859,-0.00024379745049331433,2592,553,77559.7
2026-09-03 04:36:58,okx,BTC,BTC-USD-260904-77250-C,2026-09-04,77250,call,0.0086587059517522,0.0085,0.009,0.2889534355393672,0.5942306995116733,22.677475897192654,0.00021558542780557373,-0.0027294399359639497,2010,1865,77559.7
2026-09-03 04:36:58,okx,BTC,BTC-USD-260904-84000-P,2026-09-04,84000,put,0.0830750281939629,0.0825,0.0835,0.6012170886094583,-1.0737219536257367,2.8911499866175396,0.00001397802111300349,-0.00036597333136837817,104,0,77559.7
2026-09-03 04:36:58,okx,BTC,BTC-USD-270625-100000-P,2027-06-25,100000,put,0.3123387467509932,0.308,0.3165,0.41570544630468215,-0.9633730452530328,2.916484623818032,0.0033269245486003845,-0.00023429824913913564,106,0,77559.7
2026-09-03 04:36:58,okx,BTC,BTC-USD-260904-77250-P,2026-09-04,77250,put,0.0046078690319129,0.0045,0.0046,0.2889534355393672,-0.40166152316457754,24.669260342545158,0.00021558542780557373,-0.0027295516213348813,260,260,77559.7
2026-09-03 04:36:58,okx,BTC,BTC-USD-260904-86000-C,2026-09-04,86000,call,0.0000787907766222,,0.0002,0.7300991523443214,0.005990960268527846,0.4088260770993342,0.000009604590956294213,-0.0003072711293382262,7554,1384,77559.7
2026-09-03 04:36:58,okx,BTC,BTC-USD-270625-100000-C,2027-06-25,100000,call,0.0723950040320644,0.071,0.0725,0.41570544630468215,0.27649844103400983,0.4367416512439471,0.0033269245486003845,-0.00023429824913913564,2707,203,77559.7
2026-09-03 04:36:58,okx,BTC,BTC-USD-260904-80000-P,2026-09-04,80000,put,0.0319221357990277,0.0315,0.0325,0.35528736935055616,-0.9707316716484397,8.026536490655843,0.0000675862913035019,-0.0010513362433356894,3372,0,77559.7
2026-09-03 04:36:58,okx,BTC,BTC-USD-260925-105000-C,2026-09-25,105000,call,0.0006432029900421,0.0006,0.0008,0.5410381865170333,0.013640781194069144,0.24520335788117348,0.00008942847054499981,-0.00010926185061172892,12320,4160,77559.7
2026-09-03 04:36:58,okx,BTC,BTC-USD-260903-78250-C,2026-09-03,78250,call,0.0001128477336499,,0.0002,0.2747879447928421,0.0499952634375833,19.025564696814975,0.000020309626275271932,-0.00027904158682460367,3791,6010,77559.7
2026-09-03 04:36:58,okx,BTC,BTC-USD-260904-82000-C,2026-09-04,82000,call,0.0001625100313164,0.0002,0.0003,0.46800181631236115,0.01721236662205864,1.6070671528175728,0.000024015925253900057,-0.0004925008940973086,12708,3134,77559.7
2026-09-03 04:36:58,okx,BTC,BTC-USD-260904-78000-P,2026-09-04,78000,put,0.0097506626540144,0.009,0.01,0.29338723913634096,-0.6396842748672004,24.296252276249664,0.00021110610282432018,-0.0027137099211430224,9866,1062,77559.7
2026-09-03 04:36:58,okx,BTC,BTC-USD-260904-80000-C,2026-09-04,80000,call,0.000519584548596,0.0006,0.0007,0.35528736935055616,0.06061302497421498,5.963847097410534,0.0000675862913035019,-0.0010521958586111107,21882,2038,77559.7
2026-09-03 04:36:58,okx,BTC,BTC-USD-260904-77000-P,2026-09-04,77000,put,0.0034692111298083,0.0034,0.0035,0.29098272771994205,-0.32676454485658757,22.727610040668456,0.0002007996196754246,-0.0025602248002932477,11093,4917,77559.7
2026-09-03 04:36:58,okx,BTC,BTC-USD-270625-130000-P,2027-06-25,130000,put,0.6386914066249858,0.6165,0.657,0.43687103800693255,-1.4844406236072576,3.5732822271460596,0.0021350850155641443,-0.00015801881632748597,0,0,77559.7
2026-09-03 04:36:58,okx,BTC,BTC-USD-260904-78000-C,2026-09-04,78000,call,0.0041323937092343,0.0041,0.0042,0.29338723913634096,0.3658768043398879,22.285130117835486,0.00021110610282432018,-0.002713863135948369,18903,9840,77559.7
2026-09-03 04:36:58,okx,BTC,BTC-USD-270625-130000-C,2027-06-25,130000,call,0.0267645410903783,0.027,0.028,0.43687103800693255,0.12739230856589784,0.3496163627997487,0.0021350850155641443,-0.00015801881632748597,1806,0,77559.7
2026-09-03 04:36:58,okx,BTC,BTC-USD-270625-140000-P,2027-06-25,140000,put,0.7562487098508062,0.7335,0.7735,0.4468624327418651,-1.6354541551749509,3.770768971493482,0.001806173903568483,-0.00013673313955649976,0,0,77559.7
2026-09-03 04:36:58,okx,BTC,BTC-USD-260904-77000-C,2026-09-04,77000,call,0.0107430833378542,0.0105,0.0115,0.29098272771994205,0.6659047256427175,20.742271499669844,0.0002007996196754246,-0.002560024814863557,5285,1571,77559.7
2026-09-03 04:36:58,okx,BTC,BTC-USD-260925-105000-P,2026-09-25,105000,put,0.3513542502540733,0.35,0.354,0.5410381865170333,-1.3369758289492568,2.946436578167826,0.00008942847054499981,-0.00010831646575147428,312,0,77559.7
2026-09-03 04:36:58,okx,BTC,BTC-USD-270625-140000-C,2027-06-25,140000,call,0.0203274700443057,0.0195,0.022,0.4468624327418651,0.10036592562690877,0.2991288098897624,0.001806173903568483,-0.00013673313955649976,983,8,77559.7
2026-09-03 04:36:58,okx,BTC,BTC-USD-260925-86000-C,2026-09-25,86000,call,0.0060929559009297,0.006,0.0065,0.3633330263957285,0.1330771812983041,2.211058732175509,0.0005459761291960791,-0.0004479549334143635,4865,149,77559.7
2026-09-03 04:36:58,okx,BTC,BTC-USD-260925-86000-P,2026-09-25,86000,put,0.1124004238430212,0.111,0.114,0.3633330263957285,-0.9731421374857535,4.4234973697436235,0.0005459761291960791,-0.0004476684168617599,0,0,77559.7
2026-09-03 04:36:58,okx,BTC,BTC-USD-260903-78250-P,2026-09-03,78250,put,0.0090453596400294,0.0085,0.0095,0.2747879447928421,-0.9589346848687668,21.04342459342768,0.000020309626275271932,-0.0002790070623521775,418,153,77559.7
2026-09-03 04:36:58,okx,BTC,BTC-USD-260904-82000-P,2026-09-04,82000,put,0.0573493435874,0.0565,0.0575,0.46800181631236115,-1.0399159474161626,3.7213237808940147,0.000024015925253900057,-0.0004909348783518126,1114,10,77559.7
2026-09-03 04:36:58,okx,BTC,BTC-USD-260904-90000-P,2026-09-04,90000,put,0.1603585091587168,0.1595,0.1605,0.9292762791202054,-1.1580099307190679,2.453846969909399,0.0000040039859118669115,-0.00015865018176247327,0,0,77559.7
2026-09-03 04:36:58,okx,BTC,BTC-USD-260904-81000-P,2026-09-04,81000,put,0.044549706431687,0.044,0.045,0.4071831888503063,-1.0152001035517488,4.9604006472022135,0.00003729671389893504,-0.0006642440858253076,1545,160,77559.7
2026-09-03 04:36:58,okx,BTC,BTC-USD-260904-90000-C,2026-09-04,90000,call,0.0000345463800265,,0.0055,0.9292762791202054,0.002252852981418469,0.1333214025084258,0.0000040039859118669115,-0.0001630417993882685,7359,0,77559.7
2026-09-03 04:36:58,okx,BTC,BTC-USD-260904-81000-C,2026-09-04,81000,call,0.0002550140284295,0.0003,0.0004,0.4071831888503063,0.029036401778688832,2.871927636541337,0.00003729671389893504,-0.0006654569013357663,9039,6863,77559.7
2026-09-03 04:36:58,okx,BTC,BTC-USD-260925-50000-P,2026-09-25,50000,put,0.0003393936821006,0.0003,0.0004,0.7320765858268923,-0.005917294270716223,0.10022455973810497,0.00003925228297751192,-0.00006489138439104177,42805,0,77559.7
2026-09-03 04:36:58,okx,BTC,BTC-USD-260925-61000-C,2026-09-25,61000,call,0.2165482600041442,0.2155,0.218,0.5198226436379104,0.7582497843784303,-1.0581330166485543,0.0001445351655325103,-0.0001690843516171603,251,0,77559.7
2026-09-03 04:36:58,okx,BTC,BTC-USD-260925-50000-C,2026-09-25,50000,call,0.357112391823684,0.356,0.358,0.7320765858268923,0.6372334724642009,-1.1860769737317294,0.00003925228297751192,-0.00006392951888704324,857,0,77559.7
2026-09-03 04:36:58,okx,BTC,BTC-USD-260925-61000-P,2026-09-25,61000,put,0.0012720709436837,0.0011,0.0012,0.5198226436379104,-0.026394151038168733,0.5111548541846436,0.0001445351655325103,-0.0001696647670483082,10053,110,77559.7
2026-09-03 04:36:58,okx,BTC,BTC-USD-260925-69000-P,2026-09-25,69000,put,0.0047389571890268,0.0046,0.0047,0.3918505700977942,-0.10435488409093684,2.022043528101145,0.0004310261724683658,-0.00038140054285828865,6950,3229,77559.7
2026-09-03 04:36:58,okx,BTC,BTC-USD-260925-70000-P,2026-09-25,70000,put,0.00587345289732,0.0055,0.006,0.38042813121868235,-0.1277074615107981,2.413289344499958,0.000497971173137081,-0.0004277918262057399,58848,3394,77559.7
2026-09-03 04:36:58,okx,BTC,BTC-USD-260925-70000-C,2026-09-25,70000,call,0.1053795254368618,0.1045,0.106,0.38042813121868235,0.772703611918086,0.6124671976421899,0.000497971173137081,-0.0004275235062887425,100670,25378,77559.7
2026-09-03 04:36:58,okx,BTC,BTC-USD-260925-60000-P,2026-09-25,60000,put,0.0011268395595186,0.001,0.0011,0.53903569266755,-0.02296175086485589,0.43875467346029906,0.00012844845280961646,-0.00015635424910423023,34879,1,77559.7
2026-09-03 04:36:58,okx,BTC,BTC-USD-260925-60000-C,2026-09-25,60000,call,0.2292663749000812,0.228,0.23,0.53903569266755,0.7488191692170447,-1.1048071667035018,0.00012844845280961646,-0.00015573915639373228,5708,0,77559.7
2026-09-03 04:36:58,okx,BTC,BTC-USD-260925-69000-C,2026-09-25,69000,call,0.1171083760086706,0.116,0.118,0.3918505700977942,0.7831931740032487,0.24694741191277342,0.0004310261724683658,-0.00038109754566194125,3042,0,77559.7
2026-09-03 04:36:58,okx,BTC,BTC-USD-260925-90000-P,2026-09-25,90000,put,0.1608223188991309,0.16,0.162,0.3960626698786785,-1.0875919600679045,3.5987604123490833,0.0003420189192627048,-0.0003054709470373959,3850,0,77559.7
2026-09-03 04:36:58,okx,BTC,BTC-USD-260925-90000-C,2026-09-25,90000,call,0.0030614658366309,0.0032,0.0033,0.3960626698786785,0.0700794200549466,1.2834176521033807,0.0003420189192627048,-0.00030589617270739965,35120,636,77559.7
2026-09-03 04:36:58,okx,BTC,BTC-USD-260925-80000-P,2026-09-25,80000,put,0.050012056243175,0.0495,0.0505,0.3356823621769245,-0.6700195349043958,5.9449093918186176,0.0009376728447981052,-0.0007106720392402773,14570,321,77559.7
2026-09-03 04:36:58,okx,BTC,BTC-USD-260925-80000-C,2026-09-25,80000,call,0.0208846659816958,0.021,0.0215,0.3356823621769245,0.35902169187147165,3.8868269382668825,0.0009376728447981052,-0.0007107504921167805,27853,3359,77559.7
2026-09-03 04:36:58,okx,BTC,BTC-USD-260925-110000-P,2026-09-25,110000,put,0.4154631319959284,0.414,0.4175,0.5823282833007462,-1.4059475893700963,2.9882620987802615,0.00006230034139664764,-0.0000808076173928351,1018,0,77559.7
2026-09-03 04:36:58,okx,BTC,BTC-USD-261030-105000-P,2026-10-30,105000,put,0.3479511564138495,0.3465,0.351,0.42771432490678485,-1.2998382389405525,3.1882838592208524,0.00039412581016868377,-0.0001465264936792066,0,0,77559.7
2026-09-03 04:36:58,okx,BTC,BTC-USD-260925-110000-C,2026-09-25,110000,call,0.0004353533313868,0.0004,0.0005,0.5823282833007462,0.008984097446721462,0.15839872514662637,0.00006230034139664764,-0.00008192638864984004,16497,700,77559.7
2026-09-03 04:36:58,okx,BTC,BTC-USD-261030-110000-C,2026-10-30,110000,call,0.0022077068760493,0.0023,0.0024,0.45091497832621064,0.031272258172832475,0.3550319111984494,0.000294771853990689,-0.00011629986355958673,4845,0,77559.7
2026-09-03 04:36:58,okx,BTC,BTC-USD-260925-100000-P,2026-09-25,100000,put,0.2873667659247613,0.285,0.29,0.49432734299077263,-1.2649303974514234,2.966628494766596,0.00013096961743169373,-0.0001454285920947876,2055,0,77559.7
2026-09-03 04:36:58,okx,BTC,BTC-USD-261030-88000-P,2026-10-30,88000,put,0.1447851557011937,0.1435,0.146,0.3667154457358548,-0.9184888700804102,3.9094213538056137,0.0011897817483116954,-0.00038137685617040774,25,0,77559.7
2026-09-03 04:36:58,okx,BTC,BTC-USD-260925-100000-C,2026-09-25,100000,call,0.0009724500612404,0.001,0.0011,0.49432734299077263,0.021371136018410928,0.39402542782692745,0.00013096961743169373,-0.00014620059055829197,26817,511,77559.7
2026-09-03 04:36:58,okx,BTC,BTC-USD-261030-105000-C,2026-10-30,105000,call,0.0031604634774687,0.0033,0.0035,0.42771432490678485,0.044710593627213864,0.4991861940853195,0.00039412581016868377,-0.00014749734744204886,4584,16,77559.7
2026-09-03 04:36:58,okx,BTC,BTC-USD-260925-130000-P,2026-09-25,130000,put,0.6723718817678751,0.6695,0.6755,0.690591060283203,-1.6706179694437164,3.3725502465359005,0.000013118046858162428,-0.000018645412824687533,432,0,77559.7
2026-09-03 04:36:58,okx,BTC,BTC-USD-260925-130000-C,2026-09-25,130000,call,0.0000771775012917,,0.0001,0.690591060283203,0.0015740240670681672,0.028166259514331105,0.000013118046858162428,-0.000020457729668693628,6928,0,77559.7
2026-09-03 04:36:58,okx,BTC,BTC-USD-261030-88000-C,2026-10-30,88000,call,0.0176964258278106,0.017,0.0175,0.3667154457358548,0.2083711038811463,1.6557014058825006,0.0011897817483116954,-0.000381734602688293,3721,366,77559.7
2026-09-03 04:36:58,okx,BTC,BTC-USD-260925-120000-P,2026-09-25,120000,put,0.5438538936679963,0.541,0.547,0.6468495739980603,-1.5396758567439466,3.155022039599642,0.00002969164872525983,-0.000041905924963614734,505,0,77559.7
2026-09-03 04:36:58,okx,BTC,BTC-USD-260925-120000-C,2026-09-25,120000,call,0.0001926522024338,0.0001,0.0002,0.6468495739980603,0.0038859834198544823,0.06789835927203997,0.00002969164872525983,-0.000043371469014120254,10946,1580,77559.7
2026-09-03 04:36:58,okx,BTC,BTC-USD-260925-150000-P,2026-09-25,150000,put,0.9295709426793911,0.927,0.9325,0.7385415623265652,-1.929247957089316,3.8629273850665373,0.0000019853096481857477,-0.0000008052324309207629,0,0,77559.7
2026-09-03 04:36:58,okx,BTC,BTC-USD-260925-150000-C,2026-09-25,150000,call,0.0000093128107662,,0.0001,0.7385415623265652,0.00020434311543527853,0.004022784657034767,0.0000019853096481857477,-0.000003311094861928014,12993,0,77559.7
2026-09-03 04:36:58,okx,BTC,BTC-USD-260925-140000-P,2026-09-25,140000,put,0.8009561146075789,0.7985,0.8035,0.7194860299723361,-1.8002340098488738,3.612632744895168,0.000005309212157387768,-0.0000064671272863319145,139,0,77559.7
2026-09-03 04:36:58,okx,BTC,BTC-USD-260925-140000-C,2026-09-25,140000,call,0.0000279475399748,,0.0004,0.7194860299723361,0.000588137008894369,0.010988451179630751,0.000005309212157387768,-0.000008626216923838587,7529,0,77559.7
2026-09-03 04:36:58,okx,BTC,BTC-USD-260904-80500-P,2026-09-04,80500,put,0.0381997317643569,0.0375,0.0385,0.3798696015002444,-0.9969790959577431,6.146718194285637,0.00004931561102416262,-0.000819840530254104,0,0,77559.7
2026-09-03 04:36:58,okx,BTC,BTC-USD-260925-170000-P,2026-09-25,170000,put,1.1868294235593122,1.184,1.19,0.7597995377475963,-2.1866916949627506,4.3738849488235525,0.00000023116728711507962,0.000002802769797165542,0,0,77559.7
2026-09-03 04:36:58,okx,BTC,BTC-USD-260925-170000-C,2026-09-25,170000,call,0.0000008680886458,,0.0001,0.7597995377475963,0.000020911935967873234,0.0004597350261151908,0.00000023116728711507962,-0.00000039663822084286516,2867,0,77559.7
2026-09-03 04:36:58,okx,BTC,BTC-USD-260925-160000-P,2026-09-25,160000,put,1.058198003953243,1.0555,1.0625,0.7512288908474423,-2.0580155539017357,4.117556860247174,0.000000695283251213924,0.0000016731218163814169,60,0,77559.7
2026-09-03 04:36:58,okx,BTC,BTC-USD-261030-110000-P,2026-10-30,110000,put,0.4110283889486058,0.4095,0.415,0.45091497832621064,-1.377302709279113,3.1721818461023408,0.000294771853990689,-0.00011514868413646298,255,0,77559.7
2026-09-03 04:36:58,okx,BTC,BTC-USD-260904-80500-C,2026-09-04,80500,call,0.0003511099375123,0.0004,0.0005,0.3798696015002444,0.04081150501880289,4.071136992332545,0.00004931561102416262,-0.000820876745647044,12093,10418,77559.7
2026-09-03 04:36:58,okx,BTC,BTC-USD-260925-160000-C,2026-09-25,160000,call,0.000002911283597,,,0.7512288908474423,0.00006689964999889097,0.0013919531437045051,0.000000695283251213924,-0.0000011795134081264125,5825,0,77559.7
2026-09-03 04:36:58,okx,BTC,BTC-USD-260925-190000-P,2026-09-25,190000,put,1.444095551530047,1.441,1.449,0.769792975182148,-2.4439710548976334,4.887991141279723,0.00000002289572485065597,0.000003853152237784331,0,0,77559.7
2026-09-03 04:36:58,okx,BTC,BTC-USD-260925-190000-C,2026-09-25,190000,call,0.000000070457339,,0.0001,0.769792975182148,0.0000018586950512202794,0.00004531409435227127,0.00000002289572485065597,-0.00000003980136722523173,5440,0,77559.7
2026-09-03 04:36:58,okx,BTC,BTC-USD-261225-72000-P,2026-12-25,72000,put,0.0475908454344396,0.047,0.048,0.3931124612095483,-0.3501306958744675,2.2939721980948495,0.001942019922905637,-0.00033691270575031163,4147,400,77559.7
2026-09-03 04:36:58,okx,BTC,BTC-USD-260925-180000-P,2026-09-25,180000,put,1.315462268492748,1.313,1.319,0.7656844957419466,-2.315336446726742,4.630831886042492,0.00000007384687916573577,0.0000034184924166007433,0,0,77559.7
2026-09-03 04:36:58,okx,BTC,BTC-USD-260925-180000-C,2026-09-25,180000,call,0.0000002502210608,,0.0001,0.7656844957419466,0.000006313518959573355,0.0001463655510890223,0.00000007384687916573577,-0.00000012768839490824074,4385,0,77559.7
2026-09-03 04:36:58,okx,BTC,BTC-USD-260904-76750-C,2026-09-04,76750,call,0.0130862394869048,0.0125,0.014,0.2948788196456216,0.7289787899716197,18.132370259458536,0.0001805919251268246,-0.002333131220268485,203,391,77559.7
2026-09-03 04:36:58,okx,BTC,BTC-USD-260925-220000-P,2026-09-25,220000,put,1.829995870946444,1.8265,1.836,0.7763426028661111,-2.8298633299006943,5.659727965014762,0.0000000006146676350596578,0.000004932194369860197,0,0,77559.7
2026-09-03 04:36:58,okx,BTC,BTC-USD-260904-76750-P,2026-09-04,76750,put,0.0025893319906526,0.0025,0.0026,0.2948788196456216,-0.2604675283507395,20.11126289610326,0.0001805919251268246,-0.0023334195057569357,2952,3409,77559.7
2026-09-03 04:36:58,okx,BTC,BTC-USD-260925-220000-C,2026-09-25,220000,call,0.0000000014706731,,,0.7763426028661111,0.0000000437329413493188,0.0000012177474910845705,0.0000000006146676350596578,-0.0000000010776156511010745,12814,0,77559.7
2026-09-03 04:36:58,okx,BTC,BTC-USD-260925-48000-P,2026-09-25,48000,put,0.000248419570148,0.0001,0.0004,0.7658417630414893,-0.004267672542237602,0.07161487954721502,0.000029304406966432538,-0.00005068015900014695,6534,0,77559.7
2026-09-03 04:36:58,okx,BTC,BTC-USD-260925-200000-P,2026-09-25,200000,put,1.5727289634137072,1.5695,1.577,0.7727078663900272,-2.572602529201318,5.145219878675225,0.0000000069466742972381875,0.000004227604738303073,0,0,77559.7
2026-09-03 04:36:58,okx,BTC,BTC-USD-261225-72000-C,2026-12-25,72000,call,0.1325991029011138,0.1315,0.1335,0.3931124612095483,0.5636939681931268,0.466322869959661,0.001942019922905637,-0.00033607582730887166,4301,0,77559.7
2026-09-03 04:36:58,okx,BTC,BTC-USD-260925-48000-C,2026-09-25,48000,call,0.3827481102719356,0.382,0.384,0.7658417630414893,0.6131570635232829,-1.1632345925838259,0.000029304406966432538,-0.0000496489389374483,320,0,77559.7
2026-09-03 04:36:58,okx,BTC,BTC-USD-260925-200000-C,2026-09-25,200000,call,0.0000000195399778,,0.0001,0.7727078663900272,0.0000005377383502265879,0.00001374479588765565,0.0000000069466742972381875,-0.000000012121660207068311,6012,0,77559.7
2026-09-03 04:36:58,okx,BTC,BTC-USD-260925-83000-C,2026-09-25,83000,call,0.011129045509311,0.011,0.0115,0.3454429123791328,0.2223625728782444,3.154266362046433,0.0007541583087784664,-0.0005882858088708526,12557,2834,77559.7
2026-09-03 04:36:58,okx,BTC,BTC-USD-260925-260000-P,2026-09-25,260000,put,2.3445297206883304,2.3405,2.3515,0.779474926760032,-3.3443839867347758,6.688767983231485,0.000000000004615761707864125,0.000006320355034650901,0,0,77559.7
2026-09-03 04:36:58,okx,BTC,BTC-USD-260925-83000-P,2026-09-25,83000,put,0.0788464746110963,0.078,0.08,0.3454429123791328,-0.845267699901718,5.289526907606358,0.0007541583087784664,-0.0005881033241562992,1028,0,77559.7
2026-09-03 04:36:58,okx,BTC,BTC-USD-260925-260000-C,2026-09-25,260000,call,0.0000000000084767,,0.0001,0.779474926760032,0.000000000286793282700379,0.000000009188346337861678,0.000000000004615761707864125,-0.000000000008124862708457218,1375,0,77559.7
2026-09-03 04:36:58,okx,BTC,BTC-USD-260925-240000-P,2026-09-25,240000,put,2.0872627951883547,2.0805,2.092,0.7783319945385477,-3.087123676807474,6.174247466280409,0.0000000000531938092609028,0.000005626724075805825,288,0,77559.7
2026-09-03 04:36:58,okx,BTC,BTC-USD-260925-240000-C,2026-09-25,240000,call,0.0000000001105424,,,0.7783319945385477,0.0000000035201279811329943,0.00000010562520469341547,0.0000000000531938092609028,-0.00000000009349670662854513,275,0,77559.7
2026-09-03 04:36:58,okx,BTC,BTC-USD-260925-280000-P,2026-09-25,280000,put,2.601796646282568,2.596,2.6075,0.7801596019360617,-3.601644293691554,7.203288588245186,0.0000000000004079764177347832,0.000007013908027746081,25,0,77559.7
2026-09-03 04:36:58,okx,BTC,BTC-USD-260925-280000-C,2026-09-25,280000,call,0.0000000000006716,,0.0001,0.7801596019360617,0.00000000002398201104732435,0.0000000008141132401466544,0.0000000000004079764177347832,-0.0000000000007187686840268469,14095,0,77559.7
2026-09-03 04:36:58,okx,BTC,BTC-USD-260911-78500-P,2026-09-11,78500,put,0.0243817868177403,0.024,0.0245,0.30258491744245825,-0.6141504466431673,9.82932498370315,0.0005804772065449348,-0.0010780850381740593,0,0,77559.7
2026-09-03 04:36:58,okx,BTC,BTC-USD-260925-63000-P,2026-09-25,63000,put,0.001656868001128,0.0015,0.0016,0.4829159112264465,-0.035519251215428094,0.7032977206620233,0.0001852132688250181,-0.00020197877472131117,3377,241,77559.7
2026-09-03 04:36:58,okx,BTC,BTC-USD-260911-78500-C,2026-09-11,78500,call,0.0130001895318317,0.013,0.0135,0.30258491744245825,0.39698207832628135,7.807059933764253,0.0005804772065449348,-0.001078396148928533,350,350,77559.7
2026-09-03 04:36:58,okx,BTC,BTC-USD-260925-63000-C,2026-09-25,63000,call,0.1912063645013844,0.19,0.192,0.4829159112264465,0.7748507148705677,-0.9174422115099682,0.0001852132688250181,-0.0002014677138488634,802,0,77559.7
2026-09-03 04:36:58,okx,BTC,BTC-USD-261127-88000-C,2026-11-27,88000,call,0.0308591835979582,0.0305,0.031,0.3785890981376915,0.262989613581445,1.3565708553944038,0.0016624967176915215,-0.0003692339038876554,644,104,77559.7
2026-09-03 04:36:58,okx,BTC,BTC-USD-261127-88000-P,2026-11-27,88000,put,0.1534279667500806,0.1505,0.155,0.3785890981376915,-0.8584373937892915,3.599424870135877,0.0016624967176915215,-0.00036768702829823653,102,102,77559.7
2026-09-03 04:36:58,okx,BTC,BTC-USD-260903-77750-C,2026-09-03,77750,call,0.0008183603620312,0.0007,0.0009,0.2285226642419795,0.29011034746142844,75.73071796438484,0.00006739167929802432,-0.0007700231422316809,8101,11817,77559.7
2026-09-03 04:36:58,okx,BTC,BTC-USD-260903-77750-P,2026-09-03,77750,put,0.0033040438360711,0.0029,0.0036,0.2285226642419795,-0.7123727641145294,77.73568418753676,0.00006739167929802432,-0.0007700135313815382,552,702,77559.7
2026-09-03 04:36:58,okx,BTC,BTC-USD-260905-76500-C,2026-09-05,76500,call,0.018006510948471,0.0175,0.0185,0.3169357521983569,0.7020477937054016,12.460055820530819,0.00025775026940615266,-0.0019072185118914845,571,451,77559.7
2026-09-03 04:36:58,okx,BTC,BTC-USD-261127-120000-C,2026-11-27,120000,call,0.0025128952330495,0.003,0.0034,0.4495317462971041,0.02940783133794895,0.2710426922049281,0.00034588681710356363,-0.00009127973188290281,2766,269,77559.7
2026-09-03 04:36:58,okx,BTC,BTC-USD-260905-76500-P,2026-09-05,76500,put,0.0042668479752821,0.0041,0.0042,0.3169357521983569,-0.2841284579558198,14.432408323853261,0.00025775026940615266,-0.0019075956376703512,983,1066,77559.7
2026-09-03 04:36:58,okx,BTC,BTC-USD-261127-120000-P,2026-11-27,120000,put,0.5328977700198048,0.53,0.538,0.4495317462971041,-1.499810815076692,3.3294799850342094,0.00034588681710356363,-0.0000845835093193518,0,0,77559.7
2026-09-03 04:36:58,okx,BTC,BTC-USD-261127-115000-C,2026-11-27,115000,call,0.0033741041224299,0.004,0.0043,0.4344785331957232,0.03915296656329078,0.3531875065479033,0.00043730926107137777,-0.00011153779304829526,1435,100,77559.7
2026-09-03 04:36:58,okx,BTC,BTC-USD-261127-115000-P,2026-11-27,115000,put,0.4700377145912739,0.4675,0.476,0.4344785331957232,-1.42634823625074,3.2841899121759646,0.00043730926107137777,-0.0001056461559494524,0,0,77559.7
2026-09-03 04:36:58,okx,BTC,BTC-USD-261127-110000-C,2026-11-27,110000,call,0.0047215674907935,0.0055,0.006,0.4204321651581478,0.05376301852346145,0.46735316141187744,0.0005637917058707382,-0.0001391423914448921,716,0,77559.7
2026-09-03 04:36:58,okx,BTC,BTC-USD-261127-110000-P,2026-11-27,110000,put,0.4076639136417259,0.4055,0.412,0.4204321651581478,-1.3480207406899591,3.270920679838719,0.0005637917058707382,-0.00013405533981075742,100,100,77559.7
2026-09-03 04:36:58,okx,BTC,BTC-USD-260904-77750-C,2026-09-04,77750,call,0.0053600565514394,0.005,0.0055,0.29050917758240735,0.4399000776069954,23.448949154062607,0.00022094932774779002,-0.002812508922856047,2205,2862,77559.7
2026-09-03 04:36:58,okx,BTC,BTC-USD-260904-77750-P,2026-09-04,77750,put,0.0077552902080129,0.0075,0.008,0.29050917758240735,-0.5624380494231471,25.453625408122893,0.00022094932774779002,-0.00281244400810946,321,321,77559.7
2026-09-03 04:36:58,okx,BTC,BTC-USD-260925-65000-P,2026-09-25,65000,put,0.0022435723660228,0.0021,0.0022,0.44877308029094043,-0.04927553938248444,0.9870908123969658,0.00024188506995502903,-0.00024513022942324324,30874,2203,77559.7
2026-09-03 04:36:58,okx,BTC,BTC-USD-260925-65000-C,2026-09-25,65000,call,0.1660663763060751,0.165,0.167,0.44877308029094043,0.786820457372908,-0.6851011811138189,0.00024188506995502903,-0.0002446885231094956,21061,0,77559.7
2026-09-03 04:36:58,okx,BTC,BTC-USD-260911-85000-C,2026-09-11,85000,call,0.0011528164993304,0.0013,0.0014,0.36646089499927637,0.05011613579610967,1.8221586946677084,0.00015712926729995224,-0.0003536187757266248,1967,783,77559.7
2026-09-03 04:36:58,okx,BTC,BTC-USD-260911-85000-P,2026-09-11,85000,put,0.0962609205603671,0.095,0.098,0.36646089499927637,-1.0447407383746312,4.01187244300919,0.00015712926729995224,-0.00035101384720875243,0,0,77559.7
2026-09-03 04:36:58,okx,BTC,BTC-USD-260925-67000-C,2026-09-25,67000,call,0.1412797805233235,0.1405,0.1425,0.41819575589474367,0.7911455637232121,-0.3148596311535492,0.0003215211363858594,-0.00030326038977908045,2203,0,77559.7
2026-09-03 04:36:58,okx,BTC,BTC-USD-260925-67000-P,2026-09-25,67000,put,0.0031836691434754,0.003,0.0031,0.41819575589474367,-0.07067646370157692,1.4087844236960287,0.0003215211363858594,-0.000303632741534128,3957,736,77559.7
2026-09-03 04:36:58,okx,BTC,BTC-USD-261030-46000-P,2026-10-30,46000,put,0.0010154598962009,0.0011,0.0013,0.618454759440141,-0.012182064568122888,0.14427181584907103,0.00011609415031922358,-0.00006282323099620723,5636,2,77559.7
2026-09-03 04:36:58,okx,BTC,BTC-USD-261030-46000-C,2026-10-30,46000,call,0.4117786387666943,0.411,0.4135,0.618454759440141,0.5768583763663272,-1.0338090660198291,0.00011609415031922358,-0.00006166624196772777,0,0,77559.7
2026-09-03 04:36:58,okx,BTC,BTC-USD-261030-48000-P,2026-10-30,48000,put,0.0012760636299123,0.0013,0.0015,0.5932396564902715,-0.01552903552167033,0.1854603742447641,0.00014339675574819464,-0.0000744338182132362,5561,0,77559.7
2026-09-03 04:36:58,okx,BTC,BTC-USD-261030-48000-C,2026-10-30,48000,call,0.3864272468459354,0.3855,0.388,0.5932396564902715,0.5991218593664513,-1.0438414155314792,0.00014339675574819464,-0.00007334895944886934,320,0,77559.7
2026-09-03 04:36:58,okx,BTC,BTC-USD-261030-54000-P,2026-10-30,54000,put,0.0024485750971107,0.0026,0.0027,0.5187637563058982,-0.03121262319115957,0.3825411912384938,0.0002599754326945122,-0.00011800443349911329,6187,0,77559.7
2026-09-03 04:36:58,okx,BTC,BTC-USD-261030-54000-C,2026-10-30,54000,call,0.3107637713497228,0.31,0.3125,0.5187637563058982,0.6602696335579774,-1.00042332225978,0.0002599754326945122,-0.00011713596552708424,108,0,77559.7
2026-09-03 04:36:58,okx,BTC,BTC-USD-261030-56000-P,2026-10-30,56000,put,0.003057775899351,0.0032,0.0033,0.4954255152697734,-0.03948289765725162,0.48626107242685607,0.00031589526816467163,-0.00013693546704278498,7975,200,77559.7
2026-09-03 04:36:58,okx,BTC,BTC-USD-261030-56000-C,2026-10-30,56000,call,0.2857609764974928,0.285,0.2875,0.4954255152697734,0.6776098130455571,-0.9479243489787614,0.00031589526816467163,-0.00013613912933486852,10,0,77559.7
2026-09-03 04:36:58,okx,BTC,BTC-USD-261030-50000-P,2026-10-30,50000,put,0.0015890716238971,0.0017,0.0018,0.5679955469074554,-0.019641654135652914,0.23675234652945842,0.00017558981391031973,-0.00008726573341330522,4703,0,77559.7
2026-09-03 04:36:58,okx,BTC,BTC-USD-261030-50000-C,2026-10-30,50000,call,0.3611282591854499,0.3605,0.363,0.5679955469074554,0.6206196947061406,-1.0437703511541285,0.00017558981391031973,-0.00008625300491305095,0,0,77559.7
2026-09-03 04:36:58,okx,BTC,BTC-USD-261030-52000-P,2026-10-30,52000,put,0.001971435192218,0.0021,0.0022,0.5430594815214376,-0.024756858527230037,0.30111524536675727,0.00021390259443467238,-0.00010163926025947351,6673,0,77559.7
2026-09-03 04:36:58,okx,BTC,BTC-USD-261030-52000-C,2026-10-30,52000,call,0.3358986270993004,0.335,0.3375,0.5430594815214376,0.6411149442682352,-1.030628360224173,0.00021390259443467238,-0.00010069866202333186,320,0,77559.7
2026-09-03 04:36:58,okx,BTC,BTC-USD-260911-62000-P,2026-09-11,62000,put,0.0002317475686877,0.0002,0.0003,0.6282575172052566,-0.007545096821491725,0.2309544487506868,0.000030248661211943748,-0.00011671042147899478,5929,869,77559.7
2026-09-03 04:36:58,okx,BTC,BTC-USD-261030-62000-P,2026-10-30,62000,put,0.0063351099015284,0.0065,0.007,0.4339111314679662,-0.0828147114413872,1.0024986515632763,0.0005684781379477015,-0.00021582434604492195,8488,0,77559.7
2026-09-03 04:36:58,okx,BTC,BTC-USD-260911-64000-C,2026-09-11,64000,call,0.1757141686245376,0.175,0.177,0.5721949179826675,0.8133285858487014,-1.295479247783538,0.000042266190491789983,-0.00014371954933880125,0,0,77559.7
2026-09-03 04:36:58,okx,BTC,BTC-USD-261030-62000-C,2026-10-30,62000,call,0.2122023235362593,0.2115,0.214,0.4339111314679662,0.7111093611224367,-0.5853494935643715,0.0005684781379477015,-0.0002152443991293433,816,0,77559.7
2026-09-03 04:36:58,okx,BTC,BTC-USD-261030-64000-P,2026-10-30,64000,put,0.0082725667838878,0.008,0.0085,0.4169715858742973,-0.1071552364096801,1.2693465952909126,0.0006886985481301157,-0.00025125640326018533,9464,15,77559.7
2026-09-03 04:36:58,okx,BTC,BTC-USD-260911-62000-C,2026-09-11,62000,call,0.201386667481181,0.2005,0.2025,0.6282575172052566,0.7910563878677543,-1.3662485206278054,0.000030248661211943748,-0.00011119876406484137,0,0,77559.7
2026-09-03 04:36:58,okx,BTC,BTC-USD-261030-64000-C,2026-10-30,64000,call,0.1885277847641484,0.188,0.19,0.4169715858742973,0.7123792901078155,-0.36972245774407864,0.0006886985481301157,-0.0002507485866087193,5188,0,77559.7
2026-09-03 04:36:58,okx,BTC,BTC-USD-261030-58000-P,2026-10-30,58000,put,0.0038527859300407,0.0041,0.0042,0.47333727744345727,-0.05021862242582146,0.6188628548992637,0.00038416034484490375,-0.00015910191002911885,10066,52,77559.7
2026-09-03 04:36:58,okx,BTC,BTC-USD-261030-58000-C,2026-10-30,58000,call,0.2609439908737122,0.26,0.263,0.47333727744345727,0.692484542230659,-0.8665434744136973,0.00038416034484490375,-0.000158377702585315,93,0,77559.7
2026-09-03 04:36:58,okx,BTC,BTC-USD-260925-74000-C,2026-09-25,74000,call,0.062685465846498,0.062,0.063,0.34731811113862915,0.6692271324376784,2.5123968425522096,0.0008113151191458561,-0.0006361702254727163,6,0,77559.7
2026-09-03 04:36:58,okx,BTC,BTC-USD-261030-60000-P,2026-10-30,60000,put,0.004909851868622,0.005,0.0055,0.4527588706415555,-0.06428965276265984,0.7881522888212161,0.00046750386201721165,-0.00018520022858121657,7652,12,77559.7
2026-09-03 04:36:58,okx,BTC,BTC-USD-260925-74000-P,2026-09-25,74000,put,0.0146327784273646,0.0145,0.015,0.34731811113862915,-0.282636002329999,4.416123112087565,0.0008113151191458561,-0.0006362998362723134,1568,446,77559.7
2026-09-03 04:36:58,okx,BTC,BTC-USD-261030-60000-C,2026-10-30,60000,call,0.2363890611578232,0.236,0.238,0.4527588706415555,0.7040239658474924,-0.7484749483990883,0.00046750386201721165,-0.00018454815140152528,653,0,77559.7
2026-09-03 04:36:58,okx,BTC,BTC-USD-260911-68000-P,2026-09-11,68000,put,0.0006462858526223,0.0005,0.0006,0.45790057734905154,-0.02513073927979551,0.8900683122211352,0.00008577057584597033,-0.00024119430701894512,4256,254,77559.7
2026-09-03 04:36:58,okx,BTC,BTC-USD-261030-70000-P,2026-10-30,70000,put,0.0192676345549658,0.019,0.0195,0.37869351591419836,-0.22991464000997222,2.3866886579623072,0.0011423344304792554,-0.0003784780241913945,6390,412,77559.7
2026-09-03 04:36:58,okx,BTC,BTC-USD-260911-69000-C,2026-09-11,69000,call,0.111795906774988,0.1105,0.113,0.4311922080713231,0.8565154800624758,-0.6145586415256292,0.0001056447091907024,-0.0002767109374494014,106,0,77559.7
2026-09-03 04:36:58,okx,BTC,BTC-USD-261030-70000-C,2026-10-30,70000,call,0.1226868655718154,0.122,0.124,0.37869351591419836,0.6664512483685386,0.5939568812052856,0.0011423344304792554,-0.00037818659833226625,8077,0,77559.7
2026-09-03 04:36:58,okx,BTC,BTC-USD-260911-67000-P,2026-09-11,67000,put,0.0005309282719033,0.0005,0.0006,0.4857822172614821,-0.020034514116518885,0.6933431991758288,0.00007078232611850282,-0.00021116694822884328,1409,52,77559.7
2026-09-03 04:36:58,okx,BTC,BTC-USD-261030-72000-P,2026-10-30,72000,put,0.0255522904349664,0.0255,0.026,0.3702560465107443,-0.290931756354571,2.8192100936412237,0.0012968531488723734,-0.0004200880917996174,10225,400,77559.7
2026-09-03 04:36:58,okx,BTC,BTC-USD-260911-68000-C,2026-09-11,68000,call,0.1245151995111511,0.1235,0.126,0.45790057734905154,0.850754760056797,-0.8617026864520498,0.00008577057584597033,-0.00023780001984792884,258,0,77559.7
2026-09-03 04:36:58,okx,BTC,BTC-USD-261030-72000-C,2026-10-30,72000,call,0.1033595257973457,0.1025,0.1045,0.3702560465107443,0.6310445859776115,0.9752574089768585,0.0012968531488723734,-0.00041986879620460165,8125,0,77559.7
2026-09-03 04:36:58,okx,BTC,BTC-USD-260911-66000-P,2026-09-11,66000,put,0.0004446730230602,0.0004,0.0005,0.5144026904048633,-0.016255146650339117,0.548230620918157,0.00005917049626290643,-0.0001869259310364569,2315,664,77559.7
2026-09-03 04:36:58,okx,BTC,BTC-USD-261030-66000-P,2026-10-30,66000,put,0.0109107335095699,0.011,0.0115,0.40207217410670254,-0.13883762539193953,1.5926660966666035,0.0008277174755553506,-0.0002911803723988161,4539,120,77559.7
2026-09-03 04:36:58,okx,BTC,BTC-USD-260911-67000-C,2026-09-11,67000,call,0.1372808429727598,0.1365,0.1385,0.4857822172614821,0.8429703161121825,-1.032666461281574,0.00007078232611850282,-0.0002074197660173042,200,0,77559.7
2026-09-03 04:36:58,okx,BTC,BTC-USD-261030-66000-C,2026-10-30,66000,call,0.1655539558353601,0.165,0.167,0.40207217410670254,0.7063073550792279,-0.09762386427573148,0.0008277174755553506,-0.0002907446860114626,3827,0,77559.7
2026-09-03 04:36:58,okx,BTC,BTC-USD-260911-64000-P,2026-09-11,64000,put,0.0003212507966991,0.0003,0.0004,0.5721949179826675,-0.011034237056327006,0.35324639802651875,0.000042266190491789983,-0.00014852541667190894,2226,98,77559.7
2026-09-03 04:36:58,okx,BTC,BTC-USD-261030-68000-P,2026-10-30,68000,put,0.0144844861474757,0.0145,0.015,0.38929894361679496,-0.1793665354648512,1.9695175754882637,0.000981693793004306,-0.00033437059486550485,5404,183,77559.7
2026-09-03 04:36:58,okx,BTC,BTC-USD-260911-66000-C,2026-09-11,66000,call,0.1500755887662439,0.149,0.1515,0.5144026904048633,0.8338690144704715,-1.152017701323464,0.00005917049626290643,-0.0001828258537843949,126,0,77559.7
2026-09-03 04:36:58,okx,BTC,BTC-USD-261030-68000-C,2026-10-30,68000,call,0.1435157128187956,0.143,0.145,0.38929894361679496,0.691388898959988,0.22800670663858508,0.000981693793004306,-0.000334007038742264,4400,0,77559.7
2026-09-03 04:36:58,okx,BTC,BTC-USD-260903-72000-C,2026-09-03,72000,call,0.0716787899983624,0.0705,0.073,1.3896297637692745,0.9252021805697436,-1.503813245272157,0.0000018612586879770242,-0.00012904602729946804,1,1,77559.7
2026-09-03 04:36:58,okx,BTC,BTC-USD-260911-72000-P,2026-09-11,72000,put,0.0019597154733322,0.0018,0.0019,0.362313708377147,-0.08037617124027598,2.866838620941946,0.00021868255319780548,-0.0004865644989004312,4569,662,77559.7
2026-09-03 04:36:58,okx,BTC,BTC-USD-261030-78000-P,2026-10-30,78000,put,0.0558502479493176,0.055,0.056,0.3574227665975244,-0.5246544562304724,3.8612672689441583,0.0015734265477477367,-0.0004919394800134586,6342,554,77559.7
2026-09-03 04:36:58,okx,BTC,BTC-USD-260903-72000-P,2026-09-03,72000,put,0.0000259465004949,,0.0002,1.3896297637692745,-0.003142308606706158,0.3528757330807423,0.0000018612586879770242,-0.00012932292310558586,8550,5049,77559.7
2026-09-03 04:36:58,okx,BTC,BTC-USD-260911-73000-C,2026-09-11,73000,call,0.0623040834860662,0.0615,0.0635,0.34435106967981793,0.8259701565240233,2.039348585166096,0.00028350923061944345,-0.0005978874904619375,176,0,77559.7
2026-09-03 04:36:58,okx,BTC,BTC-USD-261030-78000-C,2026-10-30,78000,call,0.0568214963482859,0.056,0.057,0.3574227665975244,0.4741532479627255,1.863651860557762,0.0015734265477477367,-0.0004919365752107808,5725,1228,77559.7
2026-09-03 04:36:58,okx,BTC,BTC-USD-260911-71000-P,2026-09-11,71000,put,0.0014025631201003,0.0013,0.0014,0.38300291141913706,-0.05767674554207143,2.0955439814668297,0.0001691596493852986,-0.000397874713918334,5773,1608,77559.7
2026-09-03 04:36:58,okx,BTC,BTC-USD-261030-80000-P,2026-10-30,80000,put,0.0701393563139469,0.069,0.0705,0.35691343991184915,-0.6103846859397593,4.030847957062139,0.0015701340942382619,-0.0004901697517524175,1543,27,77559.7
2026-09-03 04:36:58,okx,BTC,BTC-USD-260911-72000-C,2026-09-11,72000,call,0.0743046249625516,0.0735,0.0755,0.362313708377147,0.8470320045278806,1.0120222694056324,0.00021868255319780548,-0.0004845817918915064,321,0,77559.7
2026-09-03 04:36:58,okx,BTC,BTC-USD-261030-80000-C,2026-10-30,80000,call,0.0454986090584449,0.045,0.0455,0.35691343991184915,0.41403347220711023,1.9820116407684005,0.0015701340942382619,-0.0004902389772138522,5543,1387,77559.7
2026-09-03 04:36:58,okx,BTC,BTC-USD-260911-70000-P,2026-09-11,70000,put,0.0010444321371336,0.0009,0.001,0.4060886627405839,-0.042515360799464455,1.5481291426664554,0.00013252021660479417,-0.00033048733810613366,7218,1028,77559.7
2026-09-03 04:36:58,okx,BTC,BTC-USD-260925-73000-P,2026-09-25,73000,put,0.011617887773608,0.011,0.0115,0.3536663094770758,-0.23360595911444773,3.883963095827182,0.000733014313448711,-0.0005854025965080907,12249,1415,77559.7
2026-09-03 04:36:58,okx,BTC,BTC-USD-261030-74000-P,2026-10-30,74000,put,0.0336146741831028,0.0335,0.034,0.36394934444665117,-0.36179383015092254,3.232701368234074,0.0014296069844084128,-0.0004551862104769381,5583,384,77559.7
2026-09-03 04:36:58,okx,BTC,BTC-USD-260911-71000-C,2026-09-11,71000,call,0.0866284736516471,0.0855,0.0875,0.38300291141913706,0.8568507611181944,0.2664889681462979,0.0001691596493852986,-0.00039553911186888626,30,0,77559.7
2026-09-03 04:36:58,okx,BTC,BTC-USD-260925-95000-P,2026-09-25,95000,put,0.223668643906164,0.2215,0.226,0.4444577412362902,-1.185813439774586,3.1228100720556995,0.00020252644932717084,-0.000202672086990204,2464,0,77559.7
2026-09-03 04:36:58,okx,BTC,BTC-USD-261030-74000-C,2026-10-30,74000,call,0.0858099138910118,0.085,0.0865,0.36394934444665117,0.5857929661349318,1.337527775662365,0.0014296069844084128,-0.00045503904514603504,8649,240,77559.7
2026-09-03 04:36:58,okx,BTC,BTC-USD-260911-69000-P,2026-09-11,69000,put,0.0008079941587866,0.0007,0.0008,0.4311922080713231,-0.0322506883820077,1.1629736953633378,0.0001056447091907024,-0.00027975232957989487,1860,252,77559.7
2026-09-03 04:36:58,okx,BTC,BTC-USD-260925-95000-C,2026-09-25,95000,call,0.0015910594431538,0.0017,0.0018,0.4444577412362902,0.03617301702175643,0.6788371584630146,0.00020252644932717084,-0.00020327069905695812,19552,502,77559.7
2026-09-03 04:36:58,okx,BTC,BTC-USD-261030-76000-P,2026-10-30,76000,put,0.0436731661954378,0.043,0.044,0.3597037984813428,-0.44065903941344703,3.5901603653872645,0.0015254013313940992,-0.00047999829248778067,5087,169,77559.7
2026-09-03 04:36:58,okx,BTC,BTC-USD-260911-70000-C,2026-09-11,70000,call,0.0991513437110078,0.0985,0.1,0.4060886627405839,0.8591314767529102,-0.2551645324382939,0.00013252021660479417,-0.00032779884101616315,1,0,77559.7
2026-09-03 04:36:58,okx,BTC,BTC-USD-260925-73000-C,2026-09-25,73000,call,0.0725339214728436,0.0715,0.0735,0.3536663094770758,0.7053941603185314,2.0059628569612236,0.000733014313448711,-0.0005852383084291435,2865,0,77559.7
2026-09-03 04:36:58,okx,BTC,BTC-USD-261030-76000-C,2026-10-30,76000,call,0.0702564102488765,0.0695,0.071,0.3597037984813428,0.5325382108260791,1.643765864908213,0.0015254013313940992,-0.00047992325742099017,6445,55,77559.7
2026-09-03 04:36:58,okx,BTC,BTC-USD-260911-76000-P,2026-09-11,76000,put,0.0096713040007332,0.009,0.0095,0.30915217601034256,-0.32539806361519935,8.351463083737741,0.0005309924906896462,-0.0010079431349070038,7021,526,77559.7
2026-09-03 04:36:58,okx,BTC,BTC-USD-261030-95000-P,2026-10-30,95000,put,0.2247188165563103,0.223,0.226,0.3870421431654447,-1.1102519124775414,3.481950687505587,0.0007643329698447292,-0.00025822589208785834,390,0,77559.7
2026-09-03 04:36:58,okx,BTC,BTC-USD-260911-77000-C,2026-09-11,77000,call,0.0222849976618808,0.022,0.0225,0.30405255639520834,0.5563858863714789,7.498818306195878,0.0005840092669102613,-0.001089969737126034,1755,397,77559.7
2026-09-03 04:36:58,okx,BTC,BTC-USD-261030-95000-C,2026-10-30,95000,call,0.0079881018922811,0.008,0.0085,0.3870421431654447,0.10624465032186634,1.0489575619067717,0.0007643329698447292,-0.0002588360945301376,5634,1725,77559.7
2026-09-03 04:36:58,okx,BTC,BTC-USD-260911-75000-P,2026-09-11,75000,put,0.0064040666605495,0.006,0.0065,0.3176103205193424,-0.23382683682469302,6.828245478312764,0.0004505882494360375,-0.0008787740859335525,8149,456,77559.7
2026-09-03 04:36:58,okx,BTC,BTC-USD-260911-76000-C,2026-09-11,76000,call,0.030492209320643,0.03,0.031,0.30915217601034256,0.6535327885845218,6.393601379338299,0.0005309924906896462,-0.0010073720080601705,1551,384,77559.7
2026-09-03 04:36:58,okx,BTC,BTC-USD-260911-74000-P,2026-09-11,74000,put,0.0042335405105645,0.0041,0.0042,0.32938385822600685,-0.16404698116990765,5.270152640133898,0.0003630763328798014,-0.0007343804804315394,4287,236,77559.7
2026-09-03 04:36:58,okx,BTC,BTC-USD-261030-85000-P,2026-10-30,85000,put,0.1139903365633946,0.1125,0.115,0.3610687190730432,-0.8133126431240574,4.061881815134993,0.0013765435579865437,-0.0004345912864745031,365,0,77559.7
2026-09-03 04:36:58,okx,BTC,BTC-USD-260911-75000-C,2026-09-11,75000,call,0.0401059730227868,0.0395,0.0415,0.3176103205193424,0.732223346267137,4.896145112129105,0.0004505882494360375,-0.0008778500640461963,493,0,77559.7
2026-09-03 04:36:58,okx,BTC,BTC-USD-261030-85000-C,2026-10-30,85000,call,0.0253196001717169,0.0245,0.0255,0.3610687190730432,0.27513164990699157,1.8849932290728948,0.0013765435579865437,-0.00043484083759621936,10974,2069,77559.7
2026-09-03 04:36:58,okx,BTC,BTC-USD-260911-73000-P,2026-09-11,73000,put,0.0028401750391742,0.0027,0.0028,0.34435106967981793,-0.11431868835202452,3.919926274918192,0.00028350923061944345,-0.0005995173024303396,8078,187,77559.7
2026-09-03 04:36:58,okx,BTC,BTC-USD-261030-90000-P,2026-10-30,90000,put,0.1666839350327199,0.165,0.168,0.3715945838760198,-0.9805003278513225,3.7822568308660416,0.0010594873833356029,-0.0003440288892303651,0,0,77559.7
2026-09-03 04:36:58,okx,BTC,BTC-USD-260911-74000-C,2026-09-11,74000,call,0.0508164479151292,0.05,0.052,0.32938385822600685,0.7891225328140313,3.363813612166021,0.0003630763328798014,-0.0007331035635036602,370,0,77559.7
2026-09-03 04:36:58,okx,BTC,BTC-USD-261030-90000-C,2026-10-30,90000,call,0.0139832095048664,0.0135,0.014,0.3715945838760198,0.17197010006390595,1.4773159750355842,0.0010594873833356029,-0.0003444587660123628,5364,8,77559.7
2026-09-03 04:36:58,okx,BTC,BTC-USD-260906-73000-C,2026-09-06,73000,call,0.0594957355594215,0.059,0.0605,0.36434009040971493,0.9058634107289778,0.4492437433873855,0.0000708898901578216,-0.00040950576242865927,0,0,77559.7
2026-09-03 04:36:58,okx,BTC,BTC-USD-260911-80000-P,2026-09-11,80000,put,0.0378683451655578,0.037,0.039,0.3080474861804646,-0.7746160416576723,8.64077569008385,0.000487243638172459,-0.0009207981985000647,3041,642,77559.7
2026-09-03 04:36:58,okx,BTC,BTC-USD-260906-73000-P,2026-09-06,73000,put,0.0004670549877946,0.0003,0.0005,0.36434009040971493,-0.03499760098003368,2.330965766805408,0.0000708898901578216,-0.0004111236510629064,677,677,77559.7
2026-09-03 04:36:58,okx,BTC,BTC-USD-260911-81000-C,2026-09-11,81000,call,0.0047721342479389,0.0049,0.005,0.315212451580419,0.18397992424094795,5.372729313259238,0.0004036036890922789,-0.0007812232500147645,4355,1248,77559.7
2026-09-03 04:36:58,okx,BTC,BTC-USD-260906-72000-C,2026-09-06,72000,call,0.0722221003080629,0.0715,0.0735,0.40225742279335125,0.9059574402393321,-0.42105862507769476,0.00004814694638935515,-0.0003063163974740289,0,0,77559.7
2026-09-03 04:36:58,okx,BTC,BTC-USD-260911-79000-P,2026-09-11,79000,put,0.0285270044606748,0.028,0.029,0.30366552798294716,-0.6713179457687108,9.566545221381581,0.0005570081346380012,-0.001038053595315079,3908,128,77559.7
2026-09-03 04:36:58,okx,BTC,BTC-USD-260906-72000-P,2026-09-06,72000,put,0.0003045804337315,0.0002,0.0004,0.40225742279335125,-0.022015064459966965,1.4348863843209034,0.00004814694638935515,-0.000308287395885833,1314,1314,77559.7
2026-09-03 04:36:58,okx,BTC,BTC-USD-260911-80000-C,2026-09-11,80000,call,0.0071652463161581,0.007,0.0075,0.3080474861804646,0.25583748697361297,6.579868632821278,0.000487243638172459,-0.0009216386518153228,3984,231,77559.7
2026-09-03 04:36:58,okx,BTC,BTC-USD-260911-78000-P,2026-09-11,78000,put,0.0206266838025322,0.0205,0.021,0.30227461718136617,-0.5547859315390666,9.912135946659998,0.0005934697753217351,-0.0011012021011265862,8044,735,77559.7
2026-09-03 04:36:58,okx,BTC,BTC-USD-260911-79000-C,2026-09-11,79000,call,0.0107049066536025,0.0105,0.011,0.30366552798294716,0.3462549137546834,7.531399502334793,0.0005570081346380012,-0.001038541153589814,3878,681,77559.7
2026-09-03 04:36:58,okx,BTC,BTC-USD-260911-77000-P,2026-09-11,77000,put,0.0143450933842983,0.014,0.0145,0.30405255639520834,-0.4354256349361331,9.482441348811104,0.0005840092669102613,-0.0010901879689323446,4634,803,77559.7
2026-09-03 04:36:58,okx,BTC,BTC-USD-260911-78000-C,2026-09-11,78000,call,0.0156855870377872,0.0155,0.016,0.30227461718136617,0.4499062588764366,7.902751565828994,0.0005934697753217351,-0.0011013367643607987,5369,4003,77559.7
2026-09-03 04:36:58,okx,BTC,BTC-USD-260906-76500-C,2026-09-06,76500,call,0.0187471016609148,0.0185,0.0195,0.28117257579042604,0.6904972419084533,11.755637835229939,0.00031786260431630574,-0.0014221654548279951,150,150,77559.7
2026-09-03 04:36:58,okx,BTC,BTC-USD-260911-84000-P,2026-09-11,84000,put,0.0837937687599543,0.0825,0.0855,0.35083118398668756,-1.0143633789492663,4.568065066988541,0.00019870394256071768,-0.00042585317074147566,423,0,77559.7
2026-09-03 04:36:58,okx,BTC,BTC-USD-260906-76500-P,2026-09-06,76500,put,0.0048293586487536,0.0048,0.0049,0.28117257579042604,-0.29547354433455203,13.72757940771595,0.00031786260431630574,-0.0014225474592407929,450,452,77559.7
2026-09-03 04:36:58,okx,BTC,BTC-USD-260911-86000-C,2026-09-11,86000,call,0.0008804837232922,0.0009,0.001,0.3834798964085292,0.03815849412962827,1.398826641053969,0.0001261724801229101,-0.000297140172342473,3038,235,77559.7
2026-09-03 04:36:58,okx,BTC,BTC-USD-260906-76000-C,2026-09-06,76000,call,0.023676151859088,0.023,0.0245,0.2867362436951634,0.7608131451330752,9.474748435361017,0.0002713404593231399,-0.0012378389090645736,0,0,77559.7
2026-09-03 04:36:58,okx,BTC,BTC-USD-260911-83000-P,2026-09-11,83000,put,0.0715535885706833,0.0705,0.0725,0.33688428661289227,-0.9757605954196287,5.324861557091208,0.0002534712159610742,-0.0005224839580253781,565,0,77559.7
2026-09-03 04:36:58,okx,BTC,BTC-USD-260906-76000-P,2026-09-06,76000,put,0.0033139891955745,0.0032,0.0033,0.2867362436951634,-0.21871338760507394,11.433801500837316,0.0002713404593231399,-0.0012383974683661501,554,572,77559.7
2026-09-03 04:36:58,okx,BTC,BTC-USD-260911-84000-C,2026-09-11,84000,call,0.0015666657412451,0.0017,0.0018,0.35083118398668756,0.06761282611358355,2.404112656862842,0.00019870394256071768,-0.0004281052042188252,6227,2977,77559.7
2026-09-03 04:36:58,okx,BTC,BTC-USD-260906-75000-C,2026-09-06,75000,call,0.0348223994318139,0.034,0.0355,0.3048129759699324,0.8521451966330298,5.071457676258991,0.00017773507197591947,-0.000861430521565825,1,1,77559.7
2026-09-03 04:36:58,okx,BTC,BTC-USD-260911-82000-P,2026-09-11,82000,put,0.0596746120017731,0.0585,0.0615,0.32491530808140867,-0.9254006032639904,6.30269222394069,0.00032262827636041517,-0.0006421821102119393,1885,50,77559.7
2026-09-03 04:36:58,okx,BTC,BTC-USD-260906-75000-P,2026-09-06,75000,put,0.0015713974655959,0.0014,0.0015,0.3048129759699324,-0.11449282909540695,7.004733727715864,0.00017773507197591947,-0.0008623421906449584,409,409,77559.7
2026-09-03 04:36:58,okx,BTC,BTC-USD-260911-83000-C,2026-09-11,83000,call,0.0022074865943015,0.0023,0.0024,0.33688428661289227,0.09333494053532973,3.186670485181292,0.0002534712159610742,-0.0005243830964622048,5857,1923,77559.7
2026-09-03 04:36:58,okx,BTC,BTC-USD-260906-74000-C,2026-09-06,74000,call,0.0469458230950024,0.046,0.0475,0.33121272875354374,0.8928295077446438,2.0970936217227263,0.00011066981279954286,-0.0005821997759783377,0,0,77559.7
2026-09-03 04:36:58,okx,BTC,BTC-USD-260911-81000-P,2026-09-11,81000,put,0.0483562341396661,0.0475,0.05,0.315212451580419,-0.8593542734982285,7.4593977087375904,0.0004036036890922789,-0.0007800299016589834,2590,0,77559.7
2026-09-03 04:36:58,okx,BTC,BTC-USD-260906-74000-P,2026-09-06,74000,put,0.0008059818260799,0.0007,0.0008,0.33121272875354374,-0.060920010974080376,4.004592659160175,0.00011066981279954286,-0.000583464554835028,645,811,77559.7
2026-09-03 04:36:58,okx,BTC,BTC-USD-260911-82000-C,2026-09-11,82000,call,0.0032095110677186,0.0033,0.0034,0.32491530808140867,0.1308142635830772,4.190262490246555,0.00032262827636041517,-0.0006437283536082432,4961,1462,77559.7
2026-09-03 04:36:58,okx,BTC,BTC-USD-260906-78500-C,2026-09-06,78500,call,0.0056187406990429,0.0055,0.006,0.2820838431994272,0.3255719103806751,13.207623866953409,0.0003364226752761482,-0.0015104760803260028,180,180,77559.7
2026-09-03 04:36:58,okx,BTC,BTC-USD-260906-78500-P,2026-09-06,78500,put,0.0174786762922907,0.017,0.018,0.2820838431994272,-0.6861758898817552,15.23111946747827,0.0003364226752761482,-0.0015101518651836868,0,0,77559.7
2026-09-03 04:36:58,okx,BTC,BTC-USD-260906-78000-C,2026-09-06,78000,call,0.0078640064407348,0.0075,0.008,0.2788607324945598,0.4148377441619341,14.300654300060804,0.00036309326336424685,-0.0016115438261203997,305,502,77559.7
2026-09-03 04:36:58,okx,BTC,BTC-USD-260911-90000-P,2026-09-11,90000,put,0.1599239275854484,0.1585,0.161,0.45999777765530003,-1.1426742278871411,2.8989226191367283,0.00006295214431157533,-0.00017347007322652286,200,0,77559.7
2026-09-03 04:36:58,okx,BTC,BTC-USD-260906-78000-P,2026-09-06,78000,put,0.0132795223826304,0.013,0.0135,0.2788607324945598,-0.59046580259564,16.311261393575954,0.00036309326336424685,-0.0016113961658668623,0,0,77559.7
2026-09-03 04:36:58,okx,BTC,BTC-USD-260906-77500-C,2026-09-06,77500,call,0.010779938996434,0.0105,0.011,0.27733996460306837,0.5106471425784804,14.461116554245688,0.0003695161945786401,-0.001631029830056996,482,632,77559.7
2026-09-03 04:36:58,okx,BTC,BTC-USD-260911-88000-P,2026-09-11,88000,put,0.1343204517421168,0.133,0.136,0.4205613942979336,-1.109495231869738,3.1361329681698873,0.00008603079879984269,-0.00021853547069421622,307,0,77559.7
2026-09-03 04:36:58,okx,BTC,BTC-USD-260906-77500-P,2026-09-06,77500,put,0.0097510352869774,0.0095,0.01,0.27733996460306837,-0.4882121506742374,16.458835140751127,0.0003695161945786401,-0.001631058724692237,360,350,77559.7
2026-09-03 04:36:58,okx,BTC,BTC-USD-260911-90000-C,2026-09-11,90000,call,0.0004108183127748,0.0004,0.0005,0.45999777765530003,0.01658599182305488,0.5804021797163363,0.00006295214431157533,-0.00017783947694700953,3604,249,77559.7
2026-09-03 04:36:58,okx,BTC,BTC-USD-260906-77000-C,2026-09-06,77000,call,0.0144165842976823,0.014,0.015,0.27803227399850433,0.6052400113810232,13.553985574395291,0.000353260742365362,-0.0015630592429256675,193,192,77559.7
2026-09-03 04:36:58,okx,BTC,BTC-USD-260911-86000-P,2026-09-11,86000,put,0.1088695888266564,0.1075,0.11,0.3834798964085292,-1.0695790491490034,3.614301727611233,0.0001261724801229101,-0.0002941823487840778,80,0,77559.7
2026-09-03 04:36:58,okx,BTC,BTC-USD-260906-77000-P,2026-09-06,77000,put,0.0069432609368734,0.0065,0.0075,0.27803227399850433,-0.3871750283668383,15.538815653891014,0.000353260742365362,-0.001563264692449687,60,51,77559.7
2026-09-03 04:36:58,okx,BTC,BTC-USD-260911-88000-C,2026-09-11,88000,call,0.0005693445540981,0.0006,0.0007,0.4205613942979336,0.024003649624675858,0.8691352051810598,0.00008603079879984269,-0.00022219908433365716,3641,466,77559.7
2026-09-03 04:36:58,okx,BTC,BTC-USD-260906-81000-C,2026-09-06,81000,call,0.0010067871683588,0.001,0.0011,0.32139624421195157,0.0751692980439837,4.654073468593336,0.00013288118106421552,-0.0006798002709569555,5546,5546,77559.7
2026-09-03 04:36:58,okx,BTC,BTC-USD-260906-81000-P,2026-09-06,81000,put,0.0450888210183681,0.044,0.0455,0.32139624421195157,-0.9687997697427277,6.74201160416676,0.00013288118106421552,-0.0006785932813707474,0,0,77559.7
2026-09-03 04:36:58,okx,BTC,BTC-USD-260906-80000-C,2026-09-06,80000,call,0.0019519413077746,0.0019,0.002,0.30131777249508196,0.13719530056794524,7.655251515044149,0.00020561782859485823,-0.000986181005543072,292,442,77559.7
2026-09-03 04:36:58,okx,BTC,BTC-USD-260906-80000-P,2026-09-06,80000,put,0.0331451358550792,0.032,0.0335,0.30131777249508196,-0.8938852602090538,9.717412636598148,0.00020561782859485823,-0.0009853271257344207,0,0,77559.7
2026-09-03 04:36:58,okx,BTC,BTC-USD-260906-79500-C,2026-09-06,79500,call,0.002775369179039,0.0027,0.0028,0.2933775535888394,0.18560349214333652,9.547073477933607,0.0002504065592971886,-0.0011693351460283948,312,352,77559.7
2026-09-03 04:36:58,okx,BTC,BTC-USD-260925-56000-C,2026-09-25,56000,call,0.2803105375215393,0.279,0.2815,0.618236774104263,0.706743567457854,-1.1955784492377701,0.00008172120980648559,-0.0001133378800956537,4,0,77559.7
2026-09-03 04:36:58,okx,BTC,BTC-USD-260906-79500-P,2026-09-06,79500,put,0.0275241440749913,0.027,0.028,0.2933775535888394,-0.8390328151288062,11.596346092477892,0.0002504065592971886,-0.001168657821108522,0,0,77559.7
2026-09-03 04:36:58,okx,BTC,BTC-USD-260906-79000-C,2026-09-06,79000,call,0.0039595799554447,0.0039,0.004,0.28694295711436035,0.24833085269747218,11.498823336725101,0.00029620734023736394,-0.0013528548803133369,2,2,77559.7
2026-09-03 04:36:58,okx,BTC,BTC-USD-260906-79000-P,2026-09-06,79000,put,0.022263935200045,0.0215,0.023,0.28694295711436035,-0.7698612010698143,13.535207444259674,0.00029620734023736394,-0.0013523541102822424,0,0,77559.7
2026-09-03 04:36:58,okx,BTC,BTC-USD-260925-56000-P,2026-09-25,56000,put,0.0007176170605683,0.0006,0.0007,0.618236774104263,-0.013585291285253107,0.24507926824844428,0.00008172120980648559,-0.00011409168192355186,7258,20,77559.7
2026-09-03 04:36:58,okx,BTC,BTC-USD-260906-86000-C,2026-09-06,86000,call,0.0001683024269981,0.0001,0.0002,0.48126212615663405,0.010984704723918473,0.6345454440438207,0.000027189966656993664,-0.00020829336926611646,90,90,77559.7
2026-09-03 04:36:58,okx,BTC,BTC-USD-260906-86000-P,2026-09-06,86000,put,0.1086945327905298,0.1075,0.1095,0.48126212615663405,-1.0974268981113555,2.851368649714369,0.000027189966656993664,-0.00020532083079212373,0,0,77559.7
2026-09-03 04:36:58,okx,BTC,BTC-USD-260906-84000-C,2026-09-06,84000,call,0.0002568656627618,0.0002,0.0003,0.4085608929947282,0.01858685948647403,1.1772921895022586,0.00004269967362539869,-0.0002776930675897901,0,0,77559.7
2026-09-03 04:36:58,okx,BTC,BTC-USD-260906-84000-P,2026-09-06,84000,put,0.0830054174208845,0.082,0.084,0.4085608929947282,-1.064047729329375,3.3425613671339565,0.00004269967362539869,-0.00027542674867091113,0,0,77559.7
2026-09-03 04:36:58,okx,BTC,BTC-USD-260906-82000-C,2026-09-06,82000,call,0.0005702159916944,0.0006,0.0007,0.34647972311472436,0.04332607504027586,2.803943354786305,0.00008618815418592357,-0.0004753415915183673,260,260,77559.7
2026-09-03 04:36:58,okx,BTC,BTC-USD-260906-82000-P,2026-09-06,82000,put,0.0575410891444082,0.0565,0.0585,0.34647972311472436,-1.0135314997561482,4.917658504379154,0.00008618815418592357,-0.00047378149215460217,0,0,77559.7
2026-09-03 04:36:58,okx,BTC,BTC-USD-261127-48000-C,2026-11-27,48000,call,0.3899505379710212,0.389,0.392,0.554752366464201,0.5842299379369347,-0.952493989711433,0.00027946696148995024,-0.0000861214316492051,0,0,77559.7
2026-09-03 04:36:58,okx,BTC,BTC-USD-261127-48000-P,2026-11-27,48000,put,0.0027492065798522,0.0026,0.003,0.554752366464201,-0.02745752062892168,0.2708809274202798,0.00027946696148995024,-0.00009101123977745146,831,0,77559.7
2026-09-03 04:36:58,okx,BTC,BTC-USD-261127-46000-C,2026-11-27,46000,call,0.4150779278834859,0.4145,0.417,0.5822032169163681,0.5629693547215607,-0.9476422444214161,0.00024213829911033584,-0.00007754652814358741,0,0,77559.7
2026-09-03 04:36:58,okx,BTC,BTC-USD-261127-46000-P,2026-11-27,46000,put,0.0023880907651523,0.0021,0.0025,0.5822032169163681,-0.023231126404051575,0.22475871782980847,0.00024213829911033584,-0.00008275817045771702,2568,0,77559.7
2026-09-03 04:36:58,okx,BTC,BTC-USD-261127-56000-C,2026-11-27,56000,call,0.2910351792630847,0.2905,0.293,0.46917202996677243,0.6528276353702598,-0.8146882471353909,0.0005373170113888063,-0.00014436945050475363,0,0,77559.7
2026-09-03 04:36:58,okx,BTC,BTC-USD-261127-56000-P,2026-11-27,56000,put,0.0057878707805739,0.006,0.0065,0.46917202996677243,-0.06080773295657255,0.6125824895182738,0.0005373170113888063,-0.00014797192188946694,1569,0,77559.7
2026-09-03 04:36:58,okx,BTC,BTC-USD-261127-54000-C,2026-11-27,54000,call,0.3154250817728989,0.3155,0.318,0.48722683881298035,0.6390719753224884,-0.8798356015816313,0.00045268569104503975,-0.00012554309742913132,0,0,77559.7
2026-09-03 04:36:58,okx,BTC,BTC-USD-261127-54000-P,2026-11-27,54000,put,0.0046892675632235,0.0049,0.0055,0.48722683881298035,-0.049076415564099925,0.4964611801915454,0.00045268569104503975,-0.00012946740299972788,2277,0,77559.7
2026-09-03 04:36:58,okx,BTC,BTC-USD-261127-52000-C,2026-11-27,52000,call,0.3400809892875058,0.3395,0.3425,0.5074138697082122,0.622696064340454,-0.9219802408555527,0.0003827934231225769,-0.00010977158802974689,0,0,77559.7
2026-09-03 04:36:58,okx,BTC,BTC-USD-261127-52000-P,2026-11-27,52000,put,0.0038566693506658,0.004,0.0043,0.5074138697082122,-0.03996534910589032,0.4033425860371357,0.0003827934231225769,-0.00011401772778622671,1591,0,77559.7
2026-09-03 04:36:58,okx,BTC,BTC-USD-261127-50000-C,2026-11-27,50000,call,0.3649391535833464,0.365,0.3675,0.5298734838454591,0.604261668559175,-0.9449950619601519,0.00032572085061853903,-0.00009674712550778009,0,0,77559.7
2026-09-03 04:36:58,okx,BTC,BTC-USD-261127-50000-P,2026-11-27,50000,put,0.003226327919342,0.0032,0.0034,0.5298734838454591,-0.03291276744692537,0.3293538100520487,0.00032572085061853903,-0.00010131509945014318,2430,281,77559.7
2026-09-03 04:36:58,okx,BTC,BTC-USD-261127-64000-C,2026-11-27,64000,call,0.1980658796089056,0.1975,0.2,0.4156955147271826,0.6675435584845102,-0.26353290579657224,0.0010390480696310066,-0.0002511525579943066,816,0,77559.7
2026-09-03 04:36:58,okx,BTC,BTC-USD-261127-64000-P,2026-11-27,64000,put,0.0147725940350531,0.0145,0.015,0.4156955147271826,-0.14803971960329812,1.3676336503790445,0.0010390480696310066,-0.00025346769263548684,3701,65,77559.7
2026-09-03 04:36:58,okx,BTC,BTC-USD-261127-62000-C,2026-11-27,62000,call,0.2203756135651743,0.22,0.2225,0.4264949223284797,0.6714207116210088,-0.44770702619242464,0.0008905294060739956,-0.00022026201694773457,0,0,77559.7
2026-09-03 04:36:58,okx,BTC,BTC-USD-261127-62000-P,2026-11-27,62000,put,0.0115938222641572,0.0115,0.012,0.4264949223284797,-0.1186755890265556,1.132485575102704,0.0008905294060739956,-0.0002228989857747981,1914,12,77559.7
2026-09-03 04:36:58,okx,BTC,BTC-USD-260905-77250-P,2026-09-05,77250,put,0.0076851284725601,0.0075,0.008,0.3143277502839659,-0.4352182168448403,17.167032533813924,0.0003004790715071857,-0.00220545440911872,0,0,77559.7
2026-09-03 04:36:58,okx,BTC,BTC-USD-261127-60000-C,2026-11-27,60000,call,0.2433986521529672,0.243,0.2455,0.4389301412448182,0.6697593203427944,-0.6009961175083027,0.0007561453808101044,-0.0001918348888598745,0,0,77559.7
2026-09-03 04:36:58,okx,BTC,BTC-USD-261127-60000-P,2026-11-27,60000,put,0.0091283551247855,0.0095,0.01,0.4389301412448182,-0.09485000286452606,0.9282225289063383,0.0007561453808101044,-0.0001947936918728213,4892,0,77559.7
2026-09-03 04:36:58,okx,BTC,BTC-USD-261127-58000-C,2026-11-27,58000,call,0.2669926134351779,0.2665,0.269,0.45311557263281416,0.6633030689626442,-0.7227716031214835,0.0006382239388031857,-0.00016645752825204636,0,0,77559.7
2026-09-03 04:36:58,okx,BTC,BTC-USD-260905-77250-C,2026-09-05,77250,call,0.0117561475048288,0.0115,0.012,0.3143277502839659,0.5606264294405108,15.175343241243219,0.0003004790715071857,-0.0022053421708611532,150,150,77559.7
2026-09-03 04:36:58,okx,BTC,BTC-USD-261127-58000-P,2026-11-27,58000,put,0.0072338106798318,0.0075,0.008,0.45311557263281416,-0.07581927680443215,0.7554730884126694,0.0006382239388031857,-0.00016973816545087642,1901,0,77559.7
2026-09-03 04:36:58,okx,BTC,BTC-USD-261127-72000-C,2026-11-27,72000,call,0.1191980156047365,0.118,0.12,0.3867830283620189,0.5882909835457533,0.6589014315790673,0.001656014076711891,-0.00037464554490971197,250,0,77559.7
2026-09-03 04:36:58,okx,BTC,BTC-USD-261127-72000-P,2026-11-27,72000,put,0.0378587529395423,0.037,0.038,0.3867830283620189,-0.3292402043030313,2.493963807276636,0.001656014076711891,-0.00037567334280735925,10542,5653,77559.7
2026-09-03 04:36:58,okx,BTC,BTC-USD-261127-70000-C,2026-11-27,70000,call,0.1370356152632472,0.1355,0.1385,0.39206092669429077,0.6177421318922569,0.4206275055033983,0.0015145700322969494,-0.0003469867379806926,3326,0,77559.7
2026-09-03 04:36:58,okx,BTC,BTC-USD-261127-70000-P,2026-11-27,70000,put,0.0302078468708883,0.0295,0.0305,0.39206092669429077,-0.2743020785162836,2.204715926320479,0.0015145700322969494,-0.00034833637006422306,6769,0,77559.7
2026-09-03 04:36:58,okx,BTC,BTC-USD-261127-68000-C,2026-11-27,68000,call,0.1562293399281052,0.155,0.158,0.39857765145975926,0.6409279884082806,0.17937046798052392,0.0013585531101766625,-0.00031602190954536837,58,0,77559.7
2026-09-03 04:36:58,okx,BTC,BTC-USD-261127-68000-P,2026-11-27,68000,put,0.0239130658085817,0.0235,0.024,0.39857765145975926,-0.22562924456001585,1.9124849339171168,0.0013585531101766625,-0.00031769337581478215,1000,4,77559.7
2026-09-03 04:36:58,okx,BTC,BTC-USD-261127-66000-C,2026-11-27,66000,call,0.1766279912382634,0.1755,0.1785,0.4064237793225588,0.6575088517242784,-0.0521383221883632,0.0011972563153955591,-0.00028352635799344276,985,0,77559.7
2026-09-03 04:36:58,okx,BTC,BTC-USD-261127-66000-P,2026-11-27,66000,put,0.0188232113915754,0.0185,0.019,0.4064237793225588,-0.18356140380377398,1.6300021888677416,0.0011972563153955591,-0.00028551965844873973,1656,0,77559.7
2026-09-03 04:36:58,okx,BTC,BTC-USD-261127-80000-C,2026-11-27,80000,call,0.0632510406766995,0.0625,0.0635,0.3764293115357102,0.42776874480108396,1.3359538107447817,0.0019242847507364227,-0.0004245875295312079,1417,8,77559.7
2026-09-03 04:36:58,okx,BTC,BTC-USD-261127-80000-P,2026-11-27,80000,put,0.0838658009201636,0.0825,0.084,0.3764293115357102,-0.5917103528086765,3.3749120059643025,0.0019242847507364227,-0.0004243279906853222,4797,111,77559.7
2026-09-03 04:36:58,okx,BTC,BTC-USD-261127-78000-C,2026-11-27,78000,call,0.0748535834028531,0.074,0.075,0.37755578356296693,0.47162492863862426,1.2269448407841168,0.0019112873234842659,-0.00042283212153083823,1389,0,77559.7
2026-09-03 04:36:58,okx,BTC,BTC-USD-261127-78000-P,2026-11-27,78000,put,0.0699798379191526,0.069,0.07,0.37755578356296693,-0.5223671915308923,3.21492908112315,0.0019112873234842659,-0.00042289441687083564,1221,21,77559.7
2026-09-03 04:36:58,okx,BTC,BTC-USD-261127-76000-C,2026-11-27,76000,call,0.0880459913917454,0.087,0.0885,0.3796080742224788,0.5139790609978827,1.073233195371053,0.0018605750491665369,-0.00041366380642947733,808,0,77559.7
2026-09-03 04:36:58,okx,BTC,BTC-USD-261127-76000-P,2026-11-27,76000,put,0.0576837401808803,0.057,0.0575,0.3796080742224788,-0.45452608173138986,3.0102434808295984,0.0018605750491665369,-0.00041404793595535805,841,0,77559.7
2026-09-03 04:36:58,okx,BTC,BTC-USD-261127-74000-C,2026-11-27,74000,call,0.1028400249799709,0.1015,0.103,0.3826587637480636,0.5533291672741143,0.8806214695938044,0.0017738497740525405,-0.00039732133071430036,2281,10,77559.7
2026-09-03 04:36:58,okx,BTC,BTC-USD-261127-74000-P,2026-11-27,74000,put,0.0469892680419412,0.046,0.047,0.3826587637480636,-0.3896889980149142,2.7666578001718616,0.0017738497740525405,-0.0003980272944260643,4065,2569,77559.7
2026-09-03 04:36:58,okx,BTC,BTC-USD-260904-56000-C,2026-09-04,56000,call,0.2780088364173886,0.2775,0.279,0.5704895999115496,0.7219412876358583,-1.4438825752717166,0.0000000000000000000000000042286196653422095,0.000007617190365476362,2,0,77559.7
2026-09-03 04:36:58,okx,BTC,BTC-USD-260904-56000-P,2026-09-04,56000,put,0.0000000000000001,,0.0001,0.5704895999115496,-0.0000000000000000000000007347167230674621,0.00000000000000000000023857287033776836,0.0000000000000000000000000042286196653422095,-0.0000000000000000000000001057085692665056,4169,0,77559.7
2026-09-03 04:36:58,okx,BTC,BTC-USD-261127-95000-C,2026-11-27,95000,call,0.0162011817631097,0.0165,0.017,0.387286016360214,0.15872686878213874,1.059803990590238,0.0012442085693533844,-0.0002827754770751915,3112,30,77559.7
2026-09-03 04:36:58,okx,BTC,BTC-USD-261127-95000-P,2026-11-27,95000,put,0.2279797349603079,0.225,0.2295,0.387286016360214,-1.051904559629452,3.4810668474134197,0.0012442085693533844,-0.00028010218183518125,0,0,77559.7
2026-09-03 04:36:58,okx,BTC,BTC-USD-261030-115000-C,2026-10-30,115000,call,0.0016387869035326,0.0016,0.002,0.4749831463795079,0.022989704366807893,0.2611249570305225,0.00022835975431782424,-0.0000949070333072091,1892,0,77559.7
2026-09-03 04:36:58,okx,BTC,BTC-USD-261127-90000-C,2026-11-27,90000,call,0.0256487990398769,0.0255,0.026,0.38050696669317163,0.22874064020807092,1.2867804201087678,0.0015481762879076856,-0.000345626498402373,5023,0,77559.7
2026-09-03 04:36:58,okx,BTC,BTC-USD-261030-115000-P,2026-10-30,115000,put,0.4744894581122648,0.473,0.478,0.4749831463795079,-1.4496113979693173,3.206327161702773,0.00022835975431782424,-0.00009357552822380385,0,0,77559.7
2026-09-03 04:36:58,okx,BTC,BTC-USD-261127-90000-P,2026-11-27,90000,put,0.1737060879191638,0.172,0.175,0.38050696669317163,-0.9181733446029096,3.5806083897307293,0.0015481762879076856,-0.0003437577886270709,0,0,77559.7
2026-09-03 04:36:58,okx,BTC,BTC-USD-261030-92000-C,2026-10-30,92000,call,0.0111110679205547,0.011,0.0115,0.37725939921120294,0.14168595168380277,1.2979092497870126,0.0009339089560252978,-0.0003082636064632755,1266,105,77559.7
2026-09-03 04:36:58,okx,BTC,BTC-USD-261127-85000-C,2026-11-27,85000,call,0.0406309508633601,0.04,0.0405,0.3766795961001921,0.320546780325218,1.416223379847358,0.0018076712553124546,-0.0003993601165548257,2889,41,77559.7
2026-09-03 04:36:58,okx,BTC,BTC-USD-261030-92000-P,2026-10-30,92000,put,0.1894237891028787,0.1875,0.1925,0.37725939921120294,-1.0363949301850974,3.654071013524813,0.0009339089560252978,-0.00030776159941716514,0,0,77559.7
2026-09-03 04:36:58,okx,BTC,BTC-USD-261127-85000-P,2026-11-27,85000,put,0.1249669754247355,0.1235,0.126,0.3766795961001921,-0.7626497608851526,3.582616462268099,0.0018076712553124546,-0.0003982959922442318,320,0,77559.7
2026-09-03 04:36:58,okx,BTC,BTC-USD-260904-59500-C,2026-09-04,59500,call,0.2328863423824981,0.232,0.234,0.5703903040351375,0.7670626181130994,-1.5341252362261881,0.00000000000000000019061325695647707,0.000006380989542840696,0,0,77559.7
2026-09-03 04:36:58,okx,BTC,BTC-USD-260904-59500-P,2026-09-04,59500,put,0.0000000000000001,,0.0002,0.5703903040351375,-0.00000000000000004051030313940808,0.000000000000010770779832564307,0.00000000000000000019061325695647707,-0.000000000000000004764188657779233,1258,0,77559.7
2026-09-03 04:36:58,okx,BTC,BTC-USD-260904-59000-C,2026-09-04,59000,call,0.239332412958911,0.2385,0.24,0.5704190914186921,0.7606167137592077,-1.5212334275184143,0.000000000000000000020383112652164257,0.000006557589660363653,0,0,77559.7
2026-09-03 04:36:58,okx,BTC,BTC-USD-260904-59000-P,2026-09-04,59000,put,0.0000000000000001,,0.0002,0.5704190914186921,-0.0000000000000000042017607027397035,0.00000000000000115144873092041,0.000000000000000000020383112652164257,-0.0000000000000000005094813531485287,1808,0,77559.7
2026-09-03 04:36:58,okx,BTC,BTC-USD-260904-58000-C,2026-09-04,58000,call,0.2522245541117369,0.2515,0.2535,0.5704568755433204,0.7477249050514246,-1.4954498101028493,0.00000000000000000000017730332725488016,0.000006910789895401556,0,0,77559.7
2026-09-03 04:36:58,okx,BTC,BTC-USD-260904-58000-P,2026-09-04,58000,put,0.0000000000000001,,0.0002,0.5704568755433204,-0.00000000000000000003444884875600588,0.000000000000000010011063978729287,0.00000000000000000000017730332725488016,-0.0000000000000000000044320380473144744,4072,0,77559.7
2026-09-03 04:36:58,okx,BTC,BTC-USD-260904-57000-C,2026-09-04,57000,call,0.2651166952645627,0.2645,0.266,0.5704779573661767,0.7348330963436415,-1.469666192687283,0.0000000000000000000000010559607253923388,0.000007263990130438959,0,0,77559.7
2026-09-03 04:36:58,okx,BTC,BTC-USD-260904-57000-P,2026-09-04,57000,put,0.0000000000000001,,,0.5704779573661767,-0.00000000000000000000019381555558021536,0.00000000000000000005959773907068252,0.0000000000000000000000010559607253923388,-0.000000000000000000000026396749018866618,2049,137,77559.7
2026-09-03 04:36:58,okx,BTC,BTC-USD-260904-61500-C,2026-09-04,61500,call,0.2071020600768471,0.2065,0.208,0.5701456655618354,0.7928462355285176,-1.585692471022656,0.0000000000000006127619155643069,0.000005674589057461857,2,0,77559.7
2026-09-03 04:36:58,okx,BTC,BTC-USD-260904-61500-P,2026-09-04,61500,put,0.0000000000000006,,0.0002,0.5701456655618354,-0.00000000000014814698745132007,0.000000000034675266572706954,0.0000000000000006127619155643069,-0.00000000000001530880170654792,3699,0,77559.7
2026-09-03 04:36:58,okx,BTC,BTC-USD-260904-61000-C,2026-09-04,61000,call,0.2135481306532595,0.213,0.2145,0.5702342129239164,0.7864003311747526,-1.5728006623443251,0.00000000000000009234143390686142,0.000005851189187982009,1,0,77559.7
2026-09-03 04:36:58,okx,BTC,BTC-USD-260905-77750-P,2026-09-05,77750,put,0.0109267656344473,0.0105,0.011,0.31689244954871626,-0.544566703960649,17.466857840906687,0.0003044388365083409,-0.0022526661913145887,0,0,77559.7
2026-09-03 04:36:58,okx,BTC,BTC-USD-260904-61000-P,2026-09-04,61000,put,0.0000000000000001,,0.0001,0.5702342129239164,-0.000000000000021593568232185718,0.00000000000522319357141704,0.00000000000000009234143390686142,-0.0000000000000023073502323226036,4467,0,77559.7
2026-09-03 04:36:58,okx,BTC,BTC-USD-260904-60500-C,2026-09-04,60500,call,0.2199942012296722,0.2195,0.221,0.5703013139974356,0.7799544268208798,-1.559908853641041,0.00000000000000001280599849467335,0.000006027789307488036,0,0,77559.7
2026-09-03 04:36:58,okx,BTC,BTC-USD-260904-60500-P,2026-09-04,60500,put,0.0000000000000001,,0.0002,0.5703013139974356,-0.000000000000002898646327732158,0.000000000000724081023752472,0.00000000000000001280599849467335,-0.00000000000000032002321449687944,2196,0,77559.7
2026-09-03 04:36:58,okx,BTC,BTC-USD-260905-77750-C,2026-09-05,77750,call,0.0085520220394358,0.0085,0.009,0.31689244954871626,0.4577235387407886,15.462277355503812,0.0003044388365083409,-0.0022527305447378886,233,233,77559.7
2026-09-03 04:36:58,okx,BTC,BTC-USD-260904-60000-C,2026-09-04,60000,call,0.2264402718060852,0.226,0.227,0.5703520432788024,0.7735085224669905,-1.5470170449338896,0.000000000000000001631525367117588,0.000006204389425285988,1,0,77559.7
2026-09-03 04:36:58,okx,BTC,BTC-USD-260904-60000-P,2026-09-04,60000,put,0.0000000000000001,,0.0002,0.5703520432788024,-0.000000000000000357718943889947,0.00000000000009221895442188947,0.000000000000000001631525367117588,-0.00000000000000004077561526465317,4564,0,77559.7
2026-09-03 04:36:58,okx,BTC,BTC-USD-260904-63500-C,2026-09-04,63500,call,0.1813177777719141,0.181,0.182,0.5694130234260067,0.818629852795444,-1.6372596755818825,0.0000000000005341854343784352,0.0000049681752741463936,1069,0,77559.7
2026-09-03 04:36:58,okx,BTC,BTC-USD-260904-63500-P,2026-09-04,63500,put,0.0000000000007194,,0.0002,0.5694130234260067,-0.00000000014878807884588143,0.00000003030658155781431,0.0000000000005341854343784352,-0.00000000001332854947057519,784,0,77559.7
2026-09-03 04:36:58,okx,BTC,BTC-USD-260904-63000-C,2026-09-04,63000,call,0.1877638483477462,0.1875,0.188,0.5696753316147418,0.8121839485606698,-1.6243678909162433,0.00000000000011050679699633417,0.000005144785961670661,892,71,77559.7
2026-09-03 04:36:58,okx,BTC,BTC-USD-260904-63000-P,2026-09-04,63000,put,0.0000000000001385,,0.0002,0.5696753316147418,-0.000000000029670697722554894,0.0000000062644377978338535,0.00000000000011050679699633417,-0.0000000000027585438996485237,2855,0,77559.7
2026-09-03 04:36:58,okx,BTC,BTC-USD-260904-62500-C,2026-09-04,62500,call,0.1942099189240453,0.194,0.195,0.5698759747868786,0.8057380442309658,-1.611476087273876,0.000000000000021165578378635697,0.000005321388309197932,832,101,77559.7
2026-09-03 04:36:58,okx,BTC,BTC-USD-260904-62500-P,2026-09-04,62500,put,0.0000000000000247,,0.0002,0.5698759747868786,-0.000000000005483035085302189,0.0000000011990216224089419,0.000000000000021165578378635697,-0.0000000000005285353309411221,3082,0,77559.7
2026-09-03 04:36:58,okx,BTC,BTC-USD-260904-62000-C,2026-09-04,62000,call,0.2006559895004376,0.2005,0.2015,0.5700290907957131,0.7992921398816197,-1.5985842795529097,0.000000000000003748098560619478,0.000005497988861631323,1,0,77559.7
2026-09-03 04:36:58,okx,BTC,BTC-USD-260904-62000-P,2026-09-04,62000,put,0.000000000000004,,0.0001,0.5700290907957131,-0.000000000000937622212675414,0.00000000021220510714227115,0.000000000000003748098560619478,-0.00000000000009362063759545516,3038,0,77559.7
2026-09-03 04:36:58,okx,BTC,BTC-USD-260904-65500-C,2026-09-04,65500,call,0.1555334957174806,0.1555,0.156,0.5673000678094235,0.8444134252680253,-1.6888190438386916,0.0000000001384500838959752,0.000004258346462188234,888,0,77559.7
2026-09-03 04:36:58,okx,BTC,BTC-USD-260904-65500-P,2026-09-04,65500,put,0.0000000002519376,,0.0002,0.5673000678094235,-0.00000004509177318695461,0.00000789688090534401,0.0000000001384500838959752,-0.0000000034416704328274144,2694,0,77559.7
2026-09-03 04:36:58,okx,BTC,BTC-USD-260904-65000-C,2026-09-04,65000,call,0.1619795661067788,0.1615,0.1625,0.5680480259934156,0.8379675539670964,-1.6759329401544434,0.00000000003849579157792615,0.000004437430038157455,561,0,77559.7
2026-09-03 04:36:58,okx,BTC,BTC-USD-260904-65000-P,2026-09-04,65000,put,0.0000000000648228,,0.0001,0.5680480259934156,-0.0000000120388103407137,0.0000021918573705481297,0.00000000003849579157792615,-0.0000000009582119823050803,4046,0,77559.7
2026-09-03 04:36:58,okx,BTC,BTC-USD-260904-64500-C,2026-09-04,64500,call,0.1684256366339097,0.168,0.169,0.568625773720405,0.8315216586586566,-1.663042757120368,0.000000000009958188005629263,0.000004614740242838121,1240,117,77559.7
2026-09-03 04:36:58,okx,BTC,BTC-USD-260904-64500-P,2026-09-04,64500,put,0.0000000000155407,,0.0002,0.568625773720405,-0.0000000029933587455016803,0.000000566183662619207,0.000000000009958188005629263,-0.000000000248124820342601,2729,0,77559.7
2026-09-03 04:36:58,okx,BTC,BTC-USD-260904-64000-C,2026-09-04,64000,call,0.1748717071982496,0.1745,0.1755,0.5690709076794398,0.8250757566057705,-1.6501513786471123,0.0000000000023939203746614014,0.000004791528789966868,297,4,77559.7
2026-09-03 04:36:58,okx,BTC,BTC-USD-260904-64000-P,2026-09-04,64000,put,0.0000000000034678,,0.0001,0.5690709076794398,-0.0000000006923530933951328,0.00000013594913514880252,0.0000000000023939203746614014,-0.00000000005969521029606221,8026,0,77559.7
2026-09-03 04:36:58,okx,BTC,BTC-USD-260904-67500-C,2026-09-04,67500,call,0.129749242063982,0.1295,0.1305,0.5614533898412581,0.8701926378225502,-1.7397303603207204,0.000000011495077541584836,0.0000032725817459100776,8724,0,77559.7
2026-09-03 04:36:58,okx,BTC,BTC-USD-260925-71000-P,2026-09-25,71000,put,0.007338674742387,0.007,0.0075,0.37023653351119223,-0.1565404934223781,2.8609138971210464,0.00057221024057463,-0.00047839724304130484,5991,2515,77559.7
2026-09-03 04:36:58,okx,BTC,BTC-USD-260904-67500-P,2026-09-04,67500,put,0.0000000289040905,,0.0002,0.5614533898412581,-0.0000044499528145295505,0.0006638152300092264,0.000000011495077541584836,-0.0000002828059166361861,4323,0,77559.7
2026-09-03 04:36:58,okx,BTC,BTC-USD-260904-67000-C,2026-09-04,67000,call,0.1361952935100223,0.136,0.1365,0.5634950348232293,0.863749620829806,-1.7272596174312533,0.000000004221179937362296,0.0000036277591722666726,1093,8,77559.7
2026-09-03 04:36:58,okx,BTC,BTC-USD-261225-78000-P,2026-12-25,78000,put,0.0804738126621197,0.0795,0.0805,0.3847718014851425,-0.5207530790023982,2.8811878517647225,0.0021941851746254417,-0.0003723094701496746,3795,0,77559.7
2026-09-03 04:36:58,okx,BTC,BTC-USD-260904-67000-P,2026-09-04,67000,put,0.000000009773718,,0.0002,0.5634950348232293,-0.0000015625916672112392,0.00024274941169313697,0.000000004221179937362296,-0.00000010422860779828775,5586,140,77559.7
2026-09-03 04:36:58,okx,BTC,BTC-USD-260925-71000-C,2026-09-25,71000,call,0.0939814010018266,0.093,0.0945,0.37023653351119223,0.7567335953412042,1.0343657195938816,0.00057221024057463,-0.00047816360040365755,4246,0,77559.7
2026-09-03 04:36:58,okx,BTC,BTC-USD-260904-66500-C,2026-09-04,66500,call,0.1426413574034662,0.1425,0.1435,0.5650909724273949,0.857304765885149,-1.7145275501118233,0.000000001448265260489304,0.0000038727263067880665,1210,10,77559.7
2026-09-03 04:36:58,okx,BTC,BTC-USD-260904-66500-P,2026-09-04,66500,put,0.0000000030907489,,0.0002,0.5650909724273949,-0.0000005131824325153439,0.00008300802333972623,0.000000001448265260489304,-0.00000003586159079559516,1818,142,77559.7
2026-09-03 04:36:58,okx,BTC,BTC-USD-261225-78000-C,2026-12-25,78000,call,0.0893254667420105,0.0885,0.09,0.3847718014851425,0.46922364040416226,0.9012344129516014,0.0021941851746254417,-0.0003722218027438171,3888,14,77559.7
2026-09-03 04:36:58,okx,BTC,BTC-USD-260904-66000-C,2026-09-04,66000,call,0.1490874258024073,0.149,0.1495,0.5663343396289677,0.8508592172524482,-1.7016922405908395,0.0000000004637525796148408,0.000004073679418082202,947,10,77559.7
2026-09-03 04:36:58,okx,BTC,BTC-USD-260904-66000-P,2026-09-04,66000,put,0.0000000009132772,,0.0001,0.5663343396289677,-0.00000015746124194413798,0.00002650883654076994,0.0000000004637525796148408,-0.00000001150859702016054,1602,681,77559.7
2026-09-03 04:36:58,okx,BTC,BTC-USD-260904-71000-C,2026-09-04,71000,call,0.0846362128320335,0.0845,0.085,0.5215653049393636,0.9141560574146115,-1.6967635013520437,0.0000021449047612153812,-0.000046701399070633126,2906,261,77559.7
2026-09-03 04:36:58,okx,BTC,BTC-USD-260918-70000-P,2026-09-18,70000,put,0.0033314911900236,0.0033,0.0034,0.3895476177024175,-0.09132900843236792,2.195245031083414,0.000325220895287812,-0.0004182714210207277,2130,76,77559.7
2026-09-03 04:36:58,okx,BTC,BTC-USD-260904-71000-P,2026-09-04,71000,put,0.0000094937070326,,0.0002,0.5215653049393636,-0.001162360837994388,0.13387333515316818,0.0000021449047612153812,-0.00004902058591054848,10943,3132,77559.7
2026-09-03 04:36:58,okx,BTC,BTC-USD-260918-72000-C,2026-09-18,72000,call,0.0788878319250726,0.078,0.08,0.36558954081681694,0.775763825591818,1.507807854167496,0.00046396379442771135,-0.0005579719014018147,0,0,77559.7
2026-09-03 04:36:58,okx,BTC,BTC-USD-260904-70000-C,2026-09-04,70000,call,0.0975213294410236,0.0975,0.098,0.539597418554217,0.902107602182355,-1.7656760232194288,0.000000650107820535661,-0.000012699154963503162,2567,0,77559.7
2026-09-03 04:36:58,okx,BTC,BTC-USD-260918-68000-P,2026-09-18,68000,put,0.0020253365314737,0.002,0.0021,0.41863675189695426,-0.056289487275803574,1.403326499029371,0.0002241516164349716,-0.00030982424405285875,4134,458,77559.7
2026-09-03 04:36:58,okx,BTC,BTC-USD-260904-70000-P,2026-09-04,70000,put,0.0000024691631968,,0.0001,0.539597418554217,-0.00031900736246792124,0.03917719587021674,0.000000650107820535661,-0.000015371542038455924,11771,3891,77559.7
2026-09-03 04:36:58,okx,BTC,BTC-USD-260918-70000-C,2026-09-18,70000,call,0.1022183480589603,0.101,0.104,0.3895476177024175,0.8093462097598233,0.39389459469903154,0.000325220895287812,-0.00041556155681608185,0,0,77559.7
2026-09-03 04:36:58,okx,BTC,BTC-USD-260904-69000-C,2026-09-04,69000,call,0.1104115058470449,0.11,0.111,0.5513769016278751,0.8894652096295664,-1.7698629283742873,0.00000015629631565691634,-0.0000007506546545510511,5011,250,77559.7
2026-09-03 04:36:58,okx,BTC,BTC-USD-260918-66000-P,2026-09-18,66000,put,0.0012925420365713,0.0012,0.0013,0.45142106873710836,-0.03571642964097804,0.9004266273698788,0.00015523738290875482,-0.00023137989094856312,774,1043,77559.7
2026-09-03 04:36:58,okx,BTC,BTC-USD-260904-69000-P,2026-09-04,69000,put,0.0000005044163923,,0.0001,0.5513769016278751,-0.00006959120747305677,0.009206673299791624,0.00000015629631565691634,-0.000003776241964541208,7298,2032,77559.7
2026-09-03 04:36:58,okx,BTC,BTC-USD-260918-68000-C,2026-09-18,68000,call,0.1266464336290015,0.1255,0.1275,0.41863675189695426,0.8186521532537537,-0.3465567820297436,0.0002241516164349716,-0.0003064093503302596,0,0,77559.7
2026-09-03 04:36:58,okx,BTC,BTC-USD-260904-68000-C,2026-09-04,68000,call,0.12330322259019,0.123,0.124,0.5588512445768875,0.8766311266873709,-1.7515862662357644,0.000000029280598425877155,0.0000026617548859195807,4341,177,77559.7
2026-09-03 04:36:58,okx,BTC,BTC-USD-260904-68000-P,2026-09-04,68000,put,0.0000000800067117,,0.0001,0.5588512445768875,-0.000011865441885563446,0.0016997180227486457,0.000000029280598425877155,-0.0000007170326591079789,10878,3710,77559.7
2026-09-03 04:36:58,okx,BTC,BTC-USD-260918-66000-C,2026-09-18,66000,call,0.1516478793626903,0.1505,0.1525,0.45142106873710836,0.8134916332259452,-0.7979894983639677,0.00015523738290875482,-0.00022725996770801057,0,0,77559.7
2026-09-03 04:36:58,okx,BTC,BTC-USD-260918-75000-P,2026-09-18,75000,put,0.0133910832389054,0.013,0.0135,0.3415674056413014,-0.3075823271821147,5.567527615427797,0.0007017010235514495,-0.0007911178727661375,2760,575,77559.7
2026-09-03 04:36:58,okx,BTC,BTC-USD-260918-76000-C,2026-09-18,76000,call,0.0392825999586255,0.039,0.04,0.33703409947008134,0.5988410573075285,4.258415465906777,0.0007628149464598698,-0.0008479218803449478,591,133,77559.7
2026-09-03 04:36:58,okx,BTC,BTC-USD-260918-74000-P,2026-09-18,74000,put,0.0101086581377794,0.01,0.0105,0.34786654687110613,-0.24523285197113928,4.828288378088058,0.0006259615867656353,-0.0007187983197434725,6092,602,77559.7
2026-09-03 04:36:58,okx,BTC,BTC-USD-260918-75000-C,2026-09-18,75000,call,0.0479423395363641,0.0475,0.0485,0.3415674056413014,0.6574268351666618,3.637509290730245,0.0007017010235514495,-0.0007901705823563751,405,491,77559.7
2026-09-03 04:36:58,okx,BTC,BTC-USD-260918-73000-P,2026-09-18,73000,put,0.0076073304757018,0.0075,0.008,0.355896243702519,-0.19298056225461516,4.072533110086159,0.0005442636689065571,-0.0006394479631378194,2788,40,77559.7
2026-09-03 04:36:58,okx,BTC,BTC-USD-260918-74000-C,2026-09-18,74000,call,0.0575270345495338,0.0565,0.0585,0.34786654687110613,0.70690952154632,2.92400363105314,0.0006259615867656353,-0.0007174985145747334,128,128,77559.7
2026-09-03 04:36:58,okx,BTC,BTC-USD-260925-82000-C,2026-09-25,82000,call,0.013727203091249,0.0135,0.014,0.34118186936931827,0.2627653675799171,3.4557957171603313,0.0008239846960851808,-0.000634821294112794,10843,997,77559.7
2026-09-03 04:36:58,okx,BTC,BTC-USD-260904-72000-C,2026-09-04,72000,call,0.0717638176873884,0.0715,0.0725,0.4950871506059874,0.9247550160109216,-1.4770497267061675,0.000005764673226607453,-0.00012309379393772566,5103,111,77559.7
2026-09-03 04:36:58,okx,BTC,BTC-USD-260918-72000-P,2026-09-18,72000,put,0.0057352152847269,0.0055,0.006,0.36558954081681694,-0.15064497026300733,3.3606254458771465,0.00046396379442771135,-0.0005599767360885071,1044,338,77559.7
2026-09-03 04:36:58,okx,BTC,BTC-USD-260925-82000-P,2026-09-25,82000,put,0.0685812859129322,0.068,0.0695,0.34118186936931827,-0.7920018898653471,5.56533023205086,0.0008239846960851808,-0.0006346734866775906,4642,0,77559.7
2026-09-03 04:36:58,okx,BTC,BTC-USD-260904-72000-P,2026-09-04,72000,put,0.0000292397152134,,0.0001,0.4950871506059874,-0.0034552109494675157,0.37937072721461096,0.000005764673226607453,-0.00012505978054260362,13623,6227,77559.7
2026-09-03 04:36:58,okx,BTC,BTC-USD-260918-73000-C,2026-09-18,73000,call,0.0678928270017518,0.067,0.069,0.355896243702519,0.7462950224315271,2.193981940713874,0.0005442636689065571,-0.0006377956432101037,0,0,77559.7
2026-09-03 04:36:58,okx,BTC,BTC-USD-260904-75000-P,2026-09-04,75000,put,0.0003965767276733,0.0004,0.0005,0.36148480121719895,-0.04739114688391455,4.950852891888364,0.000054876711485519346,-0.0008692341712606865,26819,12976,77559.7
2026-09-03 04:36:58,okx,BTC,BTC-USD-260918-79000-P,2026-09-18,79000,put,0.0366183985954017,0.036,0.037,0.33374937633995855,-0.6205116119889491,6.976504727410528,0.0007940604553885508,-0.0008741581765608974,1481,643,77559.7
2026-09-03 04:36:58,okx,BTC,BTC-USD-260904-76000-C,2026-09-04,76000,call,0.021250253513704,0.021,0.022,0.3165209116043226,0.855975808660513,9.770858589271832,0.00011362231637388831,-0.0015753225467532836,5823,170,77559.7
2026-09-03 04:36:58,okx,BTC,BTC-USD-260918-80000-C,2026-09-18,80000,call,0.0152793769341777,0.015,0.0155,0.33561464463138524,0.33099526896849246,4.734101257270912,0.0007512482170067774,-0.0008321847380565273,2096,1479,77559.7
2026-09-03 04:36:58,okx,BTC,BTC-USD-260904-74000-P,2026-09-04,74000,put,0.0001711177785933,0.0002,0.0003,0.4123283140692419,-0.020201698804866,2.1433253707901376,0.000027106869284621222,-0.0004897590377971772,20698,1908,77559.7
2026-09-03 04:36:58,okx,BTC,BTC-USD-260918-78000-P,2026-09-18,78000,put,0.0291890291285719,0.029,0.0295,0.333247883284503,-0.5390397411471107,6.951516934292781,0.0008119381912407893,-0.0008927206897832309,2752,346,77559.7
2026-09-03 04:36:58,okx,BTC,BTC-USD-260904-75000-C,2026-09-04,75000,call,0.0334547312413706,0.033,0.034,0.36148480121719895,0.9194945061998242,3.0170815857208866,0.000054876711485519346,-0.0008683277853609207,3710,103,77559.7
2026-09-03 04:36:58,okx,BTC,BTC-USD-260918-79000-C,2026-09-18,79000,call,0.0197011744356784,0.0195,0.02,0.33374937633995855,0.3959647056850953,4.943552092062438,0.0007940604553885508,-0.0008746209451870418,3483,1017,77559.7
2026-09-03 04:36:58,okx,BTC,BTC-USD-260904-73000-P,2026-09-04,73000,put,0.0000748530086477,0.0001,0.0002,0.4585044613184578,-0.008742361650355513,0.934857110617702,0.000013149289101666538,-0.0002641840318789969,10671,626,77559.7
2026-09-03 04:36:58,okx,BTC,BTC-USD-260918-77000-P,2026-09-18,77000,put,0.0228440020706418,0.0225,0.023,0.33427047282455663,-0.4572997569838943,6.693169272593394,0.0008012750099092244,-0.0008838656733748549,4563,50,77559.7
2026-09-03 04:36:58,okx,BTC,BTC-USD-260904-74000-C,2026-09-04,74000,call,0.0461214134451167,0.046,0.047,0.4123283140692419,0.9337921455710895,0.23533768203822686,0.000027106869284621222,-0.000488499451662374,2707,68,77559.7
2026-09-03 04:36:58,okx,BTC,BTC-USD-260918-78000-C,2026-09-18,78000,call,0.025138925083144,0.025,0.0255,0.333247883284503,0.46456978769561663,4.944297876607325,0.0008119381912407893,-0.0008928309436503987,2314,1277,77559.7
2026-09-03 04:36:58,okx,BTC,BTC-USD-260918-76000-P,2026-09-18,76000,put,0.0175984637754623,0.0175,0.018,0.33703409947008134,-0.37903489387256484,6.214167368266963,0.0007628149464598698,-0.0008485166559957334,4875,428,77559.7
2026-09-03 04:36:58,okx,BTC,BTC-USD-260904-73000-C,2026-09-04,73000,call,0.0589172898279969,0.0585,0.06,0.4585044613184578,0.9323596740178168,-0.9473469607186428,0.000013149289101666538,-0.00026257124550915637,3564,0,77559.7
2026-09-03 04:36:58,okx,BTC,BTC-USD-260918-77000-C,2026-09-18,77000,call,0.0316610181395095,0.031,0.032,0.33427047282455663,0.5334429830275162,4.711683792570573,0.0008012750099092244,-0.0008836234124830459,717,308,77559.7
2026-09-03 04:36:58,okx,BTC,BTC-USD-260918-83000-P,2026-09-18,83000,put,0.0753357227460796,0.074,0.0765,0.3487352684786826,-0.8897966197435897,5.538380086904977,0.0005437594173186399,-0.0006241417192894812,0,0,77559.7
2026-09-03 04:36:58,okx,BTC,BTC-USD-260918-84000-C,2026-09-18,84000,call,0.0053712776191224,0.005,0.0055,0.3553795279137355,0.14299662948379555,2.911435342604029,0.00047136407934238774,-0.0005530280902770815,2162,863,77559.7
2026-09-03 04:36:58,okx,BTC,BTC-USD-260918-82000-P,2026-09-18,82000,put,0.0645572326593566,0.063,0.0655,0.34317741022060866,-0.8339697873374686,6.013040924676873,0.0006185599902640446,-0.0006992261256566161,448,0,77559.7
2026-09-03 04:36:58,okx,BTC,BTC-USD-260918-83000-C,2026-09-18,83000,call,0.0069500181291739,0.0065,0.007,0.3487352684786826,0.17814685325572285,3.4024931409063517,0.0005437594173186399,-0.0006260145469515324,1507,0,77559.7
2026-09-03 04:36:58,okx,BTC,BTC-USD-260918-81000-P,2026-09-18,81000,put,0.0544203254788235,0.054,0.055,0.338780020437218,-0.7699983500146294,6.450865322358344,0.0006901433821557545,-0.0007706051076935533,471,128,77559.7
2026-09-03 04:36:58,okx,BTC,BTC-USD-260918-82000-C,2026-09-18,82000,call,0.0090386481567463,0.0085,0.009,0.34317741022060866,0.221106896830527,3.9028875563408816,0.0006185599902640446,-0.0007007464385596907,909,8,77559.7
2026-09-03 04:36:58,okx,BTC,BTC-USD-260904-76000-P,2026-09-04,76000,put,0.0010842401528324,0.0011,0.0012,0.3165209116043226,-0.12380165313100883,11.730413512854875,0.00011362231637388831,-0.001575875732418012,10773,7492,77559.7
2026-09-03 04:36:58,okx,BTC,BTC-USD-260918-80000-P,2026-09-18,80000,put,0.0450637212081967,0.044,0.0455,0.33561464463138524,-0.698347837536869,6.792787470281635,0.0007512482170067774,-0.0008313694546714061,579,740,77559.7
2026-09-03 04:36:58,okx,BTC,BTC-USD-260918-81000-C,2026-09-18,81000,call,0.0117688610905089,0.0115,0.012,0.338780020437218,0.2722115453220491,4.366445531684987,0.0006901433821557545,-0.0007717729058376512,3320,91,77559.7
2026-09-03 04:36:58,okx,BTC,BTC-USD-260918-87000-P,2026-09-18,87000,put,0.1224931417243003,0.1205,0.1235,0.3810701423608564,-1.0442685050983893,3.963459898011909,0.00029638181620553856,-0.0003696117637199449,0,0,77559.7
2026-09-03 04:36:58,okx,BTC,BTC-USD-260918-88000-C,2026-09-18,88000,call,0.0021418247140146,0.0022,0.0023,0.3912981545450837,0.06156543643561256,1.4430618496196737,0.00025422381017770393,-0.00032844323147439324,1030,150,77559.7
2026-09-03 04:36:58,okx,BTC,BTC-USD-260903-80500-C,2026-09-03,80500,call,0.0000002340591983,,0.0005,0.5081855641504616,0.00009821151372746062,0.03884909996819142,0.00000007668029457592032,-0.000001948390030652087,3277,1224,77559.7
2026-09-03 04:36:58,okx,BTC,BTC-USD-260918-86000-P,2026-09-18,86000,put,0.1102883964674683,0.1085,0.112,0.3716235601031165,-1.01397904550143,4.2757628898294,0.0003465174068107393,-0.0004222270645582154,0,0,77559.7
2026-09-03 04:36:58,okx,BTC,BTC-USD-260903-80500-P,2026-09-03,80500,put,0.0379434739111067,0.037,0.0385,0.5081855641504616,-1.0378425020793864,2.1147305271544194,0.00000007668029457592032,-0.0000018017542579501603,0,0,77559.7
2026-09-03 04:36:58,okx,BTC,BTC-USD-260918-87000-C,2026-09-18,87000,call,0.0026389566502121,0.0027,0.0028,0.3810701423608564,0.0751421232261911,1.7246386413627484,0.00029638181620553856,-0.00037289465041790283,1484,128,77559.7
2026-09-03 04:36:58,okx,BTC,BTC-USD-260918-85000-P,2026-09-18,85000,put,0.098306843076242,0.0965,0.1,0.3630344746920987,-0.9788549721642686,4.647079207364098,0.0004050060659027475,-0.0004828454668765306,0,0,77559.7
2026-09-03 04:36:58,okx,BTC,BTC-USD-260918-86000-C,2026-09-18,86000,call,0.0033013315076758,0.0033,0.0034,0.3716235601031165,0.09256479399183362,2.0626752108428725,0.0003465174068107393,-0.00042515743649719663,1330,14,77559.7
2026-09-03 04:36:58,okx,BTC,BTC-USD-260918-84000-P,2026-09-18,84000,put,0.086624102350324,0.0855,0.0875,0.3553795279137355,-0.937813632346834,5.073055866265288,0.00047136407934238774,-0.0005508027478560535,0,0,77559.7
2026-09-03 04:36:58,okx,BTC,BTC-USD-260918-85000-C,2026-09-18,85000,call,0.004186898230745,0.0042,0.0043,0.3630344746920987,0.114822078497678,2.4597251060402052,0.0004050060659027475,-0.0004854233240565351,1942,0,77559.7
2026-09-03 04:36:58,okx,BTC,BTC-USD-260918-94000-P,2026-09-18,94000,put,0.2107781843537915,0.209,0.213,0.46502240669748973,-1.1856413624102564,2.9819237659052393,0.00011779397878687765,-0.00017511457170923364,0,0,77559.7
2026-09-03 04:36:58,okx,BTC,BTC-USD-260918-96000-C,2026-09-18,96000,call,0.0007024159029837,0.0007,0.0008,0.49271575545417534,0.019038186479392868,0.4390619722668817,0.00009752231273228053,-0.00015865788832575894,1846,1000,77559.7
2026-09-03 04:36:58,okx,BTC,BTC-USD-260918-92000-P,2026-09-18,92000,put,0.1852819372652322,0.184,0.1875,0.4385543263508326,-1.1525838564675013,3.1139110812760524,0.0001471286853165248,-0.0002080006726096016,0,0,77559.7
2026-09-03 04:36:58,okx,BTC,BTC-USD-260918-94000-C,2026-09-18,94000,call,0.0008541584796345,0.0008,0.001,0.46502240669748973,0.023836787733543172,0.5629674656176397,0.00011779397878687765,-0.00018086506172002836,315,0,77559.7
2026-09-03 04:36:58,okx,BTC,BTC-USD-260918-90000-P,2026-09-18,90000,put,0.1599365859947659,0.158,0.161,0.4138005519958844,-1.1152701433554852,3.339442080772097,0.0001903475861985669,-0.00025572616411120657,0,0,77559.7
2026-09-03 04:36:58,okx,BTC,BTC-USD-260918-92000-C,2026-09-18,92000,call,0.0010921516196662,0.0011,0.0013,0.4385543263508326,0.03116071601366438,0.7464219363137209,0.0001471286853165248,-0.00021304613310244296,392,0,77559.7
2026-09-03 04:36:58,okx,BTC,BTC-USD-260918-88000-P,2026-09-18,88000,put,0.1348631299023982,0.133,0.1365,0.3912981545450837,-1.070711980720285,3.707616683931468,0.00025422381017770393,-0.0003248078300174586,0,0,77559.7
2026-09-03 04:36:58,okx,BTC,BTC-USD-260918-90000-C,2026-09-18,90000,call,0.0014810405777911,0.0015,0.0016,0.4138005519958844,0.04274085146304634,1.0234200911350335,0.0001903475861985669,-0.0002600665950860946,2457,0,77559.7
2026-09-03 04:36:58,okx,BTC,BTC-USD-260918-96000-P,2026-09-18,96000,put,0.236360682005732,0.235,0.238,0.49271575545417534,-1.216173541327041,2.909485427879749,0.00009752231273228053,-0.00015220236879701082,0,0,77559.7
2026-09-03 04:36:58,okx,BTC,BTC-USD-260925-58000-C,2026-09-25,58000,call,0.2547624552078273,0.2535,0.256,0.5783997490627287,0.7284612360268079,-1.1654844424627684,0.00010225386432920779,-0.00013287410233085476,757,0,77559.7
2026-09-03 04:36:58,okx,BTC,BTC-USD-260925-58000-P,2026-09-25,58000,put,0.0008962273070605,0.0008,0.0009,0.5783997490627287,-0.01759365338569605,0.3266253363622395,0.00010225386432920779,-0.00013355854960005282,20218,0,77559.7
2026-09-03 04:36:58,okx,BTC,BTC-USD-260904-79500-C,2026-09-04,79500,call,0.0008245647223774,0.0009,0.001,0.33392266672433346,0.09433483186032497,8.875345489079958,0.00009461926436719203,-0.0013844665144112287,3773,3641,77559.7
2026-09-03 04:36:58,okx,BTC,BTC-USD-260904-79500-P,2026-09-04,79500,put,0.0257810453963962,0.0255,0.026,0.33392266672433346,-0.9305639604084381,10.925143073617482,0.00009461926436719203,-0.001383783499253326,685,0,77559.7
2026-09-03 04:36:58,okx,BTC,BTC-USD-270326-30000-C,2027-03-26,30000,call,0.6248976078077237,0.623,0.6275,0.6088902277550352,0.3661694701936455,-0.6797980081005672,0.00017892633461815747,-0.000026425598903538848,700,0,77559.7
2026-09-03 04:36:58,okx,BTC,BTC-USD-260905-76750-C,2026-09-05,76750,call,0.0157413248996302,0.015,0.0165,0.3152017107524282,0.6582464476206383,13.609357776436287,0.00027597024598545434,-0.0020309584758159437,0,0,77559.7
2026-09-03 04:36:58,okx,BTC,BTC-USD-270326-40000-C,2027-03-26,40000,call,0.5024113312357668,0.501,0.506,0.5298769573640493,0.4710929800130064,-0.7878226742206811,0.0004574635912367435,-0.00005916271799473937,511,0,77559.7
2026-09-03 04:36:58,okx,BTC,BTC-USD-270326-35000-P,2027-03-26,35000,put,0.0027600334878158,0.0031,0.0035,0.567212569252154,-0.018502289384050862,0.13006129476062428,0.00029520999324140357,-0.00004101138722172951,9456,0,77559.7
2026-09-03 04:36:58,okx,BTC,BTC-USD-270326-35000-C,2027-03-26,35000,call,0.5633298928690883,0.5615,0.5665,0.567212569252154,0.42083237131160034,-0.748608026630678,0.00029520999324140357,-0.00004077947567777618,560,0,77559.7
2026-09-03 04:36:58,okx,BTC,BTC-USD-270326-30000-P,2027-03-26,30000,put,0.0015640782344219,0.0013,0.0026,0.6088902277550352,-0.010403096116912706,0.07334712452054913,0.00017892633461815747,-0.000026683475039704176,224351,0,77559.7
2026-09-03 04:36:58,okx,BTC,BTC-USD-270326-50000-C,2027-03-26,50000,call,0.3841861138104749,0.3825,0.388,0.47017089281931596,0.5489583840019062,-0.7297947875861486,0.000968021439163381,-0.00011131679685301539,341,0,77559.7
2026-09-03 04:36:58,okx,BTC,BTC-USD-270326-45000-P,2027-03-26,45000,put,0.0074674312920877,0.008,0.009,0.4974691719920429,-0.05008199105449166,0.3439898295230929,0.0006783961924938814,-0.00008265573530363048,15141,0,77559.7
2026-09-03 04:36:58,okx,BTC,BTC-USD-270326-45000-C,2027-03-26,45000,call,0.4425099502893015,0.441,0.4465,0.4974691719920429,0.5147768584113457,-0.7857278694085816,0.0006783961924938814,-0.00008247575294410114,520,0,77559.7
2026-09-03 04:36:58,okx,BTC,BTC-USD-270326-40000-P,2027-03-26,40000,put,0.0046051420465235,0.005,0.0065,0.5298769573640493,-0.031003775067737806,0.21637083594080733,0.0004574635912367435,-0.000059368664946480695,53033,0,77559.7
2026-09-03 04:36:58,okx,BTC,BTC-USD-260904-78500-C,2026-09-04,78500,call,0.002396233950496,0.0024,0.0025,0.3026063431602583,0.23992277659169664,17.99021324865256,0.0001747267302209242,-0.0023168031372148607,5040,2632,77559.7
2026-09-03 04:36:58,okx,BTC,BTC-USD-270326-60000-C,2027-03-26,60000,call,0.2755783241550539,0.2745,0.278,0.43029260097327915,0.5755398882092874,-0.4304811320650035,0.0017341825254989175,-0.00018265321864244626,791,0,77559.7
2026-09-03 04:36:58,okx,BTC,BTC-USD-260904-78500-P,2026-09-04,78500,put,0.0144605734716888,0.0135,0.015,0.3026063431602583,-0.7720842069692831,20.01422721577452,0.0001747267302209242,-0.0023164733222919955,1703,64,77559.7
2026-09-03 04:36:58,okx,BTC,BTC-USD-270326-55000-P,2027-03-26,55000,put,0.0187036427179109,0.019,0.0195,0.4478768575058224,-0.12013266369383362,0.7696691926329926,0.0013261211966201683,-0.0001454649594482546,6693,25,77559.7
2026-09-03 04:36:58,okx,BTC,BTC-USD-260905-76750-P,2026-09-05,76750,put,0.0052245432400812,0.005,0.0055,0.3152017107524282,-0.3311526022486262,15.588155876174813,0.00027597024598545434,-0.0020312473057543775,40,40,77559.7
2026-09-03 04:36:58,okx,BTC,BTC-USD-270326-55000-C,2027-03-26,55000,call,0.3282188213310663,0.3265,0.332,0.4478768575058224,0.5702503745421897,-0.6110968838390543,0.0013261211966201683,-0.00014533690627314928,812,0,77559.7
2026-09-03 04:36:58,okx,BTC,BTC-USD-270326-50000-P,2027-03-26,50000,put,0.0119072650052901,0.0125,0.013,0.47017089281931596,-0.0786625598490241,0.5254471001157122,0.000968021439163381,-0.00011147081462033274,8442,10,77559.7
2026-09-03 04:36:58,okx,BTC,BTC-USD-270326-70000-C,2027-03-26,70000,call,0.1843712514067249,0.183,0.187,0.4075705401974945,0.533410187571054,0.041553739522555165,0.002526542722146656,-0.00025213765631110636,6303,4,77559.7
2026-09-03 04:36:58,okx,BTC,BTC-USD-270326-65000-P,2027-03-26,65000,put,0.0433272546448631,0.043,0.044,0.41701122213969816,-0.2528371031738025,1.4285100213720863,0.002152334019237987,-0.0002198171910499278,6382,0,77559.7
2026-09-03 04:36:58,okx,BTC,BTC-USD-270326-65000-C,2027-03-26,65000,call,0.2273150928739598,0.2255,0.23,0.41701122213969816,0.563070123832407,-0.20330443264033266,0.002152334019237987,-0.00021974106705924642,905,0,77559.7
2026-09-03 04:36:58,okx,BTC,BTC-USD-270326-60000-P,2027-03-26,60000,put,0.0288268157339279,0.029,0.0295,0.43029260097327915,-0.17760524441182896,1.0758091331772293,0.0017341825254989175,-0.0001827553072253396,7066,0,77559.7
2026-09-03 04:36:58,okx,BTC,BTC-USD-270326-80000-C,2027-03-26,80000,call,0.1165053447205025,0.1155,0.117,0.398315083761606,0.43697647408179313,0.45311523719660085,0.002956361087558391,-0.0002883708055437468,5071,0,77559.7
2026-09-03 04:36:58,okx,BTC,BTC-USD-270326-75000-P,2027-03-26,75000,put,0.0889144020771814,0.0885,0.0895,0.4014934900718752,-0.4517218869750851,2.152683132032258,0.0028051859373232615,-0.0002758175535938922,3260,200,77559.7
2026-09-03 04:36:58,okx,BTC,BTC-USD-270326-75000-C,2027-03-26,75000,call,0.1473748999222197,0.146,0.1495,0.4014934900718752,0.4897095288013103,0.26982030047946776,0.0028051859373232615,-0.0002757933587876349,5184,0,77559.7
2026-09-03 04:36:58,okx,BTC,BTC-USD-270326-70000-P,2027-03-26,70000,put,0.0631470833696574,0.063,0.064,0.4075705401974945,-0.3452591338202484,1.7988923823051601,0.002526542722146656,-0.00025218781570957575,3871,0,77559.7
2026-09-03 04:36:58,okx,ETH,ETH-USD-260904-2300-C,2026-09-04,2300,call,0.0415243211189775,0.0405,0.0425,0.47601406731373846,0.9015122709209398,2.491294431496575,0.00006390386584089,-0.001331234932928542,5461,100,2397.37
2026-09-03 04:36:58,okx,ETH,ETH-USD-260925-800-P,2026-09-25,800,put,0.0000048865726865,,0.0001,1.2151652702187632,-0.00007000755840258511,0.0010234145967794497,0.0000006511752715617883,-0.0000017869194349307037,31258,0,2397.37
2026-09-03 04:36:58,okx,ETH,ETH-USD-260904-2300-P,2026-09-04,2300,put,0.0006530066970987,0.0006,0.0007,0.47601406731373846,-0.05757352281259581,4.409466018963646,0.00006390386584089,-0.001332914411600801,15153,2483,2397.37
2026-09-03 04:36:58,okx,ETH,ETH-USD-260925-800-C,2026-09-25,800,call,0.6672306578580014,0.666,0.6685,1.2151652702187632,0.3327056053956317,-0.6645278113112891,0.0000006511752715617883,-0.0000017869194349307037,10,0,2397.37
2026-09-03 04:36:58,okx,ETH,ETH-USD-260904-2250-C,2026-09-04,2250,call,0.0620254531340596,0.0605,0.064,0.5836139003663449,0.9134357764118424,-0.06615815839173655,0.000032123831532358924,-0.0008189691184704727,3147,0,2397.37
2026-09-03 04:36:58,okx,ETH,ETH-USD-260918-3200-P,2026-09-18,3200,put,0.3333764390690728,0.33,0.336,0.6598092212579746,-1.3139882149153492,2.9770892214945834,0.00009555366841646084,-0.00020550594527002654,0,0,2397.37
2026-09-03 04:36:58,okx,ETH,ETH-USD-260904-2250-P,2026-09-04,2250,put,0.0003045344103629,0.0002,0.0003,0.5836139003663449,-0.024800326153572767,1.810314046739094,0.000032123831532358924,-0.0008215054337575105,39840,6987,2397.37
2026-09-03 04:36:58,okx,ETH,ETH-USD-260904-2200-C,2026-09-04,2200,call,0.0827371004483571,0.0815,0.0845,0.6915310411062431,0.9049389908858767,-0.9857185526395774,0.00001781705642233442,-0.0005364980095422285,2152,0,2397.37
2026-09-03 04:36:58,okx,ETH,ETH-USD-260918-3100-P,2026-09-18,3100,put,0.2920061971061426,0.289,0.2945,0.6220696712032605,-1.2664136867654328,3.001452522591782,0.00012092827049159769,-0.0002460574037971797,0,0,2397.37
2026-09-03 04:36:58,okx,ETH,ETH-USD-260925-1200-P,2026-09-25,1200,put,0.0001737425418378,0.0001,0.0002,1.0346895419845712,-0.002332711097719147,0.03133249688427836,0.00001673750996547612,-0.000039108632635174565,37581,0,2397.37
2026-09-03 04:36:58,okx,ETH,ETH-USD-260904-2200-P,2026-09-04,2200,put,0.0001665774228424,,0.0002,0.6915310411062431,-0.01244742051141805,0.8490542701550122,0.00001781705642233442,-0.0005398911614440454,10995,3707,2397.37
2026-09-03 04:36:58,okx,ETH,ETH-USD-260918-3200-C,2026-09-18,3200,call,0.0009057761882563,0.0007,0.0008,0.6598092212579746,0.01836567183726997,0.312381447989345,0.00009555366841646084,-0.00020819217084674666,555,0,2397.37
2026-09-03 04:36:58,okx,ETH,ETH-USD-260925-1200-C,2026-09-25,1200,call,0.5010123994698104,0.5,0.5025,1.0346895419845712,0.4968307083333323,-0.9669943419778246,0.00001673750996547612,-0.000039108632635174565,89,0,2397.37
2026-09-03 04:36:58,okx,ETH,ETH-USD-260904-2150-C,2026-09-04,2150,call,0.1035049986755157,0.1025,0.105,0.7831982746557329,0.8904986466309243,-1.3954080516978464,0.000009440819065478928,-0.00031974687866404705,3658,1,2397.37
2026-09-03 04:36:58,okx,ETH,ETH-USD-260918-3000-P,2026-09-18,3000,put,0.2508054983217245,0.248,0.2535,0.585540417224949,-1.2152592400671902,3.0849353414177445,0.0001589551416907487,-0.0003053321891397425,0,0,2397.37
2026-09-03 04:36:58,okx,ETH,ETH-USD-260925-1000-P,2026-09-25,1000,put,0.0000436215267773,,0.0001,1.139263315523056,-0.0005883787670115563,0.00803333622546237,0.000004738457499876911,-0.000012190817413008371,17247,0,2397.37
2026-09-03 04:36:58,okx,ETH,ETH-USD-260904-2150-P,2026-09-04,2150,put,0.0000848713481833,,0.0002,0.7831982746557329,-0.006038073598250286,0.3976653887605028,0.000009440819065478928,-0.000323996867180643,11735,2468,2397.37
2026-09-03 04:36:58,okx,ETH,ETH-USD-260918-3100-C,2026-09-18,3100,call,0.0011714198408663,0.001,0.0011,0.6220696712032605,0.024304141026166938,0.4200168670085822,0.00012092827049159769,-0.0002484072328351377,269,0,2397.37
2026-09-03 04:36:58,okx,ETH,ETH-USD-260925-1000-C,2026-09-25,1000,call,0.584075835633421,0.583,0.5855,1.139263315523056,0.41538113742553134,-0.8239056961596234,0.000004738457499876911,-0.000012190817413008371,13676,0,2397.37
2026-09-03 04:36:58,okx,ETH,ETH-USD-260903-2440-C,2026-09-03,2440,call,0.0001136489532626,,0.0001,0.46941982668719456,0.03155711427916594,7.648667517719508,0.000013989634334520477,-0.0003283505862363914,9262,15622,2397.37
2026-09-03 04:36:58,okx,ETH,ETH-USD-260903-2440-P,2026-09-03,2440,put,0.0174304977258029,0.0165,0.019,0.46941982668719456,-0.985768217626168,9.683318181530176,0.000013989634334520477,-0.0003283505862363914,3351,1642,2397.37
2026-09-03 04:36:58,okx,ETH,ETH-USD-261225-600-P,2026-12-25,600,put,0.000285451929429,0.0001,,0.9347730754718104,-0.0019280750049518337,0.0140415053124019,0.000029512753537737028,-0.00001219140572500629,12557,0,2397.37
2026-09-03 04:36:58,okx,ETH,ETH-USD-261225-600-C,2026-12-25,600,call,0.7522267839252827,0.7505,0.7545,0.9347730754718104,0.24599895696728336,-0.48181255863206857,0.000029512753537737028,-0.000011309678469350906,7,0,2397.37
2026-09-03 04:36:58,okx,ETH,ETH-USD-261225-1000-P,2026-12-25,1000,put,0.0019369062424673,0.0019,0.0022,0.7694137944658608,-0.013328116488958635,0.09634538864942202,0.00016620822975739756,-0.00005651253914278831,15783,0,2397.37
2026-09-03 04:36:58,okx,ETH,ETH-USD-261225-1000-C,2026-12-25,1000,call,0.5885942333023805,0.5865,0.5915,0.7694137944658608,0.3998836034647667,-0.7300780512580287,0.00016620822975739756,-0.00005582462516315665,0,0,2397.37
2026-09-03 04:36:58,okx,ETH,ETH-USD-261225-800-P,2026-12-25,800,put,0.00086788226715,0.0007,0.0012,0.8499167891075073,-0.005870491215785911,0.042312348787341254,0.0000805412954525289,-0.00003025033518224383,18524,0,2397.37
2026-09-03 04:36:58,okx,ETH,ETH-USD-261225-800-C,2026-12-25,800,call,0.6701672117950335,0.668,0.6725,0.8499167891075073,0.3246988847471943,-0.6188264031386191,0.0000805412954525289,-0.00002946551456460031,905,0,2397.37
2026-09-03 04:36:58,okx,ETH,ETH-USD-261225-1400-P,2026-12-25,1400,put,0.0071894843526188,0.007,0.0075,0.6391244819191965,-0.05029420894047535,0.35787538129082663,0.000509718724705127,-0.0001439595206112308,9128,150,2397.37
2026-09-03 04:36:58,okx,ETH,ETH-USD-261225-1400-C,2026-12-25,1400,call,0.4285628064765916,0.4255,0.432,0.6391244819191965,0.5282021989947401,-0.7991174345796044,0.000509718724705127,-0.00014346541990762287,380,0,2397.37
2026-09-03 04:36:58,okx,ETH,ETH-USD-261225-1200-P,2026-12-25,1200,put,0.0038142108356365,0.0038,0.004,0.6983136074361763,-0.026653036606121984,0.19262840810223222,0.0003015772674775176,-0.00009306320768196186,6808,300,2397.37
2026-09-03 04:36:58,okx,ETH,ETH-USD-261225-1200-C,2026-12-25,1200,call,0.5078295354275795,0.505,0.511,0.6983136074361763,0.46920102733834845,-0.7990797197867086,0.0003015772674775176,-0.00009247220034034204,250,0,2397.37
2026-09-03 04:36:58,okx,ETH,ETH-USD-261225-1800-P,2026-12-25,1800,put,0.0242311795147348,0.024,0.0245,0.5579595378194749,-0.1581933904668745,1.0115876994449593,0.0012023762685809687,-0.000296449867203943,40616,181,2397.37
2026-09-03 04:36:58,okx,ETH,ETH-USD-261225-1800-C,2026-12-25,1800,call,0.2803204967027671,0.279,0.2815,0.5579595378194749,0.5855877054498311,-0.475974492388452,0.0012023762685809687,-0.00029614957977635876,9788,0,2397.37
2026-09-03 04:36:58,okx,ETH,ETH-USD-260904-2420-C,2026-09-04,2420,call,0.0043054409177138,0.0043,0.0044,0.3604025393477166,0.32455064759981006,17.29715422104396,0.0002021970120215518,-0.003193027121689254,3729,2105,2397.37
2026-09-03 04:36:58,okx,ETH,ETH-USD-261225-1600-P,2026-12-25,1600,put,0.0133318203558512,0.013,0.0135,0.5925145692839829,-0.09128717573102152,0.6244680054069078,0.0008116039483948865,-0.00021250101977069192,32125,0,2397.37
2026-09-03 04:36:58,okx,ETH,ETH-USD-260904-2420-P,2026-09-04,2420,put,0.013473176820198,0.013,0.014,0.3604025393477166,-0.6845744049372143,19.31540432611801,0.0002021970120215518,-0.0031926501924860427,435,153,2397.37
2026-09-03 04:36:58,okx,ETH,ETH-USD-261225-1600-C,2026-12-25,1600,call,0.3520631400118537,0.3485,0.356,0.5925145692839829,0.569851576194939,-0.6978094984450132,0.0008116039483948865,-0.00021210382570509582,2786,0,2397.37
2026-09-03 04:36:58,okx,ETH,ETH-USD-260903-2410-C,2026-09-03,2410,call,0.0006162801132303,0.0005,0.0006,0.2861804091249644,0.19665668733531635,48.960082659302174,0.00005458171111185736,-0.0007810108208365976,5709,9380,2397.37
2026-09-03 04:36:58,okx,ETH,ETH-USD-261225-2200-P,2026-12-25,2200,put,0.0702772258473379,0.07,0.0705,0.5199156641853999,-0.38811754615944555,2.008044980053404,0.0019851985115264302,-0.0004560454785283401,7292,770,2397.37
2026-09-03 04:36:58,okx,ETH,ETH-USD-260903-2410-P,2026-09-03,2410,put,0.0054251348434853,0.0039,0.0075,0.2861804091249644,-0.8081605462269192,50.969717126426644,0.00005458171111185736,-0.0007810108208365976,2786,3121,2397.37
2026-09-03 04:36:58,okx,ETH,ETH-USD-261225-2200-C,2026-12-25,2200,call,0.1610825380994296,0.1605,0.162,0.5199156641853999,0.5209482377387502,0.1899134122570127,0.0019851985115264302,-0.0004559390043767796,13323,280,2397.37
2026-09-03 04:36:58,okx,ETH,ETH-USD-261225-2000-P,2026-12-25,2000,put,0.042418513826045,0.042,0.043,0.5342605220754164,-0.25738351149672317,1.4969277226711015,0.0016265334133270181,-0.0003839808811938586,10219,681,2397.37
2026-09-03 04:36:58,okx,ETH,ETH-USD-261225-2000-C,2026-12-25,2000,call,0.2158658285461069,0.2145,0.217,0.5342605220754164,0.5690399284107275,-0.15591915714379984,0.0016265334133270181,-0.0003837775004042863,10715,554,2397.37
2026-09-03 04:36:58,okx,ETH,ETH-USD-261225-2600-P,2026-12-25,2600,put,0.1586872118283137,0.1575,0.1595,0.5129866015818799,-0.7019222569155378,2.792242907620067,0.002207737718975731,-0.0005003129982171512,1304,0,2397.37
2026-09-03 04:36:58,okx,ETH,ETH-USD-261225-2600-C,2026-12-25,2600,call,0.0842085191444649,0.0835,0.0845,0.5129866015818799,0.37242821496414813,0.6435419638606954,0.002207737718975731,-0.0005004003373416145,43850,21,2397.37
2026-09-03 04:36:58,okx,ETH,ETH-USD-261225-2400-P,2026-12-25,2400,put,0.1091231375666575,0.1085,0.1095,0.5133624296947245,-0.5409534008193884,2.457126915596873,0.0021883846020703582,-0.000496347188226581,4639,20,2397.37
2026-09-03 04:36:58,okx,ETH,ETH-USD-261225-2400-C,2026-12-25,2400,call,0.1172864473507789,0.117,0.118,0.5133624296947245,0.45075472706955255,0.4737106598189916,0.0021883846020703582,-0.0004963376207130324,18585,150,2397.37
2026-09-03 04:36:58,okx,ETH,ETH-USD-261225-3000-P,2026-12-25,3000,put,0.28277185068106,0.281,0.2835,0.5223357033591679,-1.0063332277089028,3.1626503238978714,0.0018619534255477905,-0.0004294702935879432,696,0,2397.37
2026-09-03 04:36:58,okx,ETH,ETH-USD-261225-3000-C,2026-12-25,3000,call,0.0430091530612706,0.043,0.0435,0.5223357033591679,0.23330193215227332,0.6833800041755195,0.0018619534255477905,-0.0004297514459884301,33929,4,2397.37
2026-09-03 04:36:58,okx,ETH,ETH-USD-261225-2800-P,2026-12-25,2800,put,0.2172289900569358,0.2155,0.218,0.5163447402502109,-0.8592101769478141,3.0170382356267265,0.0020784926305611622,-0.0004740287866525631,3665,0,2397.37
2026-09-03 04:36:58,okx,ETH,ETH-USD-261225-2800-C,2026-12-25,2800,call,0.0601082949051167,0.0595,0.0605,0.5163447402502109,0.29778263892261675,0.7030526038858648,0.0020784926305611622,-0.0004742130324150382,15606,60,2397.37
2026-09-03 04:36:58,okx,ETH,ETH-USD-261225-1300-P,2026-12-25,1300,put,0.0052513361837332,0.005,0.0055,0.6671533876590725,-0.036803917043398866,0.2646013845779943,0.00039497694885911303,-0.00011644591649018458,12391,0,2397.37
2026-09-03 04:36:58,okx,ETH,ETH-USD-261225-3400-P,2026-12-25,3400,put,0.4278219362740919,0.4215,0.4335,0.5397699231832626,-1.264540949898372,3.34904968013695,0.0013719327448377377,-0.00032675709258906185,301,0,2397.37
2026-09-03 04:36:58,okx,ETH,ETH-USD-261225-3400-C,2026-12-25,3400,call,0.022775233718362,0.0225,0.023,0.5397699231832626,0.1403788979442944,0.5392099844516173,0.0013719327448377377,-0.00032723205826557254,17614,263,2397.37
2026-09-03 04:36:58,okx,ETH,ETH-USD-261225-3200-P,2026-12-25,3200,put,0.3534747399545431,0.347,0.359,0.5303187761300113,-1.1412193059243607,3.2642710586366985,0.0016139933344063613,-0.0003778438583964645,320,0,2397.37
2026-09-03 04:36:58,okx,ETH,ETH-USD-261225-3200-C,2026-12-25,3200,call,0.0310700398667835,0.031,0.0315,0.5303187761300113,0.18105819792756023,0.6197160509328561,0.0016139933344063613,-0.0003782219174349634,39131,3,2397.37
2026-09-03 04:36:58,okx,ETH,ETH-USD-261225-4000-P,2026-12-25,4000,put,0.6629833119784827,0.655,0.67,0.5731107923946859,-1.5844364111276703,3.6277966667159367,0.0008152795760849874,-0.00020571063060457296,480,0,2397.37
2026-09-03 04:36:58,okx,ETH,ETH-USD-261225-4000-C,2026-12-25,4000,call,0.0100106020188422,0.01,0.0105,0.5731107923946859,0.06841046868723101,0.32210290708613426,0.0008152795760849874,-0.00020647631619511922,30033,839,2397.37
2026-09-03 04:36:58,okx,ETH,ETH-USD-261225-3600-P,2026-12-25,3600,put,0.5046800354987235,0.498,0.5105,0.5502659434599743,-1.3781653316157743,3.433426246712208,0.0011549148579511157,-0.00028025688331344474,280,0,2397.37
2026-09-03 04:36:58,okx,ETH,ETH-USD-261225-1300-C,2026-12-25,1300,call,0.4679456595416911,0.465,0.4715,0.6671533876590725,0.500371318896444,-0.8097490873016915,0.00039497694885911303,-0.00011590336246757073,430,0,2397.37
2026-09-03 04:36:58,okx,ETH,ETH-USD-261225-3600-C,2026-12-25,3600,call,0.0169913304750233,0.017,0.0175,0.5502659434599743,0.1093968602176369,0.4583018630453849,0.0011549148579511157,-0.0002808287556279673,7522,0,2397.37
2026-09-03 04:36:58,okx,ETH,ETH-USD-261225-5000-P,2026-12-25,5000,put,1.0697647710915783,1.0595,1.0785,0.6320365667202883,-2.0400352145635554,4.271315535298503,0.0003746794627399362,-0.00010339862780518002,2,0,2397.37
2026-09-03 04:36:58,okx,ETH,ETH-USD-261225-5000-C,2026-12-25,5000,call,0.0035820487920866,0.0035,0.0037,0.6320365667202883,0.0260233852050713,0.13919833576124913,0.0003746794627399362,-0.00010464884658578564,12463,0,2397.37
2026-09-03 04:36:58,okx,ETH,ETH-USD-261225-4500-P,2026-12-25,4500,put,0.8652946263301606,0.8565,0.873,0.6028753950202317,-1.8187507271981915,3.927023751963251,0.0005410494113835085,-0.0001431352195812482,10,0,2397.37
2026-09-03 04:36:58,okx,ETH,ETH-USD-261225-4500-C,2026-12-25,4500,call,0.0057169102005942,0.0055,0.006,0.6028753950202317,0.04070201259357292,0.20811827237972264,0.0005410494113835085,-0.00014414317176682413,7795,0,2397.37
2026-09-03 04:36:58,okx,ETH,ETH-USD-261225-6000-P,2026-12-25,6000,put,1.4810940647355582,1.4685,1.4925,0.6848992635767073,-2.4667400798386274,5.028398259741876,0.00020151300931291896,-0.00005925619345485443,0,0,2397.37
2026-09-03 04:36:58,okx,ETH,ETH-USD-261225-6000-C,2026-12-25,6000,call,0.0017013300962151,0.0016,0.0019,0.6848992635767073,0.012530239883724618,0.06985762029717263,0.00020151300931291896,-0.00006099094542551932,13393,0,2397.37
2026-09-03 04:36:58,okx,ETH,ETH-USD-261225-5500-P,2026-12-25,5500,put,1.27519439692158,1.2635,1.2855,0.6595276278595456,-2.2550134626696297,4.642205985854326,0.00027022343269647364,-0.00007726470617312983,0,0,2397.37
2026-09-03 04:36:58,okx,ETH,ETH-USD-261225-5500-C,2026-12-25,5500,call,0.0024066684521624,0.0023,0.0026,0.6595276278595456,0.01765099707585981,0.0968770663633468,0.00027022343269647364,-0.00007875719154876508,4296,0,2397.37
2026-09-03 04:36:58,okx,ETH,ETH-USD-261225-8000-P,2026-12-25,8000,put,2.306376470909112,2.288,2.3225,0.76501688374253,-3.301521853042406,6.635387469246494,0.00007669886214663994,-0.000023225950955943486,0,0,2397.37
2026-09-03 04:36:58,okx,ETH,ETH-USD-261225-8000-C,2026-12-25,8000,call,0.0005637115900664,0.0003,0.0009,0.76501688374253,0.004171906587396628,0.023999949986888116,0.00007669886214663994,-0.000025929769306727,2975,0,2397.37
2026-09-03 04:36:58,okx,ETH,ETH-USD-261225-7000-P,2026-12-25,7000,put,1.8935428579355114,1.878,1.907,0.7290015383932338,-2.885539211375341,5.824387681470186,0.0001204643221578846,-0.00003658898926053934,0,0,2397.37
2026-09-03 04:36:58,okx,ETH,ETH-USD-261225-7000-C,2026-12-25,7000,call,0.0009401109563169,0.0007,0.0012,0.7290015383932338,0.006942828300736822,0.039423602118031476,0.0001204643221578846,-0.000038808274421263543,5397,30,2397.37
2026-09-03 04:36:58,okx,ETH,ETH-USD-270326-800-C,2027-03-26,800,call,0.6759818139516987,0.6695,0.6835,0.7740646113522138,0.3107686101234165,-0.5627473715754318,0.00025451714432537007,-0.00004825406485050103,1,0,2397.37
2026-09-03 04:36:58,okx,ETH,ETH-USD-270326-600-P,2027-03-26,600,put,0.0014753186743105,0.0001,,0.8530163296948479,-0.007331605479843389,0.04074925211682121,0.00012445232285907435,-0.000026001595690910418,144514,0,2397.37
2026-09-03 04:36:58,okx,ETH,ETH-USD-270326-600-C,2027-03-26,600,call,0.7559998441482441,0.75,0.7625,0.8530163296948479,0.23814487335380863,-0.4502037055504828,0.00012445232285907435,-0.000026001595690910418,23,0,2397.37
2026-09-03 04:36:58,okx,ETH,ETH-USD-270326-1200-C,2027-03-26,1200,call,0.5203191793440098,0.5125,0.53,0.6592717118090299,0.43411282448820737,-0.6740203742095033,0.0007160823172646362,-0.00011562907188040538,58,0,2397.37
2026-09-03 04:36:58,okx,ETH,ETH-USD-270326-1000-P,2027-03-26,1000,put,0.0063004318534388,0.0065,0.0075,0.7099671330555763,-0.03196452683893344,0.1764486959693832,0.0004467906475212766,-0.00007769301345540258,75260,0,2397.37
2026-09-03 04:36:58,okx,ETH,ETH-USD-270326-1000-C,2027-03-26,1000,call,0.5971746409766614,0.5905,0.606,0.7099671330555763,0.37716293788381994,-0.6418062334761235,0.0004467906475212766,-0.00007769301345540258,1,0,2397.37
2026-09-03 04:36:58,okx,ETH,ETH-USD-270326-800-P,2027-03-26,800,put,0.0032824466531207,0.0034,0.0044,0.7740646113522138,-0.016533361654786187,0.09185657198097363,0.00025451714432537007,-0.00004825406485050103,4876,0,2397.37
2026-09-03 04:36:58,okx,ETH,ETH-USD-270326-1600-C,2027-03-26,1600,call,0.3770807875927433,0.3655,0.3885,0.5907218344946314,0.5039268997418097,-0.5577237694960242,0.001487162746602971,-0.00021516972777748538,2491,0,2397.37
2026-09-03 04:36:58,okx,ETH,ETH-USD-270326-1400-P,2027-03-26,1400,put,0.0192757527099871,0.019,0.02,0.620135980899138,-0.0951396528546675,0.49817975146825555,0.0010679101998912518,-0.00016220390807876329,17153,6571,2397.37
2026-09-03 04:36:58,okx,ETH,ETH-USD-270326-1400-C,2027-03-26,1400,call,0.4464996454824985,0.437,0.457,0.620135980899138,0.47763879775718726,-0.6473771497554537,0.0010679101998912518,-0.00016220390807876329,60,0,2397.37
2026-09-03 04:36:58,okx,ETH,ETH-USD-270326-1200-P,2027-03-26,1200,put,0.0112701283961428,0.011,0.012,0.6592717118090299,-0.05684013317909666,0.30788554112510474,0.0007160823172646362,-0.00011562907188040538,4474,748,2397.37
2026-09-03 04:36:58,okx,ETH,ETH-USD-270326-2000-C,2027-03-26,2000,call,0.2570475924851917,0.252,0.258,0.5545836004463782,0.4981702819860931,-0.23873695085564167,0.0023498846633416373,-0.0003191928971437217,4686,200,2397.37
2026-09-03 04:36:58,okx,ETH,ETH-USD-270326-1800-P,2027-03-26,1800,put,0.0499413350064683,0.0495,0.0505,0.5693560666487262,-0.2257618361868598,1.0587143857805321,0.0019335106114269313,-0.000269631210396183,11792,950,2397.37
2026-09-03 04:36:58,okx,ETH,ETH-USD-270326-1800-C,2027-03-26,1800,call,0.3135149114282687,0.3075,0.314,0.5693560666487262,0.5106676003140963,-0.4141444872213802,0.0019335106114269313,-0.000269631210396183,4197,0,2397.37
2026-09-03 04:36:58,okx,ETH,ETH-USD-270326-1600-P,2027-03-26,1600,put,0.0316820529955874,0.031,0.0325,0.5907218344946314,-0.15067704381459573,0.7514841176167865,0.001487162746602971,-0.00021516972777748538,20889,0,2397.37
2026-09-03 04:36:58,okx,ETH,ETH-USD-270326-2400-C,2027-03-26,2400,call,0.1678088538312409,0.1655,0.17,0.5400898548405227,0.4298017350345282,0.09838419570928213,0.0028937660934822015,-0.0003827974993102422,2861,0,2397.37
2026-09-03 04:36:58,okx,ETH,ETH-USD-270326-2200-P,2027-03-26,2200,put,0.1085130654050613,0.1075,0.1095,0.5451712269629005,-0.43053533280048323,1.740494791014542,0.002681444353885238,-0.00035804809238883435,1142,0,2397.37
2026-09-03 04:36:58,okx,ETH,ETH-USD-270326-2200-C,2027-03-26,2200,call,0.2084363254761506,0.205,0.21,0.5451712269629005,0.46954508958957414,-0.05966605376557265,0.002681444353885238,-0.00035804809238883435,3609,0,2397.37
2026-09-03 04:36:58,okx,ETH,ETH-USD-270326-2000-P,2027-03-26,2000,put,0.0752991742387469,0.0745,0.076,0.5545836004463782,-0.32008464745941356,1.3977729080353718,0.0023498846633416373,-0.0003191928971437217,6633,0,2397.37
2026-09-03 04:36:58,okx,ETH,ETH-USD-270326-2800-C,2027-03-26,2800,call,0.1081658750886513,0.107,0.1095,0.539307093021297,0.338036885402098,0.3040528088736618,0.002956349572156583,-0.00039050946697391823,7029,0,2397.37
2026-09-03 04:36:58,okx,ETH,ETH-USD-270326-2600-P,2027-03-26,2600,put,0.1984354706062295,0.1955,0.201,0.5384889903040466,-0.6793204340247171,2.3481400593387263,0.0029800925969392746,-0.0003930485838138758,707,0,2397.37
2026-09-03 04:36:58,okx,ETH,ETH-USD-270326-2600-C,2027-03-26,2600,call,0.1347084143266078,0.133,0.1365,0.5384889903040466,0.3844109742544416,0.22067724278040896,0.0029800925969392746,-0.0003930485838138758,3439,0,2397.37
2026-09-03 04:36:58,okx,ETH,ETH-USD-270326-2400-P,2027-03-26,2400,put,0.1497107519355071,0.1485,0.1515,0.5400898548405227,-0.5521041803000798,2.0621960263784977,0.0028937660934822015,-0.0003827974993102422,2544,0,2397.37
2026-09-03 04:36:58,okx,ETH,ETH-USD-270326-3200-C,2027-03-26,3200,call,0.0700521335376292,0.069,0.071,0.5439684760723381,0.25311125988046934,0.37643854039634267,0.0026853765149917313,-0.0003577820660624892,4349,0,2397.37
2026-09-03 04:36:58,okx,ETH,ETH-USD-270326-3000-P,2027-03-26,3000,put,0.3143054087875749,0.31,0.317,0.5412188027028353,-0.9336750830649156,2.808534983039295,0.002848952939745304,-0.00037765722746817065,470,0,2397.37
2026-09-03 04:36:58,okx,ETH,ETH-USD-270326-3000-C,2027-03-26,3000,call,0.0869280361572421,0.086,0.088,0.5412188027028353,0.29370731110334436,0.3537701947027752,0.002848952939745304,-0.00037765722746817065,5946,51,2397.37
2026-09-03 04:36:58,okx,ETH,ETH-USD-270326-2800-P,2027-03-26,2800,put,0.2537180895436285,0.2505,0.2565,0.539307093021297,-0.8075200158216115,2.5951666113210807,0.002956349572156583,-0.00039050946697391823,6505,0,2397.37
2026-09-03 04:36:58,okx,ETH,ETH-USD-270326-3600-C,2027-03-26,3600,call,0.0461467285650882,0.0455,0.0465,0.5513504235877177,0.18566439387189088,0.3683197303912519,0.0022808177847067376,-0.0003080051315465129,1940,0,2397.37
2026-09-03 04:36:58,okx,ETH,ETH-USD-270326-3400-P,2027-03-26,3400,put,0.447725926327009,0.4315,0.4645,0.5473898830891494,-1.173993115820897,3.1612244734167443,0.0024897288163046338,-0.0003338016362747387,1,0,2397.37
2026-09-03 04:36:58,okx,ETH,ETH-USD-270326-3400-C,2027-03-26,3400,call,0.0566982373459653,0.056,0.0575,0.5473898830891494,0.2170402642364644,0.37915771330202197,0.0024897288163046338,-0.0003338016362747387,1652,0,2397.37
2026-09-03 04:36:58,okx,ETH,ETH-USD-270326-3200-P,2027-03-26,3200,put,0.3792546643433175,0.363,0.396,0.5439684760723381,-1.0560966272323413,2.994854314621964,0.0026853765149917313,-0.0003577820660624892,280,0,2397.37
2026-09-03 04:36:58,okx,ETH,ETH-USD-270326-4500-C,2027-03-26,4500,call,0.0199367113155747,0.0195,0.0205,0.5734117985638525,0.09341943229888208,0.26117499313237236,0.0014367974846724383,-0.00020179101864623217,5645,0,2397.37
2026-09-03 04:36:58,okx,ETH,ETH-USD-270326-4000-P,2027-03-26,4000,put,0.6676927344247305,0.6515,0.6845,0.5604824580934658,-1.5005625284276087,3.5982822869305306,0.0018719239732008616,-0.0002569744112504936,2,0,2397.37
2026-09-03 04:36:58,okx,ETH,ETH-USD-270326-4000-C,2027-03-26,4000,call,0.0311895709176204,0.031,0.0315,0.5604824580934658,0.13594733046340451,0.3252625691485039,0.0018719239732008616,-0.0002569744112504936,6908,385,2397.37
2026-09-03 04:36:58,okx,ETH,ETH-USD-270326-3600-P,2027-03-26,3600,put,0.5189995757214876,0.5025,0.536,0.5513504235877177,-1.2871944791300212,3.3140374763950757,0.0022808177847067376,-0.0003080051315465129,20,0,2397.37
2026-09-03 04:36:58,okx,ETH,ETH-USD-270326-5500-C,2027-03-26,5500,call,0.0093909188921816,0.009,0.01,0.6016321157525921,0.04794272975608167,0.15958920585148442,0.0008596394486137088,-0.0001266738578232177,3945,130,2397.37
2026-09-03 04:36:58,okx,ETH,ETH-USD-270326-5000-P,2027-03-26,5000,put,1.059001798146471,1.0415,1.076,0.5872952514903514,-1.9797283445074074,4.295637776658748,0.0011042496086482595,-0.00015884128518951177,10,0,2397.37
2026-09-03 04:36:58,okx,ETH,ETH-USD-270326-5000-C,2027-03-26,5000,call,0.0133728437625832,0.013,0.014,0.5872952514903514,0.06590897910635946,0.20436312943121457,0.0011042496086482595,-0.00015884128518951177,4667,30,2397.37
2026-09-03 04:36:58,okx,ETH,ETH-USD-270326-4500-P,2027-03-26,4500,put,0.8610027702610737,0.8445,0.8775,0.5734117985638525,-1.747654158953508,3.9433221756371526,0.0014367974846724383,-0.00020179101864623217,0,0,2397.37
2026-09-03 04:36:58,okx,ETH,ETH-USD-270326-7000-C,2027-03-26,7000,call,0.0040965267248451,0.0037,0.0047,0.6447102954570677,0.022021218271976162,0.08169642095184657,0.00045338965033741137,-0.00007159387292825615,4721,30,2397.37
2026-09-03 04:36:58,okx,ETH,ETH-USD-270326-6000-P,2027-03-26,6000,put,1.461629912456158,1.441,1.4805,0.6161041802730437,-2.4188008427295236,5.035315249455249,0.0006812838703295446,-0.00010280681656183493,0,0,2397.37
2026-09-03 04:36:58,okx,ETH,ETH-USD-270326-6000-C,2027-03-26,6000,call,0.006875167195493,0.0065,0.0075,0.6161041802730437,0.03596394560699659,0.1257856727822087,0.0006812838703295446,-0.00010280681656183493,35133,0,2397.37
2026-09-03 04:36:58,okx,ETH,ETH-USD-270326-5500-P,2027-03-26,5500,put,1.259582768714458,1.241,1.277,0.6016321157525921,-2.202258326219062,4.659991317801771,0.0008596394486137088,-0.0001266738578232177,0,0,2397.37
2026-09-03 04:36:58,okx,ETH,ETH-USD-270326-9000-C,2027-03-26,9000,call,0.0019758948205629,,0.0085,0.6982785413499115,0.0107329507368249,0.04139314463951211,0.0002454900922049582,-0.00004198578851858255,40545,57,2397.37
2026-09-03 04:36:58,okx,ETH,ETH-USD-270326-8000-P,2027-03-26,8000,put,2.2757357497323554,2.248,2.2995,0.6722156064583609,-3.2582002105853722,6.602571149111608,0.0003239707784478425,-0.000053340131167663456,0,0,2397.37
2026-09-03 04:36:58,okx,ETH,ETH-USD-270326-8000-C,2027-03-26,8000,call,0.0027294227181345,0.0023,0.0033,0.6722156064583609,0.014819507196654397,0.05653171354755368,0.0003239707784478425,-0.000053340131167663456,1911,0,2397.37
2026-09-03 04:36:58,okx,ETH,ETH-USD-270326-7000-P,2027-03-26,7000,put,1.8679770628622878,1.844,1.889,0.6447102954570677,-2.8418710347872973,5.8094809270703935,0.00045338965033741137,-0.00007159387292825615,0,0,2397.37
2026-09-03 04:36:58,okx,ETH,ETH-USD-270326-9000-P,2027-03-26,9000,put,2.684108012711561,2.652,2.711,0.6982785413499115,-3.6714142317679554,7.405687509649073,0.0002454900922049582,-0.00004198578851858255,0,0,2397.37
2026-09-03 04:36:58,okx,ETH,ETH-USD-260903-2390-C,2026-09-03,2390,call,0.0043725347206885,0.0036,0.0049,0.2766233909106212,0.7382527030565964,57.86025495290512,0.00006343120125540757,-0.0008773276990402446,3692,5996,2397.37
2026-09-03 04:36:58,okx,ETH,ETH-USD-260903-2625-C,2026-09-03,2625,call,0.0000000000255198,,0.0016,0.8158802140808714,0.000000009545534132460205,0.0000034347762270266095,0.000000000010889858895003375,-0.0000000004442410203282918,2261,33,2397.37
2026-09-03 04:36:58,okx,ETH,ETH-USD-260903-2390-P,2026-09-03,2390,put,0.0008427267560865,0.0009,0.0011,0.2766233909106212,-0.258225798276907,59.85321195557213,0.00006343120125540757,-0.0008773276990402446,23293,25237,2397.37
2026-09-03 04:36:58,okx,ETH,ETH-USD-260903-2625-P,2026-09-03,2625,put,0.0944494787254862,0.0935,0.096,0.8158802140808714,-1.094458595475573,2.1889206448184413,0.000000000010889858895003375,-0.0000000004442410203282918,0,0,2397.37
2026-09-03 04:36:58,okx,ETH,ETH-USD-260904-2390-C,2026-09-04,2390,call,0.009830384886303,0.0095,0.01,0.3614979811995412,0.5598141072921229,18.315467375045188,0.00021963704982792814,-0.0034787654495149574,1526,2040,2397.37
2026-09-03 04:36:58,okx,ETH,ETH-USD-260904-2390-P,2026-09-04,2390,put,0.0064883582076965,0.006,0.0065,0.3614979811995412,-0.4368011305440293,20.308697850717493,0.00021963704982792814,-0.0034789026222806136,5669,2164,2397.37
2026-09-03 04:36:58,okx,ETH,ETH-USD-260903-2370-C,2026-09-03,2370,call,0.0119793496969899,0.0105,0.013,0.34773922640188065,0.9478630463130567,10.752618587503887,0.00001699720764146791,-0.0002955297918118093,2206,2068,2397.37
2026-09-03 04:36:58,okx,ETH,ETH-USD-260903-2370-P,2026-09-03,2370,put,0.0001108790375311,,0.0002,0.34773922640188065,-0.040276722791714493,12.72889812571343,0.00001699720764146791,-0.0002955297918118093,37626,42384,2397.37
2026-09-03 04:36:58,okx,ETH,ETH-USD-260905-2150-C,2026-09-05,2150,call,0.1037116328367901,0.1025,0.1055,0.6595329682345663,0.881843142420205,-1.0415434456080832,0.00002793792976115867,-0.0004260399293903803,0,0,2397.37
2026-09-03 04:36:58,okx,ETH,ETH-USD-260905-2150-P,2026-09-05,2150,put,0.0002601223112231,0.0002,0.0004,0.6595329682345663,-0.014621101041050027,0.7513850413144267,0.00002793792976115867,-0.00043029120764596094,5485,10707,2397.37
2026-09-03 04:36:58,okx,ETH,ETH-USD-260925-1300-C,2026-09-25,1300,call,0.4595305799363979,0.458,0.461,0.9739548570550627,0.5368213883335347,-1.0281437353666272,0.000026881065887409632,-0.000059123078151214513,97,0,2397.37
2026-09-03 04:36:58,okx,ETH,ETH-USD-260925-1300-P,2026-09-25,1300,put,0.000288701597761,0.0002,0.0003,0.9739548570550627,-0.003938982716771089,0.05337700673398434,0.000026881065887409632,-0.000059123078151214513,12650,0,2397.37
2026-09-03 04:36:58,okx,ETH,ETH-USD-260905-2275-P,2026-09-05,2275,put,0.0014965904625327,0.0013,0.0014,0.5047999488895496,-0.08492425077854927,4.1385678621865525,0.00011751797368188954,-0.001385309602776669,396,397,2397.37
2026-09-03 04:36:58,okx,ETH,ETH-USD-260905-2370-C,2026-09-05,2370,call,0.0194217886651996,0.019,0.02,0.4185259871523446,0.6299368359226895,10.301416723173473,0.00028383329681313564,-0.002773341497455832,200,200,2397.37
2026-09-03 04:36:58,okx,ETH,ETH-USD-260905-2275-C,2026-09-05,2275,call,0.052828303972937,0.051,0.0545,0.5047999488895496,0.8636600068374298,2.2413993469545948,0.00011751797368188954,-0.0013832002428895897,0,0,2397.37
2026-09-03 04:36:58,okx,ETH,ETH-USD-260904-2370-P,2026-09-04,2370,put,0.0037133670049073,0.0036,0.0037,0.37322748281024204,-0.28690353581181843,16.792856708006138,0.00018923961811996887,-0.0030947697811288385,679,733,2397.37
2026-09-03 04:36:58,okx,ETH,ETH-USD-260903-2460-P,2026-09-03,2460,put,0.0257235693388927,0.025,0.027,0.6006962683185498,-1.009554934550511,5.4409413143479055,0.00000794335095692345,-0.00023857706388842487,679,0,2397.37
2026-09-03 04:36:58,okx,ETH,ETH-USD-260906-2275-P,2026-09-06,2275,put,0.0018684713354535,0.0018,0.0019,0.44310755140087615,-0.09718923491749006,4.316264076550467,0.00015717646586278032,-0.001108565315906511,285,485,2397.37
2026-09-03 04:36:58,okx,ETH,ETH-USD-260904-2370-C,2026-09-04,2370,call,0.0153952354042411,0.0145,0.016,0.37322748281024204,0.7013718255570855,14.816305985268333,0.00018923961811996887,-0.0030942898737172705,4310,4438,2397.37
2026-09-03 04:36:58,okx,ETH,ETH-USD-260905-2370-P,2026-09-05,2370,put,0.007701120886319,0.0075,0.008,0.4185259871523446,-0.3582586324508801,12.277807659920612,0.00028383329681313564,-0.0027738229993828512,0,0,2397.37
2026-09-03 04:36:58,okx,ETH,ETH-USD-260903-2460-C,2026-09-03,2460,call,0.0000680578714954,,0.0001,0.6006962683185498,0.01610912958355526,3.3896131860797727,0.00000794335095692345,-0.00023857706388842487,13186,18837,2397.37
2026-09-03 04:36:58,okx,ETH,ETH-USD-260906-2275-C,2026-09-06,2275,call,0.0534349337693286,0.0515,0.0555,0.44310755140087615,0.8511191802079624,2.4196472462995624,0.00015717646586278032,-0.001106446308715681,0,0,2397.37
2026-09-03 04:36:58,okx,ETH,ETH-USD-260925-1900-C,2026-09-25,1900,call,0.2129808893940816,0.211,0.215,0.6086543955060282,0.7369875496672375,-0.785599477606373,0.0002541567545984263,-0.00034933664312386493,8983,0,2397.37
2026-09-03 04:36:58,okx,ETH,ETH-USD-260925-1900-P,2026-09-25,1900,put,0.0033196825914588,0.0031,0.0032,0.6086543955060282,-0.05335453109859398,0.7950846839252897,0.0002541567545984263,-0.00034933664312386493,13300,863,2397.37
2026-09-03 04:36:58,okx,ETH,ETH-USD-260904-2360-P,2026-09-04,2360,put,0.0027943836750327,0.0026,0.0027,0.3823957025258714,-0.22704622335201088,14.454625897507706,0.00016736730797864768,-0.0028043352709918663,73,113,2397.37
2026-09-03 04:36:58,okx,ETH,ETH-USD-260904-2360-C,2026-09-04,2360,call,0.0186461729347298,0.0175,0.0195,0.3823957025258714,0.7570591997832691,12.486415051237143,0.00016736730797864768,-0.002803683996257342,328,328,2397.37
2026-09-03 04:36:58,okx,ETH,ETH-USD-260903-2300-P,2026-09-03,2300,put,0.0000015086183287,,0.0001,0.6440136687384241,-0.0004566890544155688,0.1295927241895487,0.0000003202536841466348,-0.00001031238750271354,11225,10219,2397.37
2026-09-03 04:36:58,okx,ETH,ETH-USD-260903-2350-C,2026-09-03,2350,call,0.0202399464171237,0.0195,0.021,0.452624925704762,0.9689813373934367,1.2618318106210769,0.000005596941354435904,-0.000126665758236273,220,0,2397.37
2026-09-03 04:36:58,okx,ETH,ETH-USD-261225-2700-C,2026-12-25,2700,call,0.0711608750547398,0.0705,0.0715,0.5142915615439061,0.3341203674041028,0.6854422869843575,0.0021580113936112612,-0.0004903870842853409,760,140,2397.37
2026-09-03 04:36:58,okx,ETH,ETH-USD-260903-2250-P,2026-09-03,2250,put,0.0000000050218144,,0.0001,0.7031340012976034,-0.000001840622104344884,0.0006448970377281826,0.0000000017423384247475144,-0.00000006125486941036416,4970,1248,2397.37
2026-09-03 04:36:58,okx,ETH,ETH-USD-260903-2300-C,2026-09-03,2300,call,0.0410552987097867,0.04,0.042,0.6440136687384241,0.9584975172497928,-1.788315688418868,0.0000003202536841466348,-0.00001031238750271354,68,0,2397.37
2026-09-03 04:36:58,okx,ETH,ETH-USD-260903-2200-P,2026-09-03,2200,put,0.0000000000008782,,0.0001,0.7161375061022107,-0.00000000040913564656196436,0.00000018341751509254396,0.0000000000005053422368373331,-0.000000000018094726460840023,3641,302,2397.37
2026-09-03 04:36:58,okx,ETH,ETH-USD-260903-2250-C,2026-09-03,2250,call,0.0619004518504145,0.061,0.0625,0.7031340012976034,0.9381055351102734,-1.8755698544270274,0.0000000017423384247475144,-0.00000006125486941036416,0,0,2397.37
2026-09-03 04:36:58,okx,ETH,ETH-USD-260903-2200-C,2026-09-03,2200,call,0.0827471035666205,0.081,0.084,0.7161375061022107,0.9172605447514114,-1.834520906903579,0.0000000000005053422368373331,-0.000000000018094726460840023,0,0,2397.37
2026-09-03 04:36:58,okx,ETH,ETH-USD-260903-2425-P,2026-09-03,2425,put,0.0112554377093051,0.0105,0.0125,0.3638360156945738,-0.948974152917051,19.04763006690992,0.000024113039456672285,-0.0004386596101100847,3233,1859,2397.37
2026-09-03 04:36:58,okx,ETH,ETH-USD-261030-3600-P,2026-10-30,3600,put,0.4980381736128123,0.4935,0.504,0.5752974472246667,-1.4482306948086612,3.345996645455879,0.0004048662560344018,-0.00020118098812717096,0,0,2397.37
2026-09-03 04:36:58,okx,ETH,ETH-USD-260903-2450-C,2026-09-03,2450,call,0.0000891138303159,,0.0001,0.538934447053296,0.022550152124045247,5.030089667249956,0.000010570084291235411,-0.0002848291266401843,8426,9057,2397.37
2026-09-03 04:36:58,okx,ETH,ETH-USD-261225-2500-C,2026-12-25,2500,call,0.0994912532786793,0.099,0.1,0.512539480857504,0.41174637025027083,0.5737989174551007,0.002219942592502289,-0.0005027106409346189,11267,460,2397.37
2026-09-03 04:36:58,okx,ETH,ETH-USD-260903-2400-P,2026-09-03,2400,put,0.0024316213501945,0.0026,0.0031,0.2673187249803012,-0.5504401533861542,76.46703776935928,0.0000778566940170341,-0.00104062760879075,15496,14984,2397.37
2026-09-03 04:36:58,okx,ETH,ETH-USD-261030-3400-P,2026-10-30,3400,put,0.4172364621677056,0.413,0.422,0.554713026887876,-1.344615988617309,3.316480258059635,0.0005447073323032742,-0.00026219246395021935,266,0,2397.37
2026-09-03 04:36:58,okx,ETH,ETH-USD-260903-2425-C,2026-09-03,2425,call,0.0001925859579073,0.0001,0.0003,0.3638360156945738,0.062097129816733744,17.025487501442353,0.000024113039456672285,-0.0004386596101100847,5396,8436,2397.37
2026-09-03 04:36:58,okx,ETH,ETH-USD-261030-3600-C,2026-10-30,3600,call,0.0043313932702176,0.0042,0.0043,0.5752974472246667,0.04518068294338016,0.3591738899517962,0.0004048662560344018,-0.00020378727539001337,8453,581,2397.37
2026-09-03 04:36:58,okx,ETH,ETH-USD-260903-2375-P,2026-09-03,2375,put,0.00017011911169,0.0001,0.0003,0.32487191497627166,-0.06178011401670468,19.166252614212485,0.000023907310636333632,-0.0003883406894179147,32180,39693,2397.37
2026-09-03 04:36:58,okx,ETH,ETH-USD-261030-2700-P,2026-10-30,2700,put,0.1568114243639075,0.1555,0.1575,0.49830970711206596,-0.8402865441705323,3.4849851369945957,0.00140763624995394,-0.0006129505072114927,330,0,2397.37
2026-09-03 04:36:58,okx,ETH,ETH-USD-260903-2400-C,2026-09-03,2400,call,0.001792097967368,0.0016,0.0019,0.2673187249803012,0.45020771406171534,74.46574203446355,0.0000778566940170341,-0.00104062760879075,14044,16864,2397.37
2026-09-03 04:36:58,okx,ETH,ETH-USD-261030-3400-C,2026-10-30,3400,call,0.0064966363486268,0.006,0.0065,0.554713026887876,0.06582809037072995,0.49559210008355686,0.0005447073323032742,-0.0002643607707993305,5129,480,2397.37
2026-09-03 04:36:58,okx,ETH,ETH-USD-260903-2350-P,2026-09-03,2350,put,0.000032813062808,,0.0001,0.452624925704762,-0.010819699482602349,3.221433884373155,0.000005596941354435904,-0.000126665758236273,15724,25601,2397.37
2026-09-03 04:36:58,okx,ETH,ETH-USD-261225-2700-P,2026-12-25,2700,put,0.1869605689725737,0.186,0.1875,0.5142915615439061,-0.7815512764709556,2.916785574734474,0.0021580113936112612,-0.0004902512918418717,110,0,2397.37
2026-09-03 04:36:58,okx,ETH,ETH-USD-260903-2375-C,2026-09-03,2375,call,0.0099539240974345,0.0085,0.011,0.32487191497627166,0.9284443381452494,17.185803709888578,0.000023907310636333632,-0.0003883406894179147,4360,7591,2397.37
2026-09-03 04:36:58,okx,ETH,ETH-USD-261030-2700-C,2026-10-30,2700,call,0.0364559393771344,0.036,0.0365,0.49830970711206596,0.2797719891434986,1.2448680703665345,0.00140763624995394,-0.0006135858826125442,7685,371,2397.37
2026-09-03 04:36:58,okx,ETH,ETH-USD-260903-2525-P,2026-09-03,2525,put,0.0527579925183859,0.052,0.0545,0.7865346115496343,-1.0523132276125444,2.209640214909348,0.0000003191936552088984,-0.000012552842880441939,388,2,2397.37
2026-09-03 04:36:58,okx,ETH,ETH-USD-260903-2550-C,2026-09-03,2550,call,0.0000001963794773,,0.0001,0.8033960144006949,0.00005383707102963819,0.01393159907032198,0.00000004358775517054344,-0.000001750911439034394,5261,4312,2397.37
2026-09-03 04:36:58,okx,ETH,ETH-USD-260903-2500-P,2026-09-03,2500,put,0.0423437666458609,0.0415,0.0435,0.749783350840844,-1.0398455816011314,2.6075426012015335,0.0000015294585293879304,-0.000057338127056829595,1482,1042,2397.37
2026-09-03 04:36:58,okx,ETH,ETH-USD-260903-2525-C,2026-09-03,2525,call,0.0000018272927038,,0.0001,0.7865346115496343,0.00045171626490169835,0.10411032715445592,0.0000003191936552088984,-0.000012552842880441939,6044,4314,2397.37
2026-09-03 04:36:58,okx,ETH,ETH-USD-260903-2475-P,2026-09-03,2475,put,0.0319494701209228,0.031,0.033,0.6741685134583031,-1.022921360485053,3.886435661397719,0.000004795307056120074,-0.00016164225148002908,1428,2,2397.37
2026-09-03 04:36:58,okx,ETH,ETH-USD-260903-2500-C,2026-09-03,2500,call,0.00001092978875,,0.0001,0.749783350840844,0.002495946990399252,0.5228595440184717,0.0000015294585293879304,-0.000057338127056829595,5567,3778,2397.37
2026-09-03 04:36:58,okx,ETH,ETH-USD-260903-2450-P,2026-09-03,2450,put,0.0215752939502846,0.0205,0.023,0.538934447053296,-0.998944545895655,7.073079063289357,0.000010570084291235411,-0.0002848291266401843,4872,2069,2397.37
2026-09-03 04:36:58,okx,ETH,ETH-USD-261225-2500-P,2026-12-25,2500,put,0.132648944728543,0.1315,0.1335,0.512539480857504,-0.6212829296340425,2.6398575172237275,0.002219942592502289,-0.0005026717551291617,6123,20,2397.37
2026-09-03 04:36:58,okx,ETH,ETH-USD-260903-2475-C,2026-09-03,2475,call,0.0000399616323828,,0.0001,0.6741685134583031,0.008996752820562436,1.8225994347864884,0.000004795307056120074,-0.00016164225148002908,3795,3335,2397.37
2026-09-03 04:36:58,okx,ETH,ETH-USD-260903-2800-P,2026-09-03,2800,put,0.1674127772799643,0.1665,0.1685,0.8171329589831147,-1.1674225120225143,2.3348450240450287,0.0000000000000000000000005786966359860627,-0.000000000000000000000023643604725843293,0,0,2397.37
2026-09-03 04:36:58,okx,ETH,ETH-USD-260903-2900-C,2026-09-03,2900,call,0.0000000000000001,,0.0001,0.8171386302067918,0.00000000000000000000000000000001667076649369872,0.00000000000000000000000000001232955494579656,0.000000000000000000000000000000000039039673701082153,-0.0000000000000000000000000000000015950412745911192,0,0,2397.37
2026-09-03 04:36:58,okx,ETH,ETH-USD-260903-2700-P,2026-09-03,2700,put,0.12571946380568,0.125,0.127,0.8170168681701948,-1.1257288508787655,2.2514577017986532,0.00000000000000012983790534292988,-0.000000000000005303987939652938,260,260,2397.37
2026-09-03 04:36:58,okx,ETH,ETH-USD-260903-2800-C,2026-09-03,2800,call,0.0000000000000001,,0.0001,0.8171329589831147,0.0000000000000000000003020411301518568,0.00000000000000000018265606259157763,0.0000000000000000000000005786966359860627,-0.000000000000000000000023643604725843293,211,0,2397.37
2026-09-03 04:36:58,okx,ETH,ETH-USD-260903-2600-P,2026-09-03,2600,put,0.0840261510437685,0.083,0.0855,0.8143612396408455,-1.0840349481771903,2.1681488610385906,0.0000000002485079014340696,-0.000000010118760133619698,0,0,2397.37
2026-09-03 04:36:58,okx,ETH,ETH-USD-260903-2700-C,2026-09-03,2700,call,0.0000000000000001,,0.0001,0.8170168681701948,0.000000000000087914749267311,0.0000000000409467428337407,0.00000000000000012983790534292988,-0.000000000000005303987939652938,329,0,2397.37
2026-09-03 04:36:58,okx,ETH,ETH-USD-260903-2550-P,2026-09-03,2550,put,0.0631796899737306,0.0625,0.065,0.8033960144006949,-1.0631345220923318,2.1403083173970447,0.00000004358775517054344,-0.000001750911439034394,150,0,2397.37
2026-09-03 04:36:58,okx,ETH,ETH-USD-260903-2600-C,2026-09-03,2600,call,0.0000000007123732,,0.0001,0.8143612396408455,0.0000002415580016609394,0.00007848156820673788,0.0000000002485079014340696,-0.000000010118760133619698,1870,1,2397.37
2026-09-03 04:36:58,okx,ETH,ETH-USD-260905-2350-C,2026-09-05,2350,call,0.0254264282514473,0.025,0.026,0.4301825515777356,0.7106342981525985,8.49783386787989,0.00025029937786887074,-0.0025134751979271276,0,0,2397.37
2026-09-03 04:36:58,okx,ETH,ETH-USD-260905-2350-P,2026-09-05,2350,put,0.0053665929501408,0.005,0.0055,0.4301825515777356,-0.26922196795621517,10.457546400097518,0.00025029937786887074,-0.002514299406793107,1139,756,2397.37
2026-09-03 04:36:58,okx,ETH,ETH-USD-260905-2300-C,2026-09-05,2300,call,0.0431378607035128,0.042,0.044,0.47564105632572806,0.8347311718234228,3.887364054549766,0.00015503893144070883,-0.0017203442781525142,0,0,2397.37
2026-09-03 04:36:58,okx,ETH,ETH-USD-260905-2300-P,2026-09-05,2300,put,0.0022301065961412,0.0021,0.0022,0.47564105632572806,-0.12427708862350122,5.805380575443614,0.00015503893144070883,-0.0017220252543658934,2625,2627,2397.37
2026-09-03 04:36:58,okx,ETH,ETH-USD-260905-2250-C,2026-09-05,2250,call,0.0627899230735169,0.0615,0.065,0.5363057654211154,0.8792116764552966,1.062238394278912,0.00008873563816630284,-0.00110877543025213,0,0,2397.37
2026-09-03 04:36:58,okx,ETH,ETH-USD-260905-2250-P,2026-09-05,2250,put,0.0010342501600802,0.0009,0.001,0.5363057654211154,-0.05894857832973756,2.938558903848981,0.00008873563816630284,-0.0011113131738129099,4099,3458,2397.37
2026-09-03 04:36:58,okx,ETH,ETH-USD-260903-2900-P,2026-09-03,2900,put,0.2091060907542488,0.208,0.21,0.8171386302067918,-1.2091161731661757,2.4182323463323514,0.000000000000000000000000000000000039039673701082153,-0.0000000000000000000000000000000015950412745911192,0,0,2397.37
2026-09-03 04:36:58,okx,ETH,ETH-USD-260905-2200-C,2026-09-05,2200,call,0.083124189930858,0.0815,0.085,0.6006815331941142,0.8878870359289023,-0.34178503384946946,0.0000505271397635473,-0.0007053642105424911,0,0,2397.37
2026-09-03 04:36:58,okx,ETH,ETH-USD-260905-2200-P,2026-09-05,2200,put,0.000520598211356,0.0005,0.0006,0.6006815331941142,-0.029425213194242378,1.4928394643968201,0.0000505271397635473,-0.0007087587214506714,9691,9203,2397.37
2026-09-03 04:36:58,okx,ETH,ETH-USD-260905-2450-C,2026-09-05,2450,call,0.0047887892922747,0.0048,0.0049,0.4146013331621634,0.2503267016723551,9.613734491557777,0.0002459828912309129,-0.00238145427129404,6613,4827,2397.37
2026-09-03 04:36:58,okx,ETH,ETH-USD-260905-2450-P,2026-09-05,2450,put,0.0264247916030984,0.026,0.027,0.4146013331621634,-0.771225575760238,11.656839046422961,0.0002459828912309129,-0.0023805649454652186,1550,1058,2397.37
2026-09-03 04:36:58,okx,ETH,ETH-USD-260905-2425-C,2026-09-05,2425,call,0.0077425867743281,0.0075,0.008,0.4088587619457512,0.3589417563958165,11.303251767767827,0.00028830581112828616,-0.0027524474978967007,1574,289,2397.37
2026-09-03 04:36:58,okx,ETH,ETH-USD-260905-2425-P,2026-09-05,2425,put,0.0189546296821192,0.0185,0.0195,0.4088587619457512,-0.6521865182058317,13.325508316971122,0.00028830581112828616,-0.0027519865557415787,2586,366,2397.37
2026-09-03 04:36:58,okx,ETH,ETH-USD-260905-2400-C,2026-09-05,2400,call,0.0121165038612799,0.012,0.0125,0.40921925751098986,0.484012072002391,11.75904721690039,0.0003055055783916194,-0.0029190643917845456,2402,3404,2397.37
2026-09-03 04:36:58,okx,ETH,ETH-USD-260905-2400-P,2026-09-05,2400,put,0.0129045873660385,0.0125,0.013,0.40921925751098986,-0.5166921997683123,13.760455760441797,0.0003055055783916194,-0.0029190318333031243,1557,350,2397.37
2026-09-03 04:36:58,okx,ETH,ETH-USD-260905-2375-C,2026-09-05,2375,call,0.0180533889639991,0.0175,0.0185,0.41628052429214635,0.6072327817142495,10.674591920096693,0.0002903140952871236,-0.0028215164065807296,334,174,2397.37
2026-09-03 04:36:58,okx,ETH,ETH-USD-260905-2375-P,2026-09-05,2375,put,0.0084175130657251,0.008,0.0085,0.41628052429214635,-0.38304748722550885,12.655152457976211,0.0002903140952871236,-0.002821912231773008,3787,3787,2397.37
2026-09-03 04:36:58,okx,ETH,ETH-USD-260905-2550-C,2026-09-05,2550,call,0.0007410463552775,0.0008,0.0009,0.479571897725674,0.04834431161454636,2.6701282550955865,0.0000778338915352237,-0.0008716654501922064,2610,1989,2397.37
2026-09-03 04:36:58,okx,ETH,ETH-USD-260905-2550-P,2026-09-05,2550,put,0.0640728862782314,0.062,0.0655,0.479571897725674,-1.014903977141826,4.796624832608331,0.0000778338915352237,-0.0008690625896685839,0,0,2397.37
2026-09-03 04:36:58,okx,ETH,ETH-USD-260905-2525-C,2026-09-05,2525,call,0.0011432107067147,0.0012,0.0013,0.4593279504444583,0.07263683643543596,3.828368591253953,0.00010706468460706706,-0.0011484018505151623,1606,1038,2397.37
2026-09-03 04:36:58,okx,ETH,ETH-USD-260905-2525-P,2026-09-05,2525,put,0.0540510912266362,0.0515,0.056,0.4593279504444583,-0.9801874494899915,5.934017163104808,0.00010706468460706706,-0.0011462273736652401,0,0,2397.37
2026-09-03 04:36:58,okx,ETH,ETH-USD-260905-2500-C,2026-09-05,2500,call,0.0018102642265019,0.0018,0.0019,0.4409641985567976,0.11031002335263211,5.423497262206428,0.00014599364949709318,-0.001503343903711551,2420,1975,2397.37
2026-09-03 04:36:58,okx,ETH,ETH-USD-260905-2500-P,2026-09-05,2500,put,0.0442941853433907,0.0425,0.045,0.4409641985567976,-0.9320902597418503,7.508297828395394,0.00014599364949709318,-0.0015015978105353289,576,0,2397.37
2026-09-03 04:36:58,okx,ETH,ETH-USD-260905-2475-C,2026-09-05,2475,call,0.002930523307096,0.003,0.0031,0.4256583363037865,0.1676322252596161,7.443113634126867,0.00019421590585410434,-0.0019304625553832604,2747,2562,2397.37
2026-09-03 04:36:58,okx,ETH,ETH-USD-260905-2475-P,2026-09-05,2475,put,0.0349904850209523,0.0345,0.0355,0.4256583363037865,-0.8643440550039215,9.507066194653945,0.00019421590585410434,-0.0019291448458807383,700,0,2397.37
2026-09-03 04:36:58,okx,ETH,ETH-USD-260905-2700-C,2026-09-05,2700,call,0.0000698318994367,,0.0002,0.594560717481885,0.004853119260190147,0.30346679766122203,0.000010922327066303567,-0.00015165114868710762,13635,8063,2397.37
2026-09-03 04:36:58,okx,ETH,ETH-USD-260905-2700-P,2026-09-05,2700,put,0.125945428240586,0.1235,0.1275,0.594560717481885,-1.120939186481851,2.5550514091453045,0.000010922327066303567,-0.00014647798612128391,0,0,2397.37
2026-09-03 04:36:58,okx,ETH,ETH-USD-260905-2650-C,2026-09-05,2650,call,0.0001537973792824,0.0002,0.0003,0.5610085060730429,0.010480482676471139,0.6334910858545307,0.000021536835047097078,-0.00028215264963249085,500,249,2397.37
2026-09-03 04:36:58,okx,ETH,ETH-USD-260905-2650-P,2026-09-05,2650,put,0.1051814749143669,0.103,0.107,0.5610085060730429,-1.0944638174036805,2.843379686014834,0.000021536835047097078,-0.0002778362544140675,0,0,2397.37
2026-09-03 04:36:58,okx,ETH,ETH-USD-260905-2600-C,2026-09-05,2600,call,0.0003317208295566,0.0004,0.0005,0.5216447587263486,0.02223870590687317,1.2978841392139049,0.00004107513077259409,-0.0005003622129081388,4843,3938,2397.37
2026-09-03 04:36:58,okx,ETH,ETH-USD-260905-2600-P,2026-09-05,2600,put,0.0845114795585757,0.0825,0.086,0.5216447587263486,-1.0618575885113888,3.4660767280504285,0.00004107513077259409,-0.0004969025850371159,0,0,2397.37
2026-09-03 04:36:58,okx,ETH,ETH-USD-260905-2575-C,2026-09-05,2575,call,0.0004916878942453,0.0005,0.0006,0.500636674758759,0.03260848821103968,1.8595717533692053,0.00005652496872207964,-0.0006608337981771695,568,133,2397.37
2026-09-03 04:36:58,okx,ETH,ETH-USD-260905-2575-P,2026-09-05,2575,put,0.074247487220232,0.072,0.076,0.500636674758759,-1.0410638033762774,4.006916336543839,0.00005652496872207964,-0.0006578025539798469,0,0,2397.37
2026-09-03 04:36:58,okx,ETH,ETH-USD-260905-2750-C,2026-09-05,2750,call,0.0000299143802116,,0.0002,0.6214952897876812,0.0021368897402279556,0.13896389414301435,0.000005221913851869684,-0.00007578845136550414,240,230,2397.37
2026-09-03 04:36:58,okx,ETH,ETH-USD-260905-2750-P,2026-09-05,2750,put,0.1467534295274261,0.1445,0.1485,0.6214952897876812,-1.144503421663703,2.4322445169508766,0.000005221913851869684,-0.00006975852145228003,0,0,2397.37
2026-09-03 04:36:58,okx,ETH,ETH-USD-260904-2490-C,2026-09-04,2490,call,0.00056645767861,0.0007,0.0008,0.4222646589030107,0.05617643044413456,4.716691267095513,0.00006374688288374968,-0.0011795034327879237,2956,2372,2397.37
2026-09-03 04:36:58,okx,ETH,ETH-USD-260904-2490-P,2026-09-04,2490,put,0.0389236396036395,0.037,0.0405,0.4222646589030107,-0.9821381897282582,6.793320507440298,0.00006374688288374968,-0.0011779269323240222,0,0,2397.37
2026-09-03 04:36:58,okx,ETH,ETH-USD-260904-2470-C,2026-09-04,2470,call,0.0009552080069247,0.001,0.0011,0.3968590622783577,0.09211871712715532,7.318533242597119,0.00009308313861240999,-0.001618679554372887,5692,5527,2397.37
2026-09-03 04:36:58,okx,ETH,ETH-USD-260904-2470-P,2026-09-04,2470,put,0.0309725482112269,0.029,0.0325,0.3968590622783577,-0.9378560265779893,9.37848273000741,0.00009308313861240999,-0.001617445788554897,514,0,2397.37
2026-09-03 04:36:58,okx,ETH,ETH-USD-260904-2550-C,2026-09-04,2550,call,0.0001876947842815,0.0002,0.0003,0.520420827643999,0.0177857389848751,1.483855322655737,0.000024719944755400778,-0.0005637159376690263,14211,3031,2397.37
2026-09-03 04:36:58,okx,ETH,ETH-USD-261225-1100-C,2026-12-25,1100,call,0.5480787798285023,0.5455,0.551,0.7324802161000351,0.4354949634044034,-0.7712889255040729,0.00022637203341175808,-0.00007263445390145747,1,0,2397.37
2026-09-03 04:36:58,okx,ETH,ETH-USD-261225-1100-P,2026-12-25,1100,put,0.0027424540025743,0.0027,0.0029,0.7324802161000351,-0.01903792854469444,0.13777685839412285,0.00022637203341175808,-0.0000732739145620832,7805,0,2397.37
2026-09-03 04:36:58,okx,ETH,ETH-USD-260904-2800-P,2026-09-04,2800,put,0.1676353137566859,0.1655,0.169,0.8722158505437637,-1.1667869869485339,2.3902219925053068,0.000001544620317313256,-0.000052145710265368475,1072,0,2397.37
2026-09-03 04:36:58,okx,ETH,ETH-USD-261030-4000-C,2026-10-30,4000,call,0.0021592020744116,0.0022,0.0024,0.6168887700488485,0.023183223659345758,0.19581603851590293,0.00023388640238380866,-0.00012623924440149234,3192,1295,2397.37
2026-09-03 04:36:58,okx,ETH,ETH-USD-260904-2900-C,2026-09-04,2900,call,0.000001870006736,,0.0001,0.9328141542261605,0.0001464085951066839,0.010689999904830156,0.00000032027417610473796,-0.000013091173870618136,8695,0,2397.37
2026-09-03 04:36:58,okx,ETH,ETH-USD-261030-4000-P,2026-10-30,4000,put,0.6617998914640381,0.657,0.6685,0.6168887700488485,-1.6361627516207,3.5145079890759945,0.00023388640238380866,-0.0001227569963111873,0,0,2397.37
2026-09-03 04:36:58,okx,ETH,ETH-USD-261225-1900-C,2026-12-25,1900,call,0.2470185769896608,0.2455,0.2485,0.5448431954485851,0.5815167875031172,-0.3246741900221755,0.001415888696340512,-0.00034062873816236423,7394,0,2397.37
2026-09-03 04:36:58,okx,ETH,ETH-USD-260904-2700-P,2026-09-04,2700,put,0.1259647946312896,0.124,0.1275,0.767913006146867,-1.122861487881752,2.462718864075803,0.000005209266457101489,-0.0001701113738463209,90,30,2397.37
2026-09-03 04:36:58,okx,ETH,ETH-USD-261030-3800-C,2026-10-30,3800,call,0.0030056127731343,0.0029,0.003,0.5962006956353151,0.03192290952373272,0.26314696764982654,0.0003052010529222284,-0.00015920510369357919,2672,0,2397.37
2026-09-03 04:36:58,okx,ETH,ETH-USD-261225-1900-P,2026-12-25,1900,put,0.0322502610356139,0.032,0.033,0.5448431954485851,-0.20358548040896104,1.2455303458019809,0.001415888696340512,-0.00034088057227094255,18153,170,2397.37
2026-09-03 04:36:58,okx,ETH,ETH-USD-260904-2800-C,2026-09-04,2800,call,0.0000105851603855,,0.0001,0.8722158505437637,0.0007957184662047368,0.05505658167582945,0.000001544620317313256,-0.000059034597740900116,12876,0,2397.37
2026-09-03 04:36:58,okx,ETH,ETH-USD-261030-3800-P,2026-10-30,3800,put,0.5796793476392448,0.575,0.586,0.5962006956353151,-1.544455766992311,3.4159043206819137,0.0003052010529222284,-0.00015616083601700546,0,0,2397.37
2026-09-03 04:36:58,okx,ETH,ETH-USD-260904-2600-P,2026-09-04,2600,put,0.0843327036276131,0.0825,0.086,0.61077770838732,-1.0749328647912937,2.8863053853345715,0.000014061556260501446,-0.00037287432715869416,1358,0,2397.37
2026-09-03 04:36:58,okx,ETH,ETH-USD-260906-2390-P,2026-09-06,2390,put,0.0119741287547344,0.012,0.0125,0.3712769642949406,-0.4630881915414606,12.420813950666213,0.0003672617675198533,-0.0021700509901411004,1160,2130,2397.37
2026-09-03 04:36:58,okx,ETH,ETH-USD-261030-2900-C,2026-10-30,2900,call,0.0214729197027139,0.021,0.0215,0.5101659350944373,0.1856369254191693,1.0446958922318421,0.0011308911526489833,-0.0005047269553110774,2737,260,2397.37
2026-09-03 04:36:58,okx,ETH,ETH-USD-260904-2700-C,2026-09-04,2700,call,0.0000392746386251,,0.0001,0.767913006146867,0.0030218351967463007,0.21095221791880625,0.000005209266457101489,-0.00017528658809229448,11355,1850,2397.37
2026-09-03 04:36:58,okx,ETH,ETH-USD-261030-2900-P,2026-10-30,2900,put,0.2247953592130031,0.2215,0.2265,0.5101659350944373,-1.017388906658864,3.450747556387909,0.0011308911526489833,-0.0005036535994962947,0,0,2397.37
2026-09-03 04:36:58,okx,ETH,ETH-USD-260903-2490-C,2026-09-03,2490,call,0.0000195249669636,,0.0016,0.7255354666564816,0.004384659570397562,0.8965486030295075,0.0000025383410269037904,-0.0000920828220743967,5445,3049,2397.37
2026-09-03 04:36:58,okx,ETH,ETH-USD-260904-2550-P,2026-09-04,2550,put,0.0635644018714924,0.0615,0.065,0.520420827643999,-1.0455485105892621,3.610523821804011,0.000024719944755400778,-0.00056111123326739,3866,497,2397.37
2026-09-03 04:36:58,okx,ETH,ETH-USD-260903-2490-P,2026-09-03,2490,put,0.0381830304766462,0.0375,0.0395,0.7255354666564816,-1.0337875029067671,2.9728929279838368,0.0000025383410269037904,-0.0000920828220743967,0,0,2397.37
2026-09-03 04:36:58,okx,ETH,ETH-USD-260904-2600-C,2026-09-04,2600,call,0.0001063922385845,0.0001,0.0002,0.61077770838732,0.009251075950963883,0.7179375038500563,0.000014061556260501446,-0.0003763358681751096,21708,35,2397.37
2026-09-03 04:36:58,okx,ETH,ETH-USD-260906-2390-C,2026-09-06,2390,call,0.0156043215129877,0.015,0.016,0.3712769642949406,0.5331566929200037,10.428324181743283,0.0003672617675198533,-0.0021699019748210916,482,483,2397.37
2026-09-03 04:36:58,okx,ETH,ETH-USD-260904-2900-P,2026-09-04,2900,put,0.2093258072066722,0.207,0.211,0.9328141542261605,-1.209135679155873,2.4292541754067893,0.00000032027417610473796,-0.0000044886131655284045,20,0,2397.37
2026-09-03 04:36:58,okx,ETH,ETH-USD-260906-2370-P,2026-09-06,2370,put,0.0086647635978956,0.0085,0.009,0.37608941108645755,-0.367130404445261,11.440724737866475,0.0003465130517196901,-0.002074105472649478,640,1294,2397.37
2026-09-03 04:36:58,okx,ETH,ETH-USD-260906-2370-C,2026-09-06,2370,call,0.0206316989084311,0.02,0.0215,0.37608941108645755,0.6207777027403752,9.464908523495204,0.0003465130517196901,-0.0020736138500475868,0,0,2397.37
2026-09-03 04:36:58,okx,ETH,ETH-USD-260904-2410-C,2026-09-04,2410,call,0.0057675760043034,0.0055,0.006,0.35868875651281,0.399854399434563,18.532656886446375,0.00021677830155745963,-0.00340696331945721,1457,1862,2397.37
2026-09-03 04:36:58,okx,ETH,ETH-USD-260904-2410-P,2026-09-04,2410,put,0.0107653910464242,0.0105,0.011,0.35868875651281,-0.6051007148688371,20.542567115053178,0.00021677830155745963,-0.003406757757576955,316,256,2397.37
2026-09-03 04:36:58,okx,ETH,ETH-USD-260925-1600-C,2026-09-25,1600,call,0.3354011539925038,0.3335,0.337,0.7790798542180735,0.6513160520208063,-1.1248682385800124,0.00008400997810219371,-0.00014780344938104245,8497,0,2397.37
2026-09-03 04:36:58,okx,ETH,ETH-USD-260925-1400-P,2026-09-25,1400,put,0.0004448765584276,0.0003,0.0005,0.9097362129202089,-0.00622860014912872,0.08591063428721621,0.00004053526330951134,-0.0000832760667778437,37901,0,2397.37
2026-09-03 04:36:58,okx,ETH,ETH-USD-260925-1400-C,2026-09-25,1400,call,0.4180899763077287,0.4165,0.4195,0.9097362129202089,0.5761287225204313,-1.078804011051904,0.00004053526330951134,-0.0000832760667778437,141,0,2397.37
2026-09-03 04:36:58,okx,ETH,ETH-USD-260903-2650-P,2026-09-03,2650,put,0.1048728070692021,0.104,0.1065,0.8165646804129906,-1.1048820200348117,2.209764148171194,0.0000000000003411244100539224,-0.000000000013927507243837554,80,80,2397.37
2026-09-03 04:36:58,okx,ETH,ETH-USD-260925-2000-C,2026-09-25,2000,call,0.1735763008420074,0.1715,0.174,0.5652845026137164,0.7443412870588251,-0.39993278416513856,0.0003733366063264479,-0.000476583912720099,34122,1000,2397.37
2026-09-03 04:36:58,okx,ETH,ETH-USD-260903-2750-C,2026-09-03,2750,call,0.0000000000000001,,0.0001,0.8171122622973762,0.000000000000000008894684107399356,0.0000000000000047651364161149245,0.000000000000000000015103081786850473,-0.0000000000000000006170456663257844,4140,0,2397.37
2026-09-03 04:36:58,okx,ETH,ETH-USD-260925-1800-P,2026-09-25,1800,put,0.0020986682255858,0.0019,0.002,0.6596039322615366,-0.033374532895573676,0.5002791887178158,0.00017346342880913913,-0.0002583823753952497,25060,600,2397.37
2026-09-03 04:36:58,okx,ETH,ETH-USD-260904-3200-C,2026-09-04,3200,call,0.0000000012087076,,,0.9940127366051693,0.00000012002615769452274,0.000011418849227310033,0.0000000003622952401354352,-0.000000015780374309805798,8599,0,2397.37
2026-09-03 04:36:58,okx,ETH,ETH-USD-260925-1800-C,2026-09-25,1800,call,0.2533566536175443,0.2515,0.255,0.6596039322615366,0.7153705962510035,-0.9972110695753386,0.00017346342880913913,-0.0002583823753952497,10107,0,2397.37
2026-09-03 04:36:58,okx,ETH,ETH-USD-260903-2650-C,2026-09-03,2650,call,0.0000000000006643,,0.0001,0.8165646804129906,0.00000000027221089282635106,0.00000010755714844098415,0.0000000000003411244100539224,-0.000000000013927507243837554,569,39,2397.37
2026-09-03 04:36:58,okx,ETH,ETH-USD-260904-3200-P,2026-09-04,3200,put,0.3344215642195512,0.332,0.336,0.9940127366051693,-1.334380114733544,2.66877188836863,0.0000000003622952401354352,0.000013727800019454203,0,0,2397.37
2026-09-03 04:36:58,okx,ETH,ETH-USD-260925-1600-P,2026-09-25,1600,put,0.0009496114218739,0.0008,0.0009,0.7790798542180735,-0.014235173887262208,0.20623421323612484,0.00008400997810219371,-0.00014780344938104245,33288,600,2397.37
2026-09-03 04:36:58,okx,ETH,ETH-USD-260904-2750-C,2026-09-04,2750,call,0.0000214838952567,,0.0001,0.826559549815993,0.0016166753311613329,0.11118457824281304,0.000002956523086037493,-0.00010708186647982909,5393,0,2397.37
2026-09-03 04:36:58,okx,ETH,ETH-USD-260925-2400-C,2026-09-25,2400,call,0.0475052244494577,0.047,0.0475,0.47556719913030315,0.4815384310762218,2.433900745588477,0.0009799636997273222,-0.001052430934971896,37414,1532,2397.37
2026-09-03 04:36:58,okx,ETH,ETH-USD-260904-2750-P,2026-09-04,2750,put,0.146796608189739,0.1445,0.1485,0.826559549815993,-1.1451163389154573,2.40465060673605,0.000002956523086037493,-0.00010104981561907648,150,0,2397.37
2026-09-03 04:36:58,okx,ETH,ETH-USD-260925-2200-P,2026-09-25,2200,put,0.0165156570195629,0.016,0.0165,0.50371695775887,-0.2351307846898478,2.848265198900958,0.0007266152302427162,-0.0008265379374671355,15090,695,2397.37
2026-09-03 04:36:58,okx,ETH,ETH-USD-260925-2200-C,2026-09-25,2200,call,0.1013865280541788,0.1005,0.102,0.50371695775887,0.6800021509337466,1.0179993276537695,0.0007266152302427162,-0.0008265379374671355,18747,0,2397.37
2026-09-03 04:36:58,okx,ETH,ETH-USD-260925-2000-P,2026-09-25,2000,put,0.0055118726287202,0.005,0.0055,0.5652845026137164,-0.08759774532626066,1.2639452806050329,0.0003733366063264479,-0.000476583912720099,25773,156,2397.37
2026-09-03 04:36:58,okx,ETH,ETH-USD-260925-2800-C,2026-09-25,2800,call,0.0068375211925631,0.007,0.0075,0.4990861043497788,0.11236722674946392,1.3950307516151739,0.0004903802329070411,-0.0005526881557602559,26924,1497,2397.37
2026-09-03 04:36:58,okx,ETH,ETH-USD-260925-2600-P,2026-09-25,2600,put,0.0998981414387,0.099,0.1005,0.47635964306578565,-0.8287389979182788,4.481754529555666,0.0008161079162743992,-0.0008779186508993281,9453,222,2397.37
2026-09-03 04:36:58,okx,ETH,ETH-USD-260925-2600-C,2026-09-25,2600,call,0.0183818981159735,0.018,0.0185,0.47635964306578565,0.25278174418233273,2.3187130453544413,0.0008161079162743992,-0.0008779186508993281,37055,762,2397.37
2026-09-03 04:36:58,okx,ETH,ETH-USD-260925-2400-P,2026-09-25,2400,put,0.0458279105935128,0.0455,0.046,0.47556719913030315,-0.5167884077858812,4.4305544233126835,0.0009799636997273222,-0.001052430934971896,24769,325,2397.37
2026-09-03 04:36:58,okx,ETH,ETH-USD-260925-3200-C,2026-09-25,3200,call,0.0014189995531121,0.0015,0.0016,0.5819833867575868,0.025779775756516594,0.3859646627522662,0.00015446073348264139,-0.00020300204086259034,14894,0,2397.37
2026-09-03 04:36:58,okx,ETH,ETH-USD-260925-3000-P,2026-09-25,3000,put,0.2507572833895093,0.2495,0.253,0.5364085878323311,-1.1970953343700064,3.220019218476925,0.00026871445356944034,-0.0003255056061711775,3203,0,2397.37
2026-09-03 04:36:58,okx,ETH,ETH-USD-260903-2750-P,2026-09-03,2750,put,0.1465661205428221,0.1455,0.148,0.8171122622973762,-1.1465756814506838,2.293151362901372,0.000000000000000000015103081786850473,-0.0000000000000000006170456663257844,10,0,2397.37
2026-09-03 04:36:58,okx,ETH,ETH-USD-260925-3000-C,2026-09-25,3000,call,0.0028539257094404,0.003,0.0031,0.5364085878323311,0.05081321420762234,0.7242021213216677,0.00026871445356944034,-0.0003255056061711775,20564,238,2397.37
2026-09-03 04:36:58,okx,ETH,ETH-USD-260925-2800-P,2026-09-25,2800,put,0.1715473216939609,0.1705,0.173,0.4990861043497788,-1.052347418589656,3.724460042293414,0.0004903802329070411,-0.0005526881557602559,3929,0,2397.37
2026-09-03 04:36:58,okx,ETH,ETH-USD-260925-3600-C,2026-09-25,3600,call,0.0005378939815159,0.0005,0.0006,0.6800113541635628,0.009439327856174844,0.13993886988962378,0.0000655118707610773,-0.00010060229524801489,13037,0,2397.37
2026-09-03 04:36:58,okx,ETH,ETH-USD-260925-3400-P,2026-09-25,3400,put,0.415116182842,0.412,0.4185,0.6309682736894822,-1.3994560676829897,3.051866135890879,0.00009681763876991026,-0.0001379538207198896,478,0,2397.37
2026-09-03 04:36:58,okx,ETH,ETH-USD-260925-3400-C,2026-09-25,3400,call,0.0008257108045884,0.0008,0.0009,0.6309682736894822,0.014840287371656295,0.22327342578158696,0.00009681763876991026,-0.0001379538207198896,30240,0,2397.37
2026-09-03 04:36:58,okx,ETH,ETH-USD-260925-3200-P,2026-09-25,3200,put,0.3325159144118522,0.3295,0.336,0.5819833867575868,-1.3053226760596208,3.0481695663845403,0.00015446073348264139,-0.00020300204086259034,1565,90,2397.37
2026-09-03 04:36:58,okx,ETH,ETH-USD-260925-4000-C,2026-09-25,4000,call,0.0002740780515206,0.0001,0.0003,0.7707373856421442,0.004563000155449601,0.06483140229288553,0.000034577491845647006,-0.00006018269571665435,20197,5000,2397.37
2026-09-03 04:36:58,okx,ETH,ETH-USD-260925-3800-P,2026-09-25,3800,put,0.5810538314333884,0.5775,0.5845,0.7269981740929277,-1.5742584168903933,3.2546260121661317,0.0000467941630131059,-0.00007682396668001497,16,0,2397.37
2026-09-03 04:36:58,okx,ETH,ETH-USD-260925-3800-C,2026-09-25,3800,call,0.0003762450386343,0.0003,0.0004,0.7269981740929277,0.006425744641269634,0.0932576891028058,0.0000467941630131059,-0.00007682396668001497,11680,0,2397.37
2026-09-03 04:36:58,okx,ETH,ETH-USD-260925-3600-P,2026-09-25,3600,put,0.4980219231975989,0.4945,0.5015,0.6800113541635628,-1.4880509304369793,3.134919386475933,0.0000655118707610773,-0.00010060229524801489,1230,0,2397.37
2026-09-03 04:36:58,okx,ETH,ETH-USD-260903-2150-C,2026-09-03,2150,call,0.1035937603028845,0.102,0.1045,0.718711946292951,0.8964137145887117,-1.7928274291748005,0.000000000000000007285922026081167,-0.0000000000000002618239599951738,0,0,2397.37
2026-09-03 04:36:58,okx,ETH,ETH-USD-260925-4400-C,2026-09-25,4400,call,0.0001527916008966,,0.0001,0.8466701787471895,0.0024468271214543487,0.03366156253015477,0.000019801715861080628,-0.00003786071502031688,24229,0,2397.37
2026-09-03 04:36:58,okx,ETH,ETH-USD-260903-2150-P,2026-09-03,2150,put,0.0000000000000001,,0.0001,0.718711946292951,-0.000000000000004716529463502603,0.0000000000026326816678848442,0.000000000000000007285922026081167,-0.0000000000000002618239599951738,3941,1,2397.37
2026-09-03 04:36:58,okx,ETH,ETH-USD-260925-4200-P,2026-09-25,4200,put,0.7472685006757137,0.7435,0.7515,0.8106751780837025,-1.7437517892207473,3.540466012262726,0.00002604475172164533,-0.00004768028263917841,0,0,2397.37
2026-09-03 04:36:58,okx,ETH,ETH-USD-260925-4200-C,2026-09-25,4200,call,0.0002037999236168,0.0001,0.0002,0.8106751780837025,0.003320178787932937,0.04632207624536606,0.00002604475172164533,-0.00004768028263917841,9416,0,2397.37
2026-09-03 04:36:58,okx,ETH,ETH-USD-260925-4000-P,2026-09-25,4000,put,0.6641452216249462,0.6605,0.668,0.7707373856421442,-1.659315064614722,3.3925875318332293,0.000034577491845647006,-0.00006018269571665435,25,0,2397.37
2026-09-03 04:36:58,okx,ETH,ETH-USD-260925-5000-C,2026-09-25,5000,call,0.0000638362907479,,0.0001,0.9326979658473161,0.0009959380411043272,0.013467487633393057,0.000008746575643342904,-0.000018422595213504726,33943,0,2397.37
2026-09-03 04:36:58,okx,ETH,ETH-USD-260925-2100-C,2026-09-25,2100,call,0.1359565222234129,0.1345,0.137,0.5302156965898392,0.7285225663354259,0.20999062601135282,0.0005361704907864904,-0.0006419884463700968,20730,0,2397.37
2026-09-03 04:36:58,okx,ETH,ETH-USD-260925-4500-P,2026-09-25,4500,put,0.871987421097831,0.867,0.8765,0.8632164975354248,-1.8697573258514215,3.772536251426487,0.000017291125079447008,-0.00003370658143037822,0,0,2397.37
2026-09-03 04:36:58,okx,ETH,ETH-USD-260925-2100-P,2026-09-25,2100,put,0.0094888725994613,0.009,0.0095,0.5302156965898392,-0.14501341766891426,1.9570625940200328,0.0005361704907864904,-0.0006419884463700968,95789,572,2397.37
2026-09-03 04:36:58,okx,ETH,ETH-USD-260925-4500-C,2026-09-25,4500,call,0.0001323845777273,,0.0001,0.8632164975354248,0.0021054970150216714,0.028810605693600815,0.000017291125079447008,-0.00003370658143037822,15450,0,2397.37
2026-09-03 04:36:58,okx,ETH,ETH-USD-260925-4400-P,2026-09-25,4400,put,0.8304110495316644,0.8255,0.835,0.8466701787471895,-1.8278190441257345,3.6941933050245326,0.000019801715861080628,-0.00003786071502031688,0,0,2397.37
2026-09-03 04:36:58,okx,ETH,ETH-USD-260925-6000-C,2026-09-25,6000,call,0.0000133077197551,,0.0001,1.021249689101575,0.0002103326565942005,0.0029236075425326338,0.000002071758135632162,-0.000004777962249006805,14114,0,2397.37
2026-09-03 04:36:58,okx,ETH,ETH-USD-260925-5500-P,2026-09-25,5500,put,1.2878525086347137,1.2825,1.2935,0.9837732017637992,-2.287369069846809,4.581977174654514,0.000004319973412489777,-0.000009597271608608063,0,0,2397.37
2026-09-03 04:36:58,okx,ETH,ETH-USD-260925-5500-C,2026-09-25,5500,call,0.000029686221254,,0.0001,0.9837732017637992,0.00046326921217645483,0.006312496536542611,0.000004319973412489777,-0.000009597271608608063,8152,0,2397.37
2026-09-03 04:36:58,okx,ETH,ETH-USD-260925-5000-P,2026-09-25,5000,put,1.0799027657575295,1.075,1.0845,0.9326979658473161,-2.07885164292161,4.173162649558821,0.000008746575643342904,-0.000018422595213504726,0,0,2397.37
2026-09-03 04:36:58,okx,ETH,ETH-USD-260925-7000-C,2026-09-25,7000,call,0.0000024736060048,,0.0001,1.0696557977349461,0.000040873278154733594,0.0006017778191701916,0.0000004435100526117872,-0.000001071320070521692,3332,0,2397.37
2026-09-03 04:36:58,okx,ETH,ETH-USD-260925-6500-P,2026-09-25,6500,put,1.703796404100817,1.6975,1.7115,1.0489494462438382,-2.7037083861421376,5.408938407204521,0.0000009682119447968632,-0.000002293489298233827,0,0,2397.37
2026-09-03 04:36:58,okx,ETH,ETH-USD-260903-2325-C,2026-09-03,2325,call,0.0306394498044055,0.029,0.0315,0.5694092144478209,0.9666844876785687,-1.1940546631877893,0.0000016268361288846546,-0.00004631677410917725,0,0,2397.37
2026-09-03 04:36:58,okx,ETH,ETH-USD-260906-2410-C,2026-09-06,2410,call,0.0114899139158855,0.011,0.012,0.36978942804721493,0.4407479057807289,10.663355632363874,0.00036738825907429664,-0.0021621192513995007,559,559,2397.37
2026-09-03 04:36:58,okx,ETH,ETH-USD-260925-6500-C,2026-09-25,6500,call,0.0000057957940004,,0.0001,1.0489494462438382,0.0000934691093913108,0.0013346967014629537,0.0000009682119447968632,-0.000002293489298233827,6687,0,2397.37
2026-09-03 04:36:58,okx,ETH,ETH-USD-260903-2325-P,2026-09-03,2325,put,0.0000089880815187,,0.0001,0.5694092144478209,-0.0026931339115549586,0.7447005799924582,0.0000016268361288846546,-0.00004631677410917725,6991,7823,2397.37
2026-09-03 04:36:58,okx,ETH,ETH-USD-260906-2410-P,2026-09-06,2410,put,0.0161964637099143,0.0155,0.0165,0.36978942804721493,-0.5638337559565633,12.67251895583846,0.00036738825907429664,-0.002161925659437628,0,0,2397.37
2026-09-03 04:36:58,okx,ETH,ETH-USD-260925-6000-P,2026-09-25,6000,put,1.4958200230798933,1.49,1.502,1.021249689101575,-2.495606764498663,4.9945578018530465,0.000002071758135632162,-0.000004777962249006805,0,0,2397.37
2026-09-03 04:36:58,okx,ETH,ETH-USD-260925-9000-C,2026-09-25,9000,call,0.0000000761928348,,0.0001,1.1140547034206998,0.0000014016506398036783,0.000023435579555027428,0.000000017731980109639276,-0.00000004461033409244691,2072,0,2397.37
2026-09-03 04:36:58,okx,ETH,ETH-USD-260925-8000-P,2026-09-25,8000,put,2.327742723381947,2.3195,2.336,1.0973613103965407,-3.327748524916014,6.655631676783657,0.000000089616312170859,-0.00000022207948218188398,0,0,2397.37
2026-09-03 04:36:58,okx,ETH,ETH-USD-260925-8000-C,2026-09-25,8000,call,0.0000004362350961,,0.0001,1.0973613103965407,0.000007604624329333195,0.00011941770297103236,0.000000089616312170859,-0.00000022207948218188398,1605,0,2397.37
2026-09-03 04:36:58,okx,ETH,ETH-USD-260925-7000-P,2026-09-25,7000,put,1.9117769748594995,1.9045,1.919,1.0696557977349461,-2.911745740069646,5.82417500451477,0.0000004435100526117872,-0.000001071320070521692,1,0,2397.37
2026-09-03 04:36:58,okx,ETH,ETH-USD-260925-11000-C,2026-09-25,11000,call,0.0000000024716213,,0.0001,1.1315343996214464,0.000000050143020923916316,0.0000009369625888208433,0.0000000007119607360414243,-0.000000001819263174147996,566,0,2397.37
2026-09-03 04:36:58,okx,ETH,ETH-USD-260925-10000-P,2026-09-25,10000,put,3.15967787245212,3.1485,3.173,1.1245975967016646,-4.1596949002560315,8.319394961002278,0.000000003520412234188016,-0.000000008940512123180407,0,0,2397.37
2026-09-03 04:36:58,okx,ETH,ETH-USD-260925-10000-C,2026-09-25,10000,call,0.000000013518557,,0.0001,1.1245975967016646,0.0000002616693973908097,0.000004637151418112022,0.000000003520412234188016,-0.000000008940512123180407,545,0,2397.37
2026-09-03 04:36:58,okx,ETH,ETH-USD-260925-9000-P,2026-09-25,9000,put,2.7437101492330425,2.734,2.7555,1.1140547034206998,-3.743724244082246,7.487474727045328,0.000000017731980109639276,-0.00000004461033409244691,0,0,2397.37
2026-09-03 04:36:58,okx,ETH,ETH-USD-260925-11000-P,2026-09-25,11000,put,3.5756456472985407,3.563,3.591,1.1315343996214464,-4.575664627974951,9.151330293198534,0.0000000007119607360414243,-0.000000001819263174147996,0,0,2397.37
2026-09-03 04:36:58,okx,ETH,ETH-USD-260903-2480-P,2026-09-03,2480,put,0.0340263108279428,0.033,0.0355,0.6935540037628235,-1.0268059556948876,3.5240707278868877,0.000003941153526355539,-0.00013667014038239273,670,0,2397.37
2026-09-03 04:36:58,okx,ETH,ETH-USD-260904-2575-C,2026-09-04,2575,call,0.0001381667113652,0.0001,0.0002,0.5656890836970093,0.01254737139687758,1.0110942353802022,0.000018324402003633818,-0.0004542200189515918,2960,471,2397.37
2026-09-03 04:36:58,okx,ETH,ETH-USD-260903-2480-C,2026-09-03,2480,call,0.0000321366656886,,0.0001,0.6935540037628235,0.0071968406679109665,1.4560651351612903,0.000003941153526355539,-0.00013667014038239273,5914,4882,2397.37
2026-09-03 04:36:58,okx,ETH,ETH-USD-260905-2410-C,2026-09-05,2410,call,0.0101819517449299,0.01,0.0105,0.4083080199454372,0.43306248702026934,11.760802693460077,0.00030242675212067933,-0.0028832854202438018,708,605,2397.37
2026-09-03 04:36:58,okx,ETH,ETH-USD-260905-2410-P,2026-09-05,2410,put,0.0151396190109014,0.015,0.0155,0.4083080199454372,-0.5718113858828119,13.77055043926624,0.00030242675212067933,-0.0028830815082929004,0,0,2397.37
2026-09-03 04:36:58,okx,ETH,ETH-USD-260904-2575-P,2026-09-04,2575,put,0.0739396759494851,0.072,0.0755,0.5656890836970093,-1.06121172376132,3.158612425696597,0.000018324402003633818,-0.0004511868962425659,0,0,2397.37
2026-09-03 04:36:58,okx,ETH,ETH-USD-260904-2475-C,2026-09-04,2475,call,0.0008323732568595,0.0009,0.001,0.4027253109743854,0.08108552287485371,6.559198899395375,0.00008462131492768945,-0.0014932854698015017,4580,2017,2397.37
2026-09-03 04:36:58,okx,ETH,ETH-USD-260904-2475-P,2026-09-04,2475,put,0.0329346738913435,0.0305,0.0345,0.4027253109743854,-0.950974189947103,8.623318325039289,0.00008462131492768945,-0.001491966020322034,1760,0,2397.37
2026-09-03 04:36:58,okx,ETH,ETH-USD-260904-2425-C,2026-09-04,2425,call,0.0037032778241133,0.0037,0.0039,0.3620085920349591,0.2898655615376451,16.42814999982243,0.00019247845958688943,-0.003053117094803713,3541,2093,2397.37
2026-09-03 04:36:58,okx,ETH,ETH-USD-260904-2425-P,2026-09-04,2425,put,0.0149559741567793,0.0145,0.0155,0.3620085920349591,-0.7213444601161911,18.450570043130103,0.00019247845958688943,-0.0030526544819390244,3590,128,2397.37
2026-09-03 04:36:58,okx,ETH,ETH-USD-260904-2375-C,2026-09-04,2375,call,0.0138769637491403,0.0135,0.0145,0.3694571285237017,0.6694027889661465,15.89644133386181,0.0001990648606903889,-0.003222151095605748,1591,3351,2397.37
2026-09-03 04:36:58,okx,ETH,ETH-USD-260904-2375-P,2026-09-04,2375,put,0.0042800557799884,0.0041,0.0042,0.3694571285237017,-0.3209575415195695,17.87716199483324,0.0001990648606903889,-0.0032225453193558385,2785,852,2397.37
2026-09-03 04:36:58,okx,ETH,ETH-USD-260904-2325-C,2026-09-04,2325,call,0.0315568596471426,0.03,0.0335,0.4300440098698981,0.8712321097399427,5.404371878841217,0.00009608149885297774,-0.0018092793095470935,260,260,2397.37
2026-09-03 04:36:58,okx,ETH,ETH-USD-260904-2325-P,2026-09-04,2325,put,0.0011103473761728,0.001,0.0011,0.4300440098698981,-0.09827852957765296,7.343393157476408,0.00009608149885297774,-0.001810530369911963,4306,1835,2397.37
2026-09-03 04:36:58,okx,ETH,ETH-USD-260904-2525-C,2026-09-04,2525,call,0.0002751885313907,0.0003,0.0004,0.4767282948579339,0.02698377634451363,2.303174955317223,0.00003512932566051978,-0.0007338345258106851,2667,3046,2397.37
2026-09-03 04:36:58,okx,ETH,ETH-USD-260904-2525-P,2026-09-04,2525,put,0.0532270934676927,0.0515,0.055,0.4767282948579339,-1.0259256276455635,4.408993763297377,0.00003512932566051978,-0.0007316582397164383,798,0,2397.37
2026-09-03 04:36:58,okx,ETH,ETH-USD-260905-2390-C,2026-09-05,2390,call,0.0143043443006823,0.014,0.0145,0.4112049653563813,0.5346655353416776,11.50114034573441,0.0003032106960893406,-0.0029111040145085956,10483,16685,2397.37
2026-09-03 04:36:58,okx,ETH,ETH-USD-260905-2390-P,2026-09-05,2390,put,0.0109228440442278,0.0105,0.011,0.4112049653563813,-0.4618691352966478,13.49420968701106,0.0003032106960893406,-0.0029112428094966547,1226,1339,2397.37
2026-09-03 04:36:58,okx,ETH,ETH-USD-270625-800-P,2027-06-25,800,put,0.006933468455924,0.007,0.0085,0.7444700768106993,-0.028656311814285865,0.13487879048767398,0.00046693489933140087,-0.000058890326011527026,1402,0,2397.37
2026-09-03 04:36:58,okx,ETH,ETH-USD-270625-800-C,2027-06-25,800,call,0.6831904036890217,0.6675,0.6985,0.7444700768106993,0.2950880630775681,-0.5126099592960339,0.00046693489933140087,-0.000058890326011527026,0,0,2397.37
2026-09-03 04:36:58,okx,ETH,ETH-USD-270625-900-P,2027-06-25,900,put,0.0090447519418659,0.009,0.01,0.7107673027861356,-0.03777142920167429,0.17823538247865434,0.0005902051947712484,-0.00007106746851661532,571,0,2397.37
2026-09-03 04:36:58,okx,ETH,ETH-USD-270625-900-C,2027-06-25,900,call,0.6448338040791008,0.6285,0.6615,0.7107673027861356,0.3264409925516614,-0.5501894610280171,0.0005902051947712484,-0.00007106746851661532,40,0,2397.37
2026-09-03 04:36:58,okx,ETH,ETH-USD-270625-600-P,2027-06-25,600,put,0.0040378117448755,0.003,0.007,0.8354591583586011,-0.01595579359386695,0.07323983319467277,0.00027919584861589304,-0.00003951614385868224,234,0,2397.37
2026-09-03 04:36:58,okx,ETH,ETH-USD-270625-600-C,2027-06-25,600,call,0.7612305131696988,0.746,0.7745,0.8354591583586011,0.22685248757502352,-0.41237672914310813,0.00027919584861589304,-0.00003951614385868224,0,0,2397.37
2026-09-03 04:36:58,okx,ETH,ETH-USD-270625-700-P,2027-06-25,700,put,0.0052990401584621,0.001,0.0095,0.7853416103718134,-0.021509373271893232,0.10033683549626468,0.0003639880025511961,-0.0000484268315238173,231,0,2397.37
2026-09-03 04:36:58,okx,ETH,ETH-USD-270625-700-C,2027-06-25,700,call,0.7220238584874226,0.7065,0.7365,0.7853416103718134,0.261766954758479,-0.4662158205644798,0.0003639880025511961,-0.0000484268315238173,0,0,2397.37
2026-09-03 04:36:58,okx,ETH,ETH-USD-270625-1200-P,2027-06-25,1200,put,0.0194776976549723,0.0195,0.02,0.6396905831058928,-0.08085011290839365,0.3724844957915933,0.0010902972428315125,-0.00011815585537709151,2522,0,2397.37
2026-09-03 04:36:58,okx,ETH,ETH-USD-270625-1200-C,2027-06-25,1200,call,0.5338631005046188,0.515,0.555,0.6396905831058928,0.4047664494293873,-0.5987486288839685,0.0010902972428315125,-0.00011815585537709151,440,0,2397.37
2026-09-03 04:36:58,okx,ETH,ETH-USD-270625-1300-P,2027-06-25,1300,put,0.02478328127408,0.0245,0.0255,0.62317849691384,-0.10166466206302391,0.46074654404688314,0.0012971398848303493,-0.00013694294080002432,3500,0,2397.37
2026-09-03 04:36:58,okx,ETH,ETH-USD-270625-1300-C,2027-06-25,1300,call,0.4987008010278637,0.4785,0.521,0.62317849691384,0.4244199471362388,-0.5914226743516424,0.0012971398848303493,-0.00013694294080002432,20,0,2397.37
2026-09-03 04:36:58,okx,ETH,ETH-USD-270625-1000-P,2027-06-25,1000,put,0.0117506901689002,0.012,0.0125,0.6827528657198215,-0.04924941308451695,0.23166581990469967,0.0007351854198920456,-0.00008503560276275667,1929,0,2397.37
2026-09-03 04:36:58,okx,ETH,ETH-USD-270625-1000-C,2027-06-25,1000,call,0.6070718592102723,0.59,0.6255,0.6827528657198215,0.3554310555303006,-0.5776951173249354,0.0007351854198920456,-0.00008503560276275667,6,0,2397.37
2026-09-03 04:36:58,okx,ETH,ETH-USD-270625-1100-P,2027-06-25,1100,put,0.0151817157009791,0.0155,0.016,0.659335835362795,-0.06348529159877479,0.29619369863129213,0.0009022006281767614,-0.0001007743911535786,12382,0,2397.37
2026-09-03 04:36:58,okx,ETH,ETH-USD-270625-1100-C,2027-06-25,1100,call,0.5700350016464883,0.552,0.5895,0.659335835362795,0.3816632238775244,-0.5941033323213063,0.0009022006281767614,-0.0001007743911535786,0,0,2397.37
2026-09-03 04:36:58,okx,ETH,ETH-USD-270625-1600-P,2027-06-25,1600,put,0.0481526918320353,0.0475,0.049,0.5878899172554634,-0.18677653959860097,0.7917636637232907,0.0019880522315544776,-0.00019799953909956599,12209,0,2397.37
2026-09-03 04:36:58,okx,ETH,ETH-USD-270625-1600-C,2027-06-25,1600,call,0.4006665622982307,0.3755,0.4275,0.5878899172554634,0.460712210185107,-0.5032138358441253,0.0019880522315544776,-0.00019799953909956599,330,0,2397.37
2026-09-03 04:36:58,okx,ETH,ETH-USD-270625-1700-P,2027-06-25,1700,put,0.0588322527459814,0.058,0.0595,0.5797716726400307,-0.22284456663201258,0.9199778567395419,0.0022234970089607523,-0.0002183905886607657,10358,0,2397.37
2026-09-03 04:36:58,okx,ETH,ETH-USD-270625-1700-C,2027-06-25,1700,call,0.3708782401163139,0.3445,0.399,0.5797716726400307,0.4651122300131772,-0.4559357365508374,0.0022234970089607523,-0.0002183905886607657,1274,0,2397.37
2026-09-03 04:36:58,okx,ETH,ETH-USD-270625-1400-P,2027-06-25,1400,put,0.0312421661353989,0.031,0.032,0.6092965603234015,-0.12617465527444613,0.5606739612398741,0.0015190558196418664,-0.0001567988367644203,1455,0,2397.37
2026-09-03 04:36:58,okx,ETH,ETH-USD-270625-1400-C,2027-06-25,1400,call,0.4646918027933197,0.443,0.4885,0.6092965603234015,0.44037800078629835,-0.5724313508816148,0.0015190558196418664,-0.0001567988367644203,40,0,2397.37
2026-09-03 04:36:58,okx,ETH,ETH-USD-270625-1500-P,2027-06-25,1500,put,0.0389908810927978,0.0385,0.04,0.5976424118347528,-0.15453081812100217,0.6714430229614569,0.0017512334764986975,-0.00017730698197052007,1789,0,2397.37
2026-09-03 04:36:58,okx,ETH,ETH-USD-270625-1500-C,2027-06-25,1500,call,0.4319726346548559,0.4085,0.457,0.5976424118347528,0.45248988480122404,-0.5425983828829954,0.0017512334764986975,-0.00017730698197052007,65,0,2397.37
2026-09-03 04:36:58,okx,ETH,ETH-USD-270625-2000-P,2027-06-25,2000,put,0.1006693319303465,0.0995,0.102,0.5631825044681055,-0.35182381472858737,1.33266577341344,0.0028645017103279937,-0.0002732993620218995,1475,3,2397.37
2026-09-03 04:36:58,okx,ETH,ETH-USD-270625-2000-C,2027-06-25,2000,call,0.2913116700130906,0.2875,0.2935,0.5631825044681055,0.4575371225010476,-0.2860561010458299,0.0028645017103279937,-0.0002732993620218995,3687,0,2397.37
2026-09-03 04:36:58,okx,ETH,ETH-USD-270625-2100-P,2027-06-25,2100,put,0.1179831050263714,0.117,0.1195,0.5597161336306313,-0.40064553166111566,1.473169661281593,0.003040852754628206,-0.0002883391366690203,341,0,2397.37
2026-09-03 04:36:58,okx,ETH,ETH-USD-270625-2100-C,2027-06-25,2100,call,0.2681575600132527,0.2645,0.2705,0.5597161336306313,0.4491834524300011,-0.22648830690064053,0.003040852754628206,-0.0002883391366690203,1109,0,2397.37
2026-09-03 04:36:58,okx,ETH,ETH-USD-270625-1800-P,2027-06-25,1800,put,0.0711114945751711,0.07,0.072,0.5730662064838861,-0.26256277056251637,1.0541891098016658,0.0024515988805315757,-0.00023800966365243587,3762,40,2397.37
2026-09-03 04:36:58,okx,ETH,ETH-USD-270625-1800-C,2027-06-25,1800,call,0.3426895988496408,0.338,0.344,0.5730662064838861,0.46586207294415516,-0.40266057721167725,0.0024515988805315757,-0.00023800966365243587,2354,0,2397.37
2026-09-03 04:36:58,okx,ETH,ETH-USD-270625-1900-P,2027-06-25,1900,put,0.0850470528763108,0.084,0.086,0.5675884466903853,-0.3056677124673931,1.19240379923756,0.002666843582515325,-0.00025643155616760795,2663,21,2397.37
2026-09-03 04:36:58,okx,ETH,ETH-USD-270625-1900-C,2027-06-25,1900,call,0.3161572740549177,0.312,0.318,0.5675884466903853,0.4632251779007601,-0.34538198149874644,0.002666843582515325,-0.00025643155616760795,1178,0,2397.37
2026-09-03 04:36:58,okx,ETH,ETH-USD-270625-2600-P,2027-06-25,2600,put,0.2286030896123586,0.2255,0.232,0.553031001003442,-0.6704127994164777,2.134493425798893,0.0035491553637970177,-0.0003325177745314304,3582,0,2397.37
2026-09-03 04:36:58,okx,ETH,ETH-USD-270625-2600-C,2027-06-25,2600,call,0.176438129119926,0.175,0.1795,0.553031001003442,0.3817564189820477,0.030154989001842165,0.0035491553637970177,-0.0003325177745314304,3083,18,2397.37
2026-09-03 04:36:58,okx,ETH,ETH-USD-270625-2800-P,2027-06-25,2800,put,0.2827614090666979,0.2775,0.2865,0.5539850141678324,-0.7834706585759308,2.3677762143654846,0.0035873831575226884,-0.00033667910100107924,1394,0,2397.37
2026-09-03 04:36:58,okx,ETH,ETH-USD-270625-2800-C,2027-06-25,2800,call,0.1496606823825397,0.148,0.152,0.5539850141678324,0.3496346535455581,0.10156559012250727,0.0035873831575226884,-0.00033667910100107924,809,0,2397.37
2026-09-03 04:36:58,okx,ETH,ETH-USD-270625-2200-P,2027-06-25,2200,put,0.1369694047939906,0.136,0.139,0.5570764217715971,-0.4517199814525141,1.6123440686308559,0.0031932948995102507,-0.00030136595010395726,443,0,2397.37
2026-09-03 04:36:58,okx,ETH,ETH-USD-270625-2200-C,2027-06-25,2200,call,0.2466759766850092,0.2435,0.2495,0.5570764217715971,0.4385770495000843,-0.1682499932743409,0.0031932948995102507,-0.00030136595010395726,1366,0,2397.37
2026-09-03 04:36:58,okx,ETH,ETH-USD-270625-2400-P,2027-06-25,2400,put,0.179782691352675,0.1785,0.1825,0.5539023530475243,-0.5589616769107886,1.8818588014771538,0.003421579464761675,-0.00032107036227394594,1923,23,2397.37
2026-09-03 04:36:58,okx,ETH,ETH-USD-270625-2400-C,2027-06-25,2400,call,0.2085534970519678,0.206,0.212,0.5539023530475243,0.4122714477647734,-0.06060744787397051,0.003421579464761675,-0.00032107036227394594,2561,0,2397.37
2026-09-03 04:36:58,okx,ETH,ETH-USD-270625-3500-P,2027-06-25,3500,put,0.5022219098638363,0.4635,0.5345,0.5614715231258512,-1.1711798699948686,3.060552351792796,0.003260659325137035,-0.00031015125128631407,0,0,2397.37
2026-09-03 04:36:58,okx,ETH,ETH-USD-260925-1500-C,2026-09-25,1500,call,0.3767036876984437,0.375,0.378,0.8440552681706541,0.614473848470287,-1.1140192155589421,0.00005884424090661914,-0.00011216221401488176,311,0,2397.37
2026-09-03 04:36:58,okx,ETH,ETH-USD-270625-3500-C,2027-06-25,3500,call,0.0858460015086385,0.084,0.0865,0.5614715231258512,0.24520177015699268,0.22778907148907362,0.003260659325137035,-0.00031015125128631407,12402,0,2397.37
2026-09-03 04:36:58,okx,ETH,ETH-USD-260925-1500-P,2026-09-25,1500,put,0.0006553665384782,0.0005,0.0007,0.8440552681706541,-0.009480425818527299,0.13388933301868672,0.00005884424090661914,-0.00011216221401488176,25598,0,2397.37
2026-09-03 04:36:58,okx,ETH,ETH-USD-270625-4000-P,2027-06-25,4000,put,0.6777704036773556,0.641,0.709,0.5679431342805337,-1.4319620838590346,3.4805685322927133,0.0028318899944002906,-0.0002724718309455171,0,0,2397.37
2026-09-03 04:36:58,okx,ETH,ETH-USD-270625-4000-C,2027-06-25,4000,call,0.0590550798428439,0.058,0.059,0.5679431342805337,0.18675979060023523,0.2431247833741733,0.0028318899944002906,-0.0002724718309455171,5059,1655,2397.37
2026-09-03 04:36:58,okx,ETH,ETH-USD-260925-1700-C,2026-09-25,1700,call,0.2942441835243639,0.2925,0.296,0.7169486748706565,0.6856087588225159,-1.095274941922034,0.0001200085509782252,-0.00019429963380935338,7070,0,2397.37
2026-09-03 04:36:58,okx,ETH,ETH-USD-270625-3000-P,2027-06-25,3000,put,0.3413333213701931,0.335,0.3445,0.5558506806017879,-0.896264340242332,2.5830998567969075,0.0035533327304772344,-0.0003346065169859795,2001,0,2397.37
2026-09-03 04:36:58,okx,ETH,ETH-USD-260925-1700-P,2026-09-25,1700,put,0.0013894195430698,0.0012,0.0013,0.7169486748706565,-0.021539418704806985,0.3190214131326117,0.0001200085509782252,-0.00019429963380935338,19778,0,2397.37
2026-09-03 04:36:58,okx,ETH,ETH-USD-270625-3000-C,2027-06-25,3000,call,0.1272968284943094,0.1255,0.1285,0.5558506806017879,0.3177770656021203,0.1550170451080025,0.0035533327304772344,-0.0003346065169859795,2328,10,2397.37
2026-09-03 04:36:58,okx,ETH,ETH-USD-270625-3200-P,2027-06-25,3200,put,0.4034847214918913,0.396,0.4065,0.557960606684331,-1.0077282480132888,2.7832869483073646,0.003464221306286487,-0.00032745342967228214,3166,60,2397.37
2026-09-03 04:36:58,okx,ETH,ETH-USD-270625-3200-C,2027-06-25,3200,call,0.1085124624242818,0.1065,0.1085,0.557960606684331,0.2872492515541274,0.19333194917253232,0.003464221306286487,-0.00032745342967228214,2433,0,2397.37
2026-09-03 04:36:58,okx,ETH,ETH-USD-270625-5500-P,2027-06-25,5500,put,1.2477982175840414,1.2145,1.277,0.589172880564758,-2.1412921749328055,4.629372992534626,0.0016521305898141959,-0.00016490259796933464,40,0,2397.37
2026-09-03 04:36:58,okx,ETH,ETH-USD-270625-5500-C,2027-06-25,5500,call,0.0220646473115877,0.022,0.0235,0.589172880564758,0.08445040244869023,0.17788783777163372,0.0016521305898141959,-0.00016490259796933464,4004,10,2397.37
2026-09-03 04:36:58,okx,ETH,ETH-USD-270625-4500-P,2027-06-25,4500,put,0.8626141153620082,0.8275,0.8925,0.574861050044983,-1.6788568742405379,3.871939944064305,0.002390307855475433,-0.0002327861296997555,0,0,2397.37
2026-09-03 04:36:58,okx,ETH,ETH-USD-270625-4500-C,2027-06-25,4500,call,0.0415593760481825,0.041,0.042,0.574861050044983,0.1422052345261408,0.22981572653094826,0.002390307855475433,-0.0002327861296997555,4424,3098,2397.37
2026-09-03 04:36:58,okx,ETH,ETH-USD-270625-5000-P,2027-06-25,5000,put,1.0533329471485737,1.0195,1.0825,0.5819862258505963,-1.914388240879137,4.251912620960489,0.0019912673990767934,-0.0001963281918821796,0,0,2397.37
2026-09-03 04:36:58,okx,ETH,ETH-USD-270625-5000-C,2027-06-25,5000,call,0.0299387923554342,0.03,0.031,0.5819862258505963,0.10901410219495045,0.20510793481231507,0.0019912673990767934,-0.0001963281918821796,2170,0,2397.37
2026-09-03 04:36:58,okx,ETH,ETH-USD-260904-2440-C,2026-09-04,2440,call,0.0023353849014347,0.0024,0.0026,0.36970526422808125,0.20105544705130238,13.278362258935903,0.0001581138075228789,-0.0025613755138697795,3112,4877,2397.37
2026-09-03 04:36:58,okx,ETH,ETH-USD-260904-2440-P,2026-09-04,2440,put,0.0198429625246462,0.018,0.0205,0.36970526422808125,-0.8164094819529701,15.313292116944448,0.0001581138075228789,-0.002560655850020657,2003,1862,2397.37
2026-09-03 04:36:58,okx,ETH,ETH-USD-260905-2430-C,2026-09-05,2430,call,0.0070468577766742,0.007,0.0075,0.409539094367684,0.3354369658071812,11.04253818885886,0.00028139306607550326,-0.0026909433900189563,1940,2482,2397.37
2026-09-03 04:36:58,okx,ETH,ETH-USD-260905-2430-P,2026-09-05,2430,put,0.0203436925650719,0.02,0.021,0.409539094367684,-0.6777761093606559,13.068964339194535,0.00028139306607550326,-0.002690396771129095,880,880,2397.37
2026-09-03 04:36:58,okx,ETH,ETH-USD-260904-3100-C,2026-09-04,3100,call,0.0000000190185953,,0.0001,0.9842227150720629,0.000001736532338190621,0.00015085144464283088,0.0000000047483348008319085,-0.00000020478453186184817,3415,0,2397.37
2026-09-03 04:36:58,okx,ETH,ETH-USD-260904-3100-P,2026-09-04,3100,put,0.292722373425803,0.2905,0.2945,0.9842227150720629,-1.2926791158911228,2.585512556291565,0.0000000047483348008319085,0.000011825122632344064,0,0,2397.37
2026-09-03 04:36:58,okx,ETH,ETH-USD-260904-3000-C,2026-09-04,3000,call,0.0000002235144085,,0.0001,0.966165902296211,0.00001879239491798483,0.0014899078635111506,0.000000046136418815108035,-0.0000019532491103646094,5643,0,2397.37
2026-09-03 04:36:58,okx,ETH,ETH-USD-260904-3000-P,2026-09-04,3000,put,0.2510233693179808,0.2485,0.2525,0.966165902296211,-1.2509626776923022,2.5034528480379517,0.000000046136418815108035,0.000008362984824283218,0,0,2397.37
2026-09-03 04:36:58,okx,ETH,ETH-USD-260904-2650-C,2026-09-04,2650,call,0.0000657981601255,,0.0001,0.695396666094511,0.0053122084600394975,0.38618786728296367,0.000008626423132134914,-0.0002628590805338997,13109,4408,2397.37
2026-09-03 04:36:58,okx,ETH,ETH-USD-260904-2650-P,2026-09-04,2650,put,0.1051417138509723,0.103,0.1065,0.695396666094511,-1.0997214234503383,2.5962551311037196,0.000008626423132134914,-0.00025854070290270514,286,60,2397.37
2026-09-03 04:36:58,okx,ETH,ETH-USD-260904-2380-C,2026-09-04,2380,call,0.0124394391858762,0.012,0.013,0.36624147784468497,0.6349208490479824,16.86622138269109,0.00020764600970798918,-0.0033318741807682258,444,644,2397.37
2026-09-03 04:36:58,okx,ETH,ETH-USD-260904-2380-P,2026-09-04,2380,put,0.004927491646906,0.0048,0.0049,0.36624147784468497,-0.3575244505545456,18.851111981896146,0.00020764600970798918,-0.0033321827208568386,494,714,2397.37
2026-09-03 04:36:58,okx,ETH,ETH-USD-261225-1700-C,2026-12-25,1700,call,0.3154460901829748,0.312,0.317,0.5737943626826181,0.5814693704128567,-0.6018296774529159,0.0009980008559130732,-0.0002526979589063531,4912,0,2397.37
2026-09-03 04:36:58,okx,ETH,ETH-USD-261225-1700-P,2026-12-25,1700,put,0.0180357717609575,0.018,0.0185,0.5737943626826181,-0.12099055350847635,0.8030901703897503,0.0009980008559130732,-0.0002530466996529432,16785,300,2397.37
2026-09-03 04:36:58,okx,ETH,ETH-USD-260906-2150-C,2026-09-06,2150,call,0.104185179883868,0.1025,0.106,0.6049007021870318,0.8717668388522498,-0.7398335672679873,0.000052248099025028444,-0.0004988127385892217,0,0,2397.37
2026-09-03 04:36:58,okx,ETH,ETH-USD-260906-2150-P,2026-09-06,2150,put,0.0005140764982302,0.0004,0.0005,0.6049007021870318,-0.024436718299276662,1.0525735470350654,0.000052248099025028444,-0.0005030730412918139,300,500,2397.37
2026-09-03 04:36:58,okx,ETH,ETH-USD-260906-2325-C,2026-09-06,2325,call,0.0347853492519072,0.034,0.0355,0.39919979291697444,0.7705488311310269,5.89291729755195,0.0002553854621246593,-0.0016214310649868048,2,4,2397.37
2026-09-03 04:36:58,okx,ETH,ETH-USD-260906-2325-P,2026-09-06,2325,put,0.0040607431987374,0.004,0.0041,0.39919979291697444,-0.198601527183996,7.831218014181996,0.0002553854621246593,-0.00162269355397293,1759,2294,2397.37
2026-09-03 04:36:58,okx,ETH,ETH-USD-260906-2300-C,2026-09-06,2300,call,0.0438550156272611,0.0425,0.045,0.41896545323134426,0.8204832587727016,3.960345010133752,0.00020195303043583015,-0.0013450604723762851,0,0,2397.37
2026-09-03 04:36:58,okx,ETH,ETH-USD-260906-2300-P,2026-09-06,2300,put,0.0027094813837386,0.0026,0.0027,0.41896545323134426,-0.13824612794753616,5.877803783574227,0.00020195303043583015,-0.0013467512204647627,770,770,2397.37
2026-09-03 04:36:58,okx,ETH,ETH-USD-260906-2250-C,2026-09-06,2250,call,0.0633302956959371,0.0615,0.0655,0.4710010312714443,0.8679826415033801,1.288163094397514,0.00012257573745636573,-0.000916409310159746,0,0,2397.37
2026-09-03 04:36:58,okx,ETH,ETH-USD-260906-2250-P,2026-09-06,2250,put,0.0013429050717096,0.0013,0.0014,0.4710010312714443,-0.0699048020272871,3.163937981458848,0.00012257573745636573,-0.0009189565764529283,821,899,2397.37
2026-09-03 04:36:58,okx,ETH,ETH-USD-260906-2200-C,2026-09-06,2200,call,0.0836129929829158,0.082,0.0855,0.5350713293724877,0.877640640687953,-0.06809304182366195,0.00007768866411774412,-0.000658268424332506,0,0,2397.37
2026-09-03 04:36:58,okx,ETH,ETH-USD-260906-2200-P,2026-09-06,2200,put,0.0007837459779832,0.0007,0.0008,0.5350713293724877,-0.03940485965314366,1.7659979588585317,0.00007768866411774412,-0.0006616722088303933,4237,4247,2397.37
2026-09-03 04:36:58,okx,ETH,ETH-USD-260906-2425-C,2026-09-06,2425,call,0.0089938487825653,0.0085,0.0095,0.3705525038605918,0.37302691312391123,10.347303934287186,0.0003537489868237445,-0.002086232634485517,264,267,2397.37
2026-09-03 04:36:58,okx,ETH,ETH-USD-260911-1900-P,2026-09-11,1900,put,0.0003930918917835,0.0004,0.0005,0.6954255071629437,-0.011118020198313462,0.2949954580099868,0.00004230757187038569,-0.00018069622499933797,6881,300,2397.37
2026-09-03 04:36:58,okx,ETH,ETH-USD-260906-2425-P,2026-09-06,2425,put,0.0199529554908054,0.0195,0.0205,0.3705525038605918,-0.6378073315702523,12.368972423675512,0.0003537489868237445,-0.0020857820870622324,0,0,2397.37
2026-09-03 04:36:58,okx,ETH,ETH-USD-260911-1950-C,2026-09-11,1950,call,0.1879550884760877,0.1865,0.19,0.6621474379089375,0.7961053748641124,-1.190373732774329,0.000059346126039358506,-0.00023954531421375243,0,0,2397.37
2026-09-03 04:36:58,okx,ETH,ETH-USD-260906-2400-C,2026-09-06,2400,call,0.0134321781153771,0.013,0.014,0.370146000807249,0.4870539863900121,10.642767018002584,0.00037003670974544885,-0.002179729591226123,242,242,2397.37
2026-09-03 04:36:58,okx,ETH,ETH-USD-260906-2400-P,2026-09-06,2400,put,0.0139703566332649,0.0135,0.0145,0.370146000807249,-0.5133592867093663,12.64359356420134,0.00037003670974544885,-0.002179707302905191,691,936,2397.37
2026-09-03 04:36:58,okx,ETH,ETH-USD-260911-1900-C,2026-09-11,1900,call,0.208604060382906,0.2075,0.2105,0.6954255071629437,0.7805964050179615,-1.288433392422563,0.00004230757187038569,-0.00017870370614801265,0,0,2397.37
2026-09-03 04:36:58,okx,ETH,ETH-USD-260906-2375-C,2026-09-06,2375,call,0.0192920786653308,0.019,0.02,0.3745668937872426,0.5997325403717396,9.764838864643965,0.0003534214375315151,-0.0021064617282925374,210,210,2397.37
2026-09-03 04:36:58,okx,ETH,ETH-USD-260906-2375-P,2026-09-06,2375,put,0.009409328992866,0.009,0.0095,0.3745668937872426,-0.3902597611328534,11.74482346765315,0.0003534214375315151,-0.0021068676990739577,1658,7719,2397.37
2026-09-03 04:36:58,okx,ETH,ETH-USD-260906-2350-C,2026-09-06,2350,call,0.0264950363051584,0.026,0.0275,0.3842950751973718,0.6968830839211645,7.990337139622026,0.0003103416268373544,-0.0018973629861720812,0,0,2397.37
2026-09-03 04:36:58,okx,ETH,ETH-USD-260906-2350-P,2026-09-06,2350,put,0.006191358442341,0.006,0.0065,0.3842950751973718,-0.2826882459886436,9.949479799441644,0.0003103416268373544,-0.0018981972160558537,2608,7056,2397.37
2026-09-03 04:36:58,okx,ETH,ETH-USD-260906-2525-C,2026-09-06,2525,call,0.0016307126902577,0.0016,0.0017,0.41209304050760037,0.09124179772517457,4.165351322916412,0.00015418806546783356,-0.0010113744290546941,1330,1470,2397.37
2026-09-03 04:36:58,okx,ETH,ETH-USD-260911-2100-P,2026-09-11,2100,put,0.0018386705180651,0.0017,0.0018,0.5600060703427325,-0.05267448078907831,1.3548909888689322,0.00015607427744379106,-0.0005367835959229879,6164,325,2397.37
2026-09-03 04:36:58,okx,ETH,ETH-USD-260906-2525-P,2026-09-06,2525,put,0.0542735321599082,0.052,0.056,0.41209304050760037,-0.9612763333481297,6.2703875850630215,0.00015418806546783356,-0.001009210845222,0,0,2397.37
2026-09-03 04:36:58,okx,ETH,ETH-USD-260911-2150-C,2026-09-11,2150,call,0.1068252778275089,0.1055,0.108,0.5285087748835564,0.8169416018070422,0.18056828402840272,0.00021388744564604392,-0.0006932453348321521,22,0,2397.37
2026-09-03 04:36:58,okx,ETH,ETH-USD-260906-2500-C,2026-09-06,2500,call,0.0024484564901126,0.0024,0.0025,0.3962409858626725,0.1316949921942707,5.617330096984075,0.00020052675989040047,-0.001264712722434698,1606,1684,2397.37
2026-09-03 04:36:58,okx,ETH,ETH-USD-260911-2050-P,2026-09-11,2050,put,0.0012381442007156,0.0011,0.0012,0.5934759173476616,-0.03552411489631048,0.9281945654290602,0.0001134607901612697,-0.00041354794292188283,4920,273,2397.37
2026-09-03 04:36:58,okx,ETH,ETH-USD-260906-2500-P,2026-09-06,2500,put,0.0446703477694107,0.043,0.046,0.3962409858626725,-0.9104021672842485,7.701524415941114,0.00020052675989040047,-0.0012629773977043564,0,0,2397.37
2026-09-03 04:36:58,okx,ETH,ETH-USD-260911-2100-C,2026-09-11,2100,call,0.1267116256759859,0.125,0.129,0.5600060703427325,0.8223783049762782,-0.3952145826617808,0.00015607427744379106,-0.0005355886137579282,0,0,2397.37
2026-09-03 04:36:58,okx,ETH,ETH-USD-260906-2475-C,2026-09-06,2475,call,0.0037712626934846,0.0037,0.0039,0.38383937342288255,0.19065324326661226,7.347395178453136,0.0002552927599158392,-0.0015596946258852437,156,156,2397.37
2026-09-03 04:36:58,okx,ETH,ETH-USD-260911-2000-P,2026-09-11,2000,put,0.0008450003822351,0.0008,0.0009,0.6278618065779351,-0.024150553931109854,0.6358972561472551,0.00008228690657353089,-0.00031730223958635037,23161,350,2397.37
2026-09-03 04:36:58,okx,ETH,ETH-USD-260906-2475-P,2026-09-06,2475,put,0.03557222578243,0.035,0.036,0.38383937342288255,-0.8410229446171216,9.410747554220604,0.0002552927599158392,-0.0015583875602572545,260,260,2397.37
2026-09-03 04:36:58,okx,ETH,ETH-USD-260911-2050-C,2026-09-11,2050,call,0.1469456026919368,0.1455,0.149,0.5934759173476616,0.8186940807317755,-0.7802418258271119,0.0001134607901612697,-0.0004121535765852567,0,0,2397.37
2026-09-03 04:36:58,okx,ETH,ETH-USD-260906-2450-C,2026-09-06,2450,call,0.0058558800966101,0.0055,0.006,0.3751888972632402,0.2715028831465801,9.08352128793441,0.00031081505531000336,-0.001856053239482861,469,472,2397.37
2026-09-03 04:36:58,okx,ETH,ETH-USD-260911-1950-P,2026-09-11,1950,put,0.0005786233182656,0.0006,0.0007,0.6621474379089375,-0.016443640489432847,0.4347242979327618,0.000059346126039358506,-0.00024133844889351135,3371,320,2397.37
2026-09-03 04:36:58,okx,ETH,ETH-USD-260906-2450-P,2026-09-06,2450,put,0.0272359149952029,0.0265,0.028,0.3751888972632402,-0.7497523331423686,11.126031720512309,0.00031081505531000336,-0.001855174432957224,0,0,2397.37
2026-09-03 04:36:58,okx,ETH,ETH-USD-260911-2000-C,2026-09-11,2000,call,0.1673869622067568,0.166,0.1695,0.6278618065779351,0.8092330515597058,-1.030869954834376,0.00008228690657353089,-0.0003157084890781578,70,0,2397.37
2026-09-03 04:36:58,okx,ETH,ETH-USD-260906-2700-C,2026-09-06,2700,call,0.000318925874507,0.0001,0.0003,0.5907827924808295,0.016197699899540282,0.7181101083635968,0.00003815611548391028,-0.0003588151989417559,0,0,2397.37
2026-09-03 04:36:58,okx,ETH,ETH-USD-260911-2300-P,2026-09-11,2300,put,0.010794629618831,0.0105,0.011,0.45531892024603915,-0.26609538997595056,5.257112338853083,0.0004798417482344709,-0.0013417440985233186,6038,2036,2397.37
2026-09-03 04:36:58,okx,ETH,ETH-USD-261030-1100-P,2026-10-30,1100,put,0.0007466836541728,0.0005,0.0008,0.8497429824768818,-0.006941743867589353,0.06590738576422348,0.0000692063353954302,-0.000051454330264682565,2496,0,2397.37
2026-09-03 04:36:58,okx,ETH,ETH-USD-260906-2700-P,2026-09-06,2700,put,0.1259082426766255,0.1235,0.1275,0.5907827924808295,-1.1092672323372603,2.969039972837198,0.00003815611548391028,-0.0003536538013925948,0,0,2397.37
2026-09-03 04:36:58,okx,ETH,ETH-USD-260911-2350-C,2026-09-11,2350,call,0.0376067201456133,0.037,0.038,0.440293097623244,0.5995332339056615,4.505140971789957,0.000560176542079094,-0.001514443285671473,3562,1652,2397.37
2026-09-03 04:36:58,okx,ETH,ETH-USD-261030-1100-C,2026-10-30,1100,call,0.5441268348555269,0.5425,0.546,0.8497429824768818,0.4493783993344233,-0.8467329006398018,0.0000692063353954302,-0.00004858586235588338,0,0,2397.37
2026-09-03 04:36:58,okx,ETH,ETH-USD-260906-2650-C,2026-09-06,2650,call,0.0004142002727544,0.0003,0.0004,0.5311380899395441,0.022469576492695504,1.0562371057060194,0.00005033229347307925,-0.0004255312882963876,9,9,2397.37
2026-09-03 04:36:58,okx,ETH,ETH-USD-260911-2250-P,2026-09-11,2250,put,0.0068107191384661,0.0065,0.007,0.4753709331265482,-0.1797381224022084,3.962867021949423,0.00038206012734479864,-0.0011153941549829876,6207,1511,2397.37
2026-09-03 04:36:58,okx,ETH,ETH-USD-261030-1200-P,2026-10-30,1200,put,0.0010628172759397,0.0009,0.0011,0.7990755845983892,-0.010114102322105526,0.09748743235327914,0.00009664816226795686,-0.00006757206038266643,6913,48,2397.37
2026-09-03 04:36:58,okx,ETH,ETH-USD-260906-2650-P,2026-09-06,2650,put,0.1051616606941678,0.103,0.107,0.5311380899395441,-1.0821534125545347,3.2654830838004796,0.00005033229347307925,-0.0004212264089519313,0,0,2397.37
2026-09-03 04:36:58,okx,ETH,ETH-USD-260911-2300-C,2026-09-11,2300,call,0.0523295714435503,0.0515,0.053,0.45531892024603915,0.6922957563384875,3.3403300462242056,0.0004798417482344709,-0.0013413466530445245,1246,2176,2397.37
2026-09-03 04:36:58,okx,ETH,ETH-USD-261030-1200-C,2026-10-30,1200,call,0.5029594912155358,0.501,0.505,0.7990755845983892,0.4876896902619083,-0.8981201528147484,0.00009664816226795686,-0.0000649225826807329,0,0,2397.37
2026-09-03 04:36:58,okx,ETH,ETH-USD-260906-2600-C,2026-09-06,2600,call,0.0006231581705361,0.0005,0.0007,0.47698050109402257,0.03537402107344721,1.7162004504588544,0.00007334915132372181,-0.0005568913229522086,1000,3718,2397.37
2026-09-03 04:36:58,okx,ETH,ETH-USD-260911-2200-P,2026-09-11,2200,put,0.0043191841456999,0.0041,0.0042,0.4999996822856406,-0.11924110210619931,2.836526815729051,0.00028973706937450043,-0.0008896988273041933,10865,40,2397.37
2026-09-03 04:36:58,okx,ETH,ETH-USD-260906-2600-P,2026-09-06,2600,put,0.0845287622112442,0.0825,0.086,0.47698050109402257,-1.0484070247842128,3.883762542174175,0.00007334915132372181,-0.0005534429618124572,0,0,2397.37
2026-09-03 04:36:58,okx,ETH,ETH-USD-260911-2250-C,2026-09-11,2250,call,0.0691801642964857,0.0685,0.07,0.4753709331265482,0.757818433774959,2.087753909595088,0.00038206012734479864,-0.001114797325332627,220,0,2397.37
2026-09-03 04:36:58,okx,ETH,ETH-USD-260906-2550-C,2026-09-06,2550,call,0.0011288749328617,0.0011,0.0012,0.43106676984652736,0.06443354344156445,3.063059573842053,0.0001184076829327082,-0.0008124456807416528,4900,8440,2397.37
2026-09-03 04:36:58,okx,ETH,ETH-USD-260911-2150-P,2026-09-11,2150,put,0.0027868260028884,0.0026,0.0027,0.5285087748835564,-0.07894577409558458,1.9723430358336569,0.00021388744564604392,-0.0006942409328256454,11159,60,2397.37
2026-09-03 04:36:58,okx,ETH,ETH-USD-260906-2550-P,2026-09-06,2550,put,0.0641926225928648,0.062,0.066,0.43106676984652736,-0.9985055592265252,5.188937779178232,0.0001184076829327082,-0.000809853837806606,0,0,2397.37
2026-09-03 04:36:58,okx,ETH,ETH-USD-260911-2200-C,2026-09-11,2200,call,0.08752313263702,0.086,0.0885,0.4999996822856406,0.797480863933698,1.0030828836492571,0.00028973706937450043,-0.0008889026134822663,192,0,2397.37
2026-09-03 04:36:58,okx,ETH,ETH-USD-260911-2500-P,2026-09-11,2500,put,0.052214871762095,0.0515,0.053,0.4304645608235564,-0.7795690062003435,6.726467746378064,0.0004961252246703013,-0.0013111507388669566,6571,1152,2397.37
2026-09-03 04:36:58,okx,ETH,ETH-USD-261030-1450-P,2026-10-30,1450,put,0.002452209711636,0.0023,0.0025,0.684380928617908,-0.024585277357372613,0.24397665227420193,0.00020871603790893284,-0.00012497711543927868,1894,0,2397.37
2026-09-03 04:36:58,okx,ETH,ETH-USD-260911-2550-C,2026-09-11,2550,call,0.0065226879131529,0.0065,0.007,0.4405991211197733,0.18005607398773718,3.717768802896469,0.0004007429583472546,-0.0010843611111521407,6227,1776,2397.37
2026-09-03 04:36:58,okx,ETH,ETH-USD-261030-1450-C,2026-10-30,1450,call,0.4006401904968372,0.3985,0.403,0.684380928617908,0.576927638681644,-0.9590491798038313,0.00020871603790893284,-0.0001228751132545093,0,0,2397.37
2026-09-03 04:36:58,okx,ETH,ETH-USD-260911-2450-P,2026-09-11,2450,put,0.0375248749805127,0.037,0.038,0.42684156971974224,-0.6530051254597461,7.299479927796248,0.0005706012927678769,-0.0014954936845630723,6465,1078,2397.37
2026-09-03 04:36:58,okx,ETH,ETH-USD-261030-1500-P,2026-10-30,1500,put,0.0029103848620631,0.0028,0.003,0.6642300999933278,-0.02937501186601473,0.2919749311094641,0.00024252072508328712,-0.00014094245402467923,8790,0,2397.37
2026-09-03 04:36:58,okx,ETH,ETH-USD-260911-2500-C,2026-09-11,2500,call,0.0104118002536128,0.0105,0.011,0.4304645608235564,0.2621605006631761,4.643008732651024,0.0004961252246703013,-0.0013115508300744281,4585,464,2397.37
2026-09-03 04:36:58,okx,ETH,ETH-USD-261030-1500-C,2026-10-30,1500,call,0.3803566270163854,0.378,0.3825,0.6642300999933278,0.5928797288640025,-0.9525345503505703,0.00024252072508328712,-0.0001389499469433427,0,0,2397.37
2026-09-03 04:36:58,okx,ETH,ETH-USD-260911-2400-P,2026-09-11,2400,put,0.0257100154582639,0.0255,0.026,0.4304726489420882,-0.5137099846685467,7.229558197647228,0.0005954903587887664,-0.0015741344378882509,3463,829,2397.37
2026-09-03 04:36:58,okx,ETH,ETH-USD-261030-1300-P,2026-10-30,1300,put,0.0014862231804696,0.0014,0.0016,0.7507278485545488,-0.014476296964619965,0.14157080145554965,0.00013235687778277843,-0.00008693839284965771,7136,0,2397.37
2026-09-03 04:36:58,okx,ETH,ETH-USD-260911-2450-C,2026-09-11,2450,call,0.0165563068053308,0.0165,0.017,0.42684156971974224,0.3678897912665032,5.257690094343748,0.0005706012927678769,-0.0014956943915989773,13807,3906,2397.37
2026-09-03 04:36:58,okx,ETH,ETH-USD-261030-1300-C,2026-10-30,1300,call,0.4618994198583079,0.46,0.464,0.7507278485545488,0.5248111450013949,-0.9370040824764803,0.00013235687778277843,-0.00008450790535458986,0,0,2397.37
2026-09-03 04:36:58,okx,ETH,ETH-USD-260911-2350-P,2026-09-11,2350,put,0.0169062816541943,0.0165,0.017,0.440293097623244,-0.379692502546047,6.463592444693373,0.000560176542079094,-0.0015146413469787011,6918,387,2397.37
2026-09-03 04:36:58,okx,ETH,ETH-USD-261030-1400-P,2026-10-30,1400,put,0.0020720409928984,0.0019,0.0021,0.7055589426542962,-0.02060042420158939,0.20372418938774967,0.00017951651928401296,-0.0001108196090200781,3424,0,2397.37
2026-09-03 04:36:58,okx,ETH,ETH-USD-260911-2400-C,2026-09-11,2400,call,0.0255759506163826,0.025,0.026,0.4304726489420882,0.486350341920432,5.229437544469271,0.0005954903587887664,-0.0015741357607525893,4642,1460,2397.37
2026-09-03 04:36:58,okx,ETH,ETH-USD-261030-1400-C,2026-10-30,1400,call,0.4210017604089786,0.419,0.423,0.7055589426542962,0.5601706671464266,-0.9578179933082825,0.00017951651928401296,-0.0001086081117318759,0,0,2397.37
2026-09-03 04:36:58,okx,ETH,ETH-USD-260911-2700-P,2026-09-11,2700,put,0.1270841935179719,0.1255,0.1285,0.5005970399083622,-1.065223732357594,3.7607656812863013,0.00018203227169396086,-0.0005584461013042139,478,0,2397.37
2026-09-03 04:36:58,okx,ETH,ETH-USD-261030-1650-P,2026-10-30,1650,put,0.0049737977650001,0.0049,0.0055,0.6104054962187273,-0.0505547512609362,0.4976216208645551,0.0003789049483850025,-0.00020235508480137887,5050,8,2397.37
2026-09-03 04:36:58,okx,ETH,ETH-USD-260911-2750-C,2026-09-11,2750,call,0.0014280009349386,0.0013,0.0014,0.5271486375569605,0.043934739541159645,1.1238981214712824,0.0001424754887052266,-0.00046126423566653427,4809,649,2397.37
2026-09-03 04:36:58,okx,ETH,ETH-USD-261030-1650-C,2026-10-30,1650,call,0.3201948240266854,0.317,0.3225,0.6104054962187273,0.6339254635420828,-0.8713388087414827,0.0003789049483850025,-0.00020069106303034084,990,0,2397.37
2026-09-03 04:36:58,okx,ETH,ETH-USD-260911-2650-P,2026-09-11,2650,put,0.1070855237093565,0.106,0.1085,0.4766683684875405,-1.0198341769539478,4.267259666595489,0.00023683156197984865,-0.0006923136654321313,1144,0,2397.37
2026-09-03 04:36:58,okx,ETH,ETH-USD-261030-1700-P,2026-10-30,1700,put,0.0059920836727565,0.006,0.0065,0.5947733488528713,-0.06072714683533694,0.5923262158180758,0.0004384394973566876,-0.0002281511803212751,5094,0,2397.37
2026-09-03 04:36:58,okx,ETH,ETH-USD-260911-2700-C,2026-09-11,2700,call,0.0019431086762882,0.0019,0.002,0.5005970399083622,0.05984413505500729,1.5106299464610995,0.00018203227169396086,-0.0005596437291979509,6136,487,2397.37
2026-09-03 04:36:58,okx,ETH,ETH-USD-261030-1700-C,2026-10-30,1700,call,0.3004713713035629,0.298,0.302,0.5947733488528713,0.6444948926586825,-0.8181178631699634,0.0004384394973566876,-0.0002265966536536699,100,0,2397.37
2026-09-03 04:36:58,okx,ETH,ETH-USD-260911-2600-P,2026-09-11,2600,put,0.0876458498308269,0.0865,0.088,0.45633229710693557,-0.9609455209815462,4.969712383564694,0.0003102118926958671,-0.0008685800583693184,969,0,2397.37
2026-09-03 04:36:58,okx,ETH,ETH-USD-261030-1550-P,2026-10-30,1550,put,0.0034661922023249,0.0034,0.0036,0.6451586048722465,-0.035150071964361713,0.34916364703511965,0.0002816524604710241,-0.00015898341439771278,7479,257,2397.37
2026-09-03 04:36:58,okx,ETH,ETH-USD-260911-2650-C,2026-09-11,2650,call,0.002778942200973,0.0027,0.0028,0.4766683684875405,0.08439910032138301,2.058793112044827,0.00023683156197984865,-0.0006933119091543018,6541,700,2397.37
2026-09-03 04:36:58,okx,ETH,ETH-USD-261030-1550-C,2026-10-30,1550,call,0.3601706957257683,0.358,0.3625,0.6451586048722465,0.6078464934566561,-0.9368294838069158,0.0002816524604710241,-0.0001571004024198091,0,0,2397.37
2026-09-03 04:36:58,okx,ETH,ETH-USD-260911-2550-P,2026-09-11,2550,put,0.0691602627549355,0.068,0.07,0.4405991211197733,-0.8825080230130528,5.842896996898048,0.0004007429583472546,-0.001083761635773103,3097,0,2397.37
2026-09-03 04:36:58,okx,ETH,ETH-USD-261030-1600-P,2026-10-30,1600,put,0.004144000857123,0.0041,0.0042,0.6272071295041298,-0.04212578509821443,0.41714346519507034,0.0003268658766123486,-0.00017936981691251205,18414,5,2397.37
2026-09-03 04:36:58,okx,ETH,ETH-USD-260911-2600-C,2026-09-11,2600,call,0.004173771655744,0.0042,0.0043,0.45633229710693557,0.12245316615651407,2.802915009288573,0.0003102118926958671,-0.0008693789179199224,4458,159,2397.37
2026-09-03 04:36:58,okx,ETH,ETH-USD-261030-1600-C,2026-10-30,1600,call,0.3401067657496875,0.337,0.3425,0.6272071295041298,0.6216126050138039,-0.9103333150289663,0.0003268658766123486,-0.00017759630003804118,1340,0,2397.37
2026-09-03 04:36:58,okx,ETH,ETH-USD-260911-3000-P,2026-09-11,3000,put,0.2506587192354574,0.248,0.252,0.6720463913738073,-1.2357518121905708,2.8452288395487164,0.00005601952016229473,-0.00022882258946176718,0,0,2397.37
2026-09-03 04:36:58,okx,ETH,ETH-USD-261030-1850-P,2026-10-30,1850,put,0.0106566863185228,0.0105,0.011,0.5549536075983689,-0.10507634622075246,0.976371671800857,0.0006656791600242478,-0.0003231973633331658,14084,0,2397.37
2026-09-03 04:36:58,okx,ETH,ETH-USD-261030-1850-C,2026-10-30,1850,call,0.2429107580566922,0.241,0.2445,0.5549536075983689,0.6623711673462688,-0.5585233553331855,0.0006656791600242478,-0.0003219713219758591,2256,0,2397.37
2026-09-03 04:36:58,okx,ETH,ETH-USD-260911-2900-P,2026-09-11,2900,put,0.2091973413796816,0.2065,0.2105,0.6141954021721194,-1.1873684079114728,2.9415548859608744,0.00007764937753035549,-0.0002909077906299557,96,0,2397.37
2026-09-03 04:36:58,okx,ETH,ETH-USD-261030-1900-P,2026-10-30,1900,put,0.0129485042777137,0.013,0.0135,0.544019279404547,-0.12567185678908632,1.1402623255302724,0.000757062382233182,-0.0003603174815791866,4838,491,2397.37
2026-09-03 04:36:58,okx,ETH,ETH-USD-260911-3000-C,2026-09-11,3000,call,0.0005106143939713,0.0003,0.0004,0.6720463913738073,0.014323596045652542,0.3450780230762692,0.00005601952016229473,-0.0002312165223849025,12739,1452,2397.37
2026-09-03 04:36:58,okx,ETH,ETH-USD-261030-1900-C,2026-10-30,1900,call,0.2244608373850042,0.2225,0.226,0.544019279404547,0.6625174814689354,-0.43611635098577123,0.000757062382233182,-0.00035920093532531276,4956,0,2397.37
2026-09-03 04:36:58,okx,ETH,ETH-USD-260911-2800-P,2026-09-11,2800,put,0.1679076372097112,0.1655,0.1695,0.5554342754509294,-1.1333436519598596,3.1870382077887944,0.00011401811319616822,-0.00038734503103582526,160,0,2397.37
2026-09-03 04:36:58,okx,ETH,ETH-USD-261030-1750-P,2026-10-30,1750,put,0.0072427073907987,0.007,0.0075,0.5803209024415789,-0.07296779510124395,0.7028772878044179,0.0005059799695254349,-0.0002568967818417795,4622,0,2397.37
2026-09-03 04:36:58,okx,ETH,ETH-USD-260911-2900-C,2026-09-11,2900,call,0.0007182432047961,0.0005,0.0006,0.6141954021721194,0.02103782005020997,0.5247424300375093,0.00007764937753035549,-0.0002929029552099582,11371,970,2397.37
2026-09-03 04:36:58,okx,ETH,ETH-USD-261030-1750-C,2026-10-30,1750,call,0.2809802563907263,0.279,0.2825,0.5803209024415789,0.6529960690837763,-0.7490504405656223,0.0005059799695254349,-0.00025545175027760715,350,0,2397.37
2026-09-03 04:36:58,okx,ETH,ETH-USD-260911-2750-P,2026-09-11,2750,put,0.1474035891099229,0.145,0.149,0.5271486375569605,-1.1019677180087117,3.415703036571025,0.0001424754887052266,-0.00045986722360123094,320,0,2397.37
2026-09-03 04:36:58,okx,ETH,ETH-USD-261030-1800-P,2026-10-30,1800,put,0.0087775187249745,0.0085,0.009,0.5670497357798526,-0.08762875972945491,0.8306122714075209,0.0005817722231976702,-0.00028861983453657423,3967,0,2397.37
2026-09-03 04:36:58,okx,ETH,ETH-USD-260911-2800-C,2026-09-11,2800,call,0.0010975457014264,0.0009,0.001,0.5554342754509294,0.03339339572728233,0.8535641124145101,0.00011401811319616822,-0.000388941427272695,7892,0,2397.37
2026-09-03 04:36:58,okx,ETH,ETH-USD-261030-1800-C,2026-10-30,1800,call,0.261773329094023,0.2595,0.2635,0.5670497357798526,0.6590769291465657,-0.6627991063445203,0.0005817722231976702,-0.0002872842980758347,280,0,2397.37
2026-09-03 04:36:58,okx,ETH,ETH-USD-261030-2050-P,2026-10-30,2050,put,0.0230804148611827,0.023,0.0235,0.5179667143191358,-0.2093232271183837,1.7263831488217705,0.0010604190930177534,-0.00048049739223546137,3586,3,2397.37
2026-09-03 04:36:58,okx,ETH,ETH-USD-261030-2050-C,2026-10-30,2050,call,0.1723675320758364,0.1715,0.1735,0.5179667143191358,0.6410915852126399,0.025553524159723298,0.0010604190930177534,-0.000479709331291886,1847,0,2397.37
2026-09-03 04:36:58,okx,ETH,ETH-USD-261030-2100-P,2026-10-30,2100,put,0.027819989406971,0.0275,0.0285,0.5114352894209542,-0.24506195377275605,1.9425702462690575,0.001162910158387139,-0.0005202786901465025,6341,3,2397.37
2026-09-03 04:36:58,okx,ETH,ETH-USD-261030-2100-C,2026-10-30,2100,call,0.1563653679907457,0.1555,0.158,0.5114352894209542,0.626094683249268,0.20025697222500924,0.001162910158387139,-0.0005196001243063601,5167,0,2397.37
2026-09-03 04:36:58,okx,ETH,ETH-USD-261030-1950-P,2026-10-30,1950,put,0.0157285132058821,0.0155,0.016,0.534227330417058,-0.14974630026082872,1.3214288217499441,0.0008546834046732875,-0.00039945040518540756,3051,79,2397.37
2026-09-03 04:36:58,okx,ETH,ETH-USD-261030-1950-C,2026-10-30,1950,call,0.2064991076822936,0.2055,0.208,0.534227330417058,0.6591848626881937,-0.29643350414810055,0.0008546834046732875,-0.00039844335403496655,1389,0,2397.37
2026-09-03 04:36:58,okx,ETH,ETH-USD-261030-2000-P,2026-10-30,2000,put,0.0190777991321843,0.019,0.0195,0.5255529523805238,-0.17757047395332803,1.5178750869549722,0.0009566482487881188,-0.00043983631708101307,4311,0,2397.37
2026-09-03 04:36:58,okx,ETH,ETH-USD-261030-2000-C,2026-10-30,2000,call,0.1891066549777169,0.188,0.1905,0.5255529523805238,0.6521025136866948,-0.1414708883250736,0.0009566482487881188,-0.0004389387610340049,2443,120,2397.37
2026-09-03 04:36:58,okx,ETH,ETH-USD-261030-2300-P,2026-10-30,2300,put,0.0555785470768946,0.0555,0.056,0.49509173030203074,-0.4238518941195832,2.77181528849257,0.0014913215180198311,-0.0006457753150370561,2828,36,2397.37
2026-09-03 04:36:58,okx,ETH,ETH-USD-261030-2300-C,2026-10-30,2300,call,0.1011569711371534,0.1005,0.1025,0.49509173030203074,0.5302720416664432,0.8635674169205168,0.0014913215180198311,-0.0006455347296106449,6448,22,2397.37
2026-09-03 04:36:58,okx,ETH,ETH-USD-261030-2400-P,2026-10-30,2400,put,0.0753577475410901,0.075,0.076,0.4922025082703483,-0.5280873179881516,3.0897579788661442,0.0015669717798033795,-0.0006744824867070767,1164,636,2397.37
2026-09-03 04:36:58,okx,ETH,ETH-USD-261030-2400-C,2026-10-30,2400,call,0.079452694339591,0.079,0.08,0.4922025082703483,0.467520267179876,1.098542808530089,0.0015669717798033795,-0.0006744608914875311,3417,310,2397.37
2026-09-03 04:36:58,okx,ETH,ETH-USD-261030-2150-P,2026-10-30,2150,put,0.0333757356872863,0.033,0.034,0.5059221382017638,-0.284700031465662,2.161106614752984,0.0012606718759927645,-0.0005579180023900118,4357,65,2397.37
2026-09-03 04:36:58,okx,ETH,ETH-USD-261030-2150-C,2026-10-30,2150,call,0.141179375640182,0.141,0.1425,0.5059221382017638,0.6071984302473625,0.37730969132693437,0.0012606718759927645,-0.0005573489316533021,2334,0,2397.37
2026-09-03 04:36:58,okx,ETH,ETH-USD-261030-2200-P,2026-10-30,2200,put,0.0398182050008931,0.0395,0.0405,0.5013881438550964,-0.32799565871746944,2.376086535256882,0.0013501497031876931,-0.0005921389101115435,7466,323,2397.37
2026-09-03 04:36:58,okx,ETH,ETH-USD-261030-2200-C,2026-10-30,2200,call,0.1268801063229097,0.1265,0.128,0.5013881438550964,0.5846446276865558,0.5508059624488313,0.0013501497031876931,-0.0005916793344782667,4432,781,2397.37
2026-09-03 04:36:58,okx,ETH,ETH-USD-261030-2800-P,2026-10-30,2800,put,0.189777970917764,0.188,0.1905,0.5036224663576113,-0.9328029731496508,3.4823609634343007,0.0012746903252418512,-0.0005607332271635703,2310,0,2397.37
2026-09-03 04:36:58,okx,ETH,ETH-USD-261030-2800-C,2026-10-30,2800,call,0.0279390086692328,0.0275,0.028,0.5036224663576113,0.22873920954638127,1.1592765980422373,0.0012746903252418512,-0.0005615875927714874,5754,102,2397.37
2026-09-03 04:36:58,okx,ETH,ETH-USD-261030-3000-P,2026-10-30,3000,put,0.2614042385014624,0.2595,0.2625,0.5177318619481618,-1.0943529827508511,3.408676346750095,0.000988802501638565,-0.0004465769118109876,570,100,2397.37
2026-09-03 04:36:58,okx,ETH,ETH-USD-261030-3000-C,2026-10-30,3000,call,0.0165983217294155,0.016,0.0165,0.5177318619481618,0.15015649870918318,0.9196573838300263,0.000988802501638565,-0.00044786925783263604,16141,460,2397.37
2026-09-03 04:36:58,okx,ETH,ETH-USD-261030-2500-P,2026-10-30,2500,put,0.0991005141302735,0.0985,0.0995,0.4922914059245297,-0.6352486821229987,3.309536673278303,0.0015714596319125248,-0.0006764122643174866,3960,2690,2397.37
2026-09-03 04:36:58,okx,ETH,ETH-USD-261030-2500-C,2026-10-30,2500,call,0.0617119836670164,0.0615,0.062,0.4922914059245297,0.40184255242703004,1.235354204178245,0.0015714596319125248,-0.0006766096593048067,7181,6,2397.37
2026-09-03 04:36:58,okx,ETH,ETH-USD-261030-2600-P,2026-10-30,2600,put,0.1264109929930114,0.1255,0.1275,0.49445290301451894,-0.7404581649769306,3.4353417470485486,0.0015128623319304547,-0.0006538875976581874,9619,168,2397.37
2026-09-03 04:36:58,okx,ETH,ETH-USD-261030-2600-C,2026-10-30,2600,call,0.0475389852679964,0.047,0.0475,0.49445290301451894,0.3381167189550992,1.2781919791844891,0.0015128623319304547,-0.0006543039828523731,8624,830,2397.37
2026-09-03 04:36:58,okx,ETH,ETH-USD-261030-3200-P,2026-10-30,3200,put,0.3379456568623399,0.334,0.3425,0.5351916159606438,-1.2289516862264966,3.3382432921407874,0.0007375900912669378,-0.00034363490304619755,940,0,2397.37
2026-09-03 04:36:58,okx,ETH,ETH-USD-261030-3200-C,2026-10-30,3200,call,0.0101727855667771,0.01,0.0105,0.5351916159606438,0.09852509399753995,0.6832897316927142,0.0007375900912669378,-0.0003453652294815773,7281,460,2397.37
2026-09-03 04:36:58,okx,ETH,ETH-USD-261225-1500-C,2026-12-25,1500,call,0.3898598276124842,0.3865,0.394,0.614258739861678,0.5517250106944839,-0.7629718507090203,0.0006482879813043218,-0.0001755251958267178,666,0,2397.37
2026-09-03 04:36:58,okx,ETH,ETH-USD-261225-1500-P,2026-12-25,1500,put,0.0098075067224966,0.0095,0.01,0.614258739861678,-0.06809256923610421,0.4766633091521559,0.0006482879813043218,-0.00017597084321131982,21379,300,2397.37
2026-09-03 04:36:58,okx,ETH,ETH-USD-261225-2100-P,2026-12-25,2100,put,0.0550222653574654,0.0545,0.0555,0.5260171422587585,-0.31921729414970523,1.7550510466361104,0.0018206701634886626,-0.00042316987537223855,5805,733,2397.37
2026-09-03 04:36:58,okx,ETH,ETH-USD-261225-2100-C,2026-12-25,2100,call,0.1871485788435422,0.1865,0.188,0.5260171422587585,0.548527317753118,0.0195618228304636,0.0018206701634886626,-0.0004230149479016721,2821,0,2397.37
2026-09-03 04:36:58,okx,ETH,ETH-USD-261127-1300-C,2026-11-27,1300,call,0.4646807594090326,0.4625,0.4675,0.696175346818436,0.5127503289051167,-0.868244169256815,0.00025537205283259975,-0.00010235318229234494,0,0,2397.37
2026-09-03 04:36:58,okx,ETH,ETH-USD-261127-1300-P,2026-11-27,1300,put,0.0031297522108802,0.0032,0.0034,0.696175346818436,-0.025324942502736248,0.20790637355889088,0.00025537205283259975,-0.00010439158400306739,394,1100,2397.37
2026-09-03 04:36:58,okx,ETH,ETH-USD-261127-1200-C,2026-11-27,1200,call,0.5051775980972544,0.503,0.5075,0.7331996336915451,0.47876295013527814,-0.8464045085918633,0.00019004920841431326,-0.00007960019219973002,0,0,2397.37
2026-09-03 04:36:58,okx,ETH,ETH-USD-261127-1200-P,2026-11-27,1200,put,0.0022363567695522,0.0023,0.0024,0.7331996336915451,-0.017921915779662956,0.14696522323801894,0.00019004920841431326,-0.00008182139208302058,805,0,2397.37
2026-09-03 04:36:58,okx,ETH,ETH-USD-260903-2575-C,2026-09-03,2575,call,0.000000014183416,,0.0016,0.8109726385126351,0.000004332126509118556,0.001260096924157857,0.00000000397627385085891,-0.00000016123246481399232,1848,762,2397.37
2026-09-03 04:36:58,okx,ETH,ETH-USD-261127-1100-C,2026-11-27,1100,call,0.5459024258705322,0.544,0.5485,0.7724876905647919,0.442844849308767,-0.8088166821877705,0.00013851973255499557,-0.00006042877694896338,0,0,2397.37
2026-09-03 04:36:58,okx,ETH,ETH-USD-261225-2300-C,2026-12-25,2300,call,0.137789370926451,0.137,0.1385,0.5157606742303859,0.48776809891246664,0.3441166369389309,0.0021097707784470433,-0.00048071462726348527,1632,0,2397.37
2026-09-03 04:36:58,okx,ETH,ETH-USD-260903-2575-P,2026-09-03,2575,put,0.0736028361462403,0.073,0.075,0.8109726385126351,-1.0736074423227675,2.148483645822711,0.00000000397627385085891,-0.00000016123246481399232,0,0,2397.37
2026-09-03 04:36:58,okx,ETH,ETH-USD-261127-1100-P,2026-11-27,1100,put,0.0015709504132803,0.0015,0.0018,0.7724876905647919,-0.0124496111132624,0.10177223865628826,0.00013851973255499557,-0.00006283277500482205,5,0,2397.37
2026-09-03 04:36:58,okx,ETH,ETH-USD-261225-2300-P,2026-12-25,2300,put,0.0883050599083446,0.088,0.089,0.5157606742303859,-0.46261885698110167,2.2448905487260675,0.0021097707784470433,-0.0004807726480960398,7307,580,2397.37
2026-09-03 04:36:58,okx,ETH,ETH-USD-261127-1600-C,2026-11-27,1600,call,0.345772929759031,0.343,0.3495,0.6034852975661715,0.5943049886654258,-0.7823523870874285,0.0005718924143488285,-0.00020115344734634362,0,0,2397.37
2026-09-03 04:36:58,okx,ETH,ETH-USD-261127-1600-P,2026-11-27,1600,put,0.0083926249495279,0.0085,0.009,0.6034852975661715,-0.06794149922116229,0.5421405886857478,0.0005718924143488285,-0.00020264345453936176,1320,0,2397.37
2026-09-03 04:36:58,okx,ETH,ETH-USD-261127-1550-C,2026-11-27,1550,call,0.3651906068352514,0.3625,0.3685,0.6167891251937708,0.5837133508349768,-0.8172546127155497,0.0005038072220174836,-0.000180874230902758,0,0,2397.37
2026-09-03 04:36:58,okx,ETH,ETH-USD-261127-1550-P,2026-11-27,1550,put,0.0071151849609735,0.007,0.0075,0.6167891251937708,-0.05783793430515551,0.465847957564715,0.0005038072220174836,-0.00018245563718206017,3987,0,2397.37
2026-09-03 04:36:58,okx,ETH,ETH-USD-261127-1500-C,2026-11-27,1500,call,0.3848062238351581,0.3825,0.388,0.6309860397131838,0.5716851909995321,-0.8427960874214641,0.0004424026718448849,-0.00016223432562453074,0,0,2397.37
2026-09-03 04:36:58,okx,ETH,ETH-USD-261127-1500-P,2026-11-27,1500,put,0.0060356848961054,0.006,0.0065,0.6309860397131838,-0.049170891394144364,0.39891607736588885,0.0004424026718448849,-0.00016390713099011698,682,0,2397.37
2026-09-03 04:36:58,okx,ETH,ETH-USD-261127-1400-C,2026-11-27,1400,call,0.4245093450364295,0.422,0.4275,0.6619697838367118,0.5440632414877841,-0.8691453644119326,0.0003381356722332495,-0.00012957505384309116,0,0,2397.37
2026-09-03 04:36:58,okx,ETH,ETH-USD-261127-1400-P,2026-11-27,1400,put,0.0043485719678269,0.0044,0.0047,0.6619697838367118,-0.03540243541298063,0.28978598938959693,0.0003381356722332495,-0.0001314306573812455,914,0,2397.37
2026-09-03 04:36:58,okx,ETH,ETH-USD-260904-2350-P,2026-09-04,2350,put,0.0021131001584123,0.002,0.0021,0.3936523319152357,-0.17835468348192215,12.120811102004762,0.00014477202340702677,-0.0024971604956634526,14793,2374,2397.37
2026-09-03 04:36:58,okx,ETH,ETH-USD-261127-1800-C,2026-11-27,1800,call,0.2708802126966541,0.268,0.2725,0.5593616362928114,0.6181575527515861,-0.5376949615965456,0.0009115488233255647,-0.0002982393970792837,0,0,2397.37
2026-09-03 04:36:58,okx,ETH,ETH-USD-260904-2400-C,2026-09-04,2400,call,0.0076035481382085,0.007,0.008,0.35902041491121484,0.4798510521138281,18.90353163835408,0.000222936994546842,-0.0035069267228857322,10284,5301,2397.37
2026-09-03 04:36:58,okx,ETH,ETH-USD-261127-1800-P,2026-11-27,1800,put,0.0162803761462506,0.0165,0.017,0.5593616362928114,-0.12686974612082563,0.9523596361482777,0.0009115488233255647,-0.00029936380792716557,1204,130,2397.37
2026-09-03 04:36:58,okx,ETH,ETH-USD-261127-1750-C,2026-11-27,1750,call,0.2890950211354105,0.2865,0.291,0.5690285176876574,0.6153909596462244,-0.6151693320107223,0.0008171234558588276,-0.00027177984954239904,0,0,2397.37
2026-09-03 04:36:58,okx,ETH,ETH-USD-260904-2350-C,2026-09-04,2350,call,0.0221348102784733,0.0215,0.0225,0.3936523319152357,0.8015808014197339,10.16094013220145,0.00014477202340702677,-0.0024963378536059727,6559,494,2397.37
2026-09-03 04:36:58,okx,ETH,ETH-USD-261127-1750-P,2026-11-27,1750,put,0.0138000675202322,0.014,0.0145,0.5690285176876574,-0.10894113647973142,0.8334948602411892,0.0008171234558588276,-0.000272995659476565,591,0,2397.37
2026-09-03 04:36:58,okx,ETH,ETH-USD-261127-1700-C,2026-11-27,1700,call,0.3076815713519902,0.305,0.3095,0.5796019355495327,0.6103559891781749,-0.6817363547589138,0.0007286938507576295,-0.00024667212591890434,0,0,2397.37
2026-09-03 04:36:58,okx,ETH,ETH-USD-261127-1700-P,2026-11-27,1700,put,0.011691500672037,0.012,0.0125,0.5796019355495327,-0.09328090420132491,0.7255374320000859,0.0007286938507576295,-0.00024797933493935436,1124,0,2397.37
2026-09-03 04:36:58,okx,ETH,ETH-USD-261127-1650-C,2026-11-27,1650,call,0.326589523048659,0.324,0.3305,0.5910875155110693,0.603256471786339,-0.7373638686742084,0.0006468577782772478,-0.000223096539845653,0,0,2397.37
2026-09-03 04:36:58,okx,ETH,ETH-USD-261127-1650-P,2026-11-27,1650,put,0.009904335303931,0.01,0.0105,0.5910875155110693,-0.07968521884670515,0.6285195125918797,0.0006468577782772478,-0.0002244951479523871,1286,0,2397.37
2026-09-03 04:36:58,okx,ETH,ETH-USD-261127-2000-C,2026-11-27,2000,call,0.2028501068114874,0.2015,0.204,0.5294849546186686,0.6034287338368951,-0.13445033942630313,0.0013245228960307302,-0.0004109588833347055,459,0,2397.37
2026-09-03 04:36:58,okx,ETH,ETH-USD-261127-2000-P,2026-11-27,2000,put,0.0310307385201834,0.031,0.0315,0.5294849546186686,-0.2243793760213402,1.5211658802901673,0.0013245228960307302,-0.0004117176978374512,21603,0,2397.37
2026-09-03 04:36:58,okx,ETH,ETH-USD-260904-2500-P,2026-09-04,2500,put,0.0429765555282447,0.042,0.0435,0.43671816112826173,-0.9977714084134013,5.888650398884681,0.000053150909707271024,-0.0010153626842262522,7821,4092,2397.37
2026-09-03 04:36:58,okx,ETH,ETH-USD-261127-1950-C,2026-11-27,1950,call,0.2190184515224485,0.2175,0.2205,0.535672789856354,0.611185090199104,-0.24651703428030303,0.001219355122021754,-0.000382616987534088,100,0,2397.37
2026-09-03 04:36:58,okx,ETH,ETH-USD-261127-1950-P,2026-11-27,1950,put,0.0265039661663699,0.0265,0.027,0.535672789856354,-0.1959278169126753,1.3677087799432557,0.001219355122021754,-0.0003834672011231177,6103,200,2397.37
2026-09-03 04:36:58,okx,ETH,ETH-USD-260904-2450-P,2026-09-04,2450,put,0.0233954557484664,0.023,0.024,0.3771126295645223,-0.8663464810036459,13.129884470126056,0.0001343637039578744,-0.0022193663820245383,7003,1112,2397.37
2026-09-03 04:36:58,okx,ETH,ETH-USD-261127-1900-C,2026-11-27,1900,call,0.2357846237053973,0.234,0.237,0.5427006735342152,0.6161831712722006,-0.3522318842455822,0.0011141804630410152,-0.00035405558372699863,226,0,2397.37
2026-09-03 04:36:58,okx,ETH,ETH-USD-260904-2500-C,2026-09-04,2500,call,0.0004494527428516,0.0005,0.0006,0.43671816112826173,0.04471314999261566,3.8036812820726476,0.000053150909707271024,-0.0010171105520131094,24999,4808,2397.37
2026-09-03 04:36:58,okx,ETH,ETH-USD-261127-1900-P,2026-11-27,1900,put,0.0225750212845436,0.0225,0.0235,0.5427006735342152,-0.17023453309312284,1.2206035244850646,0.0011141804630410152,-0.00035499719640231245,2321,0,2397.37
2026-09-03 04:36:58,okx,ETH,ETH-USD-260904-2400-P,2026-09-04,2400,put,0.0084314423199656,0.008,0.0085,0.35902041491121484,-0.520934123955948,20.905101990493634,0.000222936994546842,-0.0035068925283284333,13556,3552,2397.37
2026-09-03 04:36:58,okx,ETH,ETH-USD-261127-1850-C,2026-11-27,1850,call,0.2530911851142912,0.2515,0.2545,0.5505906859304515,0.6184720166779578,-0.44975051792096704,0.001011012492973847,-0.0003257833368518781,10,0,2397.37
2026-09-03 04:36:58,okx,ETH,ETH-USD-260904-2450-C,2026-09-04,2450,call,0.0017179572648914,0.0019,0.002,0.3771126295645223,0.1552883862342507,11.086614735650263,0.0001343637039578744,-0.002220257413196617,10977,8110,2397.37
2026-09-03 04:36:58,okx,ETH,ETH-USD-261127-1850-P,2026-11-27,1850,put,0.0191864656286627,0.0195,0.02,0.5505906859304515,-0.14725048494090973,1.081694485316768,0.001011012492973847,-0.000326816348613476,1480,0,2397.37
2026-09-03 04:36:58,okx,ETH,ETH-USD-261127-2200-C,2026-11-27,2200,call,0.1451759011316635,0.1445,0.146,0.5126058712451088,0.5462377393734402,0.32862362643806287,0.001699237547720505,-0.0005108859579578092,1175,0,2397.37
2026-09-03 04:36:58,okx,ETH,ETH-USD-261127-3600-P,2026-11-27,3600,put,0.5011076486773924,0.495,0.506,0.566710839388751,-1.4076226662903624,3.423638857931861,0.0008042521986319168,-0.00026544765430375975,0,0,2397.37
2026-09-03 04:36:58,okx,ETH,ETH-USD-261127-2200-P,2026-11-27,2200,put,0.0561370010994591,0.056,0.057,0.5126058712451088,-0.3643511814706185,2.1498014681261806,0.001699237547720505,-0.0005112791761154187,1470,0,2397.37
2026-09-03 04:36:58,okx,ETH,ETH-USD-261127-3800-C,2026-11-27,3800,call,0.0079398802606987,0.0075,0.008,0.5826739576726704,0.0628255643878883,0.35542800265418056,0.0006538652843879992,-0.00022370557145625193,3638,200,2397.37
2026-09-03 04:36:58,okx,ETH,ETH-USD-261127-2150-C,2026-11-27,2150,call,0.1584576105803904,0.158,0.1595,0.5157024415758988,0.5641400860792732,0.21597450673663895,0.0016170628439206665,-0.0004890305966659291,1524,0,2397.37
2026-09-03 04:36:58,okx,ETH,ETH-USD-261127-3400-P,2026-11-27,3400,put,0.4224545830878961,0.417,0.427,0.5517448394335716,-1.297117446281065,3.366500739044682,0.0009939196167492162,-0.0003201821698651194,190,0,2397.37
2026-09-03 04:36:58,okx,ETH,ETH-USD-261127-2150-P,2026-11-27,2150,put,0.0487235934834111,0.0485,0.0495,0.5157024415758988,-0.3257536320183297,1.995761942931845,0.0016170628439206665,-0.0004895152139098225,958,0,2397.37
2026-09-03 04:36:58,okx,ETH,ETH-USD-261127-3600-C,2026-11-27,3600,call,0.0106832708958999,0.0105,0.011,0.566710839388751,0.08243193145446114,0.44352966244221403,0.0008042521986319168,-0.00026761361056210385,4446,200,2397.37
2026-09-03 04:36:58,okx,ETH,ETH-USD-261127-2100-C,2026-11-27,2100,call,0.1725224200419887,0.171,0.1735,0.519527807379338,0.5797811756844975,0.09943178629409898,0.00152573342131338,-0.0004647367406176336,200,0,2397.37
2026-09-03 04:36:58,okx,ETH,ETH-USD-261127-2100-P,2026-11-27,2100,put,0.0420932858802345,0.042,0.0425,0.519527807379338,-0.2894173396666494,1.837828816996393,0.00152573342131338,-0.00046531275694781124,1474,0,2397.37
2026-09-03 04:36:58,okx,ETH,ETH-USD-261127-3400-C,2026-11-27,3400,call,0.0148106735655032,0.0145,0.015,0.5517448394335716,0.11015634047793468,0.5519531655266828,0.0009939196167492162,-0.0003219825297783272,2658,120,2397.37
2026-09-03 04:36:58,okx,ETH,ETH-USD-261127-2050-C,2026-11-27,2050,call,0.1873345920530861,0.186,0.1885,0.5241123311338063,0.5929311785264662,-0.018282674529987226,0.0014274373647061168,-0.00043852446983563424,200,0,2397.37
2026-09-03 04:36:58,okx,ETH,ETH-USD-261127-2050-P,2026-11-27,2050,put,0.0362103408265571,0.036,0.037,0.5241123311338063,-0.2555721340782248,1.678723950679395,0.0014274373647061168,-0.0004391918852520959,1751,0,2397.37
2026-09-03 04:36:58,okx,ETH,ETH-USD-260918-2100-P,2026-09-18,2100,put,0.0050635862513165,0.005,0.0055,0.5266990715328541,-0.10114899615753843,1.7910487907141994,0.00034712153427798295,-0.000603710308400197,2653,1231,2397.37
2026-09-03 04:36:58,okx,ETH,ETH-USD-261127-2600-C,2026-11-27,2600,call,0.0679032526201145,0.067,0.068,0.5096332140541864,0.3618383634605118,0.8714376035859625,0.0018962504415429725,-0.0005672243362866854,5395,0,2397.37
2026-09-03 04:36:58,okx,ETH,ETH-USD-260918-2150-C,2026-09-18,2150,call,0.1118180963127295,0.1105,0.1135,0.5075589769361513,0.7570843242191402,0.5427666538230823,0.0004330822329212503,-0.0007249865645234888,0,0,2397.37
2026-09-03 04:36:58,okx,ETH,ETH-USD-261127-2600-P,2026-11-27,2600,put,0.1444252891061093,0.143,0.145,0.5096332140541864,-0.7143121793551941,3.023738689217374,0.0018962504415429725,-0.0005668863617540224,270,0,2397.37
2026-09-03 04:36:58,okx,ETH,ETH-USD-260918-2050-P,2026-09-18,2050,put,0.0036671763387756,0.0036,0.0037,0.549317085776075,-0.07439650087541579,1.3584586095484033,0.0002756459797975501,-0.0004999918751336458,5505,5071,2397.37
2026-09-03 04:36:58,okx,ETH,ETH-USD-261127-2500-C,2026-11-27,2500,call,0.0826354996958039,0.082,0.083,0.5075318665236892,0.4098531384130164,0.8069174371315184,0.0019257352003078986,-0.0005736072632872199,2330,0,2397.37
2026-09-03 04:36:58,okx,ETH,ETH-USD-260918-2100-C,2026-09-18,2100,call,0.1305876651414422,0.129,0.1325,0.5266990715328541,0.773208242023868,0.04233431435138687,0.00034712153427798295,-0.0006026961720505331,0,0,2397.37
2026-09-03 04:36:58,okx,ETH,ETH-USD-261127-2500-P,2026-11-27,2500,put,0.1177673020522489,0.1165,0.118,0.5075318665236892,-0.6249069989097776,2.8764377117771063,0.0019257352003078986,-0.000573452086927125,1938,0,2397.37
2026-09-03 04:36:58,okx,ETH,ETH-USD-260918-2000-P,2026-09-18,2000,put,0.0027204878133869,0.0026,0.0027,0.5754312863635886,-0.05538624328489653,1.0278723080194707,0.000218913881766089,-0.0004159659071163476,2749,1039,2397.37
2026-09-03 04:36:58,okx,ETH,ETH-USD-260925-2300-C,2026-09-25,2300,call,0.0714464011860509,0.0705,0.0715,0.4856545288746746,0.5948185695705918,1.8516054738838361,0.0008959503054666207,-0.0009826143192335597,17169,10,2397.37
2026-09-03 04:36:58,okx,ETH,ETH-USD-261127-2400-C,2026-11-27,2400,call,0.1002391961820955,0.0995,0.101,0.5068704093572949,0.4583971871873017,0.6944735079055376,0.0019050695805181885,-0.0005666300372367486,1994,0,2397.37
2026-09-03 04:36:58,okx,ETH,ETH-USD-261127-4000-P,2026-11-27,4000,put,0.6620665310071735,0.6555,0.6675,0.5993756739364413,-1.6067181652258493,3.597569121442072,0.0005370647498065205,-0.00018611731504883234,0,0,2397.37
2026-09-03 04:36:58,okx,ETH,ETH-USD-260918-2050-C,2026-09-18,2050,call,0.1500091980366717,0.148,0.152,0.549317085776075,0.7791427078254809,-0.34861980785339025,0.0002756459797975501,-0.0004988095405146009,0,0,2397.37
2026-09-03 04:36:58,okx,ETH,ETH-USD-260925-2300-P,2026-09-25,2300,put,0.0281723087407705,0.0275,0.0285,0.4856545288746746,-0.36191131767225687,3.7650652483695337,0.0008959503054666207,-0.0009826143192335597,15091,8136,2397.37
2026-09-03 04:36:58,okx,ETH,ETH-USD-261127-2400-P,2026-11-27,2400,put,0.0939807644089907,0.0935,0.0945,0.5068704093572949,-0.5349725446425806,2.6812129715653024,0.0019050695805181885,-0.0005666576590492218,2870,400,2397.37
2026-09-03 04:36:58,okx,ETH,ETH-USD-261127-2300-C,2026-11-27,2300,call,0.1210552585676622,0.1205,0.122,0.5084727610259382,0.5048525265985011,0.5323156982651528,0.0018289593990925047,-0.0005456038081787345,2865,0,2397.37
2026-09-03 04:36:58,okx,ETH,ETH-USD-261127-3800-P,2026-11-27,3800,put,0.5811447263012908,0.5745,0.5865,0.5826739576726704,-1.5100098443427588,3.501098820115474,0.0006538652843879992,-0.00022117401885277162,0,0,2397.37
2026-09-03 04:36:58,okx,ETH,ETH-USD-260918-2000-C,2026-09-18,2000,call,0.169880452319053,0.168,0.172,0.5754312863635886,0.7773349359354904,-0.6375700504213031,0.000218913881766089,-0.0004146153742279215,0,0,2397.37
2026-09-03 04:36:58,okx,ETH,ETH-USD-261127-2300-P,2026-11-27,2300,put,0.0734065926650077,0.073,0.074,0.5084727610259382,-0.44712679973846925,2.4362743509390934,0.0018289593990925047,-0.0005458142281637759,1237,0,2397.37
2026-09-03 04:36:58,okx,ETH,ETH-USD-261127-4000-C,2026-11-27,4000,call,0.006081216707482,0.0055,0.006,0.5993756739364413,0.04889805449062119,0.28633668200913115,0.0005370647498065205,-0.0001890144639974489,1249,0,2397.37
2026-09-03 04:36:58,okx,ETH,ETH-USD-260918-2300-P,2026-09-18,2300,put,0.0199957022349082,0.02,0.0205,0.4703434440708528,-0.32900183964879376,4.335348470621166,0.0007174847401586872,-0.0011142399065258487,7963,2783,2397.37
2026-09-03 04:36:58,okx,ETH,ETH-USD-261127-3200-C,2026-11-27,3200,call,0.0211114257751542,0.0205,0.021,0.5380977877519068,0.14915613594406438,0.6762426274735259,0.0012232456205653298,-0.0003864569252867463,2356,0,2397.37
2026-09-03 04:36:58,okx,ETH,ETH-USD-260918-2350-C,2026-09-18,2350,call,0.0489961812804201,0.0485,0.0495,0.4643194545800621,0.5598059922623818,2.940337973731256,0.0007819892508830948,-0.001198638374689926,3112,1540,2397.37
2026-09-03 04:36:58,okx,ETH,ETH-USD-261127-3200-P,2026-11-27,3200,put,0.3459748670384477,0.3405,0.3505,0.5380977877519068,-1.175336839829112,3.3252285790198783,0.0012232456205653298,-0.00038502216171867464,210,0,2397.37
2026-09-03 04:36:58,okx,ETH,ETH-USD-260918-2250-P,2026-09-18,2250,put,0.0142609648710208,0.014,0.0145,0.4794755988766042,-0.25123559503031273,3.663612855055571,0.0006287437649901222,-0.0009954142280615612,7358,1293,2397.37
2026-09-03 04:36:58,okx,ETH,ETH-USD-261127-3000-C,2026-11-27,3000,call,0.0307976501885731,0.03,0.031,0.5261717797367498,0.20293703203792043,0.7995578551730579,0.0014795048488999267,-0.0004570310424438704,2211,2,2397.37
2026-09-03 04:36:58,okx,ETH,ETH-USD-260918-2300-C,2026-09-18,2300,call,0.0622480098939535,0.062,0.063,0.4703434440708528,0.6286275164546513,2.4200897584142753,0.0007174847401586872,-0.0011138985632537092,256,128,2397.37
2026-09-03 04:36:58,okx,ETH,ETH-USD-261127-3000-P,2026-11-27,3000,put,0.2728806231927669,0.2705,0.274,0.5261717797367498,-1.0387751327494323,3.2829821847477634,0.0014795048488999267,-0.00045596187522093496,0,0,2397.37
2026-09-03 04:36:58,okx,ETH,ETH-USD-260918-2200-P,2026-09-18,2200,put,0.0100743857582531,0.01,0.0105,0.49184500154628447,-0.18758972978312105,2.971646963572505,0.000529754160079354,-0.0008603505941166911,3462,1508,2397.37
2026-09-03 04:36:58,okx,ETH,ETH-USD-261127-2800-C,2026-11-27,2800,call,0.045626987568676,0.045,0.0455,0.5164714093973721,0.27411034979925397,0.8846157658264479,0.0017261918611025434,-0.000523358341785712,7082,0,2397.37
2026-09-03 04:36:58,okx,ETH,ETH-USD-260918-2250-C,2026-09-18,2250,call,0.0773312153378363,0.0765,0.079,0.4794755988766042,0.6855757315926226,1.7899902018097003,0.0006287437649901222,-0.0009949046865200405,0,0,2397.37
2026-09-03 04:36:58,okx,ETH,ETH-USD-261127-2800-P,2026-11-27,2800,put,0.2049294923137704,0.203,0.2055,0.5164714093973721,-0.8848210040022754,3.2024784734295064,0.0017261918611025434,-0.0005226547709079128,130,0,2397.37
2026-09-03 04:36:58,okx,ETH,ETH-USD-260918-2150-P,2026-09-18,2150,put,0.0071119602303737,0.007,0.0075,0.5075589769361513,-0.1380909434427758,2.3331171891469142,0.0004330822329212503,-0.0007258325026037716,3329,1368,2397.37
2026-09-03 04:36:58,okx,ETH,ETH-USD-261127-2700-C,2026-11-27,2700,call,0.0556744368807909,0.055,0.0555,0.5126486078972632,0.31618709307283765,0.8946536037094807,0.0018260508912210502,-0.0005495021010672202,4917,0,2397.37
2026-09-03 04:36:58,okx,ETH,ETH-USD-260918-2200-C,2026-09-18,2200,call,0.0939625790328387,0.093,0.0955,0.49184500154628447,0.7284035673593047,1.1396603692876537,0.000529754160079354,-0.0008596728543057894,5,1,2397.37
2026-09-03 04:36:58,okx,ETH,ETH-USD-261127-2700-P,2026-11-27,2700,put,0.1735867074963354,0.172,0.174,0.5126486078972632,-0.80135385523578,3.1297355003267158,0.0018260508912210502,-0.0005489813283619891,180,0,2397.37
2026-09-03 04:36:58,okx,ETH,ETH-USD-260904-1700-C,2026-09-04,1700,call,0.2910665660450307,0.29,0.2925,0.9825539350192389,0.7088894995553848,-1.4177789804254364,0.0000000000005739450155453603,0.000011961493338636333,0,0,2397.37
2026-09-03 04:36:58,okx,ETH,ETH-USD-260918-2500-P,2026-09-18,2500,put,0.0623366616358302,0.0615,0.0625,0.4632819923176114,-0.7099018727104234,5.354354990517719,0.0007561428463956878,-0.0011563093827946446,13170,2288,2397.37
2026-09-03 04:36:58,okx,ETH,ETH-USD-260904-1700-P,2026-09-04,1700,put,0.0000000000013369,,0.0001,0.9825539350192389,-0.00000000016070674531157612,0.000000019006746618264507,0.0000000000005739450155453603,-0.000000000024710971007882026,5877,0,2397.37
2026-09-03 04:36:58,okx,ETH,ETH-USD-260918-2550-C,2026-09-18,2550,call,0.0157720318302491,0.0155,0.016,0.4679773133510337,0.26448848453746887,3.0041192487706234,0.0006858726525418473,-0.0010598148188617708,7027,1040,2397.37
2026-09-03 04:36:58,okx,ETH,ETH-USD-260903-2420-C,2026-09-03,2420,call,0.0002594488157211,0.0002,0.0003,0.3329818003343915,0.08610849021025214,23.8857541655014,0.00003095777225348051,-0.0005154187369653007,7560,12211,2397.37
2026-09-03 04:36:58,okx,ETH,ETH-USD-260904-1650-C,2026-09-04,1650,call,0.3119161703455451,0.311,0.3135,0.9833603165867373,0.6880398085436088,-1.3760796165386529,0.000000000000016863729647926352,0.000012818353937729202,0,0,2397.37
2026-09-03 04:36:58,okx,ETH,ETH-USD-260918-2450-P,2026-09-18,2450,put,0.0487709827672966,0.048,0.049,0.46097984607551856,-0.6146833235964728,5.419705732678917,0.0008012984976925198,-0.0012194102929308432,4608,0,2397.37
2026-09-03 04:36:58,okx,ETH,ETH-USD-260903-2420-P,2026-09-03,2420,put,0.0092376348934046,0.0085,0.011,0.3329818003343915,-0.9228781094663497,25.903727364854603,0.00003095777225348051,-0.0005154187369653007,1455,1543,2397.37
2026-09-03 04:36:58,okx,ETH,ETH-USD-260904-1650-P,2026-09-04,1650,put,0.0000000000000336,,0.0001,0.9833603165867373,-0.000000000004362277571233788,0.0000000005572893196047542,0.000000000000016863729647926352,-0.0000000000007266571841970721,2019,0,2397.37
2026-09-03 04:36:58,okx,ETH,ETH-USD-260918-2500-C,2026-09-18,2500,call,0.021317198063795,0.021,0.0215,0.4632819923176114,0.3309996013150603,3.272552042466751,0.0007561428463956878,-0.0011566408326000293,2263,1621,2397.37
2026-09-03 04:36:58,okx,ETH,ETH-USD-260904-1600-C,2026-09-04,1600,call,0.3327657746473301,0.3315,0.334,0.9838004281839645,0.6671901173797733,-1.3343802347490243,0.00000000000000032361036301245374,0.00001367519126521483,0,0,2397.37
2026-09-03 04:36:58,okx,ETH,ETH-USD-260905-2325-C,2026-09-05,2325,call,0.0339082390723107,0.0335,0.0345,0.4503181199558633,0.7858781188044031,6.039531240105368,0.00020105373730396243,-0.0021129431395883083,0,0,2397.37
2026-09-03 04:36:58,okx,ETH,ETH-USD-260918-2400-P,2026-09-18,2400,put,0.0371412749594741,0.0365,0.0375,0.46125675396568505,-0.5157546926703623,5.271464227085338,0.0008112733159758827,-0.0012354306210241206,2242,1,2397.37
2026-09-03 04:36:58,okx,ETH,ETH-USD-260904-1600-P,2026-09-04,1600,put,0.0000000000000005,,0.0001,0.9838004281839645,-0.00000000000007758078491156121,0.000000000010677260216491814,0.00000000000000032361036301245374,-0.00000000000001395059737076003,2595,0,2397.37
2026-09-03 04:36:58,okx,ETH,ETH-USD-260905-2325-P,2026-09-05,2325,put,0.0034244443679715,0.0033,0.0034,0.4503181199558633,-0.18355414447346585,7.978395766661104,0.00020105373730396243,-0.0021141957321279877,5241,5441,2397.37
2026-09-03 04:36:58,okx,ETH,ETH-USD-260918-2450-C,2026-09-18,2450,call,0.0285694620030317,0.028,0.029,0.46097984607551856,0.4054001209485013,3.3795388435889686,0.0008012984976925198,-0.0012195735444668469,4366,5,2397.37
2026-09-03 04:36:58,okx,ETH,ETH-USD-260904-1550-C,2026-09-04,1550,call,0.3536153789491474,0.3525,0.355,0.9840360279619049,0.6463404262117296,-1.2926808524233317,0.000000000000000003921025932977276,0.000014532027893775403,0,0,2397.37
2026-09-03 04:36:58,okx,ETH,ETH-USD-260918-2350-P,2026-09-18,2350,put,0.0275618164291447,0.0275,0.028,0.4643194545800621,-0.41864139332157296,4.897232744899165,0.0007819892508830948,-0.0011988115196926844,1856,300,2397.37
2026-09-03 04:36:58,okx,ETH,ETH-USD-260904-1550-P,2026-09-04,1550,put,0.0000000000000001,,,0.9840360279619049,-0.0000000000000008736939532087094,0.0000000000001292079035356995,0.000000000000000003921025932977276,-0.00000000000000016907297181694789,1410,0,2397.37
2026-09-03 04:36:58,okx,ETH,ETH-USD-260918-2400-C,2026-09-18,2400,call,0.0377576970029792,0.037,0.038,0.46125675396568505,0.4835107223941021,3.2729333969564083,0.0008112733159758827,-0.0012354256742907433,6196,104,2397.37
2026-09-03 04:36:58,okx,ETH,ETH-USD-260904-1900-C,2026-09-04,1900,call,0.2076682329306736,0.2065,0.209,0.966548636562974,0.7922808752931235,-1.5839473410868898,0.0000000185649882431028,0.000007747885539564385,2412,0,2397.37
2026-09-03 04:36:58,okx,ETH,ETH-USD-260918-2700-P,2026-09-18,2700,put,0.1307387516397813,0.1285,0.1325,0.4944526342218121,-0.9978118219869289,4.1273919877172895,0.0004372480948022517,-0.0007128915900616083,10,0,2397.37
2026-09-03 04:36:58,okx,ETH,ETH-USD-260904-1900-P,2026-09-04,1900,put,0.0000000840942516,,0.0001,0.966548636562974,-0.000007389095449323437,0.0006291876902561474,0.0000000185649882431028,-0.000000786286050926774,14376,0,2397.37
2026-09-03 04:36:58,okx,ETH,ETH-USD-260918-2750-C,2026-09-18,2750,call,0.0048853282064226,0.0048,0.0049,0.5067378503249448,0.09867309281025197,1.5468582107593774,0.0003666434608430222,-0.0006134981576266357,1662,0,2397.37
2026-09-03 04:36:58,okx,ETH,ETH-USD-260904-1850-C,2026-09-04,1850,call,0.2285177619663466,0.228,0.23,0.9741021015911749,0.7714377343998814,-1.5427995096850413,0.000000002313116034619649,0.000009292274737102128,305,0,2397.37
2026-09-03 04:36:58,okx,ETH,ETH-USD-260918-2650-P,2026-09-18,2650,put,0.1120978764936123,0.1105,0.1125,0.48376370626100984,-0.9410002769171372,4.459662626066737,0.0005172761874737978,-0.000825455030288557,198,0,2397.37
2026-09-03 04:36:58,okx,ETH,ETH-USD-260904-1850-P,2026-09-04,1850,put,0.0000000088281066,,0.0001,0.9741021015911749,-0.0000008388205710152594,0.00007763675586339205,0.000000002313116034619649,-0.00000009873346816808062,7229,0,2397.37
2026-09-03 04:36:58,okx,ETH,ETH-USD-260918-2700-C,2026-09-18,2700,call,0.0064475168366659,0.006,0.0065,0.4944526342218121,0.12636176996059376,1.8790448038222445,0.0004372480948022517,-0.0007138958329445175,10271,1578,2397.37
2026-09-03 04:36:58,okx,ETH,ETH-USD-260904-1800-C,2026-09-04,1800,call,0.2493673581088746,0.2485,0.251,0.9785426910378632,0.750588813257412,-1.5011708426260386,0.00000000020752553457672136,0.000010238946376162436,280,0,2397.37
2026-09-03 04:36:58,okx,ETH,ETH-USD-260918-2600-P,2026-09-18,2600,put,0.0942971119572561,0.093,0.095,0.47487128828943653,-0.8744135485921508,4.808200931179918,0.0006026590492379401,-0.000944302725633653,1034,0,2397.37
2026-09-03 04:36:58,okx,ETH,ETH-USD-260904-1800-P,2026-09-04,1800,put,0.0000000006688166,,0.0001,0.9785426910378632,-0.00000006879492023378099,0.00000692147862575947,0.00000000020752553457672136,-0.000000008898443886817673,6720,100,2397.37
2026-09-03 04:36:58,okx,ETH,ETH-USD-260918-2650-C,2026-09-18,2650,call,0.0086245844982668,0.0085,0.009,0.48376370626100984,0.1623552855498756,2.252951501132711,0.0005172761874737978,-0.0008262910749020852,3165,149,2397.37
2026-09-03 04:36:58,okx,ETH,ETH-USD-260904-1750-C,2026-09-04,1750,call,0.2702169617777818,0.269,0.2715,0.9811037177149946,0.7297391868885286,-1.4594779454121654,0.000000000013138380496515401,0.000011104116602285108,16,0,2397.37
2026-09-03 04:36:58,okx,ETH,ETH-USD-260918-2550-P,2026-09-18,2550,put,0.0776094382100543,0.0765,0.078,0.4679773133510337,-0.7972310189685246,5.12755825578261,0.0006858726525418473,-0.0010593151707870049,1508,320,2397.37
2026-09-03 04:36:58,okx,ETH,ETH-USD-260904-1750-P,2026-09-04,1750,put,0.000000000035906,,0.0001,0.9811037177149946,-0.000000003995683167268804,0.0000004363562581710767,0.000000000013138380496515401,-0.0000000005648325431906288,5730,0,2397.37
2026-09-03 04:36:58,okx,ETH,ETH-USD-260918-2600-C,2026-09-18,2600,call,0.0116417627696807,0.0115,0.012,0.47487128828943653,0.20812398439435212,2.6431258652069127,0.0006026590492379401,-0.0009449705719778001,5935,1302,2397.37
2026-09-03 04:36:58,okx,ETH,ETH-USD-260904-2100-C,2026-09-04,2100,call,0.1243056064630454,0.123,0.1255,0.8526926433026938,0.8731525934497419,-1.5836072664760306,0.000004336981426832451,-0.00015693988430549066,2740,0,2397.37
2026-09-03 04:36:58,okx,ETH,ETH-USD-260918-2900-P,2026-09-18,2900,put,0.2099282515834613,0.207,0.2125,0.5512516161201926,-1.1576224474298542,3.2656791835213874,0.00021733776352486037,-0.00039394275229561826,0,0,2397.37
2026-09-03 04:36:58,okx,ETH,ETH-USD-260904-2100-P,2026-09-04,2100,put,0.0000358748338951,,0.0001,0.8526926433026938,-0.002534435611312362,0.16776679164607788,0.000004336981426832451,-0.00016204670943686562,15190,11049,2397.37
2026-09-03 04:36:58,okx,ETH,ETH-USD-260918-3000-C,2026-09-18,3000,call,0.0016066066719882,0.0015,0.0016,0.585540417224949,0.033822528763390244,0.5867718037565832,0.0001589551416907487,-0.0003073456216389383,835,10,2397.37
2026-09-03 04:36:58,okx,ETH,ETH-USD-260904-2050-C,2026-09-04,2050,call,0.1451312779084486,0.144,0.1465,0.9013441513048346,0.8539705192146964,-1.6500930499203355,0.0000016300163159211935,-0.00005841521204785005,1506,0,2397.37
2026-09-03 04:36:58,okx,ETH,ETH-USD-260918-2850-P,2026-09-18,2850,put,0.1896996632892048,0.187,0.1925,0.5353216100121957,-1.124835417597024,3.409047227759845,0.0002574556638876049,-0.0004535927607146991,0,0,2397.37
2026-09-03 04:36:58,okx,ETH,ETH-USD-260904-2050-P,2026-09-04,2050,put,0.0000119419774803,,0.0001,0.9013441513048346,-0.0008668186782374081,0.05958162586553218,0.0000016300163159211935,-0.00006437887379400408,9116,800,2397.37
2026-09-03 04:36:58,okx,ETH,ETH-USD-260918-2900-C,2026-09-18,2900,call,0.0023652455492653,0.0023,0.0024,0.5512516161201926,0.04982326243970668,0.8507877637822652,0.00021733776352486037,-0.00039561978825605184,1656,171,2397.37
2026-09-03 04:36:58,okx,ETH,ETH-USD-260904-2000-C,2026-09-04,2000,call,0.1659719896087053,0.165,0.167,0.9335314366442309,0.8337547488099621,-1.65097683739142,0.0000004824860176735806,-0.000012916223053172608,5994,0,2397.37
2026-09-03 04:36:58,okx,ETH,ETH-USD-260918-2800-P,2026-09-18,2800,put,0.169691019138516,0.167,0.1725,0.5204237320176847,-1.0881556715626075,3.5975650128577628,0.00030682582732921316,-0.0005259352032138204,0,0,2397.37
2026-09-03 04:36:58,okx,ETH,ETH-USD-260904-2000-P,2026-09-04,2000,put,0.000003049375919,,0.0001,0.9335314366442309,-0.00023289791485134169,0.01699845605820689,0.0000004824860176735806,-0.00001973672141410568,10188,800,2397.37
2026-09-03 04:36:58,okx,ETH,ETH-USD-260918-2850-C,2026-09-18,2850,call,0.0029546000627789,0.0029,0.003,0.5353216100121957,0.06179226279202729,1.0357918669817423,0.0002574556638876049,-0.0004551015984057515,2445,25,2397.37
2026-09-03 04:36:58,okx,ETH,ETH-USD-260904-1950-C,2026-09-04,1950,call,0.1868191317893138,0.186,0.1885,0.9539688187813804,0.8130900497422253,-1.622512620050511,0.00000010937420545530128,0.000003105285858594379,5084,0,2397.37
2026-09-03 04:36:58,okx,ETH,ETH-USD-260918-2750-P,2026-09-18,2750,put,0.1499945058173082,0.1475,0.152,0.5067378503249448,-1.0463185286177803,3.8368414536154423,0.0003666434608430222,-0.0006123257164743454,0,0,2397.37
2026-09-03 04:36:58,okx,ETH,ETH-USD-260904-1950-P,2026-09-04,1950,put,0.0000005872547097,,0.0001,0.9539688187813804,-0.00004790581446778935,0.0037632910628752577,0.00000010937420545530128,-0.0000045720491171177365,5362,0,2397.37
2026-09-03 04:36:58,okx,ETH,ETH-USD-260918-2800-C,2026-09-18,2800,call,0.0037638987198602,0.0037,0.0038,0.5204237320176847,0.07765397934593425,1.2659457110406795,0.00030682582732921316,-0.0005272758426354918,3363,692,2397.37
